controller,error_provider,route_shape,route_min_length_m,route_length_tolerance,noise_lateral_std,noise_heading_std_deg,time,x,y,speed,speed_error,e_y,e_psi,abs_e_y,abs_e_psi,steer,steer_delta,throttle,brake,target_speed,route_index,closest_route_index,route_error,road_option,target_x,target_y,target_yaw,lqr_q_ey,lqr_q_ey_dot,lqr_q_epsi,lqr_q_epsi_dot,lqr_r,lqr_kp_long,lqr_ki_long,lqr_kd_long,lqr_max_steer,lqr_max_steer_rate,lqr_derivative_alpha,lqr_curvature_alpha,lqr_feedforward_gain,mpc_horizon,mpc_q_y,mpc_q_psi,mpc_r_steer,mpc_r_steer_rate,mpc_kp_long,mpc_ki_long,mpc_kd_long,mpc_max_steer,mpc_max_steer_rate,pid_lat_kp,pid_lat_ki,pid_lat_kd,pid_long_kp,pid_long_ki,pid_long_kd,pid_max_throttle,pid_max_brake
lqr,ground_truth,gentle_curve,1700.0,0.05,0.1,1.0,1258.7831173241138,-0.7641560435295105,24.61313247680664,0.4899999797344208,18.954444464710022,-0.06876591239575507,7.022006975887507e-09,0.06876591239575507,7.022006975887507e-09,0.038340020924806595,0.038340020924806595,1.0,0.0,19.444444444444443,10,0,0.5893257856369019,RoadOption.STRAIGHT,9.235611915588379,24.70968246459961,0.0027785214782865796,2.0,0.5,4.0,1.0,6.0,0.6,0.01,0.06,0.55,0.12,0.2,0.35,1.2,12,10.0,14.0,0.9,1.2,0.6,0.01,0.06,0.65,0.3,0.72,0.005,0.38,0.22,0.01,0.14,1.0,0.28
lqr,ground_truth,gentle_curve,1700.0,0.05,0.1,1.0,1258.833117324859,-0.7641560435295105,24.61313247680664,0.9800000786781311,18.46444436576631,-0.06876644952300855,7.022006975887507e-09,0.06876644952300855,7.022006975887507e-09,0.03833799064159393,-2.030283212661743e-06,1.0,0.0,19.444444444444443,10,5,5.0302019119262695,RoadOption.STRAIGHT,9.235611915588379,24.70968246459961,0.0027785214782865796,2.0,0.5,4.0,1.0,6.0,0.6,0.01,0.06,0.55,0.12,0.2,0.35,1.2,12,10.0,14.0,0.9,1.2,0.6,0.01,0.06,0.65,0.3,0.72,0.005,0.38,0.22,0.01,0.14,1.0,0.28
lqr,ground_truth,gentle_curve,1700.0,0.05,0.1,1.0,1258.883117325604,-0.7641560435295105,24.61313247680664,1.470000147819519,17.974444296624924,-0.06876644952300855,7.022006975887507e-09,0.06876644952300855,7.022006975887507e-09,0.03833647072315216,-1.519918441772461e-06,1.0,0.0,19.444444444444443,10,5,5.023685455322266,RoadOption.STRAIGHT,9.235611915588379,24.70968246459961,0.0027785214782865796,2.0,0.5,4.0,1.0,6.0,0.6,0.01,0.06,0.55,0.12,0.2,0.35,1.2,12,10.0,14.0,0.9,1.2,0.6,0.01,0.06,0.65,0.3,0.72,0.005,0.38,0.22,0.01,0.14,1.0,0.28
lqr,ground_truth,gentle_curve,1700.0,0.05,0.1,1.0,1258.933117326349,-0.7641560435295105,24.61313247680664,1.9600002765655518,17.48444416787889,-0.06876644952300855,7.022006975887507e-09,0.06876644952300855,7.022006975887507e-09,0.03833548352122307,-9.872019290924072e-07,1.0,0.0,19.444444444444443,10,5,5.015984535217285,RoadOption.STRAIGHT,9.235611915588379,24.70968246459961,0.0027785214782865796,2.0,0.5,4.0,1.0,6.0,0.6,0.01,0.06,0.55,0.12,0.2,0.35,1.2,12,10.0,14.0,0.9,1.2,0.6,0.01,0.06,0.65,0.3,0.72,0.005,0.38,0.22,0.01,0.14,1.0,0.28
lqr,ground_truth,gentle_curve,1700.0,0.05,0.1,1.0,1258.983117327094,-0.7641560435295105,24.61313247680664,2.450000286102295,16.994444158342148,-0.06876644952300855,7.022006975887507e-09,0.06876644952300855,7.022006975887507e-09,0.03833484277129173,-6.407499313354492e-07,1.0,0.0,19.444444444444443,10,5,5.008387565612793,RoadOption.STRAIGHT,9.235611915588379,24.70968246459961,0.0027785214782865796,2.0,0.5,4.0,1.0,6.0,0.6,0.01,0.06,0.55,0.12,0.2,0.35,1.2,12,10.0,14.0,0.9,1.2,0.6,0.01,0.06,0.65,0.3,0.72,0.005,0.38,0.22,0.01,0.14,1.0,0.28
lqr,ground_truth,gentle_curve,1700.0,0.05,0.1,1.0,1259.0331173278391,-0.7641560435295105,24.61313247680664,2.93999981880188,16.504444625642563,-0.06876644952300855,7.022006975887507e-09,0.06876644952300855,7.022006975887507e-09,0.03833442181348801,-4.209578037261963e-07,1.0,0.0,19.444444444444443,10,5,5.002552032470703,RoadOption.STRAIGHT,9.235611915588379,24.70968246459961,0.0027785214782865796,2.0,0.5,4.0,1.0,6.0,0.6,0.01,0.06,0.55,0.12,0.2,0.35,1.2,12,10.0,14.0,0.9,1.2,0.6,0.01,0.06,0.65,0.3,0.72,0.005,0.38,0.22,0.01,0.14,1.0,0.28
lqr,ground_truth,gentle_curve,1700.0,0.05,0.1,1.0,1259.0831173285842,-0.7641555666923523,24.61313247680664,2.0671522617490368,17.377292182695406,-0.06876645084790914,7.022006975887507e-09,0.06876645084790914,7.022006975887507e-09,0.03833417966961861,-2.421438694000244e-07,1.0,0.0,19.444444444444443,10,5,5.000476837158203,RoadOption.STRAIGHT,9.235611915588379,24.70968246459961,0.0027785214782865796,2.0,0.5,4.0,1.0,6.0,0.6,0.01,0.06,0.55,0.12,0.2,0.35,1.2,12,10.0,14.0,0.9,1.2,0.6,0.01,0.06,0.65,0.3,0.72,0.005,0.38,0.22,0.01,0.14,1.0,0.28
lqr,ground_truth,gentle_curve,1700.0,0.05,0.1,1.0,1259.1331173293293,-0.764155387878418,24.61313247680664,0.7392761111274627,18.70516833331698,-0.06876645134474685,7.022006975887507e-09,0.06876645134474685,7.022006975887507e-09,0.03833400085568428,-1.7881393432617188e-07,1.0,0.0,19.444444444444443,10,5,5.000738143920898,RoadOption.STRAIGHT,9.235611915588379,24.70968246459961,0.0027785214782865796,2.0,0.5,4.0,1.0,6.0,0.6,0.01,0.06,0.55,0.12,0.2,0.35,1.2,12,10.0,14.0,0.9,1.2,0.6,0.01,0.06,0.65,0.3,0.72,0.005,0.38,0.22,0.01,0.14,1.0,0.28
lqr,ground_truth,gentle_curve,1700.0,0.05,0.1,1.0,1259.1831173300743,-0.764155387878418,24.61313247680664,0.11258033663051678,19.331864107813924,-0.06876645134474685,7.022006975887507e-09,0.06876645134474685,7.022006975887507e-09,0.03833387792110443,-1.2293457984924316e-07,1.0,0.0,19.444444444444443,10,5,5.000931739807129,RoadOption.STRAIGHT,9.235611915588379,24.70968246459961,0.0027785214782865796,2.0,0.5,4.0,1.0,6.0,0.6,0.01,0.06,0.55,0.12,0.2,0.35,1.2,12,10.0,14.0,0.9,1.2,0.6,0.01,0.06,0.65,0.3,0.72,0.005,0.38,0.22,0.01,0.14,1.0,0.28
lqr,ground_truth,gentle_curve,1700.0,0.05,0.1,1.0,1259.2331173308194,-0.7586203813552856,24.613216400146484,0.3638092467911291,19.080635197653315,-0.0686979074435733,8.300636192926092e-05,0.0686979074435733,8.300636192926092e-05,0.03812555596232414,-0.0002083219587802887,1.0,0.0,19.444444444444443,11,5,4.995353698730469,RoadOption.STRAIGHT,10.235608100891113,24.712461471557617,0.0027785214782865796,2.0,0.5,4.0,1.0,6.0,0.6,0.01,0.06,0.55,0.12,0.2,0.35,1.2,12,10.0,14.0,0.9,1.2,0.6,0.01,0.06,0.65,0.3,0.72,0.005,0.38,0.22,0.01,0.14,1.0,0.28
lqr,ground_truth,gentle_curve,1700.0,0.05,0.1,1.0,1259.2831173315644,-0.7128283381462097,24.614179611206055,1.2339176313768445,18.2105268130676,-0.06786051569951904,0.0009487459368542339,0.06786051569951904,0.0009487459368542339,0.03627650439739227,-0.0018490515649318695,1.0,0.0,19.444444444444443,11,6,5.94930362701416,RoadOption.STRAIGHT,10.235608100891113,24.712461471557617,0.0027785214782865796,2.0,0.5,4.0,1.0,6.0,0.6,0.01,0.06,0.55,0.12,0.2,0.35,1.2,12,10.0,14.0,0.9,1.2,0.6,0.01,0.06,0.65,0.3,0.72,0.005,0.38,0.22,0.01,0.14,1.0,0.28
lqr,ground_truth,gentle_curve,1700.0,0.05,0.1,1.0,1259.3331173323095,-0.630548894405365,24.615922927856445,1.9226988010061743,17.52174564343827,-0.06634582068598169,0.0024309867582608113,0.06634582068598169,0.0024309867582608113,0.030956432223320007,-0.005320072174072266,1.0,0.0,19.444444444444443,11,6,5.866914749145508,RoadOption.STRAIGHT,10.235608100891113,24.712461471557617,0.0027785214782865796,2.0,0.5,4.0,1.0,6.0,0.6,0.01,0.06,0.55,0.12,0.2,0.35,1.2,12,10.0,14.0,0.9,1.2,0.6,0.01,0.06,0.65,0.3,0.72,0.005,0.38,0.22,0.01,0.14,1.0,0.28
lqr,ground_truth,gentle_curve,1700.0,0.05,0.1,1.0,1259.3831173330545,-0.5178881883621216,24.618446350097656,2.4719760055698234,16.97246843887462,-0.06413543797412873,0.003771135712018925,0.06413543797412873,0.003771135712018925,0.025974327698349953,-0.004982104524970055,1.0,0.0,19.444444444444443,11,6,5.7541632652282715,RoadOption.STRAIGHT,10.235608100891113,24.712461471557617,0.0027785214782865796,2.0,0.5,4.0,1.0,6.0,0.6,0.01,0.06,0.55,0.12,0.2,0.35,1.2,12,10.0,14.0,0.9,1.2,0.6,0.01,0.06,0.65,0.3,0.72,0.005,0.38,0.22,0.01,0.14,1.0,0.28
lqr,ground_truth,gentle_curve,1700.0,0.05,0.1,1.0,1259.4331173337996,-0.3801133632659912,24.62136459350586,2.9451343848723615,16.499310059572082,-0.061600015648739,0.005231696997750834,0.061600015648739,0.005231696997750834,0.021842515096068382,-0.0041318126022815704,1.0,0.0,19.444444444444443,11,6,5.61631965637207,RoadOption.STRAIGHT,10.235608100891113,24.712461471557617,0.0027785214782865796,2.0,0.5,4.0,1.0,6.0,0.6,0.01,0.06,0.55,0.12,0.2,0.35,1.2,12,10.0,14.0,0.9,1.2,0.6,0.01,0.06,0.65,0.3,0.72,0.005,0.38,0.22,0.01,0.14,1.0,0.28
lqr,ground_truth,gentle_curve,1700.0,0.05,0.1,1.0,1259.4831173345447,-0.21995466947555542,24.624635696411133,3.3742703302263495,16.070174114218094,-0.058773929168257195,0.006623917512752264,0.058773929168257195,0.006623917512752264,0.015015416778624058,-0.0068270983174443245,1.0,0.0,19.444444444444443,11,6,5.456108093261719,RoadOption.STRAIGHT,10.235608100891113,24.712461471557617,0.0027785214782865796,2.0,0.5,4.0,1.0,6.0,0.6,0.01,0.06,0.55,0.12,0.2,0.35,1.2,12,10.0,14.0,0.9,1.2,0.6,0.01,0.06,0.65,0.3,0.72,0.005,0.38,0.22,0.01,0.14,1.0,0.28
lqr,ground_truth,gentle_curve,1700.0,0.05,0.1,1.0,1259.5331173352897,-0.03946796432137489,24.628021240234375,3.766818723172367,15.677625721272076,-0.055889883955068755,0.007813670165583098,0.055889883955068755,0.007813670165583098,0.011275053024291992,-0.0037403637543320656,1.0,0.0,19.444444444444443,11,6,5.27557897567749,RoadOption.STRAIGHT,10.235608100891113,24.712461471557617,0.0027785214782865796,2.0,0.5,4.0,1.0,6.0,0.6,0.01,0.06,0.55,0.12,0.2,0.35,1.2,12,10.0,14.0,0.9,1.2,0.6,0.01,0.06,0.65,0.3,0.72,0.005,0.38,0.22,0.01,0.14,1.0,0.28
lqr,ground_truth,gentle_curve,1700.0,0.05,0.1,1.0,1259.5831173360348,0.15998877584934235,24.631513595581055,4.1380741029857635,15.30637034145868,-0.052951736212661984,0.008783597595778847,0.052951736212661984,0.008783597595778847,0.0056527103297412395,-0.005622342694550753,1.0,0.0,19.444444444444443,11,6,5.076087474822998,RoadOption.STRAIGHT,10.235608100891113,24.712461471557617,0.0027785214782865796,2.0,0.5,4.0,1.0,6.0,0.6,0.01,0.06,0.55,0.12,0.2,0.35,1.2,12,10.0,14.0,0.9,1.2,0.6,0.01,0.06,0.65,0.3,0.72,0.005,0.38,0.22,0.01,0.14,1.0,0.28
lqr,ground_truth,gentle_curve,1700.0,0.05,0.1,1.0,1259.6331173367798,0.3776184022426605,24.634984970092773,4.496617383967126,14.947827060477316,-0.0500850629139501,0.009434170399382324,0.0500850629139501,0.009434170399382324,0.0031844344921410084,-0.002468275837600231,1.0,0.0,19.444444444444443,12,6,4.858428001403809,RoadOption.STRAIGHT,11.235604286193848,24.715240478515625,0.0027785214782865796,2.0,0.5,4.0,1.0,6.0,0.6,0.01,0.06,0.55,0.12,0.2,0.35,1.2,12,10.0,14.0,0.9,1.2,0.6,0.01,0.06,0.65,0.3,0.72,0.005,0.38,0.22,0.01,0.14,1.0,0.28
lqr,ground_truth,gentle_curve,1700.0,0.05,0.1,1.0,1259.683117337525,0.6129390001296997,24.638456344604492,4.847406076187859,14.597038368256584,-0.047268033223085315,0.00983174498002315,0.047268033223085315,0.00983174498002315,-0.0007386777433566749,-0.003923112235497683,1.0,0.0,19.444444444444443,12,7,5.623037338256836,RoadOption.STRAIGHT,11.235604286193848,24.715240478515625,0.0027785214782865796,2.0,0.5,4.0,1.0,6.0,0.6,0.01,0.06,0.55,0.12,0.2,0.35,1.2,12,10.0,14.0,0.9,1.2,0.6,0.01,0.06,0.65,0.3,0.72,0.005,0.38,0.22,0.01,0.14,1.0,0.28
lqr,ground_truth,gentle_curve,1700.0,0.05,0.1,1.0,1259.73311733827,0.8656601309776306,24.641841888427734,5.192945834414629,14.251498610029813,-0.04458469265491237,0.00993197970555082,0.04458469265491237,0.00993197970555082,-0.0017796705942600965,-0.0010409928509034216,1.0,0.0,19.444444444444443,12,7,5.370293617248535,RoadOption.STRAIGHT,11.235604286193848,24.715240478515625,0.0027785214782865796,2.0,0.5,4.0,1.0,6.0,0.6,0.01,0.06,0.55,0.12,0.2,0.35,1.2,12,10.0,14.0,0.9,1.2,0.6,0.01,0.06,0.65,0.3,0.72,0.005,0.38,0.22,0.01,0.14,1.0,0.28
lqr,ground_truth,gentle_curve,1700.0,0.05,0.1,1.0,1259.783117339015,1.1352919340133667,24.645179748535156,5.506649536669672,13.937794907774771,-0.041996022223924886,0.009826573662140792,0.041996022223924886,0.009826573662140792,-0.004008933436125517,-0.0022292628418654203,1.0,0.0,19.444444444444443,12,7,5.100640773773193,RoadOption.STRAIGHT,11.235604286193848,24.715240478515625,0.0027785214782865796,2.0,0.5,4.0,1.0,6.0,0.6,0.01,0.06,0.55,0.12,0.2,0.35,1.2,12,10.0,14.0,0.9,1.2,0.6,0.01,0.06,0.65,0.3,0.72,0.005,0.38,0.22,0.01,0.14,1.0,0.28
lqr,ground_truth,gentle_curve,1700.0,0.05,0.1,1.0,1259.83311733976,1.4132195711135864,24.64838981628418,5.619297227559712,13.82514721688473,-0.03955819378151597,0.00955430705257232,0.03955819378151597,0.00955430705257232,-0.004038583487272263,-2.9650051146745682e-05,1.0,0.0,19.444444444444443,13,7,4.822695255279541,RoadOption.STRAIGHT,12.235600471496582,24.718019485473633,0.0027785214782865796,2.0,0.5,4.0,1.0,6.0,0.6,0.01,0.06,0.55,0.12,0.2,0.35,1.2,12,10.0,14.0,0.9,1.2,0.6,0.01,0.06,0.65,0.3,0.72,0.005,0.38,0.22,0.01,0.14,1.0,0.28
lqr,ground_truth,gentle_curve,1700.0,0.05,0.1,1.0,1259.8831173405051,1.6981381177902222,24.6514835357666,5.768336922483787,13.676107521960656,-0.03725662645083884,0.009179451524683913,0.03725662645083884,0.009179451524683913,-0.0038696147967129946,0.000168968690559268,1.0,0.0,19.444444444444443,13,8,5.537732124328613,RoadOption.STRAIGHT,12.235600471496582,24.718019485473633,0.0027785214782865796,2.0,0.5,4.0,1.0,6.0,0.6,0.01,0.06,0.55,0.12,0.2,0.35,1.2,12,10.0,14.0,0.9,1.2,0.6,0.01,0.06,0.65,0.3,0.72,0.005,0.38,0.22,0.01,0.14,1.0,0.28
lqr,ground_truth,gentle_curve,1700.0,0.05,0.1,1.0,1259.9331173412502,1.9943139553070068,24.654542922973633,6.034567925974375,13.409876518470067,-0.03502018092034002,0.00877253715487658,0.03502018092034002,0.00877253715487658,-0.004739024210721254,-0.0008694094140082598,1.0,0.0,19.444444444444443,13,8,5.241540908813477,RoadOption.STRAIGHT,12.235600471496582,24.718019485473633,0.0027785214782865796,2.0,0.5,4.0,1.0,6.0,0.6,0.01,0.06,0.55,0.12,0.2,0.35,1.2,12,10.0,14.0,0.9,1.2,0.6,0.01,0.06,0.65,0.3,0.72,0.005,0.38,0.22,0.01,0.14,1.0,0.28
lqr,ground_truth,gentle_curve,1700.0,0.05,0.1,1.0,1259.9831173419952,2.3039636611938477,24.657543182373047,6.302888889865522,13.141555554578922,-0.03288030035371103,0.008330370230436923,0.03288030035371103,0.008330370230436923,-0.004450201988220215,0.0002888222225010395,1.0,0.0,19.444444444444443,14,8,4.9318766593933105,RoadOption.STRAIGHT,13.235596656799316,24.720796585083008,0.0027785214782865796,2.0,0.5,4.0,1.0,6.0,0.6,0.01,0.06,0.55,0.12,0.2,0.35,1.2,12,10.0,14.0,0.9,1.2,0.6,0.01,0.06,0.65,0.3,0.72,0.005,0.38,0.22,0.01,0.14,1.0,0.28
lqr,ground_truth,gentle_curve,1700.0,0.05,0.1,1.0,1260.0331173427403,2.6297197341918945,24.660573959350586,6.665313203204238,12.779131241240204,-0.030755144407858995,0.007663406502561809,0.030755144407858995,0.007663406502561809,-0.0038686085026711226,0.0005815934855490923,1.0,0.0,19.444444444444443,14,9,5.606087684631348,RoadOption.STRAIGHT,13.235596656799316,24.720796585083008,0.0027785214782865796,2.0,0.5,4.0,1.0,6.0,0.6,0.01,0.06,0.55,0.12,0.2,0.35,1.2,12,10.0,14.0,0.9,1.2,0.6,0.01,0.06,0.65,0.3,0.72,0.005,0.38,0.22,0.01,0.14,1.0,0.28
lqr,ground_truth,gentle_curve,1700.0,0.05,0.1,1.0,1260.0831173434854,2.9733614921569824,24.66354751586914,7.019262420409582,12.42518202403486,-0.02873641414427889,0.00728340774481806,0.02873641414427889,0.00728340774481806,-0.0038982811383903027,-2.9672635719180107e-05,1.0,0.0,19.444444444444443,14,9,5.262433052062988,RoadOption.STRAIGHT,13.235596656799316,24.720796585083008,0.0027785214782865796,2.0,0.5,4.0,1.0,6.0,0.6,0.01,0.06,0.55,0.12,0.2,0.35,1.2,12,10.0,14.0,0.9,1.2,0.6,0.01,0.06,0.65,0.3,0.72,0.005,0.38,0.22,0.01,0.14,1.0,0.28
lqr,ground_truth,gentle_curve,1700.0,0.05,0.1,1.0,1260.1331173442304,3.334981679916382,24.666540145874023,7.3881161991646085,12.056328245279834,-0.02674856385705044,0.006910938658938104,0.02674856385705044,0.006910938658938104,-0.005396844819188118,-0.0014985636807978153,1.0,0.0,19.444444444444443,15,9,4.9008002281188965,RoadOption.STRAIGHT,14.23559284210205,24.723575592041016,0.0027785214782865796,2.0,0.5,4.0,1.0,6.0,0.6,0.01,0.06,0.55,0.12,0.2,0.35,1.2,12,10.0,14.0,0.9,1.2,0.6,0.01,0.06,0.65,0.3,0.72,0.005,0.38,0.22,0.01,0.14,1.0,0.28
lqr,ground_truth,gentle_curve,1700.0,0.05,0.1,1.0,1260.1831173449755,3.7147305011749268,24.669477462768555,7.734940926137971,11.709503518306473,-0.02486497878495449,0.006246824305370158,0.02486497878495449,0.006246824305370158,-0.004182463977485895,0.0012143808417022228,1.0,0.0,19.444444444444443,15,10,5.5210280418396,RoadOption.STRAIGHT,14.23559284210205,24.723575592041016,0.0027785214782865796,2.0,0.5,4.0,1.0,6.0,0.6,0.01,0.06,0.55,0.12,0.2,0.35,1.2,12,10.0,14.0,0.9,1.2,0.6,0.01,0.06,0.65,0.3,0.72,0.005,0.38,0.22,0.01,0.14,1.0,0.28
lqr,ground_truth,gentle_curve,1700.0,0.05,0.1,1.0,1260.2331173457205,4.113400936126709,24.672359466552734,8.132172531011841,11.312271913432602,-0.02309069906654319,0.0054837875613187315,0.02309069906654319,0.0054837875613187315,-0.0032325787469744682,0.0009498852305114269,1.0,0.0,19.444444444444443,15,10,5.122346878051758,RoadOption.STRAIGHT,14.23559284210205,24.723575592041016,0.0027785214782865796,2.0,0.5,4.0,1.0,6.0,0.6,0.01,0.06,0.55,0.12,0.2,0.35,1.2,12,10.0,14.0,0.9,1.2,0.6,0.01,0.06,0.65,0.3,0.72,0.005,0.38,0.22,0.01,0.14,1.0,0.28
lqr,ground_truth,gentle_curve,1700.0,0.05,0.1,1.0,1260.2831173464656,4.530673980712891,24.67519760131836,8.488061863511883,10.95638258093256,-0.021411975881263215,0.00494717984716786,0.021411975881263215,0.00494717984716786,-0.002710865344852209,0.0005217134021222591,1.0,0.0,19.444444444444443,16,10,4.705064296722412,RoadOption.STRAIGHT,15.235589027404785,24.726354598999023,0.0027785214782865796,2.0,0.5,4.0,1.0,6.0,0.6,0.01,0.06,0.55,0.12,0.2,0.35,1.2,12,10.0,14.0,0.9,1.2,0.6,0.01,0.06,0.65,0.3,0.72,0.005,0.38,0.22,0.01,0.14,1.0,0.28
lqr,ground_truth,gentle_curve,1700.0,0.05,0.1,1.0,1260.3331173472106,4.967055797576904,24.678043365478516,8.887290762930789,10.557153681513654,-0.019779206323611007,0.004468946335457691,0.019779206323611007,0.004468946335457691,-0.0028541029896587133,-0.00014323764480650425,1.0,0.0,19.444444444444443,16,11,5.268664836883545,RoadOption.STRAIGHT,15.235589027404785,24.726354598999023,0.0027785214782865796,2.0,0.5,4.0,1.0,6.0,0.6,0.01,0.06,0.55,0.12,0.2,0.35,1.2,12,10.0,14.0,0.9,1.2,0.6,0.01,0.06,0.65,0.3,0.72,0.005,0.38,0.22,0.01,0.14,1.0,0.28
lqr,ground_truth,gentle_curve,1700.0,0.05,0.1,1.0,1260.3831173479557,5.422548770904541,24.68085479736328,9.262437270006464,10.18200717443798,-0.018233380672381054,0.003983723586331589,0.018233380672381054,0.003983723586331589,-0.002288232557475567,0.0005658704321831465,1.0,0.0,19.444444444444443,17,11,4.8131632804870605,RoadOption.STRAIGHT,16.235586166381836,24.72913360595703,0.0027785214782865796,2.0,0.5,4.0,1.0,6.0,0.6,0.01,0.06,0.55,0.12,0.2,0.35,1.2,12,10.0,14.0,0.9,1.2,0.6,0.01,0.06,0.65,0.3,0.72,0.005,0.38,0.22,0.01,0.14,1.0,0.28
lqr,ground_truth,gentle_curve,1700.0,0.05,0.1,1.0,1260.4331173487008,5.898294925689697,24.68362808227539,9.67768318294562,9.766761261498823,-0.016782464600659863,0.0035361528375625895,0.016782464600659863,0.0035361528375625895,-0.002189505845308304,9.872671216726303e-05,1.0,0.0,19.444444444444443,17,12,5.337403297424316,RoadOption.STRAIGHT,16.235586166381836,24.72913360595703,0.0027785214782865796,2.0,0.5,4.0,1.0,6.0,0.6,0.01,0.06,0.55,0.12,0.2,0.35,1.2,12,10.0,14.0,0.9,1.2,0.6,0.01,0.06,0.65,0.3,0.72,0.005,0.38,0.22,0.01,0.14,1.0,0.28
lqr,ground_truth,gentle_curve,1700.0,0.05,0.1,1.0,1260.4831173494458,6.393594741821289,24.686357498168945,10.057119852213509,9.387324592230934,-0.015429258649451454,0.003117315620390748,0.015429258649451454,0.003117315620390748,-0.0016750608338043094,0.0005144450115039945,1.0,0.0,19.444444444444443,18,12,4.842095851898193,RoadOption.STRAIGHT,17.23558235168457,24.731910705566406,0.0027785214782865796,2.0,0.5,4.0,1.0,6.0,0.6,0.01,0.06,0.55,0.12,0.2,0.35,1.2,12,10.0,14.0,0.9,1.2,0.6,0.01,0.06,0.65,0.3,0.72,0.005,0.38,0.22,0.01,0.14,1.0,0.28
lqr,ground_truth,gentle_curve,1700.0,0.05,0.1,1.0,1260.5331173501909,6.907585144042969,24.689054489135742,10.42579378682437,9.018650657620073,-0.01416089855473715,0.0027440657913864186,0.01416089855473715,0.0027440657913864186,-0.0015399610856547952,0.0001350997481495142,1.0,0.0,19.444444444444443,18,13,5.328094005584717,RoadOption.STRAIGHT,17.23558235168457,24.731910705566406,0.0027785214782865796,2.0,0.5,4.0,1.0,6.0,0.6,0.01,0.06,0.55,0.12,0.2,0.35,1.2,12,10.0,14.0,0.9,1.2,0.6,0.01,0.06,0.65,0.3,0.72,0.005,0.38,0.22,0.01,0.14,1.0,0.28
lqr,ground_truth,gentle_curve,1700.0,0.05,0.1,1.0,1260.583117350936,7.439502239227295,24.691713333129883,10.779333514972478,8.665110929471965,-0.01298000599594254,0.002410827877165733,0.01298000599594254,0.002410827877165733,-0.0011778479674831033,0.0003621131181716919,1.0,0.0,19.444444444444443,19,13,4.796170711517334,RoadOption.STRAIGHT,18.235578536987305,24.734689712524414,0.0027785214782865796,2.0,0.5,4.0,1.0,6.0,0.6,0.01,0.06,0.55,0.12,0.2,0.35,1.2,12,10.0,14.0,0.9,1.2,0.6,0.01,0.06,0.65,0.3,0.72,0.005,0.38,0.22,0.01,0.14,1.0,0.28
lqr,ground_truth,gentle_curve,1700.0,0.05,0.1,1.0,1260.633117351681,7.98884916305542,24.694337844848633,11.124784327673183,8.31966011677126,-0.01188045625650596,0.0021217542244054144,0.01188045625650596,0.0021217542244054144,-0.001083444687537849,9.440327994525433e-05,1.0,0.0,19.444444444444443,19,14,5.246814250946045,RoadOption.STRAIGHT,18.235578536987305,24.734689712524414,0.0027785214782865796,2.0,0.5,4.0,1.0,6.0,0.6,0.01,0.06,0.55,0.12,0.2,0.35,1.2,12,10.0,14.0,0.9,1.2,0.6,0.01,0.06,0.65,0.3,0.72,0.005,0.38,0.22,0.01,0.14,1.0,0.28
lqr,ground_truth,gentle_curve,1700.0,0.05,0.1,1.0,1260.683117352426,8.55526065826416,24.696929931640625,11.463737297791381,7.980707146653062,-0.010862163950198133,0.0018676907370065443,0.010862163950198133,0.0018676907370065443,-0.0008524169679731131,0.0002310277195647359,1.0,0.0,19.444444444444443,20,14,4.680397033691406,RoadOption.STRAIGHT,19.23557472229004,24.737468719482422,0.0027785214782865796,2.0,0.5,4.0,1.0,6.0,0.6,0.01,0.06,0.55,0.12,0.2,0.35,1.2,12,10.0,14.0,0.9,1.2,0.6,0.01,0.06,0.65,0.3,0.72,0.005,0.38,0.22,0.01,0.14,1.0,0.28
lqr,ground_truth,gentle_curve,1700.0,0.05,0.1,1.0,1260.733117353171,9.138482093811035,24.699493408203125,11.798239365972117,7.646205078472326,-0.009919677409952527,0.0016467305500165175,0.009919677409952527,0.0016467305500165175,-0.0008066571899689734,4.575977800413966e-05,1.0,0.0,19.444444444444443,20,15,5.09716796875,RoadOption.STRAIGHT,19.23557472229004,24.737468719482422,0.0027785214782865796,2.0,0.5,4.0,1.0,6.0,0.6,0.01,0.06,0.55,0.12,0.2,0.35,1.2,12,10.0,14.0,0.9,1.2,0.6,0.01,0.06,0.65,0.3,0.72,0.005,0.38,0.22,0.01,0.14,1.0,0.28
lqr,ground_truth,gentle_curve,1700.0,0.05,0.1,1.0,1260.7831173539162,9.738325119018555,24.702030181884766,12.129437931162773,7.31500651328167,-0.00904958810511484,0.0014501167008318383,0.00904958810511484,0.0014501167008318383,-0.0006501063471660018,0.0001565508428029716,1.0,0.0,19.444444444444443,21,15,4.497319221496582,RoadOption.STRAIGHT,20.235570907592773,24.74024772644043,0.0027785214782865796,2.0,0.5,4.0,1.0,6.0,0.6,0.01,0.06,0.55,0.12,0.2,0.35,1.2,12,10.0,14.0,0.9,1.2,0.6,0.01,0.06,0.65,0.3,0.72,0.005,0.38,0.22,0.01,0.14,1.0,0.28
lqr,ground_truth,gentle_curve,1700.0,0.05,0.1,1.0,1260.8331173546612,10.354653358459473,24.704540252685547,12.458163061980567,6.986281382463876,-0.00825249496777346,0.001275988357655855,0.00825249496777346,0.001275988357655855,-0.000604772474616766,4.533387254923582e-05,1.0,0.0,19.444444444444443,22,16,4.880984306335449,RoadOption.STRAIGHT,21.235567092895508,24.743024826049805,0.0027785214782865796,2.0,0.5,4.0,1.0,6.0,0.6,0.01,0.06,0.55,0.12,0.2,0.35,1.2,12,10.0,14.0,0.9,1.2,0.6,0.01,0.06,0.65,0.3,0.72,0.005,0.38,0.22,0.01,0.14,1.0,0.28
lqr,ground_truth,gentle_curve,1700.0,0.05,0.1,1.0,1260.8831173554063,10.987360954284668,24.70703125,12.784971975559243,6.6594724688852,-0.007519982928289861,0.0011199978579936598,0.007519982928289861,0.0011199978579936598,-0.0004796989378519356,0.00012507353676483035,1.0,0.0,19.444444444444443,22,17,5.248271942138672,RoadOption.STRAIGHT,21.235567092895508,24.743024826049805,0.0027785214782865796,2.0,0.5,4.0,1.0,6.0,0.6,0.01,0.06,0.55,0.12,0.2,0.35,1.2,12,10.0,14.0,0.9,1.2,0.6,0.01,0.06,0.65,0.3,0.72,0.005,0.38,0.22,0.01,0.14,1.0,0.28
lqr,ground_truth,gentle_curve,1700.0,0.05,0.1,1.0,1260.9331173561513,11.636361122131348,24.70950698852539,13.11025135276201,6.334193091682433,-0.006847512544992813,0.000982320231866396,0.006847512544992813,0.000982320231866396,-0.0004390951944515109,4.060374340042472e-05,1.0,0.0,19.444444444444443,23,17,4.59926700592041,RoadOption.STRAIGHT,22.235563278198242,24.745803833007812,0.0027785214782865796,2.0,0.5,4.0,1.0,6.0,0.6,0.01,0.06,0.55,0.12,0.2,0.35,1.2,12,10.0,14.0,0.9,1.2,0.6,0.01,0.06,0.65,0.3,0.72,0.005,0.38,0.22,0.01,0.14,1.0,0.28
lqr,ground_truth,gentle_curve,1700.0,0.05,0.1,1.0,1260.9831173568964,12.30158805847168,24.711965560913086,13.43426225823905,6.010182186205393,-0.006235876185455513,0.0008602468051770451,0.006235876185455513,0.0008602468051770451,-0.00033264682861045003,0.00010644836584106088,1.0,0.0,19.444444444444443,24,18,4.934034824371338,RoadOption.STRAIGHT,23.235559463500977,24.74858283996582,0.0027785214782865796,2.0,0.5,4.0,1.0,6.0,0.6,0.01,0.06,0.55,0.12,0.2,0.35,1.2,12,10.0,14.0,0.9,1.2,0.6,0.01,0.06,0.65,0.3,0.72,0.005,0.38,0.22,0.01,0.14,1.0,0.28
lqr,ground_truth,gentle_curve,1700.0,0.05,0.1,1.0,1261.0331173576415,12.98298454284668,24.714418411254883,13.75718693960458,5.687257504839863,-0.0056767965696998685,0.0007545037054410564,0.0056767965696998685,0.0007545037054410564,-0.00030475412495434284,2.7892703656107187e-05,1.0,0.0,19.444444444444443,24,19,5.252633094787598,RoadOption.STRAIGHT,23.235559463500977,24.74858283996582,0.0027785214782865796,2.0,0.5,4.0,1.0,6.0,0.6,0.01,0.06,0.55,0.12,0.2,0.35,1.2,12,10.0,14.0,0.9,1.2,0.6,0.01,0.06,0.65,0.3,0.72,0.005,0.38,0.22,0.01,0.14,1.0,0.28
lqr,ground_truth,gentle_curve,1700.0,0.05,0.1,1.0,1261.0831173583865,13.680499076843262,24.716867446899414,14.079151192858964,5.365293251585479,-0.005165826999095301,0.0006624805666572975,0.005165826999095301,0.0006624805666572975,-0.00024191047123167664,6.28436537226662e-05,1.0,0.0,19.444444444444443,25,19,4.55511474609375,RoadOption.STRAIGHT,24.23555564880371,24.751361846923828,0.0027785214782865796,2.0,0.5,4.0,1.0,6.0,0.6,0.01,0.06,0.55,0.12,0.2,0.35,1.2,12,10.0,14.0,0.9,1.2,0.6,0.01,0.06,0.65,0.3,0.72,0.005,0.38,0.22,0.01,0.14,1.0,0.28
lqr,ground_truth,gentle_curve,1700.0,0.05,0.1,1.0,1261.1331173591316,14.394084930419922,24.719316482543945,14.400241472782163,5.04420297166228,-0.004700000804498868,0.0005826486719415769,0.004700000804498868,0.0005826486719415769,-0.0002304482040926814,1.146226713899523e-05,1.0,0.0,19.444444444444443,26,20,4.841524124145508,RoadOption.STRAIGHT,25.235551834106445,24.754138946533203,0.0027785214782865796,2.0,0.5,4.0,1.0,6.0,0.6,0.01,0.06,0.55,0.12,0.2,0.35,1.2,12,10.0,14.0,0.9,1.2,0.6,0.01,0.06,0.65,0.3,0.72,0.005,0.38,0.22,0.01,0.14,1.0,0.28
lqr,ground_truth,gentle_curve,1700.0,0.05,0.1,1.0,1261.1831173598766,15.123701095581055,24.721769332885742,14.720522019623667,4.723922424820776,-0.004274900435092774,0.0005119669722093434,0.004274900435092774,0.0005119669722093434,-0.00018761874525807798,4.282945883460343e-05,1.0,0.0,19.444444444444443,26,21,5.111903190612793,RoadOption.STRAIGHT,25.235551834106445,24.754138946533203,0.0027785214782865796,2.0,0.5,4.0,1.0,6.0,0.6,0.01,0.06,0.55,0.12,0.2,0.35,1.2,12,10.0,14.0,0.9,1.2,0.6,0.01,0.06,0.65,0.3,0.72,0.005,0.38,0.22,0.01,0.14,1.0,0.28
lqr,ground_truth,gentle_curve,1700.0,0.05,0.1,1.0,1261.2331173606217,15.869308471679688,24.724227905273438,15.04003241830528,4.404412026139163,-0.0038880209809318313,0.0004493272907613033,0.0038880209809318313,0.0004493272907613033,-0.0001771303650457412,1.0488380212336779e-05,1.0,0.0,19.444444444444443,27,21,4.3662919998168945,RoadOption.STRAIGHT,26.23554801940918,24.75691795349121,0.0027785214782865796,2.0,0.5,4.0,1.0,6.0,0.6,0.01,0.06,0.55,0.12,0.2,0.35,1.2,12,10.0,14.0,0.9,1.2,0.6,0.01,0.06,0.65,0.3,0.72,0.005,0.38,0.22,0.01,0.14,1.0,0.28
lqr,ground_truth,gentle_curve,1700.0,0.05,0.1,1.0,1261.2831173613667,16.630870819091797,24.726694107055664,15.358807555530912,4.08563688891353,-0.0035364249206858746,0.00039310078209853216,0.0035364249206858746,0.00039310078209853216,-0.00012495786359068006,5.217250145506114e-05,1.0,0.0,19.444444444444443,28,22,4.604725360870361,RoadOption.STRAIGHT,27.235544204711914,24.75969696044922,-6.280406564898198,2.0,0.5,4.0,1.0,6.0,0.6,0.01,0.06,0.55,0.12,0.2,0.35,1.2,12,10.0,14.0,0.9,1.2,0.6,0.01,0.06,0.65,0.3,0.72,0.005,0.38,0.22,0.01,0.14,1.0,0.28
lqr,ground_truth,gentle_curve,1700.0,0.05,0.1,1.0,1261.3331173621118,17.408349990844727,24.729171752929688,15.676862252280808,3.767582192163635,-0.003219517335481153,0.00034440264492729966,0.003219517335481153,0.00034440264492729966,-0.00011357979383319616,1.13780697574839e-05,1.0,0.0,19.444444444444443,29,23,4.827242374420166,RoadOption.STRAIGHT,28.235538482666016,24.762474060058594,-6.280406564898198,2.0,0.5,4.0,1.0,6.0,0.6,0.01,0.06,0.55,0.12,0.2,0.35,1.2,12,10.0,14.0,0.9,1.2,0.6,0.01,0.06,0.65,0.3,0.72,0.005,0.38,0.22,0.01,0.14,1.0,0.28
lqr,ground_truth,gentle_curve,1700.0,0.05,0.1,1.0,1261.3831173628569,18.201711654663086,24.731666564941406,15.99421602343931,3.450228421005132,-0.0029295734673947214,0.0003025683893467246,0.0029295734673947214,0.0003025683893467246,-8.735679875826463e-05,2.6222995074931532e-05,1.0,0.0,19.444444444444443,29,24,5.033876419067383,RoadOption.STRAIGHT,28.235538482666016,24.762474060058594,-6.280406564898198,2.0,0.5,4.0,1.0,6.0,0.6,0.01,0.06,0.55,0.12,0.2,0.35,1.2,12,10.0,14.0,0.9,1.2,0.6,0.01,0.06,0.65,0.3,0.72,0.005,0.38,0.22,0.01,0.14,1.0,0.28
lqr,ground_truth,gentle_curve,1700.0,0.05,0.1,1.0,1261.433117363602,19.01091957092285,24.734176635742188,16.31087959445747,3.1335648499869713,-0.00266791103842544,0.0002667816420500735,0.00266791103842544,0.0002667816420500735,-8.890156459528953e-05,-1.5447658370248973e-06,1.0,0.0,19.444444444444443,30,24,4.224664688110352,RoadOption.STRAIGHT,29.23553466796875,24.7652530670166,-6.280406564898198,2.0,0.5,4.0,1.0,6.0,0.6,0.01,0.06,0.55,0.12,0.2,0.35,1.2,12,10.0,14.0,0.9,1.2,0.6,0.01,0.06,0.65,0.3,0.72,0.005,0.38,0.22,0.01,0.14,1.0,0.28
lqr,ground_truth,gentle_curve,1700.0,0.05,0.1,1.0,1261.483117364347,19.835939407348633,24.736705780029297,16.62686220497007,2.8175822394743726,-0.0024315978268454608,0.0002351698678957348,0.0024315978268454608,0.0002351698678957348,-7.3700983193703e-05,1.5200581401586533e-05,1.0,0.0,19.444444444444443,31,25,4.399641036987305,RoadOption.STRAIGHT,30.235530853271484,24.76803207397461,-6.280406564898198,2.0,0.5,4.0,1.0,6.0,0.6,0.01,0.06,0.55,0.12,0.2,0.35,1.2,12,10.0,14.0,0.9,1.2,0.6,0.01,0.06,0.65,0.3,0.72,0.005,0.38,0.22,0.01,0.14,1.0,0.28
lqr,ground_truth,gentle_curve,1700.0,0.05,0.1,1.0,1261.533117365092,20.676742553710938,24.739259719848633,16.94216789707744,2.5022765473670034,-0.002212436046711541,0.0002068532354422281,0.002212436046711541,0.0002068532354422281,-6.573381688212976e-05,7.967166311573237e-06,1.0,0.0,19.444444444444443,32,26,4.558833599090576,RoadOption.STRAIGHT,31.23552703857422,24.770809173583984,-6.280406564898198,2.0,0.5,4.0,1.0,6.0,0.6,0.01,0.06,0.55,0.12,0.2,0.35,1.2,12,10.0,14.0,0.9,1.2,0.6,0.01,0.06,0.65,0.3,0.72,0.005,0.38,0.22,0.01,0.14,1.0,0.28
lqr,ground_truth,gentle_curve,1700.0,0.05,0.1,1.0,1261.583117365837,21.533288955688477,24.741838455200195,17.256802293430212,2.1876421510142308,-0.0020141290889154374,0.00018152407676197413,0.0020141290889154374,0.00018152407676197413,-4.6248089347500354e-05,1.9485727534629405e-05,0.9850240349769592,0.0,19.444444444444443,33,27,4.7022833824157715,RoadOption.STRAIGHT,32.23552322387695,24.773588180541992,-6.280406564898198,2.0,0.5,4.0,1.0,6.0,0.6,0.01,0.06,0.55,0.12,0.2,0.35,1.2,12,10.0,14.0,0.9,1.2,0.6,0.01,0.06,0.65,0.3,0.72,0.005,0.38,0.22,0.01,0.14,1.0,0.28
lqr,ground_truth,gentle_curve,1700.0,0.05,0.1,1.0,1261.6331173665822,22.405519485473633,24.74444007873535,17.569457068448916,1.8749873759955271,-0.0018354461760999499,0.0001594078762963136,0.0018354461760999499,0.0001594078762963136,-4.977798380423337e-05,-3.529894456733018e-06,0.7998067140579224,0.0,19.444444444444443,34,28,4.83004903793335,RoadOption.STRAIGHT,33.23551940917969,24.7763671875,-6.280406564898198,2.0,0.5,4.0,1.0,6.0,0.6,0.01,0.06,0.55,0.12,0.2,0.35,1.2,12,10.0,14.0,0.9,1.2,0.6,0.01,0.06,0.65,0.3,0.72,0.005,0.38,0.22,0.01,0.14,1.0,0.28
lqr,ground_truth,gentle_curve,1700.0,0.05,0.1,1.0,1261.6831173673272,23.29301643371582,24.747066497802734,17.865332784054722,1.5791116603897208,-0.0016735254520322956,0.00014000295066907142,0.0016735254520322956,0.00014000295066907142,-2.739519186434336e-05,2.2382791939890012e-05,0.6424161195755005,0.0,19.444444444444443,35,29,4.942546367645264,RoadOption.STRAIGHT,34.23551940917969,24.779146194458008,-6.280406564898198,2.0,0.5,4.0,1.0,6.0,0.6,0.01,0.06,0.55,0.12,0.2,0.35,1.2,12,10.0,14.0,0.9,1.2,0.6,0.01,0.06,0.65,0.3,0.72,0.005,0.38,0.22,0.01,0.14,1.0,0.28
lqr,ground_truth,gentle_curve,1700.0,0.05,0.1,1.0,1261.7331173680723,24.19392967224121,24.74971580505371,18.112416661154107,1.3320277832903358,-0.0015278990390741043,0.0001236939498099332,0.0015278990390741043,0.0001236939498099332,-2.9632250516442582e-05,-2.237058652099222e-06,0.5527160167694092,0.0,19.444444444444443,35,30,5.041629314422607,RoadOption.STRAIGHT,34.23551940917969,24.779146194458008,-6.280406564898198,2.0,0.5,4.0,1.0,6.0,0.6,0.01,0.06,0.55,0.12,0.2,0.35,1.2,12,10.0,14.0,0.9,1.2,0.6,0.01,0.06,0.65,0.3,0.72,0.005,0.38,0.22,0.01,0.14,1.0,0.28
lqr,ground_truth,gentle_curve,1700.0,0.05,0.1,1.0,1261.7831173688173,25.10523223876953,24.75238037109375,18.29391415085748,1.1505302935869643,-0.0013956150000933656,0.00011014771850703653,0.0013956150000933656,0.00011014771850703653,-2.5342345907120034e-05,4.289904609322548e-06,0.5225211977958679,0.0,19.444444444444443,36,30,4.1303229331970215,RoadOption.STRAIGHT,35.23551559448242,24.781923294067383,-6.280406564898198,2.0,0.5,4.0,1.0,6.0,0.6,0.01,0.06,0.55,0.12,0.2,0.35,1.2,12,10.0,14.0,0.9,1.2,0.6,0.01,0.06,0.65,0.3,0.72,0.005,0.38,0.22,0.01,0.14,1.0,0.28
lqr,ground_truth,gentle_curve,1700.0,0.05,0.1,1.0,1261.8331173695624,26.023677825927734,24.755050659179688,18.41335969929488,1.0310847451495633,-0.0012777256489179458,9.862720612474618e-05,0.0012777256489179458,9.862720612474618e-05,-2.76708415185567e-05,-2.328495611436665e-06,0.5253161787986755,0.0,19.444444444444443,37,31,4.2118730545043945,RoadOption.STRAIGHT,36.235511779785156,24.78470230102539,-6.280406564898198,2.0,0.5,4.0,1.0,6.0,0.6,0.01,0.06,0.55,0.12,0.2,0.35,1.2,12,10.0,14.0,0.9,1.2,0.6,0.01,0.06,0.65,0.3,0.72,0.005,0.38,0.22,0.01,0.14,1.0,0.28
lqr,ground_truth,gentle_curve,1700.0,0.05,0.1,1.0,1261.8831173703074,26.94658088684082,24.757719039916992,18.484934442514945,0.9595100019294982,-0.0011722224525936246,8.841798848813198e-05,0.0011722224525936246,8.841798848813198e-05,-1.5970041204127483e-05,1.1700800314429216e-05,0.5398163199424744,0.0,19.444444444444443,38,32,4.288966655731201,RoadOption.STRAIGHT,37.235504150390625,24.7874813079834,-6.280406564898198,2.0,0.5,4.0,1.0,6.0,0.6,0.01,0.06,0.55,0.12,0.2,0.35,1.2,12,10.0,14.0,0.9,1.2,0.6,0.01,0.06,0.65,0.3,0.72,0.005,0.38,0.22,0.01,0.14,1.0,0.28
lqr,ground_truth,gentle_curve,1700.0,0.05,0.1,1.0,1261.9331173710525,27.872037887573242,24.76038360595703,18.524500111449015,0.9199443329954278,-0.001079538011503938,7.98768875753808e-05,0.001079538011503938,7.98768875753808e-05,-1.4049656783754472e-05,1.9203844203730114e-06,0.5544878244400024,0.0,19.444444444444443,39,33,4.3635053634643555,RoadOption.STRAIGHT,38.235504150390625,24.790260314941406,-6.280406564898198,2.0,0.5,4.0,1.0,6.0,0.6,0.01,0.06,0.55,0.12,0.2,0.35,1.2,12,10.0,14.0,0.9,1.2,0.6,0.01,0.06,0.65,0.3,0.72,0.005,0.38,0.22,0.01,0.14,1.0,0.28
lqr,ground_truth,gentle_curve,1700.0,0.05,0.1,1.0,1261.9831173717976,28.798858642578125,24.763046264648438,18.5449007217076,0.8995437227368441,-0.000992550428464932,7.30275701457117e-05,0.000992550428464932,7.30275701457117e-05,-1.6979500287561677e-05,-2.9298435038072057e-06,0.565245509147644,0.0,19.444444444444443,40,34,4.436680793762207,RoadOption.STRAIGHT,39.235496520996094,24.79303741455078,-6.280406564898198,2.0,0.5,4.0,1.0,6.0,0.6,0.01,0.06,0.55,0.12,0.2,0.35,1.2,12,10.0,14.0,0.9,1.2,0.6,0.01,0.06,0.65,0.3,0.72,0.005,0.38,0.22,0.01,0.14,1.0,0.28
lqr,ground_truth,gentle_curve,1700.0,0.05,0.1,1.0,1262.0331173725426,29.72636604309082,24.76569938659668,18.5548223327843,0.8896221116601417,-0.0009169969601739887,6.704039910587767e-05,0.0009169969601739887,6.704039910587767e-05,-2.2611648091697134e-05,-5.632147804135457e-06,0.5718673467636108,0.0,19.444444444444443,41,35,4.50917387008667,RoadOption.STRAIGHT,40.235496520996094,24.79581642150879,-6.280406564898198,2.0,0.5,4.0,1.0,6.0,0.6,0.01,0.06,0.55,0.12,0.2,0.35,1.2,12,10.0,14.0,0.9,1.2,0.6,0.01,0.06,0.65,0.3,0.72,0.005,0.38,0.22,0.01,0.14,1.0,0.28
lqr,ground_truth,gentle_curve,1700.0,0.05,0.1,1.0,1262.0831173732877,30.654205322265625,24.768348693847656,18.559430042813144,0.8850144016312989,-0.0008442836372830002,6.0993671045395104e-05,0.0008442836372830002,6.0993671045395104e-05,-1.223696381202899e-05,1.0374684279668145e-05,0.5754793882369995,0.0,19.444444444444443,42,36,4.5813307762146,RoadOption.STRAIGHT,41.23548889160156,24.798595428466797,-6.280406564898198,2.0,0.5,4.0,1.0,6.0,0.6,0.01,0.06,0.55,0.12,0.2,0.35,1.2,12,10.0,14.0,0.9,1.2,0.6,0.01,0.06,0.65,0.3,0.72,0.005,0.38,0.22,0.01,0.14,1.0,0.28
lqr,ground_truth,gentle_curve,1700.0,0.05,0.1,1.0,1262.1331173740327,31.582204818725586,24.77098846435547,18.561510657981817,0.8829337864626261,-0.0007834595639782029,5.5494139363787554e-05,0.0007834595639782029,5.5494139363787554e-05,-7.605658083775779e-06,4.63130572825321e-06,0.5772635340690613,0.0,19.444444444444443,43,37,4.653327465057373,RoadOption.STRAIGHT,42.23548889160156,24.801374435424805,-6.280406564898198,2.0,0.5,4.0,1.0,6.0,0.6,0.01,0.06,0.55,0.12,0.2,0.35,1.2,12,10.0,14.0,0.9,1.2,0.6,0.01,0.06,0.65,0.3,0.72,0.005,0.38,0.22,0.01,0.14,1.0,0.28
lqr,ground_truth,gentle_curve,1700.0,0.05,0.1,1.0,1262.1831173747778,32.51028060913086,24.773624420166016,18.562450735256885,0.881993709187558,-0.0007266727741973931,5.1140235084901065e-05,0.0007266727741973931,5.1140235084901065e-05,-7.68655718275113e-06,-8.089909897535108e-08,0.5780681371688843,0.0,19.444444444444443,44,38,4.725244522094727,RoadOption.STRAIGHT,43.23548126220703,24.80415153503418,-6.280406564898198,2.0,0.5,4.0,1.0,6.0,0.6,0.01,0.06,0.55,0.12,0.2,0.35,1.2,12,10.0,14.0,0.9,1.2,0.6,0.01,0.06,0.65,0.3,0.72,0.005,0.38,0.22,0.01,0.14,1.0,0.28
lqr,ground_truth,gentle_curve,1700.0,0.05,0.1,1.0,1262.2331173755229,33.43838882446289,24.77625846862793,18.562894913937306,0.8815495305071366,-0.0006718622259908116,4.765445890342335e-05,0.0006718622259908116,4.765445890342335e-05,-1.6344174582627602e-05,-8.657617399876472e-06,0.5783966779708862,0.0,19.444444444444443,45,39,4.797136306762695,RoadOption.STRAIGHT,44.23548126220703,24.806930541992188,-6.280406564898198,2.0,0.5,4.0,1.0,6.0,0.6,0.01,0.06,0.55,0.12,0.2,0.35,1.2,12,10.0,14.0,0.9,1.2,0.6,0.01,0.06,0.65,0.3,0.72,0.005,0.38,0.22,0.01,0.14,1.0,0.28
lqr,ground_truth,gentle_curve,1700.0,0.05,0.1,1.0,1262.283117376268,34.36652374267578,24.77888298034668,18.563125403631975,0.8813190408124676,-0.0006247764432831347,4.398324972854084e-05,0.0006247764432831347,4.398324972854084e-05,-6.901786946400534e-06,9.442387636227068e-06,0.578514814376831,0.0,19.444444444444443,46,40,4.868993759155273,RoadOption.STRAIGHT,45.2354736328125,24.809709548950195,-6.280406564898198,2.0,0.5,4.0,1.0,6.0,0.6,0.01,0.06,0.55,0.12,0.2,0.35,1.2,12,10.0,14.0,0.9,1.2,0.6,0.01,0.06,0.65,0.3,0.72,0.005,0.38,0.22,0.01,0.14,1.0,0.28
lqr,ground_truth,gentle_curve,1700.0,0.05,0.1,1.0,1262.333117377013,35.29467010498047,24.781511306762695,18.563258746265166,0.8811856981792765,-0.0005757939193532895,4.0574455550057564e-05,0.0005757939193532895,4.0574455550057564e-05,-7.852413546061143e-06,-9.506265996606089e-07,0.5785514116287231,0.0,19.444444444444443,47,41,4.940847396850586,RoadOption.STRAIGHT,46.2354736328125,24.81248664855957,-6.280406564898198,2.0,0.5,4.0,1.0,6.0,0.6,0.01,0.06,0.55,0.12,0.2,0.35,1.2,12,10.0,14.0,0.9,1.2,0.6,0.01,0.06,0.65,0.3,0.72,0.005,0.38,0.22,0.01,0.14,1.0,0.28
lqr,ground_truth,gentle_curve,1700.0,0.05,0.1,1.0,1262.383117377758,36.22282028198242,24.784130096435547,18.563346305548322,0.881098138896121,-0.0005363799019098125,3.765642162179006e-05,0.0005363799019098125,3.765642162179006e-05,-7.152586476877332e-06,6.998270691838115e-07,0.5785537958145142,0.0,19.444444444444443,47,42,5.01269006729126,RoadOption.STRAIGHT,46.2354736328125,24.81248664855957,-6.280406564898198,2.0,0.5,4.0,1.0,6.0,0.6,0.01,0.06,0.55,0.12,0.2,0.35,1.2,12,10.0,14.0,0.9,1.2,0.6,0.01,0.06,0.65,0.3,0.72,0.005,0.38,0.22,0.01,0.14,1.0,0.28
lqr,ground_truth,gentle_curve,1700.0,0.05,0.1,1.0,1262.433117378503,37.15097427368164,24.786745071411133,18.563405273087927,0.881039171356516,-0.0005005124432897919,3.5039293685201756e-05,0.0005005124432897919,3.5039293685201756e-05,-6.5275175984425005e-06,6.250688784348313e-07,0.5785527229309082,0.0,19.444444444444443,48,42,4.084532260894775,RoadOption.STRAIGHT,47.23546600341797,24.815265655517578,-6.280406564898198,2.0,0.5,4.0,1.0,6.0,0.6,0.01,0.06,0.55,0.12,0.2,0.35,1.2,12,10.0,14.0,0.9,1.2,0.6,0.01,0.06,0.65,0.3,0.72,0.005,0.38,0.22,0.01,0.14,1.0,0.28
lqr,ground_truth,gentle_curve,1700.0,0.05,0.1,1.0,1262.4831173792481,38.079139709472656,24.789358139038086,18.563445183421933,0.8809992610225095,-0.0004668416497475205,3.267755873892497e-05,0.0004668416497475205,3.267755873892497e-05,-1.1566303328436334e-05,-5.038785729993833e-06,0.5785516500473022,0.0,19.444444444444443,49,43,4.15636682510376,RoadOption.STRAIGHT,48.23546600341797,24.818044662475586,-6.280406564898198,2.0,0.5,4.0,1.0,6.0,0.6,0.01,0.06,0.55,0.12,0.2,0.35,1.2,12,10.0,14.0,0.9,1.2,0.6,0.01,0.06,0.65,0.3,0.72,0.005,0.38,0.22,0.01,0.14,1.0,0.28
lqr,ground_truth,gentle_curve,1700.0,0.05,0.1,1.0,1262.5331173799932,39.00730895996094,24.791969299316406,18.56347360762288,0.8809708368215645,-0.00043320265634607356,3.009111957474886e-05,0.00043320265634607356,3.009111957474886e-05,-2.568954641901655e-06,8.997348686534679e-06,0.5785483717918396,0.0,19.444444444444443,50,44,4.2281904220581055,RoadOption.STRAIGHT,49.23545837402344,24.820823669433594,-6.280406564898198,2.0,0.5,4.0,1.0,6.0,0.6,0.01,0.06,0.55,0.12,0.2,0.35,1.2,12,10.0,14.0,0.9,1.2,0.6,0.01,0.06,0.65,0.3,0.72,0.005,0.38,0.22,0.01,0.14,1.0,0.28
lqr,ground_truth,gentle_curve,1700.0,0.05,0.1,1.0,1262.5831173807383,39.93547821044922,24.794584274291992,18.563494507410155,0.8809499370342877,-0.000397635121581634,2.786644379781933e-05,0.000397635121581634,2.786644379781933e-05,-4.820372396352468e-06,-2.251417754450813e-06,0.5785448551177979,0.0,19.444444444444443,51,45,4.300021171569824,RoadOption.STRAIGHT,50.23545455932617,24.8236026763916,-6.280406564898198,2.0,0.5,4.0,1.0,6.0,0.6,0.01,0.06,0.55,0.12,0.2,0.35,1.2,12,10.0,14.0,0.9,1.2,0.6,0.01,0.06,0.65,0.3,0.72,0.005,0.38,0.22,0.01,0.14,1.0,0.28
lqr,ground_truth,gentle_curve,1700.0,0.05,0.1,1.0,1262.6331173814833,40.8636474609375,24.797191619873047,18.563509655902443,0.8809347885419996,-0.00036971815198751264,2.6071150729833903e-05,0.00036971815198751264,2.6071150729833903e-05,-1.1180398360011168e-05,-6.3600259636587e-06,0.5785427093505859,0.0,19.444444444444443,52,46,4.371844291687012,RoadOption.STRAIGHT,51.235450744628906,24.82638168334961,-6.280406564898198,2.0,0.5,4.0,1.0,6.0,0.6,0.01,0.06,0.55,0.12,0.2,0.35,1.2,12,10.0,14.0,0.9,1.2,0.6,0.01,0.06,0.65,0.3,0.72,0.005,0.38,0.22,0.01,0.14,1.0,0.28
lqr,ground_truth,gentle_curve,1700.0,0.05,0.1,1.0,1262.6831173822284,41.79182052612305,24.79979133605957,18.5635190258159,0.8809254186285429,-0.0003475126061537725,2.392137635709446e-05,0.0003475126061537725,2.392137635709446e-05,1.1671804145407805e-07,1.1297116401465246e-05,0.578544020652771,0.0,19.444444444444443,53,47,4.443671703338623,RoadOption.STRAIGHT,52.23544692993164,24.829160690307617,-6.280406564898198,2.0,0.5,4.0,1.0,6.0,0.6,0.01,0.06,0.55,0.12,0.2,0.35,1.2,12,10.0,14.0,0.9,1.2,0.6,0.01,0.06,0.65,0.3,0.72,0.005,0.38,0.22,0.01,0.14,1.0,0.28
lqr,ground_truth,gentle_curve,1700.0,0.05,0.1,1.0,1262.7331173829734,42.719993591308594,24.80239486694336,18.56352661622216,0.8809178282222838,-0.00032342091914480675,2.218225934669249e-05,0.00032342091914480675,2.218225934669249e-05,-6.03637147378322e-07,-7.203551888324e-07,0.5785415768623352,0.0,19.444444444444443,54,48,4.515491485595703,RoadOption.STRAIGHT,53.235443115234375,24.831939697265625,-6.280406564898198,2.0,0.5,4.0,1.0,6.0,0.6,0.01,0.06,0.55,0.12,0.2,0.35,1.2,12,10.0,14.0,0.9,1.2,0.6,0.01,0.06,0.65,0.3,0.72,0.005,0.38,0.22,0.01,0.14,1.0,0.28
lqr,ground_truth,gentle_curve,1700.0,0.05,0.1,1.0,1262.7831173837185,43.64816665649414,24.804994583129883,18.56353228071504,0.880912163729402,-0.0003031227145801757,2.112323669223315e-05,0.0003031227145801757,2.112323669223315e-05,-3.366811824889737e-06,-2.763174677511415e-06,0.5785405039787292,0.0,19.444444444444443,55,49,4.587318420410156,RoadOption.STRAIGHT,54.23543930053711,24.834716796875,-6.280406564898198,2.0,0.5,4.0,1.0,6.0,0.6,0.01,0.06,0.55,0.12,0.2,0.35,1.2,12,10.0,14.0,0.9,1.2,0.6,0.01,0.06,0.65,0.3,0.72,0.005,0.38,0.22,0.01,0.14,1.0,0.28
lqr,ground_truth,gentle_curve,1700.0,0.05,0.1,1.0,1262.8331173844635,44.57634353637695,24.807594299316406,18.563532199709506,0.8809122447349367,-0.00028285631015636734,2.112323669223315e-05,0.00028285631015636734,2.112323669223315e-05,-1.011746826407034e-05,-6.750656439180602e-06,0.5785474181175232,0.0,19.444444444444443,56,50,4.6591339111328125,RoadOption.STRAIGHT,55.235435485839844,24.837495803833008,-6.280406564898198,2.0,0.5,4.0,1.0,6.0,0.6,0.01,0.06,0.55,0.12,0.2,0.35,1.2,12,10.0,14.0,0.9,1.2,0.6,0.01,0.06,0.65,0.3,0.72,0.005,0.38,0.22,0.01,0.14,1.0,0.28
lqr,ground_truth,gentle_curve,1700.0,0.05,0.1,1.0,1262.8831173852086,45.50450897216797,24.81019401550293,18.563532062545516,0.8809123818989271,-0.0002625475055447954,1.872067007724354e-05,0.0002625475055447954,1.872067007724354e-05,-4.723267011286225e-06,5.394201252784114e-06,0.5785475969314575,0.0,19.444444444444443,57,51,4.730964660644531,RoadOption.STRAIGHT,56.23542785644531,24.840272903442383,-6.280406564898198,2.0,0.5,4.0,1.0,6.0,0.6,0.01,0.06,0.55,0.12,0.2,0.35,1.2,12,10.0,14.0,0.9,1.2,0.6,0.01,0.06,0.65,0.3,0.72,0.005,0.38,0.22,0.01,0.14,1.0,0.28
lqr,ground_truth,gentle_curve,1700.0,0.05,0.1,1.0,1262.9331173859537,46.43268585205078,24.812795639038086,18.563531993996357,0.8809124504480863,-0.00024036315980493876,1.872067007724354e-05,0.00024036315980493876,1.872067007724354e-05,-1.0716763426898979e-05,-5.9934964156127535e-06,0.5785475373268127,0.0,19.444444444444443,58,52,4.802784442901611,RoadOption.STRAIGHT,57.23542404174805,24.84305191040039,-6.280406564898198,2.0,0.5,4.0,1.0,6.0,0.6,0.01,0.06,0.55,0.12,0.2,0.35,1.2,12,10.0,14.0,0.9,1.2,0.6,0.01,0.06,0.65,0.3,0.72,0.005,0.38,0.22,0.01,0.14,1.0,0.28
lqr,ground_truth,gentle_curve,1700.0,0.05,0.1,1.0,1262.9831173866987,47.36085891723633,24.815393447875977,18.563535674852197,0.8809087695922457,-0.00022198289655635597,1.4978460612269373e-05,0.00022198289655635597,1.4978460612269373e-05,1.948002136487048e-06,1.2664765563386027e-05,0.5785408616065979,0.0,19.444444444444443,59,53,4.874607563018799,RoadOption.STRAIGHT,58.23542404174805,24.8458309173584,0.0027785214782865796,2.0,0.5,4.0,1.0,6.0,0.6,0.01,0.06,0.55,0.12,0.2,0.35,1.2,12,10.0,14.0,0.9,1.2,0.6,0.01,0.06,0.65,0.3,0.72,0.005,0.38,0.22,0.01,0.14,1.0,0.28
lqr,ground_truth,gentle_curve,1700.0,0.05,0.1,1.0,1263.0331173874438,48.289031982421875,24.81797981262207,18.56353567283288,0.880908771611562,-0.0002150466809224226,1.4978460612269373e-05,0.0002150466809224226,1.4978460612269373e-05,-4.4580933717952576e-06,-6.406095508282306e-06,0.5785452723503113,0.0,19.444444444444443,60,54,4.9464311599731445,RoadOption.STRAIGHT,59.23542022705078,24.848608016967773,0.0027785214782865796,2.0,0.5,4.0,1.0,6.0,0.6,0.01,0.06,0.55,0.12,0.2,0.35,1.2,12,10.0,14.0,0.9,1.2,0.6,0.01,0.06,0.65,0.3,0.72,0.005,0.38,0.22,0.01,0.14,1.0,0.28
lqr,ground_truth,gentle_curve,1700.0,0.05,0.1,1.0,1263.0831173881888,49.21720504760742,24.820568084716797,18.56353558813037,0.8809088563140719,-0.0002042957827502745,1.231035810889125e-05,0.0002042957827502745,1.231035810889125e-05,1.1093562534369994e-05,1.555165590616525e-05,0.5785453915596008,0.0,19.444444444444443,60,55,5.01825475692749,RoadOption.STRAIGHT,59.23542022705078,24.848608016967773,0.0027785214782865796,2.0,0.5,4.0,1.0,6.0,0.6,0.01,0.06,0.55,0.12,0.2,0.35,1.2,12,10.0,14.0,0.9,1.2,0.6,0.01,0.06,0.65,0.3,0.72,0.005,0.38,0.22,0.01,0.14,1.0,0.28
lqr,ground_truth,gentle_curve,1700.0,0.05,0.1,1.0,1263.133117388934,50.14537811279297,24.823156356811523,18.563535666827143,0.8809087776173001,-0.00019518410213247364,1.231035810889125e-05,0.00019518410213247364,1.231035810889125e-05,1.0238397408102173e-05,-8.551651262678206e-07,0.5785451531410217,0.0,19.444444444444443,61,55,4.090077877044678,RoadOption.STRAIGHT,60.235416412353516,24.85138702392578,0.0027785214782865796,2.0,0.5,4.0,1.0,6.0,0.6,0.01,0.06,0.55,0.12,0.2,0.35,1.2,12,10.0,14.0,0.9,1.2,0.6,0.01,0.06,0.65,0.3,0.72,0.005,0.38,0.22,0.01,0.14,1.0,0.28
lqr,ground_truth,gentle_curve,1700.0,0.05,0.1,1.0,1263.183117389679,51.07355499267578,24.825748443603516,18.56353572215799,0.8809087222864527,-0.00018253646273815732,1.231035810889125e-05,0.00018253646273815732,1.231035810889125e-05,-5.538829555007396e-06,-1.577722696310957e-05,0.5785451531410217,0.0,19.444444444444443,62,56,4.161897659301758,RoadOption.STRAIGHT,61.23541259765625,24.85416603088379,0.0027785214782865796,2.0,0.5,4.0,1.0,6.0,0.6,0.01,0.06,0.55,0.12,0.2,0.35,1.2,12,10.0,14.0,0.9,1.2,0.6,0.01,0.06,0.65,0.3,0.72,0.005,0.38,0.22,0.01,0.14,1.0,0.28
lqr,ground_truth,gentle_curve,1700.0,0.05,0.1,1.0,1263.233117390424,52.00172805786133,24.828336715698242,18.56353563020487,0.8809088142395716,-0.00017179616461294837,1.4398234792878384e-05,0.00017179616461294837,1.4398234792878384e-05,-1.3232429409981705e-05,-7.693599854974309e-06,0.5785453915596008,0.0,19.444444444444443,63,57,4.23371696472168,RoadOption.STRAIGHT,62.235408782958984,24.856943130493164,0.0027785214782865796,2.0,0.5,4.0,1.0,6.0,0.6,0.01,0.06,0.55,0.12,0.2,0.35,1.2,12,10.0,14.0,0.9,1.2,0.6,0.01,0.06,0.65,0.3,0.72,0.005,0.38,0.22,0.01,0.14,1.0,0.28
lqr,ground_truth,gentle_curve,1700.0,0.05,0.1,1.0,1263.283117391169,52.929901123046875,24.83092498779297,18.563535497998462,0.880908946445981,-0.0001629526077099059,1.4398234792878384e-05,0.0001629526077099059,1.4398234792878384e-05,-1.4241450116969645e-05,-1.0090207069879398e-06,0.5785455107688904,0.0,19.444444444444443,64,58,4.305540561676025,RoadOption.STRAIGHT,63.23540496826172,24.859722137451172,0.0027785214782865796,2.0,0.5,4.0,1.0,6.0,0.6,0.01,0.06,0.55,0.12,0.2,0.35,1.2,12,10.0,14.0,0.9,1.2,0.6,0.01,0.06,0.65,0.3,0.72,0.005,0.38,0.22,0.01,0.14,1.0,0.28
lqr,ground_truth,gentle_curve,1700.0,0.05,0.1,1.0,1263.3331173919141,53.85807418823242,24.833513259887695,18.563535374357517,0.8809090700869255,-0.00015506498701300074,1.1555882491798286e-05,0.00015506498701300074,1.1555882491798286e-05,-5.9005728871852625e-06,8.340877229784383e-06,0.5785455703735352,0.0,19.444444444444443,65,59,4.377367973327637,RoadOption.STRAIGHT,64.23539733886719,24.86250114440918,0.0027785214782865796,2.0,0.5,4.0,1.0,6.0,0.6,0.01,0.06,0.55,0.12,0.2,0.35,1.2,12,10.0,14.0,0.9,1.2,0.6,0.01,0.06,0.65,0.3,0.72,0.005,0.38,0.22,0.01,0.14,1.0,0.28
lqr,ground_truth,gentle_curve,1700.0,0.05,0.1,1.0,1263.3831173926592,54.78624725341797,24.83609962463379,18.56353532982364,0.8809091146208026,-0.00014623728893349217,9.164499071623311e-06,0.00014623728893349217,9.164499071623311e-06,1.0861590453714598e-05,1.676216334089986e-05,0.5785455107688904,0.0,19.444444444444443,66,60,4.449191093444824,RoadOption.STRAIGHT,65.23539733886719,24.865280151367188,0.0027785214782865796,2.0,0.5,4.0,1.0,6.0,0.6,0.01,0.06,0.55,0.12,0.2,0.35,1.2,12,10.0,14.0,0.9,1.2,0.6,0.01,0.06,0.65,0.3,0.72,0.005,0.38,0.22,0.01,0.14,1.0,0.28
lqr,ground_truth,gentle_curve,1700.0,0.05,0.1,1.0,1263.4331173934042,55.71442413330078,24.83869171142578,18.56353542765416,0.8809090167902838,-0.0001336055075180729,9.164499071623311e-06,0.0001336055075180729,9.164499071623311e-06,3.722220071722404e-06,-7.139370381992194e-06,0.5785452723503113,0.0,19.444444444444443,67,61,4.521010398864746,RoadOption.STRAIGHT,66.23538970947266,24.868057250976562,0.0027785214782865796,2.0,0.5,4.0,1.0,6.0,0.6,0.01,0.06,0.55,0.12,0.2,0.35,1.2,12,10.0,14.0,0.9,1.2,0.6,0.01,0.06,0.65,0.3,0.72,0.005,0.38,0.22,0.01,0.14,1.0,0.28
lqr,ground_truth,gentle_curve,1700.0,0.05,0.1,1.0,1263.4831173941493,56.64259719848633,24.841278076171875,18.56353542168977,0.8809090227546719,-0.00012668515070884089,9.164499071623311e-06,0.00012668515070884089,9.164499071623311e-06,-6.5647427618387155e-06,-1.028696283356112e-05,0.5785453915596008,0.0,19.444444444444443,68,62,4.592833995819092,RoadOption.STRAIGHT,67.23538970947266,24.87083625793457,0.0027785214782865796,2.0,0.5,4.0,1.0,6.0,0.6,0.01,0.06,0.55,0.12,0.2,0.35,1.2,12,10.0,14.0,0.9,1.2,0.6,0.01,0.06,0.65,0.3,0.72,0.005,0.38,0.22,0.01,0.14,1.0,0.28
lqr,ground_truth,gentle_curve,1700.0,0.05,0.1,1.0,1263.5331173948944,57.570770263671875,24.8438663482666,18.563535323447944,0.880909120996499,-0.00011595011135905053,9.164499071623311e-06,0.00011595011135905053,9.164499071623311e-06,-3.6418248328118352e-06,2.9229179290268803e-06,0.5785455703735352,0.0,19.444444444444443,69,63,4.664657115936279,RoadOption.STRAIGHT,68.23538208007812,24.873615264892578,0.0027785214782865796,2.0,0.5,4.0,1.0,6.0,0.6,0.01,0.06,0.55,0.12,0.2,0.35,1.2,12,10.0,14.0,0.9,1.2,0.6,0.01,0.06,0.65,0.3,0.72,0.005,0.38,0.22,0.01,0.14,1.0,0.28
lqr,ground_truth,gentle_curve,1700.0,0.05,0.1,1.0,1263.5831173956394,58.49894332885742,24.846454620361328,18.563535278037087,0.8809091664073563,-0.00010712241327954022,9.164499071623311e-06,0.00010712241327954022,9.164499071623311e-06,-6.416971245926106e-06,-2.775146413114271e-06,0.5785455703735352,0.0,19.444444444444443,70,64,4.736480712890625,RoadOption.STRAIGHT,69.23538208007812,24.876394271850586,0.0027785214782865796,2.0,0.5,4.0,1.0,6.0,0.6,0.01,0.06,0.55,0.12,0.2,0.35,1.2,12,10.0,14.0,0.9,1.2,0.6,0.01,0.06,0.65,0.3,0.72,0.005,0.38,0.22,0.01,0.14,1.0,0.28
lqr,ground_truth,gentle_curve,1700.0,0.05,0.1,1.0,1263.6331173963845,59.42711639404297,24.849042892456055,18.563535207208535,0.8809092372359082,-9.830531440467756e-05,6.739826137636129e-06,9.830531440467756e-05,6.739826137636129e-06,2.1525283955270424e-06,8.569499641453149e-06,0.5785456299781799,0.0,19.444444444444443,71,65,4.808300018310547,RoadOption.STRAIGHT,70.2353744506836,24.87917137145996,0.0027785214782865796,2.0,0.5,4.0,1.0,6.0,0.6,0.01,0.06,0.55,0.12,0.2,0.35,1.2,12,10.0,14.0,0.9,1.2,0.6,0.01,0.06,0.65,0.3,0.72,0.005,0.38,0.22,0.01,0.14,1.0,0.28
lqr,ground_truth,gentle_curve,1700.0,0.05,0.1,1.0,1263.6831173971295,60.35529327392578,24.85163116455078,18.56353522398631,0.8809092204581326,-8.947761632516725e-05,6.739826137636129e-06,8.947761632516725e-05,6.739826137636129e-06,-6.462324108724715e-06,-8.614852504251758e-06,0.5785455107688904,0.0,19.444444444444443,72,66,4.880123615264893,RoadOption.STRAIGHT,71.2353744506836,24.88195037841797,0.0027785214782865796,2.0,0.5,4.0,1.0,6.0,0.6,0.01,0.06,0.55,0.12,0.2,0.35,1.2,12,10.0,14.0,0.9,1.2,0.6,0.01,0.06,0.65,0.3,0.72,0.005,0.38,0.22,0.01,0.14,1.0,0.28
lqr,ground_truth,gentle_curve,1700.0,0.05,0.1,1.0,1263.7331173978746,61.28346633911133,24.854217529296875,18.563535141091823,0.8809093033526203,-8.066051745030459e-05,6.739826137636129e-06,8.066051745030459e-05,6.739826137636129e-06,-1.6773229845057358e-06,4.785001124218979e-06,0.5785456895828247,0.0,19.444444444444443,73,67,4.9519429206848145,RoadOption.STRAIGHT,72.23536682128906,24.884729385375977,0.0027785214782865796,2.0,0.5,4.0,1.0,6.0,0.6,0.01,0.06,0.55,0.12,0.2,0.35,1.2,12,10.0,14.0,0.9,1.2,0.6,0.01,0.06,0.65,0.3,0.72,0.005,0.38,0.22,0.01,0.14,1.0,0.28
lqr,ground_truth,gentle_curve,1700.0,0.05,0.1,1.0,1263.7831173986197,62.211639404296875,24.8568058013916,18.56353511526127,0.8809093291831722,-7.182222016614663e-05,4.22854845361087e-06,7.182222016614663e-05,4.22854845361087e-06,6.056272923160577e-06,7.733595907666313e-06,0.5785456299781799,0.0,19.444444444444443,73,68,5.023770332336426,RoadOption.STRAIGHT,72.23536682128906,24.884729385375977,0.0027785214782865796,2.0,0.5,4.0,1.0,6.0,0.6,0.01,0.06,0.55,0.12,0.2,0.35,1.2,12,10.0,14.0,0.9,1.2,0.6,0.01,0.06,0.65,0.3,0.72,0.005,0.38,0.22,0.01,0.14,1.0,0.28
lqr,ground_truth,gentle_curve,1700.0,0.05,0.1,1.0,1263.8331173993647,63.13981246948242,24.859394073486328,18.563535160309726,0.8809092841347166,-6.250559525936526e-05,4.22854845361087e-06,6.250559525936526e-05,4.22854845361087e-06,7.911565944596077e-07,-5.2651163287009695e-06,0.5785455107688904,0.0,19.444444444444443,74,68,4.095593452453613,RoadOption.STRAIGHT,73.23536682128906,24.887508392333984,0.0027785214782865796,2.0,0.5,4.0,1.0,6.0,0.6,0.01,0.06,0.55,0.12,0.2,0.35,1.2,12,10.0,14.0,0.9,1.2,0.6,0.01,0.06,0.65,0.3,0.72,0.005,0.38,0.22,0.01,0.14,1.0,0.28
lqr,ground_truth,gentle_curve,1700.0,0.05,0.1,1.0,1263.8831174001098,64.06798553466797,24.861982345581055,18.5635351422015,0.8809093022429444,-5.36884963845026e-05,4.22854845361087e-06,5.36884963845026e-05,4.22854845361087e-06,-3.8016648886696203e-06,-4.592821483129228e-06,0.5785456299781799,0.0,19.444444444444443,75,69,4.167413234710693,RoadOption.STRAIGHT,74.23536682128906,24.89028549194336,0.0027785214782865796,2.0,0.5,4.0,1.0,6.0,0.6,0.01,0.06,0.55,0.12,0.2,0.35,1.2,12,10.0,14.0,0.9,1.2,0.6,0.01,0.06,0.65,0.3,0.72,0.005,0.38,0.22,0.01,0.14,1.0,0.28
lqr,ground_truth,gentle_curve,1700.0,0.05,0.1,1.0,1263.9331174008548,64.99616241455078,24.86457061767578,18.563535089010298,0.8809093554341452,-4.4860798304994023e-05,4.22854845361087e-06,4.4860798304994023e-05,4.22854845361087e-06,-1.2071765013388358e-05,-8.270100124718738e-06,0.5785456895828247,0.0,19.444444444444443,76,70,4.239236354827881,RoadOption.STRAIGHT,75.23535919189453,24.893064498901367,0.0027785214782865796,2.0,0.5,4.0,1.0,6.0,0.6,0.01,0.06,0.55,0.12,0.2,0.35,1.2,12,10.0,14.0,0.9,1.2,0.6,0.01,0.06,0.65,0.3,0.72,0.005,0.38,0.22,0.01,0.14,1.0,0.28
lqr,ground_truth,gentle_curve,1700.0,0.05,0.1,1.0,1263.9831174015999,65.92433166503906,24.867151260375977,18.56353496581294,0.8809094786315015,-4.175512403631863e-05,4.22854845361087e-06,4.175512403631863e-05,4.22854845361087e-06,-3.1015365493658464e-06,8.970228464022512e-06,0.5785458087921143,0.0,19.444444444444443,77,71,4.311059951782227,RoadOption.STRAIGHT,76.2353515625,24.895843505859375,0.0027785214782865796,2.0,0.5,4.0,1.0,6.0,0.6,0.01,0.06,0.55,0.12,0.2,0.35,1.2,12,10.0,14.0,0.9,1.2,0.6,0.01,0.06,0.65,0.3,0.72,0.005,0.38,0.22,0.01,0.14,1.0,0.28
lqr,ground_truth,gentle_curve,1700.0,0.05,0.1,1.0,1264.033117402345,66.85250854492188,24.869728088378906,18.563534943980283,0.8809095004641598,-4.437147357847816e-05,1.5375594104583001e-06,4.437147357847816e-05,1.5375594104583001e-06,1.1441202332207467e-05,1.4542738881573314e-05,0.5785457491874695,0.0,19.444444444444443,78,72,4.382883071899414,RoadOption.STRAIGHT,77.2353515625,24.898622512817383,0.0027785214782865796,2.0,0.5,4.0,1.0,6.0,0.6,0.01,0.06,0.55,0.12,0.2,0.35,1.2,12,10.0,14.0,0.9,1.2,0.6,0.01,0.06,0.65,0.3,0.72,0.005,0.38,0.22,0.01,0.14,1.0,0.28
lqr,ground_truth,gentle_curve,1700.0,0.05,0.1,1.0,1264.08311740309,67.78068542480469,24.8723087310791,18.56353505026463,0.8809093941798132,-4.3194338989374637e-05,1.5375594104583001e-06,4.3194338989374637e-05,1.5375594104583001e-06,8.67062044562772e-06,-2.7705818865797482e-06,0.5785455107688904,0.0,19.444444444444443,79,73,4.4546990394592285,RoadOption.STRAIGHT,78.23534393310547,24.901399612426758,0.0027785214782865796,2.0,0.5,4.0,1.0,6.0,0.6,0.01,0.06,0.55,0.12,0.2,0.35,1.2,12,10.0,14.0,0.9,1.2,0.6,0.01,0.06,0.65,0.3,0.72,0.005,0.38,0.22,0.01,0.14,1.0,0.28
lqr,ground_truth,gentle_curve,1700.0,0.05,0.1,1.0,1264.133117403835,68.70885467529297,24.874895095825195,18.56353510353483,0.8809093409096143,-3.625278377084734e-05,1.5375594104583001e-06,3.625278377084734e-05,1.5375594104583001e-06,-3.032734184671426e-06,-1.1703354630299145e-05,0.5785455703735352,0.0,19.444444444444443,80,74,4.5265302658081055,RoadOption.STRAIGHT,79.23534393310547,24.904178619384766,0.0027785214782865796,2.0,0.5,4.0,1.0,6.0,0.6,0.01,0.06,0.55,0.12,0.2,0.35,1.2,12,10.0,14.0,0.9,1.2,0.6,0.01,0.06,0.65,0.3,0.72,0.005,0.38,0.22,0.01,0.14,1.0,0.28
lqr,ground_truth,gentle_curve,1700.0,0.05,0.1,1.0,1264.1831174045801,69.63703155517578,24.87748146057129,18.56353504757007,0.8809093968743724,-2.742508569133703e-05,3.3770651128861573e-06,2.742508569133703e-05,3.3770651128861573e-06,-8.481177246721927e-06,-5.448443062050501e-06,0.5785456895828247,0.0,19.444444444444443,81,75,4.598353385925293,RoadOption.STRAIGHT,80.23533630371094,24.906957626342773,0.0027785214782865796,2.0,0.5,4.0,1.0,6.0,0.6,0.01,0.06,0.55,0.12,0.2,0.35,1.2,12,10.0,14.0,0.9,1.2,0.6,0.01,0.06,0.65,0.3,0.72,0.005,0.38,0.22,0.01,0.14,1.0,0.28
lqr,ground_truth,gentle_curve,1700.0,0.05,0.1,1.0,1264.2331174053252,70.56520080566406,24.88006019592285,18.563534964435345,0.8809094800090982,-2.8134093963218254e-05,3.3770651128861573e-06,2.8134093963218254e-05,3.3770651128861573e-06,-6.556222615472507e-06,1.9249546312494203e-06,0.5785458087921143,0.0,19.444444444444443,82,76,4.670176982879639,RoadOption.STRAIGHT,81.23533630371094,24.90973663330078,0.0027785214782865796,2.0,0.5,4.0,1.0,6.0,0.6,0.01,0.06,0.55,0.12,0.2,0.35,1.2,12,10.0,14.0,0.9,1.2,0.6,0.01,0.06,0.65,0.3,0.72,0.005,0.38,0.22,0.01,0.14,1.0,0.28
lqr,ground_truth,gentle_curve,1700.0,0.05,0.1,1.0,1264.2831174060702,71.49337768554688,24.88263702392578,18.56353491463355,0.8809095298108929,-3.0771641914673076e-05,3.3770651128861573e-06,3.0771641914673076e-05,3.3770651128861573e-06,-2.933220230261213e-06,3.6230023852112936e-06,0.5785457491874695,0.0,19.444444444444443,83,77,4.741992473602295,RoadOption.STRAIGHT,82.2353286743164,24.912513732910156,0.0027785214782865796,2.0,0.5,4.0,1.0,6.0,0.6,0.01,0.06,0.55,0.12,0.2,0.35,1.2,12,10.0,14.0,0.9,1.2,0.6,0.01,0.06,0.65,0.3,0.72,0.005,0.38,0.22,0.01,0.14,1.0,0.28
lqr,ground_truth,gentle_curve,1700.0,0.05,0.1,1.0,1264.3331174068153,72.42155456542969,24.88521385192871,18.563534895510678,0.880909548933765,-3.3387991456832605e-05,7.690397794135606e-07,3.3387991456832605e-05,7.690397794135606e-07,5.791565399704268e-06,8.724785629965481e-06,0.5785457491874695,0.0,19.444444444444443,84,78,4.813816070556641,RoadOption.STRAIGHT,83.2353286743164,24.915294647216797,-6.280406564898198,2.0,0.5,4.0,1.0,6.0,0.6,0.01,0.06,0.55,0.12,0.2,0.35,1.2,12,10.0,14.0,0.9,1.2,0.6,0.01,0.06,0.65,0.3,0.72,0.005,0.38,0.22,0.01,0.14,1.0,0.28
lqr,ground_truth,gentle_curve,1700.0,0.05,0.1,1.0,1264.3831174075603,73.34972381591797,24.88779067993164,18.56353495023555,0.8809094942088933,-3.409699972871383e-05,7.690397794135606e-07,3.409699972871383e-05,7.690397794135606e-07,1.1894589988514781e-05,6.103024588810513e-06,0.5785456299781799,0.0,19.444444444444443,85,79,4.885639190673828,RoadOption.STRAIGHT,84.23532104492188,24.918073654174805,-6.280406564898198,2.0,0.5,4.0,1.0,6.0,0.6,0.01,0.06,0.55,0.12,0.2,0.35,1.2,12,10.0,14.0,0.9,1.2,0.6,0.01,0.06,0.65,0.3,0.72,0.005,0.38,0.22,0.01,0.14,1.0,0.28
lqr,ground_truth,gentle_curve,1700.0,0.05,0.1,1.0,1264.4331174083054,74.27790069580078,24.890371322631836,18.563535048295453,0.88090939614899,-3.2898666730316745e-05,7.690397794135606e-07,3.2898666730316745e-05,7.690397794135606e-07,7.2747175181575585e-06,-4.6198724703572225e-06,0.5785455107688904,0.0,19.444444444444443,86,80,4.957462787628174,RoadOption.STRAIGHT,85.23532104492188,24.92085075378418,-6.280406564898198,2.0,0.5,4.0,1.0,6.0,0.6,0.01,0.06,0.55,0.12,0.2,0.35,1.2,12,10.0,14.0,0.9,1.2,0.6,0.01,0.06,0.65,0.3,0.72,0.005,0.38,0.22,0.01,0.14,1.0,0.28
lqr,ground_truth,gentle_curve,1700.0,0.05,0.1,1.0,1264.4831174090505,75.20606994628906,24.892955780029297,18.563535093271035,0.8809093511734076,-2.7885651191364783e-05,3.0891628348683753e-06,2.7885651191364783e-05,3.0891628348683753e-06,-8.558857189200353e-06,-1.583357470735791e-05,0.5785455703735352,0.0,19.444444444444443,86,81,5.0292863845825195,RoadOption.STRAIGHT,85.23532104492188,24.92085075378418,-6.280406564898198,2.0,0.5,4.0,1.0,6.0,0.6,0.01,0.06,0.55,0.12,0.2,0.35,1.2,12,10.0,14.0,0.9,1.2,0.6,0.01,0.06,0.65,0.3,0.72,0.005,0.38,0.22,0.01,0.14,1.0,0.28
lqr,ground_truth,gentle_curve,1700.0,0.05,0.1,1.0,1264.5331174097955,76.13424682617188,24.895538330078125,18.563534996920904,0.8809094475235391,-2.430164930006598e-05,3.0891628348683753e-06,2.430164930006598e-05,3.0891628348683753e-06,-9.543202395434491e-06,-9.843452062341385e-07,0.5785458087921143,0.0,19.444444444444443,87,81,4.101105690002441,RoadOption.STRAIGHT,86.23531341552734,24.923629760742188,-6.280406564898198,2.0,0.5,4.0,1.0,6.0,0.6,0.01,0.06,0.55,0.12,0.2,0.35,1.2,12,10.0,14.0,0.9,1.2,0.6,0.01,0.06,0.65,0.3,0.72,0.005,0.38,0.22,0.01,0.14,1.0,0.28
lqr,ground_truth,gentle_curve,1700.0,0.05,0.1,1.0,1264.5831174105406,77.06242370605469,24.898115158081055,18.563534923258803,0.8809095211856395,-2.691799884222551e-05,3.0891628348683753e-06,2.691799884222551e-05,3.0891628348683753e-06,-1.0753364222182427e-05,-1.2101618267479353e-06,0.5785458087921143,0.0,19.444444444444443,88,82,4.172929286956787,RoadOption.STRAIGHT,87.23531341552734,24.926408767700195,-6.280406564898198,2.0,0.5,4.0,1.0,6.0,0.6,0.01,0.06,0.55,0.12,0.2,0.35,1.2,12,10.0,14.0,0.9,1.2,0.6,0.01,0.06,0.65,0.3,0.72,0.005,0.38,0.22,0.01,0.14,1.0,0.28
lqr,ground_truth,gentle_curve,1700.0,0.05,0.1,1.0,1264.6331174112856,77.99059295654297,24.900691986083984,18.56353484107576,0.8809096033686821,-2.7627007114106733e-05,1.1911404094178124e-06,2.7627007114106733e-05,1.1911404094178124e-06,1.369750862068031e-05,2.4450872842862736e-05,0.578545868396759,0.0,19.444444444444443,89,83,4.244752883911133,RoadOption.STRAIGHT,88.23530578613281,24.92918586730957,-6.280406564898198,2.0,0.5,4.0,1.0,6.0,0.6,0.01,0.06,0.55,0.12,0.2,0.35,1.2,12,10.0,14.0,0.9,1.2,0.6,0.01,0.06,0.65,0.3,0.72,0.005,0.38,0.22,0.01,0.14,1.0,0.28
lqr,ground_truth,gentle_curve,1700.0,0.05,0.1,1.0,1264.6831174120307,78.91876983642578,24.903268814086914,18.563534994330904,0.8809094501135384,-3.1197584645526605e-05,9.703373073932653e-07,3.1197584645526605e-05,9.703373073932653e-07,7.321721113839885e-06,-6.375787506840425e-06,0.5785455107688904,0.0,19.444444444444443,90,84,4.31657600402832,RoadOption.STRAIGHT,89.23530578613281,24.931964874267578,-6.280406564898198,2.0,0.5,4.0,1.0,6.0,0.6,0.01,0.06,0.55,0.12,0.2,0.35,1.2,12,10.0,14.0,0.9,1.2,0.6,0.01,0.06,0.65,0.3,0.72,0.005,0.38,0.22,0.01,0.14,1.0,0.28
lqr,ground_truth,gentle_curve,1700.0,0.05,0.1,1.0,1264.7331174127758,79.84693908691406,24.90584945678711,18.563535041237873,0.8809094032065694,-2.998339281891707e-05,9.703373073932653e-07,2.998339281891707e-05,9.703373073932653e-07,-1.308313926529081e-06,-8.630035040368966e-06,0.5785455703735352,0.0,19.444444444444443,91,85,4.388399600982666,RoadOption.STRAIGHT,90.23529815673828,24.934743881225586,-6.280406564898198,2.0,0.5,4.0,1.0,6.0,0.6,0.01,0.06,0.55,0.12,0.2,0.35,1.2,12,10.0,14.0,0.9,1.2,0.6,0.01,0.06,0.65,0.3,0.72,0.005,0.38,0.22,0.01,0.14,1.0,0.28
lqr,ground_truth,gentle_curve,1700.0,0.05,0.1,1.0,1264.7831174135208,80.77511596679688,24.908424377441406,18.563535007302104,0.8809094371423392,-3.258388353052401e-05,9.703373073932653e-07,3.258388353052401e-05,9.703373073932653e-07,5.6346962082898244e-06,6.9430101348189055e-06,0.5785456895828247,0.0,19.444444444444443,92,86,4.4602227210998535,RoadOption.STRAIGHT,91.25563049316406,24.936405181884766,-6.292026469366432,2.0,0.5,4.0,1.0,6.0,0.6,0.01,0.06,0.55,0.12,0.2,0.35,1.2,12,10.0,14.0,0.9,1.2,0.6,0.01,0.06,0.65,0.3,0.72,0.005,0.38,0.22,0.01,0.14,1.0,0.28
lqr,ground_truth,gentle_curve,1700.0,0.05,0.1,1.0,1264.8331174142659,81.70328521728516,24.9110107421875,18.563535063572516,0.8809093808719268,-2.5647667896590634e-05,3.1286941322150597e-06,2.5647667896590634e-05,3.1286941322150597e-06,-8.63035620568553e-06,-1.4265052413975354e-05,0.5785455703735352,0.0,19.444444444444443,93,87,4.532046318054199,RoadOption.STRAIGHT,92.36642456054688,24.89104461669922,-6.355973228196978,2.0,0.5,4.0,1.0,6.0,0.6,0.01,0.06,0.55,0.12,0.2,0.35,1.2,12,10.0,14.0,0.9,1.2,0.6,0.01,0.06,0.65,0.3,0.72,0.005,0.38,0.22,0.01,0.14,1.0,0.28
lqr,ground_truth,gentle_curve,1700.0,0.05,0.1,1.0,1264.883117415011,82.63146209716797,24.91358757019043,18.56353497618151,0.8809094682629315,-2.824815860819757e-05,3.1286941322150597e-06,2.824815860819757e-05,3.1286941322150597e-06,-1.1465022907941602e-05,-2.8346667022560723e-06,0.5785458087921143,0.0,19.444444444444443,94,88,4.603869438171387,RoadOption.STRAIGHT,93.4720458984375,24.774789810180664,-6.419920519659743,2.0,0.5,4.0,1.0,6.0,0.6,0.01,0.06,0.55,0.12,0.2,0.35,1.2,12,10.0,14.0,0.9,1.2,0.6,0.01,0.06,0.65,0.3,0.72,0.005,0.38,0.22,0.01,0.14,1.0,0.28
lqr,ground_truth,gentle_curve,1700.0,0.05,0.1,1.0,1264.933117415756,83.55963897705078,24.91616439819336,18.563534882052707,0.8809095623917358,-2.8962508144580665e-05,3.1286941322150597e-06,2.8962508144580665e-05,3.1286941322150597e-06,-8.022801125662227e-07,1.066274279537538e-05,0.578545868396759,0.0,19.444444444444443,95,89,4.675685405731201,RoadOption.STRAIGHT,94.56797790527344,24.58812141418457,-6.4838672784902895,2.0,0.5,4.0,1.0,6.0,0.6,0.01,0.06,0.55,0.12,0.2,0.35,1.2,12,10.0,14.0,0.9,1.2,0.6,0.01,0.06,0.65,0.3,0.72,0.005,0.38,0.22,0.01,0.14,1.0,0.28
lqr,ground_truth,gentle_curve,1700.0,0.05,0.1,1.0,1264.983117416501,84.48780822753906,24.91874122619629,18.56353489577986,0.880909548664583,-3.154179876230408e-05,5.94789980823407e-07,3.154179876230408e-05,5.94789980823407e-07,1.2415081073413603e-05,1.3217361185979826e-05,0.5785456895828247,0.0,19.444444444444443,95,90,4.74751615524292,RoadOption.STRAIGHT,94.56797790527344,24.58812141418457,-6.4838672784902895,2.0,0.5,4.0,1.0,6.0,0.6,0.01,0.06,0.55,0.12,0.2,0.35,1.2,12,10.0,14.0,0.9,1.2,0.6,0.01,0.06,0.65,0.3,0.72,0.005,0.38,0.22,0.01,0.14,1.0,0.28
lqr,ground_truth,gentle_curve,1700.0,0.05,0.1,1.0,1265.033117417246,85.41598510742188,24.92131805419922,18.563535017176363,0.8809094272680795,-3.3884765806093536e-05,5.94789980823407e-07,3.3884765806093536e-05,5.94789980823407e-07,1.048227659339318e-05,-1.9328044800204225e-06,0.5785455107688904,0.0,19.444444444444443,96,90,3.819336175918579,RoadOption.STRAIGHT,95.64974975585938,24.33180046081543,-6.547814569953054,2.0,0.5,4.0,1.0,6.0,0.6,0.01,0.06,0.55,0.12,0.2,0.35,1.2,12,10.0,14.0,0.9,1.2,0.6,0.01,0.06,0.65,0.3,0.72,0.005,0.38,0.22,0.01,0.14,1.0,0.28
lqr,ground_truth,gentle_curve,1700.0,0.05,0.1,1.0,1265.0831174179912,86.34416198730469,24.92390251159668,18.563535093602802,0.880909350841641,-2.8877091535151056e-05,5.94789980823407e-07,2.8877091535151056e-05,5.94789980823407e-07,-0.003146191593259573,-0.003156673869852966,0.5785455107688904,0.0,19.444444444444443,97,91,3.8911516666412354,RoadOption.STRAIGHT,96.71292114257812,24.00687599182129,-6.611761861415818,2.0,0.5,4.0,1.0,6.0,0.6,0.01,0.06,0.55,0.12,0.2,0.35,1.2,12,10.0,14.0,0.9,1.2,0.6,0.01,0.06,0.65,0.3,0.72,0.005,0.38,0.22,0.01,0.14,1.0,0.28
lqr,ground_truth,gentle_curve,1700.0,0.05,0.1,1.0,1265.1331174187362,87.27233123779297,24.926212310791016,18.563507310229557,0.8809371342148857,-0.045409008688732704,0.01137436933810676,0.045409008688732704,0.01137436933810676,-0.123146191239357,-0.11999999964609742,0.5785956382751465,0.0,19.444444444444443,98,92,3.9833128452301025,RoadOption.STRAIGHT,97.75315856933594,23.614675521850586,-6.675708620246366,2.0,0.5,4.0,1.0,6.0,0.6,0.01,0.06,0.55,0.12,0.2,0.35,1.2,12,10.0,14.0,0.9,1.2,0.6,0.01,0.06,0.65,0.3,0.72,0.005,0.38,0.22,0.01,0.14,1.0,0.28
lqr,ground_truth,gentle_curve,1700.0,0.05,0.1,1.0,1265.1831174194813,88.20001983642578,24.922714233398438,18.54304194881533,0.9014024956291138,-0.2714104631124896,0.06981956192646521,0.2714104631124896,0.06981956192646521,-0.24314619600772858,-0.12000000476837158,0.615399956703186,0.0,19.444444444444443,99,93,4.166525840759277,RoadOption.STRAIGHT,98.76620483398438,23.15679931640625,-6.739655379076912,2.0,0.5,4.0,1.0,6.0,0.6,0.01,0.06,0.55,0.12,0.2,0.35,1.2,12,10.0,14.0,0.9,1.2,0.6,0.01,0.06,0.65,0.3,0.72,0.005,0.38,0.22,0.01,0.14,1.0,0.28
lqr,ground_truth,gentle_curve,1700.0,0.05,0.1,1.0,1265.2331174202263,89.1249008178711,24.901920318603516,18.472719677198494,0.9717247672459486,-0.4666134009538224,0.11440407410762532,0.4666134009538224,0.11440407410762532,-0.36314618587493896,-0.11999998986721039,0.7174215912818909,0.0,19.444444444444443,100,94,4.34900426864624,RoadOption.STRAIGHT,99.7479248046875,22.635122299194336,-6.803602670539677,2.0,0.5,4.0,1.0,6.0,0.6,0.01,0.06,0.55,0.12,0.2,0.35,1.2,12,10.0,14.0,0.9,1.2,0.6,0.01,0.06,0.65,0.3,0.72,0.005,0.38,0.22,0.01,0.14,1.0,0.28
lqr,ground_truth,gentle_curve,1700.0,0.05,0.1,1.0,1265.2831174209714,90.04348754882812,24.854631423950195,18.349250795778953,1.0951936486654894,-0.6407399447285693,0.14210307581213044,0.6407399447285693,0.14210307581213044,-0.48314619064331055,-0.12000000476837158,0.8552788496017456,0.0,19.444444444444443,101,95,4.5323333740234375,RoadOption.STRAIGHT,100.69429779052734,22.051776885986328,-6.867549429370223,2.0,0.5,4.0,1.0,6.0,0.6,0.01,0.06,0.55,0.12,0.2,0.35,1.2,12,10.0,14.0,0.9,1.2,0.6,0.01,0.06,0.65,0.3,0.72,0.005,0.38,0.22,0.01,0.14,1.0,0.28
lqr,ground_truth,gentle_curve,1700.0,0.05,0.1,1.0,1265.3331174217165,90.95191955566406,24.77286148071289,18.181913369345807,1.2625310750986358,-0.8030168412882195,0.15315884369889154,0.8030168412882195,0.15315884369889154,-0.550000011920929,-0.06685382127761841,1.0,0.0,19.444444444444443,101,96,4.718490123748779,RoadOption.STRAIGHT,100.69429779052734,22.051776885986328,-6.867549429370223,2.0,0.5,4.0,1.0,6.0,0.6,0.01,0.06,0.55,0.12,0.2,0.35,1.2,12,10.0,14.0,0.9,1.2,0.6,0.01,0.06,0.65,0.3,0.72,0.005,0.38,0.22,0.01,0.14,1.0,0.28
lqr,ground_truth,gentle_curve,1700.0,0.05,0.1,1.0,1265.3831174224615,91.8466796875,24.650203704833984,17.99923743811095,1.4452070063334936,-0.6873790289810644,0.085833981538876,0.6873790289810644,0.085833981538876,-0.4300000071525574,0.12000000476837158,1.0,0.0,19.444444444444443,102,96,3.816375970840454,RoadOption.STRAIGHT,101.6014633178711,21.409147262573242,-6.931496720832988,2.0,0.5,4.0,1.0,6.0,0.6,0.01,0.06,0.55,0.12,0.2,0.35,1.2,12,10.0,14.0,0.9,1.2,0.6,0.01,0.06,0.65,0.3,0.72,0.005,0.38,0.22,0.01,0.14,1.0,0.28
lqr,ground_truth,gentle_curve,1700.0,0.05,0.1,1.0,1265.4331174232066,92.72832489013672,24.48237419128418,17.925155517282853,1.5192889271615897,-0.8357532113776381,0.07221717230627434,0.8357532113776381,0.07221717230627434,-0.3100000023841858,0.12000000476837158,1.0,0.0,19.444444444444443,103,97,4.0128679275512695,RoadOption.STRAIGHT,102.46570587158203,20.709861755371094,-6.9954434796635345,2.0,0.5,4.0,1.0,6.0,0.6,0.01,0.06,0.55,0.12,0.2,0.35,1.2,12,10.0,14.0,0.9,1.2,0.6,0.01,0.06,0.65,0.3,0.72,0.005,0.38,0.22,0.01,0.14,1.0,0.28
lqr,ground_truth,gentle_curve,1700.0,0.05,0.1,1.0,1265.4831174239516,93.60015106201172,24.267316818237305,17.964178742169786,1.4802657022746573,-0.9856069144999462,0.05442485937956398,0.9856069144999462,0.05442485937956398,-0.1899999976158142,0.12000000476837158,0.8913315534591675,0.0,19.444444444444443,104,98,4.203976154327393,RoadOption.STRAIGHT,103.28349304199219,19.956775665283203,-7.059390771126299,2.0,0.5,4.0,1.0,6.0,0.6,0.01,0.06,0.55,0.12,0.2,0.35,1.2,12,10.0,14.0,0.9,1.2,0.6,0.01,0.06,0.65,0.3,0.72,0.005,0.38,0.22,0.01,0.14,1.0,0.28
lqr,ground_truth,gentle_curve,1700.0,0.05,0.1,1.0,1265.5331174246967,94.4648208618164,24.00566864013672,18.087648473012383,1.35679597143206,-1.1340171183352585,0.039647377964877606,1.1340171183352585,0.039647377964877606,-0.07000000029802322,0.11999999731779099,0.7159138917922974,0.0,19.444444444444443,105,99,4.384345531463623,RoadOption.STRAIGHT,104.0514907836914,19.15296745300293,-7.123338062589064,2.0,0.5,4.0,1.0,6.0,0.6,0.01,0.06,0.55,0.12,0.2,0.35,1.2,12,10.0,14.0,0.9,1.2,0.6,0.01,0.06,0.65,0.3,0.72,0.005,0.38,0.22,0.01,0.14,1.0,0.28
lqr,ground_truth,gentle_curve,1700.0,0.05,0.1,1.0,1265.5831174254417,95.32383728027344,23.70113182067871,18.250422678952646,1.1940217654917973,-1.2749610546418157,0.03573819037977799,1.2749610546418157,0.03573819037977799,0.05000000074505806,0.12000000104308128,0.5710840225219727,0.0,19.444444444444443,106,100,4.550706386566162,RoadOption.STRAIGHT,104.76455688476562,18.304391860961914,-0.9022056072308142,2.0,0.5,4.0,1.0,6.0,0.6,0.01,0.06,0.55,0.12,0.2,0.35,1.2,12,10.0,14.0,0.9,1.2,0.6,0.01,0.06,0.65,0.3,0.72,0.005,0.38,0.22,0.01,0.14,1.0,0.28
lqr,ground_truth,gentle_curve,1700.0,0.05,0.1,1.0,1265.6331174261868,96.177734375,23.361095428466797,18.400049884765412,1.0443945596790307,-1.3995944025810558,0.051011652257976436,1.3995944025810558,0.051011652257976436,0.02219552733004093,-0.027804473415017128,0.4970840811729431,0.0,19.444444444444443,107,101,4.702516555786133,RoadOption.STRAIGHT,105.41449737548828,17.44173812866211,-0.9480231632567554,2.0,0.5,4.0,1.0,6.0,0.6,0.01,0.06,0.55,0.12,0.2,0.35,1.2,12,10.0,14.0,0.9,1.2,0.6,0.01,0.06,0.65,0.3,0.72,0.005,0.38,0.22,0.01,0.14,1.0,0.28
lqr,ground_truth,gentle_curve,1700.0,0.05,0.1,1.0,1265.6831174269319,97.0223159790039,22.98722267150879,18.472217864841735,0.9722265796027081,-1.5071870996704197,0.08338483873189872,1.5071870996704197,0.08338483873189872,-0.0978044718503952,-0.11999999918043613,0.5467343926429749,0.0,19.444444444444443,107,102,4.843440055847168,RoadOption.STRAIGHT,105.41449737548828,17.44173812866211,-0.9480231632567554,2.0,0.5,4.0,1.0,6.0,0.6,0.01,0.06,0.55,0.12,0.2,0.35,1.2,12,10.0,14.0,0.9,1.2,0.6,0.01,0.06,0.65,0.3,0.72,0.005,0.38,0.22,0.01,0.14,1.0,0.28
lqr,ground_truth,gentle_curve,1700.0,0.05,0.1,1.0,1265.733117427677,97.84951782226562,22.576175689697266,18.442805102161802,1.0016393422826404,-1.3353359024995406,0.05769811738586661,1.3353359024995406,0.05769811738586661,-0.1774134486913681,-0.0796089768409729,0.6862789392471313,0.0,19.444444444444443,108,102,3.9292562007904053,RoadOption.STRAIGHT,106.02423095703125,16.550220489501953,-0.9938407192826967,2.0,0.5,4.0,1.0,6.0,0.6,0.01,0.06,0.55,0.12,0.2,0.35,1.2,12,10.0,14.0,0.9,1.2,0.6,0.01,0.06,0.65,0.3,0.72,0.005,0.38,0.22,0.01,0.14,1.0,0.28
lqr,ground_truth,gentle_curve,1700.0,0.05,0.1,1.0,1265.783117428422,98.65298461914062,22.127267837524414,18.36242616185699,1.0820182825874518,-1.4189658189247847,0.09318234206619103,1.4189658189247847,0.09318234206619103,-0.2974134385585785,-0.11999998986721039,0.7956656813621521,0.0,19.444444444444443,109,103,4.067663192749023,RoadOption.STRAIGHT,106.5925064086914,15.6317138671875,-1.0396582753086379,2.0,0.5,4.0,1.0,6.0,0.6,0.01,0.06,0.55,0.12,0.2,0.35,1.2,12,10.0,14.0,0.9,1.2,0.6,0.01,0.06,0.65,0.3,0.72,0.005,0.38,0.22,0.01,0.14,1.0,0.28
lqr,ground_truth,gentle_curve,1700.0,0.05,0.1,1.0,1265.833117429167,99.42893981933594,21.641735076904297,18.24747455979729,1.196969884647153,-1.4980621307579418,0.12171371893059302,1.4980621307579418,0.12171371893059302,-0.4174134433269501,-0.12000000476837158,0.9061238765716553,0.0,19.444444444444443,110,104,4.2067413330078125,RoadOption.STRAIGHT,107.11811065673828,14.688141822814941,-1.0854758313345791,2.0,0.5,4.0,1.0,6.0,0.6,0.01,0.06,0.55,0.12,0.2,0.35,1.2,12,10.0,14.0,0.9,1.2,0.6,0.01,0.06,0.65,0.3,0.72,0.005,0.38,0.22,0.01,0.14,1.0,0.28
lqr,ground_truth,gentle_curve,1700.0,0.05,0.1,1.0,1265.883117429912,100.17283630371094,21.120290756225586,18.098079167343062,1.3463652771013805,-1.5757174251967025,0.14020444585317549,1.5757174251967025,0.14020444585317549,-0.4839177429676056,-0.06650429964065552,1.0,0.0,19.444444444444443,111,105,4.349060535430908,RoadOption.STRAIGHT,107.59994506835938,13.721487045288086,-1.1312933873605204,2.0,0.5,4.0,1.0,6.0,0.6,0.01,0.06,0.55,0.12,0.2,0.35,1.2,12,10.0,14.0,0.9,1.2,0.6,0.01,0.06,0.65,0.3,0.72,0.005,0.38,0.22,0.01,0.14,1.0,0.28
lqr,ground_truth,gentle_curve,1700.0,0.05,0.1,1.0,1265.9331174306571,100.8808364868164,20.56373405456543,17.940667485694746,1.5037769587496967,-1.6470172554543019,0.14603983127570253,1.6470172554543019,0.14603983127570253,-0.4363410770893097,0.0475766658782959,1.0,0.0,19.444444444444443,112,106,4.493096351623535,RoadOption.STRAIGHT,108.03699493408203,12.73377799987793,-1.1771109433864615,2.0,0.5,4.0,1.0,6.0,0.6,0.01,0.06,0.55,0.12,0.2,0.35,1.2,12,10.0,14.0,0.9,1.2,0.6,0.01,0.06,0.65,0.3,0.72,0.005,0.38,0.22,0.01,0.14,1.0,0.28
lqr,ground_truth,gentle_curve,1700.0,0.05,0.1,1.0,1265.9831174314022,101.55165100097656,19.971412658691406,17.8526275232806,1.5918169211638435,-1.6621174303392927,0.12621572617434307,1.6621174303392927,0.12621572617434307,-0.3163410723209381,0.12000000476837158,1.0,0.0,19.444444444444443,113,107,4.6174492835998535,RoadOption.STRAIGHT,108.42835998535156,11.72708797454834,-1.2229286325704574,2.0,0.5,4.0,1.0,6.0,0.6,0.01,0.06,0.55,0.12,0.2,0.35,1.2,12,10.0,14.0,0.9,1.2,0.6,0.01,0.06,0.65,0.3,0.72,0.005,0.38,0.22,0.01,0.14,1.0,0.28
lqr,ground_truth,gentle_curve,1700.0,0.05,0.1,1.0,1266.0331174321473,102.18648529052734,19.34181785583496,17.875908858719217,1.5685355857252254,-1.6937726786881535,0.10040317046680469,1.6937726786881535,0.10040317046680469,-0.19634106755256653,0.12000000476837158,0.9631837606430054,0.0,19.444444444444443,114,108,4.745662212371826,RoadOption.STRAIGHT,108.773193359375,10.70352840423584,-1.268746055438344,2.0,0.5,4.0,1.0,6.0,0.6,0.01,0.06,0.55,0.12,0.2,0.35,1.2,12,10.0,14.0,0.9,1.2,0.6,0.01,0.06,0.65,0.3,0.72,0.005,0.38,0.22,0.01,0.14,1.0,0.28
lqr,ground_truth,gentle_curve,1700.0,0.05,0.1,1.0,1266.0831174328923,102.78882598876953,18.674463272094727,18.00428166941435,1.4401627750300925,-1.738453881379635,0.07479314816016691,1.738453881379635,0.07479314816016691,-0.07634107023477554,0.11999999731779099,0.7600502967834473,0.0,19.444444444444443,115,109,4.87096643447876,RoadOption.STRAIGHT,109.07079315185547,9.665250778198242,-1.3145637446223397,2.0,0.5,4.0,1.0,6.0,0.6,0.01,0.06,0.55,0.12,0.2,0.35,1.2,12,10.0,14.0,0.9,1.2,0.6,0.01,0.06,0.65,0.3,0.72,0.005,0.38,0.22,0.01,0.14,1.0,0.28
lqr,ground_truth,gentle_curve,1700.0,0.05,0.1,1.0,1266.1331174336374,103.36337280273438,17.971511840820312,18.19613858617051,1.248305858273934,-1.7894959062016045,0.05736755251556058,1.7894959062016045,0.05736755251556058,0.04365893080830574,0.12000000104308128,0.5687552094459534,0.0,19.444444444444443,115,110,4.987843036651611,RoadOption.STRAIGHT,109.07079315185547,9.665250778198242,-1.3145637446223397,2.0,0.5,4.0,1.0,6.0,0.6,0.01,0.06,0.55,0.12,0.2,0.35,1.2,12,10.0,14.0,0.9,1.2,0.6,0.01,0.06,0.65,0.3,0.72,0.005,0.38,0.22,0.01,0.14,1.0,0.28
lqr,ground_truth,gentle_curve,1700.0,0.05,0.1,1.0,1266.1831174343824,103.91560363769531,17.23894500732422,18.38388189450326,1.0605625499411815,-1.6427701304313798,0.011308514357776467,1.6427701304313798,0.011308514357776467,0.16365893185138702,0.12000000104308128,0.4610455632209778,0.0,19.444444444444443,116,110,4.094221591949463,RoadOption.STRAIGHT,109.32051849365234,8.614431381225586,-1.3603811674902264,2.0,0.5,4.0,1.0,6.0,0.6,0.01,0.06,0.55,0.12,0.2,0.35,1.2,12,10.0,14.0,0.9,1.2,0.6,0.01,0.06,0.65,0.3,0.72,0.005,0.38,0.22,0.01,0.14,1.0,0.28
lqr,ground_truth,gentle_curve,1700.0,0.05,0.1,1.0,1266.2331174351275,104.4498519897461,16.484941482543945,18.503319671332555,0.9411247731118877,-1.6748971418886958,0.0341614991459096,1.6748971418886958,0.0341614991459096,0.1576196849346161,-0.006039246916770935,0.4713495373725891,0.0,19.444444444444443,117,111,4.1904377937316895,RoadOption.STRAIGHT,109.52186584472656,7.5532755851745605,-1.4061987235161677,2.0,0.5,4.0,1.0,6.0,0.6,0.01,0.06,0.55,0.12,0.2,0.35,1.2,12,10.0,14.0,0.9,1.2,0.6,0.01,0.06,0.65,0.3,0.72,0.005,0.38,0.22,0.01,0.14,1.0,0.28
lqr,ground_truth,gentle_curve,1700.0,0.05,0.1,1.0,1266.2831174358726,104.96993255615234,15.717276573181152,18.56544877987787,0.878995664566574,-1.6879835876560907,0.08064351386382551,1.6879835876560907,0.08064351386382551,0.03761967644095421,-0.12000000849366188,0.5028424859046936,0.0,19.444444444444443,118,112,4.278800964355469,RoadOption.STRAIGHT,109.67438507080078,6.484013557434082,-1.4520164127001636,2.0,0.5,4.0,1.0,6.0,0.6,0.01,0.06,0.55,0.12,0.2,0.35,1.2,12,10.0,14.0,0.9,1.2,0.6,0.01,0.06,0.65,0.3,0.72,0.005,0.38,0.22,0.01,0.14,1.0,0.28
lqr,ground_truth,gentle_curve,1700.0,0.05,0.1,1.0,1266.3331174366176,105.47200775146484,14.936006546020508,18.586036235014532,0.8584082094299106,-1.6853707921821857,0.1365358082935364,1.6853707921821857,0.1365358082935364,-0.08238032460212708,-0.12000000104308128,0.540340006351471,0.0,19.444444444444443,119,113,4.363161563873291,RoadOption.STRAIGHT,109.77777862548828,5.408886909484863,-1.4978338355680503,2.0,0.5,4.0,1.0,6.0,0.6,0.01,0.06,0.55,0.12,0.2,0.35,1.2,12,10.0,14.0,0.9,1.2,0.6,0.01,0.06,0.65,0.3,0.72,0.005,0.38,0.22,0.01,0.14,1.0,0.28
lqr,ground_truth,gentle_curve,1700.0,0.05,0.1,1.0,1266.3831174373627,105.95194244384766,14.141348838806152,18.555991020357645,0.8884534240867978,-1.6708519736866358,0.18737362271135893,1.6708519736866358,0.18737362271135893,-0.20238032937049866,-0.12000000476837158,0.6191263198852539,0.0,19.444444444444443,120,114,4.447254180908203,RoadOption.STRAIGHT,109.83181762695312,4.330153465270996,-1.543651524752046,2.0,0.5,4.0,1.0,6.0,0.6,0.01,0.06,0.55,0.12,0.2,0.35,1.2,12,10.0,14.0,0.9,1.2,0.6,0.01,0.06,0.65,0.3,0.72,0.005,0.38,0.22,0.01,0.14,1.0,0.28
lqr,ground_truth,gentle_curve,1700.0,0.05,0.1,1.0,1266.4331174381077,106.407470703125,13.335368156433105,18.4855222468513,0.958922197593143,-1.6462223661512922,0.22579604644334061,1.6462223661512922,0.22579604644334061,-0.32238033413887024,-0.12000000476837158,0.7099158763885498,0.0,19.444444444444443,121,115,4.5346503257751465,RoadOption.STRAIGHT,109.84375,3.2946765422821045,-7.84716127842279,2.0,0.5,4.0,1.0,6.0,0.6,0.01,0.06,0.55,0.12,0.2,0.35,1.2,12,10.0,14.0,0.9,1.2,0.6,0.01,0.06,0.65,0.3,0.72,0.005,0.38,0.22,0.01,0.14,1.0,0.28
lqr,ground_truth,gentle_curve,1700.0,0.05,0.1,1.0,1266.4831174388528,106.83409118652344,12.519339561462402,18.37009906102334,1.0743453834211039,-1.6159851369421618,0.24776159937723286,1.6159851369421618,0.24776159937723286,-0.44238030910491943,-0.1199999749660492,0.8331150412559509,0.0,19.444444444444443,122,116,4.6293230056762695,RoadOption.STRAIGHT,109.85057067871094,2.2946996688842773,-7.84716127842279,2.0,0.5,4.0,1.0,6.0,0.6,0.01,0.06,0.55,0.12,0.2,0.35,1.2,12,10.0,14.0,0.9,1.2,0.6,0.01,0.06,0.65,0.3,0.72,0.005,0.38,0.22,0.01,0.14,1.0,0.28
lqr,ground_truth,gentle_curve,1700.0,0.05,0.1,1.0,1266.5331174395978,107.2259750366211,11.69394588470459,18.21688963761437,1.2275548068300743,-1.5863892665916781,0.2523560848898372,1.5863892665916781,0.2523560848898372,-0.550000011920929,-0.10761970281600952,0.9703841805458069,0.0,19.444444444444443,123,117,4.734582424163818,RoadOption.STRAIGHT,109.85739135742188,1.2947229146957397,-7.84716127842279,2.0,0.5,4.0,1.0,6.0,0.6,0.01,0.06,0.55,0.12,0.2,0.35,1.2,12,10.0,14.0,0.9,1.2,0.6,0.01,0.06,0.65,0.3,0.72,0.005,0.38,0.22,0.01,0.14,1.0,0.28
lqr,ground_truth,gentle_curve,1700.0,0.05,0.1,1.0,1266.583117440343,107.5771255493164,10.85970687866211,18.038888446725455,1.405555997718988,-1.5639589504260882,0.24097053859753093,1.5639589504260882,0.24097053859753093,-0.550000011920929,0.0,1.0,0.0,19.444444444444443,124,118,4.852338790893555,RoadOption.STRAIGHT,109.86421203613281,0.2949797213077545,-7.84716127842279,2.0,0.5,4.0,1.0,6.0,0.6,0.01,0.06,0.55,0.12,0.2,0.35,1.2,12,10.0,14.0,0.9,1.2,0.6,0.01,0.06,0.65,0.3,0.72,0.005,0.38,0.22,0.01,0.14,1.0,0.28
lqr,ground_truth,gentle_curve,1700.0,0.05,0.1,1.0,1266.633117441088,107.88275909423828,10.016341209411621,17.88823024929162,1.5562141951528226,-1.554104522618393,0.216429642310505,1.554104522618393,0.216429642310505,-0.550000011920929,0.0,1.0,0.0,19.444444444444443,125,119,4.981941223144531,RoadOption.STRAIGHT,109.87102508544922,-0.7049970030784607,-7.84716127842279,2.0,0.5,4.0,1.0,6.0,0.6,0.01,0.06,0.55,0.12,0.2,0.35,1.2,12,10.0,14.0,0.9,1.2,0.6,0.01,0.06,0.65,0.3,0.72,0.005,0.38,0.22,0.01,0.14,1.0,0.28
lqr,ground_truth,gentle_curve,1700.0,0.05,0.1,1.0,1266.683117441833,108.13896179199219,9.163168907165527,17.76335553786027,1.681088906584172,-1.5610570542062454,0.18179496601791545,1.5610570542062454,0.18179496601791545,-0.532285213470459,0.01771479845046997,1.0,0.0,19.444444444444443,125,120,5.120918273925781,RoadOption.STRAIGHT,109.87102508544922,-0.7049970030784607,-7.84716127842279,2.0,0.5,4.0,1.0,6.0,0.6,0.01,0.06,0.55,0.12,0.2,0.35,1.2,12,10.0,14.0,0.9,1.2,0.6,0.01,0.06,0.65,0.3,0.72,0.005,0.38,0.22,0.01,0.14,1.0,0.28
lqr,ground_truth,gentle_curve,1700.0,0.05,0.1,1.0,1266.733117442578,108.34187316894531,8.300887107849121,17.65711626235017,1.7873281820942744,-1.3816240236826278,0.09385605524295393,1.3816240236826278,0.09385605524295393,-0.4122852087020874,0.12000000476837158,1.0,0.0,19.444444444444443,126,120,4.2410688400268555,RoadOption.STRAIGHT,109.87784576416016,-1.704973816871643,-7.84716127842279,2.0,0.5,4.0,1.0,6.0,0.6,0.01,0.06,0.55,0.12,0.2,0.35,1.2,12,10.0,14.0,0.9,1.2,0.6,0.01,0.06,0.65,0.3,0.72,0.005,0.38,0.22,0.01,0.14,1.0,0.28
lqr,ground_truth,gentle_curve,1700.0,0.05,0.1,1.0,1266.7831174433231,108.48902130126953,7.429812431335449,17.623203318370656,1.8212411260737866,-1.3264943113625998,0.02158931485089255,1.3264943113625998,0.02158931485089255,-0.2922852039337158,0.12000000476837158,1.0,0.0,19.444444444444443,127,121,4.351395130157471,RoadOption.STRAIGHT,109.8846664428711,-2.7049503326416016,-7.84716127842279,2.0,0.5,4.0,1.0,6.0,0.6,0.01,0.06,0.55,0.12,0.2,0.35,1.2,12,10.0,14.0,0.9,1.2,0.6,0.01,0.06,0.65,0.3,0.72,0.005,0.38,0.22,0.01,0.14,1.0,0.28
lqr,ground_truth,gentle_curve,1700.0,0.05,0.1,1.0,1266.8331174440682,108.57984161376953,6.549365520477295,17.670481274050868,1.773963170393575,-1.2416814007587536,-0.07157551693113362,1.2416814007587536,0.07157551693113362,-0.17228521406650543,0.11999998986721039,1.0,0.0,19.444444444444443,128,122,4.440375804901123,RoadOption.STRAIGHT,109.89148712158203,-3.7049272060394287,-7.84716127842279,2.0,0.5,4.0,1.0,6.0,0.6,0.01,0.06,0.55,0.12,0.2,0.35,1.2,12,10.0,14.0,0.9,1.2,0.6,0.01,0.06,0.65,0.3,0.72,0.005,0.38,0.22,0.01,0.14,1.0,0.28
lqr,ground_truth,gentle_curve,1700.0,0.05,0.1,1.0,1266.8831174448133,108.61573791503906,5.659511566162109,17.793258670756924,1.6511857736875193,-1.2118553836300436,-0.16000924303663133,1.2118553836300436,0.16000924303663133,-0.05228521674871445,0.11999999731779099,0.8933786153793335,0.0,19.444444444444443,129,123,4.537960529327393,RoadOption.STRAIGHT,109.89830780029297,-4.704904079437256,-1.5639765038754216,2.0,0.5,4.0,1.0,6.0,0.6,0.01,0.06,0.55,0.12,0.2,0.35,1.2,12,10.0,14.0,0.9,1.2,0.6,0.01,0.06,0.65,0.3,0.72,0.005,0.38,0.22,0.01,0.14,1.0,0.28
lqr,ground_truth,gentle_curve,1700.0,0.05,0.1,1.0,1266.9331174455583,108.60031127929688,4.760725975036621,17.974187021379947,1.4702574230644956,-1.2334136192385148,-0.23724424360029062,1.2334136192385148,0.23724424360029062,0.06771478056907654,0.11999999731779099,0.7150404453277588,0.0,19.444444444444443,130,124,4.6411566734313965,RoadOption.STRAIGHT,109.9051284790039,-5.704881191253662,-1.5639765038754216,2.0,0.5,4.0,1.0,6.0,0.6,0.01,0.06,0.55,0.12,0.2,0.35,1.2,12,10.0,14.0,0.9,1.2,0.6,0.01,0.06,0.65,0.3,0.72,0.005,0.38,0.22,0.01,0.14,1.0,0.28
lqr,ground_truth,gentle_curve,1700.0,0.05,0.1,1.0,1266.9831174463034,108.53937530517578,3.8545379638671875,18.174086407739843,1.2703580367046001,-1.300521399521412,-0.2961051636971135,1.300521399521412,0.2961051636971135,0.18771478533744812,0.12000000476837158,0.5723355412483215,0.0,19.444444444444443,131,125,4.750016212463379,RoadOption.STRAIGHT,109.91194915771484,-6.70485782623291,-1.5639765038754216,2.0,0.5,4.0,1.0,6.0,0.6,0.01,0.06,0.55,0.12,0.2,0.35,1.2,12,10.0,14.0,0.9,1.2,0.6,0.01,0.06,0.65,0.3,0.72,0.005,0.38,0.22,0.01,0.14,1.0,0.28
lqr,ground_truth,gentle_curve,1700.0,0.05,0.1,1.0,1267.0331174470484,108.44023895263672,2.943905830383301,18.338700328656824,1.105744115787619,-1.4058666086040557,-0.3304403675251244,1.4058666086040557,0.3304403675251244,0.3077147901058197,0.12000000476837158,0.5159097909927368,0.0,19.444444444444443,132,126,4.866086483001709,RoadOption.STRAIGHT,109.91876220703125,-7.704834461212158,-1.5639765038754216,2.0,0.5,4.0,1.0,6.0,0.6,0.01,0.06,0.55,0.12,0.2,0.35,1.2,12,10.0,14.0,0.9,1.2,0.6,0.01,0.06,0.65,0.3,0.72,0.005,0.38,0.22,0.01,0.14,1.0,0.28
lqr,ground_truth,gentle_curve,1700.0,0.05,0.1,1.0,1267.0831174477935,108.31465911865234,2.0321106910705566,18.43195020884471,1.012494235599732,-1.5376626181797526,-0.33376838678134035,1.5376626181797526,0.33376838678134035,0.4277147948741913,0.12000000476837158,0.5455966591835022,0.0,19.444444444444443,133,127,4.990458011627197,RoadOption.STRAIGHT,109.92558288574219,-8.704811096191406,-1.5639765038754216,2.0,0.5,4.0,1.0,6.0,0.6,0.01,0.06,0.55,0.12,0.2,0.35,1.2,12,10.0,14.0,0.9,1.2,0.6,0.01,0.06,0.65,0.3,0.72,0.005,0.38,0.22,0.01,0.14,1.0,0.28
lqr,ground_truth,gentle_curve,1700.0,0.05,0.1,1.0,1267.1331174485385,108.17725372314453,1.1218092441558838,18.43650927981329,1.007935164631153,-1.6812737243602656,-0.30325149016623243,1.6812737243602656,0.30325149016623243,0.5477147698402405,0.1199999749660492,0.6492902040481567,0.0,19.444444444444443,134,128,5.12210750579834,RoadOption.STRAIGHT,109.93241119384766,-9.70520305633545,-1.5639765038754216,2.0,0.5,4.0,1.0,6.0,0.6,0.01,0.06,0.55,0.12,0.2,0.35,1.2,12,10.0,14.0,0.9,1.2,0.6,0.01,0.06,0.65,0.3,0.72,0.005,0.38,0.22,0.01,0.14,1.0,0.28
lqr,ground_truth,gentle_curve,1700.0,0.05,0.1,1.0,1267.1831174492836,108.04603576660156,0.21410605311393738,18.353995594825836,1.0904488496186069,-1.818682441286074,-0.2415680187880902,1.818682441286074,0.2415680187880902,0.550000011920929,0.0022852420806884766,0.8032857179641724,0.0,19.444444444444443,134,129,5.256194114685059,RoadOption.STRAIGHT,109.93241119384766,-9.70520305633545,-1.5639765038754216,2.0,0.5,4.0,1.0,6.0,0.6,0.01,0.06,0.55,0.12,0.2,0.35,1.2,12,10.0,14.0,0.9,1.2,0.6,0.01,0.06,0.65,0.3,0.72,0.005,0.38,0.22,0.01,0.14,1.0,0.28
lqr,ground_truth,gentle_curve,1700.0,0.05,0.1,1.0,1267.2331174500287,107.9398193359375,-0.6917446851730347,18.248261889752282,1.196182554692161,-1.931074095636356,-0.15758789697353137,1.931074095636356,0.15758789697353137,0.550000011920929,0.0,0.8945899605751038,0.0,19.444444444444443,135,129,4.465548992156982,RoadOption.STRAIGHT,109.9389419555664,-10.711223602294922,-1.5651271226243904,2.0,0.5,4.0,1.0,6.0,0.6,0.01,0.06,0.55,0.12,0.2,0.35,1.2,12,10.0,14.0,0.9,1.2,0.6,0.01,0.06,0.65,0.3,0.72,0.005,0.38,0.22,0.01,0.14,1.0,0.28
lqr,ground_truth,gentle_curve,1700.0,0.05,0.1,1.0,1267.2831174507737,107.87239837646484,-1.596867322921753,18.139675474326143,1.3047689701182996,-2.0046671216361216,-0.060691310714033886,2.0046671216361216,0.060691310714033886,0.550000011920929,0.0,0.9631651043891907,0.0,19.444444444444443,136,130,4.583424091339111,RoadOption.STRAIGHT,109.94365692138672,-11.721712112426758,-1.56712715660304,2.0,0.5,4.0,1.0,6.0,0.6,0.01,0.06,0.55,0.12,0.2,0.35,1.2,12,10.0,14.0,0.9,1.2,0.6,0.01,0.06,0.65,0.3,0.72,0.005,0.38,0.22,0.01,0.14,1.0,0.28
lqr,ground_truth,gentle_curve,1700.0,0.05,0.1,1.0,1267.3331174515188,107.85320281982422,-2.4998302459716797,18.01893749485382,1.4255069495906234,-2.030021140775172,0.04374628248813206,2.030021140775172,0.04374628248813206,0.4300000071525574,-0.12000000476837158,1.0,0.0,19.444444444444443,137,131,4.681954383850098,RoadOption.STRAIGHT,109.94634246826172,-12.732207298278809,-1.569127057423635,2.0,0.5,4.0,1.0,6.0,0.6,0.01,0.06,0.55,0.12,0.2,0.35,1.2,12,10.0,14.0,0.9,1.2,0.6,0.01,0.06,0.65,0.3,0.72,0.005,0.38,0.22,0.01,0.14,1.0,0.28
lqr,ground_truth,gentle_curve,1700.0,0.05,0.1,1.0,1267.3831174522638,107.88753509521484,-3.3995559215545654,17.960623206349812,1.483821238094631,-2.001818866167026,0.15143080169132261,2.001818866167026,0.15143080169132261,0.3100000023841858,-0.12000000476837158,1.0,0.0,19.444444444444443,138,132,4.760389804840088,RoadOption.STRAIGHT,109.947021484375,-13.742707252502441,-1.5711270914022843,2.0,0.5,4.0,1.0,6.0,0.6,0.01,0.06,0.55,0.12,0.2,0.35,1.2,12,10.0,14.0,0.9,1.2,0.6,0.01,0.06,0.65,0.3,0.72,0.005,0.38,0.22,0.01,0.14,1.0,0.28
lqr,ground_truth,gentle_curve,1700.0,0.05,0.1,1.0,1267.433117453009,107.97750091552734,-4.296115875244141,17.969949908315655,1.4744945361287876,-1.9179703801113916,0.25772728133436384,1.9179703801113916,0.25772728133436384,0.1899999976158142,-0.12000000476837158,0.923504650592804,0.0,19.444444444444443,139,133,4.819919109344482,RoadOption.STRAIGHT,109.94566345214844,-14.753206253051758,-1.573127125380934,2.0,0.5,4.0,1.0,6.0,0.6,0.01,0.06,0.55,0.12,0.2,0.35,1.2,12,10.0,14.0,0.9,1.2,0.6,0.01,0.06,0.65,0.3,0.72,0.005,0.38,0.22,0.01,0.14,1.0,0.28
lqr,ground_truth,gentle_curve,1700.0,0.05,0.1,1.0,1267.483117453754,108.1230239868164,-5.1888651847839355,18.03566258615544,1.4087818582890037,-1.7785447441357598,0.35784948830616514,1.7785447441357598,0.35784948830616514,0.07000000029802322,-0.11999999731779099,0.8164138793945312,0.0,19.444444444444443,140,134,4.865304946899414,RoadOption.STRAIGHT,109.94248962402344,-15.759590148925781,-1.5743440568410456,2.0,0.5,4.0,1.0,6.0,0.6,0.01,0.06,0.55,0.12,0.2,0.35,1.2,12,10.0,14.0,0.9,1.2,0.6,0.01,0.06,0.65,0.3,0.72,0.005,0.38,0.22,0.01,0.14,1.0,0.28
lqr,ground_truth,gentle_curve,1700.0,0.05,0.1,1.0,1267.533117454499,108.32171630859375,-6.076609134674072,18.140218778034452,1.304225666409991,-1.590925223401292,0.44753822907536334,1.590925223401292,0.44753822907536334,-0.05000000074505806,-0.12000000104308128,0.7070679664611816,0.0,19.444444444444443,141,135,4.908673286437988,RoadOption.STRAIGHT,109.93968963623047,-16.74900245666504,4.710856597493458,2.0,0.5,4.0,1.0,6.0,0.6,0.01,0.06,0.55,0.12,0.2,0.35,1.2,12,10.0,14.0,0.9,1.2,0.6,0.01,0.06,0.65,0.3,0.72,0.005,0.38,0.22,0.01,0.14,1.0,0.28
lqr,ground_truth,gentle_curve,1700.0,0.05,0.1,1.0,1267.583117455244,108.56841278076172,-6.95803689956665,18.262385847225705,1.182058597218738,-1.357756187434248,0.5199664901875396,1.357756187434248,0.5199664901875396,-0.17000000178813934,-0.12000000104308128,0.6126346588134766,0.0,19.444444444444443,142,136,4.958215236663818,RoadOption.STRAIGHT,109.93956756591797,-17.734289169311523,4.71365877559244,2.0,0.5,4.0,1.0,6.0,0.6,0.01,0.06,0.55,0.12,0.2,0.35,1.2,12,10.0,14.0,0.9,1.2,0.6,0.01,0.06,0.65,0.3,0.72,0.005,0.38,0.22,0.01,0.14,1.0,0.28
lqr,ground_truth,gentle_curve,1700.0,0.05,0.1,1.0,1267.6331174559891,108.85726928710938,-7.831007480621338,18.36383568979136,1.0806087546530811,-1.0808902448846258,0.5692355029862237,1.0808902448846258,0.5692355029862237,-0.28999999165534973,-0.11999998986721039,0.5766254663467407,0.0,19.444444444444443,143,137,5.020740985870361,RoadOption.STRAIGHT,109.94218444824219,-18.719573974609375,4.716461486323639,2.0,0.5,4.0,1.0,6.0,0.6,0.01,0.06,0.55,0.12,0.2,0.35,1.2,12,10.0,14.0,0.9,1.2,0.6,0.01,0.06,0.65,0.3,0.72,0.005,0.38,0.22,0.01,0.14,1.0,0.28
lqr,ground_truth,gentle_curve,1700.0,0.05,0.1,1.0,1267.6831174567342,109.17792510986328,-8.694953918457031,18.426356291496084,1.0180881529483585,-0.7707659505594194,0.5883857617527655,0.7707659505594194,0.5883857617527655,-0.4099999964237213,-0.12000000476837158,0.5858281850814819,0.0,19.444444444444443,143,138,5.106008529663086,RoadOption.STRAIGHT,109.94218444824219,-18.719573974609375,4.716461486323639,2.0,0.5,4.0,1.0,6.0,0.6,0.01,0.06,0.55,0.12,0.2,0.35,1.2,12,10.0,14.0,0.9,1.2,0.6,0.01,0.06,0.65,0.3,0.72,0.005,0.38,0.22,0.01,0.14,1.0,0.28
lqr,ground_truth,gentle_curve,1700.0,0.05,0.1,1.0,1267.7331174574792,109.51747131347656,-9.55063247680664,18.428432095022817,1.0160123494216258,-0.43093673734296073,0.5706056993670696,0.43093673734296073,0.5706056993670696,-0.5299999713897705,-0.1199999749660492,0.6571164727210999,0.0,19.444444444444443,144,138,4.214025020599365,RoadOption.STRAIGHT,109.94760131835938,-19.704849243164062,4.719263131790402,2.0,0.5,4.0,1.0,6.0,0.6,0.01,0.06,0.55,0.12,0.2,0.35,1.2,12,10.0,14.0,0.9,1.2,0.6,0.01,0.06,0.65,0.3,0.72,0.005,0.38,0.22,0.01,0.14,1.0,0.28
lqr,ground_truth,gentle_curve,1700.0,0.05,0.1,1.0,1267.7831174582243,109.8600845336914,-10.401162147521973,18.363132402186984,1.0813120422574585,-0.09572241506120455,0.5199120285432475,0.09572241506120455,0.5199120285432475,-0.550000011920929,-0.020000040531158447,0.7771468758583069,0.0,19.444444444444443,145,139,4.352885723114014,RoadOption.STRAIGHT,109.95574951171875,-20.69010353088379,4.7220658425216016,2.0,0.5,4.0,1.0,6.0,0.6,0.01,0.06,0.55,0.12,0.2,0.35,1.2,12,10.0,14.0,0.9,1.2,0.6,0.01,0.06,0.65,0.3,0.72,0.005,0.38,0.22,0.01,0.14,1.0,0.28
lqr,ground_truth,gentle_curve,1700.0,0.05,0.1,1.0,1267.8331174589694,110.18775939941406,-11.252678871154785,18.278918590018566,1.1655258544258764,0.2292789608476756,0.4407736667485076,0.2292789608476756,0.4407736667485076,-0.550000011920929,0.0,0.8503720760345459,0.0,19.444444444444443,146,140,4.513580799102783,RoadOption.STRAIGHT,109.96665954589844,-21.675329208374023,4.724868020620583,2.0,0.5,4.0,1.0,6.0,0.6,0.01,0.06,0.55,0.12,0.2,0.35,1.2,12,10.0,14.0,0.9,1.2,0.6,0.01,0.06,0.65,0.3,0.72,0.005,0.38,0.22,0.01,0.14,1.0,0.28
lqr,ground_truth,gentle_curve,1700.0,0.05,0.1,1.0,1267.8831174597144,110.48451232910156,-12.112028121948242,18.19619370212612,1.248250742318323,0.5377164358389218,0.3422066126952581,0.5377164358389218,0.3422066126952581,-0.550000011920929,0.0,0.8982203006744385,0.0,19.444444444444443,147,141,4.668871879577637,RoadOption.STRAIGHT,109.98039245605469,-22.67144012451172,-1.5575925072683383,2.0,0.5,4.0,1.0,6.0,0.6,0.01,0.06,0.55,0.12,0.2,0.35,1.2,12,10.0,14.0,0.9,1.2,0.6,0.01,0.06,0.65,0.3,0.72,0.005,0.38,0.22,0.01,0.14,1.0,0.28
lqr,ground_truth,gentle_curve,1700.0,0.05,0.1,1.0,1267.9331174604595,110.7382583618164,-12.981606483459473,18.093506362783266,1.3509380816611767,0.8047250840787267,0.23387068428943358,0.8047250840787267,0.23387068428943358,-0.550000011920929,0.0,0.9837876558303833,0.0,19.444444444444443,148,142,4.819325923919678,RoadOption.STRAIGHT,109.9809799194336,-23.804616928100586,-1.58296524192185,2.0,0.5,4.0,1.0,6.0,0.6,0.01,0.06,0.55,0.12,0.2,0.35,1.2,12,10.0,14.0,0.9,1.2,0.6,0.01,0.06,0.65,0.3,0.72,0.005,0.38,0.22,0.01,0.14,1.0,0.28
lqr,ground_truth,gentle_curve,1700.0,0.05,0.1,1.0,1267.9831174612045,110.94034576416016,-13.860116958618164,17.963153873331223,1.4812905711132203,1.0179431513780766,0.12044106082467021,1.0179431513780766,0.12044106082467021,-0.550000011920929,0.0,1.0,0.0,19.444444444444443,149,143,4.960912704467773,RoadOption.STRAIGHT,109.95281219482422,-24.937442779541016,-1.608337976575362,2.0,0.5,4.0,1.0,6.0,0.6,0.01,0.06,0.55,0.12,0.2,0.35,1.2,12,10.0,14.0,0.9,1.2,0.6,0.01,0.06,0.65,0.3,0.72,0.005,0.38,0.22,0.01,0.14,1.0,0.28
lqr,ground_truth,gentle_curve,1700.0,0.05,0.1,1.0,1268.0331174619496,111.08478546142578,-14.744158744812012,17.805008374984833,1.6394360694596095,1.1712575439455581,0.004079829631946197,1.1712575439455581,0.004079829631946197,-0.4300000071525574,0.12000000476837158,1.0,0.0,19.444444444444443,149,144,5.089365482330322,RoadOption.STRAIGHT,109.95281219482422,-24.937442779541016,-1.608337976575362,2.0,0.5,4.0,1.0,6.0,0.6,0.01,0.06,0.55,0.12,0.2,0.35,1.2,12,10.0,14.0,0.9,1.2,0.6,0.01,0.06,0.65,0.3,0.72,0.005,0.38,0.22,0.01,0.14,1.0,0.28
lqr,ground_truth,gentle_curve,1700.0,0.05,0.1,1.0,1268.0831174626946,111.16822052001953,-15.630870819091797,17.688781855998094,1.7556625884463486,1.2485952861819671,-0.11055593949051357,1.2485952861819671,0.11055593949051357,-0.3100000023841858,0.12000000476837158,1.0,0.0,19.444444444444443,150,144,4.252906799316406,RoadOption.STRAIGHT,109.89592742919922,-26.069189071655273,-1.6337105780708194,2.0,0.5,4.0,1.0,6.0,0.6,0.01,0.06,0.55,0.12,0.2,0.35,1.2,12,10.0,14.0,0.9,1.2,0.6,0.01,0.06,0.65,0.3,0.72,0.005,0.38,0.22,0.01,0.14,1.0,0.28
lqr,ground_truth,gentle_curve,1700.0,0.05,0.1,1.0,1268.1331174634397,111.18938446044922,-16.51863670349121,17.626452500914,1.8179919435304441,1.2739432687678505,-0.2266569798447362,1.2739432687678505,0.2266569798447362,-0.1899999976158142,0.12000000476837158,1.0,0.0,19.444444444444443,151,145,4.3500566482543945,RoadOption.STRAIGHT,109.81033325195312,-27.199127197265625,-1.6590831795662768,2.0,0.5,4.0,1.0,6.0,0.6,0.01,0.06,0.55,0.12,0.2,0.35,1.2,12,10.0,14.0,0.9,1.2,0.6,0.01,0.06,0.65,0.3,0.72,0.005,0.38,0.22,0.01,0.14,1.0,0.28
lqr,ground_truth,gentle_curve,1700.0,0.05,0.1,1.0,1268.1831174641848,111.14855194091797,-17.40562629699707,17.621811235950762,1.8226332084936807,1.235080781802862,-0.33830761170132817,1.235080781802862,0.33830761170132817,-0.07000000029802322,0.11999999731779099,1.0,0.0,19.444444444444443,152,146,4.430263519287109,RoadOption.STRAIGHT,109.69610595703125,-28.3265323638916,-1.6844557810617344,2.0,0.5,4.0,1.0,6.0,0.6,0.01,0.06,0.55,0.12,0.2,0.35,1.2,12,10.0,14.0,0.9,1.2,0.6,0.01,0.06,0.65,0.3,0.72,0.005,0.38,0.22,0.01,0.14,1.0,0.28
lqr,ground_truth,gentle_curve,1700.0,0.05,0.1,1.0,1268.2331174649298,111.04772186279297,-18.290197372436523,17.677918333195567,1.7665261112488757,1.1250838262357028,-0.43928828865051583,1.1250838262357028,0.43928828865051583,0.05000000074505806,0.12000000104308128,1.0,0.0,19.444444444444443,152,147,4.5093770027160645,RoadOption.STRAIGHT,109.69610595703125,-28.3265323638916,-1.6844557810617344,2.0,0.5,4.0,1.0,6.0,0.6,0.01,0.06,0.55,0.12,0.2,0.35,1.2,12,10.0,14.0,0.9,1.2,0.6,0.01,0.06,0.65,0.3,0.72,0.005,0.38,0.22,0.01,0.14,1.0,0.28
lqr,ground_truth,gentle_curve,1700.0,0.05,0.1,1.0,1268.2831174656749,110.89083099365234,-19.171184539794922,17.793948664515465,1.6504957799289777,0.9565745755744618,-0.5253952109116113,0.9565745755744618,0.5253952109116113,0.17000000178813934,0.12000000104308128,0.9010610580444336,0.0,19.444444444444443,153,147,3.6167235374450684,RoadOption.STRAIGHT,109.55331420898438,-29.45067596435547,-1.7098283825571918,2.0,0.5,4.0,1.0,6.0,0.6,0.01,0.06,0.55,0.12,0.2,0.35,1.2,12,10.0,14.0,0.9,1.2,0.6,0.01,0.06,0.65,0.3,0.72,0.005,0.38,0.22,0.01,0.14,1.0,0.28
lqr,ground_truth,gentle_curve,1700.0,0.05,0.1,1.0,1268.33311746642,110.68182373046875,-20.046791076660156,17.936470547261578,1.5079738971828647,0.6550643850713385,-0.5672429258586265,0.6550643850713385,0.5672429258586265,0.28999999165534973,0.11999998986721039,0.7837581038475037,0.0,19.444444444444443,154,148,3.822622060775757,RoadOption.STRAIGHT,109.3820571899414,-30.57083511352539,-1.7352011172107038,2.0,0.5,4.0,1.0,6.0,0.6,0.01,0.06,0.55,0.12,0.2,0.35,1.2,12,10.0,14.0,0.9,1.2,0.6,0.01,0.06,0.65,0.3,0.72,0.005,0.38,0.22,0.01,0.14,1.0,0.28
lqr,ground_truth,gentle_curve,1700.0,0.05,0.1,1.0,1268.383117467165,110.42816925048828,-20.916168212890625,18.09176549761592,1.3526789468285223,0.32409229389454786,-0.5828237498161353,0.32409229389454786,0.5828237498161353,0.4099999964237213,0.12000000476837158,0.6752534508705139,0.0,19.444444444444443,155,149,4.049273490905762,RoadOption.STRAIGHT,109.18243408203125,-31.686288833618164,-1.7605737187061612,2.0,0.5,4.0,1.0,6.0,0.6,0.01,0.06,0.55,0.12,0.2,0.35,1.2,12,10.0,14.0,0.9,1.2,0.6,0.01,0.06,0.65,0.3,0.72,0.005,0.38,0.22,0.01,0.14,1.0,0.28
lqr,ground_truth,gentle_curve,1700.0,0.05,0.1,1.0,1268.43311746791,110.13966369628906,-21.7785587310791,18.216596975354094,1.2278474690903494,-0.02650970251361298,-0.5644776325407426,0.02650970251361298,0.5644776325407426,0.5299999713897705,0.1199999749660492,0.6369107365608215,0.0,19.444444444444443,156,150,4.297548294067383,RoadOption.STRAIGHT,108.9545669555664,-32.79631805419922,-1.785946453359673,2.0,0.5,4.0,1.0,6.0,0.6,0.01,0.06,0.55,0.12,0.2,0.35,1.2,12,10.0,14.0,0.9,1.2,0.6,0.01,0.06,0.65,0.3,0.72,0.005,0.38,0.22,0.01,0.14,1.0,0.28
lqr,ground_truth,gentle_curve,1700.0,0.05,0.1,1.0,1268.483117468655,109.82870483398438,-22.634157180786133,18.276323443775905,1.1681210006685383,-0.3842034404749303,-0.5069373740284906,0.3842034404749303,0.5069373740284906,0.550000011920929,0.020000040531158447,0.6792008280754089,0.0,19.444444444444443,156,151,4.565007209777832,RoadOption.STRAIGHT,108.9545669555664,-32.79631805419922,-1.785946453359673,2.0,0.5,4.0,1.0,6.0,0.6,0.01,0.06,0.55,0.12,0.2,0.35,1.2,12,10.0,14.0,0.9,1.2,0.6,0.01,0.06,0.65,0.3,0.72,0.005,0.38,0.22,0.01,0.14,1.0,0.28
lqr,ground_truth,gentle_curve,1700.0,0.05,0.1,1.0,1268.5331174694002,109.5097427368164,-23.486513137817383,18.3070901411463,1.1373543032981424,-0.6267691552083859,-0.4373851937355453,0.6267691552083859,0.4373851937355453,0.550000011920929,0.0,0.6954925656318665,0.0,19.444444444444443,157,151,3.7247631549835205,RoadOption.STRAIGHT,108.6986083984375,-33.90020751953125,-1.8113190548551306,2.0,0.5,4.0,1.0,6.0,0.6,0.01,0.06,0.55,0.12,0.2,0.35,1.2,12,10.0,14.0,0.9,1.2,0.6,0.01,0.06,0.65,0.3,0.72,0.005,0.38,0.22,0.01,0.14,1.0,0.28
lqr,ground_truth,gentle_curve,1700.0,0.05,0.1,1.0,1268.5831174701452,109.19957733154297,-24.343923568725586,18.331700023443517,1.1127444210009259,-0.945012037750101,-0.31669326313619006,0.945012037750101,0.31669326313619006,0.550000011920929,0.0,0.6881148219108582,0.0,19.444444444444443,158,152,4.013442039489746,RoadOption.STRAIGHT,108.41473388671875,-34.997249603271484,-1.836691656350588,2.0,0.5,4.0,1.0,6.0,0.6,0.01,0.06,0.55,0.12,0.2,0.35,1.2,12,10.0,14.0,0.9,1.2,0.6,0.01,0.06,0.65,0.3,0.72,0.005,0.38,0.22,0.01,0.14,1.0,0.28
lqr,ground_truth,gentle_curve,1700.0,0.05,0.1,1.0,1268.6331174708903,108.9183349609375,-25.212553024291992,18.300643219416866,1.1438012250275769,-1.2161905495363046,-0.18245196785883788,1.2161905495363046,0.18245196785883788,0.550000011920929,0.0,0.7735489010810852,0.0,19.444444444444443,159,153,4.285427093505859,RoadOption.STRAIGHT,108.10311889648438,-36.08674240112305,-1.8620643910041,2.0,0.5,4.0,1.0,6.0,0.6,0.01,0.06,0.55,0.12,0.2,0.35,1.2,12,10.0,14.0,0.9,1.2,0.6,0.01,0.06,0.65,0.3,0.72,0.005,0.38,0.22,0.01,0.14,1.0,0.28
lqr,ground_truth,gentle_curve,1700.0,0.05,0.1,1.0,1268.6831174716353,108.6808853149414,-26.092262268066406,18.196811364671188,1.247633079773255,-1.4247036491865663,-0.04157727093831687,1.4247036491865663,0.04157727093831687,0.4300000071525574,-0.12000000476837158,0.9231780767440796,0.0,19.444444444444443,159,154,4.5331292152404785,RoadOption.STRAIGHT,108.10311889648438,-36.08674240112305,-1.8620643910041,2.0,0.5,4.0,1.0,6.0,0.6,0.01,0.06,0.55,0.12,0.2,0.35,1.2,12,10.0,14.0,0.9,1.2,0.6,0.01,0.06,0.65,0.3,0.72,0.005,0.38,0.22,0.01,0.14,1.0,0.28
lqr,ground_truth,gentle_curve,1700.0,0.05,0.1,1.0,1268.7331174723804,108.49498748779297,-26.981597900390625,18.117067447451454,1.3273769969929887,-1.4625415468128402,0.07556386697963591,1.4625415468128402,0.07556386697963591,0.3100000023841858,-0.12000000476837158,0.9421188831329346,0.0,19.444444444444443,160,154,3.6972312927246094,RoadOption.STRAIGHT,107.76396942138672,-37.167972564697266,-1.8874369924995573,2.0,0.5,4.0,1.0,6.0,0.6,0.01,0.06,0.55,0.12,0.2,0.35,1.2,12,10.0,14.0,0.9,1.2,0.6,0.01,0.06,0.65,0.3,0.72,0.005,0.38,0.22,0.01,0.14,1.0,0.28
lqr,ground_truth,gentle_curve,1700.0,0.05,0.1,1.0,1268.7831174731255,108.36360168457031,-27.88003921508789,18.0862658533686,1.3581785910758413,-1.5221433122412154,0.21497102898146903,1.5221433122412154,0.21497102898146903,0.1899999976158142,-0.12000000476837158,0.9018690586090088,0.0,19.444444444444443,161,155,3.8933308124542236,RoadOption.STRAIGHT,107.39749908447266,-38.24025344848633,-1.9128095939950147,2.0,0.5,4.0,1.0,6.0,0.6,0.01,0.06,0.55,0.12,0.2,0.35,1.2,12,10.0,14.0,0.9,1.2,0.6,0.01,0.06,0.65,0.3,0.72,0.005,0.38,0.22,0.01,0.14,1.0,0.28
lqr,ground_truth,gentle_curve,1700.0,0.05,0.1,1.0,1268.8331174738705,108.28746795654297,-28.7862491607666,18.101604843920203,1.3428396005242398,-1.507844634033965,0.3469703420951369,1.507844634033965,0.3469703420951369,0.07000000029802322,-0.11999999731779099,0.8372969627380371,0.0,19.444444444444443,162,156,4.065178394317627,RoadOption.STRAIGHT,107.0039291381836,-39.30289077758789,-1.938182195490472,2.0,0.5,4.0,1.0,6.0,0.6,0.01,0.06,0.55,0.12,0.2,0.35,1.2,12,10.0,14.0,0.9,1.2,0.6,0.01,0.06,0.65,0.3,0.72,0.005,0.38,0.22,0.01,0.14,1.0,0.28
lqr,ground_truth,gentle_curve,1700.0,0.05,0.1,1.0,1268.8831174746156,108.26513671875,-29.698163986206055,18.155697929586168,1.2887465148582748,-1.4219638023155903,0.4668330974890962,1.4219638023155903,0.4668330974890962,-0.05000000074505806,-0.12000000104308128,0.7583361864089966,0.0,19.444444444444443,163,157,4.224342346191406,RoadOption.STRAIGHT,106.58354187011719,-40.35519790649414,-1.963554930143984,2.0,0.5,4.0,1.0,6.0,0.6,0.01,0.06,0.55,0.12,0.2,0.35,1.2,12,10.0,14.0,0.9,1.2,0.6,0.01,0.06,0.65,0.3,0.72,0.005,0.38,0.22,0.01,0.14,1.0,0.28
lqr,ground_truth,gentle_curve,1700.0,0.05,0.1,1.0,1268.9331174753606,108.29249572753906,-30.613365173339844,18.23722154072261,1.2072229037218314,-1.2699099298271594,0.5687064660356795,1.2699099298271594,0.5687064660356795,-0.17000000178813934,-0.12000000104308128,0.6765053868293762,0.0,19.444444444444443,164,158,4.385588645935059,RoadOption.STRAIGHT,106.1365737915039,-41.39650344848633,-1.9889275316394415,2.0,0.5,4.0,1.0,6.0,0.6,0.01,0.06,0.55,0.12,0.2,0.35,1.2,12,10.0,14.0,0.9,1.2,0.6,0.01,0.06,0.65,0.3,0.72,0.005,0.38,0.22,0.01,0.14,1.0,0.28
lqr,ground_truth,gentle_curve,1700.0,0.05,0.1,1.0,1268.9831174761057,108.36519622802734,-31.52872085571289,18.313491230231016,1.1309532142134273,-1.0578751076405921,0.6479605421797836,1.0578751076405921,0.6479605421797836,-0.28999999165534973,-0.11999998986721039,0.6370483040809631,0.0,19.444444444444443,164,159,4.565549850463867,RoadOption.STRAIGHT,106.1365737915039,-41.39650344848633,-1.9889275316394415,2.0,0.5,4.0,1.0,6.0,0.6,0.01,0.06,0.55,0.12,0.2,0.35,1.2,12,10.0,14.0,0.9,1.2,0.6,0.01,0.06,0.65,0.3,0.72,0.005,0.38,0.22,0.01,0.14,1.0,0.28
lqr,ground_truth,gentle_curve,1700.0,0.05,0.1,1.0,1269.0331174768507,108.47428131103516,-32.441680908203125,18.370752850252106,1.0736915941923364,-0.6912125343629854,0.6722207412879149,0.6912125343629854,0.6722207412879149,-0.4099999964237213,-0.12000000476837158,0.6255010366439819,0.0,19.444444444444443,165,159,3.663909912109375,RoadOption.STRAIGHT,105.66334533691406,-42.4261360168457,-2.0143002662929534,2.0,0.5,4.0,1.0,6.0,0.6,0.01,0.06,0.55,0.12,0.2,0.35,1.2,12,10.0,14.0,0.9,1.2,0.6,0.01,0.06,0.65,0.3,0.72,0.005,0.38,0.22,0.01,0.14,1.0,0.28
lqr,ground_truth,gentle_curve,1700.0,0.05,0.1,1.0,1269.0831174775958,108.60812377929688,-33.35026168823242,18.38268830096808,1.0617561434763623,-0.38655477486360434,0.6865205847610953,0.38655477486360434,0.6865205847610953,-0.5299999713897705,-0.1199999749660492,0.6727311611175537,0.0,19.444444444444443,166,160,3.9099252223968506,RoadOption.STRAIGHT,105.16414642333984,-43.44343185424805,-2.0396727346303565,2.0,0.5,4.0,1.0,6.0,0.6,0.01,0.06,0.55,0.12,0.2,0.35,1.2,12,10.0,14.0,0.9,1.2,0.6,0.01,0.06,0.65,0.3,0.72,0.005,0.38,0.22,0.01,0.14,1.0,0.28
lqr,ground_truth,gentle_curve,1700.0,0.05,0.1,1.0,1269.1331174783409,108.7518310546875,-34.25397491455078,18.336308667744163,1.10813577670028,-0.06104486211563609,0.6640178056563073,0.06104486211563609,0.6640178056563073,-0.550000011920929,-0.020000040531158447,0.7705370187759399,0.0,19.444444444444443,167,161,4.2100629806518555,RoadOption.STRAIGHT,104.63929748535156,-44.447731018066406,-2.0650454692838682,2.0,0.5,4.0,1.0,6.0,0.6,0.01,0.06,0.55,0.12,0.2,0.35,1.2,12,10.0,14.0,0.9,1.2,0.6,0.01,0.06,0.65,0.3,0.72,0.005,0.38,0.22,0.01,0.14,1.0,0.28
lqr,ground_truth,gentle_curve,1700.0,0.05,0.1,1.0,1269.183117479086,108.88725280761719,-35.1551513671875,18.27753650642383,1.1669079380206142,0.2678759947217344,0.6107821475720048,0.2678759947217344,0.6107821475720048,-0.550000011920929,0.0,0.8206713795661926,0.0,19.444444444444443,167,162,4.555288314819336,RoadOption.STRAIGHT,104.63929748535156,-44.447731018066406,-2.0650454692838682,2.0,0.5,4.0,1.0,6.0,0.6,0.01,0.06,0.55,0.12,0.2,0.35,1.2,12,10.0,14.0,0.9,1.2,0.6,0.01,0.06,0.65,0.3,0.72,0.005,0.38,0.22,0.01,0.14,1.0,0.28
lqr,ground_truth,gentle_curve,1700.0,0.05,0.1,1.0,1269.233117479831,108.99590301513672,-36.0579948425293,18.22181775043415,1.2226266940102946,0.6935565028344106,0.5137617243218187,0.6935565028344106,0.5137617243218187,-0.550000011920929,0.0,0.8504385352134705,0.0,19.444444444444443,168,162,3.8075335025787354,RoadOption.STRAIGHT,104.08914184570312,-45.43839645385742,-2.09041820393738,2.0,0.5,4.0,1.0,6.0,0.6,0.01,0.06,0.55,0.12,0.2,0.35,1.2,12,10.0,14.0,0.9,1.2,0.6,0.01,0.06,0.65,0.3,0.72,0.005,0.38,0.22,0.01,0.14,1.0,0.28
lqr,ground_truth,gentle_curve,1700.0,0.05,0.1,1.0,1269.283117480576,109.06321716308594,-36.96272277832031,18.13712483664058,1.307319607803862,0.9924341854698377,0.432257277056598,0.9924341854698377,0.432257277056598,-0.550000011920929,0.0,0.9360232353210449,0.0,19.444444444444443,169,163,4.202104091644287,RoadOption.STRAIGHT,103.51403045654297,-46.41478729248047,-2.115790672274783,2.0,0.5,4.0,1.0,6.0,0.6,0.01,0.06,0.55,0.12,0.2,0.35,1.2,12,10.0,14.0,0.9,1.2,0.6,0.01,0.06,0.65,0.3,0.72,0.005,0.38,0.22,0.01,0.14,1.0,0.28
lqr,ground_truth,gentle_curve,1700.0,0.05,0.1,1.0,1269.333117481321,109.07967376708984,-37.86608123779297,18.013796786575146,1.4306476578692973,1.2560102258679924,0.34538416334988575,1.2560102258679924,0.34538416334988575,-0.550000011920929,0.0,1.0,0.0,19.444444444444443,169,164,4.5962724685668945,RoadOption.STRAIGHT,103.51403045654297,-46.41478729248047,-2.115790672274783,2.0,0.5,4.0,1.0,6.0,0.6,0.01,0.06,0.55,0.12,0.2,0.35,1.2,12,10.0,14.0,0.9,1.2,0.6,0.01,0.06,0.65,0.3,0.72,0.005,0.38,0.22,0.01,0.14,1.0,0.28
lqr,ground_truth,gentle_curve,1700.0,0.05,0.1,1.0,1269.3831174820662,109.03939056396484,-38.76322937011719,17.856595787708326,1.5878486567361172,1.583487465006297,0.23018060828302023,1.583487465006297,0.23018060828302023,-0.550000011920929,0.0,1.0,0.0,19.444444444444443,170,164,3.9192447662353516,RoadOption.STRAIGHT,102.9143295288086,-47.37626266479492,-2.1411634069282948,2.0,0.5,4.0,1.0,6.0,0.6,0.01,0.06,0.55,0.12,0.2,0.35,1.2,12,10.0,14.0,0.9,1.2,0.6,0.01,0.06,0.65,0.3,0.72,0.005,0.38,0.22,0.01,0.14,1.0,0.28
lqr,ground_truth,gentle_curve,1700.0,0.05,0.1,1.0,1269.4331174828112,108.93914794921875,-39.64852523803711,17.666387909419818,1.778056535024625,1.7669883168446003,0.13871354169592198,1.7669883168446003,0.13871354169592198,-0.550000011920929,0.0,1.0,0.0,19.444444444444443,171,165,4.294881820678711,RoadOption.STRAIGHT,102.29043579101562,-48.32221984863281,-2.1665360084237526,2.0,0.5,4.0,1.0,6.0,0.6,0.01,0.06,0.55,0.12,0.2,0.35,1.2,12,10.0,14.0,0.9,1.2,0.6,0.01,0.06,0.65,0.3,0.72,0.005,0.38,0.22,0.01,0.14,1.0,0.28
lqr,ground_truth,gentle_curve,1700.0,0.05,0.1,1.0,1269.4831174835563,108.77791595458984,-40.51573181152344,17.440371485363332,2.0040729590811104,1.9007776712111195,0.046346193502322386,1.9007776712111195,0.046346193502322386,-0.550000011920929,0.0,1.0,0.0,19.444444444444443,171,166,4.650887966156006,RoadOption.STRAIGHT,102.29043579101562,-48.32221984863281,-2.1665360084237526,2.0,0.5,4.0,1.0,6.0,0.6,0.01,0.06,0.55,0.12,0.2,0.35,1.2,12,10.0,14.0,0.9,1.2,0.6,0.01,0.06,0.65,0.3,0.72,0.005,0.38,0.22,0.01,0.14,1.0,0.28
lqr,ground_truth,gentle_curve,1700.0,0.05,0.1,1.0,1269.5331174843013,108.5563735961914,-41.35844039916992,17.17779117142637,2.266653273018072,2.083951650897691,-0.07196140897308556,2.083951650897691,0.07196140897308556,-0.550000011920929,0.0,1.0,0.0,19.444444444444443,172,166,3.9817581176757812,RoadOption.STRAIGHT,101.64273834228516,-49.252052307128906,-2.1919087430772644,2.0,0.5,4.0,1.0,6.0,0.6,0.01,0.06,0.55,0.12,0.2,0.35,1.2,12,10.0,14.0,0.9,1.2,0.6,0.01,0.06,0.65,0.3,0.72,0.005,0.38,0.22,0.01,0.14,1.0,0.28
lqr,ground_truth,gentle_curve,1700.0,0.05,0.1,1.0,1269.5831174850464,108.27655792236328,-42.170372009277344,16.879068731165344,2.5653757132790993,2.1216592300088672,-0.16539961424100635,2.1216592300088672,0.16539961424100635,-0.4300000071525574,0.12000000476837158,1.0,0.0,19.444444444444443,173,167,4.2913899421691895,RoadOption.STRAIGHT,100.9716567993164,-50.16514205932617,-2.217281477730776,2.0,0.5,4.0,1.0,6.0,0.6,0.01,0.06,0.55,0.12,0.2,0.35,1.2,12,10.0,14.0,0.9,1.2,0.6,0.01,0.06,0.65,0.3,0.72,0.005,0.38,0.22,0.01,0.14,1.0,0.28
lqr,ground_truth,gentle_curve,1700.0,0.05,0.1,1.0,1269.6331174857914,107.94047546386719,-42.946617126464844,16.597829515394178,2.846614929050265,2.1056866284223084,-0.25953037455040207,2.1056866284223084,0.25953037455040207,-0.3100000023841858,0.12000000476837158,1.0,0.0,19.444444444444443,173,168,4.587127208709717,RoadOption.STRAIGHT,100.9716567993164,-50.16514205932617,-2.217281477730776,2.0,0.5,4.0,1.0,6.0,0.6,0.01,0.06,0.55,0.12,0.2,0.35,1.2,12,10.0,14.0,0.9,1.2,0.6,0.01,0.06,0.65,0.3,0.72,0.005,0.38,0.22,0.01,0.14,1.0,0.28
lqr,ground_truth,gentle_curve,1700.0,0.05,0.1,1.0,1269.6831174865365,107.54935455322266,-43.68379211425781,16.353306208883417,3.0911382355610257,2.1322366254797545,-0.37966929974940244,2.1322366254797545,0.37966929974940244,-0.1899999976158142,0.12000000476837158,1.0,0.0,19.444444444444443,174,168,3.8796534538269043,RoadOption.STRAIGHT,100.27763366699219,-51.06092071533203,-2.2426540792262335,2.0,0.5,4.0,1.0,6.0,0.6,0.01,0.06,0.55,0.12,0.2,0.35,1.2,12,10.0,14.0,0.9,1.2,0.6,0.01,0.06,0.65,0.3,0.72,0.005,0.38,0.22,0.01,0.14,1.0,0.28
lqr,ground_truth,gentle_curve,1700.0,0.05,0.1,1.0,1269.7331174872816,107.10478973388672,-44.379119873046875,16.159762837216384,3.284681607228059,2.015249805267179,-0.4742802280033396,2.015249805267179,0.4742802280033396,-0.07000000029802322,0.11999999731779099,1.0,0.0,19.444444444444443,175,169,4.127650260925293,RoadOption.STRAIGHT,99.56110382080078,-51.93880081176758,-2.2680268138797457,2.0,0.5,4.0,1.0,6.0,0.6,0.01,0.06,0.55,0.12,0.2,0.35,1.2,12,10.0,14.0,0.9,1.2,0.6,0.01,0.06,0.65,0.3,0.72,0.005,0.38,0.22,0.01,0.14,1.0,0.28
lqr,ground_truth,gentle_curve,1700.0,0.05,0.1,1.0,1269.7831174880266,106.60900115966797,-45.03077697753906,16.03236901889568,3.412075425548764,1.843391546192522,-0.5667486431603082,1.843391546192522,0.5667486431603082,0.05000000074505806,0.12000000104308128,1.0,0.0,19.444444444444443,176,170,4.376288890838623,RoadOption.STRAIGHT,98.8225326538086,-52.7982177734375,-2.2933992822171487,2.0,0.5,4.0,1.0,6.0,0.6,0.01,0.06,0.55,0.12,0.2,0.35,1.2,12,10.0,14.0,0.9,1.2,0.6,0.01,0.06,0.65,0.3,0.72,0.005,0.38,0.22,0.01,0.14,1.0,0.28
lqr,ground_truth,gentle_curve,1700.0,0.05,0.1,1.0,1269.8331174887717,106.06509399414062,-45.6382942199707,15.982879877017265,3.461564567427178,1.6184042218838497,-0.6533433233750516,1.6184042218838497,0.6533433233750516,0.17000000178813934,0.12000000104308128,1.0,0.0,19.444444444444443,176,171,4.631577014923096,RoadOption.STRAIGHT,98.8225326538086,-52.7982177734375,-2.2933992822171487,2.0,0.5,4.0,1.0,6.0,0.6,0.01,0.06,0.55,0.12,0.2,0.35,1.2,12,10.0,14.0,0.9,1.2,0.6,0.01,0.06,0.65,0.3,0.72,0.005,0.38,0.22,0.01,0.14,1.0,0.28
lqr,ground_truth,gentle_curve,1700.0,0.05,0.1,1.0,1269.8831174895167,105.4770278930664,-46.20087814331055,15.979658952480806,3.464785491963637,1.4473198551023803,-0.7556481240182276,1.4473198551023803,0.7556481240182276,0.28999999165534973,0.11999998986721039,1.0,0.0,19.444444444444443,177,171,3.8281147480010986,RoadOption.STRAIGHT,98.06239318847656,-53.63862228393555,-2.3187720168706605,2.0,0.5,4.0,1.0,6.0,0.6,0.01,0.06,0.55,0.12,0.2,0.35,1.2,12,10.0,14.0,0.9,1.2,0.6,0.01,0.06,0.65,0.3,0.72,0.005,0.38,0.22,0.01,0.14,1.0,0.28
lqr,ground_truth,gentle_curve,1700.0,0.05,0.1,1.0,1269.9331174902618,104.84989929199219,-46.719886779785156,16.035358048313817,3.4090863961306255,1.134595787623967,-0.8170073555336534,1.134595787623967,0.8170073555336534,0.4099999964237213,0.12000000476837158,1.0,0.0,19.444444444444443,178,172,4.086287498474121,RoadOption.STRAIGHT,97.28118133544922,-54.45947265625,-2.3441444852080635,2.0,0.5,4.0,1.0,6.0,0.6,0.01,0.06,0.55,0.12,0.2,0.35,1.2,12,10.0,14.0,0.9,1.2,0.6,0.01,0.06,0.65,0.3,0.72,0.005,0.38,0.22,0.01,0.14,1.0,0.28
lqr,ground_truth,gentle_curve,1700.0,0.05,0.1,1.0,1269.9831174910069,104.1899185180664,-47.19795608520508,16.128459420272193,3.3159850241722495,0.7814488496281886,-0.8557835136374252,0.7814488496281886,0.8557835136374252,0.5299999713897705,0.1199999749660492,1.0,0.0,19.444444444444443,178,173,4.377373695373535,RoadOption.STRAIGHT,97.28118133544922,-54.45947265625,-2.3441444852080635,2.0,0.5,4.0,1.0,6.0,0.6,0.01,0.06,0.55,0.12,0.2,0.35,1.2,12,10.0,14.0,0.9,1.2,0.6,0.01,0.06,0.65,0.3,0.72,0.005,0.38,0.22,0.01,0.14,1.0,0.28
lqr,ground_truth,gentle_curve,1700.0,0.05,0.1,1.0,1270.033117491752,103.50399017333984,-47.63886642456055,16.23747224964784,3.2069721947966023,0.4995342988688738,-0.8899034008913023,0.4995342988688738,0.8899034008913023,0.550000011920929,0.020000040531158447,1.0,0.0,19.444444444444443,179,173,3.576979637145996,RoadOption.STRAIGHT,96.4793930053711,-55.26023864746094,-2.3695172198615753,2.0,0.5,4.0,1.0,6.0,0.6,0.01,0.06,0.55,0.12,0.2,0.35,1.2,12,10.0,14.0,0.9,1.2,0.6,0.01,0.06,0.65,0.3,0.72,0.005,0.38,0.22,0.01,0.14,1.0,0.28
lqr,ground_truth,gentle_curve,1700.0,0.05,0.1,1.0,1270.083117492497,102.79690551757812,-48.04549026489258,16.362467573574285,3.0819768708701574,0.09482239497778999,-0.8639478334332265,0.09482239497778999,0.8639478334332265,0.550000011920929,0.0,1.0,0.0,19.444444444444443,180,174,3.9293198585510254,RoadOption.STRAIGHT,95.65754699707031,-56.040409088134766,-2.394889954515087,2.0,0.5,4.0,1.0,6.0,0.6,0.01,0.06,0.55,0.12,0.2,0.35,1.2,12,10.0,14.0,0.9,1.2,0.6,0.01,0.06,0.65,0.3,0.72,0.005,0.38,0.22,0.01,0.14,1.0,0.28
lqr,ground_truth,gentle_curve,1700.0,0.05,0.1,1.0,1270.133117493242,102.06803131103516,-48.418270111083984,16.537393766811245,2.9070506776331975,-0.33865279868502673,-0.8042986176537403,0.33865279868502673,0.8042986176537403,0.550000011920929,0.0,1.0,0.0,19.444444444444443,181,175,4.321900367736816,RoadOption.STRAIGHT,94.8161849975586,-56.79947280883789,-2.42026242285249,2.0,0.5,4.0,1.0,6.0,0.6,0.01,0.06,0.55,0.12,0.2,0.35,1.2,12,10.0,14.0,0.9,1.2,0.6,0.01,0.06,0.65,0.3,0.72,0.005,0.38,0.22,0.01,0.14,1.0,0.28
lqr,ground_truth,gentle_curve,1700.0,0.05,0.1,1.0,1270.183117493987,101.31676483154297,-48.76402282714844,16.78884684561164,2.655597598832802,-0.7970811540614604,-0.7119353973598304,0.7970811540614604,0.7119353973598304,0.550000011920929,0.0,1.0,0.0,19.444444444444443,181,176,4.742986679077148,RoadOption.STRAIGHT,94.8161849975586,-56.79947280883789,-2.42026242285249,2.0,0.5,4.0,1.0,6.0,0.6,0.01,0.06,0.55,0.12,0.2,0.35,1.2,12,10.0,14.0,0.9,1.2,0.6,0.01,0.06,0.65,0.3,0.72,0.005,0.38,0.22,0.01,0.14,1.0,0.28
lqr,ground_truth,gentle_curve,1700.0,0.05,0.1,1.0,1270.2331174947321,100.5455093383789,-49.100399017333984,17.100596593591316,2.343847850853127,-1.1531309342233371,-0.6169883781763255,1.1531309342233371,0.6169883781763255,0.550000011920929,0.0,1.0,0.0,19.444444444444443,182,176,4.07952356338501,RoadOption.STRAIGHT,93.95581817626953,-57.536949157714844,-2.4456351575060022,2.0,0.5,4.0,1.0,6.0,0.6,0.01,0.06,0.55,0.12,0.2,0.35,1.2,12,10.0,14.0,0.9,1.2,0.6,0.01,0.06,0.65,0.3,0.72,0.005,0.38,0.22,0.01,0.14,1.0,0.28
lqr,ground_truth,gentle_curve,1700.0,0.05,0.1,1.0,1270.2831174954772,99.76265716552734,-49.45299530029297,17.39314456226261,2.0512998821818336,-1.6004723596013837,-0.478836097680138,1.6004723596013837,0.478836097680138,0.550000011920929,0.0,0.9297223687171936,0.0,19.444444444444443,183,177,4.517784118652344,RoadOption.STRAIGHT,93.0770263671875,-58.25236129760742,-2.471007625843405,2.0,0.5,4.0,1.0,6.0,0.6,0.01,0.06,0.55,0.12,0.2,0.35,1.2,12,10.0,14.0,0.9,1.2,0.6,0.01,0.06,0.65,0.3,0.72,0.005,0.38,0.22,0.01,0.14,1.0,0.28
lqr,ground_truth,gentle_curve,1700.0,0.05,0.1,1.0,1270.3331174962223,98.9813461303711,-49.84219741821289,17.58905666452072,1.8553877799237242,-2.008731491186854,-0.33178273387257873,2.008731491186854,0.33178273387257873,0.550000011920929,0.0,0.9281381368637085,0.0,19.444444444444443,183,178,4.920344829559326,RoadOption.STRAIGHT,93.0770263671875,-58.25236129760742,-2.471007625843405,2.0,0.5,4.0,1.0,6.0,0.6,0.01,0.06,0.55,0.12,0.2,0.35,1.2,12,10.0,14.0,0.9,1.2,0.6,0.01,0.06,0.65,0.3,0.72,0.005,0.38,0.22,0.01,0.14,1.0,0.28
lqr,ground_truth,gentle_curve,1700.0,0.05,0.1,1.0,1270.3831174969673,98.21492767333984,-50.27793884277344,17.669783138047023,1.7746613063974195,-2.252781411480078,-0.2057100194487722,2.252781411480078,0.2057100194487722,0.550000011920929,0.0,1.0,0.0,19.444444444444443,184,178,4.284519672393799,RoadOption.STRAIGHT,92.18037414550781,-58.94524383544922,-2.496380360496917,2.0,0.5,4.0,1.0,6.0,0.6,0.01,0.06,0.55,0.12,0.2,0.35,1.2,12,10.0,14.0,0.9,1.2,0.6,0.01,0.06,0.65,0.3,0.72,0.005,0.38,0.22,0.01,0.14,1.0,0.28
lqr,ground_truth,gentle_curve,1700.0,0.05,0.1,1.0,1270.4331174977124,97.47518157958984,-50.76357650756836,17.64920578255982,1.7952386618846212,-2.5270123570983647,-0.052052548770034957,2.5270123570983647,0.052052548770034957,0.550000011920929,0.0,1.0,0.0,19.444444444444443,185,179,4.605601787567139,RoadOption.STRAIGHT,91.26642608642578,-59.61516571044922,-2.521753095150429,2.0,0.5,4.0,1.0,6.0,0.6,0.01,0.06,0.55,0.12,0.2,0.35,1.2,12,10.0,14.0,0.9,1.2,0.6,0.01,0.06,0.65,0.3,0.72,0.005,0.38,0.22,0.01,0.14,1.0,0.28
lqr,ground_truth,gentle_curve,1700.0,0.05,0.1,1.0,1270.4831174984574,96.77180480957031,-51.29856491088867,17.545607873810784,1.8988365706336587,-2.723364406966702,0.1027665927761956,2.723364406966702,0.1027665927761956,0.4300000071525574,-0.12000000476837158,1.0,0.0,19.444444444444443,186,180,4.871001720428467,RoadOption.STRAIGHT,90.33576965332031,-60.26167297363281,-2.547125563487832,2.0,0.5,4.0,1.0,6.0,0.6,0.01,0.06,0.55,0.12,0.2,0.35,1.2,12,10.0,14.0,0.9,1.2,0.6,0.01,0.06,0.65,0.3,0.72,0.005,0.38,0.22,0.01,0.14,1.0,0.28
lqr,ground_truth,gentle_curve,1700.0,0.05,0.1,1.0,1270.5331174992025,96.11122131347656,-51.88102722167969,17.442822162975176,2.001622281469267,-2.8381766919011646,0.25775910610939023,2.8381766919011646,0.25775910610939023,0.3100000023841858,-0.12000000476837158,1.0,0.0,19.444444444444443,186,181,5.086081504821777,RoadOption.STRAIGHT,90.33576965332031,-60.26167297363281,-2.547125563487832,2.0,0.5,4.0,1.0,6.0,0.6,0.01,0.06,0.55,0.12,0.2,0.35,1.2,12,10.0,14.0,0.9,1.2,0.6,0.01,0.06,0.65,0.3,0.72,0.005,0.38,0.22,0.01,0.14,1.0,0.28
lqr,ground_truth,gentle_curve,1700.0,0.05,0.1,1.0,1270.5831174999475,95.49715423583984,-52.50899124145508,17.35849611150578,2.0859483329386634,-2.7721411434365524,0.3861482380493473,2.7721411434365524,0.3861482380493473,0.1899999976158142,-0.12000000476837158,1.0,0.0,19.444444444444443,187,181,4.344185829162598,RoadOption.STRAIGHT,89.38902282714844,-60.884368896484375,-2.5724982981413436,2.0,0.5,4.0,1.0,6.0,0.6,0.01,0.06,0.55,0.12,0.2,0.35,1.2,12,10.0,14.0,0.9,1.2,0.6,0.01,0.06,0.65,0.3,0.72,0.005,0.38,0.22,0.01,0.14,1.0,0.28
lqr,ground_truth,gentle_curve,1700.0,0.05,0.1,1.0,1270.6331175006926,94.9322738647461,-53.1796875,17.30291507514302,2.1415293693014235,-2.717911872884256,0.5367651777115419,2.717911872884256,0.5367651777115419,0.07000000029802322,-0.11999999731779099,1.0,0.0,19.444444444444443,188,182,4.465332984924316,RoadOption.STRAIGHT,88.42677307128906,-61.482845306396484,-2.5978710327948558,2.0,0.5,4.0,1.0,6.0,0.6,0.01,0.06,0.55,0.12,0.2,0.35,1.2,12,10.0,14.0,0.9,1.2,0.6,0.01,0.06,0.65,0.3,0.72,0.005,0.38,0.22,0.01,0.14,1.0,0.28
lqr,ground_truth,gentle_curve,1700.0,0.05,0.1,1.0,1270.6831175014377,94.41800689697266,-53.88974380493164,17.286655810733954,2.1577886337104886,-2.5845837208000217,0.6814824166108835,2.5845837208000217,0.6814824166108835,-0.05000000074505806,-0.12000000104308128,1.0,0.0,19.444444444444443,189,183,4.564062118530273,RoadOption.STRAIGHT,87.44966125488281,-62.05671691894531,-2.6232437674483675,2.0,0.5,4.0,1.0,6.0,0.6,0.01,0.06,0.55,0.12,0.2,0.35,1.2,12,10.0,14.0,0.9,1.2,0.6,0.01,0.06,0.65,0.3,0.72,0.005,0.38,0.22,0.01,0.14,1.0,0.28
lqr,ground_truth,gentle_curve,1700.0,0.05,0.1,1.0,1270.7331175021827,93.95420837402344,-54.63527297973633,17.3181608477622,2.126283596682242,-2.3768192824221916,0.8163379699936621,2.3768192824221916,0.8163379699936621,-0.17000000178813934,-0.12000000104308128,1.0,0.0,19.444444444444443,190,184,4.6607232093811035,RoadOption.STRAIGHT,86.45829010009766,-62.60560989379883,-2.6486165021018793,2.0,0.5,4.0,1.0,6.0,0.6,0.01,0.06,0.55,0.12,0.2,0.35,1.2,12,10.0,14.0,0.9,1.2,0.6,0.01,0.06,0.65,0.3,0.72,0.005,0.38,0.22,0.01,0.14,1.0,0.28
lqr,ground_truth,gentle_curve,1700.0,0.05,0.1,1.0,1270.7831175029278,93.54102325439453,-55.411865234375,17.372760230039905,2.071684214404538,-2.1000436042899024,0.9379737248833413,2.1000436042899024,0.9379737248833413,-0.28999999165534973,-0.11999998986721039,1.0,0.0,19.444444444444443,190,185,4.779281139373779,RoadOption.STRAIGHT,86.45829010009766,-62.60560989379883,-2.6486165021018793,2.0,0.5,4.0,1.0,6.0,0.6,0.01,0.06,0.55,0.12,0.2,0.35,1.2,12,10.0,14.0,0.9,1.2,0.6,0.01,0.06,0.65,0.3,0.72,0.005,0.38,0.22,0.01,0.14,1.0,0.28
lqr,ground_truth,gentle_curve,1700.0,0.05,0.1,1.0,1270.8331175036728,93.17581939697266,-56.21474838256836,17.467766768827225,1.9766776756172177,-1.658668059545895,1.0153852930272738,1.658668059545895,1.0153852930272738,-0.4099999964237213,-0.12000000476837158,1.0,0.0,19.444444444444443,191,185,3.8998234272003174,RoadOption.STRAIGHT,85.45333099365234,-63.12917709350586,-2.6739889704392823,2.0,0.5,4.0,1.0,6.0,0.6,0.01,0.06,0.55,0.12,0.2,0.35,1.2,12,10.0,14.0,0.9,1.2,0.6,0.01,0.06,0.65,0.3,0.72,0.005,0.38,0.22,0.01,0.14,1.0,0.28
lqr,ground_truth,gentle_curve,1700.0,0.05,0.1,1.0,1270.883117504418,92.85431671142578,-57.03866958618164,17.58829386959092,1.8561505748535225,-1.259531783660163,1.09242681493774,1.259531783660163,1.09242681493774,-0.5299999713897705,-0.1199999749660492,1.0,0.0,19.444444444444443,192,186,4.090333938598633,RoadOption.STRAIGHT,84.43539428710938,-63.62708282470703,-2.6993617050927945,2.0,0.5,4.0,1.0,6.0,0.6,0.01,0.06,0.55,0.12,0.2,0.35,1.2,12,10.0,14.0,0.9,1.2,0.6,0.01,0.06,0.65,0.3,0.72,0.005,0.38,0.22,0.01,0.14,1.0,0.28
lqr,ground_truth,gentle_curve,1700.0,0.05,0.1,1.0,1270.933117505163,92.57080078125,-57.87816619873047,17.716874151093062,1.7275702933513806,-0.8178304563496985,1.136281887556402,0.8178304563496985,1.136281887556402,-0.550000011920929,-0.020000040531158447,0.9322458505630493,0.0,19.444444444444443,193,187,4.377324104309082,RoadOption.STRAIGHT,83.40515899658203,-64.0989990234375,-2.724734173430197,2.0,0.5,4.0,1.0,6.0,0.6,0.01,0.06,0.55,0.12,0.2,0.35,1.2,12,10.0,14.0,0.9,1.2,0.6,0.01,0.06,0.65,0.3,0.72,0.005,0.38,0.22,0.01,0.14,1.0,0.28
lqr,ground_truth,gentle_curve,1700.0,0.05,0.1,1.0,1270.983117505908,92.32046508789062,-58.7298698425293,17.86297714243022,1.5814673020142216,-0.34166478115644106,1.1422248646869688,0.34166478115644106,1.1422248646869688,-0.550000011920929,0.0,0.8235567808151245,0.0,19.444444444444443,193,188,4.768617630004883,RoadOption.STRAIGHT,83.40515899658203,-64.0989990234375,-2.724734173430197,2.0,0.5,4.0,1.0,6.0,0.6,0.01,0.06,0.55,0.12,0.2,0.35,1.2,12,10.0,14.0,0.9,1.2,0.6,0.01,0.06,0.65,0.3,0.72,0.005,0.38,0.22,0.01,0.14,1.0,0.28
lqr,ground_truth,gentle_curve,1700.0,0.05,0.1,1.0,1271.033117506653,92.0999984741211,-59.594886779785156,18.05135530772015,1.3930891367242921,0.28455470262916926,1.0865687926459477,0.28455470262916926,1.0865687926459477,-0.550000011920929,0.0,0.6597996950149536,0.0,19.444444444444443,194,188,4.130009174346924,RoadOption.STRAIGHT,82.36328887939453,-64.54463195800781,-2.7501069080837093,2.0,0.5,4.0,1.0,6.0,0.6,0.01,0.06,0.55,0.12,0.2,0.35,1.2,12,10.0,14.0,0.9,1.2,0.6,0.01,0.06,0.65,0.3,0.72,0.005,0.38,0.22,0.01,0.14,1.0,0.28
lqr,ground_truth,gentle_curve,1700.0,0.05,0.1,1.0,1271.0831175073981,91.8966064453125,-60.47349166870117,18.261025088898972,1.183419355545471,0.8279735920476929,1.0243711980193648,0.8279735920476929,1.0243711980193648,-0.550000011920929,0.0,0.5084478855133057,0.0,19.444444444444443,194,189,4.720373630523682,RoadOption.STRAIGHT,82.36328887939453,-64.54463195800781,-2.7501069080837093,2.0,0.5,4.0,1.0,6.0,0.6,0.01,0.06,0.55,0.12,0.2,0.35,1.2,12,10.0,14.0,0.9,1.2,0.6,0.01,0.06,0.65,0.3,0.72,0.005,0.38,0.22,0.01,0.14,1.0,0.28
lqr,ground_truth,gentle_curve,1700.0,0.05,0.1,1.0,1271.1331175081432,91.68653106689453,-61.36128616333008,18.414882607395608,1.0295618370488349,1.4950648527354202,0.914706751703755,1.4950648527354202,0.914706751703755,-0.550000011920929,0.0,0.4831080734729767,0.0,19.444444444444443,195,189,4.2935638427734375,RoadOption.STRAIGHT,81.31044006347656,-64.96368408203125,-2.775479376421112,2.0,0.5,4.0,1.0,6.0,0.6,0.01,0.06,0.55,0.12,0.2,0.35,1.2,12,10.0,14.0,0.9,1.2,0.6,0.01,0.06,0.65,0.3,0.72,0.005,0.38,0.22,0.01,0.14,1.0,0.28
lqr,ground_truth,gentle_curve,1700.0,0.05,0.1,1.0,1271.1831175088882,91.4457778930664,-62.24757766723633,18.428981236099574,1.015463208344869,2.044926662030573,0.8196304360493265,2.044926662030573,0.8196304360493265,-0.550000011920929,0.0,0.642363965511322,0.0,19.444444444444443,195,190,5.000322341918945,RoadOption.STRAIGHT,81.31044006347656,-64.96368408203125,-2.775479376421112,2.0,0.5,4.0,1.0,6.0,0.6,0.01,0.06,0.55,0.12,0.2,0.35,1.2,12,10.0,14.0,0.9,1.2,0.6,0.01,0.06,0.65,0.3,0.72,0.005,0.38,0.22,0.01,0.14,1.0,0.28
lqr,ground_truth,gentle_curve,1700.0,0.05,0.1,1.0,1271.2331175096333,91.17530059814453,-63.13282012939453,18.28979814219279,1.1546463022516527,2.6967584846322725,0.6933727650878145,2.6967584846322725,0.6933727650878145,-0.550000011920929,0.0,0.922206699848175,0.0,19.444444444444443,195,190,4.746423244476318,RoadOption.STRAIGHT,81.31044006347656,-64.96368408203125,-2.775479376421112,2.0,0.5,4.0,1.0,6.0,0.6,0.01,0.06,0.55,0.12,0.2,0.35,1.2,12,10.0,14.0,0.9,1.2,0.6,0.01,0.06,0.65,0.3,0.72,0.005,0.38,0.22,0.01,0.14,1.0,0.28
lqr,ground_truth,gentle_curve,1700.0,0.05,0.1,1.0,1271.2831175103784,90.84442138671875,-63.99279022216797,18.272807449850006,1.1716369945944365,3.297741969593546,0.5744583613580323,3.297741969593546,0.5744583613580323,-0.550000011920929,0.0,0.7671949863433838,0.0,19.444444444444443,196,190,4.6003828048706055,RoadOption.STRAIGHT,80.24730682373047,-65.35589599609375,-2.800852111074624,2.0,0.5,4.0,1.0,6.0,0.6,0.01,0.06,0.55,0.12,0.2,0.35,1.2,12,10.0,14.0,0.9,1.2,0.6,0.01,0.06,0.65,0.3,0.72,0.005,0.38,0.22,0.01,0.14,1.0,0.28
lqr,ground_truth,gentle_curve,1700.0,0.05,0.1,1.0,1271.3331175111234,90.46990203857422,-64.82846069335938,18.10008609934143,1.3443583451030143,3.7780790902638257,0.4905195185403701,3.7780790902638257,0.4905195185403701,-0.550000011920929,0.0,1.0,0.0,19.444444444444443,196,191,5.296703815460205,RoadOption.STRAIGHT,80.24730682373047,-65.35589599609375,-2.800852111074624,2.0,0.5,4.0,1.0,6.0,0.6,0.01,0.06,0.55,0.12,0.2,0.35,1.2,12,10.0,14.0,0.9,1.2,0.6,0.01,0.06,0.65,0.3,0.72,0.005,0.38,0.22,0.01,0.14,1.0,0.28
lqr,ground_truth,gentle_curve,1700.0,0.05,0.1,1.0,1271.3831175118685,90.06607818603516,-65.62897491455078,17.70926033463743,1.7351841098070118,4.310635900776539,0.3788346650637715,4.310635900776539,0.3788346650637715,-0.550000011920929,0.0,1.0,0.0,19.444444444444443,197,191,5.247035503387451,RoadOption.STRAIGHT,79.174560546875,-65.72100830078125,-2.826224845728136,2.0,0.5,4.0,1.0,6.0,0.6,0.01,0.06,0.55,0.12,0.2,0.35,1.2,12,10.0,14.0,0.9,1.2,0.6,0.01,0.06,0.65,0.3,0.72,0.005,0.38,0.22,0.01,0.14,1.0,0.28
lqr,ground_truth,gentle_curve,1700.0,0.05,0.1,1.0,1271.4331175126135,89.6045913696289,-66.38534545898438,17.289997966380714,2.154446478063729,4.705108802144192,0.2672263774685133,4.705108802144192,0.2672263774685133,-0.550000011920929,0.0,1.0,0.0,19.444444444444443,197,192,5.859925270080566,RoadOption.STRAIGHT,79.174560546875,-65.72100830078125,-2.826224845728136,2.0,0.5,4.0,1.0,6.0,0.6,0.01,0.06,0.55,0.12,0.2,0.35,1.2,12,10.0,14.0,0.9,1.2,0.6,0.01,0.06,0.65,0.3,0.72,0.005,0.38,0.22,0.01,0.14,1.0,0.28
lqr,ground_truth,gentle_curve,1700.0,0.05,0.1,1.0,1271.4831175133586,89.1252212524414,-67.11949920654297,17.16242782987446,2.282016614569983,5.163486615979235,0.1362340055630038,5.163486615979235,0.1362340055630038,-0.550000011920929,0.0,1.0,0.0,19.444444444444443,197,192,5.848505020141602,RoadOption.STRAIGHT,79.174560546875,-65.72100830078125,-2.826224845728136,2.0,0.5,4.0,1.0,6.0,0.6,0.01,0.06,0.55,0.12,0.2,0.35,1.2,12,10.0,14.0,0.9,1.2,0.6,0.01,0.06,0.65,0.3,0.72,0.005,0.38,0.22,0.01,0.14,1.0,0.28
lqr,ground_truth,gentle_curve,1700.0,0.05,0.1,1.0,1271.5331175141037,88.61042022705078,-67.79803466796875,16.743764909526526,2.700679534917917,5.5564337691912415,0.013778929163961173,5.5564337691912415,0.013778929163961173,-0.550000011920929,0.0,1.0,0.0,19.444444444444443,198,192,5.903201103210449,RoadOption.STRAIGHT,78.0928955078125,-66.05878448486328,-2.851597314065539,2.0,0.5,4.0,1.0,6.0,0.6,0.01,0.06,0.55,0.12,0.2,0.35,1.2,12,10.0,14.0,0.9,1.2,0.6,0.01,0.06,0.65,0.3,0.72,0.005,0.38,0.22,0.01,0.14,1.0,0.28
lqr,ground_truth,gentle_curve,1700.0,0.05,0.1,1.0,1271.5831175148487,88.07554626464844,-68.44990539550781,16.35444740346285,3.0899970409815936,5.869311240300809,-0.0912638673959254,5.869311240300809,0.0912638673959254,-0.550000011920929,0.0,1.0,0.0,19.444444444444443,198,193,6.384820461273193,RoadOption.STRAIGHT,78.0928955078125,-66.05878448486328,-2.851597314065539,2.0,0.5,4.0,1.0,6.0,0.6,0.01,0.06,0.55,0.12,0.2,0.35,1.2,12,10.0,14.0,0.9,1.2,0.6,0.01,0.06,0.65,0.3,0.72,0.005,0.38,0.22,0.01,0.14,1.0,0.28
lqr,ground_truth,gentle_curve,1700.0,0.05,0.1,1.0,1271.6331175155938,87.51553344726562,-69.05529022216797,15.85489359459227,3.5895508498521735,6.196110625162259,-0.2247803833826123,6.196110625162259,0.2247803833826123,-0.550000011920929,0.0,1.0,0.0,19.444444444444443,199,193,6.4408183097839355,RoadOption.STRAIGHT,77.00301361083984,-66.36901092529297,-2.8769700487190506,2.0,0.5,4.0,1.0,6.0,0.6,0.01,0.06,0.55,0.12,0.2,0.35,1.2,12,10.0,14.0,0.9,1.2,0.6,0.01,0.06,0.65,0.3,0.72,0.005,0.38,0.22,0.01,0.14,1.0,0.28
lqr,ground_truth,gentle_curve,1700.0,0.05,0.1,1.0,1271.6831175163388,86.93351745605469,-69.603271484375,15.25129983595994,4.193144608484502,6.4197452795790735,-0.3345649382633842,6.4197452795790735,0.3345649382633842,-0.550000011920929,0.0,1.0,0.0,19.444444444444443,199,194,6.819183826446533,RoadOption.STRAIGHT,77.00301361083984,-66.36901092529297,-2.8769700487190506,2.0,0.5,4.0,1.0,6.0,0.6,0.01,0.06,0.55,0.12,0.2,0.35,1.2,12,10.0,14.0,0.9,1.2,0.6,0.01,0.06,0.65,0.3,0.72,0.005,0.38,0.22,0.01,0.14,1.0,0.28
lqr,ground_truth,gentle_curve,1700.0,0.05,0.1,1.0,1271.7331175170839,86.33638763427734,-70.08805847167969,14.558339500840107,4.886104943604336,6.640012669864158,-0.4712807096675835,6.640012669864158,0.4712807096675835,-0.550000011920929,0.0,1.0,0.0,19.444444444444443,199,194,6.821987152099609,RoadOption.STRAIGHT,77.00301361083984,-66.36901092529297,-2.8769700487190506,2.0,0.5,4.0,1.0,6.0,0.6,0.01,0.06,0.55,0.12,0.2,0.35,1.2,12,10.0,14.0,0.9,1.2,0.6,0.01,0.06,0.65,0.3,0.72,0.005,0.38,0.22,0.01,0.14,1.0,0.28
lqr,ground_truth,gentle_curve,1700.0,0.05,0.1,1.0,1271.783117517829,86.04998016357422,-70.48102569580078,6.966820140251382,12.47762430419306,6.893966984562941,-0.6178379265640608,6.893966984562941,0.6178379265640608,-0.550000011920929,0.0,1.0,0.0,19.444444444444443,200,194,6.989842414855957,RoadOption.STRAIGHT,75.90560913085938,-66.6514892578125,-2.9023425170564536,2.0,0.5,4.0,1.0,6.0,0.6,0.01,0.06,0.55,0.12,0.2,0.35,1.2,12,10.0,14.0,0.9,1.2,0.6,0.01,0.06,0.65,0.3,0.72,0.005,0.38,0.22,0.01,0.14,1.0,0.28
lqr,ground_truth,gentle_curve,1700.0,0.05,0.1,1.0,1271.833117518574,86.21659088134766,-70.79034423828125,5.996087905713798,13.448356538730645,7.196850991813658,-0.7389651508435904,7.196850991813658,0.7389651508435904,-0.550000011920929,0.0,1.0,0.0,19.444444444444443,199,195,7.618856906890869,RoadOption.STRAIGHT,77.00301361083984,-66.36901092529297,-2.8769700487190506,2.0,0.5,4.0,1.0,6.0,0.6,0.01,0.06,0.55,0.12,0.2,0.35,1.2,12,10.0,14.0,0.9,1.2,0.6,0.01,0.06,0.65,0.3,0.72,0.005,0.38,0.22,0.01,0.14,1.0,0.28
lqr,ground_truth,gentle_curve,1700.0,0.05,0.1,1.0,1271.883117519319,86.34658813476562,-71.05287170410156,4.880241436730723,14.564203007713719,7.535723322510612,-0.8898308297515971,7.535723322510612,0.8898308297515971,-0.550000011920929,0.0,1.0,0.0,19.444444444444443,199,194,7.632198810577393,RoadOption.STRAIGHT,77.00301361083984,-66.36901092529297,-2.8769700487190506,2.0,0.5,4.0,1.0,6.0,0.6,0.01,0.06,0.55,0.12,0.2,0.35,1.2,12,10.0,14.0,0.9,1.2,0.6,0.01,0.06,0.65,0.3,0.72,0.005,0.38,0.22,0.01,0.14,1.0,0.28
lqr,ground_truth,gentle_curve,1700.0,0.05,0.1,1.0,1271.9331175200641,86.26350402832031,-70.97631072998047,2.8148716010259536,16.62957284341849,7.433252956214586,-0.8970860795093003,7.433252956214586,0.8970860795093003,-0.550000011920929,0.0,1.0,0.0,19.444444444444443,199,194,7.523353099822998,RoadOption.STRAIGHT,77.00301361083984,-66.36901092529297,-2.8769700487190506,2.0,0.5,4.0,1.0,6.0,0.6,0.01,0.06,0.55,0.12,0.2,0.35,1.2,12,10.0,14.0,0.9,1.2,0.6,0.01,0.06,0.65,0.3,0.72,0.005,0.38,0.22,0.01,0.14,1.0,0.28
lqr,ground_truth,gentle_curve,1700.0,0.05,0.1,1.0,1271.9831175208092,86.13999938964844,-70.85607147216797,3.9667870570372914,15.477657387407152,7.27498592027939,-0.9292653212768371,7.27498592027939,0.9292653212768371,-0.550000011920929,0.0,1.0,0.0,19.444444444444443,199,194,7.356574535369873,RoadOption.STRAIGHT,77.00301361083984,-66.36901092529297,-2.8769700487190506,2.0,0.5,4.0,1.0,6.0,0.6,0.01,0.06,0.55,0.12,0.2,0.35,1.2,12,10.0,14.0,0.9,1.2,0.6,0.01,0.06,0.65,0.3,0.72,0.005,0.38,0.22,0.01,0.14,1.0,0.28
lqr,ground_truth,gentle_curve,1700.0,0.05,0.1,1.0,1272.0331175215542,85.98310089111328,-70.6971206665039,4.914750135991189,14.529694308453255,7.068194295471815,-0.9722506054834774,7.068194295471815,0.9722506054834774,-0.550000011920929,0.0,1.0,0.0,19.444444444444443,200,194,7.139838218688965,RoadOption.STRAIGHT,75.90560913085938,-66.6514892578125,-2.9023425170564536,2.0,0.5,4.0,1.0,6.0,0.6,0.01,0.06,0.55,0.12,0.2,0.35,1.2,12,10.0,14.0,0.9,1.2,0.6,0.01,0.06,0.65,0.3,0.72,0.005,0.38,0.22,0.01,0.14,1.0,0.28
lqr,ground_truth,gentle_curve,1700.0,0.05,0.1,1.0,1272.0831175222993,85.80281829833984,-70.50261688232422,5.694090013607489,13.750354430836953,6.780066498446486,-0.9970808542229417,6.780066498446486,0.9970808542229417,-0.550000011920929,0.0,1.0,0.0,19.444444444444443,200,195,7.133207321166992,RoadOption.STRAIGHT,75.90560913085938,-66.6514892578125,-2.9023425170564536,2.0,0.5,4.0,1.0,6.0,0.6,0.01,0.06,0.55,0.12,0.2,0.35,1.2,12,10.0,14.0,0.9,1.2,0.6,0.01,0.06,0.65,0.3,0.72,0.005,0.38,0.22,0.01,0.14,1.0,0.28
lqr,ground_truth,gentle_curve,1700.0,0.05,0.1,1.0,1272.1331175230443,85.60842895507812,-70.275146484375,6.320075550351825,13.124368894092619,6.498082270517501,-1.0526943156865212,6.498082270517501,1.0526943156865212,-0.550000011920929,0.0,1.0,0.0,19.444444444444443,200,195,6.834191799163818,RoadOption.STRAIGHT,75.90560913085938,-66.6514892578125,-2.9023425170564536,2.0,0.5,4.0,1.0,6.0,0.6,0.01,0.06,0.55,0.12,0.2,0.35,1.2,12,10.0,14.0,0.9,1.2,0.6,0.01,0.06,0.65,0.3,0.72,0.005,0.38,0.22,0.01,0.14,1.0,0.28
lqr,ground_truth,gentle_curve,1700.0,0.05,0.1,1.0,1272.1831175237894,85.40811157226562,-70.01683044433594,6.833047913583236,12.611396530861207,6.1851744977660905,-1.1125400727544559,6.1851744977660905,1.1125400727544559,-0.4300000071525574,0.12000000476837158,1.0,0.0,19.444444444444443,200,195,6.507491588592529,RoadOption.STRAIGHT,75.90560913085938,-66.6514892578125,-2.9023425170564536,2.0,0.5,4.0,1.0,6.0,0.6,0.01,0.06,0.55,0.12,0.2,0.35,1.2,12,10.0,14.0,0.9,1.2,0.6,0.01,0.06,0.65,0.3,0.72,0.005,0.38,0.22,0.01,0.14,1.0,0.28
lqr,ground_truth,gentle_curve,1700.0,0.05,0.1,1.0,1272.2331175245345,85.2023696899414,-69.7321548461914,7.266396293987424,12.17804815045702,5.845712214345337,-1.1709069764690678,5.845712214345337,1.1709069764690678,-0.3100000023841858,0.12000000476837158,1.0,0.0,19.444444444444443,201,195,6.1569342613220215,RoadOption.STRAIGHT,74.8013916015625,-66.90603637695312,-2.9277152517099654,2.0,0.5,4.0,1.0,6.0,0.6,0.01,0.06,0.55,0.12,0.2,0.35,1.2,12,10.0,14.0,0.9,1.2,0.6,0.01,0.06,0.65,0.3,0.72,0.005,0.38,0.22,0.01,0.14,1.0,0.28
lqr,ground_truth,gentle_curve,1700.0,0.05,0.1,1.0,1272.2831175252795,84.9930419921875,-69.43537902832031,7.440570917254261,12.003873527190182,5.4308973541027505,-1.1969103476687106,5.4308973541027505,1.1969103476687106,-0.1899999976158142,0.12000000476837158,1.0,0.0,19.444444444444443,201,196,6.259821891784668,RoadOption.STRAIGHT,74.8013916015625,-66.90603637695312,-2.9277152517099654,2.0,0.5,4.0,1.0,6.0,0.6,0.01,0.06,0.55,0.12,0.2,0.35,1.2,12,10.0,14.0,0.9,1.2,0.6,0.01,0.06,0.65,0.3,0.72,0.005,0.38,0.22,0.01,0.14,1.0,0.28
lqr,ground_truth,gentle_curve,1700.0,0.05,0.1,1.0,1272.3331175260246,84.78634643554688,-69.12767028808594,7.6186270776967655,11.825817366747678,5.071804989619206,-1.241499653799906,5.071804989619206,1.241499653799906,-0.07000000029802322,0.11999999731779099,1.0,0.0,19.444444444444443,201,196,5.903131008148193,RoadOption.STRAIGHT,74.8013916015625,-66.90603637695312,-2.9277152517099654,2.0,0.5,4.0,1.0,6.0,0.6,0.01,0.06,0.55,0.12,0.2,0.35,1.2,12,10.0,14.0,0.9,1.2,0.6,0.01,0.06,0.65,0.3,0.72,0.005,0.38,0.22,0.01,0.14,1.0,0.28
lqr,ground_truth,gentle_curve,1700.0,0.05,0.1,1.0,1272.3831175267696,84.58489227294922,-68.80712127685547,7.884785694873006,11.559658749571437,4.702362170174663,-1.2758203433999764,4.702362170174663,1.2758203433999764,0.05000000074505806,0.12000000104308128,1.0,0.0,19.444444444444443,202,196,5.544172763824463,RoadOption.STRAIGHT,73.69107055664062,-67.13248443603516,-2.9530882526795867,2.0,0.5,4.0,1.0,6.0,0.6,0.01,0.06,0.55,0.12,0.2,0.35,1.2,12,10.0,14.0,0.9,1.2,0.6,0.01,0.06,0.65,0.3,0.72,0.005,0.38,0.22,0.01,0.14,1.0,0.28
lqr,ground_truth,gentle_curve,1700.0,0.05,0.1,1.0,1272.4331175275147,84.3541030883789,-68.47222137451172,8.436229850102071,11.008214594342371,4.222048566393273,-1.2621005364122144,4.222048566393273,1.2621005364122144,0.17000000178813934,0.12000000104308128,1.0,0.0,19.444444444444443,202,197,5.865631580352783,RoadOption.STRAIGHT,73.69107055664062,-67.13248443603516,-2.9530882526795867,2.0,0.5,4.0,1.0,6.0,0.6,0.01,0.06,0.55,0.12,0.2,0.35,1.2,12,10.0,14.0,0.9,1.2,0.6,0.01,0.06,0.65,0.3,0.72,0.005,0.38,0.22,0.01,0.14,1.0,0.28
lqr,ground_truth,gentle_curve,1700.0,0.05,0.1,1.0,1272.4831175282598,84.0927505493164,-68.12548828125,8.888772750768114,10.555671693676329,3.8113528168059894,-1.2550630000736263,3.8113528168059894,1.2550630000736263,0.28999999165534973,0.11999998986721039,1.0,0.0,19.444444444444443,202,197,5.475171089172363,RoadOption.STRAIGHT,73.69107055664062,-67.13248443603516,-2.9530882526795867,2.0,0.5,4.0,1.0,6.0,0.6,0.01,0.06,0.55,0.12,0.2,0.35,1.2,12,10.0,14.0,0.9,1.2,0.6,0.01,0.06,0.65,0.3,0.72,0.005,0.38,0.22,0.01,0.14,1.0,0.28
lqr,ground_truth,gentle_curve,1700.0,0.05,0.1,1.0,1272.5331175290048,83.80378723144531,-67.77442932128906,9.256594908268717,10.187849536175726,3.3879806127933083,-1.231637835125289,3.3879806127933083,1.231637835125289,0.4099999964237213,0.12000000476837158,1.0,0.0,19.444444444444443,202,197,5.064891338348389,RoadOption.STRAIGHT,73.69107055664062,-67.13248443603516,-2.9530882526795867,2.0,0.5,4.0,1.0,6.0,0.6,0.01,0.06,0.55,0.12,0.2,0.35,1.2,12,10.0,14.0,0.9,1.2,0.6,0.01,0.06,0.65,0.3,0.72,0.005,0.38,0.22,0.01,0.14,1.0,0.28
lqr,ground_truth,gentle_curve,1700.0,0.05,0.1,1.0,1272.5831175297499,83.48622131347656,-67.42802429199219,9.540558126489223,9.90388631795522,2.9601612599185936,-1.1923731201195427,2.9601612599185936,1.1923731201195427,0.5299999713897705,0.1199999749660492,1.0,0.0,19.444444444444443,203,197,4.637997150421143,RoadOption.STRAIGHT,72.57536315917969,-67.33069610595703,-2.9784607210169893,2.0,0.5,4.0,1.0,6.0,0.6,0.01,0.06,0.55,0.12,0.2,0.35,1.2,12,10.0,14.0,0.9,1.2,0.6,0.01,0.06,0.65,0.3,0.72,0.005,0.38,0.22,0.01,0.14,1.0,0.28
lqr,ground_truth,gentle_curve,1700.0,0.05,0.1,1.0,1272.633117530495,83.1417465209961,-67.09732818603516,9.565355803134983,9.87908864130946,2.4388871590318892,-1.1124444652713201,2.4388871590318892,1.1124444652713201,0.550000011920929,0.020000040531158447,1.0,0.0,19.444444444444443,203,198,5.155137062072754,RoadOption.STRAIGHT,72.57536315917969,-67.33069610595703,-2.9784607210169893,2.0,0.5,4.0,1.0,6.0,0.6,0.01,0.06,0.55,0.12,0.2,0.35,1.2,12,10.0,14.0,0.9,1.2,0.6,0.01,0.06,0.65,0.3,0.72,0.005,0.38,0.22,0.01,0.14,1.0,0.28
lqr,ground_truth,gentle_curve,1700.0,0.05,0.1,1.0,1272.68311753124,82.78143310546875,-66.78569793701172,9.448931366851246,9.995513077593197,2.037238152392248,-1.043036361993348,2.037238152392248,1.043036361993348,0.550000011920929,0.0,1.0,0.0,19.444444444444443,203,198,4.744968891143799,RoadOption.STRAIGHT,72.57536315917969,-67.33069610595703,-2.9784607210169893,2.0,0.5,4.0,1.0,6.0,0.6,0.01,0.06,0.55,0.12,0.2,0.35,1.2,12,10.0,14.0,0.9,1.2,0.6,0.01,0.06,0.65,0.3,0.72,0.005,0.38,0.22,0.01,0.14,1.0,0.28
lqr,ground_truth,gentle_curve,1700.0,0.05,0.1,1.0,1272.733117531985,82.41120910644531,-66.48822784423828,9.459186919918892,9.98525752452555,1.6463241384828247,-0.9566926847113457,1.6463241384828247,0.9566926847113457,0.550000011920929,0.0,1.0,0.0,19.444444444444443,204,198,4.339761257171631,RoadOption.STRAIGHT,71.45498657226562,-67.50053405761719,-3.0038334556705015,2.0,0.5,4.0,1.0,6.0,0.6,0.01,0.06,0.55,0.12,0.2,0.35,1.2,12,10.0,14.0,0.9,1.2,0.6,0.01,0.06,0.65,0.3,0.72,0.005,0.38,0.22,0.01,0.14,1.0,0.28
lqr,ground_truth,gentle_curve,1700.0,0.05,0.1,1.0,1272.78311753273,82.00531768798828,-66.22547912597656,9.814561088929944,9.6298833555145,1.1697921209633717,-0.8447301966911063,1.1697921209633717,0.8447301966911063,0.550000011920929,0.0,1.0,0.0,19.444444444444443,204,199,5.004388332366943,RoadOption.STRAIGHT,71.45498657226562,-67.50053405761719,-3.0038334556705015,2.0,0.5,4.0,1.0,6.0,0.6,0.01,0.06,0.55,0.12,0.2,0.35,1.2,12,10.0,14.0,0.9,1.2,0.6,0.01,0.06,0.65,0.3,0.72,0.005,0.38,0.22,0.01,0.14,1.0,0.28
lqr,ground_truth,gentle_curve,1700.0,0.05,0.1,1.0,1272.8331175334752,81.55753326416016,-66.00498962402344,10.165503630710218,9.278940813734225,0.8398617875522145,-0.760327431211552,0.8398617875522145,0.760327431211552,0.550000011920929,0.0,1.0,0.0,19.444444444444443,204,199,4.569049835205078,RoadOption.STRAIGHT,71.45498657226562,-67.50053405761719,-3.0038334556705015,2.0,0.5,4.0,1.0,6.0,0.6,0.01,0.06,0.55,0.12,0.2,0.35,1.2,12,10.0,14.0,0.9,1.2,0.6,0.01,0.06,0.65,0.3,0.72,0.005,0.38,0.22,0.01,0.14,1.0,0.28
lqr,ground_truth,gentle_curve,1700.0,0.05,0.1,1.0,1272.8831175342202,81.07721710205078,-65.81988525390625,10.482226410967495,8.962218033476947,0.5355763602598275,-0.6735752250183289,0.5355763602598275,0.6735752250183289,0.550000011920929,0.0,1.0,0.0,19.444444444444443,205,199,4.111044406890869,RoadOption.STRAIGHT,70.33067321777344,-67.64189147949219,-3.029205924007904,2.0,0.5,4.0,1.0,6.0,0.6,0.01,0.06,0.55,0.12,0.2,0.35,1.2,12,10.0,14.0,0.9,1.2,0.6,0.01,0.06,0.65,0.3,0.72,0.005,0.38,0.22,0.01,0.14,1.0,0.28
lqr,ground_truth,gentle_curve,1700.0,0.05,0.1,1.0,1272.9331175349653,80.56929779052734,-65.67082214355469,10.765483041171981,8.678961403272462,0.15244009748704423,-0.5586467744920682,0.15244009748704423,0.5586467744920682,0.550000011920929,0.0,1.0,0.0,19.444444444444443,205,200,4.765679836273193,RoadOption.STRAIGHT,70.33067321777344,-67.64189147949219,-3.029205924007904,2.0,0.5,4.0,1.0,6.0,0.6,0.01,0.06,0.55,0.12,0.2,0.35,1.2,12,10.0,14.0,0.9,1.2,0.6,0.01,0.06,0.65,0.3,0.72,0.005,0.38,0.22,0.01,0.14,1.0,0.28
lqr,ground_truth,gentle_curve,1700.0,0.05,0.1,1.0,1272.9831175357103,80.03799438476562,-65.56060028076172,11.01764092524532,8.426803519199122,-0.08054739343255402,-0.4665786324469394,0.08054739343255402,0.4665786324469394,0.550000011920929,0.0,1.0,0.0,19.444444444444443,206,200,4.273950099945068,RoadOption.STRAIGHT,69.20311737060547,-67.75468444824219,-3.0545786586614163,2.0,0.5,4.0,1.0,6.0,0.6,0.01,0.06,0.55,0.12,0.2,0.35,1.2,12,10.0,14.0,0.9,1.2,0.6,0.01,0.06,0.65,0.3,0.72,0.005,0.38,0.22,0.01,0.14,1.0,0.28
lqr,ground_truth,gentle_curve,1700.0,0.05,0.1,1.0,1273.0331175364554,79.48761749267578,-65.4925308227539,11.241631097116697,8.202813347327746,-0.38664524229464403,-0.346980062633115,0.38664524229464403,0.346980062633115,0.550000011920929,0.0,1.0,0.0,19.444444444444443,206,201,4.894763469696045,RoadOption.STRAIGHT,69.20311737060547,-67.75468444824219,-3.0545786586614163,2.0,0.5,4.0,1.0,6.0,0.6,0.01,0.06,0.55,0.12,0.2,0.35,1.2,12,10.0,14.0,0.9,1.2,0.6,0.01,0.06,0.65,0.3,0.72,0.005,0.38,0.22,0.01,0.14,1.0,0.28
lqr,ground_truth,gentle_curve,1700.0,0.05,0.1,1.0,1273.0831175372005,78.92281341552734,-65.46977996826172,11.440339971272062,8.004104473172381,-0.5287576966133728,-0.25089294418694763,0.5287576966133728,0.25089294418694763,0.550000011920929,0.0,1.0,0.0,19.444444444444443,207,201,4.364510536193848,RoadOption.STRAIGHT,68.07307434082031,-67.83882904052734,-3.079951393314928,2.0,0.5,4.0,1.0,6.0,0.6,0.01,0.06,0.55,0.12,0.2,0.35,1.2,12,10.0,14.0,0.9,1.2,0.6,0.01,0.06,0.65,0.3,0.72,0.005,0.38,0.22,0.01,0.14,1.0,0.28
lqr,ground_truth,gentle_curve,1700.0,0.05,0.1,1.0,1273.1331175379455,78.34856414794922,-65.49513244628906,11.61629090106197,7.828153543382474,-0.7355795492035453,-0.12779364912021496,0.7355795492035453,0.12779364912021496,0.4979170560836792,-0.052082955837249756,1.0,0.0,19.444444444444443,207,202,4.936919212341309,RoadOption.STRAIGHT,68.07307434082031,-67.83882904052734,-3.079951393314928,2.0,0.5,4.0,1.0,6.0,0.6,0.01,0.06,0.55,0.12,0.2,0.35,1.2,12,10.0,14.0,0.9,1.2,0.6,0.01,0.06,0.65,0.3,0.72,0.005,0.38,0.22,0.01,0.14,1.0,0.28
lqr,ground_truth,gentle_curve,1700.0,0.05,0.1,1.0,1273.1831175386906,77.76832580566406,-65.56962585449219,11.821170622970477,7.6232738214739655,-0.7711366102484548,-0.030047114998818625,0.7711366102484548,0.030047114998818625,0.37791708111763,-0.1199999749660492,1.0,0.0,19.444444444444443,208,202,4.366524696350098,RoadOption.STRAIGHT,66.94125366210938,-67.894287109375,-3.105323861652331,2.0,0.5,4.0,1.0,6.0,0.6,0.01,0.06,0.55,0.12,0.2,0.35,1.2,12,10.0,14.0,0.9,1.2,0.6,0.01,0.06,0.65,0.3,0.72,0.005,0.38,0.22,0.01,0.14,1.0,0.28
lqr,ground_truth,gentle_curve,1700.0,0.05,0.1,1.0,1273.2331175394356,77.18289947509766,-65.69170379638672,12.098977519648242,7.345466924796201,-0.8689252007496829,0.0889210845849826,0.8689252007496829,0.0889210845849826,0.2579170763492584,-0.12000000476837158,1.0,0.0,19.444444444444443,208,203,4.890367031097412,RoadOption.STRAIGHT,66.94125366210938,-67.894287109375,-3.105323861652331,2.0,0.5,4.0,1.0,6.0,0.6,0.01,0.06,0.55,0.12,0.2,0.35,1.2,12,10.0,14.0,0.9,1.2,0.6,0.01,0.06,0.65,0.3,0.72,0.005,0.38,0.22,0.01,0.14,1.0,0.28
lqr,ground_truth,gentle_curve,1700.0,0.05,0.1,1.0,1273.2831175401807,76.59104919433594,-65.85717010498047,12.431247102232167,7.013197342212276,-0.8017777299029728,0.1719762905529567,0.8017777299029728,0.1719762905529567,0.13791707158088684,-0.12000000476837158,1.0,0.0,19.444444444444443,209,203,4.277501106262207,RoadOption.STRAIGHT,65.80839538574219,-67.92100524902344,-3.130696596305843,2.0,0.5,4.0,1.0,6.0,0.6,0.01,0.06,0.55,0.12,0.2,0.35,1.2,12,10.0,14.0,0.9,1.2,0.6,0.01,0.06,0.65,0.3,0.72,0.005,0.38,0.22,0.01,0.14,1.0,0.28
lqr,ground_truth,gentle_curve,1700.0,0.05,0.1,1.0,1273.3331175409257,75.99186706542969,-66.06034851074219,12.789811853620705,6.654632590823738,-0.8035194455992435,0.2640524220813565,0.8035194455992435,0.2640524220813565,0.017917070537805557,-0.12000000104308128,1.0,0.0,19.444444444444443,209,204,4.759981155395508,RoadOption.STRAIGHT,65.80839538574219,-67.92100524902344,-3.130696596305843,2.0,0.5,4.0,1.0,6.0,0.6,0.01,0.06,0.55,0.12,0.2,0.35,1.2,12,10.0,14.0,0.9,1.2,0.6,0.01,0.06,0.65,0.3,0.72,0.005,0.38,0.22,0.01,0.14,1.0,0.28
lqr,ground_truth,gentle_curve,1700.0,0.05,0.1,1.0,1273.3831175416708,75.38417053222656,-66.29354858398438,13.14848940428785,6.295955040156592,-0.6559799143037162,0.30946571025382363,0.6559799143037162,0.30946571025382363,-0.10208293050527573,-0.12000000104308128,1.0,0.0,19.444444444444443,210,204,4.110389709472656,RoadOption.STRAIGHT,64.74905395507812,-67.92342376708984,3.141183858362466,2.0,0.5,4.0,1.0,6.0,0.6,0.01,0.06,0.55,0.12,0.2,0.35,1.2,12,10.0,14.0,0.9,1.2,0.6,0.01,0.06,0.65,0.3,0.72,0.005,0.38,0.22,0.01,0.14,1.0,0.28
lqr,ground_truth,gentle_curve,1700.0,0.05,0.1,1.0,1273.4331175424159,74.76628112792969,-66.54730987548828,13.483011914388864,5.961432530055578,-0.5902214540232095,0.3558795480478336,0.5902214540232095,0.3558795480478336,-0.2220829278230667,-0.11999999731779099,1.0,0.0,19.444444444444443,210,205,4.568667888641357,RoadOption.STRAIGHT,64.74905395507812,-67.92342376708984,3.141183858362466,2.0,0.5,4.0,1.0,6.0,0.6,0.01,0.06,0.55,0.12,0.2,0.35,1.2,12,10.0,14.0,0.9,1.2,0.6,0.01,0.06,0.65,0.3,0.72,0.005,0.38,0.22,0.01,0.14,1.0,0.28
lqr,ground_truth,gentle_curve,1700.0,0.05,0.1,1.0,1273.483117543161,74.13595581054688,-66.81122589111328,13.782773691595555,5.661670752848888,-0.3986615843096189,0.352503192417831,0.3986615843096189,0.352503192417831,-0.3420829176902771,-0.11999998986721039,1.0,0.0,19.444444444444443,211,205,3.8948919773101807,RoadOption.STRAIGHT,63.74905014038086,-67.92301940917969,3.141183858362466,2.0,0.5,4.0,1.0,6.0,0.6,0.01,0.06,0.55,0.12,0.2,0.35,1.2,12,10.0,14.0,0.9,1.2,0.6,0.01,0.06,0.65,0.3,0.72,0.005,0.38,0.22,0.01,0.14,1.0,0.28
lqr,ground_truth,gentle_curve,1700.0,0.05,0.1,1.0,1273.533117543906,73.49053955078125,-67.07186889648438,14.023268934848902,5.421175509595541,-0.3076370992470576,0.3507758661348057,0.3076370992470576,0.3507758661348057,-0.4620829224586487,-0.12000000476837158,1.0,0.0,19.444444444444443,212,206,4.34145450592041,RoadOption.STRAIGHT,62.74905014038086,-67.922607421875,3.141183858362466,2.0,0.5,4.0,1.0,6.0,0.6,0.01,0.06,0.55,0.12,0.2,0.35,1.2,12,10.0,14.0,0.9,1.2,0.6,0.01,0.06,0.65,0.3,0.72,0.005,0.38,0.22,0.01,0.14,1.0,0.28
lqr,ground_truth,gentle_curve,1700.0,0.05,0.1,1.0,1273.583117544651,72.82850646972656,-67.3151626586914,14.189070688215335,5.255373756229108,-0.22972659098265863,0.3277025047664681,0.22972659098265863,0.3277025047664681,-0.550000011920929,-0.08791708946228027,1.0,0.0,19.444444444444443,212,207,4.784178256988525,RoadOption.STRAIGHT,62.74905014038086,-67.922607421875,3.141183858362466,2.0,0.5,4.0,1.0,6.0,0.6,0.01,0.06,0.55,0.12,0.2,0.35,1.2,12,10.0,14.0,0.9,1.2,0.6,0.01,0.06,0.65,0.3,0.72,0.005,0.38,0.22,0.01,0.14,1.0,0.28
lqr,ground_truth,gentle_curve,1700.0,0.05,0.1,1.0,1273.633117545396,72.1504135131836,-67.52860260009766,14.282778869528565,5.161665574915878,-0.058464058737003166,0.2612225471070384,0.058464058737003166,0.2612225471070384,-0.550000011920929,0.0,1.0,0.0,19.444444444444443,213,207,4.0891242027282715,RoadOption.STRAIGHT,61.74905014038086,-67.92219543457031,3.141183858362466,2.0,0.5,4.0,1.0,6.0,0.6,0.01,0.06,0.55,0.12,0.2,0.35,1.2,12,10.0,14.0,0.9,1.2,0.6,0.01,0.06,0.65,0.3,0.72,0.005,0.38,0.22,0.01,0.14,1.0,0.28
lqr,ground_truth,gentle_curve,1700.0,0.05,0.1,1.0,1273.6831175461411,71.45712280273438,-67.70378875732422,14.369216759820917,5.075227684623526,-0.026623859819141532,0.2064892603837296,0.026623859819141532,0.2064892603837296,-0.550000011920929,0.0,1.0,0.0,19.444444444444443,214,208,4.519885540008545,RoadOption.STRAIGHT,60.74905014038086,-67.92179107666016,3.141183858362466,2.0,0.5,4.0,1.0,6.0,0.6,0.01,0.06,0.55,0.12,0.2,0.35,1.2,12,10.0,14.0,0.9,1.2,0.6,0.01,0.06,0.65,0.3,0.72,0.005,0.38,0.22,0.01,0.14,1.0,0.28
lqr,ground_truth,gentle_curve,1700.0,0.05,0.1,1.0,1273.7331175468862,70.74971008300781,-67.83495330810547,14.447608235986284,4.996836208458159,-0.032207050112049905,0.14228737072075326,0.032207050112049905,0.14228737072075326,-0.550000011920929,0.0,1.0,0.0,19.444444444444443,214,209,4.94206428527832,RoadOption.STRAIGHT,60.74905014038086,-67.92179107666016,3.141183858362466,2.0,0.5,4.0,1.0,6.0,0.6,0.01,0.06,0.55,0.12,0.2,0.35,1.2,12,10.0,14.0,0.9,1.2,0.6,0.01,0.06,0.65,0.3,0.72,0.005,0.38,0.22,0.01,0.14,1.0,0.28
lqr,ground_truth,gentle_curve,1700.0,0.05,0.1,1.0,1273.7831175476313,70.03101348876953,-67.91702270507812,14.507729398095938,4.936715046348505,0.04202667079498812,0.046067893168408425,0.04202667079498812,0.046067893168408425,-0.4300000071525574,0.12000000476837158,1.0,0.0,19.444444444444443,215,209,4.222620010375977,RoadOption.STRAIGHT,59.74905014038086,-67.92137908935547,3.141183858362466,2.0,0.5,4.0,1.0,6.0,0.6,0.01,0.06,0.55,0.12,0.2,0.35,1.2,12,10.0,14.0,0.9,1.2,0.6,0.01,0.06,0.65,0.3,0.72,0.005,0.38,0.22,0.01,0.14,1.0,0.28
lqr,ground_truth,gentle_curve,1700.0,0.05,0.1,1.0,1273.8331175483763,69.30249786376953,-67.94760131835938,14.639371641780661,4.805072802663782,0.022316123163402028,-0.04173892481648478,0.022316123163402028,0.04173892481648478,-0.3100000023841858,0.12000000476837158,1.0,0.0,19.444444444444443,216,210,4.553508281707764,RoadOption.STRAIGHT,58.74905014038086,-67.92097473144531,3.141183858362466,2.0,0.5,4.0,1.0,6.0,0.6,0.01,0.06,0.55,0.12,0.2,0.35,1.2,12,10.0,14.0,0.9,1.2,0.6,0.01,0.06,0.65,0.3,0.72,0.005,0.38,0.22,0.01,0.14,1.0,0.28
lqr,ground_truth,gentle_curve,1700.0,0.05,0.1,1.0,1273.8831175491214,68.56388092041016,-67.92742156982422,14.842476502465047,4.601967941979396,0.002433880488256892,-0.13799435504354562,0.002433880488256892,0.13799435504354562,-0.1899999976158142,0.12000000476837158,1.0,0.0,19.444444444444443,217,211,4.814833164215088,RoadOption.STRAIGHT,57.74905014038086,-67.92056274414062,3.141183858362466,2.0,0.5,4.0,1.0,6.0,0.6,0.01,0.06,0.55,0.12,0.2,0.35,1.2,12,10.0,14.0,0.9,1.2,0.6,0.01,0.06,0.65,0.3,0.72,0.005,0.38,0.22,0.01,0.14,1.0,0.28
lqr,ground_truth,gentle_curve,1700.0,0.05,0.1,1.0,1273.9331175498664,67.81539154052734,-67.85906219482422,15.101222636425438,4.343221808019004,-0.06561631786785392,-0.22505628687154422,0.06561631786785392,0.22505628687154422,-0.07000000029802322,0.11999999731779099,1.0,0.0,19.444444444444443,217,212,5.066740036010742,RoadOption.STRAIGHT,57.74905014038086,-67.92056274414062,3.141183858362466,2.0,0.5,4.0,1.0,6.0,0.6,0.01,0.06,0.55,0.12,0.2,0.35,1.2,12,10.0,14.0,0.9,1.2,0.6,0.01,0.06,0.65,0.3,0.72,0.005,0.38,0.22,0.01,0.14,1.0,0.28
lqr,ground_truth,gentle_curve,1700.0,0.05,0.1,1.0,1273.9831175506115,67.05745697021484,-67.74720764160156,15.399236047331657,4.045208397112786,-0.17716102171796477,-0.29629797656003554,0.17716102171796477,0.29629797656003554,0.05000000074505806,0.12000000104308128,1.0,0.0,19.444444444444443,218,212,4.311975955963135,RoadOption.STRAIGHT,56.749053955078125,-67.92015838623047,3.141183858362466,2.0,0.5,4.0,1.0,6.0,0.6,0.01,0.06,0.55,0.12,0.2,0.35,1.2,12,10.0,14.0,0.9,1.2,0.6,0.01,0.06,0.65,0.3,0.72,0.005,0.38,0.22,0.01,0.14,1.0,0.28
lqr,ground_truth,gentle_curve,1700.0,0.05,0.1,1.0,1274.0331175513566,66.29033660888672,-67.59920501708984,15.71447622348535,3.7299682209590923,-0.3248468466749787,-0.3449603212623997,0.3248468466749787,0.3449603212623997,0.17000000178813934,0.12000000104308128,1.0,0.0,19.444444444444443,219,213,4.55275821685791,RoadOption.STRAIGHT,55.749053955078125,-67.91974639892578,3.141183858362466,2.0,0.5,4.0,1.0,6.0,0.6,0.01,0.06,0.55,0.12,0.2,0.35,1.2,12,10.0,14.0,0.9,1.2,0.6,0.01,0.06,0.65,0.3,0.72,0.005,0.38,0.22,0.01,0.14,1.0,0.28
lqr,ground_truth,gentle_curve,1700.0,0.05,0.1,1.0,1274.0831175521016,65.51421356201172,-67.422607421875,16.021657965901216,3.4227864785432267,-0.5011315890849258,-0.3676027831663622,0.5011315890849258,0.3676027831663622,0.28999999165534973,0.11999998986721039,1.0,0.0,19.444444444444443,220,214,4.791238784790039,RoadOption.STRAIGHT,54.749053955078125,-67.91934204101562,3.141183858362466,2.0,0.5,4.0,1.0,6.0,0.6,0.01,0.06,0.55,0.12,0.2,0.35,1.2,12,10.0,14.0,0.9,1.2,0.6,0.01,0.06,0.65,0.3,0.72,0.005,0.38,0.22,0.01,0.14,1.0,0.28
lqr,ground_truth,gentle_curve,1700.0,0.05,0.1,1.0,1274.1331175528467,64.72813415527344,-67.22972106933594,16.299535866269977,3.1449085781744657,-0.6936933879518818,-0.36094541307338224,0.6936933879518818,0.36094541307338224,0.4099999964237213,0.12000000476837158,1.0,0.0,19.444444444444443,220,215,5.026894569396973,RoadOption.STRAIGHT,54.749053955078125,-67.91934204101562,3.141183858362466,2.0,0.5,4.0,1.0,6.0,0.6,0.01,0.06,0.55,0.12,0.2,0.35,1.2,12,10.0,14.0,0.9,1.2,0.6,0.01,0.06,0.65,0.3,0.72,0.005,0.38,0.22,0.01,0.14,1.0,0.28
lqr,ground_truth,gentle_curve,1700.0,0.05,0.1,1.0,1274.1831175535917,63.930599212646484,-67.0357894897461,16.523873797363553,2.92057064708089,-0.8872989228683374,-0.32514480485555586,0.8872989228683374,0.32514480485555586,0.5299999713897705,0.1199999749660492,1.0,0.0,19.444444444444443,221,215,4.274298191070557,RoadOption.STRAIGHT,53.749053955078125,-67.91893005371094,3.141183858362466,2.0,0.5,4.0,1.0,6.0,0.6,0.01,0.06,0.55,0.12,0.2,0.35,1.2,12,10.0,14.0,0.9,1.2,0.6,0.01,0.06,0.65,0.3,0.72,0.005,0.38,0.22,0.01,0.14,1.0,0.28
lqr,ground_truth,gentle_curve,1700.0,0.05,0.1,1.0,1274.2331175543368,63.120731353759766,-66.85820007324219,16.668134065864333,2.77631037858011,-1.0645616917667604,-0.2641413716617649,1.0645616917667604,0.2641413716617649,0.550000011920929,0.020000040531158447,1.0,0.0,19.444444444444443,222,216,4.499009609222412,RoadOption.STRAIGHT,52.749053955078125,-67.91851806640625,3.141183858362466,2.0,0.5,4.0,1.0,6.0,0.6,0.01,0.06,0.55,0.12,0.2,0.35,1.2,12,10.0,14.0,0.9,1.2,0.6,0.01,0.06,0.65,0.3,0.72,0.005,0.38,0.22,0.01,0.14,1.0,0.28
lqr,ground_truth,gentle_curve,1700.0,0.05,0.1,1.0,1274.2831175550818,62.29902648925781,-66.7122802734375,16.76379697335734,2.680647471087102,-1.2101423783070153,-0.18425852318429303,1.2101423783070153,0.18425852318429303,0.550000011920929,0.0,1.0,0.0,19.444444444444443,223,217,4.707677841186523,RoadOption.STRAIGHT,51.749053955078125,-67.9181137084961,3.141183858362466,2.0,0.5,4.0,1.0,6.0,0.6,0.01,0.06,0.55,0.12,0.2,0.35,1.2,12,10.0,14.0,0.9,1.2,0.6,0.01,0.06,0.65,0.3,0.72,0.005,0.38,0.22,0.01,0.14,1.0,0.28
lqr,ground_truth,gentle_curve,1700.0,0.05,0.1,1.0,1274.333117555827,61.46628952026367,-66.60804748535156,16.83464974725598,2.6097946971884625,-1.3140391745746776,-0.09198718194799094,1.3140391745746776,0.09198718194799094,0.550000011920929,0.0,1.0,0.0,19.444444444444443,224,218,4.89631986618042,RoadOption.STRAIGHT,50.749053955078125,-67.9177017211914,3.141183858362466,2.0,0.5,4.0,1.0,6.0,0.6,0.01,0.06,0.55,0.12,0.2,0.35,1.2,12,10.0,14.0,0.9,1.2,0.6,0.01,0.06,0.65,0.3,0.72,0.005,0.38,0.22,0.01,0.14,1.0,0.28
lqr,ground_truth,gentle_curve,1700.0,0.05,0.1,1.0,1274.383117556572,60.6254768371582,-66.55311584472656,16.867517830220525,2.576926614223918,-1.3686238983530892,0.00835407002346944,1.3686238983530892,0.00835407002346944,0.4300000071525574,-0.12000000476837158,1.0,0.0,19.444444444444443,225,219,5.064304828643799,RoadOption.STRAIGHT,49.749053955078125,-67.91729736328125,3.141183858362466,2.0,0.5,4.0,1.0,6.0,0.6,0.01,0.06,0.55,0.12,0.2,0.35,1.2,12,10.0,14.0,0.9,1.2,0.6,0.01,0.06,0.65,0.3,0.72,0.005,0.38,0.22,0.01,0.14,1.0,0.28
lqr,ground_truth,gentle_curve,1700.0,0.05,0.1,1.0,1274.433117557317,59.7788200378418,-66.55193328857422,16.94503818373161,2.4994062607128313,-1.3694647824970896,0.11267195413463682,1.3694647824970896,0.11267195413463682,0.3100000023841858,-0.12000000476837158,1.0,0.0,19.444444444444443,225,220,5.212327480316162,RoadOption.STRAIGHT,49.749053955078125,-67.91729736328125,3.141183858362466,2.0,0.5,4.0,1.0,6.0,0.6,0.01,0.06,0.55,0.12,0.2,0.35,1.2,12,10.0,14.0,0.9,1.2,0.6,0.01,0.06,0.65,0.3,0.72,0.005,0.38,0.22,0.01,0.14,1.0,0.28
lqr,ground_truth,gentle_curve,1700.0,0.05,0.1,1.0,1274.483117558062,58.9271354675293,-66.60591888427734,17.073627068447955,2.370817375996488,-1.3151310267269913,0.21594348225351112,1.3151310267269913,0.21594348225351112,0.1899999976158142,-0.12000000476837158,1.0,0.0,19.444444444444443,226,220,4.379662990570068,RoadOption.STRAIGHT,48.749053955078125,-67.91688537597656,3.141183858362466,2.0,0.5,4.0,1.0,6.0,0.6,0.01,0.06,0.55,0.12,0.2,0.35,1.2,12,10.0,14.0,0.9,1.2,0.6,0.01,0.06,0.65,0.3,0.72,0.005,0.38,0.22,0.01,0.14,1.0,0.28
lqr,ground_truth,gentle_curve,1700.0,0.05,0.1,1.0,1274.5331175588071,58.07164001464844,-66.7144775390625,17.24935813285899,2.1950863115854524,-1.2062194665099264,0.3127914658231141,1.2062194665099264,0.3127914658231141,0.07000000029802322,-0.11999999731779099,1.0,0.0,19.444444444444443,227,221,4.487255096435547,RoadOption.STRAIGHT,47.749053955078125,-67.9164810180664,3.141183858362466,2.0,0.5,4.0,1.0,6.0,0.6,0.01,0.06,0.55,0.12,0.2,0.35,1.2,12,10.0,14.0,0.9,1.2,0.6,0.01,0.06,0.65,0.3,0.72,0.005,0.38,0.22,0.01,0.14,1.0,0.28
lqr,ground_truth,gentle_curve,1700.0,0.05,0.1,1.0,1274.5831175595522,57.213470458984375,-66.8748550415039,17.468494748687526,1.975949695756917,-1.0454879698060022,0.39728158298642313,1.0454879698060022,0.39728158298642313,-0.05000000074505806,-0.12000000104308128,0.9726058840751648,0.0,19.444444444444443,228,222,4.584784507751465,RoadOption.STRAIGHT,46.749053955078125,-67.91606903076172,3.141183858362466,2.0,0.5,4.0,1.0,6.0,0.6,0.01,0.06,0.55,0.12,0.2,0.35,1.2,12,10.0,14.0,0.9,1.2,0.6,0.01,0.06,0.65,0.3,0.72,0.005,0.38,0.22,0.01,0.14,1.0,0.28
lqr,ground_truth,gentle_curve,1700.0,0.05,0.1,1.0,1274.6331175602973,56.35323715209961,-67.08171844482422,17.721411839371275,1.7230326050731684,-0.838277361849651,0.46255299814317574,0.838277361849651,0.46255299814317574,-0.17000000178813934,-0.12000000104308128,0.7803190350532532,0.0,19.444444444444443,229,223,4.67953634262085,RoadOption.STRAIGHT,45.749053955078125,-67.91566467285156,3.141183858362466,2.0,0.5,4.0,1.0,6.0,0.6,0.01,0.06,0.55,0.12,0.2,0.35,1.2,12,10.0,14.0,0.9,1.2,0.6,0.01,0.06,0.65,0.3,0.72,0.005,0.38,0.22,0.01,0.14,1.0,0.28
lqr,ground_truth,gentle_curve,1700.0,0.05,0.1,1.0,1274.6831175610423,55.49199676513672,-67.32939147949219,17.969404786979357,1.4750396574650857,-0.5902490848721528,0.5036335895381931,0.5902490848721528,0.5036335895381931,-0.28999999165534973,-0.11999998986721039,0.6374322772026062,0.0,19.444444444444443,230,224,4.779290676116943,RoadOption.STRAIGHT,44.749053955078125,-67.91525268554688,3.141183858362466,2.0,0.5,4.0,1.0,6.0,0.6,0.01,0.06,0.55,0.12,0.2,0.35,1.2,12,10.0,14.0,0.9,1.2,0.6,0.01,0.06,0.65,0.3,0.72,0.005,0.38,0.22,0.01,0.14,1.0,0.28
lqr,ground_truth,gentle_curve,1700.0,0.05,0.1,1.0,1274.7331175617874,54.63024139404297,-67.6073226928711,18.168611012265515,1.2758334321789278,-0.31197005058283744,0.5140851652362084,0.31197005058283744,0.5140851652362084,-0.4099999964237213,-0.12000000476837158,0.5764526128768921,0.0,19.444444444444443,231,225,4.891019821166992,RoadOption.STRAIGHT,43.749053955078125,-67.91484832763672,3.141183858362466,2.0,0.5,4.0,1.0,6.0,0.6,0.01,0.06,0.55,0.12,0.2,0.35,1.2,12,10.0,14.0,0.9,1.2,0.6,0.01,0.06,0.65,0.3,0.72,0.005,0.38,0.22,0.01,0.14,1.0,0.28
lqr,ground_truth,gentle_curve,1700.0,0.05,0.1,1.0,1274.7831175625324,53.76820755004883,-67.90166473388672,18.27877522778399,1.1656692166604543,-0.017272446795755892,0.4902346934617867,0.017272446795755892,0.4902346934617867,-0.5299999713897705,-0.1199999749660492,0.617204487323761,0.0,19.444444444444443,231,226,5.019176483154297,RoadOption.STRAIGHT,43.749053955078125,-67.91484832763672,3.141183858362466,2.0,0.5,4.0,1.0,6.0,0.6,0.01,0.06,0.55,0.12,0.2,0.35,1.2,12,10.0,14.0,0.9,1.2,0.6,0.01,0.06,0.65,0.3,0.72,0.005,0.38,0.22,0.01,0.14,1.0,0.28
lqr,ground_truth,gentle_curve,1700.0,0.05,0.1,1.0,1274.8331175632775,52.90467071533203,-68.1949462890625,18.28448046142544,1.1599639830190043,0.27636209360118813,0.43358233285696635,0.27636209360118813,0.43358233285696635,-0.550000011920929,-0.020000040531158447,0.7391321063041687,0.0,19.444444444444443,232,226,4.164909362792969,RoadOption.STRAIGHT,42.749053955078125,-67.91443634033203,3.141183858362466,2.0,0.5,4.0,1.0,6.0,0.6,0.01,0.06,0.55,0.12,0.2,0.35,1.2,12,10.0,14.0,0.9,1.2,0.6,0.01,0.06,0.65,0.3,0.72,0.005,0.38,0.22,0.01,0.14,1.0,0.28
lqr,ground_truth,gentle_curve,1700.0,0.05,0.1,1.0,1274.8831175640225,52.03651809692383,-68.46792602539062,18.233211272104835,1.2112331723396075,0.549692266417549,0.35216363937884587,0.549692266417549,0.35216363937884587,-0.550000011920929,0.0,0.8382629156112671,0.0,19.444444444444443,233,227,4.322782039642334,RoadOption.STRAIGHT,41.749053955078125,-67.91402435302734,3.141183858362466,2.0,0.5,4.0,1.0,6.0,0.6,0.01,0.06,0.55,0.12,0.2,0.35,1.2,12,10.0,14.0,0.9,1.2,0.6,0.01,0.06,0.65,0.3,0.72,0.005,0.38,0.22,0.01,0.14,1.0,0.28
lqr,ground_truth,gentle_curve,1700.0,0.05,0.1,1.0,1274.9331175647676,51.16054916381836,-68.70560455322266,18.15840592470686,1.286038519737584,0.7877320583534192,0.2561968958139502,0.7877320583534192,0.2561968958139502,-0.550000011920929,0.0,0.9113895297050476,0.0,19.444444444444443,234,228,4.481590747833252,RoadOption.STRAIGHT,40.749053955078125,-67.91361999511719,3.141183858362466,2.0,0.5,4.0,1.0,6.0,0.6,0.01,0.06,0.55,0.12,0.2,0.35,1.2,12,10.0,14.0,0.9,1.2,0.6,0.01,0.06,0.65,0.3,0.72,0.005,0.38,0.22,0.01,0.14,1.0,0.28
lqr,ground_truth,gentle_curve,1700.0,0.05,0.1,1.0,1274.9831175655127,50.2767333984375,-68.8973159790039,18.055895528162605,1.388548916281838,0.9798003304329714,0.15187608222558424,0.9798003304329714,0.15187608222558424,-0.550000011920929,0.0,1.0,0.0,19.444444444444443,235,229,4.632874011993408,RoadOption.STRAIGHT,39.749053955078125,-67.9132080078125,3.141183858362466,2.0,0.5,4.0,1.0,6.0,0.6,0.01,0.06,0.55,0.12,0.2,0.35,1.2,12,10.0,14.0,0.9,1.2,0.6,0.01,0.06,0.65,0.3,0.72,0.005,0.38,0.22,0.01,0.14,1.0,0.28
lqr,ground_truth,gentle_curve,1700.0,0.05,0.1,1.0,1275.0331175662577,49.387508392333984,-69.03549194335938,17.92580214525682,1.518642299187622,1.1183429862256153,0.042657715392562245,1.1183429862256153,0.042657715392562245,-0.5080941319465637,0.041905879974365234,1.0,0.0,19.444444444444443,236,230,4.771812915802002,RoadOption.STRAIGHT,38.749053955078125,-67.91280364990234,3.141183858362466,2.0,0.5,4.0,1.0,6.0,0.6,0.01,0.06,0.55,0.12,0.2,0.35,1.2,12,10.0,14.0,0.9,1.2,0.6,0.01,0.06,0.65,0.3,0.72,0.005,0.38,0.22,0.01,0.14,1.0,0.28
lqr,ground_truth,gentle_curve,1700.0,0.05,0.1,1.0,1275.0831175670028,48.49604415893555,-69.11526489257812,17.796637992682083,1.64780645176236,1.1984759177530198,-0.06924538413536796,1.1984759177530198,0.06924538413536796,-0.3880941569805145,0.1199999749660492,1.0,0.0,19.444444444444443,237,231,4.896419048309326,RoadOption.STRAIGHT,37.749053955078125,-67.91239166259766,3.141183858362466,2.0,0.5,4.0,1.0,6.0,0.6,0.01,0.06,0.55,0.12,0.2,0.35,1.2,12,10.0,14.0,0.9,1.2,0.6,0.01,0.06,0.65,0.3,0.72,0.005,0.38,0.22,0.01,0.14,1.0,0.28
lqr,ground_truth,gentle_curve,1700.0,0.05,0.1,1.0,1275.1331175677478,47.60490798950195,-69.13397979736328,17.71244257639372,1.7320018680507232,1.2175583052315577,-0.1817325148903528,1.2175583052315577,0.1817325148903528,-0.26809415221214294,0.12000000476837158,1.0,0.0,19.444444444444443,238,232,5.006656169891357,RoadOption.STRAIGHT,36.749053955078125,-67.9119873046875,3.141183858362466,2.0,0.5,4.0,1.0,6.0,0.6,0.01,0.06,0.55,0.12,0.2,0.35,1.2,12,10.0,14.0,0.9,1.2,0.6,0.01,0.06,0.65,0.3,0.72,0.005,0.38,0.22,0.01,0.14,1.0,0.28
lqr,ground_truth,gentle_curve,1700.0,0.05,0.1,1.0,1275.183117568493,46.71565246582031,-69.09098815917969,17.68511866839255,1.7593257760518917,1.1749333860983586,-0.29195329555768046,1.1749333860983586,0.29195329555768046,-0.14809414744377136,0.12000000476837158,1.0,0.0,19.444444444444443,238,233,5.10414981842041,RoadOption.STRAIGHT,36.749053955078125,-67.9119873046875,3.141183858362466,2.0,0.5,4.0,1.0,6.0,0.6,0.01,0.06,0.55,0.12,0.2,0.35,1.2,12,10.0,14.0,0.9,1.2,0.6,0.01,0.06,0.65,0.3,0.72,0.005,0.38,0.22,0.01,0.14,1.0,0.28
lqr,ground_truth,gentle_curve,1700.0,0.05,0.1,1.0,1275.233117569238,45.829891204833984,-68.98722839355469,17.717494550772763,1.72694989367168,1.0715357241091468,-0.3962408196324203,1.0715357241091468,0.3962408196324203,-0.02809414453804493,0.12000000290572643,1.0,0.0,19.444444444444443,239,233,4.219597339630127,RoadOption.STRAIGHT,35.749053955078125,-67.91157531738281,3.141183858362466,2.0,0.5,4.0,1.0,6.0,0.6,0.01,0.06,0.55,0.12,0.2,0.35,1.2,12,10.0,14.0,0.9,1.2,0.6,0.01,0.06,0.65,0.3,0.72,0.005,0.38,0.22,0.01,0.14,1.0,0.28
lqr,ground_truth,gentle_curve,1700.0,0.05,0.1,1.0,1275.283117569983,44.94886779785156,-68.82549285888672,17.810996313936464,1.633448130507979,0.9101559237696113,-0.4897737002770932,0.9101559237696113,0.4897737002770932,0.0919058546423912,0.11999999918043613,0.9178667664527893,0.0,19.444444444444443,240,234,4.297667980194092,RoadOption.STRAIGHT,34.749053955078125,-67.91117095947266,3.141183858362466,2.0,0.5,4.0,1.0,6.0,0.6,0.01,0.06,0.55,0.12,0.2,0.35,1.2,12,10.0,14.0,0.9,1.2,0.6,0.01,0.06,0.65,0.3,0.72,0.005,0.38,0.22,0.01,0.14,1.0,0.28
lqr,ground_truth,gentle_curve,1700.0,0.05,0.1,1.0,1275.333117570728,44.07356262207031,-68.61023712158203,17.951228937274617,1.4932155071698254,0.6952612170736674,-0.5667486431603077,0.6952612170736674,0.5667486431603077,0.2119058519601822,0.11999999731779099,0.7776501774787903,0.0,19.444444444444443,241,235,4.3803229331970215,RoadOption.STRAIGHT,33.749053955078125,-67.91075897216797,3.141183858362466,2.0,0.5,4.0,1.0,6.0,0.6,0.01,0.06,0.55,0.12,0.2,0.35,1.2,12,10.0,14.0,0.9,1.2,0.6,0.01,0.06,0.65,0.3,0.72,0.005,0.38,0.22,0.01,0.14,1.0,0.28
lqr,ground_truth,gentle_curve,1700.0,0.05,0.1,1.0,1275.3831175714731,43.20551300048828,-68.3467788696289,18.102819990792092,1.3416244536523507,0.4321534043271928,-0.6215895215916554,0.4321534043271928,0.6215895215916554,0.3319058418273926,0.11999998986721039,0.6730654239654541,0.0,19.444444444444443,242,236,4.477540016174316,RoadOption.STRAIGHT,32.749053955078125,-67.91034698486328,3.141183858362466,2.0,0.5,4.0,1.0,6.0,0.6,0.01,0.06,0.55,0.12,0.2,0.35,1.2,12,10.0,14.0,0.9,1.2,0.6,0.01,0.06,0.65,0.3,0.72,0.005,0.38,0.22,0.01,0.14,1.0,0.28
lqr,ground_truth,gentle_curve,1700.0,0.05,0.1,1.0,1275.4331175722182,42.34550094604492,-68.04393768310547,18.237449131130976,1.2069953133134668,0.12966700397601613,-0.6466453400754477,0.12966700397601613,0.6466453400754477,0.45190584659576416,0.12000000476837158,0.612642228603363,0.0,19.444444444444443,243,237,4.598329067230225,RoadOption.STRAIGHT,31.749052047729492,-67.90994262695312,3.141183858362466,2.0,0.5,4.0,1.0,6.0,0.6,0.01,0.06,0.55,0.12,0.2,0.35,1.2,12,10.0,14.0,0.9,1.2,0.6,0.01,0.06,0.65,0.3,0.72,0.005,0.38,0.22,0.01,0.14,1.0,0.28
lqr,ground_truth,gentle_curve,1700.0,0.05,0.1,1.0,1275.4831175729632,41.49379348754883,-67.71316528320312,18.316547232020003,1.1278972124244397,-0.20076163169321223,-0.635199340026396,0.20076163169321223,0.635199340026396,0.550000011920929,0.0980941653251648,0.6318206191062927,0.0,19.444444444444443,244,238,4.748903751373291,RoadOption.STRAIGHT,30.749052047729492,-67.90953063964844,3.141183858362466,2.0,0.5,4.0,1.0,6.0,0.6,0.01,0.06,0.55,0.12,0.2,0.35,1.2,12,10.0,14.0,0.9,1.2,0.6,0.01,0.06,0.65,0.3,0.72,0.005,0.38,0.22,0.01,0.14,1.0,0.28
lqr,ground_truth,gentle_curve,1700.0,0.05,0.1,1.0,1275.5331175737083,40.6485481262207,-67.36872100830078,18.32558700843951,1.1188574360049337,-0.5448571535005764,-0.5847404268526648,0.5448571535005764,0.5847404268526648,0.550000011920929,0.0,0.710466742515564,0.0,19.444444444444443,245,239,4.929476261138916,RoadOption.STRAIGHT,29.749052047729492,-67.90912628173828,3.141183858362466,2.0,0.5,4.0,1.0,6.0,0.6,0.01,0.06,0.55,0.12,0.2,0.35,1.2,12,10.0,14.0,0.9,1.2,0.6,0.01,0.06,0.65,0.3,0.72,0.005,0.38,0.22,0.01,0.14,1.0,0.28
lqr,ground_truth,gentle_curve,1700.0,0.05,0.1,1.0,1275.5831175744534,39.80339813232422,-67.02633666992188,18.32885444190246,1.1155900025419818,-0.8869004073362682,-0.5020593950178469,0.8869004073362682,0.5020593950178469,0.550000011920929,0.0,0.7154330611228943,0.0,19.444444444444443,245,240,5.131211280822754,RoadOption.STRAIGHT,29.749052047729492,-67.90912628173828,3.141183858362466,2.0,0.5,4.0,1.0,6.0,0.6,0.01,0.06,0.55,0.12,0.2,0.35,1.2,12,10.0,14.0,0.9,1.2,0.6,0.01,0.06,0.65,0.3,0.72,0.005,0.38,0.22,0.01,0.14,1.0,0.28
lqr,ground_truth,gentle_curve,1700.0,0.05,0.1,1.0,1275.6331175751984,38.94947814941406,-66.70455169677734,18.310727984813546,1.1337164596308966,-1.2083362751896767,-0.4003524740393938,1.2083362751896767,0.4003524740393938,0.550000011920929,0.0,0.7519816160202026,0.0,19.444444444444443,246,240,4.370296955108643,RoadOption.STRAIGHT,28.749052047729492,-67.9087142944336,3.141183858362466,2.0,0.5,4.0,1.0,6.0,0.6,0.01,0.06,0.55,0.12,0.2,0.35,1.2,12,10.0,14.0,0.9,1.2,0.6,0.01,0.06,0.65,0.3,0.72,0.005,0.38,0.22,0.01,0.14,1.0,0.28
lqr,ground_truth,gentle_curve,1700.0,0.05,0.1,1.0,1275.6831175759435,38.083274841308594,-66.42030334472656,18.23463834861183,1.2098060958326116,-1.4922273116668765,-0.2890640320910536,1.4922273116668765,0.2890640320910536,0.550000011920929,0.0,0.8671911954879761,0.0,19.444444444444443,247,241,4.583332061767578,RoadOption.STRAIGHT,27.749052047729492,-67.90830993652344,3.141183858362466,2.0,0.5,4.0,1.0,6.0,0.6,0.01,0.06,0.55,0.12,0.2,0.35,1.2,12,10.0,14.0,0.9,1.2,0.6,0.01,0.06,0.65,0.3,0.72,0.005,0.38,0.22,0.01,0.14,1.0,0.28
lqr,ground_truth,gentle_curve,1700.0,0.05,0.1,1.0,1275.7331175766885,37.20633316040039,-66.18515014648438,18.099074159382184,1.345370285062259,-1.7270188086422862,-0.17296192647239517,1.7270188086422862,0.17296192647239517,0.550000011920929,0.0,1.0,0.0,19.444444444444443,248,242,4.7795023918151855,RoadOption.STRAIGHT,26.749052047729492,-67.90789794921875,3.141183858362466,2.0,0.5,4.0,1.0,6.0,0.6,0.01,0.06,0.55,0.12,0.2,0.35,1.2,12,10.0,14.0,0.9,1.2,0.6,0.01,0.06,0.65,0.3,0.72,0.005,0.38,0.22,0.01,0.14,1.0,0.28
lqr,ground_truth,gentle_curve,1700.0,0.05,0.1,1.0,1275.7831175774336,36.322486877441406,-66.00662231445312,17.92013340654947,1.5243110378949716,-1.9051897517435135,-0.0544675032465185,1.9051897517435135,0.0544675032465185,0.550000011920929,0.0,1.0,0.0,19.444444444444443,249,243,4.953679084777832,RoadOption.STRAIGHT,25.749052047729492,-67.9074935913086,3.141183858362466,2.0,0.5,4.0,1.0,6.0,0.6,0.01,0.06,0.55,0.12,0.2,0.35,1.2,12,10.0,14.0,0.9,1.2,0.6,0.01,0.06,0.65,0.3,0.72,0.005,0.38,0.22,0.01,0.14,1.0,0.28
lqr,ground_truth,gentle_curve,1700.0,0.05,0.1,1.0,1275.8331175781786,35.43653869628906,-65.88935852050781,17.70882619918821,1.7356182452562336,-2.0220881724582935,0.06519631401401149,2.0220881724582935,0.06519631401401149,0.4300000071525574,-0.12000000476837158,1.0,0.0,19.444444444444443,250,244,5.104275226593018,RoadOption.STRAIGHT,24.749052047729492,-67.9070816040039,3.141183858362466,2.0,0.5,4.0,1.0,6.0,0.6,0.01,0.06,0.55,0.12,0.2,0.35,1.2,12,10.0,14.0,0.9,1.2,0.6,0.01,0.06,0.65,0.3,0.72,0.005,0.38,0.22,0.01,0.14,1.0,0.28
lqr,ground_truth,gentle_curve,1700.0,0.05,0.1,1.0,1275.8831175789237,34.552364349365234,-65.83574676513672,17.530629248086747,1.913815196357696,-2.0753429144462534,0.18507877680003837,2.0753429144462534,0.18507877680003837,0.3100000023841858,-0.12000000476837158,1.0,0.0,19.444444444444443,250,245,5.23170280456543,RoadOption.STRAIGHT,24.749052047729492,-67.9070816040039,3.141183858362466,2.0,0.5,4.0,1.0,6.0,0.6,0.01,0.06,0.55,0.12,0.2,0.35,1.2,12,10.0,14.0,0.9,1.2,0.6,0.01,0.06,0.65,0.3,0.72,0.005,0.38,0.22,0.01,0.14,1.0,0.28
lqr,ground_truth,gentle_curve,1700.0,0.05,0.1,1.0,1275.9331175796688,33.672401428222656,-65.84671020507812,17.400044143455375,2.044400300989068,-2.0640197507885483,0.3037982371380261,2.0640197507885483,0.3037982371380261,0.1899999976158142,-0.12000000476837158,1.0,0.0,19.444444444444443,251,245,4.432406902313232,RoadOption.STRAIGHT,23.749052047729492,-67.90667724609375,3.141183858362466,2.0,0.5,4.0,1.0,6.0,0.6,0.01,0.06,0.55,0.12,0.2,0.35,1.2,12,10.0,14.0,0.9,1.2,0.6,0.01,0.06,0.65,0.3,0.72,0.005,0.38,0.22,0.01,0.14,1.0,0.28
lqr,ground_truth,gentle_curve,1700.0,0.05,0.1,1.0,1275.9831175804138,32.79901123046875,-65.9218521118164,17.324383925717974,2.1200605187264685,-1.988517620540068,0.41919859980944807,1.988517620540068,0.41919859980944807,0.07000000029802322,-0.11999999731779099,1.0,0.0,19.444444444444443,252,246,4.511074542999268,RoadOption.STRAIGHT,22.749052047729492,-67.90626525878906,3.141183858362466,2.0,0.5,4.0,1.0,6.0,0.6,0.01,0.06,0.55,0.12,0.2,0.35,1.2,12,10.0,14.0,0.9,1.2,0.6,0.01,0.06,0.65,0.3,0.72,0.005,0.38,0.22,0.01,0.14,1.0,0.28
lqr,ground_truth,gentle_curve,1700.0,0.05,0.1,1.0,1276.0331175811589,31.934200286865234,-66.05938720703125,17.310259854167576,2.134184590276867,-1.8506334435803453,0.528004975621835,1.8506334435803453,0.528004975621835,-0.05000000074505806,-0.12000000104308128,1.0,0.0,19.444444444444443,253,247,4.575366973876953,RoadOption.STRAIGHT,21.749052047729492,-67.90585327148438,3.141183858362466,2.0,0.5,4.0,1.0,6.0,0.6,0.01,0.06,0.55,0.12,0.2,0.35,1.2,12,10.0,14.0,0.9,1.2,0.6,0.01,0.06,0.65,0.3,0.72,0.005,0.38,0.22,0.01,0.14,1.0,0.28
lqr,ground_truth,gentle_curve,1700.0,0.05,0.1,1.0,1276.083117581904,31.079364776611328,-66.25585174560547,17.360403503556775,2.084040940887668,-1.653816276700738,0.6254564314944506,1.653816276700738,0.6254564314944506,-0.17000000178813934,-0.12000000104308128,1.0,0.0,19.444444444444443,254,248,4.6347455978393555,RoadOption.STRAIGHT,20.749052047729492,-67.90544891357422,3.141183858362466,2.0,0.5,4.0,1.0,6.0,0.6,0.01,0.06,0.55,0.12,0.2,0.35,1.2,12,10.0,14.0,0.9,1.2,0.6,0.01,0.06,0.65,0.3,0.72,0.005,0.38,0.22,0.01,0.14,1.0,0.28
lqr,ground_truth,gentle_curve,1700.0,0.05,0.1,1.0,1276.133117582649,30.23653221130371,-66.5076904296875,17.446294368192213,1.9981500762522302,-1.4016375050805678,0.7073845876891038,1.4016375050805678,0.7073845876891038,-0.28999999165534973,-0.11999998986721039,1.0,0.0,19.444444444444443,255,249,4.700736999511719,RoadOption.STRAIGHT,19.749052047729492,-67.90503692626953,3.141183858362466,2.0,0.5,4.0,1.0,6.0,0.6,0.01,0.06,0.55,0.12,0.2,0.35,1.2,12,10.0,14.0,0.9,1.2,0.6,0.01,0.06,0.65,0.3,0.72,0.005,0.38,0.22,0.01,0.14,1.0,0.28
lqr,ground_truth,gentle_curve,1700.0,0.05,0.1,1.0,1276.183117583394,29.4061222076416,-66.80875396728516,17.576587314371363,1.8678571300730802,-1.100231332947719,0.7671179593590356,1.100231332947719,0.7671179593590356,-0.4099999964237213,-0.12000000476837158,1.0,0.0,19.444444444444443,256,250,4.784832954406738,RoadOption.STRAIGHT,18.749052047729492,-67.90463256835938,3.141183858362466,2.0,0.5,4.0,1.0,6.0,0.6,0.01,0.06,0.55,0.12,0.2,0.35,1.2,12,10.0,14.0,0.9,1.2,0.6,0.01,0.06,0.65,0.3,0.72,0.005,0.38,0.22,0.01,0.14,1.0,0.28
lqr,ground_truth,gentle_curve,1700.0,0.05,0.1,1.0,1276.233117584139,28.587841033935547,-67.15130615234375,17.728666988075872,1.7157774563685706,-0.7573491044221446,0.7968849098111779,0.7573491044221446,0.7968849098111779,-0.5299999713897705,-0.1199999749660492,0.8969708681106567,0.0,19.444444444444443,257,251,4.897393703460693,RoadOption.STRAIGHT,17.749052047729492,-67.90422058105469,3.141183858362466,2.0,0.5,4.0,1.0,6.0,0.6,0.01,0.06,0.55,0.12,0.2,0.35,1.2,12,10.0,14.0,0.9,1.2,0.6,0.01,0.06,0.65,0.3,0.72,0.005,0.38,0.22,0.01,0.14,1.0,0.28
lqr,ground_truth,gentle_curve,1700.0,0.05,0.1,1.0,1276.2831175848842,27.78044891357422,-67.5263900756836,17.87461902952874,1.5698254149157016,-0.3819319623325869,0.7891915700541574,0.3819319623325869,0.7891915700541574,-0.550000011920929,-0.020000040531158447,0.8167527914047241,0.0,19.444444444444443,257,252,5.045717239379883,RoadOption.STRAIGHT,17.749052047729492,-67.90422058105469,3.141183858362466,2.0,0.5,4.0,1.0,6.0,0.6,0.01,0.06,0.55,0.12,0.2,0.35,1.2,12,10.0,14.0,0.9,1.2,0.6,0.01,0.06,0.65,0.3,0.72,0.005,0.38,0.22,0.01,0.14,1.0,0.28
lqr,ground_truth,gentle_curve,1700.0,0.05,0.1,1.0,1276.3331175856292,26.980819702148438,-67.92538452148438,18.027017600411362,1.4174268440330806,0.017389334725666096,0.740997675387538,0.017389334725666096,0.740997675387538,-0.550000011920929,0.0,0.7175778150558472,0.0,19.444444444444443,258,252,4.231811046600342,RoadOption.STRAIGHT,16.749052047729492,-67.90381622314453,3.141183858362466,2.0,0.5,4.0,1.0,6.0,0.6,0.01,0.06,0.55,0.12,0.2,0.35,1.2,12,10.0,14.0,0.9,1.2,0.6,0.01,0.06,0.65,0.3,0.72,0.005,0.38,0.22,0.01,0.14,1.0,0.28
lqr,ground_truth,gentle_curve,1700.0,0.05,0.1,1.0,1276.3831175863743,26.18124008178711,-68.33956146240234,18.19852745846203,1.2459169859824115,0.4318962974142381,0.6585528659414104,0.4318962974142381,0.6585528659414104,-0.550000011920929,0.0,0.5917383432388306,0.0,19.444444444444443,259,253,4.453357696533203,RoadOption.STRAIGHT,15.749053001403809,-67.90340423583984,3.141183858362466,2.0,0.5,4.0,1.0,6.0,0.6,0.01,0.06,0.55,0.12,0.2,0.35,1.2,12,10.0,14.0,0.9,1.2,0.6,0.01,0.06,0.65,0.3,0.72,0.005,0.38,0.22,0.01,0.14,1.0,0.28
lqr,ground_truth,gentle_curve,1700.0,0.05,0.1,1.0,1276.4331175871193,25.370180130004883,-68.75011444091797,18.327560272776857,1.1168841716675857,0.8427763617139414,0.5532898259593741,0.8427763617139414,0.5532898259593741,-0.550000011920929,0.0,0.5652911067008972,0.0,19.444444444444443,260,254,4.697689533233643,RoadOption.STRAIGHT,14.749053001403809,-67.90299987792969,3.141183858362466,2.0,0.5,4.0,1.0,6.0,0.6,0.01,0.06,0.55,0.12,0.2,0.35,1.2,12,10.0,14.0,0.9,1.2,0.6,0.01,0.06,0.65,0.3,0.72,0.005,0.38,0.22,0.01,0.14,1.0,0.28
lqr,ground_truth,gentle_curve,1700.0,0.05,0.1,1.0,1276.4831175878644,24.540573120117188,-69.1343002319336,18.342439546822487,1.1020048976219563,1.2273044520593188,0.4367091502928293,1.2273044520593188,0.4367091502928293,-0.550000011920929,0.0,0.6933478116989136,0.0,19.444444444444443,261,255,4.946691989898682,RoadOption.STRAIGHT,13.749053001403809,-67.902587890625,3.141183858362466,2.0,0.5,4.0,1.0,6.0,0.6,0.01,0.06,0.55,0.12,0.2,0.35,1.2,12,10.0,14.0,0.9,1.2,0.6,0.01,0.06,0.65,0.3,0.72,0.005,0.38,0.22,0.01,0.14,1.0,0.28
lqr,ground_truth,gentle_curve,1700.0,0.05,0.1,1.0,1276.5331175886095,23.6929874420166,-69.47554016113281,18.241835228927485,1.2026092155169579,1.568886404376368,0.3151062854426119,1.568886404376368,0.3151062854426119,-0.550000011920929,0.0,0.8922907114028931,0.0,19.444444444444443,261,256,5.187509059906006,RoadOption.STRAIGHT,13.749053001403809,-67.902587890625,3.141183858362466,2.0,0.5,4.0,1.0,6.0,0.6,0.01,0.06,0.55,0.12,0.2,0.35,1.2,12,10.0,14.0,0.9,1.2,0.6,0.01,0.06,0.65,0.3,0.72,0.005,0.38,0.22,0.01,0.14,1.0,0.28
lqr,ground_truth,gentle_curve,1700.0,0.05,0.1,1.0,1276.5831175893545,22.831439971923828,-69.7632827758789,18.05880892967186,1.3856355147725843,1.8569811915636993,0.19144373180532703,1.8569811915636993,0.19144373180532703,-0.550000011920929,0.0,1.0,0.0,19.444444444444443,262,256,4.4855852127075195,RoadOption.STRAIGHT,12.749053001403809,-67.90218353271484,3.141183858362466,2.0,0.5,4.0,1.0,6.0,0.6,0.01,0.06,0.55,0.12,0.2,0.35,1.2,12,10.0,14.0,0.9,1.2,0.6,0.01,0.06,0.65,0.3,0.72,0.005,0.38,0.22,0.01,0.14,1.0,0.28
lqr,ground_truth,gentle_curve,1700.0,0.05,0.1,1.0,1276.6331175900996,21.96092414855957,-69.99105072021484,17.82827852372275,1.6161659207216914,2.085108171626398,0.06709275102625689,2.085108171626398,0.06709275102625689,-0.550000011920929,0.0,1.0,0.0,19.444444444444443,263,257,4.700502872467041,RoadOption.STRAIGHT,11.749053001403809,-67.90177154541016,3.141183858362466,2.0,0.5,4.0,1.0,6.0,0.6,0.01,0.06,0.55,0.12,0.2,0.35,1.2,12,10.0,14.0,0.9,1.2,0.6,0.01,0.06,0.65,0.3,0.72,0.005,0.38,0.22,0.01,0.14,1.0,0.28
lqr,ground_truth,gentle_curve,1700.0,0.05,0.1,1.0,1276.6831175908446,21.75025177001953,-70.05455780029297,4.392428151570642,15.052016292873802,2.148696930918983,0.01617177940339687,2.148696930918983,0.01617177940339687,-0.550000011920929,0.0,1.0,0.0,19.444444444444443,263,258,5.444148063659668,RoadOption.STRAIGHT,11.749053001403809,-67.90177154541016,3.141183858362466,2.0,0.5,4.0,1.0,6.0,0.6,0.01,0.06,0.55,0.12,0.2,0.35,1.2,12,10.0,14.0,0.9,1.2,0.6,0.01,0.06,0.65,0.3,0.72,0.005,0.38,0.22,0.01,0.14,1.0,0.28
lqr,ground_truth,gentle_curve,1700.0,0.05,0.1,1.0,1276.7331175915897,21.897106170654297,-70.0535659790039,2.1230846005501083,17.321359843894335,2.1476450763363744,0.01895771221972886,2.1476450763363744,0.01895771221972886,-0.550000011920929,0.0,1.0,0.0,19.444444444444443,263,258,5.57905912399292,RoadOption.STRAIGHT,11.749053001403809,-67.90177154541016,3.141183858362466,2.0,0.5,4.0,1.0,6.0,0.6,0.01,0.06,0.55,0.12,0.2,0.35,1.2,12,10.0,14.0,0.9,1.2,0.6,0.01,0.06,0.65,0.3,0.72,0.005,0.38,0.22,0.01,0.14,1.0,0.28
lqr,ground_truth,gentle_curve,1700.0,0.05,0.1,1.0,1276.7831175923347,21.949626922607422,-70.05097961425781,0.3837858550358582,19.060658589408586,2.145037241574253,0.020810739706206505,2.145037241574253,0.020810739706206505,-0.550000011920929,0.0,1.0,0.0,19.444444444444443,263,258,5.626557350158691,RoadOption.STRAIGHT,11.749053001403809,-67.90177154541016,3.141183858362466,2.0,0.5,4.0,1.0,6.0,0.6,0.01,0.06,0.55,0.12,0.2,0.35,1.2,12,10.0,14.0,0.9,1.2,0.6,0.01,0.06,0.65,0.3,0.72,0.005,0.38,0.22,0.01,0.14,1.0,0.28
lqr,ground_truth,gentle_curve,1700.0,0.05,0.1,1.0,1276.8331175930798,21.92724609375,-70.0435791015625,0.9968913908497218,18.44755305359472,2.1376458786730685,0.014814632511892967,2.1376458786730685,0.014814632511892967,-0.550000011920929,0.0,1.0,0.0,19.444444444444443,263,258,5.603000164031982,RoadOption.STRAIGHT,11.749053001403809,-67.90177154541016,3.141183858362466,2.0,0.5,4.0,1.0,6.0,0.6,0.01,0.06,0.55,0.12,0.2,0.35,1.2,12,10.0,14.0,0.9,1.2,0.6,0.01,0.06,0.65,0.3,0.72,0.005,0.38,0.22,0.01,0.14,1.0,0.28
lqr,ground_truth,gentle_curve,1700.0,0.05,0.1,1.0,1276.8831175938249,21.854642868041992,-70.02467346191406,1.8836548948010976,17.560789549643346,2.1187699204556565,-0.0005419532818309314,2.1187699204556565,0.0005419532818309314,-0.550000011920929,0.0,1.0,0.0,19.444444444444443,263,258,5.5286455154418945,RoadOption.STRAIGHT,11.749053001403809,-67.90177154541016,3.141183858362466,2.0,0.5,4.0,1.0,6.0,0.6,0.01,0.06,0.55,0.12,0.2,0.35,1.2,12,10.0,14.0,0.9,1.2,0.6,0.01,0.06,0.65,0.3,0.72,0.005,0.38,0.22,0.01,0.14,1.0,0.28
lqr,ground_truth,gentle_curve,1700.0,0.05,0.1,1.0,1276.93311759457,21.74726104736328,-69.99491882324219,2.5379915613179627,16.90645288312648,2.0890591814445556,-0.02274233044484042,2.0890591814445556,0.02274233044484042,-0.550000011920929,0.0,1.0,0.0,19.444444444444443,263,258,5.418050765991211,RoadOption.STRAIGHT,11.749053001403809,-67.90177154541016,3.141183858362466,2.0,0.5,4.0,1.0,6.0,0.6,0.01,0.06,0.55,0.12,0.2,0.35,1.2,12,10.0,14.0,0.9,1.2,0.6,0.01,0.06,0.65,0.3,0.72,0.005,0.38,0.22,0.01,0.14,1.0,0.28
lqr,ground_truth,gentle_curve,1700.0,0.05,0.1,1.0,1276.983117595315,21.734567642211914,-69.96271514892578,0.28395347998159753,19.160490964462845,2.0568606988222844,-0.021278124477515092,2.0568606988222844,0.021278124477515092,-0.550000011920929,0.0,1.0,0.0,19.444444444444443,263,258,5.3939738273620605,RoadOption.STRAIGHT,11.749053001403809,-67.90177154541016,3.141183858362466,2.0,0.5,4.0,1.0,6.0,0.6,0.01,0.06,0.55,0.12,0.2,0.35,1.2,12,10.0,14.0,0.9,1.2,0.6,0.01,0.06,0.65,0.3,0.72,0.005,0.38,0.22,0.01,0.14,1.0,0.28
lqr,ground_truth,gentle_curve,1700.0,0.05,0.1,1.0,1277.03311759606,21.716503143310547,-69.95441436767578,0.6651884312339907,18.779256013210453,2.0485673029466,-0.025205221820945756,2.0485673029466,0.025205221820945756,-0.550000011920929,0.0,1.0,0.0,19.444444444444443,263,258,5.374100208282471,RoadOption.STRAIGHT,11.749053001403809,-67.90177154541016,3.141183858362466,2.0,0.5,4.0,1.0,6.0,0.6,0.01,0.06,0.55,0.12,0.2,0.35,1.2,12,10.0,14.0,0.9,1.2,0.6,0.01,0.06,0.65,0.3,0.72,0.005,0.38,0.22,0.01,0.14,1.0,0.28
lqr,ground_truth,gentle_curve,1700.0,0.05,0.1,1.0,1277.083117596805,21.716381072998047,-69.94464874267578,0.07204344191620903,19.372401002528235,2.038801728664344,-0.025370604124639762,2.038801728664344,0.025370604124639762,-0.550000011920929,0.0,1.0,0.0,19.444444444444443,263,258,5.37026309967041,RoadOption.STRAIGHT,11.749053001403809,-67.90177154541016,3.141183858362466,2.0,0.5,4.0,1.0,6.0,0.6,0.01,0.06,0.55,0.12,0.2,0.35,1.2,12,10.0,14.0,0.9,1.2,0.6,0.01,0.06,0.65,0.3,0.72,0.005,0.38,0.22,0.01,0.14,1.0,0.28
lqr,ground_truth,gentle_curve,1700.0,0.05,0.1,1.0,1277.1331175975502,21.71642303466797,-69.94108581542969,0.06876316520511937,19.375681279239323,2.035238784562227,-0.024021446716405492,2.035238784562227,0.024021446716405492,-0.550000011920929,0.0,1.0,0.0,19.444444444444443,263,258,5.368940830230713,RoadOption.STRAIGHT,11.749053001403809,-67.90177154541016,3.141183858362466,2.0,0.5,4.0,1.0,6.0,0.6,0.01,0.06,0.55,0.12,0.2,0.35,1.2,12,10.0,14.0,0.9,1.2,0.6,0.01,0.06,0.65,0.3,0.72,0.005,0.38,0.22,0.01,0.14,1.0,0.28
lqr,ground_truth,gentle_curve,1700.0,0.05,0.1,1.0,1277.1831175982952,21.716474533081055,-69.9380874633789,0.05357784842698014,19.390866596017464,2.0322404117096733,-0.02282169264532463,2.0322404117096733,0.02282169264532463,-0.550000011920929,0.0,1.0,0.0,19.444444444444443,263,258,5.367845058441162,RoadOption.STRAIGHT,11.749053001403809,-67.90177154541016,3.141183858362466,2.0,0.5,4.0,1.0,6.0,0.6,0.01,0.06,0.55,0.12,0.2,0.35,1.2,12,10.0,14.0,0.9,1.2,0.6,0.01,0.06,0.65,0.3,0.72,0.005,0.38,0.22,0.01,0.14,1.0,0.28
lqr,ground_truth,gentle_curve,1700.0,0.05,0.1,1.0,1277.2331175990403,21.716476440429688,-69.93512725830078,0.06397672583232042,19.380467718612124,2.0292802060991786,-0.021599035388869314,2.0292802060991786,0.021599035388869314,-0.550000011920929,0.0,1.0,0.0,19.444444444444443,263,258,5.366721153259277,RoadOption.STRAIGHT,11.749053001403809,-67.90177154541016,3.141183858362466,2.0,0.5,4.0,1.0,6.0,0.6,0.01,0.06,0.55,0.12,0.2,0.35,1.2,12,10.0,14.0,0.9,1.2,0.6,0.01,0.06,0.65,0.3,0.72,0.005,0.38,0.22,0.01,0.14,1.0,0.28
lqr,ground_truth,gentle_curve,1700.0,0.05,0.1,1.0,1277.2831175997853,21.71641731262207,-69.93230438232422,0.04521586956425407,19.39922857488019,2.026457354529651,-0.020408336065495192,2.026457354529651,0.020408336065495192,-0.550000011920929,0.0,1.0,0.0,19.444444444444443,263,258,5.365594863891602,RoadOption.STRAIGHT,11.749053001403809,-67.90177154541016,3.141183858362466,2.0,0.5,4.0,1.0,6.0,0.6,0.01,0.06,0.55,0.12,0.2,0.35,1.2,12,10.0,14.0,0.9,1.2,0.6,0.01,0.06,0.65,0.3,0.72,0.005,0.38,0.22,0.01,0.14,1.0,0.28
lqr,ground_truth,gentle_curve,1700.0,0.05,0.1,1.0,1277.3331176005304,21.716398239135742,-69.93017578125,0.031850805593090364,19.41259363885135,2.0243287614304415,-0.019500198133778124,2.0243287614304415,0.019500198133778124,-0.550000011920929,0.0,1.0,0.0,19.444444444444443,263,258,5.364770412445068,RoadOption.STRAIGHT,11.749053001403809,-67.90177154541016,3.141183858362466,2.0,0.5,4.0,1.0,6.0,0.6,0.01,0.06,0.55,0.12,0.2,0.35,1.2,12,10.0,14.0,0.9,1.2,0.6,0.01,0.06,0.65,0.3,0.72,0.005,0.38,0.22,0.01,0.14,1.0,0.28
lqr,ground_truth,gentle_curve,1700.0,0.05,0.1,1.0,1277.3831176012754,21.71640396118164,-69.92841339111328,0.038147655773387606,19.406296788671057,2.0225663691018374,-0.01877288884007733,2.0225663691018374,0.01877288884007733,-0.550000011920929,0.0,1.0,0.0,19.444444444444443,263,258,5.364108085632324,RoadOption.STRAIGHT,11.749053001403809,-67.90177154541016,3.141183858362466,2.0,0.5,4.0,1.0,6.0,0.6,0.01,0.06,0.55,0.12,0.2,0.35,1.2,12,10.0,14.0,0.9,1.2,0.6,0.01,0.06,0.65,0.3,0.72,0.005,0.38,0.22,0.01,0.14,1.0,0.28
lqr,ground_truth,gentle_curve,1700.0,0.05,0.1,1.0,1277.4331176020205,21.716337203979492,-69.92644500732422,0.035794230733691396,19.40865021371075,2.020598012767272,-0.017985392105741127,2.020598012767272,0.017985392105741127,-0.550000011920929,0.0,1.0,0.0,19.444444444444443,263,258,5.363302230834961,RoadOption.STRAIGHT,11.749053001403809,-67.90177154541016,3.141183858362466,2.0,0.5,4.0,1.0,6.0,0.6,0.01,0.06,0.55,0.12,0.2,0.35,1.2,12,10.0,14.0,0.9,1.2,0.6,0.01,0.06,0.65,0.3,0.72,0.005,0.38,0.22,0.01,0.14,1.0,0.28
lqr,ground_truth,gentle_curve,1700.0,0.05,0.1,1.0,1277.4831176027656,21.716238021850586,-69.92457580566406,0.03492429167777876,19.409520152766664,2.0187288518084796,-0.017220798556779382,2.0187288518084796,0.017220798556779382,-0.550000011920929,0.0,1.0,0.0,19.444444444444443,263,258,5.362504482269287,RoadOption.STRAIGHT,11.749053001403809,-67.90177154541016,3.141183858362466,2.0,0.5,4.0,1.0,6.0,0.6,0.01,0.06,0.55,0.12,0.2,0.35,1.2,12,10.0,14.0,0.9,1.2,0.6,0.01,0.06,0.65,0.3,0.72,0.005,0.38,0.22,0.01,0.14,1.0,0.28
lqr,ground_truth,gentle_curve,1700.0,0.05,0.1,1.0,1277.5331176035106,21.71608543395996,-69.92269134521484,0.034013187244273775,19.41043125720017,2.01684445389392,-0.016442889202366917,2.01684445389392,0.016442889202366917,-0.550000011920929,0.0,1.0,0.0,19.444444444444443,263,258,5.361652374267578,RoadOption.STRAIGHT,11.749053001403809,-67.90177154541016,3.141183858362466,2.0,0.5,4.0,1.0,6.0,0.6,0.01,0.06,0.55,0.12,0.2,0.35,1.2,12,10.0,14.0,0.9,1.2,0.6,0.01,0.06,0.65,0.3,0.72,0.005,0.38,0.22,0.01,0.14,1.0,0.28
lqr,ground_truth,gentle_curve,1700.0,0.05,0.1,1.0,1277.5831176042557,21.71588134765625,-69.9207763671875,0.033576337191505844,19.410868107252938,2.0149295594560903,-0.015653261939158725,2.0149295594560903,0.015653261939158725,-0.550000011920929,0.0,1.0,0.0,19.444444444444443,263,258,5.360742092132568,RoadOption.STRAIGHT,11.749053001403809,-67.90177154541016,3.141183858362466,2.0,0.5,4.0,1.0,6.0,0.6,0.01,0.06,0.55,0.12,0.2,0.35,1.2,12,10.0,14.0,0.9,1.2,0.6,0.01,0.06,0.65,0.3,0.72,0.005,0.38,0.22,0.01,0.14,1.0,0.28
lqr,ground_truth,gentle_curve,1700.0,0.05,0.1,1.0,1277.6331176050007,21.715639114379883,-69.9188461303711,0.03333084581773111,19.411113598626713,2.0129994218247727,-0.01485511256046168,2.0129994218247727,0.01485511256046168,-0.550000011920929,0.0,1.0,0.0,19.444444444444443,263,258,5.359790802001953,RoadOption.STRAIGHT,11.749053001403809,-67.90177154541016,3.141183858362466,2.0,0.5,4.0,1.0,6.0,0.6,0.01,0.06,0.55,0.12,0.2,0.35,1.2,12,10.0,14.0,0.9,1.2,0.6,0.01,0.06,0.65,0.3,0.72,0.005,0.38,0.22,0.01,0.14,1.0,0.28
lqr,ground_truth,gentle_curve,1700.0,0.05,0.1,1.0,1277.6831176057458,21.715124130249023,-69.9158935546875,0.040322433469214956,19.40412201097523,2.0100470569109357,-0.013669473243158592,2.0100470569109357,0.013669473243158592,-0.550000011920929,0.0,1.0,0.0,19.444444444444443,263,258,5.358204364776611,RoadOption.STRAIGHT,11.749053001403809,-67.90177154541016,3.141183858362466,2.0,0.5,4.0,1.0,6.0,0.6,0.01,0.06,0.55,0.12,0.2,0.35,1.2,12,10.0,14.0,0.9,1.2,0.6,0.01,0.06,0.65,0.3,0.72,0.005,0.38,0.22,0.01,0.14,1.0,0.28
lqr,ground_truth,gentle_curve,1700.0,0.05,0.1,1.0,1277.7331176064909,21.714799880981445,-69.91397094726562,0.032375401868687696,19.412069042575755,2.008124582201257,-0.01288144387660406,2.008124582201257,0.01288144387660406,-0.550000011920929,0.0,1.0,0.0,19.444444444444443,263,258,5.357182025909424,RoadOption.STRAIGHT,11.749053001403809,-67.90177154541016,3.141183858362466,2.0,0.5,4.0,1.0,6.0,0.6,0.01,0.06,0.55,0.12,0.2,0.35,1.2,12,10.0,14.0,0.9,1.2,0.6,0.01,0.06,0.65,0.3,0.72,0.005,0.38,0.22,0.01,0.14,1.0,0.28
lqr,ground_truth,gentle_curve,1700.0,0.05,0.1,1.0,1277.783117607236,21.714454650878906,-69.91199493408203,0.02109779693828054,19.42334664750616,2.006148710311187,-0.012037754443266824,2.006148710311187,0.012037754443266824,-0.550000011920929,0.0,1.0,0.0,19.444444444444443,263,258,5.356121063232422,RoadOption.STRAIGHT,11.749053001403809,-67.90177154541016,3.141183858362466,2.0,0.5,4.0,1.0,6.0,0.6,0.01,0.06,0.55,0.12,0.2,0.35,1.2,12,10.0,14.0,0.9,1.2,0.6,0.01,0.06,0.65,0.3,0.72,0.005,0.38,0.22,0.01,0.14,1.0,0.28
lqr,ground_truth,gentle_curve,1700.0,0.05,0.1,1.0,1277.833117607981,21.714189529418945,-69.91029357910156,0.025668086991264973,19.41877635745318,2.004447463853262,-0.011318967265054436,2.004447463853262,0.011318967265054436,-0.550000011920929,0.0,1.0,0.0,19.444444444444443,263,258,5.3552374839782715,RoadOption.STRAIGHT,11.749053001403809,-67.90177154541016,3.141183858362466,2.0,0.5,4.0,1.0,6.0,0.6,0.01,0.06,0.55,0.12,0.2,0.35,1.2,12,10.0,14.0,0.9,1.2,0.6,0.01,0.06,0.65,0.3,0.72,0.005,0.38,0.22,0.01,0.14,1.0,0.28
lqr,ground_truth,gentle_curve,1700.0,0.05,0.1,1.0,1277.883117608726,21.713891983032227,-69.90848541259766,0.039079224159831276,19.40536522028461,2.0026394191359795,-0.010547449497258832,2.0026394191359795,0.010547449497258832,-0.550000011920929,0.0,1.0,0.0,19.444444444444443,263,258,5.354284286499023,RoadOption.STRAIGHT,11.749053001403809,-67.90177154541016,3.141183858362466,2.0,0.5,4.0,1.0,6.0,0.6,0.01,0.06,0.55,0.12,0.2,0.35,1.2,12,10.0,14.0,0.9,1.2,0.6,0.01,0.06,0.65,0.3,0.72,0.005,0.38,0.22,0.01,0.14,1.0,0.28
lqr,ground_truth,gentle_curve,1700.0,0.05,0.1,1.0,1277.933117609471,21.713581085205078,-69.90662384033203,0.02865799121615167,19.415786453228293,2.0007779741194462,-0.009767675930083541,2.0007779741194462,0.009767675930083541,-0.550000011920929,0.0,1.0,0.0,19.444444444444443,263,258,5.353299140930176,RoadOption.STRAIGHT,11.749053001403809,-67.90177154541016,3.141183858362466,2.0,0.5,4.0,1.0,6.0,0.6,0.01,0.06,0.55,0.12,0.2,0.35,1.2,12,10.0,14.0,0.9,1.2,0.6,0.01,0.06,0.65,0.3,0.72,0.005,0.38,0.22,0.01,0.14,1.0,0.28
lqr,ground_truth,gentle_curve,1700.0,0.05,0.1,1.0,1277.9831176102161,21.71319007873535,-69.9045181274414,0.0387619063981363,19.405682538046307,1.9986724212463423,-0.008854211676186274,1.9986724212463423,0.008854211676186274,-0.550000011920929,0.0,1.0,0.0,19.444444444444443,263,258,5.35214900970459,RoadOption.STRAIGHT,11.749053001403809,-67.90177154541016,3.141183858362466,2.0,0.5,4.0,1.0,6.0,0.6,0.01,0.06,0.55,0.12,0.2,0.35,1.2,12,10.0,14.0,0.9,1.2,0.6,0.01,0.06,0.65,0.3,0.72,0.005,0.38,0.22,0.01,0.14,1.0,0.28
lqr,ground_truth,gentle_curve,1700.0,0.05,0.1,1.0,1278.0331176109612,21.71285629272461,-69.90262603759766,0.03157251932558017,19.412871925118864,1.9967804680108132,-0.008051534923636527,1.9967804680108132,0.008051534923636527,-0.550000011920929,0.0,1.0,0.0,19.444444444444443,263,258,5.351132392883301,RoadOption.STRAIGHT,11.749053001403809,-67.90177154541016,3.141183858362466,2.0,0.5,4.0,1.0,6.0,0.6,0.01,0.06,0.55,0.12,0.2,0.35,1.2,12,10.0,14.0,0.9,1.2,0.6,0.01,0.06,0.65,0.3,0.72,0.005,0.38,0.22,0.01,0.14,1.0,0.28
lqr,ground_truth,gentle_curve,1700.0,0.05,0.1,1.0,1278.0831176117063,21.712602615356445,-69.90105438232422,0.032458876957430036,19.41198556748701,1.9952089165707927,-0.0073857446511165215,1.9952089165707927,0.0073857446511165215,-0.550000011920929,0.0,1.0,0.0,19.444444444444443,263,258,5.350310325622559,RoadOption.STRAIGHT,11.749053001403809,-67.90177154541016,3.141183858362466,2.0,0.5,4.0,1.0,6.0,0.6,0.01,0.06,0.55,0.12,0.2,0.35,1.2,12,10.0,14.0,0.9,1.2,0.6,0.01,0.06,0.65,0.3,0.72,0.005,0.38,0.22,0.01,0.14,1.0,0.28
lqr,ground_truth,gentle_curve,1700.0,0.05,0.1,1.0,1278.1331176124513,21.71215057373047,-69.89867401123047,0.03744059327886589,19.407003851165577,1.992828730468393,-0.006400375047787232,1.992828730468393,0.006400375047787232,-0.550000011920929,0.0,1.0,0.0,19.444444444444443,263,258,5.349002838134766,RoadOption.STRAIGHT,11.749053001403809,-67.90177154541016,3.141183858362466,2.0,0.5,4.0,1.0,6.0,0.6,0.01,0.06,0.55,0.12,0.2,0.35,1.2,12,10.0,14.0,0.9,1.2,0.6,0.01,0.06,0.65,0.3,0.72,0.005,0.38,0.22,0.01,0.14,1.0,0.28
lqr,ground_truth,gentle_curve,1700.0,0.05,0.1,1.0,1278.1831176131964,21.711759567260742,-69.89669799804688,0.03151722262881609,19.412927221815625,1.9908528772914826,-0.005583050909241827,1.9908528772914826,0.005583050909241827,-0.550000011920929,0.0,1.0,0.0,19.444444444444443,263,258,5.347903251647949,RoadOption.STRAIGHT,11.749053001403809,-67.90177154541016,3.141183858362466,2.0,0.5,4.0,1.0,6.0,0.6,0.01,0.06,0.55,0.12,0.2,0.35,1.2,12,10.0,14.0,0.9,1.2,0.6,0.01,0.06,0.65,0.3,0.72,0.005,0.38,0.22,0.01,0.14,1.0,0.28
lqr,ground_truth,gentle_curve,1700.0,0.05,0.1,1.0,1278.2331176139414,21.711427688598633,-69.89482116699219,0.03169450897570091,19.412749935468742,1.9889761820640266,-0.004804875238720641,1.9889761820640266,0.004804875238720641,-0.550000011920929,0.0,1.0,0.0,19.444444444444443,263,258,5.346896171569824,RoadOption.STRAIGHT,11.749053001403809,-67.90177154541016,3.141183858362466,2.0,0.5,4.0,1.0,6.0,0.6,0.01,0.06,0.55,0.12,0.2,0.35,1.2,12,10.0,14.0,0.9,1.2,0.6,0.01,0.06,0.65,0.3,0.72,0.005,0.38,0.22,0.01,0.14,1.0,0.28
lqr,ground_truth,gentle_curve,1700.0,0.05,0.1,1.0,1278.2831176146865,21.711116790771484,-69.89295196533203,0.03319223605621266,19.41125220838823,1.987107107653599,-0.004020840613801369,1.987107107653599,0.004020840613801369,-0.550000011920929,0.0,1.0,0.0,19.444444444444443,263,258,5.345911502838135,RoadOption.STRAIGHT,11.749053001403809,-67.90177154541016,3.141183858362466,2.0,0.5,4.0,1.0,6.0,0.6,0.01,0.06,0.55,0.12,0.2,0.35,1.2,12,10.0,14.0,0.9,1.2,0.6,0.01,0.06,0.65,0.3,0.72,0.005,0.38,0.22,0.01,0.14,1.0,0.28
lqr,ground_truth,gentle_curve,1700.0,0.05,0.1,1.0,1278.3331176154315,21.710811614990234,-69.89108276367188,0.033336654984026826,19.411107789460416,1.9852380309040267,-0.003224555447867594,1.9852380309040267,0.003224555447867594,-0.550000011920929,0.0,1.0,0.0,19.444444444444443,263,258,5.344933032989502,RoadOption.STRAIGHT,11.749053001403809,-67.90177154541016,3.141183858362466,2.0,0.5,4.0,1.0,6.0,0.6,0.01,0.06,0.55,0.12,0.2,0.35,1.2,12,10.0,14.0,0.9,1.2,0.6,0.01,0.06,0.65,0.3,0.72,0.005,0.38,0.22,0.01,0.14,1.0,0.28
lqr,ground_truth,gentle_curve,1700.0,0.05,0.1,1.0,1278.3831176161766,21.71050262451172,-69.88919830322266,0.03314229357842609,19.411302150866018,1.9833536969260968,-0.002417883953682587,1.9833536969260968,0.002417883953682587,-0.550000011920929,0.0,1.0,0.0,19.444444444444443,263,258,5.343945503234863,RoadOption.STRAIGHT,11.749053001403809,-67.90177154541016,3.141183858362466,2.0,0.5,4.0,1.0,6.0,0.6,0.01,0.06,0.55,0.12,0.2,0.35,1.2,12,10.0,14.0,0.9,1.2,0.6,0.01,0.06,0.65,0.3,0.72,0.005,0.38,0.22,0.01,0.14,1.0,0.28
lqr,ground_truth,gentle_curve,1700.0,0.05,0.1,1.0,1278.4331176169217,21.710180282592773,-69.8873062133789,0.03354757031777969,19.410896874126664,1.981461739012278,-0.00161520720113284,1.981461739012278,0.00161520720113284,-0.550000011920929,0.0,1.0,0.0,19.444444444444443,263,258,5.3429436683654785,RoadOption.STRAIGHT,11.749053001403809,-67.90177154541016,3.141183858362466,2.0,0.5,4.0,1.0,6.0,0.6,0.01,0.06,0.55,0.12,0.2,0.35,1.2,12,10.0,14.0,0.9,1.2,0.6,0.01,0.06,0.65,0.3,0.72,0.005,0.38,0.22,0.01,0.14,1.0,0.28
lqr,ground_truth,gentle_curve,1700.0,0.05,0.1,1.0,1278.4831176176667,21.70984649658203,-69.88540649414062,0.03317876363282196,19.41126568081162,1.9795621563828556,-0.0008109325519289889,1.9795621563828556,0.0008109325519289889,-0.550000011920929,0.0,1.0,0.0,19.444444444444443,263,258,5.341928482055664,RoadOption.STRAIGHT,11.749053001403809,-67.90177154541016,3.141183858362466,2.0,0.5,4.0,1.0,6.0,0.6,0.01,0.06,0.55,0.12,0.2,0.35,1.2,12,10.0,14.0,0.9,1.2,0.6,0.01,0.06,0.65,0.3,0.72,0.005,0.38,0.22,0.01,0.14,1.0,0.28
lqr,ground_truth,gentle_curve,1700.0,0.05,0.1,1.0,1278.5331176184118,21.709501266479492,-69.88349151611328,0.03397430465462244,19.41047013978982,1.9776473196439355,-5.32632217886686e-07,1.9776473196439355,5.32632217886686e-07,-0.550000011920929,0.0,1.0,0.0,19.444444444444443,263,258,5.340898036956787,RoadOption.STRAIGHT,11.749053001403809,-67.90177154541016,3.141183858362466,2.0,0.5,4.0,1.0,6.0,0.6,0.01,0.06,0.55,0.12,0.2,0.35,1.2,12,10.0,14.0,0.9,1.2,0.6,0.01,0.06,0.65,0.3,0.72,0.005,0.38,0.22,0.01,0.14,1.0,0.28
lqr,ground_truth,gentle_curve,1700.0,0.05,0.1,1.0,1278.5831176191568,21.709148406982422,-69.88158416748047,0.03339793626940157,19.41104650817504,1.9757401154177692,0.0008040083330946857,1.9757401154177692,0.0008040083330946857,-0.550000011920929,0.0,1.0,0.0,19.444444444444443,263,258,5.339863300323486,RoadOption.STRAIGHT,11.749053001403809,-67.90177154541016,3.141183858362466,2.0,0.5,4.0,1.0,6.0,0.6,0.01,0.06,0.55,0.12,0.2,0.35,1.2,12,10.0,14.0,0.9,1.2,0.6,0.01,0.06,0.65,0.3,0.72,0.005,0.38,0.22,0.01,0.14,1.0,0.28
lqr,ground_truth,gentle_curve,1700.0,0.05,0.1,1.0,1278.633117619902,21.7086124420166,-69.87904357910156,0.0377596867339022,19.40668475771054,1.9731997463510602,0.0018423748421163566,1.9731997463510602,0.0018423748421163566,-0.550000011920929,0.0,1.0,0.0,19.444444444444443,263,258,5.338425159454346,RoadOption.STRAIGHT,11.749053001403809,-67.90177154541016,3.141183858362466,2.0,0.5,4.0,1.0,6.0,0.6,0.01,0.06,0.55,0.12,0.2,0.35,1.2,12,10.0,14.0,0.9,1.2,0.6,0.01,0.06,0.65,0.3,0.72,0.005,0.38,0.22,0.01,0.14,1.0,0.28
lqr,ground_truth,gentle_curve,1700.0,0.05,0.1,1.0,1278.683117620647,21.70810317993164,-69.87661743164062,0.0479136256673789,19.396530818777062,1.9707738072767478,0.00288233924779302,1.9707738072767478,0.00288233924779302,-0.550000011920929,0.0,1.0,0.0,19.444444444444443,263,258,5.33705472946167,RoadOption.STRAIGHT,11.749053001403809,-67.90177154541016,3.141183858362466,2.0,0.5,4.0,1.0,6.0,0.6,0.01,0.06,0.55,0.12,0.2,0.35,1.2,12,10.0,14.0,0.9,1.2,0.6,0.01,0.06,0.65,0.3,0.72,0.005,0.38,0.22,0.01,0.14,1.0,0.28
lqr,ground_truth,gentle_curve,1700.0,0.05,0.1,1.0,1278.733117621392,21.707571029663086,-69.8740005493164,0.04421268896646538,19.40023175547798,1.968157142711671,0.004034156419251644,1.968157142711671,0.004034156419251644,-0.550000011920929,0.0,1.0,0.0,19.444444444444443,263,258,5.3355937004089355,RoadOption.STRAIGHT,11.749053001403809,-67.90177154541016,3.141183858362466,2.0,0.5,4.0,1.0,6.0,0.6,0.01,0.06,0.55,0.12,0.2,0.35,1.2,12,10.0,14.0,0.9,1.2,0.6,0.01,0.06,0.65,0.3,0.72,0.005,0.38,0.22,0.01,0.14,1.0,0.28
lqr,ground_truth,gentle_curve,1700.0,0.05,0.1,1.0,1278.783117622137,21.707008361816406,-69.8713607788086,0.04357416659142517,19.400870277853016,1.9655176024403533,0.005196359918962834,1.9655176024403533,0.005196359918962834,-0.550000011920929,0.0,1.0,0.0,19.444444444444443,263,258,5.334096431732178,RoadOption.STRAIGHT,11.749053001403809,-67.90177154541016,3.141183858362466,2.0,0.5,4.0,1.0,6.0,0.6,0.01,0.06,0.55,0.12,0.2,0.35,1.2,12,10.0,14.0,0.9,1.2,0.6,0.01,0.06,0.65,0.3,0.72,0.005,0.38,0.22,0.01,0.14,1.0,0.28
lqr,ground_truth,gentle_curve,1700.0,0.05,0.1,1.0,1278.8331176228821,21.706581115722656,-69.8692398071289,0.030967382301433508,19.41347706214301,1.9633968055940465,0.006089317832466357,1.9633968055940465,0.006089317832466357,-0.550000011920929,0.0,1.0,0.0,19.444444444444443,263,258,5.3329176902771,RoadOption.STRAIGHT,11.749053001403809,-67.90177154541016,3.141183858362466,2.0,0.5,4.0,1.0,6.0,0.6,0.01,0.06,0.55,0.12,0.2,0.35,1.2,12,10.0,14.0,0.9,1.2,0.6,0.01,0.06,0.65,0.3,0.72,0.005,0.38,0.22,0.01,0.14,1.0,0.28
lqr,ground_truth,gentle_curve,1700.0,0.05,0.1,1.0,1278.8831176236272,21.70623779296875,-69.8673324584961,0.03269667769039427,19.411747766754047,1.9614895974693052,0.006878146147347053,1.9614895974693052,0.006878146147347053,-0.550000011920929,0.0,1.0,0.0,19.444444444444443,263,258,5.33189582824707,RoadOption.STRAIGHT,11.749053001403809,-67.90177154541016,3.141183858362466,2.0,0.5,4.0,1.0,6.0,0.6,0.01,0.06,0.55,0.12,0.2,0.35,1.2,12,10.0,14.0,0.9,1.2,0.6,0.01,0.06,0.65,0.3,0.72,0.005,0.38,0.22,0.01,0.14,1.0,0.28
lqr,ground_truth,gentle_curve,1700.0,0.05,0.1,1.0,1278.9331176243722,21.705913543701172,-69.86544036865234,0.033479427623657076,19.410965016820786,1.9595976403352013,0.0076715018360822285,1.9595976403352013,0.0076715018360822285,-0.550000011920929,0.0,1.0,0.0,19.444444444444443,263,258,5.330897331237793,RoadOption.STRAIGHT,11.749053001403809,-67.90177154541016,3.141183858362466,2.0,0.5,4.0,1.0,6.0,0.6,0.01,0.06,0.55,0.12,0.2,0.35,1.2,12,10.0,14.0,0.9,1.2,0.6,0.01,0.06,0.65,0.3,0.72,0.005,0.38,0.22,0.01,0.14,1.0,0.28
lqr,ground_truth,gentle_curve,1700.0,0.05,0.1,1.0,1278.9831176251173,21.705583572387695,-69.8635482788086,0.0333644610413132,19.41107998340313,1.9577056855402426,0.008470183846997159,1.9577056855402426,0.008470183846997159,-0.550000011920929,0.0,1.0,0.0,19.444444444444443,263,258,5.329894542694092,RoadOption.STRAIGHT,11.749053001403809,-67.90177154541016,3.141183858362466,2.0,0.5,4.0,1.0,6.0,0.6,0.01,0.06,0.55,0.12,0.2,0.35,1.2,12,10.0,14.0,0.9,1.2,0.6,0.01,0.06,0.65,0.3,0.72,0.005,0.38,0.22,0.01,0.14,1.0,0.28
lqr,ground_truth,gentle_curve,1700.0,0.05,0.1,1.0,1279.0331176258624,21.705238342285156,-69.86164093017578,0.033074523671155785,19.411369920773286,1.9557984781952162,0.00927232796732902,1.9557984781952162,0.00927232796732902,-0.550000011920929,0.0,1.0,0.0,19.444444444444443,263,258,5.328872203826904,RoadOption.STRAIGHT,11.749053001403809,-67.90177154541016,3.141183858362466,2.0,0.5,4.0,1.0,6.0,0.6,0.01,0.06,0.55,0.12,0.2,0.35,1.2,12,10.0,14.0,0.9,1.2,0.6,0.01,0.06,0.65,0.3,0.72,0.005,0.38,0.22,0.01,0.14,1.0,0.28
lqr,ground_truth,gentle_curve,1700.0,0.05,0.1,1.0,1279.0831176266074,21.70488166809082,-69.85973358154297,0.0336792903635054,19.410765154080938,1.95389127552848,0.010076868932642036,1.95389127552848,0.010076868932642036,-0.550000011920929,0.0,1.0,0.0,19.444444444444443,263,258,5.327840328216553,RoadOption.STRAIGHT,11.749053001403809,-67.90177154541016,3.141183858362466,2.0,0.5,4.0,1.0,6.0,0.6,0.01,0.06,0.55,0.12,0.2,0.35,1.2,12,10.0,14.0,0.9,1.2,0.6,0.01,0.06,0.65,0.3,0.72,0.005,0.38,0.22,0.01,0.14,1.0,0.28
