controller,error_provider,route_shape,route_min_length_m,route_length_tolerance,noise_lateral_std,noise_heading_std_deg,time,x,y,speed,speed_error,e_y,e_psi,abs_e_y,abs_e_psi,steer,steer_delta,throttle,brake,target_speed,route_index,closest_route_index,route_error,road_option,target_x,target_y,target_yaw,lqr_q_ey,lqr_q_ey_dot,lqr_q_epsi,lqr_q_epsi_dot,lqr_r,lqr_kp_long,lqr_ki_long,lqr_kd_long,lqr_max_steer,lqr_max_steer_rate,lqr_derivative_alpha,lqr_curvature_alpha,lqr_feedforward_gain,mpc_horizon,mpc_q_y,mpc_q_psi,mpc_r_steer,mpc_r_steer_rate,mpc_kp_long,mpc_ki_long,mpc_kd_long,mpc_max_steer,mpc_max_steer_rate,pid_lat_kp,pid_lat_ki,pid_lat_kd,pid_long_kp,pid_long_ki,pid_long_kd,pid_max_throttle,pid_max_brake
lqr,ground_truth,curvy,400.0,0.05,0.1,1.0,34.46569116041064,-9.875875473022461,-57.55167007446289,0.4899999797344208,18.954444464710022,0.04549653862999907,1.0194913535599426e-07,0.04549653862999907,1.0194913535599426e-07,-0.023048147559165955,-0.023048147559165955,1.0,0.0,19.444444444444443,11,0,0.5870656371116638,RoadOption.STRAIGHT,1.095213770866394,-57.46044921875,0.015969112844442135,2.8,1.2,4.5,3.0,10.0,0.6,0.01,0.06,0.55,0.16,0.2,0.35,1.0,12,10.0,14.0,0.9,1.2,0.6,0.01,0.06,0.65,0.3,0.72,0.005,0.38,0.22,0.01,0.14,1.0,0.28
lqr,ground_truth,curvy,400.0,0.05,0.1,1.0,34.5156911611557,-9.875875473022461,-57.55167007446289,0.9800000786781311,18.46444436576631,0.050639856295309094,-0.000891353775065884,0.050639856295309094,0.000891353775065884,-0.02280345931649208,0.0002446882426738739,1.0,0.0,19.444444444444443,11,6,6.02096700668335,RoadOption.STRAIGHT,1.095213770866394,-57.46044921875,0.015969112844442135,2.8,1.2,4.5,3.0,10.0,0.6,0.01,0.06,0.55,0.16,0.2,0.35,1.0,12,10.0,14.0,0.9,1.2,0.6,0.01,0.06,0.65,0.3,0.72,0.005,0.38,0.22,0.01,0.14,1.0,0.28
lqr,ground_truth,curvy,400.0,0.05,0.1,1.0,34.56569116190076,-9.875875473022461,-57.55167007446289,1.470000147819519,17.974444296624924,0.050639856295309094,-0.000891353775065884,0.050639856295309094,0.000891353775065884,-0.021678520366549492,0.0011249389499425888,1.0,0.0,19.444444444444443,11,6,6.015523433685303,RoadOption.STRAIGHT,1.095213770866394,-57.46044921875,0.015969112844442135,2.8,1.2,4.5,3.0,10.0,0.6,0.01,0.06,0.55,0.16,0.2,0.35,1.0,12,10.0,14.0,0.9,1.2,0.6,0.01,0.06,0.65,0.3,0.72,0.005,0.38,0.22,0.01,0.14,1.0,0.28
lqr,ground_truth,curvy,400.0,0.05,0.1,1.0,34.61569116264582,-9.875875473022461,-57.55167007446289,1.9600002765655518,17.48444416787889,0.050639856295309094,-0.000891353775065884,0.050639856295309094,0.000891353775065884,-0.02094627358019352,0.0007322467863559723,1.0,0.0,19.444444444444443,11,6,6.009093761444092,RoadOption.STRAIGHT,1.095213770866394,-57.46044921875,0.015969112844442135,2.8,1.2,4.5,3.0,10.0,0.6,0.01,0.06,0.55,0.16,0.2,0.35,1.0,12,10.0,14.0,0.9,1.2,0.6,0.01,0.06,0.65,0.3,0.72,0.005,0.38,0.22,0.01,0.14,1.0,0.28
lqr,ground_truth,curvy,400.0,0.05,0.1,1.0,34.665691163390875,-9.875875473022461,-57.55167007446289,2.450000286102295,16.994444158342148,0.050639856295309094,-0.000891353775065884,0.050639856295309094,0.000891353775065884,-0.020469484850764275,0.000476788729429245,1.0,0.0,19.444444444444443,11,6,6.002754211425781,RoadOption.STRAIGHT,1.095213770866394,-57.46044921875,0.015969112844442135,2.8,1.2,4.5,3.0,10.0,0.6,0.01,0.06,0.55,0.16,0.2,0.35,1.0,12,10.0,14.0,0.9,1.2,0.6,0.01,0.06,0.65,0.3,0.72,0.005,0.38,0.22,0.01,0.14,1.0,0.28
lqr,ground_truth,curvy,400.0,0.05,0.1,1.0,34.71569116413593,-9.875875473022461,-57.55167007446289,2.93999981880188,16.504444625642563,0.050639856295309094,-0.000891353775065884,0.050639856295309094,0.000891353775065884,-0.020158907398581505,0.0003105774521827698,1.0,0.0,19.444444444444443,11,6,5.9978861808776855,RoadOption.STRAIGHT,1.095213770866394,-57.46044921875,0.015969112844442135,2.8,1.2,4.5,3.0,10.0,0.6,0.01,0.06,0.55,0.16,0.2,0.35,1.0,12,10.0,14.0,0.9,1.2,0.6,0.01,0.06,0.65,0.3,0.72,0.005,0.38,0.22,0.01,0.14,1.0,0.28
lqr,ground_truth,curvy,400.0,0.05,0.1,1.0,34.76569116488099,-9.875874519348145,-57.55167007446289,2.0671517849139875,17.377292659530454,0.05063984551286746,-0.000891353775065884,0.05063984551286746,0.000891353775065884,-0.01995646394789219,0.0002024434506893158,1.0,0.0,19.444444444444443,11,6,5.996154308319092,RoadOption.STRAIGHT,1.095213770866394,-57.46044921875,0.015969112844442135,2.8,1.2,4.5,3.0,10.0,0.6,0.01,0.06,0.55,0.16,0.2,0.35,1.0,12,10.0,14.0,0.9,1.2,0.6,0.01,0.06,0.65,0.3,0.72,0.005,0.38,0.22,0.01,0.14,1.0,0.28
lqr,ground_truth,curvy,400.0,0.05,0.1,1.0,34.81569116562605,-9.875874519348145,-57.55167007446289,0.7392763495471328,18.70516809489731,0.05063984551286746,-0.000891353775065884,0.05063984551286746,0.000891353775065884,-0.019824473187327385,0.00013199076056480408,1.0,0.0,19.444444444444443,11,6,5.996372222900391,RoadOption.STRAIGHT,1.095213770866394,-57.46044921875,0.015969112844442135,2.8,1.2,4.5,3.0,10.0,0.6,0.01,0.06,0.55,0.16,0.2,0.35,1.0,12,10.0,14.0,0.9,1.2,0.6,0.01,0.06,0.65,0.3,0.72,0.005,0.38,0.22,0.01,0.14,1.0,0.28
lqr,ground_truth,curvy,400.0,0.05,0.1,1.0,34.86569116637111,-9.875874519348145,-57.55167007446289,0.11258104443555395,19.33186340000889,0.05063984551286746,-0.000891353775065884,0.05063984551286746,0.000891353775065884,-0.019738346338272095,8.612684905529022e-05,1.0,0.0,19.444444444444443,11,6,5.9965338706970215,RoadOption.STRAIGHT,1.095213770866394,-57.46044921875,0.015969112844442135,2.8,1.2,4.5,3.0,10.0,0.6,0.01,0.06,0.55,0.16,0.2,0.35,1.0,12,10.0,14.0,0.9,1.2,0.6,0.01,0.06,0.65,0.3,0.72,0.005,0.38,0.22,0.01,0.14,1.0,0.28
lqr,ground_truth,curvy,400.0,0.05,0.1,1.0,34.915691167116165,-9.87033748626709,-57.55164337158203,0.36390647576970847,19.080537968674733,0.050603943830849124,-0.0009416386256950737,0.050603943830849124,0.0009416386256950737,-0.019567333161830902,0.00017101317644119263,1.0,0.0,19.444444444444443,11,6,5.990962028503418,RoadOption.STRAIGHT,1.095213770866394,-57.46044921875,0.015969112844442135,2.8,1.2,4.5,3.0,10.0,0.6,0.01,0.06,0.55,0.16,0.2,0.35,1.0,12,10.0,14.0,0.9,1.2,0.6,0.01,0.06,0.65,0.3,0.72,0.005,0.38,0.22,0.01,0.14,1.0,0.28
lqr,ground_truth,curvy,400.0,0.05,0.1,1.0,34.96569116786122,-9.826004981994629,-57.55167007446289,1.194092463216193,18.25035198122825,0.050076010075153624,-0.0012344313413059638,0.050076010075153624,0.0012344313413059638,-0.018844418227672577,0.0007229149341583252,1.0,0.0,19.444444444444443,11,6,5.946529388427734,RoadOption.STRAIGHT,1.095213770866394,-57.46044921875,0.015969112844442135,2.8,1.2,4.5,3.0,10.0,0.6,0.01,0.06,0.55,0.16,0.2,0.35,1.0,12,10.0,14.0,0.9,1.2,0.6,0.01,0.06,0.65,0.3,0.72,0.005,0.38,0.22,0.01,0.14,1.0,0.28
lqr,ground_truth,curvy,400.0,0.05,0.1,1.0,35.01569116860628,-9.745162010192871,-57.55166244506836,1.9055626856131809,17.538881758831263,0.04916961140506344,-0.0018830088546866186,0.04916961140506344,0.0018830088546866186,-0.015740875154733658,0.003103543072938919,1.0,0.0,19.444444444444443,11,6,5.865592956542969,RoadOption.STRAIGHT,1.095213770866394,-57.46044921875,0.015969112844442135,2.8,1.2,4.5,3.0,10.0,0.6,0.01,0.06,0.55,0.16,0.2,0.35,1.0,12,10.0,14.0,0.9,1.2,0.6,0.01,0.06,0.65,0.3,0.72,0.005,0.38,0.22,0.01,0.14,1.0,0.28
lqr,ground_truth,curvy,400.0,0.05,0.1,1.0,35.06569116935134,-9.632376670837402,-57.55158996582031,2.4838580576319957,16.960586386812448,0.04796691134351205,-0.0026139451449265216,0.04796691134351205,0.0026139451449265216,-0.012615565210580826,0.003125309944152832,1.0,0.0,19.444444444444443,11,6,5.752741813659668,RoadOption.STRAIGHT,1.095213770866394,-57.46044921875,0.015969112844442135,2.8,1.2,4.5,3.0,10.0,0.6,0.01,0.06,0.55,0.16,0.2,0.35,1.0,12,10.0,14.0,0.9,1.2,0.6,0.01,0.06,0.65,0.3,0.72,0.005,0.38,0.22,0.01,0.14,1.0,0.28
lqr,ground_truth,curvy,400.0,0.05,0.1,1.0,35.1156911700964,-9.49372386932373,-57.551395416259766,2.962872150134724,16.481572294309718,0.046593810845293473,-0.0033253779413708884,0.046593810845293473,0.0033253779413708884,-0.010538414120674133,0.0020771510899066925,1.0,0.0,19.444444444444443,11,6,5.614047527313232,RoadOption.STRAIGHT,1.095213770866394,-57.46044921875,0.015969112844442135,2.8,1.2,4.5,3.0,10.0,0.6,0.01,0.06,0.55,0.16,0.2,0.35,1.0,12,10.0,14.0,0.9,1.2,0.6,0.01,0.06,0.65,0.3,0.72,0.005,0.38,0.22,0.01,0.14,1.0,0.28
lqr,ground_truth,curvy,400.0,0.05,0.1,1.0,35.165691170841455,-9.332880973815918,-57.55107879638672,3.384598133959239,16.059846310485206,0.04509188700533281,-0.00402200990796775,0.04509188700533281,0.00402200990796775,-0.006518790032714605,0.004019624087959528,1.0,0.0,19.444444444444443,11,6,5.453181266784668,RoadOption.STRAIGHT,1.095213770866394,-57.46044921875,0.015969112844442135,2.8,1.2,4.5,3.0,10.0,0.6,0.01,0.06,0.55,0.16,0.2,0.35,1.0,12,10.0,14.0,0.9,1.2,0.6,0.01,0.06,0.65,0.3,0.72,0.005,0.38,0.22,0.01,0.14,1.0,0.28
lqr,ground_truth,curvy,400.0,0.05,0.1,1.0,35.21569117158651,-9.151981353759766,-57.550537109375,3.772940075462972,15.67150436898147,0.04358825038845639,-0.004566285653523128,0.04358825038845639,0.004566285653523128,-0.004717966075986624,0.0018008239567279816,1.0,0.0,19.444444444444443,11,6,5.272268295288086,RoadOption.STRAIGHT,1.095213770866394,-57.46044921875,0.015969112844442135,2.8,1.2,4.5,3.0,10.0,0.6,0.01,0.06,0.55,0.16,0.2,0.35,1.0,12,10.0,14.0,0.9,1.2,0.6,0.01,0.06,0.65,0.3,0.72,0.005,0.38,0.22,0.01,0.14,1.0,0.28
lqr,ground_truth,curvy,400.0,0.05,0.1,1.0,35.26569117233157,-8.952269554138184,-57.5497932434082,4.141695626908127,15.302748817536315,0.04207408536034684,-0.004984110141272424,0.04207408536034684,0.004984110141272424,-0.0016536772018298507,0.003064288874156773,1.0,0.0,19.444444444444443,11,6,5.0725483894348145,RoadOption.STRAIGHT,1.095213770866394,-57.46044921875,0.015969112844442135,2.8,1.2,4.5,3.0,10.0,0.6,0.01,0.06,0.55,0.16,0.2,0.35,1.0,12,10.0,14.0,0.9,1.2,0.6,0.01,0.06,0.65,0.3,0.72,0.005,0.38,0.22,0.01,0.14,1.0,0.28
lqr,ground_truth,curvy,400.0,0.05,0.1,1.0,35.31569117307663,-8.734481811523438,-57.54877471923828,4.4987546653832275,14.945689779061215,0.040630190581316644,-0.005222187380049981,0.040630190581316644,0.005222187380049981,-0.0006186788086779416,0.0010349983931519091,1.0,0.0,19.444444444444443,12,6,4.854755401611328,RoadOption.STRAIGHT,2.0950863361358643,-57.444480895996094,0.015969112844442135,2.8,1.2,4.5,3.0,10.0,0.6,0.01,0.06,0.55,0.16,0.2,0.35,1.0,12,10.0,14.0,0.9,1.2,0.6,0.01,0.06,0.65,0.3,0.72,0.005,0.38,0.22,0.01,0.14,1.0,0.28
lqr,ground_truth,curvy,400.0,0.05,0.1,1.0,35.36569117382169,-8.49906063079834,-57.54751968383789,4.848653321581233,14.59579112286321,0.04945938791020499,-0.007330632300862838,0.04945938791020499,0.007330632300862838,0.0008098169346340001,0.0014284957433119416,1.0,0.0,19.444444444444443,12,7,5.608792304992676,RoadOption.STRAIGHT,2.0950863361358643,-57.444480895996094,0.015969112844442135,2.8,1.2,4.5,3.0,10.0,0.6,0.01,0.06,0.55,0.16,0.2,0.35,1.0,12,10.0,14.0,0.9,1.2,0.6,0.01,0.06,0.65,0.3,0.72,0.005,0.38,0.22,0.01,0.14,1.0,0.28
lqr,ground_truth,curvy,400.0,0.05,0.1,1.0,35.415691174566746,-8.246275901794434,-57.54601287841797,5.193676591570283,14.250767852874159,0.0476024831456691,-0.007318893065971999,0.0476024831456691,0.007318893065971999,0.0018989351810887456,0.0010891182464547455,1.0,0.0,19.444444444444443,12,7,5.3560028076171875,RoadOption.STRAIGHT,2.0950863361358643,-57.444480895996094,0.015969112844442135,2.8,1.2,4.5,3.0,10.0,0.6,0.01,0.06,0.55,0.16,0.2,0.35,1.0,12,10.0,14.0,0.9,1.2,0.6,0.01,0.06,0.65,0.3,0.72,0.005,0.38,0.22,0.01,0.14,1.0,0.28
lqr,ground_truth,curvy,400.0,0.05,0.1,1.0,35.465691175311804,-7.976604461669922,-57.54425048828125,5.506938239780328,13.937506204664114,0.045776444344173356,-0.0071840310044892774,0.045776444344173356,0.0071840310044892774,0.0038726134225726128,0.001973678241483867,1.0,0.0,19.444444444444443,12,7,5.0863261222839355,RoadOption.STRAIGHT,2.0950863361358643,-57.444480895996094,0.015969112844442135,2.8,1.2,4.5,3.0,10.0,0.6,0.01,0.06,0.55,0.16,0.2,0.35,1.0,12,10.0,14.0,0.9,1.2,0.6,0.01,0.06,0.65,0.3,0.72,0.005,0.38,0.22,0.01,0.14,1.0,0.28
lqr,ground_truth,curvy,400.0,0.05,0.1,1.0,35.51569117605686,-7.698661804199219,-57.542236328125,5.619303301678021,13.825141142766423,0.044092095696457244,-0.006909490825169673,0.044092095696457244,0.006909490825169673,0.003953535109758377,8.092168718576431e-05,1.0,0.0,19.444444444444443,13,7,4.808377265930176,RoadOption.STRAIGHT,3.1059606075286865,-57.42900085449219,6.297060376458899,2.8,1.2,4.5,3.0,10.0,0.6,0.01,0.06,0.55,0.16,0.2,0.35,1.0,12,10.0,14.0,0.9,1.2,0.6,0.01,0.06,0.65,0.3,0.72,0.005,0.38,0.22,0.01,0.14,1.0,0.28
lqr,ground_truth,curvy,400.0,0.05,0.1,1.0,35.56569117680192,-7.413734436035156,-57.53998565673828,5.7683175446866946,13.676126899757747,0.05257773502241885,-0.008542382040119367,0.05257773502241885,0.008542382040119367,0.002535938285291195,-0.0014175968244671822,1.0,0.0,19.444444444444443,13,8,5.512899875640869,RoadOption.STRAIGHT,3.1059606075286865,-57.42900085449219,6.297060376458899,2.8,1.2,4.5,3.0,10.0,0.6,0.01,0.06,0.55,0.16,0.2,0.35,1.0,12,10.0,14.0,0.9,1.2,0.6,0.01,0.06,0.65,0.3,0.72,0.005,0.38,0.22,0.01,0.14,1.0,0.28
lqr,ground_truth,curvy,400.0,0.05,0.1,1.0,35.61569117754698,-7.117556095123291,-57.53757858276367,6.034453211053193,13.40999123339125,0.05045132371111194,-0.008205672653805784,0.05045132371111194,0.008205672653805784,0.003614650806412101,0.0010787125211209059,1.0,0.0,19.444444444444443,13,8,5.216712951660156,RoadOption.STRAIGHT,3.1059606075286865,-57.42900085449219,6.297060376458899,2.8,1.2,4.5,3.0,10.0,0.6,0.01,0.06,0.55,0.16,0.2,0.35,1.0,12,10.0,14.0,0.9,1.2,0.6,0.01,0.06,0.65,0.3,0.72,0.005,0.38,0.22,0.01,0.14,1.0,0.28
lqr,ground_truth,curvy,400.0,0.05,0.1,1.0,35.665691178292036,-6.807922840118408,-57.53494644165039,6.302281845808296,13.142162598636148,0.04834401690945875,-0.007856207662138903,0.04834401690945875,0.007856207662138903,0.0036487802863121033,3.412947990000248e-05,1.0,0.0,19.444444444444443,14,8,4.907070159912109,RoadOption.STRAIGHT,4.123607158660889,-57.41658020019531,6.293684553461115,2.8,1.2,4.5,3.0,10.0,0.6,0.01,0.06,0.55,0.16,0.2,0.35,1.0,12,10.0,14.0,0.9,1.2,0.6,0.01,0.06,0.65,0.3,0.72,0.005,0.38,0.22,0.01,0.14,1.0,0.28
lqr,ground_truth,curvy,400.0,0.05,0.1,1.0,35.715691179037094,-6.482426166534424,-57.53204345703125,6.652864563529522,12.79157988091492,0.04941008301376011,-0.008032337797395872,0.04941008301376011,0.008032337797395872,0.002090380061417818,-0.0015584002248942852,1.0,0.0,19.444444444444443,14,9,5.578036308288574,RoadOption.STRAIGHT,4.123607158660889,-57.41658020019531,6.293684553461115,2.8,1.2,4.5,3.0,10.0,0.6,0.01,0.06,0.55,0.16,0.2,0.35,1.0,12,10.0,14.0,0.9,1.2,0.6,0.01,0.06,0.65,0.3,0.72,0.005,0.38,0.22,0.01,0.14,1.0,0.28
lqr,ground_truth,curvy,400.0,0.05,0.1,1.0,35.76569117978215,-6.139990329742432,-57.52894592285156,6.9773495912210795,12.467094853223363,0.04703905814240063,-0.007631513327987616,0.04703905814240063,0.007631513327987616,0.0011887700529769063,-0.0009016100084409118,1.0,0.0,19.444444444444443,14,9,5.235587120056152,RoadOption.STRAIGHT,4.123607158660889,-57.41658020019531,6.293684553461115,2.8,1.2,4.5,3.0,10.0,0.6,0.01,0.06,0.55,0.16,0.2,0.35,1.0,12,10.0,14.0,0.9,1.2,0.6,0.01,0.06,0.65,0.3,0.72,0.005,0.38,0.22,0.01,0.14,1.0,0.28
lqr,ground_truth,curvy,400.0,0.05,0.1,1.0,35.81569118052721,-5.778352737426758,-57.52559280395508,7.38221615369581,12.062228290748632,0.04461696343156789,-0.007604763643343393,0.04461696343156789,0.007604763643343393,0.0033168625086545944,0.002128092455677688,1.0,0.0,19.444444444444443,15,9,4.873934268951416,RoadOption.STRAIGHT,5.1412882804870605,-57.40763473510742,6.29030873046333,2.8,1.2,4.5,3.0,10.0,0.6,0.01,0.06,0.55,0.16,0.2,0.35,1.0,12,10.0,14.0,0.9,1.2,0.6,0.01,0.06,0.65,0.3,0.72,0.005,0.38,0.22,0.01,0.14,1.0,0.28
lqr,ground_truth,curvy,400.0,0.05,0.1,1.0,35.86569118127227,-5.3989081382751465,-57.52201461791992,7.729737958516203,11.71470648592824,0.042143296485437076,-0.00727372959895467,0.042143296485437076,0.00727372959895467,0.0027461512945592403,-0.0005707112140953541,1.0,0.0,19.444444444444443,15,10,5.494438648223877,RoadOption.STRAIGHT,5.1412882804870605,-57.40763473510742,6.29030873046333,2.8,1.2,4.5,3.0,10.0,0.6,0.01,0.06,0.55,0.16,0.2,0.35,1.0,12,10.0,14.0,0.9,1.2,0.6,0.01,0.06,0.65,0.3,0.72,0.005,0.38,0.22,0.01,0.14,1.0,0.28
lqr,ground_truth,curvy,400.0,0.05,0.1,1.0,35.915691182017326,-5.000410556793213,-57.51810836791992,8.128538569043286,11.315905875401157,0.03968566604280711,-0.006792835526897356,0.03968566604280711,0.006792835526897356,0.0026283685583621264,-0.00011778273619711399,1.0,0.0,19.444444444444443,15,10,5.095922470092773,RoadOption.STRAIGHT,5.1412882804870605,-57.40763473510742,6.29030873046333,2.8,1.2,4.5,3.0,10.0,0.6,0.01,0.06,0.55,0.16,0.2,0.35,1.0,12,10.0,14.0,0.9,1.2,0.6,0.01,0.06,0.65,0.3,0.72,0.005,0.38,0.22,0.01,0.14,1.0,0.28
lqr,ground_truth,curvy,400.0,0.05,0.1,1.0,35.965691182762384,-4.583346366882324,-57.51385498046875,8.484320176482123,10.96012426796232,0.03727864912632467,-0.006437197411047091,0.03727864912632467,0.006437197411047091,0.002595457946881652,-3.291061148047447e-05,1.0,0.0,19.444444444444443,16,10,4.678837776184082,RoadOption.STRAIGHT,6.158995628356934,-57.40210723876953,6.286932907465546,2.8,1.2,4.5,3.0,10.0,0.6,0.01,0.06,0.55,0.16,0.2,0.35,1.0,12,10.0,14.0,0.9,1.2,0.6,0.01,0.06,0.65,0.3,0.72,0.005,0.38,0.22,0.01,0.14,1.0,0.28
lqr,ground_truth,curvy,400.0,0.05,0.1,1.0,36.01569118350744,-4.1471147537231445,-57.50925064086914,8.885229627055114,10.559214817389329,0.034916577981632876,-0.006059208507688929,0.034916577981632876,0.006059208507688929,0.00324456300586462,0.0006491050589829683,1.0,0.0,19.444444444444443,16,11,5.242556095123291,RoadOption.STRAIGHT,6.158995628356934,-57.40210723876953,6.286932907465546,2.8,1.2,4.5,3.0,10.0,0.6,0.01,0.06,0.55,0.16,0.2,0.35,1.0,12,10.0,14.0,0.9,1.2,0.6,0.01,0.06,0.65,0.3,0.72,0.005,0.38,0.22,0.01,0.14,1.0,0.28
lqr,ground_truth,curvy,400.0,0.05,0.1,1.0,36.0656911842525,-3.691694974899292,-57.50424575805664,9.262081444892116,10.182362999552327,0.032648481912970505,-0.005589614144912769,0.032648481912970505,0.005589614144912769,0.00272095063701272,-0.0005236123688519001,1.0,0.0,19.444444444444443,17,11,4.787109375,RoadOption.STRAIGHT,7.176715850830078,-57.399993896484375,6.283557084467762,2.8,1.2,4.5,3.0,10.0,0.6,0.01,0.06,0.55,0.16,0.2,0.35,1.0,12,10.0,14.0,0.9,1.2,0.6,0.01,0.06,0.65,0.3,0.72,0.005,0.38,0.22,0.01,0.14,1.0,0.28
lqr,ground_truth,curvy,400.0,0.05,0.1,1.0,36.11569118499756,-3.2159810066223145,-57.498817443847656,9.677456983272371,9.766987461172072,0.03047980928778042,-0.005104741975977323,0.03047980928778042,0.005104741975977323,0.0017285582143813372,-0.000992392422631383,1.0,0.0,19.444444444444443,17,12,5.31134557723999,RoadOption.STRAIGHT,7.176715850830078,-57.399993896484375,6.283557084467762,2.8,1.2,4.5,3.0,10.0,0.6,0.01,0.06,0.55,0.16,0.2,0.35,1.0,12,10.0,14.0,0.9,1.2,0.6,0.01,0.06,0.65,0.3,0.72,0.005,0.38,0.22,0.01,0.14,1.0,0.28
lqr,ground_truth,curvy,400.0,0.05,0.1,1.0,36.16569118574262,-2.720717668533325,-57.4930419921875,10.056930429597525,9.387514014846918,0.028345944564769,-0.00469071613382166,0.028345944564769,0.00469071613382166,0.0007528569549322128,-0.0009757012594491243,1.0,0.0,19.444444444444443,18,12,4.816049098968506,RoadOption.STRAIGHT,8.181218147277832,-57.40031433105469,6.28277624563615,2.8,1.2,4.5,3.0,10.0,0.6,0.01,0.06,0.55,0.16,0.2,0.35,1.0,12,10.0,14.0,0.9,1.2,0.6,0.01,0.06,0.65,0.3,0.72,0.005,0.38,0.22,0.01,0.14,1.0,0.28
lqr,ground_truth,curvy,400.0,0.05,0.1,1.0,36.215691186487675,-2.2067673206329346,-57.48699951171875,10.42553537805079,9.018909066393652,0.015719028430207817,-0.002310599133346969,0.015719028430207817,0.002310599133346969,-0.004455517511814833,-0.0052083744667470455,1.0,0.0,19.444444444444443,18,13,5.313045024871826,RoadOption.STRAIGHT,8.181218147277832,-57.40031433105469,6.28277624563615,2.8,1.2,4.5,3.0,10.0,0.6,0.01,0.06,0.55,0.16,0.2,0.35,1.0,12,10.0,14.0,0.9,1.2,0.6,0.01,0.06,0.65,0.3,0.72,0.005,0.38,0.22,0.01,0.14,1.0,0.28
lqr,ground_truth,curvy,400.0,0.05,0.1,1.0,36.26569118723273,-1.6748930215835571,-57.48113250732422,10.778970120566315,8.665474323878128,0.01420591212360911,-0.0024921507779875895,0.01420591212360911,0.0024921507779875895,-0.005834582727402449,-0.001379065215587616,1.0,0.0,19.444444444444443,19,13,4.781137943267822,RoadOption.STRAIGHT,9.181218147277832,-57.40072250366211,6.28277624563615,2.8,1.2,4.5,3.0,10.0,0.6,0.01,0.06,0.55,0.16,0.2,0.35,1.0,12,10.0,14.0,0.9,1.2,0.6,0.01,0.06,0.65,0.3,0.72,0.005,0.38,0.22,0.01,0.14,1.0,0.28
lqr,ground_truth,curvy,400.0,0.05,0.1,1.0,36.31569118797779,-1.1255890130996704,-57.475643157958984,11.124338376225873,8.32010606821857,-0.0039481115711925766,0.0002063960247777885,0.0039481115711925766,0.0002063960247777885,-0.007747403346002102,-0.0019128206185996532,1.0,0.0,19.444444444444443,19,14,5.249528408050537,RoadOption.STRAIGHT,9.181218147277832,-57.40072250366211,6.28277624563615,2.8,1.2,4.5,3.0,10.0,0.6,0.01,0.06,0.55,0.16,0.2,0.35,1.0,12,10.0,14.0,0.9,1.2,0.6,0.01,0.06,0.65,0.3,0.72,0.005,0.38,0.22,0.01,0.14,1.0,0.28
lqr,ground_truth,curvy,400.0,0.05,0.1,1.0,36.36569118872285,-0.5592197179794312,-57.4706916809082,11.463193662878908,7.981250781565535,-0.004943248894911559,-0.0008907056698479465,0.004943248894911559,0.0008907056698479465,-0.005233545787632465,0.0025138575583696365,1.0,0.0,19.444444444444443,20,14,4.683139801025391,RoadOption.STRAIGHT,10.181218147277832,-57.40113067626953,6.28277624563615,2.8,1.2,4.5,3.0,10.0,0.6,0.01,0.06,0.55,0.16,0.2,0.35,1.0,12,10.0,14.0,0.9,1.2,0.6,0.01,0.06,0.65,0.3,0.72,0.005,0.38,0.22,0.01,0.14,1.0,0.28
lqr,ground_truth,curvy,400.0,0.05,0.1,1.0,36.41569118946791,0.02396106719970703,-57.46614074707031,11.797694824649362,7.646749619795081,-0.02205194804589198,0.0013011216803686665,0.02205194804589198,0.0013011216803686665,-0.005758216604590416,-0.0005246708169579506,1.0,0.0,19.444444444444443,20,15,5.117661952972412,RoadOption.STRAIGHT,10.181218147277832,-57.40113067626953,6.28277624563615,2.8,1.2,4.5,3.0,10.0,0.6,0.01,0.06,0.55,0.16,0.2,0.35,1.0,12,10.0,14.0,0.9,1.2,0.6,0.01,0.06,0.65,0.3,0.72,0.005,0.38,0.22,0.01,0.14,1.0,0.28
lqr,ground_truth,curvy,400.0,0.05,0.1,1.0,36.465691190212965,0.623767614364624,-57.4620246887207,12.128867997832607,7.315576446611836,-0.022208633915805624,0.0001175468330592011,0.022208633915805624,0.0001175468330592011,-0.0031189920846372843,0.0026392245199531317,1.0,0.0,19.444444444444443,21,15,4.517848491668701,RoadOption.STRAIGHT,11.181218147277832,-57.40153884887695,6.28277624563615,2.8,1.2,4.5,3.0,10.0,0.6,0.01,0.06,0.55,0.16,0.2,0.35,1.0,12,10.0,14.0,0.9,1.2,0.6,0.01,0.06,0.65,0.3,0.72,0.005,0.38,0.22,0.01,0.14,1.0,0.28
lqr,ground_truth,curvy,400.0,0.05,0.1,1.0,36.51569119095802,1.2400610446929932,-57.45822525024414,12.457606756347245,6.986837688097198,-0.037683459897638896,0.0024737853694398737,0.037683459897638896,0.0024737853694398737,-0.00569565687328577,-0.002576664788648486,1.0,0.0,19.444444444444443,22,16,4.919255256652832,RoadOption.STRAIGHT,12.181214332580566,-57.401947021484375,6.28277624563615,2.8,1.2,4.5,3.0,10.0,0.6,0.01,0.06,0.55,0.16,0.2,0.35,1.0,12,10.0,14.0,0.9,1.2,0.6,0.01,0.06,0.65,0.3,0.72,0.005,0.38,0.22,0.01,0.14,1.0,0.28
lqr,ground_truth,curvy,400.0,0.05,0.1,1.0,36.56569119170308,1.8727340698242188,-57.4549560546875,12.784364701264188,6.660079743180255,-0.05299025448708772,0.004802978256592816,0.05299025448708772,0.004802978256592816,-0.006124765612185001,-0.00042910873889923096,1.0,0.0,19.444444444444443,22,17,5.304266929626465,RoadOption.STRAIGHT,12.181214332580566,-57.401947021484375,6.28277624563615,2.8,1.2,4.5,3.0,10.0,0.6,0.01,0.06,0.55,0.16,0.2,0.35,1.0,12,10.0,14.0,0.9,1.2,0.6,0.01,0.06,0.65,0.3,0.72,0.005,0.38,0.22,0.01,0.14,1.0,0.28
lqr,ground_truth,curvy,400.0,0.05,0.1,1.0,36.61569119244814,2.521702289581299,-57.45237731933594,13.109599083014665,6.334845361429778,-0.050652790953034675,0.0035974377918499556,0.050652790953034675,0.0035974377918499556,-0.004072686191648245,0.0020520794205367565,1.0,0.0,19.444444444444443,23,17,4.655308723449707,RoadOption.STRAIGHT,13.181214332580566,-57.4023551940918,6.28277624563615,2.8,1.2,4.5,3.0,10.0,0.6,0.01,0.06,0.55,0.16,0.2,0.35,1.0,12,10.0,14.0,0.9,1.2,0.6,0.01,0.06,0.65,0.3,0.72,0.005,0.38,0.22,0.01,0.14,1.0,0.28
lqr,ground_truth,curvy,400.0,0.05,0.1,1.0,36.6656911931932,3.1868982315063477,-57.45037078857422,13.433612571780088,6.010831872664355,-0.05209943748771032,0.0032204187056512623,0.05209943748771032,0.0032204187056512623,0.00212501990608871,0.006197706097736955,1.0,0.0,19.444444444444443,24,18,4.994571208953857,RoadOption.STRAIGHT,14.181214332580566,-57.40276336669922,6.28277624563615,2.8,1.2,4.5,3.0,10.0,0.6,0.01,0.06,0.55,0.16,0.2,0.35,1.0,12,10.0,14.0,0.9,1.2,0.6,0.01,0.06,0.65,0.3,0.72,0.005,0.38,0.22,0.01,0.14,1.0,0.28
lqr,ground_truth,curvy,400.0,0.05,0.1,1.0,36.715691193938255,3.8682620525360107,-57.44839096069336,13.756505691098585,5.687938753345858,-0.04984177900275207,0.0026295126738844488,0.04984177900275207,0.0026295126738844488,0.004515908658504486,0.0023908887524157763,1.0,0.0,19.444444444444443,24,19,5.313169956207275,RoadOption.STRAIGHT,14.181214332580566,-57.40276336669922,6.28277624563615,2.8,1.2,4.5,3.0,10.0,0.6,0.01,0.06,0.55,0.16,0.2,0.35,1.0,12,10.0,14.0,0.9,1.2,0.6,0.01,0.06,0.65,0.3,0.72,0.005,0.38,0.22,0.01,0.14,1.0,0.28
lqr,ground_truth,curvy,400.0,0.05,0.1,1.0,36.76569119468331,4.565740585327148,-57.44610595703125,14.078422947334895,5.366021497109548,-0.04727146389463849,0.002753851347947034,0.04727146389463849,0.002753851347947034,0.0032936274074018,-0.001222281251102686,1.0,0.0,19.444444444444443,25,19,4.615700721740723,RoadOption.STRAIGHT,15.181214332580566,-57.403175354003906,6.28277624563615,2.8,1.2,4.5,3.0,10.0,0.6,0.01,0.06,0.55,0.16,0.2,0.35,1.0,12,10.0,14.0,0.9,1.2,0.6,0.01,0.06,0.65,0.3,0.72,0.005,0.38,0.22,0.01,0.14,1.0,0.28
lqr,ground_truth,curvy,400.0,0.05,0.1,1.0,36.81569119542837,5.279289245605469,-57.44355773925781,14.399520854028806,5.044923590415637,-0.04443224998500569,0.003252963886558824,0.04443224998500569,0.003252963886558824,-0.0004021277418360114,-0.0036957551492378116,1.0,0.0,19.444444444444443,26,20,4.90211296081543,RoadOption.STRAIGHT,16.181215286254883,-57.40358352661133,6.28277624563615,2.8,1.2,4.5,3.0,10.0,0.6,0.01,0.06,0.55,0.16,0.2,0.35,1.0,12,10.0,14.0,0.9,1.2,0.6,0.01,0.06,0.65,0.3,0.72,0.005,0.38,0.22,0.01,0.14,1.0,0.28
lqr,ground_truth,curvy,400.0,0.05,0.1,1.0,36.86569119617343,6.008869647979736,-57.441043853759766,14.719806916734578,4.724637527709865,-0.04162081037890822,0.0036205578792127824,0.04162081037890822,0.0036205578792127824,-0.002558549866080284,-0.0021564221242442727,1.0,0.0,19.444444444444443,26,21,5.172499656677246,RoadOption.STRAIGHT,16.181215286254883,-57.40358352661133,6.28277624563615,2.8,1.2,4.5,3.0,10.0,0.6,0.01,0.06,0.55,0.16,0.2,0.35,1.0,12,10.0,14.0,0.9,1.2,0.6,0.01,0.06,0.65,0.3,0.72,0.005,0.38,0.22,0.01,0.14,1.0,0.28
lqr,ground_truth,curvy,400.0,0.05,0.1,1.0,36.91569119691849,6.754441261291504,-57.43876647949219,15.039298911791446,4.4051455326529965,-0.03903845163548982,0.003604665517422667,0.03903845163548982,0.003604665517422667,-0.0032437541522085667,-0.0006852042861282825,1.0,0.0,19.444444444444443,27,21,4.426933765411377,RoadOption.STRAIGHT,17.181215286254883,-57.40399169921875,6.28277624563615,2.8,1.2,4.5,3.0,10.0,0.6,0.01,0.06,0.55,0.16,0.2,0.35,1.0,12,10.0,14.0,0.9,1.2,0.6,0.01,0.06,0.65,0.3,0.72,0.005,0.38,0.22,0.01,0.14,1.0,0.28
lqr,ground_truth,curvy,400.0,0.05,0.1,1.0,36.965691197663546,7.515966415405273,-57.436790466308594,15.35805864055454,4.086385803889902,-0.0367518153693113,0.0032404649745636505,0.0367518153693113,0.0032404649745636505,-0.0015939888544380665,0.0016497652977705002,1.0,0.0,19.444444444444443,28,22,4.665378093719482,RoadOption.STRAIGHT,18.181215286254883,-57.40439987182617,6.28277624563615,2.8,1.2,4.5,3.0,10.0,0.6,0.01,0.06,0.55,0.16,0.2,0.35,1.0,12,10.0,14.0,0.9,1.2,0.6,0.01,0.06,0.65,0.3,0.72,0.005,0.38,0.22,0.01,0.14,1.0,0.28
lqr,ground_truth,curvy,400.0,0.05,0.1,1.0,37.015691198408604,8.293410301208496,-57.43498229980469,15.67612476235282,3.7683196820916223,-0.03462651558845033,0.0027814098637426454,0.03462651558845033,0.0027814098637426454,-0.00024898003903217614,0.0013450088154058903,1.0,0.0,19.444444444444443,29,23,4.887913227081299,RoadOption.STRAIGHT,19.181215286254883,-57.404808044433594,6.28277624563615,2.8,1.2,4.5,3.0,10.0,0.6,0.01,0.06,0.55,0.16,0.2,0.35,1.0,12,10.0,14.0,0.9,1.2,0.6,0.01,0.06,0.65,0.3,0.72,0.005,0.38,0.22,0.01,0.14,1.0,0.28
lqr,ground_truth,curvy,400.0,0.05,0.1,1.0,37.06569119915366,9.086736679077148,-57.43323516845703,15.993487633634931,3.4509568108095117,-0.0325557540421961,0.0024383494624080626,0.0325557540421961,0.0024383494624080626,0.0006649959250353277,0.0009139759640675038,1.0,0.0,19.444444444444443,29,24,5.094569206237793,RoadOption.STRAIGHT,19.181215286254883,-57.404808044433594,6.28277624563615,2.8,1.2,4.5,3.0,10.0,0.6,0.01,0.06,0.55,0.16,0.2,0.35,1.0,12,10.0,14.0,0.9,1.2,0.6,0.01,0.06,0.65,0.3,0.72,0.005,0.38,0.22,0.01,0.14,1.0,0.28
lqr,ground_truth,curvy,400.0,0.05,0.1,1.0,37.11569119989872,9.895910263061523,-57.43146514892578,16.310157245111938,3.1342871993325048,-0.030454732873094283,0.0022841458033973083,0.030454732873094283,0.0022841458033973083,0.0001094970284611918,-0.0005554988965741359,1.0,0.0,19.444444444444443,30,24,4.285400390625,RoadOption.STRAIGHT,20.181215286254883,-57.405216217041016,6.28277624563615,2.8,1.2,4.5,3.0,10.0,0.6,0.01,0.06,0.55,0.16,0.2,0.35,1.0,12,10.0,14.0,0.9,1.2,0.6,0.01,0.06,0.65,0.3,0.72,0.005,0.38,0.22,0.01,0.14,1.0,0.28
lqr,ground_truth,curvy,400.0,0.05,0.1,1.0,37.16569120064378,10.72089672088623,-57.42972183227539,16.62614541671785,2.8182990277265922,-0.028371020406029082,0.0022312910283233123,0.028371020406029082,0.0022312910283233123,-0.0005321545177139342,-0.000641651546175126,1.0,0.0,19.444444444444443,31,25,4.460396766662598,RoadOption.STRAIGHT,21.181215286254883,-57.40562438964844,6.28277624563615,2.8,1.2,4.5,3.0,10.0,0.6,0.01,0.06,0.55,0.16,0.2,0.35,1.0,12,10.0,14.0,0.9,1.2,0.6,0.01,0.06,0.65,0.3,0.72,0.005,0.38,0.22,0.01,0.14,1.0,0.28
lqr,ground_truth,curvy,400.0,0.05,0.1,1.0,37.215691201388836,11.561662673950195,-57.42805862426758,16.94145476825821,2.502989676186232,-0.026364776877400395,0.0021632529841069115,0.026364776877400395,0.0021632529841069115,-0.001252677757292986,-0.0007205232395790517,1.0,0.0,19.444444444444443,32,26,4.619617938995361,RoadOption.STRAIGHT,22.181215286254883,-57.40603256225586,6.28277624563615,2.8,1.2,4.5,3.0,10.0,0.6,0.01,0.06,0.55,0.16,0.2,0.35,1.0,12,10.0,14.0,0.9,1.2,0.6,0.01,0.06,0.65,0.3,0.72,0.005,0.38,0.22,0.01,0.14,1.0,0.28
lqr,ground_truth,curvy,400.0,0.05,0.1,1.0,37.265691202133894,12.418174743652344,-57.426570892333984,17.256088413933444,2.188356030510999,-0.024527567887602148,0.0020033344518735063,0.024527567887602148,0.0020033344518735063,-0.0009862196166068316,0.00026645814068615437,0.9854532480239868,0.0,19.444444444444443,33,27,4.763094425201416,RoadOption.STRAIGHT,23.181215286254883,-57.40644073486328,6.28277624563615,2.8,1.2,4.5,3.0,10.0,0.6,0.01,0.06,0.55,0.16,0.2,0.35,1.0,12,10.0,14.0,0.9,1.2,0.6,0.01,0.06,0.65,0.3,0.72,0.005,0.38,0.22,0.01,0.14,1.0,0.28
lqr,ground_truth,curvy,400.0,0.05,0.1,1.0,37.31569120287895,13.290371894836426,-57.42524337768555,17.568785643383748,1.8756588010606947,-0.022844160006094464,0.00177863959757385,0.022844160006094464,0.00177863959757385,-0.0005972283543087542,0.00038899126229807734,0.8001586198806763,0.0,19.444444444444443,34,28,4.890888214111328,RoadOption.STRAIGHT,24.181215286254883,-57.4068489074707,6.28277624563615,2.8,1.2,4.5,3.0,10.0,0.6,0.01,0.06,0.55,0.16,0.2,0.35,1.0,12,10.0,14.0,0.9,1.2,0.6,0.01,0.06,0.65,0.3,0.72,0.005,0.38,0.22,0.01,0.14,1.0,0.28
lqr,ground_truth,curvy,400.0,0.05,0.1,1.0,37.36569120362401,14.177840232849121,-57.42403030395508,17.864774598071033,1.5796698463734096,-0.02126894617790075,0.0015558726742472828,0.02126894617790075,0.0015558726742472828,2.827439629982109e-06,0.0006000557939387363,0.6426151394844055,0.0,19.444444444444443,34,29,5.003412246704102,RoadOption.STRAIGHT,24.181215286254883,-57.4068489074707,6.28277624563615,2.8,1.2,4.5,3.0,10.0,0.6,0.01,0.06,0.55,0.16,0.2,0.35,1.0,12,10.0,14.0,0.9,1.2,0.6,0.01,0.06,0.65,0.3,0.72,0.005,0.38,0.22,0.01,0.14,1.0,0.28
lqr,ground_truth,curvy,400.0,0.05,0.1,1.0,37.41569120436907,15.0787353515625,-57.422908782958984,18.112009980814584,1.332434463629859,-0.019778903738181863,0.0013969479510294036,0.019778903738181863,0.0013969479510294036,1.7923801351571456e-05,1.5096361721589346e-05,0.5527782440185547,0.0,19.444444444444443,35,29,4.102519989013672,RoadOption.STRAIGHT,25.181215286254883,-57.40726089477539,6.28277624563615,2.8,1.2,4.5,3.0,10.0,0.6,0.01,0.06,0.55,0.16,0.2,0.35,1.0,12,10.0,14.0,0.9,1.2,0.6,0.01,0.06,0.65,0.3,0.72,0.005,0.38,0.22,0.01,0.14,1.0,0.28
lqr,ground_truth,curvy,400.0,0.05,0.1,1.0,37.465691205114126,15.990022659301758,-57.421844482421875,18.2936511276821,1.1507933167623428,-0.018342719666652626,0.0013034488904501984,0.018342719666652626,0.0013034488904501984,-0.00014395797916222364,-0.0001618817805137951,0.522506594657898,0.0,19.444444444444443,36,30,4.191226005554199,RoadOption.STRAIGHT,26.181215286254883,-57.40766906738281,6.28277624563615,2.8,1.2,4.5,3.0,10.0,0.6,0.01,0.06,0.55,0.16,0.2,0.35,1.0,12,10.0,14.0,0.9,1.2,0.6,0.01,0.06,0.65,0.3,0.72,0.005,0.38,0.22,0.01,0.14,1.0,0.28
lqr,ground_truth,curvy,400.0,0.05,0.1,1.0,37.515691205859184,16.90846061706543,-57.42087173461914,18.41320752664428,1.0312369178001646,-0.016995163265984582,0.0012372969052396598,0.016995163265984582,0.0012372969052396598,-0.000375566043658182,-0.0002316080644959584,0.5252744555473328,0.0,19.444444444444443,37,31,4.272781848907471,RoadOption.STRAIGHT,27.181215286254883,-57.408077239990234,6.28277624563615,2.8,1.2,4.5,3.0,10.0,0.6,0.01,0.06,0.55,0.16,0.2,0.35,1.0,12,10.0,14.0,0.9,1.2,0.6,0.01,0.06,0.65,0.3,0.72,0.005,0.38,0.22,0.01,0.14,1.0,0.28
lqr,ground_truth,curvy,400.0,0.05,0.1,1.0,37.56569120660424,17.831361770629883,-57.42001724243164,18.48485290633397,0.9595915381104732,-0.015764036748944964,0.001162275475280694,0.015764036748944964,0.001162275475280694,-0.0004466103855520487,-7.104434189386666e-05,0.5397804379463196,0.0,19.444444444444443,38,32,4.349876403808594,RoadOption.STRAIGHT,28.181215286254883,-57.408485412597656,6.28277624563615,2.8,1.2,4.5,3.0,10.0,0.6,0.01,0.06,0.55,0.16,0.2,0.35,1.0,12,10.0,14.0,0.9,1.2,0.6,0.01,0.06,0.65,0.3,0.72,0.005,0.38,0.22,0.01,0.14,1.0,0.28
lqr,ground_truth,curvy,400.0,0.05,0.1,1.0,37.6156912073493,18.756818771362305,-57.41926956176758,18.52445900412647,0.9199854403179728,-0.014638676247648228,0.0010663947840674481,0.014638676247648228,0.0010663947840674481,-0.00032912511960603297,0.00011748526594601572,0.5544639229774475,0.0,19.444444444444443,39,33,4.424415111541748,RoadOption.STRAIGHT,29.181215286254883,-57.40889358520508,6.28277624563615,2.8,1.2,4.5,3.0,10.0,0.6,0.01,0.06,0.55,0.16,0.2,0.35,1.0,12,10.0,14.0,0.9,1.2,0.6,0.01,0.06,0.65,0.3,0.72,0.005,0.38,0.22,0.01,0.14,1.0,0.28
lqr,ground_truth,curvy,400.0,0.05,0.1,1.0,37.66569120809436,19.683645248413086,-57.418617248535156,18.544881654640083,0.8995627898043601,-0.013608122969932274,0.0009645521490240228,0.013608122969932274,0.0009645521490240228,-0.00016550537839066237,0.0001636197412153706,0.5652304887771606,0.0,19.444444444444443,40,34,4.497585773468018,RoadOption.STRAIGHT,30.181215286254883,-57.4093017578125,6.28277624563615,2.8,1.2,4.5,3.0,10.0,0.6,0.01,0.06,0.55,0.16,0.2,0.35,1.0,12,10.0,14.0,0.9,1.2,0.6,0.01,0.06,0.65,0.3,0.72,0.005,0.38,0.22,0.01,0.14,1.0,0.28
lqr,ground_truth,curvy,400.0,0.05,0.1,1.0,37.71569120883942,20.611162185668945,-57.41804504394531,18.554812468287665,0.8896319761567781,-0.012653581190436339,0.0008774399937232502,0.012653581190436339,0.0008774399937232502,-5.762522414443083e-05,0.00010788015424623154,0.5718622207641602,0.0,19.444444444444443,41,35,4.570065975189209,RoadOption.STRAIGHT,31.181215286254883,-57.40970993041992,6.28277624563615,2.8,1.2,4.5,3.0,10.0,0.6,0.01,0.06,0.55,0.16,0.2,0.35,1.0,12,10.0,14.0,0.9,1.2,0.6,0.01,0.06,0.65,0.3,0.72,0.005,0.38,0.22,0.01,0.14,1.0,0.28
lqr,ground_truth,curvy,400.0,0.05,0.1,1.0,37.765691209584475,21.539005279541016,-57.41753387451172,18.559427744128815,0.885016700315628,-0.011763755840905216,0.000814750800625319,0.011763755840905216,0.000814750800625319,-9.113765554502606e-05,-3.351243140059523e-05,0.5754716992378235,0.0,19.444444444444443,42,36,4.642220973968506,RoadOption.STRAIGHT,32.18121337890625,-57.410118103027344,6.28277624563615,2.8,1.2,4.5,3.0,10.0,0.6,0.01,0.06,0.55,0.16,0.2,0.35,1.0,12,10.0,14.0,0.9,1.2,0.6,0.01,0.06,0.65,0.3,0.72,0.005,0.38,0.22,0.01,0.14,1.0,0.28
lqr,ground_truth,curvy,400.0,0.05,0.1,1.0,37.81569121032953,22.467010498046875,-57.417083740234375,18.56150814219816,0.8829363022462822,-0.010934899323566468,0.0007684252565045568,0.010934899323566468,0.0007684252565045568,-0.00017875712364912033,-8.761946810409427e-05,0.5772653222084045,0.0,19.444444444444443,43,37,4.714213848114014,RoadOption.STRAIGHT,33.18121337890625,-57.410526275634766,6.28277624563615,2.8,1.2,4.5,3.0,10.0,0.6,0.01,0.06,0.55,0.16,0.2,0.35,1.0,12,10.0,14.0,0.9,1.2,0.6,0.01,0.06,0.65,0.3,0.72,0.005,0.38,0.22,0.01,0.14,1.0,0.28
lqr,ground_truth,curvy,400.0,0.05,0.1,1.0,37.86569121107459,23.395090103149414,-57.41668701171875,18.562449835223482,0.8819946092209605,-0.010159418134783042,0.0007232144559594644,0.010159418134783042,0.0007232144559594644,-0.00022620739764533937,-4.745027399621904e-05,0.5780667066574097,0.0,19.444444444444443,44,38,4.786132335662842,RoadOption.STRAIGHT,34.18121337890625,-57.41093444824219,6.28277624563615,2.8,1.2,4.5,3.0,10.0,0.6,0.01,0.06,0.55,0.16,0.2,0.35,1.0,12,10.0,14.0,0.9,1.2,0.6,0.01,0.06,0.65,0.3,0.72,0.005,0.38,0.22,0.01,0.14,1.0,0.28
lqr,ground_truth,curvy,400.0,0.05,0.1,1.0,37.91569121181965,24.323205947875977,-57.41636276245117,18.56289379340414,0.8815506510403033,-0.00945640136374634,0.0006710200095980667,0.00945640136374634,0.0006710200095980667,-0.0001906996185425669,3.5507779102772474e-05,0.5783976316452026,0.0,19.444444444444443,45,39,4.858015537261963,RoadOption.STRAIGHT,35.18121337890625,-57.41134262084961,6.28277624563615,2.8,1.2,4.5,3.0,10.0,0.6,0.01,0.06,0.55,0.16,0.2,0.35,1.0,12,10.0,14.0,0.9,1.2,0.6,0.01,0.06,0.65,0.3,0.72,0.005,0.38,0.22,0.01,0.14,1.0,0.28
lqr,ground_truth,curvy,400.0,0.05,0.1,1.0,37.96569121256471,25.2513427734375,-57.41609191894531,18.56312427778798,0.8813201666564616,-0.008806781767507668,0.0006154783091423255,0.008806781767507668,0.0006154783091423255,-0.000118686119094491,7.201349944807589e-05,0.5785155296325684,0.0,19.444444444444443,46,40,4.929877281188965,RoadOption.STRAIGHT,36.18121337890625,-57.4117546081543,6.28277624563615,2.8,1.2,4.5,3.0,10.0,0.6,0.01,0.06,0.55,0.16,0.2,0.35,1.0,12,10.0,14.0,0.9,1.2,0.6,0.01,0.06,0.65,0.3,0.72,0.005,0.38,0.22,0.01,0.14,1.0,0.28
lqr,ground_truth,curvy,400.0,0.05,0.1,1.0,38.015691213309765,26.179489135742188,-57.41586685180664,18.56325951407496,0.8811849303694821,-0.008202934633511818,0.0005652693677067333,0.008202934633511818,0.0005652693677067333,-7.10605236236006e-05,4.76255954708904e-05,0.5785486698150635,0.0,19.444444444444443,46,41,5.001730442047119,RoadOption.STRAIGHT,36.18121337890625,-57.4117546081543,6.28277624563615,2.8,1.2,4.5,3.0,10.0,0.6,0.01,0.06,0.55,0.16,0.2,0.35,1.0,12,10.0,14.0,0.9,1.2,0.6,0.01,0.06,0.65,0.3,0.72,0.005,0.38,0.22,0.01,0.14,1.0,0.28
lqr,ground_truth,curvy,400.0,0.05,0.1,1.0,38.06569121405482,27.107641220092773,-57.41568374633789,18.56334522013987,0.8810992243045739,-0.0076401578665015075,0.00052513078047145,0.0076401578665015075,0.00052513078047145,-7.178141822805628e-05,-7.208946044556797e-07,0.5785567164421082,0.0,19.444444444444443,47,41,4.073578834533691,RoadOption.STRAIGHT,37.18121337890625,-57.41216278076172,6.28277624563615,2.8,1.2,4.5,3.0,10.0,0.6,0.01,0.06,0.55,0.16,0.2,0.35,1.0,12,10.0,14.0,0.9,1.2,0.6,0.01,0.06,0.65,0.3,0.72,0.005,0.38,0.22,0.01,0.14,1.0,0.28
lqr,ground_truth,curvy,400.0,0.05,0.1,1.0,38.11569121479988,28.035810470581055,-57.41553497314453,18.563406154082735,0.8810382903617082,-0.007112594528536572,0.000492909993520918,0.007112594528536572,0.000492909993520918,-0.00010072725126519799,-2.894583303714171e-05,0.578549861907959,0.0,19.444444444444443,48,42,4.145406723022461,RoadOption.STRAIGHT,38.18121337890625,-57.41257095336914,6.28277624563615,2.8,1.2,4.5,3.0,10.0,0.6,0.01,0.06,0.55,0.16,0.2,0.35,1.0,12,10.0,14.0,0.9,1.2,0.6,0.01,0.06,0.65,0.3,0.72,0.005,0.38,0.22,0.01,0.14,1.0,0.28
lqr,ground_truth,curvy,400.0,0.05,0.1,1.0,38.16569121554494,28.96397590637207,-57.41542434692383,18.56344803271115,0.8809964117332925,-0.0066231805007051555,0.0004629735043879535,0.0066231805007051555,0.0004629735043879535,-0.00011920438555534929,-1.8477134290151298e-05,0.5785475969314575,0.0,19.444444444444443,49,43,4.217240810394287,RoadOption.STRAIGHT,39.18121337890625,-57.41297912597656,6.28277624563615,2.8,1.2,4.5,3.0,10.0,0.6,0.01,0.06,0.55,0.16,0.2,0.35,1.0,12,10.0,14.0,0.9,1.2,0.6,0.01,0.06,0.65,0.3,0.72,0.005,0.38,0.22,0.01,0.14,1.0,0.28
lqr,ground_truth,curvy,400.0,0.05,0.1,1.0,38.21569121629,29.892147064208984,-57.41535186767578,18.56347658878121,0.8809678556632328,-0.006171911101669536,0.0004316217029671776,0.006171911101669536,0.0004316217029671776,-0.00010887863754760474,1.032574800774455e-05,0.5785464644432068,0.0,19.444444444444443,50,44,4.289069175720215,RoadOption.STRAIGHT,40.18121337890625,-57.413387298583984,6.28277624563615,2.8,1.2,4.5,3.0,10.0,0.6,0.01,0.06,0.55,0.16,0.2,0.35,1.0,12,10.0,14.0,0.9,1.2,0.6,0.01,0.06,0.65,0.3,0.72,0.005,0.38,0.22,0.01,0.14,1.0,0.28
lqr,ground_truth,curvy,400.0,0.05,0.1,1.0,38.265691217035055,30.820316314697266,-57.415306091308594,18.563495638969798,0.8809488054746453,-0.00574734536148213,0.00039947416351182596,0.00574734536148213,0.00039947416351182596,-9.471400699112564e-05,1.4164630556479096e-05,0.578546404838562,0.0,19.444444444444443,51,45,4.360899448394775,RoadOption.STRAIGHT,41.18121337890625,-57.413795471191406,6.28277624563615,2.8,1.2,4.5,3.0,10.0,0.6,0.01,0.06,0.55,0.16,0.2,0.35,1.0,12,10.0,14.0,0.9,1.2,0.6,0.01,0.06,0.65,0.3,0.72,0.005,0.38,0.22,0.01,0.14,1.0,0.28
lqr,ground_truth,curvy,400.0,0.05,0.1,1.0,38.31569121778011,31.748491287231445,-57.41530227661133,18.563508989138906,0.8809354553055364,-0.005360924250090521,0.000368581498930709,0.005360924250090521,0.000368581498930709,-5.0852915592258796e-05,4.386109139886685e-05,0.5785452723503113,0.0,19.444444444444443,52,46,4.4327239990234375,RoadOption.STRAIGHT,42.18121337890625,-57.41420364379883,6.28277624563615,2.8,1.2,4.5,3.0,10.0,0.6,0.01,0.06,0.55,0.16,0.2,0.35,1.0,12,10.0,14.0,0.9,1.2,0.6,0.01,0.06,0.65,0.3,0.72,0.005,0.38,0.22,0.01,0.14,1.0,0.28
lqr,ground_truth,curvy,400.0,0.05,0.1,1.0,38.36569121852517,32.67666244506836,-57.41531753540039,18.56351853639418,0.880925908050262,-0.0049973928808236135,0.00034194988803015747,0.0049973928808236135,0.00034194988803015747,-4.4579737732419744e-05,6.273177859839052e-06,0.5785440802574158,0.0,19.444444444444443,53,47,4.504552364349365,RoadOption.STRAIGHT,43.18121337890625,-57.41461181640625,6.28277624563615,2.8,1.2,4.5,3.0,10.0,0.6,0.01,0.06,0.55,0.16,0.2,0.35,1.0,12,10.0,14.0,0.9,1.2,0.6,0.01,0.06,0.65,0.3,0.72,0.005,0.38,0.22,0.01,0.14,1.0,0.28
lqr,ground_truth,curvy,400.0,0.05,0.1,1.0,38.41569121927023,33.60483169555664,-57.41535949707031,18.563524277693705,0.8809201667507374,-0.004660565170404921,0.000321177235591108,0.004660565170404921,0.000321177235591108,-6.017987470841035e-05,-1.560013697599061e-05,0.5785452127456665,0.0,19.444444444444443,54,48,4.576383113861084,RoadOption.STRAIGHT,44.18121337890625,-57.41501998901367,6.28277624563615,2.8,1.2,4.5,3.0,10.0,0.6,0.01,0.06,0.55,0.16,0.2,0.35,1.0,12,10.0,14.0,0.9,1.2,0.6,0.01,0.06,0.65,0.3,0.72,0.005,0.38,0.22,0.01,0.14,1.0,0.28
lqr,ground_truth,curvy,400.0,0.05,0.1,1.0,38.46569122001529,34.53300857543945,-57.41542053222656,18.563531938546944,0.8809125058974985,-0.004342807823826743,0.0003020024757427464,0.004342807823826743,0.0003020024757427464,-7.360432209679857e-05,-1.3424447388388216e-05,0.5785382986068726,0.0,19.444444444444443,55,49,4.648205757141113,RoadOption.STRAIGHT,45.18121337890625,-57.415428161621094,6.28277624563615,2.8,1.2,4.5,3.0,10.0,0.6,0.01,0.06,0.55,0.16,0.2,0.35,1.0,12,10.0,14.0,0.9,1.2,0.6,0.01,0.06,0.65,0.3,0.72,0.005,0.38,0.22,0.01,0.14,1.0,0.28
lqr,ground_truth,curvy,400.0,0.05,0.1,1.0,38.515691220760345,35.461181640625,-57.41550827026367,18.563533889682684,0.8809105547617584,-0.004051754916319732,0.00028229508367605405,0.004051754916319732,0.00028229508367605405,-6.98024159646593e-05,3.8019061321392655e-06,0.578544020652771,0.0,19.444444444444443,56,50,4.720032691955566,RoadOption.STRAIGHT,46.18121337890625,-57.41584014892578,6.28277624563615,2.8,1.2,4.5,3.0,10.0,0.6,0.01,0.06,0.55,0.16,0.2,0.35,1.0,12,10.0,14.0,0.9,1.2,0.6,0.01,0.06,0.65,0.3,0.72,0.005,0.38,0.22,0.01,0.14,1.0,0.28
lqr,ground_truth,curvy,400.0,0.05,0.1,1.0,38.5656912215054,36.38935089111328,-57.41560745239258,18.563533939209467,0.8809105052349757,-0.003772147660098026,0.00026205506751875163,0.003772147660098026,0.00026205506751875163,-5.806610715808347e-05,1.1736308806575835e-05,0.5785462260246277,0.0,19.444444444444443,57,51,4.791863441467285,RoadOption.STRAIGHT,47.18121337890625,-57.4162483215332,6.28277624563615,2.8,1.2,4.5,3.0,10.0,0.6,0.01,0.06,0.55,0.16,0.2,0.35,1.0,12,10.0,14.0,0.9,1.2,0.6,0.01,0.06,0.65,0.3,0.72,0.005,0.38,0.22,0.01,0.14,1.0,0.28
lqr,ground_truth,curvy,400.0,0.05,0.1,1.0,38.61569122225046,37.317527770996094,-57.41573715209961,18.563533989735628,0.8809104547088147,-0.0035230548585562316,0.000242347659197506,0.0035230548585562316,0.000242347659197506,-4.0059618186205626e-05,1.8006488971877843e-05,0.5785462260246277,0.0,19.444444444444443,58,52,4.8636860847473145,RoadOption.STRAIGHT,48.18121337890625,-57.416656494140625,6.28277624563615,2.8,1.2,4.5,3.0,10.0,0.6,0.01,0.06,0.55,0.16,0.2,0.35,1.0,12,10.0,14.0,0.9,1.2,0.6,0.01,0.06,0.65,0.3,0.72,0.005,0.38,0.22,0.01,0.14,1.0,0.28
lqr,ground_truth,curvy,400.0,0.05,0.1,1.0,38.66569122299552,38.24570083618164,-57.41587829589844,18.563534036061043,0.8809104083834001,-0.0032854077082997415,0.00022530344447524442,0.0032854077082997415,0.00022530344447524442,-3.519481106195599e-05,4.864807124249637e-06,0.5785461664199829,0.0,19.444444444444443,59,53,4.935513019561768,RoadOption.STRAIGHT,49.18121337890625,-57.41706466674805,6.28277624563615,2.8,1.2,4.5,3.0,10.0,0.6,0.01,0.06,0.55,0.16,0.2,0.35,1.0,12,10.0,14.0,0.9,1.2,0.6,0.01,0.06,0.65,0.3,0.72,0.005,0.38,0.22,0.01,0.14,1.0,0.28
lqr,ground_truth,curvy,400.0,0.05,0.1,1.0,38.71569122374058,39.17387390136719,-57.416038513183594,18.56353408409329,0.8809103603511517,-0.003066834042775581,0.00021092237458919527,0.003066834042775581,0.00021092237458919527,-3.8426693208748475e-05,-3.2318821467924863e-06,0.5785461664199829,0.0,19.444444444444443,59,54,5.007339954376221,RoadOption.STRAIGHT,49.18121337890625,-57.41706466674805,6.28277624563615,2.8,1.2,4.5,3.0,10.0,0.6,0.01,0.06,0.55,0.16,0.2,0.35,1.0,12,10.0,14.0,0.9,1.2,0.6,0.01,0.06,0.65,0.3,0.72,0.005,0.38,0.22,0.01,0.14,1.0,0.28
lqr,ground_truth,curvy,400.0,0.05,0.1,1.0,38.765691224485636,40.102046966552734,-57.41620635986328,18.563534136922176,0.8809103075222673,-0.002855000812387632,0.00019813920135725027,0.002855000812387632,0.00019813920135725027,-4.636515222955495e-05,-7.938459020806476e-06,0.5785461068153381,0.0,19.444444444444443,60,54,4.079167366027832,RoadOption.STRAIGHT,50.18121337890625,-57.41747283935547,6.28277624563615,2.8,1.2,4.5,3.0,10.0,0.6,0.01,0.06,0.55,0.16,0.2,0.35,1.0,12,10.0,14.0,0.9,1.2,0.6,0.01,0.06,0.65,0.3,0.72,0.005,0.38,0.22,0.01,0.14,1.0,0.28
lqr,ground_truth,curvy,400.0,0.05,0.1,1.0,38.815691225230694,41.03022384643555,-57.41639709472656,18.563534196749938,0.880910247694505,-0.0026669431619892898,0.00018482339590608632,0.0026669431619892898,0.00018482339590608632,-5.190817319089547e-05,-5.543020961340517e-06,0.5785460472106934,0.0,19.444444444444443,61,55,4.150990009307861,RoadOption.STRAIGHT,51.18121337890625,-57.41788101196289,6.28277624563615,2.8,1.2,4.5,3.0,10.0,0.6,0.01,0.06,0.55,0.16,0.2,0.35,1.0,12,10.0,14.0,0.9,1.2,0.6,0.01,0.06,0.65,0.3,0.72,0.005,0.38,0.22,0.01,0.14,1.0,0.28
lqr,ground_truth,curvy,400.0,0.05,0.1,1.0,38.86569122597575,41.958396911621094,-57.416595458984375,18.563534261850222,0.8809101825942207,-0.0024827017689833214,0.00017097495823836795,0.0024827017689833214,0.00017097495823836795,-2.683417551452294e-05,2.5073997676372528e-05,0.5785460472106934,0.0,19.444444444444443,62,56,4.2228169441223145,RoadOption.STRAIGHT,52.18121337890625,-57.41828918457031,6.28277624563615,2.8,1.2,4.5,3.0,10.0,0.6,0.01,0.06,0.55,0.16,0.2,0.35,1.0,12,10.0,14.0,0.9,1.2,0.6,0.01,0.06,0.65,0.3,0.72,0.005,0.38,0.22,0.01,0.14,1.0,0.28
lqr,ground_truth,curvy,400.0,0.05,0.1,1.0,38.91569122672081,42.88656997680664,-57.41680908203125,18.563534307258724,0.8809101371857189,-0.0023175338607096816,0.00015872438471475903,0.0023175338607096816,0.00015872438471475903,-2.1640378690790385e-05,5.193796823732555e-06,0.5785460472106934,0.0,19.444444444444443,63,57,4.294643878936768,RoadOption.STRAIGHT,53.18121337890625,-57.418697357177734,6.28277624563615,2.8,1.2,4.5,3.0,10.0,0.6,0.01,0.06,0.55,0.16,0.2,0.35,1.0,12,10.0,14.0,0.9,1.2,0.6,0.01,0.06,0.65,0.3,0.72,0.005,0.38,0.22,0.01,0.14,1.0,0.28
lqr,ground_truth,curvy,400.0,0.05,0.1,1.0,38.96569122746587,43.81474685668945,-57.41702651977539,18.563534351686446,0.8809100927579969,-0.0021561790889366,0.00014860437257180337,0.0021561790889366,0.00014860437257180337,-2.7752887035603635e-05,-6.11250834481325e-06,0.5785459876060486,0.0,19.444444444444443,64,58,4.366466999053955,RoadOption.STRAIGHT,54.18121337890625,-57.419105529785156,6.28277624563615,2.8,1.2,4.5,3.0,10.0,0.6,0.01,0.06,0.55,0.16,0.2,0.35,1.0,12,10.0,14.0,0.9,1.2,0.6,0.01,0.06,0.65,0.3,0.72,0.005,0.38,0.22,0.01,0.14,1.0,0.28
lqr,ground_truth,curvy,400.0,0.05,0.1,1.0,39.015691228210926,44.742919921875,-57.41726303100586,18.56353440274874,0.880910041695703,-0.0020138993623417555,0.00013954964112006252,0.0020138993623417555,0.00013954964112006252,-3.1029627280076966e-05,-3.2767402444733307e-06,0.5785459876060486,0.0,19.444444444444443,65,59,4.438293933868408,RoadOption.STRAIGHT,55.18121337890625,-57.41951370239258,6.28277624563615,2.8,1.2,4.5,3.0,10.0,0.6,0.01,0.06,0.55,0.16,0.2,0.35,1.0,12,10.0,14.0,0.9,1.2,0.6,0.01,0.06,0.65,0.3,0.72,0.005,0.38,0.22,0.01,0.14,1.0,0.28
lqr,ground_truth,curvy,400.0,0.05,0.1,1.0,39.065691228955984,45.67109298706055,-57.417503356933594,18.56353445581625,0.8809099886281935,-0.0018754343326933761,0.0001304948934137684,0.0018754343326933761,0.0001304948934137684,-3.1611409212928265e-05,-5.817819328512996e-07,0.5785459280014038,0.0,19.444444444444443,66,60,4.510120868682861,RoadOption.STRAIGHT,56.18121337890625,-57.419925689697266,6.28277624563615,2.8,1.2,4.5,3.0,10.0,0.6,0.01,0.06,0.55,0.16,0.2,0.35,1.0,12,10.0,14.0,0.9,1.2,0.6,0.01,0.06,0.65,0.3,0.72,0.005,0.38,0.22,0.01,0.14,1.0,0.28
lqr,ground_truth,curvy,400.0,0.05,0.1,1.0,39.11569122970104,46.599266052246094,-57.41775131225586,18.563534508409006,0.8809099360354367,-0.0017445986969379288,0.0001214401457074743,0.0017445986969379288,0.0001214401457074743,-2.8498297979240306e-05,3.1131112336879596e-06,0.5785459280014038,0.0,19.444444444444443,67,61,4.5819478034973145,RoadOption.STRAIGHT,57.18121337890625,-57.42033386230469,6.28277624563615,2.8,1.2,4.5,3.0,10.0,0.6,0.01,0.06,0.55,0.16,0.2,0.35,1.0,12,10.0,14.0,0.9,1.2,0.6,0.01,0.06,0.65,0.3,0.72,0.005,0.38,0.22,0.01,0.14,1.0,0.28
lqr,ground_truth,curvy,400.0,0.05,0.1,1.0,39.1656912304461,47.52743911743164,-57.41802215576172,18.56353455769974,0.8809098867447034,-0.001636651242861276,0.00011238536549207367,0.001636651242861276,0.00011238536549207367,-1.751183117448818e-05,1.0986466804752126e-05,0.578545868396759,0.0,19.444444444444443,68,62,4.653774738311768,RoadOption.STRAIGHT,58.18121337890625,-57.42074203491211,6.28277624563615,2.8,1.2,4.5,3.0,10.0,0.6,0.01,0.06,0.55,0.16,0.2,0.35,1.0,12,10.0,14.0,0.9,1.2,0.6,0.01,0.06,0.65,0.3,0.72,0.005,0.38,0.22,0.01,0.14,1.0,0.28
lqr,ground_truth,curvy,400.0,0.05,0.1,1.0,39.21569123119116,48.45561599731445,-57.41828536987305,18.563534596041396,0.8809098484030464,-0.0015210728344457838,0.00010439594724065415,0.0015210728344457838,0.00010439594724065415,-1.7064963685697876e-05,4.4686748879030347e-07,0.578545868396759,0.0,19.444444444444443,69,63,4.725597858428955,RoadOption.STRAIGHT,59.18121337890625,-57.42115020751953,6.28277624563615,2.8,1.2,4.5,3.0,10.0,0.6,0.01,0.06,0.55,0.16,0.2,0.35,1.0,12,10.0,14.0,0.9,1.2,0.6,0.01,0.06,0.65,0.3,0.72,0.005,0.38,0.22,0.01,0.14,1.0,0.28
lqr,ground_truth,curvy,400.0,0.05,0.1,1.0,39.265691231936216,49.3837890625,-57.41856002807617,18.563534635308475,0.880909809135968,-0.0014169400773155968,9.800436062423756e-05,0.0014169400773155968,9.800436062423756e-05,-2.0545736333588138e-05,-3.4807726478902623e-06,0.5785458087921143,0.0,19.444444444444443,70,64,4.797424793243408,RoadOption.STRAIGHT,60.181209564208984,-57.42155838012695,6.28277624563615,2.8,1.2,4.5,3.0,10.0,0.6,0.01,0.06,0.55,0.16,0.2,0.35,1.0,12,10.0,14.0,0.9,1.2,0.6,0.01,0.06,0.65,0.3,0.72,0.005,0.38,0.22,0.01,0.14,1.0,0.28
lqr,ground_truth,curvy,400.0,0.05,0.1,1.0,39.315691232681274,50.31196212768555,-57.418846130371094,18.56353467804072,0.8809097664037218,-0.0013242514110248073,9.161274149871446e-05,0.0013242514110248073,9.161274149871446e-05,-3.017329981958028e-05,-9.627563485992141e-06,0.5785458087921143,0.0,19.444444444444443,71,65,4.869251728057861,RoadOption.STRAIGHT,61.181209564208984,-57.421966552734375,6.28277624563615,2.8,1.2,4.5,3.0,10.0,0.6,0.01,0.06,0.55,0.16,0.2,0.35,1.0,12,10.0,14.0,0.9,1.2,0.6,0.01,0.06,0.65,0.3,0.72,0.005,0.38,0.22,0.01,0.14,1.0,0.28
lqr,ground_truth,curvy,400.0,0.05,0.1,1.0,39.36569123342633,51.240135192871094,-57.41913986206055,18.563534730270156,0.8809097141742868,-0.0012353774416804836,8.468855517396179e-05,0.0012353774416804836,8.468855517396179e-05,-8.888170668797102e-06,2.1285129150783177e-05,0.5785457491874695,0.0,19.444444444444443,72,66,4.9410786628723145,RoadOption.STRAIGHT,62.181209564208984,-57.4223747253418,6.28277624563615,2.8,1.2,4.5,3.0,10.0,0.6,0.01,0.06,0.55,0.16,0.2,0.35,1.0,12,10.0,14.0,0.9,1.2,0.6,0.01,0.06,0.65,0.3,0.72,0.005,0.38,0.22,0.01,0.14,1.0,0.28
lqr,ground_truth,curvy,400.0,0.05,0.1,1.0,39.41569123417139,52.16830825805664,-57.41942596435547,18.563534755999633,0.8809096884448095,-0.001142688775389694,7.82969685575452e-05,0.001142688775389694,7.82969685575452e-05,-1.025089750328334e-05,-1.3627268344862387e-06,0.5785458087921143,0.0,19.444444444444443,72,67,5.012905597686768,RoadOption.STRAIGHT,62.181209564208984,-57.4223747253418,6.28277624563615,2.8,1.2,4.5,3.0,10.0,0.6,0.01,0.06,0.55,0.16,0.2,0.35,1.0,12,10.0,14.0,0.9,1.2,0.6,0.01,0.06,0.65,0.3,0.72,0.005,0.38,0.22,0.01,0.14,1.0,0.28
lqr,ground_truth,curvy,400.0,0.05,0.1,1.0,39.46569123491645,53.09648132324219,-57.41971969604492,18.563534785945496,0.8809096584989469,-0.0010567405442351158,7.350327859612094e-05,0.0010567405442351158,7.350327859612094e-05,-1.718992461974267e-05,-6.939027116459329e-06,0.5785457491874695,0.0,19.444444444444443,73,67,4.084732532501221,RoadOption.STRAIGHT,63.181209564208984,-57.42278289794922,6.28277624563615,2.8,1.2,4.5,3.0,10.0,0.6,0.01,0.06,0.55,0.16,0.2,0.35,1.0,12,10.0,14.0,0.9,1.2,0.6,0.01,0.06,0.65,0.3,0.72,0.005,0.38,0.22,0.01,0.14,1.0,0.28
lqr,ground_truth,curvy,400.0,0.05,0.1,1.0,39.51569123566151,54.024658203125,-57.42003631591797,18.56353482350115,0.8809096209432923,-0.0009945678930701452,6.924222085125109e-05,0.0009945678930701452,6.924222085125109e-05,-1.610564322618302e-05,1.0842813935596496e-06,0.5785457491874695,0.0,19.444444444444443,74,68,4.156555652618408,RoadOption.STRAIGHT,64.18121337890625,-57.42319107055664,6.28277624563615,2.8,1.2,4.5,3.0,10.0,0.6,0.01,0.06,0.55,0.16,0.2,0.35,1.0,12,10.0,14.0,0.9,1.2,0.6,0.01,0.06,0.65,0.3,0.72,0.005,0.38,0.22,0.01,0.14,1.0,0.28
lqr,ground_truth,curvy,400.0,0.05,0.1,1.0,39.565691236406565,54.95283126831055,-57.42034912109375,18.563534857433137,0.8809095870113062,-0.0009285821054046159,6.444853088982683e-05,0.0009285821054046159,6.444853088982683e-05,-1.3753544408245943e-05,2.352098817937076e-06,0.5785456895828247,0.0,19.444444444444443,75,69,4.228382587432861,RoadOption.STRAIGHT,65.18121337890625,-57.42359924316406,6.28277624563615,2.8,1.2,4.5,3.0,10.0,0.6,0.01,0.06,0.55,0.16,0.2,0.35,1.0,12,10.0,14.0,0.9,1.2,0.6,0.01,0.06,0.65,0.3,0.72,0.005,0.38,0.22,0.01,0.14,1.0,0.28
lqr,ground_truth,curvy,400.0,0.05,0.1,1.0,39.61569123715162,55.881004333496094,-57.42066955566406,18.563536794865854,0.8809076495785888,-0.0008702241511861108,5.9654840927514385e-05,0.0008702241511861108,5.9654840927514385e-05,-9.040106306201778e-06,4.713438102044165e-06,0.5785422921180725,0.0,19.444444444444443,76,70,4.300205707550049,RoadOption.STRAIGHT,66.06481170654297,-57.41557312011719,0.02175243346765821,2.8,1.2,4.5,3.0,10.0,0.6,0.01,0.06,0.55,0.16,0.2,0.35,1.0,12,10.0,14.0,0.9,1.2,0.6,0.01,0.06,0.65,0.3,0.72,0.005,0.38,0.22,0.01,0.14,1.0,0.28
lqr,ground_truth,curvy,400.0,0.05,0.1,1.0,39.66569123789668,56.80917739868164,-57.42098617553711,18.563536818884685,0.8809076255597574,-0.0008080530604670474,5.59263828918688e-05,0.0008080530604670474,5.59263828918688e-05,-1.1569209164008498e-05,-2.52910285780672e-06,0.578544557094574,0.0,19.444444444444443,77,71,4.37203311920166,RoadOption.STRAIGHT,66.93106842041016,-57.3857307434082,0.047124901805061126,2.8,1.2,4.5,3.0,10.0,0.6,0.01,0.06,0.55,0.16,0.2,0.35,1.0,12,10.0,14.0,0.9,1.2,0.6,0.01,0.06,0.65,0.3,0.72,0.005,0.38,0.22,0.01,0.14,1.0,0.28
lqr,ground_truth,curvy,400.0,0.05,0.1,1.0,39.71569123864174,57.73735046386719,-57.42129898071289,18.563536846324972,0.880907598119471,-0.0007420672728015185,5.2197989875324424e-05,0.0007420672728015185,5.2197989875324424e-05,-1.5378724128822796e-05,-3.809514964814298e-06,0.5785444974899292,0.0,19.444444444444443,78,72,4.443859577178955,RoadOption.STRAIGHT,67.7962875366211,-57.33391571044922,0.07249763645857306,2.8,1.2,4.5,3.0,10.0,0.6,0.01,0.06,0.55,0.16,0.2,0.35,1.0,12,10.0,14.0,0.9,1.2,0.6,0.01,0.06,0.65,0.3,0.72,0.005,0.38,0.22,0.01,0.14,1.0,0.28
lqr,ground_truth,curvy,400.0,0.05,0.1,1.0,39.7656912393868,58.66552734375,-57.421630859375,18.563536877558622,0.8809075668858206,-0.0006951534094224105,4.8469564348785354e-05,0.0006951534094224105,4.8469564348785354e-05,-1.1004231964761857e-05,4.374492164060939e-06,0.5785444974899292,0.0,19.444444444444443,80,73,4.515682697296143,RoadOption.STRAIGHT,69.52140045166016,-57.1645393371582,0.1232428394494879,2.8,1.2,4.5,3.0,10.0,0.6,0.01,0.06,0.55,0.16,0.2,0.35,1.0,12,10.0,14.0,0.9,1.2,0.6,0.01,0.06,0.65,0.3,0.72,0.005,0.38,0.22,0.01,0.14,1.0,0.28
lqr,ground_truth,curvy,400.0,0.05,0.1,1.0,39.815691240131855,59.59370040893555,-57.42197036743164,18.563536901869323,0.8809075425751196,-0.0006567610195847692,4.474113882313446e-05,0.0006567610195847692,4.474113882313446e-05,0.028336454182863235,0.028347458414827997,0.5785444974899292,0.0,19.444444444444443,81,75,5.587513446807861,RoadOption.STRAIGHT,70.38017272949219,-57.047080993652344,0.14861557410299983,2.8,1.2,4.5,3.0,10.0,0.6,0.01,0.06,0.55,0.16,0.2,0.35,1.0,12,10.0,14.0,0.9,1.2,0.6,0.01,0.06,0.65,0.3,0.72,0.005,0.38,0.22,0.01,0.14,1.0,0.28
lqr,ground_truth,curvy,400.0,0.05,0.1,1.0,39.86569124087691,60.52180099487305,-57.41993713378906,18.561466424169502,0.8829780202749404,0.11620148205364375,-0.019965703087864384,0.11620148205364375,0.019965703087864384,0.13967622816562653,0.11133977398276329,0.5822713971138,0.0,19.444444444444443,82,76,5.543012619018555,RoadOption.STRAIGHT,71.23568725585938,-56.907875061035156,0.17398830875651175,2.8,1.2,4.5,3.0,10.0,0.6,0.01,0.06,0.55,0.16,0.2,0.35,1.0,12,10.0,14.0,0.9,1.2,0.6,0.01,0.06,0.65,0.3,0.72,0.005,0.38,0.22,0.01,0.14,1.0,0.28
lqr,ground_truth,curvy,400.0,0.05,0.1,1.0,39.91569124162197,61.44912338256836,-57.40936279296875,18.534660065235173,0.9097843792092704,0.23463470139025194,-0.03613770303428954,0.23463470139025194,0.03613770303428954,0.1990983933210373,0.05942216515541077,0.6280382871627808,0.0,19.444444444444443,83,77,5.481996536254883,RoadOption.STRAIGHT,72.08740234375,-56.74700927734375,0.19936104341002367,2.8,1.2,4.5,3.0,10.0,0.6,0.01,0.06,0.55,0.16,0.2,0.35,1.0,12,10.0,14.0,0.9,1.2,0.6,0.01,0.06,0.65,0.3,0.72,0.005,0.38,0.22,0.01,0.14,1.0,0.28
lqr,ground_truth,curvy,400.0,0.05,0.1,1.0,39.96569124236703,62.37356185913086,-57.38059616088867,18.478797295655934,0.9656471487885092,0.34623267516522405,-0.03925498822598428,0.34623267516522405,0.03925498822598428,0.1715896725654602,-0.027508720755577087,0.6964235901832581,0.0,19.444444444444443,84,78,5.422926902770996,RoadOption.STRAIGHT,72.93476104736328,-56.56459045410156,0.2247335117474266,2.8,1.2,4.5,3.0,10.0,0.6,0.01,0.06,0.55,0.16,0.2,0.35,1.0,12,10.0,14.0,0.9,1.2,0.6,0.01,0.06,0.65,0.3,0.72,0.005,0.38,0.22,0.01,0.14,1.0,0.28
lqr,ground_truth,curvy,400.0,0.05,0.1,1.0,40.01569124311209,63.29528045654297,-57.33096694946289,18.458380918014687,0.9860635264297564,0.4537411097424601,-0.03272717051706353,0.4537411097424601,0.03272717051706353,0.09094217419624329,-0.08064749836921692,0.6661377549171448,0.0,19.444444444444443,85,79,5.36509895324707,RoadOption.STRAIGHT,73.77721405029297,-56.36072540283203,0.25010624640093854,2.8,1.2,4.5,3.0,10.0,0.6,0.01,0.06,0.55,0.16,0.2,0.35,1.0,12,10.0,14.0,0.9,1.2,0.6,0.01,0.06,0.65,0.3,0.72,0.005,0.38,0.22,0.01,0.14,1.0,0.28
lqr,ground_truth,curvy,400.0,0.05,0.1,1.0,40.065691243857145,64.2165298461914,-57.26301193237305,18.48760972471128,0.9568347197331626,0.554407831107125,-0.025140398815537868,0.554407831107125,0.025140398815537868,0.018370825797319412,-0.07257134839892387,0.5890262722969055,0.0,19.444444444444443,86,80,5.305784702301025,RoadOption.STRAIGHT,74.61422729492188,-56.135562896728516,0.27547898105445046,2.8,1.2,4.5,3.0,10.0,0.6,0.01,0.06,0.55,0.16,0.2,0.35,1.0,12,10.0,14.0,0.9,1.2,0.6,0.01,0.06,0.65,0.3,0.72,0.005,0.38,0.22,0.01,0.14,1.0,0.28
lqr,ground_truth,curvy,400.0,0.05,0.1,1.0,40.1156912446022,65.13871765136719,-57.18172073364258,18.526755227400688,0.9176892170437547,0.6429419771222878,-0.02496308222120902,0.6429419771222878,0.02496308222120902,0.005110527854412794,-0.013260297942906618,0.5536389350891113,0.0,19.444444444444443,87,81,5.243184566497803,RoadOption.STRAIGHT,75.44525909423828,-55.88922882080078,0.3008514493918534,2.8,1.2,4.5,3.0,10.0,0.6,0.01,0.06,0.55,0.16,0.2,0.35,1.0,12,10.0,14.0,0.9,1.2,0.6,0.01,0.06,0.65,0.3,0.72,0.005,0.38,0.22,0.01,0.14,1.0,0.28
lqr,ground_truth,curvy,400.0,0.05,0.1,1.0,40.16569124534726,66.0612564086914,-57.088294982910156,18.549744421320806,0.8947000231236366,0.7180591126840219,-0.033414449170628746,0.7180591126840219,0.033414449170628746,0.046990007162094116,0.04187947930768132,0.5592330098152161,0.0,19.444444444444443,88,82,5.177575588226318,RoadOption.STRAIGHT,76.269775390625,-55.62189865112305,0.3262241840453653,2.8,1.2,4.5,3.0,10.0,0.6,0.01,0.06,0.55,0.16,0.2,0.35,1.0,12,10.0,14.0,0.9,1.2,0.6,0.01,0.06,0.65,0.3,0.72,0.005,0.38,0.22,0.01,0.14,1.0,0.28
lqr,ground_truth,curvy,400.0,0.05,0.1,1.0,40.21569124609232,66.982421875,-56.97932052612305,18.54887050383932,0.8955739406051215,0.7832960718257796,-0.0449657106617658,0.7832960718257796,0.0449657106617658,0.1004284992814064,0.053438492119312286,0.5883930921554565,0.0,19.444444444444443,89,83,5.110263824462891,RoadOption.STRAIGHT,77.08724212646484,-55.33373260498047,0.3515966523827682,2.8,1.2,4.5,3.0,10.0,0.6,0.01,0.06,0.55,0.16,0.2,0.35,1.0,12,10.0,14.0,0.9,1.2,0.6,0.01,0.06,0.65,0.3,0.72,0.005,0.38,0.22,0.01,0.14,1.0,0.28
lqr,ground_truth,curvy,400.0,0.05,0.1,1.0,40.26569124683738,67.90028381347656,-56.850833892822266,18.525172185368614,0.9192722590758287,0.8428706229247984,-0.05371494385673259,0.8428706229247984,0.05371494385673259,0.12925061583518982,0.028822116553783417,0.6300013661384583,0.0,19.444444444444443,90,84,5.042608261108398,RoadOption.STRAIGHT,77.89713287353516,-55.02491760253906,0.37696938703628013,2.8,1.2,4.5,3.0,10.0,0.6,0.01,0.06,0.55,0.16,0.2,0.35,1.0,12,10.0,14.0,0.9,1.2,0.6,0.01,0.06,0.65,0.3,0.72,0.005,0.38,0.22,0.01,0.14,1.0,0.28
lqr,ground_truth,curvy,400.0,0.05,0.1,1.0,40.315691247582436,68.81324768066406,-56.70011901855469,18.49504889342059,0.9493955510238514,0.8997821673406294,-0.0567179575914194,0.8997821673406294,0.0567179575914194,0.12012641876935959,-0.00912419706583023,0.6557852625846863,0.0,19.444444444444443,91,85,4.975555896759033,RoadOption.STRAIGHT,78.69892883300781,-54.69565963745117,0.40234185537368305,2.8,1.2,4.5,3.0,10.0,0.6,0.01,0.06,0.55,0.16,0.2,0.35,1.0,12,10.0,14.0,0.9,1.2,0.6,0.01,0.06,0.65,0.3,0.72,0.005,0.38,0.22,0.01,0.14,1.0,0.28
lqr,ground_truth,curvy,400.0,0.05,0.1,1.0,40.365691248327494,69.72130584716797,-56.52704620361328,18.484328840495234,0.9601156039492089,0.9541907979729676,-0.05540833148061619,0.9541907979729676,0.05540833148061619,0.08805885165929794,-0.032067567110061646,0.6389334201812744,0.0,19.444444444444443,92,86,4.908557891845703,RoadOption.STRAIGHT,79.49211120605469,-54.346160888671875,0.427714590027195,2.8,1.2,4.5,3.0,10.0,0.6,0.01,0.06,0.55,0.16,0.2,0.35,1.0,12,10.0,14.0,0.9,1.2,0.6,0.01,0.06,0.65,0.3,0.72,0.005,0.38,0.22,0.01,0.14,1.0,0.28
lqr,ground_truth,curvy,400.0,0.05,0.1,1.0,40.41569124907255,70.62541198730469,-56.3331184387207,18.49657542281709,0.9478690216273513,1.0043301558994717,-0.053425974233702433,1.0043301558994717,0.053425974233702433,0.05889401584863663,-0.029164835810661316,0.6040255427360535,0.0,19.444444444444443,94,87,4.840244770050049,RoadOption.STRAIGHT,81.05061340332031,-53.587379455566406,0.4784597930181098,2.8,1.2,4.5,3.0,10.0,0.6,0.01,0.06,0.55,0.16,0.2,0.35,1.0,12,10.0,14.0,0.9,1.2,0.6,0.01,0.06,0.65,0.3,0.72,0.005,0.38,0.22,0.01,0.14,1.0,0.28
lqr,ground_truth,curvy,400.0,0.05,0.1,1.0,40.46569124981761,71.52619934082031,-56.12022399902344,18.516760231322653,0.9276842131217897,1.1768306657550887,-0.07936499680350595,1.1768306657550887,0.07936499680350595,0.11545059084892273,0.0565565750002861,0.5823887586593628,0.0,19.444444444444443,95,89,5.616384029388428,RoadOption.STRAIGHT,81.81492614746094,-53.1785774230957,0.5038325276716218,2.8,1.2,4.5,3.0,10.0,0.6,0.01,0.06,0.55,0.16,0.2,0.35,1.0,12,10.0,14.0,0.9,1.2,0.6,0.01,0.06,0.65,0.3,0.72,0.005,0.38,0.22,0.01,0.14,1.0,0.28
lqr,ground_truth,curvy,400.0,0.05,0.1,1.0,40.51569125056267,72.42164611816406,-55.88564682006836,18.50488014069294,0.9395643037515029,1.2152578053066163,-0.07967994889192154,1.2152578053066163,0.07967994889192154,0.10829593986272812,-0.007154650986194611,0.62799471616745,0.0,19.444444444444443,96,90,5.542726039886475,RoadOption.STRAIGHT,82.56861877441406,-52.750518798828125,0.5292052623251337,2.8,1.2,4.5,3.0,10.0,0.6,0.01,0.06,0.55,0.16,0.2,0.35,1.0,12,10.0,14.0,0.9,1.2,0.6,0.01,0.06,0.65,0.3,0.72,0.005,0.38,0.22,0.01,0.14,1.0,0.28
lqr,ground_truth,curvy,400.0,0.05,0.1,1.0,40.565691251307726,73.30992126464844,-55.627445220947266,18.494803119441794,0.9496413250026485,1.2528174224012776,-0.07777012949519824,1.2528174224012776,0.07777012949519824,0.0877554789185524,-0.02054046094417572,0.6318772435188293,0.0,19.444444444444443,97,91,5.468969821929932,RoadOption.STRAIGHT,83.31121826171875,-52.30347442626953,0.5545779969786456,2.8,1.2,4.5,3.0,10.0,0.6,0.01,0.06,0.55,0.16,0.2,0.35,1.0,12,10.0,14.0,0.9,1.2,0.6,0.01,0.06,0.65,0.3,0.72,0.005,0.38,0.22,0.01,0.14,1.0,0.28
lqr,ground_truth,curvy,400.0,0.05,0.1,1.0,40.615691252052784,74.19134521484375,-55.346946716308594,18.498678735842965,0.9457657086014777,1.2880860820589044,-0.07581100832879528,1.2880860820589044,0.07581100832879528,0.06962165236473083,-0.018133826553821564,0.6128087043762207,0.0,19.444444444444443,98,92,5.394413471221924,RoadOption.STRAIGHT,84.04222106933594,-51.83773422241211,0.5799507316321575,2.8,1.2,4.5,3.0,10.0,0.6,0.01,0.06,0.55,0.16,0.2,0.35,1.0,12,10.0,14.0,0.9,1.2,0.6,0.01,0.06,0.65,0.3,0.72,0.005,0.38,0.22,0.01,0.14,1.0,0.28
lqr,ground_truth,curvy,400.0,0.05,0.1,1.0,40.66569125279784,75.06631469726562,-55.045467376708984,18.509587850050277,0.9348565943941658,1.3196127626893337,-0.0756486220813275,1.3196127626893337,0.0756486220813275,0.06511043012142181,-0.004511222243309021,0.5978230237960815,0.0,19.444444444444443,99,93,5.318367004394531,RoadOption.STRAIGHT,84.76118469238281,-51.353599548339844,0.6053231999695604,2.8,1.2,4.5,3.0,10.0,0.6,0.01,0.06,0.55,0.16,0.2,0.35,1.0,12,10.0,14.0,0.9,1.2,0.6,0.01,0.06,0.65,0.3,0.72,0.005,0.38,0.22,0.01,0.14,1.0,0.28
lqr,ground_truth,curvy,400.0,0.05,0.1,1.0,40.7156912535429,75.93449401855469,-54.72366714477539,18.517469001387195,0.9269754430572483,1.3468367924608808,-0.07759862192099742,1.3468367924608808,0.07759862192099742,0.07402782887220383,0.008917398750782013,0.5967279076576233,0.0,19.444444444444443,100,94,5.240785121917725,RoadOption.STRAIGHT,85.4676284790039,-50.851383209228516,0.6306959346230724,2.8,1.2,4.5,3.0,10.0,0.6,0.01,0.06,0.55,0.16,0.2,0.35,1.0,12,10.0,14.0,0.9,1.2,0.6,0.01,0.06,0.65,0.3,0.72,0.005,0.38,0.22,0.01,0.14,1.0,0.28
lqr,ground_truth,curvy,400.0,0.05,0.1,1.0,40.76569125428796,76.79492950439453,-54.381370544433594,18.51724987601913,0.927194568425314,1.370248434929349,-0.0805402497925578,1.370248434929349,0.0805402497925578,0.08743671327829361,0.013408884406089783,0.6065797209739685,0.0,19.444444444444443,101,95,5.162081241607666,RoadOption.STRAIGHT,86.16111755371094,-50.33140182495117,0.6560684029604753,2.8,1.2,4.5,3.0,10.0,0.6,0.01,0.06,0.55,0.16,0.2,0.35,1.0,12,10.0,14.0,0.9,1.2,0.6,0.01,0.06,0.65,0.3,0.72,0.005,0.38,0.22,0.01,0.14,1.0,0.28
lqr,ground_truth,curvy,400.0,0.05,0.1,1.0,40.815691255033016,77.6464614868164,-54.01813507080078,18.51029566207624,0.9341487823682044,1.3907214624818232,-0.08300340748477186,1.3907214624818232,0.08300340748477186,0.09601279348134995,0.008576080203056335,0.6188343167304993,0.0,19.444444444444443,102,96,5.082763671875,RoadOption.STRAIGHT,86.84117126464844,-49.79399490356445,0.6814411376139872,2.8,1.2,4.5,3.0,10.0,0.6,0.01,0.06,0.55,0.16,0.2,0.35,1.0,12,10.0,14.0,0.9,1.2,0.6,0.01,0.06,0.65,0.3,0.72,0.005,0.38,0.22,0.01,0.14,1.0,0.28
lqr,ground_truth,curvy,400.0,0.05,0.1,1.0,40.865691255778074,78.48819732666016,-53.63370132446289,18.502233134120527,0.9422113103239163,1.408872384336536,-0.08417067099055409,1.408872384336536,0.08417067099055409,0.09595683962106705,-5.595386028289795e-05,0.625001847743988,0.0,19.444444444444443,103,97,5.003103256225586,RoadOption.STRAIGHT,87.50738525390625,-49.2395133972168,0.7068138722674991,2.8,1.2,4.5,3.0,10.0,0.6,0.01,0.06,0.55,0.16,0.2,0.35,1.0,12,10.0,14.0,0.9,1.2,0.6,0.01,0.06,0.65,0.3,0.72,0.005,0.38,0.22,0.01,0.14,1.0,0.28
lqr,ground_truth,curvy,400.0,0.05,0.1,1.0,40.91569125652313,79.3196792602539,-53.22818374633789,18.49840600698928,0.9460384374551616,1.4247746949373714,-0.08417912652701487,1.4247746949373714,0.08417912652701487,0.08960351347923279,-0.006353326141834259,0.6222156286239624,0.0,19.444444444444443,105,98,4.922982215881348,RoadOption.STRAIGHT,88.79653930664062,-48.08073806762695,0.757559075258414,2.8,1.2,4.5,3.0,10.0,0.6,0.01,0.06,0.55,0.16,0.2,0.35,1.0,12,10.0,14.0,0.9,1.2,0.6,0.01,0.06,0.65,0.3,0.72,0.005,0.38,0.22,0.01,0.14,1.0,0.28
lqr,ground_truth,curvy,400.0,0.05,0.1,1.0,40.96569125726819,80.14077758789062,-52.80204391479492,18.500218793116595,0.944225651327848,1.5658936448924778,-0.10916497045316564,1.5658936448924778,0.10916497045316564,0.1466529667377472,0.057049453258514404,0.6143600344657898,0.0,19.444444444444443,106,100,5.672779083251953,RoadOption.STRAIGHT,89.41865539550781,-47.477195739746094,0.782931543595817,2.8,1.2,4.5,3.0,10.0,0.6,0.01,0.06,0.55,0.16,0.2,0.35,1.0,12,10.0,14.0,0.9,1.2,0.6,0.01,0.06,0.65,0.3,0.72,0.005,0.38,0.22,0.01,0.14,1.0,0.28
lqr,ground_truth,curvy,400.0,0.05,0.1,1.0,41.01569125801325,80.94900512695312,-52.35340881347656,18.474712340905835,0.9697321035386075,1.5771892845357947,-0.10605549685390248,1.5771892845357947,0.10605549685390248,0.1250406801700592,-0.02161228656768799,0.6624469757080078,0.0,19.444444444444443,107,101,5.5905842781066895,RoadOption.STRAIGHT,90.02526092529297,-46.85806655883789,0.8083042782493288,2.8,1.2,4.5,3.0,10.0,0.6,0.01,0.06,0.55,0.16,0.2,0.35,1.0,12,10.0,14.0,0.9,1.2,0.6,0.01,0.06,0.65,0.3,0.72,0.005,0.38,0.22,0.01,0.14,1.0,0.28
lqr,ground_truth,curvy,400.0,0.05,0.1,1.0,41.06569125875831,81.74293518066406,-51.88154220581055,18.46652142134374,0.9779230231007041,1.5901185238020215,-0.09996528020456852,1.5901185238020215,0.09996528020456852,0.08701004832983017,-0.038030631840229034,0.6465829014778137,0.0,19.444444444444443,108,102,5.509071350097656,RoadOption.STRAIGHT,90.61595916748047,-46.2237434387207,0.8336770129028408,2.8,1.2,4.5,3.0,10.0,0.6,0.01,0.06,0.55,0.16,0.2,0.35,1.0,12,10.0,14.0,0.9,1.2,0.6,0.01,0.06,0.65,0.3,0.72,0.005,0.38,0.22,0.01,0.14,1.0,0.28
lqr,ground_truth,curvy,400.0,0.05,0.1,1.0,41.115691259503365,82.52428436279297,-51.3883056640625,18.482947979938842,0.9430066919734905,1.6020800994098623,-0.09471166232216932,1.6020800994098623,0.09471166232216932,0.0592767558991909,-0.027733292430639267,0.5739043951034546,0.0,19.425954671912333,109,103,5.426657199859619,RoadOption.STRAIGHT,91.19037628173828,-45.57463836669922,0.8590494812402437,2.8,1.2,4.5,3.0,10.0,0.6,0.01,0.06,0.55,0.16,0.2,0.35,1.0,12,10.0,14.0,0.9,1.2,0.6,0.01,0.06,0.65,0.3,0.72,0.005,0.38,0.22,0.01,0.14,1.0,0.28
lqr,ground_truth,curvy,400.0,0.05,0.1,1.0,41.16569126024842,83.29421997070312,-50.87558364868164,18.502701567868947,0.8465408999505755,1.6107102223703036,-0.09304472321686141,1.6107102223703036,0.09304472321686141,0.05708437040448189,-0.002192385494709015,0.4421655833721161,0.0,19.349242467819522,110,104,5.342396259307861,RoadOption.STRAIGHT,91.7481460571289,-44.911170959472656,0.8844222158937556,2.8,1.2,4.5,3.0,10.0,0.6,0.01,0.06,0.55,0.16,0.2,0.35,1.0,12,10.0,14.0,0.9,1.2,0.6,0.01,0.06,0.65,0.3,0.72,0.005,0.38,0.22,0.01,0.14,1.0,0.28
lqr,ground_truth,curvy,400.0,0.05,0.1,1.0,41.21569126099348,84.0519790649414,-50.344520568847656,18.497469870623636,0.8087329205807663,1.6155521859895046,-0.09487884225959897,1.6155521859895046,0.09487884225959897,0.07563668489456177,0.01855231449007988,0.48987019062042236,0.0,19.306202791204402,111,105,5.256954193115234,RoadOption.STRAIGHT,92.28890228271484,-44.23377227783203,0.909794817389213,2.8,1.2,4.5,3.0,10.0,0.6,0.01,0.06,0.55,0.16,0.2,0.35,1.0,12,10.0,14.0,0.9,1.2,0.6,0.01,0.06,0.65,0.3,0.72,0.005,0.38,0.22,0.01,0.14,1.0,0.28
lqr,ground_truth,curvy,400.0,0.05,0.1,1.0,41.26569126173854,84.79512786865234,-49.79563522338867,18.457106856942126,0.8288441269202309,1.6178305143154847,-0.09796065227303874,1.6178305143154847,0.09796065227303874,0.09776086360216141,0.02212417870759964,0.5714399218559265,0.0,19.285950983862357,112,106,5.172250270843506,RoadOption.STRAIGHT,92.81228637695312,-43.54286575317383,0.935167552042725,2.8,1.2,4.5,3.0,10.0,0.6,0.01,0.06,0.55,0.16,0.2,0.35,1.0,12,10.0,14.0,0.9,1.2,0.6,0.01,0.06,0.65,0.3,0.72,0.005,0.38,0.22,0.01,0.14,1.0,0.28
lqr,ground_truth,curvy,400.0,0.05,0.1,1.0,41.3156912624836,85.52149963378906,-49.22892379760742,18.402305947588935,0.8720566759785093,1.6191342048486623,-0.09993052595234309,1.6191342048486623,0.09993052595234309,0.1090427041053772,0.01128184050321579,0.6250890493392944,0.0,19.274362623567445,113,107,5.08967924118042,RoadOption.STRAIGHT,93.3179931640625,-42.838905334472656,0.9605401535381823,2.8,1.2,4.5,3.0,10.0,0.6,0.01,0.06,0.55,0.16,0.2,0.35,1.0,12,10.0,14.0,0.9,1.2,0.6,0.01,0.06,0.65,0.3,0.72,0.005,0.38,0.22,0.01,0.14,1.0,0.28
lqr,ground_truth,curvy,400.0,0.05,0.1,1.0,41.365691263228655,86.23019409179688,-48.64424133300781,18.35562275732803,0.9083902497448655,1.620298536704299,-0.09976700786141235,1.620298536704299,0.09976700786141235,0.10539951175451279,-0.0036431923508644104,0.638634443283081,0.0,19.264013007072897,115,108,5.009366035461426,RoadOption.STRAIGHT,94.2750015258789,-41.39363479614258,1.0112856228452063,2.8,1.2,4.5,3.0,10.0,0.6,0.01,0.06,0.55,0.16,0.2,0.35,1.0,12,10.0,14.0,0.9,1.2,0.6,0.01,0.06,0.65,0.3,0.72,0.005,0.38,0.22,0.01,0.14,1.0,0.28
lqr,ground_truth,curvy,400.0,0.05,0.1,1.0,41.41569126397371,86.92143249511719,-48.04167556762695,18.327884061415077,0.4861289456578213,1.7497840291342395,-0.12336694275628535,1.7497840291342395,0.12336694275628535,0.15618954598903656,0.05079003423452377,0.0,0.16503620147705078,18.814013007072898,116,110,5.753018856048584,RoadOption.STRAIGHT,94.7257080078125,-40.65325927734375,1.036658091182609,2.8,1.2,4.5,3.0,10.0,0.6,0.01,0.06,0.55,0.16,0.2,0.35,1.0,12,10.0,14.0,0.9,1.2,0.6,0.01,0.06,0.65,0.3,0.72,0.005,0.38,0.22,0.01,0.14,1.0,0.28
lqr,ground_truth,curvy,400.0,0.05,0.1,1.0,41.46569126471877,87.59269714355469,-47.420345306396484,18.256737699459784,0.10727530761311499,1.7508182374923622,-0.1183106651106609,1.7508182374923622,0.1183106651106609,0.1256331503391266,-0.030556395649909973,0.0,0.3402591943740845,18.3640130070729,117,111,5.675261497497559,RoadOption.STRAIGHT,95.15748596191406,-39.90167999267578,1.062030825836121,2.8,1.2,4.5,3.0,10.0,0.6,0.01,0.06,0.55,0.16,0.2,0.35,1.0,12,10.0,14.0,0.9,1.2,0.6,0.01,0.06,0.65,0.3,0.72,0.005,0.38,0.22,0.01,0.14,1.0,0.28
lqr,ground_truth,curvy,400.0,0.05,0.1,1.0,41.51569126546383,88.24068450927734,-46.78317642211914,18.101178362351124,-0.034886170752670864,1.7550421284451738,-0.11084296167699748,1.7550421284451738,0.11084296167699748,0.08227363973855972,-0.043359510600566864,0.0,0.1415429264307022,18.066292191598453,118,112,5.6034955978393555,RoadOption.STRAIGHT,95.57005310058594,-39.13939666748047,1.0874032941735239,2.8,1.2,4.5,3.0,10.0,0.6,0.01,0.06,0.55,0.16,0.2,0.35,1.0,12,10.0,14.0,0.9,1.2,0.6,0.01,0.06,0.65,0.3,0.72,0.005,0.38,0.22,0.01,0.14,1.0,0.28
lqr,ground_truth,curvy,400.0,0.05,0.1,1.0,41.56569126620889,88.86458587646484,-46.13606262207031,17.88511033983668,0.13669930856778478,1.7600464145544978,-0.10524919154436763,1.7600464145544978,0.10524919154436763,0.05450044572353363,-0.027773194015026093,0.3379221558570862,0.0,18.021809648404464,119,113,5.541126728057861,RoadOption.STRAIGHT,95.96314239501953,-38.36688995361328,1.1127760288270359,2.8,1.2,4.5,3.0,10.0,0.6,0.01,0.06,0.55,0.16,0.2,0.35,1.0,12,10.0,14.0,0.9,1.2,0.6,0.01,0.06,0.65,0.3,0.72,0.005,0.38,0.22,0.01,0.14,1.0,0.28
lqr,ground_truth,curvy,400.0,0.05,0.1,1.0,41.615691266953945,89.46485900878906,-45.482666015625,17.647071589841676,0.3394327641867889,1.7640182601717977,-0.10408798673006547,1.7640182601717977,0.10408798673006547,0.05523034930229187,0.0007299035787582397,0.4969398081302643,0.0,17.986504354028465,120,114,5.489478588104248,RoadOption.STRAIGHT,96.33650970458984,-37.584659576416016,1.1381487634805478,2.8,1.2,4.5,3.0,10.0,0.6,0.01,0.06,0.55,0.16,0.2,0.35,1.0,12,10.0,14.0,0.9,1.2,0.6,0.01,0.06,0.65,0.3,0.72,0.005,0.38,0.22,0.01,0.14,1.0,0.28
lqr,ground_truth,curvy,400.0,0.05,0.1,1.0,41.665691267699,90.04170989990234,-44.82368469238281,17.42918100841162,0.5289984390632299,1.7672048121590793,-0.10681426473797995,1.7672048121590793,0.10681426473797995,0.05757181718945503,0.0023414678871631622,0.5948778986930847,0.0,17.95817944747485,121,115,5.448486328125,RoadOption.STRAIGHT,96.68991088867188,-36.793209075927734,1.1635213649760052,2.8,1.2,4.5,3.0,10.0,0.6,0.01,0.06,0.55,0.16,0.2,0.35,1.0,12,10.0,14.0,0.9,1.2,0.6,0.01,0.06,0.65,0.3,0.72,0.005,0.38,0.22,0.01,0.14,1.0,0.28
lqr,ground_truth,curvy,400.0,0.05,0.1,1.0,41.71569126844406,90.5963134765625,-44.158042907714844,17.26455450162309,0.6695080950529011,1.7699179578739512,-0.1119997722755004,1.7699179578739512,0.1119997722755004,0.08888915181159973,0.0313173346221447,0.6203164458274841,0.0,17.93406259667599,122,116,5.41621732711792,RoadOption.STRAIGHT,97.02312469482422,-35.9930419921875,1.1888940996295172,2.8,1.2,4.5,3.0,10.0,0.6,0.01,0.06,0.55,0.16,0.2,0.35,1.0,12,10.0,14.0,0.9,1.2,0.6,0.01,0.06,0.65,0.3,0.72,0.005,0.38,0.22,0.01,0.14,1.0,0.28
lqr,ground_truth,curvy,400.0,0.05,0.1,1.0,41.76569126918912,91.12908935546875,-43.48357009887695,17.14374508420425,0.7589279713876351,1.7734492812459126,-0.1169073789532713,1.7734492812459126,0.1169073789532713,0.11203286796808243,0.023143716156482697,0.6126606464385986,0.0,17.902673055591887,123,117,5.39054012298584,RoadOption.STRAIGHT,97.33592987060547,-35.18468475341797,1.2142667011249746,2.8,1.2,4.5,3.0,10.0,0.6,0.01,0.06,0.55,0.16,0.2,0.35,1.0,12,10.0,14.0,0.9,1.2,0.6,0.01,0.06,0.65,0.3,0.72,0.005,0.38,0.22,0.01,0.14,1.0,0.28
lqr,ground_truth,curvy,400.0,0.05,0.1,1.0,41.81569126993418,91.63990020751953,-42.79850387573242,17.057403571568425,0.7946364530329504,1.779145497232345,-0.1192755283735969,1.779145497232345,0.1192755283735969,0.11601651459932327,0.003983646631240845,0.5696320533752441,0.0,17.852040024601376,124,118,5.369839191436768,RoadOption.STRAIGHT,97.62812805175781,-34.36865234375,1.239639302620432,2.8,1.2,4.5,3.0,10.0,0.6,0.01,0.06,0.55,0.16,0.2,0.35,1.0,12,10.0,14.0,0.9,1.2,0.6,0.01,0.06,0.65,0.3,0.72,0.005,0.38,0.22,0.01,0.14,1.0,0.28
lqr,ground_truth,curvy,400.0,0.05,0.1,1.0,41.865691270679235,92.12933349609375,-42.10222625732422,16.99766824098631,0.7846364465247575,1.7869907226550048,-0.1190063493664173,1.7869907226550048,0.1190063493664173,0.10381177067756653,-0.012204743921756744,0.5087818503379822,0.0,17.78230468751107,125,119,5.352647304534912,RoadOption.STRAIGHT,97.89952087402344,-33.54546356201172,1.2650119041158894,2.8,1.2,4.5,3.0,10.0,0.6,0.01,0.06,0.55,0.16,0.2,0.35,1.0,12,10.0,14.0,0.9,1.2,0.6,0.01,0.06,0.65,0.3,0.72,0.005,0.38,0.22,0.01,0.14,1.0,0.28
lqr,ground_truth,curvy,400.0,0.05,0.1,1.0,41.91569127142429,92.59852600097656,-41.395111083984375,16.952343636742935,0.7504896642726884,1.7959312536357421,-0.11760978769077957,1.7959312536357421,0.11760978769077957,0.08718986064195633,-0.0166219100356102,0.4593176543712616,0.0,17.702833301015623,126,120,5.337795734405518,RoadOption.STRAIGHT,98.14994812011719,-32.71565628051758,1.2903845056113468,2.8,1.2,4.5,3.0,10.0,0.6,0.01,0.06,0.55,0.16,0.2,0.35,1.0,12,10.0,14.0,0.9,1.2,0.6,0.01,0.06,0.65,0.3,0.72,0.005,0.38,0.22,0.01,0.14,1.0,0.28
lqr,ground_truth,curvy,400.0,0.05,0.1,1.0,41.96569127216935,93.048583984375,-40.678287506103516,16.906895213562336,0.7191811694087633,1.8045664069157512,-0.11693487609152609,1.8045664069157512,0.11693487609152609,0.06241357699036598,-0.024776283651590347,0.4439384937286377,0.0,17.6260763829711,127,121,5.32476282119751,RoadOption.STRAIGHT,98.3792495727539,-31.8797664642334,1.3157571071068044,2.8,1.2,4.5,3.0,10.0,0.6,0.01,0.06,0.55,0.16,0.2,0.35,1.0,12,10.0,14.0,0.9,1.2,0.6,0.01,0.06,0.65,0.3,0.72,0.005,0.38,0.22,0.01,0.14,1.0,0.28
lqr,ground_truth,curvy,400.0,0.05,0.1,1.0,42.01569127291441,93.48101043701172,-39.95347213745117,16.857236366702914,0.7122489690273355,1.8109328997303469,-0.11892186058083443,1.8109328997303469,0.11892186058083443,0.07203157246112823,0.009617995470762253,0.4690307378768921,0.0,17.56948533573025,128,122,5.313340187072754,RoadOption.STRAIGHT,98.5872573852539,-31.038328170776367,1.3411299749183707,2.8,1.2,4.5,3.0,10.0,0.6,0.01,0.06,0.55,0.16,0.2,0.35,1.0,12,10.0,14.0,0.9,1.2,0.6,0.01,0.06,0.65,0.3,0.72,0.005,0.38,0.22,0.01,0.14,1.0,0.28
lqr,ground_truth,curvy,400.0,0.05,0.1,1.0,42.06569127365947,93.8955078125,-39.22158432006836,16.795415376722616,0.7371089916450124,1.8150910085586418,-0.12285435082547247,1.8150910085586418,0.12285435082547247,0.09139984101057053,0.01936826854944229,0.5220974087715149,0.0,17.53252436836763,129,123,5.304061412811279,RoadOption.STRAIGHT,98.77385711669922,-30.19188117980957,1.366502576413828,2.8,1.2,4.5,3.0,10.0,0.6,0.01,0.06,0.55,0.16,0.2,0.35,1.0,12,10.0,14.0,0.9,1.2,0.6,0.01,0.06,0.65,0.3,0.72,0.005,0.38,0.22,0.01,0.14,1.0,0.28
lqr,ground_truth,curvy,400.0,0.05,0.1,1.0,42.115691274404526,94.29054260253906,-38.482749938964844,16.72973183009816,0.7716309776332153,1.8185966841302204,-0.12647458543229906,1.8185966841302204,0.12647458543229906,0.10621161013841629,0.014811769127845764,0.5544049739837646,0.0,17.501362807731375,130,124,5.297667503356934,RoadOption.STRAIGHT,98.93892669677734,-29.340972900390625,1.3918751779092855,2.8,1.2,4.5,3.0,10.0,0.6,0.01,0.06,0.55,0.16,0.2,0.35,1.0,12,10.0,14.0,0.9,1.2,0.6,0.01,0.06,0.65,0.3,0.72,0.005,0.38,0.22,0.01,0.14,1.0,0.28
lqr,ground_truth,curvy,400.0,0.05,0.1,1.0,42.165691275149584,94.66514587402344,-37.736820220947266,16.671181417104588,0.794912416360166,1.822564443735215,-0.12835690769076713,1.822564443735215,0.12835690769076713,0.10922841727733612,0.0030168071389198303,0.5548851490020752,0.0,17.466093833464754,131,125,5.2942094802856445,RoadOption.STRAIGHT,99.08235168457031,-28.48615074157715,1.417247779404743,2.8,1.2,4.5,3.0,10.0,0.6,0.01,0.06,0.55,0.16,0.2,0.35,1.0,12,10.0,14.0,0.9,1.2,0.6,0.01,0.06,0.65,0.3,0.72,0.005,0.38,0.22,0.01,0.14,1.0,0.28
lqr,ground_truth,curvy,400.0,0.05,0.1,1.0,42.21569127589464,95.01911926269531,-36.983699798583984,16.6252178678042,0.7982801377549329,1.8273564743745974,-0.12846889361460478,1.8273564743745974,0.12846889361460478,0.1022922545671463,-0.006936162710189819,0.5330093502998352,0.0,17.423498005559132,132,126,5.2932305335998535,RoadOption.STRAIGHT,99.20404052734375,-27.627965927124023,1.4426203809002005,2.8,1.2,4.5,3.0,10.0,0.6,0.01,0.06,0.55,0.16,0.2,0.35,1.0,12,10.0,14.0,0.9,1.2,0.6,0.01,0.06,0.65,0.3,0.72,0.005,0.38,0.22,0.01,0.14,1.0,0.28
lqr,ground_truth,curvy,400.0,0.05,0.1,1.0,42.2656912766397,95.35298919677734,-36.22357177734375,16.58947297504133,0.7882928124059632,1.8325013489121798,-0.12778526016278136,1.8325013489121798,0.12778526016278136,0.09260796755552292,-0.009684287011623383,0.5109909176826477,0.0,17.37776578744729,133,127,5.294044017791748,RoadOption.STRAIGHT,99.30391693115234,-26.766969680786133,1.4679931155537123,2.8,1.2,4.5,3.0,10.0,0.6,0.01,0.06,0.55,0.16,0.2,0.35,1.0,12,10.0,14.0,0.9,1.2,0.6,0.01,0.06,0.65,0.3,0.72,0.005,0.38,0.22,0.01,0.14,1.0,0.28
lqr,ground_truth,curvy,400.0,0.05,0.1,1.0,42.31569127738476,95.6673355102539,-35.45695495605469,16.557101493035322,0.7776571104684038,1.837339657105831,-0.12744863660099526,1.837339657105831,0.12744863660099526,0.08685385435819626,-0.00575411319732666,0.5038314461708069,0.0,17.334758603503726,134,128,5.296245098114014,RoadOption.STRAIGHT,99.38192749023438,-25.903717041015625,1.4933657170491699,2.8,1.2,4.5,3.0,10.0,0.6,0.01,0.06,0.55,0.16,0.2,0.35,1.0,12,10.0,14.0,0.9,1.2,0.6,0.01,0.06,0.65,0.3,0.72,0.005,0.38,0.22,0.01,0.14,1.0,0.28
lqr,ground_truth,curvy,400.0,0.05,0.1,1.0,42.365691278129816,95.96247100830078,-34.68452072143555,16.52272062809343,0.7752811641595407,1.8414747983715405,-0.1280403909952108,1.8414747983715405,0.1280403909952108,0.08761121332645416,0.000757358968257904,0.5123175382614136,0.0,17.298001792252972,135,129,5.299783706665039,RoadOption.STRAIGHT,99.43800354003906,-25.038761138916016,1.5187384517026816,2.8,1.2,4.5,3.0,10.0,0.6,0.01,0.06,0.55,0.16,0.2,0.35,1.0,12,10.0,14.0,0.9,1.2,0.6,0.01,0.06,0.65,0.3,0.72,0.005,0.38,0.22,0.01,0.14,1.0,0.28
lqr,ground_truth,curvy,400.0,0.05,0.1,1.0,42.415691278874874,96.23821258544922,-33.90689468383789,16.48515298036305,0.7814030988497223,1.845012441088563,-0.12938209155239289,1.845012441088563,0.12938209155239289,0.09267419576644897,0.005062982439994812,0.5261881947517395,0.0,17.266556079212773,136,130,5.304856300354004,RoadOption.STRAIGHT,99.47212219238281,-24.172664642333984,1.544111053198139,2.8,1.2,4.5,3.0,10.0,0.6,0.01,0.06,0.55,0.16,0.2,0.35,1.0,12,10.0,14.0,0.9,1.2,0.6,0.01,0.06,0.65,0.3,0.72,0.005,0.38,0.22,0.01,0.14,1.0,0.28
lqr,ground_truth,curvy,400.0,0.05,0.1,1.0,42.46569127961993,96.494140625,-33.12456512451172,16.446448884659226,0.7905890041003651,1.848333237514546,-0.13086467333123997,1.848333237514546,0.13086467333123997,0.0978146567940712,0.005140461027622223,0.5353764891624451,0.0,17.23703788875959,137,131,5.311659812927246,RoadOption.STRAIGHT,99.48426055908203,-23.305978775024414,1.5694836546935966,2.8,1.2,4.5,3.0,10.0,0.6,0.01,0.06,0.55,0.16,0.2,0.35,1.0,12,10.0,14.0,0.9,1.2,0.6,0.01,0.06,0.65,0.3,0.72,0.005,0.38,0.22,0.01,0.14,1.0,0.28
lqr,ground_truth,curvy,400.0,0.05,0.1,1.0,42.51569128036499,96.72981262207031,-32.337886810302734,16.409412569453057,0.7960612642822866,1.8518841937047736,-0.1319581672748269,1.8518841937047736,0.1319581672748269,0.10002093017101288,0.002206273376941681,0.5342034697532654,0.0,17.205473833735343,138,132,5.3202595710754395,RoadOption.STRAIGHT,99.47518920898438,-22.386852264404297,7.868063897186604,2.8,1.2,4.5,3.0,10.0,0.6,0.01,0.06,0.55,0.16,0.2,0.35,1.0,12,10.0,14.0,0.9,1.2,0.6,0.01,0.06,0.65,0.3,0.72,0.005,0.38,0.22,0.01,0.14,1.0,0.28
lqr,ground_truth,curvy,400.0,0.05,0.1,1.0,42.56569128111005,96.94505310058594,-31.547191619873047,16.375479032818756,0.7947169295351344,1.8558529542351871,-0.13251130583323611,1.8558529542351871,0.13251130583323611,0.08188250660896301,-0.018138423562049866,0.5252169370651245,0.0,17.17019596235389,139,133,5.330550193786621,RoadOption.STRAIGHT,99.46231079101562,-21.372220993041992,7.865261186455404,2.8,1.2,4.5,3.0,10.0,0.6,0.01,0.06,0.55,0.16,0.2,0.35,1.0,12,10.0,14.0,0.9,1.2,0.6,0.01,0.06,0.65,0.3,0.72,0.005,0.38,0.22,0.01,0.14,1.0,0.28
lqr,ground_truth,curvy,400.0,0.05,0.1,1.0,42.615691281855106,97.14105987548828,-30.752946853637695,16.350492932490244,0.7912877455340706,1.8590496737222644,-0.13380107474916159,1.8590496737222644,0.13380107474916159,0.08740843087434769,0.005525924265384674,0.5206575989723206,0.0,17.141780678024315,140,134,5.341958522796631,RoadOption.STRAIGHT,99.45227813720703,-20.357559204101562,7.862459008356423,2.8,1.2,4.5,3.0,10.0,0.6,0.01,0.06,0.55,0.16,0.2,0.35,1.0,12,10.0,14.0,0.9,1.2,0.6,0.01,0.06,0.65,0.3,0.72,0.005,0.38,0.22,0.01,0.14,1.0,0.28
lqr,ground_truth,curvy,400.0,0.05,0.1,1.0,42.665691282600164,97.31797790527344,-29.955631256103516,16.32178777007406,0.7999241470781193,1.8613074093203799,-0.13583905877334468,1.8613074093203799,0.13583905877334468,0.09648039937019348,0.009071968495845795,0.5403181910514832,0.0,17.12171191715218,141,135,5.3544487953186035,RoadOption.STRAIGHT,99.44512176513672,-19.34287452697754,7.85965736288966,2.8,1.2,4.5,3.0,10.0,0.6,0.01,0.06,0.55,0.16,0.2,0.35,1.0,12,10.0,14.0,0.9,1.2,0.6,0.01,0.06,0.65,0.3,0.72,0.005,0.38,0.22,0.01,0.14,1.0,0.28
lqr,ground_truth,curvy,400.0,0.05,0.1,1.0,42.71569128334522,97.4749755859375,-29.15572738647461,16.290741615690948,0.8116855002125902,1.8634769494608519,-0.137592617193107,1.8634769494608519,0.137592617193107,0.10280648618936539,0.0063260868191719055,0.5511249303817749,0.0,17.102427115903538,141,136,5.368380546569824,RoadOption.STRAIGHT,99.44512176513672,-19.34287452697754,7.85965736288966,2.8,1.2,4.5,3.0,10.0,0.6,0.01,0.06,0.55,0.16,0.2,0.35,1.0,12,10.0,14.0,0.9,1.2,0.6,0.01,0.06,0.65,0.3,0.72,0.005,0.38,0.22,0.01,0.14,1.0,0.28
lqr,ground_truth,curvy,400.0,0.05,0.1,1.0,42.76569128409028,97.61151123046875,-28.353595733642578,16.262155869804094,1.015271246099445,1.748392478086636,-0.11310751413091857,1.748392478086636,0.11310751413091857,0.048269301652908325,-0.05453718453645706,0.9034656286239624,0.0,17.27742711590354,142,136,4.576249599456787,RoadOption.STRAIGHT,99.44075775146484,-18.328170776367188,7.856854652158461,2.8,1.2,4.5,3.0,10.0,0.6,0.01,0.06,0.55,0.16,0.2,0.35,1.0,12,10.0,14.0,0.9,1.2,0.6,0.01,0.06,0.65,0.3,0.72,0.005,0.38,0.22,0.01,0.14,1.0,0.28
lqr,ground_truth,curvy,400.0,0.05,0.1,1.0,42.81569128483534,97.73149871826172,-27.549278259277344,16.26870422507748,1.1837228908260577,1.747190271470711,-0.11686922917065612,1.747190271470711,0.11686922917065612,0.06078466773033142,0.012515366077423096,0.9623757004737854,0.0,17.45242711590354,143,137,4.591053009033203,RoadOption.STRAIGHT,99.43927001953125,-17.313461303710938,7.854052474059479,2.8,1.2,4.5,3.0,10.0,0.6,0.01,0.06,0.55,0.16,0.2,0.35,1.0,12,10.0,14.0,0.9,1.2,0.6,0.01,0.06,0.65,0.3,0.72,0.005,0.38,0.22,0.01,0.14,1.0,0.28
lqr,ground_truth,curvy,400.0,0.05,0.1,1.0,42.8656912855804,97.83598327636719,-26.74094009399414,16.330349266887488,1.297077849016052,1.7003567840336786,-0.11342602819729297,1.7003567840336786,0.11342602819729297,0.008114087395370007,-0.052670580334961414,0.964272677898407,0.0,17.62742711590354,144,138,4.6524271965026855,RoadOption.STRAIGHT,99.44063568115234,-16.298751831054688,7.851250295960497,2.8,1.2,4.5,3.0,10.0,0.6,0.01,0.06,0.55,0.16,0.2,0.35,1.0,12,10.0,14.0,0.9,1.2,0.6,0.01,0.06,0.65,0.3,0.72,0.005,0.38,0.22,0.01,0.14,1.0,0.28
lqr,ground_truth,curvy,400.0,0.05,0.1,1.0,42.915691286325455,97.92916107177734,-25.92570686340332,16.467488752013,1.33493836389054,1.5844123840042323,-0.09675450661534146,1.5844123840042323,0.09675450661534146,-0.05630062147974968,-0.06441470887511969,0.8963956236839294,0.0,17.80242711590354,145,139,4.804662704467773,RoadOption.STRAIGHT,99.44406127929688,-15.29485034942627,1.5673213010465068,2.8,1.2,4.5,3.0,10.0,0.6,0.01,0.06,0.55,0.16,0.2,0.35,1.0,12,10.0,14.0,0.9,1.2,0.6,0.01,0.06,0.65,0.3,0.72,0.005,0.38,0.22,0.01,0.14,1.0,0.28
lqr,ground_truth,curvy,400.0,0.05,0.1,1.0,42.96569128707051,98.01881408691406,-25.102149963378906,16.636509237118794,1.3409178787847473,1.4736337324225708,-0.0897437350457082,1.4736337324225708,0.0897437350457082,-0.05451492965221405,0.0017856918275356293,0.8617261648178101,0.0,17.97742711590354,146,140,4.956406116485596,RoadOption.STRAIGHT,99.4465103149414,-14.305353164672852,1.5693213350251562,2.8,1.2,4.5,3.0,10.0,0.6,0.01,0.06,0.55,0.16,0.2,0.35,1.0,12,10.0,14.0,0.9,1.2,0.6,0.01,0.06,0.65,0.3,0.72,0.005,0.38,0.22,0.01,0.14,1.0,0.28
lqr,ground_truth,curvy,400.0,0.05,0.1,1.0,43.01569128781557,98.10862731933594,-24.26931381225586,16.830428390751827,1.3219987251517153,1.3644339027879158,-0.09118863309513081,1.3644339027879158,0.09118863309513081,-0.005388738587498665,0.049126191064715385,0.8204995393753052,0.0,18.152427115903542,146,141,5.104510307312012,RoadOption.STRAIGHT,99.4465103149414,-14.305353164672852,1.5693213350251562,2.8,1.2,4.5,3.0,10.0,0.6,0.01,0.06,0.55,0.16,0.2,0.35,1.0,12,10.0,14.0,0.9,1.2,0.6,0.01,0.06,0.65,0.3,0.72,0.005,0.38,0.22,0.01,0.14,1.0,0.28
lqr,ground_truth,curvy,400.0,0.05,0.1,1.0,43.06569128856063,98.19587707519531,-23.426565170288086,17.022787934376833,1.30463918152671,1.2724023650976723,-0.09637527247611466,1.2724023650976723,0.09637527247611466,0.0597684346139431,0.06515717320144176,0.8119502663612366,0.0,18.327427115903543,147,141,4.270496845245361,RoadOption.STRAIGHT,99.44699096679688,-13.3158540725708,1.5713212358457511,2.8,1.2,4.5,3.0,10.0,0.6,0.01,0.06,0.55,0.16,0.2,0.35,1.0,12,10.0,14.0,0.9,1.2,0.6,0.01,0.06,0.65,0.3,0.72,0.005,0.38,0.22,0.01,0.14,1.0,0.28
lqr,ground_truth,curvy,400.0,0.05,0.1,1.0,43.11569128930569,98.27628326416016,-22.57398796081543,17.196957344046922,1.3054697718566217,1.1766679745813289,-0.0926606953876723,1.1766679745813289,0.0926606953876723,0.06053055822849274,0.0007621236145496368,0.8342783451080322,0.0,18.502427115903544,148,142,4.402609348297119,RoadOption.STRAIGHT,99.44548034667969,-12.326355934143066,1.5733214029824552,2.8,1.2,4.5,3.0,10.0,0.6,0.01,0.06,0.55,0.16,0.2,0.35,1.0,12,10.0,14.0,0.9,1.2,0.6,0.01,0.06,0.65,0.3,0.72,0.005,0.38,0.22,0.01,0.14,1.0,0.28
lqr,ground_truth,curvy,400.0,0.05,0.1,1.0,43.165691290050745,98.34888458251953,-21.71183967590332,17.37568402536892,1.3017430905346252,1.0906970157732385,-0.08251311952808837,1.0906970157732385,0.08251311952808837,0.024400614202022552,-0.036129944026470184,0.8265738487243652,0.0,18.677427115903544,149,143,4.531519889831543,RoadOption.STRAIGHT,99.44197845458984,-11.336862564086914,1.5753213038030502,2.8,1.2,4.5,3.0,10.0,0.6,0.01,0.06,0.55,0.16,0.2,0.35,1.0,12,10.0,14.0,0.9,1.2,0.6,0.01,0.06,0.65,0.3,0.72,0.005,0.38,0.22,0.01,0.14,1.0,0.28
lqr,ground_truth,curvy,400.0,0.05,0.1,1.0,43.2156912907958,98.4169692993164,-20.84004020690918,17.56376883658466,1.2886582793188843,1.0112587853056099,-0.0710747094881432,1.0112587853056099,0.0710747094881432,-0.00335547118447721,-0.027756085386499763,0.8074932098388672,0.0,18.852427115903545,150,144,4.655233383178711,RoadOption.STRAIGHT,99.43651580810547,-10.347376823425293,1.5773213377816997,2.8,1.2,4.5,3.0,10.0,0.6,0.01,0.06,0.55,0.16,0.2,0.35,1.0,12,10.0,14.0,0.9,1.2,0.6,0.01,0.06,0.65,0.3,0.72,0.005,0.38,0.22,0.01,0.14,1.0,0.28
lqr,ground_truth,curvy,400.0,0.05,0.1,1.0,43.26569129154086,98.48350524902344,-19.95878028869629,17.748309468672808,1.2791176472307377,0.9443429865277673,-0.06449790001813849,0.9443429865277673,0.06449790001813849,-0.0064170160330832005,-0.0030615448486059904,0.8060218095779419,0.0,19.027427115903546,151,145,4.7618184089660645,RoadOption.STRAIGHT,99.42973327636719,-9.348533630371094,1.5776161497143715,2.8,1.2,4.5,3.0,10.0,0.6,0.01,0.06,0.55,0.16,0.2,0.35,1.0,12,10.0,14.0,0.9,1.2,0.6,0.01,0.06,0.65,0.3,0.72,0.005,0.38,0.22,0.01,0.14,1.0,0.28
lqr,ground_truth,curvy,400.0,0.05,0.1,1.0,43.31569129228592,98.54901885986328,-19.068349838256836,17.92779403310517,1.2746330827983776,0.8904651004413402,-0.06371453118349191,0.8904651004413402,0.06371453118349191,0.016743632033467293,0.023160648066550493,0.809398353099823,0.0,19.202427115903546,152,146,4.846816539764404,RoadOption.STRAIGHT,99.42291259765625,-8.348557472229004,1.5776161497143715,2.8,1.2,4.5,3.0,10.0,0.6,0.01,0.06,0.55,0.16,0.2,0.35,1.0,12,10.0,14.0,0.9,1.2,0.6,0.01,0.06,0.65,0.3,0.72,0.005,0.38,0.22,0.01,0.14,1.0,0.28
lqr,ground_truth,curvy,400.0,0.05,0.1,1.0,43.36569129303098,98.61144256591797,-18.168886184692383,18.101779543263888,1.2756475726396594,0.8380956861325469,-0.06305899408116833,0.8380956861325469,0.06305899408116833,0.04229661822319031,0.025552986189723015,0.8166059255599976,0.0,19.377427115903547,153,147,4.924435138702393,RoadOption.STRAIGHT,99.41609191894531,-7.348580360412598,1.5776161497143715,2.8,1.2,4.5,3.0,10.0,0.6,0.01,0.06,0.55,0.16,0.2,0.35,1.0,12,10.0,14.0,0.9,1.2,0.6,0.01,0.06,0.65,0.3,0.72,0.005,0.38,0.22,0.01,0.14,1.0,0.28
lqr,ground_truth,curvy,400.0,0.05,0.1,1.0,43.415691293776035,98.66810607910156,-17.260543823242188,18.269438088518164,1.1750063559262784,0.7898309764101968,-0.059600479931537276,0.7898309764101968,0.059600479931537276,0.037907060235738754,-0.004389557987451553,0.6342343688011169,0.0,19.444444444444443,154,148,4.995049953460693,RoadOption.STRAIGHT,99.40927124023438,-6.348603248596191,1.5776161497143715,2.8,1.2,4.5,3.0,10.0,0.6,0.01,0.06,0.55,0.16,0.2,0.35,1.0,12,10.0,14.0,0.9,1.2,0.6,0.01,0.06,0.65,0.3,0.72,0.005,0.38,0.22,0.01,0.14,1.0,0.28
lqr,ground_truth,curvy,400.0,0.05,0.1,1.0,43.46569129452109,98.71852111816406,-16.343647003173828,18.42488364183764,1.0195608026068044,0.7461054370510962,-0.05368519967630814,0.7461054370510962,0.05368519967630814,0.01828458160161972,-0.019622478634119034,0.475201815366745,0.0,19.444444444444443,154,149,5.058782577514648,RoadOption.STRAIGHT,99.40927124023438,-6.348603248596191,1.5776161497143715,2.8,1.2,4.5,3.0,10.0,0.6,0.01,0.06,0.55,0.16,0.2,0.35,1.0,12,10.0,14.0,0.9,1.2,0.6,0.01,0.06,0.65,0.3,0.72,0.005,0.38,0.22,0.01,0.14,1.0,0.28
lqr,ground_truth,curvy,400.0,0.05,0.1,1.0,43.51569129526615,98.76409912109375,-15.419966697692871,18.535258153682715,0.9091862907617276,0.6963482828530038,-0.04593633301055888,0.6963482828530038,0.04593633301055888,-0.0031633167527616024,-0.021447898354381323,0.4630623459815979,0.0,19.444444444444443,155,149,4.138992786407471,RoadOption.STRAIGHT,99.40245056152344,-5.348626613616943,1.5776161497143715,2.8,1.2,4.5,3.0,10.0,0.6,0.01,0.06,0.55,0.16,0.2,0.35,1.0,12,10.0,14.0,0.9,1.2,0.6,0.01,0.06,0.65,0.3,0.72,0.005,0.38,0.22,0.01,0.14,1.0,0.28
lqr,ground_truth,curvy,400.0,0.05,0.1,1.0,43.56569129601121,98.80669403076172,-14.492392539978027,18.589108376168483,0.8553360682759603,0.6568544509903408,-0.04279393608231974,0.6568544509903408,0.04279393608231974,-0.0034344184678047895,-0.00027110171504318714,0.4985813796520233,0.0,19.444444444444443,156,150,4.192592620849609,RoadOption.STRAIGHT,99.3956298828125,-4.348650932312012,1.5776161497143715,2.8,1.2,4.5,3.0,10.0,0.6,0.01,0.06,0.55,0.16,0.2,0.35,1.0,12,10.0,14.0,0.9,1.2,0.6,0.01,0.06,0.65,0.3,0.72,0.005,0.38,0.22,0.01,0.14,1.0,0.28
lqr,ground_truth,curvy,400.0,0.05,0.1,1.0,43.61569129675627,98.84671020507812,-13.563263893127441,18.604720013129665,0.839724431314778,0.6117530043788144,-0.04045661275161194,0.6117530043788144,0.04045661275161194,0.006118590943515301,0.00955300941132009,0.5351006984710693,0.0,19.444444444444443,157,151,4.25486421585083,RoadOption.STRAIGHT,99.38880920410156,-3.3486738204956055,1.5776161497143715,2.8,1.2,4.5,3.0,10.0,0.6,0.01,0.06,0.55,0.16,0.2,0.35,1.0,12,10.0,14.0,0.9,1.2,0.6,0.01,0.06,0.65,0.3,0.72,0.005,0.38,0.22,0.01,0.14,1.0,0.28
lqr,ground_truth,curvy,400.0,0.05,0.1,1.0,43.665691297501326,98.88338470458984,-12.633856773376465,18.60135003987473,0.8430944045697117,0.5687401022470767,-0.03857708681228811,0.5687401022470767,0.03857708681228811,0.011677821166813374,0.005559230223298073,0.5599005818367004,0.0,19.444444444444443,158,152,4.319129943847656,RoadOption.STRAIGHT,99.38198852539062,-2.348696708679199,1.5776161497143715,2.8,1.2,4.5,3.0,10.0,0.6,0.01,0.06,0.55,0.16,0.2,0.35,1.0,12,10.0,14.0,0.9,1.2,0.6,0.01,0.06,0.65,0.3,0.72,0.005,0.38,0.22,0.01,0.14,1.0,0.28
lqr,ground_truth,curvy,400.0,0.05,0.1,1.0,43.715691298246384,98.91634368896484,-11.70469856262207,18.59174387188719,0.8527005725572536,0.5294443328540774,-0.03630248092525168,0.5294443328540774,0.03630248092525168,0.012245316058397293,0.0005674948915839195,0.5731477737426758,0.0,19.444444444444443,159,153,4.38469123840332,RoadOption.STRAIGHT,99.37516784667969,-1.3487194776535034,1.5776161497143715,2.8,1.2,4.5,3.0,10.0,0.6,0.01,0.06,0.55,0.16,0.2,0.35,1.0,12,10.0,14.0,0.9,1.2,0.6,0.01,0.06,0.65,0.3,0.72,0.005,0.38,0.22,0.01,0.14,1.0,0.28
lqr,ground_truth,curvy,400.0,0.05,0.1,1.0,43.76569129899144,98.94583129882812,-10.775901794433594,18.582355301482504,0.8620891429619384,0.49362232220150976,-0.033508958099813135,0.49362232220150976,0.033508958099813135,0.008258374407887459,-0.003986941650509834,0.5785197615623474,0.0,19.444444444444443,160,154,4.451488971710205,RoadOption.STRAIGHT,99.36834716796875,-0.34874236583709717,1.5776161497143715,2.8,1.2,4.5,3.0,10.0,0.6,0.01,0.06,0.55,0.16,0.2,0.35,1.0,12,10.0,14.0,0.9,1.2,0.6,0.01,0.06,0.65,0.3,0.72,0.005,0.38,0.22,0.01,0.14,1.0,0.28
lqr,ground_truth,curvy,400.0,0.05,0.1,1.0,43.8156912997365,98.972412109375,-9.847406387329102,18.575409470910902,0.869034973533541,0.46070909522939096,-0.030690268402072896,0.46070909522939096,0.030690268402072896,0.0037927597295492887,-0.00446561467833817,0.579755961894989,0.0,19.444444444444443,161,155,4.519287109375,RoadOption.STRAIGHT,99.36153411865234,0.6512347459793091,1.5776161497143715,2.8,1.2,4.5,3.0,10.0,0.6,0.01,0.06,0.55,0.16,0.2,0.35,1.0,12,10.0,14.0,0.9,1.2,0.6,0.01,0.06,0.65,0.3,0.72,0.005,0.38,0.22,0.01,0.14,1.0,0.28
lqr,ground_truth,curvy,400.0,0.05,0.1,1.0,43.86569130048156,98.99673461914062,-8.919116973876953,18.57082902034587,0.8736154240985741,0.43005551484746046,-0.028374250360085895,0.43005551484746046,0.028374250360085895,0.0022907136008143425,-0.0015020461287349463,0.5796657800674438,0.0,19.444444444444443,162,156,4.587840557098389,RoadOption.STRAIGHT,99.3547134399414,1.6512118577957153,1.5776161497143715,2.8,1.2,4.5,3.0,10.0,0.6,0.01,0.06,0.55,0.16,0.2,0.35,1.0,12,10.0,14.0,0.9,1.2,0.6,0.01,0.06,0.65,0.3,0.72,0.005,0.38,0.22,0.01,0.14,1.0,0.28
lqr,ground_truth,curvy,400.0,0.05,0.1,1.0,43.915691301226616,99.0191879272461,-7.990952014923096,18.567905790380376,0.876538654064067,0.40127195116440434,-0.026668628839944475,0.40127195116440434,0.026668628839944475,0.003882512915879488,0.0015917993150651455,0.5794310569763184,0.0,19.444444444444443,163,157,4.656970024108887,RoadOption.STRAIGHT,99.34789276123047,2.651188850402832,1.5776161497143715,2.8,1.2,4.5,3.0,10.0,0.6,0.01,0.06,0.55,0.16,0.2,0.35,1.0,12,10.0,14.0,0.9,1.2,0.6,0.01,0.06,0.65,0.3,0.72,0.005,0.38,0.22,0.01,0.14,1.0,0.28
lqr,ground_truth,curvy,400.0,0.05,0.1,1.0,43.965691301971674,99.03982543945312,-7.0628533363342285,18.56603598202876,0.8784084624156812,0.37430459317047804,-0.025262213468273842,0.37430459317047804,0.025262213468273842,0.006109287496656179,0.0022267745807766914,0.5792888402938843,0.0,19.444444444444443,164,158,4.726558208465576,RoadOption.STRAIGHT,99.34107208251953,3.6511659622192383,1.5776161497143715,2.8,1.2,4.5,3.0,10.0,0.6,0.01,0.06,0.55,0.16,0.2,0.35,1.0,12,10.0,14.0,0.9,1.2,0.6,0.01,0.06,0.65,0.3,0.72,0.005,0.38,0.22,0.01,0.14,1.0,0.28
lqr,ground_truth,curvy,400.0,0.05,0.1,1.0,44.01569130271673,99.05850219726562,-6.13478422164917,18.564827209182972,0.8796172352614704,0.3492981464059372,-0.023789618543514024,0.3492981464059372,0.023789618543514024,0.0066587720066308975,0.0005494845099747181,0.5792208909988403,0.0,19.444444444444443,165,159,4.796529293060303,RoadOption.STRAIGHT,99.3342514038086,4.651139259338379,1.5776161497143715,2.8,1.2,4.5,3.0,10.0,0.6,0.01,0.06,0.55,0.16,0.2,0.35,1.0,12,10.0,14.0,0.9,1.2,0.6,0.01,0.06,0.65,0.3,0.72,0.005,0.38,0.22,0.01,0.14,1.0,0.28
lqr,ground_truth,curvy,400.0,0.05,0.1,1.0,44.06569130346179,99.07530975341797,-5.206722259521484,18.56411061036237,0.880333834082073,0.3261609057992675,-0.022137260245174595,0.3261609057992675,0.022137260245174595,0.005254544783383608,-0.0014042272232472897,0.5790601968765259,0.0,19.444444444444443,166,160,4.866810321807861,RoadOption.STRAIGHT,99.32743072509766,5.651116371154785,1.5776161497143715,2.8,1.2,4.5,3.0,10.0,0.6,0.01,0.06,0.55,0.16,0.2,0.35,1.0,12,10.0,14.0,0.9,1.2,0.6,0.01,0.06,0.65,0.3,0.72,0.005,0.38,0.22,0.01,0.14,1.0,0.28
lqr,ground_truth,curvy,400.0,0.05,0.1,1.0,44.11569130420685,99.0904541015625,-4.2786545753479,18.563769459977713,0.8806749844667294,0.3046944247167438,-0.020465860345041165,0.3046944247167438,0.020465860345041165,0.0034056194126605988,-0.0018489253707230091,0.5788143873214722,0.0,19.444444444444443,167,161,4.9373369216918945,RoadOption.STRAIGHT,99.32061004638672,6.651093482971191,1.5776161497143715,2.8,1.2,4.5,3.0,10.0,0.6,0.01,0.06,0.55,0.16,0.2,0.35,1.0,12,10.0,14.0,0.9,1.2,0.6,0.01,0.06,0.65,0.3,0.72,0.005,0.38,0.22,0.01,0.14,1.0,0.28
lqr,ground_truth,curvy,400.0,0.05,0.1,1.0,44.165691304951906,99.10419464111328,-3.3505735397338867,18.563643653672095,0.8808007907723479,0.2846239993116746,-0.018988072256155952,0.2846239993116746,0.018988072256155952,0.002483238698914647,-0.0009223807137459517,0.5786314606666565,0.0,19.444444444444443,167,162,5.008055686950684,RoadOption.STRAIGHT,99.32061004638672,6.651093482971191,1.5776161497143715,2.8,1.2,4.5,3.0,10.0,0.6,0.01,0.06,0.55,0.16,0.2,0.35,1.0,12,10.0,14.0,0.9,1.2,0.6,0.01,0.06,0.65,0.3,0.72,0.005,0.38,0.22,0.01,0.14,1.0,0.28
lqr,ground_truth,curvy,400.0,0.05,0.1,1.0,44.215691305696964,99.11669921875,-2.422478437423706,18.563593205381107,0.8808512390633361,0.2657903172811102,-0.017777532382660333,0.2657903172811102,0.017777532382660333,0.002803152659907937,0.00031991396099328995,0.5785712599754333,0.0,19.444444444444443,168,162,4.0806379318237305,RoadOption.STRAIGHT,99.31378936767578,7.651070594787598,1.5776161497143715,2.8,1.2,4.5,3.0,10.0,0.6,0.01,0.06,0.55,0.16,0.2,0.35,1.0,12,10.0,14.0,0.9,1.2,0.6,0.01,0.06,0.65,0.3,0.72,0.005,0.38,0.22,0.01,0.14,1.0,0.28
lqr,ground_truth,curvy,400.0,0.05,0.1,1.0,44.26569130644202,99.1280288696289,-1.4943701028823853,18.563550881524517,0.8808935629199262,0.24813053749754874,-0.016739299031693022,0.24813053749754874,0.016739299031693022,0.0035655442625284195,0.0007623916026204824,0.5785869359970093,0.0,19.444444444444443,169,163,4.151385307312012,RoadOption.STRAIGHT,99.30697631835938,8.651047706604004,1.5776161497143715,2.8,1.2,4.5,3.0,10.0,0.6,0.01,0.06,0.55,0.16,0.2,0.35,1.0,12,10.0,14.0,0.9,1.2,0.6,0.01,0.06,0.65,0.3,0.72,0.005,0.38,0.22,0.01,0.14,1.0,0.28
lqr,ground_truth,curvy,400.0,0.05,0.1,1.0,44.31569130718708,99.13816833496094,-0.566250205039978,18.56350460242953,0.8809398420149144,0.2316608375371393,-0.01572796360773543,0.2316608375371393,0.01572796360773543,0.0038246733602136374,0.00025912909768521786,0.5786194205284119,0.0,19.444444444444443,170,164,4.222294807434082,RoadOption.STRAIGHT,99.30015563964844,9.65102481842041,1.5776161497143715,2.8,1.2,4.5,3.0,10.0,0.6,0.01,0.06,0.55,0.16,0.2,0.35,1.0,12,10.0,14.0,0.9,1.2,0.6,0.01,0.06,0.65,0.3,0.72,0.005,0.38,0.22,0.01,0.14,1.0,0.28
lqr,ground_truth,curvy,400.0,0.05,0.1,1.0,44.36569130793214,99.14715576171875,0.3618796467781067,18.56346834500593,0.880976099438513,0.21634305546122082,-0.01467907761240772,0.21634305546122082,0.01467907761240772,0.0033316074404865503,-0.000493065919727087,0.578629195690155,0.0,19.444444444444443,171,165,4.293338775634766,RoadOption.STRAIGHT,99.2933349609375,10.651001930236816,1.5776161497143715,2.8,1.2,4.5,3.0,10.0,0.6,0.01,0.06,0.55,0.16,0.2,0.35,1.0,12,10.0,14.0,0.9,1.2,0.6,0.01,0.06,0.65,0.3,0.72,0.005,0.38,0.22,0.01,0.14,1.0,0.28
lqr,ground_truth,curvy,400.0,0.05,0.1,1.0,44.4156913086772,99.15508270263672,1.2900185585021973,18.56346148069905,0.8809829637453923,0.2020856987925341,-0.01363498530704188,0.2020856987925341,0.01363498530704188,0.0025357487611472607,-0.0007958586793392897,0.5785980224609375,0.0,19.444444444444443,172,166,4.364502429962158,RoadOption.STRAIGHT,99.28651428222656,11.650979042053223,1.5776161497143715,2.8,1.2,4.5,3.0,10.0,0.6,0.01,0.06,0.55,0.16,0.2,0.35,1.0,12,10.0,14.0,0.9,1.2,0.6,0.01,0.06,0.65,0.3,0.72,0.005,0.38,0.22,0.01,0.14,1.0,0.28
lqr,ground_truth,curvy,400.0,0.05,0.1,1.0,44.465691309422255,99.16207122802734,2.218165636062622,18.56347697253625,0.8809674719081926,0.18876668013930373,-0.012678111527376856,0.18876668013930373,0.012678111527376856,0.002030792646110058,-0.0005049561150372028,0.5785619020462036,0.0,19.444444444444443,173,167,4.435762882232666,RoadOption.STRAIGHT,99.27969360351562,12.650954246520996,1.5776161497143715,2.8,1.2,4.5,3.0,10.0,0.6,0.01,0.06,0.55,0.16,0.2,0.35,1.0,12,10.0,14.0,0.9,1.2,0.6,0.01,0.06,0.65,0.3,0.72,0.005,0.38,0.22,0.01,0.14,1.0,0.28
lqr,ground_truth,curvy,400.0,0.05,0.1,1.0,44.51569131016731,99.16822052001953,3.146319627761841,18.56349406521341,0.8809503792310345,0.17628682821538355,-0.01184733842532637,0.17628682821538355,0.01184733842532637,0.001996048726141453,-3.474391996860504e-05,0.5785497426986694,0.0,19.444444444444443,174,168,4.507102966308594,RoadOption.STRAIGHT,99.27287292480469,13.650931358337402,1.5776161497143715,2.8,1.2,4.5,3.0,10.0,0.6,0.01,0.06,0.55,0.16,0.2,0.35,1.0,12,10.0,14.0,0.9,1.2,0.6,0.01,0.06,0.65,0.3,0.72,0.005,0.38,0.22,0.01,0.14,1.0,0.28
lqr,ground_truth,curvy,400.0,0.05,0.1,1.0,44.56569131091237,99.173583984375,4.074479103088379,18.563502582923938,0.8809418615205047,0.16460037747387032,-0.011114569651391015,0.16460037747387032,0.011114569651391015,0.0022549491841346025,0.00025890045799314976,0.5785548686981201,0.0,19.444444444444443,175,169,4.578512668609619,RoadOption.STRAIGHT,99.26605224609375,14.650908470153809,1.5776161497143715,2.8,1.2,4.5,3.0,10.0,0.6,0.01,0.06,0.55,0.16,0.2,0.35,1.0,12,10.0,14.0,0.9,1.2,0.6,0.01,0.06,0.65,0.3,0.72,0.005,0.38,0.22,0.01,0.14,1.0,0.28
lqr,ground_truth,curvy,400.0,0.05,0.1,1.0,44.61569131165743,99.17816925048828,5.002642631530762,18.563502617921266,0.880941826523177,0.15368445001919212,-0.010421348819643406,0.15368445001919212,0.010421348819643406,0.0023356820456683636,8.073286153376102e-05,0.5785650610923767,0.0,19.444444444444443,176,170,4.649982929229736,RoadOption.STRAIGHT,99.25923156738281,15.650885581970215,1.5776161497143715,2.8,1.2,4.5,3.0,10.0,0.6,0.01,0.06,0.55,0.16,0.2,0.35,1.0,12,10.0,14.0,0.9,1.2,0.6,0.01,0.06,0.65,0.3,0.72,0.005,0.38,0.22,0.01,0.14,1.0,0.28
lqr,ground_truth,curvy,400.0,0.05,0.1,1.0,44.66569131240249,99.18202209472656,5.93080997467041,18.563499766989057,0.8809446774553855,0.14350090139175664,-0.009731989571476696,0.14350090139175664,0.009731989571476696,0.0021163544151932,-0.00021932763047516346,0.5785702466964722,0.0,19.444444444444443,177,171,4.7215046882629395,RoadOption.STRAIGHT,99.25241088867188,16.650863647460938,1.5776161497143715,2.8,1.2,4.5,3.0,10.0,0.6,0.01,0.06,0.55,0.16,0.2,0.35,1.0,12,10.0,14.0,0.9,1.2,0.6,0.01,0.06,0.65,0.3,0.72,0.005,0.38,0.22,0.01,0.14,1.0,0.28
lqr,ground_truth,curvy,400.0,0.05,0.1,1.0,44.715691313147545,99.18516540527344,6.858979225158691,18.563502916155404,0.8809415282890392,0.13402685694791172,-0.009060207186504243,0.13402685694791172,0.009060207186504243,0.0017501069232821465,-0.00036624749191105366,0.5785611271858215,0.0,19.444444444444443,178,172,4.793071746826172,RoadOption.STRAIGHT,99.24559783935547,17.65083885192871,1.5776161497143715,2.8,1.2,4.5,3.0,10.0,0.6,0.01,0.06,0.55,0.16,0.2,0.35,1.0,12,10.0,14.0,0.9,1.2,0.6,0.01,0.06,0.65,0.3,0.72,0.005,0.38,0.22,0.01,0.14,1.0,0.28
lqr,ground_truth,curvy,400.0,0.05,0.1,1.0,44.7656913138926,99.18768310546875,7.787151336669922,18.563509531796534,0.8809349126479091,0.12517837578792407,-0.008435695910880447,0.12517837578792407,0.008435695910880447,0.0014780707424506545,-0.00027203618083149195,0.5785530209541321,0.0,19.444444444444443,179,173,4.864673614501953,RoadOption.STRAIGHT,99.23877716064453,18.650815963745117,1.5776161497143715,2.8,1.2,4.5,3.0,10.0,0.6,0.01,0.06,0.55,0.16,0.2,0.35,1.0,12,10.0,14.0,0.9,1.2,0.6,0.01,0.06,0.65,0.3,0.72,0.005,0.38,0.22,0.01,0.14,1.0,0.28
lqr,ground_truth,curvy,400.0,0.05,0.1,1.0,44.81569131463766,99.18963623046875,8.715325355529785,18.563515729506282,0.880928714938161,0.11689445669410796,-0.007877497346399753,0.11689445669410796,0.007877497346399753,0.001412057550624013,-6.601319182664156e-05,0.5785498023033142,0.0,19.444444444444443,180,174,4.936307907104492,RoadOption.STRAIGHT,99.2319564819336,19.650793075561523,1.5776161497143715,2.8,1.2,4.5,3.0,10.0,0.6,0.01,0.06,0.55,0.16,0.2,0.35,1.0,12,10.0,14.0,0.9,1.2,0.6,0.01,0.06,0.65,0.3,0.72,0.005,0.38,0.22,0.01,0.14,1.0,0.28
lqr,ground_truth,curvy,400.0,0.05,0.1,1.0,44.86569131538272,99.19105529785156,9.643499374389648,18.563518831967425,0.880925612477018,0.1091445827980217,-0.007374958848702207,0.1091445827980217,0.007374958848702207,0.0014588034246116877,4.674587398767471e-05,0.5785516500473022,0.0,19.444444444444443,180,175,5.007971286773682,RoadOption.STRAIGHT,99.2319564819336,19.650793075561523,1.5776161497143715,2.8,1.2,4.5,3.0,10.0,0.6,0.01,0.06,0.55,0.16,0.2,0.35,1.0,12,10.0,14.0,0.9,1.2,0.6,0.01,0.06,0.65,0.3,0.72,0.005,0.38,0.22,0.01,0.14,1.0,0.28
lqr,ground_truth,curvy,400.0,0.05,0.1,1.0,44.91569131612778,99.19194793701172,10.571674346923828,18.563521789737685,0.8809226547067581,0.10192202451296431,-0.00690384565186708,0.10192202451296431,0.00690384565186708,0.0014571727951988578,-1.630629412829876e-06,0.5785500407218933,0.0,19.444444444444443,181,175,4.0799078941345215,RoadOption.STRAIGHT,99.22513580322266,20.65077018737793,1.5776161497143715,2.8,1.2,4.5,3.0,10.0,0.6,0.01,0.06,0.55,0.16,0.2,0.35,1.0,12,10.0,14.0,0.9,1.2,0.6,0.01,0.06,0.65,0.3,0.72,0.005,0.38,0.22,0.01,0.14,1.0,0.28
lqr,ground_truth,curvy,400.0,0.05,0.1,1.0,44.965691316872835,99.19236755371094,11.499847412109375,18.56352240563125,0.8809220388131926,0.09517158456218346,-0.006449643527953963,0.09517158456218346,0.006449643527953963,0.001353694824501872,-0.00010347797069698572,0.5785524845123291,0.0,19.444444444444443,182,176,4.151576995849609,RoadOption.STRAIGHT,99.21831512451172,21.650747299194336,1.5776161497143715,2.8,1.2,4.5,3.0,10.0,0.6,0.01,0.06,0.55,0.16,0.2,0.35,1.0,12,10.0,14.0,0.9,1.2,0.6,0.01,0.06,0.65,0.3,0.72,0.005,0.38,0.22,0.01,0.14,1.0,0.28
lqr,ground_truth,curvy,400.0,0.05,0.1,1.0,45.01569131761789,99.19232940673828,12.428022384643555,18.563523706178373,0.8809207382660702,0.08887889113418862,-0.006013550899453435,0.08887889113418862,0.006013550899453435,0.0011637457646429539,-0.0001899490598589182,0.5785508751869202,0.0,19.444444444444443,183,177,4.223268985748291,RoadOption.STRAIGHT,99.21149444580078,22.65072250366211,1.5776161497143715,2.8,1.2,4.5,3.0,10.0,0.6,0.01,0.06,0.55,0.16,0.2,0.35,1.0,12,10.0,14.0,0.9,1.2,0.6,0.01,0.06,0.65,0.3,0.72,0.005,0.38,0.22,0.01,0.14,1.0,0.28
lqr,ground_truth,curvy,400.0,0.05,0.1,1.0,45.06569131836295,99.19189453125,13.356196403503418,18.56352831864602,0.8809161257984215,0.0829905332053673,-0.005606619884889419,0.0829905332053673,0.005606619884889419,0.0010630886536091566,-0.00010065711103379726,0.5785441398620605,0.0,19.444444444444443,184,178,4.294978618621826,RoadOption.STRAIGHT,99.20467376708984,23.650699615478516,1.5776161497143715,2.8,1.2,4.5,3.0,10.0,0.6,0.01,0.06,0.55,0.16,0.2,0.35,1.0,12,10.0,14.0,0.9,1.2,0.6,0.01,0.06,0.65,0.3,0.72,0.005,0.38,0.22,0.01,0.14,1.0,0.28
lqr,ground_truth,curvy,400.0,0.05,0.1,1.0,45.11569131910801,99.19105529785156,14.284369468688965,18.5635317496008,0.8809126948436443,0.07749891407780679,-0.005234443122550836,0.07749891407780679,0.005234443122550836,0.0009910935768857598,-7.199507672339678e-05,0.578543484210968,0.0,19.444444444444443,185,179,4.366707801818848,RoadOption.STRAIGHT,99.1978530883789,24.650676727294922,1.5776161497143715,2.8,1.2,4.5,3.0,10.0,0.6,0.01,0.06,0.55,0.16,0.2,0.35,1.0,12,10.0,14.0,0.9,1.2,0.6,0.01,0.06,0.65,0.3,0.72,0.005,0.38,0.22,0.01,0.14,1.0,0.28
lqr,ground_truth,curvy,400.0,0.05,0.1,1.0,45.16569131985307,99.18984985351562,15.212543487548828,18.563533500398393,0.8809109440460503,0.0723734908677072,-0.004891694290257487,0.0723734908677072,0.004891694290257487,0.0009524410124868155,-3.865256439894438e-05,0.5785444378852844,0.0,19.444444444444443,186,180,4.438449859619141,RoadOption.STRAIGHT,99.1910400390625,25.650653839111328,1.5776161497143715,2.8,1.2,4.5,3.0,10.0,0.6,0.01,0.06,0.55,0.16,0.2,0.35,1.0,12,10.0,14.0,0.9,1.2,0.6,0.01,0.06,0.65,0.3,0.72,0.005,0.38,0.22,0.01,0.14,1.0,0.28
lqr,ground_truth,curvy,400.0,0.05,0.1,1.0,45.215691320598125,99.1883316040039,16.140716552734375,18.563531349181282,0.8809130952631605,0.06756087206297462,-0.0045729139077748115,0.06756087206297462,0.0045729139077748115,0.0009271603776142001,-2.5280634872615337e-05,0.5785504579544067,0.0,19.444444444444443,187,181,4.510204315185547,RoadOption.STRAIGHT,99.18421936035156,26.6506290435791,1.5776161497143715,2.8,1.2,4.5,3.0,10.0,0.6,0.01,0.06,0.55,0.16,0.2,0.35,1.0,12,10.0,14.0,0.9,1.2,0.6,0.01,0.06,0.65,0.3,0.72,0.005,0.38,0.22,0.01,0.14,1.0,0.28
lqr,ground_truth,curvy,400.0,0.05,0.1,1.0,45.26569132134318,99.18646240234375,17.068891525268555,18.563532631503353,0.8809118129410898,0.06309918423764257,-0.004271710388486838,0.06309918423764257,0.004271710388486838,0.0008635842823423445,-6.357609527185559e-05,0.5785455703735352,0.0,19.444444444444443,188,182,4.581966876983643,RoadOption.STRAIGHT,99.17739868164062,27.650606155395508,1.5776161497143715,2.8,1.2,4.5,3.0,10.0,0.6,0.01,0.06,0.55,0.16,0.2,0.35,1.0,12,10.0,14.0,0.9,1.2,0.6,0.01,0.06,0.65,0.3,0.72,0.005,0.38,0.22,0.01,0.14,1.0,0.28
lqr,ground_truth,curvy,400.0,0.05,0.1,1.0,45.31569132208824,99.18431091308594,17.9970645904541,18.563534805819423,0.8809096386250204,0.0589197774453963,-0.003986219519630296,0.0589197774453963,0.003986219519630296,0.0007858556928113103,-7.772858953103423e-05,0.5785431861877441,0.0,19.444444444444443,189,183,4.653737545013428,RoadOption.STRAIGHT,99.17057800292969,28.650583267211914,1.5776161497143715,2.8,1.2,4.5,3.0,10.0,0.6,0.01,0.06,0.55,0.16,0.2,0.35,1.0,12,10.0,14.0,0.9,1.2,0.6,0.01,0.06,0.65,0.3,0.72,0.005,0.38,0.22,0.01,0.14,1.0,0.28
lqr,ground_truth,curvy,400.0,0.05,0.1,1.0,45.3656913228333,99.181884765625,18.92523956298828,18.56353554084163,0.8809089036028119,0.05501502246912539,-0.0037197702525681997,0.05501502246912539,0.0037197702525681997,0.0007186710718087852,-6.718462100252509e-05,0.5785444378852844,0.0,19.444444444444443,190,184,4.725515365600586,RoadOption.STRAIGHT,99.16375732421875,29.65056037902832,1.5776161497143715,2.8,1.2,4.5,3.0,10.0,0.6,0.01,0.06,0.55,0.16,0.2,0.35,1.0,12,10.0,14.0,0.9,1.2,0.6,0.01,0.06,0.65,0.3,0.72,0.005,0.38,0.22,0.01,0.14,1.0,0.28
lqr,ground_truth,curvy,400.0,0.05,0.1,1.0,45.41569132357836,99.17918395996094,19.85341453552246,18.563538475853303,0.88090596859114,0.05138491930882982,-0.003472762061463186,0.05138491930882982,0.003472762061463186,0.0006426171166822314,-7.605395512655377e-05,0.5785400867462158,0.0,19.444444444444443,191,185,4.797298908233643,RoadOption.STRAIGHT,99.15693664550781,30.650537490844727,1.5776161497143715,2.8,1.2,4.5,3.0,10.0,0.6,0.01,0.06,0.55,0.16,0.2,0.35,1.0,12,10.0,14.0,0.9,1.2,0.6,0.01,0.06,0.65,0.3,0.72,0.005,0.38,0.22,0.01,0.14,1.0,0.28
lqr,ground_truth,curvy,400.0,0.05,0.1,1.0,45.465691324323416,99.17626953125,20.781585693359375,18.56353941189909,0.8809050325453534,0.047976089460094795,-0.0032458607365883907,0.047976089460094795,0.0032458607365883907,0.0006535685970447958,1.0951480362564325e-05,0.5785418748855591,0.0,19.444444444444443,192,186,4.869091033935547,RoadOption.STRAIGHT,99.15011596679688,31.650514602661133,1.5776161497143715,2.8,1.2,4.5,3.0,10.0,0.6,0.01,0.06,0.55,0.16,0.2,0.35,1.0,12,10.0,14.0,0.9,1.2,0.6,0.01,0.06,0.65,0.3,0.72,0.005,0.38,0.22,0.01,0.14,1.0,0.28
lqr,ground_truth,curvy,400.0,0.05,0.1,1.0,45.515691325068474,99.17311096191406,21.709762573242188,18.56353727881539,0.8809071656290541,0.04480371331106662,-0.0030334736396548934,0.04480371331106662,0.0030334736396548934,0.0006196710164658725,-3.3897580578923225e-05,0.5785468816757202,0.0,19.444444444444443,193,187,4.9408793449401855,RoadOption.STRAIGHT,99.14329528808594,32.650489807128906,1.5776161497143715,2.8,1.2,4.5,3.0,10.0,0.6,0.01,0.06,0.55,0.16,0.2,0.35,1.0,12,10.0,14.0,0.9,1.2,0.6,0.01,0.06,0.65,0.3,0.72,0.005,0.38,0.22,0.01,0.14,1.0,0.28
lqr,ground_truth,curvy,400.0,0.05,0.1,1.0,45.56569132581353,99.16975402832031,22.637935638427734,18.563535081042307,0.8809093634021359,0.04182973582994681,-0.002831872345135711,0.04182973582994681,0.002831872345135711,0.00057082629064098,-4.884472582489252e-05,0.57854825258255,0.0,19.444444444444443,193,188,5.01267671585083,RoadOption.STRAIGHT,99.14329528808594,32.650489807128906,1.5776161497143715,2.8,1.2,4.5,3.0,10.0,0.6,0.01,0.06,0.55,0.16,0.2,0.35,1.0,12,10.0,14.0,0.9,1.2,0.6,0.01,0.06,0.65,0.3,0.72,0.005,0.38,0.22,0.01,0.14,1.0,0.28
lqr,ground_truth,curvy,400.0,0.05,0.1,1.0,45.61569132655859,99.16619873046875,23.566110610961914,18.56353826222044,0.8809061822240025,0.03905501112026801,-0.002641988959413144,0.03905501112026801,0.002641988959413144,0.0005166521877981722,-5.417410284280777e-05,0.5785399079322815,0.0,19.444444444444443,194,188,4.0845112800598145,RoadOption.STRAIGHT,99.136474609375,33.65046691894531,1.5776161497143715,2.8,1.2,4.5,3.0,10.0,0.6,0.01,0.06,0.55,0.16,0.2,0.35,1.0,12,10.0,14.0,0.9,1.2,0.6,0.01,0.06,0.65,0.3,0.72,0.005,0.38,0.22,0.01,0.14,1.0,0.28
lqr,ground_truth,curvy,400.0,0.05,0.1,1.0,45.66569132730365,99.16246795654297,24.49428367614746,18.56354095262223,0.8809034918222132,0.03645486527755909,-0.0024648887469229663,0.03645486527755909,0.0024648887469229663,0.0004751279775518924,-4.1524210246279836e-05,0.5785388946533203,0.0,19.444444444444443,195,189,4.156307697296143,RoadOption.STRAIGHT,99.1296615600586,34.65044403076172,1.5776161497143715,2.8,1.2,4.5,3.0,10.0,0.6,0.01,0.06,0.55,0.16,0.2,0.35,1.0,12,10.0,14.0,0.9,1.2,0.6,0.01,0.06,0.65,0.3,0.72,0.005,0.38,0.22,0.01,0.14,1.0,0.28
lqr,ground_truth,curvy,400.0,0.05,0.1,1.0,45.715691328048706,99.1585464477539,25.42245864868164,18.563541338492264,0.8809031059521786,0.03404543685493174,-0.002301636972100951,0.03404543685493174,0.002301636972100951,0.0004431347770150751,-3.199320053681731e-05,0.5785413980484009,0.0,19.444444444444443,196,190,4.228105545043945,RoadOption.STRAIGHT,99.12284088134766,35.650421142578125,1.5776161497143715,2.8,1.2,4.5,3.0,10.0,0.6,0.01,0.06,0.55,0.16,0.2,0.35,1.0,12,10.0,14.0,0.9,1.2,0.6,0.01,0.06,0.65,0.3,0.72,0.005,0.38,0.22,0.01,0.14,1.0,0.28
lqr,ground_truth,curvy,400.0,0.05,0.1,1.0,45.765691328793764,99.15447998046875,26.350631713867188,18.56354325590081,0.880901188543632,0.03178097656508158,-0.002149969948020747,0.03178097656508158,0.002149969948020747,0.00042404336272738874,-1.9091414287686348e-05,0.5785384178161621,0.0,19.444444444444443,197,191,4.2999067306518555,RoadOption.STRAIGHT,99.11602020263672,36.650394439697266,1.5776161497143715,2.8,1.2,4.5,3.0,10.0,0.6,0.01,0.06,0.55,0.16,0.2,0.35,1.0,12,10.0,14.0,0.9,1.2,0.6,0.01,0.06,0.65,0.3,0.72,0.005,0.38,0.22,0.01,0.14,1.0,0.28
lqr,ground_truth,curvy,400.0,0.05,0.1,1.0,45.81569132953882,99.15026092529297,27.278793334960938,18.563542991596172,0.8809014528482706,0.02966917866351449,-0.0020081566199738887,0.02966917866351449,0.0020081566199738887,0.0004022764915134758,-2.1766871213912964e-05,0.5785411596298218,0.0,19.444444444444443,198,192,4.3717217445373535,RoadOption.STRAIGHT,99.10919952392578,37.65037155151367,1.5776161497143715,2.8,1.2,4.5,3.0,10.0,0.6,0.01,0.06,0.55,0.16,0.2,0.35,1.0,12,10.0,14.0,0.9,1.2,0.6,0.01,0.06,0.65,0.3,0.72,0.005,0.38,0.22,0.01,0.14,1.0,0.28
lqr,ground_truth,curvy,400.0,0.05,0.1,1.0,45.86569133028388,99.1458969116211,28.206954956054688,18.563544227367267,0.8809002170771763,0.027702322879366408,-0.0018751317235246034,0.027702322879366408,0.0018751317235246034,0.00037461312604136765,-2.7663365472108126e-05,0.5785386562347412,0.0,19.444444444444443,199,193,4.443536281585693,RoadOption.STRAIGHT,99.10237884521484,38.65034866333008,1.5776161497143715,2.8,1.2,4.5,3.0,10.0,0.6,0.01,0.06,0.55,0.16,0.2,0.35,1.0,12,10.0,14.0,0.9,1.2,0.6,0.01,0.06,0.65,0.3,0.72,0.005,0.38,0.22,0.01,0.14,1.0,0.28
lqr,ground_truth,curvy,400.0,0.05,0.1,1.0,45.91569133102894,99.14141082763672,29.135116577148438,18.563544922275813,0.8808995221686295,0.02585754757666424,-0.0017502294684001996,0.02585754757666424,0.0017502294684001996,0.00032608790206722915,-4.85252239741385e-05,0.5785388946533203,0.0,19.444444444444443,200,194,4.515353679656982,RoadOption.STRAIGHT,99.0955581665039,39.650325775146484,1.5776161497143715,2.8,1.2,4.5,3.0,10.0,0.6,0.01,0.06,0.55,0.16,0.2,0.35,1.0,12,10.0,14.0,0.9,1.2,0.6,0.01,0.06,0.65,0.3,0.72,0.005,0.38,0.22,0.01,0.14,1.0,0.28
lqr,ground_truth,curvy,400.0,0.05,0.1,1.0,45.965691331773996,99.13680267333984,30.063278198242188,18.563542783957978,0.8809016604864652,0.024142468964839313,-0.0016349145931995324,0.024142468964839313,0.0016349145931995324,0.0003379590925760567,1.1871190508827567e-05,0.5785435438156128,0.0,19.444444444444443,201,195,4.58717155456543,RoadOption.STRAIGHT,99.08873748779297,40.65030288696289,1.5776161497143715,2.8,1.2,4.5,3.0,10.0,0.6,0.01,0.06,0.55,0.16,0.2,0.35,1.0,12,10.0,14.0,0.9,1.2,0.6,0.01,0.06,0.65,0.3,0.72,0.005,0.38,0.22,0.01,0.14,1.0,0.28
lqr,ground_truth,curvy,400.0,0.05,0.1,1.0,46.015691332519054,99.13206481933594,30.99144172668457,18.563542739635935,0.8809017048085082,0.022549444819102128,-0.0015267902529423338,0.022549444819102128,0.0015267902529423338,0.0003100463654845953,-2.791272709146142e-05,0.578541100025177,0.0,19.444444444444443,202,196,4.658988952636719,RoadOption.STRAIGHT,99.08191680908203,41.6502799987793,1.5776161497143715,2.8,1.2,4.5,3.0,10.0,0.6,0.01,0.06,0.55,0.16,0.2,0.35,1.0,12,10.0,14.0,0.9,1.2,0.6,0.01,0.06,0.65,0.3,0.72,0.005,0.38,0.22,0.01,0.14,1.0,0.28
lqr,ground_truth,curvy,400.0,0.05,0.1,1.0,46.06569133326411,99.12723541259766,31.91960334777832,18.56354008394986,0.8809043604945828,0.021047958271010962,-0.0014242585509744998,0.021047958271010962,0.0014242585509744998,0.0002812791499309242,-2.876721555367112e-05,0.5785458087921143,0.0,19.444444444444443,203,197,4.730804920196533,RoadOption.STRAIGHT,99.07510375976562,42.6502571105957,1.5776161497143715,2.8,1.2,4.5,3.0,10.0,0.6,0.01,0.06,0.55,0.16,0.2,0.35,1.0,12,10.0,14.0,0.9,1.2,0.6,0.01,0.06,0.65,0.3,0.72,0.005,0.38,0.22,0.01,0.14,1.0,0.28
lqr,ground_truth,curvy,400.0,0.05,0.1,1.0,46.11569133400917,99.1222915649414,32.8477668762207,18.563538676215263,0.8809057682291801,0.01966092298725529,-0.0013283847517318037,0.01966092298725529,0.0013283847517318037,0.0002506092714611441,-3.066987846978009e-05,0.5785451531410217,0.0,19.444444444444443,204,198,4.8026227951049805,RoadOption.STRAIGHT,99.06828308105469,43.65023422241211,1.5776161497143715,2.8,1.2,4.5,3.0,10.0,0.6,0.01,0.06,0.55,0.16,0.2,0.35,1.0,12,10.0,14.0,0.9,1.2,0.6,0.01,0.06,0.65,0.3,0.72,0.005,0.38,0.22,0.01,0.14,1.0,0.28
lqr,ground_truth,curvy,400.0,0.05,0.1,1.0,46.16569133475423,99.11726379394531,33.77592849731445,18.563538494182186,0.8809059502622567,0.018357822099393392,-0.0012401009615956582,0.018357822099393392,0.0012401009615956582,0.000234779276070185,-1.5829995390959084e-05,0.5785437822341919,0.0,19.444444444444443,205,199,4.874443054199219,RoadOption.STRAIGHT,99.06146240234375,44.65020751953125,1.5776161497143715,2.8,1.2,4.5,3.0,10.0,0.6,0.01,0.06,0.55,0.16,0.2,0.35,1.0,12,10.0,14.0,0.9,1.2,0.6,0.01,0.06,0.65,0.3,0.72,0.005,0.38,0.22,0.01,0.14,1.0,0.28
lqr,ground_truth,curvy,400.0,0.05,0.1,1.0,46.21569133549929,99.11214447021484,34.7040901184082,18.56354170977759,0.8809027346668543,0.01714627181685661,-0.0011592740225117026,0.01714627181685661,0.0011592740225117026,0.00022676915978081524,-8.010116289369762e-06,0.5785377621650696,0.0,19.444444444444443,206,200,4.946263790130615,RoadOption.STRAIGHT,99.05464172363281,45.650184631347656,1.5776161497143715,2.8,1.2,4.5,3.0,10.0,0.6,0.01,0.06,0.55,0.16,0.2,0.35,1.0,12,10.0,14.0,0.9,1.2,0.6,0.01,0.06,0.65,0.3,0.72,0.005,0.38,0.22,0.01,0.14,1.0,0.28
lqr,ground_truth,curvy,400.0,0.05,0.1,1.0,46.265691336244345,99.10694885253906,35.63225173950195,18.563542700284767,0.8809017441596758,0.01601101370542409,-0.0010833739314444202,0.01601101370542409,0.0010833739314444202,0.0002174405672121793,-9.32859256863594e-06,0.5785398483276367,0.0,19.444444444444443,206,201,5.018084526062012,RoadOption.STRAIGHT,99.05464172363281,45.650184631347656,1.5776161497143715,2.8,1.2,4.5,3.0,10.0,0.6,0.01,0.06,0.55,0.16,0.2,0.35,1.0,12,10.0,14.0,0.9,1.2,0.6,0.01,0.06,0.65,0.3,0.72,0.005,0.38,0.22,0.01,0.14,1.0,0.28
lqr,ground_truth,curvy,400.0,0.05,0.1,1.0,46.3156913369894,99.10167694091797,36.5604133605957,18.56354139860727,0.8809030458371723,0.014952953899344855,-0.0010124006883938108,0.014952953899344855,0.0010124006883938108,0.00020509092428255826,-1.234964292962104e-05,0.5785433650016785,0.0,19.444444444444443,207,201,4.089910507202148,RoadOption.STRAIGHT,99.04782104492188,46.65016174316406,1.5776161497143715,2.8,1.2,4.5,3.0,10.0,0.6,0.01,0.06,0.55,0.16,0.2,0.35,1.0,12,10.0,14.0,0.9,1.2,0.6,0.01,0.06,0.65,0.3,0.72,0.005,0.38,0.22,0.01,0.14,1.0,0.28
lqr,ground_truth,curvy,400.0,0.05,0.1,1.0,46.36569133773446,99.09634399414062,37.48857498168945,18.56354347417616,0.8809009702682822,0.013955021695900013,-0.0009447563967057704,0.013955021695900013,0.0009447563967057704,0.00016792189853731543,-3.7169025745242834e-05,0.5785381197929382,0.0,19.444444444444443,208,202,4.1617302894592285,RoadOption.STRAIGHT,99.04100036621094,47.65013885498047,1.5776161497143715,2.8,1.2,4.5,3.0,10.0,0.6,0.01,0.06,0.55,0.16,0.2,0.35,1.0,12,10.0,14.0,0.9,1.2,0.6,0.01,0.06,0.65,0.3,0.72,0.005,0.38,0.22,0.01,0.14,1.0,0.28
lqr,ground_truth,curvy,400.0,0.05,0.1,1.0,46.41569133847952,99.09093475341797,38.4167366027832,18.563544624850717,0.8808998195937257,0.013041010880669859,-0.0008833705335793418,0.013041010880669859,0.0008833705335793418,0.00018820204422809184,2.0280145690776408e-05,0.5785385370254517,0.0,19.444444444444443,209,203,4.233550548553467,RoadOption.STRAIGHT,99.0341796875,48.650115966796875,1.5776161497143715,2.8,1.2,4.5,3.0,10.0,0.6,0.01,0.06,0.55,0.16,0.2,0.35,1.0,12,10.0,14.0,0.9,1.2,0.6,0.01,0.06,0.65,0.3,0.72,0.005,0.38,0.22,0.01,0.14,1.0,0.28
lqr,ground_truth,curvy,400.0,0.05,0.1,1.0,46.46569133922458,99.08546447753906,39.34489822387695,18.563546121001355,0.8808983234430876,0.012180404585212693,-0.0008246478315427908,0.012180404585212693,0.0008246478315427908,0.00017025966371875256,-1.7942380509339273e-05,0.5785372257232666,0.0,19.444444444444443,210,204,4.305370807647705,RoadOption.STRAIGHT,99.0273666381836,49.65009307861328,1.5776161497143715,2.8,1.2,4.5,3.0,10.0,0.6,0.01,0.06,0.55,0.16,0.2,0.35,1.0,12,10.0,14.0,0.9,1.2,0.6,0.01,0.06,0.65,0.3,0.72,0.005,0.38,0.22,0.01,0.14,1.0,0.28
lqr,ground_truth,curvy,400.0,0.05,0.1,1.0,46.515691339969635,99.07994079589844,40.2730598449707,18.563547008115624,0.8808974363288193,0.011373176794170329,-0.0007692540808692527,0.011373176794170329,0.0007692540808692527,0.00015144939243327826,-1.88102712854743e-05,0.5785374045372009,0.0,19.444444444444443,211,205,4.377187252044678,RoadOption.STRAIGHT,99.02054595947266,50.65007019042969,1.5776161497143715,2.8,1.2,4.5,3.0,10.0,0.6,0.01,0.06,0.55,0.16,0.2,0.35,1.0,12,10.0,14.0,0.9,1.2,0.6,0.01,0.06,0.65,0.3,0.72,0.005,0.38,0.22,0.01,0.14,1.0,0.28
lqr,ground_truth,curvy,400.0,0.05,0.1,1.0,46.56569134071469,99.0743637084961,41.201210021972656,18.56354545637659,0.8808989880678517,0.010619457584333667,-0.0007171892815582837,0.010619457584333667,0.0007171892815582837,0.0001344750344287604,-1.6974358004517853e-05,0.5785412788391113,0.0,19.444444444444443,212,206,4.449018955230713,RoadOption.STRAIGHT,99.01372528076172,51.650047302246094,1.5776161497143715,2.8,1.2,4.5,3.0,10.0,0.6,0.01,0.06,0.55,0.16,0.2,0.35,1.0,12,10.0,14.0,0.9,1.2,0.6,0.01,0.06,0.65,0.3,0.72,0.005,0.38,0.22,0.01,0.14,1.0,0.28
lqr,ground_truth,curvy,400.0,0.05,0.1,1.0,46.61569134145975,99.0687255859375,42.12936019897461,18.56354534938163,0.8808990950628122,0.00992677211138042,-0.0006695186980456569,0.00992677211138042,0.0006695186980456569,0.0001217302487930283,-1.2744785635732114e-05,0.5785396099090576,0.0,19.444444444444443,213,207,4.52085018157959,RoadOption.STRAIGHT,99.00690460205078,52.6500244140625,1.5776161497143715,2.8,1.2,4.5,3.0,10.0,0.6,0.01,0.06,0.55,0.16,0.2,0.35,1.0,12,10.0,14.0,0.9,1.2,0.6,0.01,0.06,0.65,0.3,0.72,0.005,0.38,0.22,0.01,0.14,1.0,0.28
lqr,ground_truth,curvy,400.0,0.05,0.1,1.0,46.66569134220481,99.06306457519531,43.05751037597656,18.563544861837546,0.8808995826068973,0.009256974289758451,-0.0006259760142230952,0.009256974289758451,0.0006259760142230952,0.00012482756574172527,3.097316948696971e-06,0.5785403251647949,0.0,19.444444444444443,214,208,4.592681884765625,RoadOption.STRAIGHT,99.00008392333984,53.64999771118164,-4.705568624832996,2.8,1.2,4.5,3.0,10.0,0.6,0.01,0.06,0.55,0.16,0.2,0.35,1.0,12,10.0,14.0,0.9,1.2,0.6,0.01,0.06,0.65,0.3,0.72,0.005,0.38,0.22,0.01,0.14,1.0,0.28
lqr,ground_truth,curvy,400.0,0.05,0.1,1.0,46.71569134294987,99.05734252929688,43.98565673828125,18.563544321451673,0.8809001229927702,0.008648236220378067,-0.0005854959656539371,0.008648236220378067,0.0005854959656539371,9.84130019787699e-05,-2.6414563762955368e-05,0.5785407423973083,0.0,19.444444444444443,215,209,4.664516925811768,RoadOption.STRAIGHT,98.9932632446289,54.64997482299805,-4.705568624832996,2.8,1.2,4.5,3.0,10.0,0.6,0.01,0.06,0.55,0.16,0.2,0.35,1.0,12,10.0,14.0,0.9,1.2,0.6,0.01,0.06,0.65,0.3,0.72,0.005,0.38,0.22,0.01,0.14,1.0,0.28
lqr,ground_truth,curvy,400.0,0.05,0.1,1.0,46.765691343694925,99.05159759521484,44.9138069152832,18.563543016993457,0.8809014274509863,0.008069989004081218,-0.0005482117103925432,0.008069989004081218,0.0005482117103925432,0.0001314811670454219,3.3068165066652e-05,0.5785424113273621,0.0,19.444444444444443,216,210,4.736348628997803,RoadOption.STRAIGHT,98.98644256591797,55.64995193481445,-4.705568624832996,2.8,1.2,4.5,3.0,10.0,0.6,0.01,0.06,0.55,0.16,0.2,0.35,1.0,12,10.0,14.0,0.9,1.2,0.6,0.01,0.06,0.65,0.3,0.72,0.005,0.38,0.22,0.01,0.14,1.0,0.28
lqr,ground_truth,curvy,400.0,0.05,0.1,1.0,46.81569134443998,99.0457992553711,45.841957092285156,18.56354045962735,0.8809039848170919,0.007537517090446925,-0.0005118595615130062,0.007537517090446925,0.0005118595615130062,0.00011616707342909649,-1.5314093616325408e-05,0.5785454511642456,0.0,19.444444444444443,217,211,4.80817985534668,RoadOption.STRAIGHT,98.97962188720703,56.64992904663086,-4.705568624832996,2.8,1.2,4.5,3.0,10.0,0.6,0.01,0.06,0.55,0.16,0.2,0.35,1.0,12,10.0,14.0,0.9,1.2,0.6,0.01,0.06,0.65,0.3,0.72,0.005,0.38,0.22,0.01,0.14,1.0,0.28
lqr,ground_truth,curvy,400.0,0.05,0.1,1.0,46.86569134518504,99.03995513916016,46.77010726928711,18.563539231152742,0.880905213291701,0.007050820479475181,-0.00047604004485179985,0.007050820479475181,0.00047604004485179985,8.803018863545731e-05,-2.8136884793639183e-05,0.5785446166992188,0.0,19.444444444444443,218,212,4.880011081695557,RoadOption.STRAIGHT,98.97280883789062,57.649906158447266,-4.705568624832996,2.8,1.2,4.5,3.0,10.0,0.6,0.01,0.06,0.55,0.16,0.2,0.35,1.0,12,10.0,14.0,0.9,1.2,0.6,0.01,0.06,0.65,0.3,0.72,0.005,0.38,0.22,0.01,0.14,1.0,0.28
lqr,ground_truth,curvy,400.0,0.05,0.1,1.0,46.9156913459301,99.03409576416016,47.69825744628906,18.563537284231398,0.8809071602130452,0.006579382302724299,-0.0004423510570621403,0.006579382302724299,0.0004423510570621403,7.239109254442155e-05,-1.5639096091035753e-05,0.5785466432571411,0.0,19.444444444444443,219,213,4.951842308044434,RoadOption.STRAIGHT,98.96598815917969,58.64988327026367,-4.705568624832996,2.8,1.2,4.5,3.0,10.0,0.6,0.01,0.06,0.55,0.16,0.2,0.35,1.0,12,10.0,14.0,0.9,1.2,0.6,0.01,0.06,0.65,0.3,0.72,0.005,0.38,0.22,0.01,0.14,1.0,0.28
lqr,ground_truth,curvy,400.0,0.05,0.1,1.0,46.96569134667516,99.0281982421875,48.62640380859375,18.563538799478938,0.8809056449655053,0.006148765979389712,-0.0004143878656162059,0.006148765979389712,0.0004143878656162059,7.470986020052806e-05,2.318767656106502e-06,0.5785415768623352,0.0,19.444444444444443,219,214,5.023673057556152,RoadOption.STRAIGHT,98.96598815917969,58.64988327026367,-4.705568624832996,2.8,1.2,4.5,3.0,10.0,0.6,0.01,0.06,0.55,0.16,0.2,0.35,1.0,12,10.0,14.0,0.9,1.2,0.6,0.01,0.06,0.65,0.3,0.72,0.005,0.38,0.22,0.01,0.14,1.0,0.28
lqr,ground_truth,curvy,400.0,0.05,0.1,1.0,47.015691347420216,99.02228546142578,49.5545539855957,18.563540312020233,0.8809041324242095,0.005731144083991543,-0.0003882888869348733,0.005731144083991543,0.0003882888869348733,8.293596329167485e-05,8.226103091146797e-06,0.5785406827926636,0.0,19.444444444444443,220,214,4.095504283905029,RoadOption.STRAIGHT,98.95916748046875,59.64986038208008,-4.705568624832996,2.8,1.2,4.5,3.0,10.0,0.6,0.01,0.06,0.55,0.16,0.2,0.35,1.0,12,10.0,14.0,0.9,1.2,0.6,0.01,0.06,0.65,0.3,0.72,0.005,0.38,0.22,0.01,0.14,1.0,0.28
lqr,ground_truth,curvy,400.0,0.05,0.1,1.0,47.065691348165274,99.0163345336914,50.482704162597656,18.56353807128585,0.8809063731585915,0.0053512947721751115,-0.00036338833074189836,0.0053512947721751115,0.00036338833074189836,8.08006152510643e-05,-2.135348040610552e-06,0.5785465240478516,0.0,19.444444444444443,221,215,4.167335033416748,RoadOption.STRAIGHT,98.95234680175781,60.649837493896484,-4.705568624832996,2.8,1.2,4.5,3.0,10.0,0.6,0.01,0.06,0.55,0.16,0.2,0.35,1.0,12,10.0,14.0,0.9,1.2,0.6,0.01,0.06,0.65,0.3,0.72,0.005,0.38,0.22,0.01,0.14,1.0,0.28
lqr,ground_truth,curvy,400.0,0.05,0.1,1.0,47.11569134891033,99.01036071777344,51.41085433959961,18.563539439081108,0.8809050053633349,0.004994333111606818,-0.00033888724871289355,0.004994333111606818,0.00033888724871289355,7.155240746214986e-05,-9.248207788914442e-06,0.5785413384437561,0.0,19.444444444444443,222,216,4.239165306091309,RoadOption.STRAIGHT,98.94552612304688,61.64981460571289,-4.705568624832996,2.8,1.2,4.5,3.0,10.0,0.6,0.01,0.06,0.55,0.16,0.2,0.35,1.0,12,10.0,14.0,0.9,1.2,0.6,0.01,0.06,0.65,0.3,0.72,0.005,0.38,0.22,0.01,0.14,1.0,0.28
lqr,ground_truth,curvy,400.0,0.05,0.1,1.0,47.16569134965539,99.00436401367188,52.33900451660156,18.563542394223102,0.8809020502213407,0.004660259102286655,-0.00031531827306530147,0.004660259102286655,0.00031531827306530147,3.851130895782262e-05,-3.304109850432724e-05,0.5785377025604248,0.0,19.444444444444443,223,217,4.310996055603027,RoadOption.STRAIGHT,98.93870544433594,62.6497917175293,-4.705568624832996,2.8,1.2,4.5,3.0,10.0,0.6,0.01,0.06,0.55,0.16,0.2,0.35,1.0,12,10.0,14.0,0.9,1.2,0.6,0.01,0.06,0.65,0.3,0.72,0.005,0.38,0.22,0.01,0.14,1.0,0.28
lqr,ground_truth,curvy,400.0,0.05,0.1,1.0,47.21569135040045,98.99834442138672,53.26715087890625,18.563540720984467,0.8809037234599764,0.0043567279786873095,-0.0002948119326724452,0.0043567279786873095,0.0002948119326724452,6.716397183481604e-05,2.8652662876993418e-05,0.5785442590713501,0.0,19.444444444444443,224,218,4.3828301429748535,RoadOption.STRAIGHT,98.93189239501953,63.6497688293457,-4.705568624832996,2.8,1.2,4.5,3.0,10.0,0.6,0.01,0.06,0.55,0.16,0.2,0.35,1.0,12,10.0,14.0,0.9,1.2,0.6,0.01,0.06,0.65,0.3,0.72,0.005,0.38,0.22,0.01,0.14,1.0,0.28
lqr,ground_truth,curvy,400.0,0.05,0.1,1.0,47.265691351145506,98.99229431152344,54.1953010559082,18.563539739256445,0.8809047051879979,0.004076058488946134,-0.00027656927920460816,0.004076058488946134,0.00027656927920460816,6.412357470253482e-05,-3.040397132281214e-06,0.578544020652771,0.0,19.444444444444443,225,219,4.454660415649414,RoadOption.STRAIGHT,98.9250717163086,64.64974212646484,-4.705568624832996,2.8,1.2,4.5,3.0,10.0,0.6,0.01,0.06,0.55,0.16,0.2,0.35,1.0,12,10.0,14.0,0.9,1.2,0.6,0.01,0.06,0.65,0.3,0.72,0.005,0.38,0.22,0.01,0.14,1.0,0.28
lqr,ground_truth,curvy,400.0,0.05,0.1,1.0,47.315691351890564,98.98624420166016,55.123451232910156,18.563542325250797,0.8809021191936459,0.0037953889992049586,-0.0002573945193553584,0.0037953889992049586,0.0002573945193553584,5.637593858409673e-05,-7.747636118438095e-06,0.578538179397583,0.0,19.444444444444443,226,220,4.526490688323975,RoadOption.STRAIGHT,98.91825103759766,65.64971923828125,-4.705568624832996,2.8,1.2,4.5,3.0,10.0,0.6,0.01,0.06,0.55,0.16,0.2,0.35,1.0,12,10.0,14.0,0.9,1.2,0.6,0.01,0.06,0.65,0.3,0.72,0.005,0.38,0.22,0.01,0.14,1.0,0.28
lqr,ground_truth,curvy,400.0,0.05,0.1,1.0,47.36569135263562,98.98016357421875,56.05160140991211,18.56354273447905,0.8809017099653929,0.0035452363777946326,-0.00023928502394454654,0.0035452363777946326,0.00023928502394454654,4.394364441395737e-05,-1.2432294170139357e-05,0.578540563583374,0.0,19.444444444444443,227,221,4.598320960998535,RoadOption.STRAIGHT,98.91143035888672,66.64969635009766,-4.705568624832996,2.8,1.2,4.5,3.0,10.0,0.6,0.01,0.06,0.55,0.16,0.2,0.35,1.0,12,10.0,14.0,0.9,1.2,0.6,0.01,0.06,0.65,0.3,0.72,0.005,0.38,0.22,0.01,0.14,1.0,0.28
lqr,ground_truth,curvy,400.0,0.05,0.1,1.0,47.41569135338068,98.97406005859375,56.97975158691406,18.563544720792482,0.8808997236519609,0.003317971407632441,-0.00022210763491337104,0.003317971407632441,0.00022210763491337104,3.173753066221252e-05,-1.2206113751744851e-05,0.5785374641418457,0.0,19.444444444444443,228,222,4.6701507568359375,RoadOption.STRAIGHT,98.90460968017578,67.64967346191406,-4.705568624832996,2.8,1.2,4.5,3.0,10.0,0.6,0.01,0.06,0.55,0.16,0.2,0.35,1.0,12,10.0,14.0,0.9,1.2,0.6,0.01,0.06,0.65,0.3,0.72,0.005,0.38,0.22,0.01,0.14,1.0,0.28
lqr,ground_truth,curvy,400.0,0.05,0.1,1.0,47.46569135412574,98.96796417236328,57.90789794921875,18.563544499993736,0.8808999444507073,0.0030831032377774993,-0.00020839235529912514,0.0030831032377774993,0.00020839235529912514,2.062042403849773e-05,-1.111710662371479e-05,0.5785402059555054,0.0,19.444444444444443,229,223,4.7419843673706055,RoadOption.STRAIGHT,98.89778900146484,68.64965057373047,-4.705568624832996,2.8,1.2,4.5,3.0,10.0,0.6,0.01,0.06,0.55,0.16,0.2,0.35,1.0,12,10.0,14.0,0.9,1.2,0.6,0.01,0.06,0.65,0.3,0.72,0.005,0.38,0.22,0.01,0.14,1.0,0.28
lqr,ground_truth,curvy,400.0,0.05,0.1,1.0,47.515691354870796,98.96184539794922,58.8360481262207,18.563540179893735,0.8809042645507077,0.0028787259188634458,-0.00019680760455642599,0.0028787259188634458,0.00019680760455642599,6.222438241820782e-05,4.160395837971009e-05,0.5785477161407471,0.0,19.444444444444443,230,224,4.813814163208008,RoadOption.STRAIGHT,98.8909683227539,69.64962768554688,-4.705568624832996,2.8,1.2,4.5,3.0,10.0,0.6,0.01,0.06,0.55,0.16,0.2,0.35,1.0,12,10.0,14.0,0.9,1.2,0.6,0.01,0.06,0.65,0.3,0.72,0.005,0.38,0.22,0.01,0.14,1.0,0.28
lqr,ground_truth,curvy,400.0,0.05,0.1,1.0,47.565691355615854,98.95570373535156,59.764198303222656,18.563538701241328,0.8809057432031153,0.002689581016724854,-0.00018429074743409046,0.002689581016724854,0.00018429074743409046,5.517789031728171e-05,-7.046492100926116e-06,0.5785452127456665,0.0,19.444444444444443,231,225,4.8856401443481445,RoadOption.STRAIGHT,98.88414764404297,70.64960479736328,-4.705568624832996,2.8,1.2,4.5,3.0,10.0,0.6,0.01,0.06,0.55,0.16,0.2,0.35,1.0,12,10.0,14.0,0.9,1.2,0.6,0.01,0.06,0.65,0.3,0.72,0.005,0.38,0.22,0.01,0.14,1.0,0.28
lqr,ground_truth,curvy,400.0,0.05,0.1,1.0,47.61569135636091,98.94954681396484,60.69234848022461,18.563540654144724,0.880903790299719,0.0025157205661416535,-0.00016990967754715314,0.0025157205661416535,0.00016990967754715314,3.251830275985412e-05,-2.2659587557427585e-05,0.5785399079322815,0.0,19.444444444444443,232,226,4.957469940185547,RoadOption.STRAIGHT,98.87732696533203,71.64958190917969,-4.705568624832996,2.8,1.2,4.5,3.0,10.0,0.6,0.01,0.06,0.55,0.16,0.2,0.35,1.0,12,10.0,14.0,0.9,1.2,0.6,0.01,0.06,0.65,0.3,0.72,0.005,0.38,0.22,0.01,0.14,1.0,0.28
lqr,ground_truth,curvy,400.0,0.05,0.1,1.0,47.66569135710597,98.94340515136719,61.6204948425293,18.563542025462155,0.8809024189822878,0.0023266276987829806,-0.00015712650431609632,0.0023266276987829806,0.00015712650431609632,2.802696508297231e-05,-4.4913376768818125e-06,0.5785397887229919,0.0,19.444444444444443,232,227,5.029303550720215,RoadOption.STRAIGHT,98.87732696533203,71.64958190917969,-4.705568624832996,2.8,1.2,4.5,3.0,10.0,0.6,0.01,0.06,0.55,0.16,0.2,0.35,1.0,12,10.0,14.0,0.9,1.2,0.6,0.01,0.06,0.65,0.3,0.72,0.005,0.38,0.22,0.01,0.14,1.0,0.28
lqr,ground_truth,curvy,400.0,0.05,0.1,1.0,47.71569135785103,98.93721771240234,62.54864501953125,18.563543352807102,0.880901091637341,0.0021836576183624397,-0.000145674911628646,0.0021836576183624397,0.000145674911628646,1.663309922150802e-05,-1.1393865861464292e-05,0.5785390734672546,0.0,19.444444444444443,233,227,4.101132869720459,RoadOption.STRAIGHT,98.87051391601562,72.6495590209961,-4.705568624832996,2.8,1.2,4.5,3.0,10.0,0.6,0.01,0.06,0.55,0.16,0.2,0.35,1.0,12,10.0,14.0,0.9,1.2,0.6,0.01,0.06,0.65,0.3,0.72,0.005,0.38,0.22,0.01,0.14,1.0,0.28
lqr,ground_truth,curvy,400.0,0.05,0.1,1.0,47.76569135859609,98.93101501464844,63.4767951965332,18.563544414743635,0.8809000297008076,0.002055572470275508,-0.00013648700586799123,0.002055572470275508,0.00013648700586799123,1.4602440387534443e-05,-2.0306588339735754e-06,0.578538715839386,0.0,19.444444444444443,234,228,4.172962188720703,RoadOption.STRAIGHT,98.86369323730469,73.6495361328125,-4.705568624832996,2.8,1.2,4.5,3.0,10.0,0.6,0.01,0.06,0.55,0.16,0.2,0.35,1.0,12,10.0,14.0,0.9,1.2,0.6,0.01,0.06,0.65,0.3,0.72,0.005,0.38,0.22,0.01,0.14,1.0,0.28
lqr,ground_truth,curvy,400.0,0.05,0.1,1.0,47.815691359341145,98.92481994628906,64.40494537353516,18.563545417481638,0.8808990269628048,0.0019198581051058615,-0.0001287638387061918,0.0019198581051058615,0.0001287638387061918,2.428529660392087e-05,9.682856216386426e-06,0.5785382390022278,0.0,19.444444444444443,235,229,4.2447919845581055,RoadOption.STRAIGHT,98.85687255859375,74.6495132446289,-4.705568624832996,2.8,1.2,4.5,3.0,10.0,0.6,0.01,0.06,0.55,0.16,0.2,0.35,1.0,12,10.0,14.0,0.9,1.2,0.6,0.01,0.06,0.65,0.3,0.72,0.005,0.38,0.22,0.01,0.14,1.0,0.28
lqr,ground_truth,curvy,400.0,0.05,0.1,1.0,47.8656913600862,98.91861724853516,65.33309173583984,18.563542776941503,0.8809016675029397,0.001791798974408891,-0.00012197277792580508,0.001791798974408891,0.00012197277792580508,3.3170243114000186e-05,8.884946510079317e-06,0.5785441398620605,0.0,19.444444444444443,236,230,4.316625118255615,RoadOption.STRAIGHT,98.85005187988281,75.64949035644531,-4.705568624832996,2.8,1.2,4.5,3.0,10.0,0.6,0.01,0.06,0.55,0.16,0.2,0.35,1.0,12,10.0,14.0,0.9,1.2,0.6,0.01,0.06,0.65,0.3,0.72,0.005,0.38,0.22,0.01,0.14,1.0,0.28
lqr,ground_truth,curvy,400.0,0.05,0.1,1.0,47.91569136083126,98.91242218017578,66.26124572753906,18.56354405553661,0.8809003889078326,0.0016560585918492833,-0.00011438276881925447,0.0016560585918492833,0.00011438276881925447,3.771791307372041e-05,4.547669959720224e-06,0.578538715839386,0.0,19.444444444444443,237,231,4.388450622558594,RoadOption.STRAIGHT,98.84323120117188,76.64946746826172,-4.705568624832996,2.8,1.2,4.5,3.0,10.0,0.6,0.01,0.06,0.55,0.16,0.2,0.35,1.0,12,10.0,14.0,0.9,1.2,0.6,0.01,0.06,0.65,0.3,0.72,0.005,0.38,0.22,0.01,0.14,1.0,0.28
lqr,ground_truth,curvy,400.0,0.05,0.1,1.0,47.96569136157632,98.90619659423828,67.18939208984375,18.563545353842834,0.8808990906016092,0.0015508871124004474,-0.00010586065333129113,0.0015508871124004474,0.00010586065333129113,2.39707969740266e-06,-3.532083337631775e-05,0.5785378813743591,0.0,19.444444444444443,238,232,4.4602837562561035,RoadOption.STRAIGHT,98.83641052246094,77.6494369506836,-4.705568624832996,2.8,1.2,4.5,3.0,10.0,0.6,0.01,0.06,0.55,0.16,0.2,0.35,1.0,12,10.0,14.0,0.9,1.2,0.6,0.01,0.06,0.65,0.3,0.72,0.005,0.38,0.22,0.01,0.14,1.0,0.28
lqr,ground_truth,curvy,400.0,0.05,0.1,1.0,48.01569136232138,98.89995574951172,68.11754608154297,18.56354576035299,0.8808986840914521,0.00146855124941982,-9.893643449743195e-05,0.00146855124941982,9.893643449743195e-05,2.390130794083234e-05,2.150422824342968e-05,0.578538715839386,0.0,19.444444444444443,239,233,4.532108783721924,RoadOption.STRAIGHT,98.82958984375,78.6494140625,-4.705568624832996,2.8,1.2,4.5,3.0,10.0,0.6,0.01,0.06,0.55,0.16,0.2,0.35,1.0,12,10.0,14.0,0.9,1.2,0.6,0.01,0.06,0.65,0.3,0.72,0.005,0.38,0.22,0.01,0.14,1.0,0.28
lqr,ground_truth,curvy,400.0,0.05,0.1,1.0,48.065691363066435,98.89370727539062,69.04569244384766,18.563541063938715,0.8809033805057283,0.0013862674212191256,-9.241168982576653e-05,0.0013862674212191256,9.241168982576653e-05,1.5960325981723145e-05,-7.940981959109195e-06,0.5785476565361023,0.0,19.444444444444443,240,234,4.603941917419434,RoadOption.STRAIGHT,98.82276916503906,79.6493911743164,-4.705568624832996,2.8,1.2,4.5,3.0,10.0,0.6,0.01,0.06,0.55,0.16,0.2,0.35,1.0,12,10.0,14.0,0.9,1.2,0.6,0.01,0.06,0.65,0.3,0.72,0.005,0.38,0.22,0.01,0.14,1.0,0.28
lqr,ground_truth,curvy,400.0,0.05,0.1,1.0,48.11569136381149,98.88745880126953,69.97383880615234,18.563541810684164,0.8809026337602788,0.0013039835930184242,-8.668589348204137e-05,0.0013039835930184242,8.668589348204137e-05,1.3044664228800684e-05,-2.9156617529224604e-06,0.5785406827926636,0.0,19.444444444444443,241,235,4.675774574279785,RoadOption.STRAIGHT,98.81594848632812,80.64936828613281,-4.705568624832996,2.8,1.2,4.5,3.0,10.0,0.6,0.01,0.06,0.55,0.16,0.2,0.35,1.0,12,10.0,14.0,0.9,1.2,0.6,0.01,0.06,0.65,0.3,0.72,0.005,0.38,0.22,0.01,0.14,1.0,0.28
lqr,ground_truth,curvy,400.0,0.05,0.1,1.0,48.16569136455655,98.88121032714844,70.90199279785156,18.563542471565945,0.8809019728784975,0.0012216477300378004,-8.189220351972892e-05,0.0012216477300378004,8.189220351972892e-05,1.5710680600022897e-05,2.666016371222213e-06,0.5785403847694397,0.0,19.444444444444443,242,236,4.747600078582764,RoadOption.STRAIGHT,98.80912780761719,81.64934539794922,-4.705568624832996,2.8,1.2,4.5,3.0,10.0,0.6,0.01,0.06,0.55,0.16,0.2,0.35,1.0,12,10.0,14.0,0.9,1.2,0.6,0.01,0.06,0.65,0.3,0.72,0.005,0.38,0.22,0.01,0.14,1.0,0.28
lqr,ground_truth,curvy,400.0,0.05,0.1,1.0,48.21569136530161,98.87496185302734,71.83013916015625,18.563543182865555,0.880901261578888,0.0011393639018370955,-7.669903939344636e-05,0.0011393639018370955,7.669903939344636e-05,1.6622774637653492e-05,9.120940376305953e-07,0.5785399079322815,0.0,19.444444444444443,243,237,4.819433212280273,RoadOption.STRAIGHT,98.80230712890625,82.64932250976562,-4.705568624832996,2.8,1.2,4.5,3.0,10.0,0.6,0.01,0.06,0.55,0.16,0.2,0.35,1.0,12,10.0,14.0,0.9,1.2,0.6,0.01,0.06,0.65,0.3,0.72,0.005,0.38,0.22,0.01,0.14,1.0,0.28
lqr,ground_truth,curvy,400.0,0.05,0.1,1.0,48.26569136604667,98.86872100830078,72.75829315185547,18.563543888686556,0.8809005557578864,0.0010493467869938378,-7.163903332241262e-05,0.0010493467869938378,7.163903332241262e-05,2.0506100554484874e-05,3.883325916831382e-06,0.5785394906997681,0.0,19.444444444444443,244,238,4.891251087188721,RoadOption.STRAIGHT,98.79549407958984,83.64929962158203,1.5776161497143715,2.8,1.2,4.5,3.0,10.0,0.6,0.01,0.06,0.55,0.16,0.2,0.35,1.0,12,10.0,14.0,0.9,1.2,0.6,0.01,0.06,0.65,0.3,0.72,0.005,0.38,0.22,0.01,0.14,1.0,0.28
lqr,ground_truth,curvy,400.0,0.05,0.1,1.0,48.315691366791725,98.86246490478516,73.68643951416016,18.56354084897885,0.8809035954655933,0.0009746921758758478,-6.631271114443393e-05,0.0009746921758758478,6.631271114443393e-05,1.6338697605533525e-05,-4.167402948951349e-06,0.5785458087921143,0.0,19.444444444444443,245,239,4.963083744049072,RoadOption.STRAIGHT,98.7886734008789,84.64927673339844,1.5776161497143715,2.8,1.2,4.5,3.0,10.0,0.6,0.01,0.06,0.55,0.16,0.2,0.35,1.0,12,10.0,14.0,0.9,1.2,0.6,0.01,0.06,0.65,0.3,0.72,0.005,0.38,0.22,0.01,0.14,1.0,0.28
lqr,ground_truth,curvy,400.0,0.05,0.1,1.0,48.36569136753678,98.85621643066406,74.61458587646484,18.56354148296067,0.8809029614837733,0.0008924083476751568,-6.165217923559396e-05,0.0008924083476751568,6.165217923559396e-05,1.836209230532404e-05,2.023394699790515e-06,0.5785410404205322,0.0,19.444444444444443,245,240,5.034916877746582,RoadOption.STRAIGHT,98.7886734008789,84.64927673339844,1.5776161497143715,2.8,1.2,4.5,3.0,10.0,0.6,0.01,0.06,0.55,0.16,0.2,0.35,1.0,12,10.0,14.0,0.9,1.2,0.6,0.01,0.06,0.65,0.3,0.72,0.005,0.38,0.22,0.01,0.14,1.0,0.28
lqr,ground_truth,curvy,400.0,0.05,0.1,1.0,48.41569136828184,98.84996032714844,75.54273986816406,18.563542160933533,0.8809022835109097,0.0008180752036090616,-5.659217316456022e-05,0.0008180752036090616,5.659217316456022e-05,1.5598356185364537e-05,-2.7637361199595034e-06,0.578540563583374,0.0,19.444444444444443,246,240,4.106741905212402,RoadOption.STRAIGHT,98.78185272216797,85.64925384521484,1.5776161497143715,2.8,1.2,4.5,3.0,10.0,0.6,0.01,0.06,0.55,0.16,0.2,0.35,1.0,12,10.0,14.0,0.9,1.2,0.6,0.01,0.06,0.65,0.3,0.72,0.005,0.38,0.22,0.01,0.14,1.0,0.28
lqr,ground_truth,curvy,400.0,0.05,0.1,1.0,48.4656913690269,98.84365844726562,76.47088623046875,18.5635427622279,0.8809016822165425,0.0007891958949873476,-5.153216709352648e-05,0.0007891958949873476,5.153216709352648e-05,-2.8164936338725965e-06,-1.8414849819237133e-05,0.5785402655601501,0.0,19.444444444444443,247,241,4.178574562072754,RoadOption.STRAIGHT,98.77503204345703,86.64923095703125,1.5776161497143715,2.8,1.2,4.5,3.0,10.0,0.6,0.01,0.06,0.55,0.16,0.2,0.35,1.0,12,10.0,14.0,0.9,1.2,0.6,0.01,0.06,0.65,0.3,0.72,0.005,0.38,0.22,0.01,0.14,1.0,0.28
lqr,ground_truth,curvy,400.0,0.05,0.1,1.0,48.51569136977196,98.83736419677734,77.39903259277344,18.563542927565322,0.8809015168791205,0.0007526873692829221,-4.7803741566099234e-05,0.0007526873692829221,4.7803741566099234e-05,-6.96416964274249e-06,-4.147676008869894e-06,0.5785406827926636,0.0,19.444444444444443,248,242,4.2504072189331055,RoadOption.STRAIGHT,98.7682113647461,87.64920806884766,1.5776161497143715,2.8,1.2,4.5,3.0,10.0,0.6,0.01,0.06,0.55,0.16,0.2,0.35,1.0,12,10.0,14.0,0.9,1.2,0.6,0.01,0.06,0.65,0.3,0.72,0.005,0.38,0.22,0.01,0.14,1.0,0.28
lqr,ground_truth,curvy,400.0,0.05,0.1,1.0,48.565691370517015,98.83106994628906,78.32718658447266,18.56354304019453,0.8809014042499115,0.0007161268087985707,-4.7803741566099234e-05,0.0007161268087985707,4.7803741566099234e-05,-1.3440707334666513e-05,-6.4765376919240225e-06,0.5785406827926636,0.0,19.444444444444443,249,243,4.322232246398926,RoadOption.STRAIGHT,98.76139068603516,88.64918518066406,1.5776161497143715,2.8,1.2,4.5,3.0,10.0,0.6,0.01,0.06,0.55,0.16,0.2,0.35,1.0,12,10.0,14.0,0.9,1.2,0.6,0.01,0.06,0.65,0.3,0.72,0.005,0.38,0.22,0.01,0.14,1.0,0.28
lqr,ground_truth,curvy,400.0,0.05,0.1,1.0,48.61569137126207,98.82476043701172,79.25533294677734,18.563542989070836,0.880901455373607,0.0007001655142410898,-4.727110934865664e-05,0.0007001655142410898,4.727110934865664e-05,2.2832875401945785e-05,3.62735827366123e-05,0.5785409212112427,0.0,19.444444444444443,250,244,4.394064426422119,RoadOption.STRAIGHT,98.75457763671875,89.64916229248047,1.5776161497143715,2.8,1.2,4.5,3.0,10.0,0.6,0.01,0.06,0.55,0.16,0.2,0.35,1.0,12,10.0,14.0,0.9,1.2,0.6,0.01,0.06,0.65,0.3,0.72,0.005,0.38,0.22,0.01,0.14,1.0,0.28
lqr,ground_truth,curvy,400.0,0.05,0.1,1.0,48.66569137200713,98.81847381591797,80.18348693847656,18.563541860852535,0.880902583591908,0.0006559374803159039,-4.727110934865664e-05,0.0006559374803159039,4.727110934865664e-05,3.3069110941141844e-05,1.0236235539196059e-05,0.5785428881645203,0.0,19.444444444444443,251,245,4.465889930725098,RoadOption.STRAIGHT,98.74775695800781,90.64913940429688,1.5776161497143715,2.8,1.2,4.5,3.0,10.0,0.6,0.01,0.06,0.55,0.16,0.2,0.35,1.0,12,10.0,14.0,0.9,1.2,0.6,0.01,0.06,0.65,0.3,0.72,0.005,0.38,0.22,0.01,0.14,1.0,0.28
lqr,ground_truth,curvy,400.0,0.05,0.1,1.0,48.71569137275219,98.81217193603516,81.11163330078125,18.56354270631645,0.8809017381279922,0.0006270199113279293,-4.181162911454095e-05,0.0006270199113279293,4.181162911454095e-05,7.887748324719723e-06,-2.518136261642212e-05,0.578540027141571,0.0,19.444444444444443,252,246,4.537722110748291,RoadOption.STRAIGHT,98.74093627929688,91.64911651611328,1.5776161497143715,2.8,1.2,4.5,3.0,10.0,0.6,0.01,0.06,0.55,0.16,0.2,0.35,1.0,12,10.0,14.0,0.9,1.2,0.6,0.01,0.06,0.65,0.3,0.72,0.005,0.38,0.22,0.01,0.14,1.0,0.28
lqr,ground_truth,curvy,400.0,0.05,0.1,1.0,48.76569137349725,98.80587768554688,82.039794921875,18.563542887574656,0.8809015568697873,0.0005903690637968084,-3.768372942491993e-05,0.0005903690637968084,3.768372942491993e-05,-4.29753890784923e-06,-1.2185287232568953e-05,0.5785407423973083,0.0,19.444444444444443,253,247,4.60953950881958,RoadOption.STRAIGHT,98.73179626464844,92.59030151367188,1.5888104810404107,2.8,1.2,4.5,3.0,10.0,0.6,0.01,0.06,0.55,0.16,0.2,0.35,1.0,12,10.0,14.0,0.9,1.2,0.6,0.01,0.06,0.65,0.3,0.72,0.005,0.38,0.22,0.01,0.14,1.0,0.28
lqr,ground_truth,curvy,400.0,0.05,0.1,1.0,48.815691374242306,98.79957580566406,82.96796417236328,18.5635428880799,0.8809015563645417,0.0005612954026597561,-3.4887410279793585e-05,0.0005612954026597561,3.4887410279793585e-05,-7.5689240475185215e-06,-3.2713851396692917e-06,0.5785409212112427,0.0,19.444444444444443,254,248,4.681349754333496,RoadOption.STRAIGHT,98.7065658569336,93.48206329345703,1.6093549046376088,2.8,1.2,4.5,3.0,10.0,0.6,0.01,0.06,0.55,0.16,0.2,0.35,1.0,12,10.0,14.0,0.9,1.2,0.6,0.01,0.06,0.65,0.3,0.72,0.005,0.38,0.22,0.01,0.14,1.0,0.28
lqr,ground_truth,curvy,400.0,0.05,0.1,1.0,48.865691374987364,98.79328155517578,83.8961410522461,18.56354288757469,0.8809015568697518,0.0005245404936959214,-3.4887410279793585e-05,0.0005245404936959214,3.4887410279793585e-05,-1.4362826732394751e-05,-6.79390268487623e-06,0.5785409212112427,0.0,19.444444444444443,255,249,4.7531514167785645,RoadOption.STRAIGHT,98.66302490234375,94.37312316894531,1.6298991950767525,2.8,1.2,4.5,3.0,10.0,0.6,0.01,0.06,0.55,0.16,0.2,0.35,1.0,12,10.0,14.0,0.9,1.2,0.6,0.01,0.06,0.65,0.3,0.72,0.005,0.38,0.22,0.01,0.14,1.0,0.28
lqr,ground_truth,curvy,400.0,0.05,0.1,1.0,48.91569137573242,98.78697967529297,84.8243179321289,18.56354272712781,0.8809017173166325,0.0005030440189529375,-3.4887410279793585e-05,0.0005030440189529375,3.4887410279793585e-05,2.6087403966812417e-05,4.045023069920717e-05,0.5785412192344666,0.0,19.444444444444443,256,250,4.824953556060791,RoadOption.STRAIGHT,98.6011734008789,95.26311492919922,1.6504434855158965,2.8,1.2,4.5,3.0,10.0,0.6,0.01,0.06,0.55,0.16,0.2,0.35,1.0,12,10.0,14.0,0.9,1.2,0.6,0.01,0.06,0.65,0.3,0.72,0.005,0.38,0.22,0.01,0.14,1.0,0.28
lqr,ground_truth,curvy,400.0,0.05,0.1,1.0,48.96569137647748,98.78054809570312,85.7525634765625,18.564072772663415,0.8803716717810275,0.000603146741529538,-2.3702133701952732e-05,0.000603146741529538,2.3702133701952732e-05,-9.756653162185103e-05,-0.00012365393558866344,0.5775883793830872,0.0,19.444444444444443,257,251,4.89668607711792,RoadOption.STRAIGHT,98.52106475830078,96.1516342163086,1.6709877759550402,2.8,1.2,4.5,3.0,10.0,0.6,0.01,0.06,0.55,0.16,0.2,0.35,1.0,12,10.0,14.0,0.9,1.2,0.6,0.01,0.06,0.65,0.3,0.72,0.005,0.38,0.22,0.01,0.14,1.0,0.28
lqr,ground_truth,curvy,400.0,0.05,0.1,1.0,49.01569137722254,98.77437591552734,86.68067932128906,18.563972101458095,0.8804723429863479,0.00044474060452975167,-1.1717908796171628e-05,0.00044474060452975167,1.1717908796171628e-05,0.0083905765786767,0.008488143110298552,0.5784035921096802,0.0,19.444444444444443,258,252,4.968550205230713,RoadOption.STRAIGHT,98.42272186279297,97.03832244873047,1.691532066394184,2.8,1.2,4.5,3.0,10.0,0.6,0.01,0.06,0.55,0.16,0.2,0.35,1.0,12,10.0,14.0,0.9,1.2,0.6,0.01,0.06,0.65,0.3,0.72,0.005,0.38,0.22,0.01,0.14,1.0,0.28
lqr,ground_truth,curvy,400.0,0.05,0.1,1.0,49.065691377967596,98.76731872558594,87.60883331298828,18.5635825002921,0.8808619441523433,0.05421538579561774,-0.010542788965351324,0.05421538579561774,0.010542788965351324,0.08935093879699707,0.08096036221832037,0.5789845585823059,0.0,19.444444444444443,259,253,4.981595516204834,RoadOption.STRAIGHT,98.3061752319336,97.92279815673828,1.712076489991382,2.8,1.2,4.5,3.0,10.0,0.6,0.01,0.06,0.55,0.16,0.2,0.35,1.0,12,10.0,14.0,0.9,1.2,0.6,0.01,0.06,0.65,0.3,0.72,0.005,0.38,0.22,0.01,0.14,1.0,0.28
lqr,ground_truth,curvy,400.0,0.05,0.1,1.0,49.115691378712654,98.75432586669922,88.53642272949219,18.550329423529902,0.8941150209145405,0.1429251064088857,-0.025414812598735015,0.1429251064088857,0.025414812598735015,0.15547692775726318,0.06612598896026611,0.6023740768432617,0.0,19.444444444444443,260,254,4.945871829986572,RoadOption.STRAIGHT,98.17149353027344,98.80470275878906,1.732620780430526,2.8,1.2,4.5,3.0,10.0,0.6,0.01,0.06,0.55,0.16,0.2,0.35,1.0,12,10.0,14.0,0.9,1.2,0.6,0.01,0.06,0.65,0.3,0.72,0.005,0.38,0.22,0.01,0.14,1.0,0.28
lqr,ground_truth,curvy,400.0,0.05,0.1,1.0,49.16569137945771,98.72781372070312,89.46243286132812,18.512654715423942,0.9317897290205011,0.2253912462721663,-0.029690118254693587,0.2253912462721663,0.029690118254693587,0.14680932462215424,-0.008667603135108948,0.6542828679084778,0.0,19.444444444444443,261,255,4.911118030548096,RoadOption.STRAIGHT,98.01871490478516,99.68364715576172,1.7531652040277241,2.8,1.2,4.5,3.0,10.0,0.6,0.01,0.06,0.55,0.16,0.2,0.35,1.0,12,10.0,14.0,0.9,1.2,0.6,0.01,0.06,0.65,0.3,0.72,0.005,0.38,0.22,0.01,0.14,1.0,0.28
lqr,ground_truth,curvy,400.0,0.05,0.1,1.0,49.21569138020277,98.68367767333984,90.3862075805664,18.49226193155836,0.9521825128860826,0.3057785425353529,-0.024790967113384355,0.3057785425353529,0.024790967113384355,0.08339623361825943,-0.0634130910038948,0.6457806825637817,0.0,19.444444444444443,262,256,4.877605438232422,RoadOption.STRAIGHT,97.84791564941406,100.55927276611328,1.7737094944668679,2.8,1.2,4.5,3.0,10.0,0.6,0.01,0.06,0.55,0.16,0.2,0.35,1.0,12,10.0,14.0,0.9,1.2,0.6,0.01,0.06,0.65,0.3,0.72,0.005,0.38,0.22,0.01,0.14,1.0,0.28
lqr,ground_truth,curvy,400.0,0.05,0.1,1.0,49.26569138094783,98.62427520751953,91.30937957763672,18.50976970270025,0.9346747417441925,0.38164837787777794,-0.018160095473250593,0.38164837787777794,0.018160095473250593,0.021067598834633827,-0.0623286347836256,0.5897954702377319,0.0,19.444444444444443,263,257,4.84335470199585,RoadOption.STRAIGHT,97.65917205810547,101.43120574951172,1.7942537849060116,2.8,1.2,4.5,3.0,10.0,0.6,0.01,0.06,0.55,0.16,0.2,0.35,1.0,12,10.0,14.0,0.9,1.2,0.6,0.01,0.06,0.65,0.3,0.72,0.005,0.38,0.22,0.01,0.14,1.0,0.28
lqr,ground_truth,curvy,400.0,0.05,0.1,1.0,49.315691381692886,98.55374908447266,92.23312377929688,18.536914813846337,0.9075296305981055,0.4486773524231691,-0.017164605857778792,0.4486773524231691,0.017164605857778792,0.00618003262206912,-0.014887566212564707,0.5619436502456665,0.0,19.444444444444443,264,258,4.806984901428223,RoadOption.STRAIGHT,97.4525375366211,102.29907989501953,1.81479820850321,2.8,1.2,4.5,3.0,10.0,0.6,0.01,0.06,0.55,0.16,0.2,0.35,1.0,12,10.0,14.0,0.9,1.2,0.6,0.01,0.06,0.65,0.3,0.72,0.005,0.38,0.22,0.01,0.14,1.0,0.28
lqr,ground_truth,curvy,400.0,0.05,0.1,1.0,49.365691382437944,98.47325134277344,93.15711975097656,18.55357441932593,0.8908700251185131,0.5056467611143765,-0.02320758468727746,0.5056467611143765,0.02320758468727746,0.03781595826148987,0.03163592563942075,0.5645304918289185,0.0,19.444444444444443,265,259,4.768606662750244,RoadOption.STRAIGHT,97.22813415527344,103.16251373291016,1.8353424989423537,2.8,1.2,4.5,3.0,10.0,0.6,0.01,0.06,0.55,0.16,0.2,0.35,1.0,12,10.0,14.0,0.9,1.2,0.6,0.01,0.06,0.65,0.3,0.72,0.005,0.38,0.22,0.01,0.14,1.0,0.28
lqr,ground_truth,curvy,400.0,0.05,0.1,1.0,49.415691383183,98.37992095947266,94.08019256591797,18.553744047561413,0.8907003968830303,0.5555044681022624,-0.0318564666434189,0.5555044681022624,0.0318564666434189,0.07970704138278961,0.041891083121299744,0.5842167139053345,0.0,19.444444444444443,266,260,4.7291059494018555,RoadOption.STRAIGHT,96.98603057861328,104.02116394042969,1.855886922539552,2.8,1.2,4.5,3.0,10.0,0.6,0.01,0.06,0.55,0.16,0.2,0.35,1.0,12,10.0,14.0,0.9,1.2,0.6,0.01,0.06,0.65,0.3,0.72,0.005,0.38,0.22,0.01,0.14,1.0,0.28
lqr,ground_truth,curvy,400.0,0.05,0.1,1.0,49.46569138392806,98.27042388916016,95.00096130371094,18.538308368776878,0.9061360756675647,0.6017155264624181,-0.03831263491604364,0.6017155264624181,0.03831263491604364,0.10117702931165695,0.02146998792886734,0.6122044324874878,0.0,19.444444444444443,268,261,4.689446449279785,RoadOption.STRAIGHT,96.44918823242188,105.72264099121094,1.896975636575894,2.8,1.2,4.5,3.0,10.0,0.6,0.01,0.06,0.55,0.16,0.2,0.35,1.0,12,10.0,14.0,0.9,1.2,0.6,0.01,0.06,0.65,0.3,0.72,0.005,0.38,0.22,0.01,0.14,1.0,0.28
lqr,ground_truth,curvy,400.0,0.05,0.1,1.0,49.51569138467312,98.1425552368164,95.91840362548828,18.519449932277592,0.924994512166851,0.7502855127444905,-0.06083831720620614,0.7502855127444905,0.06083831720620614,0.14659357070922852,0.045416541397571564,0.6276268362998962,0.0,19.444444444444443,269,263,5.53395414352417,RoadOption.STRAIGHT,96.1546630859375,106.56475067138672,1.9175199270150378,2.8,1.2,4.5,3.0,10.0,0.6,0.01,0.06,0.55,0.16,0.2,0.35,1.0,12,10.0,14.0,0.9,1.2,0.6,0.01,0.06,0.65,0.3,0.72,0.005,0.38,0.22,0.01,0.14,1.0,0.28
lqr,ground_truth,curvy,400.0,0.05,0.1,1.0,49.56569138541818,97.99354553222656,96.83135223388672,18.48896731672153,0.9554771277229115,0.7959540352516616,-0.05688751772907352,0.7959540352516616,0.05688751772907352,0.10197892785072327,-0.04461464285850525,0.6598654389381409,0.0,19.444444444444443,270,264,5.4944281578063965,RoadOption.STRAIGHT,95.8428955078125,107.40062713623047,1.9380642174541816,2.8,1.2,4.5,3.0,10.0,0.6,0.01,0.06,0.55,0.16,0.2,0.35,1.0,12,10.0,14.0,0.9,1.2,0.6,0.01,0.06,0.65,0.3,0.72,0.005,0.38,0.22,0.01,0.14,1.0,0.28
lqr,ground_truth,curvy,400.0,0.05,0.1,1.0,49.615691386163235,97.82364654541016,97.74012756347656,18.4920364697527,0.9524079746917415,0.8430028522955755,-0.0498208197765484,0.8430028522955755,0.0498208197765484,0.044254764914512634,-0.05772416293621063,0.6177617907524109,0.0,19.444444444444443,271,265,5.454989433288574,RoadOption.STRAIGHT,95.51402282714844,108.22992706298828,1.9586086410513799,2.8,1.2,4.5,3.0,10.0,0.6,0.01,0.06,0.55,0.16,0.2,0.35,1.0,12,10.0,14.0,0.9,1.2,0.6,0.01,0.06,0.65,0.3,0.72,0.005,0.38,0.22,0.01,0.14,1.0,0.28
lqr,ground_truth,curvy,400.0,0.05,0.1,1.0,49.66569138690829,97.63693237304688,98.6466293334961,18.5181721844986,0.9262722599458435,0.8869288049579881,-0.04599771887368487,0.8869288049579881,0.04599771887368487,0.016218507662415504,-0.02803625725209713,0.5744004845619202,0.0,19.444444444444443,272,266,5.413806438446045,RoadOption.STRAIGHT,95.16819763183594,109.05228424072266,1.9791529314905236,2.8,1.2,4.5,3.0,10.0,0.6,0.01,0.06,0.55,0.16,0.2,0.35,1.0,12,10.0,14.0,0.9,1.2,0.6,0.01,0.06,0.65,0.3,0.72,0.005,0.38,0.22,0.01,0.14,1.0,0.28
lqr,ground_truth,curvy,400.0,0.05,0.1,1.0,49.71569138765335,97.43611145019531,99.55138397216797,18.540744793488834,0.903699650955609,0.9248964173894821,-0.04839642806751954,0.9248964173894821,0.04839642806751954,0.0313064344227314,0.015087926760315895,0.5651326775550842,0.0,19.444444444444443,273,267,5.370381832122803,RoadOption.STRAIGHT,94.80553436279297,109.86737823486328,1.999697355087722,2.8,1.2,4.5,3.0,10.0,0.6,0.01,0.06,0.55,0.16,0.2,0.35,1.0,12,10.0,14.0,0.9,1.2,0.6,0.01,0.06,0.65,0.3,0.72,0.005,0.38,0.22,0.01,0.14,1.0,0.28
lqr,ground_truth,curvy,400.0,0.05,0.1,1.0,49.76569138839841,97.22059631347656,100.45338439941406,18.54814938592315,0.896295058521293,0.9576731006844724,-0.054718106705094804,0.9576731006844724,0.054718106705094804,0.06705852597951889,0.03575209155678749,0.5788915157318115,0.0,19.444444444444443,274,268,5.325423717498779,RoadOption.STRAIGHT,94.42620849609375,110.67485046386719,2.0202416455268657,2.8,1.2,4.5,3.0,10.0,0.6,0.01,0.06,0.55,0.16,0.2,0.35,1.0,12,10.0,14.0,0.9,1.2,0.6,0.01,0.06,0.65,0.3,0.72,0.005,0.38,0.22,0.01,0.14,1.0,0.28
lqr,ground_truth,curvy,400.0,0.05,0.1,1.0,49.81569138914347,96.98814392089844,101.35098266601562,18.53870136514972,0.905743079294723,0.9878519811449796,-0.060632454853942974,0.9878519811449796,0.060632454853942974,0.09356651455163956,0.026507988572120667,0.6047834753990173,0.0,19.444444444444443,275,269,5.279968738555908,RoadOption.STRAIGHT,94.03038024902344,111.47434997558594,2.040785935966009,2.8,1.2,4.5,3.0,10.0,0.6,0.01,0.06,0.55,0.16,0.2,0.35,1.0,12,10.0,14.0,0.9,1.2,0.6,0.01,0.06,0.65,0.3,0.72,0.005,0.38,0.22,0.01,0.14,1.0,0.28
lqr,ground_truth,curvy,400.0,0.05,0.1,1.0,49.865691389888525,96.73700714111328,102.24272155761719,18.52138925747408,0.9230551869703625,1.0175480158927075,-0.06322983586509734,1.0175480158927075,0.06322983586509734,0.09508301317691803,0.001516498625278473,0.6246076226234436,0.0,19.444444444444443,276,270,5.234828472137451,RoadOption.STRAIGHT,93.61820220947266,112.26555633544922,2.0613303595632075,2.8,1.2,4.5,3.0,10.0,0.6,0.01,0.06,0.55,0.16,0.2,0.35,1.0,12,10.0,14.0,0.9,1.2,0.6,0.01,0.06,0.65,0.3,0.72,0.005,0.38,0.22,0.01,0.14,1.0,0.28
lqr,ground_truth,curvy,400.0,0.05,0.1,1.0,49.91569139063358,96.4669418334961,103.12825012207031,18.511892316089472,0.9325521283549705,1.0471171649164397,-0.06260439248309213,1.0471171649164397,0.06260439248309213,0.07678496837615967,-0.018298044800758362,0.620927631855011,0.0,19.444444444444443,277,271,5.189909934997559,RoadOption.STRAIGHT,93.18987274169922,113.0481185913086,2.081874783160406,2.8,1.2,4.5,3.0,10.0,0.6,0.01,0.06,0.55,0.16,0.2,0.35,1.0,12,10.0,14.0,0.9,1.2,0.6,0.01,0.06,0.65,0.3,0.72,0.005,0.38,0.22,0.01,0.14,1.0,0.28
lqr,ground_truth,curvy,400.0,0.05,0.1,1.0,49.96569139137864,96.17896270751953,104.00808715820312,18.51619183649857,0.9282526079458719,1.075404153393633,-0.06094324575315557,1.075404153393633,0.06094324575315557,0.055917851626873016,-0.02086711674928665,0.6017921566963196,0.0,19.444444444444443,278,272,5.14447021484375,RoadOption.STRAIGHT,92.74554443359375,113.82172393798828,2.102418940441495,2.8,1.2,4.5,3.0,10.0,0.6,0.01,0.06,0.55,0.16,0.2,0.35,1.0,12,10.0,14.0,0.9,1.2,0.6,0.01,0.06,0.65,0.3,0.72,0.005,0.38,0.22,0.01,0.14,1.0,0.28
lqr,ground_truth,curvy,400.0,0.05,0.1,1.0,50.0156913921237,95.87454986572266,104.88288116455078,18.52763060022144,0.9168138442230038,1.1007232493383767,-0.060637115385850926,1.1007232493383767,0.060637115385850926,0.047784194350242615,-0.008133657276630402,0.5863617658615112,0.0,19.444444444444443,279,273,5.097843647003174,RoadOption.STRAIGHT,92.2854232788086,114.58604431152344,2.1229633640386933,2.8,1.2,4.5,3.0,10.0,0.6,0.01,0.06,0.55,0.16,0.2,0.35,1.0,12,10.0,14.0,0.9,1.2,0.6,0.01,0.06,0.65,0.3,0.72,0.005,0.38,0.22,0.01,0.14,1.0,0.28
lqr,ground_truth,curvy,400.0,0.05,0.1,1.0,50.06569139286876,95.55451202392578,105.75263214111328,18.53669623894082,0.9077482055036228,1.122286827181586,-0.06252436449233567,1.122286827181586,0.06252436449233567,0.05532653257250786,0.0075423382222652435,0.5837701559066772,0.0,19.444444444444443,280,274,5.049881935119629,RoadOption.STRAIGHT,91.80968475341797,115.34074401855469,2.1435076544778373,2.8,1.2,4.5,3.0,10.0,0.6,0.01,0.06,0.55,0.16,0.2,0.35,1.0,12,10.0,14.0,0.9,1.2,0.6,0.01,0.06,0.65,0.3,0.72,0.005,0.38,0.22,0.01,0.14,1.0,0.28
lqr,ground_truth,curvy,400.0,0.05,0.1,1.0,50.115691393613815,95.2186508178711,106.61663055419922,18.538289160056777,0.9061552843876655,1.140519552722709,-0.06561336504071802,1.140519552722709,0.06561336504071802,0.0695374459028244,0.014210913330316544,0.5917816758155823,0.0,19.444444444444443,281,275,5.000942707061768,RoadOption.STRAIGHT,91.31855773925781,116.08551025390625,2.164051944916981,2.8,1.2,4.5,3.0,10.0,0.6,0.01,0.06,0.55,0.16,0.2,0.35,1.0,12,10.0,14.0,0.9,1.2,0.6,0.01,0.06,0.65,0.3,0.72,0.005,0.38,0.22,0.01,0.14,1.0,0.28
lqr,ground_truth,curvy,400.0,0.05,0.1,1.0,50.16569139435887,94.8662109375,107.47381591796875,18.532958758711352,0.9114856857330906,1.1565293207041847,-0.06826480822200098,1.1565293207041847,0.06826480822200098,0.07911602407693863,0.009578578174114227,0.6032878756523132,0.0,19.444444444444443,282,276,4.951596260070801,RoadOption.STRAIGHT,90.8122329711914,116.82003021240234,2.184596368514179,2.8,1.2,4.5,3.0,10.0,0.6,0.01,0.06,0.55,0.16,0.2,0.35,1.0,12,10.0,14.0,0.9,1.2,0.6,0.01,0.06,0.65,0.3,0.72,0.005,0.38,0.22,0.01,0.14,1.0,0.28
lqr,ground_truth,curvy,400.0,0.05,0.1,1.0,50.21569139510393,94.49665832519531,108.32339477539062,18.525753783971588,0.9186906604728549,1.1711470284356966,-0.06950051496779786,1.1711470284356966,0.06950051496779786,0.079085573554039,-3.0450522899627686e-05,0.609860360622406,0.0,19.444444444444443,283,277,4.9021124839782715,RoadOption.STRAIGHT,90.29092407226562,117.54399871826172,2.205140658953323,2.8,1.2,4.5,3.0,10.0,0.6,0.01,0.06,0.55,0.16,0.2,0.35,1.0,12,10.0,14.0,0.9,1.2,0.6,0.01,0.06,0.65,0.3,0.72,0.005,0.38,0.22,0.01,0.14,1.0,0.28
lqr,ground_truth,curvy,400.0,0.05,0.1,1.0,50.26569139584899,94.11000061035156,109.16502380371094,18.522056765376547,0.9223876790678958,1.184491823846141,-0.06946869019277147,1.184491823846141,0.06946869019277147,0.07198367267847061,-0.00710190087556839,0.607869029045105,0.0,19.444444444444443,284,278,4.852483749389648,RoadOption.STRAIGHT,89.75485229492188,118.2571029663086,2.2256849493924666,2.8,1.2,4.5,3.0,10.0,0.6,0.01,0.06,0.55,0.16,0.2,0.35,1.0,12,10.0,14.0,0.9,1.2,0.6,0.01,0.06,0.65,0.3,0.72,0.005,0.38,0.22,0.01,0.14,1.0,0.28
lqr,ground_truth,curvy,400.0,0.05,0.1,1.0,50.31569139659405,93.70659637451172,109.99878692626953,18.52345155287653,0.9209928915679129,1.1961976217802701,-0.0690656207617879,1.1961976217802701,0.0690656207617879,0.06473790109157562,-0.007245771586894989,0.6009219884872437,0.0,19.444444444444443,285,279,4.802360534667969,RoadOption.STRAIGHT,89.2042465209961,118.95904541015625,2.246229372989665,2.8,1.2,4.5,3.0,10.0,0.6,0.01,0.06,0.55,0.16,0.2,0.35,1.0,12,10.0,14.0,0.9,1.2,0.6,0.01,0.06,0.65,0.3,0.72,0.005,0.38,0.22,0.01,0.14,1.0,0.28
lqr,ground_truth,curvy,400.0,0.05,0.1,1.0,50.365691397339106,93.2870101928711,110.8246841430664,18.527386960427442,0.9170574840170005,1.2057146886262413,-0.06914831191363513,1.2057146886262413,0.06914831191363513,0.06246897950768471,-0.002268921583890915,0.5955119729042053,0.0,19.444444444444443,287,280,4.751556396484375,RoadOption.STRAIGHT,88.08870697021484,120.28605651855469,2.2969354275125555,2.8,1.2,4.5,3.0,10.0,0.6,0.01,0.06,0.55,0.16,0.2,0.35,1.0,12,10.0,14.0,0.9,1.2,0.6,0.01,0.06,0.65,0.3,0.72,0.005,0.38,0.22,0.01,0.14,1.0,0.28
lqr,ground_truth,curvy,400.0,0.05,0.1,1.0,50.415691398084164,92.85153198242188,111.64250946044922,18.530330629699442,0.9141138147450008,1.3150821721911952,-0.09050699701412501,1.3150821721911952,0.09050699701412501,0.12075625360012054,0.05828727409243584,0.5949358940124512,0.0,19.444444444444443,288,282,5.564661979675293,RoadOption.STRAIGHT,87.51204681396484,120.91769409179688,2.32449541636935,2.8,1.2,4.5,3.0,10.0,0.6,0.01,0.06,0.55,0.16,0.2,0.35,1.0,12,10.0,14.0,0.9,1.2,0.6,0.01,0.06,0.65,0.3,0.72,0.005,0.38,0.22,0.01,0.14,1.0,0.28
lqr,ground_truth,curvy,400.0,0.05,0.1,1.0,50.46569139882922,92.39788818359375,112.44971466064453,18.508347834155916,0.9360966102885264,1.3220487755551702,-0.08890151035097071,1.3220487755551702,0.08890151035097071,0.10767456889152527,-0.013081684708595276,0.6380373239517212,0.0,19.444444444444443,289,283,5.512806415557861,RoadOption.STRAIGHT,86.91819763183594,121.53321075439453,2.3520554052261438,2.8,1.2,4.5,3.0,10.0,0.6,0.01,0.06,0.55,0.16,0.2,0.35,1.0,12,10.0,14.0,0.9,1.2,0.6,0.01,0.06,0.65,0.3,0.72,0.005,0.38,0.22,0.01,0.14,1.0,0.28
lqr,ground_truth,curvy,400.0,0.05,0.1,1.0,50.51569139957428,91.92491912841797,113.24476623535156,18.497614537424674,0.9468299070197688,1.331754276567569,-0.0839187359514324,1.331754276567569,0.0839187359514324,0.07429329305887222,-0.033381275832653046,0.6309779286384583,0.0,19.444444444444443,290,284,5.461933135986328,RoadOption.STRAIGHT,86.3076171875,122.13212585449219,2.379615127766829,2.8,1.2,4.5,3.0,10.0,0.6,0.01,0.06,0.55,0.16,0.2,0.35,1.0,12,10.0,14.0,0.9,1.2,0.6,0.01,0.06,0.65,0.3,0.72,0.005,0.38,0.22,0.01,0.14,1.0,0.28
lqr,ground_truth,curvy,400.0,0.05,0.1,1.0,50.56569140031934,91.43436431884766,114.029296875,18.50777647941485,0.9366679650295922,1.3417881904190843,-0.07916099866400561,1.3417881904190843,0.07916099866400561,0.04867664724588394,-0.02561664581298828,0.5998064279556274,0.0,19.444444444444443,291,285,5.4107160568237305,RoadOption.STRAIGHT,85.68077087402344,122.71399688720703,2.407175116623623,2.8,1.2,4.5,3.0,10.0,0.6,0.01,0.06,0.55,0.16,0.2,0.35,1.0,12,10.0,14.0,0.9,1.2,0.6,0.01,0.06,0.65,0.3,0.72,0.005,0.38,0.22,0.01,0.14,1.0,0.28
lqr,ground_truth,curvy,400.0,0.05,0.1,1.0,50.615691401064396,90.92798614501953,114.80461883544922,18.52446252196911,0.9199819224753334,1.362856716883648,-0.08002066706388344,1.362856716883648,0.08002066706388344,0.0710226446390152,0.022345997393131256,0.5819659233093262,0.0,19.444444444444443,292,286,5.344947338104248,RoadOption.STRAIGHT,85.03812408447266,123.27836608886719,2.4347351054804167,2.8,1.2,4.5,3.0,10.0,0.6,0.01,0.06,0.55,0.16,0.2,0.35,1.0,12,10.0,14.0,0.9,1.2,0.6,0.01,0.06,0.65,0.3,0.72,0.005,0.38,0.22,0.01,0.14,1.0,0.28
lqr,ground_truth,curvy,400.0,0.05,0.1,1.0,50.665691401809454,90.4051513671875,115.56938934326172,18.525640311199957,0.9188041332444854,1.3997022756870445,-0.08672637353064827,1.3997022756870445,0.08672637353064827,0.11304622888565063,0.04202358424663544,0.5998691320419312,0.0,19.444444444444443,293,287,5.254795074462891,RoadOption.STRAIGHT,84.38017272949219,123.82482147216797,2.4622950943372106,2.8,1.2,4.5,3.0,10.0,0.6,0.01,0.06,0.55,0.16,0.2,0.35,1.0,12,10.0,14.0,0.9,1.2,0.6,0.01,0.06,0.65,0.3,0.72,0.005,0.38,0.22,0.01,0.14,1.0,0.28
lqr,ground_truth,curvy,400.0,0.05,0.1,1.0,50.71569140255451,89.86408233642578,116.32059478759766,18.505781808050244,0.9386626363941986,1.430966104439156,-0.09124402684580435,1.430966104439156,0.09124402684580435,0.13411200046539307,0.02106577157974243,0.6370278000831604,0.0,19.444444444444443,294,288,5.163855075836182,RoadOption.STRAIGHT,83.70740509033203,124.3529281616211,2.489855083194005,2.8,1.2,4.5,3.0,10.0,0.6,0.01,0.06,0.55,0.16,0.2,0.35,1.0,12,10.0,14.0,0.9,1.2,0.6,0.01,0.06,0.65,0.3,0.72,0.005,0.38,0.22,0.01,0.14,1.0,0.28
lqr,ground_truth,curvy,400.0,0.05,0.1,1.0,50.76569140329957,89.30340576171875,117.05577087402344,18.480700933641646,0.9637435108027965,1.4593332161703574,-0.0915395045687486,1.4593332161703574,0.0915395045687486,0.1257951855659485,-0.00831681489944458,0.6583431363105774,0.0,19.444444444444443,295,289,5.073134422302246,RoadOption.STRAIGHT,83.02034759521484,124.86229705810547,2.517415072050799,2.8,1.2,4.5,3.0,10.0,0.6,0.01,0.06,0.55,0.16,0.2,0.35,1.0,12,10.0,14.0,0.9,1.2,0.6,0.01,0.06,0.65,0.3,0.72,0.005,0.38,0.22,0.01,0.14,1.0,0.28
lqr,ground_truth,curvy,400.0,0.05,0.1,1.0,50.81569140404463,88.72303771972656,117.77449798583984,18.471329889939437,0.9731145545050062,1.4851288030448102,-0.08874504963692864,1.4851288030448102,0.08874504963692864,0.10004778206348419,-0.025747403502464294,0.645114004611969,0.0,19.444444444444443,297,290,4.9822869300842285,RoadOption.STRAIGHT,81.60543060302734,125.82328033447266,2.572534783448278,2.8,1.2,4.5,3.0,10.0,0.6,0.01,0.06,0.55,0.16,0.2,0.35,1.0,12,10.0,14.0,0.9,1.2,0.6,0.01,0.06,0.65,0.3,0.72,0.005,0.38,0.22,0.01,0.14,1.0,0.28
lqr,ground_truth,curvy,400.0,0.05,0.1,1.0,50.865691404789686,88.1236343383789,118.47769165039062,18.481146510697933,0.5491891791214876,1.646587234895315,-0.11316304103964692,1.646587234895315,0.11316304103964692,0.14979077875614166,0.04974299669265747,0.0,0.12919694185256958,19.03033568981942,298,292,5.706737518310547,RoadOption.STRAIGHT,80.87864685058594,126.27416229248047,2.600094772305072,2.8,1.2,4.5,3.0,10.0,0.6,0.01,0.06,0.55,0.16,0.2,0.35,1.0,12,10.0,14.0,0.9,1.2,0.6,0.01,0.06,0.65,0.3,0.72,0.005,0.38,0.22,0.01,0.14,1.0,0.28
lqr,ground_truth,curvy,400.0,0.05,0.1,1.0,50.915691405534744,87.5042953491211,119.16233825683594,18.437564289785335,0.4312482101305193,1.6647585937594662,-0.1082724120138252,1.6647585937594662,0.1082724120138252,0.11937560886144638,-0.030415169894695282,0.16721975803375244,0.0,18.868812499915855,299,293,5.612387657165527,RoadOption.STRAIGHT,80.13971710205078,126.70486450195312,2.6276547611618657,2.8,1.2,4.5,3.0,10.0,0.6,0.01,0.06,0.55,0.16,0.2,0.35,1.0,12,10.0,14.0,0.9,1.2,0.6,0.01,0.06,0.65,0.3,0.72,0.005,0.38,0.22,0.01,0.14,1.0,0.28
lqr,ground_truth,curvy,400.0,0.05,0.1,1.0,50.9656914062798,86.86713409423828,119.82506561279297,18.33863976356183,0.3662630286915096,1.6831984358714993,-0.10200892344606816,1.6831984358714993,0.10200892344606816,0.08257298916578293,-0.03680261969566345,0.1917756050825119,0.0,18.70490279225334,300,294,5.521361351013184,RoadOption.STRAIGHT,79.38920593261719,127.11502838134766,2.6552147500186596,2.8,1.2,4.5,3.0,10.0,0.6,0.01,0.06,0.55,0.16,0.2,0.35,1.0,12,10.0,14.0,0.9,1.2,0.6,0.01,0.06,0.65,0.3,0.72,0.005,0.38,0.22,0.01,0.14,1.0,0.28
lqr,ground_truth,curvy,400.0,0.05,0.1,1.0,51.01569140702486,86.21638488769531,120.46554565429688,18.196795297172486,0.3600291430961029,1.6998572504697835,-0.09794973331256962,1.6998572504697835,0.09794973331256962,0.06307706236839294,-0.019495926797389984,0.25853681564331055,0.0,18.55682444026859,301,295,5.435630798339844,RoadOption.STRAIGHT,78.62767028808594,127.50433349609375,2.682774738875454,2.8,1.2,4.5,3.0,10.0,0.6,0.01,0.06,0.55,0.16,0.2,0.35,1.0,12,10.0,14.0,0.9,1.2,0.6,0.01,0.06,0.65,0.3,0.72,0.005,0.38,0.22,0.01,0.14,1.0,0.28
lqr,ground_truth,curvy,400.0,0.05,0.1,1.0,51.06569140776992,85.55519104003906,121.08349609375,18.02633282535421,0.4086240921021407,1.7135673467861605,-0.09782349947689939,1.7135673467861605,0.09782349947689939,0.05342317000031471,-0.009653892368078232,0.35348838567733765,0.0,18.43495691745635,302,296,5.356711387634277,RoadOption.STRAIGHT,77.85569763183594,127.8725357055664,2.710334727732248,2.8,1.2,4.5,3.0,10.0,0.6,0.01,0.06,0.55,0.16,0.2,0.35,1.0,12,10.0,14.0,0.9,1.2,0.6,0.01,0.06,0.65,0.3,0.72,0.005,0.38,0.22,0.01,0.14,1.0,0.28
lqr,ground_truth,curvy,400.0,0.05,0.1,1.0,51.11569140851498,84.88539123535156,121.67888641357422,17.849615186855154,0.49344910159721067,1.7239052675491089,-0.10163954300287426,1.7239052675491089,0.10163954300287426,0.08146636188030243,0.028043191879987717,0.4478594660758972,0.0,18.343064288452364,303,297,5.285276412963867,RoadOption.STRAIGHT,77.07386779785156,128.21932983398438,2.7378947165890417,2.8,1.2,4.5,3.0,10.0,0.6,0.01,0.06,0.55,0.16,0.2,0.35,1.0,12,10.0,14.0,0.9,1.2,0.6,0.01,0.06,0.65,0.3,0.72,0.005,0.38,0.22,0.01,0.14,1.0,0.28
lqr,ground_truth,curvy,400.0,0.05,0.1,1.0,51.165691409260035,84.20682525634766,122.25062561035156,17.675520434667902,0.5910605423591484,1.7325096400844566,-0.10677145442345681,1.7325096400844566,0.10677145442345681,0.11084306985139847,0.02937670797109604,0.5217700600624084,0.0,18.26658097702705,304,298,5.221649169921875,RoadOption.STRAIGHT,76.28278350830078,128.54441833496094,2.7654547054458356,2.8,1.2,4.5,3.0,10.0,0.6,0.01,0.06,0.55,0.16,0.2,0.35,1.0,12,10.0,14.0,0.9,1.2,0.6,0.01,0.06,0.65,0.3,0.72,0.005,0.38,0.22,0.01,0.14,1.0,0.28
lqr,ground_truth,curvy,400.0,0.05,0.1,1.0,51.21569141000509,83.51851654052734,122.79737091064453,17.51829515779679,0.6670109277412841,1.7416530653769668,-0.1102351617372137,1.7416530653769668,0.1102351617372137,0.10915454477071762,-0.0016885250806808472,0.5413470268249512,0.0,18.185306085538073,305,299,5.1657328605651855,RoadOption.STRAIGHT,75.48303985595703,128.84759521484375,2.79301469430263,2.8,1.2,4.5,3.0,10.0,0.6,0.01,0.06,0.55,0.16,0.2,0.35,1.0,12,10.0,14.0,0.9,1.2,0.6,0.01,0.06,0.65,0.3,0.72,0.005,0.38,0.22,0.01,0.14,1.0,0.28
lqr,ground_truth,curvy,400.0,0.05,0.1,1.0,51.26569141075015,82.820068359375,123.3198471069336,17.39635908939562,0.7024569711309034,1.751383193190766,-0.11175875619684783,1.751383193190766,0.11175875619684783,0.10964416712522507,0.0004896223545074463,0.514009416103363,0.0,18.098816060526524,306,300,5.116074562072754,RoadOption.STRAIGHT,74.67523956298828,129.12863159179688,2.820574683159424,2.8,1.2,4.5,3.0,10.0,0.6,0.01,0.06,0.55,0.16,0.2,0.35,1.0,12,10.0,14.0,0.9,1.2,0.6,0.01,0.06,0.65,0.3,0.72,0.005,0.38,0.22,0.01,0.14,1.0,0.28
lqr,ground_truth,curvy,400.0,0.05,0.1,1.0,51.31569141149521,82.11133575439453,123.819091796875,17.29765351212968,0.7136708934203249,1.7612260043756243,-0.11205197023286617,1.7612260043756243,0.11205197023286617,0.10257762670516968,-0.007066540420055389,0.4916592538356781,0.0,18.011324405550006,308,301,5.071186542510986,RoadOption.STRAIGHT,73.0379638671875,129.62338256835938,2.8756946608730116,2.8,1.2,4.5,3.0,10.0,0.6,0.01,0.06,0.55,0.16,0.2,0.35,1.0,12,10.0,14.0,0.9,1.2,0.6,0.01,0.06,0.65,0.3,0.72,0.005,0.38,0.22,0.01,0.14,1.0,0.28
lqr,ground_truth,curvy,400.0,0.05,0.1,1.0,51.36569141224027,81.39262390136719,124.29582977294922,17.213321844998184,0.3480025605518229,1.9116070520620796,-0.13952514003812322,1.9116070520620796,0.13952514003812322,0.15845462679862976,0.05587700009346008,0.0,0.18000046908855438,17.561324405550007,309,303,5.834853172302246,RoadOption.STRAIGHT,72.209716796875,129.8367462158203,2.903254383413697,2.8,1.2,4.5,3.0,10.0,0.6,0.01,0.06,0.55,0.16,0.2,0.35,1.0,12,10.0,14.0,0.9,1.2,0.6,0.01,0.06,0.65,0.3,0.72,0.005,0.38,0.22,0.01,0.14,1.0,0.28
lqr,ground_truth,curvy,400.0,0.05,0.1,1.0,51.415691412985325,80.66415405273438,124.74725341796875,17.07652559028585,0.03479881526415696,1.9222920250648168,-0.13693628114245726,1.9222920250648168,0.13693628114245726,0.1368139088153839,-0.02164071798324585,0.0,0.30496519804000854,17.111324405550008,310,304,5.797833442687988,RoadOption.STRAIGHT,71.37590789794922,130.02720642089844,2.9308143722704907,2.8,1.2,4.5,3.0,10.0,0.6,0.01,0.06,0.55,0.16,0.2,0.35,1.0,12,10.0,14.0,0.9,1.2,0.6,0.01,0.06,0.65,0.3,0.72,0.005,0.38,0.22,0.01,0.14,1.0,0.28
lqr,ground_truth,curvy,400.0,0.05,0.1,1.0,51.46569141373038,79.92967224121094,125.1706771850586,16.86185178220004,-0.20052737665003306,1.9369868631167304,-0.1318075655151829,1.9369868631167304,0.1318075655151829,0.07904929667711258,-0.05776461213827133,0.0,0.3528081178665161,16.66132440555001,311,305,5.7699456214904785,RoadOption.STRAIGHT,70.53717041015625,130.19459533691406,2.958374361127285,2.8,1.2,4.5,3.0,10.0,0.6,0.01,0.06,0.55,0.16,0.2,0.35,1.0,12,10.0,14.0,0.9,1.2,0.6,0.01,0.06,0.65,0.3,0.72,0.005,0.38,0.22,0.01,0.14,1.0,0.28
lqr,ground_truth,curvy,400.0,0.05,0.1,1.0,51.51569141447544,79.19480895996094,125.5683822631836,16.601166851628864,-0.2882873295708066,1.9523010537684684,-0.1291028591120984,1.9523010537684684,0.1291028591120984,0.06303208321332932,-0.016017213463783264,0.0,0.22852875292301178,16.312879522058058,312,306,5.753423690795898,RoadOption.STRAIGHT,69.69412994384766,130.3388214111328,2.985934349984079,2.8,1.2,4.5,3.0,10.0,0.6,0.01,0.06,0.55,0.16,0.2,0.35,1.0,12,10.0,14.0,0.9,1.2,0.6,0.01,0.06,0.65,0.3,0.72,0.005,0.38,0.22,0.01,0.14,1.0,0.28
lqr,ground_truth,curvy,400.0,0.05,0.1,1.0,51.5656914152205,78.46298217773438,125.94175720214844,16.311890087752,-0.1274675890090755,1.9667524688914206,-0.13088478019747019,1.9667524688914206,0.13088478019747019,0.054789166897535324,-0.008242916315793991,0.16619499027729034,0.0,16.184422498742926,313,307,5.749697685241699,RoadOption.STRAIGHT,68.84744262695312,130.4597625732422,3.013494338840873,2.8,1.2,4.5,3.0,10.0,0.6,0.01,0.06,0.55,0.16,0.2,0.35,1.0,12,10.0,14.0,0.9,1.2,0.6,0.01,0.06,0.65,0.3,0.72,0.005,0.38,0.22,0.01,0.14,1.0,0.28
lqr,ground_truth,curvy,400.0,0.05,0.1,1.0,51.61569141596556,77.73562622070312,126.29141235351562,16.028367308594152,0.03436608320668455,1.9804424934224059,-0.13666011133741574,1.9804424934224059,0.13666011133741574,0.08316068351268768,0.02837151661515236,0.26452910900115967,0.0,16.062733391800837,314,308,5.759345531463623,RoadOption.STRAIGHT,67.99774169921875,130.55731201171875,3.0410543276976667,2.8,1.2,4.5,3.0,10.0,0.6,0.01,0.06,0.55,0.16,0.2,0.35,1.0,12,10.0,14.0,0.9,1.2,0.6,0.01,0.06,0.65,0.3,0.72,0.005,0.38,0.22,0.01,0.14,1.0,0.28
lqr,ground_truth,curvy,400.0,0.05,0.1,1.0,51.665691416710615,77.0119857788086,126.6167221069336,15.762977668922527,0.16822010222006156,1.9952402507464586,-0.1436096302019778,1.9952402507464586,0.1436096302019778,0.09233146160840988,0.009170778095722198,0.3113500475883484,0.0,15.931197771142589,315,309,5.781898021697998,RoadOption.STRAIGHT,67.14567565917969,130.63143920898438,3.068614316554461,2.8,1.2,4.5,3.0,10.0,0.6,0.01,0.06,0.55,0.16,0.2,0.35,1.0,12,10.0,14.0,0.9,1.2,0.6,0.01,0.06,0.65,0.3,0.72,0.005,0.38,0.22,0.01,0.14,1.0,0.28
lqr,ground_truth,curvy,400.0,0.05,0.1,1.0,51.71569141745567,76.29134368896484,126.91780853271484,15.527853744177218,0.2528628721510877,2.0121693806630656,-0.14990454407059817,2.0121693806630656,0.14990454407059817,0.1116287037730217,0.019297242164611816,0.3032086193561554,0.0,15.780716616328306,316,310,5.816344738006592,RoadOption.STRAIGHT,66.2918930053711,130.68203735351562,3.096174305411255,2.8,1.2,4.5,3.0,10.0,0.6,0.01,0.06,0.55,0.16,0.2,0.35,1.0,12,10.0,14.0,0.9,1.2,0.6,0.01,0.06,0.65,0.3,0.72,0.005,0.38,0.22,0.01,0.14,1.0,0.28
lqr,ground_truth,curvy,400.0,0.05,0.1,1.0,51.76569141820073,75.5730209350586,127.19490051269531,15.314514918247752,0.29010065643150895,2.031980747848583,-0.15449530115767685,2.031980747848583,0.15449530115767685,0.11762174963951111,0.00599304586648941,0.2687457203865051,0.0,15.604615574679261,317,311,5.861566543579102,RoadOption.STRAIGHT,65.4370346069336,130.70909118652344,3.123734294268049,2.8,1.2,4.5,3.0,10.0,0.6,0.01,0.06,0.55,0.16,0.2,0.35,1.0,12,10.0,14.0,0.9,1.2,0.6,0.01,0.06,0.65,0.3,0.72,0.005,0.38,0.22,0.01,0.14,1.0,0.28
lqr,ground_truth,curvy,400.0,0.05,0.1,1.0,51.81569141894579,74.85677337646484,127.44834899902344,15.117538028061789,0.28105199603990805,2.055158622288559,-0.15716378856993618,2.055158622288559,0.15716378856993618,0.0886230394244194,-0.028998710215091705,0.20777280628681183,0.0,15.398590024101697,318,312,5.916732311248779,RoadOption.STRAIGHT,64.56018829345703,130.71270751953125,3.1471855581950687,2.8,1.2,4.5,3.0,10.0,0.6,0.01,0.06,0.55,0.16,0.2,0.35,1.0,12,10.0,14.0,0.9,1.2,0.6,0.01,0.06,0.65,0.3,0.72,0.005,0.38,0.22,0.01,0.14,1.0,0.28
lqr,ground_truth,curvy,400.0,0.05,0.1,1.0,51.86569141969085,74.1431884765625,127.68070983886719,14.936304687161664,0.2436016612086913,2.079760535808335,-0.16032149867444323,2.079760535808335,0.16032149867444323,0.08783621340990067,-0.0007868260145187378,0.15122058987617493,0.0,15.179906348370356,318,313,5.980640888214111,RoadOption.STRAIGHT,64.56018829345703,130.71270751953125,3.1471855581950687,2.8,1.2,4.5,3.0,10.0,0.6,0.01,0.06,0.55,0.16,0.2,0.35,1.0,12,10.0,14.0,0.9,1.2,0.6,0.01,0.06,0.65,0.3,0.72,0.005,0.38,0.22,0.01,0.14,1.0,0.28
lqr,ground_truth,curvy,400.0,0.05,0.1,1.0,51.915691420435905,73.43316650390625,127.89331817626953,14.746181872739538,0.6087244756308188,1.959598257645831,-0.13731791212666566,1.959598257645831,0.13731791212666566,0.049445830285549164,-0.0383903831243515,0.8533820509910583,0.0,15.354906348370356,319,313,5.2550458908081055,RoadOption.STRAIGHT,63.56019973754883,130.7071075439453,3.1471855581950687,2.8,1.2,4.5,3.0,10.0,0.6,0.01,0.06,0.55,0.16,0.2,0.35,1.0,12,10.0,14.0,0.9,1.2,0.6,0.01,0.06,0.65,0.3,0.72,0.005,0.38,0.22,0.01,0.14,1.0,0.28
lqr,ground_truth,curvy,400.0,0.05,0.1,1.0,51.96569142118096,72.72802734375,128.08921813964844,14.56637929258425,0.9635270557861073,1.9808564618951565,-0.14539661129342107,1.9808564618951565,0.14539661129342107,0.054914187639951706,0.005468357354402542,1.0,0.0,15.529906348370357,320,314,5.335456371307373,RoadOption.STRAIGHT,62.56021499633789,130.70152282714844,3.1471855581950687,2.8,1.2,4.5,3.0,10.0,0.6,0.01,0.06,0.55,0.16,0.2,0.35,1.0,12,10.0,14.0,0.9,1.2,0.6,0.01,0.06,0.65,0.3,0.72,0.005,0.38,0.22,0.01,0.14,1.0,0.28
lqr,ground_truth,curvy,400.0,0.05,0.1,1.0,52.01569142192602,72.02681732177734,128.26998901367188,14.43586011315011,1.269046235220248,1.999263142795403,-0.15654087519096693,1.999263142795403,0.15654087519096693,0.09228142350912094,0.037367235869169235,1.0,0.0,15.704906348370358,321,315,5.422360420227051,RoadOption.STRAIGHT,61.56023025512695,130.6959228515625,3.1471855581950687,2.8,1.2,4.5,3.0,10.0,0.6,0.01,0.06,0.55,0.16,0.2,0.35,1.0,12,10.0,14.0,0.9,1.2,0.6,0.01,0.06,0.65,0.3,0.72,0.005,0.38,0.22,0.01,0.14,1.0,0.28
lqr,ground_truth,curvy,400.0,0.05,0.1,1.0,52.06569142267108,71.32585144042969,128.43426513671875,14.389213546353014,1.3494641976726545,2.016898753797112,-0.16695596558204873,2.016898753797112,0.16695596558204873,0.12240158021450043,0.030120156705379486,0.9561800956726074,0.0,15.738677744025669,321,316,5.513004779815674,RoadOption.STRAIGHT,61.56023025512695,130.6959228515625,3.1471855581950687,2.8,1.2,4.5,3.0,10.0,0.6,0.01,0.06,0.55,0.16,0.2,0.35,1.0,12,10.0,14.0,0.9,1.2,0.6,0.01,0.06,0.65,0.3,0.72,0.005,0.38,0.22,0.01,0.14,1.0,0.28
lqr,ground_truth,curvy,400.0,0.05,0.1,1.0,52.11569142341614,70.62042999267578,128.58067321777344,14.434509434489861,1.4791683095358081,1.9026697168969555,-0.14603044363285989,1.9026697168969555,0.14603044363285989,0.08667375147342682,-0.03572782874107361,1.0,0.0,15.91367774402567,322,316,4.811649322509766,RoadOption.STRAIGHT,60.560245513916016,130.69033813476562,3.1471855581950687,2.8,1.2,4.5,3.0,10.0,0.6,0.01,0.06,0.55,0.16,0.2,0.35,1.0,12,10.0,14.0,0.9,1.2,0.6,0.01,0.06,0.65,0.3,0.72,0.005,0.38,0.22,0.01,0.14,1.0,0.28
lqr,ground_truth,curvy,400.0,0.05,0.1,1.0,52.165691424161196,69.90687561035156,128.7123260498047,14.571270614002449,1.517407130023221,1.9166269561246954,-0.15158020502847602,1.9166269561246954,0.15158020502847602,0.09276288747787476,0.006089136004447937,1.0,0.0,16.08867774402567,323,317,4.895564556121826,RoadOption.STRAIGHT,59.56026077270508,130.6847381591797,3.1471855581950687,2.8,1.2,4.5,3.0,10.0,0.6,0.01,0.06,0.55,0.16,0.2,0.35,1.0,12,10.0,14.0,0.9,1.2,0.6,0.01,0.06,0.65,0.3,0.72,0.005,0.38,0.22,0.01,0.14,1.0,0.28
lqr,ground_truth,curvy,400.0,0.05,0.1,1.0,52.215691424906254,69.18245697021484,128.83042907714844,14.756454773590976,1.5072229704346949,1.9081007760691928,-0.15306145522677816,1.9081007760691928,0.15306145522677816,0.04995332658290863,-0.042809560894966125,0.9421128034591675,0.0,16.26367774402567,324,318,4.99082612991333,RoadOption.STRAIGHT,58.56027603149414,130.6791534423828,3.1471855581950687,2.8,1.2,4.5,3.0,10.0,0.6,0.01,0.06,0.55,0.16,0.2,0.35,1.0,12,10.0,14.0,0.9,1.2,0.6,0.01,0.06,0.65,0.3,0.72,0.005,0.38,0.22,0.01,0.14,1.0,0.28
lqr,ground_truth,curvy,400.0,0.05,0.1,1.0,52.26569142565131,68.44554901123047,128.93788146972656,14.984863160488388,1.4538145835372838,1.7965215530835978,-0.13375406995592165,1.7965215530835978,0.13375406995592165,-0.025704359635710716,-0.07565768621861935,0.8581987023353577,0.0,16.43867774402567,324,319,5.195844650268555,RoadOption.STRAIGHT,58.56027603149414,130.6791534423828,3.1471855581950687,2.8,1.2,4.5,3.0,10.0,0.6,0.01,0.06,0.55,0.16,0.2,0.35,1.0,12,10.0,14.0,0.9,1.2,0.6,0.01,0.06,0.65,0.3,0.72,0.005,0.38,0.22,0.01,0.14,1.0,0.28
lqr,ground_truth,curvy,400.0,0.05,0.1,1.0,52.31569142639637,67.69628143310547,129.04141235351562,15.21839364263454,1.3952841013911321,1.6888017283024548,-0.1227349746296098,1.6888017283024548,0.1227349746296098,-0.02786507084965706,-0.0021607112139463425,0.8169338703155518,0.0,16.613677744025672,325,319,4.458891868591309,RoadOption.STRAIGHT,57.560298919677734,130.67355346679688,3.1471855581950687,2.8,1.2,4.5,3.0,10.0,0.6,0.01,0.06,0.55,0.16,0.2,0.35,1.0,12,10.0,14.0,0.9,1.2,0.6,0.01,0.06,0.65,0.3,0.72,0.005,0.38,0.22,0.01,0.14,1.0,0.28
lqr,ground_truth,curvy,400.0,0.05,0.1,1.0,52.36569142714143,66.93529510498047,129.14382934570312,15.444784513534914,1.3438932304907585,1.5821383968482745,-0.11984304800189305,1.5821383968482745,0.11984304800189305,-0.002162917982786894,0.025702152866870165,0.7946668863296509,0.0,16.788677744025673,326,320,4.644107818603516,RoadOption.STRAIGHT,56.5603141784668,130.66796875,3.1471855581950687,2.8,1.2,4.5,3.0,10.0,0.6,0.01,0.06,0.55,0.16,0.2,0.35,1.0,12,10.0,14.0,0.9,1.2,0.6,0.01,0.06,0.65,0.3,0.72,0.005,0.38,0.22,0.01,0.14,1.0,0.28
lqr,ground_truth,curvy,400.0,0.05,0.1,1.0,52.415691427886486,66.16292572021484,129.24330139160156,15.658103751402209,1.305573992623465,1.47834104305505,-0.11955835608136356,1.47834104305505,0.11955835608136356,0.033226508647203445,0.03538942662999034,0.7873613238334656,0.0,16.963677744025674,327,321,4.826480865478516,RoadOption.STRAIGHT,55.56032943725586,130.66236877441406,3.1471855581950687,2.8,1.2,4.5,3.0,10.0,0.6,0.01,0.06,0.55,0.16,0.2,0.35,1.0,12,10.0,14.0,0.9,1.2,0.6,0.01,0.06,0.65,0.3,0.72,0.005,0.38,0.22,0.01,0.14,1.0,0.28
lqr,ground_truth,curvy,400.0,0.05,0.1,1.0,52.465691428631544,65.37975311279297,129.3373260498047,15.852730668742606,1.2859470752830688,1.3799458292302995,-0.11703794042571225,1.3799458292302995,0.11703794042571225,0.06620100885629654,0.032974500209093094,0.7980159521102905,0.0,17.138677744025674,328,322,5.005826473236084,RoadOption.STRAIGHT,54.56034469604492,130.6567840576172,3.1471855581950687,2.8,1.2,4.5,3.0,10.0,0.6,0.01,0.06,0.55,0.16,0.2,0.35,1.0,12,10.0,14.0,0.9,1.2,0.6,0.01,0.06,0.65,0.3,0.72,0.005,0.38,0.22,0.01,0.14,1.0,0.28
lqr,ground_truth,curvy,400.0,0.05,0.1,1.0,52.5156914293766,64.58641815185547,129.4233856201172,16.031564426447492,1.2821133175781831,1.2894434833923327,-0.10955285986593566,1.2894434833923327,0.10955285986593566,0.0525396466255188,-0.01366136223077774,0.8146674633026123,0.0,17.313677744025675,328,323,5.182014465332031,RoadOption.STRAIGHT,54.56034469604492,130.6567840576172,3.1471855581950687,2.8,1.2,4.5,3.0,10.0,0.6,0.01,0.06,0.55,0.16,0.2,0.35,1.0,12,10.0,14.0,0.9,1.2,0.6,0.01,0.06,0.65,0.3,0.72,0.005,0.38,0.22,0.01,0.14,1.0,0.28
lqr,ground_truth,curvy,400.0,0.05,0.1,1.0,52.56569143012166,63.78319549560547,129.5019073486328,16.214209180252265,1.2744685637734108,1.20643065870349,-0.09879209116536147,1.20643065870349,0.09879209116536147,0.02329155057668686,-0.02924809604883194,0.8055074214935303,0.0,17.488677744025676,329,323,4.38546085357666,RoadOption.STRAIGHT,53.560359954833984,130.65118408203125,3.1471855581950687,2.8,1.2,4.5,3.0,10.0,0.6,0.01,0.06,0.55,0.16,0.2,0.35,1.0,12,10.0,14.0,0.9,1.2,0.6,0.01,0.06,0.65,0.3,0.72,0.005,0.38,0.22,0.01,0.14,1.0,0.28
lqr,ground_truth,curvy,400.0,0.05,0.1,1.0,52.61569143086672,62.970237731933594,129.57559204101562,16.39953359152838,1.2641441524972947,1.1282085079078188,-0.08880710129032732,1.1282085079078188,0.08880710129032732,0.011349866166710854,-0.011941684409976006,0.7960972189903259,0.0,17.663677744025676,330,324,4.545944690704346,RoadOption.STRAIGHT,52.56037521362305,130.6455841064453,3.1471855581950687,2.8,1.2,4.5,3.0,10.0,0.6,0.01,0.06,0.55,0.16,0.2,0.35,1.0,12,10.0,14.0,0.9,1.2,0.6,0.01,0.06,0.65,0.3,0.72,0.005,0.38,0.22,0.01,0.14,1.0,0.28
lqr,ground_truth,curvy,400.0,0.05,0.1,1.0,52.665691431611776,62.14778518676758,129.64573669433594,16.580594474730777,1.2580832692949002,1.0534579364565921,-0.08131962388556957,1.0534579364565921,0.08131962388556957,0.003909251652657986,-0.007440614514052868,0.797576904296875,0.0,17.838677744025677,331,325,4.701216697692871,RoadOption.STRAIGHT,51.56039047241211,130.63999938964844,3.1471855581950687,2.8,1.2,4.5,3.0,10.0,0.6,0.01,0.06,0.55,0.16,0.2,0.35,1.0,12,10.0,14.0,0.9,1.2,0.6,0.01,0.06,0.65,0.3,0.72,0.005,0.38,0.22,0.01,0.14,1.0,0.28
lqr,ground_truth,curvy,400.0,0.05,0.1,1.0,52.715691432356834,61.316131591796875,129.71278381347656,16.757400203340303,1.2562775406853746,0.9817686916339675,-0.0762894452186278,0.9817686916339675,0.0762894452186278,0.009532880038022995,0.005623628385365009,0.8015996217727661,0.0,18.013677744025678,332,326,4.8507914543151855,RoadOption.STRAIGHT,50.56040573120117,130.6343994140625,3.1471855581950687,2.8,1.2,4.5,3.0,10.0,0.6,0.01,0.06,0.55,0.16,0.2,0.35,1.0,12,10.0,14.0,0.9,1.2,0.6,0.01,0.06,0.65,0.3,0.72,0.005,0.38,0.22,0.01,0.14,1.0,0.28
lqr,ground_truth,curvy,400.0,0.05,0.1,1.0,52.76569143310189,60.4754638671875,129.7764892578125,16.93092219623032,1.2577555477953588,0.9133553958966564,-0.07251681121842157,0.9133553958966564,0.07251681121842157,0.02610711194574833,0.016574231907725334,0.8064269423484802,0.0,18.18867774402568,333,327,4.994329929351807,RoadOption.STRAIGHT,49.560420989990234,130.62881469726562,3.1471855581950687,2.8,1.2,4.5,3.0,10.0,0.6,0.01,0.06,0.55,0.16,0.2,0.35,1.0,12,10.0,14.0,0.9,1.2,0.6,0.01,0.06,0.65,0.3,0.72,0.005,0.38,0.22,0.01,0.14,1.0,0.28
lqr,ground_truth,curvy,400.0,0.05,0.1,1.0,52.81569143384695,59.62586212158203,129.8355255126953,17.10093637508751,1.262741368938169,0.8495765082689172,-0.06795934364496903,0.8495765082689172,0.06795934364496903,0.026156457141041756,4.9345195293426514e-05,0.8136277794837952,0.0,18.36367774402568,333,328,5.131659984588623,RoadOption.STRAIGHT,49.560420989990234,130.62881469726562,3.1471855581950687,2.8,1.2,4.5,3.0,10.0,0.6,0.01,0.06,0.55,0.16,0.2,0.35,1.0,12,10.0,14.0,0.9,1.2,0.6,0.01,0.06,0.65,0.3,0.72,0.005,0.38,0.22,0.01,0.14,1.0,0.28
lqr,ground_truth,curvy,400.0,0.05,0.1,1.0,52.86569143459201,58.76739501953125,129.88955688476562,17.271857586851297,1.266820157174383,0.7907446816855769,-0.06223168308853566,0.7907446816855769,0.06223168308853566,0.01775897666811943,-0.008397480472922325,0.8149866461753845,0.0,18.53867774402568,334,328,4.276436805725098,RoadOption.STRAIGHT,48.5604362487793,130.6232147216797,3.1471855581950687,2.8,1.2,4.5,3.0,10.0,0.6,0.01,0.06,0.55,0.16,0.2,0.35,1.0,12,10.0,14.0,0.9,1.2,0.6,0.01,0.06,0.65,0.3,0.72,0.005,0.38,0.22,0.01,0.14,1.0,0.28
lqr,ground_truth,curvy,400.0,0.05,0.1,1.0,52.91569143533707,57.90005111694336,129.939453125,17.444822493436632,1.2688552505890485,0.7359911775295825,-0.056435046659869315,0.7359911775295825,0.056435046659869315,0.014018533751368523,-0.003740442916750908,0.8137552738189697,0.0,18.71367774402568,335,329,4.39766788482666,RoadOption.STRAIGHT,47.56045150756836,130.6176300048828,3.1471855581950687,2.8,1.2,4.5,3.0,10.0,0.6,0.01,0.06,0.55,0.16,0.2,0.35,1.0,12,10.0,14.0,0.9,1.2,0.6,0.01,0.06,0.65,0.3,0.72,0.005,0.38,0.22,0.01,0.14,1.0,0.28
lqr,ground_truth,curvy,400.0,0.05,0.1,1.0,52.965691436082125,57.02383041381836,129.98570251464844,17.61808810421365,1.2705896398120302,0.6848348200820972,-0.05121365302666003,0.6848348200820972,0.05121365302666003,0.00678799906745553,-0.0072305346839129925,0.8144350647926331,0.0,18.88867774402568,336,330,4.511970520019531,RoadOption.STRAIGHT,46.56046676635742,130.61203002929688,3.1471855581950687,2.8,1.2,4.5,3.0,10.0,0.6,0.01,0.06,0.55,0.16,0.2,0.35,1.0,12,10.0,14.0,0.9,1.2,0.6,0.01,0.06,0.65,0.3,0.72,0.005,0.38,0.22,0.01,0.14,1.0,0.28
lqr,ground_truth,curvy,400.0,0.05,0.1,1.0,53.01569143682718,56.138763427734375,130.02890014648438,17.79147489279112,1.2722028512345638,0.636695955108508,-0.04702849537360043,0.636695955108508,0.04702849537360043,0.005250483751296997,-0.001537515316158533,0.8152575492858887,0.0,19.063677744025682,337,331,4.61897611618042,RoadOption.STRAIGHT,45.560482025146484,130.6064453125,3.1471855581950687,2.8,1.2,4.5,3.0,10.0,0.6,0.01,0.06,0.55,0.16,0.2,0.35,1.0,12,10.0,14.0,0.9,1.2,0.6,0.01,0.06,0.65,0.3,0.72,0.005,0.38,0.22,0.01,0.14,1.0,0.28
lqr,ground_truth,curvy,400.0,0.05,0.1,1.0,53.06569143757224,55.24491882324219,130.06942749023438,17.964460253910513,1.27421749011517,0.5911629857799919,-0.043864926314695296,0.5911629857799919,0.043864926314695296,0.012346403673291206,0.007095919921994209,0.8169480562210083,0.0,19.238677744025683,338,332,4.718459129333496,RoadOption.STRAIGHT,44.56049728393555,130.60084533691406,3.1471855581950687,2.8,1.2,4.5,3.0,10.0,0.6,0.01,0.06,0.55,0.16,0.2,0.35,1.0,12,10.0,14.0,0.9,1.2,0.6,0.01,0.06,0.65,0.3,0.72,0.005,0.38,0.22,0.01,0.14,1.0,0.28
lqr,ground_truth,curvy,400.0,0.05,0.1,1.0,53.1156914383173,54.342308044433594,130.10682678222656,18.136517197358692,1.277160546666991,0.5487242497150884,-0.04080894896382947,0.5487242497150884,0.04080894896382947,0.012771516107022762,0.00042511243373155594,0.8198279738426208,0.0,19.413677744025684,339,333,4.810292720794678,RoadOption.STRAIGHT,43.56051254272461,130.5952606201172,3.1471855581950687,2.8,1.2,4.5,3.0,10.0,0.6,0.01,0.06,0.55,0.16,0.2,0.35,1.0,12,10.0,14.0,0.9,1.2,0.6,0.01,0.06,0.65,0.3,0.72,0.005,0.38,0.22,0.01,0.14,1.0,0.28
lqr,ground_truth,curvy,400.0,0.05,0.1,1.0,53.16569143906236,53.43095397949219,130.14097595214844,18.308708410164826,1.135736034279617,0.5094714262270245,-0.03746934495686993,0.5094714262270245,0.03746934495686993,0.009777556173503399,-0.0029939599335193634,0.5617322325706482,0.0,19.444444444444443,340,334,4.894333362579346,RoadOption.STRAIGHT,42.56052780151367,130.58966064453125,3.1471855581950687,2.8,1.2,4.5,3.0,10.0,0.6,0.01,0.06,0.55,0.16,0.2,0.35,1.0,12,10.0,14.0,0.9,1.2,0.6,0.01,0.06,0.65,0.3,0.72,0.005,0.38,0.22,0.01,0.14,1.0,0.28
lqr,ground_truth,curvy,400.0,0.05,0.1,1.0,53.215691439807415,52.51119613647461,130.17222595214844,18.464163916976304,0.980280527468139,0.47308598458343876,-0.034164894676299795,0.47308598458343876,0.034164894676299795,0.006242864765226841,-0.003534691408276558,0.4516217112541199,0.0,19.444444444444443,341,335,4.97074031829834,RoadOption.STRAIGHT,41.560543060302734,130.58407592773438,3.1471855581950687,2.8,1.2,4.5,3.0,10.0,0.6,0.01,0.06,0.55,0.16,0.2,0.35,1.0,12,10.0,14.0,0.9,1.2,0.6,0.01,0.06,0.65,0.3,0.72,0.005,0.38,0.22,0.01,0.14,1.0,0.28
lqr,ground_truth,curvy,400.0,0.05,0.1,1.0,53.26569144055247,51.58527755737305,130.20095825195312,18.560902228946766,0.8835422154976769,0.4391684889777132,-0.031288680699014026,0.4391684889777132,0.031288680699014026,0.007981669157743454,0.001738804392516613,0.4640393555164337,0.0,19.444444444444443,341,336,5.041597366333008,RoadOption.STRAIGHT,41.560543060302734,130.58407592773438,3.1471855581950687,2.8,1.2,4.5,3.0,10.0,0.6,0.01,0.06,0.55,0.16,0.2,0.35,1.0,12,10.0,14.0,0.9,1.2,0.6,0.01,0.06,0.65,0.3,0.72,0.005,0.38,0.22,0.01,0.14,1.0,0.28
lqr,ground_truth,curvy,400.0,0.05,0.1,1.0,53.31569144129753,50.65623474121094,130.2270965576172,18.601561225618543,0.8428832188259001,0.4078345713674707,-0.02869316390062293,0.4078345713674707,0.02869316390062293,0.0059400033205747604,-0.0020416658371686935,0.5069391131401062,0.0,19.444444444444443,342,336,4.11381721496582,RoadOption.STRAIGHT,40.5605583190918,130.57847595214844,3.1471855581950687,2.8,1.2,4.5,3.0,10.0,0.6,0.01,0.06,0.55,0.16,0.2,0.35,1.0,12,10.0,14.0,0.9,1.2,0.6,0.01,0.06,0.65,0.3,0.72,0.005,0.38,0.22,0.01,0.14,1.0,0.28
lqr,ground_truth,curvy,400.0,0.05,0.1,1.0,53.36569144204259,49.7261962890625,130.25076293945312,18.60905153650764,0.8353929079368037,0.3789751311118728,-0.026351446354116348,0.3789751311118728,0.026351446354116348,0.004559900611639023,-0.0013801027089357376,0.5422473549842834,0.0,19.444444444444443,343,337,4.180871963500977,RoadOption.STRAIGHT,39.560577392578125,130.57289123535156,3.1471855581950687,2.8,1.2,4.5,3.0,10.0,0.6,0.01,0.06,0.55,0.16,0.2,0.35,1.0,12,10.0,14.0,0.9,1.2,0.6,0.01,0.06,0.65,0.3,0.72,0.005,0.38,0.22,0.01,0.14,1.0,0.28
lqr,ground_truth,curvy,400.0,0.05,0.1,1.0,53.41569144278765,48.79621505737305,130.2722625732422,18.60220127776606,0.842243166678383,0.35226746649115726,-0.02435647238153793,0.35226746649115726,0.02435647238153793,0.004225823562592268,-0.00033407704904675484,0.5635662078857422,0.0,19.444444444444443,344,338,4.248444080352783,RoadOption.STRAIGHT,38.56059265136719,130.56729125976562,3.1471855581950687,2.8,1.2,4.5,3.0,10.0,0.6,0.01,0.06,0.55,0.16,0.2,0.35,1.0,12,10.0,14.0,0.9,1.2,0.6,0.01,0.06,0.65,0.3,0.72,0.005,0.38,0.22,0.01,0.14,1.0,0.28
lqr,ground_truth,curvy,400.0,0.05,0.1,1.0,53.465691443532705,47.86665725708008,130.29176330566406,18.591725190784924,0.8527192536595187,0.3275762987237839,-0.022653114548323305,0.3275762987237839,0.022653114548323305,0.004691114649176598,0.0004652910865843296,0.574202835559845,0.0,19.444444444444443,345,339,4.316827297210693,RoadOption.STRAIGHT,37.56060791015625,130.5616912841797,3.1471855581950687,2.8,1.2,4.5,3.0,10.0,0.6,0.01,0.06,0.55,0.16,0.2,0.35,1.0,12,10.0,14.0,0.9,1.2,0.6,0.01,0.06,0.65,0.3,0.72,0.005,0.38,0.22,0.01,0.14,1.0,0.28
lqr,ground_truth,curvy,400.0,0.05,0.1,1.0,53.51569144427776,46.937557220458984,130.30938720703125,18.582287482014944,0.8621569624294985,0.3047492343217805,-0.021100225316697863,0.3047492343217805,0.021100225316697863,0.004873584024608135,0.00018246937543153763,0.5786194205284119,0.0,19.444444444444443,346,340,4.385993957519531,RoadOption.STRAIGHT,36.56062316894531,130.5561065673828,3.1471855581950687,2.8,1.2,4.5,3.0,10.0,0.6,0.01,0.06,0.55,0.16,0.2,0.35,1.0,12,10.0,14.0,0.9,1.2,0.6,0.01,0.06,0.65,0.3,0.72,0.005,0.38,0.22,0.01,0.14,1.0,0.28
lqr,ground_truth,curvy,400.0,0.05,0.1,1.0,53.56569144502282,46.00882339477539,130.32525634765625,18.57525103407684,0.869193410367604,0.2836942099396397,-0.01960059930687441,0.2836942099396397,0.01960059930687441,0.0045434292405843735,-0.00033015478402376175,0.5799598097801208,0.0,19.444444444444443,347,341,4.455803871154785,RoadOption.STRAIGHT,35.560638427734375,130.55050659179688,3.1471855581950687,2.8,1.2,4.5,3.0,10.0,0.6,0.01,0.06,0.55,0.16,0.2,0.35,1.0,12,10.0,14.0,0.9,1.2,0.6,0.01,0.06,0.65,0.3,0.72,0.005,0.38,0.22,0.01,0.14,1.0,0.28
lqr,ground_truth,curvy,400.0,0.05,0.1,1.0,53.61569144576788,45.08033752441406,130.33950805664062,18.57053542579213,0.8739090186523129,0.2642427201339109,-0.018151573357762185,0.2642427201339109,0.018151573357762185,0.0036984167527407408,-0.0008450124878436327,0.5800041556358337,0.0,19.444444444444443,348,342,4.526092529296875,RoadOption.STRAIGHT,34.56065368652344,130.544921875,3.1471855581950687,2.8,1.2,4.5,3.0,10.0,0.6,0.01,0.06,0.55,0.16,0.2,0.35,1.0,12,10.0,14.0,0.9,1.2,0.6,0.01,0.06,0.65,0.3,0.72,0.005,0.38,0.22,0.01,0.14,1.0,0.28
lqr,ground_truth,curvy,400.0,0.05,0.1,1.0,53.66569144651294,44.15200424194336,130.35232543945312,18.567596757459874,0.8768476869845685,0.24624162468718852,-0.016812269645561262,0.24624162468718852,0.016812269645561262,0.003077105851843953,-0.0006213109008967876,0.5796350240707397,0.0,19.444444444444443,349,343,4.59672212600708,RoadOption.STRAIGHT,33.560672760009766,130.53932189941406,3.1471855581950687,2.8,1.2,4.5,3.0,10.0,0.6,0.01,0.06,0.55,0.16,0.2,0.35,1.0,12,10.0,14.0,0.9,1.2,0.6,0.01,0.06,0.65,0.3,0.72,0.005,0.38,0.22,0.01,0.14,1.0,0.28
lqr,ground_truth,curvy,400.0,0.05,0.1,1.0,53.715691447257996,43.22376251220703,130.36386108398438,18.565841621796334,0.8786028226481086,0.22950752230276442,-0.015624233483277017,0.22950752230276442,0.015624233483277017,0.0028117788024246693,-0.00026532704941928387,0.5792678594589233,0.0,19.444444444444443,350,344,4.667605400085449,RoadOption.STRAIGHT,32.56068801879883,130.5337371826172,3.1471855581950687,2.8,1.2,4.5,3.0,10.0,0.6,0.01,0.06,0.55,0.16,0.2,0.35,1.0,12,10.0,14.0,0.9,1.2,0.6,0.01,0.06,0.65,0.3,0.72,0.005,0.38,0.22,0.01,0.14,1.0,0.28
lqr,ground_truth,curvy,400.0,0.05,0.1,1.0,53.765691448003054,42.29556655883789,130.3742218017578,18.56482207698051,0.8796223674639343,0.21394858432152442,-0.014571485904368853,0.21394858432152442,0.014571485904368853,0.002800222020596266,-1.1556781828403473e-05,0.5789968967437744,0.0,19.444444444444443,351,345,4.738668918609619,RoadOption.STRAIGHT,31.56070327758789,130.52813720703125,3.1471855581950687,2.8,1.2,4.5,3.0,10.0,0.6,0.01,0.06,0.55,0.16,0.2,0.35,1.0,12,10.0,14.0,0.9,1.2,0.6,0.01,0.06,0.65,0.3,0.72,0.005,0.38,0.22,0.01,0.14,1.0,0.28
lqr,ground_truth,curvy,400.0,0.05,0.1,1.0,53.81569144874811,41.367393493652344,130.38351440429688,18.56423578042837,0.8802086640160738,0.19947313143024123,-0.013611948963613063,0.19947313143024123,0.013611948963613063,0.002928258618339896,0.0001280365977436304,0.578828752040863,0.0,19.444444444444443,352,346,4.809868335723877,RoadOption.STRAIGHT,30.560718536376953,130.52255249023438,3.1471855581950687,2.8,1.2,4.5,3.0,10.0,0.6,0.01,0.06,0.55,0.16,0.2,0.35,1.0,12,10.0,14.0,0.9,1.2,0.6,0.01,0.06,0.65,0.3,0.72,0.005,0.38,0.22,0.01,0.14,1.0,0.28
lqr,ground_truth,curvy,400.0,0.05,0.1,1.0,53.86569144949317,40.439231872558594,130.3917694091797,18.56390461547105,0.8805398289733937,0.1860200654218899,-0.012697419445280023,0.1860200654218899,0.012697419445280023,0.002728575374931097,-0.00019968324340879917,0.578721284866333,0.0,19.444444444444443,353,347,4.881175518035889,RoadOption.STRAIGHT,29.560733795166016,130.51695251464844,3.1471855581950687,2.8,1.2,4.5,3.0,10.0,0.6,0.01,0.06,0.55,0.16,0.2,0.35,1.0,12,10.0,14.0,0.9,1.2,0.6,0.01,0.06,0.65,0.3,0.72,0.005,0.38,0.22,0.01,0.14,1.0,0.28
lqr,ground_truth,curvy,400.0,0.05,0.1,1.0,53.91569145023823,39.51107406616211,130.39907836914062,18.563721886264208,0.8807225581802349,0.17352830942457217,-0.011818842601662993,0.17352830942457217,0.011818842601662993,0.002449403051286936,-0.0002791723236441612,0.5786527991294861,0.0,19.444444444444443,354,348,4.952568531036377,RoadOption.STRAIGHT,28.560749053955078,130.51136779785156,3.1471855581950687,2.8,1.2,4.5,3.0,10.0,0.6,0.01,0.06,0.55,0.16,0.2,0.35,1.0,12,10.0,14.0,0.9,1.2,0.6,0.01,0.06,0.65,0.3,0.72,0.005,0.38,0.22,0.01,0.14,1.0,0.28
lqr,ground_truth,curvy,400.0,0.05,0.1,1.0,53.965691450983286,38.582916259765625,130.40550231933594,18.563624814083994,0.880819630360449,0.1619062694655674,-0.010991398450975076,0.1619062694655674,0.010991398450975076,0.0020462425891309977,-0.00040316046215593815,0.5786082744598389,0.0,19.444444444444443,354,349,5.024026393890381,RoadOption.STRAIGHT,28.560749053955078,130.51136779785156,3.1471855581950687,2.8,1.2,4.5,3.0,10.0,0.6,0.01,0.06,0.55,0.16,0.2,0.35,1.0,12,10.0,14.0,0.9,1.2,0.6,0.01,0.06,0.65,0.3,0.72,0.005,0.38,0.22,0.01,0.14,1.0,0.28
lqr,ground_truth,curvy,400.0,0.05,0.1,1.0,54.015691451728344,37.65475845336914,130.4111328125,18.5635776800967,0.8808667643477435,0.15108479335739514,-0.01023958807524572,0.15108479335739514,0.01023958807524572,0.0018255674513056874,-0.00022067513782531023,0.5785766243934631,0.0,19.444444444444443,355,349,4.096092224121094,RoadOption.STRAIGHT,27.56076431274414,130.50576782226562,3.1471855581950687,2.8,1.2,4.5,3.0,10.0,0.6,0.01,0.06,0.55,0.16,0.2,0.35,1.0,12,10.0,14.0,0.9,1.2,0.6,0.01,0.06,0.65,0.3,0.72,0.005,0.38,0.22,0.01,0.14,1.0,0.28
lqr,ground_truth,curvy,400.0,0.05,0.1,1.0,54.0656914524734,36.72659683227539,130.41604614257812,18.563551230418135,0.8808932140263082,0.14098860843951252,-0.009565808319455638,0.14098860843951252,0.009565808319455638,0.0018835566006600857,5.798914935439825e-05,0.5785676836967468,0.0,19.444444444444443,356,350,4.167571067810059,RoadOption.STRAIGHT,26.560779571533203,130.50018310546875,3.1471855581950687,2.8,1.2,4.5,3.0,10.0,0.6,0.01,0.06,0.55,0.16,0.2,0.35,1.0,12,10.0,14.0,0.9,1.2,0.6,0.01,0.06,0.65,0.3,0.72,0.005,0.38,0.22,0.01,0.14,1.0,0.28
lqr,ground_truth,curvy,400.0,0.05,0.1,1.0,54.11569145321846,35.79842758178711,130.4202880859375,18.563537355552537,0.8809070888919059,0.13154849851905906,-0.00894289494048639,0.13154849851905906,0.00894289494048639,0.0018377680098637938,-4.578859079629183e-05,0.5785608887672424,0.0,19.444444444444443,357,351,4.239096641540527,RoadOption.STRAIGHT,25.560794830322266,130.4945831298828,3.1471855581950687,2.8,1.2,4.5,3.0,10.0,0.6,0.01,0.06,0.55,0.16,0.2,0.35,1.0,12,10.0,14.0,0.9,1.2,0.6,0.01,0.06,0.65,0.3,0.72,0.005,0.38,0.22,0.01,0.14,1.0,0.28
lqr,ground_truth,curvy,400.0,0.05,0.1,1.0,54.16569145396352,34.87025451660156,130.4238739013672,18.563527710253325,0.8809167341911177,0.12277974348157268,-0.008351140546270397,0.12277974348157268,0.008351140546270397,0.0017896909266710281,-4.807708319276571e-05,0.5785616040229797,0.0,19.444444444444443,358,352,4.310666084289551,RoadOption.STRAIGHT,24.56081199645996,130.48899841308594,3.1471855581950687,2.8,1.2,4.5,3.0,10.0,0.6,0.01,0.06,0.55,0.16,0.2,0.35,1.0,12,10.0,14.0,0.9,1.2,0.6,0.01,0.06,0.65,0.3,0.72,0.005,0.38,0.22,0.01,0.14,1.0,0.28
lqr,ground_truth,curvy,400.0,0.05,0.1,1.0,54.215691454708576,33.942081451416016,130.42686462402344,18.563522434703273,0.8809220097411696,0.11459081335971272,-0.007783620917974687,0.11459081335971272,0.007783620917974687,0.0015427845064550638,-0.0002469064202159643,0.5785595178604126,0.0,19.444444444444443,359,353,4.382274150848389,RoadOption.STRAIGHT,23.560827255249023,130.4833984375,3.1471855581950687,2.8,1.2,4.5,3.0,10.0,0.6,0.01,0.06,0.55,0.16,0.2,0.35,1.0,12,10.0,14.0,0.9,1.2,0.6,0.01,0.06,0.65,0.3,0.72,0.005,0.38,0.22,0.01,0.14,1.0,0.28
lqr,ground_truth,curvy,400.0,0.05,0.1,1.0,54.265691455453634,33.013912200927734,130.42930603027344,18.56352156591437,0.8809228785300718,0.10696647093819461,-0.007250988699958771,0.10696647093819461,0.007250988699958771,0.0014081875560805202,-0.00013459695037454367,0.5785547494888306,0.0,19.444444444444443,360,354,4.453919887542725,RoadOption.STRAIGHT,22.560842514038086,130.47779846191406,3.1471855581950687,2.8,1.2,4.5,3.0,10.0,0.6,0.01,0.06,0.55,0.16,0.2,0.35,1.0,12,10.0,14.0,0.9,1.2,0.6,0.01,0.06,0.65,0.3,0.72,0.005,0.38,0.22,0.01,0.14,1.0,0.28
lqr,ground_truth,curvy,400.0,0.05,0.1,1.0,54.31569145619869,32.08573532104492,130.4312286376953,18.563523869574194,0.8809205748702489,0.09984561800999346,-0.006760967059384448,0.09984561800999346,0.006760967059384448,0.0012357891537249088,-0.00017239840235561132,0.5785495638847351,0.0,19.444444444444443,361,355,4.525585174560547,RoadOption.STRAIGHT,21.56085777282715,130.4722137451172,3.1471855581950687,2.8,1.2,4.5,3.0,10.0,0.6,0.01,0.06,0.55,0.16,0.2,0.35,1.0,12,10.0,14.0,0.9,1.2,0.6,0.01,0.06,0.65,0.3,0.72,0.005,0.38,0.22,0.01,0.14,1.0,0.28
lqr,ground_truth,curvy,400.0,0.05,0.1,1.0,54.36569145694375,31.157562255859375,130.43267822265625,18.56352838733959,0.8809160571048515,0.09321306003007808,-0.006315686525123265,0.09321306003007808,0.006315686525123265,0.0012484622420743108,1.267308834940195e-05,0.5785441994667053,0.0,19.444444444444443,362,356,4.597278594970703,RoadOption.STRAIGHT,20.56087303161621,130.46661376953125,3.1471855581950687,2.8,1.2,4.5,3.0,10.0,0.6,0.01,0.06,0.55,0.16,0.2,0.35,1.0,12,10.0,14.0,0.9,1.2,0.6,0.01,0.06,0.65,0.3,0.72,0.005,0.38,0.22,0.01,0.14,1.0,0.28
lqr,ground_truth,curvy,400.0,0.05,0.1,1.0,54.41569145768881,30.229389190673828,130.43370056152344,18.56352953887539,0.8809149055690533,0.08699248291126568,-0.005902097607833667,0.08699248291126568,0.005902097607833667,0.001167938346043229,-8.052389603108168e-05,0.5785475373268127,0.0,19.444444444444443,363,357,4.668991565704346,RoadOption.STRAIGHT,19.560890197753906,130.46102905273438,3.1471855581950687,2.8,1.2,4.5,3.0,10.0,0.6,0.01,0.06,0.55,0.16,0.2,0.35,1.0,12,10.0,14.0,0.9,1.2,0.6,0.01,0.06,0.65,0.3,0.72,0.005,0.38,0.22,0.01,0.14,1.0,0.28
lqr,ground_truth,curvy,400.0,0.05,0.1,1.0,54.46569145843387,29.30121421813965,130.43429565429688,18.5635290732284,0.8809153712160445,0.08121438241925202,-0.005513542404791849,0.08121438241925202,0.005513542404791849,0.001159730483777821,-8.207862265408039e-06,0.5785498023033142,0.0,19.444444444444443,364,358,4.740718364715576,RoadOption.STRAIGHT,18.560895919799805,130.45542907714844,3.1471855581950687,2.8,1.2,4.5,3.0,10.0,0.6,0.01,0.06,0.55,0.16,0.2,0.35,1.0,12,10.0,14.0,0.9,1.2,0.6,0.01,0.06,0.65,0.3,0.72,0.005,0.38,0.22,0.01,0.14,1.0,0.28
lqr,ground_truth,curvy,400.0,0.05,0.1,1.0,54.515691459178925,28.3730411529541,130.43450927734375,18.56352811710062,0.8809163273438223,0.07580250847223435,-0.005142830381052121,0.07580250847223435,0.005142830381052121,0.0010469553526490927,-0.00011277513112872839,0.5785509347915649,0.0,19.444444444444443,365,359,4.812462329864502,RoadOption.STRAIGHT,17.56505584716797,130.44969177246094,3.14797438650995,2.8,1.2,4.5,3.0,10.0,0.6,0.01,0.06,0.55,0.16,0.2,0.35,1.0,12,10.0,14.0,0.9,1.2,0.6,0.01,0.06,0.65,0.3,0.72,0.005,0.38,0.22,0.01,0.14,1.0,0.28
lqr,ground_truth,curvy,400.0,0.05,0.1,1.0,54.56569145992398,27.444868087768555,130.43434143066406,18.56352993583109,0.8809145086133512,0.07077209828549721,-0.004793157329924469,0.07077209828549721,0.004793157329924469,0.0008760757627896965,-0.00017087958985939622,0.5785465240478516,0.0,19.444444444444443,366,360,4.884219169616699,RoadOption.STRAIGHT,16.57558250427246,130.4423828125,3.1499744204885998,2.8,1.2,4.5,3.0,10.0,0.6,0.01,0.06,0.55,0.16,0.2,0.35,1.0,12,10.0,14.0,0.9,1.2,0.6,0.01,0.06,0.65,0.3,0.72,0.005,0.38,0.22,0.01,0.14,1.0,0.28
lqr,ground_truth,curvy,400.0,0.05,0.1,1.0,54.61569146066904,26.516693115234375,130.43385314941406,18.563533680941873,0.8809107635025697,0.06607736554024361,-0.0044733116830064645,0.06607736554024361,0.0044733116830064645,0.0008703838684596121,-5.691894330084324e-06,0.5785419344902039,0.0,19.444444444444443,367,361,4.955984592437744,RoadOption.STRAIGHT,15.586126327514648,130.43312072753906,3.15197418815114,2.8,1.2,4.5,3.0,10.0,0.6,0.01,0.06,0.55,0.16,0.2,0.35,1.0,12,10.0,14.0,0.9,1.2,0.6,0.01,0.06,0.65,0.3,0.72,0.005,0.38,0.22,0.01,0.14,1.0,0.28
lqr,ground_truth,curvy,400.0,0.05,0.1,1.0,54.6656914614141,25.588520050048828,130.4330596923828,18.56353544565904,0.8809089987854044,0.061672555920366565,-0.00417983133088029,0.061672555920366565,0.00417983133088029,0.0007957469788379967,-7.463688962161541e-05,0.5785433053970337,0.0,19.444444444444443,367,362,5.027759552001953,RoadOption.STRAIGHT,15.586126327514648,130.43312072753906,3.15197418815114,2.8,1.2,4.5,3.0,10.0,0.6,0.01,0.06,0.55,0.16,0.2,0.35,1.0,12,10.0,14.0,0.9,1.2,0.6,0.01,0.06,0.65,0.3,0.72,0.005,0.38,0.22,0.01,0.14,1.0,0.28
lqr,ground_truth,curvy,400.0,0.05,0.1,1.0,54.71569146215916,24.66034698486328,130.43197631835938,18.563536533631748,0.8809079108126951,0.05756475665262503,-0.003906591003037363,0.05756475665262503,0.003906591003037363,0.0007406444638036191,-5.5102515034377575e-05,0.5785434246063232,0.0,19.444444444444443,368,362,4.099620819091797,RoadOption.STRAIGHT,14.596691131591797,130.42184448242188,3.1539742221297895,2.8,1.2,4.5,3.0,10.0,0.6,0.01,0.06,0.55,0.16,0.2,0.35,1.0,12,10.0,14.0,0.9,1.2,0.6,0.01,0.06,0.65,0.3,0.72,0.005,0.38,0.22,0.01,0.14,1.0,0.28
lqr,ground_truth,curvy,400.0,0.05,0.1,1.0,54.765691462904215,23.7321720123291,130.43060302734375,18.563536685765236,0.8809077586792071,0.05375500916365894,-0.0036541233316977895,0.05375500916365894,0.0036541233316977895,0.0007863579667173326,4.5713502913713455e-05,0.5785444974899292,0.0,19.444444444444443,369,363,4.171392917633057,RoadOption.STRAIGHT,13.607279777526855,130.40863037109375,3.155974256108439,2.8,1.2,4.5,3.0,10.0,0.6,0.01,0.06,0.55,0.16,0.2,0.35,1.0,12,10.0,14.0,0.9,1.2,0.6,0.01,0.06,0.65,0.3,0.72,0.005,0.38,0.22,0.01,0.14,1.0,0.28
lqr,ground_truth,curvy,400.0,0.05,0.1,1.0,54.81569146364927,22.803998947143555,130.42898559570312,18.563538205406456,0.8809062390379871,0.05017421460380453,-0.0034117756725002835,0.05017421460380453,0.0034117756725002835,0.001187546644359827,0.00040118867764249444,0.5785419344902039,0.0,19.444444444444443,370,364,4.243185997009277,RoadOption.STRAIGHT,12.617897033691406,130.39340209960938,3.1579742900870884,2.8,1.2,4.5,3.0,10.0,0.6,0.01,0.06,0.55,0.16,0.2,0.35,1.0,12,10.0,14.0,0.9,1.2,0.6,0.01,0.06,0.65,0.3,0.72,0.005,0.38,0.22,0.01,0.14,1.0,0.28
lqr,ground_truth,curvy,400.0,0.05,0.1,1.0,54.86569146439433,21.875823974609375,130.4270782470703,18.56353241275035,0.8809120316940913,0.05012304904535024,-0.003930559452848037,0.05012304904535024,0.003930559452848037,0.007676116190850735,0.006488569546490908,0.5785541534423828,0.0,19.444444444444443,371,365,4.310827732086182,RoadOption.STRAIGHT,11.628546714782715,130.37619018554688,3.1599743240657383,2.8,1.2,4.5,3.0,10.0,0.6,0.01,0.06,0.55,0.16,0.2,0.35,1.0,12,10.0,14.0,0.9,1.2,0.6,0.01,0.06,0.65,0.3,0.72,0.005,0.38,0.22,0.01,0.14,1.0,0.28
lqr,ground_truth,curvy,400.0,0.05,0.1,1.0,54.91569146513939,20.94765853881836,130.42431640625,18.56337262452143,0.8810718199230116,0.05471106473698384,-0.005116997718478622,0.05471106473698384,0.005116997718478622,0.013690768741071224,0.0060146525502204895,0.5788348317146301,0.0,19.444444444444443,372,366,4.3721137046813965,RoadOption.STRAIGHT,10.639232635498047,130.3570098876953,3.1619743580443878,2.8,1.2,4.5,3.0,10.0,0.6,0.01,0.06,0.55,0.16,0.2,0.35,1.0,12,10.0,14.0,0.9,1.2,0.6,0.01,0.06,0.65,0.3,0.72,0.005,0.38,0.22,0.01,0.14,1.0,0.28
lqr,ground_truth,curvy,400.0,0.05,0.1,1.0,54.96569146588445,20.019512176513672,130.419921875,18.562978919254853,0.88146552518959,0.059222662963609424,-0.0052363073353145495,0.059222662963609424,0.0052363073353145495,0.01217649132013321,-0.001514277420938015,0.5793517827987671,0.0,19.444444444444443,373,367,4.433405876159668,RoadOption.STRAIGHT,9.640340805053711,130.3365020751953,3.1621453329863707,2.8,1.2,4.5,3.0,10.0,0.6,0.01,0.06,0.55,0.16,0.2,0.35,1.0,12,10.0,14.0,0.9,1.2,0.6,0.01,0.06,0.65,0.3,0.72,0.005,0.38,0.22,0.01,0.14,1.0,0.28
lqr,ground_truth,curvy,400.0,0.05,0.1,1.0,55.015691466629505,19.09139060974121,130.41368103027344,18.56286856383907,0.8815758806053715,0.06381283415681825,-0.004585430764898035,0.06381283415681825,0.004585430764898035,0.006045914720743895,-0.006130576599389315,0.579077959060669,0.0,19.444444444444443,374,368,4.4947075843811035,RoadOption.STRAIGHT,8.640128135681152,130.31594848632812,3.162064639205341,2.8,1.2,4.5,3.0,10.0,0.6,0.01,0.06,0.55,0.16,0.2,0.35,1.0,12,10.0,14.0,0.9,1.2,0.6,0.01,0.06,0.65,0.3,0.72,0.005,0.38,0.22,0.01,0.14,1.0,0.28
lqr,ground_truth,curvy,400.0,0.05,0.1,1.0,55.06569146737456,18.163270950317383,130.4059600830078,18.563097175426087,0.8813472690183559,0.06819020741752933,-0.004024302723218298,0.06819020741752933,0.004024302723218298,0.0019519779598340392,-0.004093936760909855,0.5785340070724487,0.0,19.444444444444443,375,369,4.555992603302002,RoadOption.STRAIGHT,7.629819393157959,130.29627990722656,3.1600646052266916,2.8,1.2,4.5,3.0,10.0,0.6,0.01,0.06,0.55,0.16,0.2,0.35,1.0,12,10.0,14.0,0.9,1.2,0.6,0.01,0.06,0.65,0.3,0.72,0.005,0.38,0.22,0.01,0.14,1.0,0.28
lqr,ground_truth,curvy,400.0,0.05,0.1,1.0,55.11569146811962,17.235151290893555,130.39707946777344,18.5633366895631,0.8811077548813415,0.07195792313430882,-0.004105529136466224,0.07195792313430882,0.004105529136466224,0.002479529706761241,0.0005275517469272017,0.5783772468566895,0.0,19.444444444444443,376,370,4.617256164550781,RoadOption.STRAIGHT,6.619473934173584,130.2786407470703,3.158064571248042,2.8,1.2,4.5,3.0,10.0,0.6,0.01,0.06,0.55,0.16,0.2,0.35,1.0,12,10.0,14.0,0.9,1.2,0.6,0.01,0.06,0.65,0.3,0.72,0.005,0.38,0.22,0.01,0.14,1.0,0.28
lqr,ground_truth,curvy,400.0,0.05,0.1,1.0,55.16569146886468,16.307035446166992,130.38702392578125,18.563442745163353,0.8810016992810894,0.07516168532319642,-0.004700479323989981,0.07516168532319642,0.004700479323989981,0.005939854774624109,0.0034603250678628683,0.5784737467765808,0.0,19.444444444444443,377,371,4.678501605987549,RoadOption.STRAIGHT,5.609095096588135,130.26300048828125,3.1560645372693927,2.8,1.2,4.5,3.0,10.0,0.6,0.01,0.06,0.55,0.16,0.2,0.35,1.0,12,10.0,14.0,0.9,1.2,0.6,0.01,0.06,0.65,0.3,0.72,0.005,0.38,0.22,0.01,0.14,1.0,0.28
lqr,ground_truth,curvy,400.0,0.05,0.1,1.0,55.21569146960974,15.378937721252441,130.3754119873047,18.56336626229672,0.8810781821477214,0.07819830251109051,-0.0053015547820205455,0.07819830251109051,0.0053015547820205455,0.006217236164957285,0.00027738139033317566,0.5787386894226074,0.0,19.444444444444443,378,372,4.739741325378418,RoadOption.STRAIGHT,4.598687171936035,130.24937438964844,3.1540645032907433,2.8,1.2,4.5,3.0,10.0,0.6,0.01,0.06,0.55,0.16,0.2,0.35,1.0,12,10.0,14.0,0.9,1.2,0.6,0.01,0.06,0.65,0.3,0.72,0.005,0.38,0.22,0.01,0.14,1.0,0.28
lqr,ground_truth,curvy,400.0,0.05,0.1,1.0,55.265691470354795,14.450864791870117,130.36215209960938,18.56329821437026,0.881146230074183,0.07321758962318037,-0.003906324686928642,0.07321758962318037,0.003906324686928642,-0.0025760075077414513,-0.008793243672698736,0.5787693858146667,0.0,19.444444444444443,379,373,4.8105926513671875,RoadOption.STRAIGHT,3.5882537364959717,130.23777770996094,3.152064469312094,2.8,1.2,4.5,3.0,10.0,0.6,0.01,0.06,0.55,0.16,0.2,0.35,1.0,12,10.0,14.0,0.9,1.2,0.6,0.01,0.06,0.65,0.3,0.72,0.005,0.38,0.22,0.01,0.14,1.0,0.28
lqr,ground_truth,curvy,400.0,0.05,0.1,1.0,55.31569147109985,13.522805213928223,130.3480682373047,18.563382018778867,0.8810624256655757,0.06783809246548846,-0.0028415928831151405,0.06783809246548846,0.0028415928831151405,-0.009848101064562798,-0.007272093556821346,0.578536868095398,0.0,19.444444444444443,380,374,4.88278341293335,RoadOption.STRAIGHT,2.577799081802368,130.22821044921875,3.150064701649553,2.8,1.2,4.5,3.0,10.0,0.6,0.01,0.06,0.55,0.16,0.2,0.35,1.0,12,10.0,14.0,0.9,1.2,0.6,0.01,0.06,0.65,0.3,0.72,0.005,0.38,0.22,0.01,0.14,1.0,0.28
lqr,ground_truth,curvy,400.0,0.05,0.1,1.0,55.36569147184491,12.594741821289062,130.33416748046875,18.563290311860857,0.8811541325835854,0.05382548195917698,-0.0011539477003310594,0.05382548195917698,0.0011539477003310594,-0.015272203832864761,-0.005424102768301964,0.5788025259971619,0.0,19.444444444444443,380,375,4.965067386627197,RoadOption.STRAIGHT,2.577799081802368,130.22821044921875,3.150064701649553,2.8,1.2,4.5,3.0,10.0,0.6,0.01,0.06,0.55,0.16,0.2,0.35,1.0,12,10.0,14.0,0.9,1.2,0.6,0.01,0.06,0.65,0.3,0.72,0.005,0.38,0.22,0.01,0.14,1.0,0.28
lqr,ground_truth,curvy,400.0,0.05,0.1,1.0,55.41569147258997,11.666679382324219,130.32130432128906,18.56298875526814,0.8814556891763026,0.04954429706698367,-0.0029635656610400574,0.04954429706698367,0.0029635656610400574,-0.005031709559261799,0.010240494273602962,0.5792352557182312,0.0,19.444444444444443,381,375,4.036937713623047,RoadOption.STRAIGHT,1.567327618598938,130.2206573486328,3.1480646676709036,2.8,1.2,4.5,3.0,10.0,0.6,0.01,0.06,0.55,0.16,0.2,0.35,1.0,12,10.0,14.0,0.9,1.2,0.6,0.01,0.06,0.65,0.3,0.72,0.005,0.38,0.22,0.01,0.14,1.0,0.28
lqr,ground_truth,curvy,400.0,0.05,0.1,1.0,55.46569147333503,10.738605499267578,130.30911254882812,18.563189370701533,0.8812550737429099,0.03737925979786592,-0.0030834079100934275,0.03737925979786592,0.0030834079100934275,-0.00013549183495342731,0.0048962177243083715,0.5785123109817505,0.0,19.444444444444443,382,376,4.119244575500488,RoadOption.STRAIGHT,0.5656337141990662,130.2144775390625,3.14773816412126,2.8,1.2,4.5,3.0,10.0,0.6,0.01,0.06,0.55,0.16,0.2,0.35,1.0,12,10.0,14.0,0.9,1.2,0.6,0.01,0.06,0.65,0.3,0.72,0.005,0.38,0.22,0.01,0.14,1.0,0.28
lqr,ground_truth,curvy,400.0,0.05,0.1,1.0,55.515691474080086,9.810515403747559,130.29713439941406,18.563400386031823,0.8810440584126198,0.026670006861335117,-0.002555569382040268,0.026670006861335117,0.002555569382040268,-0.0006143224891275167,-0.00047883065417408943,0.5783731937408447,0.0,19.444444444444443,383,377,4.201559543609619,RoadOption.STRAIGHT,-0.4343474507331848,130.20834350585938,-3.1354468767422174,2.8,1.2,4.5,3.0,10.0,0.6,0.01,0.06,0.55,0.16,0.2,0.35,1.0,12,10.0,14.0,0.9,1.2,0.6,0.01,0.06,0.65,0.3,0.72,0.005,0.38,0.22,0.01,0.14,1.0,0.28
lqr,ground_truth,curvy,400.0,0.05,0.1,1.0,55.565691474825144,8.882412910461426,130.2855682373047,18.563520261675087,0.8809241827693555,0.01723356576963528,-0.0014711301861600745,0.01723356576963528,0.0014711301861600745,-0.004694295581430197,-0.00407997309230268,0.5784106850624084,0.0,19.444444444444443,384,378,4.283879280090332,RoadOption.STRAIGHT,-1.434328556060791,130.20217895507812,-3.1354468767422174,2.8,1.2,4.5,3.0,10.0,0.6,0.01,0.06,0.55,0.16,0.2,0.35,1.0,12,10.0,14.0,0.9,1.2,0.6,0.01,0.06,0.65,0.3,0.72,0.005,0.38,0.22,0.01,0.14,1.0,0.28
lqr,ground_truth,curvy,400.0,0.05,0.1,1.0,55.6156914755702,7.954298973083496,130.27491760253906,18.56348664523914,0.8809577992053015,0.008581729312257189,-0.00040320258903836503,0.008581729312257189,0.00040320258903836503,-0.008034304715692997,-0.0033400091342628,0.5786150097846985,0.0,19.444444444444443,385,379,4.366203308105469,RoadOption.STRAIGHT,-2.434309959411621,130.196044921875,-3.1354468767422174,2.8,1.2,4.5,3.0,10.0,0.6,0.01,0.06,0.55,0.16,0.2,0.35,1.0,12,10.0,14.0,0.9,1.2,0.6,0.01,0.06,0.65,0.3,0.72,0.005,0.38,0.22,0.01,0.14,1.0,0.28
lqr,ground_truth,curvy,400.0,0.05,0.1,1.0,55.66569147631526,7.0261759757995605,130.26565551757812,18.563329316139622,0.8811151283048204,0.00024268745631279148,0.0002146507838602929,0.00024268745631279148,0.0002146507838602929,-0.008077471517026424,-4.316680133342743e-05,0.5788578987121582,0.0,19.444444444444443,386,380,4.4485344886779785,RoadOption.STRAIGHT,-3.434290885925293,130.18988037109375,-3.1354468767422174,2.8,1.2,4.5,3.0,10.0,0.6,0.01,0.06,0.55,0.16,0.2,0.35,1.0,12,10.0,14.0,0.9,1.2,0.6,0.01,0.06,0.65,0.3,0.72,0.005,0.38,0.22,0.01,0.14,1.0,0.28
lqr,ground_truth,curvy,400.0,0.05,0.1,1.0,55.71569147706032,6.098045349121094,130.25787353515625,18.56323925176458,0.8812051926798645,-0.007892742847349147,0.0004207794522326225,0.007892742847349147,0.0004207794522326225,-0.0038549003656953573,0.004222571151331067,0.5788311958312988,0.0,19.444444444444443,387,381,4.5308709144592285,RoadOption.STRAIGHT,-4.434271812438965,130.18374633789062,-3.1354468767422174,2.8,1.2,4.5,3.0,10.0,0.6,0.01,0.06,0.55,0.16,0.2,0.35,1.0,12,10.0,14.0,0.9,1.2,0.6,0.01,0.06,0.65,0.3,0.72,0.005,0.38,0.22,0.01,0.14,1.0,0.28
lqr,ground_truth,curvy,400.0,0.05,0.1,1.0,55.765691477805376,5.16990327835083,130.25131225585938,18.563329670770926,0.8811147736735165,-0.008538612236613126,-0.0009611348374098938,0.008538612236613126,0.0009611348374098938,0.006911438424140215,0.010766338789835572,0.5785603523254395,0.0,19.444444444444443,388,382,4.604417324066162,RoadOption.STRAIGHT,-5.434253215789795,130.1776123046875,-3.1354468767422174,2.8,1.2,4.5,3.0,10.0,0.6,0.01,0.06,0.55,0.16,0.2,0.35,1.0,12,10.0,14.0,0.9,1.2,0.6,0.01,0.06,0.65,0.3,0.72,0.005,0.38,0.22,0.01,0.14,1.0,0.28
lqr,ground_truth,curvy,400.0,0.05,0.1,1.0,55.815691478550434,4.241758346557617,130.2449493408203,18.563323615359227,0.8811208290852157,-0.007867021815645713,-0.0015859124291419668,0.007867021815645713,0.0015859124291419668,0.009798801504075527,0.0028873630799353123,0.5786797404289246,0.0,19.444444444444443,389,383,4.6762495040893555,RoadOption.STRAIGHT,-6.434234142303467,130.17144775390625,-3.1354468767422174,2.8,1.2,4.5,3.0,10.0,0.6,0.01,0.06,0.55,0.16,0.2,0.35,1.0,12,10.0,14.0,0.9,1.2,0.6,0.01,0.06,0.65,0.3,0.72,0.005,0.38,0.22,0.01,0.14,1.0,0.28
lqr,ground_truth,curvy,400.0,0.05,0.1,1.0,55.86569147929549,3.31361985206604,130.2381591796875,18.563261978927546,0.8811824655168969,-0.0067998974039911,-0.0008772452630720906,0.0067998974039911,0.0008772452630720906,0.0037809889763593674,-0.00601781252771616,0.5787834525108337,0.0,19.444444444444443,390,384,4.7480854988098145,RoadOption.STRAIGHT,-7.434215068817139,130.16531372070312,-3.1354468767422174,2.8,1.2,4.5,3.0,10.0,0.6,0.01,0.06,0.55,0.16,0.2,0.35,1.0,12,10.0,14.0,0.9,1.2,0.6,0.01,0.06,0.65,0.3,0.72,0.005,0.38,0.22,0.01,0.14,1.0,0.28
lqr,ground_truth,curvy,400.0,0.05,0.1,1.0,55.91569148004055,2.3854799270629883,130.231201171875,18.563381965706682,0.8810624787377606,-0.005534419440654307,0.0002649845284627972,0.005534419440654307,0.0002649845284627972,-0.0034605704713612795,-0.007241559447720647,0.5784934759140015,0.0,19.444444444444443,391,385,4.819918632507324,RoadOption.STRAIGHT,-8.434196472167969,130.15914916992188,-3.1354468767422174,2.8,1.2,4.5,3.0,10.0,0.6,0.01,0.06,0.55,0.16,0.2,0.35,1.0,12,10.0,14.0,0.9,1.2,0.6,0.01,0.06,0.65,0.3,0.72,0.005,0.38,0.22,0.01,0.14,1.0,0.28
lqr,ground_truth,curvy,400.0,0.05,0.1,1.0,55.96569148078561,1.4573328495025635,130.22470092773438,18.56341480778361,0.8810296366608341,-0.004757260394276326,0.0008274441506879171,0.004757260394276326,0.0008274441506879171,-0.005871397443115711,-0.0024108269717544317,0.5785783529281616,0.0,19.444444444444443,392,386,4.891747951507568,RoadOption.STRAIGHT,-9.43417739868164,130.15301513671875,-3.1354468767422174,2.8,1.2,4.5,3.0,10.0,0.6,0.01,0.06,0.55,0.16,0.2,0.35,1.0,12,10.0,14.0,0.9,1.2,0.6,0.01,0.06,0.65,0.3,0.72,0.005,0.38,0.22,0.01,0.14,1.0,0.28
lqr,ground_truth,curvy,400.0,0.05,0.1,1.0,56.015691481530666,0.5291814208030701,130.21884155273438,18.563394627329085,0.8810498171153576,-0.004590468124731895,0.0005440838107033663,0.004590468124731895,0.0005440838107033663,-0.0025954339653253555,0.0032759634777903557,0.5786541104316711,0.0,19.444444444444443,393,387,4.963577747344971,RoadOption.STRAIGHT,-10.434158325195312,130.14688110351562,-3.1354468767422174,2.8,1.2,4.5,3.0,10.0,0.6,0.01,0.06,0.55,0.16,0.2,0.35,1.0,12,10.0,14.0,0.9,1.2,0.6,0.01,0.06,0.65,0.3,0.72,0.005,0.38,0.22,0.01,0.14,1.0,0.28
lqr,ground_truth,curvy,400.0,0.05,0.1,1.0,56.065691482275724,-0.39897406101226807,130.21336364746094,18.56346067031481,0.880983774129632,-0.004805160356479949,-8.522115488229787e-05,0.004805160356479949,8.522115488229787e-05,0.0021214333828538656,0.004716867348179221,0.5785109996795654,0.0,19.444444444444443,393,388,5.035406589508057,RoadOption.STRAIGHT,-10.434158325195312,130.14688110351562,-3.1354468767422174,2.8,1.2,4.5,3.0,10.0,0.6,0.01,0.06,0.55,0.16,0.2,0.35,1.0,12,10.0,14.0,0.9,1.2,0.6,0.01,0.06,0.65,0.3,0.72,0.005,0.38,0.22,0.01,0.14,1.0,0.28
lqr,ground_truth,curvy,400.0,0.05,0.1,1.0,56.11569148302078,-1.3271316289901733,130.20779418945312,18.563498887432363,0.8809455570120797,-0.004940020912601248,-0.0003989415312939393,0.004940020912601248,0.0003989415312939393,0.003859090618789196,0.0017376572359353304,0.5785214900970459,0.0,19.444444444444443,394,388,4.107233047485352,RoadOption.STRAIGHT,-11.434139251708984,130.14071655273438,-3.1354468767422174,2.8,1.2,4.5,3.0,10.0,0.6,0.01,0.06,0.55,0.16,0.2,0.35,1.0,12,10.0,14.0,0.9,1.2,0.6,0.01,0.06,0.65,0.3,0.72,0.005,0.38,0.22,0.01,0.14,1.0,0.28
lqr,ground_truth,curvy,400.0,0.05,0.1,1.0,56.16569148376584,-2.2552871704101562,130.20187377929688,18.56349965340685,0.8809447910375923,-0.004742736916966465,-0.0001834917991061502,0.004742736916966465,0.0001834917991061502,0.0017818176420405507,-0.0020772729767486453,0.5785659551620483,0.0,19.444444444444443,395,389,4.179058074951172,RoadOption.STRAIGHT,-12.434121131896973,130.13458251953125,-3.1354468767422174,2.8,1.2,4.5,3.0,10.0,0.6,0.01,0.06,0.55,0.16,0.2,0.35,1.0,12,10.0,14.0,0.9,1.2,0.6,0.01,0.06,0.65,0.3,0.72,0.005,0.38,0.22,0.01,0.14,1.0,0.28
lqr,ground_truth,curvy,400.0,0.05,0.1,1.0,56.2156914845109,-3.1834423542022705,130.19573974609375,18.56352443093742,0.8809200135070228,-0.004301314709095585,0.00025326661966662556,0.004301314709095585,0.00025326661966662556,-0.001056887791492045,-0.0028387054335325956,0.578522264957428,0.0,19.444444444444443,396,390,4.250881671905518,RoadOption.STRAIGHT,-13.434102058410645,130.12844848632812,-3.1354468767422174,2.8,1.2,4.5,3.0,10.0,0.6,0.01,0.06,0.55,0.16,0.2,0.35,1.0,12,10.0,14.0,0.9,1.2,0.6,0.01,0.06,0.65,0.3,0.72,0.005,0.38,0.22,0.01,0.14,1.0,0.28
lqr,ground_truth,curvy,400.0,0.05,0.1,1.0,56.26569148525596,-4.111599445343018,130.18968200683594,18.56353628042866,0.8809081640157821,-0.003966710799051285,0.0005022721815892695,0.003966710799051285,0.0005022721815892695,-0.002366568660363555,-0.00130968086887151,0.5785306692123413,0.0,19.444444444444443,397,391,4.322705268859863,RoadOption.STRAIGHT,-14.434082984924316,130.12228393554688,-3.1354468767422174,2.8,1.2,4.5,3.0,10.0,0.6,0.01,0.06,0.55,0.16,0.2,0.35,1.0,12,10.0,14.0,0.9,1.2,0.6,0.01,0.06,0.65,0.3,0.72,0.005,0.38,0.22,0.01,0.14,1.0,0.28
lqr,ground_truth,curvy,400.0,0.05,0.1,1.0,56.315691486001015,-5.03975772857666,130.18382263183594,18.563531612959373,0.8809128314850696,-0.0037999606556789398,0.0004141215495074846,0.0037999606556789398,0.0004141215495074846,-0.0012847905745729804,0.0010817780857905746,0.578553318977356,0.0,19.444444444444443,398,392,4.394528388977051,RoadOption.STRAIGHT,-15.434063911437988,130.11614990234375,-3.1354468767422174,2.8,1.2,4.5,3.0,10.0,0.6,0.01,0.06,0.55,0.16,0.2,0.35,1.0,12,10.0,14.0,0.9,1.2,0.6,0.01,0.06,0.65,0.3,0.72,0.005,0.38,0.22,0.01,0.14,1.0,0.28
lqr,ground_truth,curvy,400.0,0.05,0.1,1.0,56.36569148674607,-5.967916011810303,130.17811584472656,18.563538168863204,0.8809062755812391,-0.0037857955212746326,0.00015659387209687736,0.0037857955212746326,0.00015659387209687736,0.00066204066388309,0.0019468312384560704,0.5785359144210815,0.0,19.444444444444443,399,393,4.4663519859313965,RoadOption.STRAIGHT,-16.434045791625977,130.1099853515625,-3.1354468767422174,2.8,1.2,4.5,3.0,10.0,0.6,0.01,0.06,0.55,0.16,0.2,0.35,1.0,12,10.0,14.0,0.9,1.2,0.6,0.01,0.06,0.65,0.3,0.72,0.005,0.38,0.22,0.01,0.14,1.0,0.28
lqr,ground_truth,curvy,400.0,0.05,0.1,1.0,56.41569148749113,-6.8960747718811035,130.17236328125,18.56354099243521,0.8809034520092318,-0.0037563748164898374,2.396844981156221e-06,0.0037563748164898374,2.396844981156221e-06,0.0013632820919156075,0.0007012414280325174,0.5785386562347412,0.0,19.444444444444443,400,394,4.538175106048584,RoadOption.STRAIGHT,-17.43402671813965,130.10385131835938,-3.1354468767422174,2.8,1.2,4.5,3.0,10.0,0.6,0.01,0.06,0.55,0.16,0.2,0.35,1.0,12,10.0,14.0,0.9,1.2,0.6,0.01,0.06,0.65,0.3,0.72,0.005,0.38,0.22,0.01,0.14,1.0,0.28
lqr,ground_truth,curvy,400.0,0.05,0.1,1.0,56.46569148823619,-7.824233055114746,130.16648864746094,18.56353989163803,0.8809045528064132,-0.003574360311188053,4.926848016673091e-05,0.003574360311188053,4.926848016673091e-05,0.0007788809598423541,-0.0005844011320732534,0.5785440802574158,0.0,19.444444444444443,401,395,4.609999179840088,RoadOption.STRAIGHT,-18.43400764465332,130.09771728515625,-3.1354468767422174,2.8,1.2,4.5,3.0,10.0,0.6,0.01,0.06,0.55,0.16,0.2,0.35,1.0,12,10.0,14.0,0.9,1.2,0.6,0.01,0.06,0.65,0.3,0.72,0.005,0.38,0.22,0.01,0.14,1.0,0.28
lqr,ground_truth,curvy,400.0,0.05,0.1,1.0,56.51569148898125,-8.752391815185547,130.16050720214844,18.56354239408034,0.880902050364103,-0.003285545091157596,0.0001986718173201396,0.003285545091157596,0.0001986718173201396,-0.00023693294497206807,-0.0010158139048144221,0.5785382390022278,0.0,19.444444444444443,402,396,4.681820392608643,RoadOption.STRAIGHT,-19.433988571166992,130.091552734375,-3.1354468767422174,2.8,1.2,4.5,3.0,10.0,0.6,0.01,0.06,0.55,0.16,0.2,0.35,1.0,12,10.0,14.0,0.9,1.2,0.6,0.01,0.06,0.65,0.3,0.72,0.005,0.38,0.22,0.01,0.14,1.0,0.28
lqr,ground_truth,curvy,400.0,0.05,0.1,1.0,56.565691489726305,-9.680550575256348,130.15455627441406,18.56354386302597,0.8809005814184729,-0.0030577638747143546,0.000301469835397139,0.0030577638747143546,0.000301469835397139,-0.0009380981791764498,-0.0007011652342043817,0.5785385966300964,0.0,19.444444444444443,403,397,4.753642559051514,RoadOption.STRAIGHT,-20.433969497680664,130.08541870117188,-3.1354468767422174,2.8,1.2,4.5,3.0,10.0,0.6,0.01,0.06,0.55,0.16,0.2,0.35,1.0,12,10.0,14.0,0.9,1.2,0.6,0.01,0.06,0.65,0.3,0.72,0.005,0.38,0.22,0.01,0.14,1.0,0.28
lqr,ground_truth,curvy,400.0,0.05,0.1,1.0,56.61569149047136,-10.608709335327148,130.148681640625,18.563541375452456,0.6483346278401427,-0.002875758160961528,0.0002764361211502475,0.002875758160961528,0.0002764361211502475,-0.000537940242793411,0.00040015793638303876,0.15992163121700287,0.0,19.2118760032926,404,398,4.825464725494385,RoadOption.STRAIGHT,-21.433950424194336,130.07928466796875,-3.1354468767422174,2.8,1.2,4.5,3.0,10.0,0.6,0.01,0.06,0.55,0.16,0.2,0.35,1.0,12,10.0,14.0,0.9,1.2,0.6,0.01,0.06,0.65,0.3,0.72,0.005,0.38,0.22,0.01,0.14,1.0,0.28
lqr,ground_truth,curvy,400.0,0.05,0.1,1.0,56.66569149121642,-11.536491394042969,130.1428680419922,18.5428794417828,0.21899656150979752,-0.0027829824836648823,0.00017843179303556056,0.0027829824836648823,0.00017843179303556056,3.1741266866447404e-05,0.0005696815096598584,0.0,0.33380773663520813,18.7618760032926,405,399,4.897665023803711,RoadOption.STRAIGHT,-22.433931350708008,130.0731201171875,-3.1354468767422174,2.8,1.2,4.5,3.0,10.0,0.6,0.01,0.06,0.55,0.16,0.2,0.35,1.0,12,10.0,14.0,0.9,1.2,0.6,0.01,0.06,0.65,0.3,0.72,0.005,0.38,0.22,0.01,0.14,1.0,0.28
lqr,ground_truth,curvy,400.0,0.05,0.1,1.0,56.71569149196148,-12.460501670837402,130.13706970214844,18.422359220733515,-0.11048321744091538,-0.002651773782420881,9.93359086600698e-05,0.002651773782420881,9.93359086600698e-05,0.0004553598118945956,0.0004236185450281482,0.0,0.4117209017276764,18.3118760032926,406,400,4.973636150360107,RoadOption.STRAIGHT,-23.43391227722168,130.06698608398438,-3.1354468767422174,2.8,1.2,4.5,3.0,10.0,0.6,0.01,0.06,0.55,0.16,0.2,0.35,1.0,12,10.0,14.0,0.9,1.2,0.6,0.01,0.06,0.65,0.3,0.72,0.005,0.38,0.22,0.01,0.14,1.0,0.28
lqr,ground_truth,curvy,400.0,0.05,0.1,1.0,56.76569149270654,-13.374934196472168,130.1313018798828,18.191578382963396,-0.3297023796707954,-0.0024922197321873146,8.761799986389818e-05,0.0024922197321873146,8.761799986389818e-05,0.00046803202712908387,1.2672215234488249e-05,0.0,0.4111045300960541,17.8618760032926,406,401,5.05918550491333,RoadOption.STRAIGHT,-23.43391227722168,130.06698608398438,-3.1354468767422174,2.8,1.2,4.5,3.0,10.0,0.6,0.01,0.06,0.55,0.16,0.2,0.35,1.0,12,10.0,14.0,0.9,1.2,0.6,0.01,0.06,0.65,0.3,0.72,0.005,0.38,0.22,0.01,0.14,1.0,0.28
lqr,ground_truth,curvy,400.0,0.05,0.1,1.0,56.815691493451595,-14.275911331176758,130.12559509277344,17.90253803305106,-0.4906620297584574,-0.0023227099542806363,0.0001334243706132554,0.0023227099542806363,0.0001334243706132554,0.00013988588762003928,-0.0003281461395090446,0.0,0.4380142092704773,17.4118760032926,407,401,4.1581902503967285,RoadOption.STRAIGHT,-24.433895111083984,130.06082153320312,-3.1354468767422174,2.8,1.2,4.5,3.0,10.0,0.6,0.01,0.06,0.55,0.16,0.2,0.35,1.0,12,10.0,14.0,0.9,1.2,0.6,0.01,0.06,0.65,0.3,0.72,0.005,0.38,0.22,0.01,0.14,1.0,0.28
lqr,ground_truth,curvy,400.0,0.05,0.1,1.0,56.86569149419665,-15.16124439239502,130.11997985839844,17.575491818466187,-0.6136158151735849,-0.0021674202259261977,0.00019148128237667095,0.0021674202259261977,0.00019148128237667095,-0.00037579971831291914,-0.0005156856059329584,0.0,0.46648627519607544,16.961876003292602,408,402,4.272839069366455,RoadOption.STRAIGHT,-25.433876037597656,130.0546875,-3.1354468767422174,2.8,1.2,4.5,3.0,10.0,0.6,0.01,0.06,0.55,0.16,0.2,0.35,1.0,12,10.0,14.0,0.9,1.2,0.6,0.01,0.06,0.65,0.3,0.72,0.005,0.38,0.22,0.01,0.14,1.0,0.28
lqr,ground_truth,curvy,400.0,0.05,0.1,1.0,56.91569149494171,-16.029420852661133,130.11448669433594,17.222805490763022,-0.49065381947276165,-0.001998241525795419,0.00020399813950033874,0.001998241525795419,0.00020399813950033874,-0.00039780951919965446,-2.200980088673532e-05,0.0,0.09785545617341995,16.73215167129026,409,403,4.404644966125488,RoadOption.STRAIGHT,-26.433856964111328,130.04855346679688,-3.1354468767422174,2.8,1.2,4.5,3.0,10.0,0.6,0.01,0.06,0.55,0.16,0.2,0.35,1.0,12,10.0,14.0,0.9,1.2,0.6,0.01,0.06,0.65,0.3,0.72,0.005,0.38,0.22,0.01,0.14,1.0,0.28
lqr,ground_truth,curvy,400.0,0.05,0.1,1.0,56.96569149568677,-16.879959106445312,130.10914611816406,16.87786728143729,-0.14625188561112168,-0.0018732480359933412,0.00016964336143798775,0.0018732480359933412,0.00016964336143798775,-9.940322343027219e-05,0.00029840629576938227,0.3744404911994934,0.0,16.731615395826168,410,404,4.5540900230407715,RoadOption.STRAIGHT,-27.433837890625,130.04238891601562,-3.1354468767422174,2.8,1.2,4.5,3.0,10.0,0.6,0.01,0.06,0.55,0.16,0.2,0.35,1.0,12,10.0,14.0,0.9,1.2,0.6,0.01,0.06,0.65,0.3,0.72,0.005,0.38,0.22,0.01,0.14,1.0,0.28
lqr,ground_truth,curvy,400.0,0.05,0.1,1.0,57.01569149643183,-17.714262008666992,130.1039276123047,16.565374560605488,0.16677711068477308,-0.001801061335530419,0.00012650015177895213,0.001801061335530419,0.00012650015177895213,4.6445617044810206e-05,0.0001458488404750824,0.5246937870979309,0.0,16.73215167129026,411,405,4.719770431518555,RoadOption.STRAIGHT,-28.433818817138672,130.0362548828125,-3.1354468767422174,2.8,1.2,4.5,3.0,10.0,0.6,0.01,0.06,0.55,0.16,0.2,0.35,1.0,12,10.0,14.0,0.9,1.2,0.6,0.01,0.06,0.65,0.3,0.72,0.005,0.38,0.22,0.01,0.14,1.0,0.28
lqr,ground_truth,curvy,400.0,0.05,0.1,1.0,57.065691497176886,-18.53450584411621,130.0988006591797,16.30911127279665,0.42304039849361175,-0.0017035052955056938,0.00010146643753206064,0.0017035052955056938,0.00010146643753206064,0.00020803532970603555,0.00016158971266122535,0.6105443835258484,0.0,16.73215167129026,412,406,4.899510383605957,RoadOption.STRAIGHT,-29.43410873413086,130.0301055908203,-3.1354468767422174,2.8,1.2,4.5,3.0,10.0,0.6,0.01,0.06,0.55,0.16,0.2,0.35,1.0,12,10.0,14.0,0.9,1.2,0.6,0.01,0.06,0.65,0.3,0.72,0.005,0.38,0.22,0.01,0.14,1.0,0.28
lqr,ground_truth,curvy,400.0,0.05,0.1,1.0,57.115691497921944,-19.34439468383789,130.09371948242188,16.13448826447863,0.5976634068116304,-0.0016185909455165848,0.00010599381138520769,0.0016185909455165848,0.00010599381138520769,2.1058011043351144e-05,-0.0001869773186626844,0.617648720741272,0.0,16.73215167129026,412,407,5.089607238769531,RoadOption.STRAIGHT,-29.43410873413086,130.0301055908203,-3.1354468767422174,2.8,1.2,4.5,3.0,10.0,0.6,0.01,0.06,0.55,0.16,0.2,0.35,1.0,12,10.0,14.0,0.9,1.2,0.6,0.01,0.06,0.65,0.3,0.72,0.005,0.38,0.22,0.01,0.14,1.0,0.28
lqr,ground_truth,curvy,400.0,0.05,0.1,1.0,57.165691498667,-20.147804260253906,130.0886688232422,16.031023052434666,0.701128618855595,-0.0015055720400792144,0.00011877698461759678,0.0015055720400792144,0.00011877698461759678,-0.00014685555652249604,-0.0001679135675658472,0.5946890711784363,0.0,16.73215167129026,413,407,4.286181926727295,RoadOption.STRAIGHT,-30.40340805053711,130.02146911621094,-3.117932597833311,2.8,1.2,4.5,3.0,10.0,0.6,0.01,0.06,0.55,0.16,0.2,0.35,1.0,12,10.0,14.0,0.9,1.2,0.6,0.01,0.06,0.65,0.3,0.72,0.005,0.38,0.22,0.01,0.14,1.0,0.28
lqr,ground_truth,curvy,400.0,0.05,0.1,1.0,57.21569149941206,-20.94759750366211,130.0836639404297,15.97561058622559,0.7565410850646703,-0.001404400023340198,0.0001150485590915018,0.001404400023340198,0.0001150485590915018,-0.00011684250785037875,3.0013048672117293e-05,0.5704196095466614,0.0,16.73215167129026,414,408,4.486372470855713,RoadOption.STRAIGHT,-31.311279296875,129.97637939453125,-3.0659847112941168,2.8,1.2,4.5,3.0,10.0,0.6,0.01,0.06,0.55,0.16,0.2,0.35,1.0,12,10.0,14.0,0.9,1.2,0.6,0.01,0.06,0.65,0.3,0.72,0.005,0.38,0.22,0.01,0.14,1.0,0.28
lqr,ground_truth,curvy,400.0,0.05,0.1,1.0,57.26569150015712,-21.745527267456055,130.07867431640625,15.948123916272833,0.7834914795533354,-0.0013070340497233768,9.773801200596566e-05,0.0013070340497233768,9.773801200596566e-05,4.4481013901531696e-05,0.00016132352175191045,0.5524353384971619,0.0,16.731615395826168,415,409,4.688426971435547,RoadOption.STRAIGHT,-32.215579986572266,129.8842010498047,-3.014037091071031,2.8,1.2,4.5,3.0,10.0,0.6,0.01,0.06,0.55,0.16,0.2,0.35,1.0,12,10.0,14.0,0.9,1.2,0.6,0.01,0.06,0.65,0.3,0.72,0.005,0.38,0.22,0.01,0.14,1.0,0.28
lqr,ground_truth,curvy,400.0,0.05,0.1,1.0,57.315691500902176,-22.54254913330078,130.0736846923828,15.93505114057951,0.7971005307107504,-0.001234605374828817,8.735168375473279e-05,0.001234605374828817,8.735168375473279e-05,-1.93787673197221e-05,-6.38597812212538e-05,0.5445911884307861,0.0,16.73215167129026,416,410,4.8913893699646,RoadOption.STRAIGHT,-33.11387634277344,129.7451934814453,-2.9620892045318366,2.8,1.2,4.5,3.0,10.0,0.6,0.01,0.06,0.55,0.16,0.2,0.35,1.0,12,10.0,14.0,0.9,1.2,0.6,0.01,0.06,0.65,0.3,0.72,0.005,0.38,0.22,0.01,0.14,1.0,0.28
pid,ground_truth,curvy,400.0,0.05,0.1,1.0,57.365691501647234,-9.875875473022461,-57.55167007446289,0.4899999797344208,18.954444464710022,0.04549653862999907,1.0194913535599426e-07,0.04549653862999907,1.0194913535599426e-07,0.6499999761581421,0.6499999761581421,1.0,0.0,19.444444444444443,11,0,0.5870656371116638,RoadOption.STRAIGHT,1.095213770866394,-57.46044921875,0.015969112844442135,2.8,1.2,4.5,3.0,10.0,0.6,0.01,0.06,0.55,0.16,0.2,0.35,1.0,12,10.0,14.0,0.9,1.2,0.6,0.01,0.06,0.65,0.3,0.72,0.005,0.38,0.22,0.01,0.14,1.0,0.28
pid,ground_truth,curvy,400.0,0.05,0.1,1.0,57.41569150239229,-9.875875473022461,-57.55167007446289,0.9800000786781311,18.46444436576631,0.050639856295309094,-0.000891353775065884,0.050639856295309094,0.000891353775065884,0.550000011920929,-0.09999996423721313,1.0,0.0,19.444444444444443,11,6,6.02096700668335,RoadOption.STRAIGHT,1.095213770866394,-57.46044921875,0.015969112844442135,2.8,1.2,4.5,3.0,10.0,0.6,0.01,0.06,0.55,0.16,0.2,0.35,1.0,12,10.0,14.0,0.9,1.2,0.6,0.01,0.06,0.65,0.3,0.72,0.005,0.38,0.22,0.01,0.14,1.0,0.28
pid,ground_truth,curvy,400.0,0.05,0.1,1.0,57.46569150313735,-9.875875473022461,-57.55167007446289,1.470000147819519,17.974444296624924,0.050639856295309094,-0.000891353775065884,0.050639856295309094,0.000891353775065884,0.44999998807907104,-0.10000002384185791,1.0,0.0,19.444444444444443,11,6,6.015523433685303,RoadOption.STRAIGHT,1.095213770866394,-57.46044921875,0.015969112844442135,2.8,1.2,4.5,3.0,10.0,0.6,0.01,0.06,0.55,0.16,0.2,0.35,1.0,12,10.0,14.0,0.9,1.2,0.6,0.01,0.06,0.65,0.3,0.72,0.005,0.38,0.22,0.01,0.14,1.0,0.28
pid,ground_truth,curvy,400.0,0.05,0.1,1.0,57.51569150388241,-9.875875473022461,-57.55167007446289,1.9600002765655518,17.48444416787889,0.050639856295309094,-0.000891353775065884,0.050639856295309094,0.000891353775065884,0.3499999940395355,-0.09999999403953552,1.0,0.0,19.444444444444443,11,6,6.009093761444092,RoadOption.STRAIGHT,1.095213770866394,-57.46044921875,0.015969112844442135,2.8,1.2,4.5,3.0,10.0,0.6,0.01,0.06,0.55,0.16,0.2,0.35,1.0,12,10.0,14.0,0.9,1.2,0.6,0.01,0.06,0.65,0.3,0.72,0.005,0.38,0.22,0.01,0.14,1.0,0.28
pid,ground_truth,curvy,400.0,0.05,0.1,1.0,57.565691504627466,-9.875875473022461,-57.55167007446289,2.450000286102295,16.994444158342148,0.050639856295309094,-0.000891353775065884,0.050639856295309094,0.000891353775065884,0.25,-0.09999999403953552,1.0,0.0,19.444444444444443,11,6,6.002754211425781,RoadOption.STRAIGHT,1.095213770866394,-57.46044921875,0.015969112844442135,2.8,1.2,4.5,3.0,10.0,0.6,0.01,0.06,0.55,0.16,0.2,0.35,1.0,12,10.0,14.0,0.9,1.2,0.6,0.01,0.06,0.65,0.3,0.72,0.005,0.38,0.22,0.01,0.14,1.0,0.28
pid,ground_truth,curvy,400.0,0.05,0.1,1.0,57.615691505372524,-9.875875473022461,-57.55167007446289,2.93999981880188,16.504444625642563,0.050639856295309094,-0.000891353775065884,0.050639856295309094,0.000891353775065884,0.15000000596046448,-0.09999999403953552,1.0,0.0,19.444444444444443,11,6,5.9978861808776855,RoadOption.STRAIGHT,1.095213770866394,-57.46044921875,0.015969112844442135,2.8,1.2,4.5,3.0,10.0,0.6,0.01,0.06,0.55,0.16,0.2,0.35,1.0,12,10.0,14.0,0.9,1.2,0.6,0.01,0.06,0.65,0.3,0.72,0.005,0.38,0.22,0.01,0.14,1.0,0.28
pid,ground_truth,curvy,400.0,0.05,0.1,1.0,57.66569150611758,-9.875874519348145,-57.55167007446289,2.0671517849072982,17.377292659537144,0.05063984551286746,-0.000891353775065884,0.05063984551286746,0.000891353775065884,0.05000000074505806,-0.10000000521540642,1.0,0.0,19.444444444444443,11,6,5.996154308319092,RoadOption.STRAIGHT,1.095213770866394,-57.46044921875,0.015969112844442135,2.8,1.2,4.5,3.0,10.0,0.6,0.01,0.06,0.55,0.16,0.2,0.35,1.0,12,10.0,14.0,0.9,1.2,0.6,0.01,0.06,0.65,0.3,0.72,0.005,0.38,0.22,0.01,0.14,1.0,0.28
pid,ground_truth,curvy,400.0,0.05,0.1,1.0,57.71569150686264,-9.875874519348145,-57.55167007446289,0.7392763495469044,18.705168094897537,0.05063984551286746,-0.000891353775065884,0.05063984551286746,0.000891353775065884,-0.0015166547382250428,-0.0515166554832831,1.0,0.0,19.444444444444443,11,6,5.996372222900391,RoadOption.STRAIGHT,1.095213770866394,-57.46044921875,0.015969112844442135,2.8,1.2,4.5,3.0,10.0,0.6,0.01,0.06,0.55,0.16,0.2,0.35,1.0,12,10.0,14.0,0.9,1.2,0.6,0.01,0.06,0.65,0.3,0.72,0.005,0.38,0.22,0.01,0.14,1.0,0.28
pid,ground_truth,curvy,400.0,0.05,0.1,1.0,57.7656915076077,-9.875874519348145,-57.55167007446289,0.11258020251995848,19.331864241924485,0.05063984551286746,-0.000891353775065884,0.05063984551286746,0.000891353775065884,-0.0015171798877418041,-5.25149516761303e-07,1.0,0.0,19.444444444444443,11,6,5.9965338706970215,RoadOption.STRAIGHT,1.095213770866394,-57.46044921875,0.015969112844442135,2.8,1.2,4.5,3.0,10.0,0.6,0.01,0.06,0.55,0.16,0.2,0.35,1.0,12,10.0,14.0,0.9,1.2,0.6,0.01,0.06,0.65,0.3,0.72,0.005,0.38,0.22,0.01,0.14,1.0,0.28
pid,ground_truth,curvy,400.0,0.05,0.1,1.0,57.81569150835276,-9.870336532592773,-57.55161666870117,0.3639852055514756,19.080459238892967,0.0506306342224927,-0.0008996033326611474,0.0506306342224927,0.0008996033326611474,-0.001454642741009593,6.253714673221111e-05,1.0,0.0,19.444444444444443,11,6,5.990961074829102,RoadOption.STRAIGHT,1.095213770866394,-57.46044921875,0.015969112844442135,2.8,1.2,4.5,3.0,10.0,0.6,0.01,0.06,0.55,0.16,0.2,0.35,1.0,12,10.0,14.0,0.9,1.2,0.6,0.01,0.06,0.65,0.3,0.72,0.005,0.38,0.22,0.01,0.14,1.0,0.28
pid,ground_truth,curvy,400.0,0.05,0.1,1.0,57.865691509097815,-9.825262069702148,-57.55118179321289,1.2428085925915633,18.20163585185288,0.050555860593539156,-0.0009288544121655029,0.050555860593539156,0.0009288544121655029,-0.0013146812561899424,0.00013996148481965065,1.0,0.0,19.444444444444443,11,6,5.945785045623779,RoadOption.STRAIGHT,1.095213770866394,-57.46044921875,0.015969112844442135,2.8,1.2,4.5,3.0,10.0,0.6,0.01,0.06,0.55,0.16,0.2,0.35,1.0,12,10.0,14.0,0.9,1.2,0.6,0.01,0.06,0.65,0.3,0.72,0.005,0.38,0.22,0.01,0.14,1.0,0.28
pid,ground_truth,curvy,400.0,0.05,0.1,1.0,57.91569150984287,-9.743999481201172,-57.55038833618164,1.9154856926275017,17.52895875181694,0.05043049505792515,-0.0009763367018664759,0.05043049505792515,0.0009763367018664759,-0.001190862851217389,0.00012381840497255325,1.0,0.0,19.444444444444443,11,6,5.864427089691162,RoadOption.STRAIGHT,1.095213770866394,-57.46044921875,0.015969112844442135,2.8,1.2,4.5,3.0,10.0,0.6,0.01,0.06,0.55,0.16,0.2,0.35,1.0,12,10.0,14.0,0.9,1.2,0.6,0.01,0.06,0.65,0.3,0.72,0.005,0.38,0.22,0.01,0.14,1.0,0.28
pid,ground_truth,curvy,400.0,0.05,0.1,1.0,57.96569151058793,-9.631292343139648,-57.549320220947266,2.48486785325363,16.959576591190814,0.0502242515046217,-0.0009543937109004474,0.0502242515046217,0.0009543937109004474,-0.0017544355941936374,-0.0005635727429762483,1.0,0.0,19.444444444444443,11,6,5.751650810241699,RoadOption.STRAIGHT,1.095213770866394,-57.46044921875,0.015969112844442135,2.8,1.2,4.5,3.0,10.0,0.6,0.01,0.06,0.55,0.16,0.2,0.35,1.0,12,10.0,14.0,0.9,1.2,0.6,0.01,0.06,0.65,0.3,0.72,0.005,0.38,0.22,0.01,0.14,1.0,0.28
pid,ground_truth,curvy,400.0,0.05,0.1,1.0,58.01569151133299,-9.492607116699219,-57.54800033569336,2.9634663138959856,16.480978130548458,0.0499760481684073,-0.0010515886877153768,0.0499760481684073,0.0010515886877153768,-0.0008190672961063683,0.0009353682980872691,1.0,0.0,19.444444444444443,11,6,5.612921714782715,RoadOption.STRAIGHT,1.095213770866394,-57.46044921875,0.015969112844442135,2.8,1.2,4.5,3.0,10.0,0.6,0.01,0.06,0.55,0.16,0.2,0.35,1.0,12,10.0,14.0,0.9,1.2,0.6,0.01,0.06,0.65,0.3,0.72,0.005,0.38,0.22,0.01,0.14,1.0,0.28
pid,ground_truth,curvy,400.0,0.05,0.1,1.0,58.06569151207805,-9.331741333007812,-57.546443939208984,3.3850948845829696,16.059349559861474,0.049713562918089454,-0.0011157167745263763,0.049713562918089454,0.0011157167745263763,-0.0010820042807608843,-0.000262936984654516,1.0,0.0,19.444444444444443,11,6,5.452029705047607,RoadOption.STRAIGHT,1.095213770866394,-57.46044921875,0.015969112844442135,2.8,1.2,4.5,3.0,10.0,0.6,0.01,0.06,0.55,0.16,0.2,0.35,1.0,12,10.0,14.0,0.9,1.2,0.6,0.01,0.06,0.65,0.3,0.72,0.005,0.38,0.22,0.01,0.14,1.0,0.28
pid,ground_truth,curvy,400.0,0.05,0.1,1.0,58.115691512823105,-9.150826454162598,-57.54469680786133,3.7733304622321695,15.671113982212272,0.04941512106942218,-0.0011872767452545396,0.04941512106942218,0.0011872767452545396,-0.0010161965619772673,6.580771878361702e-05,1.0,0.0,19.444444444444443,11,6,5.271098613739014,RoadOption.STRAIGHT,1.095213770866394,-57.46044921875,0.015969112844442135,2.8,1.2,4.5,3.0,10.0,0.6,0.01,0.06,0.55,0.16,0.2,0.35,1.0,12,10.0,14.0,0.9,1.2,0.6,0.01,0.06,0.65,0.3,0.72,0.005,0.38,0.22,0.01,0.14,1.0,0.28
pid,ground_truth,curvy,400.0,0.05,0.1,1.0,58.16569151356816,-8.951104164123535,-57.542781829833984,4.142028034850217,15.302416409594226,0.04907187464076324,-0.0012659034555473347,0.04907187464076324,0.0012659034555473347,-0.0009425145690329373,7.368199294432998e-05,1.0,0.0,19.444444444444443,11,6,5.071366786956787,RoadOption.STRAIGHT,1.095213770866394,-57.46044921875,0.015969112844442135,2.8,1.2,4.5,3.0,10.0,0.6,0.01,0.06,0.55,0.16,0.2,0.35,1.0,12,10.0,14.0,0.9,1.2,0.6,0.01,0.06,0.65,0.3,0.72,0.005,0.38,0.22,0.01,0.14,1.0,0.28
pid,ground_truth,curvy,400.0,0.05,0.1,1.0,58.21569151431322,-8.733308792114258,-57.54070281982422,4.499058297540632,14.945386146903811,0.048688311658726946,-0.0013461249416022447,0.048688311658726946,0.0013461249416022447,0.0050807613879442215,0.006023275956977159,1.0,0.0,19.444444444444443,12,6,4.853565216064453,RoadOption.STRAIGHT,2.0950863361358643,-57.444480895996094,0.015969112844442135,2.8,1.2,4.5,3.0,10.0,0.6,0.01,0.06,0.55,0.16,0.2,0.35,1.0,12,10.0,14.0,0.9,1.2,0.6,0.01,0.06,0.65,0.3,0.72,0.005,0.38,0.22,0.01,0.14,1.0,0.28
pid,ground_truth,curvy,400.0,0.05,0.1,1.0,58.26569151505828,-8.497886657714844,-57.5380859375,4.8488784897769355,14.595565954667507,0.05887667808542307,-0.003105775342358452,0.05887667808542307,0.003105775342358452,-0.0031904515344649553,-0.008271212922409177,1.0,0.0,19.444444444444443,12,7,5.607583999633789,RoadOption.STRAIGHT,2.0950863361358643,-57.444480895996094,0.015969112844442135,2.8,1.2,4.5,3.0,10.0,0.6,0.01,0.06,0.55,0.16,0.2,0.35,1.0,12,10.0,14.0,0.9,1.2,0.6,0.01,0.06,0.65,0.3,0.72,0.005,0.38,0.22,0.01,0.14,1.0,0.28
pid,ground_truth,curvy,400.0,0.05,0.1,1.0,58.31569151580334,-8.245100975036621,-57.5355224609375,5.193840769259849,14.250603675184593,0.0580763382267365,-0.003134369994266084,0.0580763382267365,0.003134369994266084,-0.001014183508232236,0.0021762680262327194,1.0,0.0,19.444444444444443,12,7,5.354791641235352,RoadOption.STRAIGHT,2.0950863361358643,-57.444480895996094,0.015969112844442135,2.8,1.2,4.5,3.0,10.0,0.6,0.01,0.06,0.55,0.16,0.2,0.35,1.0,12,10.0,14.0,0.9,1.2,0.6,0.01,0.06,0.65,0.3,0.72,0.005,0.38,0.22,0.01,0.14,1.0,0.28
pid,ground_truth,curvy,400.0,0.05,0.1,1.0,58.365691516548395,-7.975427150726318,-57.53293228149414,5.507151142343978,13.937293302100464,0.0570779837235348,-0.0032677267455545334,0.0570779837235348,0.0032677267455545334,-5.7695044233696535e-05,0.0009564884639985394,1.0,0.0,19.444444444444443,12,7,5.085113048553467,RoadOption.STRAIGHT,2.0950863361358643,-57.444480895996094,0.015969112844442135,2.8,1.2,4.5,3.0,10.0,0.6,0.01,0.06,0.55,0.16,0.2,0.35,1.0,12,10.0,14.0,0.9,1.2,0.6,0.01,0.06,0.65,0.3,0.72,0.005,0.38,0.22,0.01,0.14,1.0,0.28
pid,ground_truth,curvy,400.0,0.05,0.1,1.0,58.41569151729345,-7.697476863861084,-57.53022766113281,5.619593051671762,13.82485139277268,0.05608393263706118,-0.00334127888561353,0.05608393263706118,0.00334127888561353,0.00458458811044693,0.0046422831546806265,1.0,0.0,19.444444444444443,13,7,4.807158470153809,RoadOption.STRAIGHT,3.1059606075286865,-57.42900085449219,6.297060376458899,2.8,1.2,4.5,3.0,10.0,0.6,0.01,0.06,0.55,0.16,0.2,0.35,1.0,12,10.0,14.0,0.9,1.2,0.6,0.01,0.06,0.65,0.3,0.72,0.005,0.38,0.22,0.01,0.14,1.0,0.28
pid,ground_truth,curvy,400.0,0.05,0.1,1.0,58.46569151803851,-7.412543296813965,-57.52717590332031,5.7685786982828375,13.675865746161605,0.06536775676125436,-0.005153778469845882,0.06536775676125436,0.005153778469845882,-0.002292547607794404,-0.006877135718241334,1.0,0.0,19.444444444444443,13,8,5.511650085449219,RoadOption.STRAIGHT,3.1059606075286865,-57.42900085449219,6.297060376458899,2.8,1.2,4.5,3.0,10.0,0.6,0.01,0.06,0.55,0.16,0.2,0.35,1.0,12,10.0,14.0,0.9,1.2,0.6,0.01,0.06,0.65,0.3,0.72,0.005,0.38,0.22,0.01,0.14,1.0,0.28
pid,ground_truth,curvy,400.0,0.05,0.1,1.0,58.51569151878357,-7.1163506507873535,-57.52412033081055,6.035169643634485,13.409274800809957,0.0638895490718877,-0.005087955738731331,0.0638895490718877,0.005087955738731331,-0.0013775870902463794,0.0009149605175480247,1.0,0.0,19.444444444444443,13,8,5.21544885635376,RoadOption.STRAIGHT,3.1059606075286865,-57.42900085449219,6.297060376458899,2.8,1.2,4.5,3.0,10.0,0.6,0.01,0.06,0.55,0.16,0.2,0.35,1.0,12,10.0,14.0,0.9,1.2,0.6,0.01,0.06,0.65,0.3,0.72,0.005,0.38,0.22,0.01,0.14,1.0,0.28
pid,ground_truth,curvy,400.0,0.05,0.1,1.0,58.56569151952863,-6.806581497192383,-57.521121978759766,6.3062822716320435,13.1381621728124,0.06214633029352268,-0.005103409355135202,0.06214633029352268,0.005103409355135202,0.0016260567354038358,0.003003643825650215,1.0,0.0,19.444444444444443,14,8,4.905672550201416,RoadOption.STRAIGHT,4.123607158660889,-57.41658020019531,6.293684553461115,2.8,1.2,4.5,3.0,10.0,0.6,0.01,0.06,0.55,0.16,0.2,0.35,1.0,12,10.0,14.0,0.9,1.2,0.6,0.01,0.06,0.65,0.3,0.72,0.005,0.38,0.22,0.01,0.14,1.0,0.28
pid,ground_truth,curvy,400.0,0.05,0.1,1.0,58.615691520273685,-6.479969501495361,-57.51777648925781,6.714336297642766,12.730108146801676,0.06363600260397051,-0.005833865548170447,0.06363600260397051,0.005833865548170447,-7.39174647605978e-05,-0.0016999742001644336,1.0,0.0,19.444444444444443,14,9,5.575496673583984,RoadOption.STRAIGHT,4.123607158660889,-57.41658020019531,6.293684553461115,2.8,1.2,4.5,3.0,10.0,0.6,0.01,0.06,0.55,0.16,0.2,0.35,1.0,12,10.0,14.0,0.9,1.2,0.6,0.01,0.06,0.65,0.3,0.72,0.005,0.38,0.22,0.01,0.14,1.0,0.28
pid,ground_truth,curvy,400.0,0.05,0.1,1.0,58.66569152101874,-6.1351752281188965,-57.51422882080078,7.01082954504505,12.433614899399393,0.06167739407697162,-0.0058160681419483495,0.06167739407697162,0.0058160681419483495,-0.000785064185038209,-0.0007111467202776112,1.0,0.0,19.444444444444443,14,9,5.230690002441406,RoadOption.STRAIGHT,4.123607158660889,-57.41658020019531,6.293684553461115,2.8,1.2,4.5,3.0,10.0,0.6,0.01,0.06,0.55,0.16,0.2,0.35,1.0,12,10.0,14.0,0.9,1.2,0.6,0.01,0.06,0.65,0.3,0.72,0.005,0.38,0.22,0.01,0.14,1.0,0.28
pid,ground_truth,curvy,400.0,0.05,0.1,1.0,58.7156915217638,-5.773270606994629,-57.51061248779297,7.387074129406362,12.057370315038082,0.059514215884785907,-0.005755567571824827,0.059514215884785907,0.005755567571824827,-0.0016584839904680848,-0.0008734198054298759,1.0,0.0,19.444444444444443,15,9,4.868773460388184,RoadOption.STRAIGHT,5.1412882804870605,-57.40763473510742,6.29030873046333,2.8,1.2,4.5,3.0,10.0,0.6,0.01,0.06,0.55,0.16,0.2,0.35,1.0,12,10.0,14.0,0.9,1.2,0.6,0.01,0.06,0.65,0.3,0.72,0.005,0.38,0.22,0.01,0.14,1.0,0.28
pid,ground_truth,curvy,400.0,0.05,0.1,1.0,58.76569152250886,-5.393487453460693,-57.50689697265625,7.736927456224949,11.707516988219494,0.05717245434691212,-0.005965917766643791,0.05717245434691212,0.005965917766643791,0.001082769245840609,0.002741253236308694,1.0,0.0,19.444444444444443,15,10,5.488913536071777,RoadOption.STRAIGHT,5.1412882804870605,-57.40763473510742,6.29030873046333,2.8,1.2,4.5,3.0,10.0,0.6,0.01,0.06,0.55,0.16,0.2,0.35,1.0,12,10.0,14.0,0.9,1.2,0.6,0.01,0.06,0.65,0.3,0.72,0.005,0.38,0.22,0.01,0.14,1.0,0.28
pid,ground_truth,curvy,400.0,0.05,0.1,1.0,58.81569152325392,-4.994614601135254,-57.5029182434082,8.136586922790702,11.307857521653741,0.054781301423219644,-0.006102444303807797,0.054781301423219644,0.006102444303807797,0.0005347513942979276,-0.0005480178515426815,1.0,0.0,19.444444444444443,15,10,5.090024948120117,RoadOption.STRAIGHT,5.1412882804870605,-57.40763473510742,6.29030873046333,2.8,1.2,4.5,3.0,10.0,0.6,0.01,0.06,0.55,0.16,0.2,0.35,1.0,12,10.0,14.0,0.9,1.2,0.6,0.01,0.06,0.65,0.3,0.72,0.005,0.38,0.22,0.01,0.14,1.0,0.28
pid,ground_truth,curvy,400.0,0.05,0.1,1.0,58.865691523998976,-4.5771708488464355,-57.49872589111328,8.490818427028666,10.953626017415777,0.0523071961158566,-0.005999103250539761,0.0523071961158566,0.005999103250539761,-0.004535279702395201,-0.005070031096693128,1.0,0.0,19.444444444444443,16,10,4.672565460205078,RoadOption.STRAIGHT,6.158995628356934,-57.40210723876953,6.286932907465546,2.8,1.2,4.5,3.0,10.0,0.6,0.01,0.06,0.55,0.16,0.2,0.35,1.0,12,10.0,14.0,0.9,1.2,0.6,0.01,0.06,0.65,0.3,0.72,0.005,0.38,0.22,0.01,0.14,1.0,0.28
pid,ground_truth,curvy,400.0,0.05,0.1,1.0,58.915691524744034,-4.140720844268799,-57.494667053222656,8.888289512601887,10.556154931842556,0.049396205446616645,-0.006237630938048522,0.049396205446616645,0.006237630938048522,0.001177861588075757,0.005713141290470958,1.0,0.0,19.444444444444443,16,11,5.23604679107666,RoadOption.STRAIGHT,6.158995628356934,-57.40210723876953,6.286932907465546,2.8,1.2,4.5,3.0,10.0,0.6,0.01,0.06,0.55,0.16,0.2,0.35,1.0,12,10.0,14.0,0.9,1.2,0.6,0.01,0.06,0.65,0.3,0.72,0.005,0.38,0.22,0.01,0.14,1.0,0.28
pid,ground_truth,curvy,400.0,0.05,0.1,1.0,58.96569152548909,-3.6852195262908936,-57.490394592285156,9.262346443953382,10.182098000491061,0.046394478836749506,-0.006409542147602032,0.046394478836749506,0.006409542147602032,-0.0046315547078847885,-0.0058094162959605455,1.0,0.0,19.444444444444443,17,11,4.780527114868164,RoadOption.STRAIGHT,7.176715850830078,-57.399993896484375,6.283557084467762,2.8,1.2,4.5,3.0,10.0,0.6,0.01,0.06,0.55,0.16,0.2,0.35,1.0,12,10.0,14.0,0.9,1.2,0.6,0.01,0.06,0.65,0.3,0.72,0.005,0.38,0.22,0.01,0.14,1.0,0.28
pid,ground_truth,curvy,400.0,0.05,0.1,1.0,59.01569152623415,-3.209491491317749,-57.48622512817383,9.67755488936253,9.766889555081914,0.042966891998677155,-0.006763619817501176,0.042966891998677155,0.006763619817501176,0.0018850644119083881,0.006516619119793177,1.0,0.0,19.444444444444443,17,12,5.304742336273193,RoadOption.STRAIGHT,7.176715850830078,-57.399993896484375,6.283557084467762,2.8,1.2,4.5,3.0,10.0,0.6,0.01,0.06,0.55,0.16,0.2,0.35,1.0,12,10.0,14.0,0.9,1.2,0.6,0.01,0.06,0.65,0.3,0.72,0.005,0.38,0.22,0.01,0.14,1.0,0.28
pid,ground_truth,curvy,400.0,0.05,0.1,1.0,59.06569152697921,-2.7142107486724854,-57.4818000793457,10.05701951661423,9.387424927830212,0.03948251870130997,-0.006929029168925016,0.03948251870130997,0.006929029168925016,-0.006128007546067238,-0.008013071957975626,1.0,0.0,19.444444444444443,18,12,4.809442043304443,RoadOption.STRAIGHT,8.181218147277832,-57.40031433105469,6.28277624563615,2.8,1.2,4.5,3.0,10.0,0.6,0.01,0.06,0.55,0.16,0.2,0.35,1.0,12,10.0,14.0,0.9,1.2,0.6,0.01,0.06,0.65,0.3,0.72,0.005,0.38,0.22,0.01,0.14,1.0,0.28
pid,ground_truth,curvy,400.0,0.05,0.1,1.0,59.115691527724266,-2.2002358436584473,-57.47761154174805,10.425667882376139,9.018776562068304,0.02501547295319332,-0.005284696764261021,0.02501547295319332,0.005284696764261021,0.002339047146961093,0.00846705469302833,1.0,0.0,19.444444444444443,18,13,5.3064188957214355,RoadOption.STRAIGHT,8.181218147277832,-57.40031433105469,6.28277624563615,2.8,1.2,4.5,3.0,10.0,0.6,0.01,0.06,0.55,0.16,0.2,0.35,1.0,12,10.0,14.0,0.9,1.2,0.6,0.01,0.06,0.65,0.3,0.72,0.005,0.38,0.22,0.01,0.14,1.0,0.28
pid,ground_truth,curvy,400.0,0.05,0.1,1.0,59.165691528469324,-1.668336033821106,-57.47322463989258,10.779222920235034,8.665221524209409,0.02202204262550877,-0.005524365137759446,0.02202204262550877,0.005524365137759446,-0.005182263907045126,-0.007521311054006219,0.9663946032524109,0.0,19.444444444444443,19,13,4.774501800537109,RoadOption.STRAIGHT,9.181218147277832,-57.40072250366211,6.28277624563615,2.8,1.2,4.5,3.0,10.0,0.6,0.01,0.06,0.55,0.16,0.2,0.35,1.0,12,10.0,14.0,0.9,1.2,0.6,0.01,0.06,0.65,0.3,0.72,0.005,0.38,0.22,0.01,0.14,1.0,0.28
pid,ground_truth,curvy,400.0,0.05,0.1,1.0,59.21569152921438,-1.119072437286377,-57.46900939941406,11.12151086353313,8.322933580911313,0.002616863466284411,-0.0025515673583242915,0.002616863466284411,0.0025515673583242915,0.0017093191854655743,0.0068915830925107,0.9226391315460205,0.0,19.444444444444443,19,14,5.242941856384277,RoadOption.STRAIGHT,9.181218147277832,-57.40072250366211,6.28277624563615,2.8,1.2,4.5,3.0,10.0,0.6,0.01,0.06,0.55,0.16,0.2,0.35,1.0,12,10.0,14.0,0.9,1.2,0.6,0.01,0.06,0.65,0.3,0.72,0.005,0.38,0.22,0.01,0.14,1.0,0.28
pid,ground_truth,curvy,400.0,0.05,0.1,1.0,59.26569152995944,-0.5531712174415588,-57.46467208862305,11.447531382865717,7.996913061578725,0.001012508080849149,-0.0027960902791770437,0.001012508080849149,0.0027960902791770437,-0.004826095886528492,-0.006535415071994066,0.8964633941650391,0.0,19.444444444444443,20,14,4.67702579498291,RoadOption.STRAIGHT,10.181218147277832,-57.40113067626953,6.28277624563615,2.8,1.2,4.5,3.0,10.0,0.6,0.01,0.06,0.55,0.16,0.2,0.35,1.0,12,10.0,14.0,0.9,1.2,0.6,0.01,0.06,0.65,0.3,0.72,0.005,0.38,0.22,0.01,0.14,1.0,0.28
pid,ground_truth,curvy,400.0,0.05,0.1,1.0,59.3156915307045,0.028475837782025337,-57.46055603027344,11.755165343950425,7.6892791004940175,-0.016499533291403738,0.0001709603778206059,0.016499533291403738,0.0001709603778206059,0.0015619266778230667,0.006388022564351559,0.8802663087844849,0.0,19.444444444444443,20,15,5.113086700439453,RoadOption.STRAIGHT,10.181218147277832,-57.40113067626953,6.28277624563615,2.8,1.2,4.5,3.0,10.0,0.6,0.01,0.06,0.55,0.16,0.2,0.35,1.0,12,10.0,14.0,0.9,1.2,0.6,0.01,0.06,0.65,0.3,0.72,0.005,0.38,0.22,0.01,0.14,1.0,0.28
pid,ground_truth,curvy,400.0,0.05,0.1,1.0,59.365691531449556,0.6249772310256958,-57.45634460449219,12.04564030931185,7.398804135132593,-0.016537310338005692,-8.324042882179583e-05,0.016537310338005692,8.324042882179583e-05,-0.004428443033248186,-0.005990369711071253,0.8644070029258728,0.0,19.444444444444443,21,15,4.516573905944824,RoadOption.STRAIGHT,11.181218147277832,-57.40153884887695,6.28277624563615,2.8,1.2,4.5,3.0,10.0,0.6,0.01,0.06,0.55,0.16,0.2,0.35,1.0,12,10.0,14.0,0.9,1.2,0.6,0.01,0.06,0.65,0.3,0.72,0.005,0.38,0.22,0.01,0.14,1.0,0.28
pid,ground_truth,curvy,400.0,0.05,0.1,1.0,59.415691532194614,1.2355341911315918,-57.452362060546875,12.320736662864599,7.123707781579844,-0.03180334657514135,0.002898370749346846,0.03180334657514135,0.002898370749346846,-0.0029289887752383947,0.0014994542580097914,0.8469459414482117,0.0,19.444444444444443,22,16,4.923717975616455,RoadOption.STRAIGHT,12.181214332580566,-57.401947021484375,6.28277624563615,2.8,1.2,4.5,3.0,10.0,0.6,0.01,0.06,0.55,0.16,0.2,0.35,1.0,12,10.0,14.0,0.9,1.2,0.6,0.01,0.06,0.65,0.3,0.72,0.005,0.38,0.22,0.01,0.14,1.0,0.28
pid,ground_truth,curvy,400.0,0.05,0.1,1.0,59.46569153293967,1.8594205379486084,-57.44871139526367,12.581682121442743,6.8627623230017,-0.046740645826160124,0.005692323217570738,0.046740645826160124,0.005692323217570738,0.002742133103311062,0.005671121878549457,0.8291604518890381,0.0,19.444444444444443,22,17,5.31751823425293,RoadOption.STRAIGHT,12.181214332580566,-57.401947021484375,6.28277624563615,2.8,1.2,4.5,3.0,10.0,0.6,0.01,0.06,0.55,0.16,0.2,0.35,1.0,12,10.0,14.0,0.9,1.2,0.6,0.01,0.06,0.65,0.3,0.72,0.005,0.38,0.22,0.01,0.14,1.0,0.28
pid,ground_truth,curvy,400.0,0.05,0.1,1.0,59.51569153368473,2.4959394931793213,-57.44482421875,12.828918471154262,6.615525973290181,-0.04309011286672423,0.005508483439016665,0.04309011286672423,0.005508483439016665,-0.004205349367111921,-0.006947482470422983,0.8131539225578308,0.0,19.444444444444443,23,17,4.6809916496276855,RoadOption.STRAIGHT,13.181214332580566,-57.4023551940918,6.28277624563615,2.8,1.2,4.5,3.0,10.0,0.6,0.01,0.06,0.55,0.16,0.2,0.35,1.0,12,10.0,14.0,0.9,1.2,0.6,0.01,0.06,0.65,0.3,0.72,0.005,0.38,0.22,0.01,0.14,1.0,0.28
pid,ground_truth,curvy,400.0,0.05,0.1,1.0,59.56569153442979,3.1444239616394043,-57.44117736816406,13.062965258623594,6.381479185820849,-0.04292339243663133,0.005986494847253887,0.04292339243663133,0.005986494847253887,0.00025680329417809844,0.00446215266129002,0.7985944151878357,0.0,19.444444444444443,23,18,5.036960124969482,RoadOption.STRAIGHT,13.181214332580566,-57.4023551940918,6.28277624563615,2.8,1.2,4.5,3.0,10.0,0.6,0.01,0.06,0.55,0.16,0.2,0.35,1.0,12,10.0,14.0,0.9,1.2,0.6,0.01,0.06,0.65,0.3,0.72,0.005,0.38,0.22,0.01,0.14,1.0,0.28
pid,ground_truth,curvy,400.0,0.05,0.1,1.0,59.61569153517485,3.8042361736297607,-57.437644958496094,13.28457239759491,6.159872046849532,-0.03912107926991609,0.005690727401511886,0.03912107926991609,0.005690727401511886,-0.0029887338168919086,-0.003245537111070007,0.7846718430519104,0.0,19.444444444444443,24,18,4.377140998840332,RoadOption.STRAIGHT,14.181214332580566,-57.40276336669922,6.28277624563615,2.8,1.2,4.5,3.0,10.0,0.6,0.01,0.06,0.55,0.16,0.2,0.35,1.0,12,10.0,14.0,0.9,1.2,0.6,0.01,0.06,0.65,0.3,0.72,0.005,0.38,0.22,0.01,0.14,1.0,0.28
pid,ground_truth,curvy,400.0,0.05,0.1,1.0,59.665691535919905,4.474771022796631,-57.434326171875,13.494295148231268,5.950149296213175,-0.03552889187256884,0.005324807507288476,0.03552889187256884,0.005324807507288476,-0.0021022723522037268,0.0008864614646881819,0.7718091607093811,0.0,19.444444444444443,25,19,4.706567287445068,RoadOption.STRAIGHT,15.181214332580566,-57.403175354003906,6.28277624563615,2.8,1.2,4.5,3.0,10.0,0.6,0.01,0.06,0.55,0.16,0.2,0.35,1.0,12,10.0,14.0,0.9,1.2,0.6,0.01,0.06,0.65,0.3,0.72,0.005,0.38,0.22,0.01,0.14,1.0,0.28
pid,ground_truth,curvy,400.0,0.05,0.1,1.0,59.71569153666496,5.155455589294434,-57.43129348754883,13.692810132984178,5.751634311460265,-0.03221865488728546,0.004860111384354049,0.03221865488728546,0.004860111384354049,0.0015441600698977709,0.0036464324221014977,0.7595176100730896,0.0,19.444444444444443,25,20,5.025853157043457,RoadOption.STRAIGHT,15.181214332580566,-57.403175354003906,6.28277624563615,2.8,1.2,4.5,3.0,10.0,0.6,0.01,0.06,0.55,0.16,0.2,0.35,1.0,12,10.0,14.0,0.9,1.2,0.6,0.01,0.06,0.65,0.3,0.72,0.005,0.38,0.22,0.01,0.14,1.0,0.28
pid,ground_truth,curvy,400.0,0.05,0.1,1.0,59.76569153741002,5.845744609832764,-57.42818832397461,13.880667085408847,5.563777359035596,-0.028831120888578407,0.004661452830824864,0.028831120888578407,0.004661452830824864,-0.0030645239166915417,-0.0046086839865893126,0.7480315566062927,0.0,19.444444444444443,26,20,4.3355584144592285,RoadOption.STRAIGHT,16.181215286254883,-57.40358352661133,6.28277624563615,2.8,1.2,4.5,3.0,10.0,0.6,0.01,0.06,0.55,0.16,0.2,0.35,1.0,12,10.0,14.0,0.9,1.2,0.6,0.01,0.06,0.65,0.3,0.72,0.005,0.38,0.22,0.01,0.14,1.0,0.28
pid,ground_truth,curvy,400.0,0.05,0.1,1.0,59.81569153815508,6.54512357711792,-57.42530822753906,14.05841529947273,5.3860291449717135,-0.025665824620927237,0.004386335026429045,0.025665824620927237,0.004386335026429045,-0.0021953447721898556,0.0008691791445016861,0.737231433391571,0.0,19.444444444444443,27,21,4.636155605316162,RoadOption.STRAIGHT,17.181215286254883,-57.40399169921875,6.28277624563615,2.8,1.2,4.5,3.0,10.0,0.6,0.01,0.06,0.55,0.16,0.2,0.35,1.0,12,10.0,14.0,0.9,1.2,0.6,0.01,0.06,0.65,0.3,0.72,0.005,0.38,0.22,0.01,0.14,1.0,0.28
pid,ground_truth,curvy,400.0,0.05,0.1,1.0,59.86569153890014,7.253104209899902,-57.422767639160156,14.226636508585102,5.217807935859341,-0.022836516210599487,0.003950978408268746,0.022836516210599487,0.003950978408268746,-0.0004936634795740247,0.001701681292615831,0.7268983721733093,0.0,19.444444444444443,28,22,4.928154468536377,RoadOption.STRAIGHT,18.181215286254883,-57.40439987182617,6.28277624563615,2.8,1.2,4.5,3.0,10.0,0.6,0.01,0.06,0.55,0.16,0.2,0.35,1.0,12,10.0,14.0,0.9,1.2,0.6,0.01,0.06,0.65,0.3,0.72,0.005,0.38,0.22,0.01,0.14,1.0,0.28
pid,ground_truth,curvy,400.0,0.05,0.1,1.0,59.915691539645195,7.9692230224609375,-57.42036056518555,14.385794872312037,5.058649572132406,-0.020137394737555603,0.003599964934069,0.020137394737555603,0.003599964934069,0.0005954296211712062,0.001089093100745231,0.7172594666481018,0.0,19.444444444444443,28,23,5.21202278137207,RoadOption.STRAIGHT,18.181215286254883,-57.40439987182617,6.28277624563615,2.8,1.2,4.5,3.0,10.0,0.6,0.01,0.06,0.55,0.16,0.2,0.35,1.0,12,10.0,14.0,0.9,1.2,0.6,0.01,0.06,0.65,0.3,0.72,0.005,0.38,0.22,0.01,0.14,1.0,0.28
pid,ground_truth,curvy,400.0,0.05,0.1,1.0,59.96569154039025,8.693039894104004,-57.41796112060547,14.536339347828694,4.908105096615749,-0.017441864719806188,0.003445366092121205,0.017441864719806188,0.003445366092121205,-0.002460078103467822,-0.0030555077246390283,0.7082585692405701,0.0,19.444444444444443,29,23,4.48820161819458,RoadOption.STRAIGHT,19.181215286254883,-57.404808044433594,6.28277624563615,2.8,1.2,4.5,3.0,10.0,0.6,0.01,0.06,0.55,0.16,0.2,0.35,1.0,12,10.0,14.0,0.9,1.2,0.6,0.01,0.06,0.65,0.3,0.72,0.005,0.38,0.22,0.01,0.14,1.0,0.28
pid,ground_truth,curvy,400.0,0.05,0.1,1.0,60.01569154113531,9.424139022827148,-57.41580581665039,14.678716027636813,4.7657284168076295,-0.014988385374149503,0.0031981761090627003,0.014988385374149503,0.0031981761090627003,-0.0014746548840776086,0.0009854232193902135,0.6998055577278137,0.0,19.444444444444443,30,24,4.75709342956543,RoadOption.STRAIGHT,20.181215286254883,-57.405216217041016,6.28277624563615,2.8,1.2,4.5,3.0,10.0,0.6,0.01,0.06,0.55,0.16,0.2,0.35,1.0,12,10.0,14.0,0.9,1.2,0.6,0.01,0.06,0.65,0.3,0.72,0.005,0.38,0.22,0.01,0.14,1.0,0.28
pid,ground_truth,curvy,400.0,0.05,0.1,1.0,60.06569154188037,10.162126541137695,-57.41392135620117,14.81341470064051,4.631029743803932,-0.01279911703954759,0.0028528860905376874,0.01279911703954759,0.0028528860905376874,0.0006073332042433321,0.0020819880883209407,0.6916702389717102,0.0,19.444444444444443,30,25,5.019099712371826,RoadOption.STRAIGHT,20.181215286254883,-57.405216217041016,6.28277624563615,2.8,1.2,4.5,3.0,10.0,0.6,0.01,0.06,0.55,0.16,0.2,0.35,1.0,12,10.0,14.0,0.9,1.2,0.6,0.01,0.06,0.65,0.3,0.72,0.005,0.38,0.22,0.01,0.14,1.0,0.28
pid,ground_truth,curvy,400.0,0.05,0.1,1.0,60.11569154262543,10.90662956237793,-57.41207504272461,14.94081916486632,4.503625279578124,-0.010648256170989726,0.0026588605010378075,0.010648256170989726,0.0026588605010378075,-0.0015294905751943588,-0.002136823779437691,0.684065043926239,0.0,19.444444444444443,31,25,4.274594306945801,RoadOption.STRAIGHT,21.181215286254883,-57.40562438964844,6.28277624563615,2.8,1.2,4.5,3.0,10.0,0.6,0.01,0.06,0.55,0.16,0.2,0.35,1.0,12,10.0,14.0,0.9,1.2,0.6,0.01,0.06,0.65,0.3,0.72,0.005,0.38,0.22,0.01,0.14,1.0,0.28
pid,ground_truth,curvy,400.0,0.05,0.1,1.0,60.165691543370485,11.657297134399414,-57.4103889465332,15.061298644605865,4.383145799838578,-0.008655980242464776,0.002462756267493482,0.008655980242464776,0.002462756267493482,-0.0013200266985222697,0.0002094638766720891,0.6769495606422424,0.0,19.444444444444443,32,26,4.523923397064209,RoadOption.STRAIGHT,22.181215286254883,-57.40603256225586,6.28277624563615,2.8,1.2,4.5,3.0,10.0,0.6,0.01,0.06,0.55,0.16,0.2,0.35,1.0,12,10.0,14.0,0.9,1.2,0.6,0.01,0.06,0.65,0.3,0.72,0.005,0.38,0.22,0.01,0.14,1.0,0.28
pid,ground_truth,curvy,400.0,0.05,0.1,1.0,60.21569154411554,12.413788795471191,-57.408935546875,15.175233292647096,4.269211151797347,-0.006894018026773179,0.0021924884591513205,0.006894018026773179,0.0021924884591513205,-0.000452640641015023,0.0008673860575072467,0.6702094674110413,0.0,19.444444444444443,33,27,4.767429351806641,RoadOption.STRAIGHT,23.181215286254883,-57.40644073486328,6.28277624563615,2.8,1.2,4.5,3.0,10.0,0.6,0.01,0.06,0.55,0.16,0.2,0.35,1.0,12,10.0,14.0,0.9,1.2,0.6,0.01,0.06,0.65,0.3,0.72,0.005,0.38,0.22,0.01,0.14,1.0,0.28
pid,ground_truth,curvy,400.0,0.05,0.1,1.0,60.2656915448606,13.175792694091797,-57.40761947631836,15.282978942163709,4.161465502280734,-0.005267130056817722,0.00195911206380206,0.005267130056817722,0.00195911206380206,-0.00012733167386613786,0.00032530896714888513,0.6638345718383789,0.0,19.444444444444443,33,28,5.005423545837402,RoadOption.STRAIGHT,23.181215286254883,-57.40644073486328,6.28277624563615,2.8,1.2,4.5,3.0,10.0,0.6,0.01,0.06,0.55,0.16,0.2,0.35,1.0,12,10.0,14.0,0.9,1.2,0.6,0.01,0.06,0.65,0.3,0.72,0.005,0.38,0.22,0.01,0.14,1.0,0.28
pid,ground_truth,curvy,400.0,0.05,0.1,1.0,60.31569154560566,13.943007469177246,-57.40638732910156,15.38485943477311,4.059585009671332,-0.0037211448918178713,0.0018064410227900396,0.0037211448918178713,0.0018064410227900396,-0.0011203535832464695,-0.0009930219093803316,0.6578433513641357,0.0,19.444444444444443,34,28,4.238208770751953,RoadOption.STRAIGHT,24.181215286254883,-57.4068489074707,6.28277624563615,2.8,1.2,4.5,3.0,10.0,0.6,0.01,0.06,0.55,0.16,0.2,0.35,1.0,12,10.0,14.0,0.9,1.2,0.6,0.01,0.06,0.65,0.3,0.72,0.005,0.38,0.22,0.01,0.14,1.0,0.28
pid,ground_truth,curvy,400.0,0.05,0.1,1.0,60.36569154635072,14.715147018432617,-57.40531539916992,15.481183615818518,3.963260828625925,-0.0023342514216594607,0.001632026857929958,0.0023342514216594607,0.001632026857929958,-0.0007628935272805393,0.0003574600559659302,0.6522096991539001,0.0,19.444444444444443,35,29,4.466068744659424,RoadOption.STRAIGHT,25.181215286254883,-57.40726089477539,6.28277624563615,2.8,1.2,4.5,3.0,10.0,0.6,0.01,0.06,0.55,0.16,0.2,0.35,1.0,12,10.0,14.0,0.9,1.2,0.6,0.01,0.06,0.65,0.3,0.72,0.005,0.38,0.22,0.01,0.14,1.0,0.28
pid,ground_truth,curvy,400.0,0.05,0.1,1.0,60.415691547095776,15.491948127746582,-57.4044075012207,15.572262075988661,3.872182368455782,-0.0011094830552998674,0.0014320747597258432,0.0011094830552998674,0.0014320747597258432,-0.0003467393689788878,0.0004161541583016515,0.6468604207038879,0.0,19.444444444444443,36,30,4.689267635345459,RoadOption.STRAIGHT,26.181215286254883,-57.40766906738281,6.28277624563615,2.8,1.2,4.5,3.0,10.0,0.6,0.01,0.06,0.55,0.16,0.2,0.35,1.0,12,10.0,14.0,0.9,1.2,0.6,0.01,0.06,0.65,0.3,0.72,0.005,0.38,0.22,0.01,0.14,1.0,0.28
pid,ground_truth,curvy,400.0,0.05,0.1,1.0,60.465691547840834,16.273151397705078,-57.40360641479492,15.658376476858258,3.7860679675861846,1.027455113617121e-05,0.0012657984505386466,1.027455113617121e-05,0.0012657984505386466,-0.0004480358911678195,-0.0001012965221889317,0.641814649105072,0.0,19.444444444444443,37,31,4.908064365386963,RoadOption.STRAIGHT,27.181215286254883,-57.408077239990234,6.28277624563615,2.8,1.2,4.5,3.0,10.0,0.6,0.01,0.06,0.55,0.16,0.2,0.35,1.0,12,10.0,14.0,0.9,1.2,0.6,0.01,0.06,0.65,0.3,0.72,0.005,0.38,0.22,0.01,0.14,1.0,0.28
pid,ground_truth,curvy,400.0,0.05,0.1,1.0,60.51569154858589,17.05851936340332,-57.40291213989258,15.739787931654165,3.7046565127902777,0.0010249242598909013,0.0011268134957971299,0.0010249242598909013,0.0011268134957971299,-0.0005944271106272936,-0.0001463912194594741,0.6370723843574524,0.0,19.444444444444443,37,32,5.122696876525879,RoadOption.STRAIGHT,27.181215286254883,-57.408077239990234,6.28277624563615,2.8,1.2,4.5,3.0,10.0,0.6,0.01,0.06,0.55,0.16,0.2,0.35,1.0,12,10.0,14.0,0.9,1.2,0.6,0.01,0.06,0.65,0.3,0.72,0.005,0.38,0.22,0.01,0.14,1.0,0.28
pid,ground_truth,curvy,400.0,0.05,0.1,1.0,60.56569154933095,17.84782600402832,-57.40234375,15.816753361883382,3.6276910825610607,0.001916189088568682,0.0009864709530784666,0.001916189088568682,0.0009864709530784666,-0.00041976000647991896,0.00017466710414737463,0.632588803768158,0.0,19.444444444444443,38,32,4.333391189575195,RoadOption.STRAIGHT,28.181215286254883,-57.408485412597656,6.28277624563615,2.8,1.2,4.5,3.0,10.0,0.6,0.01,0.06,0.55,0.16,0.2,0.35,1.0,12,10.0,14.0,0.9,1.2,0.6,0.01,0.06,0.65,0.3,0.72,0.005,0.38,0.22,0.01,0.14,1.0,0.28
pid,ground_truth,curvy,400.0,0.05,0.1,1.0,60.61569155007601,18.640853881835938,-57.40187454223633,15.889511972851622,3.5549324715928208,0.0027089050528645957,0.0008527346233124788,0.0027089050528645957,0.0008527346233124788,-0.0003298324882052839,8.992751827463508e-05,0.6283610463142395,0.0,19.444444444444443,39,33,4.5403642654418945,RoadOption.STRAIGHT,29.181215286254883,-57.40889358520508,6.28277624563615,2.8,1.2,4.5,3.0,10.0,0.6,0.01,0.06,0.55,0.16,0.2,0.35,1.0,12,10.0,14.0,0.9,1.2,0.6,0.01,0.06,0.65,0.3,0.72,0.005,0.38,0.22,0.01,0.14,1.0,0.28
pid,ground_truth,curvy,400.0,0.05,0.1,1.0,60.665691550821066,19.43739891052246,-57.40150451660156,15.958290269290446,3.486154175153997,0.0034038776276792988,0.0007368184237623865,0.0034038776276792988,0.0007368184237623865,-0.00033544920734129846,-5.616719136014581e-06,0.6243746876716614,0.0,19.444444444444443,40,34,4.743819713592529,RoadOption.STRAIGHT,30.181215286254883,-57.4093017578125,6.28277624563615,2.8,1.2,4.5,3.0,10.0,0.6,0.01,0.06,0.55,0.16,0.2,0.35,1.0,12,10.0,14.0,0.9,1.2,0.6,0.01,0.06,0.65,0.3,0.72,0.005,0.38,0.22,0.01,0.14,1.0,0.28
pid,ground_truth,curvy,400.0,0.05,0.1,1.0,60.715691551566124,20.23727035522461,-57.401214599609375,16.023306471529732,3.4211379729147104,0.004023916972396202,0.0006337354292433872,0.004023916972396202,0.0006337354292433872,-0.0003242747625336051,1.1174444807693362e-05,0.6206049919128418,0.0,19.444444444444443,41,35,4.943948745727539,RoadOption.STRAIGHT,31.181215286254883,-57.40970993041992,6.28277624563615,2.8,1.2,4.5,3.0,10.0,0.6,0.01,0.06,0.55,0.16,0.2,0.35,1.0,12,10.0,14.0,0.9,1.2,0.6,0.01,0.06,0.65,0.3,0.72,0.005,0.38,0.22,0.01,0.14,1.0,0.28
pid,ground_truth,curvy,400.0,0.05,0.1,1.0,60.76569155231118,21.040285110473633,-57.40101623535156,16.084764706658845,3.359679737785598,0.004549874700879409,0.0005381086599731688,0.004549874700879409,0.0005381086599731688,-0.0006022178567945957,-0.0002779430942609906,0.6170464754104614,0.0,19.444444444444443,41,36,5.140934944152832,RoadOption.STRAIGHT,31.181215286254883,-57.40970993041992,6.28277624563615,2.8,1.2,4.5,3.0,10.0,0.6,0.01,0.06,0.55,0.16,0.2,0.35,1.0,12,10.0,14.0,0.9,1.2,0.6,0.01,0.06,0.65,0.3,0.72,0.005,0.38,0.22,0.01,0.14,1.0,0.28
pid,ground_truth,curvy,400.0,0.05,0.1,1.0,60.81569155305624,21.84627342224121,-57.40093231201172,16.142854691231133,3.3015897532133103,0.004963496847310414,0.0004250074856173569,0.004963496847310414,0.0004250074856173569,-3.4283297281945124e-05,0.0005679345595126506,0.6136977672576904,0.0,19.444444444444443,42,36,4.33494758605957,RoadOption.STRAIGHT,32.18121337890625,-57.410118103027344,6.28277624563615,2.8,1.2,4.5,3.0,10.0,0.6,0.01,0.06,0.55,0.16,0.2,0.35,1.0,12,10.0,14.0,0.9,1.2,0.6,0.01,0.06,0.65,0.3,0.72,0.005,0.38,0.22,0.01,0.14,1.0,0.28
pid,ground_truth,curvy,400.0,0.05,0.1,1.0,60.8656915538013,22.65506935119629,-57.40089797973633,16.197767258906694,3.2466771855377488,0.005327787462868713,0.0003350256570051613,0.005327787462868713,0.0003350256570051613,-0.00012093289842596278,-8.664960114401765e-05,0.6105138063430786,0.0,19.444444444444443,43,37,4.52615213394165,RoadOption.STRAIGHT,33.18121337890625,-57.410526275634766,6.28277624563615,2.8,1.2,4.5,3.0,10.0,0.6,0.01,0.06,0.55,0.16,0.2,0.35,1.0,12,10.0,14.0,0.9,1.2,0.6,0.01,0.06,0.65,0.3,0.72,0.005,0.38,0.22,0.01,0.14,1.0,0.28
pid,ground_truth,curvy,400.0,0.05,0.1,1.0,60.915691554546356,23.466522216796875,-57.400917053222656,16.249668162713483,3.1947762817309595,0.005639759171751203,0.0002753708485867534,0.005639759171751203,0.0002753708485867534,-0.00027976039564237,-0.0001588274972164072,0.6075282692909241,0.0,19.444444444444443,44,38,4.714699745178223,RoadOption.STRAIGHT,34.18121337890625,-57.41093444824219,6.28277624563615,2.8,1.2,4.5,3.0,10.0,0.6,0.01,0.06,0.55,0.16,0.2,0.35,1.0,12,10.0,14.0,0.9,1.2,0.6,0.01,0.06,0.65,0.3,0.72,0.005,0.38,0.22,0.01,0.14,1.0,0.28
pid,ground_truth,curvy,400.0,0.05,0.1,1.0,60.965691555291414,24.28048324584961,-57.40099334716797,16.29872152858085,3.145722915863594,0.005895536419621023,0.00021518341607862368,0.005895536419621023,0.00021518341607862368,-0.0001991427707253024,8.061762491706759e-05,0.6047096252441406,0.0,19.444444444444443,45,39,4.900738716125488,RoadOption.STRAIGHT,35.18121337890625,-57.41134262084961,6.28277624563615,2.8,1.2,4.5,3.0,10.0,0.6,0.01,0.06,0.55,0.16,0.2,0.35,1.0,12,10.0,14.0,0.9,1.2,0.6,0.01,0.06,0.65,0.3,0.72,0.005,0.38,0.22,0.01,0.14,1.0,0.28
pid,ground_truth,curvy,400.0,0.05,0.1,1.0,61.01569155603647,25.096813201904297,-57.40114212036133,16.34508555969395,3.099358884750494,0.0060798034624166735,0.00015499597544277322,0.0060798034624166735,0.00015499597544277322,-0.0005622560274787247,-0.0003631132567534223,0.6020396947860718,0.0,19.444444444444443,45,40,5.084409236907959,RoadOption.STRAIGHT,35.18121337890625,-57.41134262084961,6.28277624563615,2.8,1.2,4.5,3.0,10.0,0.6,0.01,0.06,0.55,0.16,0.2,0.35,1.0,12,10.0,14.0,0.9,1.2,0.6,0.01,0.06,0.65,0.3,0.72,0.005,0.38,0.22,0.01,0.14,1.0,0.28
pid,ground_truth,curvy,400.0,0.05,0.1,1.0,61.06569155678153,25.91538429260254,-57.4013671875,16.388907570739686,3.0555368737047566,0.006189582287010504,6.924222085125109e-05,0.006189582287010504,6.924222085125109e-05,0.0001631314808037132,0.0007253875082824379,0.5995165109634399,0.0,19.444444444444443,46,40,4.265838623046875,RoadOption.STRAIGHT,36.18121337890625,-57.4117546081543,6.28277624563615,2.8,1.2,4.5,3.0,10.0,0.6,0.01,0.06,0.55,0.16,0.2,0.35,1.0,12,10.0,14.0,0.9,1.2,0.6,0.01,0.06,0.65,0.3,0.72,0.005,0.38,0.22,0.01,0.14,1.0,0.28
pid,ground_truth,curvy,400.0,0.05,0.1,1.0,61.11569155752659,26.7360782623291,-57.40162658691406,16.430323562909184,3.014120881535259,0.006265008268477057,1.1185309087835549e-05,0.006265008268477057,1.1185309087835549e-05,2.3092274204827845e-05,-0.00014003920659888536,0.5971418023109436,0.0,19.444444444444443,47,41,4.4451446533203125,RoadOption.STRAIGHT,37.18121337890625,-57.41216278076172,6.28277624563615,2.8,1.2,4.5,3.0,10.0,0.6,0.01,0.06,0.55,0.16,0.2,0.35,1.0,12,10.0,14.0,0.9,1.2,0.6,0.01,0.06,0.65,0.3,0.72,0.005,0.38,0.22,0.01,0.14,1.0,0.28
pid,ground_truth,curvy,400.0,0.05,0.1,1.0,61.16569155827165,27.558773040771484,-57.40190124511719,16.469466309055004,2.9749781353894384,0.006325994696259293,-1.1717908796171628e-05,0.006325994696259293,1.1717908796171628e-05,-0.00021571951219812036,-0.0002388117864029482,0.5948954820632935,0.0,19.444444444444443,48,42,4.622447967529297,RoadOption.STRAIGHT,38.18121337890625,-57.41257095336914,6.28277624563615,2.8,1.2,4.5,3.0,10.0,0.6,0.01,0.06,0.55,0.16,0.2,0.35,1.0,12,10.0,14.0,0.9,1.2,0.6,0.01,0.06,0.65,0.3,0.72,0.005,0.38,0.22,0.01,0.14,1.0,0.28
pid,ground_truth,curvy,400.0,0.05,0.1,1.0,61.215691559016705,28.38336181640625,-57.40222930908203,16.506457897870586,2.937986546573857,0.006334349347961226,-4.04800485691581e-05,0.006334349347961226,4.04800485691581e-05,-0.00010877198656089604,0.00010694752563722432,0.592780590057373,0.0,19.444444444444443,49,43,4.797859191894531,RoadOption.STRAIGHT,39.18121337890625,-57.41297912597656,6.28277624563615,2.8,1.2,4.5,3.0,10.0,0.6,0.01,0.06,0.55,0.16,0.2,0.35,1.0,12,10.0,14.0,0.9,1.2,0.6,0.01,0.06,0.65,0.3,0.72,0.005,0.38,0.22,0.01,0.14,1.0,0.28
pid,ground_truth,curvy,400.0,0.05,0.1,1.0,61.26569155976176,29.20973777770996,-57.40259552001953,16.541417955764075,2.903026488680368,0.006305288099106259,-7.403584579446232e-05,0.006305288099106259,7.403584579446232e-05,-1.6427989976364188e-05,9.234399658453185e-05,0.5907776951789856,0.0,19.444444444444443,50,44,4.971482753753662,RoadOption.STRAIGHT,40.18121337890625,-57.413387298583984,6.28277624563615,2.8,1.2,4.5,3.0,10.0,0.6,0.01,0.06,0.55,0.16,0.2,0.35,1.0,12,10.0,14.0,0.9,1.2,0.6,0.01,0.06,0.65,0.3,0.72,0.005,0.38,0.22,0.01,0.14,1.0,0.28
pid,ground_truth,curvy,400.0,0.05,0.1,1.0,61.31569156050682,30.037803649902344,-57.402976989746094,16.5744628895923,2.869981554852142,0.006261659340002542,-9.85368953143606e-05,0.006261659340002542,9.85368953143606e-05,-0.0005133645609021187,-0.0004969365709257545,0.588870108127594,0.0,19.444444444444443,50,45,5.143416881561279,RoadOption.STRAIGHT,40.18121337890625,-57.413387298583984,6.28277624563615,2.8,1.2,4.5,3.0,10.0,0.6,0.01,0.06,0.55,0.16,0.2,0.35,1.0,12,10.0,14.0,0.9,1.2,0.6,0.01,0.06,0.65,0.3,0.72,0.005,0.38,0.22,0.01,0.14,1.0,0.28
pid,ground_truth,curvy,400.0,0.05,0.1,1.0,61.36569156125188,30.867469787597656,-57.40341567993164,16.605685381417956,2.8387590630264867,0.006162353692516838,-0.00015339807878866907,0.006162353692516838,0.00015339807878866907,0.00024706372641958296,0.0007604282873217016,0.5871040225028992,0.0,19.444444444444443,51,45,4.313751220703125,RoadOption.STRAIGHT,41.18121337890625,-57.413795471191406,6.28277624563615,2.8,1.2,4.5,3.0,10.0,0.6,0.01,0.06,0.55,0.16,0.2,0.35,1.0,12,10.0,14.0,0.9,1.2,0.6,0.01,0.06,0.65,0.3,0.72,0.005,0.38,0.22,0.01,0.14,1.0,0.28
pid,ground_truth,curvy,400.0,0.05,0.1,1.0,61.41569156199694,31.69864273071289,-57.40388107299805,16.635193429447227,2.8092510149972156,0.006039887280729163,-0.0001858885790690934,0.006039887280729163,0.0001858885790690934,0.00012950791278854012,-0.00011755581363104284,0.5854126811027527,0.0,19.444444444444443,52,46,4.482577800750732,RoadOption.STRAIGHT,42.18121337890625,-57.41420364379883,6.28277624563615,2.8,1.2,4.5,3.0,10.0,0.6,0.01,0.06,0.55,0.16,0.2,0.35,1.0,12,10.0,14.0,0.9,1.2,0.6,0.01,0.06,0.65,0.3,0.72,0.005,0.38,0.22,0.01,0.14,1.0,0.28
pid,ground_truth,curvy,400.0,0.05,0.1,1.0,61.465691562741995,32.53124237060547,-57.404319763183594,16.66307880538601,2.781365639058432,0.005940892657389762,-0.0001832254829974289,0.005940892657389762,0.0001832254829974289,-0.0001515302137704566,-0.00028103812655899674,0.5838214159011841,0.0,19.444444444444443,53,47,4.649978160858154,RoadOption.STRAIGHT,43.18121337890625,-57.41461181640625,6.28277624563615,2.8,1.2,4.5,3.0,10.0,0.6,0.01,0.06,0.55,0.16,0.2,0.35,1.0,12,10.0,14.0,0.9,1.2,0.6,0.01,0.06,0.65,0.3,0.72,0.005,0.38,0.22,0.01,0.14,1.0,0.28
pid,ground_truth,curvy,400.0,0.05,0.1,1.0,61.51569156348705,33.36518859863281,-57.404788970947266,16.689433124897263,2.7550113195471795,0.005811931295884053,-0.00018801917295974135,0.005811931295884053,0.00018801917295974135,-6.0328955441946164e-05,9.120125832851045e-05,0.5823103785514832,0.0,19.444444444444443,54,48,4.816031455993652,RoadOption.STRAIGHT,44.18121337890625,-57.41501998901367,6.28277624563615,2.8,1.2,4.5,3.0,10.0,0.6,0.01,0.06,0.55,0.16,0.2,0.35,1.0,12,10.0,14.0,0.9,1.2,0.6,0.01,0.06,0.65,0.3,0.72,0.005,0.38,0.22,0.01,0.14,1.0,0.28
pid,ground_truth,curvy,400.0,0.05,0.1,1.0,61.56569156423211,34.200408935546875,-57.40528106689453,16.714335649167,2.7301087952774417,0.005660602941632722,-0.00020186761062745973,0.005660602941632722,0.00020186761062745973,4.458815965335816e-05,0.00010491711509530433,0.5808968544006348,0.0,19.444444444444443,55,49,4.980810642242432,RoadOption.STRAIGHT,45.18121337890625,-57.415428161621094,6.28277624563615,2.8,1.2,4.5,3.0,10.0,0.6,0.01,0.06,0.55,0.16,0.2,0.35,1.0,12,10.0,14.0,0.9,1.2,0.6,0.01,0.06,0.65,0.3,0.72,0.005,0.38,0.22,0.01,0.14,1.0,0.28
pid,ground_truth,curvy,400.0,0.05,0.1,1.0,61.61569156497717,35.03683090209961,-57.40579605102539,16.737870372048597,2.7065740723958456,0.005486877946163523,-0.00020879176444310588,0.005486877946163523,0.00020879176444310588,-0.00038048982969485223,-0.0004250779893482104,0.5795490741729736,0.0,19.444444444444443,55,50,5.144388198852539,RoadOption.STRAIGHT,45.18121337890625,-57.415428161621094,6.28277624563615,2.8,1.2,4.5,3.0,10.0,0.6,0.01,0.06,0.55,0.16,0.2,0.35,1.0,12,10.0,14.0,0.9,1.2,0.6,0.01,0.06,0.65,0.3,0.72,0.005,0.38,0.22,0.01,0.14,1.0,0.28
pid,ground_truth,curvy,400.0,0.05,0.1,1.0,61.66569156572223,35.874393463134766,-57.40633010864258,16.76010909417362,2.684335350270821,0.005295434998045117,-0.00024074976254251368,0.005295434998045117,0.00024074976254251368,0.00024913615197874606,0.0006296259816735983,0.5782853364944458,0.0,19.444444444444443,56,50,4.306826114654541,RoadOption.STRAIGHT,46.18121337890625,-57.41584014892578,6.28277624563615,2.8,1.2,4.5,3.0,10.0,0.6,0.01,0.06,0.55,0.16,0.2,0.35,1.0,12,10.0,14.0,0.9,1.2,0.6,0.01,0.06,0.65,0.3,0.72,0.005,0.38,0.22,0.01,0.14,1.0,0.28
pid,ground_truth,curvy,400.0,0.05,0.1,1.0,61.715691566467285,36.71303176879883,-57.40687561035156,16.78112550988728,2.6633189345571644,0.005092099046076565,-0.000255130832429451,0.005092099046076565,0.000255130832429451,0.00014972573262639344,-9.941041935235262e-05,0.5770841836929321,0.0,19.444444444444443,57,51,4.46818733215332,RoadOption.STRAIGHT,47.18121337890625,-57.4162483215332,6.28277624563615,2.8,1.2,4.5,3.0,10.0,0.6,0.01,0.06,0.55,0.16,0.2,0.35,1.0,12,10.0,14.0,0.9,1.2,0.6,0.01,0.06,0.65,0.3,0.72,0.005,0.38,0.22,0.01,0.14,1.0,0.28
pid,ground_truth,curvy,400.0,0.05,0.1,1.0,61.76569156721234,37.55268859863281,-57.407386779785156,16.80098463663387,2.643459807810572,0.0049235120056835635,-0.00024021719534328412,0.0049235120056835635,0.00024021719534328412,-9.837091056397185e-05,-0.0002480966431903653,0.5759556293487549,0.0,19.444444444444443,58,52,4.628530025482178,RoadOption.STRAIGHT,48.18121337890625,-57.416656494140625,6.28277624563615,2.8,1.2,4.5,3.0,10.0,0.6,0.01,0.06,0.55,0.16,0.2,0.35,1.0,12,10.0,14.0,0.9,1.2,0.6,0.01,0.06,0.65,0.3,0.72,0.005,0.38,0.22,0.01,0.14,1.0,0.28
pid,ground_truth,curvy,400.0,0.05,0.1,1.0,61.8156915679574,38.39330291748047,-57.40791702270508,16.819753296969896,2.6246911474745467,0.0047362431524810645,-0.0002338255437086545,0.0047362431524810645,0.0002338255437086545,-1.3079667951387819e-05,8.529124261258403e-05,0.5748798251152039,0.0,19.444444444444443,59,53,4.7879157066345215,RoadOption.STRAIGHT,49.18121337890625,-57.41706466674805,6.28277624563615,2.8,1.2,4.5,3.0,10.0,0.6,0.01,0.06,0.55,0.16,0.2,0.35,1.0,12,10.0,14.0,0.9,1.2,0.6,0.01,0.06,0.65,0.3,0.72,0.005,0.38,0.22,0.01,0.14,1.0,0.28
pid,ground_truth,curvy,400.0,0.05,0.1,1.0,61.86569156870246,39.234825134277344,-57.40845489501953,16.837485954985098,2.6069584894593447,0.0045417162915116676,-0.00023542350538097168,0.0045417162915116676,0.00023542350538097168,6.565013609360904e-05,7.872980404499685e-05,0.5738794207572937,0.0,19.444444444444443,60,54,4.946393013000488,RoadOption.STRAIGHT,50.18121337890625,-57.41747283935547,6.28277624563615,2.8,1.2,4.5,3.0,10.0,0.6,0.01,0.06,0.55,0.16,0.2,0.35,1.0,12,10.0,14.0,0.9,1.2,0.6,0.01,0.06,0.65,0.3,0.72,0.005,0.38,0.22,0.01,0.14,1.0,0.28
pid,ground_truth,curvy,400.0,0.05,0.1,1.0,61.91569156944752,40.07720184326172,-57.408992767333984,16.854239961461904,2.5902044829825392,0.0043475389704255955,-0.00023169501483621957,0.0043475389704255955,0.00023169501483621957,-0.0002893568016588688,-0.0003550069377524778,0.5729337930679321,0.0,19.444444444444443,60,55,5.104015827178955,RoadOption.STRAIGHT,50.18121337890625,-57.41747283935547,6.28277624563615,2.8,1.2,4.5,3.0,10.0,0.6,0.01,0.06,0.55,0.16,0.2,0.35,1.0,12,10.0,14.0,0.9,1.2,0.6,0.01,0.06,0.65,0.3,0.72,0.005,0.38,0.22,0.01,0.14,1.0,0.28
pid,ground_truth,curvy,400.0,0.05,0.1,1.0,61.965691570192575,40.92039108276367,-57.40955352783203,16.87007548103851,2.5743689634059344,0.004131694801395789,-0.0002492718780313652,0.004131694801395789,0.0002492718780313652,0.0002331306313863024,0.0005224874330451712,0.5720217227935791,0.0,19.444444444444443,61,55,4.260826587677002,RoadOption.STRAIGHT,51.18121337890625,-57.41788101196289,6.28277624563615,2.8,1.2,4.5,3.0,10.0,0.6,0.01,0.06,0.55,0.16,0.2,0.35,1.0,12,10.0,14.0,0.9,1.2,0.6,0.01,0.06,0.65,0.3,0.72,0.005,0.38,0.22,0.01,0.14,1.0,0.28
pid,ground_truth,curvy,400.0,0.05,0.1,1.0,62.01569157093763,41.76434326171875,-57.41010665893555,16.885037982983466,2.559406461460977,0.003926717853630201,-0.00025353293577534686,0.003926717853630201,0.00025353293577534686,0.00014148734044283628,-9.164329094346613e-05,0.5711744427680969,0.0,19.444444444444443,62,56,4.416874408721924,RoadOption.STRAIGHT,52.18121337890625,-57.41828918457031,6.28277624563615,2.8,1.2,4.5,3.0,10.0,0.6,0.01,0.06,0.55,0.16,0.2,0.35,1.0,12,10.0,14.0,0.9,1.2,0.6,0.01,0.06,0.65,0.3,0.72,0.005,0.38,0.22,0.01,0.14,1.0,0.28
pid,ground_truth,curvy,400.0,0.05,0.1,1.0,62.06569157168269,42.60901641845703,-57.41064453125,16.899176934413923,2.54526751003052,0.0037334799209805653,-0.0002343582409451983,0.0037334799209805653,0.0002343582409451983,-5.0451279093977064e-05,-0.00019193861953681335,0.5703697800636292,0.0,19.444444444444443,63,57,4.572200775146484,RoadOption.STRAIGHT,53.18121337890625,-57.418697357177734,6.28277624563615,2.8,1.2,4.5,3.0,10.0,0.6,0.01,0.06,0.55,0.16,0.2,0.35,1.0,12,10.0,14.0,0.9,1.2,0.6,0.01,0.06,0.65,0.3,0.72,0.005,0.38,0.22,0.01,0.14,1.0,0.28
pid,ground_truth,curvy,400.0,0.05,0.1,1.0,62.11569157242775,43.454383850097656,-57.41117477416992,16.912538103540584,2.531906340903859,0.0035481553833790636,-0.00022210763491248287,0.0035481553833790636,0.00022210763491248287,-1.5022943671283429e-06,4.894898472684872e-05,0.5696080923080444,0.0,19.444444444444443,64,58,4.726832866668701,RoadOption.STRAIGHT,54.18121337890625,-57.419105529785156,6.28277624563615,2.8,1.2,4.5,3.0,10.0,0.6,0.01,0.06,0.55,0.16,0.2,0.35,1.0,12,10.0,14.0,0.9,1.2,0.6,0.01,0.06,0.65,0.3,0.72,0.005,0.38,0.22,0.01,0.14,1.0,0.28
pid,ground_truth,curvy,400.0,0.05,0.1,1.0,62.16569157317281,44.30039596557617,-57.41171646118164,16.92516283233127,2.519281612113172,0.0033516504702965654,-0.00021731394495017042,0.0033516504702965654,0.00021731394495017042,7.097342313500121e-05,7.247571750212956e-05,0.5688927173614502,0.0,19.444444444444443,65,59,4.8808207511901855,RoadOption.STRAIGHT,55.18121337890625,-57.41951370239258,6.28277624563615,2.8,1.2,4.5,3.0,10.0,0.6,0.01,0.06,0.55,0.16,0.2,0.35,1.0,12,10.0,14.0,0.9,1.2,0.6,0.01,0.06,0.65,0.3,0.72,0.005,0.38,0.22,0.01,0.14,1.0,0.28
pid,ground_truth,curvy,400.0,0.05,0.1,1.0,62.215691573917866,45.147010803222656,-57.41224670410156,16.937089303804356,2.5073551406400867,0.0031668361985068816,-0.0002093244616796497,0.0031668361985068816,0.0002093244616796497,-0.00019519857596606016,-0.0002661719991010614,0.5682240128517151,0.0,19.444444444444443,65,60,5.034205436706543,RoadOption.STRAIGHT,55.18121337890625,-57.41951370239258,6.28277624563615,2.8,1.2,4.5,3.0,10.0,0.6,0.01,0.06,0.55,0.16,0.2,0.35,1.0,12,10.0,14.0,0.9,1.2,0.6,0.01,0.06,0.65,0.3,0.72,0.005,0.38,0.22,0.01,0.14,1.0,0.28
pid,ground_truth,curvy,400.0,0.05,0.1,1.0,62.265691574662924,45.99420928955078,-57.41279220581055,16.948360268544025,2.4960841759004175,0.002967890845911933,-0.00021731394495017042,0.002967890845911933,0.00021731394495017042,0.00018935669504571706,0.0003845552710117772,0.5675798058509827,0.0,19.444444444444443,66,60,4.187006950378418,RoadOption.STRAIGHT,56.18121337890625,-57.419925689697266,6.28277624563615,2.8,1.2,4.5,3.0,10.0,0.6,0.01,0.06,0.55,0.16,0.2,0.35,1.0,12,10.0,14.0,0.9,1.2,0.6,0.01,0.06,0.65,0.3,0.72,0.005,0.38,0.22,0.01,0.14,1.0,0.28
pid,ground_truth,curvy,400.0,0.05,0.1,1.0,62.31569157540798,46.84194564819336,-57.4133186340332,16.95901229996509,2.485432144479354,0.0027873500421655793,-0.0002151834160777355,0.0027873500421655793,0.0002151834160777355,0.00010974056203849614,-7.961613300722092e-05,0.5669693946838379,0.0,19.444444444444443,67,61,4.33927059173584,RoadOption.STRAIGHT,57.18121337890625,-57.42033386230469,6.28277624563615,2.8,1.2,4.5,3.0,10.0,0.6,0.01,0.06,0.55,0.16,0.2,0.35,1.0,12,10.0,14.0,0.9,1.2,0.6,0.01,0.06,0.65,0.3,0.72,0.005,0.38,0.22,0.01,0.14,1.0,0.28
pid,ground_truth,curvy,400.0,0.05,0.1,1.0,62.36569157615304,47.69020080566406,-57.41383361816406,16.969073377842093,2.4753710666023494,0.0026184655499020713,-0.00019707392066514728,0.0026184655499020713,0.00019707392066514728,-2.3645688997930847e-05,-0.00013338625103642698,0.5664106011390686,0.0,19.444444444444443,68,62,4.4910149574279785,RoadOption.STRAIGHT,58.18121337890625,-57.42074203491211,6.28277624563615,2.8,1.2,4.5,3.0,10.0,0.6,0.01,0.06,0.55,0.16,0.2,0.35,1.0,12,10.0,14.0,0.9,1.2,0.6,0.01,0.06,0.65,0.3,0.72,0.005,0.38,0.22,0.01,0.14,1.0,0.28
pid,ground_truth,curvy,400.0,0.05,0.1,1.0,62.4156915768981,48.5389404296875,-57.41434860229492,16.978585412191425,2.465859032253018,0.00244977923426884,-0.00018429074743320228,0.00244977923426884,0.00018429074743320228,1.707943738438189e-05,4.072512638231274e-05,0.5658552646636963,0.0,19.444444444444443,69,63,4.642275333404541,RoadOption.STRAIGHT,59.18121337890625,-57.42115020751953,6.28277624563615,2.8,1.2,4.5,3.0,10.0,0.6,0.01,0.06,0.55,0.16,0.2,0.35,1.0,12,10.0,14.0,0.9,1.2,0.6,0.01,0.06,0.65,0.3,0.72,0.005,0.38,0.22,0.01,0.14,1.0,0.28
pid,ground_truth,curvy,400.0,0.05,0.1,1.0,62.465691577643156,49.38814163208008,-57.41486358642578,16.98757277734813,2.456871667096312,0.0022812817325904415,-0.0001768338313627993,0.0022812817325904415,0.0001768338313627993,6.143911014078185e-05,4.435967275639996e-05,0.5653471350669861,0.0,19.444444444444443,70,64,4.793074131011963,RoadOption.STRAIGHT,60.181209564208984,-57.42155838012695,6.28277624563615,2.8,1.2,4.5,3.0,10.0,0.6,0.01,0.06,0.55,0.16,0.2,0.35,1.0,12,10.0,14.0,0.9,1.2,0.6,0.01,0.06,0.65,0.3,0.72,0.005,0.38,0.22,0.01,0.14,1.0,0.28
pid,ground_truth,curvy,400.0,0.05,0.1,1.0,62.515691578388214,50.2377815246582,-57.41535568237305,16.996062232277644,2.4483822121667984,0.002135851863870223,-0.00016671381921984363,0.002135851863870223,0.00016671381921984363,2.557452353357803e-05,-3.586458660720382e-05,0.5648736357688904,0.0,19.444444444444443,71,65,4.943434238433838,RoadOption.STRAIGHT,61.181209564208984,-57.421966552734375,6.28277624563615,2.8,1.2,4.5,3.0,10.0,0.6,0.01,0.06,0.55,0.16,0.2,0.35,1.0,12,10.0,14.0,0.9,1.2,0.6,0.01,0.06,0.65,0.3,0.72,0.005,0.38,0.22,0.01,0.14,1.0,0.28
pid,ground_truth,curvy,400.0,0.05,0.1,1.0,62.56569157913327,51.08782196044922,-57.41584777832031,17.004084477810743,2.4403599666337,0.001994400538916779,-0.00015659380707777615,0.001994400538916779,0.00015659380707777615,-0.00012239451461937279,-0.00014796903815295082,0.5644168853759766,0.0,19.444444444444443,71,66,5.093393325805664,RoadOption.STRAIGHT,61.181209564208984,-57.421966552734375,6.28277624563615,2.8,1.2,4.5,3.0,10.0,0.6,0.01,0.06,0.55,0.16,0.2,0.35,1.0,12,10.0,14.0,0.9,1.2,0.6,0.01,0.06,0.65,0.3,0.72,0.005,0.38,0.22,0.01,0.14,1.0,0.28
pid,ground_truth,curvy,400.0,0.05,0.1,1.0,62.61569157987833,51.93825912475586,-57.41633987426758,17.011664511807243,2.4327799326371995,0.0018501857621479904,-0.00015978960038598444,0.0018501857621479904,0.00015978960038598444,0.00013906268577557057,0.00026145720039494336,0.5639874935150146,0.0,19.444444444444443,72,66,4.242956161499023,RoadOption.STRAIGHT,62.181209564208984,-57.4223747253418,6.28277624563615,2.8,1.2,4.5,3.0,10.0,0.6,0.01,0.06,0.55,0.16,0.2,0.35,1.0,12,10.0,14.0,0.9,1.2,0.6,0.01,0.06,0.65,0.3,0.72,0.005,0.38,0.22,0.01,0.14,1.0,0.28
pid,ground_truth,curvy,400.0,0.05,0.1,1.0,62.66569158062339,52.789066314697266,-57.41682434082031,17.018826253850566,2.4256181905938767,0.00171286278376846,-0.0001555286076602158,0.00171286278376846,0.0001555286076602158,8.125675958581269e-05,-5.7805926189757884e-05,0.5635831356048584,0.0,19.444444444444443,73,67,4.392148971557617,RoadOption.STRAIGHT,63.181209564208984,-57.42278289794922,6.28277624563615,2.8,1.2,4.5,3.0,10.0,0.6,0.01,0.06,0.55,0.16,0.2,0.35,1.0,12,10.0,14.0,0.9,1.2,0.6,0.01,0.06,0.65,0.3,0.72,0.005,0.38,0.22,0.01,0.14,1.0,0.28
pid,ground_truth,curvy,400.0,0.05,0.1,1.0,62.715691581368446,53.64020919799805,-57.417293548583984,17.025593386638956,2.4188510578054867,0.001590935912414671,-0.00014114753777416666,0.001590935912414671,0.00014114753777416666,-1.052097104548011e-05,-9.17777306312928e-05,0.5631992816925049,0.0,19.444444444444443,74,68,4.541006088256836,RoadOption.STRAIGHT,64.18121337890625,-57.42319107055664,6.28277624563615,2.8,1.2,4.5,3.0,10.0,0.6,0.01,0.06,0.55,0.16,0.2,0.35,1.0,12,10.0,14.0,0.9,1.2,0.6,0.01,0.06,0.65,0.3,0.72,0.005,0.38,0.22,0.01,0.14,1.0,0.28
pid,ground_truth,curvy,400.0,0.05,0.1,1.0,62.765691582113504,54.49168395996094,-57.417762756347656,17.031990667013744,2.4124537774306987,0.0014691447998548522,-0.00013049479588556068,0.0014691447998548522,0.00013049479588556068,1.6799132936284877e-05,2.7320103981764987e-05,0.562827467918396,0.0,19.444444444444443,75,69,4.689530849456787,RoadOption.STRAIGHT,65.18121337890625,-57.42359924316406,6.28277624563615,2.8,1.2,4.5,3.0,10.0,0.6,0.01,0.06,0.55,0.16,0.2,0.35,1.0,12,10.0,14.0,0.9,1.2,0.6,0.01,0.06,0.65,0.3,0.72,0.005,0.38,0.22,0.01,0.14,1.0,0.28
pid,ground_truth,curvy,400.0,0.05,0.1,1.0,62.81569158285856,55.34346389770508,-57.41822814941406,17.038034997608907,2.4064094468355357,0.0013512947803600225,-0.000123570609560808,0.0013512947803600225,0.000123570609560808,0.006540968082845211,0.006524168949908926,0.562485933303833,0.0,19.444444444444443,76,70,4.837747097015381,RoadOption.STRAIGHT,66.06481170654297,-57.41557312011719,0.02175243346765821,2.8,1.2,4.5,3.0,10.0,0.6,0.01,0.06,0.55,0.16,0.2,0.35,1.0,12,10.0,14.0,0.9,1.2,0.6,0.01,0.06,0.65,0.3,0.72,0.005,0.38,0.22,0.01,0.14,1.0,0.28
pid,ground_truth,curvy,400.0,0.05,0.1,1.0,62.86569158360362,56.19552993774414,-57.41811752319336,17.043619085304535,2.4008253591399082,0.0018095794727786972,0.0003941478413320709,0.0018095794727786972,0.0003941478413320709,0.01929447241127491,0.012753504328429699,0.5625461339950562,0.0,19.444444444444443,77,71,4.985681533813477,RoadOption.STRAIGHT,66.93106842041016,-57.3857307434082,0.047124901805061126,2.8,1.2,4.5,3.0,10.0,0.6,0.01,0.06,0.55,0.16,0.2,0.35,1.0,12,10.0,14.0,0.9,1.2,0.6,0.01,0.06,0.65,0.3,0.72,0.005,0.38,0.22,0.01,0.14,1.0,0.28
pid,ground_truth,curvy,400.0,0.05,0.1,1.0,62.91569158434868,57.0478401184082,-57.41610336303711,17.048166148361215,2.396278296083228,0.004171497810021895,0.002452213894646782,0.004171497810021895,0.002452213894646782,0.02357984147965908,0.0042853690683841705,0.5644494295120239,0.0,19.444444444444443,78,72,5.133373737335205,RoadOption.STRAIGHT,67.7962875366211,-57.33391571044922,0.07249763645857306,2.8,1.2,4.5,3.0,10.0,0.6,0.01,0.06,0.55,0.16,0.2,0.35,1.0,12,10.0,14.0,0.9,1.2,0.6,0.01,0.06,0.65,0.3,0.72,0.005,0.38,0.22,0.01,0.14,1.0,0.28
pid,ground_truth,curvy,400.0,0.05,0.1,1.0,62.96569158509374,57.900360107421875,-57.41124725341797,17.052582494177138,2.3918619502673053,0.009375451196907029,0.00623948370754146,0.009375451196907029,0.00623948370754146,0.025726504623889923,0.0021466631442308426,0.563843846321106,0.0,19.444444444444443,79,73,5.280862331390381,RoadOption.STRAIGHT,68.659912109375,-57.260169982910156,0.09787010479597598,2.8,1.2,4.5,3.0,10.0,0.6,0.01,0.06,0.55,0.16,0.2,0.35,1.0,12,10.0,14.0,0.9,1.2,0.6,0.01,0.06,0.65,0.3,0.72,0.005,0.38,0.22,0.01,0.14,1.0,0.28
pid,ground_truth,curvy,400.0,0.05,0.1,1.0,63.015691585838795,58.753074645996094,-57.40300750732422,17.057087304537692,2.387357139906751,0.017963118797602703,0.011344967415494622,0.017963118797602703,0.011344967415494622,0.030844444409012794,0.005117939785122871,0.562605082988739,0.0,19.444444444444443,80,74,5.428176403045654,RoadOption.STRAIGHT,69.52140045166016,-57.1645393371582,0.1232428394494879,2.8,1.2,4.5,3.0,10.0,0.6,0.01,0.06,0.55,0.16,0.2,0.35,1.0,12,10.0,14.0,0.9,1.2,0.6,0.01,0.06,0.65,0.3,0.72,0.005,0.38,0.22,0.01,0.14,1.0,0.28
pid,ground_truth,curvy,400.0,0.05,0.1,1.0,63.06569158658385,59.60594940185547,-57.39048385620117,17.06091239989609,2.383532044548353,0.030834758168353495,0.017666913409476237,0.030834758168353495,0.017666913409476237,0.03635193035006523,0.005507485941052437,0.5636667609214783,0.0,19.444444444444443,81,75,5.575362682342529,RoadOption.STRAIGHT,70.38017272949219,-57.047080993652344,0.14861557410299983,2.8,1.2,4.5,3.0,10.0,0.6,0.01,0.06,0.55,0.16,0.2,0.35,1.0,12,10.0,14.0,0.9,1.2,0.6,0.01,0.06,0.65,0.3,0.72,0.005,0.38,0.22,0.01,0.14,1.0,0.28
pid,ground_truth,curvy,400.0,0.05,0.1,1.0,63.11569158732891,60.45888137817383,-57.37258529663086,17.063898835350408,2.3805456090940353,0.16491066380255343,0.0031340204543730543,0.16491066380255343,0.0031340204543730543,0.04051712155342102,0.004165191203355789,0.56535804271698,0.0,19.444444444444443,82,76,5.606095314025879,RoadOption.STRAIGHT,71.23568725585938,-56.907875061035156,0.17398830875651175,2.8,1.2,4.5,3.0,10.0,0.6,0.01,0.06,0.55,0.16,0.2,0.35,1.0,12,10.0,14.0,0.9,1.2,0.6,0.01,0.06,0.65,0.3,0.72,0.005,0.38,0.22,0.01,0.14,1.0,0.28
pid,ground_truth,curvy,400.0,0.05,0.1,1.0,63.16569158807397,61.31179428100586,-57.34831237792969,17.066507524964294,2.377936919480149,0.3020865653012695,-0.013335138335434316,0.3020865653012695,0.013335138335434316,0.044301558285951614,0.003784436732530594,0.565841794013977,0.0,19.444444444444443,83,77,5.619399070739746,RoadOption.STRAIGHT,72.08740234375,-56.74700927734375,0.19936104341002367,2.8,1.2,4.5,3.0,10.0,0.6,0.01,0.06,0.55,0.16,0.2,0.35,1.0,12,10.0,14.0,0.9,1.2,0.6,0.01,0.06,0.65,0.3,0.72,0.005,0.38,0.22,0.01,0.14,1.0,0.28
pid,ground_truth,curvy,400.0,0.05,0.1,1.0,63.21569158881903,62.16459274291992,-57.31674575805664,17.068859891608533,2.3755845528359103,0.42505185512218124,-0.0286303424272214,0.42505185512218124,0.0286303424272214,0.048297230154275894,0.00399567186832428,0.5660419464111328,0.0,19.444444444444443,84,78,5.631721496582031,RoadOption.STRAIGHT,72.93476104736328,-56.56459045410156,0.2247335117474266,2.8,1.2,4.5,3.0,10.0,0.6,0.01,0.06,0.55,0.16,0.2,0.35,1.0,12,10.0,14.0,0.9,1.2,0.6,0.01,0.06,0.65,0.3,0.72,0.005,0.38,0.22,0.01,0.14,1.0,0.28
pid,ground_truth,curvy,400.0,0.05,0.1,1.0,63.265691589564085,63.01715850830078,-57.27693557739258,17.07074881443111,2.3736956300133336,0.5346903075875579,-0.042809823502697686,0.5346903075875579,0.042809823502697686,0.05216118320822716,0.0038639530539512634,0.5669240355491638,0.0,19.444444444444443,85,79,5.6427788734436035,RoadOption.STRAIGHT,73.77721405029297,-56.36072540283203,0.25010624640093854,2.8,1.2,4.5,3.0,10.0,0.6,0.01,0.06,0.55,0.16,0.2,0.35,1.0,12,10.0,14.0,0.9,1.2,0.6,0.01,0.06,0.65,0.3,0.72,0.005,0.38,0.22,0.01,0.14,1.0,0.28
pid,ground_truth,curvy,400.0,0.05,0.1,1.0,63.31569159030914,63.869319915771484,-57.22795104980469,17.0721320265745,2.372312417869942,0.6318856798300162,-0.05590980055268924,0.6318856798300162,0.05590980055268924,0.055675726383924484,0.0035145431756973267,0.5680357217788696,0.0,19.444444444444443,86,80,5.65243673324585,RoadOption.STRAIGHT,74.61422729492188,-56.135562896728516,0.27547898105445046,2.8,1.2,4.5,3.0,10.0,0.6,0.01,0.06,0.55,0.16,0.2,0.35,1.0,12,10.0,14.0,0.9,1.2,0.6,0.01,0.06,0.65,0.3,0.72,0.005,0.38,0.22,0.01,0.14,1.0,0.28
pid,ground_truth,curvy,400.0,0.05,0.1,1.0,63.3656915910542,64.72089385986328,-57.16892623901367,17.073119449850992,2.3713249945934507,0.7174622349463571,-0.06798079041412253,0.7174622349463571,0.06798079041412253,0.05900972709059715,0.0033340007066726685,0.5689266920089722,0.0,19.444444444444443,87,81,5.660591125488281,RoadOption.STRAIGHT,75.44525909423828,-55.88922882080078,0.3008514493918534,2.8,1.2,4.5,3.0,10.0,0.6,0.01,0.06,0.55,0.16,0.2,0.35,1.0,12,10.0,14.0,0.9,1.2,0.6,0.01,0.06,0.65,0.3,0.72,0.005,0.38,0.22,0.01,0.14,1.0,0.28
pid,ground_truth,curvy,400.0,0.05,0.1,1.0,63.41569159179926,65.57170104980469,-57.09900665283203,17.07375489383005,2.3706895506143937,0.7922569796419888,-0.07907895665767439,0.7922569796419888,0.07907895665767439,0.06217274069786072,0.003163013607263565,0.569772481918335,0.0,19.444444444444443,88,82,5.667210102081299,RoadOption.STRAIGHT,76.269775390625,-55.62189865112305,0.3262241840453653,2.8,1.2,4.5,3.0,10.0,0.6,0.01,0.06,0.55,0.16,0.2,0.35,1.0,12,10.0,14.0,0.9,1.2,0.6,0.01,0.06,0.65,0.3,0.72,0.005,0.38,0.22,0.01,0.14,1.0,0.28
pid,ground_truth,curvy,400.0,0.05,0.1,1.0,63.46569159254432,66.4214859008789,-57.01740264892578,17.07404801266046,2.370396431783984,0.8570577120348415,-0.08925627669768277,0.8570577120348415,0.08925627669768277,0.06517903506755829,0.003006294369697571,0.570666491985321,0.0,19.444444444444443,89,83,5.672364711761475,RoadOption.STRAIGHT,77.08724212646484,-55.33373260498047,0.3515966523827682,2.8,1.2,4.5,3.0,10.0,0.6,0.01,0.06,0.55,0.16,0.2,0.35,1.0,12,10.0,14.0,0.9,1.2,0.6,0.01,0.06,0.65,0.3,0.72,0.005,0.38,0.22,0.01,0.14,1.0,0.28
pid,ground_truth,curvy,400.0,0.05,0.1,1.0,63.515691593289375,67.26997375488281,-56.923362731933594,17.07398716586675,2.3704572785776925,0.9126280710685202,-0.09856058756522801,0.9126280710685202,0.09856058756522801,0.06799723207950592,0.002818197011947632,0.5716709494590759,0.0,19.444444444444443,90,84,5.676137447357178,RoadOption.STRAIGHT,77.89713287353516,-55.02491760253906,0.37696938703628013,2.8,1.2,4.5,3.0,10.0,0.6,0.01,0.06,0.55,0.16,0.2,0.35,1.0,12,10.0,14.0,0.9,1.2,0.6,0.01,0.06,0.65,0.3,0.72,0.005,0.38,0.22,0.01,0.14,1.0,0.28
pid,ground_truth,curvy,400.0,0.05,0.1,1.0,63.56569159403443,68.11690521240234,-56.81617736816406,17.07361521753297,2.3708292269114715,0.9596844086537217,-0.10704001757463466,0.9596844086537217,0.10704001757463466,0.07063519954681396,0.0026379674673080444,0.5726239085197449,0.0,19.444444444444443,91,85,5.678603172302246,RoadOption.STRAIGHT,78.69892883300781,-54.69565963745117,0.40234185537368305,2.8,1.2,4.5,3.0,10.0,0.6,0.01,0.06,0.55,0.16,0.2,0.35,1.0,12,10.0,14.0,0.9,1.2,0.6,0.01,0.06,0.65,0.3,0.72,0.005,0.38,0.22,0.01,0.14,1.0,0.28
pid,ground_truth,curvy,400.0,0.05,0.1,1.0,63.61569159477949,68.96194458007812,-56.69516372680664,17.072960896936284,2.3714835475081593,0.9989643978152168,-0.11474179622335967,0.9989643978152168,0.11474179622335967,0.07309914380311966,0.0024639442563056946,0.5735584497451782,0.0,19.444444444444443,92,86,5.679916858673096,RoadOption.STRAIGHT,79.49211120605469,-54.346160888671875,0.427714590027195,2.8,1.2,4.5,3.0,10.0,0.6,0.01,0.06,0.55,0.16,0.2,0.35,1.0,12,10.0,14.0,0.9,1.2,0.6,0.01,0.06,0.65,0.3,0.72,0.005,0.38,0.22,0.01,0.14,1.0,0.28
pid,ground_truth,curvy,400.0,0.05,0.1,1.0,63.66569159552455,69.80475616455078,-56.559715270996094,17.072052076865347,2.3723923675790957,1.0310988573361468,-0.1217125704423716,1.0310988573361468,0.1217125704423716,0.07541180402040482,0.0023126602172851562,0.5744709968566895,0.0,19.444444444444443,93,87,5.680213928222656,RoadOption.STRAIGHT,80.27617645263672,-53.976654052734375,0.4530873246807069,2.8,1.2,4.5,3.0,10.0,0.6,0.01,0.06,0.55,0.16,0.2,0.35,1.0,12,10.0,14.0,0.9,1.2,0.6,0.01,0.06,0.65,0.3,0.72,0.005,0.38,0.22,0.01,0.14,1.0,0.28
pid,ground_truth,curvy,400.0,0.05,0.1,1.0,63.71569159626961,70.64496612548828,-56.40925979614258,17.070907332435805,2.3735371120086377,1.0567399764640035,-0.1279976306149586,1.0567399764640035,0.1279976306149586,0.07756724208593369,0.0021554380655288696,0.5753834247589111,0.0,19.444444444444443,94,88,5.679649353027344,RoadOption.STRAIGHT,81.05061340332031,-53.587379455566406,0.4784597930181098,2.8,1.2,4.5,3.0,10.0,0.6,0.01,0.06,0.55,0.16,0.2,0.35,1.0,12,10.0,14.0,0.9,1.2,0.6,0.01,0.06,0.65,0.3,0.72,0.005,0.38,0.22,0.01,0.14,1.0,0.28
pid,ground_truth,curvy,400.0,0.05,0.1,1.0,63.765691597014666,71.48218536376953,-56.24326705932617,17.06954722554344,2.374897218901001,1.0764731757740882,-0.13363962060807566,1.0764731757740882,0.13363962060807566,0.07957509905099869,0.0020078569650650024,0.5762856602668762,0.0,19.444444444444443,95,89,5.678372859954834,RoadOption.STRAIGHT,81.81492614746094,-53.1785774230957,0.5038325276716218,2.8,1.2,4.5,3.0,10.0,0.6,0.01,0.06,0.55,0.16,0.2,0.35,1.0,12,10.0,14.0,0.9,1.2,0.6,0.01,0.06,0.65,0.3,0.72,0.005,0.38,0.22,0.01,0.14,1.0,0.28
pid,ground_truth,curvy,400.0,0.05,0.1,1.0,63.815691597759724,72.31599426269531,-56.06124496459961,17.06799978408025,2.376444660364193,1.0908802821277903,-0.1386804852088912,1.0908802821277903,0.1386804852088912,0.08141857385635376,0.001843474805355072,0.5771506428718567,0.0,19.444444444444443,96,90,5.676538467407227,RoadOption.STRAIGHT,82.56861877441406,-52.750518798828125,0.5292052623251337,2.8,1.2,4.5,3.0,10.0,0.6,0.01,0.06,0.55,0.16,0.2,0.35,1.0,12,10.0,14.0,0.9,1.2,0.6,0.01,0.06,0.65,0.3,0.72,0.005,0.38,0.22,0.01,0.14,1.0,0.28
pid,ground_truth,curvy,400.0,0.05,0.1,1.0,63.86569159850478,73.14595794677734,-55.862762451171875,17.066292830078563,2.37815161436588,1.1004949103445305,-0.14316102071635406,1.1004949103445305,0.14316102071635406,0.08312993496656418,0.0017113611102104187,0.5779728293418884,0.0,19.444444444444443,97,91,5.674294471740723,RoadOption.STRAIGHT,83.31121826171875,-52.30347442626953,0.5545779969786456,2.8,1.2,4.5,3.0,10.0,0.6,0.01,0.06,0.55,0.16,0.2,0.35,1.0,12,10.0,14.0,0.9,1.2,0.6,0.01,0.06,0.65,0.3,0.72,0.005,0.38,0.22,0.01,0.14,1.0,0.28
pid,ground_truth,curvy,400.0,0.05,0.1,1.0,63.91569159924984,73.97161102294922,-55.647430419921875,17.06444590250732,2.3799985419371232,1.10581518682463,-0.14712137428389704,1.10581518682463,0.14712137428389704,0.0847129225730896,0.0015829876065254211,0.5787710547447205,0.0,19.444444444444443,98,92,5.671792507171631,RoadOption.STRAIGHT,84.04222106933594,-51.83773422241211,0.5799507316321575,2.8,1.2,4.5,3.0,10.0,0.6,0.01,0.06,0.55,0.16,0.2,0.35,1.0,12,10.0,14.0,0.9,1.2,0.6,0.01,0.06,0.65,0.3,0.72,0.005,0.38,0.22,0.01,0.14,1.0,0.28
pid,ground_truth,curvy,400.0,0.05,0.1,1.0,63.9656915999949,74.79249572753906,-55.4149055480957,17.062479162263607,2.381965282180836,1.1073133822462846,-0.150598830166782,1.1073133822462846,0.150598830166782,0.08616102486848831,0.0014481022953987122,0.5795392394065857,0.0,19.444444444444443,99,93,5.669155597686768,RoadOption.STRAIGHT,84.76118469238281,-51.353599548339844,0.6053231999695604,2.8,1.2,4.5,3.0,10.0,0.6,0.01,0.06,0.55,0.16,0.2,0.35,1.0,12,10.0,14.0,0.9,1.2,0.6,0.01,0.06,0.65,0.3,0.72,0.005,0.38,0.22,0.01,0.14,1.0,0.28
pid,ground_truth,curvy,400.0,0.05,0.1,1.0,64.01569160073996,75.60811614990234,-55.16487121582031,17.060412231624294,2.3840322128201485,1.1054461273412899,-0.15362920788166923,1.1054461273412899,0.15362920788166923,0.08747419714927673,0.0013131722807884216,0.5802745223045349,0.0,19.444444444444443,100,94,5.666503429412842,RoadOption.STRAIGHT,85.4676284790039,-50.851383209228516,0.6306959346230724,2.8,1.2,4.5,3.0,10.0,0.6,0.01,0.06,0.55,0.16,0.2,0.35,1.0,12,10.0,14.0,0.9,1.2,0.6,0.01,0.06,0.65,0.3,0.72,0.005,0.38,0.22,0.01,0.14,1.0,0.28
pid,ground_truth,curvy,400.0,0.05,0.1,1.0,64.06569160148501,76.41798400878906,-54.89708709716797,17.058271345220742,2.3861730992237007,1.1005992566195137,-0.15624875970889862,1.1005992566195137,0.15624875970889862,0.08869002759456635,0.0012158304452896118,0.5809525847434998,0.0,19.444444444444443,101,95,5.663943767547607,RoadOption.STRAIGHT,86.16111755371094,-50.33140182495117,0.6560684029604753,2.8,1.2,4.5,3.0,10.0,0.6,0.01,0.06,0.55,0.16,0.2,0.35,1.0,12,10.0,14.0,0.9,1.2,0.6,0.01,0.06,0.65,0.3,0.72,0.005,0.38,0.22,0.01,0.14,1.0,0.28
pid,ground_truth,curvy,400.0,0.05,0.1,1.0,64.11569160223007,77.2215576171875,-54.61133575439453,17.05606383283364,2.3883806116108026,1.0931771982739598,-0.1584899096347412,1.0931771982739598,0.1584899096347412,0.08978454768657684,0.001094520092010498,0.5816247463226318,0.0,19.444444444444443,102,96,5.661599159240723,RoadOption.STRAIGHT,86.84117126464844,-49.79399490356445,0.6814411376139872,2.8,1.2,4.5,3.0,10.0,0.6,0.01,0.06,0.55,0.16,0.2,0.35,1.0,12,10.0,14.0,0.9,1.2,0.6,0.01,0.06,0.65,0.3,0.72,0.005,0.38,0.22,0.01,0.14,1.0,0.28
pid,ground_truth,curvy,400.0,0.05,0.1,1.0,64.16569160297513,78.01834869384766,-54.30744934082031,17.053815737790504,2.3906287066539385,1.0835189280865027,-0.16038438256568277,1.0835189280865027,0.16038438256568277,0.09077055007219315,0.0009860023856163025,0.5822329521179199,0.0,19.444444444444443,103,97,5.659539699554443,RoadOption.STRAIGHT,87.50738525390625,-49.2395133972168,0.7068138722674991,2.8,1.2,4.5,3.0,10.0,0.6,0.01,0.06,0.55,0.16,0.2,0.35,1.0,12,10.0,14.0,0.9,1.2,0.6,0.01,0.06,0.65,0.3,0.72,0.005,0.38,0.22,0.01,0.14,1.0,0.28
pid,ground_truth,curvy,400.0,0.05,0.1,1.0,64.21569160372019,78.80780792236328,-53.98529052734375,17.051542703599704,2.3929017408447386,1.071959359903622,-0.16196227222204085,1.071959359903622,0.16196227222204085,0.09165854752063751,0.0008879974484443665,0.5828028917312622,0.0,19.444444444444443,104,98,5.657833576202393,RoadOption.STRAIGHT,88.15930938720703,-48.66830062866211,0.7321863406049021,2.8,1.2,4.5,3.0,10.0,0.6,0.01,0.06,0.55,0.16,0.2,0.35,1.0,12,10.0,14.0,0.9,1.2,0.6,0.01,0.06,0.65,0.3,0.72,0.005,0.38,0.22,0.01,0.14,1.0,0.28
pid,ground_truth,curvy,400.0,0.05,0.1,1.0,64.26569160446525,79.58940887451172,-53.644779205322266,17.04926338327327,2.395181061171172,1.0588058233927267,-0.16325270692823857,1.0588058233927267,0.16325270692823857,0.09245047718286514,0.0007919296622276306,0.5833219289779663,0.0,19.444444444444443,105,99,5.656569004058838,RoadOption.STRAIGHT,88.79653930664062,-48.08073806762695,0.757559075258414,2.8,1.2,4.5,3.0,10.0,0.6,0.01,0.06,0.55,0.16,0.2,0.35,1.0,12,10.0,14.0,0.9,1.2,0.6,0.01,0.06,0.65,0.3,0.72,0.005,0.38,0.22,0.01,0.14,1.0,0.28
pid,ground_truth,curvy,400.0,0.05,0.1,1.0,64.3156916052103,80.36260986328125,-53.28587341308594,17.04698785859767,2.397456585846772,1.0443285342764936,-0.16428338355961314,1.0443285342764936,0.16428338355961314,0.09316463023424149,0.0007141530513763428,0.5838119387626648,0.0,19.444444444444443,106,100,5.655789852142334,RoadOption.STRAIGHT,89.41865539550781,-47.477195739746094,0.782931543595817,2.8,1.2,4.5,3.0,10.0,0.6,0.01,0.06,0.55,0.16,0.2,0.35,1.0,12,10.0,14.0,0.9,1.2,0.6,0.01,0.06,0.65,0.3,0.72,0.005,0.38,0.22,0.01,0.14,1.0,0.28
pid,ground_truth,curvy,400.0,0.05,0.1,1.0,64.36569160595536,81.12687683105469,-52.90855026245117,17.044727039171484,2.399717405272959,1.0287942205967386,-0.16507960214651973,1.0287942205967386,0.16507960214651973,0.09378627687692642,0.0006216466426849365,0.5842681527137756,0.0,19.444444444444443,107,101,5.655552864074707,RoadOption.STRAIGHT,90.02526092529297,-46.85806655883789,0.8083042782493288,2.8,1.2,4.5,3.0,10.0,0.6,0.01,0.06,0.55,0.16,0.2,0.35,1.0,12,10.0,14.0,0.9,1.2,0.6,0.01,0.06,0.65,0.3,0.72,0.005,0.38,0.22,0.01,0.14,1.0,0.28
pid,ground_truth,curvy,400.0,0.05,0.1,1.0,64.41569160670042,81.88165283203125,-52.512840270996094,17.042492730383398,2.4019517140610454,1.012430902055478,-0.16566579719195973,1.012430902055478,0.16566579719195973,0.09432878345251083,0.0005425065755844116,0.5846854448318481,0.0,19.444444444444443,108,102,5.655877113342285,RoadOption.STRAIGHT,90.61595916748047,-46.2237434387207,0.8336770129028408,2.8,1.2,4.5,3.0,10.0,0.6,0.01,0.06,0.55,0.16,0.2,0.35,1.0,12,10.0,14.0,0.9,1.2,0.6,0.01,0.06,0.65,0.3,0.72,0.005,0.38,0.22,0.01,0.14,1.0,0.28
pid,ground_truth,curvy,400.0,0.05,0.1,1.0,64.46569160744548,82.62642669677734,-52.098812103271484,17.040300883657533,2.4041435607869097,0.9954535576062971,-0.1660656042506079,0.9954535576062971,0.1660656042506079,0.09481755644083023,0.000488772988319397,0.5850487351417542,0.0,19.444444444444443,109,103,5.656796932220459,RoadOption.STRAIGHT,91.19037628173828,-45.57463836669922,0.8590494812402437,2.8,1.2,4.5,3.0,10.0,0.6,0.01,0.06,0.55,0.16,0.2,0.35,1.0,12,10.0,14.0,0.9,1.2,0.6,0.01,0.06,0.65,0.3,0.72,0.005,0.38,0.22,0.01,0.14,1.0,0.28
pid,ground_truth,curvy,400.0,0.05,0.1,1.0,64.51569160819054,83.36064910888672,-51.66657257080078,17.038148939421642,2.4062955050228005,0.9780325021817791,-0.16629962953139854,0.9780325021817791,0.16629962953139854,0.0952315703034401,0.0004140138626098633,0.585410475730896,0.0,19.444444444444443,110,104,5.658337116241455,RoadOption.STRAIGHT,91.7481460571289,-44.911170959472656,0.8844222158937556,2.8,1.2,4.5,3.0,10.0,0.6,0.01,0.06,0.55,0.16,0.2,0.35,1.0,12,10.0,14.0,0.9,1.2,0.6,0.01,0.06,0.65,0.3,0.72,0.005,0.38,0.22,0.01,0.14,1.0,0.28
pid,ground_truth,curvy,400.0,0.05,0.1,1.0,64.5656916089356,84.08379364013672,-51.21623992919922,17.036051901299455,2.4083925431449877,0.9603732088425532,-0.16638758042639834,0.9603732088425532,0.16638758042639834,0.09557431936264038,0.00034274905920028687,0.5857180953025818,0.0,19.444444444444443,111,105,5.660507678985596,RoadOption.STRAIGHT,92.28890228271484,-44.23377227783203,0.909794817389213,2.8,1.2,4.5,3.0,10.0,0.6,0.01,0.06,0.55,0.16,0.2,0.35,1.0,12,10.0,14.0,0.9,1.2,0.6,0.01,0.06,0.65,0.3,0.72,0.005,0.38,0.22,0.01,0.14,1.0,0.28
pid,ground_truth,curvy,400.0,0.05,0.1,1.0,64.61569160968065,84.79534149169922,-50.747982025146484,17.03401967667736,2.4104247677670827,0.9426099531547627,-0.16634889801156483,0.9426099531547627,0.16634889801156483,0.09588770568370819,0.00031338632106781006,0.5859836935997009,0.0,19.444444444444443,112,106,5.6633100509643555,RoadOption.STRAIGHT,92.81228637695312,-43.54286575317383,0.935167552042725,2.8,1.2,4.5,3.0,10.0,0.6,0.01,0.06,0.55,0.16,0.2,0.35,1.0,12,10.0,14.0,0.9,1.2,0.6,0.01,0.06,0.65,0.3,0.72,0.005,0.38,0.22,0.01,0.14,1.0,0.28
pid,ground_truth,curvy,400.0,0.05,0.1,1.0,64.66569161042571,85.4947738647461,-50.26201248168945,17.032048928868594,2.4123955155758487,0.9248792283352105,-0.16619962783246578,0.9248792283352105,0.16619962783246578,0.09612515568733215,0.0002374500036239624,0.5862451195716858,0.0,19.444444444444443,113,107,5.666759490966797,RoadOption.STRAIGHT,93.3179931640625,-42.838905334472656,0.9605401535381823,2.8,1.2,4.5,3.0,10.0,0.6,0.01,0.06,0.55,0.16,0.2,0.35,1.0,12,10.0,14.0,0.9,1.2,0.6,0.01,0.06,0.65,0.3,0.72,0.005,0.38,0.22,0.01,0.14,1.0,0.28
pid,ground_truth,curvy,400.0,0.05,0.1,1.0,64.71569161117077,86.18161010742188,-49.75852584838867,17.03015167939974,2.414292765044703,0.9072954512206279,-0.1659557488556418,0.9072954512206279,0.1659557488556418,0.0963340774178505,0.00020892173051834106,0.5864567160606384,0.0,19.444444444444443,114,108,5.6708149909973145,RoadOption.STRAIGHT,93.8056640625,-42.12234115600586,0.9859128881916943,2.8,1.2,4.5,3.0,10.0,0.6,0.01,0.06,0.55,0.16,0.2,0.35,1.0,12,10.0,14.0,0.9,1.2,0.6,0.01,0.06,0.65,0.3,0.72,0.005,0.38,0.22,0.01,0.14,1.0,0.28
pid,ground_truth,curvy,400.0,0.05,0.1,1.0,64.76569161191583,86.85530853271484,-49.23776626586914,17.02832653284256,2.4161179116018836,0.8900094370150984,-0.16563004425432526,0.8900094370150984,0.16563004425432526,0.09645156562328339,0.00011748820543289185,0.5866563320159912,0.0,19.444444444444443,115,109,5.675501823425293,RoadOption.STRAIGHT,94.2750015258789,-41.39363479614258,1.0112856228452063,2.8,1.2,4.5,3.0,10.0,0.6,0.01,0.06,0.55,0.16,0.2,0.35,1.0,12,10.0,14.0,0.9,1.2,0.6,0.01,0.06,0.65,0.3,0.72,0.005,0.38,0.22,0.01,0.14,1.0,0.28
pid,ground_truth,curvy,400.0,0.05,0.1,1.0,64.81569161266088,87.51543426513672,-48.70003890991211,17.0265964385096,2.417848005934843,0.8730656674430595,-0.16523909220630184,0.8730656674430595,0.16523909220630184,0.09658738970756531,0.0001358240842819214,0.5867708325386047,0.0,19.444444444444443,116,110,5.680789947509766,RoadOption.STRAIGHT,94.7257080078125,-40.65325927734375,1.036658091182609,2.8,1.2,4.5,3.0,10.0,0.6,0.01,0.06,0.55,0.16,0.2,0.35,1.0,12,10.0,14.0,0.9,1.2,0.6,0.01,0.06,0.65,0.3,0.72,0.005,0.38,0.22,0.01,0.14,1.0,0.28
pid,ground_truth,curvy,400.0,0.05,0.1,1.0,64.86569161340594,88.1614990234375,-48.14561462402344,17.024931710484697,2.4195127339597455,0.8565702251271654,-0.1647961419379942,0.8565702251271654,0.1647961419379942,0.09668812900781631,0.00010073930025100708,0.5869540572166443,0.0,19.444444444444443,117,111,5.686648368835449,RoadOption.STRAIGHT,95.15748596191406,-39.90167999267578,1.062030825836121,2.8,1.2,4.5,3.0,10.0,0.6,0.01,0.06,0.55,0.16,0.2,0.35,1.0,12,10.0,14.0,0.9,1.2,0.6,0.01,0.06,0.65,0.3,0.72,0.005,0.38,0.22,0.01,0.14,1.0,0.28
pid,ground_truth,curvy,400.0,0.05,0.1,1.0,64.915691614151,88.79304504394531,-47.574832916259766,17.023339487896735,2.4211049565477083,0.8405649183098602,-0.1643121124098723,0.8405649183098602,0.1643121124098723,0.09675976634025574,7.163733243942261e-05,0.5871013402938843,0.0,19.444444444444443,118,112,5.693071365356445,RoadOption.STRAIGHT,95.57005310058594,-39.13939666748047,1.0874032941735239,2.8,1.2,4.5,3.0,10.0,0.6,0.01,0.06,0.55,0.16,0.2,0.35,1.0,12,10.0,14.0,0.9,1.2,0.6,0.01,0.06,0.65,0.3,0.72,0.005,0.38,0.22,0.01,0.14,1.0,0.28
pid,ground_truth,curvy,400.0,0.05,0.1,1.0,64.96569161489606,89.40961456298828,-46.98801040649414,17.02182168389259,2.422622760551853,0.8251626989231693,-0.16378880125567186,0.8251626989231693,0.16378880125567186,0.09672489762306213,-3.4868717193603516e-05,0.5872268676757812,0.0,19.444444444444443,119,113,5.700043678283691,RoadOption.STRAIGHT,95.96314239501953,-38.36688995361328,1.1127760288270359,2.8,1.2,4.5,3.0,10.0,0.6,0.01,0.06,0.55,0.16,0.2,0.35,1.0,12,10.0,14.0,0.9,1.2,0.6,0.01,0.06,0.65,0.3,0.72,0.005,0.38,0.22,0.01,0.14,1.0,0.28
pid,ground_truth,curvy,400.0,0.05,0.1,1.0,65.01569161564112,90.01081848144531,-46.385536193847656,17.020425488122207,2.424018956322236,0.8103335001013336,-0.16324771350119516,0.8103335001013336,0.16324771350119516,0.09679286926984787,6.797164678573608e-05,0.587193489074707,0.0,19.444444444444443,120,114,5.7075114250183105,RoadOption.STRAIGHT,96.33650970458984,-37.584659576416016,1.1381487634805478,2.8,1.2,4.5,3.0,10.0,0.6,0.01,0.06,0.55,0.16,0.2,0.35,1.0,12,10.0,14.0,0.9,1.2,0.6,0.01,0.06,0.65,0.3,0.72,0.005,0.38,0.22,0.01,0.14,1.0,0.28
pid,ground_truth,curvy,400.0,0.05,0.1,1.0,65.06569161638618,90.5961685180664,-45.76777648925781,17.019066513893957,2.4253779305504857,0.7961957717654693,-0.1626882499351967,0.7961957717654693,0.1626882499351967,0.0967261791229248,-6.669014692306519e-05,0.587388277053833,0.0,19.444444444444443,121,115,5.715499401092529,RoadOption.STRAIGHT,96.68991088867188,-36.793209075927734,1.1635213649760052,2.8,1.2,4.5,3.0,10.0,0.6,0.01,0.06,0.55,0.16,0.2,0.35,1.0,12,10.0,14.0,0.9,1.2,0.6,0.01,0.06,0.65,0.3,0.72,0.005,0.38,0.22,0.01,0.14,1.0,0.28
pid,ground_truth,curvy,400.0,0.05,0.1,1.0,65.11569161713123,91.16532897949219,-45.135135650634766,17.017811601304984,2.4266328431394584,0.7827245204708926,-0.16211973162149196,0.7827245204708926,0.16211973162149196,-0.0032738212030380964,-0.1000000003259629,0.5873729586601257,0.0,19.444444444444443,121,116,5.723942756652832,RoadOption.STRAIGHT,96.68991088867188,-36.793209075927734,1.1635213649760052,2.8,1.2,4.5,3.0,10.0,0.6,0.01,0.06,0.55,0.16,0.2,0.35,1.0,12,10.0,14.0,0.9,1.2,0.6,0.01,0.06,0.65,0.3,0.72,0.005,0.38,0.22,0.01,0.14,1.0,0.28
pid,ground_truth,curvy,400.0,0.05,0.1,1.0,65.16569161787629,91.72345733642578,-44.4918098449707,17.040647004445923,2.4037974399985202,0.6298560082031746,-0.14238936979050365,0.6298560082031746,0.14238936979050365,0.0967261791229248,0.1000000003259629,0.5148963332176208,0.0,19.444444444444443,122,116,4.873189926147461,RoadOption.STRAIGHT,97.02312469482422,-35.9930419921875,1.1888940996295172,2.8,1.2,4.5,3.0,10.0,0.6,0.01,0.06,0.55,0.16,0.2,0.35,1.0,12,10.0,14.0,0.9,1.2,0.6,0.01,0.06,0.65,0.3,0.72,0.005,0.38,0.22,0.01,0.14,1.0,0.28
pid,ground_truth,curvy,400.0,0.05,0.1,1.0,65.21569161862135,92.2685317993164,-43.83723068237305,17.027362028185838,2.417082416258605,0.6060533307847848,-0.15059004173518442,0.6060533307847848,0.15059004173518442,0.17415529489517212,0.07742911577224731,0.6189560890197754,0.0,19.444444444444443,123,117,4.882071018218994,RoadOption.STRAIGHT,97.33592987060547,-35.18468475341797,1.2142667011249746,2.8,1.2,4.5,3.0,10.0,0.6,0.01,0.06,0.55,0.16,0.2,0.35,1.0,12,10.0,14.0,0.9,1.2,0.6,0.01,0.06,0.65,0.3,0.72,0.005,0.38,0.22,0.01,0.14,1.0,0.28
pid,ground_truth,curvy,400.0,0.05,0.1,1.0,65.26569161936641,92.79322052001953,-43.16862106323242,16.977392152230365,2.4670522922140776,0.5859438504296595,-0.15257755885671065,0.5859438504296595,0.15257755885671065,0.12702302634716034,-0.04713226854801178,0.7326671481132507,0.0,19.444444444444443,124,118,4.893409252166748,RoadOption.STRAIGHT,97.62812805175781,-34.36865234375,1.239639302620432,2.8,1.2,4.5,3.0,10.0,0.6,0.01,0.06,0.55,0.16,0.2,0.35,1.0,12,10.0,14.0,0.9,1.2,0.6,0.01,0.06,0.65,0.3,0.72,0.005,0.38,0.22,0.01,0.14,1.0,0.28
pid,ground_truth,curvy,400.0,0.05,0.1,1.0,65.31569162011147,93.29774475097656,-42.48619079589844,16.976239017711816,2.468205426732627,0.5692291775415019,-0.1495862297413062,0.5692291775415019,0.1495862297413062,0.08566070348024368,-0.041362322866916656,0.5962339639663696,0.0,19.444444444444443,125,119,4.906423091888428,RoadOption.STRAIGHT,97.89952087402344,-33.54546356201172,1.2650119041158894,2.8,1.2,4.5,3.0,10.0,0.6,0.01,0.06,0.55,0.16,0.2,0.35,1.0,12,10.0,14.0,0.9,1.2,0.6,0.01,0.06,0.65,0.3,0.72,0.005,0.38,0.22,0.01,0.14,1.0,0.28
pid,ground_truth,curvy,400.0,0.05,0.1,1.0,65.36569162085652,93.78632354736328,-41.79076385498047,17.009665612833015,2.4347788316114283,0.5516910464666014,-0.14716182104295283,0.5516910464666014,0.14716182104295283,0.09007155150175095,0.004410848021507263,0.49205687642097473,0.0,19.444444444444443,126,120,4.918817520141602,RoadOption.STRAIGHT,98.14994812011719,-32.71565628051758,1.2903845056113468,2.8,1.2,4.5,3.0,10.0,0.6,0.01,0.06,0.55,0.16,0.2,0.35,1.0,12,10.0,14.0,0.9,1.2,0.6,0.01,0.06,0.65,0.3,0.72,0.005,0.38,0.22,0.01,0.14,1.0,0.28
pid,ground_truth,curvy,400.0,0.05,0.1,1.0,65.41569162160158,94.2587890625,-41.08292007446289,17.022043078154617,2.422401366289826,0.533073231531878,-0.14621653201402918,0.533073231531878,0.14621653201402918,0.10274451225996017,0.012672960758209229,0.5482714176177979,0.0,19.444444444444443,127,121,4.930717945098877,RoadOption.STRAIGHT,98.3792495727539,-31.8797664642334,1.3157571071068044,2.8,1.2,4.5,3.0,10.0,0.6,0.01,0.06,0.55,0.16,0.2,0.35,1.0,12,10.0,14.0,0.9,1.2,0.6,0.01,0.06,0.65,0.3,0.72,0.005,0.38,0.22,0.01,0.14,1.0,0.28
pid,ground_truth,curvy,400.0,0.05,0.1,1.0,65.46569162234664,94.7127914428711,-40.36333084106445,17.010361451824807,2.4340829926196363,0.5151438883701225,-0.14528762142580964,0.5151438883701225,0.14528762142580964,0.10295373946428299,0.00020922720432281494,0.618206799030304,0.0,19.444444444444443,128,122,4.943386554718018,RoadOption.STRAIGHT,98.5872573852539,-31.038328170776367,1.3411299749183707,2.8,1.2,4.5,3.0,10.0,0.6,0.01,0.06,0.55,0.16,0.2,0.35,1.0,12,10.0,14.0,0.9,1.2,0.6,0.01,0.06,0.65,0.3,0.72,0.005,0.38,0.22,0.01,0.14,1.0,0.28
pid,ground_truth,curvy,400.0,0.05,0.1,1.0,65.5156916230917,95.1473159790039,-39.632530212402344,16.999880738433227,2.444563706011216,0.49857435089837665,-0.14392088715438067,0.49857435089837665,0.14392088715438067,0.09878244996070862,-0.004171289503574371,0.6171500086784363,0.0,19.444444444444443,129,123,4.957152843475342,RoadOption.STRAIGHT,98.77385711669922,-30.19188117980957,1.366502576413828,2.8,1.2,4.5,3.0,10.0,0.6,0.01,0.06,0.55,0.16,0.2,0.35,1.0,12,10.0,14.0,0.9,1.2,0.6,0.01,0.06,0.65,0.3,0.72,0.005,0.38,0.22,0.01,0.14,1.0,0.28
pid,ground_truth,curvy,400.0,0.05,0.1,1.0,65.56569162383676,95.56243133544922,-38.8907470703125,16.999900417845225,2.4445440265992175,0.48315862692798217,-0.14251167546356536,0.48315862692798217,0.14251167546356536,0.09765027463436127,-0.001132175326347351,0.5877445936203003,0.0,19.444444444444443,130,124,4.971563816070557,RoadOption.STRAIGHT,98.93892669677734,-29.340972900390625,1.3918751779092855,2.8,1.2,4.5,3.0,10.0,0.6,0.01,0.06,0.55,0.16,0.2,0.35,1.0,12,10.0,14.0,0.9,1.2,0.6,0.01,0.06,0.65,0.3,0.72,0.005,0.38,0.22,0.01,0.14,1.0,0.28
pid,ground_truth,curvy,400.0,0.05,0.1,1.0,65.61569162458181,95.95806121826172,-38.13824462890625,17.00298330521986,2.4414611392245824,0.46878069066762307,-0.14128136161897586,0.46878069066762307,0.14128136161897586,0.09834269434213638,0.000692419707775116,0.578489363193512,0.0,19.444444444444443,131,125,4.986271858215332,RoadOption.STRAIGHT,99.08235168457031,-28.48615074157715,1.417247779404743,2.8,1.2,4.5,3.0,10.0,0.6,0.01,0.06,0.55,0.16,0.2,0.35,1.0,12,10.0,14.0,0.9,1.2,0.6,0.01,0.06,0.65,0.3,0.72,0.005,0.38,0.22,0.01,0.14,1.0,0.28
pid,ground_truth,curvy,400.0,0.05,0.1,1.0,65.66569162532687,96.33382415771484,-37.37553787231445,17.003347494310823,2.4410969501336197,0.45556017912085744,-0.1401638992255787,0.45556017912085744,0.1401638992255787,0.09845198690891266,0.00010929256677627563,0.5860216021537781,0.0,19.444444444444443,132,126,5.001280307769775,RoadOption.STRAIGHT,99.20404052734375,-27.627965927124023,1.4426203809002005,2.8,1.2,4.5,3.0,10.0,0.6,0.01,0.06,0.55,0.16,0.2,0.35,1.0,12,10.0,14.0,0.9,1.2,0.6,0.01,0.06,0.65,0.3,0.72,0.005,0.38,0.22,0.01,0.14,1.0,0.28
pid,ground_truth,curvy,400.0,0.05,0.1,1.0,65.71569162607193,96.6893310546875,-36.60323715209961,17.001849087395378,2.442595357049065,0.4436023475479556,-0.13909117793849513,0.4436023475479556,0.13909117793849513,0.0979079008102417,-0.0005440860986709595,0.5915665030479431,0.0,19.444444444444443,133,127,5.016672611236572,RoadOption.STRAIGHT,99.30391693115234,-26.766969680786133,1.4679931155537123,2.8,1.2,4.5,3.0,10.0,0.6,0.01,0.06,0.55,0.16,0.2,0.35,1.0,12,10.0,14.0,0.9,1.2,0.6,0.01,0.06,0.65,0.3,0.72,0.005,0.38,0.22,0.01,0.14,1.0,0.28
pid,ground_truth,curvy,400.0,0.05,0.1,1.0,65.76569162681699,97.02433013916016,-35.821895599365234,17.000754553574044,2.443689890870399,0.43289673933526673,-0.13807704619539285,0.43289673933526673,0.13807704619539285,0.09740390628576279,-0.0005039945244789124,0.590676486492157,0.0,19.444444444444443,134,128,5.032421112060547,RoadOption.STRAIGHT,99.38192749023438,-25.903717041015625,1.4933657170491699,2.8,1.2,4.5,3.0,10.0,0.6,0.01,0.06,0.55,0.16,0.2,0.35,1.0,12,10.0,14.0,0.9,1.2,0.6,0.01,0.06,0.65,0.3,0.72,0.005,0.38,0.22,0.01,0.14,1.0,0.28
pid,ground_truth,curvy,400.0,0.05,0.1,1.0,65.81569162756205,97.33866882324219,-35.032039642333984,17.00049243618222,2.4439520082622224,0.4233925657466765,-0.13714746981690062,0.4233925657466765,0.13714746981690062,0.09714380651712418,-0.00026009976863861084,0.5884033441543579,0.0,19.444444444444443,135,129,5.048455238342285,RoadOption.STRAIGHT,99.43800354003906,-25.038761138916016,1.5187384517026816,2.8,1.2,4.5,3.0,10.0,0.6,0.01,0.06,0.55,0.16,0.2,0.35,1.0,12,10.0,14.0,0.9,1.2,0.6,0.01,0.06,0.65,0.3,0.72,0.005,0.38,0.22,0.01,0.14,1.0,0.28
pid,ground_truth,curvy,400.0,0.05,0.1,1.0,65.8656916283071,97.63213348388672,-34.23420715332031,17.00043709988762,2.444007344556823,0.4150925629968517,-0.13630577775438102,0.4150925629968517,0.13630577775438102,0.09687593579292297,-0.0002678707242012024,0.5878365635871887,0.0,19.444444444444443,136,130,5.06472635269165,RoadOption.STRAIGHT,99.47212219238281,-24.172664642333984,1.544111053198139,2.8,1.2,4.5,3.0,10.0,0.6,0.01,0.06,0.55,0.16,0.2,0.35,1.0,12,10.0,14.0,0.9,1.2,0.6,0.01,0.06,0.65,0.3,0.72,0.005,0.38,0.22,0.01,0.14,1.0,0.28
pid,ground_truth,curvy,400.0,0.05,0.1,1.0,65.91569162905216,97.90459442138672,-33.42896270751953,17.000277114258946,2.444167330185497,0.40791768527064565,-0.13554571157927242,0.40791768527064565,0.13554571157927242,0.09659495204687119,-0.00028098374605178833,0.588164746761322,0.0,19.444444444444443,137,131,5.081191539764404,RoadOption.STRAIGHT,99.48426055908203,-23.305978775024414,1.5694836546935966,2.8,1.2,4.5,3.0,10.0,0.6,0.01,0.06,0.55,0.16,0.2,0.35,1.0,12,10.0,14.0,0.9,1.2,0.6,0.01,0.06,0.65,0.3,0.72,0.005,0.38,0.22,0.01,0.14,1.0,0.28
pid,ground_truth,curvy,400.0,0.05,0.1,1.0,65.96569162979722,98.15591430664062,-32.616878509521484,17.00006274615086,2.444381698293583,0.4018190557680651,-0.1348628770757765,0.4018190557680651,0.1348628770757765,0.10110822319984436,0.004513271152973175,0.5883641839027405,0.0,19.444444444444443,138,132,5.097825050354004,RoadOption.STRAIGHT,99.47518920898438,-22.386852264404297,7.868063897186604,2.8,1.2,4.5,3.0,10.0,0.6,0.01,0.06,0.55,0.16,0.2,0.35,1.0,12,10.0,14.0,0.9,1.2,0.6,0.01,0.06,0.65,0.3,0.72,0.005,0.38,0.22,0.01,0.14,1.0,0.28
pid,ground_truth,curvy,400.0,0.05,0.1,1.0,66.01569163054228,98.38563537597656,-31.798505783081055,16.997777897585117,2.4466665468593263,0.3970859547085477,-0.13396898705589066,0.3970859547085477,0.13396898705589066,0.08977567404508591,-0.011332549154758453,0.5946642160415649,0.0,19.444444444444443,139,133,5.114645481109619,RoadOption.STRAIGHT,99.46231079101562,-21.372220993041992,7.865261186455404,2.8,1.2,4.5,3.0,10.0,0.6,0.01,0.06,0.55,0.16,0.2,0.35,1.0,12,10.0,14.0,0.9,1.2,0.6,0.01,0.06,0.65,0.3,0.72,0.005,0.38,0.22,0.01,0.14,1.0,0.28
pid,ground_truth,curvy,400.0,0.05,0.1,1.0,66.06569163128734,98.59424591064453,-30.97442626953125,17.001423307985323,2.4430211364591194,0.3930855955049184,-0.13347590278006294,0.3930855955049184,0.13347590278006294,0.06670774519443512,-0.023067928850650787,0.577257513999939,0.0,19.444444444444443,140,134,5.131523609161377,RoadOption.STRAIGHT,99.45227813720703,-20.357559204101562,7.862459008356423,2.8,1.2,4.5,3.0,10.0,0.6,0.01,0.06,0.55,0.16,0.2,0.35,1.0,12,10.0,14.0,0.9,1.2,0.6,0.01,0.06,0.65,0.3,0.72,0.005,0.38,0.22,0.01,0.14,1.0,0.28
pid,ground_truth,curvy,400.0,0.05,0.1,1.0,66.1156916320324,98.78360748291016,-30.14525604248047,17.012507871241468,2.431936573202975,0.3877963222908674,-0.13510855368633568,0.3877963222908674,0.13510855368633568,0.05868762731552124,-0.00802011787891388,0.5539892911911011,0.0,19.444444444444443,141,135,5.148254871368408,RoadOption.STRAIGHT,99.44512176513672,-19.34287452697754,7.85965736288966,2.8,1.2,4.5,3.0,10.0,0.6,0.01,0.06,0.55,0.16,0.2,0.35,1.0,12,10.0,14.0,0.9,1.2,0.6,0.01,0.06,0.65,0.3,0.72,0.005,0.38,0.22,0.01,0.14,1.0,0.28
pid,ground_truth,curvy,400.0,0.05,0.1,1.0,66.16569163277745,98.9549789428711,-29.311717987060547,17.019774771223155,2.4246696732212882,0.37983836145174266,-0.13943166308386168,0.37983836145174266,0.13943166308386168,0.05704839527606964,-0.0016392320394515991,0.5630800127983093,0.0,19.444444444444443,142,136,5.165008544921875,RoadOption.STRAIGHT,99.44075775146484,-18.328170776367188,7.856854652158461,2.8,1.2,4.5,3.0,10.0,0.6,0.01,0.06,0.55,0.16,0.2,0.35,1.0,12,10.0,14.0,0.9,1.2,0.6,0.01,0.06,0.65,0.3,0.72,0.005,0.38,0.22,0.01,0.14,1.0,0.28
pid,ground_truth,curvy,400.0,0.05,0.1,1.0,66.21569163352251,99.10882568359375,-28.47459602355957,17.021770701596523,2.4226737428479197,0.368649854314912,-0.14583616603133898,0.368649854314912,0.14583616603133898,0.02594207227230072,-0.03110632300376892,0.5773996114730835,0.0,19.444444444444443,142,137,5.182234764099121,RoadOption.STRAIGHT,99.44075775146484,-18.328170776367188,7.856854652158461,2.8,1.2,4.5,3.0,10.0,0.6,0.01,0.06,0.55,0.16,0.2,0.35,1.0,12,10.0,14.0,0.9,1.2,0.6,0.01,0.06,0.65,0.3,0.72,0.005,0.38,0.22,0.01,0.14,1.0,0.28
pid,ground_truth,curvy,400.0,0.05,0.1,1.0,66.26569163426757,99.24808502197266,-27.634620666503906,17.030835922930123,2.4136085215143197,0.2304932478157649,-0.1304088733106732,0.2304932478157649,0.1304088733106732,0.07235243916511536,0.046410366892814636,0.555611252784729,0.0,19.444444444444443,143,137,4.335080623626709,RoadOption.STRAIGHT,99.43927001953125,-17.313461303710938,7.854052474059479,2.8,1.2,4.5,3.0,10.0,0.6,0.01,0.06,0.55,0.16,0.2,0.35,1.0,12,10.0,14.0,0.9,1.2,0.6,0.01,0.06,0.65,0.3,0.72,0.005,0.38,0.22,0.01,0.14,1.0,0.28
pid,ground_truth,curvy,400.0,0.05,0.1,1.0,66.31569163501263,99.3714370727539,-26.792177200317383,17.024791076759875,2.4196533676845675,0.16577674372721948,-0.13091687128860663,0.16577674372721948,0.13091687128860663,0.057191263884305954,-0.015161175280809402,0.5992493033409119,0.0,19.444444444444443,144,138,4.4065470695495605,RoadOption.STRAIGHT,99.44063568115234,-16.298751831054688,7.851250295960497,2.8,1.2,4.5,3.0,10.0,0.6,0.01,0.06,0.55,0.16,0.2,0.35,1.0,12,10.0,14.0,0.9,1.2,0.6,0.01,0.06,0.65,0.3,0.72,0.005,0.38,0.22,0.01,0.14,1.0,0.28
pid,ground_truth,curvy,400.0,0.05,0.1,1.0,66.36569163575768,99.47877502441406,-25.947662353515625,17.02723879987485,2.4172056445695915,0.035144650551712744,-0.11245197702859588,0.035144650551712744,0.11245197702859588,0.03134638071060181,-0.025844883173704147,0.5749316215515137,0.0,19.444444444444443,145,139,4.5754714012146,RoadOption.STRAIGHT,99.44406127929688,-15.29485034942627,1.5673213010465068,2.8,1.2,4.5,3.0,10.0,0.6,0.01,0.06,0.55,0.16,0.2,0.35,1.0,12,10.0,14.0,0.9,1.2,0.6,0.01,0.06,0.65,0.3,0.72,0.005,0.38,0.22,0.01,0.14,1.0,0.28
pid,ground_truth,curvy,400.0,0.05,0.1,1.0,66.41569163650274,99.57355499267578,-25.101163864135742,17.039839812852257,2.4046046315921856,-0.0810596666971635,-0.09586980450121807,0.0810596666971635,0.09586980450121807,0.03163095936179161,0.0002845786511898041,0.5437301993370056,0.0,19.444444444444443,146,140,4.745154857635498,RoadOption.STRAIGHT,99.4465103149414,-14.305353164672852,1.5693213350251562,2.8,1.2,4.5,3.0,10.0,0.6,0.01,0.06,0.55,0.16,0.2,0.35,1.0,12,10.0,14.0,0.9,1.2,0.6,0.01,0.06,0.65,0.3,0.72,0.005,0.38,0.22,0.01,0.14,1.0,0.28
pid,ground_truth,curvy,400.0,0.05,0.1,1.0,66.4656916372478,99.65695190429688,-24.25269889831543,17.053214439558516,2.3912300048859265,-0.1839600446954591,-0.08138300711951363,0.1839600446954591,0.08138300711951363,0.0362611748278141,0.0046302154660224915,0.5386216640472412,0.0,19.444444444444443,147,141,4.914391994476318,RoadOption.STRAIGHT,99.44699096679688,-13.3158540725708,1.5713212358457511,2.8,1.2,4.5,3.0,10.0,0.6,0.01,0.06,0.55,0.16,0.2,0.35,1.0,12,10.0,14.0,0.9,1.2,0.6,0.01,0.06,0.65,0.3,0.72,0.005,0.38,0.22,0.01,0.14,1.0,0.28
pid,ground_truth,curvy,400.0,0.05,0.1,1.0,66.51569163799286,99.72927856445312,-23.403104782104492,17.053261541560154,2.391182902884289,-0.273939264607351,-0.06782312295521198,0.273939264607351,0.06782312295521198,0.052173517644405365,0.015912342816591263,0.5759283304214478,0.0,19.444444444444443,147,142,5.083129405975342,RoadOption.STRAIGHT,99.44699096679688,-13.3158540725708,1.5713212358457511,2.8,1.2,4.5,3.0,10.0,0.6,0.01,0.06,0.55,0.16,0.2,0.35,1.0,12,10.0,14.0,0.9,1.2,0.6,0.01,0.06,0.65,0.3,0.72,0.005,0.38,0.22,0.01,0.14,1.0,0.28
pid,ground_truth,curvy,400.0,0.05,0.1,1.0,66.56569163873792,99.78962707519531,-22.552745819091797,17.048611757879886,2.3958326865645567,-0.3367306196870242,-0.05631054387890799,0.3367306196870242,0.05631054387890799,0.018504319712519646,-0.03366919793188572,0.5901026129722595,0.0,19.444444444444443,148,142,4.238955974578857,RoadOption.STRAIGHT,99.44548034667969,-12.326355934143066,1.5733214029824552,2.8,1.2,4.5,3.0,10.0,0.6,0.01,0.06,0.55,0.16,0.2,0.35,1.0,12,10.0,14.0,0.9,1.2,0.6,0.01,0.06,0.65,0.3,0.72,0.005,0.38,0.22,0.01,0.14,1.0,0.28
pid,ground_truth,curvy,400.0,0.05,0.1,1.0,66.61569163948298,99.84053802490234,-21.70164680480957,17.060636333391432,2.3838081110530105,-0.40095714493063284,-0.04344947318464243,0.40095714493063284,0.04344947318464243,0.01914876326918602,0.0006444435566663742,0.5407689809799194,0.0,19.444444444444443,149,143,4.406494140625,RoadOption.STRAIGHT,99.44197845458984,-11.336862564086914,1.5753213038030502,2.8,1.2,4.5,3.0,10.0,0.6,0.01,0.06,0.55,0.16,0.2,0.35,1.0,12,10.0,14.0,0.9,1.2,0.6,0.01,0.06,0.65,0.3,0.72,0.005,0.38,0.22,0.01,0.14,1.0,0.28
pid,ground_truth,curvy,400.0,0.05,0.1,1.0,66.66569164022803,99.88428497314453,-20.849443435668945,17.066586773781573,2.37785767066287,-0.4560770986505648,-0.0326522191771339,0.4560770986505648,0.0326522191771339,0.027375685051083565,0.008226921781897545,0.5564674735069275,0.0,19.444444444444443,150,144,4.572266578674316,RoadOption.STRAIGHT,99.43651580810547,-10.347376823425293,1.5773213377816997,2.8,1.2,4.5,3.0,10.0,0.6,0.01,0.06,0.55,0.16,0.2,0.35,1.0,12,10.0,14.0,0.9,1.2,0.6,0.01,0.06,0.65,0.3,0.72,0.005,0.38,0.22,0.01,0.14,1.0,0.28
pid,ground_truth,curvy,400.0,0.05,0.1,1.0,66.71569164097309,99.9197998046875,-19.996795654296875,17.067527289998786,2.376917154445657,-0.49207500104770535,-0.024480975162498808,0.49207500104770535,0.024480975162498808,0.02271559275686741,-0.004660092294216156,0.5702883005142212,0.0,19.444444444444443,151,145,4.725951671600342,RoadOption.STRAIGHT,99.42973327636719,-9.348533630371094,1.5776161497143715,2.8,1.2,4.5,3.0,10.0,0.6,0.01,0.06,0.55,0.16,0.2,0.35,1.0,12,10.0,14.0,0.9,1.2,0.6,0.01,0.06,0.65,0.3,0.72,0.005,0.38,0.22,0.01,0.14,1.0,0.28
pid,ground_truth,curvy,400.0,0.05,0.1,1.0,66.76569164171815,99.94791412353516,-19.143810272216797,17.07003702776483,2.374407416679613,-0.508539944990712,-0.019378624830015845,0.508539944990712,0.019378624830015845,0.016035204753279686,-0.006680388003587723,0.565342366695404,0.0,19.444444444444443,152,146,4.864367961883545,RoadOption.STRAIGHT,99.42291259765625,-8.348557472229004,1.5776161497143715,2.8,1.2,4.5,3.0,10.0,0.6,0.01,0.06,0.55,0.16,0.2,0.35,1.0,12,10.0,14.0,0.9,1.2,0.6,0.01,0.06,0.65,0.3,0.72,0.005,0.38,0.22,0.01,0.14,1.0,0.28
pid,ground_truth,curvy,400.0,0.05,0.1,1.0,66.81569164246321,99.96984100341797,-18.29044532775879,17.074727675928255,2.369716768516188,-0.5202387567365487,-0.015151389231733425,0.5202387567365487,0.015151389231733425,0.014801599085330963,-0.0012336056679487228,0.5582038760185242,0.0,19.444444444444443,153,147,5.001993179321289,RoadOption.STRAIGHT,99.41609191894531,-7.348580360412598,1.5776161497143715,2.8,1.2,4.5,3.0,10.0,0.6,0.01,0.06,0.55,0.16,0.2,0.35,1.0,12,10.0,14.0,0.9,1.2,0.6,0.01,0.06,0.65,0.3,0.72,0.005,0.38,0.22,0.01,0.14,1.0,0.28
pid,ground_truth,curvy,400.0,0.05,0.1,1.0,66.86569164320827,99.98631286621094,-17.436729431152344,17.07904184896371,2.3654025954807345,-0.5279267266413831,-0.011797404154887392,0.5279267266413831,0.011797404154887392,0.05166977271437645,0.036868173629045486,0.5583088994026184,0.0,19.444444444444443,153,148,5.138912200927734,RoadOption.STRAIGHT,99.41609191894531,-7.348580360412598,1.5776161497143715,2.8,1.2,4.5,3.0,10.0,0.6,0.01,0.06,0.55,0.16,0.2,0.35,1.0,12,10.0,14.0,0.9,1.2,0.6,0.01,0.06,0.65,0.3,0.72,0.005,0.38,0.22,0.01,0.14,1.0,0.28
pid,ground_truth,curvy,400.0,0.05,0.1,1.0,66.91569164395332,99.99494171142578,-16.58292007446289,17.075921228351557,2.3685232160928855,-0.5387114757316903,-0.004480235901840324,0.5387114757316903,0.004480235901840324,-0.007531693670898676,-0.059201466385275126,0.5798128247261047,0.0,19.444444444444443,154,148,4.291882038116455,RoadOption.STRAIGHT,99.40927124023438,-6.348603248596191,1.5776161497143715,2.8,1.2,4.5,3.0,10.0,0.6,0.01,0.06,0.55,0.16,0.2,0.35,1.0,12,10.0,14.0,0.9,1.2,0.6,0.01,0.06,0.65,0.3,0.72,0.005,0.38,0.22,0.01,0.14,1.0,0.28
pid,ground_truth,curvy,400.0,0.05,0.1,1.0,66.96569164469838,99.9993667602539,-15.728984832763672,17.081487619904046,2.3629568245403973,-0.5375084148342613,-0.0008333031050860029,0.5375084148342613,0.0008333031050860029,-0.001927674631588161,0.005604019039310515,0.5542646050453186,0.0,19.444444444444443,155,149,4.42734956741333,RoadOption.STRAIGHT,99.40245056152344,-5.348626613616943,1.5776161497143715,2.8,1.2,4.5,3.0,10.0,0.6,0.01,0.06,0.55,0.16,0.2,0.35,1.0,12,10.0,14.0,0.9,1.2,0.6,0.01,0.06,0.65,0.3,0.72,0.005,0.38,0.22,0.01,0.14,1.0,0.28
pid,ground_truth,curvy,400.0,0.05,0.1,1.0,67.01569164544344,100.00147247314453,-14.874701499938965,17.08793320986292,2.3565112345815216,-0.5354040047148366,-0.00011624698158207991,0.5354040047148366,0.00011624698158207991,0.016697345301508904,0.018625019933097064,0.5503848195075989,0.0,19.444444444444443,156,150,4.56243896484375,RoadOption.STRAIGHT,99.3956298828125,-4.348650932312012,1.5776161497143715,2.8,1.2,4.5,3.0,10.0,0.6,0.01,0.06,0.55,0.16,0.2,0.35,1.0,12,10.0,14.0,0.9,1.2,0.6,0.01,0.06,0.65,0.3,0.72,0.005,0.38,0.22,0.01,0.14,1.0,0.28
pid,ground_truth,curvy,400.0,0.05,0.1,1.0,67.0656916461885,99.9994888305664,-14.020228385925293,17.090239232248507,2.354205212195936,-0.5378824205912717,0.002311623826188658,0.5378824205912717,0.002311623826188658,0.011539990082383156,-0.005157355219125748,0.5614683032035828,0.0,19.444444444444443,157,151,4.706310272216797,RoadOption.STRAIGHT,99.38880920410156,-3.3486738204956055,1.5776161497143715,2.8,1.2,4.5,3.0,10.0,0.6,0.01,0.06,0.55,0.16,0.2,0.35,1.0,12,10.0,14.0,0.9,1.2,0.6,0.01,0.06,0.65,0.3,0.72,0.005,0.38,0.22,0.01,0.14,1.0,0.28
pid,ground_truth,curvy,400.0,0.05,0.1,1.0,67.11569164693356,99.99361419677734,-13.165679931640625,17.092235876573696,2.352208567870747,-0.5378366600130853,0.005438574420105091,0.5378366600130853,0.005438574420105091,0.003063988871872425,-0.00847600121051073,0.5618952512741089,0.0,19.444444444444443,158,152,4.85081148147583,RoadOption.STRAIGHT,99.38198852539062,-2.348696708679199,1.5776161497143715,2.8,1.2,4.5,3.0,10.0,0.6,0.01,0.06,0.55,0.16,0.2,0.35,1.0,12,10.0,14.0,0.9,1.2,0.6,0.01,0.06,0.65,0.3,0.72,0.005,0.38,0.22,0.01,0.14,1.0,0.28
pid,ground_truth,curvy,400.0,0.05,0.1,1.0,67.16569164767861,99.9852523803711,-12.311022758483887,17.09514959880113,2.349294845643314,-0.5353045095907686,0.007925567404075906,0.5353045095907686,0.007925567404075906,0.003909470979124308,0.0008454821072518826,0.5586864352226257,0.0,19.444444444444443,159,153,4.994976043701172,RoadOption.STRAIGHT,99.37516784667969,-1.3487194776535034,1.5776161497143715,2.8,1.2,4.5,3.0,10.0,0.6,0.01,0.06,0.55,0.16,0.2,0.35,1.0,12,10.0,14.0,0.9,1.2,0.6,0.01,0.06,0.65,0.3,0.72,0.005,0.38,0.22,0.01,0.14,1.0,0.28
pid,ground_truth,curvy,400.0,0.05,0.1,1.0,67.21569164842367,99.97481536865234,-11.456241607666016,17.097994779197755,2.3464496652466877,-0.5306980576135567,0.009758887498486413,0.5306980576135567,0.009758887498486413,0.04476011544466019,0.04085064446553588,0.5582523941993713,0.0,19.444444444444443,159,154,5.138853073120117,RoadOption.STRAIGHT,99.37516784667969,-1.3487194776535034,1.5776161497143715,2.8,1.2,4.5,3.0,10.0,0.6,0.01,0.06,0.55,0.16,0.2,0.35,1.0,12,10.0,14.0,0.9,1.2,0.6,0.01,0.06,0.65,0.3,0.72,0.005,0.38,0.22,0.01,0.14,1.0,0.28
pid,ground_truth,curvy,400.0,0.05,0.1,1.0,67.26569164916873,99.95941925048828,-10.601563453674316,17.0954353893803,2.349009055064144,-0.5211310059656478,0.014046443695459487,0.5211310059656478,0.014046443695459487,-0.018722698092460632,-0.06348281353712082,0.5739482641220093,0.0,19.444444444444443,160,154,4.288395404815674,RoadOption.STRAIGHT,99.36834716796875,-0.34874236583709717,1.5776161497143715,2.8,1.2,4.5,3.0,10.0,0.6,0.01,0.06,0.55,0.16,0.2,0.35,1.0,12,10.0,14.0,0.9,1.2,0.6,0.01,0.06,0.65,0.3,0.72,0.005,0.38,0.22,0.01,0.14,1.0,0.28
pid,ground_truth,curvy,400.0,0.05,0.1,1.0,67.31569164991379,99.94263458251953,-9.74689769744873,17.098040070858456,2.3464043735859867,-0.510176261639896,0.016889368159119122,0.510176261639896,0.016889368159119122,-0.011731624603271484,0.006991073489189148,0.5589158535003662,0.0,19.444444444444443,161,155,4.431319236755371,RoadOption.STRAIGHT,99.36153411865234,0.6512347459793091,1.5776161497143715,2.8,1.2,4.5,3.0,10.0,0.6,0.01,0.06,0.55,0.16,0.2,0.35,1.0,12,10.0,14.0,0.9,1.2,0.6,0.01,0.06,0.65,0.3,0.72,0.005,0.38,0.22,0.01,0.14,1.0,0.28
pid,ground_truth,curvy,400.0,0.05,0.1,1.0,67.36569165065885,99.9263687133789,-8.891997337341309,17.102928785531237,2.341515658913206,-0.49974191052602096,0.01678843435380495,0.49974191052602096,0.01678843435380495,0.010265006683766842,0.021996631287038326,0.5514450669288635,0.0,19.444444444444443,162,156,4.5742411613464355,RoadOption.STRAIGHT,99.3547134399414,1.6512118577957153,1.5776161497143715,2.8,1.2,4.5,3.0,10.0,0.6,0.01,0.06,0.55,0.16,0.2,0.35,1.0,12,10.0,14.0,0.9,1.2,0.6,0.01,0.06,0.65,0.3,0.72,0.005,0.38,0.22,0.01,0.14,1.0,0.28
pid,ground_truth,curvy,400.0,0.05,0.1,1.0,67.4156916514039,99.90834045410156,-8.036952018737793,17.10561690649327,2.338827537951172,-0.4875461890874887,0.017014536730352692,0.4875461890874887,0.017014536730352692,0.005423733498901129,-0.004841273184865713,0.5570152997970581,0.0,19.444444444444443,163,157,4.716976642608643,RoadOption.STRAIGHT,99.34789276123047,2.651188850402832,1.5776161497143715,2.8,1.2,4.5,3.0,10.0,0.6,0.01,0.06,0.55,0.16,0.2,0.35,1.0,12,10.0,14.0,0.9,1.2,0.6,0.01,0.06,0.65,0.3,0.72,0.005,0.38,0.22,0.01,0.14,1.0,0.28
pid,ground_truth,curvy,400.0,0.05,0.1,1.0,67.46569165214896,99.8885269165039,-7.18184757232666,17.10733952629408,2.337104918150363,-0.4735656340831686,0.017996311066210247,0.4735656340831686,0.017996311066210247,-0.003284984501078725,-0.008708717999979854,0.5593397617340088,0.0,19.444444444444443,164,158,4.859622478485107,RoadOption.STRAIGHT,99.34107208251953,3.6511659622192383,1.5776161497143715,2.8,1.2,4.5,3.0,10.0,0.6,0.01,0.06,0.55,0.16,0.2,0.35,1.0,12,10.0,14.0,0.9,1.2,0.6,0.01,0.06,0.65,0.3,0.72,0.005,0.38,0.22,0.01,0.14,1.0,0.28
pid,ground_truth,curvy,400.0,0.05,0.1,1.0,67.51569165289402,99.86823272705078,-6.3266730308532715,17.108996747973702,2.335447696470741,-0.4591049156201181,0.018517491691539156,0.4591049156201181,0.018517491691539156,-0.0014795147581025958,0.001805469742976129,0.5591582655906677,0.0,19.444444444444443,165,159,5.002313137054443,RoadOption.STRAIGHT,99.3342514038086,4.651139259338379,1.5776161497143715,2.8,1.2,4.5,3.0,10.0,0.6,0.01,0.06,0.55,0.16,0.2,0.35,1.0,12,10.0,14.0,0.9,1.2,0.6,0.01,0.06,0.65,0.3,0.72,0.005,0.38,0.22,0.01,0.14,1.0,0.28
pid,ground_truth,curvy,400.0,0.05,0.1,1.0,67.56569165363908,99.84770202636719,-5.4714155197143555,17.11080877059479,2.3336356738496526,-0.44440825807366485,0.018549715940729072,0.44440825807366485,0.018549715940729072,0.03384130820631981,0.035320822964422405,0.5583261847496033,0.0,19.444444444444443,165,160,5.145052433013916,RoadOption.STRAIGHT,99.3342514038086,4.651139259338379,1.5776161497143715,2.8,1.2,4.5,3.0,10.0,0.6,0.01,0.06,0.55,0.16,0.2,0.35,1.0,12,10.0,14.0,0.9,1.2,0.6,0.01,0.06,0.65,0.3,0.72,0.005,0.38,0.22,0.01,0.14,1.0,0.28
pid,ground_truth,curvy,400.0,0.05,0.1,1.0,67.61569165438414,99.82402038574219,-4.61625337600708,17.109451691995826,2.334992752448617,-0.42655917734240195,0.02103404576360912,0.42655917734240195,0.02103404576360912,-0.021936800330877304,-0.05577810853719711,0.5674982070922852,0.0,19.444444444444443,166,160,4.291769981384277,RoadOption.STRAIGHT,99.32743072509766,5.651116371154785,1.5776161497143715,2.8,1.2,4.5,3.0,10.0,0.6,0.01,0.06,0.55,0.16,0.2,0.35,1.0,12,10.0,14.0,0.9,1.2,0.6,0.01,0.06,0.65,0.3,0.72,0.005,0.38,0.22,0.01,0.14,1.0,0.28
pid,ground_truth,curvy,400.0,0.05,0.1,1.0,67.6656916551292,99.80055236816406,-3.761091947555542,17.11032859746517,2.334115846979273,-0.40891698672948995,0.022182800299814787,0.40891698672948995,0.022182800299814787,-0.013602083548903465,0.008334716781973839,0.5610501766204834,0.0,19.444444444444443,167,161,4.434114456176758,RoadOption.STRAIGHT,99.32061004638672,6.651093482971191,1.5776161497143715,2.8,1.2,4.5,3.0,10.0,0.6,0.01,0.06,0.55,0.16,0.2,0.35,1.0,12,10.0,14.0,0.9,1.2,0.6,0.01,0.06,0.65,0.3,0.72,0.005,0.38,0.22,0.01,0.14,1.0,0.28
pid,ground_truth,curvy,400.0,0.05,0.1,1.0,67.71569165587425,99.7787094116211,-2.9057536125183105,17.113705068501726,2.3307393759427164,-0.39290865504044475,0.020855347654465284,0.39290865504044475,0.020855347654465284,0.006331474520266056,0.01993355806916952,0.5533085465431213,0.0,19.444444444444443,168,162,4.576648235321045,RoadOption.STRAIGHT,99.31378936767578,7.651070594787598,1.5776161497143715,2.8,1.2,4.5,3.0,10.0,0.6,0.01,0.06,0.55,0.16,0.2,0.35,1.0,12,10.0,14.0,0.9,1.2,0.6,0.01,0.06,0.65,0.3,0.72,0.005,0.38,0.22,0.01,0.14,1.0,0.28
pid,ground_truth,curvy,400.0,0.05,0.1,1.0,67.76569165661931,99.75628662109375,-2.0502805709838867,17.116200143169735,2.328244301274708,-0.3763214223313228,0.020018715598016712,0.3763214223313228,0.020018715598016712,0.0017288477392867208,-0.004602626780979335,0.555227518081665,0.0,19.444444444444443,169,163,4.719174385070801,RoadOption.STRAIGHT,99.30697631835938,8.651047706604004,1.5776161497143715,2.8,1.2,4.5,3.0,10.0,0.6,0.01,0.06,0.55,0.16,0.2,0.35,1.0,12,10.0,14.0,0.9,1.2,0.6,0.01,0.06,0.65,0.3,0.72,0.005,0.38,0.22,0.01,0.14,1.0,0.28
pid,ground_truth,curvy,400.0,0.05,0.1,1.0,67.81569165736437,99.73326873779297,-1.1947340965270996,17.117631870905115,2.3268125735393284,-0.35913961067025263,0.019955199206018293,0.35913961067025263,0.019955199206018293,-0.005577294155955315,-0.007306141895242035,0.5578899383544922,0.0,19.444444444444443,170,164,4.861745357513428,RoadOption.STRAIGHT,99.30015563964844,9.65102481842041,1.5776161497143715,2.8,1.2,4.5,3.0,10.0,0.6,0.01,0.06,0.55,0.16,0.2,0.35,1.0,12,10.0,14.0,0.9,1.2,0.6,0.01,0.06,0.65,0.3,0.72,0.005,0.38,0.22,0.01,0.14,1.0,0.28
pid,ground_truth,curvy,400.0,0.05,0.1,1.0,67.86569165810943,99.710693359375,-0.33912283182144165,17.118564562491148,2.325879881953295,-0.34240076147154447,0.019556390832779158,0.34240076147154447,0.019556390832779158,-0.003439890453591943,0.002137403702363372,0.55908203125,0.0,19.444444444444443,171,165,5.004440784454346,RoadOption.STRAIGHT,99.2933349609375,10.651001930236816,1.5776161497143715,2.8,1.2,4.5,3.0,10.0,0.6,0.01,0.06,0.55,0.16,0.2,0.35,1.0,12,10.0,14.0,0.9,1.2,0.6,0.01,0.06,0.65,0.3,0.72,0.005,0.38,0.22,0.01,0.14,1.0,0.28
pid,ground_truth,curvy,400.0,0.05,0.1,1.0,67.91569165885448,99.6886978149414,0.5165553689002991,17.11971398849136,2.324730455953084,-0.3262421632461085,0.01882295626857111,0.3262421632461085,0.01882295626857111,0.023092523217201233,0.026532413670793176,0.5582222938537598,0.0,19.444444444444443,171,166,5.1472554206848145,RoadOption.STRAIGHT,99.2933349609375,10.651001930236816,1.5776161497143715,2.8,1.2,4.5,3.0,10.0,0.6,0.01,0.06,0.55,0.16,0.2,0.35,1.0,12,10.0,14.0,0.9,1.2,0.6,0.01,0.06,0.65,0.3,0.72,0.005,0.38,0.22,0.01,0.14,1.0,0.28
pid,ground_truth,curvy,400.0,0.05,0.1,1.0,67.96569165959954,99.66494750976562,1.372200846672058,17.11953659063119,2.3249078538132544,-0.30832771578803114,0.020022444023542807,0.30832771578803114,0.020022444023542807,-0.01856170780956745,-0.041654231026768684,0.561976432800293,0.0,19.444444444444443,172,166,4.292206764221191,RoadOption.STRAIGHT,99.28651428222656,11.650979042053223,1.5776161497143715,2.8,1.2,4.5,3.0,10.0,0.6,0.01,0.06,0.55,0.16,0.2,0.35,1.0,12,10.0,14.0,0.9,1.2,0.6,0.01,0.06,0.65,0.3,0.72,0.005,0.38,0.22,0.01,0.14,1.0,0.28
pid,ground_truth,curvy,400.0,0.05,0.1,1.0,68.0156916603446,99.6419677734375,2.2278738021850586,17.119957197483078,2.3244872469613647,-0.29118491278423275,0.020256136409197545,0.29118491278423275,0.020256136409197545,-0.011854158714413643,0.006707549095153809,0.5602095127105713,0.0,19.444444444444443,173,167,4.434878349304199,RoadOption.STRAIGHT,99.27969360351562,12.650954246520996,1.5776161497143715,2.8,1.2,4.5,3.0,10.0,0.6,0.01,0.06,0.55,0.16,0.2,0.35,1.0,12,10.0,14.0,0.9,1.2,0.6,0.01,0.06,0.65,0.3,0.72,0.005,0.38,0.22,0.01,0.14,1.0,0.28
pid,ground_truth,curvy,400.0,0.05,0.1,1.0,68.06569166108966,99.62076568603516,3.083667278289795,17.121955653878025,2.3224887905664175,-0.27582053928988615,0.018685803472432205,0.27582053928988615,0.018685803472432205,0.003367316909134388,0.01522147562354803,0.5553518533706665,0.0,19.444444444444443,174,168,4.5777082443237305,RoadOption.STRAIGHT,99.27287292480469,13.650931358337402,1.5776161497143715,2.8,1.2,4.5,3.0,10.0,0.6,0.01,0.06,0.55,0.16,0.2,0.35,1.0,12,10.0,14.0,0.9,1.2,0.6,0.01,0.06,0.65,0.3,0.72,0.005,0.38,0.22,0.01,0.14,1.0,0.28
pid,ground_truth,curvy,400.0,0.05,0.1,1.0,68.11569166183472,99.599609375,3.939561128616333,17.123741982228218,2.320702462216225,-0.2604949964102038,0.01756261528269132,0.2604949964102038,0.01756261528269132,-9.881601727101952e-05,-0.0034661329264054075,0.5555528402328491,0.0,19.444444444444443,175,169,4.720566272735596,RoadOption.STRAIGHT,99.26605224609375,14.650908470153809,1.5776161497143715,2.8,1.2,4.5,3.0,10.0,0.6,0.01,0.06,0.55,0.16,0.2,0.35,1.0,12,10.0,14.0,0.9,1.2,0.6,0.01,0.06,0.65,0.3,0.72,0.005,0.38,0.22,0.01,0.14,1.0,0.28
pid,ground_truth,curvy,400.0,0.05,0.1,1.0,68.16569166257977,99.57843780517578,4.795521259307861,17.1248129181574,2.3196315262870435,-0.2451622763302594,0.017070329955189756,0.2451622763302594,0.017070329955189756,-0.005442644469439983,-0.005343828452168964,0.5573202967643738,0.0,19.444444444444443,176,170,4.863471984863281,RoadOption.STRAIGHT,99.25923156738281,15.650885581970215,1.5776161497143715,2.8,1.2,4.5,3.0,10.0,0.6,0.01,0.06,0.55,0.16,0.2,0.35,1.0,12,10.0,14.0,0.9,1.2,0.6,0.01,0.06,0.65,0.3,0.72,0.005,0.38,0.22,0.01,0.14,1.0,0.28
pid,ground_truth,curvy,400.0,0.05,0.1,1.0,68.21569166332483,99.5580062866211,5.65153694152832,17.125444578687794,2.3189998657566484,-0.2305699691586799,0.01636405963410059,0.2305699691586799,0.01636405963410059,0.0138061149045825,0.019248759374022484,0.5584113001823425,0.0,19.444444444444443,176,171,5.006466388702393,RoadOption.STRAIGHT,99.25923156738281,15.650885581970215,1.5776161497143715,2.8,1.2,4.5,3.0,10.0,0.6,0.01,0.06,0.55,0.16,0.2,0.35,1.0,12,10.0,14.0,0.9,1.2,0.6,0.01,0.06,0.65,0.3,0.72,0.005,0.38,0.22,0.01,0.14,1.0,0.28
pid,ground_truth,curvy,400.0,0.05,0.1,1.0,68.26569166406989,99.53689575195312,6.507553577423096,17.125711004371567,2.318733440072876,-0.21529776203386286,0.016803348055909773,0.21529776203386286,0.016803348055909773,-0.014055521227419376,-0.027861636132001877,0.5593753457069397,0.0,19.444444444444443,177,171,4.150600910186768,RoadOption.STRAIGHT,99.25241088867188,16.650863647460938,1.5776161497143715,2.8,1.2,4.5,3.0,10.0,0.6,0.01,0.06,0.55,0.16,0.2,0.35,1.0,12,10.0,14.0,0.9,1.2,0.6,0.01,0.06,0.65,0.3,0.72,0.005,0.38,0.22,0.01,0.14,1.0,0.28
pid,ground_truth,curvy,400.0,0.05,0.1,1.0,68.31569166481495,99.51663970947266,7.363606929779053,17.126078784347325,2.3183656600971183,-0.20088118375748515,0.016557138813131367,0.20088118375748515,0.016557138813131367,-0.008879696018993855,0.005175825208425522,0.5590106844902039,0.0,19.444444444444443,178,172,4.293544292449951,RoadOption.STRAIGHT,99.24559783935547,17.65083885192871,1.5776161497143715,2.8,1.2,4.5,3.0,10.0,0.6,0.01,0.06,0.55,0.16,0.2,0.35,1.0,12,10.0,14.0,0.9,1.2,0.6,0.01,0.06,0.65,0.3,0.72,0.005,0.38,0.22,0.01,0.14,1.0,0.28
pid,ground_truth,curvy,400.0,0.05,0.1,1.0,68.36569166556,99.49787139892578,8.21973991394043,17.127300955823284,2.3171434886211593,-0.18795285889592164,0.01513021710106699,0.18795285889592164,0.01513021710106699,0.0014789891429245472,0.010358685161918402,0.556349515914917,0.0,19.444444444444443,179,173,4.436582565307617,RoadOption.STRAIGHT,99.23877716064453,18.650815963745117,1.5776161497143715,2.8,1.2,4.5,3.0,10.0,0.6,0.01,0.06,0.55,0.16,0.2,0.35,1.0,12,10.0,14.0,0.9,1.2,0.6,0.01,0.06,0.65,0.3,0.72,0.005,0.38,0.22,0.01,0.14,1.0,0.28
pid,ground_truth,curvy,400.0,0.05,0.1,1.0,68.41569166630507,99.47940826416016,9.075944900512695,17.128495569649377,2.3159488747950654,-0.17533018075098175,0.01406828161639817,0.17533018075098175,0.01406828161639817,-0.001037181937135756,-0.002516171080060303,0.5561638474464417,0.0,19.444444444444443,180,174,4.579646587371826,RoadOption.STRAIGHT,99.2319564819336,19.650793075561523,1.5776161497143715,2.8,1.2,4.5,3.0,10.0,0.6,0.01,0.06,0.55,0.16,0.2,0.35,1.0,12,10.0,14.0,0.9,1.2,0.6,0.01,0.06,0.65,0.3,0.72,0.005,0.38,0.22,0.01,0.14,1.0,0.28
pid,ground_truth,curvy,400.0,0.05,0.1,1.0,68.46569166705012,99.46119689941406,9.932201385498047,17.12927807117826,2.315166373266184,-0.16295961797802136,0.013456020881788877,0.16295961797802136,0.013456020881788877,-0.00453468831256032,-0.003497506375424564,0.5571455955505371,0.0,19.444444444444443,181,175,4.72274112701416,RoadOption.STRAIGHT,99.22513580322266,20.65077018737793,1.5776161497143715,2.8,1.2,4.5,3.0,10.0,0.6,0.01,0.06,0.55,0.16,0.2,0.35,1.0,12,10.0,14.0,0.9,1.2,0.6,0.01,0.06,0.65,0.3,0.72,0.005,0.38,0.22,0.01,0.14,1.0,0.28
pid,ground_truth,curvy,400.0,0.05,0.1,1.0,68.51569166779518,99.44376373291016,10.788503646850586,17.129783379845538,2.314661064598905,-0.15136754753462262,0.012712466305438763,0.15136754753462262,0.012712466305438763,-0.003094250801950693,0.0014404375106096268,0.5578105449676514,0.0,19.444444444444443,182,176,4.865882396697998,RoadOption.STRAIGHT,99.21831512451172,21.650747299194336,1.5776161497143715,2.8,1.2,4.5,3.0,10.0,0.6,0.01,0.06,0.55,0.16,0.2,0.35,1.0,12,10.0,14.0,0.9,1.2,0.6,0.01,0.06,0.65,0.3,0.72,0.005,0.38,0.22,0.01,0.14,1.0,0.28
pid,ground_truth,curvy,400.0,0.05,0.1,1.0,68.56569166854024,99.42707061767578,11.644845962524414,17.1303655994949,2.3140788449495417,-0.14051577780835656,0.011859322650232151,0.14051577780835656,0.011859322650232151,0.008883155882358551,0.011977406684309244,0.5574671030044556,0.0,19.444444444444443,182,177,5.009064197540283,RoadOption.STRAIGHT,99.21831512451172,21.650747299194336,1.5776161497143715,2.8,1.2,4.5,3.0,10.0,0.6,0.01,0.06,0.55,0.16,0.2,0.35,1.0,12,10.0,14.0,0.9,1.2,0.6,0.01,0.06,0.65,0.3,0.72,0.005,0.38,0.22,0.01,0.14,1.0,0.28
pid,ground_truth,curvy,400.0,0.05,0.1,1.0,68.6156916692853,99.41001892089844,12.50120735168457,17.130809235828586,2.3136352086158567,-0.1293046653242819,0.011941747485969767,0.1293046653242819,0.011941747485969767,-0.00994583498686552,-0.01882899086922407,0.557757556438446,0.0,19.444444444444443,183,177,4.152648448944092,RoadOption.STRAIGHT,99.21149444580078,22.65072250366211,1.5776161497143715,2.8,1.2,4.5,3.0,10.0,0.6,0.01,0.06,0.55,0.16,0.2,0.35,1.0,12,10.0,14.0,0.9,1.2,0.6,0.01,0.06,0.65,0.3,0.72,0.005,0.38,0.22,0.01,0.14,1.0,0.28
pid,ground_truth,curvy,400.0,0.05,0.1,1.0,68.66569167003036,99.3937759399414,13.3576021194458,17.131133290017623,2.3133111544268203,-0.11889576741311418,0.011597400757022314,0.11889576741311418,0.011597400757022314,-0.006437891162931919,0.0035079438239336014,0.5580211281776428,0.0,19.444444444444443,184,178,4.295793533325195,RoadOption.STRAIGHT,99.20467376708984,23.650699615478516,1.5776161497143715,2.8,1.2,4.5,3.0,10.0,0.6,0.01,0.06,0.55,0.16,0.2,0.35,1.0,12,10.0,14.0,0.9,1.2,0.6,0.01,0.06,0.65,0.3,0.72,0.005,0.38,0.22,0.01,0.14,1.0,0.28
pid,ground_truth,curvy,400.0,0.05,0.1,1.0,68.71569167077541,99.37873077392578,14.214046478271484,17.131837782748697,2.312606661695746,-0.10969261099737104,0.010476476254208222,0.10969261099737104,0.010476476254208222,0.0006407062173821032,0.007078597380314022,0.556800901889801,0.0,19.444444444444443,185,179,4.438976764678955,RoadOption.STRAIGHT,99.1978530883789,24.650676727294922,1.5776161497143715,2.8,1.2,4.5,3.0,10.0,0.6,0.01,0.06,0.55,0.16,0.2,0.35,1.0,12,10.0,14.0,0.9,1.2,0.6,0.01,0.06,0.65,0.3,0.72,0.005,0.38,0.22,0.01,0.14,1.0,0.28
pid,ground_truth,curvy,400.0,0.05,0.1,1.0,68.76569167152047,99.36399841308594,15.070535659790039,17.132576852380446,2.3118675920639973,-0.10080255816361404,0.009624397863437384,0.10080255816361404,0.009624397863437384,-0.0010649522300809622,-0.0017056584474630654,0.5565415024757385,0.0,19.444444444444443,186,180,4.582160472869873,RoadOption.STRAIGHT,99.1910400390625,25.650653839111328,1.5776161497143715,2.8,1.2,4.5,3.0,10.0,0.6,0.01,0.06,0.55,0.16,0.2,0.35,1.0,12,10.0,14.0,0.9,1.2,0.6,0.01,0.06,0.65,0.3,0.72,0.005,0.38,0.22,0.01,0.14,1.0,0.28
pid,ground_truth,curvy,400.0,0.05,0.1,1.0,68.81569167226553,99.34959411621094,15.927061080932617,17.133111103049337,2.3113333413951054,-0.09224080881150805,0.009092165119584994,0.09224080881150805,0.009092165119584994,-0.003340868977829814,-0.0022759167477488518,0.5569974184036255,0.0,19.444444444444443,187,181,4.725348472595215,RoadOption.STRAIGHT,99.18421936035156,26.6506290435791,1.5776161497143715,2.8,1.2,4.5,3.0,10.0,0.6,0.01,0.06,0.55,0.16,0.2,0.35,1.0,12,10.0,14.0,0.9,1.2,0.6,0.01,0.06,0.65,0.3,0.72,0.005,0.38,0.22,0.01,0.14,1.0,0.28
pid,ground_truth,curvy,400.0,0.05,0.1,1.0,68.86569167301059,99.33583068847656,16.783618927001953,17.13349220083564,2.310952243608803,-0.08432013482722242,0.008485497023265065,0.08432013482722242,0.008485497023265065,-0.0023120904807001352,0.0010287784971296787,0.5573424100875854,0.0,19.444444444444443,188,182,4.868546962738037,RoadOption.STRAIGHT,99.17739868164062,27.650606155395508,1.5776161497143715,2.8,1.2,4.5,3.0,10.0,0.6,0.01,0.06,0.55,0.16,0.2,0.35,1.0,12,10.0,14.0,0.9,1.2,0.6,0.01,0.06,0.65,0.3,0.72,0.005,0.38,0.22,0.01,0.14,1.0,0.28
pid,ground_truth,curvy,400.0,0.05,0.1,1.0,68.91569167375565,99.32266235351562,17.64020538330078,17.133903525666515,2.310540918777928,-0.07699474790041548,0.007820772015181277,0.07699474790041548,0.007820772015181277,0.004442922305315733,0.006755012786015868,0.5571672916412354,0.0,19.444444444444443,188,183,5.0117506980896,RoadOption.STRAIGHT,99.17739868164062,27.650606155395508,1.5776161497143715,2.8,1.2,4.5,3.0,10.0,0.6,0.01,0.06,0.55,0.16,0.2,0.35,1.0,12,10.0,14.0,0.9,1.2,0.6,0.01,0.06,0.65,0.3,0.72,0.005,0.38,0.22,0.01,0.14,1.0,0.28
pid,ground_truth,curvy,400.0,0.05,0.1,1.0,68.9656916745007,99.3094482421875,18.496810913085938,17.134294420578843,2.3101500238655994,-0.06962279660580876,0.0076991987114194416,0.06962279660580876,0.0076991987114194416,-0.0060238889418542385,-0.010466811247169971,0.5571385025978088,0.0,19.444444444444443,189,183,4.155066967010498,RoadOption.STRAIGHT,99.17057800292969,28.650583267211914,1.5776161497143715,2.8,1.2,4.5,3.0,10.0,0.6,0.01,0.06,0.55,0.16,0.2,0.35,1.0,12,10.0,14.0,0.9,1.2,0.6,0.01,0.06,0.65,0.3,0.72,0.005,0.38,0.22,0.01,0.14,1.0,0.28
pid,ground_truth,curvy,400.0,0.05,0.1,1.0,69.01569167524576,99.29684448242188,19.35344123840332,17.13459495472902,2.309849489715422,-0.06286225791411336,0.00735165618916378,0.06286225791411336,0.00735165618916378,-0.00397173035889864,0.002052158582955599,0.5573253631591797,0.0,19.444444444444443,190,184,4.29824686050415,RoadOption.STRAIGHT,99.16375732421875,29.65056037902832,1.5776161497143715,2.8,1.2,4.5,3.0,10.0,0.6,0.01,0.06,0.55,0.16,0.2,0.35,1.0,12,10.0,14.0,0.9,1.2,0.6,0.01,0.06,0.65,0.3,0.72,0.005,0.38,0.22,0.01,0.14,1.0,0.28
pid,ground_truth,curvy,400.0,0.05,0.1,1.0,69.06569167599082,99.28501892089844,20.210102081298828,17.13501048576534,2.3094339586791044,-0.05688010749054685,0.006587062640202035,0.05688010749054685,0.006587062640202035,-1.3131514151609736e-06,0.003970417207483479,0.5569120049476624,0.0,19.444444444444443,191,185,4.44143009185791,RoadOption.STRAIGHT,99.15693664550781,30.650537490844727,1.5776161497143715,2.8,1.2,4.5,3.0,10.0,0.6,0.01,0.06,0.55,0.16,0.2,0.35,1.0,12,10.0,14.0,0.9,1.2,0.6,0.01,0.06,0.65,0.3,0.72,0.005,0.38,0.22,0.01,0.14,1.0,0.28
pid,ground_truth,curvy,400.0,0.05,0.1,1.0,69.11569167673588,99.2735366821289,21.066789627075195,17.135446462348813,2.3089979820956295,-0.05123382472734639,0.00598904981742443,0.05123382472734639,0.00598904981742443,-0.0008916864753700793,-0.0008903733239549183,0.5567588210105896,0.0,19.444444444444443,192,186,4.584606647491455,RoadOption.STRAIGHT,99.15011596679688,31.650514602661133,1.5776161497143715,2.8,1.2,4.5,3.0,10.0,0.6,0.01,0.06,0.55,0.16,0.2,0.35,1.0,12,10.0,14.0,0.9,1.2,0.6,0.01,0.06,0.65,0.3,0.72,0.005,0.38,0.22,0.01,0.14,1.0,0.28
pid,ground_truth,curvy,400.0,0.05,0.1,1.0,69.16569167748094,99.26232147216797,21.923498153686523,17.13580186016087,2.3086425842835716,-0.04586234987227034,0.005584648805895931,0.04586234987227034,0.005584648805895931,-0.0021677345503121614,-0.0012760480749420822,0.5569062829017639,0.0,19.444444444444443,193,187,4.727776527404785,RoadOption.STRAIGHT,99.14329528808594,32.650489807128906,1.5776161497143715,2.8,1.2,4.5,3.0,10.0,0.6,0.01,0.06,0.55,0.16,0.2,0.35,1.0,12,10.0,14.0,0.9,1.2,0.6,0.01,0.06,0.65,0.3,0.72,0.005,0.38,0.22,0.01,0.14,1.0,0.28
pid,ground_truth,curvy,400.0,0.05,0.1,1.0,69.215691678226,99.25157165527344,22.780231475830078,17.13608705567533,2.308357388769114,-0.04095641335307939,0.00514962144183162,0.04095641335307939,0.00514962144183162,-0.0015488200588151813,0.0006189144914969802,0.5570400953292847,0.0,19.444444444444443,194,188,4.8709397315979,RoadOption.STRAIGHT,99.136474609375,33.65046691894531,1.5776161497143715,2.8,1.2,4.5,3.0,10.0,0.6,0.01,0.06,0.55,0.16,0.2,0.35,1.0,12,10.0,14.0,0.9,1.2,0.6,0.01,0.06,0.65,0.3,0.72,0.005,0.38,0.22,0.01,0.14,1.0,0.28
pid,ground_truth,curvy,400.0,0.05,0.1,1.0,69.26569167897105,99.24124145507812,23.636981964111328,17.136375785986314,2.3080686584581294,-0.03647020084407369,0.004691158260174522,0.03647020084407369,0.004691158260174522,0.0017717116279527545,0.0033205316867679358,0.5569666624069214,0.0,19.444444444444443,194,189,5.014099597930908,RoadOption.STRAIGHT,99.136474609375,33.65046691894531,1.5776161497143715,2.8,1.2,4.5,3.0,10.0,0.6,0.01,0.06,0.55,0.16,0.2,0.35,1.0,12,10.0,14.0,0.9,1.2,0.6,0.01,0.06,0.65,0.3,0.72,0.005,0.38,0.22,0.01,0.14,1.0,0.28
pid,ground_truth,curvy,400.0,0.05,0.1,1.0,69.31569167971611,99.23099517822266,24.49374771118164,17.136662533754553,2.30778191068989,-0.03206710765046638,0.0045080659352318975,0.03206710765046638,0.0045080659352318975,-0.0032736461143940687,-0.005045357742346823,0.5569091439247131,0.0,19.444444444444443,195,189,4.157275199890137,RoadOption.STRAIGHT,99.1296615600586,34.65044403076172,1.5776161497143715,2.8,1.2,4.5,3.0,10.0,0.6,0.01,0.06,0.55,0.16,0.2,0.35,1.0,12,10.0,14.0,0.9,1.2,0.6,0.01,0.06,0.65,0.3,0.72,0.005,0.38,0.22,0.01,0.14,1.0,0.28
pid,ground_truth,curvy,400.0,0.05,0.1,1.0,69.36569168046117,99.22115325927734,25.35053253173828,17.136904755384645,2.307539689059798,-0.028069399174751576,0.004224971911356512,0.028069399174751576,0.004224971911356512,-0.002214229665696621,0.0010594164486974478,0.5569804906845093,0.0,19.444444444444443,196,190,4.300411224365234,RoadOption.STRAIGHT,99.12284088134766,35.650421142578125,1.5776161497143715,2.8,1.2,4.5,3.0,10.0,0.6,0.01,0.06,0.55,0.16,0.2,0.35,1.0,12,10.0,14.0,0.9,1.2,0.6,0.01,0.06,0.65,0.3,0.72,0.005,0.38,0.22,0.01,0.14,1.0,0.28
pid,ground_truth,curvy,400.0,0.05,0.1,1.0,69.41569168120623,99.2117919921875,26.207332611083984,17.1371654959658,2.3072789484786433,-0.024552435438426362,0.0037519945017581158,0.024552435438426362,0.0037519945017581158,-0.0002601813175715506,0.0019540483481250703,0.5568712949752808,0.0,19.444444444444443,197,191,4.443543910980225,RoadOption.STRAIGHT,99.11602020263672,36.650394439697266,1.5776161497143715,2.8,1.2,4.5,3.0,10.0,0.6,0.01,0.06,0.55,0.16,0.2,0.35,1.0,12,10.0,14.0,0.9,1.2,0.6,0.01,0.06,0.65,0.3,0.72,0.005,0.38,0.22,0.01,0.14,1.0,0.28
pid,ground_truth,curvy,400.0,0.05,0.1,1.0,69.46569168195128,99.20267486572266,27.064151763916016,17.137430950405857,2.3070134940385856,-0.02127973672642569,0.0033715619400402908,0.02127973672642569,0.0033715619400402908,-0.0006836035754531622,-0.0004234222578816116,0.5567997097969055,0.0,19.444444444444443,198,192,4.586664199829102,RoadOption.STRAIGHT,99.10919952392578,37.65037155151367,1.5776161497143715,2.8,1.2,4.5,3.0,10.0,0.6,0.01,0.06,0.55,0.16,0.2,0.35,1.0,12,10.0,14.0,0.9,1.2,0.6,0.01,0.06,0.65,0.3,0.72,0.005,0.38,0.22,0.01,0.14,1.0,0.28
pid,ground_truth,curvy,400.0,0.05,0.1,1.0,69.51569168269634,99.19378662109375,27.920982360839844,17.137664149747447,2.3067802946969955,-0.01823600558149143,0.0030940605544538258,0.01823600558149143,0.0030940605544538258,-0.0012579309986904263,-0.0005743274232372642,0.5568386912345886,0.0,19.444444444444443,199,193,4.7297773361206055,RoadOption.STRAIGHT,99.10237884521484,38.65034866333008,1.5776161497143715,2.8,1.2,4.5,3.0,10.0,0.6,0.01,0.06,0.55,0.16,0.2,0.35,1.0,12,10.0,14.0,0.9,1.2,0.6,0.01,0.06,0.65,0.3,0.72,0.005,0.38,0.22,0.01,0.14,1.0,0.28
pid,ground_truth,curvy,400.0,0.05,0.1,1.0,69.5656916834414,99.18519592285156,28.777828216552734,17.137869734120795,2.3065747103236482,-0.015489904957617436,0.0028104338983605537,0.015489904957617436,0.0028104338983605537,-0.0009353623609058559,0.00032256863778457046,0.5568708181381226,0.0,19.444444444444443,200,194,4.872882843017578,RoadOption.STRAIGHT,99.0955581665039,39.650325775146484,1.5776161497143715,2.8,1.2,4.5,3.0,10.0,0.6,0.01,0.06,0.55,0.16,0.2,0.35,1.0,12,10.0,14.0,0.9,1.2,0.6,0.01,0.06,0.65,0.3,0.72,0.005,0.38,0.22,0.01,0.14,1.0,0.28
pid,ground_truth,curvy,400.0,0.05,0.1,1.0,69.61569168418646,99.17684173583984,29.634689331054688,17.138068760849297,2.306375683595146,-0.012972784908488952,0.0025244103972861254,0.012972784908488952,0.0025244103972861254,0.0003067318757530302,0.001242094236658886,0.5568453669548035,0.0,19.444444444444443,200,195,5.015976905822754,RoadOption.STRAIGHT,99.0955581665039,39.650325775146484,1.5776161497143715,2.8,1.2,4.5,3.0,10.0,0.6,0.01,0.06,0.55,0.16,0.2,0.35,1.0,12,10.0,14.0,0.9,1.2,0.6,0.01,0.06,0.65,0.3,0.72,0.005,0.38,0.22,0.01,0.14,1.0,0.28
pid,ground_truth,curvy,400.0,0.05,0.1,1.0,69.66569168493152,99.16864776611328,30.491559982299805,17.13826666888236,2.306177775562084,-0.010622666539936269,0.002348375449232165,0.010622666539936269,0.002348375449232165,-0.0014989181654527783,-0.0018056500412058085,0.5568049550056458,0.0,19.444444444444443,201,195,4.159067153930664,RoadOption.STRAIGHT,99.08873748779297,40.65030288696289,1.5776161497143715,2.8,1.2,4.5,3.0,10.0,0.6,0.01,0.06,0.55,0.16,0.2,0.35,1.0,12,10.0,14.0,0.9,1.2,0.6,0.01,0.06,0.65,0.3,0.72,0.005,0.38,0.22,0.01,0.14,1.0,0.28
pid,ground_truth,curvy,400.0,0.05,0.1,1.0,69.71569168567657,99.16069793701172,31.34844207763672,17.138442157862723,2.3060022865817196,-0.008517667299240791,0.002145309416113683,0.008517667299240791,0.002145309416113683,-0.0010727171320468187,0.0004262010334059596,0.5568291544914246,0.0,19.444444444444443,202,196,4.302145957946777,RoadOption.STRAIGHT,99.08191680908203,41.6502799987793,1.5776161497143715,2.8,1.2,4.5,3.0,10.0,0.6,0.01,0.06,0.55,0.16,0.2,0.35,1.0,12,10.0,14.0,0.9,1.2,0.6,0.01,0.06,0.65,0.3,0.72,0.005,0.38,0.22,0.01,0.14,1.0,0.28
pid,ground_truth,curvy,400.0,0.05,0.1,1.0,69.76569168642163,99.15299224853516,32.20533752441406,17.138613355217007,2.3058310892274356,-0.0066569200751907635,0.0018828548906859588,0.0066569200751907635,0.0018828548906859588,-0.00035090421442873776,0.000721812917618081,0.5568034648895264,0.0,19.444444444444443,203,197,4.445211410522461,RoadOption.STRAIGHT,99.07510375976562,42.6502571105957,1.5776161497143715,2.8,1.2,4.5,3.0,10.0,0.6,0.01,0.06,0.55,0.16,0.2,0.35,1.0,12,10.0,14.0,0.9,1.2,0.6,0.01,0.06,0.65,0.3,0.72,0.005,0.38,0.22,0.01,0.14,1.0,0.28
pid,ground_truth,curvy,400.0,0.05,0.1,1.0,69.81569168716669,99.1454849243164,33.06223678588867,17.138781428023,2.305663016421441,-0.004994532496011825,0.0016620788363184147,0.004994532496011825,0.0016620788363184147,-0.00044130487367510796,-9.04006592463702e-05,0.5567752718925476,0.0,19.444444444444443,204,198,4.588278770446777,RoadOption.STRAIGHT,99.06828308105469,43.65023422241211,1.5776161497143715,2.8,1.2,4.5,3.0,10.0,0.6,0.01,0.06,0.55,0.16,0.2,0.35,1.0,12,10.0,14.0,0.9,1.2,0.6,0.01,0.06,0.65,0.3,0.72,0.005,0.38,0.22,0.01,0.14,1.0,0.28
pid,ground_truth,curvy,400.0,0.05,0.1,1.0,69.86569168791175,99.13812255859375,33.919151306152344,17.138939713558937,2.305504730885506,-0.003477204103363704,0.0014892396815726627,0.003477204103363704,0.0014892396815726627,-0.000650982663501054,-0.0002096777898259461,0.5567678213119507,0.0,19.444444444444443,205,199,4.731332778930664,RoadOption.STRAIGHT,99.06146240234375,44.65020751953125,1.5776161497143715,2.8,1.2,4.5,3.0,10.0,0.6,0.01,0.06,0.55,0.16,0.2,0.35,1.0,12,10.0,14.0,0.9,1.2,0.6,0.01,0.06,0.65,0.3,0.72,0.005,0.38,0.22,0.01,0.14,1.0,0.28
pid,ground_truth,curvy,400.0,0.05,0.1,1.0,69.9156916886568,99.13092803955078,34.77606964111328,17.139081327421575,2.3053631170228677,-0.002127744502503151,0.0013219931651153871,0.002127744502503151,0.0013219931651153871,-0.0005186612834222615,0.00013232138007879257,0.5567833781242371,0.0,19.444444444444443,206,200,4.874384880065918,RoadOption.STRAIGHT,99.05464172363281,45.650184631347656,1.5776161497143715,2.8,1.2,4.5,3.0,10.0,0.6,0.01,0.06,0.55,0.16,0.2,0.35,1.0,12,10.0,14.0,0.9,1.2,0.6,0.01,0.06,0.65,0.3,0.72,0.005,0.38,0.22,0.01,0.14,1.0,0.28
pid,ground_truth,curvy,400.0,0.05,0.1,1.0,69.96569168940187,99.12388610839844,35.63300323486328,17.13921613261147,2.3052283118329733,-0.0009309733052838345,0.0011598066547295893,0.0009309733052838345,0.0011598066547295893,-0.0003209297137800604,0.00019773156964220107,0.556772768497467,0.0,19.444444444444443,206,201,5.017423152923584,RoadOption.STRAIGHT,99.05464172363281,45.650184631347656,1.5776161497143715,2.8,1.2,4.5,3.0,10.0,0.6,0.01,0.06,0.55,0.16,0.2,0.35,1.0,12,10.0,14.0,0.9,1.2,0.6,0.01,0.06,0.65,0.3,0.72,0.005,0.38,0.22,0.01,0.14,1.0,0.28
pid,ground_truth,curvy,400.0,0.05,0.1,1.0,70.01569169014692,99.11697387695312,36.48993682861328,17.139347925617354,2.3050965188270887,0.00013700733530724873,0.0010213222780457443,0.00013700733530724873,0.0010213222780457443,-0.0005035598296672106,-0.00018263011588715017,0.5567522048950195,0.0,19.444444444444443,207,201,4.160462379455566,RoadOption.STRAIGHT,99.04782104492188,46.65016174316406,1.5776161497143715,2.8,1.2,4.5,3.0,10.0,0.6,0.01,0.06,0.55,0.16,0.2,0.35,1.0,12,10.0,14.0,0.9,1.2,0.6,0.01,0.06,0.65,0.3,0.72,0.005,0.38,0.22,0.01,0.14,1.0,0.28
pid,ground_truth,curvy,400.0,0.05,0.1,1.0,70.06569169089198,99.1102066040039,37.346885681152344,17.139470912880064,2.3049735315643787,0.001059022655118494,0.0008905610685223664,0.001059022655118494,0.0008905610685223664,-0.0004030491691082716,0.00010051066055893898,0.5567498207092285,0.0,19.444444444444443,208,202,4.303487777709961,RoadOption.STRAIGHT,99.04100036621094,47.65013885498047,1.5776161497143715,2.8,1.2,4.5,3.0,10.0,0.6,0.01,0.06,0.55,0.16,0.2,0.35,1.0,12,10.0,14.0,0.9,1.2,0.6,0.01,0.06,0.65,0.3,0.72,0.005,0.38,0.22,0.01,0.14,1.0,0.28
pid,ground_truth,curvy,400.0,0.05,0.1,1.0,70.11569169163704,99.10355377197266,38.20383071899414,17.13958516578017,2.3048592786642743,0.0018742549507419527,0.000764194074798219,0.0018742549507419527,0.000764194074798219,-0.0002983440936077386,0.00010470507550053298,0.5567491054534912,0.0,19.444444444444443,209,203,4.4465179443359375,RoadOption.STRAIGHT,99.0341796875,48.650115966796875,1.5776161497143715,2.8,1.2,4.5,3.0,10.0,0.6,0.01,0.06,0.55,0.16,0.2,0.35,1.0,12,10.0,14.0,0.9,1.2,0.6,0.01,0.06,0.65,0.3,0.72,0.005,0.38,0.22,0.01,0.14,1.0,0.28
pid,ground_truth,curvy,400.0,0.05,0.1,1.0,70.1656916923821,99.09700012207031,39.060791015625,17.139695249173556,2.3047491952708867,0.0025825741453867207,0.0006527407831784515,0.0025825741453867207,0.0006527407831784515,-0.00029682350577786565,1.5205878298729658e-06,0.5567365884780884,0.0,19.444444444444443,210,204,4.58953332901001,RoadOption.STRAIGHT,99.0273666381836,49.65009307861328,1.5776161497143715,2.8,1.2,4.5,3.0,10.0,0.6,0.01,0.06,0.55,0.16,0.2,0.35,1.0,12,10.0,14.0,0.9,1.2,0.6,0.01,0.06,0.65,0.3,0.72,0.005,0.38,0.22,0.01,0.14,1.0,0.28
pid,ground_truth,curvy,400.0,0.05,0.1,1.0,70.21569169312716,99.09054565429688,39.91775131225586,17.139799913079447,2.304644531364996,0.0031916875022377673,0.0005543369809002385,0.0031916875022377673,0.0005543369809002385,-0.0002742441720329225,2.2579333744943142e-05,0.556728720664978,0.0,19.444444444444443,211,205,4.732545852661133,RoadOption.STRAIGHT,99.02054595947266,50.65007019042969,1.5776161497143715,2.8,1.2,4.5,3.0,10.0,0.6,0.01,0.06,0.55,0.16,0.2,0.35,1.0,12,10.0,14.0,0.9,1.2,0.6,0.01,0.06,0.65,0.3,0.72,0.005,0.38,0.22,0.01,0.14,1.0,0.28
pid,ground_truth,curvy,400.0,0.05,0.1,1.0,70.26569169387221,99.08419036865234,40.774723052978516,17.13989822467672,2.3045462197677224,0.0037015690059369125,0.00046472161021871017,0.0037015690059369125,0.00046472161021871017,-0.00022851357061881572,4.5730601414106786e-05,0.5567249059677124,0.0,19.444444444444443,212,206,4.875551700592041,RoadOption.STRAIGHT,99.01372528076172,51.650047302246094,1.5776161497143715,2.8,1.2,4.5,3.0,10.0,0.6,0.01,0.06,0.55,0.16,0.2,0.35,1.0,12,10.0,14.0,0.9,1.2,0.6,0.01,0.06,0.65,0.3,0.72,0.005,0.38,0.22,0.01,0.14,1.0,0.28
pid,ground_truth,curvy,400.0,0.05,0.1,1.0,70.31569169461727,99.07789611816406,41.63170623779297,17.13999072651931,2.3044537179251314,0.00415033872667811,0.0003850930936257768,0.00415033872667811,0.0003850930936257768,-0.0005355147877708077,-0.000307001217151992,0.5567207932472229,0.0,19.444444444444443,212,207,5.018546104431152,RoadOption.STRAIGHT,99.01372528076172,51.650047302246094,1.5776161497143715,2.8,1.2,4.5,3.0,10.0,0.6,0.01,0.06,0.55,0.16,0.2,0.35,1.0,12,10.0,14.0,0.9,1.2,0.6,0.01,0.06,0.65,0.3,0.72,0.005,0.38,0.22,0.01,0.14,1.0,0.28
pid,ground_truth,curvy,400.0,0.05,0.1,1.0,70.36569169536233,99.07169342041016,42.488685607910156,17.14007780246549,2.3043666419789517,0.004508489991701385,0.0002880208718920585,0.004508489991701385,0.0002880208718920585,-1.371594589727465e-05,0.0005217988418735331,0.5567168593406677,0.0,19.444444444444443,213,207,4.161545276641846,RoadOption.STRAIGHT,99.00690460205078,52.6500244140625,1.5776161497143715,2.8,1.2,4.5,3.0,10.0,0.6,0.01,0.06,0.55,0.16,0.2,0.35,1.0,12,10.0,14.0,0.9,1.2,0.6,0.01,0.06,0.65,0.3,0.72,0.005,0.38,0.22,0.01,0.14,1.0,0.28
pid,ground_truth,curvy,400.0,0.05,0.1,1.0,70.41569169610739,99.06556701660156,43.34566879272461,17.140160793380343,2.3042836510641003,0.004789416936013202,0.0002097239358436198,0.004789416936013202,0.0002097239358436198,-5.405634146882221e-05,-4.034039557154756e-05,0.5567100048065186,0.0,19.444444444444443,214,208,4.304540634155273,RoadOption.STRAIGHT,99.00008392333984,53.64999771118164,-4.705568624832996,2.8,1.2,4.5,3.0,10.0,0.6,0.01,0.06,0.55,0.16,0.2,0.35,1.0,12,10.0,14.0,0.9,1.2,0.6,0.01,0.06,0.65,0.3,0.72,0.005,0.38,0.22,0.01,0.14,1.0,0.28
pid,ground_truth,curvy,400.0,0.05,0.1,1.0,70.46569169685245,99.05950164794922,44.20265197753906,17.1402391731655,2.304205271278942,0.005009310143441605,0.00016085492984085903,0.005009310143441605,0.00016085492984085903,-0.00020342682546470314,-0.00014937048399588093,0.5567057132720947,0.0,19.444444444444443,215,209,4.447536468505859,RoadOption.STRAIGHT,98.9932632446289,54.64997482299805,-4.705568624832996,2.8,1.2,4.5,3.0,10.0,0.6,0.01,0.06,0.55,0.16,0.2,0.35,1.0,12,10.0,14.0,0.9,1.2,0.6,0.01,0.06,0.65,0.3,0.72,0.005,0.38,0.22,0.01,0.14,1.0,0.28
pid,ground_truth,curvy,400.0,0.05,0.1,1.0,70.5156916975975,99.053466796875,45.05963897705078,17.1403121856001,2.3041322588443442,0.005206289684180548,0.00011558119130938849,0.005206289684180548,0.00011558119130938849,-0.00018116229330189526,2.2264532162807882e-05,0.5567046403884888,0.0,19.444444444444443,216,210,4.590528964996338,RoadOption.STRAIGHT,98.98644256591797,55.64995193481445,-4.705568624832996,2.8,1.2,4.5,3.0,10.0,0.6,0.01,0.06,0.55,0.16,0.2,0.35,1.0,12,10.0,14.0,0.9,1.2,0.6,0.01,0.06,0.65,0.3,0.72,0.005,0.38,0.22,0.01,0.14,1.0,0.28
pid,ground_truth,curvy,400.0,0.05,0.1,1.0,70.56569169834256,99.04750061035156,45.91664505004883,17.14038127995137,2.3040631644930727,0.005326846977024333,6.751113363367978e-05,0.005326846977024333,6.751113363367978e-05,-7.799966988386586e-05,0.0001031626234180294,0.5567004084587097,0.0,19.444444444444443,217,211,4.733502388000488,RoadOption.STRAIGHT,98.97962188720703,56.64992904663086,-4.705568624832996,2.8,1.2,4.5,3.0,10.0,0.6,0.01,0.06,0.55,0.16,0.2,0.35,1.0,12,10.0,14.0,0.9,1.2,0.6,0.01,0.06,0.65,0.3,0.72,0.005,0.38,0.22,0.01,0.14,1.0,0.28
pid,ground_truth,curvy,400.0,0.05,0.1,1.0,70.61569169908762,99.04158020019531,46.773651123046875,17.14044963515821,2.303994809286234,0.005401628967205557,2.64984528461909e-05,0.005401628967205557,2.64984528461909e-05,-7.49885875848122e-05,3.011082299053669e-06,0.5566874742507935,0.0,19.444444444444443,218,212,4.876476287841797,RoadOption.STRAIGHT,98.97280883789062,57.649906158447266,-4.705568624832996,2.8,1.2,4.5,3.0,10.0,0.6,0.01,0.06,0.55,0.16,0.2,0.35,1.0,12,10.0,14.0,0.9,1.2,0.6,0.01,0.06,0.65,0.3,0.72,0.005,0.38,0.22,0.01,0.14,1.0,0.28
pid,ground_truth,curvy,400.0,0.05,0.1,1.0,70.66569169983268,99.03569030761719,47.63065719604492,17.140512284134974,2.3039321603094685,0.005445894088945084,-5.459480234559777e-06,0.005445894088945084,5.459480234559777e-06,-0.0005037878872826695,-0.00042879929969785735,0.5566896796226501,0.0,19.444444444444443,218,213,5.0194501876831055,RoadOption.STRAIGHT,98.97280883789062,57.649906158447266,-4.705568624832996,2.8,1.2,4.5,3.0,10.0,0.6,0.01,0.06,0.55,0.16,0.2,0.35,1.0,12,10.0,14.0,0.9,1.2,0.6,0.01,0.06,0.65,0.3,0.72,0.005,0.38,0.22,0.01,0.14,1.0,0.28
pid,ground_truth,curvy,400.0,0.05,0.1,1.0,70.71569170057774,99.02986145019531,48.48766326904297,17.14056869249644,2.303875751948002,0.005430031608050209,-6.657902725226705e-05,0.005430031608050209,6.657902725226705e-05,0.0001969403529074043,0.0007007282401900738,0.556694746017456,0.0,19.444444444444443,219,213,4.1624250411987305,RoadOption.STRAIGHT,98.96598815917969,58.64988327026367,-4.705568624832996,2.8,1.2,4.5,3.0,10.0,0.6,0.01,0.06,0.55,0.16,0.2,0.35,1.0,12,10.0,14.0,0.9,1.2,0.6,0.01,0.06,0.65,0.3,0.72,0.005,0.38,0.22,0.01,0.14,1.0,0.28
pid,ground_truth,curvy,400.0,0.05,0.1,1.0,70.7656917013228,99.0240478515625,49.34467315673828,17.14062091202673,2.303823532417713,0.005400245716257648,-0.00010719223387667398,0.005400245716257648,0.00010719223387667398,8.240517490776256e-05,-0.00011453517799964175,0.5566949844360352,0.0,19.444444444444443,220,214,4.305391788482666,RoadOption.STRAIGHT,98.95916748046875,59.64986038208008,-4.705568624832996,2.8,1.2,4.5,3.0,10.0,0.6,0.01,0.06,0.55,0.16,0.2,0.35,1.0,12,10.0,14.0,0.9,1.2,0.6,0.01,0.06,0.65,0.3,0.72,0.005,0.38,0.22,0.01,0.14,1.0,0.28
pid,ground_truth,curvy,400.0,0.05,0.1,1.0,70.81569170206785,99.01824188232422,50.20167922973633,17.14067554885762,2.303768895586824,0.0053606656026790565,-0.00011438276881925447,0.0053606656026790565,0.00011438276881925447,-0.0001501676597399637,-0.00023257283464772627,0.5566761493682861,0.0,19.444444444444443,221,215,4.448366165161133,RoadOption.STRAIGHT,98.95234680175781,60.649837493896484,-4.705568624832996,2.8,1.2,4.5,3.0,10.0,0.6,0.01,0.06,0.55,0.16,0.2,0.35,1.0,12,10.0,14.0,0.9,1.2,0.6,0.01,0.06,0.65,0.3,0.72,0.005,0.38,0.22,0.01,0.14,1.0,0.28
pid,ground_truth,curvy,400.0,0.05,0.1,1.0,70.86569170281291,99.01246643066406,51.058685302734375,17.140726770295842,2.3037176741486007,0.005290568620769622,-0.00012689962594336635,0.005290568620769622,0.00012689962594336635,-7.180206739576533e-05,7.836559234419838e-05,0.5566744804382324,0.0,19.444444444444443,222,216,4.5913405418396,RoadOption.STRAIGHT,98.94552612304688,61.64981460571289,-4.705568624832996,2.8,1.2,4.5,3.0,10.0,0.6,0.01,0.06,0.55,0.16,0.2,0.35,1.0,12,10.0,14.0,0.9,1.2,0.6,0.01,0.06,0.65,0.3,0.72,0.005,0.38,0.22,0.01,0.14,1.0,0.28
pid,ground_truth,curvy,400.0,0.05,0.1,1.0,70.91569170355797,99.00672912597656,51.91569519042969,17.14077173514588,2.3036727092985636,0.005182299536056659,-0.00014580806968211846,0.005182299536056659,0.00014580806968211846,2.6205492758890614e-05,9.800756015465595e-05,0.5566821098327637,0.0,19.444444444444443,223,217,4.734311580657959,RoadOption.STRAIGHT,98.93870544433594,62.6497917175293,-4.705568624832996,2.8,1.2,4.5,3.0,10.0,0.6,0.01,0.06,0.55,0.16,0.2,0.35,1.0,12,10.0,14.0,0.9,1.2,0.6,0.01,0.06,0.65,0.3,0.72,0.005,0.38,0.22,0.01,0.14,1.0,0.28
pid,ground_truth,curvy,400.0,0.05,0.1,1.0,70.96569170430303,99.00100708007812,52.772727966308594,17.140815387930857,2.3036290565135857,0.00506624512992121,-0.00015739282042304126,0.00506624512992121,0.00015739282042304126,-6.3123034124146216e-06,-3.2517796171305235e-05,0.5566761493682861,0.0,19.444444444444443,224,218,4.877260208129883,RoadOption.STRAIGHT,98.93189239501953,63.6497688293457,-4.705568624832996,2.8,1.2,4.5,3.0,10.0,0.6,0.01,0.06,0.55,0.16,0.2,0.35,1.0,12,10.0,14.0,0.9,1.2,0.6,0.01,0.06,0.65,0.3,0.72,0.005,0.38,0.22,0.01,0.14,1.0,0.28
pid,ground_truth,curvy,400.0,0.05,0.1,1.0,71.01569170504808,98.99529266357422,53.6297607421875,17.14085613196563,2.303588312478812,0.004934932289620331,-0.00016351809093073655,0.004934932289620331,0.00016351809093073655,-0.00039499090053141117,-0.00038867859711899655,0.556675374507904,0.0,19.444444444444443,224,219,5.020208358764648,RoadOption.STRAIGHT,98.93189239501953,63.6497688293457,-4.705568624832996,2.8,1.2,4.5,3.0,10.0,0.6,0.01,0.06,0.55,0.16,0.2,0.35,1.0,12,10.0,14.0,0.9,1.2,0.6,0.01,0.06,0.65,0.3,0.72,0.005,0.38,0.22,0.01,0.14,1.0,0.28
pid,ground_truth,curvy,400.0,0.05,0.1,1.0,71.06569170579314,98.98960876464844,54.48678970336914,17.140895604149673,2.30354884029477,0.0047735021002103944,-0.00019813918510180883,0.0047735021002103944,0.00019813918510180883,0.00023955809592735022,0.0006345489964587614,0.5566702485084534,0.0,19.444444444444443,225,219,4.163161277770996,RoadOption.STRAIGHT,98.9250717163086,64.64974212646484,-4.705568624832996,2.8,1.2,4.5,3.0,10.0,0.6,0.01,0.06,0.55,0.16,0.2,0.35,1.0,12,10.0,14.0,0.9,1.2,0.6,0.01,0.06,0.65,0.3,0.72,0.005,0.38,0.22,0.01,0.14,1.0,0.28
pid,ground_truth,curvy,400.0,0.05,0.1,1.0,71.1156917065382,98.98392486572266,55.34382247924805,17.140932479858385,2.3035119645860576,0.0046116723915786695,-0.00021571604829695445,0.0046116723915786695,0.00021571604829695445,0.0001348657679045573,-0.00010469232802279294,0.5566693544387817,0.0,19.444444444444443,226,220,4.306109428405762,RoadOption.STRAIGHT,98.91825103759766,65.64971923828125,-4.705568624832996,2.8,1.2,4.5,3.0,10.0,0.6,0.01,0.06,0.55,0.16,0.2,0.35,1.0,12,10.0,14.0,0.9,1.2,0.6,0.01,0.06,0.65,0.3,0.72,0.005,0.38,0.22,0.01,0.14,1.0,0.28
pid,ground_truth,curvy,400.0,0.05,0.1,1.0,71.16569170728326,98.97821044921875,56.20085144042969,17.14097225912074,2.3034721853237023,0.004480385568667759,-0.0002046639297716979,0.004480385568667759,0.0002046639297716979,-0.00010475475573912263,-0.00023962052364367992,0.5566524863243103,0.0,19.444444444444443,227,221,4.449061393737793,RoadOption.STRAIGHT,98.91143035888672,66.64969635009766,-4.705568624832996,2.8,1.2,4.5,3.0,10.0,0.6,0.01,0.06,0.55,0.16,0.2,0.35,1.0,12,10.0,14.0,0.9,1.2,0.6,0.01,0.06,0.65,0.3,0.72,0.005,0.38,0.22,0.01,0.14,1.0,0.28
pid,ground_truth,curvy,400.0,0.05,0.1,1.0,71.21569170802832,98.97252655029297,57.057884216308594,17.141004608828986,2.303439835615457,0.004318555860036034,-0.0002006691881373257,0.004318555860036034,0.0002006691881373257,-1.9916235032724217e-05,8.483852070639841e-05,0.5566661953926086,0.0,19.444444444444443,228,222,4.592010021209717,RoadOption.STRAIGHT,98.90460968017578,67.64967346191406,-4.705568624832996,2.8,1.2,4.5,3.0,10.0,0.6,0.01,0.06,0.55,0.16,0.2,0.35,1.0,12,10.0,14.0,0.9,1.2,0.6,0.01,0.06,0.65,0.3,0.72,0.005,0.38,0.22,0.01,0.14,1.0,0.28
pid,ground_truth,curvy,400.0,0.05,0.1,1.0,71.26569170877337,98.96686553955078,57.9149169921875,17.141034513044698,2.303409931399745,0.004133838500156174,-0.00020479708782694672,0.004133838500156174,0.00020479708782694672,7.200904656201601e-05,9.192528159474023e-05,0.5566664338111877,0.0,19.444444444444443,229,223,4.734959125518799,RoadOption.STRAIGHT,98.89778900146484,68.64965057373047,-4.705568624832996,2.8,1.2,4.5,3.0,10.0,0.6,0.01,0.06,0.55,0.16,0.2,0.35,1.0,12,10.0,14.0,0.9,1.2,0.6,0.01,0.06,0.65,0.3,0.72,0.005,0.38,0.22,0.01,0.14,1.0,0.28
pid,ground_truth,curvy,400.0,0.05,0.1,1.0,71.31569170951843,98.96119689941406,58.77194595336914,17.141066614242934,2.3033778302015087,0.003964405591831699,-0.00020173445257398726,0.003964405591831699,0.00020173445257398726,2.0972993297618814e-05,-5.1036053264397196e-05,0.5566532611846924,0.0,19.444444444444443,230,224,4.87791109085083,RoadOption.STRAIGHT,98.8909683227539,69.64962768554688,-4.705568624832996,2.8,1.2,4.5,3.0,10.0,0.6,0.01,0.06,0.55,0.16,0.2,0.35,1.0,12,10.0,14.0,0.9,1.2,0.6,0.01,0.06,0.65,0.3,0.72,0.005,0.38,0.22,0.01,0.14,1.0,0.28
pid,ground_truth,curvy,400.0,0.05,0.1,1.0,71.36569171026349,98.95553588867188,59.62897872924805,17.141095300514714,2.3033491439297293,0.0037796622145618783,-0.00019587549817501326,0.0037796622145618783,0.00019587549817501326,-0.00027237238828092813,-0.00029334538157854695,0.5566564798355103,0.0,19.444444444444443,230,225,5.0208563804626465,RoadOption.STRAIGHT,98.8909683227539,69.64962768554688,-4.705568624832996,2.8,1.2,4.5,3.0,10.0,0.6,0.01,0.06,0.55,0.16,0.2,0.35,1.0,12,10.0,14.0,0.9,1.2,0.6,0.01,0.06,0.65,0.3,0.72,0.005,0.38,0.22,0.01,0.14,1.0,0.28
pid,ground_truth,curvy,400.0,0.05,0.1,1.0,71.41569171100855,98.94988250732422,60.48600769042969,17.14112114969113,2.303323294753312,0.0035877151568210926,-0.00021305288720618876,0.0035877151568210926,0.00021305288720618876,0.0002133875823346898,0.00048575997061561793,0.5566587448120117,0.0,19.444444444444443,231,225,4.163808822631836,RoadOption.STRAIGHT,98.88414764404297,70.64960479736328,-4.705568624832996,2.8,1.2,4.5,3.0,10.0,0.6,0.01,0.06,0.55,0.16,0.2,0.35,1.0,12,10.0,14.0,0.9,1.2,0.6,0.01,0.06,0.65,0.3,0.72,0.005,0.38,0.22,0.01,0.14,1.0,0.28
pid,ground_truth,curvy,400.0,0.05,0.1,1.0,71.4656917117536,98.9442138671875,61.343040466308594,17.14114427689583,2.3033001675486133,0.0034106270140239446,-0.0002175802610597799,0.0034106270140239446,0.0002175802610597799,0.0001202162093250081,-9.31713730096817e-05,0.5566613078117371,0.0,19.444444444444443,232,226,4.30675745010376,RoadOption.STRAIGHT,98.87732696533203,71.64958190917969,-4.705568624832996,2.8,1.2,4.5,3.0,10.0,0.6,0.01,0.06,0.55,0.16,0.2,0.35,1.0,12,10.0,14.0,0.9,1.2,0.6,0.01,0.06,0.65,0.3,0.72,0.005,0.38,0.22,0.01,0.14,1.0,0.28
pid,ground_truth,curvy,400.0,0.05,0.1,1.0,71.51569171249866,98.93852996826172,62.2000732421875,17.141169171208716,2.3032752732357267,0.0032487973053922196,-0.00020120182035654466,0.0032487973053922196,0.00020120182035654466,-5.7389348512515426e-05,-0.00017760555783752352,0.5566508769989014,0.0,19.444444444444443,233,227,4.449706077575684,RoadOption.STRAIGHT,98.87051391601562,72.6495590209961,-4.705568624832996,2.8,1.2,4.5,3.0,10.0,0.6,0.01,0.06,0.55,0.16,0.2,0.35,1.0,12,10.0,14.0,0.9,1.2,0.6,0.01,0.06,0.65,0.3,0.72,0.005,0.38,0.22,0.01,0.14,1.0,0.28
pid,ground_truth,curvy,400.0,0.05,0.1,1.0,71.56569171324372,98.93286895751953,63.05710220336914,17.141191904329343,2.3032525401151,0.0030641059629023214,-0.00019134812432142212,0.0030641059629023214,0.00019134812432142212,1.7954052964341827e-05,7.534340147685725e-05,0.5566518902778625,0.0,19.444444444444443,234,228,4.592658519744873,RoadOption.STRAIGHT,98.86369323730469,73.6495361328125,-4.705568624832996,2.8,1.2,4.5,3.0,10.0,0.6,0.01,0.06,0.55,0.16,0.2,0.35,1.0,12,10.0,14.0,0.9,1.2,0.6,0.01,0.06,0.65,0.3,0.72,0.005,0.38,0.22,0.01,0.14,1.0,0.28
pid,ground_truth,curvy,400.0,0.05,0.1,1.0,71.61569171398878,98.92720794677734,63.91413497924805,17.14121351316841,2.3032309312760333,0.0028793886030224654,-0.00018695390852485616,0.0028793886030224654,0.00018695390852485616,6.730206951033324e-05,4.934801654599141e-05,0.5566502809524536,0.0,19.444444444444443,235,229,4.735607624053955,RoadOption.STRAIGHT,98.85687255859375,74.6495132446289,-4.705568624832996,2.8,1.2,4.5,3.0,10.0,0.6,0.01,0.06,0.55,0.16,0.2,0.35,1.0,12,10.0,14.0,0.9,1.2,0.6,0.01,0.06,0.65,0.3,0.72,0.005,0.38,0.22,0.01,0.14,1.0,0.28
pid,ground_truth,curvy,400.0,0.05,0.1,1.0,71.66569171473384,98.9215087890625,64.77116394042969,17.141232413907467,2.303212030536976,0.0027328433459461246,-0.0001785649510903653,0.0027328433459461246,0.0001785649510903653,1.279499520023819e-05,-5.450707431009505e-05,0.5566537380218506,0.0,19.444444444444443,236,230,4.878559589385986,RoadOption.STRAIGHT,98.85005187988281,75.64949035644531,-4.705568624832996,2.8,1.2,4.5,3.0,10.0,0.6,0.01,0.06,0.55,0.16,0.2,0.35,1.0,12,10.0,14.0,0.9,1.2,0.6,0.01,0.06,0.65,0.3,0.72,0.005,0.38,0.22,0.01,0.14,1.0,0.28
pid,ground_truth,curvy,400.0,0.05,0.1,1.0,71.7156917154789,98.91580200195312,65.62820434570312,17.141251758608398,2.303192685836045,0.002593849253782615,-0.00016990967754715314,0.002593849253782615,0.00016990967754715314,-0.00018939202709589154,-0.00020218702229612973,0.5566482543945312,0.0,19.444444444444443,236,231,5.021500587463379,RoadOption.STRAIGHT,98.85005187988281,75.64949035644531,-4.705568624832996,2.8,1.2,4.5,3.0,10.0,0.6,0.01,0.06,0.55,0.16,0.2,0.35,1.0,12,10.0,14.0,0.9,1.2,0.6,0.01,0.06,0.65,0.3,0.72,0.005,0.38,0.22,0.01,0.14,1.0,0.28
pid,ground_truth,curvy,400.0,0.05,0.1,1.0,71.76569171622396,98.91012573242188,66.48526000976562,17.14127037992276,2.3031740645216843,0.0024246077255602218,-0.0001793638994165292,0.0024246077255602218,0.0001793638994165292,0.00018378607637714595,0.0003731781034730375,0.5566461682319641,0.0,19.444444444444443,237,231,4.164426326751709,RoadOption.STRAIGHT,98.84323120117188,76.64946746826172,-4.705568624832996,2.8,1.2,4.5,3.0,10.0,0.6,0.01,0.06,0.55,0.16,0.2,0.35,1.0,12,10.0,14.0,0.9,1.2,0.6,0.01,0.06,0.65,0.3,0.72,0.005,0.38,0.22,0.01,0.14,1.0,0.28
pid,ground_truth,curvy,400.0,0.05,0.1,1.0,71.81569171696901,98.90443420410156,67.34231567382812,17.141287106165628,2.3031573382788153,0.0022702511296714308,-0.0001793638994165292,0.0022702511296714308,0.0001793638994165292,0.00010900887718889862,-7.477719918824732e-05,0.556647777557373,0.0,19.444444444444443,238,232,4.307352066040039,RoadOption.STRAIGHT,98.83641052246094,77.6494369506836,-4.705568624832996,2.8,1.2,4.5,3.0,10.0,0.6,0.01,0.06,0.55,0.16,0.2,0.35,1.0,12,10.0,14.0,0.9,1.2,0.6,0.01,0.06,0.65,0.3,0.72,0.005,0.38,0.22,0.01,0.14,1.0,0.28
pid,ground_truth,curvy,400.0,0.05,0.1,1.0,71.86569171771407,98.89872741699219,68.19937133789062,17.141302560662027,2.3031418837824162,0.0021387821850307777,-0.00016152072011266227,0.0021387821850307777,0.00016152072011266227,-4.290826109354384e-05,-0.00015191713828244247,0.5566479563713074,0.0,19.444444444444443,239,233,4.450277328491211,RoadOption.STRAIGHT,98.82958984375,78.6494140625,-4.705568624832996,2.8,1.2,4.5,3.0,10.0,0.6,0.01,0.06,0.55,0.16,0.2,0.35,1.0,12,10.0,14.0,0.9,1.2,0.6,0.01,0.06,0.65,0.3,0.72,0.005,0.38,0.22,0.01,0.14,1.0,0.28
pid,ground_truth,curvy,400.0,0.05,0.1,1.0,71.91569171845913,98.89301300048828,69.05642700195312,17.141318311359548,2.303126133084895,0.002007313240390128,-0.00015046860158918207,0.002007313240390128,0.00015046860158918207,2.8735951218550326e-06,4.5781856215398875e-05,0.5566436648368835,0.0,19.444444444444443,240,234,4.593203067779541,RoadOption.STRAIGHT,98.82276916503906,79.6493911743164,-4.705568624832996,2.8,1.2,4.5,3.0,10.0,0.6,0.01,0.06,0.55,0.16,0.2,0.35,1.0,12,10.0,14.0,0.9,1.2,0.6,0.01,0.06,0.65,0.3,0.72,0.005,0.38,0.22,0.01,0.14,1.0,0.28
pid,ground_truth,curvy,400.0,0.05,0.1,1.0,71.96569171920419,98.8873062133789,69.91348266601562,17.141332085334213,2.30311235911023,0.00186821507866676,-0.00014580806968211846,0.00186821507866676,0.00014580806968211846,6.194734305609018e-05,5.9073747934235143e-05,0.5566461682319641,0.0,19.444444444444443,241,235,4.736128807067871,RoadOption.STRAIGHT,98.81594848632812,80.64936828613281,-4.705568624832996,2.8,1.2,4.5,3.0,10.0,0.6,0.01,0.06,0.55,0.16,0.2,0.35,1.0,12,10.0,14.0,0.9,1.2,0.6,0.01,0.06,0.65,0.3,0.72,0.005,0.38,0.22,0.01,0.14,1.0,0.28
pid,ground_truth,curvy,400.0,0.05,0.1,1.0,72.01569171994925,98.881591796875,70.77053833007812,17.141345347951074,2.3030990964933693,0.001736746134026107,-0.00013888385084825927,0.001736746134026107,0.00013888385084825927,4.170255488133989e-05,-2.0244788174750283e-05,0.5566446781158447,0.0,19.444444444444443,242,236,4.879054546356201,RoadOption.STRAIGHT,98.80912780761719,81.64934539794922,-4.705568624832996,2.8,1.2,4.5,3.0,10.0,0.6,0.01,0.06,0.55,0.16,0.2,0.35,1.0,12,10.0,14.0,0.9,1.2,0.6,0.01,0.06,0.65,0.3,0.72,0.005,0.38,0.22,0.01,0.14,1.0,0.28
pid,ground_truth,curvy,400.0,0.05,0.1,1.0,72.0656917206943,98.87588500976562,71.62759399414062,17.141357871431776,2.303086573012667,0.001597647972302739,-0.0001287638387061918,0.001597647972302739,0.0001287638387061918,-9.751251491252333e-05,-0.00013921506979386322,0.5566439628601074,0.0,19.444444444444443,242,237,5.021979808807373,RoadOption.STRAIGHT,98.80912780761719,81.64934539794922,-4.705568624832996,2.8,1.2,4.5,3.0,10.0,0.6,0.01,0.06,0.55,0.16,0.2,0.35,1.0,12,10.0,14.0,0.9,1.2,0.6,0.01,0.06,0.65,0.3,0.72,0.005,0.38,0.22,0.01,0.14,1.0,0.28
pid,ground_truth,curvy,400.0,0.05,0.1,1.0,72.11569172143936,98.87017059326172,72.48464965820312,17.141370943524656,2.303073500919787,0.00146655252949391,-0.0001287638387061918,0.00146655252949391,0.0001287638387061918,0.00010417419980512932,0.00020168671471765265,0.556639552116394,0.0,19.444444444444443,243,237,4.164905071258545,RoadOption.STRAIGHT,98.80230712890625,82.64932250976562,-4.705568624832996,2.8,1.2,4.5,3.0,10.0,0.6,0.01,0.06,0.55,0.16,0.2,0.35,1.0,12,10.0,14.0,0.9,1.2,0.6,0.01,0.06,0.65,0.3,0.72,0.005,0.38,0.22,0.01,0.14,1.0,0.28
pid,ground_truth,curvy,400.0,0.05,0.1,1.0,72.16569172218442,98.86444091796875,73.34170532226562,17.141379801407467,2.3030646430369757,0.001350289984238754,-0.00012490225512529207,0.001350289984238754,0.00012490225512529207,6.140696496004239e-05,-4.276723484508693e-05,0.5566494464874268,0.0,19.444444444444443,244,238,4.307823181152344,RoadOption.STRAIGHT,98.79549407958984,83.64929962158203,1.5776161497143715,2.8,1.2,4.5,3.0,10.0,0.6,0.01,0.06,0.55,0.16,0.2,0.35,1.0,12,10.0,14.0,0.9,1.2,0.6,0.01,0.06,0.65,0.3,0.72,0.005,0.38,0.22,0.01,0.14,1.0,0.28
pid,ground_truth,curvy,400.0,0.05,0.1,1.0,72.21569172292948,98.85868072509766,74.19876098632812,17.141392615694002,2.3030518287504407,0.001264596342094377,-0.00011385013660003551,0.001264596342094377,0.00011385013660003551,-1.3876487173547503e-05,-7.528345213358989e-05,0.5566354990005493,0.0,19.444444444444443,245,239,4.450748920440674,RoadOption.STRAIGHT,98.7886734008789,84.64927673339844,1.5776161497143715,2.8,1.2,4.5,3.0,10.0,0.6,0.01,0.06,0.55,0.16,0.2,0.35,1.0,12,10.0,14.0,0.9,1.2,0.6,0.01,0.06,0.65,0.3,0.72,0.005,0.38,0.22,0.01,0.14,1.0,0.28
pid,ground_truth,curvy,400.0,0.05,0.1,1.0,72.26569172367454,98.85292053222656,75.05581665039062,17.141405585103175,2.3030388593412674,0.0011789026999499928,-0.00010586065333129113,0.0011789026999499928,0.00010586065333129113,8.895701284927782e-06,2.2772188458475284e-05,0.5566322207450867,0.0,19.444444444444443,246,240,4.593674182891846,RoadOption.STRAIGHT,98.78185272216797,85.64925384521484,1.5776161497143715,2.8,1.2,4.5,3.0,10.0,0.6,0.01,0.06,0.55,0.16,0.2,0.35,1.0,12,10.0,14.0,0.9,1.2,0.6,0.01,0.06,0.65,0.3,0.72,0.005,0.38,0.22,0.01,0.14,1.0,0.28
pid,ground_truth,curvy,400.0,0.05,0.1,1.0,72.3156917244196,98.84716796875,75.91287231445312,17.141411827139972,2.3030326173044706,0.0010855798407229007,-0.00010133327947769999,0.0010855798407229007,0.00010133327947769999,4.268456177669577e-05,3.378886049176799e-05,0.5566496849060059,0.0,19.444444444444443,247,241,4.736599445343018,RoadOption.STRAIGHT,98.77503204345703,86.64923095703125,1.5776161497143715,2.8,1.2,4.5,3.0,10.0,0.6,0.01,0.06,0.55,0.16,0.2,0.35,1.0,12,10.0,14.0,0.9,1.2,0.6,0.01,0.06,0.65,0.3,0.72,0.005,0.38,0.22,0.01,0.14,1.0,0.28
pid,ground_truth,curvy,400.0,0.05,0.1,1.0,72.36569172516465,98.8414077758789,76.76992797851562,17.141420764507117,2.3030236799373256,0.0009998861985785201,-9.46753767525621e-05,0.0009998861985785201,9.46753767525621e-05,2.0847704945481382e-05,-2.183685683121439e-05,0.5566402077674866,0.0,19.444444444444443,248,242,4.8795247077941895,RoadOption.STRAIGHT,98.7682113647461,87.64920806884766,1.5776161497143715,2.8,1.2,4.5,3.0,10.0,0.6,0.01,0.06,0.55,0.16,0.2,0.35,1.0,12,10.0,14.0,0.9,1.2,0.6,0.01,0.06,0.65,0.3,0.72,0.005,0.38,0.22,0.01,0.14,1.0,0.28
pid,ground_truth,curvy,400.0,0.05,0.1,1.0,72.41569172590971,98.83563995361328,77.62698364257812,17.141427114221667,2.303017330222776,0.000921821773516858,-8.775115791870292e-05,0.000921821773516858,8.775115791870292e-05,-5.7190118241123855e-05,-7.803782318660524e-05,0.5566460490226746,0.0,19.444444444444443,248,243,5.022449970245361,RoadOption.STRAIGHT,98.7682113647461,87.64920806884766,1.5776161497143715,2.8,1.2,4.5,3.0,10.0,0.6,0.01,0.06,0.55,0.16,0.2,0.35,1.0,12,10.0,14.0,0.9,1.2,0.6,0.01,0.06,0.65,0.3,0.72,0.005,0.38,0.22,0.01,0.14,1.0,0.28
pid,ground_truth,curvy,400.0,0.05,0.1,1.0,72.46569172665477,98.82987976074219,78.48403930664062,17.14143737290791,2.303007071536534,0.0008365016332042945,-8.775115791870292e-05,0.0008365016332042945,8.775115791870292e-05,7.747086783638224e-05,0.0001346609860775061,0.5566328167915344,0.0,19.444444444444443,249,243,4.165375232696533,RoadOption.STRAIGHT,98.76139068603516,88.64918518066406,1.5776161497143715,2.8,1.2,4.5,3.0,10.0,0.6,0.01,0.06,0.55,0.16,0.2,0.35,1.0,12,10.0,14.0,0.9,1.2,0.6,0.01,0.06,0.65,0.3,0.72,0.005,0.38,0.22,0.01,0.14,1.0,0.28
pid,ground_truth,curvy,400.0,0.05,0.1,1.0,72.51569172739983,98.8241195678711,79.34109497070312,17.141445414700794,2.302999029743649,0.0007561424689241543,-8.349010017383307e-05,0.0007561424689241543,8.349010017383307e-05,4.533675382845104e-05,-3.21341140079312e-05,0.5566372871398926,0.0,19.444444444444443,250,244,4.308300018310547,RoadOption.STRAIGHT,98.75457763671875,89.64916229248047,1.5776161497143715,2.8,1.2,4.5,3.0,10.0,0.6,0.01,0.06,0.55,0.16,0.2,0.35,1.0,12,10.0,14.0,0.9,1.2,0.6,0.01,0.06,0.65,0.3,0.72,0.005,0.38,0.22,0.01,0.14,1.0,0.28
pid,ground_truth,curvy,400.0,0.05,0.1,1.0,72.56569172814488,98.81836700439453,80.19815063476562,17.141454073146495,2.3029903712979483,0.0006627434830196663,-7.430219441317831e-05,0.0006627434830196663,7.430219441317831e-05,1.3501799003279302e-05,-3.1834954825171735e-05,0.5566336512565613,0.0,19.444444444444443,251,245,4.451225280761719,RoadOption.STRAIGHT,98.74775695800781,90.64913940429688,1.5776161497143715,2.8,1.2,4.5,3.0,10.0,0.6,0.01,0.06,0.55,0.16,0.2,0.35,1.0,12,10.0,14.0,0.9,1.2,0.6,0.01,0.06,0.65,0.3,0.72,0.005,0.38,0.22,0.01,0.14,1.0,0.28
pid,ground_truth,curvy,400.0,0.05,0.1,1.0,72.61569172888994,98.8125991821289,81.05520629882812,17.14146010617669,2.302984338267752,0.0005846029313360292,-6.644586919746232e-05,0.0005846029313360292,6.644586919746232e-05,1.0752313755801879e-05,-2.7494852474774234e-06,0.5566396713256836,0.0,19.444444444444443,252,246,4.594151020050049,RoadOption.STRAIGHT,98.74093627929688,91.64911651611328,1.5776161497143715,2.8,1.2,4.5,3.0,10.0,0.6,0.01,0.06,0.55,0.16,0.2,0.35,1.0,12,10.0,14.0,0.9,1.2,0.6,0.01,0.06,0.65,0.3,0.72,0.005,0.38,0.22,0.01,0.14,1.0,0.28
pid,ground_truth,curvy,400.0,0.05,0.1,1.0,72.665691729635,98.8067855834961,81.9122543334961,17.141466257649927,2.3029781867945154,0.000552289713031312,-6.0054282581489815e-05,0.000552289713031312,6.0054282581489815e-05,0.002102759201079607,0.002092006887323805,0.5566380023956299,0.0,19.444444444444443,253,247,4.737083435058594,RoadOption.STRAIGHT,98.73179626464844,92.59030151367188,1.5888104810404107,2.8,1.2,4.5,3.0,10.0,0.6,0.01,0.06,0.55,0.16,0.2,0.35,1.0,12,10.0,14.0,0.9,1.2,0.6,0.01,0.06,0.65,0.3,0.72,0.005,0.38,0.22,0.01,0.14,1.0,0.28
pid,ground_truth,curvy,400.0,0.05,0.1,1.0,72.71569173038006,98.80081939697266,82.769287109375,17.141459279939458,2.3029851645049852,0.0006726648983678418,0.00010958907885694202,0.0006726648983678418,0.00010958907885694202,0.013549486175179482,0.011446726974099874,0.5566762685775757,0.0,19.444444444444443,254,248,4.880030155181885,RoadOption.STRAIGHT,98.7065658569336,93.48206329345703,1.6093549046376088,2.8,1.2,4.5,3.0,10.0,0.6,0.01,0.06,0.55,0.16,0.2,0.35,1.0,12,10.0,14.0,0.9,1.2,0.6,0.01,0.06,0.65,0.3,0.72,0.005,0.38,0.22,0.01,0.14,1.0,0.28
pid,ground_truth,curvy,400.0,0.05,0.1,1.0,72.76569173112512,98.79359436035156,83.6263198852539,17.14100840584527,2.3034360385991732,0.0020518609069247185,0.0013478258276888866,0.0020518609069247185,0.0013478258276888866,0.018925195559859276,0.005375709384679794,0.5580183863639832,0.0,19.444444444444443,255,249,5.022968769073486,RoadOption.STRAIGHT,98.66302490234375,94.37312316894531,1.6298991950767525,2.8,1.2,4.5,3.0,10.0,0.6,0.01,0.06,0.55,0.16,0.2,0.35,1.0,12,10.0,14.0,0.9,1.2,0.6,0.01,0.06,0.65,0.3,0.72,0.005,0.38,0.22,0.01,0.14,1.0,0.28
pid,ground_truth,curvy,400.0,0.05,0.1,1.0,72.81569173187017,98.78419494628906,84.48329162597656,17.140467661316755,2.3039767831276876,0.005613429254794414,0.004084623321908953,0.005613429254794414,0.004084623321908953,0.020264320075511932,0.0013391245156526566,0.5583889484405518,0.0,19.444444444444443,256,250,5.165956020355225,RoadOption.STRAIGHT,98.6011734008789,95.26311492919922,1.6504434855158965,2.8,1.2,4.5,3.0,10.0,0.6,0.01,0.06,0.55,0.16,0.2,0.35,1.0,12,10.0,14.0,0.9,1.2,0.6,0.01,0.06,0.65,0.3,0.72,0.005,0.38,0.22,0.01,0.14,1.0,0.28
pid,ground_truth,curvy,400.0,0.05,0.1,1.0,72.86569173261523,98.771728515625,85.34037017822266,17.140874577042094,2.3035698674023486,0.012233585233916058,0.008008125397868326,0.012233585233916058,0.008008125397868326,0.023357676342129707,0.003093356266617775,0.5556460022926331,0.0,19.444444444444443,257,251,5.308823585510254,RoadOption.STRAIGHT,98.52106475830078,96.1516342163086,1.6709877759550402,2.8,1.2,4.5,3.0,10.0,0.6,0.01,0.06,0.55,0.16,0.2,0.35,1.0,12,10.0,14.0,0.9,1.2,0.6,0.01,0.06,0.65,0.3,0.72,0.005,0.38,0.22,0.01,0.14,1.0,0.28
pid,ground_truth,curvy,400.0,0.05,0.1,1.0,72.91569173336029,98.7569351196289,86.19715881347656,17.140294948074438,2.3041494963700053,0.021182629598939386,0.012823120648731479,0.021182629598939386,0.012823120648731479,0.029502717778086662,0.006145041435956955,0.5585358738899231,0.0,19.444444444444443,258,252,5.451981544494629,RoadOption.STRAIGHT,98.42272186279297,97.03832244873047,1.691532066394184,2.8,1.2,4.5,3.0,10.0,0.6,0.01,0.06,0.55,0.16,0.2,0.35,1.0,12,10.0,14.0,0.9,1.2,0.6,0.01,0.06,0.65,0.3,0.72,0.005,0.38,0.22,0.01,0.14,1.0,0.28
pid,ground_truth,curvy,400.0,0.05,0.1,1.0,72.96569173410535,98.73746490478516,87.05387878417969,17.139080231224654,2.3053642132197893,0.09406085860005022,0.007606121231320984,0.09406085860005022,0.007606121231320984,0.03188960999250412,0.0023868922144174576,0.5605813264846802,0.0,19.444444444444443,259,253,5.536426067352295,RoadOption.STRAIGHT,98.3061752319336,97.92279815673828,1.712076489991382,2.8,1.2,4.5,3.0,10.0,0.6,0.01,0.06,0.55,0.16,0.2,0.35,1.0,12,10.0,14.0,0.9,1.2,0.6,0.01,0.06,0.65,0.3,0.72,0.005,0.38,0.22,0.01,0.14,1.0,0.28
pid,ground_truth,curvy,400.0,0.05,0.1,1.0,73.0156917348504,98.71293640136719,87.91043090820312,17.138145894886136,2.3062985495583064,0.2084151810942379,-0.005876264945259724,0.2084151810942379,0.005876264945259724,-0.040785666555166245,-0.07267527654767036,0.5600018501281738,0.0,19.444444444444443,259,254,5.571636199951172,RoadOption.STRAIGHT,98.3061752319336,97.92279815673828,1.712076489991382,2.8,1.2,4.5,3.0,10.0,0.6,0.01,0.06,0.55,0.16,0.2,0.35,1.0,12,10.0,14.0,0.9,1.2,0.6,0.01,0.06,0.65,0.3,0.72,0.005,0.38,0.22,0.01,0.14,1.0,0.28
pid,ground_truth,curvy,400.0,0.05,0.1,1.0,73.06569173559546,98.68851470947266,88.76683044433594,17.135469771564544,2.3089746728798985,0.19980535434711694,-0.003297392903681473,0.19980535434711694,0.003297392903681473,0.059214334934949875,0.10000000149011612,0.5654675960540771,0.0,19.444444444444443,260,254,4.715267658233643,RoadOption.STRAIGHT,98.17149353027344,98.80470275878906,1.732620780430526,2.8,1.2,4.5,3.0,10.0,0.6,0.01,0.06,0.55,0.16,0.2,0.35,1.0,12,10.0,14.0,0.9,1.2,0.6,0.01,0.06,0.65,0.3,0.72,0.005,0.38,0.22,0.01,0.14,1.0,0.28
pid,ground_truth,curvy,400.0,0.05,0.1,1.0,73.11569173634052,98.66033935546875,89.62301635742188,17.12881941704415,2.3156250274002943,0.28326237616567806,-0.02074855489475258,0.28326237616567806,0.02074855489475258,0.08768971264362335,0.028475377708673477,0.5780584812164307,0.0,19.444444444444443,261,255,4.750108242034912,RoadOption.STRAIGHT,98.01871490478516,99.68364715576172,1.7531652040277241,2.8,1.2,4.5,3.0,10.0,0.6,0.01,0.06,0.55,0.16,0.2,0.35,1.0,12,10.0,14.0,0.9,1.2,0.6,0.01,0.06,0.65,0.3,0.72,0.005,0.38,0.22,0.01,0.14,1.0,0.28
pid,ground_truth,curvy,400.0,0.05,0.1,1.0,73.16569173708558,98.62113189697266,90.47816467285156,17.117320878189247,2.327123566255196,0.3608096589290707,-0.031101194158272172,0.3608096589290707,0.031101194158272172,0.04047369956970215,-0.047216013073921204,0.5941631197929382,0.0,19.444444444444443,262,256,4.784992218017578,RoadOption.STRAIGHT,97.84791564941406,100.55927276611328,1.7737094944668679,2.8,1.2,4.5,3.0,10.0,0.6,0.01,0.06,0.55,0.16,0.2,0.35,1.0,12,10.0,14.0,0.9,1.2,0.6,0.01,0.06,0.65,0.3,0.72,0.005,0.38,0.22,0.01,0.14,1.0,0.28
pid,ground_truth,curvy,400.0,0.05,0.1,1.0,73.21569173783064,98.57381439208984,91.33293914794922,17.1260525307757,2.3183919136687443,0.42949961375240553,-0.039333557719925416,0.42949961375240553,0.039333557719925416,0.0323985256254673,-0.008075173944234848,0.5355976223945618,0.0,19.444444444444443,263,257,4.818984031677246,RoadOption.STRAIGHT,97.65917205810547,101.43120574951172,1.7942537849060116,2.8,1.2,4.5,3.0,10.0,0.6,0.01,0.06,0.55,0.16,0.2,0.35,1.0,12,10.0,14.0,0.9,1.2,0.6,0.01,0.06,0.65,0.3,0.72,0.005,0.38,0.22,0.01,0.14,1.0,0.28
pid,ground_truth,curvy,400.0,0.05,0.1,1.0,73.2656917385757,98.52002716064453,92.18782806396484,17.133966220597376,2.310478223847067,0.4876093252155552,-0.04867792419474082,0.4876093252155552,0.04867792419474082,0.05169127881526947,0.01929275318980217,0.536146879196167,0.0,19.444444444444443,264,258,4.851470470428467,RoadOption.STRAIGHT,97.4525375366211,102.29907989501953,1.81479820850321,2.8,1.2,4.5,3.0,10.0,0.6,0.01,0.06,0.55,0.16,0.2,0.35,1.0,12,10.0,14.0,0.9,1.2,0.6,0.01,0.06,0.65,0.3,0.72,0.005,0.38,0.22,0.01,0.14,1.0,0.28
pid,ground_truth,curvy,400.0,0.05,0.1,1.0,73.31569173932076,98.45752716064453,93.04215240478516,17.12994583481471,2.3144986096297337,0.5374029014620989,-0.057612163861683996,0.5374029014620989,0.057612163861683996,0.05793160945177078,0.006240330636501312,0.570446789264679,0.0,19.444444444444443,265,259,4.882992267608643,RoadOption.STRAIGHT,97.22813415527344,103.16251373291016,1.8353424989423537,2.8,1.2,4.5,3.0,10.0,0.6,0.01,0.06,0.55,0.16,0.2,0.35,1.0,12,10.0,14.0,0.9,1.2,0.6,0.01,0.06,0.65,0.3,0.72,0.005,0.38,0.22,0.01,0.14,1.0,0.28
pid,ground_truth,curvy,400.0,0.05,0.1,1.0,73.36569174006581,98.38468170166016,93.89533233642578,17.123354741342435,2.3210897031020075,0.5805904372587039,-0.06510403548224097,0.5805904372587039,0.06510403548224097,0.054489947855472565,-0.0034416615962982178,0.5790947675704956,0.0,19.444444444444443,266,260,4.913997173309326,RoadOption.STRAIGHT,96.98603057861328,104.02116394042969,1.855886922539552,2.8,1.2,4.5,3.0,10.0,0.6,0.01,0.06,0.55,0.16,0.2,0.35,1.0,12,10.0,14.0,0.9,1.2,0.6,0.01,0.06,0.65,0.3,0.72,0.005,0.38,0.22,0.01,0.14,1.0,0.28
pid,ground_truth,curvy,400.0,0.05,0.1,1.0,73.41569174081087,98.30123138427734,94.74735260009766,17.12172546188477,2.3227189825596746,0.6174133089348841,-0.07173677133513756,0.6174133089348841,0.07173677133513756,0.055070456117391586,0.0005805082619190216,0.5655601620674133,0.0,19.444444444444443,267,261,4.944372653961182,RoadOption.STRAIGHT,96.72634887695312,104.8746566772461,1.8764312129786958,2.8,1.2,4.5,3.0,10.0,0.6,0.01,0.06,0.55,0.16,0.2,0.35,1.0,12,10.0,14.0,0.9,1.2,0.6,0.01,0.06,0.65,0.3,0.72,0.005,0.38,0.22,0.01,0.14,1.0,0.28
pid,ground_truth,curvy,400.0,0.05,0.1,1.0,73.46569174155593,98.20679473876953,95.59822082519531,17.121875951405674,2.3225684930387693,0.6482527527410671,-0.07795112458078268,0.6482527527410671,0.07795112458078268,0.0588282085955143,0.003757752478122711,0.5605437159538269,0.0,19.444444444444443,268,262,4.974015712738037,RoadOption.STRAIGHT,96.44918823242188,105.72264099121094,1.896975636575894,2.8,1.2,4.5,3.0,10.0,0.6,0.01,0.06,0.55,0.16,0.2,0.35,1.0,12,10.0,14.0,0.9,1.2,0.6,0.01,0.06,0.65,0.3,0.72,0.005,0.38,0.22,0.01,0.14,1.0,0.28
pid,ground_truth,curvy,400.0,0.05,0.1,1.0,73.51569174230099,98.1007080078125,96.44766235351562,17.12027158496947,2.3241728594749738,0.6738072745024812,-0.08363657403393843,0.6738072745024812,0.08363657403393843,0.0612037256360054,0.002375517040491104,0.5658102631568909,0.0,19.444444444444443,269,263,5.00306510925293,RoadOption.STRAIGHT,96.1546630859375,106.56475067138672,1.9175199270150378,2.8,1.2,4.5,3.0,10.0,0.6,0.01,0.06,0.55,0.16,0.2,0.35,1.0,12,10.0,14.0,0.9,1.2,0.6,0.01,0.06,0.65,0.3,0.72,0.005,0.38,0.22,0.01,0.14,1.0,0.28
pid,ground_truth,curvy,400.0,0.05,0.1,1.0,73.56569174304605,97.98233795166016,97.29537200927734,17.11759346878843,2.3268509756560114,0.6947280758891528,-0.08870230590143269,0.6947280758891528,0.08870230590143269,0.062248118221759796,0.0010443925857543945,0.5694059133529663,0.0,19.444444444444443,270,264,5.031678199768066,RoadOption.STRAIGHT,95.8428955078125,107.40062713623047,1.9380642174541816,2.8,1.2,4.5,3.0,10.0,0.6,0.01,0.06,0.55,0.16,0.2,0.35,1.0,12,10.0,14.0,0.9,1.2,0.6,0.01,0.06,0.65,0.3,0.72,0.005,0.38,0.22,0.01,0.14,1.0,0.28
pid,ground_truth,curvy,400.0,0.05,0.1,1.0,73.6156917437911,97.85126495361328,98.1410903930664,17.115291746374407,2.329152698070036,0.7115049992299772,-0.09323580502507456,0.7115049992299772,0.09323580502507456,0.06350387632846832,0.0012557581067085266,0.5688584446907043,0.0,19.444444444444443,271,265,5.059939861297607,RoadOption.STRAIGHT,95.51402282714844,108.22992706298828,1.9586086410513799,2.8,1.2,4.5,3.0,10.0,0.6,0.01,0.06,0.55,0.16,0.2,0.35,1.0,12,10.0,14.0,0.9,1.2,0.6,0.01,0.06,0.65,0.3,0.72,0.005,0.38,0.22,0.01,0.14,1.0,0.28
pid,ground_truth,curvy,400.0,0.05,0.1,1.0,73.66569174453616,97.70710754394531,98.98456573486328,17.113368583401055,2.331075861043388,0.7245434546975745,-0.09732562151110935,0.7245434546975745,0.09732562151110935,0.06503478437662125,0.0015309080481529236,0.5682215690612793,0.0,19.444444444444443,272,266,5.087954044342041,RoadOption.STRAIGHT,95.16819763183594,109.05228424072266,1.9791529314905236,2.8,1.2,4.5,3.0,10.0,0.6,0.01,0.06,0.55,0.16,0.2,0.35,1.0,12,10.0,14.0,0.9,1.2,0.6,0.01,0.06,0.65,0.3,0.72,0.005,0.38,0.22,0.01,0.14,1.0,0.28
pid,ground_truth,curvy,400.0,0.05,0.1,1.0,73.71569174528122,97.5494613647461,99.82554626464844,17.111340020512138,2.333104423932305,0.7343045019021698,-0.10099918591876467,0.7343045019021698,0.10099918591876467,0.06638065725564957,0.0013458728790283203,0.5689629316329956,0.0,19.444444444444443,273,267,5.115763187408447,RoadOption.STRAIGHT,94.80553436279297,109.86737823486328,1.999697355087722,2.8,1.2,4.5,3.0,10.0,0.6,0.01,0.06,0.55,0.16,0.2,0.35,1.0,12,10.0,14.0,0.9,1.2,0.6,0.01,0.06,0.65,0.3,0.72,0.005,0.38,0.22,0.01,0.14,1.0,0.28
pid,ground_truth,curvy,400.0,0.05,0.1,1.0,73.76569174602628,97.37799835205078,100.66368865966797,17.10914941094117,2.3352950335032716,0.7411833383628209,-0.10427300984679899,0.7411833383628209,0.10427300984679899,0.06744355708360672,0.0010628998279571533,0.5698986053466797,0.0,19.444444444444443,274,268,5.143509387969971,RoadOption.STRAIGHT,94.42620849609375,110.67485046386719,2.0202416455268657,2.8,1.2,4.5,3.0,10.0,0.6,0.01,0.06,0.55,0.16,0.2,0.35,1.0,12,10.0,14.0,0.9,1.2,0.6,0.01,0.06,0.65,0.3,0.72,0.005,0.38,0.22,0.01,0.14,1.0,0.28
pid,ground_truth,curvy,400.0,0.05,0.1,1.0,73.81569174677134,97.19241333007812,101.49871826171875,17.106970296021334,2.3374741484231087,0.7455351658384269,-0.1071849101826916,0.7455351658384269,0.1071849101826916,0.06843342632055283,0.000989869236946106,0.5703458189964294,0.0,19.444444444444443,275,269,5.171229362487793,RoadOption.STRAIGHT,94.03038024902344,111.47434997558594,2.040785935966009,2.8,1.2,4.5,3.0,10.0,0.6,0.01,0.06,0.55,0.16,0.2,0.35,1.0,12,10.0,14.0,0.9,1.2,0.6,0.01,0.06,0.65,0.3,0.72,0.005,0.38,0.22,0.01,0.14,1.0,0.28
pid,ground_truth,curvy,400.0,0.05,0.1,1.0,73.8656917475164,96.99244689941406,102.330322265625,17.104834785248,2.3396096591964444,0.7476885540486709,-0.1097719048655943,0.7476885540486709,0.1097719048655943,0.06937746703624725,0.0009440407156944275,0.5706935524940491,0.0,19.444444444444443,276,270,5.198986530303955,RoadOption.STRAIGHT,93.61820220947266,112.26555633544922,2.0613303595632075,2.8,1.2,4.5,3.0,10.0,0.6,0.01,0.06,0.55,0.16,0.2,0.35,1.0,12,10.0,14.0,0.9,1.2,0.6,0.01,0.06,0.65,0.3,0.72,0.005,0.38,0.22,0.01,0.14,1.0,0.28
pid,ground_truth,curvy,400.0,0.05,0.1,1.0,73.91569174826145,96.77787780761719,103.15816497802734,17.102710612002245,2.3417338324421983,0.7479590136963576,-0.1120623565611174,0.7479590136963576,0.1120623565611174,0.07020357251167297,0.0008261054754257202,0.5711291432380676,0.0,19.444444444444443,277,271,5.226863861083984,RoadOption.STRAIGHT,93.18987274169922,113.0481185913086,2.081874783160406,2.8,1.2,4.5,3.0,10.0,0.6,0.01,0.06,0.55,0.16,0.2,0.35,1.0,12,10.0,14.0,0.9,1.2,0.6,0.01,0.06,0.65,0.3,0.72,0.005,0.38,0.22,0.01,0.14,1.0,0.28
pid,ground_truth,curvy,400.0,0.05,0.1,1.0,73.96569174900651,96.54851531982422,103.98191833496094,17.10060676039105,2.343837684053394,0.7466298130156408,-0.11408382898654201,0.7466298130156408,0.11408382898654201,0.07096526026725769,0.0007616877555847168,0.571535050868988,0.0,19.444444444444443,278,272,5.254892349243164,RoadOption.STRAIGHT,92.74554443359375,113.82172393798828,2.102418940441495,2.8,1.2,4.5,3.0,10.0,0.6,0.01,0.06,0.55,0.16,0.2,0.35,1.0,12,10.0,14.0,0.9,1.2,0.6,0.01,0.06,0.65,0.3,0.72,0.005,0.38,0.22,0.01,0.14,1.0,0.28
pid,ground_truth,curvy,400.0,0.05,0.1,1.0,74.01569174975157,96.30419921875,104.80125427246094,17.098524106453976,2.345920337990467,0.7439364121318606,-0.11586108954000629,0.7439364121318606,0.11586108954000629,0.07162240147590637,0.0006571412086486816,0.571933925151825,0.0,19.444444444444443,279,273,5.283143997192383,RoadOption.STRAIGHT,92.2854232788086,114.58604431152344,2.1229633640386933,2.8,1.2,4.5,3.0,10.0,0.6,0.01,0.06,0.55,0.16,0.2,0.35,1.0,12,10.0,14.0,0.9,1.2,0.6,0.01,0.06,0.65,0.3,0.72,0.005,0.38,0.22,0.01,0.14,1.0,0.28
pid,ground_truth,curvy,400.0,0.05,0.1,1.0,74.06569175049663,96.0447998046875,105.61581420898438,17.0964837713695,2.347960673074944,0.7401331337527872,-0.1174173077229943,0.7401331337527872,0.1174173077229943,0.07221278548240662,0.0005903840065002441,0.5722643136978149,0.0,19.444444444444443,280,274,5.3116559982299805,RoadOption.STRAIGHT,91.80968475341797,115.34074401855469,2.1435076544778373,2.8,1.2,4.5,3.0,10.0,0.6,0.01,0.06,0.55,0.16,0.2,0.35,1.0,12,10.0,14.0,0.9,1.2,0.6,0.01,0.06,0.65,0.3,0.72,0.005,0.38,0.22,0.01,0.14,1.0,0.28
pid,ground_truth,curvy,400.0,0.05,0.1,1.0,74.11569175124168,95.77021026611328,106.42530059814453,17.09449444717655,2.349949997267892,0.7354129846467246,-0.118776718301425,0.7354129846467246,0.118776718301425,0.07273425906896591,0.0005214735865592957,0.572559118270874,0.0,19.444444444444443,281,275,5.3404035568237305,RoadOption.STRAIGHT,91.31855773925781,116.08551025390625,2.164051944916981,2.8,1.2,4.5,3.0,10.0,0.6,0.01,0.06,0.55,0.16,0.2,0.35,1.0,12,10.0,14.0,0.9,1.2,0.6,0.01,0.06,0.65,0.3,0.72,0.005,0.38,0.22,0.01,0.14,1.0,0.28
pid,ground_truth,curvy,400.0,0.05,0.1,1.0,74.16569175198674,95.48036193847656,107.22933197021484,17.092554010132414,2.351890434312029,0.7299738021840791,-0.1199602270898561,0.7299738021840791,0.1199602270898561,0.07319637387990952,0.0004621148109436035,0.5728490948677063,0.0,19.444444444444443,282,276,5.369469165802002,RoadOption.STRAIGHT,90.8122329711914,116.82003021240234,2.184596368514179,2.8,1.2,4.5,3.0,10.0,0.6,0.01,0.06,0.55,0.16,0.2,0.35,1.0,12,10.0,14.0,0.9,1.2,0.6,0.01,0.06,0.65,0.3,0.72,0.005,0.38,0.22,0.01,0.14,1.0,0.28
pid,ground_truth,curvy,400.0,0.05,0.1,1.0,74.2156917527318,95.1751937866211,108.027587890625,17.09066345222535,2.353780992219093,0.7240010344519343,-0.12098674253202724,0.7240010344519343,0.12098674253202724,0.07359453290700912,0.0003981590270996094,0.5731253623962402,0.0,19.444444444444443,283,277,5.398817539215088,RoadOption.STRAIGHT,90.29092407226562,117.54399871826172,2.205140658953323,2.8,1.2,4.5,3.0,10.0,0.6,0.01,0.06,0.55,0.16,0.2,0.35,1.0,12,10.0,14.0,0.9,1.2,0.6,0.01,0.06,0.65,0.3,0.72,0.005,0.38,0.22,0.01,0.14,1.0,0.28
pid,ground_truth,curvy,400.0,0.05,0.1,1.0,74.26569175347686,94.85469818115234,108.8197021484375,17.088834938201945,2.355609506242498,0.7176280357618925,-0.1218741078072414,0.7176280357618925,0.1218741078072414,0.07394565641880035,0.00035112351179122925,0.5733539462089539,0.0,19.444444444444443,284,278,5.428513050079346,RoadOption.STRAIGHT,89.75485229492188,118.2571029663086,2.2256849493924666,2.8,1.2,4.5,3.0,10.0,0.6,0.01,0.06,0.55,0.16,0.2,0.35,1.0,12,10.0,14.0,0.9,1.2,0.6,0.01,0.06,0.65,0.3,0.72,0.005,0.38,0.22,0.01,0.14,1.0,0.28
pid,ground_truth,curvy,400.0,0.05,0.1,1.0,74.31569175422192,94.51887512207031,109.60536193847656,17.087063686291756,2.3573807581526864,0.7109963172580547,-0.12264016609480288,0.7109963172580547,0.12264016609480288,0.07426168769598007,0.000316031277179718,0.5735832452774048,0.0,19.444444444444443,285,279,5.458526134490967,RoadOption.STRAIGHT,89.2042465209961,118.95904541015625,2.246229372989665,2.8,1.2,4.5,3.0,10.0,0.6,0.01,0.06,0.55,0.16,0.2,0.35,1.0,12,10.0,14.0,0.9,1.2,0.6,0.01,0.06,0.65,0.3,0.72,0.005,0.38,0.22,0.01,0.14,1.0,0.28
pid,ground_truth,curvy,400.0,0.05,0.1,1.0,74.36569175496697,94.16773223876953,110.38417053222656,17.08535406095616,2.359090383488283,0.7042451988860612,-0.12329743425183448,0.7042451988860612,0.12329743425183448,0.07318813353776932,-0.0010735541582107544,0.5737868547439575,0.0,19.444444444444443,286,280,5.488899230957031,RoadOption.STRAIGHT,88.6477279663086,119.63875579833984,2.2693754386557616,2.8,1.2,4.5,3.0,10.0,0.6,0.01,0.06,0.55,0.16,0.2,0.35,1.0,12,10.0,14.0,0.9,1.2,0.6,0.01,0.06,0.65,0.3,0.72,0.005,0.38,0.22,0.01,0.14,1.0,0.28
pid,ground_truth,curvy,400.0,0.05,0.1,1.0,74.41569175571203,93.8013916015625,111.15589904785156,17.084164291158842,2.3602801532856006,0.6973851093713703,-0.12394618029337767,0.6973851093713703,0.12394618029337767,0.07541150599718094,0.002223372459411621,0.5725929737091064,0.0,19.444444444444443,287,281,5.519559383392334,RoadOption.STRAIGHT,88.08870697021484,120.28605651855469,2.2969354275125555,2.8,1.2,4.5,3.0,10.0,0.6,0.01,0.06,0.55,0.16,0.2,0.35,1.0,12,10.0,14.0,0.9,1.2,0.6,0.01,0.06,0.65,0.3,0.72,0.005,0.38,0.22,0.01,0.14,1.0,0.28
pid,ground_truth,curvy,400.0,0.05,0.1,1.0,74.46569175645709,93.41985321044922,111.92012786865234,17.08211898853778,2.3623254559066638,0.690597255313885,-0.12448680199466367,0.690597255313885,0.12448680199466367,0.08066127449274063,0.005249768495559692,0.5754384398460388,0.0,19.444444444444443,288,282,5.55056095123291,RoadOption.STRAIGHT,87.51204681396484,120.91769409179688,2.32449541636935,2.8,1.2,4.5,3.0,10.0,0.6,0.01,0.06,0.55,0.16,0.2,0.35,1.0,12,10.0,14.0,0.9,1.2,0.6,0.01,0.06,0.65,0.3,0.72,0.005,0.38,0.22,0.01,0.14,1.0,0.28
pid,ground_truth,curvy,400.0,0.05,0.1,1.0,74.51569175720215,93.02284240722656,112.67623901367188,17.078448354943756,2.365996089500687,0.684423314112176,-0.12454286153561034,0.684423314112176,0.12454286153561034,0.0827326849102974,0.0020714104175567627,0.5807968974113464,0.0,19.444444444444443,289,283,5.581976890563965,RoadOption.STRAIGHT,86.91819763183594,121.53321075439453,2.3520554052261438,2.8,1.2,4.5,3.0,10.0,0.6,0.01,0.06,0.55,0.16,0.2,0.35,1.0,12,10.0,14.0,0.9,1.2,0.6,0.01,0.06,0.65,0.3,0.72,0.005,0.38,0.22,0.01,0.14,1.0,0.28
pid,ground_truth,curvy,400.0,0.05,0.1,1.0,74.5656917579472,92.6102294921875,113.42377471923828,17.075368384090677,2.369076060353766,0.6791949593595046,-0.12397707296202265,0.6791949593595046,0.12397707296202265,0.08347999304533005,0.0007473081350326538,0.5798206329345703,0.0,19.444444444444443,290,284,5.613754749298096,RoadOption.STRAIGHT,86.3076171875,122.13212585449219,2.379615127766829,2.8,1.2,4.5,3.0,10.0,0.6,0.01,0.06,0.55,0.16,0.2,0.35,1.0,12,10.0,14.0,0.9,1.2,0.6,0.01,0.06,0.65,0.3,0.72,0.005,0.38,0.22,0.01,0.14,1.0,0.28
pid,ground_truth,curvy,400.0,0.05,0.1,1.0,74.61569175869226,92.18199157714844,114.16233825683594,17.073401326404557,2.3710431180398857,0.6751305890511761,-0.1229039522007751,0.6751305890511761,0.1229039522007751,0.08496274799108505,0.0014827549457550049,0.5771372318267822,0.0,19.444444444444443,291,285,5.645827770233154,RoadOption.STRAIGHT,85.68077087402344,122.71399688720703,2.407175116623623,2.8,1.2,4.5,3.0,10.0,0.6,0.01,0.06,0.55,0.16,0.2,0.35,1.0,12,10.0,14.0,0.9,1.2,0.6,0.01,0.06,0.65,0.3,0.72,0.005,0.38,0.22,0.01,0.14,1.0,0.28
pid,ground_truth,curvy,400.0,0.05,0.1,1.0,74.66569175943732,91.73805236816406,114.89146423339844,17.071328909665258,2.373115534779185,0.6866901120833626,-0.12399558193159876,0.6866901120833626,0.12399558193159876,0.08683359622955322,0.0018708482384681702,0.5778881907463074,0.0,19.444444444444443,292,286,5.664528846740723,RoadOption.STRAIGHT,85.03812408447266,123.27836608886719,2.4347351054804167,2.8,1.2,4.5,3.0,10.0,0.6,0.01,0.06,0.55,0.16,0.2,0.35,1.0,12,10.0,14.0,0.9,1.2,0.6,0.01,0.06,0.65,0.3,0.72,0.005,0.38,0.22,0.01,0.14,1.0,0.28
pid,ground_truth,curvy,400.0,0.05,0.1,1.0,74.71569176018238,91.27835845947266,115.61061096191406,17.068588036109638,2.375856408334805,0.7193966524154116,-0.12906171327325655,0.7193966524154116,0.12906171327325655,0.08846591413021088,0.0016323179006576538,0.580362856388092,0.0,19.444444444444443,293,287,5.659829616546631,RoadOption.STRAIGHT,84.38017272949219,123.82482147216797,2.4622950943372106,2.8,1.2,4.5,3.0,10.0,0.6,0.01,0.06,0.55,0.16,0.2,0.35,1.0,12,10.0,14.0,0.9,1.2,0.6,0.01,0.06,0.65,0.3,0.72,0.005,0.38,0.22,0.01,0.14,1.0,0.28
pid,ground_truth,curvy,400.0,0.05,0.1,1.0,74.76569176092744,90.80284881591797,116.31922912597656,17.065583440095008,2.378861004349435,0.7473874387358559,-0.13368536039979784,0.7473874387358559,0.13368536039979784,0.08984224498271942,0.001376330852508545,0.5817623138427734,0.0,19.444444444444443,294,288,5.654667377471924,RoadOption.STRAIGHT,83.70740509033203,124.3529281616211,2.489855083194005,2.8,1.2,4.5,3.0,10.0,0.6,0.01,0.06,0.55,0.16,0.2,0.35,1.0,12,10.0,14.0,0.9,1.2,0.6,0.01,0.06,0.65,0.3,0.72,0.005,0.38,0.22,0.01,0.14,1.0,0.28
pid,ground_truth,curvy,400.0,0.05,0.1,1.0,74.8156917616725,90.31148529052734,117.01675415039062,17.062686135173013,2.3817583092714294,0.771043598489114,-0.13789035860297805,0.771043598489114,0.13789035860297805,0.09112944453954697,0.0012871995568275452,0.5820992588996887,0.0,19.444444444444443,295,289,5.649140357971191,RoadOption.STRAIGHT,83.02034759521484,124.86229705810547,2.517415072050799,2.8,1.2,4.5,3.0,10.0,0.6,0.01,0.06,0.55,0.16,0.2,0.35,1.0,12,10.0,14.0,0.9,1.2,0.6,0.01,0.06,0.65,0.3,0.72,0.005,0.38,0.22,0.01,0.14,1.0,0.28
pid,ground_truth,curvy,400.0,0.05,0.1,1.0,74.86569176241755,89.80424499511719,117.70267486572266,17.05988104678468,2.384563397659761,0.7906756320931811,-0.14170440475813528,0.7906756320931811,0.14170440475813528,0.09240666031837463,0.0012772157788276672,0.5824581980705261,0.0,19.444444444444443,296,290,5.643265247344971,RoadOption.STRAIGHT,82.31951141357422,125.3525390625,2.5449750609075927,2.8,1.2,4.5,3.0,10.0,0.6,0.01,0.06,0.55,0.16,0.2,0.35,1.0,12,10.0,14.0,0.9,1.2,0.6,0.01,0.06,0.65,0.3,0.72,0.005,0.38,0.22,0.01,0.14,1.0,0.28
pid,ground_truth,curvy,400.0,0.05,0.1,1.0,74.91569176316261,89.28118133544922,118.37639617919922,17.05700868053443,2.3874357639100126,0.80662638511544,-0.1451500025764796,0.80662638511544,0.1451500025764796,0.09360813349485397,0.0012014731764793396,0.583278477191925,0.0,19.444444444444443,297,291,5.637174606323242,RoadOption.STRAIGHT,81.60543060302734,125.82328033447266,2.572534783448278,2.8,1.2,4.5,3.0,10.0,0.6,0.01,0.06,0.55,0.16,0.2,0.35,1.0,12,10.0,14.0,0.9,1.2,0.6,0.01,0.06,0.65,0.3,0.72,0.005,0.38,0.22,0.01,0.14,1.0,0.28
pid,ground_truth,curvy,400.0,0.05,0.1,1.0,74.96569176390767,88.7423095703125,119.03736877441406,17.05405430614789,2.390390138296553,0.8192080745067991,-0.1482453947114788,0.8192080745067991,0.1482453947114788,0.09469448775053024,0.0010863542556762695,0.5841580629348755,0.0,19.444444444444443,298,292,5.630901336669922,RoadOption.STRAIGHT,80.87864685058594,126.27416229248047,2.600094772305072,2.8,1.2,4.5,3.0,10.0,0.6,0.01,0.06,0.55,0.16,0.2,0.35,1.0,12,10.0,14.0,0.9,1.2,0.6,0.01,0.06,0.65,0.3,0.72,0.005,0.38,0.22,0.01,0.14,1.0,0.28
pid,ground_truth,curvy,400.0,0.05,0.1,1.0,75.01569176465273,88.187744140625,119.68504333496094,17.051084734733575,2.393359709710868,0.828712184331498,-0.15101454961294314,0.828712184331498,0.15101454961294314,0.09573452174663544,0.001040033996105194,0.5848539471626282,0.0,19.444444444444443,299,293,5.624532699584961,RoadOption.STRAIGHT,80.13971710205078,126.70486450195312,2.6276547611618657,2.8,1.2,4.5,3.0,10.0,0.6,0.01,0.06,0.55,0.16,0.2,0.35,1.0,12,10.0,14.0,0.9,1.2,0.6,0.01,0.06,0.65,0.3,0.72,0.005,0.38,0.22,0.01,0.14,1.0,0.28
pid,ground_truth,curvy,400.0,0.05,0.1,1.0,75.06569176539779,87.6175765991211,120.31884765625,17.04811623625977,2.3963282081846735,0.8354314157150942,-0.1534785062534847,0.8354314157150942,0.1534785062534847,0.0966951921582222,0.0009606704115867615,0.5855039954185486,0.0,19.444444444444443,300,294,5.6181182861328125,RoadOption.STRAIGHT,79.38920593261719,127.11502838134766,2.6552147500186596,2.8,1.2,4.5,3.0,10.0,0.6,0.01,0.06,0.55,0.16,0.2,0.35,1.0,12,10.0,14.0,0.9,1.2,0.6,0.01,0.06,0.65,0.3,0.72,0.005,0.38,0.22,0.01,0.14,1.0,0.28
pid,ground_truth,curvy,400.0,0.05,0.1,1.0,75.11569176614285,87.031982421875,120.9382095336914,17.0451643430026,2.3992801014418426,0.8396571944960414,-0.15565324359964317,0.8396571944960414,0.15565324359964317,0.09756715595722198,0.0008719637989997864,0.5861068964004517,0.0,19.444444444444443,301,295,5.6117448806762695,RoadOption.STRAIGHT,78.62767028808594,127.50433349609375,2.682774738875454,2.8,1.2,4.5,3.0,10.0,0.6,0.01,0.06,0.55,0.16,0.2,0.35,1.0,12,10.0,14.0,0.9,1.2,0.6,0.01,0.06,0.65,0.3,0.72,0.005,0.38,0.22,0.01,0.14,1.0,0.28
pid,ground_truth,curvy,400.0,0.05,0.1,1.0,75.1656917668879,86.43113708496094,121.54258728027344,17.04223729642324,2.4022071480212013,0.8416402063009549,-0.15756299641733884,0.8416402063009549,0.15756299641733884,0.09836632758378983,0.0007991716265678406,0.5866813063621521,0.0,19.444444444444443,302,296,5.605462074279785,RoadOption.STRAIGHT,77.85569763183594,127.8725357055664,2.710334727732248,2.8,1.2,4.5,3.0,10.0,0.6,0.01,0.06,0.55,0.16,0.2,0.35,1.0,12,10.0,14.0,0.9,1.2,0.6,0.01,0.06,0.65,0.3,0.72,0.005,0.38,0.22,0.01,0.14,1.0,0.28
pid,ground_truth,curvy,400.0,0.05,0.1,1.0,75.21569176763296,85.8152847290039,122.13143157958984,17.039340121731236,2.405104322713207,0.8416146090401235,-0.15922480893754853,0.8416146090401235,0.15922480893754853,0.0991087257862091,0.000742398202419281,0.5872350335121155,0.0,19.444444444444443,303,297,5.59934139251709,RoadOption.STRAIGHT,77.07386779785156,128.21932983398438,2.7378947165890417,2.8,1.2,4.5,3.0,10.0,0.6,0.01,0.06,0.55,0.16,0.2,0.35,1.0,12,10.0,14.0,0.9,1.2,0.6,0.01,0.06,0.65,0.3,0.72,0.005,0.38,0.22,0.01,0.14,1.0,0.28
pid,ground_truth,curvy,400.0,0.05,0.1,1.0,75.26569176837802,85.18462371826172,122.7042236328125,17.03647534251257,2.4079691019318723,0.839827397318992,-0.16065679065568395,0.839827397318992,0.16065679065568395,0.09978531301021576,0.0006765872240066528,0.5877745747566223,0.0,19.444444444444443,304,298,5.593380451202393,RoadOption.STRAIGHT,76.28278350830078,128.54441833496094,2.7654547054458356,2.8,1.2,4.5,3.0,10.0,0.6,0.01,0.06,0.55,0.16,0.2,0.35,1.0,12,10.0,14.0,0.9,1.2,0.6,0.01,0.06,0.65,0.3,0.72,0.005,0.38,0.22,0.01,0.14,1.0,0.28
pid,ground_truth,curvy,400.0,0.05,0.1,1.0,75.31569176912308,84.53947448730469,123.26042938232422,17.033655617197223,2.41078882724722,0.8365012694832106,-0.16187944791213926,0.8365012694832106,0.16187944791213926,0.10040851682424545,0.0006232038140296936,0.5882687568664551,0.0,19.444444444444443,305,299,5.58766508102417,RoadOption.STRAIGHT,75.48303985595703,128.84759521484375,2.79301469430263,2.8,1.2,4.5,3.0,10.0,0.6,0.01,0.06,0.55,0.16,0.2,0.35,1.0,12,10.0,14.0,0.9,1.2,0.6,0.01,0.06,0.65,0.3,0.72,0.005,0.38,0.22,0.01,0.14,1.0,0.28
pid,ground_truth,curvy,400.0,0.05,0.1,1.0,75.36569176986814,83.88016510009766,123.79952239990234,17.030889090173623,2.4135553542708195,0.8318172719612349,-0.16291009125400002,0.8318172719612349,0.16291009125400002,0.1009746640920639,0.0005661472678184509,0.5887284278869629,0.0,19.444444444444443,306,300,5.582230567932129,RoadOption.STRAIGHT,74.67523956298828,129.12863159179688,2.820574683159424,2.8,1.2,4.5,3.0,10.0,0.6,0.01,0.06,0.55,0.16,0.2,0.35,1.0,12,10.0,14.0,0.9,1.2,0.6,0.01,0.06,0.65,0.3,0.72,0.005,0.38,0.22,0.01,0.14,1.0,0.28
pid,ground_truth,curvy,400.0,0.05,0.1,1.0,75.4156917706132,83.20700073242188,124.3210220336914,17.028175644225445,2.4162688002189974,0.825949557688415,-0.16376283543504355,0.825949557688415,0.16376283543504355,0.10147818177938461,0.0005035176873207092,0.5891767740249634,0.0,19.444444444444443,307,301,5.577073097229004,RoadOption.STRAIGHT,73.8600082397461,129.3872833251953,2.8481346720162177,2.8,1.2,4.5,3.0,10.0,0.6,0.01,0.06,0.55,0.16,0.2,0.35,1.0,12,10.0,14.0,0.9,1.2,0.6,0.01,0.06,0.65,0.3,0.72,0.005,0.38,0.22,0.01,0.14,1.0,0.28
pid,ground_truth,curvy,400.0,0.05,0.1,1.0,75.46569177135825,82.52037048339844,124.82443237304688,17.025527795052625,2.418916649391818,0.8191229209010786,-0.16445472468624622,0.8191229209010786,0.16445472468624622,0.10192466527223587,0.0004464834928512573,0.5895756483078003,0.0,19.444444444444443,308,302,5.572262763977051,RoadOption.STRAIGHT,73.0379638671875,129.62338256835938,2.8756946608730116,2.8,1.2,4.5,3.0,10.0,0.6,0.01,0.06,0.55,0.16,0.2,0.35,1.0,12,10.0,14.0,0.9,1.2,0.6,0.01,0.06,0.65,0.3,0.72,0.005,0.38,0.22,0.01,0.14,1.0,0.28
pid,ground_truth,curvy,400.0,0.05,0.1,1.0,75.51569177210331,81.8206787109375,125.30928802490234,17.022955542686905,2.421488901757538,0.8114667742611288,-0.16500014007749408,0.8114667742611288,0.16500014007749408,0.10232841968536377,0.00040375441312789917,0.5899298787117004,0.0,19.444444444444443,309,303,5.567814826965332,RoadOption.STRAIGHT,72.209716796875,129.8367462158203,2.903254383413697,2.8,1.2,4.5,3.0,10.0,0.6,0.01,0.06,0.55,0.16,0.2,0.35,1.0,12,10.0,14.0,0.9,1.2,0.6,0.01,0.06,0.65,0.3,0.72,0.005,0.38,0.22,0.01,0.14,1.0,0.28
pid,ground_truth,curvy,400.0,0.05,0.1,1.0,75.56569177284837,81.10833740234375,125.7751235961914,17.02045583461792,2.423988609826523,0.8031176389039718,-0.16541266373034746,0.8031176389039718,0.16541266373034746,0.10266655683517456,0.000338137149810791,0.5902766585350037,0.0,19.444444444444443,310,304,5.563718795776367,RoadOption.STRAIGHT,71.37590789794922,130.02720642089844,2.9308143722704907,2.8,1.2,4.5,3.0,10.0,0.6,0.01,0.06,0.55,0.16,0.2,0.35,1.0,12,10.0,14.0,0.9,1.2,0.6,0.01,0.06,0.65,0.3,0.72,0.005,0.38,0.22,0.01,0.14,1.0,0.28
pid,ground_truth,curvy,400.0,0.05,0.1,1.0,75.61569177359343,80.38380432128906,126.22154998779297,17.01804459672268,2.426399847721761,0.7942001091206177,-0.16570800829523735,0.7942001091206177,0.16570800829523735,0.1030336245894432,0.00036706775426864624,0.5905594229698181,0.0,19.444444444444443,311,305,5.560000896453857,RoadOption.STRAIGHT,70.53717041015625,130.19459533691406,2.958374361127285,2.8,1.2,4.5,3.0,10.0,0.6,0.01,0.06,0.55,0.16,0.2,0.35,1.0,12,10.0,14.0,0.9,1.2,0.6,0.01,0.06,0.65,0.3,0.72,0.005,0.38,0.22,0.01,0.14,1.0,0.28
pid,ground_truth,curvy,400.0,0.05,0.1,1.0,75.66569177433848,79.64752960205078,126.64810943603516,17.015686330637784,2.4287581138066585,0.784883897570182,-0.1658960274681971,0.784883897570182,0.1658960274681971,0.10328453779220581,0.00025091320276260376,0.5909299254417419,0.0,19.444444444444443,312,306,5.556677341461182,RoadOption.STRAIGHT,69.69412994384766,130.3388214111328,2.985934349984079,2.8,1.2,4.5,3.0,10.0,0.6,0.01,0.06,0.55,0.16,0.2,0.35,1.0,12,10.0,14.0,0.9,1.2,0.6,0.01,0.06,0.65,0.3,0.72,0.005,0.38,0.22,0.01,0.14,1.0,0.28
pid,ground_truth,curvy,400.0,0.05,0.1,1.0,75.71569177508354,78.9000244140625,127.05441284179688,17.013426799464693,2.4310176449797503,0.7752429739270077,-0.16598870547413158,0.7752429739270077,0.16598870547413158,0.10351108014583588,0.00022654235363006592,0.5911505818367004,0.0,19.444444444444443,313,307,5.553741931915283,RoadOption.STRAIGHT,68.84744262695312,130.4597625732422,3.013494338840873,2.8,1.2,4.5,3.0,10.0,0.6,0.01,0.06,0.55,0.16,0.2,0.35,1.0,12,10.0,14.0,0.9,1.2,0.6,0.01,0.06,0.65,0.3,0.72,0.005,0.38,0.22,0.01,0.14,1.0,0.28
pid,ground_truth,curvy,400.0,0.05,0.1,1.0,75.7656917758286,78.14179229736328,127.44010162353516,17.011262270950365,2.433182173494078,0.7653910840927667,-0.16599935811849198,0.7653910840927667,0.16599935811849198,0.10374431312084198,0.00023323297500610352,0.5913607478141785,0.0,19.444444444444443,314,308,5.551196575164795,RoadOption.STRAIGHT,67.99774169921875,130.55731201171875,3.0410543276976667,2.8,1.2,4.5,3.0,10.0,0.6,0.01,0.06,0.55,0.16,0.2,0.35,1.0,12,10.0,14.0,0.9,1.2,0.6,0.01,0.06,0.65,0.3,0.72,0.005,0.38,0.22,0.01,0.14,1.0,0.28
pid,ground_truth,curvy,400.0,0.05,0.1,1.0,75.81569177657366,77.37335968017578,127.80482482910156,17.00916456829267,2.435279876151771,0.7554071415341366,-0.1659373064650933,0.7554071415341366,0.1659373064650933,0.10391531884670258,0.0001710057258605957,0.5916351675987244,0.0,19.444444444444443,315,309,5.549046516418457,RoadOption.STRAIGHT,67.14567565917969,130.63143920898438,3.068614316554461,2.8,1.2,4.5,3.0,10.0,0.6,0.01,0.06,0.55,0.16,0.2,0.35,1.0,12,10.0,14.0,0.9,1.2,0.6,0.01,0.06,0.65,0.3,0.72,0.005,0.38,0.22,0.01,0.14,1.0,0.28
pid,ground_truth,curvy,400.0,0.05,0.1,1.0,75.86569177731872,76.59529876708984,128.14822387695312,17.007156828771976,2.437287615672467,0.7453913321925403,-0.1658121378938593,0.7453913321925403,0.1658121378938593,0.10407467186450958,0.00015935301780700684,0.5918249487876892,0.0,19.444444444444443,316,310,5.54730749130249,RoadOption.STRAIGHT,66.2918930053711,130.68203735351562,3.096174305411255,2.8,1.2,4.5,3.0,10.0,0.6,0.01,0.06,0.55,0.16,0.2,0.35,1.0,12,10.0,14.0,0.9,1.2,0.6,0.01,0.06,0.65,0.3,0.72,0.005,0.38,0.22,0.01,0.14,1.0,0.28
pid,ground_truth,curvy,400.0,0.05,0.1,1.0,75.91569177806377,75.80813598632812,128.47000122070312,17.005236999825858,2.439207444618585,0.7353853560995005,-0.16563024399140724,0.7353853560995005,0.16563024399140724,0.10417865961790085,0.00010398775339126587,0.5920011401176453,0.0,19.444444444444443,317,311,5.545927047729492,RoadOption.STRAIGHT,65.4370346069336,130.70909118652344,3.123734294268049,2.8,1.2,4.5,3.0,10.0,0.6,0.01,0.06,0.55,0.16,0.2,0.35,1.0,12,10.0,14.0,0.9,1.2,0.6,0.01,0.06,0.65,0.3,0.72,0.005,0.38,0.22,0.01,0.14,1.0,0.28
pid,ground_truth,curvy,400.0,0.05,0.1,1.0,75.96569177880883,75.0124740600586,128.76983642578125,17.003415385069914,2.4410290593745287,0.7255100398918027,-0.16540227740209623,0.7255100398918027,0.16540227740209623,0.10725143551826477,0.003072775900363922,0.5921269059181213,0.0,19.444444444444443,318,312,5.544952869415283,RoadOption.STRAIGHT,64.56018829345703,130.71270751953125,3.1471855581950687,2.8,1.2,4.5,3.0,10.0,0.6,0.01,0.06,0.55,0.16,0.2,0.35,1.0,12,10.0,14.0,0.9,1.2,0.6,0.01,0.06,0.65,0.3,0.72,0.005,0.38,0.22,0.01,0.14,1.0,0.28
pid,ground_truth,curvy,400.0,0.05,0.1,1.0,76.01569177955389,74.20887756347656,129.0473175048828,17.000279234813387,2.4441652096310555,0.7159583330433481,-0.1649609916094703,0.7159583330433481,0.1649609916094703,0.10880329459905624,0.0015518590807914734,0.5964975953102112,0.0,19.444444444444443,319,313,5.544365406036377,RoadOption.STRAIGHT,63.56019973754883,130.7071075439453,3.1471855581950687,2.8,1.2,4.5,3.0,10.0,0.6,0.01,0.06,0.55,0.16,0.2,0.35,1.0,12,10.0,14.0,0.9,1.2,0.6,0.01,0.06,0.65,0.3,0.72,0.005,0.38,0.22,0.01,0.14,1.0,0.28
pid,ground_truth,curvy,400.0,0.05,0.1,1.0,76.06569178029895,73.3979263305664,129.30198669433594,16.997188026688498,2.447256417755945,0.706974933717567,-0.1641886748933472,0.706974933717567,0.1641886748933472,0.0822615921497345,-0.026541702449321747,0.5970517992973328,0.0,19.444444444444443,320,314,5.5441718101501465,RoadOption.STRAIGHT,62.56021499633789,130.70152282714844,3.1471855581950687,2.8,1.2,4.5,3.0,10.0,0.6,0.01,0.06,0.55,0.16,0.2,0.35,1.0,12,10.0,14.0,0.9,1.2,0.6,0.01,0.06,0.65,0.3,0.72,0.005,0.38,0.22,0.01,0.14,1.0,0.28
pid,ground_truth,curvy,400.0,0.05,0.1,1.0,76.115691781044,72.580322265625,129.5353546142578,17.006800616247926,2.437643828196517,0.6969075881997375,-0.16477536928149172,0.6969075881997375,0.16477536928149172,-0.017738407477736473,-0.09999999962747097,0.5593664050102234,0.0,19.444444444444443,320,315,5.544076919555664,RoadOption.STRAIGHT,62.56021499633789,130.70152282714844,3.1471855581950687,2.8,1.2,4.5,3.0,10.0,0.6,0.01,0.06,0.55,0.16,0.2,0.35,1.0,12,10.0,14.0,0.9,1.2,0.6,0.01,0.06,0.65,0.3,0.72,0.005,0.38,0.22,0.01,0.14,1.0,0.28
pid,ground_truth,curvy,400.0,0.05,0.1,1.0,76.16569178178906,71.75784301757812,129.7548370361328,17.03108805241869,2.4133563920257544,0.537979273863097,-0.14594974985183073,0.537979273863097,0.14594974985183073,0.0822615921497345,0.09999999962747097,0.512933611869812,0.0,19.444444444444443,321,315,4.694733619689941,RoadOption.STRAIGHT,61.56023025512695,130.6959228515625,3.1471855581950687,2.8,1.2,4.5,3.0,10.0,0.6,0.01,0.06,0.55,0.16,0.2,0.35,1.0,12,10.0,14.0,0.9,1.2,0.6,0.01,0.06,0.65,0.3,0.72,0.005,0.38,0.22,0.01,0.14,1.0,0.28
pid,ground_truth,curvy,400.0,0.05,0.1,1.0,76.21569178253412,70.93112182617188,129.95826721191406,17.019408898615854,2.425035545828589,0.5123900882101549,-0.15838937530359054,0.5123900882101549,0.15838937530359054,0.145216703414917,0.0629551112651825,0.6162094473838806,0.0,19.444444444444443,322,316,4.695347785949707,RoadOption.STRAIGHT,60.560245513916016,130.69033813476562,3.1471855581950687,2.8,1.2,4.5,3.0,10.0,0.6,0.01,0.06,0.55,0.16,0.2,0.35,1.0,12,10.0,14.0,0.9,1.2,0.6,0.01,0.06,0.65,0.3,0.72,0.005,0.38,0.22,0.01,0.14,1.0,0.28
pid,ground_truth,curvy,400.0,0.05,0.1,1.0,76.26569178327918,70.1006851196289,130.13832092285156,16.97843454426901,2.4660099001754325,0.4873985309994431,-0.1654100005692576,0.4873985309994431,0.1654100005692576,0.0808521956205368,-0.06436450779438019,0.7072503566741943,0.0,19.444444444444443,323,317,4.698448657989502,RoadOption.STRAIGHT,59.56026077270508,130.6847381591797,3.1471855581950687,2.8,1.2,4.5,3.0,10.0,0.6,0.01,0.06,0.55,0.16,0.2,0.35,1.0,12,10.0,14.0,0.9,1.2,0.6,0.01,0.06,0.65,0.3,0.72,0.005,0.38,0.22,0.01,0.14,1.0,0.28
pid,ground_truth,curvy,400.0,0.05,0.1,1.0,76.31569178402424,69.26658630371094,130.2979278564453,16.991634895003127,2.452809549441316,0.4410954737040741,-0.1658307800214902,0.4410954737040741,0.1658307800214902,0.03817278519272804,-0.04267941042780876,0.5526571273803711,0.0,19.444444444444443,324,318,4.724640846252441,RoadOption.STRAIGHT,58.56027603149414,130.6791534423828,3.1471855581950687,2.8,1.2,4.5,3.0,10.0,0.6,0.01,0.06,0.55,0.16,0.2,0.35,1.0,12,10.0,14.0,0.9,1.2,0.6,0.01,0.06,0.65,0.3,0.72,0.005,0.38,0.22,0.01,0.14,1.0,0.28
pid,ground_truth,curvy,400.0,0.05,0.1,1.0,76.3656917847693,68.42823791503906,130.4428253173828,17.02694702370665,2.417497420737792,0.2915044243207987,-0.14621047332254955,0.2915044243207987,0.14621047332254955,0.046350691467523575,0.008177906274795532,0.48297548294067383,0.0,19.444444444444443,325,319,4.87520694732666,RoadOption.STRAIGHT,57.560298919677734,130.67355346679688,3.1471855581950687,2.8,1.2,4.5,3.0,10.0,0.6,0.01,0.06,0.55,0.16,0.2,0.35,1.0,12,10.0,14.0,0.9,1.2,0.6,0.01,0.06,0.65,0.3,0.72,0.005,0.38,0.22,0.01,0.14,1.0,0.28
pid,ground_truth,curvy,400.0,0.05,0.1,1.0,76.41569178551435,67.58645629882812,130.57347106933594,17.03842042198514,2.4060240224593024,0.15616089662288116,-0.1296810313847545,0.15616089662288116,0.1296810313847545,0.04231807962059975,-0.004032611846923828,0.5471997857093811,0.0,19.444444444444443,325,320,5.027872562408447,RoadOption.STRAIGHT,57.560298919677734,130.67355346679688,3.1471855581950687,2.8,1.2,4.5,3.0,10.0,0.6,0.01,0.06,0.55,0.16,0.2,0.35,1.0,12,10.0,14.0,0.9,1.2,0.6,0.01,0.06,0.65,0.3,0.72,0.005,0.38,0.22,0.01,0.14,1.0,0.28
pid,ground_truth,curvy,400.0,0.05,0.1,1.0,76.46569178625941,66.7425308227539,130.68980407714844,17.035818149149954,2.4086262952944892,0.03510973821340902,-0.11498597480580619,0.03510973821340902,0.11498597480580619,0.06109771877527237,0.018779639154672623,0.5871841311454773,0.0,19.444444444444443,326,320,4.182332515716553,RoadOption.STRAIGHT,56.5603141784668,130.66796875,3.1471855581950687,2.8,1.2,4.5,3.0,10.0,0.6,0.01,0.06,0.55,0.16,0.2,0.35,1.0,12,10.0,14.0,0.9,1.2,0.6,0.01,0.06,0.65,0.3,0.72,0.005,0.38,0.22,0.01,0.14,1.0,0.28
pid,ground_truth,curvy,400.0,0.05,0.1,1.0,76.51569178700447,65.89701843261719,130.79124450683594,17.029061279701338,2.4153831647431048,-0.07106504830173012,-0.10029810876180134,0.07106504830173012,0.10029810876180134,0.04429624229669571,-0.01680147647857666,0.6003035306930542,0.0,19.444444444444443,327,321,4.337836265563965,RoadOption.STRAIGHT,55.56032943725586,130.66236877441406,3.1471855581950687,2.8,1.2,4.5,3.0,10.0,0.6,0.01,0.06,0.55,0.16,0.2,0.35,1.0,12,10.0,14.0,0.9,1.2,0.6,0.01,0.06,0.65,0.3,0.72,0.005,0.38,0.22,0.01,0.14,1.0,0.28
pid,ground_truth,curvy,400.0,0.05,0.1,1.0,76.56569178774953,65.04991912841797,130.8790740966797,17.035116332800502,2.4093281116439407,-0.16362282471234535,-0.08603661480831803,0.16362282471234535,0.08603661480831803,0.031366948038339615,-0.012929294258356094,0.5630980134010315,0.0,19.444444444444443,328,322,4.4936394691467285,RoadOption.STRAIGHT,54.56034469604492,130.6567840576172,3.1471855581950687,2.8,1.2,4.5,3.0,10.0,0.6,0.01,0.06,0.55,0.16,0.2,0.35,1.0,12,10.0,14.0,0.9,1.2,0.6,0.01,0.06,0.65,0.3,0.72,0.005,0.38,0.22,0.01,0.14,1.0,0.28
pid,ground_truth,curvy,400.0,0.05,0.1,1.0,76.61569178849459,64.20121765136719,130.9554443359375,17.045988335267406,2.3984561091770367,-0.24474564906774804,-0.07358766829274277,0.24474564906774804,0.07358766829274277,0.03143769130110741,7.074326276779175e-05,0.5472187399864197,0.0,19.444444444444443,329,323,4.648845672607422,RoadOption.STRAIGHT,53.560359954833984,130.65118408203125,3.1471855581950687,2.8,1.2,4.5,3.0,10.0,0.6,0.01,0.06,0.55,0.16,0.2,0.35,1.0,12,10.0,14.0,0.9,1.2,0.6,0.01,0.06,0.65,0.3,0.72,0.005,0.38,0.22,0.01,0.14,1.0,0.28
pid,ground_truth,curvy,400.0,0.05,0.1,1.0,76.66569178923965,63.35123062133789,131.02122497558594,17.052044391670012,2.3924000527744305,-0.3152709708250413,-0.06272410157409158,0.3152709708250413,0.06272410157409158,0.031113367527723312,-0.00032432377338409424,0.5593710541725159,0.0,19.444444444444443,330,324,4.8031511306762695,RoadOption.STRAIGHT,52.56037521362305,130.6455841064453,3.1471855581950687,2.8,1.2,4.5,3.0,10.0,0.6,0.01,0.06,0.55,0.16,0.2,0.35,1.0,12,10.0,14.0,0.9,1.2,0.6,0.01,0.06,0.65,0.3,0.72,0.005,0.38,0.22,0.01,0.14,1.0,0.28
pid,ground_truth,curvy,400.0,0.05,0.1,1.0,76.7156917899847,62.50033950805664,131.07687377929688,17.05468800119349,2.3897564432509526,-0.37568497275497004,-0.05282166969284985,0.37568497275497004,0.05282166969284985,0.026633435860276222,-0.00447993166744709,0.5683442950248718,0.0,19.444444444444443,331,325,4.956478118896484,RoadOption.STRAIGHT,51.56039047241211,130.63999938964844,3.1471855581950687,2.8,1.2,4.5,3.0,10.0,0.6,0.01,0.06,0.55,0.16,0.2,0.35,1.0,12,10.0,14.0,0.9,1.2,0.6,0.01,0.06,0.65,0.3,0.72,0.005,0.38,0.22,0.01,0.14,1.0,0.28
pid,ground_truth,curvy,400.0,0.05,0.1,1.0,76.76569179072976,61.64875793457031,131.1233673095703,17.05817810041573,2.386266344028712,-0.42693240487542955,-0.04382817469165223,0.42693240487542955,0.04382817469165223,0.05443840101361275,0.027804965153336525,0.5652062892913818,0.0,19.444444444444443,331,326,5.108781814575195,RoadOption.STRAIGHT,51.56039047241211,130.63999938964844,3.1471855581950687,2.8,1.2,4.5,3.0,10.0,0.6,0.01,0.06,0.55,0.16,0.2,0.35,1.0,12,10.0,14.0,0.9,1.2,0.6,0.01,0.06,0.65,0.3,0.72,0.005,0.38,0.22,0.01,0.14,1.0,0.28
pid,ground_truth,curvy,400.0,0.05,0.1,1.0,76.81569179147482,60.796669006347656,131.1592559814453,17.056160154345523,2.3882842900989196,-0.4675861426880269,-0.03360323400240217,0.4675861426880269,0.03360323400240217,0.005070527084171772,-0.049367873929440975,0.5810728073120117,0.0,19.444444444444443,332,326,4.264747619628906,RoadOption.STRAIGHT,50.56040573120117,130.6343994140625,3.1471855581950687,2.8,1.2,4.5,3.0,10.0,0.6,0.01,0.06,0.55,0.16,0.2,0.35,1.0,12,10.0,14.0,0.9,1.2,0.6,0.01,0.06,0.65,0.3,0.72,0.005,0.38,0.22,0.01,0.14,1.0,0.28
pid,ground_truth,curvy,400.0,0.05,0.1,1.0,76.86569179221988,59.9440803527832,131.18798828125,17.064785481244083,2.3796589632003595,-0.5010935131536781,-0.025192704963822532,0.5010935131536781,0.025192704963822532,0.008696891367435455,0.0036263642832636833,0.5493740439414978,0.0,19.444444444444443,333,327,4.415150165557861,RoadOption.STRAIGHT,49.560420989990234,130.62881469726562,3.1471855581950687,2.8,1.2,4.5,3.0,10.0,0.6,0.01,0.06,0.55,0.16,0.2,0.35,1.0,12,10.0,14.0,0.9,1.2,0.6,0.01,0.06,0.65,0.3,0.72,0.005,0.38,0.22,0.01,0.14,1.0,0.28
pid,ground_truth,curvy,400.0,0.05,0.1,1.0,76.91569179296494,59.09090805053711,131.21136474609375,17.07221083911195,2.372233605332493,-0.5292331381489607,-0.019509252881484418,0.5292331381489607,0.019509252881484418,0.02238498069345951,0.013688089326024055,0.5511003732681274,0.0,19.444444444444443,334,328,4.564380645751953,RoadOption.STRAIGHT,48.5604362487793,130.6232147216797,3.1471855581950687,2.8,1.2,4.5,3.0,10.0,0.6,0.01,0.06,0.55,0.16,0.2,0.35,1.0,12,10.0,14.0,0.9,1.2,0.6,0.01,0.06,0.65,0.3,0.72,0.005,0.38,0.22,0.01,0.14,1.0,0.28
pid,ground_truth,curvy,400.0,0.05,0.1,1.0,76.96569179371,58.23738479614258,131.22825622558594,17.07428204815586,2.370162396288581,-0.5509051006015394,-0.014209828628335863,0.5509051006015394,0.014209828628335863,0.017418596893548965,-0.004966383799910545,0.5656363368034363,0.0,19.444444444444443,335,329,4.712491512298584,RoadOption.STRAIGHT,47.56045150756836,130.6176300048828,3.1471855581950687,2.8,1.2,4.5,3.0,10.0,0.6,0.01,0.06,0.55,0.16,0.2,0.35,1.0,12,10.0,14.0,0.9,1.2,0.6,0.01,0.06,0.65,0.3,0.72,0.005,0.38,0.22,0.01,0.14,1.0,0.28
pid,ground_truth,curvy,400.0,0.05,0.1,1.0,77.01569179445505,57.38367462158203,131.23919677734375,17.07663850792431,2.3678059365201314,-0.5666272738149489,-0.008933041244453044,0.5666272738149489,0.008933041244453044,0.009901599958539009,-0.007516996935009956,0.5643191933631897,0.0,19.444444444444443,336,330,4.859691143035889,RoadOption.STRAIGHT,46.56046676635742,130.61203002929688,3.1471855581950687,2.8,1.2,4.5,3.0,10.0,0.6,0.01,0.06,0.55,0.16,0.2,0.35,1.0,12,10.0,14.0,0.9,1.2,0.6,0.01,0.06,0.65,0.3,0.72,0.005,0.38,0.22,0.01,0.14,1.0,0.28
pid,ground_truth,curvy,400.0,0.05,0.1,1.0,77.06569179520011,56.52974319458008,131.2455291748047,17.08066338616559,2.363781058278853,-0.5777273436911055,-0.004442152698252322,0.5777273436911055,0.004442152698252322,0.009518246166408062,-0.0003833537921309471,0.5587621927261353,0.0,19.444444444444443,337,331,5.006109714508057,RoadOption.STRAIGHT,45.560482025146484,130.6064453125,3.1471855581950687,2.8,1.2,4.5,3.0,10.0,0.6,0.01,0.06,0.55,0.16,0.2,0.35,1.0,12,10.0,14.0,0.9,1.2,0.6,0.01,0.06,0.65,0.3,0.72,0.005,0.38,0.22,0.01,0.14,1.0,0.28
pid,ground_truth,curvy,400.0,0.05,0.1,1.0,77.11569179594517,55.67559051513672,131.24786376953125,17.084520450371162,2.359923994073281,-0.5848461693472803,-0.0007454187891138275,0.5848461693472803,0.0007454187891138275,0.053193096071481705,0.04367484990507364,0.5583835244178772,0.0,19.444444444444443,337,332,5.1518402099609375,RoadOption.STRAIGHT,45.560482025146484,130.6064453125,3.1471855581950687,2.8,1.2,4.5,3.0,10.0,0.6,0.01,0.06,0.55,0.16,0.2,0.35,1.0,12,10.0,14.0,0.9,1.2,0.6,0.01,0.06,0.65,0.3,0.72,0.005,0.38,0.22,0.01,0.14,1.0,0.28
pid,ground_truth,curvy,400.0,0.05,0.1,1.0,77.16569179669023,54.82148742675781,131.243408203125,17.0808483440379,2.363596100406543,-0.5851675648194926,0.005353486423277154,0.5851675648194926,0.005353486423277154,-0.015012595802545547,-0.06820569187402725,0.5802730321884155,0.0,19.444444444444443,338,332,4.304382801055908,RoadOption.STRAIGHT,44.56049728393555,130.60084533691406,3.1471855581950687,2.8,1.2,4.5,3.0,10.0,0.6,0.01,0.06,0.55,0.16,0.2,0.35,1.0,12,10.0,14.0,0.9,1.2,0.6,0.01,0.06,0.65,0.3,0.72,0.005,0.38,0.22,0.01,0.14,1.0,0.28
pid,ground_truth,curvy,400.0,0.05,0.1,1.0,77.21569179743528,53.96735763549805,131.23590087890625,17.08547775930002,2.3589666851444235,-0.5824292388992585,0.009925867698834523,0.5824292388992585,0.009925867698834523,-0.009537908248603344,0.0054746875539422035,0.5560103058815002,0.0,19.444444444444443,339,333,4.448555946350098,RoadOption.STRAIGHT,43.56051254272461,130.5952606201172,3.1471855581950687,2.8,1.2,4.5,3.0,10.0,0.6,0.01,0.06,0.55,0.16,0.2,0.35,1.0,12,10.0,14.0,0.9,1.2,0.6,0.01,0.06,0.65,0.3,0.72,0.005,0.38,0.22,0.01,0.14,1.0,0.28
pid,ground_truth,curvy,400.0,0.05,0.1,1.0,77.26569179818034,53.112918853759766,131.22772216796875,17.09187422615623,2.352570218288214,-0.5790365234566024,0.011125355453805774,0.5790365234566024,0.011125355453805774,0.014201508834958076,0.02373941708356142,0.5496553182601929,0.0,19.444444444444443,340,334,4.592442512512207,RoadOption.STRAIGHT,42.56052780151367,130.58966064453125,3.1471855581950687,2.8,1.2,4.5,3.0,10.0,0.6,0.01,0.06,0.55,0.16,0.2,0.35,1.0,12,10.0,14.0,0.9,1.2,0.6,0.01,0.06,0.65,0.3,0.72,0.005,0.38,0.22,0.01,0.14,1.0,0.28
pid,ground_truth,curvy,400.0,0.05,0.1,1.0,77.3156917989254,52.25831604003906,131.21653747558594,17.094560043254432,2.3498844011900104,-0.5726235324429715,0.012470518120404783,0.5726235324429715,0.012470518120404783,0.00924349669367075,-0.004958012141287327,0.5594542622566223,0.0,19.444444444444443,341,335,4.735887050628662,RoadOption.STRAIGHT,41.560543060302734,130.58407592773438,3.1471855581950687,2.8,1.2,4.5,3.0,10.0,0.6,0.01,0.06,0.55,0.16,0.2,0.35,1.0,12,10.0,14.0,0.9,1.2,0.6,0.01,0.06,0.65,0.3,0.72,0.005,0.38,0.22,0.01,0.14,1.0,0.28
pid,ground_truth,curvy,400.0,0.05,0.1,1.0,77.36569179967046,51.40364074707031,131.20236206054688,17.096499212317728,2.3479452321267154,-0.5632355294665593,0.01453793007463311,0.5632355294665593,0.01453793007463311,-0.0006825425080023706,-0.00992603920167312,0.5611183047294617,0.0,19.444444444444443,342,336,4.879019260406494,RoadOption.STRAIGHT,40.5605583190918,130.57847595214844,3.1471855581950687,2.8,1.2,4.5,3.0,10.0,0.6,0.01,0.06,0.55,0.16,0.2,0.35,1.0,12,10.0,14.0,0.9,1.2,0.6,0.01,0.06,0.65,0.3,0.72,0.005,0.38,0.22,0.01,0.14,1.0,0.28
pid,ground_truth,curvy,400.0,0.05,0.1,1.0,77.41569180041552,50.54889678955078,131.1866912841797,17.098982235584607,2.3454622088598356,-0.5523373140317164,0.016034626607257962,0.5523373140317164,0.016034626607257962,0.04237402603030205,0.04305656853830442,0.5590492486953735,0.0,19.444444444444443,342,337,5.022048473358154,RoadOption.STRAIGHT,40.5605583190918,130.57847595214844,3.1471855581950687,2.8,1.2,4.5,3.0,10.0,0.6,0.01,0.06,0.55,0.16,0.2,0.35,1.0,12,10.0,14.0,0.9,1.2,0.6,0.01,0.06,0.65,0.3,0.72,0.005,0.38,0.22,0.01,0.14,1.0,0.28
pid,ground_truth,curvy,400.0,0.05,0.1,1.0,77.46569180116057,49.69426727294922,131.16656494140625,17.096631682074314,2.347812762370129,-0.5369911224790853,0.019971311330612807,0.5369911224790853,0.019971311330612807,-0.023557525128126144,-0.06593155115842819,0.5731003284454346,0.0,19.444444444444443,343,337,4.171560764312744,RoadOption.STRAIGHT,39.560577392578125,130.57289123535156,3.1471855581950687,2.8,1.2,4.5,3.0,10.0,0.6,0.01,0.06,0.55,0.16,0.2,0.35,1.0,12,10.0,14.0,0.9,1.2,0.6,0.01,0.06,0.65,0.3,0.72,0.005,0.38,0.22,0.01,0.14,1.0,0.28
pid,ground_truth,curvy,400.0,0.05,0.1,1.0,77.51569180190563,48.83964920043945,131.14573669433594,17.098649925438618,2.3457945190058247,-0.5209500714964805,0.022231536147763187,0.5209500714964805,0.022231536147763187,-0.014125803485512733,0.009431721642613411,0.560423731803894,0.0,19.444444444444443,344,338,4.3137054443359375,RoadOption.STRAIGHT,38.56059265136719,130.56729125976562,3.1471855581950687,2.8,1.2,4.5,3.0,10.0,0.6,0.01,0.06,0.55,0.16,0.2,0.35,1.0,12,10.0,14.0,0.9,1.2,0.6,0.01,0.06,0.65,0.3,0.72,0.005,0.38,0.22,0.01,0.14,1.0,0.28
pid,ground_truth,curvy,400.0,0.05,0.1,1.0,77.56569180265069,47.98479461669922,131.12603759765625,17.103524555385004,2.340919889059439,-0.5060242174717486,0.021424065705250683,0.5060242174717486,0.021424065705250683,0.00954341609030962,0.023669219575822353,0.551353394985199,0.0,19.444444444444443,345,339,4.456007480621338,RoadOption.STRAIGHT,37.56060791015625,130.5616912841797,3.1471855581950687,2.8,1.2,4.5,3.0,10.0,0.6,0.01,0.06,0.55,0.16,0.2,0.35,1.0,12,10.0,14.0,0.9,1.2,0.6,0.01,0.06,0.65,0.3,0.72,0.005,0.38,0.22,0.01,0.14,1.0,0.28
pid,ground_truth,curvy,400.0,0.05,0.1,1.0,77.61569180339575,47.12977981567383,131.10496520996094,17.10649047809044,2.3379539663540037,-0.4897412485357384,0.021095964258953437,0.4897412485357384,0.021095964258953437,0.0039932518266141415,-0.0055501642636954784,0.5560452938079834,0.0,19.444444444444443,346,340,4.598217487335205,RoadOption.STRAIGHT,36.56062316894531,130.5561065673828,3.1471855581950687,2.8,1.2,4.5,3.0,10.0,0.6,0.01,0.06,0.55,0.16,0.2,0.35,1.0,12,10.0,14.0,0.9,1.2,0.6,0.01,0.06,0.65,0.3,0.72,0.005,0.38,0.22,0.01,0.14,1.0,0.28
pid,ground_truth,curvy,400.0,0.05,0.1,1.0,77.6656918041408,46.27469253540039,131.08248901367188,17.108299121260224,2.336145323184219,-0.4720396397788914,0.0216254006836607,0.4720396397788914,0.0216254006836607,-0.00507740955799818,-0.009070661384612322,0.558887779712677,0.0,19.444444444444443,347,341,4.740424633026123,RoadOption.STRAIGHT,35.560638427734375,130.55050659179688,3.1471855581950687,2.8,1.2,4.5,3.0,10.0,0.6,0.01,0.06,0.55,0.16,0.2,0.35,1.0,12,10.0,14.0,0.9,1.2,0.6,0.01,0.06,0.65,0.3,0.72,0.005,0.38,0.22,0.01,0.14,1.0,0.28
pid,ground_truth,curvy,400.0,0.05,0.1,1.0,77.71569180488586,45.41952896118164,131.05996704101562,17.10977520622043,2.334669238224013,-0.45430794062375546,0.02169357760756707,0.45430794062375546,0.02169357760756707,-0.0028077473398298025,0.002269662218168378,0.5594941973686218,0.0,19.444444444444443,348,342,4.8827691078186035,RoadOption.STRAIGHT,34.56065368652344,130.544921875,3.1471855581950687,2.8,1.2,4.5,3.0,10.0,0.6,0.01,0.06,0.55,0.16,0.2,0.35,1.0,12,10.0,14.0,0.9,1.2,0.6,0.01,0.06,0.65,0.3,0.72,0.005,0.38,0.22,0.01,0.14,1.0,0.28
pid,ground_truth,curvy,400.0,0.05,0.1,1.0,77.76569180563092,44.56427764892578,131.03762817382812,17.11146998579784,2.3329744586466035,-0.43674459756618317,0.021290907650747037,0.43674459756618317,0.021290907650747037,0.033026233315467834,0.03583398065529764,0.5585089921951294,0.0,19.444444444444443,348,343,5.025236129760742,RoadOption.STRAIGHT,34.56065368652344,130.544921875,3.1471855581950687,2.8,1.2,4.5,3.0,10.0,0.6,0.01,0.06,0.55,0.16,0.2,0.35,1.0,12,10.0,14.0,0.9,1.2,0.6,0.01,0.06,0.65,0.3,0.72,0.005,0.38,0.22,0.01,0.14,1.0,0.28
pid,ground_truth,curvy,400.0,0.05,0.1,1.0,77.81569180637598,43.70912551879883,131.012451171875,17.110245623377445,2.334198821066998,-0.4163507487397924,0.02341664283284839,0.4163507487397924,0.02341664283284839,-0.023388586938381195,-0.05641482025384903,0.5669519305229187,0.0,19.444444444444443,349,343,4.171770095825195,RoadOption.STRAIGHT,33.560672760009766,130.53932189941406,3.1471855581950687,2.8,1.2,4.5,3.0,10.0,0.6,0.01,0.06,0.55,0.16,0.2,0.35,1.0,12,10.0,14.0,0.9,1.2,0.6,0.01,0.06,0.65,0.3,0.72,0.005,0.38,0.22,0.01,0.14,1.0,0.28
pid,ground_truth,curvy,400.0,0.05,0.1,1.0,77.86569180712104,42.85396957397461,130.98782348632812,17.110840453922016,2.333603990522427,-0.39651332695765457,0.02422677643645077,0.39651332695765457,0.02422677643645077,-0.0148293012753129,0.008559285663068295,0.5617273449897766,0.0,19.444444444444443,350,344,4.313923358917236,RoadOption.STRAIGHT,32.56068801879883,130.5337371826172,3.1471855581950687,2.8,1.2,4.5,3.0,10.0,0.6,0.01,0.06,0.55,0.16,0.2,0.35,1.0,12,10.0,14.0,0.9,1.2,0.6,0.01,0.06,0.65,0.3,0.72,0.005,0.38,0.22,0.01,0.14,1.0,0.28
pid,ground_truth,curvy,400.0,0.05,0.1,1.0,77.9156918078661,41.99863052368164,130.96517944335938,17.114115649593305,2.3303287948511375,-0.3786605408150559,0.022557507065188886,0.3786605408150559,0.022557507065188886,0.00557792279869318,0.02040722407400608,0.5535017848014832,0.0,19.444444444444443,351,345,4.456327438354492,RoadOption.STRAIGHT,31.56070327758789,130.52813720703125,3.1471855581950687,2.8,1.2,4.5,3.0,10.0,0.6,0.01,0.06,0.55,0.16,0.2,0.35,1.0,12,10.0,14.0,0.9,1.2,0.6,0.01,0.06,0.65,0.3,0.72,0.005,0.38,0.22,0.01,0.14,1.0,0.28
pid,ground_truth,curvy,400.0,0.05,0.1,1.0,77.96569180861115,41.14314270019531,130.94223022460938,17.116739746713215,2.327704697731228,-0.3604881571837619,0.021420603595833754,0.3604881571837619,0.021420603595833754,0.0009935105917975307,-0.004584412206895649,0.5547475814819336,0.0,19.444444444444443,352,346,4.598758697509766,RoadOption.STRAIGHT,30.560718536376953,130.52255249023438,3.1471855581950687,2.8,1.2,4.5,3.0,10.0,0.6,0.01,0.06,0.55,0.16,0.2,0.35,1.0,12,10.0,14.0,0.9,1.2,0.6,0.01,0.06,0.65,0.3,0.72,0.005,0.38,0.22,0.01,0.14,1.0,0.28
pid,ground_truth,curvy,400.0,0.05,0.1,1.0,78.01569180935621,40.28758239746094,130.9188995361328,17.1182026737292,2.3262417707152423,-0.34194997371000546,0.02110022531669742,0.34194997371000546,0.02110022531669742,-0.0063681392930448055,-0.007361649884842336,0.5576769709587097,0.0,19.444444444444443,353,347,4.741278171539307,RoadOption.STRAIGHT,29.560733795166016,130.51695251464844,3.1471855581950687,2.8,1.2,4.5,3.0,10.0,0.6,0.01,0.06,0.55,0.16,0.2,0.35,1.0,12,10.0,14.0,0.9,1.2,0.6,0.01,0.06,0.65,0.3,0.72,0.005,0.38,0.22,0.01,0.14,1.0,0.28
pid,ground_truth,curvy,400.0,0.05,0.1,1.0,78.06569181010127,39.43194580078125,130.89627075195312,17.119041862965346,2.3254025814790964,-0.32409885170728747,0.020464795080604503,0.32409885170728747,0.020464795080604503,-0.0040831188671290874,0.002285020425915718,0.559238851070404,0.0,19.444444444444443,354,348,4.883946895599365,RoadOption.STRAIGHT,28.560749053955078,130.51136779785156,3.1471855581950687,2.8,1.2,4.5,3.0,10.0,0.6,0.01,0.06,0.55,0.16,0.2,0.35,1.0,12,10.0,14.0,0.9,1.2,0.6,0.01,0.06,0.65,0.3,0.72,0.005,0.38,0.22,0.01,0.14,1.0,0.28
pid,ground_truth,curvy,400.0,0.05,0.1,1.0,78.11569181084633,38.57624053955078,130.87442016601562,17.120127894524998,2.3243165499194447,-0.3070415796933598,0.01951564446810039,0.3070415796933598,0.01951564446810039,0.021662907674908638,0.025746026542037725,0.5583087801933289,0.0,19.444444444444443,354,349,5.026750087738037,RoadOption.STRAIGHT,28.560749053955078,130.51136779785156,3.1471855581950687,2.8,1.2,4.5,3.0,10.0,0.6,0.01,0.06,0.55,0.16,0.2,0.35,1.0,12,10.0,14.0,0.9,1.2,0.6,0.01,0.06,0.65,0.3,0.72,0.005,0.38,0.22,0.01,0.14,1.0,0.28
pid,ground_truth,curvy,400.0,0.05,0.1,1.0,78.16569181159139,37.72056198120117,130.85107421875,17.120119552092394,2.324324892352049,-0.28848170116379673,0.020462398235623347,0.28848170116379673,0.020462398235623347,-0.018625253811478615,-0.04028816148638725,0.561374843120575,0.0,19.444444444444443,355,349,4.171555042266846,RoadOption.STRAIGHT,27.56076431274414,130.50576782226562,3.1471855581950687,2.8,1.2,4.5,3.0,10.0,0.6,0.01,0.06,0.55,0.16,0.2,0.35,1.0,12,10.0,14.0,0.9,1.2,0.6,0.01,0.06,0.65,0.3,0.72,0.005,0.38,0.22,0.01,0.14,1.0,0.28
pid,ground_truth,curvy,400.0,0.05,0.1,1.0,78.21569181233644,36.864845275878906,130.82867431640625,17.12047255303735,2.323971891407094,-0.27085990545490723,0.02049009511096056,0.27085990545490723,0.02049009511096056,-0.012014482170343399,0.006610771641135216,0.5602853894233704,0.0,19.444444444444443,356,350,4.314250946044922,RoadOption.STRAIGHT,26.560779571533203,130.50018310546875,3.1471855581950687,2.8,1.2,4.5,3.0,10.0,0.6,0.01,0.06,0.55,0.16,0.2,0.35,1.0,12,10.0,14.0,0.9,1.2,0.6,0.01,0.06,0.65,0.3,0.72,0.005,0.38,0.22,0.01,0.14,1.0,0.28
pid,ground_truth,curvy,400.0,0.05,0.1,1.0,78.2656918130815,36.00901412963867,130.80816650390625,17.122350675673445,2.3220937687709977,-0.2551460686012207,0.018790465703271586,0.2551460686012207,0.018790465703271586,0.0028166871052235365,0.014831169275566936,0.5556018948554993,0.0,19.444444444444443,357,351,4.457116603851318,RoadOption.STRAIGHT,25.560794830322266,130.4945831298828,3.1471855581950687,2.8,1.2,4.5,3.0,10.0,0.6,0.01,0.06,0.55,0.16,0.2,0.35,1.0,12,10.0,14.0,0.9,1.2,0.6,0.01,0.06,0.65,0.3,0.72,0.005,0.38,0.22,0.01,0.14,1.0,0.28
pid,ground_truth,curvy,400.0,0.05,0.1,1.0,78.31569181382656,35.153079986572266,130.78787231445312,17.124122449301503,2.3203219951429404,-0.2396311689513002,0.01754463894533309,0.2396311689513002,0.01754463894533309,-0.0004997975775040686,-0.003316484682727605,0.5555098652839661,0.0,19.444444444444443,358,352,4.600019931793213,RoadOption.STRAIGHT,24.56081199645996,130.48899841308594,3.1471855581950687,2.8,1.2,4.5,3.0,10.0,0.6,0.01,0.06,0.55,0.16,0.2,0.35,1.0,12,10.0,14.0,0.9,1.2,0.6,0.01,0.06,0.65,0.3,0.72,0.005,0.38,0.22,0.01,0.14,1.0,0.28
pid,ground_truth,curvy,400.0,0.05,0.1,1.0,78.36569181457162,34.297080993652344,130.7677001953125,17.125185858684773,2.3192585857596697,-0.2242539589522342,0.01692998136574264,0.2242539589522342,0.01692998136574264,-0.005643579177558422,-0.0051437816000543535,0.5572593212127686,0.0,19.444444444444443,359,353,4.742980480194092,RoadOption.STRAIGHT,23.560827255249023,130.4833984375,3.1471855581950687,2.8,1.2,4.5,3.0,10.0,0.6,0.01,0.06,0.55,0.16,0.2,0.35,1.0,12,10.0,14.0,0.9,1.2,0.6,0.01,0.06,0.65,0.3,0.72,0.005,0.38,0.22,0.01,0.14,1.0,0.28
pid,ground_truth,curvy,400.0,0.05,0.1,1.0,78.41569181531668,33.441017150878906,130.74838256835938,17.12579318068623,2.3186512637582126,-0.20971633192293887,0.016121978291012695,0.20971633192293887,0.016121978291012695,-0.003808801993727684,0.001834777183830738,0.5584027767181396,0.0,19.444444444444443,360,354,4.886020660400391,RoadOption.STRAIGHT,22.560842514038086,130.47779846191406,3.1471855581950687,2.8,1.2,4.5,3.0,10.0,0.6,0.01,0.06,0.55,0.16,0.2,0.35,1.0,12,10.0,14.0,0.9,1.2,0.6,0.01,0.06,0.65,0.3,0.72,0.005,0.38,0.22,0.01,0.14,1.0,0.28
pid,ground_truth,curvy,400.0,0.05,0.1,1.0,78.46569181606174,32.58490753173828,130.7299041748047,17.126550327395684,2.317894117048759,-0.19603343973819204,0.015128352888304164,0.19603343973819204,0.015128352888304164,0.012883258983492851,0.016692060977220535,0.5578166842460632,0.0,19.444444444444443,360,355,5.029140949249268,RoadOption.STRAIGHT,22.560842514038086,130.47779846191406,3.1471855581950687,2.8,1.2,4.5,3.0,10.0,0.6,0.01,0.06,0.55,0.16,0.2,0.35,1.0,12,10.0,14.0,0.9,1.2,0.6,0.01,0.06,0.65,0.3,0.72,0.005,0.38,0.22,0.01,0.14,1.0,0.28
pid,ground_truth,curvy,400.0,0.05,0.1,1.0,78.5156918168068,31.72878074645996,130.71080017089844,17.126987013038946,2.317457431405497,-0.18171794510033284,0.015407452170544289,0.18171794510033284,0.015407452170544289,-0.013135785236954689,-0.02601904422044754,0.558617889881134,0.0,19.444444444444443,361,355,4.173056602478027,RoadOption.STRAIGHT,21.56085777282715,130.4722137451172,3.1471855581950687,2.8,1.2,4.5,3.0,10.0,0.6,0.01,0.06,0.55,0.16,0.2,0.35,1.0,12,10.0,14.0,0.9,1.2,0.6,0.01,0.06,0.65,0.3,0.72,0.005,0.38,0.22,0.01,0.14,1.0,0.28
pid,ground_truth,curvy,400.0,0.05,0.1,1.0,78.56569181755185,30.87261390686035,130.69264221191406,17.127342580016737,2.3171018644277055,-0.16834054395071057,0.015100922329075672,0.16834054395071057,0.015100922329075672,-0.00851569976657629,0.004620085470378399,0.5587668418884277,0.0,19.444444444444443,362,356,4.316127777099609,RoadOption.STRAIGHT,20.56087303161621,130.46661376953125,3.1471855581950687,2.8,1.2,4.5,3.0,10.0,0.6,0.01,0.06,0.55,0.16,0.2,0.35,1.0,12,10.0,14.0,0.9,1.2,0.6,0.01,0.06,0.65,0.3,0.72,0.005,0.38,0.22,0.01,0.14,1.0,0.28
pid,ground_truth,curvy,400.0,0.05,0.1,1.0,78.61569181829691,30.016380310058594,130.6759796142578,17.128393591914755,2.3160508525296883,-0.156474112656516,0.013707822762855315,0.156474112656516,0.013707822762855315,0.001163012464530766,0.009678712231107056,0.556588351726532,0.0,19.444444444444443,363,357,4.459277153015137,RoadOption.STRAIGHT,19.560890197753906,130.46102905273438,3.1471855581950687,2.8,1.2,4.5,3.0,10.0,0.6,0.01,0.06,0.55,0.16,0.2,0.35,1.0,12,10.0,14.0,0.9,1.2,0.6,0.01,0.06,0.65,0.3,0.72,0.005,0.38,0.22,0.01,0.14,1.0,0.28
pid,ground_truth,curvy,400.0,0.05,0.1,1.0,78.66569181904197,29.16008186340332,130.65966796875,17.129473147063543,2.3149712973809002,-0.14494374283608516,0.012655607816165926,0.14494374283608516,0.012655607816165926,-0.0010551618179306388,-0.002218174282461405,0.556270956993103,0.0,19.444444444444443,364,358,4.602436065673828,RoadOption.STRAIGHT,18.560895919799805,130.45542907714844,3.1471855581950687,2.8,1.2,4.5,3.0,10.0,0.6,0.01,0.06,0.55,0.16,0.2,0.35,1.0,12,10.0,14.0,0.9,1.2,0.6,0.01,0.06,0.65,0.3,0.72,0.005,0.38,0.22,0.01,0.14,1.0,0.28
pid,ground_truth,curvy,400.0,0.05,0.1,1.0,78.71569181978703,28.30373191833496,130.64366149902344,17.13020318803289,2.3142412564115524,-0.13373407993093672,0.012034026017740729,0.13373407993093672,0.012034026017740729,-0.0041234418749809265,-0.0030682800570502877,0.5570889711380005,0.0,19.444444444444443,365,359,4.745611667633057,RoadOption.STRAIGHT,17.56505584716797,130.44969177246094,3.14797438650995,2.8,1.2,4.5,3.0,10.0,0.6,0.01,0.06,0.55,0.16,0.2,0.35,1.0,12,10.0,14.0,0.9,1.2,0.6,0.01,0.06,0.65,0.3,0.72,0.005,0.38,0.22,0.01,0.14,1.0,0.28
pid,ground_truth,curvy,400.0,0.05,0.1,1.0,78.76569182053208,27.447345733642578,130.62841796875,17.130687560110086,2.3137568843343566,-0.12328754723005278,0.011317369368400776,0.12328754723005278,0.011317369368400776,-0.0016284491866827011,0.0024949926882982254,0.5576702952384949,0.0,19.444444444444443,366,360,4.888824462890625,RoadOption.STRAIGHT,16.57558250427246,130.4423828125,3.1499744204885998,2.8,1.2,4.5,3.0,10.0,0.6,0.01,0.06,0.55,0.16,0.2,0.35,1.0,12,10.0,14.0,0.9,1.2,0.6,0.01,0.06,0.65,0.3,0.72,0.005,0.38,0.22,0.01,0.14,1.0,0.28
pid,ground_truth,curvy,400.0,0.05,0.1,1.0,78.81569182127714,26.590919494628906,130.61378479003906,17.131240258635195,2.313204185809248,-0.11343632201403656,0.010611897995638664,0.11343632201403656,0.010611897995638664,0.006036364007741213,0.007664813194423914,0.5573573708534241,0.0,19.444444444444443,366,361,5.0320539474487305,RoadOption.STRAIGHT,16.57558250427246,130.4423828125,3.1499744204885998,2.8,1.2,4.5,3.0,10.0,0.6,0.01,0.06,0.55,0.16,0.2,0.35,1.0,12,10.0,14.0,0.9,1.2,0.6,0.01,0.06,0.65,0.3,0.72,0.005,0.38,0.22,0.01,0.14,1.0,0.28
pid,ground_truth,curvy,400.0,0.05,0.1,1.0,78.8656918220222,25.73447036743164,130.59898376464844,17.131746262466933,2.3126981819775096,-0.10342554141034582,0.010620686427236237,0.10342554141034582,0.010620686427236237,-0.005821597762405872,-0.011857961770147085,0.5573768019676208,0.0,19.444444444444443,367,361,4.175538063049316,RoadOption.STRAIGHT,15.586126327514648,130.43312072753906,3.15197418815114,2.8,1.2,4.5,3.0,10.0,0.6,0.01,0.06,0.55,0.16,0.2,0.35,1.0,12,10.0,14.0,0.9,1.2,0.6,0.01,0.06,0.65,0.3,0.72,0.005,0.38,0.22,0.01,0.14,1.0,0.28
pid,ground_truth,curvy,400.0,0.05,0.1,1.0,78.91569182276726,24.87798500061035,130.58474731445312,17.132199743465655,2.3122447009787876,-0.09398662774989604,0.010429737777077008,0.09398662774989604,0.010429737777077008,-0.00246820948086679,0.0033533882815390825,0.5574240684509277,0.0,19.444444444444443,368,362,4.318728446960449,RoadOption.STRAIGHT,14.596691131591797,130.42184448242188,3.1539742221297895,2.8,1.2,4.5,3.0,10.0,0.6,0.01,0.06,0.55,0.16,0.2,0.35,1.0,12,10.0,14.0,0.9,1.2,0.6,0.01,0.06,0.65,0.3,0.72,0.005,0.38,0.22,0.01,0.14,1.0,0.28
pid,ground_truth,curvy,400.0,0.05,0.1,1.0,78.96569182351232,24.021467208862305,130.57119750976562,17.132792543251895,2.3116519011925476,-0.08521928232368008,0.009881126592521383,0.08521928232368008,0.009881126592521383,0.00248720939271152,0.00495541887357831,0.556903600692749,0.0,19.444444444444443,369,363,4.46193790435791,RoadOption.STRAIGHT,13.607279777526855,130.40863037109375,3.155974256108439,2.8,1.2,4.5,3.0,10.0,0.6,0.01,0.06,0.55,0.16,0.2,0.35,1.0,12,10.0,14.0,0.9,1.2,0.6,0.01,0.06,0.65,0.3,0.72,0.005,0.38,0.22,0.01,0.14,1.0,0.28
pid,ground_truth,curvy,400.0,0.05,0.1,1.0,79.01569182425737,23.1649169921875,130.5576629638672,17.133327955863205,2.311116488581238,-0.07648257134148326,0.009663812647570325,0.07648257134148326,0.009663812647570325,0.0016060405177995563,-0.0008811688749119639,0.5569464564323425,0.0,19.444444444444443,370,364,4.605156421661377,RoadOption.STRAIGHT,12.617897033691406,130.39340209960938,3.1579742900870884,2.8,1.2,4.5,3.0,10.0,0.6,0.01,0.06,0.55,0.16,0.2,0.35,1.0,12,10.0,14.0,0.9,1.2,0.6,0.01,0.06,0.65,0.3,0.72,0.005,0.38,0.22,0.01,0.14,1.0,0.28
pid,ground_truth,curvy,400.0,0.05,0.1,1.0,79.06569182500243,22.3083438873291,130.54403686523438,17.133789903333106,2.3106545411113366,-0.06407297963840293,0.008988434995126582,0.06407297963840293,0.008988434995126582,0.0004667564935516566,-0.0011392840242478997,0.5570505261421204,0.0,19.444444444444443,371,365,4.744226455688477,RoadOption.STRAIGHT,11.628546714782715,130.37619018554688,3.1599743240657383,2.8,1.2,4.5,3.0,10.0,0.6,0.01,0.06,0.55,0.16,0.2,0.35,1.0,12,10.0,14.0,0.9,1.2,0.6,0.01,0.06,0.65,0.3,0.72,0.005,0.38,0.22,0.01,0.14,1.0,0.28
pid,ground_truth,curvy,400.0,0.05,0.1,1.0,79.11569182574749,21.451749801635742,130.53045654296875,17.134209145192976,2.3102352992514668,-0.047200217629900815,0.007158044377915118,0.047200217629900815,0.007158044377915118,0.0015421138377860188,0.0010753573442343622,0.5570778846740723,0.0,19.444444444444443,372,366,4.876963138580322,RoadOption.STRAIGHT,10.639232635498047,130.3570098876953,3.1619743580443878,2.8,1.2,4.5,3.0,10.0,0.6,0.01,0.06,0.55,0.16,0.2,0.35,1.0,12,10.0,14.0,0.9,1.2,0.6,0.01,0.06,0.65,0.3,0.72,0.005,0.38,0.22,0.01,0.14,1.0,0.28
pid,ground_truth,curvy,400.0,0.05,0.1,1.0,79.16569182649255,20.595136642456055,130.51681518554688,17.13460436461091,2.3098400798335312,-0.031689668285472025,0.005395298052391695,0.031689668285472025,0.005395298052391695,0.0018698577769100666,0.00032774393912404776,0.5570582151412964,0.0,19.444444444444443,373,367,5.00970983505249,RoadOption.STRAIGHT,9.640340805053711,130.3365020751953,3.1621453329863707,2.8,1.2,4.5,3.0,10.0,0.6,0.01,0.06,0.55,0.16,0.2,0.35,1.0,12,10.0,14.0,0.9,1.2,0.6,0.01,0.06,0.65,0.3,0.72,0.005,0.38,0.22,0.01,0.14,1.0,0.28
pid,ground_truth,curvy,400.0,0.05,0.1,1.0,79.2156918272376,19.738506317138672,130.50296020507812,17.134985324522553,2.3094591199218897,-0.017447394574699,0.003742007647669965,0.017447394574699,0.003742007647669965,-0.0021929412614554167,-0.004062799038365483,0.5570143461227417,0.0,19.444444444444443,373,368,5.142455577850342,RoadOption.STRAIGHT,9.640340805053711,130.3365020751953,3.1621453329863707,2.8,1.2,4.5,3.0,10.0,0.6,0.01,0.06,0.55,0.16,0.2,0.35,1.0,12,10.0,14.0,0.9,1.2,0.6,0.01,0.06,0.65,0.3,0.72,0.005,0.38,0.22,0.01,0.14,1.0,0.28
pid,ground_truth,curvy,400.0,0.05,0.1,1.0,79.26569182798266,18.88185691833496,130.48922729492188,17.13533592989036,2.309108514554083,-0.014321929296947984,0.003843740401311635,0.014321929296947984,0.003843740401311635,0.0030316952615976334,0.00522463652305305,0.5570221543312073,0.0,19.444444444444443,374,368,4.285696029663086,RoadOption.STRAIGHT,8.640128135681152,130.31594848632812,3.162064639205341,2.8,1.2,4.5,3.0,10.0,0.6,0.01,0.06,0.55,0.16,0.2,0.35,1.0,12,10.0,14.0,0.9,1.2,0.6,0.01,0.06,0.65,0.3,0.72,0.005,0.38,0.22,0.01,0.14,1.0,0.28
pid,ground_truth,curvy,400.0,0.05,0.1,1.0,79.31569182872772,18.02519416809082,130.4752655029297,17.135657461691327,2.308786982753116,-0.003093742337801089,0.0020450414010717566,0.003093742337801089,0.0020450414010717566,0.001309227547608316,-0.0017224677139893174,0.5570328235626221,0.0,19.444444444444443,375,369,4.418417453765869,RoadOption.STRAIGHT,7.629819393157959,130.29627990722656,3.1600646052266916,2.8,1.2,4.5,3.0,10.0,0.6,0.01,0.06,0.55,0.16,0.2,0.35,1.0,12,10.0,14.0,0.9,1.2,0.6,0.01,0.06,0.65,0.3,0.72,0.005,0.38,0.22,0.01,0.14,1.0,0.28
pid,ground_truth,curvy,400.0,0.05,0.1,1.0,79.36569182947278,17.168519973754883,130.46099853515625,17.136000352761517,2.308444091682926,0.0069559509594796926,0.00039068573191514133,0.0069559509594796926,0.00039068573191514133,-0.001734218094497919,-0.003043445642106235,0.5568975806236267,0.0,19.444444444444443,376,370,4.551125526428223,RoadOption.STRAIGHT,6.619473934173584,130.2786407470703,3.158064571248042,2.8,1.2,4.5,3.0,10.0,0.6,0.01,0.06,0.55,0.16,0.2,0.35,1.0,12,10.0,14.0,0.9,1.2,0.6,0.01,0.06,0.65,0.3,0.72,0.005,0.38,0.22,0.01,0.14,1.0,0.28
pid,ground_truth,curvy,400.0,0.05,0.1,1.0,79.41569183021784,16.311826705932617,130.44677734375,17.136312413653805,2.308132030790638,0.015506428384788662,-0.0014964302165161314,0.015506428384788662,0.0014964302165161314,-0.0015299140941351652,0.00020430400036275387,0.556915283203125,0.0,19.444444444444443,377,371,4.683812141418457,RoadOption.STRAIGHT,5.609095096588135,130.26300048828125,3.1560645372693927,2.8,1.2,4.5,3.0,10.0,0.6,0.01,0.06,0.55,0.16,0.2,0.35,1.0,12,10.0,14.0,0.9,1.2,0.6,0.01,0.06,0.65,0.3,0.72,0.005,0.38,0.22,0.01,0.14,1.0,0.28
pid,ground_truth,curvy,400.0,0.05,0.1,1.0,79.4656918309629,15.455119132995605,130.4326934814453,17.136603055174962,2.3078413892694805,0.02248130524100432,-0.0036296222496687847,0.02248130524100432,0.0036296222496687847,-0.0010600998066365719,0.00046981428749859333,0.556911289691925,0.0,19.444444444444443,378,372,4.816481590270996,RoadOption.STRAIGHT,4.598687171936035,130.24937438964844,3.1540645032907433,2.8,1.2,4.5,3.0,10.0,0.6,0.01,0.06,0.55,0.16,0.2,0.35,1.0,12,10.0,14.0,0.9,1.2,0.6,0.01,0.06,0.65,0.3,0.72,0.005,0.38,0.22,0.01,0.14,1.0,0.28
pid,ground_truth,curvy,400.0,0.05,0.1,1.0,79.51569183170795,14.598395347595215,130.41868591308594,17.136876259275855,2.307568185168588,0.01972765077264904,-0.004024835355437517,0.01972765077264904,0.004024835355437517,0.002344495616853237,0.003404595423489809,0.5569000244140625,0.0,19.444444444444443,378,373,4.958735942840576,RoadOption.STRAIGHT,4.598687171936035,130.24937438964844,3.1540645032907433,2.8,1.2,4.5,3.0,10.0,0.6,0.01,0.06,0.55,0.16,0.2,0.35,1.0,12,10.0,14.0,0.9,1.2,0.6,0.01,0.06,0.65,0.3,0.72,0.005,0.38,0.22,0.01,0.14,1.0,0.28
pid,ground_truth,curvy,400.0,0.05,0.1,1.0,79.56569183245301,13.741663932800293,130.4044647216797,17.137115817630406,2.307328626814037,0.016338952204898435,-0.004010986917768022,0.016338952204898435,0.004010986917768022,-0.004106310196220875,-0.006450805813074112,0.5569415092468262,0.0,19.444444444444443,379,373,4.101886749267578,RoadOption.STRAIGHT,3.5882537364959717,130.23777770996094,3.152064469312094,2.8,1.2,4.5,3.0,10.0,0.6,0.01,0.06,0.55,0.16,0.2,0.35,1.0,12,10.0,14.0,0.9,1.2,0.6,0.01,0.06,0.65,0.3,0.72,0.005,0.38,0.22,0.01,0.14,1.0,0.28
pid,ground_truth,curvy,400.0,0.05,0.1,1.0,79.61569183319807,12.884916305541992,130.3905029296875,17.137312881840806,2.3071315626036366,0.012354351598192898,-0.004144677604489999,0.012354351598192898,0.004144677604489999,-0.0038895937614142895,0.0002167164348065853,0.5570171475410461,0.0,19.444444444444443,380,374,4.245443344116211,RoadOption.STRAIGHT,2.577799081802368,130.22821044921875,3.150064701649553,2.8,1.2,4.5,3.0,10.0,0.6,0.01,0.06,0.55,0.16,0.2,0.35,1.0,12,10.0,14.0,0.9,1.2,0.6,0.01,0.06,0.65,0.3,0.72,0.005,0.38,0.22,0.01,0.14,1.0,0.28
pid,ground_truth,curvy,400.0,0.05,0.1,1.0,79.66569183394313,12.02814769744873,130.3770751953125,17.137544545490915,2.306899898953528,0.00045958317363950507,-0.0027473169805256603,0.00045958317363950507,0.0027473169805256603,-0.0020003216341137886,0.0018892721273005009,0.5568693280220032,0.0,19.444444444444443,381,375,4.399070739746094,RoadOption.STRAIGHT,1.567327618598938,130.2206573486328,3.1480646676709036,2.8,1.2,4.5,3.0,10.0,0.6,0.01,0.06,0.55,0.16,0.2,0.35,1.0,12,10.0,14.0,0.9,1.2,0.6,0.01,0.06,0.65,0.3,0.72,0.005,0.38,0.22,0.01,0.14,1.0,0.28
pid,ground_truth,curvy,400.0,0.05,0.1,1.0,79.71569183468819,11.17136287689209,130.36399841308594,17.137798696377715,2.306645748066728,-0.010371137154169277,-0.0014098774810875625,0.010371137154169277,0.0014098774810875625,-0.0021527507342398167,-0.00015242910012602806,0.5567504167556763,0.0,19.444444444444443,382,376,4.552689552307129,RoadOption.STRAIGHT,0.5656337141990662,130.2144775390625,3.14773816412126,2.8,1.2,4.5,3.0,10.0,0.6,0.01,0.06,0.55,0.16,0.2,0.35,1.0,12,10.0,14.0,0.9,1.2,0.6,0.01,0.06,0.65,0.3,0.72,0.005,0.38,0.22,0.01,0.14,1.0,0.28
pid,ground_truth,curvy,400.0,0.05,0.1,1.0,79.76569183543324,10.31456184387207,130.35125732421875,17.13801712930316,2.3064273151412813,-0.020153003581493967,-3.5952674716455135e-05,0.020153003581493967,3.5952674716455135e-05,-0.0021612471900880337,-8.49645584821701e-06,0.5568023920059204,0.0,19.444444444444443,383,377,4.706294536590576,RoadOption.STRAIGHT,-0.4343474507331848,130.20834350585938,-3.1354468767422174,2.8,1.2,4.5,3.0,10.0,0.6,0.01,0.06,0.55,0.16,0.2,0.35,1.0,12,10.0,14.0,0.9,1.2,0.6,0.01,0.06,0.65,0.3,0.72,0.005,0.38,0.22,0.01,0.14,1.0,0.28
pid,ground_truth,curvy,400.0,0.05,0.1,1.0,79.8156918361783,9.457743644714355,130.33897399902344,17.138202327714232,2.3062421167302105,-0.02899279002132052,0.0013499563565613215,0.02899279002132052,0.0013499563565613215,-0.0018393893260508776,0.0003218578640371561,0.5568547248840332,0.0,19.444444444444443,384,378,4.859882831573486,RoadOption.STRAIGHT,-1.434328556060791,130.20217895507812,-3.1354468767422174,2.8,1.2,4.5,3.0,10.0,0.6,0.01,0.06,0.55,0.16,0.2,0.35,1.0,12,10.0,14.0,0.9,1.2,0.6,0.01,0.06,0.65,0.3,0.72,0.005,0.38,0.22,0.01,0.14,1.0,0.28
pid,ground_truth,curvy,400.0,0.05,0.1,1.0,79.86569183692336,8.600910186767578,130.32711791992188,17.138380772399366,2.3060636720450773,-0.03684465626065895,0.0027691549014647876,0.03684465626065895,0.0027691549014647876,0.0030137011781334877,0.004853090504184365,0.55683434009552,0.0,19.444444444444443,384,379,5.013452529907227,RoadOption.STRAIGHT,-1.434328556060791,130.20217895507812,-3.1354468767422174,2.8,1.2,4.5,3.0,10.0,0.6,0.01,0.06,0.55,0.16,0.2,0.35,1.0,12,10.0,14.0,0.9,1.2,0.6,0.01,0.06,0.65,0.3,0.72,0.005,0.38,0.22,0.01,0.14,1.0,0.28
pid,ground_truth,curvy,400.0,0.05,0.1,1.0,79.91569183766842,7.744068622589111,130.31527709960938,17.13853878978205,2.305905654662393,-0.03397700814302008,0.0026029736494432854,0.03397700814302008,0.0026029736494432854,-0.005309614352881908,-0.008323315531015396,0.5568568110466003,0.0,19.444444444444443,385,379,4.156538009643555,RoadOption.STRAIGHT,-2.434309959411621,130.196044921875,-3.1354468767422174,2.8,1.2,4.5,3.0,10.0,0.6,0.01,0.06,0.55,0.16,0.2,0.35,1.0,12,10.0,14.0,0.9,1.2,0.6,0.01,0.06,0.65,0.3,0.72,0.005,0.38,0.22,0.01,0.14,1.0,0.28
pid,ground_truth,curvy,400.0,0.05,0.1,1.0,79.96569183841348,6.887214183807373,130.30398559570312,17.138615306642404,2.3058291378020392,-0.039263291991587256,0.004223240856648047,0.039263291991587256,0.004223240856648047,-0.003307609586045146,0.0020020047668367624,0.5570681691169739,0.0,19.444444444444443,386,380,4.310081481933594,RoadOption.STRAIGHT,-3.434290885925293,130.18988037109375,-3.1354468767422174,2.8,1.2,4.5,3.0,10.0,0.6,0.01,0.06,0.55,0.16,0.2,0.35,1.0,12,10.0,14.0,0.9,1.2,0.6,0.01,0.06,0.65,0.3,0.72,0.005,0.38,0.22,0.01,0.14,1.0,0.28
pid,ground_truth,curvy,400.0,0.05,0.1,1.0,80.01569183915854,6.030344009399414,130.29339599609375,17.13879628172514,2.3056481627193044,-0.04385262078848606,0.005523928733042638,0.04385262078848606,0.005523928733042638,-0.00016548614075873047,0.0031421234452864155,0.5567358732223511,0.0,19.444444444444443,387,381,4.46360969543457,RoadOption.STRAIGHT,-4.434271812438965,130.18374633789062,-3.1354468767422174,2.8,1.2,4.5,3.0,10.0,0.6,0.01,0.06,0.55,0.16,0.2,0.35,1.0,12,10.0,14.0,0.9,1.2,0.6,0.01,0.06,0.65,0.3,0.72,0.005,0.38,0.22,0.01,0.14,1.0,0.28
pid,ground_truth,curvy,400.0,0.05,0.1,1.0,80.0656918399036,5.173459529876709,130.28309631347656,17.13900573771027,2.305438706734172,-0.04030021481303706,0.0053044842592200325,0.04030021481303706,0.0053044842592200325,-0.000996266258880496,-0.0008307801181217656,0.5566100478172302,0.0,19.444444444444443,388,382,4.608336925506592,RoadOption.STRAIGHT,-5.434253215789795,130.1776123046875,-3.1354468767422174,2.8,1.2,4.5,3.0,10.0,0.6,0.01,0.06,0.55,0.16,0.2,0.35,1.0,12,10.0,14.0,0.9,1.2,0.6,0.01,0.06,0.65,0.3,0.72,0.005,0.38,0.22,0.01,0.14,1.0,0.28
pid,ground_truth,curvy,400.0,0.05,0.1,1.0,80.11569184064865,4.316562652587891,130.2730712890625,17.139158671521628,2.305285772922815,-0.035528711290397065,0.004912999578978283,0.035528711290397065,0.004912999578978283,-0.0019208062440156937,-0.0009245399851351976,0.5567346811294556,0.0,19.444444444444443,389,383,4.751351833343506,RoadOption.STRAIGHT,-6.434234142303467,130.17144775390625,-3.1354468767422174,2.8,1.2,4.5,3.0,10.0,0.6,0.01,0.06,0.55,0.16,0.2,0.35,1.0,12,10.0,14.0,0.9,1.2,0.6,0.01,0.06,0.65,0.3,0.72,0.005,0.38,0.22,0.01,0.14,1.0,0.28
pid,ground_truth,curvy,400.0,0.05,0.1,1.0,80.16569184139371,3.459655284881592,130.26345825195312,17.139269483246544,2.305174961197899,-0.031200996358812714,0.004500742242234068,0.031200996358812714,0.004500742242234068,-0.0014198145363479853,0.0005009917076677084,0.5568282008171082,0.0,19.444444444444443,390,384,4.8943681716918945,RoadOption.STRAIGHT,-7.434215068817139,130.16531372070312,-3.1354468767422174,2.8,1.2,4.5,3.0,10.0,0.6,0.01,0.06,0.55,0.16,0.2,0.35,1.0,12,10.0,14.0,0.9,1.2,0.6,0.01,0.06,0.65,0.3,0.72,0.005,0.38,0.22,0.01,0.14,1.0,0.28
pid,ground_truth,curvy,400.0,0.05,0.1,1.0,80.21569184213877,2.602738380432129,130.25425720214844,17.13938696179556,2.305057482648884,-0.02725480072840213,0.004074902783930412,0.02725480072840213,0.004074902783930412,0.001132748438976705,0.0025525629753246903,0.5567837357521057,0.0,19.444444444444443,390,385,5.037384986877441,RoadOption.STRAIGHT,-7.434215068817139,130.16531372070312,-3.1354468767422174,2.8,1.2,4.5,3.0,10.0,0.6,0.01,0.06,0.55,0.16,0.2,0.35,1.0,12,10.0,14.0,0.9,1.2,0.6,0.01,0.06,0.65,0.3,0.72,0.005,0.38,0.22,0.01,0.14,1.0,0.28
pid,ground_truth,curvy,400.0,0.05,0.1,1.0,80.26569184288383,1.745813250541687,130.2451934814453,17.139510122629197,2.304934321815246,-0.02345768866621446,0.003866110954468205,0.02345768866621446,0.003866110954468205,-0.002649882808327675,-0.00378263124730438,0.5567407011985779,0.0,19.444444444444443,391,385,4.180412769317627,RoadOption.STRAIGHT,-8.434196472167969,130.15914916992188,-3.1354468767422174,2.8,1.2,4.5,3.0,10.0,0.6,0.01,0.06,0.55,0.16,0.2,0.35,1.0,12,10.0,14.0,0.9,1.2,0.6,0.01,0.06,0.65,0.3,0.72,0.005,0.38,0.22,0.01,0.14,1.0,0.28
pid,ground_truth,curvy,400.0,0.05,0.1,1.0,80.31569184362888,0.8888790607452393,130.23646545410156,17.139603966458413,2.30484047798603,-0.02001513272713127,0.0035899411494271227,0.02001513272713127,0.0035899411494271227,-0.0018945308402180672,0.0007553519681096077,0.5568021535873413,0.0,19.444444444444443,392,386,4.323421001434326,RoadOption.STRAIGHT,-9.43417739868164,130.15301513671875,-3.1354468767422174,2.8,1.2,4.5,3.0,10.0,0.6,0.01,0.06,0.55,0.16,0.2,0.35,1.0,12,10.0,14.0,0.9,1.2,0.6,0.01,0.06,0.65,0.3,0.72,0.005,0.38,0.22,0.01,0.14,1.0,0.28
pid,ground_truth,curvy,400.0,0.05,0.1,1.0,80.36569184437394,0.03193565458059311,130.2281951904297,17.13971260274734,2.3047318416971017,-0.01699987145454431,0.0031718248582843778,0.01699987145454431,0.0031718248582843778,-0.000331223476678133,0.0015633073635399342,0.5567368268966675,0.0,19.444444444444443,393,387,4.466429233551025,RoadOption.STRAIGHT,-10.434158325195312,130.14688110351562,-3.1354468767422174,2.8,1.2,4.5,3.0,10.0,0.6,0.01,0.06,0.55,0.16,0.2,0.35,1.0,12,10.0,14.0,0.9,1.2,0.6,0.01,0.06,0.65,0.3,0.72,0.005,0.38,0.22,0.01,0.14,1.0,0.28
pid,ground_truth,curvy,400.0,0.05,0.1,1.0,80.415691845119,-0.8250160217285156,130.2201385498047,17.139831561857946,2.304612882586497,-0.014198277090138683,0.0028304076065364114,0.014198277090138683,0.0028304076065364114,-0.0006333339842967689,-0.0003021105076186359,0.556681752204895,0.0,19.444444444444443,394,388,4.609433650970459,RoadOption.STRAIGHT,-11.434139251708984,130.14071655273438,-3.1354468767422174,2.8,1.2,4.5,3.0,10.0,0.6,0.01,0.06,0.55,0.16,0.2,0.35,1.0,12,10.0,14.0,0.9,1.2,0.6,0.01,0.06,0.65,0.3,0.72,0.005,0.38,0.22,0.01,0.14,1.0,0.28
pid,ground_truth,curvy,400.0,0.05,0.1,1.0,80.46569184586406,-1.6819747686386108,130.21229553222656,17.139932260570788,2.304512183873655,-0.011640865124660525,0.002576342038542734,0.011640865124660525,0.002576342038542734,-0.001114911981858313,-0.0004815779975615442,0.5567107200622559,0.0,19.444444444444443,395,389,4.752435207366943,RoadOption.STRAIGHT,-12.434121131896973,130.13458251953125,-3.1354468767422174,2.8,1.2,4.5,3.0,10.0,0.6,0.01,0.06,0.55,0.16,0.2,0.35,1.0,12,10.0,14.0,0.9,1.2,0.6,0.01,0.06,0.65,0.3,0.72,0.005,0.38,0.22,0.01,0.14,1.0,0.28
pid,ground_truth,curvy,400.0,0.05,0.1,1.0,80.51569184660912,-2.538939952850342,130.2047119140625,17.140016081320162,2.3044283631242806,-0.009312370234604721,0.00231828172891424,0.009312370234604721,0.00231828172891424,-0.0008279352332465351,0.000286976748611778,0.5567395687103271,0.0,19.444444444444443,396,390,4.8954339027404785,RoadOption.STRAIGHT,-13.434102058410645,130.12844848632812,-3.1354468767422174,2.8,1.2,4.5,3.0,10.0,0.6,0.01,0.06,0.55,0.16,0.2,0.35,1.0,12,10.0,14.0,0.9,1.2,0.6,0.01,0.06,0.65,0.3,0.72,0.005,0.38,0.22,0.01,0.14,1.0,0.28
pid,ground_truth,curvy,400.0,0.05,0.1,1.0,80.56569184735417,-3.3959121704101562,130.1973876953125,17.14010084318283,2.304343601261614,-0.007273827156187573,0.0020615529998302407,0.007273827156187573,0.0020615529998302407,-2.240495632577222e-05,0.0008055302769207628,0.5567182302474976,0.0,19.444444444444443,396,391,5.0384297370910645,RoadOption.STRAIGHT,-13.434102058410645,130.12844848632812,-3.1354468767422174,2.8,1.2,4.5,3.0,10.0,0.6,0.01,0.06,0.55,0.16,0.2,0.35,1.0,12,10.0,14.0,0.9,1.2,0.6,0.01,0.06,0.65,0.3,0.72,0.005,0.38,0.22,0.01,0.14,1.0,0.28
pid,ground_truth,curvy,400.0,0.05,0.1,1.0,80.61569184809923,-4.252890110015869,130.19021606445312,17.140185566140435,2.304258878304008,-0.005369093759885861,0.0018812569940322987,0.005369093759885861,0.0018812569940322987,-0.0010922994697466493,-0.001069894513420877,0.5566997528076172,0.0,19.444444444444443,397,391,4.181422233581543,RoadOption.STRAIGHT,-14.434082984924316,130.12228393554688,-3.1354468767422174,2.8,1.2,4.5,3.0,10.0,0.6,0.01,0.06,0.55,0.16,0.2,0.35,1.0,12,10.0,14.0,0.9,1.2,0.6,0.01,0.06,0.65,0.3,0.72,0.005,0.38,0.22,0.01,0.14,1.0,0.28
pid,ground_truth,curvy,400.0,0.05,0.1,1.0,80.66569184884429,-5.109872817993164,130.18324279785156,17.140260048134692,2.3041843963097506,-0.0036510466021769244,0.0016924388727455053,0.0036510466021769244,0.0016924388727455053,-0.0008532021893188357,0.00023909728042781353,0.5567120313644409,0.0,19.444444444444443,398,392,4.324410438537598,RoadOption.STRAIGHT,-15.434063911437988,130.11614990234375,-3.1354468767422174,2.8,1.2,4.5,3.0,10.0,0.6,0.01,0.06,0.55,0.16,0.2,0.35,1.0,12,10.0,14.0,0.9,1.2,0.6,0.01,0.06,0.65,0.3,0.72,0.005,0.38,0.22,0.01,0.14,1.0,0.28
pid,ground_truth,curvy,400.0,0.05,0.1,1.0,80.71569184958935,-5.966861248016357,130.17649841308594,17.140331229610002,2.304113214834441,-0.002161912124115862,0.0014732607150320653,0.002161912124115862,0.0014732607150320653,-0.00034467934165149927,0.0005085228476673365,0.5567055940628052,0.0,19.444444444444443,399,393,4.467395782470703,RoadOption.STRAIGHT,-16.434045791625977,130.1099853515625,-3.1354468767422174,2.8,1.2,4.5,3.0,10.0,0.6,0.01,0.06,0.55,0.16,0.2,0.35,1.0,12,10.0,14.0,0.9,1.2,0.6,0.01,0.06,0.65,0.3,0.72,0.005,0.38,0.22,0.01,0.14,1.0,0.28
pid,ground_truth,curvy,400.0,0.05,0.1,1.0,80.7656918503344,-6.823854446411133,130.16990661621094,17.140400395357062,2.3040440490873806,-0.0008559089619796373,0.0012871057548355935,0.0008559089619796373,0.0012871057548355935,-0.00043629895662888885,-9.161961497738957e-05,0.5566959977149963,0.0,19.444444444444443,400,394,4.610377788543701,RoadOption.STRAIGHT,-17.43402671813965,130.10385131835938,-3.1354468767422174,2.8,1.2,4.5,3.0,10.0,0.6,0.01,0.06,0.55,0.16,0.2,0.35,1.0,12,10.0,14.0,0.9,1.2,0.6,0.01,0.06,0.65,0.3,0.72,0.005,0.38,0.22,0.01,0.14,1.0,0.28
pid,ground_truth,curvy,400.0,0.05,0.1,1.0,80.81569185107946,-7.680851936340332,130.16343688964844,17.140465623444186,2.303978821000257,0.0003585226811615404,0.0011337076760469245,0.0003585226811615404,0.0011337076760469245,-0.0005456194630824029,-0.0001093205064535141,0.5566927194595337,0.0,19.444444444444443,401,395,4.753357410430908,RoadOption.STRAIGHT,-18.43400764465332,130.09771728515625,-3.1354468767422174,2.8,1.2,4.5,3.0,10.0,0.6,0.01,0.06,0.55,0.16,0.2,0.35,1.0,12,10.0,14.0,0.9,1.2,0.6,0.01,0.06,0.65,0.3,0.72,0.005,0.38,0.22,0.01,0.14,1.0,0.28
pid,ground_truth,curvy,400.0,0.05,0.1,1.0,80.86569185182452,-8.537854194641113,130.15713500976562,17.140527245858102,2.3039171985863405,0.0014050756482420455,0.0009856359194384545,0.0014050756482420455,0.0009856359194384545,-0.0003844719904009253,0.00016114747268147767,0.5566892623901367,0.0,19.444444444444443,402,396,4.896332263946533,RoadOption.STRAIGHT,-19.433988571166992,130.091552734375,-3.1354468767422174,2.8,1.2,4.5,3.0,10.0,0.6,0.01,0.06,0.55,0.16,0.2,0.35,1.0,12,10.0,14.0,0.9,1.2,0.6,0.01,0.06,0.65,0.3,0.72,0.005,0.38,0.22,0.01,0.14,1.0,0.28
pid,ground_truth,curvy,400.0,0.05,0.1,1.0,80.91569185256958,-9.39486026763916,130.15097045898438,17.14058330671968,2.3038611377247626,0.002283761661327162,0.0008500810199532083,0.002283761661327162,0.0008500810199532083,-0.0005096568493172526,-0.00012518485891632736,0.5566924810409546,0.0,19.444444444444443,402,397,5.039304733276367,RoadOption.STRAIGHT,-19.433988571166992,130.091552734375,-3.1354468767422174,2.8,1.2,4.5,3.0,10.0,0.6,0.01,0.06,0.55,0.16,0.2,0.35,1.0,12,10.0,14.0,0.9,1.2,0.6,0.01,0.06,0.65,0.3,0.72,0.005,0.38,0.22,0.01,0.14,1.0,0.28
pid,ground_truth,curvy,400.0,0.05,0.1,1.0,80.96569185331464,-10.251870155334473,130.14492797851562,17.140638666804662,2.3038057776397807,0.0030591696466720497,0.0007161240171225103,0.0030591696466720497,0.0007161240171225103,-0.0002805314725264907,0.00022912537679076195,0.556682288646698,0.0,19.444444444444443,403,397,4.18227481842041,RoadOption.STRAIGHT,-20.433969497680664,130.08541870117188,-3.1354468767422174,2.8,1.2,4.5,3.0,10.0,0.6,0.01,0.06,0.55,0.16,0.2,0.35,1.0,12,10.0,14.0,0.9,1.2,0.6,0.01,0.06,0.65,0.3,0.72,0.005,0.38,0.22,0.01,0.14,1.0,0.28
pid,ground_truth,curvy,400.0,0.05,0.1,1.0,81.0156918540597,-11.108882904052734,130.1389923095703,17.140689544159596,2.0711864591330027,0.0037394541208702545,0.0005986786130498523,0.0037394541208702545,0.0005986786130498523,-0.00027299096109345555,7.540511433035135e-06,0.0,0.14567306637763977,19.2118760032926,404,398,4.325242042541504,RoadOption.STRAIGHT,-21.433950424194336,130.07928466796875,-3.1354468767422174,2.8,1.2,4.5,3.0,10.0,0.6,0.01,0.06,0.55,0.16,0.2,0.35,1.0,12,10.0,14.0,0.9,1.2,0.6,0.01,0.06,0.65,0.3,0.72,0.005,0.38,0.22,0.01,0.14,1.0,0.28
pid,ground_truth,curvy,400.0,0.05,0.1,1.0,81.06569185480475,-11.965249061584473,130.13316345214844,17.10815471265621,1.6537212906363905,0.0042863917281584125,0.0004990763882810612,0.0042863917281584125,0.0004990763882810612,-0.0002594258403405547,1.3565120752900839e-05,0.0,0.2800000011920929,18.7618760032926,405,399,4.468857288360596,RoadOption.STRAIGHT,-22.433931350708008,130.0731201171875,-3.1354468767422174,2.8,1.2,4.5,3.0,10.0,0.6,0.01,0.06,0.55,0.16,0.2,0.35,1.0,12,10.0,14.0,0.9,1.2,0.6,0.01,0.06,0.65,0.3,0.72,0.005,0.38,0.22,0.01,0.14,1.0,0.28
pid,ground_truth,curvy,400.0,0.05,0.1,1.0,81.11569185554981,-12.816912651062012,130.12745666503906,16.970352181670012,1.3415238216225873,0.004770673220970967,0.0004109257561992763,0.004770673220970967,0.0004109257561992763,-0.000255376537097618,4.04930324293673e-06,0.0,0.2800000011920929,18.3118760032926,406,400,4.6171746253967285,RoadOption.STRAIGHT,-23.43391227722168,130.06698608398438,-3.1354468767422174,2.8,1.2,4.5,3.0,10.0,0.6,0.01,0.06,0.55,0.16,0.2,0.35,1.0,12,10.0,14.0,0.9,1.2,0.6,0.01,0.06,0.65,0.3,0.72,0.005,0.38,0.22,0.01,0.14,1.0,0.28
pid,ground_truth,curvy,400.0,0.05,0.1,1.0,81.16569185629487,-13.659053802490234,130.12188720703125,16.752688196094443,1.1091878071981576,0.005176150616602464,0.0003304982912788468,0.005176150616602464,0.0003304982912788468,-0.00018875861132983118,6.66179257677868e-05,0.0,0.2800000011920929,17.8618760032926,407,401,4.775015354156494,RoadOption.STRAIGHT,-24.433895111083984,130.06082153320312,-3.1354468767422174,2.8,1.2,4.5,3.0,10.0,0.6,0.01,0.06,0.55,0.16,0.2,0.35,1.0,12,10.0,14.0,0.9,1.2,0.6,0.01,0.06,0.65,0.3,0.72,0.005,0.38,0.22,0.01,0.14,1.0,0.28
pid,ground_truth,curvy,400.0,0.05,0.1,1.0,81.21569185703993,-14.488770484924316,130.116455078125,16.486943055024174,0.9249329482684274,0.005490142035576649,0.00026045715460965013,0.005490142035576649,0.00026045715460965013,-0.00020167595357634127,-1.2917342246510088e-05,0.0,0.262428343296051,17.4118760032926,408,402,4.945281028747559,RoadOption.STRAIGHT,-25.433876037597656,130.0546875,-3.1354468767422174,2.8,1.2,4.5,3.0,10.0,0.6,0.01,0.06,0.55,0.16,0.2,0.35,1.0,12,10.0,14.0,0.9,1.2,0.6,0.01,0.06,0.65,0.3,0.72,0.005,0.38,0.22,0.01,0.14,1.0,0.28
pid,ground_truth,curvy,400.0,0.05,0.1,1.0,81.26569185778499,-15.304278373718262,130.11119079589844,16.192619700073625,0.7692563032189774,0.005754130471752786,0.00019707392066603546,0.005754130471752786,0.00019707392066603546,-0.0005677496083080769,-0.0003660736547317356,0.0,0.21665821969509125,16.961876003292602,408,403,5.129755973815918,RoadOption.STRAIGHT,-25.433876037597656,130.0546875,-3.1354468767422174,2.8,1.2,4.5,3.0,10.0,0.6,0.01,0.06,0.55,0.16,0.2,0.35,1.0,12,10.0,14.0,0.9,1.2,0.6,0.01,0.06,0.65,0.3,0.72,0.005,0.38,0.22,0.01,0.14,1.0,0.28
pid,ground_truth,curvy,400.0,0.05,0.1,1.0,81.31569185853004,-16.10462188720703,130.10609436035156,15.88469370157078,0.8474579697194802,0.005931768099811656,0.00011158644967457221,0.005931768099811656,0.00011158644967457221,9.602910722605884e-05,0.0006637787155341357,0.45540541410446167,0.0,16.73215167129026,409,403,4.329397201538086,RoadOption.STRAIGHT,-26.433856964111328,130.04855346679688,-3.1354468767422174,2.8,1.2,4.5,3.0,10.0,0.6,0.01,0.06,0.55,0.16,0.2,0.35,1.0,12,10.0,14.0,0.9,1.2,0.6,0.01,0.06,0.65,0.3,0.72,0.005,0.38,0.22,0.01,0.14,1.0,0.28
pid,ground_truth,curvy,400.0,0.05,0.1,1.0,81.3656918592751,-16.889896392822266,130.10116577148438,15.595535665062089,1.136079730764079,0.006045875972947184,4.820321573051345e-05,0.006045875972947184,4.820321573051345e-05,6.250602746149525e-05,-3.352307976456359e-05,1.0,0.0,16.731615395826168,410,404,4.544107437133789,RoadOption.STRAIGHT,-27.433837890625,130.04238891601562,-3.1354468767422174,2.8,1.2,4.5,3.0,10.0,0.6,0.01,0.06,0.55,0.16,0.2,0.35,1.0,12,10.0,14.0,0.9,1.2,0.6,0.01,0.06,0.65,0.3,0.72,0.005,0.38,0.22,0.01,0.14,1.0,0.28
pid,ground_truth,curvy,400.0,0.05,0.1,1.0,81.41569186002016,-17.662412643432617,130.0963134765625,15.364737209867139,1.367414461423122,0.006131583234435904,2.1837920938683197e-05,0.006131583234435904,2.1837920938683197e-05,-0.00021732269669882953,-0.0002798287241603248,0.9985684156417847,0.0,16.73215167129026,411,405,4.771575450897217,RoadOption.STRAIGHT,-28.433818817138672,130.0362548828125,-3.1354468767422174,2.8,1.2,4.5,3.0,10.0,0.6,0.01,0.06,0.55,0.16,0.2,0.35,1.0,12,10.0,14.0,0.9,1.2,0.6,0.01,0.06,0.65,0.3,0.72,0.005,0.38,0.22,0.01,0.14,1.0,0.28
pid,ground_truth,curvy,400.0,0.05,0.1,1.0,81.46569186076522,-18.426103591918945,130.09156799316406,15.228245474040538,1.503906197249723,0.00619523598747242,-7.1905349430245735e-06,0.00619523598747242,7.1905349430245735e-06,-0.0005931627238169312,-0.0003758400271181017,0.7630362510681152,0.0,16.73215167129026,411,406,5.007869243621826,RoadOption.STRAIGHT,-28.433818817138672,130.0362548828125,-3.1354468767422174,2.8,1.2,4.5,3.0,10.0,0.6,0.01,0.06,0.55,0.16,0.2,0.35,1.0,12,10.0,14.0,0.9,1.2,0.6,0.01,0.06,0.65,0.3,0.72,0.005,0.38,0.22,0.01,0.14,1.0,0.28
pid,ground_truth,curvy,400.0,0.05,0.1,1.0,81.51569186151028,-19.186250686645508,130.0869140625,15.194652771788123,1.537498899502138,0.00617741375418197,-7.696535550305583e-05,0.00617741375418197,7.696535550305583e-05,0.0002754348679445684,0.0008685975917614996,0.4823093116283417,0.0,16.73215167129026,412,406,4.247708797454834,RoadOption.STRAIGHT,-29.43410873413086,130.0301055908203,-3.1354468767422174,2.8,1.2,4.5,3.0,10.0,0.6,0.01,0.06,0.55,0.16,0.2,0.35,1.0,12,10.0,14.0,0.9,1.2,0.6,0.01,0.06,0.65,0.3,0.72,0.005,0.38,0.22,0.01,0.14,1.0,0.28
pid,ground_truth,curvy,400.0,0.05,0.1,1.0,81.56569186225533,-19.94631576538086,130.08230590820312,15.203228346777165,1.5289233245130962,0.0060955183655085066,-0.00011691277185432725,0.0060955183655085066,0.00011691277185432725,0.0022354526445269585,0.00196001777658239,0.36235150694847107,0.0,16.73215167129026,413,407,4.487631320953369,RoadOption.STRAIGHT,-30.40340805053711,130.02146911621094,-3.117932597833311,2.8,1.2,4.5,3.0,10.0,0.6,0.01,0.06,0.55,0.16,0.2,0.35,1.0,12,10.0,14.0,0.9,1.2,0.6,0.01,0.06,0.65,0.3,0.72,0.005,0.38,0.22,0.01,0.14,1.0,0.28
pid,ground_truth,curvy,400.0,0.05,0.1,1.0,81.6156918630004,-20.706279754638672,130.07748413085938,15.1903624645722,1.541789206718061,0.006258368538578245,4.9801112384617596e-05,0.006258368538578245,4.9801112384617596e-05,0.029373586177825928,0.02713813353329897,0.4252181053161621,0.0,16.73215167129026,414,408,4.727651596069336,RoadOption.STRAIGHT,-31.311279296875,129.97637939453125,-3.0659847112941168,2.8,1.2,4.5,3.0,10.0,0.6,0.01,0.06,0.55,0.16,0.2,0.35,1.0,12,10.0,14.0,0.9,1.2,0.6,0.01,0.06,0.65,0.3,0.72,0.005,0.38,0.22,0.01,0.14,1.0,0.28
pid,ground_truth,curvy,400.0,0.05,0.1,1.0,81.66569186374545,-21.464704513549805,130.07017517089844,15.152749848917237,1.578865546908931,0.00891781406450464,0.0024370587135318367,0.00891781406450464,0.0024370587135318367,0.04713611677289009,0.017762530595064163,0.5011641979217529,0.0,16.731615395826168,415,409,4.9691996574401855,RoadOption.STRAIGHT,-32.215579986572266,129.8842010498047,-3.014037091071031,2.8,1.2,4.5,3.0,10.0,0.6,0.01,0.06,0.55,0.16,0.2,0.35,1.0,12,10.0,14.0,0.9,1.2,0.6,0.01,0.06,0.65,0.3,0.72,0.005,0.38,0.22,0.01,0.14,1.0,0.28
pid,ground_truth,curvy,400.0,0.05,0.1,1.0,81.71569186449051,-22.220993041992188,130.05796813964844,15.112259465740046,1.6198922055502152,0.016457850089620404,0.008375108996081515,0.016457850089620404,0.008375108996081515,0.051797930151224136,0.004661813378334045,0.5212509036064148,0.0,16.73215167129026,416,410,5.212868690490723,RoadOption.STRAIGHT,-33.11387634277344,129.7451934814453,-2.9620892045318366,2.8,1.2,4.5,3.0,10.0,0.6,0.01,0.06,0.55,0.16,0.2,0.35,1.0,12,10.0,14.0,0.9,1.2,0.6,0.01,0.06,0.65,0.3,0.72,0.005,0.38,0.22,0.01,0.14,1.0,0.28
mpc,ground_truth,curvy,400.0,0.05,0.1,1.0,81.76569186523557,-9.875875473022461,-57.55167007446289,0.4899999797344208,18.954444464710022,0.04549653862999907,1.0194913535599426e-07,0.04549653862999907,1.0194913535599426e-07,-0.012402249500155449,-0.012402249500155449,1.0,0.0,19.444444444444443,11,0,0.5870656371116638,RoadOption.STRAIGHT,1.095213770866394,-57.46044921875,0.015969112844442135,2.8,1.2,4.5,3.0,10.0,0.6,0.01,0.06,0.55,0.16,0.2,0.35,1.0,12,10.0,14.0,0.9,1.2,0.6,0.01,0.06,0.65,0.3,0.72,0.005,0.38,0.22,0.01,0.14,1.0,0.28
mpc,ground_truth,curvy,400.0,0.05,0.1,1.0,81.81569186598063,-9.875875473022461,-57.55167007446289,0.9800000786781311,18.46444436576631,0.050639856295309094,-0.000891353775065884,0.050639856295309094,0.000891353775065884,-0.014680956490337849,-0.0022787069901823997,1.0,0.0,19.444444444444443,11,6,6.02096700668335,RoadOption.STRAIGHT,1.095213770866394,-57.46044921875,0.015969112844442135,2.8,1.2,4.5,3.0,10.0,0.6,0.01,0.06,0.55,0.16,0.2,0.35,1.0,12,10.0,14.0,0.9,1.2,0.6,0.01,0.06,0.65,0.3,0.72,0.005,0.38,0.22,0.01,0.14,1.0,0.28
mpc,ground_truth,curvy,400.0,0.05,0.1,1.0,81.86569186672568,-9.875875473022461,-57.55167007446289,1.470000147819519,17.974444296624924,0.050639856295309094,-0.000891353775065884,0.050639856295309094,0.000891353775065884,-0.015621346421539783,-0.0009403899312019348,1.0,0.0,19.444444444444443,11,6,6.015523433685303,RoadOption.STRAIGHT,1.095213770866394,-57.46044921875,0.015969112844442135,2.8,1.2,4.5,3.0,10.0,0.6,0.01,0.06,0.55,0.16,0.2,0.35,1.0,12,10.0,14.0,0.9,1.2,0.6,0.01,0.06,0.65,0.3,0.72,0.005,0.38,0.22,0.01,0.14,1.0,0.28
mpc,ground_truth,curvy,400.0,0.05,0.1,1.0,81.91569186747074,-9.875875473022461,-57.55167007446289,1.9600002765655518,17.48444416787889,0.050639856295309094,-0.000891353775065884,0.050639856295309094,0.000891353775065884,-0.016009433194994926,-0.000388086773455143,1.0,0.0,19.444444444444443,11,6,6.009093761444092,RoadOption.STRAIGHT,1.095213770866394,-57.46044921875,0.015969112844442135,2.8,1.2,4.5,3.0,10.0,0.6,0.01,0.06,0.55,0.16,0.2,0.35,1.0,12,10.0,14.0,0.9,1.2,0.6,0.01,0.06,0.65,0.3,0.72,0.005,0.38,0.22,0.01,0.14,1.0,0.28
mpc,ground_truth,curvy,400.0,0.05,0.1,1.0,81.9656918682158,-9.875875473022461,-57.55167007446289,2.450000286102295,16.994444158342148,0.050639856295309094,-0.000891353775065884,0.050639856295309094,0.000891353775065884,-0.016169589012861252,-0.00016015581786632538,1.0,0.0,19.444444444444443,11,6,6.002754211425781,RoadOption.STRAIGHT,1.095213770866394,-57.46044921875,0.015969112844442135,2.8,1.2,4.5,3.0,10.0,0.6,0.01,0.06,0.55,0.16,0.2,0.35,1.0,12,10.0,14.0,0.9,1.2,0.6,0.01,0.06,0.65,0.3,0.72,0.005,0.38,0.22,0.01,0.14,1.0,0.28
mpc,ground_truth,curvy,400.0,0.05,0.1,1.0,82.01569186896086,-9.875875473022461,-57.55167007446289,2.93999981880188,16.504444625642563,0.050639856295309094,-0.000891353775065884,0.050639856295309094,0.000891353775065884,-0.016235684975981712,-6.609596312046051e-05,1.0,0.0,19.444444444444443,11,6,5.9978861808776855,RoadOption.STRAIGHT,1.095213770866394,-57.46044921875,0.015969112844442135,2.8,1.2,4.5,3.0,10.0,0.6,0.01,0.06,0.55,0.16,0.2,0.35,1.0,12,10.0,14.0,0.9,1.2,0.6,0.01,0.06,0.65,0.3,0.72,0.005,0.38,0.22,0.01,0.14,1.0,0.28
mpc,ground_truth,curvy,400.0,0.05,0.1,1.0,82.06569186970592,-9.875874519348145,-57.55167007446289,2.0671517849139636,17.37729265953048,0.05063984551286746,-0.000891353775065884,0.05063984551286746,0.000891353775065884,-0.016262957826256752,-2.7272850275039673e-05,1.0,0.0,19.444444444444443,11,6,5.996154308319092,RoadOption.STRAIGHT,1.095213770866394,-57.46044921875,0.015969112844442135,2.8,1.2,4.5,3.0,10.0,0.6,0.01,0.06,0.55,0.16,0.2,0.35,1.0,12,10.0,14.0,0.9,1.2,0.6,0.01,0.06,0.65,0.3,0.72,0.005,0.38,0.22,0.01,0.14,1.0,0.28
mpc,ground_truth,curvy,400.0,0.05,0.1,1.0,82.11569187045097,-9.875874519348145,-57.55167007446289,0.7392763495471287,18.705168094897314,0.05063984551286746,-0.000891353775065884,0.05063984551286746,0.000891353775065884,-0.016274213790893555,-1.1255964636802673e-05,1.0,0.0,19.444444444444443,11,6,5.996372222900391,RoadOption.STRAIGHT,1.095213770866394,-57.46044921875,0.015969112844442135,2.8,1.2,4.5,3.0,10.0,0.6,0.01,0.06,0.55,0.16,0.2,0.35,1.0,12,10.0,14.0,0.9,1.2,0.6,0.01,0.06,0.65,0.3,0.72,0.005,0.38,0.22,0.01,0.14,1.0,0.28
mpc,ground_truth,curvy,400.0,0.05,0.1,1.0,82.16569187119603,-9.875874519348145,-57.55167007446289,0.11258104443555403,19.33186340000889,0.05063984551286746,-0.000891353775065884,0.05063984551286746,0.000891353775065884,-0.016278859227895737,-4.645437002182007e-06,1.0,0.0,19.444444444444443,11,6,5.9965338706970215,RoadOption.STRAIGHT,1.095213770866394,-57.46044921875,0.015969112844442135,2.8,1.2,4.5,3.0,10.0,0.6,0.01,0.06,0.55,0.16,0.2,0.35,1.0,12,10.0,14.0,0.9,1.2,0.6,0.01,0.06,0.65,0.3,0.72,0.005,0.38,0.22,0.01,0.14,1.0,0.28
mpc,ground_truth,curvy,400.0,0.05,0.1,1.0,82.21569187194109,-9.870336532592773,-57.5516357421875,0.3639452252897554,19.08049921915469,0.05061156195528898,-0.0009337635751278661,0.05061156195528898,0.0009337635751278661,-0.01620858907699585,7.027015089988708e-05,1.0,0.0,19.444444444444443,11,6,5.990961074829102,RoadOption.STRAIGHT,1.095213770866394,-57.46044921875,0.015969112844442135,2.8,1.2,4.5,3.0,10.0,0.6,0.01,0.06,0.55,0.16,0.2,0.35,1.0,12,10.0,14.0,0.9,1.2,0.6,0.01,0.06,0.65,0.3,0.72,0.005,0.38,0.22,0.01,0.14,1.0,0.28
mpc,ground_truth,curvy,400.0,0.05,0.1,1.0,82.26569187268615,-9.826234817504883,-57.55144500732422,1.1769386967727968,18.267505747671645,0.05030366139659036,-0.0015103649988597034,0.05030366139659036,0.0015103649988597034,-0.018581656739115715,-0.0023730676621198654,1.0,0.0,19.444444444444443,11,6,5.946758270263672,RoadOption.STRAIGHT,1.095213770866394,-57.46044921875,0.015969112844442135,2.8,1.2,4.5,3.0,10.0,0.6,0.01,0.06,0.55,0.16,0.2,0.35,1.0,12,10.0,14.0,0.9,1.2,0.6,0.01,0.06,0.65,0.3,0.72,0.005,0.38,0.22,0.01,0.14,1.0,0.28
mpc,ground_truth,curvy,400.0,0.05,0.1,1.0,82.3156918734312,-9.744762420654297,-57.55134201049805,1.9099144227825318,17.53453002166191,0.04948550765104301,-0.002247331372403849,0.04948550765104301,0.002247331372403849,-0.034554023295640945,-0.01597236655652523,1.0,0.0,19.444444444444443,11,6,5.865192413330078,RoadOption.STRAIGHT,1.095213770866394,-57.46044921875,0.015969112844442135,2.8,1.2,4.5,3.0,10.0,0.6,0.01,0.06,0.55,0.16,0.2,0.35,1.0,12,10.0,14.0,0.9,1.2,0.6,0.01,0.06,0.65,0.3,0.72,0.005,0.38,0.22,0.01,0.14,1.0,0.28
mpc,ground_truth,curvy,400.0,0.05,0.1,1.0,82.36569187417626,-9.632081031799316,-57.55206298828125,2.48313474795067,16.96130969649377,0.047490576559954464,-0.003661484475398158,0.047490576559954464,0.003661484475398158,-0.046056825667619705,-0.01150280237197876,1.0,0.0,19.444444444444443,11,6,5.752447605133057,RoadOption.STRAIGHT,1.095213770866394,-57.46044921875,0.015969112844442135,2.8,1.2,4.5,3.0,10.0,0.6,0.01,0.06,0.55,0.16,0.2,0.35,1.0,12,10.0,14.0,0.9,1.2,0.6,0.01,0.06,0.65,0.3,0.72,0.005,0.38,0.22,0.01,0.14,1.0,0.28
mpc,ground_truth,curvy,400.0,0.05,0.1,1.0,82.41569187492132,-9.493508338928223,-57.55400848388672,2.9618780370619953,16.482566407382446,0.043978473406575194,-0.005934452414334768,0.043978473406575194,0.005934452414334768,-0.04605089873075485,5.926936864852905e-06,1.0,0.0,19.444444444444443,11,6,5.613840579986572,RoadOption.STRAIGHT,1.095213770866394,-57.46044921875,0.015969112844442135,2.8,1.2,4.5,3.0,10.0,0.6,0.01,0.06,0.55,0.16,0.2,0.35,1.0,12,10.0,14.0,0.9,1.2,0.6,0.01,0.06,0.65,0.3,0.72,0.005,0.38,0.22,0.01,0.14,1.0,0.28
mpc,ground_truth,curvy,400.0,0.05,0.1,1.0,82.46569187566638,-9.332770347595215,-57.556907653808594,3.383463543199536,16.060980901244907,0.039262151384646296,-0.008737204497351936,0.039262151384646296,0.008737204497351936,-0.035161860287189484,0.010889038443565369,1.0,0.0,19.444444444444443,11,6,5.453091621398926,RoadOption.STRAIGHT,1.095213770866394,-57.46044921875,0.015969112844442135,2.8,1.2,4.5,3.0,10.0,0.6,0.01,0.06,0.55,0.16,0.2,0.35,1.0,12,10.0,14.0,0.9,1.2,0.6,0.01,0.06,0.65,0.3,0.72,0.005,0.38,0.22,0.01,0.14,1.0,0.28
mpc,ground_truth,curvy,400.0,0.05,0.1,1.0,82.51569187641144,-9.151961326599121,-57.560096740722656,3.772088112733555,15.672356331710887,0.03402900363467669,-0.011378888373327012,0.03402900363467669,0.011378888373327012,-0.018199220299720764,0.01696263998746872,1.0,0.0,19.444444444444443,11,6,5.2722859382629395,RoadOption.STRAIGHT,1.095213770866394,-57.46044921875,0.015969112844442135,2.8,1.2,4.5,3.0,10.0,0.6,0.01,0.06,0.55,0.16,0.2,0.35,1.0,12,10.0,14.0,0.9,1.2,0.6,0.01,0.06,0.65,0.3,0.72,0.005,0.38,0.22,0.01,0.14,1.0,0.28
mpc,ground_truth,curvy,400.0,0.05,0.1,1.0,82.5656918771565,-8.952314376831055,-57.56277084350586,4.140977769995835,15.303466674448607,0.029097821529691002,-0.013222860738240971,0.029097821529691002,0.013222860738240971,-0.0010272711515426636,0.0171719491481781,1.0,0.0,19.444444444444443,11,6,5.072649002075195,RoadOption.STRAIGHT,1.095213770866394,-57.46044921875,0.015969112844442135,2.8,1.2,4.5,3.0,10.0,0.6,0.01,0.06,0.55,0.16,0.2,0.35,1.0,12,10.0,14.0,0.9,1.2,0.6,0.01,0.06,0.65,0.3,0.72,0.005,0.38,0.22,0.01,0.14,1.0,0.28
mpc,ground_truth,curvy,400.0,0.05,0.1,1.0,82.61569187790155,-8.734577178955078,-57.56435012817383,4.497838910544885,14.946605533899557,0.025056855426920245,-0.013899836157301948,0.025056855426920245,0.013899836157301948,0.011743918061256409,0.012771189212799072,1.0,0.0,19.444444444444443,12,6,4.854921340942383,RoadOption.STRAIGHT,2.0950863361358643,-57.444480895996094,0.015969112844442135,2.8,1.2,4.5,3.0,10.0,0.6,0.01,0.06,0.55,0.16,0.2,0.35,1.0,12,10.0,14.0,0.9,1.2,0.6,0.01,0.06,0.65,0.3,0.72,0.005,0.38,0.22,0.01,0.14,1.0,0.28
mpc,ground_truth,curvy,400.0,0.05,0.1,1.0,82.66569187864661,-8.499213218688965,-57.56455993652344,4.847393149688085,14.597051294756358,0.03242267414596342,-0.01541091375981285,0.03242267414596342,0.01541091375981285,0.010477571748197079,-0.00126634631305933,1.0,0.0,19.444444444444443,12,7,5.6090474128723145,RoadOption.STRAIGHT,2.0950863361358643,-57.444480895996094,0.015969112844442135,2.8,1.2,4.5,3.0,10.0,0.6,0.01,0.06,0.55,0.16,0.2,0.35,1.0,12,10.0,14.0,0.9,1.2,0.6,0.01,0.06,0.65,0.3,0.72,0.005,0.38,0.22,0.01,0.14,1.0,0.28
mpc,ground_truth,curvy,400.0,0.05,0.1,1.0,82.71569187939167,-8.24648666381836,-57.56399154663086,5.192468482294816,14.251975962149626,0.029628211002323004,-0.014485199355013023,0.029628211002323004,0.014485199355013023,0.01124508399516344,0.000767512246966362,1.0,0.0,19.444444444444443,12,7,5.3563232421875,RoadOption.STRAIGHT,2.0950863361358643,-57.444480895996094,0.015969112844442135,2.8,1.2,4.5,3.0,10.0,0.6,0.01,0.06,0.55,0.16,0.2,0.35,1.0,12,10.0,14.0,0.9,1.2,0.6,0.01,0.06,0.65,0.3,0.72,0.005,0.38,0.22,0.01,0.14,1.0,0.28
mpc,ground_truth,curvy,400.0,0.05,0.1,1.0,82.76569188013673,-7.976873397827148,-57.56296157836914,5.5057440719837984,13.938700372460644,0.027070589237457268,-0.013415141359056193,0.027070589237457268,0.013415141359056193,0.011831003241240978,0.0005859192460775375,1.0,0.0,19.444444444444443,12,7,5.086709976196289,RoadOption.STRAIGHT,2.0950863361358643,-57.444480895996094,0.015969112844442135,2.8,1.2,4.5,3.0,10.0,0.6,0.01,0.06,0.55,0.16,0.2,0.35,1.0,12,10.0,14.0,0.9,1.2,0.6,0.01,0.06,0.65,0.3,0.72,0.005,0.38,0.22,0.01,0.14,1.0,0.28
mpc,ground_truth,curvy,400.0,0.05,0.1,1.0,82.81569188088179,-7.698985576629639,-57.56156539916992,5.618180593039186,13.826263851405256,0.024769043999017658,-0.01223580006663072,0.024769043999017658,0.01223580006663072,0.011537467129528522,-0.00029353611171245575,1.0,0.0,19.444444444444443,13,7,4.8088202476501465,RoadOption.STRAIGHT,3.1059606075286865,-57.42900085449219,6.297060376458899,2.8,1.2,4.5,3.0,10.0,0.6,0.01,0.06,0.55,0.16,0.2,0.35,1.0,12,10.0,14.0,0.9,1.2,0.6,0.01,0.06,0.65,0.3,0.72,0.005,0.38,0.22,0.01,0.14,1.0,0.28
mpc,ground_truth,curvy,400.0,0.05,0.1,1.0,82.86569188162684,-7.414109706878662,-57.55982971191406,5.7672752189457634,13.67716922549868,0.03274174811312566,-0.013018723589014236,0.03274174811312566,0.013018723589014236,0.0017109840409830213,-0.009826483088545501,1.0,0.0,19.444444444444443,13,8,5.513425350189209,RoadOption.STRAIGHT,3.1059606075286865,-57.42900085449219,6.297060376458899,2.8,1.2,4.5,3.0,10.0,0.6,0.01,0.06,0.55,0.16,0.2,0.35,1.0,12,10.0,14.0,0.9,1.2,0.6,0.01,0.06,0.65,0.3,0.72,0.005,0.38,0.22,0.01,0.14,1.0,0.28
mpc,ground_truth,curvy,400.0,0.05,0.1,1.0,82.9156918823719,-7.1179094314575195,-57.55821990966797,6.037475593466414,13.406968850978028,0.029817822742410627,-0.01234652456497276,0.029817822742410627,0.01234652456497276,0.0014528298052027822,-0.0002581542357802391,1.0,0.0,19.444444444444443,13,8,5.217223644256592,RoadOption.STRAIGHT,3.1059606075286865,-57.42900085449219,6.297060376458899,2.8,1.2,4.5,3.0,10.0,0.6,0.01,0.06,0.55,0.16,0.2,0.35,1.0,12,10.0,14.0,0.9,1.2,0.6,0.01,0.06,0.65,0.3,0.72,0.005,0.38,0.22,0.01,0.14,1.0,0.28
mpc,ground_truth,curvy,400.0,0.05,0.1,1.0,82.96569188311696,-6.807997226715088,-57.55681610107422,6.286859730536813,13.15758471390763,0.026478057797842215,-0.012027950941578602,0.026478057797842215,0.012027950941578602,0.005331363994628191,0.003878534189425409,1.0,0.0,19.444444444444443,14,8,4.907312393188477,RoadOption.STRAIGHT,4.123607158660889,-57.41658020019531,6.293684553461115,2.8,1.2,4.5,3.0,10.0,0.6,0.01,0.06,0.55,0.16,0.2,0.35,1.0,12,10.0,14.0,0.9,1.2,0.6,0.01,0.06,0.65,0.3,0.72,0.005,0.38,0.22,0.01,0.14,1.0,0.28
mpc,ground_truth,curvy,400.0,0.05,0.1,1.0,83.01569188386202,-6.477349758148193,-57.55519104003906,6.7412248595396385,12.703219584904804,0.026184389112540632,-0.012017401026576557,0.026184389112540632,0.012017401026576557,0.003877827897667885,-0.0014535360969603062,1.0,0.0,19.444444444444443,14,9,5.5731730461120605,RoadOption.STRAIGHT,4.123607158660889,-57.41658020019531,6.293684553461115,2.8,1.2,4.5,3.0,10.0,0.6,0.01,0.06,0.55,0.16,0.2,0.35,1.0,12,10.0,14.0,0.9,1.2,0.6,0.01,0.06,0.65,0.3,0.72,0.005,0.38,0.22,0.01,0.14,1.0,0.28
mpc,ground_truth,curvy,400.0,0.05,0.1,1.0,83.06569188460708,-6.1318230628967285,-57.55324172973633,7.030879590913383,12.41356485353106,0.022615930597152292,-0.011445848165645423,0.022615930597152292,0.011445848165645423,0.006875652354210615,0.0029978244565427303,1.0,0.0,19.444444444444443,14,9,5.227646827697754,RoadOption.STRAIGHT,4.123607158660889,-57.41658020019531,6.293684553461115,2.8,1.2,4.5,3.0,10.0,0.6,0.01,0.06,0.55,0.16,0.2,0.35,1.0,12,10.0,14.0,0.9,1.2,0.6,0.01,0.06,0.65,0.3,0.72,0.005,0.38,0.22,0.01,0.14,1.0,0.28
mpc,ground_truth,curvy,400.0,0.05,0.1,1.0,83.11569188535213,-5.769608497619629,-57.55082702636719,7.391167665099645,12.053276779344799,0.019246326655577725,-0.010697434360603442,0.019246326655577725,0.010697434360603442,0.010004573501646519,0.0031289211474359035,1.0,0.0,19.444444444444443,15,9,4.865428447723389,RoadOption.STRAIGHT,5.1412882804870605,-57.40763473510742,6.29030873046333,2.8,1.2,4.5,3.0,10.0,0.6,0.01,0.06,0.55,0.16,0.2,0.35,1.0,12,10.0,14.0,0.9,1.2,0.6,0.01,0.06,0.65,0.3,0.72,0.005,0.38,0.22,0.01,0.14,1.0,0.28
mpc,ground_truth,curvy,400.0,0.05,0.1,1.0,83.16569188609719,-5.390074729919434,-57.54767990112305,7.725608441667267,11.718836002777177,0.01634022999812755,-0.009573602746982157,0.01634022999812755,0.009573602746982157,0.01096641831099987,0.0009618448093533516,1.0,0.0,19.444444444444443,15,10,5.485878944396973,RoadOption.STRAIGHT,5.1412882804870605,-57.40763473510742,6.29030873046333,2.8,1.2,4.5,3.0,10.0,0.6,0.01,0.06,0.55,0.16,0.2,0.35,1.0,12,10.0,14.0,0.9,1.2,0.6,0.01,0.06,0.65,0.3,0.72,0.005,0.38,0.22,0.01,0.14,1.0,0.28
mpc,ground_truth,curvy,400.0,0.05,0.1,1.0,83.21569188684225,-4.991894245147705,-57.54362106323242,8.123420928425965,11.321023516018478,0.014040231528551855,-0.008311861520934993,0.014040231528551855,0.008311861520934993,0.010339911095798016,-0.0006265072152018547,1.0,0.0,19.444444444444443,15,10,5.087679386138916,RoadOption.STRAIGHT,5.1412882804870605,-57.40763473510742,6.29030873046333,2.8,1.2,4.5,3.0,10.0,0.6,0.01,0.06,0.55,0.16,0.2,0.35,1.0,12,10.0,14.0,0.9,1.2,0.6,0.01,0.06,0.65,0.3,0.72,0.005,0.38,0.22,0.01,0.14,1.0,0.28
mpc,ground_truth,curvy,400.0,0.05,0.1,1.0,83.26569188758731,-4.575098991394043,-57.53877639770508,8.479444275300876,10.965000169143567,0.012228711787486482,-0.0068081466225704546,0.012228711787486482,0.0068081466225704546,0.007890383712947369,-0.002449527382850647,1.0,0.0,19.444444444444443,16,10,4.670856475830078,RoadOption.STRAIGHT,6.158995628356934,-57.40210723876953,6.286932907465546,2.8,1.2,4.5,3.0,10.0,0.6,0.01,0.06,0.55,0.16,0.2,0.35,1.0,12,10.0,14.0,0.9,1.2,0.6,0.01,0.06,0.65,0.3,0.72,0.005,0.38,0.22,0.01,0.14,1.0,0.28
mpc,ground_truth,curvy,400.0,0.05,0.1,1.0,83.31569188833237,-4.139062881469727,-57.53327560424805,8.882232471041334,10.562211973403109,0.010766102079675377,-0.005350080489914255,0.010766102079675377,0.005350080489914255,0.004738756455481052,-0.0031516272574663162,1.0,0.0,19.444444444444443,16,11,5.23478364944458,RoadOption.STRAIGHT,6.158995628356934,-57.40210723876953,6.286932907465546,2.8,1.2,4.5,3.0,10.0,0.6,0.01,0.06,0.55,0.16,0.2,0.35,1.0,12,10.0,14.0,0.9,1.2,0.6,0.01,0.06,0.65,0.3,0.72,0.005,0.38,0.22,0.01,0.14,1.0,0.28
mpc,ground_truth,curvy,400.0,0.05,0.1,1.0,83.36569188907743,-3.683743476867676,-57.52730941772461,9.261221929770008,10.183222514674435,0.009460789971442132,-0.0042248169070582264,0.009460789971442132,0.0042248169070582264,0.002320058410987258,-0.0024186980444937944,1.0,0.0,19.444444444444443,17,11,4.779425144195557,RoadOption.STRAIGHT,7.176715850830078,-57.399993896484375,6.283557084467762,2.8,1.2,4.5,3.0,10.0,0.6,0.01,0.06,0.55,0.16,0.2,0.35,1.0,12,10.0,14.0,0.9,1.2,0.6,0.01,0.06,0.65,0.3,0.72,0.005,0.38,0.22,0.01,0.14,1.0,0.28
mpc,ground_truth,curvy,400.0,0.05,0.1,1.0,83.41569188982248,-3.208065986633301,-57.52100372314453,9.676945966211676,9.767498478232767,0.008169968345434278,-0.0034598654958251096,0.008169968345434278,0.0034598654958251096,-0.00036701816134154797,-0.002687076572328806,1.0,0.0,19.444444444444443,17,12,5.303704261779785,RoadOption.STRAIGHT,7.176715850830078,-57.399993896484375,6.283557084467762,2.8,1.2,4.5,3.0,10.0,0.6,0.01,0.06,0.55,0.16,0.2,0.35,1.0,12,10.0,14.0,0.9,1.2,0.6,0.01,0.06,0.65,0.3,0.72,0.005,0.38,0.22,0.01,0.14,1.0,0.28
mpc,ground_truth,curvy,400.0,0.05,0.1,1.0,83.46569189056754,-2.71282958984375,-57.514549255371094,10.056590142060026,9.387854302384417,0.006715463369089125,-0.003101100246288624,0.006715463369089125,0.003101100246288624,-0.00010996460332535207,0.0002570535580161959,1.0,0.0,19.444444444444443,18,12,4.808426380157471,RoadOption.STRAIGHT,8.181218147277832,-57.40031433105469,6.28277624563615,2.8,1.2,4.5,3.0,10.0,0.6,0.01,0.06,0.55,0.16,0.2,0.35,1.0,12,10.0,14.0,0.9,1.2,0.6,0.01,0.06,0.65,0.3,0.72,0.005,0.38,0.22,0.01,0.14,1.0,0.28
mpc,ground_truth,curvy,400.0,0.05,0.1,1.0,83.5156918913126,-2.198903799057007,-57.507904052734375,10.425187099829087,9.019257344615356,-0.005292603778062371,-0.000882540376332841,0.005292603778062371,0.000882540376332841,0.0018176953308284283,0.0019276599341537803,1.0,0.0,19.444444444444443,18,13,5.305451393127441,RoadOption.STRAIGHT,8.181218147277832,-57.40031433105469,6.28277624563615,2.8,1.2,4.5,3.0,10.0,0.6,0.01,0.06,0.55,0.16,0.2,0.35,1.0,12,10.0,14.0,0.9,1.2,0.6,0.01,0.06,0.65,0.3,0.72,0.005,0.38,0.22,0.01,0.14,1.0,0.28
mpc,ground_truth,curvy,400.0,0.05,0.1,1.0,83.56569189205766,-1.667056679725647,-57.50086975097656,10.778722723943394,8.665721720501049,-0.005638157973819766,-0.0006990329727667444,0.005638157973819766,0.0006990329727667444,0.0018509435467422009,3.324821591377258e-05,1.0,0.0,19.444444444444443,19,13,4.773558616638184,RoadOption.STRAIGHT,9.181218147277832,-57.40072250366211,6.28277624563615,2.8,1.2,4.5,3.0,10.0,0.6,0.01,0.06,0.55,0.16,0.2,0.35,1.0,12,10.0,14.0,0.9,1.2,0.6,0.01,0.06,0.65,0.3,0.72,0.005,0.38,0.22,0.01,0.14,1.0,0.28
mpc,ground_truth,curvy,400.0,0.05,0.1,1.0,83.61569189280272,-1.117786169052124,-57.493377685546875,11.124152297756481,8.320292146687962,-0.021763584168798734,0.0029603292961368766,0.021763584168798734,0.0029603292961368766,0.00861721858382225,0.0067662750370800495,1.0,0.0,19.444444444444443,19,14,5.241955757141113,RoadOption.STRAIGHT,9.181218147277832,-57.40072250366211,6.28277624563615,2.8,1.2,4.5,3.0,10.0,0.6,0.01,0.06,0.55,0.16,0.2,0.35,1.0,12,10.0,14.0,0.9,1.2,0.6,0.01,0.06,0.65,0.3,0.72,0.005,0.38,0.22,0.01,0.14,1.0,0.28
mpc,ground_truth,curvy,400.0,0.05,0.1,1.0,83.66569189354777,-0.5514717698097229,-57.484901428222656,11.462900699994375,7.981543744450068,-0.019233559138161757,0.003798175379535529,0.019233559138161757,0.003798175379535529,0.0038338741287589073,-0.004783344455063343,1.0,0.0,19.444444444444443,20,14,4.6755781173706055,RoadOption.STRAIGHT,10.181218147277832,-57.40113067626953,6.28277624563615,2.8,1.2,4.5,3.0,10.0,0.6,0.01,0.06,0.55,0.16,0.2,0.35,1.0,12,10.0,14.0,0.9,1.2,0.6,0.01,0.06,0.65,0.3,0.72,0.005,0.38,0.22,0.01,0.14,1.0,0.28
mpc,ground_truth,curvy,400.0,0.05,0.1,1.0,83.71569189429283,0.031639937311410904,-57.47565460205078,11.797425556145178,7.6470188882992645,-0.031620261025392706,0.008167330416189778,0.031620261025392706,0.008167330416189778,0.003623177297413349,-0.00021069683134555817,1.0,0.0,19.444444444444443,20,15,5.110101222991943,RoadOption.STRAIGHT,10.181218147277832,-57.40113067626953,6.28277624563615,2.8,1.2,4.5,3.0,10.0,0.6,0.01,0.06,0.55,0.16,0.2,0.35,1.0,12,10.0,14.0,0.9,1.2,0.6,0.01,0.06,0.65,0.3,0.72,0.005,0.38,0.22,0.01,0.14,1.0,0.28
mpc,ground_truth,curvy,400.0,0.05,0.1,1.0,83.76569189503789,0.631367564201355,-57.46581268310547,12.128629686953,7.315814757491443,-0.026050669395347212,0.009047265888082023,0.026050669395347212,0.009047265888082023,-0.005848395638167858,-0.009471572935581207,1.0,0.0,19.444444444444443,21,15,4.51029634475708,RoadOption.STRAIGHT,11.181218147277832,-57.40153884887695,6.28277624563615,2.8,1.2,4.5,3.0,10.0,0.6,0.01,0.06,0.55,0.16,0.2,0.35,1.0,12,10.0,14.0,0.9,1.2,0.6,0.01,0.06,0.65,0.3,0.72,0.005,0.38,0.22,0.01,0.14,1.0,0.28
mpc,ground_truth,curvy,400.0,0.05,0.1,1.0,83.81569189578295,1.2475770711898804,-57.45608901977539,12.457182745385142,6.987261699059301,-0.03557541142714116,0.012538023012254484,0.03557541142714116,0.012538023012254484,-0.007622347678989172,-0.0017739520408213139,1.0,0.0,19.444444444444443,22,16,4.911715030670166,RoadOption.STRAIGHT,12.181214332580566,-57.401947021484375,6.28277624563615,2.8,1.2,4.5,3.0,10.0,0.6,0.01,0.06,0.55,0.16,0.2,0.35,1.0,12,10.0,14.0,0.9,1.2,0.6,0.01,0.06,0.65,0.3,0.72,0.005,0.38,0.22,0.01,0.14,1.0,0.28
mpc,ground_truth,curvy,400.0,0.05,0.1,1.0,83.865691896528,1.8801679611206055,-57.44684600830078,12.783888222785905,6.660556221658538,-0.044882972412730676,0.015163589838476987,0.044882972412730676,0.015163589838476987,-0.003681969130411744,0.003940378548577428,1.0,0.0,19.444444444444443,22,17,5.296755313873291,RoadOption.STRAIGHT,12.181214332580566,-57.401947021484375,6.28277624563615,2.8,1.2,4.5,3.0,10.0,0.6,0.01,0.06,0.55,0.16,0.2,0.35,1.0,12,10.0,14.0,0.9,1.2,0.6,0.01,0.06,0.65,0.3,0.72,0.005,0.38,0.22,0.01,0.14,1.0,0.28
mpc,ground_truth,curvy,400.0,0.05,0.1,1.0,83.91569189727306,2.5290565490722656,-57.43775939941406,13.10920425970648,6.3352401847379625,-0.03603760618797917,0.014215048840190647,0.03603760618797917,0.014215048840190647,-0.010332482866942883,-0.006650513736531138,1.0,0.0,19.444444444444443,23,17,4.647812843322754,RoadOption.STRAIGHT,13.181214332580566,-57.4023551940918,6.28277624563615,2.8,1.2,4.5,3.0,10.0,0.6,0.01,0.06,0.55,0.16,0.2,0.35,1.0,12,10.0,14.0,0.9,1.2,0.6,0.01,0.06,0.65,0.3,0.72,0.005,0.38,0.22,0.01,0.14,1.0,0.28
mpc,ground_truth,curvy,400.0,0.05,0.1,1.0,83.96569189801812,3.1941750049591064,-57.429325103759766,13.43299698122458,6.011447463219863,-0.031050777785961752,0.013589614820862295,0.031050777785961752,0.013589614820862295,-0.009398946538567543,0.0009335363283753395,1.0,0.0,19.444444444444443,24,18,4.987127780914307,RoadOption.STRAIGHT,14.181214332580566,-57.40276336669922,6.28277624563615,2.8,1.2,4.5,3.0,10.0,0.6,0.01,0.06,0.55,0.16,0.2,0.35,1.0,12,10.0,14.0,0.9,1.2,0.6,0.01,0.06,0.65,0.3,0.72,0.005,0.38,0.22,0.01,0.14,1.0,0.28
mpc,ground_truth,curvy,400.0,0.05,0.1,1.0,84.01569189876318,3.87546706199646,-57.42181396484375,13.755839998825723,5.68860444561872,-0.023261838084516744,0.011744369798492471,0.023261838084516744,0.011744369798492471,-0.012002043426036835,-0.0026030968874692917,1.0,0.0,19.444444444444443,24,19,5.305792808532715,RoadOption.STRAIGHT,14.181214332580566,-57.40276336669922,6.28277624563615,2.8,1.2,4.5,3.0,10.0,0.6,0.01,0.06,0.55,0.16,0.2,0.35,1.0,12,10.0,14.0,0.9,1.2,0.6,0.01,0.06,0.65,0.3,0.72,0.005,0.38,0.22,0.01,0.14,1.0,0.28
mpc,ground_truth,curvy,400.0,0.05,0.1,1.0,84.06569189950824,4.572880744934082,-57.41550064086914,14.07758801911723,5.366856425327214,-0.016663229528515715,0.009496131286842235,0.016663229528515715,0.009496131286842235,-0.012670970521867275,-0.0006689270958304405,1.0,0.0,19.444444444444443,25,19,4.608361721038818,RoadOption.STRAIGHT,15.181214332580566,-57.403175354003906,6.28277624563615,2.8,1.2,4.5,3.0,10.0,0.6,0.01,0.06,0.55,0.16,0.2,0.35,1.0,12,10.0,14.0,0.9,1.2,0.6,0.01,0.06,0.65,0.3,0.72,0.005,0.38,0.22,0.01,0.14,1.0,0.28
mpc,ground_truth,curvy,400.0,0.05,0.1,1.0,84.1156919002533,5.286366939544678,-57.41067123413086,14.39846170468299,5.0459827397614525,-0.011542852397198109,0.006861567449413464,0.011542852397198109,0.006861567449413464,-0.010247300378978252,0.002423670142889023,1.0,0.0,19.444444444444443,26,20,4.894860744476318,RoadOption.STRAIGHT,16.181215286254883,-57.40358352661133,6.28277624563615,2.8,1.2,4.5,3.0,10.0,0.6,0.01,0.06,0.55,0.16,0.2,0.35,1.0,12,10.0,14.0,0.9,1.2,0.6,0.01,0.06,0.65,0.3,0.72,0.005,0.38,0.22,0.01,0.14,1.0,0.28
mpc,ground_truth,curvy,400.0,0.05,0.1,1.0,84.16569190099835,6.01588773727417,-57.40730285644531,14.718670023346768,4.725774421097675,-0.007876945057059614,0.004157165853437839,0.007876945057059614,0.004157165853437839,-0.005643629468977451,0.004603670910000801,1.0,0.0,19.444444444444443,26,21,5.1653337478637695,RoadOption.STRAIGHT,16.181215286254883,-57.40358352661133,6.28277624563615,2.8,1.2,4.5,3.0,10.0,0.6,0.01,0.06,0.55,0.16,0.2,0.35,1.0,12,10.0,14.0,0.9,1.2,0.6,0.01,0.06,0.65,0.3,0.72,0.005,0.38,0.22,0.01,0.14,1.0,0.28
mpc,ground_truth,curvy,400.0,0.05,0.1,1.0,84.21569190174341,6.761404991149902,-57.40510559082031,15.038217945431816,4.406226499012627,-0.005374717185871187,0.0018425476615062664,0.005374717185871187,0.0018425476615062664,-0.0007271852227859199,0.004916444246191531,1.0,0.0,19.444444444444443,27,21,4.4198150634765625,RoadOption.STRAIGHT,17.181215286254883,-57.40399169921875,6.28277624563615,2.8,1.2,4.5,3.0,10.0,0.6,0.01,0.06,0.55,0.16,0.2,0.35,1.0,12,10.0,14.0,0.9,1.2,0.6,0.01,0.06,0.65,0.3,0.72,0.005,0.38,0.22,0.01,0.14,1.0,0.28
mpc,ground_truth,curvy,400.0,0.05,0.1,1.0,84.26569190248847,7.522880554199219,-57.403656005859375,15.357029622637434,4.087414821807009,-0.0036145293841017357,0.00028549087698426234,0.0036145293841017357,0.00028549087698426234,0.0027057661209255457,0.0034329513437114656,1.0,0.0,19.444444444444443,28,22,4.658334255218506,RoadOption.STRAIGHT,18.181215286254883,-57.40439987182617,6.28277624563615,2.8,1.2,4.5,3.0,10.0,0.6,0.01,0.06,0.55,0.16,0.2,0.35,1.0,12,10.0,14.0,0.9,1.2,0.6,0.01,0.06,0.65,0.3,0.72,0.005,0.38,0.22,0.01,0.14,1.0,0.28
mpc,ground_truth,curvy,400.0,0.05,0.1,1.0,84.31569190323353,8.300273895263672,-57.40260696411133,15.675093814169278,3.7693506302751647,-0.0022483749714957376,-0.0004021373896199165,0.0022483749714957376,0.0004021373896199165,0.0037571429274976254,0.0010513768065720797,1.0,0.0,19.444444444444443,29,23,4.8809404373168945,RoadOption.STRAIGHT,19.181215286254883,-57.404808044433594,6.28277624563615,2.8,1.2,4.5,3.0,10.0,0.6,0.01,0.06,0.55,0.16,0.2,0.35,1.0,12,10.0,14.0,0.9,1.2,0.6,0.01,0.06,0.65,0.3,0.72,0.005,0.38,0.22,0.01,0.14,1.0,0.28
mpc,ground_truth,curvy,400.0,0.05,0.1,1.0,84.36569190397859,9.093549728393555,-57.40174865722656,15.992463977000241,3.4519804674442014,-0.0010664584896763131,-0.0003893542163879715,0.0010664584896763131,0.0003893542163879715,0.0026307133957743645,-0.0011264295317232609,1.0,0.0,19.444444444444443,29,24,5.08766508102417,RoadOption.STRAIGHT,19.181215286254883,-57.404808044433594,6.28277624563615,2.8,1.2,4.5,3.0,10.0,0.6,0.01,0.06,0.55,0.16,0.2,0.35,1.0,12,10.0,14.0,0.9,1.2,0.6,0.01,0.06,0.65,0.3,0.72,0.005,0.38,0.22,0.01,0.14,1.0,0.28
mpc,ground_truth,curvy,400.0,0.05,0.1,1.0,84.41569190472364,9.902673721313477,-57.40103530883789,16.309160466354392,3.135283978090051,-2.212866054232196e-05,-2.6098978682220775e-05,2.212866054232196e-05,2.6098978682220775e-05,0.0003886135818902403,-0.002242099813884124,1.0,0.0,19.444444444444443,30,24,4.278541088104248,RoadOption.STRAIGHT,20.181215286254883,-57.405216217041016,6.28277624563615,2.8,1.2,4.5,3.0,10.0,0.6,0.01,0.06,0.55,0.16,0.2,0.35,1.0,12,10.0,14.0,0.9,1.2,0.6,0.01,0.06,0.65,0.3,0.72,0.005,0.38,0.22,0.01,0.14,1.0,0.28
mpc,ground_truth,curvy,400.0,0.05,0.1,1.0,84.4656919054687,10.72761344909668,-57.40053939819336,16.62516708251834,2.819277361926101,0.0008141587895661964,0.0003195793308101713,0.0008141587895661964,0.0003195793308101713,-0.0016699957195669413,-0.0020586093014571816,1.0,0.0,19.444444444444443,31,25,4.453601837158203,RoadOption.STRAIGHT,21.181215286254883,-57.40562438964844,6.28277624563615,2.8,1.2,4.5,3.0,10.0,0.6,0.01,0.06,0.55,0.16,0.2,0.35,1.0,12,10.0,14.0,0.9,1.2,0.6,0.01,0.06,0.65,0.3,0.72,0.005,0.38,0.22,0.01,0.14,1.0,0.28
mpc,ground_truth,curvy,400.0,0.05,0.1,1.0,84.51569190621376,11.568330764770508,-57.400360107421875,16.940473580940168,2.503970863504275,0.001336465310334366,0.0004053331181639308,0.001336465310334366,0.0004053331181639308,-0.0026422441005706787,-0.0009722483810037374,1.0,0.0,19.444444444444443,32,26,4.61288595199585,RoadOption.STRAIGHT,22.181215286254883,-57.40603256225586,6.28277624563615,2.8,1.2,4.5,3.0,10.0,0.6,0.01,0.06,0.55,0.16,0.2,0.35,1.0,12,10.0,14.0,0.9,1.2,0.6,0.01,0.06,0.65,0.3,0.72,0.005,0.38,0.22,0.01,0.14,1.0,0.28
mpc,ground_truth,curvy,400.0,0.05,0.1,1.0,84.56569190695882,12.42479419708252,-57.40053939819336,17.255102412885204,2.1893420315592387,0.001506631838841744,0.00017949705747177802,0.001506631838841744,0.00017949705747177802,-0.0022258704993873835,0.00041637360118329525,0.9860506057739258,0.0,19.444444444444443,33,27,4.756422519683838,RoadOption.STRAIGHT,23.181215286254883,-57.40644073486328,6.28277624563615,2.8,1.2,4.5,3.0,10.0,0.6,0.01,0.06,0.55,0.16,0.2,0.35,1.0,12,10.0,14.0,0.9,1.2,0.6,0.01,0.06,0.65,0.3,0.72,0.005,0.38,0.22,0.01,0.14,1.0,0.28
mpc,ground_truth,curvy,400.0,0.05,0.1,1.0,84.61569190770388,13.29694652557373,-57.401039123535156,17.56785893329188,1.8765855111525624,0.001362781547752896,-0.00023861929868917997,0.001362781547752896,0.00023861929868917997,-0.0008100020932033658,0.0014158684061840177,0.8006435036659241,0.0,19.444444444444443,34,28,4.884270191192627,RoadOption.STRAIGHT,24.181215286254883,-57.4068489074707,6.28277624563615,2.8,1.2,4.5,3.0,10.0,0.6,0.01,0.06,0.55,0.16,0.2,0.35,1.0,12,10.0,14.0,0.9,1.2,0.6,0.01,0.06,0.65,0.3,0.72,0.005,0.38,0.22,0.01,0.14,1.0,0.28
mpc,ground_truth,curvy,400.0,0.05,0.1,1.0,84.66569190844893,14.184375762939453,-57.40175247192383,17.86401723399069,1.5804272104537525,0.0010115574234108313,-0.0006455501832167698,0.0010115574234108313,0.0006455501832167698,0.0008529775659553707,0.0016629796591587365,0.6428663730621338,0.0,19.444444444444443,35,29,4.996840476989746,RoadOption.STRAIGHT,25.181215286254883,-57.40726089477539,6.28277624563615,2.8,1.2,4.5,3.0,10.0,0.6,0.01,0.06,0.55,0.16,0.2,0.35,1.0,12,10.0,14.0,0.9,1.2,0.6,0.01,0.06,0.65,0.3,0.72,0.005,0.38,0.22,0.01,0.14,1.0,0.28
mpc,ground_truth,curvy,400.0,0.05,0.1,1.0,84.71569190919399,15.085237503051758,-57.40251922607422,18.111463465774225,1.3329809786702178,0.0006124222619707416,-0.0008575376109307697,0.0006124222619707416,0.0008575376109307697,0.0020018666982650757,0.001148889132309705,0.5528531074523926,0.0,19.444444444444443,35,30,5.095978736877441,RoadOption.STRAIGHT,25.181215286254883,-57.40726089477539,6.28277624563615,2.8,1.2,4.5,3.0,10.0,0.6,0.01,0.06,0.55,0.16,0.2,0.35,1.0,12,10.0,14.0,0.9,1.2,0.6,0.01,0.06,0.65,0.3,0.72,0.005,0.38,0.22,0.01,0.14,1.0,0.28
mpc,ground_truth,curvy,400.0,0.05,0.1,1.0,84.76569190993905,15.996504783630371,-57.40321731567383,18.293291306875187,1.1511531375692563,0.00028709711064848847,-0.0007909587137158169,0.00028709711064848847,0.0007909587137158169,0.0022172662429511547,0.00021539954468607903,0.5224984884262085,0.0,19.444444444444443,36,30,4.184711456298828,RoadOption.STRAIGHT,26.181215286254883,-57.40766906738281,6.28277624563615,2.8,1.2,4.5,3.0,10.0,0.6,0.01,0.06,0.55,0.16,0.2,0.35,1.0,12,10.0,14.0,0.9,1.2,0.6,0.01,0.06,0.65,0.3,0.72,0.005,0.38,0.22,0.01,0.14,1.0,0.28
mpc,ground_truth,curvy,400.0,0.05,0.1,1.0,84.81569191068411,16.914928436279297,-57.40377426147461,18.412990134573125,1.031454309871318,0.00010495418411159835,-0.0004905540777366824,0.00010495418411159835,0.0004905540777366824,0.001535156974568963,-0.0006821092683821917,0.5252339839935303,0.0,19.444444444444443,37,31,4.266287803649902,RoadOption.STRAIGHT,27.181215286254883,-57.408077239990234,6.28277624563615,2.8,1.2,4.5,3.0,10.0,0.6,0.01,0.06,0.55,0.16,0.2,0.35,1.0,12,10.0,14.0,0.9,1.2,0.6,0.01,0.06,0.65,0.3,0.72,0.005,0.38,0.22,0.01,0.14,1.0,0.28
mpc,ground_truth,curvy,400.0,0.05,0.1,1.0,84.86569191142917,17.83782196044922,-57.404178619384766,18.48473979298855,0.959704651455894,7.722758792568928e-05,-9.640636644192568e-05,7.722758792568928e-05,9.640636644192568e-05,0.00035785752697847784,-0.0011772994475904852,0.5397232174873352,0.0,19.444444444444443,38,32,4.3433942794799805,RoadOption.STRAIGHT,28.181215286254883,-57.408485412597656,6.28277624563615,2.8,1.2,4.5,3.0,10.0,0.6,0.01,0.06,0.55,0.16,0.2,0.35,1.0,12,10.0,14.0,0.9,1.2,0.6,0.01,0.06,0.65,0.3,0.72,0.005,0.38,0.22,0.01,0.14,1.0,0.28
mpc,ground_truth,curvy,400.0,0.05,0.1,1.0,84.91569191217422,18.763277053833008,-57.40449905395508,18.524408734519266,0.9200357099251768,0.00013447216398904918,0.00023062976665588764,0.00013447216398904918,0.00023062976665588764,-0.000749351573176682,-0.0011072091001551598,0.554418683052063,0.0,19.444444444444443,39,33,4.417939186096191,RoadOption.STRAIGHT,29.181215286254883,-57.40889358520508,6.28277624563615,2.8,1.2,4.5,3.0,10.0,0.6,0.01,0.06,0.55,0.16,0.2,0.35,1.0,12,10.0,14.0,0.9,1.2,0.6,0.01,0.06,0.65,0.3,0.72,0.005,0.38,0.22,0.01,0.14,1.0,0.28
mpc,ground_truth,curvy,400.0,0.05,0.1,1.0,84.96569191291928,19.69010353088379,-57.404808044433594,18.544861719096993,0.8995827253474502,0.00020372181119562524,0.00037816888088659795,0.00020372181119562524,0.00037816888088659795,-0.001353611471131444,-0.000604259897954762,0.5652060508728027,0.0,19.444444444444443,40,34,4.491112232208252,RoadOption.STRAIGHT,30.181215286254883,-57.4093017578125,6.28277624563615,2.8,1.2,4.5,3.0,10.0,0.6,0.01,0.06,0.55,0.16,0.2,0.35,1.0,12,10.0,14.0,0.9,1.2,0.6,0.01,0.06,0.65,0.3,0.72,0.005,0.38,0.22,0.01,0.14,1.0,0.28
mpc,ground_truth,curvy,400.0,0.05,0.1,1.0,85.01569191366434,20.617616653442383,-57.405174255371094,18.55480396298448,0.8896404814599634,0.0002198465814150668,0.0003238404129355388,0.0002198465814150668,0.0003238404129355388,-0.001250721514225006,0.00010288995690643787,0.5718535780906677,0.0,19.444444444444443,41,35,4.563599109649658,RoadOption.STRAIGHT,31.181215286254883,-57.40970993041992,6.28277624563615,2.8,1.2,4.5,3.0,10.0,0.6,0.01,0.06,0.55,0.16,0.2,0.35,1.0,12,10.0,14.0,0.9,1.2,0.6,0.01,0.06,0.65,0.3,0.72,0.005,0.38,0.22,0.01,0.14,1.0,0.28
mpc,ground_truth,curvy,400.0,0.05,0.1,1.0,85.0656919144094,21.545461654663086,-57.40562438964844,18.55942100294566,0.8850234414987845,0.00014836908065976508,0.0001331580219945394,0.00014836908065976508,0.0001331580219945394,-0.000638214813079685,0.0006125067011453211,0.5754736065864563,0.0,19.444444444444443,42,36,4.635754585266113,RoadOption.STRAIGHT,32.18121337890625,-57.410118103027344,6.28277624563615,2.8,1.2,4.5,3.0,10.0,0.6,0.01,0.06,0.55,0.16,0.2,0.35,1.0,12,10.0,14.0,0.9,1.2,0.6,0.01,0.06,0.65,0.3,0.72,0.005,0.38,0.22,0.01,0.14,1.0,0.28
mpc,ground_truth,curvy,400.0,0.05,0.1,1.0,85.11569191515446,22.47346305847168,-57.40612030029297,18.56150813740667,0.8829363070377738,3.1179194829089596e-05,-8.41558579365298e-05,3.1179194829089596e-05,8.41558579365298e-05,0.0001515399053459987,0.0007897547184256837,0.5772572159767151,0.0,19.444444444444443,43,37,4.7077531814575195,RoadOption.STRAIGHT,33.18121337890625,-57.410526275634766,6.28277624563615,2.8,1.2,4.5,3.0,10.0,0.6,0.01,0.06,0.55,0.16,0.2,0.35,1.0,12,10.0,14.0,0.9,1.2,0.6,0.01,0.06,0.65,0.3,0.72,0.005,0.38,0.22,0.01,0.14,1.0,0.28
mpc,ground_truth,curvy,400.0,0.05,0.1,1.0,85.16569191589952,23.40154457092285,-57.40663146972656,18.562449776660117,0.8819946677843262,-0.000101236709423387,-0.0002269013248747953,0.000101236709423387,0.0002269013248747953,0.0007579680532217026,0.0006064281478757039,0.5780668258666992,0.0,19.444444444444443,44,38,4.779671669006348,RoadOption.STRAIGHT,34.18121337890625,-57.41093444824219,6.28277624563615,2.8,1.2,4.5,3.0,10.0,0.6,0.01,0.06,0.55,0.16,0.2,0.35,1.0,12,10.0,14.0,0.9,1.2,0.6,0.01,0.06,0.65,0.3,0.72,0.005,0.38,0.22,0.01,0.14,1.0,0.28
mpc,ground_truth,curvy,400.0,0.05,0.1,1.0,85.21569191664457,24.32965850830078,-57.4070930480957,18.56289305361963,0.8815513908248143,-0.00018404828958159332,-0.00024394555585072197,0.00018404828958159332,0.00024394555585072197,0.0009406351600773633,0.00018266710685566068,0.5783988833427429,0.0,19.444444444444443,45,39,4.851557731628418,RoadOption.STRAIGHT,35.18121337890625,-57.41134262084961,6.28277624563615,2.8,1.2,4.5,3.0,10.0,0.6,0.01,0.06,0.55,0.16,0.2,0.35,1.0,12,10.0,14.0,0.9,1.2,0.6,0.01,0.06,0.65,0.3,0.72,0.005,0.38,0.22,0.01,0.14,1.0,0.28
mpc,ground_truth,curvy,400.0,0.05,0.1,1.0,85.26569191738963,25.257795333862305,-57.40748977661133,18.563124818073703,0.8813196263707397,-0.00020200065897443484,-0.00014540853049904712,0.00020200065897443484,0.00014540853049904712,0.0006914654513821006,-0.00024916970869526267,0.5785136818885803,0.0,19.444444444444443,46,40,4.9234209060668945,RoadOption.STRAIGHT,36.18121337890625,-57.4117546081543,6.28277624563615,2.8,1.2,4.5,3.0,10.0,0.6,0.01,0.06,0.55,0.16,0.2,0.35,1.0,12,10.0,14.0,0.9,1.2,0.6,0.01,0.06,0.65,0.3,0.72,0.005,0.38,0.22,0.01,0.14,1.0,0.28
mpc,ground_truth,curvy,400.0,0.05,0.1,1.0,85.31569191813469,26.185941696166992,-57.4078254699707,18.56325978792529,0.881184656519153,-0.00015891397610905415,9.054780215400626e-06,0.00015891397610905415,9.054780215400626e-06,0.00018453129450790584,-0.0005069341568741947,0.5785488486289978,0.0,19.444444444444443,47,41,4.995274543762207,RoadOption.STRAIGHT,37.18121337890625,-57.41216278076172,6.28277624563615,2.8,1.2,4.5,3.0,10.0,0.6,0.01,0.06,0.55,0.16,0.2,0.35,1.0,12,10.0,14.0,0.9,1.2,0.6,0.01,0.06,0.65,0.3,0.72,0.005,0.38,0.22,0.01,0.14,1.0,0.28
mpc,ground_truth,curvy,400.0,0.05,0.1,1.0,85.36569191887975,27.114093780517578,-57.40811538696289,18.563345567684568,0.8810988767598751,-7.004780899426888e-05,0.00014381066635493767,7.004780899426888e-05,0.00014381066635493767,-0.00033213343704119325,-0.0005166647315490991,0.5785564184188843,0.0,19.444444444444443,47,42,5.067120552062988,RoadOption.STRAIGHT,37.18121337890625,-57.41216278076172,6.28277624563615,2.8,1.2,4.5,3.0,10.0,0.6,0.01,0.06,0.55,0.16,0.2,0.35,1.0,12,10.0,14.0,0.9,1.2,0.6,0.01,0.06,0.65,0.3,0.72,0.005,0.38,0.22,0.01,0.14,1.0,0.28
mpc,ground_truth,curvy,400.0,0.05,0.1,1.0,85.4156919196248,28.04226303100586,-57.40840148925781,18.563404971073826,0.8810394733706168,2.35282556073327e-05,0.00020453077171822542,2.35282556073327e-05,0.00020453077171822542,-0.0006412541843019426,-0.00030912074726074934,0.5785524249076843,0.0,19.444444444444443,48,42,4.138951301574707,RoadOption.STRAIGHT,38.18121337890625,-57.41257095336914,6.28277624563615,2.8,1.2,4.5,3.0,10.0,0.6,0.01,0.06,0.55,0.16,0.2,0.35,1.0,12,10.0,14.0,0.9,1.2,0.6,0.01,0.06,0.65,0.3,0.72,0.005,0.38,0.22,0.01,0.14,1.0,0.28
mpc,ground_truth,curvy,400.0,0.05,0.1,1.0,85.46569192036986,28.970428466796875,-57.408729553222656,18.56344748585324,0.8809969585912043,7.425213459518343e-05,0.00017417075154568806,7.425213459518343e-05,0.00017417075154568806,-0.000629835354629904,1.1418829672038555e-05,0.5785471796989441,0.0,19.444444444444443,49,43,4.210785865783691,RoadOption.STRAIGHT,39.18121337890625,-57.41297912597656,6.28277624563615,2.8,1.2,4.5,3.0,10.0,0.6,0.01,0.06,0.55,0.16,0.2,0.35,1.0,12,10.0,14.0,0.9,1.2,0.6,0.01,0.06,0.65,0.3,0.72,0.005,0.38,0.22,0.01,0.14,1.0,0.28
mpc,ground_truth,curvy,400.0,0.05,0.1,1.0,85.51569192111492,29.89859962463379,-57.40910339355469,18.563476698396336,0.8809677460481069,7.920199089430594e-05,7.77643363401026e-05,7.920199089430594e-05,7.77643363401026e-05,-0.0003561688063200563,0.0002736665483098477,0.5785455703735352,0.0,19.444444444444443,50,44,4.282614707946777,RoadOption.STRAIGHT,40.18121337890625,-57.413387298583984,6.28277624563615,2.8,1.2,4.5,3.0,10.0,0.6,0.01,0.06,0.55,0.16,0.2,0.35,1.0,12,10.0,14.0,0.9,1.2,0.6,0.01,0.06,0.65,0.3,0.72,0.005,0.38,0.22,0.01,0.14,1.0,0.28
mpc,ground_truth,curvy,400.0,0.05,0.1,1.0,85.56569192185998,30.82676887512207,-57.40952682495117,18.563496095622977,0.880948348821466,3.4560006666419256e-05,-3.408846195274151e-05,3.4560006666419256e-05,3.408846195274151e-05,2.21274713112507e-05,0.000378296277631307,0.5785457491874695,0.0,19.444444444444443,51,45,4.354445457458496,RoadOption.STRAIGHT,41.18121337890625,-57.413795471191406,6.28277624563615,2.8,1.2,4.5,3.0,10.0,0.6,0.01,0.06,0.55,0.16,0.2,0.35,1.0,12,10.0,14.0,0.9,1.2,0.6,0.01,0.06,0.65,0.3,0.72,0.005,0.38,0.22,0.01,0.14,1.0,0.28
mpc,ground_truth,curvy,400.0,0.05,0.1,1.0,85.61569192260504,31.75494384765625,-57.40995788574219,18.563509338602607,0.8809351058418358,-1.3894333839071377e-05,-0.00011345056490963401,1.3894333839071377e-05,0.00011345056490963401,0.0003506476932670921,0.0003285202219558414,0.5785451531410217,0.0,19.444444444444443,52,46,4.426270484924316,RoadOption.STRAIGHT,42.18121337890625,-57.41420364379883,6.28277624563615,2.8,1.2,4.5,3.0,10.0,0.6,0.01,0.06,0.55,0.16,0.2,0.35,1.0,12,10.0,14.0,0.9,1.2,0.6,0.01,0.06,0.65,0.3,0.72,0.005,0.38,0.22,0.01,0.14,1.0,0.28
mpc,ground_truth,curvy,400.0,0.05,0.1,1.0,85.6656919233501,32.68311309814453,-57.41038131713867,18.563516532538806,0.880927911905637,-5.8536318066957846e-05,-0.00013102739559478493,5.8536318066957846e-05,0.00013102739559478493,0.00046339555410668254,0.00011274786083959043,0.5785481333732605,0.0,19.444444444444443,53,47,4.498101234436035,RoadOption.STRAIGHT,43.18121337890625,-57.41461181640625,6.28277624563615,2.8,1.2,4.5,3.0,10.0,0.6,0.01,0.06,0.55,0.16,0.2,0.35,1.0,12,10.0,14.0,0.9,1.2,0.6,0.01,0.06,0.65,0.3,0.72,0.005,0.38,0.22,0.01,0.14,1.0,0.28
mpc,ground_truth,curvy,400.0,0.05,0.1,1.0,85.71569192409515,33.61128616333008,-57.410770416259766,18.563521813365774,0.8809226310786684,-6.88444693307446e-05,-8.89494828806292e-05,6.88444693307446e-05,8.89494828806292e-05,0.00036276085302233696,-0.00010063470108434558,0.5785472393035889,0.0,19.444444444444443,54,48,4.569928169250488,RoadOption.STRAIGHT,44.18121337890625,-57.41501998901367,6.28277624563615,2.8,1.2,4.5,3.0,10.0,0.6,0.01,0.06,0.55,0.16,0.2,0.35,1.0,12,10.0,14.0,0.9,1.2,0.6,0.01,0.06,0.65,0.3,0.72,0.005,0.38,0.22,0.01,0.14,1.0,0.28
mpc,ground_truth,curvy,400.0,0.05,0.1,1.0,85.76569192484021,34.539459228515625,-57.4111328125,18.56352917496189,0.8809152694825535,-5.244974196927073e-05,-1.4913702104379922e-05,5.244974196927073e-05,1.4913702104379922e-05,0.0001254511735169217,-0.00023730967950541526,0.5785403251647949,0.0,19.444444444444443,55,49,4.641755104064941,RoadOption.STRAIGHT,45.18121337890625,-57.415428161621094,6.28277624563615,2.8,1.2,4.5,3.0,10.0,0.6,0.01,0.06,0.55,0.16,0.2,0.35,1.0,12,10.0,14.0,0.9,1.2,0.6,0.01,0.06,0.65,0.3,0.72,0.005,0.38,0.22,0.01,0.14,1.0,0.28
mpc,ground_truth,curvy,400.0,0.05,0.1,1.0,85.81569192558527,35.46763229370117,-57.41147232055664,18.56353294088442,0.8809115035600215,-1.3166832929002248e-05,5.379588652942857e-05,1.3166832929002248e-05,5.379588652942857e-05,-0.00013049172412138432,-0.000255942897638306,0.5785424113273621,0.0,19.444444444444443,56,50,4.7135820388793945,RoadOption.STRAIGHT,46.18121337890625,-57.41584014892578,6.28277624563615,2.8,1.2,4.5,3.0,10.0,0.6,0.01,0.06,0.55,0.16,0.2,0.35,1.0,12,10.0,14.0,0.9,1.2,0.6,0.01,0.06,0.65,0.3,0.72,0.005,0.38,0.22,0.01,0.14,1.0,0.28
mpc,ground_truth,curvy,400.0,0.05,0.1,1.0,85.86569192633033,36.39580535888672,-57.41181945800781,18.56353309094784,0.8809113534966038,1.8486682218334625e-05,8.948224513627423e-05,1.8486682218334625e-05,8.948224513627423e-05,-0.0002864869311451912,-0.00015599520702380687,0.5785466432571411,0.0,19.444444444444443,57,51,4.785408973693848,RoadOption.STRAIGHT,47.18121337890625,-57.4162483215332,6.28277624563615,2.8,1.2,4.5,3.0,10.0,0.6,0.01,0.06,0.55,0.16,0.2,0.35,1.0,12,10.0,14.0,0.9,1.2,0.6,0.01,0.06,0.65,0.3,0.72,0.005,0.38,0.22,0.01,0.14,1.0,0.28
mpc,ground_truth,curvy,400.0,0.05,0.1,1.0,85.91569192707539,37.323978424072266,-57.41217041015625,18.56353336301508,0.8809110814293639,4.632550041920591e-05,8.149272935664698e-05,4.632550041920591e-05,8.149272935664698e-05,-0.00030381017131730914,-1.732324017211795e-05,0.5785463452339172,0.0,19.444444444444443,58,52,4.857235908508301,RoadOption.STRAIGHT,48.18121337890625,-57.416656494140625,6.28277624563615,2.8,1.2,4.5,3.0,10.0,0.6,0.01,0.06,0.55,0.16,0.2,0.35,1.0,12,10.0,14.0,0.9,1.2,0.6,0.01,0.06,0.65,0.3,0.72,0.005,0.38,0.22,0.01,0.14,1.0,0.28
mpc,ground_truth,curvy,400.0,0.05,0.1,1.0,85.96569192782044,38.25215148925781,-57.41255187988281,18.56353364881935,0.8809107956250912,4.364674304835076e-05,3.9947416351715503e-05,4.364674304835076e-05,3.9947416351715503e-05,-0.00018370820907875896,0.00012010196223855019,0.5785461068153381,0.0,19.444444444444443,59,53,4.929062366485596,RoadOption.STRAIGHT,49.18121337890625,-57.41706466674805,6.28277624563615,2.8,1.2,4.5,3.0,10.0,0.6,0.01,0.06,0.55,0.16,0.2,0.35,1.0,12,10.0,14.0,0.9,1.2,0.6,0.01,0.06,0.65,0.3,0.72,0.005,0.38,0.22,0.01,0.14,1.0,0.28
mpc,ground_truth,curvy,400.0,0.05,0.1,1.0,86.0156919285655,39.18032455444336,-57.41294860839844,18.563533802609083,0.88091064183536,2.5709197891632396e-05,-1.2250508504507707e-05,2.5709197891632396e-05,1.2250508504507707e-05,-5.860736564500257e-06,0.0001778474725142587,0.5785462260246277,0.0,19.444444444444443,59,54,5.000889301300049,RoadOption.STRAIGHT,49.18121337890625,-57.41706466674805,6.28277624563615,2.8,1.2,4.5,3.0,10.0,0.6,0.01,0.06,0.55,0.16,0.2,0.35,1.0,12,10.0,14.0,0.9,1.2,0.6,0.01,0.06,0.65,0.3,0.72,0.005,0.38,0.22,0.01,0.14,1.0,0.28
mpc,ground_truth,curvy,400.0,0.05,0.1,1.0,86.06569192931056,40.10850143432617,-57.41334915161133,18.56353376745007,0.8809106769943718,4.847474991076083e-06,-5.1132692929556356e-05,4.847474991076083e-06,5.1132692929556356e-05,0.00014198568533174694,0.0001478464218962472,0.5785464644432068,0.0,19.444444444444443,60,54,4.0727128982543945,RoadOption.STRAIGHT,50.18121337890625,-57.41747283935547,6.28277624563615,2.8,1.2,4.5,3.0,10.0,0.6,0.01,0.06,0.55,0.16,0.2,0.35,1.0,12,10.0,14.0,0.9,1.2,0.6,0.01,0.06,0.65,0.3,0.72,0.005,0.38,0.22,0.01,0.14,1.0,0.28
mpc,ground_truth,curvy,400.0,0.05,0.1,1.0,86.11569193005562,41.03667449951172,-57.41374969482422,18.56353359846928,0.880910845975162,-1.6904767112108088e-05,-6.285060172572798e-05,1.6904767112108088e-05,6.285060172572798e-05,0.0001996732607949525,5.7687575463205576e-05,0.5785467028617859,0.0,19.444444444444443,61,55,4.1445393562316895,RoadOption.STRAIGHT,51.18121337890625,-57.41788101196289,6.28277624563615,2.8,1.2,4.5,3.0,10.0,0.6,0.01,0.06,0.55,0.16,0.2,0.35,1.0,12,10.0,14.0,0.9,1.2,0.6,0.01,0.06,0.65,0.3,0.72,0.005,0.38,0.22,0.01,0.14,1.0,0.28
mpc,ground_truth,curvy,400.0,0.05,0.1,1.0,86.16569193080068,41.964847564697266,-57.41413879394531,18.56353340793005,0.8809110365143944,-2.339822142942904e-05,-4.7404267403017286e-05,2.339822142942904e-05,4.7404267403017286e-05,0.0001867303071776405,-1.2942953617312014e-05,0.5785468220710754,0.0,19.444444444444443,62,56,4.216366767883301,RoadOption.STRAIGHT,52.18121337890625,-57.41828918457031,6.28277624563615,2.8,1.2,4.5,3.0,10.0,0.6,0.01,0.06,0.55,0.16,0.2,0.35,1.0,12,10.0,14.0,0.9,1.2,0.6,0.01,0.06,0.65,0.3,0.72,0.005,0.38,0.22,0.01,0.14,1.0,0.28
mpc,ground_truth,curvy,400.0,0.05,0.1,1.0,86.21569193154573,42.89302062988281,-57.414520263671875,18.563537061617453,0.8809073828269902,-2.607697880028419e-05,-1.4913702104379922e-05,2.607697880028419e-05,1.4913702104379922e-05,8.45399554236792e-05,-0.0001021903517539613,0.578540027141571,0.0,19.444444444444443,63,57,4.288193702697754,RoadOption.STRAIGHT,53.18121337890625,-57.418697357177734,6.28277624563615,2.8,1.2,4.5,3.0,10.0,0.6,0.01,0.06,0.55,0.16,0.2,0.35,1.0,12,10.0,14.0,0.9,1.2,0.6,0.01,0.06,0.65,0.3,0.72,0.005,0.38,0.22,0.01,0.14,1.0,0.28
mpc,ground_truth,curvy,400.0,0.05,0.1,1.0,86.26569193229079,43.82119369506836,-57.41488265991211,18.56353700919665,0.8809074352477921,-9.682251438810317e-06,1.9174792358356285e-05,9.682251438810317e-06,1.9174792358356285e-05,-3.8136960938572884e-05,-0.00012267691636225209,0.5785444974899292,0.0,19.444444444444443,64,58,4.360020637512207,RoadOption.STRAIGHT,54.18121337890625,-57.419105529785156,6.28277624563615,2.8,1.2,4.5,3.0,10.0,0.6,0.01,0.06,0.55,0.16,0.2,0.35,1.0,12,10.0,14.0,0.9,1.2,0.6,0.01,0.06,0.65,0.3,0.72,0.005,0.38,0.22,0.01,0.14,1.0,0.28
mpc,ground_truth,curvy,400.0,0.05,0.1,1.0,86.31569193303585,44.74937057495117,-57.41524887084961,18.563537064710495,0.880907379733948,2.899339422105223e-06,3.9414816642491246e-05,2.899339422105223e-06,3.9414816642491246e-05,-0.00011958188406424597,-8.144492312567309e-05,0.5785443782806396,0.0,19.444444444444443,65,59,4.4318437576293945,RoadOption.STRAIGHT,55.18121337890625,-57.41951370239258,6.28277624563615,2.8,1.2,4.5,3.0,10.0,0.6,0.01,0.06,0.55,0.16,0.2,0.35,1.0,12,10.0,14.0,0.9,1.2,0.6,0.01,0.06,0.65,0.3,0.72,0.005,0.38,0.22,0.01,0.14,1.0,0.28
mpc,ground_truth,curvy,400.0,0.05,0.1,1.0,86.36569193378091,45.67754364013672,-57.41561508178711,18.56353718248617,0.8809072619582743,1.547936983711351e-05,3.9414816642491246e-05,1.547936983711351e-05,3.9414816642491246e-05,-0.00013885105727240443,-1.9269173208158463e-05,0.5785441994667053,0.0,19.444444444444443,66,60,4.503670692443848,RoadOption.STRAIGHT,56.18121337890625,-57.419925689697266,6.28277624563615,2.8,1.2,4.5,3.0,10.0,0.6,0.01,0.06,0.55,0.16,0.2,0.35,1.0,12,10.0,14.0,0.9,1.2,0.6,0.01,0.06,0.65,0.3,0.72,0.005,0.38,0.22,0.01,0.14,1.0,0.28
mpc,ground_truth,curvy,400.0,0.05,0.1,1.0,86.41569193452597,46.605716705322266,-57.41599655151367,18.5635373089204,0.8809071355240441,1.2800612466258143e-05,2.4501114538111324e-05,1.2800612466258143e-05,2.4501114538111324e-05,-9.546173532726243e-05,4.3389321945142e-05,0.5785441398620605,0.0,19.444444444444443,67,61,4.575497627258301,RoadOption.STRAIGHT,57.18121337890625,-57.42033386230469,6.28277624563615,2.8,1.2,4.5,3.0,10.0,0.6,0.01,0.06,0.55,0.16,0.2,0.35,1.0,12,10.0,14.0,0.9,1.2,0.6,0.01,0.06,0.65,0.3,0.72,0.005,0.38,0.22,0.01,0.14,1.0,0.28
mpc,ground_truth,curvy,400.0,0.05,0.1,1.0,86.46569193527102,47.53388977050781,-57.4163818359375,18.563537385522242,0.880907058922201,6.307158148937406e-06,1.5979291632106651e-06,6.307158148937406e-06,1.5979291632106651e-06,-1.957420136022847e-05,7.588753396703396e-05,0.5785441398620605,0.0,19.444444444444443,68,62,4.647324562072754,RoadOption.STRAIGHT,58.18121337890625,-57.42074203491211,6.28277624563615,2.8,1.2,4.5,3.0,10.0,0.6,0.01,0.06,0.55,0.16,0.2,0.35,1.0,12,10.0,14.0,0.9,1.2,0.6,0.01,0.06,0.65,0.3,0.72,0.005,0.38,0.22,0.01,0.14,1.0,0.28
mpc,ground_truth,curvy,400.0,0.05,0.1,1.0,86.51569193601608,48.46206283569336,-57.41676712036133,18.56353738539727,0.8809070590471713,-1.8629616838376425e-07,-1.757686319425744e-05,1.8629616838376425e-07,1.757686319425744e-05,4.8766163672553375e-05,6.834036503278185e-05,0.5785442590713501,0.0,19.444444444444443,69,63,4.719151496887207,RoadOption.STRAIGHT,59.18121337890625,-57.42115020751953,6.28277624563615,2.8,1.2,4.5,3.0,10.0,0.6,0.01,0.06,0.55,0.16,0.2,0.35,1.0,12,10.0,14.0,0.9,1.2,0.6,0.01,0.06,0.65,0.3,0.72,0.005,0.38,0.22,0.01,0.14,1.0,0.28
mpc,ground_truth,curvy,400.0,0.05,0.1,1.0,86.56569193676114,49.39023971557617,-57.417152404785156,18.563537325521622,0.8809071189228206,-6.678190039796812e-06,-2.6098978682220775e-05,6.678190039796812e-06,2.6098978682220775e-05,8.5760562797077e-05,3.6994399124523625e-05,0.5785443186759949,0.0,19.444444444444443,70,64,4.7909746170043945,RoadOption.STRAIGHT,60.181209564208984,-57.42155838012695,6.28277624563615,2.8,1.2,4.5,3.0,10.0,0.6,0.01,0.06,0.55,0.16,0.2,0.35,1.0,12,10.0,14.0,0.9,1.2,0.6,0.01,0.06,0.65,0.3,0.72,0.005,0.38,0.22,0.01,0.14,1.0,0.28
mpc,ground_truth,curvy,400.0,0.05,0.1,1.0,86.6156919375062,50.31841278076172,-57.41754150390625,18.56353724121151,0.8809072032329333,-1.698634130358357e-05,-2.1837920938239108e-05,1.698634130358357e-05,2.1837920938239108e-05,7.642377750016749e-05,-9.336785296909511e-06,0.5785444378852844,0.0,19.444444444444443,71,65,4.862801551818848,RoadOption.STRAIGHT,61.181209564208984,-57.421966552734375,6.28277624563615,2.8,1.2,4.5,3.0,10.0,0.6,0.01,0.06,0.55,0.16,0.2,0.35,1.0,12,10.0,14.0,0.9,1.2,0.6,0.01,0.06,0.65,0.3,0.72,0.005,0.38,0.22,0.01,0.14,1.0,0.28
mpc,ground_truth,curvy,400.0,0.05,0.1,1.0,86.66569193825126,51.246585845947266,-57.41791534423828,18.56353717853683,0.8809072659076129,-8.221007835040872e-06,-9.587347414630187e-06,8.221007835040872e-06,9.587347414630187e-06,5.2385570597834885e-05,-2.4038206902332604e-05,0.5785444378852844,0.0,19.444444444444443,72,66,4.934628486633301,RoadOption.STRAIGHT,62.181209564208984,-57.4223747253418,6.28277624563615,2.8,1.2,4.5,3.0,10.0,0.6,0.01,0.06,0.55,0.16,0.2,0.35,1.0,12,10.0,14.0,0.9,1.2,0.6,0.01,0.06,0.65,0.3,0.72,0.005,0.38,0.22,0.01,0.14,1.0,0.28
mpc,ground_truth,curvy,400.0,0.05,0.1,1.0,86.71569193899632,52.17475891113281,-57.41828536987305,18.563537135969522,0.8809073084749208,5.443256335009583e-07,5.326354689749735e-06,5.443256335009583e-07,5.326354689749735e-06,-1.0691759598557837e-05,-6.307733019639272e-05,0.5785444378852844,0.0,19.444444444444443,72,67,5.006455421447754,RoadOption.STRAIGHT,62.181209564208984,-57.4223747253418,6.28277624563615,2.8,1.2,4.5,3.0,10.0,0.6,0.01,0.06,0.55,0.16,0.2,0.35,1.0,12,10.0,14.0,0.9,1.2,0.6,0.01,0.06,0.65,0.3,0.72,0.005,0.38,0.22,0.01,0.14,1.0,0.28
mpc,ground_truth,curvy,400.0,0.05,0.1,1.0,86.76569193974137,53.10293197631836,-57.41865539550781,18.56353716030949,0.8809072841349526,1.0198617858763175e-05,1.5446366831817215e-05,1.0198617858763175e-05,1.5446366831817215e-05,-5.4614189139101654e-05,-4.392242954054382e-05,0.5785443186759949,0.0,19.444444444444443,73,67,4.078282356262207,RoadOption.STRAIGHT,63.181209564208984,-57.42278289794922,6.28277624563615,2.8,1.2,4.5,3.0,10.0,0.6,0.01,0.06,0.55,0.16,0.2,0.35,1.0,12,10.0,14.0,0.9,1.2,0.6,0.01,0.06,0.65,0.3,0.72,0.005,0.38,0.22,0.01,0.14,1.0,0.28
mpc,ground_truth,curvy,400.0,0.05,0.1,1.0,86.81569194048643,54.03110885620117,-57.41902160644531,18.56353722120166,0.880907223242783,2.2780208719678716e-05,1.5446366831817215e-05,2.2780208719678716e-05,1.5446366831817215e-05,-7.022933277767152e-05,-1.561514363856986e-05,0.5785442590713501,0.0,19.444444444444443,74,68,4.1501054763793945,RoadOption.STRAIGHT,64.18121337890625,-57.42319107055664,6.28277624563615,2.8,1.2,4.5,3.0,10.0,0.6,0.01,0.06,0.55,0.16,0.2,0.35,1.0,12,10.0,14.0,0.9,1.2,0.6,0.01,0.06,0.65,0.3,0.72,0.005,0.38,0.22,0.01,0.14,1.0,0.28
mpc,ground_truth,curvy,400.0,0.05,0.1,1.0,86.86569194123149,54.95928192138672,-57.41940689086914,18.563537291740325,0.8809071527041183,1.628675440235798e-05,9.054780215400626e-06,1.628675440235798e-05,9.054780215400626e-06,-4.753430766868405e-05,2.2695025108987466e-05,0.5785441994667053,0.0,19.444444444444443,75,69,4.221932411193848,RoadOption.STRAIGHT,65.18121337890625,-57.42359924316406,6.28277624563615,2.8,1.2,4.5,3.0,10.0,0.6,0.01,0.06,0.55,0.16,0.2,0.35,1.0,12,10.0,14.0,0.9,1.2,0.6,0.01,0.06,0.65,0.3,0.72,0.005,0.38,0.22,0.01,0.14,1.0,0.28
mpc,ground_truth,curvy,400.0,0.05,0.1,1.0,86.91569194197655,55.887454986572266,-57.4197998046875,18.563537331913498,0.8809071125309451,2.1654666380128886e-06,-2.1304963624402262e-06,2.1654666380128886e-06,2.1304963624402262e-06,-4.6015492216611165e-07,4.707415274651794e-05,0.5785441994667053,0.0,19.444444444444443,76,70,4.293755531311035,RoadOption.STRAIGHT,66.06481170654297,-57.41557312011719,0.02175243346765821,2.8,1.2,4.5,3.0,10.0,0.6,0.01,0.06,0.55,0.16,0.2,0.35,1.0,12,10.0,14.0,0.9,1.2,0.6,0.01,0.06,0.65,0.3,0.72,0.005,0.38,0.22,0.01,0.14,1.0,0.28
mpc,ground_truth,curvy,400.0,0.05,0.1,1.0,86.9656919427216,56.81562805175781,-57.42018508911133,18.563537319057755,0.8809071253866883,-4.327987679307848e-06,-1.0652644360398256e-05,4.327987679307848e-06,1.0652644360398256e-05,3.4463988413335755e-05,3.492414333550187e-05,0.5785443186759949,0.0,19.444444444444443,77,71,4.365582466125488,RoadOption.STRAIGHT,66.93106842041016,-57.3857307434082,0.047124901805061126,2.8,1.2,4.5,3.0,10.0,0.6,0.01,0.06,0.55,0.16,0.2,0.35,1.0,12,10.0,14.0,0.9,1.2,0.6,0.01,0.06,0.65,0.3,0.72,0.005,0.38,0.22,0.01,0.14,1.0,0.28
mpc,ground_truth,curvy,400.0,0.05,0.1,1.0,87.01569194346666,57.74380111694336,-57.42057418823242,18.56353727676738,0.8809071676770621,-1.4636138943094606e-05,-1.3315772941169257e-05,1.4636138943094606e-05,1.3315772941169257e-05,5.4806325351819396e-05,2.034233693848364e-05,0.5785443782806396,0.0,19.444444444444443,78,72,4.437409400939941,RoadOption.STRAIGHT,67.7962875366211,-57.33391571044922,0.07249763645857306,2.8,1.2,4.5,3.0,10.0,0.6,0.01,0.06,0.55,0.16,0.2,0.35,1.0,12,10.0,14.0,0.9,1.2,0.6,0.01,0.06,0.65,0.3,0.72,0.005,0.38,0.22,0.01,0.14,1.0,0.28
mpc,ground_truth,curvy,400.0,0.05,0.1,1.0,87.06569194421172,58.67197799682617,-57.420955657958984,18.563537218837123,0.88090722560732,-1.7313335868042066e-05,-8.522082978856815e-06,1.7313335868042066e-05,8.522082978856815e-06,4.5426120777847245e-05,-9.38020457397215e-06,0.5785443782806396,0.0,19.444444444444443,80,73,4.509232521057129,RoadOption.STRAIGHT,69.52140045166016,-57.1645393371582,0.1232428394494879,2.8,1.2,4.5,3.0,10.0,0.6,0.01,0.06,0.55,0.16,0.2,0.35,1.0,12,10.0,14.0,0.9,1.2,0.6,0.01,0.06,0.65,0.3,0.72,0.005,0.38,0.22,0.01,0.14,1.0,0.28
mpc,ground_truth,curvy,400.0,0.05,0.1,1.0,87.11569194495678,59.60015106201172,-57.42132568359375,18.563537177156213,0.8809072672882294,-9.438521602127443e-06,0.0,9.438521602127443e-06,0.0,0.02639109082520008,0.026345664704422234,0.5785444378852844,0.0,19.444444444444443,81,75,5.581063270568848,RoadOption.STRAIGHT,70.38017272949219,-57.047080993652344,0.14861557410299983,2.8,1.2,4.5,3.0,10.0,0.6,0.01,0.06,0.55,0.16,0.2,0.35,1.0,12,10.0,14.0,0.9,1.2,0.6,0.01,0.06,0.65,0.3,0.72,0.005,0.38,0.22,0.01,0.14,1.0,0.28
mpc,ground_truth,curvy,400.0,0.05,0.1,1.0,87.16569194570184,60.52826690673828,-57.41948699951172,18.561736443860028,0.8827080005844152,0.11651087161441984,-0.02014184973784161,0.11651087161441984,0.02014184973784161,0.031283676624298096,0.004892585799098015,0.5817856788635254,0.0,19.444444444444443,82,76,5.53654670715332,RoadOption.STRAIGHT,71.23568725585938,-56.907875061035156,0.17398830875651175,2.8,1.2,4.5,3.0,10.0,0.6,0.01,0.06,0.55,0.16,0.2,0.35,1.0,12,10.0,14.0,0.9,1.2,0.6,0.01,0.06,0.65,0.3,0.72,0.005,0.38,0.22,0.01,0.14,1.0,0.28
mpc,ground_truth,curvy,400.0,0.05,0.1,1.0,87.2156919464469,61.45627975463867,-57.41387939453125,18.560211423663056,0.8842330207813873,0.2297859955131428,-0.04080641375930716,0.2297859955131428,0.04080641375930716,-0.010123467072844505,-0.0414071436971426,0.582369863986969,0.0,19.444444444444443,83,77,5.474861145019531,RoadOption.STRAIGHT,72.08740234375,-56.74700927734375,0.19936104341002367,2.8,1.2,4.5,3.0,10.0,0.6,0.01,0.06,0.55,0.16,0.2,0.35,1.0,12,10.0,14.0,0.9,1.2,0.6,0.01,0.06,0.65,0.3,0.72,0.005,0.38,0.22,0.01,0.14,1.0,0.28
mpc,ground_truth,curvy,400.0,0.05,0.1,1.0,87.26569194719195,62.38427734375,-57.40752410888672,18.560765432930296,0.8836790115141469,0.318599294596062,-0.06284864388634981,0.318599294596062,0.06284864388634981,-0.03087620437145233,-0.020752737298607826,0.5795425772666931,0.0,19.444444444444443,84,78,5.412511348724365,RoadOption.STRAIGHT,72.93476104736328,-56.56459045410156,0.2247335117474266,2.8,1.2,4.5,3.0,10.0,0.6,0.01,0.06,0.55,0.16,0.2,0.35,1.0,12,10.0,14.0,0.9,1.2,0.6,0.01,0.06,0.65,0.3,0.72,0.005,0.38,0.22,0.01,0.14,1.0,0.28
mpc,ground_truth,curvy,400.0,0.05,0.1,1.0,87.31569194793701,63.3122673034668,-57.40324401855469,18.55985941298179,0.8845850314626524,0.38015006776772353,-0.08903847797418996,0.38015006776772353,0.08903847797418996,-0.013114430010318756,0.017761774361133575,0.5818382501602173,0.0,19.444444444444443,85,79,5.3495588302612305,RoadOption.STRAIGHT,73.77721405029297,-56.36072540283203,0.25010624640093854,2.8,1.2,4.5,3.0,10.0,0.6,0.01,0.06,0.55,0.16,0.2,0.35,1.0,12,10.0,14.0,0.9,1.2,0.6,0.01,0.06,0.65,0.3,0.72,0.005,0.38,0.22,0.01,0.14,1.0,0.28
mpc,ground_truth,curvy,400.0,0.05,0.1,1.0,87.36569194868207,64.24028778076172,-57.40018081665039,18.56121426298895,0.8832301814554917,0.41535875534373357,-0.11723420707567289,0.41535875534373357,0.11723420707567289,0.037947408854961395,0.05106183886528015,0.5783122777938843,0.0,19.444444444444443,86,80,5.286367416381836,RoadOption.STRAIGHT,74.61422729492188,-56.135562896728516,0.27547898105445046,2.8,1.2,4.5,3.0,10.0,0.6,0.01,0.06,0.55,0.16,0.2,0.35,1.0,12,10.0,14.0,0.9,1.2,0.6,0.01,0.06,0.65,0.3,0.72,0.005,0.38,0.22,0.01,0.14,1.0,0.28
mpc,ground_truth,curvy,400.0,0.05,0.1,1.0,87.41569194942713,65.16822814941406,-57.39387512207031,18.55798909134761,0.8864553530968315,0.4287565698886534,-0.14205832898418258,0.4287565698886534,0.14205832898418258,0.10213325172662735,0.06418584287166595,0.5857434272766113,0.0,19.444444444444443,87,81,5.2234697341918945,RoadOption.STRAIGHT,75.44525909423828,-55.88922882080078,0.3008514493918534,2.8,1.2,4.5,3.0,10.0,0.6,0.01,0.06,0.55,0.16,0.2,0.35,1.0,12,10.0,14.0,0.9,1.2,0.6,0.01,0.06,0.65,0.3,0.72,0.005,0.38,0.22,0.01,0.14,1.0,0.28
mpc,ground_truth,curvy,400.0,0.05,0.1,1.0,87.46569195017219,66.095458984375,-57.37900924682617,18.540182190539753,0.9042622539046903,0.42581313103588275,-0.15916302672115057,0.42581313103588275,0.15916302672115057,0.16005168855190277,0.05791843682527542,0.6139256358146667,0.0,19.444444444444443,88,82,5.161774635314941,RoadOption.STRAIGHT,76.269775390625,-55.62189865112305,0.3262241840453653,2.8,1.2,4.5,3.0,10.0,0.6,0.01,0.06,0.55,0.16,0.2,0.35,1.0,12,10.0,14.0,0.9,1.2,0.6,0.01,0.06,0.65,0.3,0.72,0.005,0.38,0.22,0.01,0.14,1.0,0.28
mpc,ground_truth,curvy,400.0,0.05,0.1,1.0,87.51569195091724,67.02080535888672,-57.349246978759766,18.504651418540007,0.9397930259044358,0.4130950514893469,-0.16566232259897484,0.4130950514893469,0.16566232259897484,0.19559736549854279,0.035545676946640015,0.6565127372741699,0.0,19.444444444444443,89,83,5.102263927459717,RoadOption.STRAIGHT,77.08724212646484,-55.33373260498047,0.3515966523827682,2.8,1.2,4.5,3.0,10.0,0.6,0.01,0.06,0.55,0.16,0.2,0.35,1.0,12,10.0,14.0,0.9,1.2,0.6,0.01,0.06,0.65,0.3,0.72,0.005,0.38,0.22,0.01,0.14,1.0,0.28
mpc,ground_truth,curvy,400.0,0.05,0.1,1.0,87.5656919516623,67.94316864013672,-57.29896926879883,18.462725583074782,0.9817188613696608,0.39644753369067076,-0.16135934503481453,0.39644753369067076,0.16135934503481453,0.20150434970855713,0.005906984210014343,0.6893423199653625,0.0,19.444444444444443,90,84,5.045325756072998,RoadOption.STRAIGHT,77.89713287353516,-55.02491760253906,0.37696938703628013,2.8,1.2,4.5,3.0,10.0,0.6,0.01,0.06,0.55,0.16,0.2,0.35,1.0,12,10.0,14.0,0.9,1.2,0.6,0.01,0.06,0.65,0.3,0.72,0.005,0.38,0.22,0.01,0.14,1.0,0.28
mpc,ground_truth,curvy,400.0,0.05,0.1,1.0,87.61569195240736,68.8621826171875,-57.2242317199707,18.434102516013468,1.0103419284309751,0.3798649056348159,-0.1486172302563027,0.3798649056348159,0.1486172302563027,0.18017758429050446,-0.021326765418052673,0.690552830696106,0.0,19.444444444444443,91,85,4.99030876159668,RoadOption.STRAIGHT,78.69892883300781,-54.69565963745117,0.40234185537368305,2.8,1.2,4.5,3.0,10.0,0.6,0.01,0.06,0.55,0.16,0.2,0.35,1.0,12,10.0,14.0,0.9,1.2,0.6,0.01,0.06,0.65,0.3,0.72,0.005,0.38,0.22,0.01,0.14,1.0,0.28
mpc,ground_truth,curvy,400.0,0.05,0.1,1.0,87.66569195315242,69.778076171875,-57.122737884521484,18.429554485745207,1.0148899586992357,0.3655176829550949,-0.13118468542572703,0.3655176829550949,0.13118468542572703,0.14093898236751556,-0.03923860192298889,0.6643916368484497,0.0,19.444444444444443,92,86,4.935876369476318,RoadOption.STRAIGHT,79.49211120605469,-54.346160888671875,0.427714590027195,2.8,1.2,4.5,3.0,10.0,0.6,0.01,0.06,0.55,0.16,0.2,0.35,1.0,12,10.0,14.0,0.9,1.2,0.6,0.01,0.06,0.65,0.3,0.72,0.005,0.38,0.22,0.01,0.14,1.0,0.28
mpc,ground_truth,curvy,400.0,0.05,0.1,1.0,87.71569195389748,70.69121551513672,-56.993900299072266,18.447058991634705,0.9973854528097377,0.3537278373813526,-0.11334994501389994,0.3537278373813526,0.11334994501389994,0.09649402648210526,-0.04444495588541031,0.6274258494377136,0.0,19.444444444444443,93,87,4.88070011138916,RoadOption.STRAIGHT,80.27617645263672,-53.976654052734375,0.4530873246807069,2.8,1.2,4.5,3.0,10.0,0.6,0.01,0.06,0.55,0.16,0.2,0.35,1.0,12,10.0,14.0,0.9,1.2,0.6,0.01,0.06,0.65,0.3,0.72,0.005,0.38,0.22,0.01,0.14,1.0,0.28
mpc,ground_truth,curvy,400.0,0.05,0.1,1.0,87.76569195464253,71.60163879394531,-56.83852767944336,18.47545385824373,0.9689905862007144,0.3435284635293103,-0.09905635996928153,0.3435284635293103,0.09905635996928153,0.060485031455755234,-0.03600899502635002,0.5973204970359802,0.0,19.444444444444443,95,88,4.8240742683410645,RoadOption.STRAIGHT,81.81492614746094,-53.1785774230957,0.5038325276716218,2.8,1.2,4.5,3.0,10.0,0.6,0.01,0.06,0.55,0.16,0.2,0.35,1.0,12,10.0,14.0,0.9,1.2,0.6,0.01,0.06,0.65,0.3,0.72,0.005,0.38,0.22,0.01,0.14,1.0,0.28
mpc,ground_truth,curvy,400.0,0.05,0.1,1.0,87.81569195538759,72.5088882446289,-56.6580810546875,18.501742698713226,0.9427017457312168,0.4649462318508393,-0.1162214984592782,0.4649462318508393,0.1162214984592782,-0.003149821888655424,-0.06363485334441066,0.5840744376182556,0.0,19.444444444444443,96,90,5.630311489105225,RoadOption.STRAIGHT,82.56861877441406,-52.750518798828125,0.5292052623251337,2.8,1.2,4.5,3.0,10.0,0.6,0.01,0.06,0.55,0.16,0.2,0.35,1.0,12,10.0,14.0,0.9,1.2,0.6,0.01,0.06,0.65,0.3,0.72,0.005,0.38,0.22,0.01,0.14,1.0,0.28
mpc,ground_truth,curvy,400.0,0.05,0.1,1.0,87.86569195613265,73.41319274902344,-56.45722198486328,18.529975662060558,0.9144687823838851,0.4488627753974517,-0.11785073719040451,0.4488627753974517,0.11785073719040451,0.010170148685574532,0.013319970574229956,0.5648016929626465,0.0,19.444444444444443,97,91,5.571544647216797,RoadOption.STRAIGHT,83.31121826171875,-52.30347442626953,0.5545779969786456,2.8,1.2,4.5,3.0,10.0,0.6,0.01,0.06,0.55,0.16,0.2,0.35,1.0,12,10.0,14.0,0.9,1.2,0.6,0.01,0.06,0.65,0.3,0.72,0.005,0.38,0.22,0.01,0.14,1.0,0.28
mpc,ground_truth,curvy,400.0,0.05,0.1,1.0,87.91569195687771,74.31376647949219,-56.237064361572266,18.54095280949422,0.9034916349502211,0.42737430473413607,-0.12736038610037292,0.42737430473413607,0.12736038610037292,0.05826118215918541,0.04809103347361088,0.5789223909378052,0.0,19.444444444444443,98,92,5.512782573699951,RoadOption.STRAIGHT,84.04222106933594,-51.83773422241211,0.5799507316321575,2.8,1.2,4.5,3.0,10.0,0.6,0.01,0.06,0.55,0.16,0.2,0.35,1.0,12,10.0,14.0,0.9,1.2,0.6,0.01,0.06,0.65,0.3,0.72,0.005,0.38,0.22,0.01,0.14,1.0,0.28
mpc,ground_truth,curvy,400.0,0.05,0.1,1.0,87.96569195762277,75.20867156982422,-55.99575424194336,18.52987040511682,0.914574039327622,0.4028941199414844,-0.13865575110026684,0.4028941199414844,0.13865575110026684,0.11740285158157349,0.05914166942238808,0.6120433211326599,0.0,19.444444444444443,99,93,5.454940319061279,RoadOption.STRAIGHT,84.76118469238281,-51.353599548339844,0.6053231999695604,2.8,1.2,4.5,3.0,10.0,0.6,0.01,0.06,0.55,0.16,0.2,0.35,1.0,12,10.0,14.0,0.9,1.2,0.6,0.01,0.06,0.65,0.3,0.72,0.005,0.38,0.22,0.01,0.14,1.0,0.28
mpc,ground_truth,curvy,400.0,0.05,0.1,1.0,88.01569195836782,76.09563446044922,-55.73107147216797,18.497527215303446,0.9469172291409969,0.378367758015403,-0.14615418075500752,0.378367758015403,0.14615418075500752,0.16666355729103088,0.0492607057094574,0.6569621562957764,0.0,19.444444444444443,100,94,5.398818016052246,RoadOption.STRAIGHT,85.4676284790039,-50.851383209228516,0.6306959346230724,2.8,1.2,4.5,3.0,10.0,0.6,0.01,0.06,0.55,0.16,0.2,0.35,1.0,12,10.0,14.0,0.9,1.2,0.6,0.01,0.06,0.65,0.3,0.72,0.005,0.38,0.22,0.01,0.14,1.0,0.28
mpc,ground_truth,curvy,400.0,0.05,0.1,1.0,88.06569195911288,76.97238159179688,-55.44085693359375,18.452874100954137,0.9915703434903058,0.3567439201024418,-0.1464548516420776,0.3567439201024418,0.1464548516420776,0.19159971177577972,0.02493615448474884,0.6985259652137756,0.0,19.444444444444443,101,95,5.344918251037598,RoadOption.STRAIGHT,86.16111755371094,-50.33140182495117,0.6560684029604753,2.8,1.2,4.5,3.0,10.0,0.6,0.01,0.06,0.55,0.16,0.2,0.35,1.0,12,10.0,14.0,0.9,1.2,0.6,0.01,0.06,0.65,0.3,0.72,0.005,0.38,0.22,0.01,0.14,1.0,0.28
mpc,ground_truth,curvy,400.0,0.05,0.1,1.0,88.11569195985794,77.83731079101562,-55.12333679199219,18.41313794938112,1.0313064950633226,0.34035208178774967,-0.1388888109851627,0.34035208178774967,0.1388888109851627,0.18688388168811798,-0.004715830087661743,0.7164672613143921,0.0,19.444444444444443,102,96,5.292971134185791,RoadOption.STRAIGHT,86.84117126464844,-49.79399490356445,0.6814411376139872,2.8,1.2,4.5,3.0,10.0,0.6,0.01,0.06,0.55,0.16,0.2,0.35,1.0,12,10.0,14.0,0.9,1.2,0.6,0.01,0.06,0.65,0.3,0.72,0.005,0.38,0.22,0.01,0.14,1.0,0.28
mpc,ground_truth,curvy,400.0,0.05,0.1,1.0,88.165691960603,78.69001007080078,-54.777503967285156,18.39706485880667,1.0473795856377741,0.3302282702074555,-0.12532456589457563,0.3302282702074555,0.12532456589457563,0.15649764239788055,-0.030386239290237427,0.6977154612541199,0.0,19.444444444444443,103,97,5.241792678833008,RoadOption.STRAIGHT,87.50738525390625,-49.2395133972168,0.7068138722674991,2.8,1.2,4.5,3.0,10.0,0.6,0.01,0.06,0.55,0.16,0.2,0.35,1.0,12,10.0,14.0,0.9,1.2,0.6,0.01,0.06,0.65,0.3,0.72,0.005,0.38,0.22,0.01,0.14,1.0,0.28
mpc,ground_truth,curvy,400.0,0.05,0.1,1.0,88.21569196134806,79.53091430664062,-54.40330123901367,18.41032190837182,1.0341225360726227,0.32604791945531186,-0.10918281363246907,0.32604791945531186,0.10918281363246907,0.11084802448749542,-0.04564961791038513,0.6545650362968445,0.0,19.444444444444443,104,98,5.189800262451172,RoadOption.STRAIGHT,88.15930938720703,-48.66830062866211,0.7321863406049021,2.8,1.2,4.5,3.0,10.0,0.6,0.01,0.06,0.55,0.16,0.2,0.35,1.0,12,10.0,14.0,0.9,1.2,0.6,0.01,0.06,0.65,0.3,0.72,0.005,0.38,0.22,0.01,0.14,1.0,0.28
mpc,ground_truth,curvy,400.0,0.05,0.1,1.0,88.26569196209311,80.36091613769531,-54.00202560424805,18.445176466721925,0.9992679777225177,0.32602645491379345,-0.09463729354872896,0.32602645491379345,0.09463729354872896,0.06477870792150497,-0.04606931656599045,0.6077353358268738,0.0,19.444444444444443,105,99,5.13580846786499,RoadOption.STRAIGHT,88.79653930664062,-48.08073806762695,0.757559075258414,2.8,1.2,4.5,3.0,10.0,0.6,0.01,0.06,0.55,0.16,0.2,0.35,1.0,12,10.0,14.0,0.9,1.2,0.6,0.01,0.06,0.65,0.3,0.72,0.005,0.38,0.22,0.01,0.14,1.0,0.28
mpc,ground_truth,curvy,400.0,0.05,0.1,1.0,88.31569196283817,81.1808090209961,-53.57606887817383,18.48539360141418,0.959050843030262,0.32746392500380805,-0.08543650474618225,0.32746392500380805,0.08543650474618225,0.03276339918375015,-0.03201530873775482,0.5771699547767639,0.0,19.444444444444443,106,100,5.079442501068115,RoadOption.STRAIGHT,89.41865539550781,-47.477195739746094,0.782931543595817,2.8,1.2,4.5,3.0,10.0,0.6,0.01,0.06,0.55,0.16,0.2,0.35,1.0,12,10.0,14.0,0.9,1.2,0.6,0.01,0.06,0.65,0.3,0.72,0.005,0.38,0.22,0.01,0.14,1.0,0.28
mpc,ground_truth,curvy,400.0,0.05,0.1,1.0,88.36569196358323,81.9908447265625,-53.12807846069336,18.516686137334997,0.9277583071094462,0.3278150477183699,-0.08352432179399161,0.3278150477183699,0.08352432179399161,0.024115553125739098,-0.008647846058011055,0.5691039562225342,0.0,19.444444444444443,107,101,5.021213054656982,RoadOption.STRAIGHT,90.02526092529297,-46.85806655883789,0.8083042782493288,2.8,1.2,4.5,3.0,10.0,0.6,0.01,0.06,0.55,0.16,0.2,0.35,1.0,12,10.0,14.0,0.9,1.2,0.6,0.01,0.06,0.65,0.3,0.72,0.005,0.38,0.22,0.01,0.14,1.0,0.28
mpc,ground_truth,curvy,400.0,0.05,0.1,1.0,88.41569196432829,82.79056549072266,-52.65997314453125,18.53311566601198,0.9113287784324626,0.3256219776063767,-0.0882230034842455,0.3256219776063767,0.0882230034842455,0.03879952430725098,0.014683971181511879,0.5770818591117859,0.0,19.444444444444443,108,102,4.961979866027832,RoadOption.STRAIGHT,90.61595916748047,-46.2237434387207,0.8336770129028408,2.8,1.2,4.5,3.0,10.0,0.6,0.01,0.06,0.55,0.16,0.2,0.35,1.0,12,10.0,14.0,0.9,1.2,0.6,0.01,0.06,0.65,0.3,0.72,0.005,0.38,0.22,0.01,0.14,1.0,0.28
mpc,ground_truth,curvy,400.0,0.05,0.1,1.0,88.46569196507335,83.5789794921875,-52.17258834838867,18.534603129781235,0.9098413146632076,0.3207501907821464,-0.0966652907188239,0.3207501907821464,0.0966652907188239,0.06898731738328934,0.03018779307603836,0.5941198468208313,0.0,19.444444444444443,109,103,4.902581691741943,RoadOption.STRAIGHT,91.19037628173828,-45.57463836669922,0.8590494812402437,2.8,1.2,4.5,3.0,10.0,0.6,0.01,0.06,0.55,0.16,0.2,0.35,1.0,12,10.0,14.0,0.9,1.2,0.6,0.01,0.06,0.65,0.3,0.72,0.005,0.38,0.22,0.01,0.14,1.0,0.28
mpc,ground_truth,curvy,400.0,0.05,0.1,1.0,88.5156919658184,84.35467529296875,-51.66596603393555,18.522801767200473,0.9216426772439696,0.3139798270846934,-0.1051745564548181,0.3139798270846934,0.1051745564548181,0.10235125571489334,0.033363938331604004,0.6171472668647766,0.0,19.444444444444443,110,104,4.8436808586120605,RoadOption.STRAIGHT,91.7481460571289,-44.911170959472656,0.8844222158937556,2.8,1.2,4.5,3.0,10.0,0.6,0.01,0.06,0.55,0.16,0.2,0.35,1.0,12,10.0,14.0,0.9,1.2,0.6,0.01,0.06,0.65,0.3,0.72,0.005,0.38,0.22,0.01,0.14,1.0,0.28
mpc,ground_truth,curvy,400.0,0.05,0.1,1.0,88.56569196656346,85.11613464355469,-51.13979721069336,18.502059979525566,0.9423844649188773,0.30653677636894594,-0.1107415618184926,0.30653677636894594,0.1107415618184926,0.12825201451778412,0.025900758802890778,0.6403208374977112,0.0,19.444444444444443,112,105,4.785731315612793,RoadOption.STRAIGHT,92.81228637695312,-43.54286575317383,0.935167552042725,2.8,1.2,4.5,3.0,10.0,0.6,0.01,0.06,0.55,0.16,0.2,0.35,1.0,12,10.0,14.0,0.9,1.2,0.6,0.01,0.06,0.65,0.3,0.72,0.005,0.38,0.22,0.01,0.14,1.0,0.28
mpc,ground_truth,curvy,400.0,0.05,0.1,1.0,88.61569196730852,85.8619384765625,-50.59360885620117,18.479235790555588,0.9652086538888547,0.43033416431494453,-0.1371113839841298,0.43033416431494453,0.1371113839841298,0.09464038908481598,-0.03361162543296814,0.6565142273902893,0.0,19.444444444444443,113,107,5.5935258865356445,RoadOption.STRAIGHT,93.3179931640625,-42.838905334472656,0.9605401535381823,2.8,1.2,4.5,3.0,10.0,0.6,0.01,0.06,0.55,0.16,0.2,0.35,1.0,12,10.0,14.0,0.9,1.2,0.6,0.01,0.06,0.65,0.3,0.72,0.005,0.38,0.22,0.01,0.14,1.0,0.28
mpc,ground_truth,curvy,400.0,0.05,0.1,1.0,88.66569196805358,86.5933609008789,-50.02861785888672,18.485900150211762,0.9585442942326807,0.4208874521684578,-0.13604378928214444,0.4208874521684578,0.13604378928214444,0.09684526920318604,0.002204880118370056,0.6171293258666992,0.0,19.444444444444443,114,108,5.5370001792907715,RoadOption.STRAIGHT,93.8056640625,-42.12234115600586,0.9859128881916943,2.8,1.2,4.5,3.0,10.0,0.6,0.01,0.06,0.55,0.16,0.2,0.35,1.0,12,10.0,14.0,0.9,1.2,0.6,0.01,0.06,0.65,0.3,0.72,0.005,0.38,0.22,0.01,0.14,1.0,0.28
mpc,ground_truth,curvy,400.0,0.05,0.1,1.0,88.71569196879864,87.31082153320312,-49.44530487060547,18.4938496005789,0.9505948438655416,0.40952954169942046,-0.13454156669025785,0.40952954169942046,0.13454156669025785,0.10305442661046982,0.006209157407283783,0.610817551612854,0.0,19.444444444444443,115,109,5.48023796081543,RoadOption.STRAIGHT,94.2750015258789,-41.39363479614258,1.0112856228452063,2.8,1.2,4.5,3.0,10.0,0.6,0.01,0.06,0.55,0.16,0.2,0.35,1.0,12,10.0,14.0,0.9,1.2,0.6,0.01,0.06,0.65,0.3,0.72,0.005,0.38,0.22,0.01,0.14,1.0,0.28
mpc,ground_truth,curvy,400.0,0.05,0.1,1.0,88.7656919695437,88.01305389404297,-48.843441009521484,18.495211338998743,0.9492331054456997,0.39725337224077073,-0.13231915876058675,0.39725337224077073,0.13231915876058675,0.10838054120540619,0.005326114594936371,0.6179057955741882,0.0,19.444444444444443,116,110,5.423436641693115,RoadOption.STRAIGHT,94.7257080078125,-40.65325927734375,1.036658091182609,2.8,1.2,4.5,3.0,10.0,0.6,0.01,0.06,0.55,0.16,0.2,0.35,1.0,12,10.0,14.0,0.9,1.2,0.6,0.01,0.06,0.65,0.3,0.72,0.005,0.38,0.22,0.01,0.14,1.0,0.28
mpc,ground_truth,curvy,400.0,0.05,0.1,1.0,88.81569197028875,88.69874572753906,-48.222900390625,18.491620300463577,0.952824143980866,0.38503327802539644,-0.12910505621999757,0.38503327802539644,0.12910505621999757,0.11072536557912827,0.0023448243737220764,0.6260037422180176,0.0,19.444444444444443,117,111,5.36678409576416,RoadOption.STRAIGHT,95.15748596191406,-39.90167999267578,1.062030825836121,2.8,1.2,4.5,3.0,10.0,0.6,0.01,0.06,0.55,0.16,0.2,0.35,1.0,12,10.0,14.0,0.9,1.2,0.6,0.01,0.06,0.65,0.3,0.72,0.005,0.38,0.22,0.01,0.14,1.0,0.28
mpc,ground_truth,curvy,400.0,0.05,0.1,1.0,88.86569197103381,89.36676788330078,-47.58370590209961,18.486761575397463,0.9576828690469803,0.37362322808956483,-0.12491630329946624,0.37362322808956483,0.12491630329946624,0.10907088965177536,-0.0016544759273529053,0.6304401755332947,0.0,19.444444444444443,118,112,5.310366153717041,RoadOption.STRAIGHT,95.57005310058594,-39.13939666748047,1.0874032941735239,2.8,1.2,4.5,3.0,10.0,0.6,0.01,0.06,0.55,0.16,0.2,0.35,1.0,12,10.0,14.0,0.9,1.2,0.6,0.01,0.06,0.65,0.3,0.72,0.005,0.38,0.22,0.01,0.14,1.0,0.28
mpc,ground_truth,curvy,400.0,0.05,0.1,1.0,88.91569197177887,90.01637268066406,-46.9260139465332,18.483674144651967,0.9607702997924754,0.36345244144824296,-0.12009298567019666,0.36345244144824296,0.12009298567019666,0.10430272668600082,-0.004768162965774536,0.6301670670509338,0.0,19.444444444444443,119,113,5.254061222076416,RoadOption.STRAIGHT,95.96314239501953,-38.36688995361328,1.1127760288270359,2.8,1.2,4.5,3.0,10.0,0.6,0.01,0.06,0.55,0.16,0.2,0.35,1.0,12,10.0,14.0,0.9,1.2,0.6,0.01,0.06,0.65,0.3,0.72,0.005,0.38,0.22,0.01,0.14,1.0,0.28
mpc,ground_truth,curvy,400.0,0.05,0.1,1.0,88.96569197252393,90.64701080322266,-46.250179290771484,18.483537210206688,0.9609072342377551,0.3546221714525508,-0.11516533870522316,0.3546221714525508,0.11516533870522316,0.09759392589330673,-0.006708800792694092,0.6267086863517761,0.0,19.444444444444443,120,114,5.197705268859863,RoadOption.STRAIGHT,96.33650970458984,-37.584659576416016,1.1381487634805478,2.8,1.2,4.5,3.0,10.0,0.6,0.01,0.06,0.55,0.16,0.2,0.35,1.0,12,10.0,14.0,0.9,1.2,0.6,0.01,0.06,0.65,0.3,0.72,0.005,0.38,0.22,0.01,0.14,1.0,0.28
mpc,ground_truth,curvy,400.0,0.05,0.1,1.0,89.01569197326899,91.25834655761719,-45.55670928955078,18.48614466555716,0.9582997788872838,0.3470184757910464,-0.11071526310272795,0.3470184757910464,0.11071526310272795,0.09100577235221863,-0.006588153541088104,0.6218509078025818,0.0,19.444444444444443,121,115,5.141147613525391,RoadOption.STRAIGHT,96.68991088867188,-36.793209075927734,1.1635213649760052,2.8,1.2,4.5,3.0,10.0,0.6,0.01,0.06,0.55,0.16,0.2,0.35,1.0,12,10.0,14.0,0.9,1.2,0.6,0.01,0.06,0.65,0.3,0.72,0.005,0.38,0.22,0.01,0.14,1.0,0.28
mpc,ground_truth,curvy,400.0,0.05,0.1,1.0,89.06569197401404,91.85018157958984,-44.84627151489258,18.4902266654305,0.9542177790139412,0.34032722040192587,-0.10719875862035977,0.34032722040192587,0.10719875862035977,0.08636274933815002,-0.0046430230140686035,0.617632269859314,0.0,19.444444444444443,122,116,5.084290504455566,RoadOption.STRAIGHT,97.02312469482422,-35.9930419921875,1.1888940996295172,2.8,1.2,4.5,3.0,10.0,0.6,0.01,0.06,0.55,0.16,0.2,0.35,1.0,12,10.0,14.0,0.9,1.2,0.6,0.01,0.06,0.65,0.3,0.72,0.005,0.38,0.22,0.01,0.14,1.0,0.28
mpc,ground_truth,curvy,400.0,0.05,0.1,1.0,89.1156919747591,92.42227935791016,-44.119598388671875,18.494203270171948,0.9502411742724952,0.33423727818871907,-0.10480983654353171,0.33423727818871907,0.10480983654353171,0.08455291390419006,-0.001809835433959961,0.6153727769851685,0.0,19.444444444444443,123,117,5.027145862579346,RoadOption.STRAIGHT,97.33592987060547,-35.18468475341797,1.2142667011249746,2.8,1.2,4.5,3.0,10.0,0.6,0.01,0.06,0.55,0.16,0.2,0.35,1.0,12,10.0,14.0,0.9,1.2,0.6,0.01,0.06,0.65,0.3,0.72,0.005,0.38,0.22,0.01,0.14,1.0,0.28
mpc,ground_truth,curvy,400.0,0.05,0.1,1.0,89.16569197550416,92.97441864013672,-43.37744903564453,18.49687868401205,0.9475657604323935,0.32844652761034987,-0.10344656438152011,0.32844652761034987,0.10344656438152011,0.08572640269994736,0.0011734887957572937,0.6153289675712585,0.0,19.444444444444443,124,118,4.969749450683594,RoadOption.STRAIGHT,97.62812805175781,-34.36865234375,1.239639302620432,2.8,1.2,4.5,3.0,10.0,0.6,0.01,0.06,0.55,0.16,0.2,0.35,1.0,12,10.0,14.0,0.9,1.2,0.6,0.01,0.06,0.65,0.3,0.72,0.005,0.38,0.22,0.01,0.14,1.0,0.28
mpc,ground_truth,curvy,400.0,0.05,0.1,1.0,89.21569197624922,93.50624084472656,-42.62053680419922,18.49764864548416,0.9467957989602844,0.32281863346863693,-0.10276645961814079,0.32281863346863693,0.10276645961814079,0.08894176781177521,0.0032153651118278503,0.617153525352478,0.0,19.444444444444443,125,119,4.912217617034912,RoadOption.STRAIGHT,97.89952087402344,-33.54546356201172,1.2650119041158894,2.8,1.2,4.5,3.0,10.0,0.6,0.01,0.06,0.55,0.16,0.2,0.35,1.0,12,10.0,14.0,0.9,1.2,0.6,0.01,0.06,0.65,0.3,0.72,0.005,0.38,0.22,0.01,0.14,1.0,0.28
mpc,ground_truth,curvy,400.0,0.05,0.1,1.0,89.26569197699428,94.01731872558594,-41.84950256347656,18.496660356971162,0.9477840874732806,0.31735230034064177,-0.10231591934072704,0.31735230034064177,0.10231591934072704,0.0929027870297432,0.003961019217967987,0.6198564171791077,0.0,19.444444444444443,126,120,4.854640960693359,RoadOption.STRAIGHT,98.14994812011719,-32.71565628051758,1.2903845056113468,2.8,1.2,4.5,3.0,10.0,0.6,0.01,0.06,0.55,0.16,0.2,0.35,1.0,12,10.0,14.0,0.9,1.2,0.6,0.01,0.06,0.65,0.3,0.72,0.005,0.38,0.22,0.01,0.14,1.0,0.28
mpc,ground_truth,curvy,400.0,0.05,0.1,1.0,89.31569197773933,94.50721740722656,-41.06495666503906,18.4945692232446,0.9498752211998429,0.31208088271647627,-0.10167662752105322,0.31208088271647627,0.10167662752105322,0.09618712961673737,0.003284342586994171,0.6224344968795776,0.0,19.444444444444443,128,121,4.7970805168151855,RoadOption.STRAIGHT,98.5872573852539,-31.038328170776367,1.3411299749183707,2.8,1.2,4.5,3.0,10.0,0.6,0.01,0.06,0.55,0.16,0.2,0.35,1.0,12,10.0,14.0,0.9,1.2,0.6,0.01,0.06,0.65,0.3,0.72,0.005,0.38,0.22,0.01,0.14,1.0,0.28
mpc,ground_truth,curvy,400.0,0.05,0.1,1.0,89.36569197848439,94.97550201416016,-40.26747131347656,18.49232376365776,0.9521206807866811,0.4379737589709165,-0.1259575992856874,0.4379737589709165,0.1259575992856874,0.05261269211769104,-0.043574437499046326,0.6239669322967529,0.0,19.444444444444443,129,123,5.604135990142822,RoadOption.STRAIGHT,98.77385711669922,-30.19188117980957,1.366502576413828,2.8,1.2,4.5,3.0,10.0,0.6,0.01,0.06,0.55,0.16,0.2,0.35,1.0,12,10.0,14.0,0.9,1.2,0.6,0.01,0.06,0.65,0.3,0.72,0.005,0.38,0.22,0.01,0.14,1.0,0.28
mpc,ground_truth,curvy,400.0,0.05,0.1,1.0,89.41569197922945,95.4247817993164,-39.45853042602539,18.509731559515686,0.9347128849287571,0.4287216142433017,-0.12718491707405022,0.4287216142433017,0.12718491707405022,0.06043844670057297,0.007825754582881927,0.5899384021759033,0.0,19.444444444444443,130,124,5.546313762664795,RoadOption.STRAIGHT,98.93892669677734,-29.340972900390625,1.3918751779092855,2.8,1.2,4.5,3.0,10.0,0.6,0.01,0.06,0.55,0.16,0.2,0.35,1.0,12,10.0,14.0,0.9,1.2,0.6,0.01,0.06,0.65,0.3,0.72,0.005,0.38,0.22,0.01,0.14,1.0,0.28
mpc,ground_truth,curvy,400.0,0.05,0.1,1.0,89.46569197997451,95.855712890625,-38.63895034790039,18.519193955573186,0.9252504888712565,0.41564809068146547,-0.1309648081882271,0.41564809068146547,0.1309648081882271,0.08389956504106522,0.02346111834049225,0.5937954187393188,0.0,19.444444444444443,131,125,5.488238334655762,RoadOption.STRAIGHT,99.08235168457031,-28.48615074157715,1.417247779404743,2.8,1.2,4.5,3.0,10.0,0.6,0.01,0.06,0.55,0.16,0.2,0.35,1.0,12,10.0,14.0,0.9,1.2,0.6,0.01,0.06,0.65,0.3,0.72,0.005,0.38,0.22,0.01,0.14,1.0,0.28
mpc,ground_truth,curvy,400.0,0.05,0.1,1.0,89.51569198071957,96.26641082763672,-37.80908966064453,18.513711522562172,0.9307329218822709,0.4003543809548329,-0.1346899047629755,0.4003543809548329,0.1346899047629755,0.1106528639793396,0.026753298938274384,0.6150186657905579,0.0,19.444444444444443,132,126,5.430541515350342,RoadOption.STRAIGHT,99.20404052734375,-27.627965927124023,1.4426203809002005,2.8,1.2,4.5,3.0,10.0,0.6,0.01,0.06,0.55,0.16,0.2,0.35,1.0,12,10.0,14.0,0.9,1.2,0.6,0.01,0.06,0.65,0.3,0.72,0.005,0.38,0.22,0.01,0.14,1.0,0.28
mpc,ground_truth,curvy,400.0,0.05,0.1,1.0,89.56569198146462,96.6547622680664,-36.96928787231445,18.496755613158413,0.9476888312860297,0.38470444593636643,-0.1360128300344723,0.38470444593636643,0.1360128300344723,0.13114356994628906,0.020490705966949463,0.6389603614807129,0.0,19.444444444444443,133,127,5.3737406730651855,RoadOption.STRAIGHT,99.30391693115234,-26.766969680786133,1.4679931155537123,2.8,1.2,4.5,3.0,10.0,0.6,0.01,0.06,0.55,0.16,0.2,0.35,1.0,12,10.0,14.0,0.9,1.2,0.6,0.01,0.06,0.65,0.3,0.72,0.005,0.38,0.22,0.01,0.14,1.0,0.28
mpc,ground_truth,curvy,400.0,0.05,0.1,1.0,89.61569198220968,97.01895904541016,-36.11979675292969,18.476318222740655,0.9681262217037876,0.3703088143660864,-0.133710660430153,0.3703088143660864,0.133710660430153,0.1393243670463562,0.008180797100067139,0.6554005742073059,0.0,19.444444444444443,134,128,5.3179779052734375,RoadOption.STRAIGHT,99.38192749023438,-25.903717041015625,1.4933657170491699,2.8,1.2,4.5,3.0,10.0,0.6,0.01,0.06,0.55,0.16,0.2,0.35,1.0,12,10.0,14.0,0.9,1.2,0.6,0.01,0.06,0.65,0.3,0.72,0.005,0.38,0.22,0.01,0.14,1.0,0.28
mpc,ground_truth,curvy,400.0,0.05,0.1,1.0,89.66569198295474,97.35771179199219,-35.260765075683594,18.460992069446444,0.9834523749979986,0.3583427844242679,-0.1278582307766496,0.3583427844242679,0.1278582307766496,0.13400939106941223,-0.00531497597694397,0.6584628224372864,0.0,19.444444444444443,135,129,5.262989521026611,RoadOption.STRAIGHT,99.43800354003906,-25.038761138916016,1.5187384517026816,2.8,1.2,4.5,3.0,10.0,0.6,0.01,0.06,0.55,0.16,0.2,0.35,1.0,12,10.0,14.0,0.9,1.2,0.6,0.01,0.06,0.65,0.3,0.72,0.005,0.38,0.22,0.01,0.14,1.0,0.28
mpc,ground_truth,curvy,400.0,0.05,0.1,1.0,89.7156919836998,97.67041015625,-34.3923225402832,18.45634615101644,0.9880982934280027,0.34928744236428033,-0.11960908930012915,0.34928744236428033,0.11960908930012915,0.11794251948595047,-0.01606687158346176,0.6484341025352478,0.0,19.444444444444443,136,130,5.208192825317383,RoadOption.STRAIGHT,99.47212219238281,-24.172664642333984,1.544111053198139,2.8,1.2,4.5,3.0,10.0,0.6,0.01,0.06,0.55,0.16,0.2,0.35,1.0,12,10.0,14.0,0.9,1.2,0.6,0.01,0.06,0.65,0.3,0.72,0.005,0.38,0.22,0.01,0.14,1.0,0.28
mpc,ground_truth,curvy,400.0,0.05,0.1,1.0,89.76569198444486,97.95711517333984,-33.51475143432617,18.463097303890734,0.9813471405537086,0.34289383002465423,-0.11077405238379123,0.34289383002465423,0.11077405238379123,0.09677404165267944,-0.021168477833271027,0.6307069063186646,0.0,19.444444444444443,137,131,5.152958869934082,RoadOption.STRAIGHT,99.48426055908203,-23.305978775024414,1.5694836546935966,2.8,1.2,4.5,3.0,10.0,0.6,0.01,0.06,0.55,0.16,0.2,0.35,1.0,12,10.0,14.0,0.9,1.2,0.6,0.01,0.06,0.65,0.3,0.72,0.005,0.38,0.22,0.01,0.14,1.0,0.28
mpc,ground_truth,curvy,400.0,0.05,0.1,1.0,89.81569198518991,98.21843719482422,-32.628623962402344,18.47745516135629,0.9669892830881537,0.3383076957282113,-0.10327099548665686,0.3383076957282113,0.10327099548665686,0.07735630869865417,-0.01941773295402527,0.6129641532897949,0.0,19.444444444444443,138,132,5.096861839294434,RoadOption.STRAIGHT,99.47518920898438,-22.386852264404297,7.868063897186604,2.8,1.2,4.5,3.0,10.0,0.6,0.01,0.06,0.55,0.16,0.2,0.35,1.0,12,10.0,14.0,0.9,1.2,0.6,0.01,0.06,0.65,0.3,0.72,0.005,0.38,0.22,0.01,0.14,1.0,0.28
mpc,ground_truth,curvy,400.0,0.05,0.1,1.0,89.86569198593497,98.4551773071289,-31.734786987304688,18.49345868703653,0.9509857574079135,0.3344501417514636,-0.09853842507153132,0.3344501417514636,0.09853842507153132,0.06540612876415253,-0.011950179934501648,0.6013872027397156,0.0,19.444444444444443,139,133,5.039798736572266,RoadOption.STRAIGHT,99.46231079101562,-21.372220993041992,7.865261186455404,2.8,1.2,4.5,3.0,10.0,0.6,0.01,0.06,0.55,0.16,0.2,0.35,1.0,12,10.0,14.0,0.9,1.2,0.6,0.01,0.06,0.65,0.3,0.72,0.005,0.38,0.22,0.01,0.14,1.0,0.28
mpc,ground_truth,curvy,400.0,0.05,0.1,1.0,89.91569198668003,98.66807556152344,-30.834264755249023,18.50594034693089,0.9385040975135546,0.3303191069942863,-0.09707794752973209,0.3303191069942863,0.09707794752973209,0.0639229491353035,-0.0014831796288490295,0.5981244444847107,0.0,19.444444444444443,140,134,4.981956481933594,RoadOption.STRAIGHT,99.45227813720703,-20.357559204101562,7.862459008356423,2.8,1.2,4.5,3.0,10.0,0.6,0.01,0.06,0.55,0.16,0.2,0.35,1.0,12,10.0,14.0,0.9,1.2,0.6,0.01,0.06,0.65,0.3,0.72,0.005,0.38,0.22,0.01,0.14,1.0,0.28
mpc,ground_truth,curvy,400.0,0.05,0.1,1.0,89.96569198742509,98.857421875,-29.928110122680664,18.511984422928155,0.9324600215162882,0.32538097705097646,-0.09832270902323481,0.32538097705097646,0.09832270902323481,0.07181096076965332,0.007888011634349823,0.6022230982780457,0.0,19.444444444444443,141,135,4.923698902130127,RoadOption.STRAIGHT,99.44512176513672,-19.34287452697754,7.85965736288966,2.8,1.2,4.5,3.0,10.0,0.6,0.01,0.06,0.55,0.16,0.2,0.35,1.0,12,10.0,14.0,0.9,1.2,0.6,0.01,0.06,0.65,0.3,0.72,0.005,0.38,0.22,0.01,0.14,1.0,0.28
mpc,ground_truth,curvy,400.0,0.05,0.1,1.0,90.01569198817015,99.0230941772461,-29.01728630065918,18.5110894981716,0.9333549462728428,0.31960343583870643,-0.10094685480334409,0.31960343583870643,0.10094685480334409,0.08533981442451477,0.01352885365486145,0.611086905002594,0.0,19.444444444444443,142,136,4.865386962890625,RoadOption.STRAIGHT,99.44075775146484,-18.328170776367188,7.856854652158461,2.8,1.2,4.5,3.0,10.0,0.6,0.01,0.06,0.55,0.16,0.2,0.35,1.0,12,10.0,14.0,0.9,1.2,0.6,0.01,0.06,0.65,0.3,0.72,0.005,0.38,0.22,0.01,0.14,1.0,0.28
mpc,ground_truth,curvy,400.0,0.05,0.1,1.0,90.0656919889152,99.16461944580078,-28.102672576904297,18.504493639758536,0.9399508046859069,0.31334435356925044,-0.10341134407610397,0.31334435356925044,0.10341134407610397,0.09272947162389755,0.007389657199382782,0.6218855381011963,0.0,19.444444444444443,143,137,4.807332515716553,RoadOption.STRAIGHT,99.43927001953125,-17.313461303710938,7.854052474059479,2.8,1.2,4.5,3.0,10.0,0.6,0.01,0.06,0.55,0.16,0.2,0.35,1.0,12,10.0,14.0,0.9,1.2,0.6,0.01,0.06,0.65,0.3,0.72,0.005,0.38,0.22,0.01,0.14,1.0,0.28
mpc,ground_truth,curvy,400.0,0.05,0.1,1.0,90.11569198966026,99.28184509277344,-27.184974670410156,18.49813751898702,0.9463069254574243,0.2608911348956168,-0.09488416858178006,0.2608911348956168,0.09488416858178006,0.053954578936100006,-0.038774892687797546,0.6254115104675293,0.0,19.444444444444443,144,138,4.802016735076904,RoadOption.STRAIGHT,99.44063568115234,-16.298751831054688,7.851250295960497,2.8,1.2,4.5,3.0,10.0,0.6,0.01,0.06,0.55,0.16,0.2,0.35,1.0,12,10.0,14.0,0.9,1.2,0.6,0.01,0.06,0.65,0.3,0.72,0.005,0.38,0.22,0.01,0.14,1.0,0.28
mpc,ground_truth,curvy,400.0,0.05,0.1,1.0,90.16569199040532,99.37767028808594,-26.264474868774414,18.512069081692882,0.9323753627515607,0.13981638287378204,-0.06964965198884165,0.13981638287378204,0.06964965198884165,0.07208932191133499,0.018134742975234985,0.5927073359489441,0.0,19.444444444444443,145,139,4.892986297607422,RoadOption.STRAIGHT,99.44406127929688,-15.29485034942627,1.5673213010465068,2.8,1.2,4.5,3.0,10.0,0.6,0.01,0.06,0.55,0.16,0.2,0.35,1.0,12,10.0,14.0,0.9,1.2,0.6,0.01,0.06,0.65,0.3,0.72,0.005,0.38,0.22,0.01,0.14,1.0,0.28
mpc,ground_truth,curvy,400.0,0.05,0.1,1.0,90.21569199115038,99.45246887207031,-25.34162139892578,18.516253371275596,0.928191073168847,0.042060527083919275,-0.04560436998068074,0.042060527083919275,0.04560436998068074,0.09288647025823593,0.02079714834690094,0.6018934845924377,0.0,19.444444444444443,145,140,4.984062671661377,RoadOption.STRAIGHT,99.44406127929688,-15.29485034942627,1.5673213010465068,2.8,1.2,4.5,3.0,10.0,0.6,0.01,0.06,0.55,0.16,0.2,0.35,1.0,12,10.0,14.0,0.9,1.2,0.6,0.01,0.06,0.65,0.3,0.72,0.005,0.38,0.22,0.01,0.14,1.0,0.28
mpc,ground_truth,curvy,400.0,0.05,0.1,1.0,90.26569199189544,99.50450897216797,-24.41739273071289,18.508814416347533,0.9356300280969094,-0.01781264166128929,-0.02322968892432531,0.01781264166128929,0.02322968892432531,0.08464319258928299,-0.008243277668952942,0.6203047633171082,0.0,19.444444444444443,146,140,4.060169696807861,RoadOption.STRAIGHT,99.4465103149414,-14.305353164672852,1.5693213350251562,2.8,1.2,4.5,3.0,10.0,0.6,0.01,0.06,0.55,0.16,0.2,0.35,1.0,12,10.0,14.0,0.9,1.2,0.6,0.01,0.06,0.65,0.3,0.72,0.005,0.38,0.22,0.01,0.14,1.0,0.28
mpc,ground_truth,curvy,400.0,0.05,0.1,1.0,90.3156919926405,99.53411865234375,-23.49236488342285,18.50780043978906,0.9366440046553812,-0.06544419778997054,0.0029421272142649,0.06544419778997054,0.0029421272142649,0.05180259421467781,-0.03284059837460518,0.6132031679153442,0.0,19.444444444444443,147,141,4.150444984436035,RoadOption.STRAIGHT,99.44699096679688,-13.3158540725708,1.5713212358457511,2.8,1.2,4.5,3.0,10.0,0.6,0.01,0.06,0.55,0.16,0.2,0.35,1.0,12,10.0,14.0,0.9,1.2,0.6,0.01,0.06,0.65,0.3,0.72,0.005,0.38,0.22,0.01,0.14,1.0,0.28
mpc,ground_truth,curvy,400.0,0.05,0.1,1.0,90.36569199338555,99.54405212402344,-22.56650161743164,18.521082093944916,0.9233623504995272,-0.09111716142654788,0.02737849442850493,0.09111716142654788,0.02737849442850493,0.00126338517293334,-0.05053920904174447,0.5880794525146484,0.0,19.444444444444443,148,142,4.239589691162109,RoadOption.STRAIGHT,99.44548034667969,-12.326355934143066,1.5733214029824552,2.8,1.2,4.5,3.0,10.0,0.6,0.01,0.06,0.55,0.16,0.2,0.35,1.0,12,10.0,14.0,0.9,1.2,0.6,0.01,0.06,0.65,0.3,0.72,0.005,0.38,0.22,0.01,0.14,1.0,0.28
mpc,ground_truth,curvy,400.0,0.05,0.1,1.0,90.41569199413061,99.5394287109375,-21.63967514038086,18.541610691874972,0.902833752569471,-0.09985222179929196,0.045809966016834736,0.09985222179929196,0.045809966016834736,-0.04875526577234268,-0.05001865094527602,0.567065954208374,0.0,19.444444444444443,149,143,4.327373504638672,RoadOption.STRAIGHT,99.44197845458984,-11.336862564086914,1.5753213038030502,2.8,1.2,4.5,3.0,10.0,0.6,0.01,0.06,0.55,0.16,0.2,0.35,1.0,12,10.0,14.0,0.9,1.2,0.6,0.01,0.06,0.65,0.3,0.72,0.005,0.38,0.22,0.01,0.14,1.0,0.28
mpc,ground_truth,curvy,400.0,0.05,0.1,1.0,90.46569199487567,99.52648162841797,-20.71220588684082,18.55424489928382,0.8901995451606233,-0.09790024689874906,0.054633018708267755,0.09790024689874906,0.054633018708267755,-0.07887182384729385,-0.030116558074951172,0.5689586997032166,0.0,19.444444444444443,150,144,4.414289474487305,RoadOption.STRAIGHT,99.43651580810547,-10.347376823425293,1.5773213377816997,2.8,1.2,4.5,3.0,10.0,0.6,0.01,0.06,0.55,0.16,0.2,0.35,1.0,12,10.0,14.0,0.9,1.2,0.6,0.01,0.06,0.65,0.3,0.72,0.005,0.38,0.22,0.01,0.14,1.0,0.28
mpc,ground_truth,curvy,400.0,0.05,0.1,1.0,90.51569199562073,99.51065826416016,-19.784574508666992,18.55658576286783,0.8878586815766134,-0.08219845841323922,0.05113722030337442,0.08219845841323922,0.05113722030337442,-0.07809502631425858,0.0007767975330352783,0.579906165599823,0.0,19.444444444444443,151,145,4.490218639373779,RoadOption.STRAIGHT,99.42973327636719,-9.348533630371094,1.5776161497143715,2.8,1.2,4.5,3.0,10.0,0.6,0.01,0.06,0.55,0.16,0.2,0.35,1.0,12,10.0,14.0,0.9,1.2,0.6,0.01,0.06,0.65,0.3,0.72,0.005,0.38,0.22,0.01,0.14,1.0,0.28
mpc,ground_truth,curvy,400.0,0.05,0.1,1.0,90.56569199636579,99.49555206298828,-18.85692596435547,18.557467317025463,0.8869771274189802,-0.055755224683832066,0.037432992807990395,0.055755224683832066,0.037432992807990395,-0.05966942012310028,0.018425606191158295,0.5811284184455872,0.0,19.444444444444443,152,146,4.55183744430542,RoadOption.STRAIGHT,99.42291259765625,-8.348557472229004,1.5776161497143715,2.8,1.2,4.5,3.0,10.0,0.6,0.01,0.06,0.55,0.16,0.2,0.35,1.0,12,10.0,14.0,0.9,1.2,0.6,0.01,0.06,0.65,0.3,0.72,0.005,0.38,0.22,0.01,0.14,1.0,0.28
mpc,ground_truth,curvy,400.0,0.05,0.1,1.0,90.61569199711084,99.48319244384766,-17.929101943969727,18.56066851744016,0.8837759270042831,-0.033779936613161914,0.020635370548424348,0.033779936613161914,0.020635370548424348,-0.029347049072384834,0.030322371050715446,0.5764241218566895,0.0,19.444444444444443,153,147,4.6133904457092285,RoadOption.STRAIGHT,99.41609191894531,-7.348580360412598,1.5776161497143715,2.8,1.2,4.5,3.0,10.0,0.6,0.01,0.06,0.55,0.16,0.2,0.35,1.0,12,10.0,14.0,0.9,1.2,0.6,0.01,0.06,0.65,0.3,0.72,0.005,0.38,0.22,0.01,0.14,1.0,0.28
mpc,ground_truth,curvy,400.0,0.05,0.1,1.0,90.6656919978559,99.47395324707031,-17.001001358032227,18.5647739088401,0.8796705356043439,-0.01666898631734403,0.0050691939769116345,0.01666898631734403,0.0050691939769116345,0.002917471108958125,0.03226452018134296,0.5728758573532104,0.0,19.444444444444443,154,148,4.674732685089111,RoadOption.STRAIGHT,99.40927124023438,-6.348603248596191,1.5776161497143715,2.8,1.2,4.5,3.0,10.0,0.6,0.01,0.06,0.55,0.16,0.2,0.35,1.0,12,10.0,14.0,0.9,1.2,0.6,0.01,0.06,0.65,0.3,0.72,0.005,0.38,0.22,0.01,0.14,1.0,0.28
mpc,ground_truth,curvy,400.0,0.05,0.1,1.0,90.71569199860096,99.46686553955078,-16.072723388671875,18.56639146265858,0.8780529817858636,-0.003457241959723082,-0.006026999862958071,0.003457241959723082,0.006026999862958071,0.02595815435051918,0.023040683241561055,0.5748907327651978,0.0,19.444444444444443,155,149,4.735926628112793,RoadOption.STRAIGHT,99.40245056152344,-5.348626613616943,1.5776161497143715,2.8,1.2,4.5,3.0,10.0,0.6,0.01,0.06,0.55,0.16,0.2,0.35,1.0,12,10.0,14.0,0.9,1.2,0.6,0.01,0.06,0.65,0.3,0.72,0.005,0.38,0.22,0.01,0.14,1.0,0.28
mpc,ground_truth,curvy,400.0,0.05,0.1,1.0,90.76569199934602,99.46044921875,-15.144461631774902,18.564984541056976,0.8794599033874668,0.00736790781400708,-0.011322695690580531,0.00736790781400708,0.011322695690580531,0.03176707774400711,0.00580892339348793,0.5793642401695251,0.0,19.444444444444443,156,150,4.797144889831543,RoadOption.STRAIGHT,99.3956298828125,-4.348650932312012,1.5776161497143715,2.8,1.2,4.5,3.0,10.0,0.6,0.01,0.06,0.55,0.16,0.2,0.35,1.0,12,10.0,14.0,0.9,1.2,0.6,0.01,0.06,0.65,0.3,0.72,0.005,0.38,0.22,0.01,0.14,1.0,0.28
mpc,ground_truth,curvy,400.0,0.05,0.1,1.0,90.81569200009108,99.453857421875,-14.21629810333252,18.563371308144152,0.8810731363002908,0.009073449882483268,-0.010008292534572139,0.009073449882483268,0.010008292534572139,0.023756960406899452,-0.008010117337107658,0.5805797576904297,0.0,19.444444444444443,157,151,4.867824554443359,RoadOption.STRAIGHT,99.38880920410156,-3.3486738204956055,1.5776161497143715,2.8,1.2,4.5,3.0,10.0,0.6,0.01,0.06,0.55,0.16,0.2,0.35,1.0,12,10.0,14.0,0.9,1.2,0.6,0.01,0.06,0.65,0.3,0.72,0.005,0.38,0.22,0.01,0.14,1.0,0.28
mpc,ground_truth,curvy,400.0,0.05,0.1,1.0,90.86569200083613,99.44691467285156,-13.28818130493164,18.563222681421074,0.881221763023369,0.009685581665957458,-0.005833121735600244,0.009685581665957458,0.005833121735600244,0.010348387993872166,-0.013408572413027287,0.5789114236831665,0.0,19.444444444444443,158,152,4.939682483673096,RoadOption.STRAIGHT,99.38198852539062,-2.348696708679199,1.5776161497143715,2.8,1.2,4.5,3.0,10.0,0.6,0.01,0.06,0.55,0.16,0.2,0.35,1.0,12,10.0,14.0,0.9,1.2,0.6,0.01,0.06,0.65,0.3,0.72,0.005,0.38,0.22,0.01,0.14,1.0,0.28
mpc,ground_truth,curvy,400.0,0.05,0.1,1.0,90.91569200158119,99.43985748291016,-12.360042572021484,18.56376738214777,0.8806770622966731,0.010412008621618049,-0.0015337144717766371,0.010412008621618049,0.0015337144717766371,-0.003966247662901878,-0.014314635656774044,0.5777525901794434,0.0,19.444444444444443,158,153,5.011518955230713,RoadOption.STRAIGHT,99.38198852539062,-2.348696708679199,1.5776161497143715,2.8,1.2,4.5,3.0,10.0,0.6,0.01,0.06,0.55,0.16,0.2,0.35,1.0,12,10.0,14.0,0.9,1.2,0.6,0.01,0.06,0.65,0.3,0.72,0.005,0.38,0.22,0.01,0.14,1.0,0.28
mpc,ground_truth,curvy,400.0,0.05,0.1,1.0,90.96569200232625,99.43324279785156,-11.431877136230469,18.563879397513414,0.8805650469310287,0.010696665011615682,0.001136770311300328,0.010696665011615682,0.001136770311300328,-0.013290519826114178,-0.0093242721632123,0.5782046318054199,0.0,19.444444444444443,159,153,4.083333492279053,RoadOption.STRAIGHT,99.37516784667969,-1.3487194776535034,1.5776161497143715,2.8,1.2,4.5,3.0,10.0,0.6,0.01,0.06,0.55,0.16,0.2,0.35,1.0,12,10.0,14.0,0.9,1.2,0.6,0.01,0.06,0.65,0.3,0.72,0.005,0.38,0.22,0.01,0.14,1.0,0.28
mpc,ground_truth,curvy,400.0,0.05,0.1,1.0,91.01569200307131,99.4275894165039,-10.503714561462402,18.563461213377792,0.8809832310666508,0.010019153422969197,0.0014997591678782562,0.010019153422969197,0.0014997591678782562,-0.014631618745625019,-0.0013410989195108414,0.5790917873382568,0.0,19.444444444444443,160,154,4.155152320861816,RoadOption.STRAIGHT,99.36834716796875,-0.34874236583709717,1.5776161497143715,2.8,1.2,4.5,3.0,10.0,0.6,0.01,0.06,0.55,0.16,0.2,0.35,1.0,12,10.0,14.0,0.9,1.2,0.6,0.01,0.06,0.65,0.3,0.72,0.005,0.38,0.22,0.01,0.14,1.0,0.28
mpc,ground_truth,curvy,400.0,0.05,0.1,1.0,91.06569200381637,99.42308044433594,-9.57556438446045,18.5631791229685,0.8812653214759436,0.008197340565753074,-9.454221869820145e-06,0.008197340565753074,9.454221869820145e-06,-0.008784313686192036,0.005847305059432983,0.5790976881980896,0.0,19.444444444444443,161,155,4.226988315582275,RoadOption.STRAIGHT,99.36153411865234,0.6512347459793091,1.5776161497143715,2.8,1.2,4.5,3.0,10.0,0.6,0.01,0.06,0.55,0.16,0.2,0.35,1.0,12,10.0,14.0,0.9,1.2,0.6,0.01,0.06,0.65,0.3,0.72,0.005,0.38,0.22,0.01,0.14,1.0,0.28
mpc,ground_truth,curvy,400.0,0.05,0.1,1.0,91.11569200456142,99.41941833496094,-8.64741039276123,18.563326493942384,0.881117950502059,0.005528652090081895,-0.0022224079296710997,0.005528652090081895,0.0022224079296710997,0.0005486406735144556,0.009332954359706491,0.5784939527511597,0.0,19.444444444444443,162,156,4.298825740814209,RoadOption.STRAIGHT,99.3547134399414,1.6512118577957153,1.5776161497143715,2.8,1.2,4.5,3.0,10.0,0.6,0.01,0.06,0.55,0.16,0.2,0.35,1.0,12,10.0,14.0,0.9,1.2,0.6,0.01,0.06,0.65,0.3,0.72,0.005,0.38,0.22,0.01,0.14,1.0,0.28
mpc,ground_truth,curvy,400.0,0.05,0.1,1.0,91.16569200530648,99.41596221923828,-7.719244956970215,18.563515061707974,0.8809293827364684,0.002653906462113987,-0.0038605183161788403,0.002653906462113987,0.0038605183161788403,0.008755018934607506,0.00820637826109305,0.5783313512802124,0.0,19.444444444444443,163,157,4.3706560134887695,RoadOption.STRAIGHT,99.34789276123047,2.651188850402832,1.5776161497143715,2.8,1.2,4.5,3.0,10.0,0.6,0.01,0.06,0.55,0.16,0.2,0.35,1.0,12,10.0,14.0,0.9,1.2,0.6,0.01,0.06,0.65,0.3,0.72,0.005,0.38,0.22,0.01,0.14,1.0,0.28
mpc,ground_truth,curvy,400.0,0.05,0.1,1.0,91.21569200605154,99.4120101928711,-6.791080951690674,18.563412544795504,0.8810318996489386,0.00027506970208310624,-0.004109523878101484,0.00027506970208310624,0.004109523878101484,0.012413367629051208,0.0036583486944437027,0.5787421464920044,0.0,19.444444444444443,164,158,4.44248628616333,RoadOption.STRAIGHT,99.34107208251953,3.6511659622192383,1.5776161497143715,2.8,1.2,4.5,3.0,10.0,0.6,0.01,0.06,0.55,0.16,0.2,0.35,1.0,12,10.0,14.0,0.9,1.2,0.6,0.01,0.06,0.65,0.3,0.72,0.005,0.38,0.22,0.01,0.14,1.0,0.28
mpc,ground_truth,curvy,400.0,0.05,0.1,1.0,91.2656920067966,99.40708923339844,-5.862932205200195,18.563198359675667,0.881246084768776,-0.0011347516105109576,-0.0029003155851508033,0.0011347516105109576,0.0029003155851508033,0.010565555654466152,-0.0018478119745850563,0.5790046453475952,0.0,19.444444444444443,165,159,4.5143256187438965,RoadOption.STRAIGHT,99.3342514038086,4.651139259338379,1.5776161497143715,2.8,1.2,4.5,3.0,10.0,0.6,0.01,0.06,0.55,0.16,0.2,0.35,1.0,12,10.0,14.0,0.9,1.2,0.6,0.01,0.06,0.65,0.3,0.72,0.005,0.38,0.22,0.01,0.14,1.0,0.28
mpc,ground_truth,curvy,400.0,0.05,0.1,1.0,91.31569200754166,99.40108489990234,-4.934793472290039,18.563188773902343,0.8812556705420995,-0.0014611566160891987,-0.0008190551932538703,0.0014611566160891987,0.0008190551932538703,0.0046793692745268345,-0.005886186379939318,0.5787649154663086,0.0,19.444444444444443,166,160,4.58616828918457,RoadOption.STRAIGHT,99.32743072509766,5.651116371154785,1.5776161497143715,2.8,1.2,4.5,3.0,10.0,0.6,0.01,0.06,0.55,0.16,0.2,0.35,1.0,12,10.0,14.0,0.9,1.2,0.6,0.01,0.06,0.65,0.3,0.72,0.005,0.38,0.22,0.01,0.14,1.0,0.28
mpc,ground_truth,curvy,400.0,0.05,0.1,1.0,91.36569200828671,99.3942642211914,-4.006654262542725,18.563368346745865,0.8810760976985783,-0.0009636094256611771,0.0012309130558345593,0.0009636094256611771,0.0012309130558345593,-0.002192831365391612,-0.0068722006399184465,0.57843017578125,0.0,19.444444444444443,167,161,4.658004283905029,RoadOption.STRAIGHT,99.32061004638672,6.651093482971191,1.5776161497143715,2.8,1.2,4.5,3.0,10.0,0.6,0.01,0.06,0.55,0.16,0.2,0.35,1.0,12,10.0,14.0,0.9,1.2,0.6,0.01,0.06,0.65,0.3,0.72,0.005,0.38,0.22,0.01,0.14,1.0,0.28
mpc,ground_truth,curvy,400.0,0.05,0.1,1.0,91.41569200903177,99.38715362548828,-3.0785090923309326,18.563480623126214,0.8809638213182289,-0.0001838218511445236,0.0024623587438874495,0.0001838218511445236,0.0024623587438874495,-0.007123326417058706,-0.004930495051667094,0.5784435868263245,0.0,19.444444444444443,168,162,4.729832649230957,RoadOption.STRAIGHT,99.31378936767578,7.651070594787598,1.5776161497143715,2.8,1.2,4.5,3.0,10.0,0.6,0.01,0.06,0.55,0.16,0.2,0.35,1.0,12,10.0,14.0,0.9,1.2,0.6,0.01,0.06,0.65,0.3,0.72,0.005,0.38,0.22,0.01,0.14,1.0,0.28
mpc,ground_truth,curvy,400.0,0.05,0.1,1.0,91.46569200977683,99.3802261352539,-2.150362491607666,18.56343902980894,0.8810054146355029,0.00041285394398263286,0.0025252093456131774,0.00041285394398263286,0.0025252093456131774,-0.008321872912347317,-0.0011985464952886105,0.5786531567573547,0.0,19.444444444444443,169,163,4.801660537719727,RoadOption.STRAIGHT,99.30697631835938,8.651047706604004,1.5776161497143715,2.8,1.2,4.5,3.0,10.0,0.6,0.01,0.06,0.55,0.16,0.2,0.35,1.0,12,10.0,14.0,0.9,1.2,0.6,0.01,0.06,0.65,0.3,0.72,0.005,0.38,0.22,0.01,0.14,1.0,0.28
mpc,ground_truth,curvy,400.0,0.05,0.1,1.0,91.51569201052189,99.37374877929688,-1.2222155332565308,18.563388725615305,0.8810557188291384,0.0005594043036347557,0.0015928366479762701,0.0005594043036347557,0.0015928366479762701,-0.00589161179959774,0.0024302611127495766,0.5786938071250916,0.0,19.444444444444443,170,164,4.873491287231445,RoadOption.STRAIGHT,99.30015563964844,9.65102481842041,1.5776161497143715,2.8,1.2,4.5,3.0,10.0,0.6,0.01,0.06,0.55,0.16,0.2,0.35,1.0,12,10.0,14.0,0.9,1.2,0.6,0.01,0.06,0.65,0.3,0.72,0.005,0.38,0.22,0.01,0.14,1.0,0.28
mpc,ground_truth,curvy,400.0,0.05,0.1,1.0,91.56569201126695,99.36774444580078,-0.29406479001045227,18.563434164640206,0.8810102798042365,0.0002328913749690617,0.00021598236440567575,0.0002328913749690617,0.00021598236440567575,-0.001404406619258225,0.004487205180339515,0.5785516500473022,0.0,19.444444444444443,171,165,4.945318222045898,RoadOption.STRAIGHT,99.2933349609375,10.651001930236816,1.5776161497143715,2.8,1.2,4.5,3.0,10.0,0.6,0.01,0.06,0.55,0.16,0.2,0.35,1.0,12,10.0,14.0,0.9,1.2,0.6,0.01,0.06,0.65,0.3,0.72,0.005,0.38,0.22,0.01,0.14,1.0,0.28
mpc,ground_truth,curvy,400.0,0.05,0.1,1.0,91.615692012012,99.36199188232422,0.634091317653656,18.563508096848018,0.8809363475964247,-0.0003453962870799618,-0.0009588711504830982,0.0003453962870799618,0.0009588711504830982,0.002929604845121503,0.004334011464379728,0.5784730911254883,0.0,19.444444444444443,171,166,5.017144203186035,RoadOption.STRAIGHT,99.2933349609375,10.651001930236816,1.5776161497143715,2.8,1.2,4.5,3.0,10.0,0.6,0.01,0.06,0.55,0.16,0.2,0.35,1.0,12,10.0,14.0,0.9,1.2,0.6,0.01,0.06,0.65,0.3,0.72,0.005,0.38,0.22,0.01,0.14,1.0,0.28
mpc,ground_truth,curvy,400.0,0.05,0.1,1.0,91.66569201275706,99.35618591308594,1.5622490644454956,18.56351587270876,0.8809285717356836,-0.0008693844735811994,-0.0014757907180671381,0.0008693844735811994,0.0014757907180671381,0.00530925951898098,0.002379654673859477,0.5785478353500366,0.0,19.444444444444443,172,166,4.088968753814697,RoadOption.STRAIGHT,99.28651428222656,11.650979042053223,1.5776161497143715,2.8,1.2,4.5,3.0,10.0,0.6,0.01,0.06,0.55,0.16,0.2,0.35,1.0,12,10.0,14.0,0.9,1.2,0.6,0.01,0.06,0.65,0.3,0.72,0.005,0.38,0.22,0.01,0.14,1.0,0.28
mpc,ground_truth,curvy,400.0,0.05,0.1,1.0,91.71569201350212,99.35009765625,2.490403652191162,18.5634823867307,0.8809620577137416,-0.0011119762172771865,-0.0012298477913983419,0.0011119762172771865,0.0012298477913983419,0.0050529781728982925,-0.0002562813460826874,0.5786173939704895,0.0,19.444444444444443,173,167,4.160794734954834,RoadOption.STRAIGHT,99.27969360351562,12.650954246520996,1.5776161497143715,2.8,1.2,4.5,3.0,10.0,0.6,0.01,0.06,0.55,0.16,0.2,0.35,1.0,12,10.0,14.0,0.9,1.2,0.6,0.01,0.06,0.65,0.3,0.72,0.005,0.38,0.22,0.01,0.14,1.0,0.28
mpc,ground_truth,curvy,400.0,0.05,0.1,1.0,91.76569201424718,99.34361267089844,3.4185540676116943,18.563473280074298,0.8809711643701448,-0.000957820216932994,-0.0004526042272590125,0.000957820216932994,0.0004526042272590125,0.0026358177419751883,-0.0024171604309231043,0.5785936117172241,0.0,19.444444444444443,174,168,4.232621669769287,RoadOption.STRAIGHT,99.27287292480469,13.650931358337402,1.5776161497143715,2.8,1.2,4.5,3.0,10.0,0.6,0.01,0.06,0.55,0.16,0.2,0.35,1.0,12,10.0,14.0,0.9,1.2,0.6,0.01,0.06,0.65,0.3,0.72,0.005,0.38,0.22,0.01,0.14,1.0,0.28
mpc,ground_truth,curvy,400.0,0.05,0.1,1.0,91.81569201499224,99.33682250976562,4.346704006195068,18.563507020190126,0.8809374242543164,-0.0004908630631415452,0.0004327636771379595,0.0004908630631415452,0.0004327636771379595,-0.0005244730273261666,-0.003160290769301355,0.5785219669342041,0.0,19.444444444444443,175,169,4.304447650909424,RoadOption.STRAIGHT,99.26605224609375,14.650908470153809,1.5776161497143715,2.8,1.2,4.5,3.0,10.0,0.6,0.01,0.06,0.55,0.16,0.2,0.35,1.0,12,10.0,14.0,0.9,1.2,0.6,0.01,0.06,0.65,0.3,0.72,0.005,0.38,0.22,0.01,0.14,1.0,0.28
mpc,ground_truth,curvy,400.0,0.05,0.1,1.0,91.8656920157373,99.32997131347656,5.27485466003418,18.5635303827661,0.8809140616783431,2.949373254322596e-05,0.0010243849132987037,2.949373254322596e-05,0.0010243849132987037,-0.003021128475666046,-0.0024966554483398795,0.5785204172134399,0.0,19.444444444444443,176,170,4.376272201538086,RoadOption.STRAIGHT,99.25923156738281,15.650885581970215,1.5776161497143715,2.8,1.2,4.5,3.0,10.0,0.6,0.01,0.06,0.55,0.16,0.2,0.35,1.0,12,10.0,14.0,0.9,1.2,0.6,0.01,0.06,0.65,0.3,0.72,0.005,0.38,0.22,0.01,0.14,1.0,0.28
mpc,ground_truth,curvy,400.0,0.05,0.1,1.0,91.91569201648235,99.3232421875,6.203006267547607,18.563520567406524,0.8809238770379189,0.0004277765506216294,0.0011076086973638155,0.0004277765506216294,0.0011076086973638155,-0.0038623474538326263,-0.0008412189781665802,0.5785661339759827,0.0,19.444444444444443,177,171,4.448096752166748,RoadOption.STRAIGHT,99.25241088867188,16.650863647460938,1.5776161497143715,2.8,1.2,4.5,3.0,10.0,0.6,0.01,0.06,0.55,0.16,0.2,0.35,1.0,12,10.0,14.0,0.9,1.2,0.6,0.01,0.06,0.65,0.3,0.72,0.005,0.38,0.22,0.01,0.14,1.0,0.28
mpc,ground_truth,curvy,400.0,0.05,0.1,1.0,91.96569201722741,99.31676483154297,7.13115930557251,18.563507552464568,0.880936891979875,0.0005742854482966471,0.0007173224396126443,0.0005742854482966471,0.0007173224396126443,-0.0029548609163612127,0.0009074865374714136,0.5785777568817139,0.0,19.444444444444443,178,172,4.51992130279541,RoadOption.STRAIGHT,99.24559783935547,17.65083885192871,1.5776161497143715,2.8,1.2,4.5,3.0,10.0,0.6,0.01,0.06,0.55,0.16,0.2,0.35,1.0,12,10.0,14.0,0.9,1.2,0.6,0.01,0.06,0.65,0.3,0.72,0.005,0.38,0.22,0.01,0.14,1.0,0.28
mpc,ground_truth,curvy,400.0,0.05,0.1,1.0,92.01569201797247,99.31056213378906,8.059313774108887,18.563511169348498,0.8809332750959449,0.0004461197665579092,8.455536461005053e-05,0.0004461197665579092,8.455536461005053e-05,-0.000932785274926573,0.0020220756414346397,0.5785556435585022,0.0,19.444444444444443,179,173,4.591744899749756,RoadOption.STRAIGHT,99.23877716064453,18.650815963745117,1.5776161497143715,2.8,1.2,4.5,3.0,10.0,0.6,0.01,0.06,0.55,0.16,0.2,0.35,1.0,12,10.0,14.0,0.9,1.2,0.6,0.01,0.06,0.65,0.3,0.72,0.005,0.38,0.22,0.01,0.14,1.0,0.28
mpc,ground_truth,curvy,400.0,0.05,0.1,1.0,92.06569201871753,99.3045425415039,8.987471580505371,18.563528590221377,0.8809158542230655,0.00013484311840962493,-0.0004888232180837448,0.00013484311840962493,0.0004888232180837448,0.0011922132689505816,0.0021249985438771546,0.5785285830497742,0.0,19.444444444444443,180,174,4.663568019866943,RoadOption.STRAIGHT,99.2319564819336,19.650793075561523,1.5776161497143715,2.8,1.2,4.5,3.0,10.0,0.6,0.01,0.06,0.55,0.16,0.2,0.35,1.0,12,10.0,14.0,0.9,1.2,0.6,0.01,0.06,0.65,0.3,0.72,0.005,0.38,0.22,0.01,0.14,1.0,0.28
mpc,ground_truth,curvy,400.0,0.05,0.1,1.0,92.11569201946259,99.29850006103516,9.915628433227539,18.56353422038528,0.8809102240591642,-0.00015353937456784317,-0.0007700530291963048,0.00015353937456784317,0.0007700530291963048,0.0024671514984220266,0.001274938229471445,0.5785393714904785,0.0,19.444444444444443,181,175,4.735391616821289,RoadOption.STRAIGHT,99.22513580322266,20.65077018737793,1.5776161497143715,2.8,1.2,4.5,3.0,10.0,0.6,0.01,0.06,0.55,0.16,0.2,0.35,1.0,12,10.0,14.0,0.9,1.2,0.6,0.01,0.06,0.65,0.3,0.72,0.005,0.38,0.22,0.01,0.14,1.0,0.28
mpc,ground_truth,curvy,400.0,0.05,0.1,1.0,92.16569202020764,99.29235076904297,10.84378433227539,18.56352788370886,0.8809165607355816,-0.0003351063241597979,-0.0006858971387497803,0.0003351063241597979,0.0006858971387497803,0.002513138111680746,4.5986613258719444e-05,0.578557550907135,0.0,19.444444444444443,182,176,4.807215690612793,RoadOption.STRAIGHT,99.21831512451172,21.650747299194336,1.5776161497143715,2.8,1.2,4.5,3.0,10.0,0.6,0.01,0.06,0.55,0.16,0.2,0.35,1.0,12,10.0,14.0,0.9,1.2,0.6,0.01,0.06,0.65,0.3,0.72,0.005,0.38,0.22,0.01,0.14,1.0,0.28
mpc,ground_truth,curvy,400.0,0.05,0.1,1.0,92.2156920209527,99.2860107421875,11.771940231323242,18.563523799757856,0.8809206446865865,-0.0003259363421515421,-0.0003285009204612166,0.0003259363421515421,0.0003285009204612166,0.0014624979812651873,-0.0010506401304155588,0.5785573124885559,0.0,19.444444444444443,183,177,4.879039764404297,RoadOption.STRAIGHT,99.21149444580078,22.65072250366211,1.5776161497143715,2.8,1.2,4.5,3.0,10.0,0.6,0.01,0.06,0.55,0.16,0.2,0.35,1.0,12,10.0,14.0,0.9,1.2,0.6,0.01,0.06,0.65,0.3,0.72,0.005,0.38,0.22,0.01,0.14,1.0,0.28
mpc,ground_truth,curvy,400.0,0.05,0.1,1.0,92.26569202169776,99.27952575683594,12.70009708404541,18.563531028242334,0.8809134162021088,-0.0001642080332929438,0.00010652644360309438,0.0001642080332929438,0.00010652644360309438,4.273673766874708e-06,-0.0014582243074983126,0.5785393714904785,0.0,19.444444444444443,184,178,4.9508585929870605,RoadOption.STRAIGHT,99.20467376708984,23.650699615478516,1.5776161497143715,2.8,1.2,4.5,3.0,10.0,0.6,0.01,0.06,0.55,0.16,0.2,0.35,1.0,12,10.0,14.0,0.9,1.2,0.6,0.01,0.06,0.65,0.3,0.72,0.005,0.38,0.22,0.01,0.14,1.0,0.28
mpc,ground_truth,curvy,400.0,0.05,0.1,1.0,92.31569202244282,99.27298736572266,13.628252983093262,18.563538998581652,0.8809054458627905,4.331508974685094e-05,0.00042597261635801686,4.331508974685094e-05,0.00042597261635801686,-0.0012625977396965027,-0.0012668714134633774,0.5785337090492249,0.0,19.444444444444443,184,179,5.022679805755615,RoadOption.STRAIGHT,99.20467376708984,23.650699615478516,1.5776161497143715,2.8,1.2,4.5,3.0,10.0,0.6,0.01,0.06,0.55,0.16,0.2,0.35,1.0,12,10.0,14.0,0.9,1.2,0.6,0.01,0.06,0.65,0.3,0.72,0.005,0.38,0.22,0.01,0.14,1.0,0.28
mpc,ground_truth,curvy,400.0,0.05,0.1,1.0,92.36569202318788,99.2664794921875,14.556407928466797,18.563537670070968,0.8809067743734751,0.00022123398243350037,0.0005118595615130062,0.00022123398243350037,0.0005118595615130062,-0.0017931109759956598,-0.0005305132362991571,0.5785456299781799,0.0,19.444444444444443,185,179,4.094501972198486,RoadOption.STRAIGHT,99.1978530883789,24.650676727294922,1.5776161497143715,2.8,1.2,4.5,3.0,10.0,0.6,0.01,0.06,0.55,0.16,0.2,0.35,1.0,12,10.0,14.0,0.9,1.2,0.6,0.01,0.06,0.65,0.3,0.72,0.005,0.38,0.22,0.01,0.14,1.0,0.28
mpc,ground_truth,curvy,400.0,0.05,0.1,1.0,92.41569202393293,99.26009368896484,15.484563827514648,18.563533552939454,0.880910891504989,0.00027617276326476897,0.00036418727906806225,0.00027617276326476897,0.00036418727906806225,-0.0014699740568175912,0.00032313691917806864,0.5785514712333679,0.0,19.444444444444443,186,180,4.166324615478516,RoadOption.STRAIGHT,99.1910400390625,25.650653839111328,1.5776161497143715,2.8,1.2,4.5,3.0,10.0,0.6,0.01,0.06,0.55,0.16,0.2,0.35,1.0,12,10.0,14.0,0.9,1.2,0.6,0.01,0.06,0.65,0.3,0.72,0.005,0.38,0.22,0.01,0.14,1.0,0.28
mpc,ground_truth,curvy,400.0,0.05,0.1,1.0,92.46569202467799,99.25382232666016,16.4127197265625,18.563534150585138,0.880910293859305,0.00021667328743963862,8.215851962889431e-05,0.00021667328743963862,8.215851962889431e-05,-0.0005745046655647457,0.0008954693912528455,0.5785454511642456,0.0,19.444444444444443,187,181,4.238147735595703,RoadOption.STRAIGHT,99.18421936035156,26.6506290435791,1.5776161497143715,2.8,1.2,4.5,3.0,10.0,0.6,0.01,0.06,0.55,0.16,0.2,0.35,1.0,12,10.0,14.0,0.9,1.2,0.6,0.01,0.06,0.65,0.3,0.72,0.005,0.38,0.22,0.01,0.14,1.0,0.28
mpc,ground_truth,curvy,400.0,0.05,0.1,1.0,92.51569202542305,99.24763488769531,17.34087371826172,18.563538494444874,0.8809059499995691,7.326543107890812e-05,-0.0001930791790307751,7.326543107890812e-05,0.0001930791790307751,0.00043281068792566657,0.0010073153534904122,0.5785383582115173,0.0,19.444444444444443,188,182,4.30997371673584,RoadOption.STRAIGHT,99.17739868164062,27.650606155395508,1.5776161497143715,2.8,1.2,4.5,3.0,10.0,0.6,0.01,0.06,0.55,0.16,0.2,0.35,1.0,12,10.0,14.0,0.9,1.2,0.6,0.01,0.06,0.65,0.3,0.72,0.005,0.38,0.22,0.01,0.14,1.0,0.28
mpc,ground_truth,curvy,400.0,0.05,0.1,1.0,92.56569202616811,99.241455078125,18.26902961730957,18.563538738014717,0.8809057064297257,-7.779765775042455e-05,-0.00034461304505617463,7.779765775042455e-05,0.00034461304505617463,0.0011024698615074158,0.0006696591735817492,0.5785431265830994,0.0,19.444444444444443,189,183,4.381795883178711,RoadOption.STRAIGHT,99.17057800292969,28.650583267211914,1.5776161497143715,2.8,1.2,4.5,3.0,10.0,0.6,0.01,0.06,0.55,0.16,0.2,0.35,1.0,12,10.0,14.0,0.9,1.2,0.6,0.01,0.06,0.65,0.3,0.72,0.005,0.38,0.22,0.01,0.14,1.0,0.28
mpc,ground_truth,curvy,400.0,0.05,0.1,1.0,92.61569202691317,99.23521423339844,19.197185516357422,18.563536401787157,0.8809080426572855,-0.00016781400201726013,-0.000326237233534421,0.00016781400201726013,0.000326237233534421,0.0011960132978856564,9.354343637824059e-05,0.5785476565361023,0.0,19.444444444444443,190,184,4.453619480133057,RoadOption.STRAIGHT,99.16375732421875,29.65056037902832,1.5776161497143715,2.8,1.2,4.5,3.0,10.0,0.6,0.01,0.06,0.55,0.16,0.2,0.35,1.0,12,10.0,14.0,0.9,1.2,0.6,0.01,0.06,0.65,0.3,0.72,0.005,0.38,0.22,0.01,0.14,1.0,0.28
mpc,ground_truth,curvy,400.0,0.05,0.1,1.0,92.66569202765822,99.22889709472656,20.12533950805664,18.563537641830955,0.8809068026134881,-0.00018152516750074427,-0.00017150757420125728,0.00018152516750074427,0.00017150757420125728,0.0007529119029641151,-0.0004431013949215412,0.5785425901412964,0.0,19.444444444444443,191,185,4.525444030761719,RoadOption.STRAIGHT,99.15693664550781,30.650537490844727,1.5776161497143715,2.8,1.2,4.5,3.0,10.0,0.6,0.01,0.06,0.55,0.16,0.2,0.35,1.0,12,10.0,14.0,0.9,1.2,0.6,0.01,0.06,0.65,0.3,0.72,0.005,0.38,0.22,0.01,0.14,1.0,0.28
mpc,ground_truth,curvy,400.0,0.05,0.1,1.0,92.71569202840328,99.22249603271484,21.053491592407227,18.56353800493648,0.8809064395079638,-0.00010367271998001915,3.1025826699782044e-05,0.00010367271998001915,3.1025826699782044e-05,9.761346154846251e-05,-0.0006552984414156526,0.5785434246063232,0.0,19.444444444444443,192,186,4.597270488739014,RoadOption.STRAIGHT,99.15011596679688,31.650514602661133,1.5776161497143715,2.8,1.2,4.5,3.0,10.0,0.6,0.01,0.06,0.55,0.16,0.2,0.35,1.0,12,10.0,14.0,0.9,1.2,0.6,0.01,0.06,0.65,0.3,0.72,0.005,0.38,0.22,0.01,0.14,1.0,0.28
mpc,ground_truth,curvy,400.0,0.05,0.1,1.0,92.76569202914834,99.21604919433594,21.981639862060547,18.563541092959625,0.8809033514848181,1.2338820771930215e-05,0.00019028285988609284,1.2338820771930215e-05,0.00019028285988609284,-0.0005483652930706739,-0.0006459787546191365,0.5785382986068726,0.0,19.444444444444443,193,187,4.669097900390625,RoadOption.STRAIGHT,99.14329528808594,32.650489807128906,1.5776161497143715,2.8,1.2,4.5,3.0,10.0,0.6,0.01,0.06,0.55,0.16,0.2,0.35,1.0,12,10.0,14.0,0.9,1.2,0.6,0.01,0.06,0.65,0.3,0.72,0.005,0.38,0.22,0.01,0.14,1.0,0.28
mpc,ground_truth,curvy,400.0,0.05,0.1,1.0,92.8156920298934,99.20963287353516,22.9097900390625,18.563539890901154,0.8809045535432887,9.783349308217087e-05,0.00024394555585161015,9.783349308217087e-05,0.00024394555585161015,-0.0008425225387327373,-0.00029415724566206336,0.5785441994667053,0.0,19.444444444444443,194,188,4.740926265716553,RoadOption.STRAIGHT,99.136474609375,33.65046691894531,1.5776161497143715,2.8,1.2,4.5,3.0,10.0,0.6,0.01,0.06,0.55,0.16,0.2,0.35,1.0,12,10.0,14.0,0.9,1.2,0.6,0.01,0.06,0.65,0.3,0.72,0.005,0.38,0.22,0.01,0.14,1.0,0.28
mpc,ground_truth,curvy,400.0,0.05,0.1,1.0,92.86569203063846,99.20327758789062,23.837942123413086,18.56353943605573,0.8809050083887122,0.00012228142082991444,0.00018362495716095495,0.00012228142082991444,0.00018362495716095495,-0.0007198825478553772,0.0001226399908773601,0.5785435438156128,0.0,19.444444444444443,195,189,4.812752723693848,RoadOption.STRAIGHT,99.1296615600586,34.65044403076172,1.5776161497143715,2.8,1.2,4.5,3.0,10.0,0.6,0.01,0.06,0.55,0.16,0.2,0.35,1.0,12,10.0,14.0,0.9,1.2,0.6,0.01,0.06,0.65,0.3,0.72,0.005,0.38,0.22,0.01,0.14,1.0,0.28
mpc,ground_truth,curvy,400.0,0.05,0.1,1.0,92.91569203138351,99.19696044921875,24.766103744506836,18.563540649272618,0.8809037951718253,0.00010851822463007338,5.432848623776465e-05,0.00010851822463007338,5.432848623776465e-05,-0.0003240146324969828,0.0003958679153583944,0.5785408020019531,0.0,19.444444444444443,196,190,4.8845696449279785,RoadOption.STRAIGHT,99.12284088134766,35.650421142578125,1.5776161497143715,2.8,1.2,4.5,3.0,10.0,0.6,0.01,0.06,0.55,0.16,0.2,0.35,1.0,12,10.0,14.0,0.9,1.2,0.6,0.01,0.06,0.65,0.3,0.72,0.005,0.38,0.22,0.01,0.14,1.0,0.28
mpc,ground_truth,curvy,400.0,0.05,0.1,1.0,92.96569203212857,99.19070434570312,25.694265365600586,18.563542976553503,0.8809014678909399,3.372129154682185e-05,-7.816377799407803e-05,3.372129154682185e-05,7.816377799407803e-05,0.00016264630539808422,0.00048666093789506704,0.5785380601882935,0.0,19.444444444444443,197,191,4.956387519836426,RoadOption.STRAIGHT,99.11602020263672,36.650394439697266,1.5776161497143715,2.8,1.2,4.5,3.0,10.0,0.6,0.01,0.06,0.55,0.16,0.2,0.35,1.0,12,10.0,14.0,0.9,1.2,0.6,0.01,0.06,0.65,0.3,0.72,0.005,0.38,0.22,0.01,0.14,1.0,0.28
mpc,ground_truth,curvy,400.0,0.05,0.1,1.0,93.01569203287363,99.18443298339844,26.622426986694336,18.563543308364636,0.8809011360798067,-2.5817207315578794e-05,-0.00015739282042392944,2.5817207315578794e-05,0.00015739282042392944,0.0004913579905405641,0.00032871168514247984,0.5785402655601501,0.0,19.444444444444443,197,192,5.028204917907715,RoadOption.STRAIGHT,99.11602020263672,36.650394439697266,1.5776161497143715,2.8,1.2,4.5,3.0,10.0,0.6,0.01,0.06,0.55,0.16,0.2,0.35,1.0,12,10.0,14.0,0.9,1.2,0.6,0.01,0.06,0.65,0.3,0.72,0.005,0.38,0.22,0.01,0.14,1.0,0.28
mpc,ground_truth,curvy,400.0,0.05,0.1,1.0,93.06569203361869,99.17815399169922,27.550588607788086,18.563542233761993,0.88090221068245,-7.682035481853394e-05,-0.00015686018820559866,7.682035481853394e-05,0.00015686018820559866,0.0005678052548319101,7.644726429134607e-05,0.5785425901412964,0.0,19.444444444444443,198,192,4.100022315979004,RoadOption.STRAIGHT,99.10919952392578,37.65037155151367,1.5776161497143715,2.8,1.2,4.5,3.0,10.0,0.6,0.01,0.06,0.55,0.16,0.2,0.35,1.0,12,10.0,14.0,0.9,1.2,0.6,0.01,0.06,0.65,0.3,0.72,0.005,0.38,0.22,0.01,0.14,1.0,0.28
mpc,ground_truth,curvy,400.0,0.05,0.1,1.0,93.11569203436375,99.17183685302734,28.478742599487305,18.563541498613883,0.8809029458305595,-9.054452798110124e-05,-9.001484484461031e-05,9.054452798110124e-05,9.001484484461031e-05,0.00039554559043608606,-0.00017225966439582407,0.5785426497459412,0.0,19.444444444444443,199,193,4.171845436096191,RoadOption.STRAIGHT,99.10237884521484,38.65034866333008,1.5776161497143715,2.8,1.2,4.5,3.0,10.0,0.6,0.01,0.06,0.55,0.16,0.2,0.35,1.0,12,10.0,14.0,0.9,1.2,0.6,0.01,0.06,0.65,0.3,0.72,0.005,0.38,0.22,0.01,0.14,1.0,0.28
mpc,ground_truth,curvy,400.0,0.05,0.1,1.0,93.1656920351088,99.16546630859375,29.406890869140625,18.563539291936582,0.8809051525078608,-5.081215065433006e-05,5.1931641253943894e-06,5.081215065433006e-05,5.1931641253943894e-06,4.9425263568991795e-05,-0.00034612032686709426,0.5785457491874695,0.0,19.444444444444443,200,194,4.243675708770752,RoadOption.STRAIGHT,99.0955581665039,39.650325775146484,1.5776161497143715,2.8,1.2,4.5,3.0,10.0,0.6,0.01,0.06,0.55,0.16,0.2,0.35,1.0,12,10.0,14.0,0.9,1.2,0.6,0.01,0.06,0.65,0.3,0.72,0.005,0.38,0.22,0.01,0.14,1.0,0.28
mpc,ground_truth,curvy,400.0,0.05,0.1,1.0,93.21569203585386,99.15909576416016,30.335041046142578,18.563540588551085,0.880903855893358,-3.4635638962235427e-06,8.229167768369905e-05,3.4635638962235427e-06,8.229167768369905e-05,-0.0002085512096527964,-0.0002579764732217882,0.5785407423973083,0.0,19.444444444444443,201,195,4.3155035972595215,RoadOption.STRAIGHT,99.08873748779297,40.65030288696289,1.5776161497143715,2.8,1.2,4.5,3.0,10.0,0.6,0.01,0.06,0.55,0.16,0.2,0.35,1.0,12,10.0,14.0,0.9,1.2,0.6,0.01,0.06,0.65,0.3,0.72,0.005,0.38,0.22,0.01,0.14,1.0,0.28
mpc,ground_truth,curvy,400.0,0.05,0.1,1.0,93.26569203659892,99.1527099609375,31.2631893157959,18.563542338426487,0.880902106017956,5.1527247651405456e-05,0.00011291803021951097,5.1527247651405456e-05,0.00011291803021951097,-0.0003912017273250967,-0.00018265051767230034,0.5785391926765442,0.0,19.444444444444443,202,196,4.387333869934082,RoadOption.STRAIGHT,99.08191680908203,41.6502799987793,1.5776161497143715,2.8,1.2,4.5,3.0,10.0,0.6,0.01,0.06,0.55,0.16,0.2,0.35,1.0,12,10.0,14.0,0.9,1.2,0.6,0.01,0.06,0.65,0.3,0.72,0.005,0.38,0.22,0.01,0.14,1.0,0.28
mpc,ground_truth,curvy,400.0,0.05,0.1,1.0,93.31569203734398,99.14635467529297,32.191341400146484,18.563541483027258,0.8809029614171848,7.594916004096536e-05,9.054747706294108e-05,7.594916004096536e-05,9.054747706294108e-05,-0.0003667206910904497,2.4481036234647036e-05,0.5785428285598755,0.0,19.444444444444443,203,197,4.459156513214111,RoadOption.STRAIGHT,99.07510375976562,42.6502571105957,1.5776161497143715,2.8,1.2,4.5,3.0,10.0,0.6,0.01,0.06,0.55,0.16,0.2,0.35,1.0,12,10.0,14.0,0.9,1.2,0.6,0.01,0.06,0.65,0.3,0.72,0.005,0.38,0.22,0.01,0.14,1.0,0.28
mpc,ground_truth,curvy,400.0,0.05,0.1,1.0,93.36569203808904,99.1400375366211,33.119503021240234,18.563543608004643,0.8809008364397997,6.218596384112776e-05,3.1025826699782044e-05,6.218596384112776e-05,3.1025826699782044e-05,-0.0001809058157959953,0.0001858148752944544,0.5785379409790039,0.0,19.444444444444443,204,198,4.5309739112854,RoadOption.STRAIGHT,99.06828308105469,43.65023422241211,1.5776161497143715,2.8,1.2,4.5,3.0,10.0,0.6,0.01,0.06,0.55,0.16,0.2,0.35,1.0,12,10.0,14.0,0.9,1.2,0.6,0.01,0.06,0.65,0.3,0.72,0.005,0.38,0.22,0.01,0.14,1.0,0.28
mpc,ground_truth,curvy,400.0,0.05,0.1,1.0,93.4156920388341,99.13373565673828,34.047664642333984,18.563541522216564,0.8809029222278788,3.3164333420432346e-05,-3.448793611671164e-05,3.3164333420432346e-05,3.448793611671164e-05,5.159193460713141e-05,0.0002324977504031267,0.5785442590713501,0.0,19.444444444444443,205,199,4.6027913093566895,RoadOption.STRAIGHT,99.06146240234375,44.65020751953125,1.5776161497143715,2.8,1.2,4.5,3.0,10.0,0.6,0.01,0.06,0.55,0.16,0.2,0.35,1.0,12,10.0,14.0,0.9,1.2,0.6,0.01,0.06,0.65,0.3,0.72,0.005,0.38,0.22,0.01,0.14,1.0,0.28
mpc,ground_truth,curvy,400.0,0.05,0.1,1.0,93.46569203957915,99.12744140625,34.975826263427734,18.563541183411182,0.8809032610332608,-3.48651411068851e-06,-7.62995652308085e-05,3.48651411068851e-06,7.62995652308085e-05,0.0002274060680065304,0.000175814133399399,0.5785423517227173,0.0,19.444444444444443,206,200,4.6746087074279785,RoadOption.STRAIGHT,99.05464172363281,45.650184631347656,1.5776161497143715,2.8,1.2,4.5,3.0,10.0,0.6,0.01,0.06,0.55,0.16,0.2,0.35,1.0,12,10.0,14.0,0.9,1.2,0.6,0.01,0.06,0.65,0.3,0.72,0.005,0.38,0.22,0.01,0.14,1.0,0.28
mpc,ground_truth,curvy,400.0,0.05,0.1,1.0,93.51569204032421,99.12113189697266,35.903987884521484,18.563539479622264,0.8809049648221787,-2.4878927420958485e-05,-8.042746492042951e-05,2.4878927420958485e-05,8.042746492042951e-05,0.00027566985227167606,4.826378426514566e-05,0.5785450339317322,0.0,19.444444444444443,207,201,4.746426105499268,RoadOption.STRAIGHT,99.04782104492188,46.65016174316406,1.5776161497143715,2.8,1.2,4.5,3.0,10.0,0.6,0.01,0.06,0.55,0.16,0.2,0.35,1.0,12,10.0,14.0,0.9,1.2,0.6,0.01,0.06,0.65,0.3,0.72,0.005,0.38,0.22,0.01,0.14,1.0,0.28
mpc,ground_truth,curvy,400.0,0.05,0.1,1.0,93.56569204106927,99.11479949951172,36.8321418762207,18.563538053233177,0.8809063912112656,-2.3331658683581336e-05,-5.099953487519571e-05,2.3331658683581336e-05,5.099953487519571e-05,0.00017445028061047196,-0.0001012195716612041,0.5785455703735352,0.0,19.444444444444443,208,202,4.81825065612793,RoadOption.STRAIGHT,99.04100036621094,47.65013885498047,1.5776161497143715,2.8,1.2,4.5,3.0,10.0,0.6,0.01,0.06,0.55,0.16,0.2,0.35,1.0,12,10.0,14.0,0.9,1.2,0.6,0.01,0.06,0.65,0.3,0.72,0.005,0.38,0.22,0.01,0.14,1.0,0.28
mpc,ground_truth,curvy,400.0,0.05,0.1,1.0,93.61569204181433,99.10847473144531,37.76028823852539,18.563540161959946,0.8809042824844973,-2.173235922985073e-05,-7.59000910655061e-06,2.173235922985073e-05,7.59000910655061e-06,7.835454016458243e-05,-9.609574044588953e-05,0.578540027141571,0.0,19.444444444444443,209,203,4.890082836151123,RoadOption.STRAIGHT,99.0341796875,48.650115966796875,1.5776161497143715,2.8,1.2,4.5,3.0,10.0,0.6,0.01,0.06,0.55,0.16,0.2,0.35,1.0,12,10.0,14.0,0.9,1.2,0.6,0.01,0.06,0.65,0.3,0.72,0.005,0.38,0.22,0.01,0.14,1.0,0.28
mpc,ground_truth,curvy,400.0,0.05,0.1,1.0,93.66569204255939,99.10213470458984,38.688438415527344,18.56354113945196,0.8809033049924828,-1.2529858023878349e-05,3.2091091135555416e-05,1.2529858023878349e-05,3.2091091135555416e-05,-7.328739593503997e-05,-0.0001516419360996224,0.5785408020019531,0.0,19.444444444444443,210,204,4.961911678314209,RoadOption.STRAIGHT,99.0273666381836,49.65009307861328,1.5776161497143715,2.8,1.2,4.5,3.0,10.0,0.6,0.01,0.06,0.55,0.16,0.2,0.35,1.0,12,10.0,14.0,0.9,1.2,0.6,0.01,0.06,0.65,0.3,0.72,0.005,0.38,0.22,0.01,0.14,1.0,0.28
mpc,ground_truth,curvy,400.0,0.05,0.1,1.0,93.71569204330444,99.0958023071289,39.6165885925293,18.563539612162323,0.8809048322821198,-1.0982589286508138e-05,5.2597431529299854e-05,1.0982589286508138e-05,5.2597431529299854e-05,-0.00014837720664218068,-7.508981070714071e-05,0.5785447359085083,0.0,19.444444444444443,210,205,5.033736705780029,RoadOption.STRAIGHT,99.0273666381836,49.65009307861328,1.5776161497143715,2.8,1.2,4.5,3.0,10.0,0.6,0.01,0.06,0.55,0.16,0.2,0.35,1.0,12,10.0,14.0,0.9,1.2,0.6,0.01,0.06,0.65,0.3,0.72,0.005,0.38,0.22,0.01,0.14,1.0,0.28
mpc,ground_truth,curvy,400.0,0.05,0.1,1.0,93.7656920440495,99.0894546508789,40.54473876953125,18.56353728132912,0.8809071631153245,6.755263278920148e-06,4.900216405756552e-05,6.755263278920148e-06,4.900216405756552e-05,-0.00016134393808897585,-1.2966731446795166e-05,0.5785471200942993,0.0,19.444444444444443,211,205,4.105564594268799,RoadOption.STRAIGHT,99.02054595947266,50.65007019042969,1.5776161497143715,2.8,1.2,4.5,3.0,10.0,0.6,0.01,0.06,0.55,0.16,0.2,0.35,1.0,12,10.0,14.0,0.9,1.2,0.6,0.01,0.06,0.65,0.3,0.72,0.005,0.38,0.22,0.01,0.14,1.0,0.28
mpc,ground_truth,curvy,400.0,0.05,0.1,1.0,93.81569204479456,99.0831069946289,41.47288513183594,18.563540656551954,0.880903787892489,2.3612996953501636e-05,2.783003339157375e-05,2.3612996953501636e-05,2.783003339157375e-05,-0.00011696040746755898,4.438353062141687e-05,0.5785382390022278,0.0,19.444444444444443,212,206,4.177396774291992,RoadOption.STRAIGHT,99.01372528076172,51.650047302246094,1.5776161497143715,2.8,1.2,4.5,3.0,10.0,0.6,0.01,0.06,0.55,0.16,0.2,0.35,1.0,12,10.0,14.0,0.9,1.2,0.6,0.01,0.06,0.65,0.3,0.72,0.005,0.38,0.22,0.01,0.14,1.0,0.28
mpc,ground_truth,curvy,400.0,0.05,0.1,1.0,93.86569204553962,99.07679748535156,42.40103530883789,18.563539048005897,0.8809053964385463,2.2986297177722548e-06,-7.989483270520736e-07,2.2986297177722548e-06,7.989483270520736e-07,-1.1169675417477265e-05,0.00010579073205008171,0.5785451531410217,0.0,19.444444444444443,213,207,4.249225616455078,RoadOption.STRAIGHT,99.00690460205078,52.6500244140625,1.5776161497143715,2.8,1.2,4.5,3.0,10.0,0.6,0.01,0.06,0.55,0.16,0.2,0.35,1.0,12,10.0,14.0,0.9,1.2,0.6,0.01,0.06,0.65,0.3,0.72,0.005,0.38,0.22,0.01,0.14,1.0,0.28
mpc,ground_truth,curvy,400.0,0.05,0.1,1.0,93.91569204628468,99.07048797607422,43.329185485839844,18.56353927872803,0.8809051657164133,-1.9015737517953657e-05,-2.3435817592343255e-05,1.9015737517953657e-05,2.3435817592343255e-05,8.338565385201946e-05,9.455532926949672e-05,0.5785428285598755,0.0,19.444444444444443,214,208,4.321054458618164,RoadOption.STRAIGHT,99.00008392333984,53.64999771118164,-4.705568624832996,2.8,1.2,4.5,3.0,10.0,0.6,0.01,0.06,0.55,0.16,0.2,0.35,1.0,12,10.0,14.0,0.9,1.2,0.6,0.01,0.06,0.65,0.3,0.72,0.005,0.38,0.22,0.01,0.14,1.0,0.28
mpc,ground_truth,curvy,400.0,0.05,0.1,1.0,93.96569204702973,99.0641860961914,44.25733184814453,18.56354093571085,0.8809035087335921,-4.793330650592828e-05,-3.049319448145127e-05,4.793330650592828e-05,3.049319448145127e-05,0.00011896171054104343,3.557605668902397e-05,0.5785401463508606,0.0,19.444444444444443,215,209,4.392887115478516,RoadOption.STRAIGHT,98.9932632446289,54.64997482299805,-4.705568624832996,2.8,1.2,4.5,3.0,10.0,0.6,0.01,0.06,0.55,0.16,0.2,0.35,1.0,12,10.0,14.0,0.9,1.2,0.6,0.01,0.06,0.65,0.3,0.72,0.005,0.38,0.22,0.01,0.14,1.0,0.28
mpc,ground_truth,curvy,400.0,0.05,0.1,1.0,94.01569204777479,99.0578384399414,45.185482025146484,18.56354287506462,0.880901569379823,-2.347237107910155e-05,-2.1971078993043847e-05,2.347237107910155e-05,2.1971078993043847e-05,0.00011583908053580672,-3.122630005236715e-06,0.5785385966300964,0.0,19.444444444444443,216,210,4.464715480804443,RoadOption.STRAIGHT,98.98644256591797,55.64995193481445,-4.705568624832996,2.8,1.2,4.5,3.0,10.0,0.6,0.01,0.06,0.55,0.16,0.2,0.35,1.0,12,10.0,14.0,0.9,1.2,0.6,0.01,0.06,0.65,0.3,0.72,0.005,0.38,0.22,0.01,0.14,1.0,0.28
mpc,ground_truth,curvy,400.0,0.05,0.1,1.0,94.06569204851985,99.05149841308594,46.11363220214844,18.563544696344497,0.8808997480999459,-1.4269869873118762e-05,-1.8642127628254457e-06,1.4269869873118762e-05,1.8642127628254457e-06,2.949902591353748e-05,-8.634005462226924e-05,0.57853764295578,0.0,19.444444444444443,217,211,4.536543846130371,RoadOption.STRAIGHT,98.97962188720703,56.64992904663086,-4.705568624832996,2.8,1.2,4.5,3.0,10.0,0.6,0.01,0.06,0.55,0.16,0.2,0.35,1.0,12,10.0,14.0,0.9,1.2,0.6,0.01,0.06,0.65,0.3,0.72,0.005,0.38,0.22,0.01,0.14,1.0,0.28
mpc,ground_truth,curvy,400.0,0.05,0.1,1.0,94.11569204926491,99.045166015625,47.04178237915039,18.563544762502218,0.8808996819422248,-1.2696585777564884e-05,1.664475681284472e-05,1.2696585777564884e-05,1.664475681284472e-05,-3.35132863256149e-05,-6.301231223915238e-05,0.5785397291183472,0.0,19.444444444444443,218,212,4.608372688293457,RoadOption.STRAIGHT,98.97280883789062,57.649906158447266,-4.705568624832996,2.8,1.2,4.5,3.0,10.0,0.6,0.01,0.06,0.55,0.16,0.2,0.35,1.0,12,10.0,14.0,0.9,1.2,0.6,0.01,0.06,0.65,0.3,0.72,0.005,0.38,0.22,0.01,0.14,1.0,0.28
mpc,ground_truth,curvy,400.0,0.05,0.1,1.0,94.16569205000997,99.038818359375,47.96992874145508,18.563543988802543,0.8809004556418998,4.161147897009665e-06,2.64984528461909e-05,4.161147897009665e-06,2.64984528461909e-05,-8.3154569438193e-05,-4.9641283112578094e-05,0.5785412192344666,0.0,19.444444444444443,219,213,4.68020486831665,RoadOption.STRAIGHT,98.96598815917969,58.64988327026367,-4.705568624832996,2.8,1.2,4.5,3.0,10.0,0.6,0.01,0.06,0.55,0.16,0.2,0.35,1.0,12,10.0,14.0,0.9,1.2,0.6,0.01,0.06,0.65,0.3,0.72,0.005,0.38,0.22,0.01,0.14,1.0,0.28
mpc,ground_truth,curvy,400.0,0.05,0.1,1.0,94.21569205075502,99.032470703125,48.89807891845703,18.563542509152946,0.8809019352914973,2.3497934688233857e-05,2.3568975645815726e-05,2.3497934688233857e-05,2.3568975645815726e-05,-9.699584916234016e-05,-1.384127972414717e-05,0.578542947769165,0.0,19.444444444444443,220,214,4.7520294189453125,RoadOption.STRAIGHT,98.95916748046875,59.64986038208008,-4.705568624832996,2.8,1.2,4.5,3.0,10.0,0.6,0.01,0.06,0.55,0.16,0.2,0.35,1.0,12,10.0,14.0,0.9,1.2,0.6,0.01,0.06,0.65,0.3,0.72,0.005,0.38,0.22,0.01,0.14,1.0,0.28
mpc,ground_truth,curvy,400.0,0.05,0.1,1.0,94.26569205150008,99.02613067626953,49.826229095458984,18.563540902929546,0.8809035415148969,3.273869409012309e-05,1.1052118523480203e-05,3.273869409012309e-05,1.1052118523480203e-05,-7.070450374158099e-05,2.629134542075917e-05,0.5785440802574158,0.0,19.444444444444443,221,215,4.82385778427124,RoadOption.STRAIGHT,98.95234680175781,60.649837493896484,-4.705568624832996,2.8,1.2,4.5,3.0,10.0,0.6,0.01,0.06,0.55,0.16,0.2,0.35,1.0,12,10.0,14.0,0.9,1.2,0.6,0.01,0.06,0.65,0.3,0.72,0.005,0.38,0.22,0.01,0.14,1.0,0.28
mpc,ground_truth,curvy,400.0,0.05,0.1,1.0,94.31569205224514,99.01982116699219,50.75437927246094,18.5635397986373,0.8809046458071421,1.1462585161159389e-05,-6.125270507695291e-06,1.1462585161159389e-05,6.125270507695291e-06,3.8430178506132506e-07,7.108880552664232e-05,0.5785441398620605,0.0,19.444444444444443,222,216,4.895686626434326,RoadOption.STRAIGHT,98.94552612304688,61.64981460571289,-4.705568624832996,2.8,1.2,4.5,3.0,10.0,0.6,0.01,0.06,0.55,0.16,0.2,0.35,1.0,12,10.0,14.0,0.9,1.2,0.6,0.01,0.06,0.65,0.3,0.72,0.005,0.38,0.22,0.01,0.14,1.0,0.28
mpc,ground_truth,curvy,400.0,0.05,0.1,1.0,94.3656920529902,99.0135269165039,51.68252944946289,18.56354002439066,0.8809044200537812,-2.5071957933227307e-05,-1.9707392066692364e-05,2.5071957933227307e-05,1.9707392066692364e-05,5.928543760091998e-05,5.890113581585865e-05,0.5785423517227173,0.0,19.444444444444443,223,217,4.96751594543457,RoadOption.STRAIGHT,98.93870544433594,62.6497917175293,-4.705568624832996,2.8,1.2,4.5,3.0,10.0,0.6,0.01,0.06,0.55,0.16,0.2,0.35,1.0,12,10.0,14.0,0.9,1.2,0.6,0.01,0.06,0.65,0.3,0.72,0.005,0.38,0.22,0.01,0.14,1.0,0.28
mpc,ground_truth,curvy,400.0,0.05,0.1,1.0,94.41569205373526,99.0072021484375,52.61067581176758,18.563541161356785,0.8809032830876582,-2.343439822409532e-05,-2.290318537490066e-05,2.343439822409532e-05,2.290318537490066e-05,0.00011266952787991613,5.3384090278996155e-05,0.5785406231880188,0.0,19.444444444444443,223,218,5.039348125457764,RoadOption.STRAIGHT,98.93870544433594,62.6497917175293,-4.705568624832996,2.8,1.2,4.5,3.0,10.0,0.6,0.01,0.06,0.55,0.16,0.2,0.35,1.0,12,10.0,14.0,0.9,1.2,0.6,0.01,0.06,0.65,0.3,0.72,0.005,0.38,0.22,0.01,0.14,1.0,0.28
mpc,ground_truth,curvy,400.0,0.05,0.1,1.0,94.46569205448031,99.00086975097656,53.53882598876953,18.563543264028194,0.8809011804162488,-2.1449354073107413e-05,-1.2916331286305649e-05,2.1449354073107413e-05,1.2916331286305649e-05,8.738548785913736e-05,-2.5284040020778775e-05,0.578538179397583,0.0,19.444444444444443,224,218,4.111176490783691,RoadOption.STRAIGHT,98.93189239501953,63.6497688293457,-4.705568624832996,2.8,1.2,4.5,3.0,10.0,0.6,0.01,0.06,0.55,0.16,0.2,0.35,1.0,12,10.0,14.0,0.9,1.2,0.6,0.01,0.06,0.65,0.3,0.72,0.005,0.38,0.22,0.01,0.14,1.0,0.28
mpc,ground_truth,curvy,400.0,0.05,0.1,1.0,94.51569205522537,98.99452209472656,54.466976165771484,18.56354466637634,0.8808997780681018,-4.579377588513622e-06,4.660531907063614e-06,4.579377588513622e-06,4.660531907063614e-06,-7.523642011619813e-07,-8.813785206029934e-05,0.578538179397583,0.0,19.444444444444443,225,219,4.183004856109619,RoadOption.STRAIGHT,98.9250717163086,64.64974212646484,-4.705568624832996,2.8,1.2,4.5,3.0,10.0,0.6,0.01,0.06,0.55,0.16,0.2,0.35,1.0,12,10.0,14.0,0.9,1.2,0.6,0.01,0.06,0.65,0.3,0.72,0.005,0.38,0.22,0.01,0.14,1.0,0.28
mpc,ground_truth,curvy,400.0,0.05,0.1,1.0,94.56569205597043,98.9881820678711,55.39512634277344,18.563544274949273,0.8809001694951704,4.66138181337214e-06,1.8908443738752112e-05,4.66138181337214e-06,1.8908443738752112e-05,-5.860465171281248e-05,-5.78522875116505e-05,0.578540563583374,0.0,19.444444444444443,226,220,4.254833221435547,RoadOption.STRAIGHT,98.91825103759766,65.64971923828125,-4.705568624832996,2.8,1.2,4.5,3.0,10.0,0.6,0.01,0.06,0.55,0.16,0.2,0.35,1.0,12,10.0,14.0,0.9,1.2,0.6,0.01,0.06,0.65,0.3,0.72,0.005,0.38,0.22,0.01,0.14,1.0,0.28
mpc,ground_truth,curvy,400.0,0.05,0.1,1.0,94.61569205671549,98.9818344116211,56.32327651977539,18.563543082191675,0.8809013622527679,2.153135829796593e-05,2.2636869264403003e-05,2.153135829796593e-05,2.2636869264403003e-05,-9.015397517941892e-05,-3.154932346660644e-05,0.5785422325134277,0.0,19.444444444444443,227,221,4.326662063598633,RoadOption.STRAIGHT,98.91143035888672,66.64969635009766,-4.705568624832996,2.8,1.2,4.5,3.0,10.0,0.6,0.01,0.06,0.55,0.16,0.2,0.35,1.0,12,10.0,14.0,0.9,1.2,0.6,0.01,0.06,0.65,0.3,0.72,0.005,0.38,0.22,0.01,0.14,1.0,0.28
mpc,ground_truth,curvy,400.0,0.05,0.1,1.0,94.66569205746055,98.9754867553711,57.25142288208008,18.563541490339322,0.880902954105121,3.842735217252438e-05,1.4647385995658624e-05,3.842735217252438e-05,1.4647385995658624e-05,-8.549416088499129e-05,4.659814294427633e-06,0.5785436630249023,0.0,19.444444444444443,228,222,4.398494243621826,RoadOption.STRAIGHT,98.90460968017578,67.64967346191406,-4.705568624832996,2.8,1.2,4.5,3.0,10.0,0.6,0.01,0.06,0.55,0.16,0.2,0.35,1.0,12,10.0,14.0,0.9,1.2,0.6,0.01,0.06,0.65,0.3,0.72,0.005,0.38,0.22,0.01,0.14,1.0,0.28
mpc,ground_truth,curvy,400.0,0.05,0.1,1.0,94.7156920582056,98.96916961669922,58.17957305908203,18.563540058050936,0.8809043863935067,2.478046032627218e-05,-5.326322174425968e-07,2.478046032627218e-05,5.326322174425968e-07,-4.909530616714619e-05,3.63988547178451e-05,0.5785443782806396,0.0,19.444444444444443,229,223,4.470323085784912,RoadOption.STRAIGHT,98.89778900146484,68.64965057373047,-4.705568624832996,2.8,1.2,4.5,3.0,10.0,0.6,0.01,0.06,0.55,0.16,0.2,0.35,1.0,12,10.0,14.0,0.9,1.2,0.6,0.01,0.06,0.65,0.3,0.72,0.005,0.38,0.22,0.01,0.14,1.0,0.28
mpc,ground_truth,curvy,400.0,0.05,0.1,1.0,94.76569205895066,98.9628677368164,59.107723236083984,18.56353926262218,0.8809051818222642,3.5043513973084806e-06,-1.7177389031175494e-05,3.5043513973084806e-06,1.7177389031175494e-05,6.145451334305108e-05,0.00011054981951019727,0.5785440802574158,0.0,19.444444444444443,230,224,4.54215145111084,RoadOption.STRAIGHT,98.8909683227539,69.64962768554688,-4.705568624832996,2.8,1.2,4.5,3.0,10.0,0.6,0.01,0.06,0.55,0.16,0.2,0.35,1.0,12,10.0,14.0,0.9,1.2,0.6,0.01,0.06,0.65,0.3,0.72,0.005,0.38,0.22,0.01,0.14,1.0,0.28
mpc,ground_truth,curvy,400.0,0.05,0.1,1.0,94.81569205969572,98.95655822753906,60.03587341308594,18.563540738027374,0.8809037064170688,-1.779777492161988e-05,-2.3968449809785852e-05,1.779777492161988e-05,2.3968449809785852e-05,9.089374361792579e-05,2.9439230274874717e-05,0.5785404443740845,0.0,19.444444444444443,231,225,4.61397647857666,RoadOption.STRAIGHT,98.88414764404297,70.64960479736328,-4.705568624832996,2.8,1.2,4.5,3.0,10.0,0.6,0.01,0.06,0.55,0.16,0.2,0.35,1.0,12,10.0,14.0,0.9,1.2,0.6,0.01,0.06,0.65,0.3,0.72,0.005,0.38,0.22,0.01,0.14,1.0,0.28
mpc,ground_truth,curvy,400.0,0.05,0.1,1.0,94.86569206044078,98.95023345947266,60.96402359008789,18.563542345061684,0.8809020993827588,-2.3815449685160583e-05,-1.8375811521309515e-05,2.3815449685160583e-05,1.8375811521309515e-05,8.311388228321448e-05,-7.779861334711313e-06,0.5785393118858337,0.0,19.444444444444443,232,226,4.685805320739746,RoadOption.STRAIGHT,98.87732696533203,71.64958190917969,-4.705568624832996,2.8,1.2,4.5,3.0,10.0,0.6,0.01,0.06,0.55,0.16,0.2,0.35,1.0,12,10.0,14.0,0.9,1.2,0.6,0.01,0.06,0.65,0.3,0.72,0.005,0.38,0.22,0.01,0.14,1.0,0.28
mpc,ground_truth,curvy,400.0,0.05,0.1,1.0,94.91569206118584,98.94388580322266,61.89216995239258,18.56354365947891,0.880900784965533,-6.9194558106056014e-06,-4.394215800118673e-06,6.9194558106056014e-06,4.394215800118673e-06,2.6957788577419706e-05,-5.6156093705794774e-05,0.5785388946533203,0.0,19.444444444444443,233,227,4.7576375007629395,RoadOption.STRAIGHT,98.87051391601562,72.6495590209961,-4.705568624832996,2.8,1.2,4.5,3.0,10.0,0.6,0.01,0.06,0.55,0.16,0.2,0.35,1.0,12,10.0,14.0,0.9,1.2,0.6,0.01,0.06,0.65,0.3,0.72,0.005,0.38,0.22,0.01,0.14,1.0,0.28
mpc,ground_truth,curvy,400.0,0.05,0.1,1.0,94.9656920619309,98.93753814697266,62.82032012939453,18.563543848972365,0.8809005954720774,9.950520673991659e-06,9.587379924624884e-06,9.950520673991659e-06,9.587379924624884e-06,-3.38876670866739e-05,-6.0845455664093606e-05,0.5785401463508606,0.0,19.444444444444443,234,228,4.829465866088867,RoadOption.STRAIGHT,98.86369323730469,73.6495361328125,-4.705568624832996,2.8,1.2,4.5,3.0,10.0,0.6,0.01,0.06,0.55,0.16,0.2,0.35,1.0,12,10.0,14.0,0.9,1.2,0.6,0.01,0.06,0.65,0.3,0.72,0.005,0.38,0.22,0.01,0.14,1.0,0.28
mpc,ground_truth,curvy,400.0,0.05,0.1,1.0,95.01569206267595,98.93119812011719,63.748470306396484,18.563543036204358,0.880901408240085,1.919128007587395e-05,1.6245282647986414e-05,1.919128007587395e-05,1.6245282647986414e-05,-6.727206346113235e-05,-3.338439637445845e-05,0.5785418152809143,0.0,19.444444444444443,235,229,4.901294708251953,RoadOption.STRAIGHT,98.85687255859375,74.6495132446289,-4.705568624832996,2.8,1.2,4.5,3.0,10.0,0.6,0.01,0.06,0.55,0.16,0.2,0.35,1.0,12,10.0,14.0,0.9,1.2,0.6,0.01,0.06,0.65,0.3,0.72,0.005,0.38,0.22,0.01,0.14,1.0,0.28
mpc,ground_truth,curvy,400.0,0.05,0.1,1.0,95.06569206342101,98.92485046386719,64.67662048339844,18.563541826762386,0.8809026176820574,3.606125656047121e-05,1.3448963503748246e-05,3.606125656047121e-05,1.3448963503748246e-05,-7.768957584630698e-05,-1.0417512385174632e-05,0.5785430073738098,0.0,19.444444444444443,236,230,4.973123073577881,RoadOption.STRAIGHT,98.85005187988281,75.64949035644531,-4.705568624832996,2.8,1.2,4.5,3.0,10.0,0.6,0.01,0.06,0.55,0.16,0.2,0.35,1.0,12,10.0,14.0,0.9,1.2,0.6,0.01,0.06,0.65,0.3,0.72,0.005,0.38,0.22,0.01,0.14,1.0,0.28
mpc,ground_truth,curvy,400.0,0.05,0.1,1.0,95.11569206416607,98.91852569580078,65.60476684570312,18.563540496160357,0.8809039482840859,3.006959918688823e-05,2.3968449802680425e-06,3.006959918688823e-05,2.3968449802680425e-06,-4.154879570705816e-05,3.614078013924882e-05,0.5785439610481262,0.0,19.444444444444443,236,231,5.044955730438232,RoadOption.STRAIGHT,98.85005187988281,75.64949035644531,-4.705568624832996,2.8,1.2,4.5,3.0,10.0,0.6,0.01,0.06,0.55,0.16,0.2,0.35,1.0,12,10.0,14.0,0.9,1.2,0.6,0.01,0.06,0.65,0.3,0.72,0.005,0.38,0.22,0.01,0.14,1.0,0.28
mpc,ground_truth,curvy,400.0,0.05,0.1,1.0,95.16569206491113,98.91222381591797,66.53292083740234,18.56353991895738,0.8809045254870611,1.5117576170724234e-06,-1.0386328252565136e-05,1.5117576170724234e-06,1.0386328252565136e-05,2.4434200895484537e-05,6.59829966025427e-05,0.5785434246063232,0.0,19.444444444444443,237,231,4.116779804229736,RoadOption.STRAIGHT,98.84323120117188,76.64946746826172,-4.705568624832996,2.8,1.2,4.5,3.0,10.0,0.6,0.01,0.06,0.55,0.16,0.2,0.35,1.0,12,10.0,14.0,0.9,1.2,0.6,0.01,0.06,0.65,0.3,0.72,0.005,0.38,0.22,0.01,0.14,1.0,0.28
mpc,ground_truth,curvy,400.0,0.05,0.1,1.0,95.21569206565619,98.90592193603516,67.46106719970703,18.56354059121495,0.8809038532294942,-2.7367551004641583e-05,-1.8242653467837044e-05,2.7367551004641583e-05,1.8242653467837044e-05,5.948797115706839e-05,3.505377026158385e-05,0.5785415172576904,0.0,19.444444444444443,238,232,4.188612937927246,RoadOption.STRAIGHT,98.83641052246094,77.6494369506836,-4.705568624832996,2.8,1.2,4.5,3.0,10.0,0.6,0.01,0.06,0.55,0.16,0.2,0.35,1.0,12,10.0,14.0,0.9,1.2,0.6,0.01,0.06,0.65,0.3,0.72,0.005,0.38,0.22,0.01,0.14,1.0,0.28
mpc,ground_truth,curvy,400.0,0.05,0.1,1.0,95.26569206640124,98.89959716796875,68.38921356201172,18.563541695915614,0.880902748528829,-2.5729991295509597e-05,-1.6112124594513944e-05,2.5729991295509597e-05,1.6112124594513944e-05,9.524424240225926e-05,3.5756271245190874e-05,0.5785403251647949,0.0,19.444444444444443,239,233,4.2604451179504395,RoadOption.STRAIGHT,98.82958984375,78.6494140625,-4.705568624832996,2.8,1.2,4.5,3.0,10.0,0.6,0.01,0.06,0.55,0.16,0.2,0.35,1.0,12,10.0,14.0,0.9,1.2,0.6,0.01,0.06,0.65,0.3,0.72,0.005,0.38,0.22,0.01,0.14,1.0,0.28
mpc,ground_truth,curvy,400.0,0.05,0.1,1.0,95.3156920671463,98.89324951171875,69.31736755371094,18.563543502702146,0.880900941742297,-8.886032200876998e-06,-5.858954398973992e-06,8.886032200876998e-06,5.858954398973992e-06,3.412021396798082e-05,-6.112402843427844e-05,0.5785384178161621,0.0,19.444444444444443,240,234,4.332269668579102,RoadOption.STRAIGHT,98.82276916503906,79.6493911743164,-4.705568624832996,2.8,1.2,4.5,3.0,10.0,0.6,0.01,0.06,0.55,0.16,0.2,0.35,1.0,12,10.0,14.0,0.9,1.2,0.6,0.01,0.06,0.65,0.3,0.72,0.005,0.38,0.22,0.01,0.14,1.0,0.28
mpc,ground_truth,curvy,400.0,0.05,0.1,1.0,95.36569206789136,98.88690185546875,70.24551391601562,18.5635438242269,0.8809006202175418,8.009961673681454e-06,7.856325215271909e-06,8.009961673681454e-06,7.856325215271909e-06,-2.646742905199062e-05,-6.058764301997144e-05,0.5785399675369263,0.0,19.444444444444443,241,235,4.404102325439453,RoadOption.STRAIGHT,98.81594848632812,80.64936828613281,-4.705568624832996,2.8,1.2,4.5,3.0,10.0,0.6,0.01,0.06,0.55,0.16,0.2,0.35,1.0,12,10.0,14.0,0.9,1.2,0.6,0.01,0.06,0.65,0.3,0.72,0.005,0.38,0.22,0.01,0.14,1.0,0.28
mpc,ground_truth,curvy,400.0,0.05,0.1,1.0,95.41569206863642,98.88056182861328,71.17366790771484,18.56354310396527,0.8809013404791735,1.7224703685602555e-05,1.4647385995658624e-05,1.7224703685602555e-05,1.4647385995658624e-05,-6.018588464939967e-05,-3.371845559740905e-05,0.5785416960716248,0.0,19.444444444444443,242,236,4.475926876068115,RoadOption.STRAIGHT,98.80912780761719,81.64934539794922,-4.705568624832996,2.8,1.2,4.5,3.0,10.0,0.6,0.01,0.06,0.55,0.16,0.2,0.35,1.0,12,10.0,14.0,0.9,1.2,0.6,0.01,0.06,0.65,0.3,0.72,0.005,0.38,0.22,0.01,0.14,1.0,0.28
mpc,ground_truth,curvy,400.0,0.05,0.1,1.0,95.46569206938148,98.87421417236328,72.10181427001953,18.56354198039045,0.8809024640539924,3.4120697560161006e-05,1.4647385995658624e-05,3.4120697560161006e-05,1.4647385995658624e-05,-7.869430555729195e-05,-1.8508420907892287e-05,0.5785428285598755,0.0,19.444444444444443,243,237,4.547759056091309,RoadOption.STRAIGHT,98.80230712890625,82.64932250976562,-4.705568624832996,2.8,1.2,4.5,3.0,10.0,0.6,0.01,0.06,0.55,0.16,0.2,0.35,1.0,12,10.0,14.0,0.9,1.2,0.6,0.01,0.06,0.65,0.3,0.72,0.005,0.38,0.22,0.01,0.14,1.0,0.28
mpc,ground_truth,curvy,400.0,0.05,0.1,1.0,95.51569207012653,98.86788940429688,73.02996063232422,18.563540574069787,0.8809038703746559,2.8077005406655642e-05,3.1957933082082945e-06,2.8077005406655642e-05,3.1957933082082945e-06,-4.214700675220229e-05,3.654729880508967e-05,0.578544020652771,0.0,19.444444444444443,244,238,4.619584083557129,RoadOption.STRAIGHT,98.79549407958984,83.64929962158203,1.5776161497143715,2.8,1.2,4.5,3.0,10.0,0.6,0.01,0.06,0.55,0.16,0.2,0.35,1.0,12,10.0,14.0,0.9,1.2,0.6,0.01,0.06,0.65,0.3,0.72,0.005,0.38,0.22,0.01,0.14,1.0,0.28
mpc,ground_truth,curvy,400.0,0.05,0.1,1.0,95.56569207087159,98.86158752441406,73.95811462402344,18.5635399933677,0.8809044510767414,-8.543379949876861e-07,-9.321063815903585e-06,8.543379949876861e-07,9.321063815903585e-06,2.344689164601732e-05,6.559389839821961e-05,0.5785433650016785,0.0,19.444444444444443,245,239,4.691409111022949,RoadOption.STRAIGHT,98.7886734008789,84.64927673339844,1.5776161497143715,2.8,1.2,4.5,3.0,10.0,0.6,0.01,0.06,0.55,0.16,0.2,0.35,1.0,12,10.0,14.0,0.9,1.2,0.6,0.01,0.06,0.65,0.3,0.72,0.005,0.38,0.22,0.01,0.14,1.0,0.28
mpc,ground_truth,curvy,400.0,0.05,0.1,1.0,95.61569207161665,98.85529327392578,74.88626098632812,18.56354066406008,0.8809037803843616,-3.736286369940972e-05,-1.7177389031175494e-05,3.736286369940972e-05,1.7177389031175494e-05,8.530614286428317e-05,6.185925121826585e-05,0.5785414576530457,0.0,19.444444444444443,246,240,4.763241767883301,RoadOption.STRAIGHT,98.78185272216797,85.64925384521484,1.5776161497143715,2.8,1.2,4.5,3.0,10.0,0.6,0.01,0.06,0.55,0.16,0.2,0.35,1.0,12,10.0,14.0,0.9,1.2,0.6,0.01,0.06,0.65,0.3,0.72,0.005,0.38,0.22,0.01,0.14,1.0,0.28
mpc,ground_truth,curvy,400.0,0.05,0.1,1.0,95.66569207236171,98.84895324707031,75.81441497802734,18.56354242273171,0.8809020217127319,-2.814812168749209e-05,-1.3448963505524603e-05,2.814812168749209e-05,1.3448963505524603e-05,7.231658673845232e-05,-1.2989556125830859e-05,0.5785390734672546,0.0,19.444444444444443,247,241,4.835066318511963,RoadOption.STRAIGHT,98.77503204345703,86.64923095703125,1.5776161497143715,2.8,1.2,4.5,3.0,10.0,0.6,0.01,0.06,0.55,0.16,0.2,0.35,1.0,12,10.0,14.0,0.9,1.2,0.6,0.01,0.06,0.65,0.3,0.72,0.005,0.38,0.22,0.01,0.14,1.0,0.28
mpc,ground_truth,curvy,400.0,0.05,0.1,1.0,95.71569207310677,98.84260559082031,76.74256134033203,18.563543604909178,0.8809008395352649,-1.1252127812937107e-05,-1.731054709352975e-06,1.1252127812937107e-05,1.731054709352975e-06,2.2157422790769488e-05,-5.015916394768283e-05,0.5785390734672546,0.0,19.444444444444443,248,242,4.9068989753723145,RoadOption.STRAIGHT,98.7682113647461,87.64920806884766,1.5776161497143715,2.8,1.2,4.5,3.0,10.0,0.6,0.01,0.06,0.55,0.16,0.2,0.35,1.0,12,10.0,14.0,0.9,1.2,0.6,0.01,0.06,0.65,0.3,0.72,0.005,0.38,0.22,0.01,0.14,1.0,0.28
mpc,ground_truth,curvy,400.0,0.05,0.1,1.0,95.76569207385182,98.83625793457031,77.67070770263672,18.563543745209138,0.8809006992353048,5.643866061624814e-06,9.587379924624884e-06,5.643866061624814e-06,9.587379924624884e-06,-5.044427962275222e-05,-7.260170241352171e-05,0.5785402655601501,0.0,19.444444444444443,249,243,4.978731155395508,RoadOption.STRAIGHT,98.76139068603516,88.64918518066406,1.5776161497143715,2.8,1.2,4.5,3.0,10.0,0.6,0.01,0.06,0.55,0.16,0.2,0.35,1.0,12,10.0,14.0,0.9,1.2,0.6,0.01,0.06,0.65,0.3,0.72,0.005,0.38,0.22,0.01,0.14,1.0,0.28
mpc,ground_truth,curvy,400.0,0.05,0.1,1.0,95.81569207459688,98.82991790771484,78.59886169433594,18.563542528776882,0.880901915667561,1.979773671246382e-05,1.39815957229672e-05,1.979773671246382e-05,1.39815957229672e-05,-4.2957643017871305e-05,7.486636604880914e-06,0.5785425901412964,0.0,19.444444444444443,249,244,5.05055570602417,RoadOption.STRAIGHT,98.76139068603516,88.64918518066406,1.5776161497143715,2.8,1.2,4.5,3.0,10.0,0.6,0.01,0.06,0.55,0.16,0.2,0.35,1.0,12,10.0,14.0,0.9,1.2,0.6,0.01,0.06,0.65,0.3,0.72,0.005,0.38,0.22,0.01,0.14,1.0,0.28
mpc,ground_truth,curvy,400.0,0.05,0.1,1.0,95.86569207534194,98.82357025146484,79.52700805664062,18.563541903877784,0.8809025405666588,3.7561604636065365e-05,1.0652644360398256e-05,3.7561604636065365e-05,1.0652644360398256e-05,-4.866845847573131e-05,-5.710815457860008e-06,0.5785422921180725,0.0,19.444444444444443,250,244,4.122387409210205,RoadOption.STRAIGHT,98.75457763671875,89.64916229248047,1.5776161497143715,2.8,1.2,4.5,3.0,10.0,0.6,0.01,0.06,0.55,0.16,0.2,0.35,1.0,12,10.0,14.0,0.9,1.2,0.6,0.01,0.06,0.65,0.3,0.72,0.005,0.38,0.22,0.01,0.14,1.0,0.28
mpc,ground_truth,curvy,400.0,0.05,0.1,1.0,95.915692076087,98.81721496582031,80.45516204833984,18.5635411316124,0.8809033128320429,6.199652470471884e-05,2.7963191446822577e-06,6.199652470471884e-05,2.7963191446822577e-06,-6.863610906293616e-05,-1.9967650587204844e-05,0.5785428881645203,0.0,19.444444444444443,251,245,4.194211959838867,RoadOption.STRAIGHT,98.74775695800781,90.64913940429688,1.5776161497143715,2.8,1.2,4.5,3.0,10.0,0.6,0.01,0.06,0.55,0.16,0.2,0.35,1.0,12,10.0,14.0,0.9,1.2,0.6,0.01,0.06,0.65,0.3,0.72,0.005,0.38,0.22,0.01,0.14,1.0,0.28
mpc,ground_truth,curvy,400.0,0.05,0.1,1.0,95.96569207683206,98.8109130859375,81.38330841064453,18.563539748365315,0.8809046960791278,3.307895571674074e-05,-8.78843159712872e-06,3.307895571674074e-05,8.78843159712872e-06,-1.1238604201935232e-05,5.7397504861000925e-05,0.5785444974899292,0.0,19.444444444444443,252,246,4.266044616699219,RoadOption.STRAIGHT,98.74093627929688,91.64911651611328,1.5776161497143715,2.8,1.2,4.5,3.0,10.0,0.6,0.01,0.06,0.55,0.16,0.2,0.35,1.0,12,10.0,14.0,0.9,1.2,0.6,0.01,0.06,0.65,0.3,0.72,0.005,0.38,0.22,0.01,0.14,1.0,0.28
mpc,ground_truth,curvy,400.0,0.05,0.1,1.0,96.01569207757711,98.80460357666016,82.31147003173828,18.563539644891268,0.8809047995531749,1.1686542406474237e-05,-2.0106866229774312e-05,1.1686542406474237e-05,2.0106866229774312e-05,4.6150278649292886e-05,5.738888285122812e-05,0.5785430073738098,0.0,19.444444444444443,253,247,4.337862014770508,RoadOption.STRAIGHT,98.73179626464844,92.59030151367188,1.5888104810404107,2.8,1.2,4.5,3.0,10.0,0.6,0.01,0.06,0.55,0.16,0.2,0.35,1.0,12,10.0,14.0,0.9,1.2,0.6,0.01,0.06,0.65,0.3,0.72,0.005,0.38,0.22,0.01,0.14,1.0,0.28
mpc,ground_truth,curvy,400.0,0.05,0.1,1.0,96.06569207832217,98.79830932617188,83.2396469116211,18.563540570417658,0.8809038740267852,-2.5068366557360472e-05,-2.3036343429261308e-05,2.5068366557360472e-05,2.3036343429261308e-05,9.327542647952214e-05,4.712514783022925e-05,0.5785412192344666,0.0,19.444444444444443,254,248,4.409664154052734,RoadOption.STRAIGHT,98.7065658569336,93.48206329345703,1.6093549046376088,2.8,1.2,4.5,3.0,10.0,0.6,0.01,0.06,0.55,0.16,0.2,0.35,1.0,12,10.0,14.0,0.9,1.2,0.6,0.01,0.06,0.65,0.3,0.72,0.005,0.38,0.22,0.01,0.14,1.0,0.28
mpc,ground_truth,curvy,400.0,0.05,0.1,1.0,96.11569207906723,98.79197692871094,84.1678237915039,18.563542337742376,0.8809021067020666,-2.367718996907145e-05,-1.531317626790596e-05,2.367718996907145e-05,1.531317626790596e-05,5.44518516107928e-05,-3.882357486872934e-05,0.5785391330718994,0.0,19.444444444444443,255,249,4.481466293334961,RoadOption.STRAIGHT,98.66302490234375,94.37312316894531,1.6298991950767525,2.8,1.2,4.5,3.0,10.0,0.6,0.01,0.06,0.55,0.16,0.2,0.35,1.0,12,10.0,14.0,0.9,1.2,0.6,0.01,0.06,0.65,0.3,0.72,0.005,0.38,0.22,0.01,0.14,1.0,0.28
mpc,ground_truth,curvy,400.0,0.05,0.1,1.0,96.16569207981229,98.78562927246094,85.09599304199219,18.563543062860425,0.8809013815840174,6.536686668646985e-07,-2.7963191442381685e-06,6.536686668646985e-07,2.7963191442381685e-06,3.271997411502525e-05,-2.173187749576755e-05,0.5785399675369263,0.0,19.444444444444443,256,250,4.5532755851745605,RoadOption.STRAIGHT,98.6011734008789,95.26311492919922,1.6504434855158965,2.8,1.2,4.5,3.0,10.0,0.6,0.01,0.06,0.55,0.16,0.2,0.35,1.0,12,10.0,14.0,0.9,1.2,0.6,0.01,0.06,0.65,0.3,0.72,0.005,0.38,0.22,0.01,0.14,1.0,0.28
mpc,ground_truth,curvy,400.0,0.05,0.1,1.0,96.21569208055735,98.77928161621094,86.024169921875,18.563543596357587,0.8809008480868563,1.730327947601501e-05,9.720537978985533e-06,1.730327947601501e-05,9.720537978985533e-06,-4.033388904645108e-05,-7.305386316147633e-05,0.5785398483276367,0.0,19.444444444444443,257,251,4.625077247619629,RoadOption.STRAIGHT,98.52106475830078,96.1516342163086,1.6709877759550402,2.8,1.2,4.5,3.0,10.0,0.6,0.01,0.06,0.55,0.16,0.2,0.35,1.0,12,10.0,14.0,0.9,1.2,0.6,0.01,0.06,0.65,0.3,0.72,0.005,0.38,0.22,0.01,0.14,1.0,0.28
mpc,ground_truth,curvy,400.0,0.05,0.1,1.0,96.2656920813024,98.77294921875,86.95233917236328,18.56354267419066,0.8809017702537822,1.874648678066443e-05,1.518001821354531e-05,1.874648678066443e-05,1.518001821354531e-05,0.007729484234005213,0.007769818123051664,0.578542172908783,0.0,19.444444444444443,258,252,4.6968865394592285,RoadOption.STRAIGHT,98.42272186279297,97.03832244873047,1.691532066394184,2.8,1.2,4.5,3.0,10.0,0.6,0.01,0.06,0.55,0.16,0.2,0.35,1.0,12,10.0,14.0,0.9,1.2,0.6,0.01,0.06,0.65,0.3,0.72,0.005,0.38,0.22,0.01,0.14,1.0,0.28
mpc,ground_truth,curvy,400.0,0.05,0.1,1.0,96.31569208204746,98.76593780517578,87.88047790527344,18.563381493028874,0.8810629514155686,0.050702899222994896,-0.010569820050415402,0.050702899222994896,0.010569820050415402,0.03847648948431015,0.030747005250304937,0.5788311958312988,0.0,19.444444444444443,259,253,4.70994758605957,RoadOption.STRAIGHT,98.3061752319336,97.92279815673828,1.712076489991382,2.8,1.2,4.5,3.0,10.0,0.6,0.01,0.06,0.55,0.16,0.2,0.35,1.0,12,10.0,14.0,0.9,1.2,0.6,0.01,0.06,0.65,0.3,0.72,0.005,0.38,0.22,0.01,0.14,1.0,0.28
mpc,ground_truth,curvy,400.0,0.05,0.1,1.0,96.36569208279252,98.75531005859375,88.80841827392578,18.56033613948693,0.8841083049575111,0.1314564832923281,-0.02754041462278156,0.1314564832923281,0.02754041462278156,0.024691244587302208,-0.013785244897007942,0.5841200947761536,0.0,19.444444444444443,260,254,4.6738996505737305,RoadOption.STRAIGHT,98.17149353027344,98.80470275878906,1.732620780430526,2.8,1.2,4.5,3.0,10.0,0.6,0.01,0.06,0.55,0.16,0.2,0.35,1.0,12,10.0,14.0,0.9,1.2,0.6,0.01,0.06,0.65,0.3,0.72,0.005,0.38,0.22,0.01,0.14,1.0,0.28
mpc,ground_truth,curvy,400.0,0.05,0.1,1.0,96.41569208353758,98.74108123779297,89.73636627197266,18.560117663413163,0.8843267810312803,0.19596606903764696,-0.04245851094302422,0.19596606903764696,0.04245851094302422,0.00814012624323368,-0.016551118344068527,0.5808579325675964,0.0,19.444444444444443,262,255,4.63741397857666,RoadOption.STRAIGHT,97.84791564941406,100.55927276611328,1.7737094944668679,2.8,1.2,4.5,3.0,10.0,0.6,0.01,0.06,0.55,0.16,0.2,0.35,1.0,12,10.0,14.0,0.9,1.2,0.6,0.01,0.06,0.65,0.3,0.72,0.005,0.38,0.22,0.01,0.14,1.0,0.28
mpc,ground_truth,curvy,400.0,0.05,0.1,1.0,96.46569208428264,98.72441101074219,90.6642837524414,18.56156011808623,0.8828843263582122,0.3465397574676543,-0.07853928370752694,0.3465397574676543,0.07853928370752694,-0.025518247857689857,-0.03365837410092354,0.5779995918273926,0.0,19.444444444444443,263,257,5.491117477416992,RoadOption.STRAIGHT,97.65917205810547,101.43120574951172,1.7942537849060116,2.8,1.2,4.5,3.0,10.0,0.6,0.01,0.06,0.55,0.16,0.2,0.35,1.0,12,10.0,14.0,0.9,1.2,0.6,0.01,0.06,0.65,0.3,0.72,0.005,0.38,0.22,0.01,0.14,1.0,0.28
mpc,ground_truth,curvy,400.0,0.05,0.1,1.0,96.5156920850277,98.70822143554688,91.59220123291016,18.56099506800714,0.8834493764373015,0.3725239081612081,-0.09771577461080572,0.3725239081612081,0.09771577461080572,0.002925013890489936,0.028443261748179793,0.580747663974762,0.0,19.444444444444443,264,258,5.45359992980957,RoadOption.STRAIGHT,97.4525375366211,102.29907989501953,1.81479820850321,2.8,1.2,4.5,3.0,10.0,0.6,0.01,0.06,0.55,0.16,0.2,0.35,1.0,12,10.0,14.0,0.9,1.2,0.6,0.01,0.06,0.65,0.3,0.72,0.005,0.38,0.22,0.01,0.14,1.0,0.28
mpc,ground_truth,curvy,400.0,0.05,0.1,1.0,96.56569208577275,98.69114685058594,92.52013397216797,18.561762796521332,0.8826816479231105,0.37961661890259485,-0.1183151924845145,0.37961661890259485,0.1183151924845145,0.05843331292271614,0.055508299032226205,0.5786877274513245,0.0,19.444444444444443,265,259,5.416362762451172,RoadOption.STRAIGHT,97.22813415527344,103.16251373291016,1.8353424989423537,2.8,1.2,4.5,3.0,10.0,0.6,0.01,0.06,0.55,0.16,0.2,0.35,1.0,12,10.0,14.0,0.9,1.2,0.6,0.01,0.06,0.65,0.3,0.72,0.005,0.38,0.22,0.01,0.14,1.0,0.28
mpc,ground_truth,curvy,400.0,0.05,0.1,1.0,96.61569208651781,98.66847229003906,93.44773864746094,18.554538383424926,0.8899060610195164,0.3726234691635581,-0.1350793920723996,0.3726234691635581,0.1350793920723996,0.11833053082227707,0.05989721789956093,0.5926129221916199,0.0,19.444444444444443,266,260,5.379968166351318,RoadOption.STRAIGHT,96.98603057861328,104.02116394042969,1.855886922539552,2.8,1.2,4.5,3.0,10.0,0.6,0.01,0.06,0.55,0.16,0.2,0.35,1.0,12,10.0,14.0,0.9,1.2,0.6,0.01,0.06,0.65,0.3,0.72,0.005,0.38,0.22,0.01,0.14,1.0,0.28
mpc,ground_truth,curvy,400.0,0.05,0.1,1.0,96.66569208726287,98.63436126708984,94.37409210205078,18.530879541545836,0.9135649028986066,0.3575021765736214,-0.14355729908655768,0.3575021765736214,0.14355729908655768,0.16197116672992706,0.043640635907649994,0.6265295743942261,0.0,19.444444444444443,267,261,5.345128536224365,RoadOption.STRAIGHT,96.72634887695312,104.8746566772461,1.8764312129786958,2.8,1.2,4.5,3.0,10.0,0.6,0.01,0.06,0.55,0.16,0.2,0.35,1.0,12,10.0,14.0,0.9,1.2,0.6,0.01,0.06,0.65,0.3,0.72,0.005,0.38,0.22,0.01,0.14,1.0,0.28
mpc,ground_truth,curvy,400.0,0.05,0.1,1.0,96.71569208800793,98.58332061767578,95.29802703857422,18.495932428745206,0.9485120156992366,0.33994793287304426,-0.14197990877290412,0.33994793287304426,0.14197990877290412,0.17733480036258698,0.015363633632659912,0.6610437631607056,0.0,19.444444444444443,268,262,5.312394142150879,RoadOption.STRAIGHT,96.44918823242188,105.72264099121094,1.896975636575894,2.8,1.2,4.5,3.0,10.0,0.6,0.01,0.06,0.55,0.16,0.2,0.35,1.0,12,10.0,14.0,0.9,1.2,0.6,0.01,0.06,0.65,0.3,0.72,0.005,0.38,0.22,0.01,0.14,1.0,0.28
mpc,ground_truth,curvy,400.0,0.05,0.1,1.0,96.76569208875299,98.5113296508789,96.21892547607422,18.46677529213755,0.9776691523068912,0.32408352643083305,-0.13154737467668198,0.32408352643083305,0.13154737467668198,0.16310039162635803,-0.014234408736228943,0.6715900301933289,0.0,19.444444444444443,269,263,5.2814812660217285,RoadOption.STRAIGHT,96.1546630859375,106.56475067138672,1.9175199270150378,2.8,1.2,4.5,3.0,10.0,0.6,0.01,0.06,0.55,0.16,0.2,0.35,1.0,12,10.0,14.0,0.9,1.2,0.6,0.01,0.06,0.65,0.3,0.72,0.005,0.38,0.22,0.01,0.14,1.0,0.28
mpc,ground_truth,curvy,400.0,0.05,0.1,1.0,96.81569208949804,98.41613006591797,97.13697052001953,18.458318840736037,0.9861256037084054,0.3120532251144138,-0.11561101871364787,0.3120532251144138,0.11561101871364787,0.12659457325935364,-0.036505818367004395,0.651823103427887,0.0,19.444444444444443,270,264,5.251275062561035,RoadOption.STRAIGHT,95.8428955078125,107.40062713623047,1.9380642174541816,2.8,1.2,4.5,3.0,10.0,0.6,0.01,0.06,0.55,0.16,0.2,0.35,1.0,12,10.0,14.0,0.9,1.2,0.6,0.01,0.06,0.65,0.3,0.72,0.005,0.38,0.22,0.01,0.14,1.0,0.28
mpc,ground_truth,curvy,400.0,0.05,0.1,1.0,96.8656920902431,98.2972640991211,98.05269622802734,18.47217505651916,0.9722693879252837,0.3041341338996546,-0.09855360508974442,0.3041341338996546,0.09855360508974442,0.08125007152557373,-0.04534450173377991,0.6167341470718384,0.0,19.444444444444443,271,265,5.2204670906066895,RoadOption.STRAIGHT,95.51402282714844,108.22992706298828,1.9586086410513799,2.8,1.2,4.5,3.0,10.0,0.6,0.01,0.06,0.55,0.16,0.2,0.35,1.0,12,10.0,14.0,0.9,1.2,0.6,0.01,0.06,0.65,0.3,0.72,0.005,0.38,0.22,0.01,0.14,1.0,0.28
mpc,ground_truth,curvy,400.0,0.05,0.1,1.0,96.91569209098816,98.15593719482422,98.96646118164062,18.49822320961657,0.946221234827874,0.2989220884339594,-0.08473952219939473,0.2989220884339594,0.08473952219939473,0.0418967604637146,-0.03935331106185913,0.5864749550819397,0.0,19.444444444444443,272,266,5.188323974609375,RoadOption.STRAIGHT,95.16819763183594,109.05228424072266,1.9791529314905236,2.8,1.2,4.5,3.0,10.0,0.6,0.01,0.06,0.55,0.16,0.2,0.35,1.0,12,10.0,14.0,0.9,1.2,0.6,0.01,0.06,0.65,0.3,0.72,0.005,0.38,0.22,0.01,0.14,1.0,0.28
mpc,ground_truth,curvy,400.0,0.05,0.1,1.0,96.96569209173322,97.99414825439453,99.87821197509766,18.523142040547693,0.9213024038967497,0.29437908953324254,-0.07724591952412974,0.29437908953324254,0.07724591952412974,0.02079431153833866,-0.02110244892537594,0.5728788375854492,0.0,19.444444444444443,273,267,5.154782295227051,RoadOption.STRAIGHT,94.80553436279297,109.86737823486328,1.999697355087722,2.8,1.2,4.5,3.0,10.0,0.6,0.01,0.06,0.55,0.16,0.2,0.35,1.0,12,10.0,14.0,0.9,1.2,0.6,0.01,0.06,0.65,0.3,0.72,0.005,0.38,0.22,0.01,0.14,1.0,0.28
mpc,ground_truth,curvy,400.0,0.05,0.1,1.0,97.01569209247828,97.8135986328125,100.78738403320312,18.539003419887518,0.9054410245569251,0.2889155035135291,-0.076774007378968,0.2889155035135291,0.076774007378968,0.022429732605814934,0.0016354210674762726,0.574230968952179,0.0,19.444444444444443,274,268,5.120388984680176,RoadOption.STRAIGHT,94.42620849609375,110.67485046386719,2.0202416455268657,2.8,1.2,4.5,3.0,10.0,0.6,0.01,0.06,0.55,0.16,0.2,0.35,1.0,12,10.0,14.0,0.9,1.2,0.6,0.01,0.06,0.65,0.3,0.72,0.005,0.38,0.22,0.01,0.14,1.0,0.28
mpc,ground_truth,curvy,400.0,0.05,0.1,1.0,97.06569209322333,97.61499786376953,101.69316864013672,18.544367596443838,0.9000768480006052,0.28202037645136224,-0.08153360887915717,0.28202037645136224,0.08153360887915717,0.04253244400024414,0.020102711394429207,0.5836091041564941,0.0,19.444444444444443,275,269,5.085753917694092,RoadOption.STRAIGHT,94.03038024902344,111.47434997558594,2.040785935966009,2.8,1.2,4.5,3.0,10.0,0.6,0.01,0.06,0.55,0.16,0.2,0.35,1.0,12,10.0,14.0,0.9,1.2,0.6,0.01,0.06,0.65,0.3,0.72,0.005,0.38,0.22,0.01,0.14,1.0,0.28
mpc,ground_truth,curvy,400.0,0.05,0.1,1.0,97.11569209396839,97.39810180664062,102.5946273803711,18.539957037807607,0.9044874066368358,0.2741828181147121,-0.08826115326686113,0.2741828181147121,0.08826115326686113,0.07084055989980698,0.028308115899562836,0.5979850888252258,0.0,19.444444444444443,276,270,5.051366329193115,RoadOption.STRAIGHT,93.61820220947266,112.26555633544922,2.0613303595632075,2.8,1.2,4.5,3.0,10.0,0.6,0.01,0.06,0.55,0.16,0.2,0.35,1.0,12,10.0,14.0,0.9,1.2,0.6,0.01,0.06,0.65,0.3,0.72,0.005,0.38,0.22,0.01,0.14,1.0,0.28
mpc,ground_truth,curvy,400.0,0.05,0.1,1.0,97.16569209471345,97.16216278076172,103.49076080322266,18.52753483619,0.9169096082544428,0.2664357890864595,-0.09370651874774616,0.2664357890864595,0.09370651874774616,0.09615343064069748,0.025312870740890503,0.6150524020195007,0.0,19.444444444444443,277,271,5.017575740814209,RoadOption.STRAIGHT,93.18987274169922,113.0481185913086,2.081874783160406,2.8,1.2,4.5,3.0,10.0,0.6,0.01,0.06,0.55,0.16,0.2,0.35,1.0,12,10.0,14.0,0.9,1.2,0.6,0.01,0.06,0.65,0.3,0.72,0.005,0.38,0.22,0.01,0.14,1.0,0.28
mpc,ground_truth,curvy,400.0,0.05,0.1,1.0,97.21569209545851,96.90629577636719,104.3805923461914,18.511481155874456,0.9329632885699866,0.2599538902398988,-0.09575182646492664,0.2599538902398988,0.09575182646492664,0.11033674329519272,0.01418331265449524,0.629042387008667,0.0,19.444444444444443,278,272,4.984545707702637,RoadOption.STRAIGHT,92.74554443359375,113.82172393798828,2.102418940441495,2.8,1.2,4.5,3.0,10.0,0.6,0.01,0.06,0.55,0.16,0.2,0.35,1.0,12,10.0,14.0,0.9,1.2,0.6,0.01,0.06,0.65,0.3,0.72,0.005,0.38,0.22,0.01,0.14,1.0,0.28
mpc,ground_truth,curvy,400.0,0.05,0.1,1.0,97.26569209620357,96.62979888916016,105.26349639892578,18.49825263494156,0.9461918095028814,0.255595092183063,-0.09383075521259832,0.255595092183063,0.09383075521259832,0.11002370715141296,-0.00031303614377975464,0.6335893273353577,0.0,19.444444444444443,279,273,4.952138423919678,RoadOption.STRAIGHT,92.2854232788086,114.58604431152344,2.1229633640386933,2.8,1.2,4.5,3.0,10.0,0.6,0.01,0.06,0.55,0.16,0.2,0.35,1.0,12,10.0,14.0,0.9,1.2,0.6,0.01,0.06,0.65,0.3,0.72,0.005,0.38,0.22,0.01,0.14,1.0,0.28
mpc,ground_truth,curvy,400.0,0.05,0.1,1.0,97.31569209694862,96.3323745727539,106.13912963867188,18.49338147252561,0.9510629719188337,0.2537551599494561,-0.08880883234503578,0.2537551599494561,0.08880883234503578,0.09720612317323685,-0.012817583978176117,0.6264832019805908,0.0,19.444444444444443,280,274,4.919983386993408,RoadOption.STRAIGHT,91.80968475341797,115.34074401855469,2.1435076544778373,2.8,1.2,4.5,3.0,10.0,0.6,0.01,0.06,0.55,0.16,0.2,0.35,1.0,12,10.0,14.0,0.9,1.2,0.6,0.01,0.06,0.65,0.3,0.72,0.005,0.38,0.22,0.01,0.14,1.0,0.28
mpc,ground_truth,curvy,400.0,0.05,0.1,1.0,97.36569209769368,96.01429748535156,107.00760650634766,18.498311633984247,0.9461328104601954,0.2540784466441315,-0.08250193425151009,0.2540784466441315,0.08250193425151009,0.07756557315587997,-0.019640550017356873,0.6117634773254395,0.0,19.444444444444443,281,275,4.887507438659668,RoadOption.STRAIGHT,91.31855773925781,116.08551025390625,2.164051944916981,2.8,1.2,4.5,3.0,10.0,0.6,0.01,0.06,0.55,0.16,0.2,0.35,1.0,12,10.0,14.0,0.9,1.2,0.6,0.01,0.06,0.65,0.3,0.72,0.005,0.38,0.22,0.01,0.14,1.0,0.28
mpc,ground_truth,curvy,400.0,0.05,0.1,1.0,97.41569209843874,95.67644500732422,107.86912536621094,18.509977400596334,0.9344670438481089,0.2556078141616356,-0.0770076997646223,0.2556078141616356,0.0770076997646223,0.05848189443349838,-0.019083678722381592,0.5966812968254089,0.0,19.444444444444443,282,276,4.854376792907715,RoadOption.STRAIGHT,90.8122329711914,116.82003021240234,2.184596368514179,2.8,1.2,4.5,3.0,10.0,0.6,0.01,0.06,0.55,0.16,0.2,0.35,1.0,12,10.0,14.0,0.9,1.2,0.6,0.01,0.06,0.65,0.3,0.72,0.005,0.38,0.22,0.01,0.14,1.0,0.28
mpc,ground_truth,curvy,400.0,0.05,0.1,1.0,97.4656920991838,95.32000732421875,108.7238540649414,18.523036800459945,0.921407643984498,0.2571356857312719,-0.0739811503438017,0.2571356857312719,0.0739811503438017,0.04666294530034065,-0.01181894913315773,0.5871732831001282,0.0,19.444444444444443,283,277,4.820450305938721,RoadOption.STRAIGHT,90.29092407226562,117.54399871826172,2.205140658953323,2.8,1.2,4.5,3.0,10.0,0.6,0.01,0.06,0.55,0.16,0.2,0.35,1.0,12,10.0,14.0,0.9,1.2,0.6,0.01,0.06,0.65,0.3,0.72,0.005,0.38,0.22,0.01,0.14,1.0,0.28
mpc,ground_truth,curvy,400.0,0.05,0.1,1.0,97.51569209992886,94.94612884521484,109.57169342041016,18.532925596271898,0.9115188481725447,0.257607166349449,-0.07404626463245378,0.257607166349449,0.07404626463245378,0.045275330543518066,-0.001387614756822586,0.5850447416305542,0.0,19.444444444444443,284,278,4.785951614379883,RoadOption.STRAIGHT,89.75485229492188,118.2571029663086,2.2256849493924666,2.8,1.2,4.5,3.0,10.0,0.6,0.01,0.06,0.55,0.16,0.2,0.35,1.0,12,10.0,14.0,0.9,1.2,0.6,0.01,0.06,0.65,0.3,0.72,0.005,0.38,0.22,0.01,0.14,1.0,0.28
mpc,ground_truth,curvy,400.0,0.05,0.1,1.0,97.56569210067391,94.5555648803711,110.41231536865234,18.5374546741749,0.9069897702695435,0.25648496105171126,-0.07664870564967963,0.25648496105171126,0.07664870564967963,0.05373265594244003,0.008457325398921967,0.5887589454650879,0.0,19.444444444444443,285,279,4.751163959503174,RoadOption.STRAIGHT,89.2042465209961,118.95904541015625,2.246229372989665,2.8,1.2,4.5,3.0,10.0,0.6,0.01,0.06,0.55,0.16,0.2,0.35,1.0,12,10.0,14.0,0.9,1.2,0.6,0.01,0.06,0.65,0.3,0.72,0.005,0.38,0.22,0.01,0.14,1.0,0.28
mpc,ground_truth,curvy,400.0,0.05,0.1,1.0,97.61569210141897,94.14849090576172,111.24508666992188,18.53625788061181,0.9081865638326327,0.2538748679529903,-0.08038259065602515,0.2538748679529903,0.08038259065602515,0.0675501897931099,0.01381753385066986,0.5963481068611145,0.0,19.444444444444443,286,280,4.716399669647217,RoadOption.STRAIGHT,88.6477279663086,119.63875579833984,2.2693754386557616,2.8,1.2,4.5,3.0,10.0,0.6,0.01,0.06,0.55,0.16,0.2,0.35,1.0,12,10.0,14.0,0.9,1.2,0.6,0.01,0.06,0.65,0.3,0.72,0.005,0.38,0.22,0.01,0.14,1.0,0.28
mpc,ground_truth,curvy,400.0,0.05,0.1,1.0,97.66569210216403,93.72476959228516,112.06924438476562,18.530419403427167,0.9140250410172754,0.25029647752703843,-0.0836429656205544,0.25029647752703843,0.0836429656205544,0.08151116967201233,0.013960979878902435,0.6054211854934692,0.0,19.444444444444443,288,281,4.681906700134277,RoadOption.STRAIGHT,87.51204681396484,120.91769409179688,2.32449541636935,2.8,1.2,4.5,3.0,10.0,0.6,0.01,0.06,0.55,0.16,0.2,0.35,1.0,12,10.0,14.0,0.9,1.2,0.6,0.01,0.06,0.65,0.3,0.72,0.005,0.38,0.22,0.01,0.14,1.0,0.28
mpc,ground_truth,curvy,400.0,0.05,0.1,1.0,97.71569210290909,93.2840347290039,112.88399505615234,18.522151650333917,0.9222927941105254,0.350916708500542,-0.10575718952230018,0.350916708500542,0.10575718952230018,0.055616527795791626,-0.025894641876220703,0.6132969856262207,0.0,19.444444444444443,289,283,5.538442611694336,RoadOption.STRAIGHT,86.91819763183594,121.53321075439453,2.3520554052261438,2.8,1.2,4.5,3.0,10.0,0.6,0.01,0.06,0.55,0.16,0.2,0.35,1.0,12,10.0,14.0,0.9,1.2,0.6,0.01,0.06,0.65,0.3,0.72,0.005,0.38,0.22,0.01,0.14,1.0,0.28
mpc,ground_truth,curvy,400.0,0.05,0.1,1.0,97.76569210365415,92.82781219482422,113.69019317626953,18.52769041829854,0.9167540261459024,0.34435895409217965,-0.10738491358055624,0.34435895409217965,0.10738491358055624,0.0637100413441658,0.008093513548374176,0.5934059023857117,0.0,19.444444444444443,290,284,5.504520893096924,RoadOption.STRAIGHT,86.3076171875,122.13212585449219,2.379615127766829,2.8,1.2,4.5,3.0,10.0,0.6,0.01,0.06,0.55,0.16,0.2,0.35,1.0,12,10.0,14.0,0.9,1.2,0.6,0.01,0.06,0.65,0.3,0.72,0.005,0.38,0.22,0.01,0.14,1.0,0.28
mpc,ground_truth,curvy,400.0,0.05,0.1,1.0,97.8156921043992,92.35652923583984,114.48793029785156,18.53034409930123,0.9141003451432113,0.33534341942069457,-0.10945498869587489,0.33534341942069457,0.10945498869587489,0.08017577975988388,0.01646573841571808,0.5952758193016052,0.0,19.444444444444443,291,285,5.470627307891846,RoadOption.STRAIGHT,85.68077087402344,122.71399688720703,2.407175116623623,2.8,1.2,4.5,3.0,10.0,0.6,0.01,0.06,0.55,0.16,0.2,0.35,1.0,12,10.0,14.0,0.9,1.2,0.6,0.01,0.06,0.65,0.3,0.72,0.005,0.38,0.22,0.01,0.14,1.0,0.28
mpc,ground_truth,curvy,400.0,0.05,0.1,1.0,97.86569210514426,91.86934661865234,115.27590942382812,18.525411874258317,0.9190325701861255,0.3389023063276091,-0.11306503671153179,0.3389023063276091,0.11306503671153179,0.10639676451683044,0.026220984756946564,0.6073381900787354,0.0,19.444444444444443,292,286,5.423398971557617,RoadOption.STRAIGHT,85.03812408447266,123.27836608886719,2.4347351054804167,2.8,1.2,4.5,3.0,10.0,0.6,0.01,0.06,0.55,0.16,0.2,0.35,1.0,12,10.0,14.0,0.9,1.2,0.6,0.01,0.06,0.65,0.3,0.72,0.005,0.38,0.22,0.01,0.14,1.0,0.28
mpc,ground_truth,curvy,400.0,0.05,0.1,1.0,97.91569210588932,91.3648910522461,116.05225372314453,18.51058029443955,0.9338641500048936,0.36144713390635275,-0.11824182239648229,0.36144713390635275,0.11824182239648229,0.1084718406200409,0.0020750761032104492,0.6281163692474365,0.0,19.444444444444443,293,287,5.353361129760742,RoadOption.STRAIGHT,84.38017272949219,123.82482147216797,2.4622950943372106,2.8,1.2,4.5,3.0,10.0,0.6,0.01,0.06,0.55,0.16,0.2,0.35,1.0,12,10.0,14.0,0.9,1.2,0.6,0.01,0.06,0.65,0.3,0.72,0.005,0.38,0.22,0.01,0.14,1.0,0.28
mpc,ground_truth,curvy,400.0,0.05,0.1,1.0,97.96569210663438,90.8425064086914,116.81593322753906,18.500580395474124,0.943864048970319,0.3785557930398782,-0.12051363196437492,0.3785557930398782,0.12051363196437492,0.09959882497787476,-0.008873015642166138,0.6283183097839355,0.0,19.444444444444443,294,288,5.283597946166992,RoadOption.STRAIGHT,83.70740509033203,124.3529281616211,2.489855083194005,2.8,1.2,4.5,3.0,10.0,0.6,0.01,0.06,0.55,0.16,0.2,0.35,1.0,12,10.0,14.0,0.9,1.2,0.6,0.01,0.06,0.65,0.3,0.72,0.005,0.38,0.22,0.01,0.14,1.0,0.28
mpc,ground_truth,curvy,400.0,0.05,0.1,1.0,98.01569210737944,90.30225372314453,117.56685638427734,18.499855609397738,0.9445888350467051,0.39023059809287375,-0.12131857240385102,0.39023059809287375,0.12131857240385102,0.09051214903593063,-0.009086675941944122,0.6176230311393738,0.0,19.444444444444443,295,289,5.213809490203857,RoadOption.STRAIGHT,83.02034759521484,124.86229705810547,2.517415072050799,2.8,1.2,4.5,3.0,10.0,0.6,0.01,0.06,0.55,0.16,0.2,0.35,1.0,12,10.0,14.0,0.9,1.2,0.6,0.01,0.06,0.65,0.3,0.72,0.005,0.38,0.22,0.01,0.14,1.0,0.28
mpc,ground_truth,curvy,400.0,0.05,0.1,1.0,98.0656921081245,89.74429321289062,118.304931640625,18.50404388305887,0.940400561385573,0.396347498903618,-0.12200793165201818,0.396347498903618,0.12200793165201818,0.08608181774616241,-0.004430331289768219,0.6092144250869751,0.0,19.444444444444443,296,290,5.143749713897705,RoadOption.STRAIGHT,82.31951141357422,125.3525390625,2.5449750609075927,2.8,1.2,4.5,3.0,10.0,0.6,0.01,0.06,0.55,0.16,0.2,0.35,1.0,12,10.0,14.0,0.9,1.2,0.6,0.01,0.06,0.65,0.3,0.72,0.005,0.38,0.22,0.01,0.14,1.0,0.28
mpc,ground_truth,curvy,400.0,0.05,0.1,1.0,98.11569210886955,89.16874694824219,119.02962493896484,18.507736904567487,0.9367075398769558,0.3971345997175493,-0.12321061520029808,0.3971345997175493,0.12321061520029808,0.08849458396434784,0.002412766218185425,0.6075928807258606,0.0,19.444444444444443,297,291,5.073517322540283,RoadOption.STRAIGHT,81.60543060302734,125.82328033447266,2.572534783448278,2.8,1.2,4.5,3.0,10.0,0.6,0.01,0.06,0.55,0.16,0.2,0.35,1.0,12,10.0,14.0,0.9,1.2,0.6,0.01,0.06,0.65,0.3,0.72,0.005,0.38,0.22,0.01,0.14,1.0,0.28
mpc,ground_truth,curvy,400.0,0.05,0.1,1.0,98.16569210961461,88.57555389404297,119.74007415771484,18.50738130766072,0.9370631367837241,0.39316539156217845,-0.1247624391674873,0.39316539156217845,0.1247624391674873,0.09670913964509964,0.0082145556807518,0.6126645803451538,0.0,19.444444444444443,298,292,5.003291130065918,RoadOption.STRAIGHT,80.87864685058594,126.27416229248047,2.600094772305072,2.8,1.2,4.5,3.0,10.0,0.6,0.01,0.06,0.55,0.16,0.2,0.35,1.0,12,10.0,14.0,0.9,1.2,0.6,0.01,0.06,0.65,0.3,0.72,0.005,0.38,0.22,0.01,0.14,1.0,0.28
mpc,ground_truth,curvy,400.0,0.05,0.1,1.0,98.21569211035967,87.96450805664062,120.43498992919922,18.501893524841233,0.9425509196032102,0.3854903986584288,-0.12597737325678127,0.3854903986584288,0.12597737325678127,0.10797132551670074,0.011262185871601105,0.6221159100532532,0.0,19.444444444444443,299,293,4.933398723602295,RoadOption.STRAIGHT,80.13971710205078,126.70486450195312,2.6276547611618657,2.8,1.2,4.5,3.0,10.0,0.6,0.01,0.06,0.55,0.16,0.2,0.35,1.0,12,10.0,14.0,0.9,1.2,0.6,0.01,0.06,0.65,0.3,0.72,0.005,0.38,0.22,0.01,0.14,1.0,0.28
mpc,ground_truth,curvy,400.0,0.05,0.1,1.0,98.26569211110473,87.33534240722656,121.11294555664062,18.492115170108615,0.9523292743358276,0.37529337248673356,-0.12603516385243596,0.37529337248673356,0.12603516385243596,0.11830601096153259,0.010334685444831848,0.6331315636634827,0.0,19.444444444444443,301,294,4.864095211029053,RoadOption.STRAIGHT,78.62767028808594,127.50433349609375,2.682774738875454,2.8,1.2,4.5,3.0,10.0,0.6,0.01,0.06,0.55,0.16,0.2,0.35,1.0,12,10.0,14.0,0.9,1.2,0.6,0.01,0.06,0.65,0.3,0.72,0.005,0.38,0.22,0.01,0.14,1.0,0.28
mpc,ground_truth,curvy,400.0,0.05,0.1,1.0,98.31569211184978,86.68772888183594,121.77253723144531,18.480553679673324,0.9638907647711186,0.5072507459988946,-0.15192987807960323,0.5072507459988946,0.15192987807960323,0.07450023293495178,-0.04380577802658081,0.6422082185745239,0.0,19.444444444444443,302,296,5.64780855178833,RoadOption.STRAIGHT,77.85569763183594,127.8725357055664,2.710334727732248,2.8,1.2,4.5,3.0,10.0,0.6,0.01,0.06,0.55,0.16,0.2,0.35,1.0,12,10.0,14.0,0.9,1.2,0.6,0.01,0.06,0.65,0.3,0.72,0.005,0.38,0.22,0.01,0.14,1.0,0.28
mpc,ground_truth,curvy,400.0,0.05,0.1,1.0,98.36569211259484,86.02312469482422,122.41535186767578,18.49422535212276,0.9502190923216816,0.4904453993796749,-0.151367418457379,0.4904453993796749,0.151367418457379,0.08392389118671417,0.00942365825176239,0.6037254333496094,0.0,19.444444444444443,303,297,5.5794267654418945,RoadOption.STRAIGHT,77.07386779785156,128.21932983398438,2.7378947165890417,2.8,1.2,4.5,3.0,10.0,0.6,0.01,0.06,0.55,0.16,0.2,0.35,1.0,12,10.0,14.0,0.9,1.2,0.6,0.01,0.06,0.65,0.3,0.72,0.005,0.38,0.22,0.01,0.14,1.0,0.28
mpc,ground_truth,curvy,400.0,0.05,0.1,1.0,98.4156921133399,85.34197998046875,123.04136657714844,18.500642636863876,0.9438018075805665,0.4698123402605847,-0.1524273565712302,0.4698123402605847,0.1524273565712302,0.10651488602161407,0.022590994834899902,0.6085803508758545,0.0,19.444444444444443,304,298,5.5111083984375,RoadOption.STRAIGHT,76.28278350830078,128.54441833496094,2.7654547054458356,2.8,1.2,4.5,3.0,10.0,0.6,0.01,0.06,0.55,0.16,0.2,0.35,1.0,12,10.0,14.0,0.9,1.2,0.6,0.01,0.06,0.65,0.3,0.72,0.005,0.38,0.22,0.01,0.14,1.0,0.28
mpc,ground_truth,curvy,400.0,0.05,0.1,1.0,98.46569211408496,84.64395141601562,123.64820098876953,18.49177000975084,0.952674434693602,0.4474618732167226,-0.152922438217876,0.4474618732167226,0.152922438217876,0.13034367561340332,0.023828789591789246,0.6322517991065979,0.0,19.444444444444443,305,299,5.443465709686279,RoadOption.STRAIGHT,75.48303985595703,128.84759521484375,2.79301469430263,2.8,1.2,4.5,3.0,10.0,0.6,0.01,0.06,0.55,0.16,0.2,0.35,1.0,12,10.0,14.0,0.9,1.2,0.6,0.01,0.06,0.65,0.3,0.72,0.005,0.38,0.22,0.01,0.14,1.0,0.28
mpc,ground_truth,curvy,400.0,0.05,0.1,1.0,98.51569211483002,83.92879486083984,124.23346710205078,18.4720383396573,0.9724061047871437,0.4254655318755365,-0.15099324432422234,0.4254655318755365,0.15099324432422234,0.14688946306705475,0.016545787453651428,0.6571216583251953,0.0,19.444444444444443,306,300,5.376919746398926,RoadOption.STRAIGHT,74.67523956298828,129.12863159179688,2.820574683159424,2.8,1.2,4.5,3.0,10.0,0.6,0.01,0.06,0.55,0.16,0.2,0.35,1.0,12,10.0,14.0,0.9,1.2,0.6,0.01,0.06,0.65,0.3,0.72,0.005,0.38,0.22,0.01,0.14,1.0,0.28
mpc,ground_truth,curvy,400.0,0.05,0.1,1.0,98.56569211557508,83.19633483886719,124.79520416259766,18.450381402171107,0.9940630422733356,0.40553273279194535,-0.14580274335965848,0.40553273279194535,0.14580274335965848,0.15125449001789093,0.004365026950836182,0.672426164150238,0.0,19.444444444444443,307,301,5.31150484085083,RoadOption.STRAIGHT,73.8600082397461,129.3872833251953,2.8481346720162177,2.8,1.2,4.5,3.0,10.0,0.6,0.01,0.06,0.55,0.16,0.2,0.35,1.0,12,10.0,14.0,0.9,1.2,0.6,0.01,0.06,0.65,0.3,0.72,0.005,0.38,0.22,0.01,0.14,1.0,0.28
mpc,ground_truth,curvy,400.0,0.05,0.1,1.0,98.61569211632013,82.44651794433594,125.33210754394531,18.435511797969262,1.0089326464751807,0.38880155139237815,-0.1376377577735841,0.38880155139237815,0.1376377577735841,0.1433074027299881,-0.007947087287902832,0.6732031106948853,0.0,19.444444444444443,308,302,5.246847629547119,RoadOption.STRAIGHT,73.0379638671875,129.62338256835938,2.8756946608730116,2.8,1.2,4.5,3.0,10.0,0.6,0.01,0.06,0.55,0.16,0.2,0.35,1.0,12,10.0,14.0,0.9,1.2,0.6,0.01,0.06,0.65,0.3,0.72,0.005,0.38,0.22,0.01,0.14,1.0,0.28
mpc,ground_truth,curvy,400.0,0.05,0.1,1.0,98.66569211706519,81.6794662475586,125.8434829711914,18.432308343771844,1.012136100672599,0.3756845925106307,-0.12768099740610506,0.3756845925106307,0.12768099740610506,0.12582319974899292,-0.017484202980995178,0.6611257791519165,0.0,19.444444444444443,309,303,5.182295799255371,RoadOption.STRAIGHT,72.209716796875,129.8367462158203,2.903254383413697,2.8,1.2,4.5,3.0,10.0,0.6,0.01,0.06,0.55,0.16,0.2,0.35,1.0,12,10.0,14.0,0.9,1.2,0.6,0.01,0.06,0.65,0.3,0.72,0.005,0.38,0.22,0.01,0.14,1.0,0.28
mpc,ground_truth,curvy,400.0,0.05,0.1,1.0,98.71569211781025,80.89563751220703,126.32927703857422,18.44091556006809,1.0035288843763546,0.3658362391654768,-0.11763821693541576,0.3658362391654768,0.11763821693541576,0.10405626147985458,-0.021766938269138336,0.64178866147995,0.0,19.444444444444443,310,304,5.117155075073242,RoadOption.STRAIGHT,71.37590789794922,130.02720642089844,2.9308143722704907,2.8,1.2,4.5,3.0,10.0,0.6,0.01,0.06,0.55,0.16,0.2,0.35,1.0,12,10.0,14.0,0.9,1.2,0.6,0.01,0.06,0.65,0.3,0.72,0.005,0.38,0.22,0.01,0.14,1.0,0.28
mpc,ground_truth,curvy,400.0,0.05,0.1,1.0,98.76569211855531,80.09589385986328,126.78988647460938,18.45733019813664,0.9871142463078044,0.3583829003225465,-0.10927882058976657,0.3583829003225465,0.10927882058976657,0.08473210036754608,-0.019324161112308502,0.6225709915161133,0.0,19.444444444444443,311,305,5.050999164581299,RoadOption.STRAIGHT,70.53717041015625,130.19459533691406,2.958374361127285,2.8,1.2,4.5,3.0,10.0,0.6,0.01,0.06,0.55,0.16,0.2,0.35,1.0,12,10.0,14.0,0.9,1.2,0.6,0.01,0.06,0.65,0.3,0.72,0.005,0.38,0.22,0.01,0.14,1.0,0.28
mpc,ground_truth,curvy,400.0,0.05,0.1,1.0,98.81569211930037,79.28143310546875,127.2258529663086,18.47531466864358,0.9691297758008623,0.35216997765564817,-0.10389257728508117,0.35216997765564817,0.10389257728508117,0.0731867104768753,-0.011545389890670776,0.6098964810371399,0.0,19.444444444444443,312,306,4.9837327003479,RoadOption.STRAIGHT,69.69412994384766,130.3388214111328,2.985934349984079,2.8,1.2,4.5,3.0,10.0,0.6,0.01,0.06,0.55,0.16,0.2,0.35,1.0,12,10.0,14.0,0.9,1.2,0.6,0.01,0.06,0.65,0.3,0.72,0.005,0.38,0.22,0.01,0.14,1.0,0.28
mpc,ground_truth,curvy,400.0,0.05,0.1,1.0,98.86569212004542,78.45358276367188,127.63754272460938,18.489401934139515,0.9550425103049278,0.346181825374543,-0.10187470012712785,0.346181825374543,0.10187470012712785,0.07167626172304153,-0.0015104487538337708,0.606120765209198,0.0,19.444444444444443,313,307,4.915538787841797,RoadOption.STRAIGHT,68.84744262695312,130.4597625732422,3.013494338840873,2.8,1.2,4.5,3.0,10.0,0.6,0.01,0.06,0.55,0.16,0.2,0.35,1.0,12,10.0,14.0,0.9,1.2,0.6,0.01,0.06,0.65,0.3,0.72,0.005,0.38,0.22,0.01,0.14,1.0,0.28
mpc,ground_truth,curvy,400.0,0.05,0.1,1.0,98.91569212079048,77.61363220214844,128.02500915527344,18.49663506918305,0.947809375261393,0.3398267010377365,-0.10264115788885286,0.3398267010377365,0.10264115788885286,0.07955247908830643,0.007876217365264893,0.6100058555603027,0.0,19.444444444444443,315,308,4.846807479858398,RoadOption.STRAIGHT,67.14567565917969,130.63143920898438,3.068614316554461,2.8,1.2,4.5,3.0,10.0,0.6,0.01,0.06,0.55,0.16,0.2,0.35,1.0,12,10.0,14.0,0.9,1.2,0.6,0.01,0.06,0.65,0.3,0.72,0.005,0.38,0.22,0.01,0.14,1.0,0.28
mpc,ground_truth,curvy,400.0,0.05,0.1,1.0,98.96569212153554,76.76270294189453,128.38792419433594,18.496332221385707,0.948112223058736,0.4759714994307003,-0.1324531157634179,0.4759714994307003,0.1324531157634179,0.04318489879369736,-0.03636758029460907,0.6192307472229004,0.0,19.444444444444443,316,310,5.630702495574951,RoadOption.STRAIGHT,66.2918930053711,130.68203735351562,3.096174305411255,2.8,1.2,4.5,3.0,10.0,0.6,0.01,0.06,0.55,0.16,0.2,0.35,1.0,12,10.0,14.0,0.9,1.2,0.6,0.01,0.06,0.65,0.3,0.72,0.005,0.38,0.22,0.01,0.14,1.0,0.28
mpc,ground_truth,curvy,400.0,0.05,0.1,1.0,99.0156921222806,75.90233612060547,128.72898864746094,18.51153337213438,0.9329110723100627,0.463569962143778,-0.13774002315944367,0.463569962143778,0.13774002315944367,0.06606777757406235,0.02288287878036499,0.5915052890777588,0.0,19.444444444444443,317,311,5.5617451667785645,RoadOption.STRAIGHT,65.4370346069336,130.70909118652344,3.123734294268049,2.8,1.2,4.5,3.0,10.0,0.6,0.01,0.06,0.55,0.16,0.2,0.35,1.0,12,10.0,14.0,0.9,1.2,0.6,0.01,0.06,0.65,0.3,0.72,0.005,0.38,0.22,0.01,0.14,1.0,0.28
mpc,ground_truth,curvy,400.0,0.05,0.1,1.0,99.06569212302566,75.03339385986328,129.04856872558594,18.51415812384815,0.9302863205962915,0.446904494084172,-0.14490499175619265,0.446904494084172,0.14490499175619265,0.10400649160146713,0.037938714027404785,0.6050220727920532,0.0,19.444444444444443,318,312,5.492949962615967,RoadOption.STRAIGHT,64.56018829345703,130.71270751953125,3.1471855581950687,2.8,1.2,4.5,3.0,10.0,0.6,0.01,0.06,0.55,0.16,0.2,0.35,1.0,12,10.0,14.0,0.9,1.2,0.6,0.01,0.06,0.65,0.3,0.72,0.005,0.38,0.22,0.01,0.14,1.0,0.28
mpc,ground_truth,curvy,400.0,0.05,0.1,1.0,99.11569212377071,74.15657806396484,129.34432983398438,18.498450213869077,0.9459942305753657,0.4280607082654414,-0.15040069098167974,0.4280607082654414,0.15040069098167974,0.1404498964548111,0.036443404853343964,0.6364460587501526,0.0,19.444444444444443,319,313,5.425045013427734,RoadOption.STRAIGHT,63.56019973754883,130.7071075439453,3.1471855581950687,2.8,1.2,4.5,3.0,10.0,0.6,0.01,0.06,0.55,0.16,0.2,0.35,1.0,12,10.0,14.0,0.9,1.2,0.6,0.01,0.06,0.65,0.3,0.72,0.005,0.38,0.22,0.01,0.14,1.0,0.28
mpc,ground_truth,curvy,400.0,0.05,0.1,1.0,99.16569212451577,73.27262115478516,129.61376953125,18.46989731707535,0.9745471273690924,0.409343273426116,-0.1515256102261291,0.409343273426116,0.1515256102261291,0.16378197073936462,0.023332074284553528,0.66899174451828,0.0,19.444444444444443,320,314,5.358603477478027,RoadOption.STRAIGHT,62.56021499633789,130.70152282714844,3.1471855581950687,2.8,1.2,4.5,3.0,10.0,0.6,0.01,0.06,0.55,0.16,0.2,0.35,1.0,12,10.0,14.0,0.9,1.2,0.6,0.01,0.06,0.65,0.3,0.72,0.005,0.38,0.22,0.01,0.14,1.0,0.28
mpc,ground_truth,curvy,400.0,0.05,0.1,1.0,99.21569212526083,72.38204193115234,129.8548126220703,18.440284868104747,1.0041595763396955,0.3927572218491256,-0.14728026513243409,0.3927572218491256,0.14728026513243409,0.16882319748401642,0.005041226744651794,0.6880306601524353,0.0,19.444444444444443,321,315,5.293645858764648,RoadOption.STRAIGHT,61.56023025512695,130.6959228515625,3.1471855581950687,2.8,1.2,4.5,3.0,10.0,0.6,0.01,0.06,0.55,0.16,0.2,0.35,1.0,12,10.0,14.0,0.9,1.2,0.6,0.01,0.06,0.65,0.3,0.72,0.005,0.38,0.22,0.01,0.14,1.0,0.28
mpc,ground_truth,curvy,400.0,0.05,0.1,1.0,99.26569212600589,71.48507690429688,130.0661163330078,18.421820248214832,1.0226241962296108,0.37950110951844984,-0.13837518707942742,0.37950110951844984,0.13837518707942742,0.15548190474510193,-0.01334129273891449,0.6857320666313171,0.0,19.444444444444443,322,316,5.229581356048584,RoadOption.STRAIGHT,60.560245513916016,130.69033813476562,3.1471855581950687,2.8,1.2,4.5,3.0,10.0,0.6,0.01,0.06,0.55,0.16,0.2,0.35,1.0,12,10.0,14.0,0.9,1.2,0.6,0.01,0.06,0.65,0.3,0.72,0.005,0.38,0.22,0.01,0.14,1.0,0.28
mpc,ground_truth,curvy,400.0,0.05,0.1,1.0,99.31569212675095,70.58183288574219,130.2471923828125,18.421026568178668,1.0234178762657749,0.3699523782950057,-0.12673930364465313,0.3699523782950057,0.12673930364465313,0.12813562154769897,-0.027346283197402954,0.6650031208992004,0.0,19.444444444444443,322,317,5.165491580963135,RoadOption.STRAIGHT,60.560245513916016,130.69033813476562,3.1471855581950687,2.8,1.2,4.5,3.0,10.0,0.6,0.01,0.06,0.55,0.16,0.2,0.35,1.0,12,10.0,14.0,0.9,1.2,0.6,0.01,0.06,0.65,0.3,0.72,0.005,0.38,0.22,0.01,0.14,1.0,0.28
mpc,ground_truth,curvy,400.0,0.05,0.1,1.0,99.365692127496,69.6725082397461,130.3985137939453,18.43729094811305,1.0071534963313944,0.2348932794285526,-0.08747205863587038,0.2348932794285526,0.08747205863587038,0.13479329645633698,0.0066576749086380005,0.6347748637199402,0.0,19.444444444444443,323,317,4.246845722198486,RoadOption.STRAIGHT,59.56026077270508,130.6847381591797,3.1471855581950687,2.8,1.2,4.5,3.0,10.0,0.6,0.01,0.06,0.55,0.16,0.2,0.35,1.0,12,10.0,14.0,0.9,1.2,0.6,0.01,0.06,0.65,0.3,0.72,0.005,0.38,0.22,0.01,0.14,1.0,0.28
mpc,ground_truth,curvy,400.0,0.05,0.1,1.0,99.41569212824106,68.75804901123047,130.5189208984375,18.441647082300126,1.0027973621443174,0.217261702361304,-0.07208617807015605,0.217261702361304,0.07208617807015605,0.051175910979509354,-0.08361738547682762,0.6464510560035706,0.0,19.444444444444443,324,318,4.20233154296875,RoadOption.STRAIGHT,58.56027603149414,130.6791534423828,3.1471855581950687,2.8,1.2,4.5,3.0,10.0,0.6,0.01,0.06,0.55,0.16,0.2,0.35,1.0,12,10.0,14.0,0.9,1.2,0.6,0.01,0.06,0.65,0.3,0.72,0.005,0.38,0.22,0.01,0.14,1.0,0.28
mpc,ground_truth,curvy,400.0,0.05,0.1,1.0,99.46569212898612,67.83911895751953,130.61190795898438,18.47918183211817,0.9652626123262742,0.11912955826112029,-0.03793859394094179,0.11912955826112029,0.03793859394094179,0.006440487690269947,-0.04473542328923941,0.5841158628463745,0.0,19.444444444444443,325,319,4.2799787521362305,RoadOption.STRAIGHT,57.560298919677734,130.67355346679688,3.1471855581950687,2.8,1.2,4.5,3.0,10.0,0.6,0.01,0.06,0.55,0.16,0.2,0.35,1.0,12,10.0,14.0,0.9,1.2,0.6,0.01,0.06,0.65,0.3,0.72,0.005,0.38,0.22,0.01,0.14,1.0,0.28
mpc,ground_truth,curvy,400.0,0.05,0.1,1.0,99.51569212973118,66.91629028320312,130.68309020996094,18.517782974984293,0.92666146946015,0.0427953154143947,-0.013325126514211583,0.0427953154143947,0.013325126514211583,0.00035722446045838296,-0.006083263229811564,0.5596755146980286,0.0,19.444444444444443,326,320,4.356114864349365,RoadOption.STRAIGHT,56.5603141784668,130.66796875,3.1471855581950687,2.8,1.2,4.5,3.0,10.0,0.6,0.01,0.06,0.55,0.16,0.2,0.35,1.0,12,10.0,14.0,0.9,1.2,0.6,0.01,0.06,0.65,0.3,0.72,0.005,0.38,0.22,0.01,0.14,1.0,0.28
mpc,ground_truth,curvy,400.0,0.05,0.1,1.0,99.56569213047624,65.99083709716797,130.73422241210938,18.539682326527537,0.9047621179169063,-0.013519129309549599,0.00287062133899596,0.013519129309549599,0.00287062133899596,0.003935276065021753,0.0035780516045633703,0.5665780305862427,0.0,19.444444444444443,327,321,4.43077278137207,RoadOption.STRAIGHT,55.56032943725586,130.66236877441406,3.1471855581950687,2.8,1.2,4.5,3.0,10.0,0.6,0.01,0.06,0.55,0.16,0.2,0.35,1.0,12,10.0,14.0,0.9,1.2,0.6,0.01,0.06,0.65,0.3,0.72,0.005,0.38,0.22,0.01,0.14,1.0,0.28
mpc,ground_truth,curvy,400.0,0.05,0.1,1.0,99.6156921312213,65.06396484375,130.76657104492188,18.549158356495145,0.8952860879492981,-0.05104297659399219,0.01354883204577817,0.05104297659399219,0.01354883204577817,0.007499661762267351,0.003564385697245598,0.5758004188537598,0.0,19.444444444444443,328,322,4.504364967346191,RoadOption.STRAIGHT,54.56034469604492,130.6567840576172,3.1471855581950687,2.8,1.2,4.5,3.0,10.0,0.6,0.01,0.06,0.55,0.16,0.2,0.35,1.0,12,10.0,14.0,0.9,1.2,0.6,0.01,0.06,0.65,0.3,0.72,0.005,0.38,0.22,0.01,0.14,1.0,0.28
mpc,ground_truth,curvy,400.0,0.05,0.1,1.0,99.66569213196635,64.13643646240234,130.78228759765625,18.553511038505263,0.8909334059391796,-0.07195393212240277,0.020993166240875993,0.07195393212240277,0.020993166240875993,0.005216890946030617,-0.0022827708162367344,0.5793368220329285,0.0,19.444444444444443,329,323,4.577215671539307,RoadOption.STRAIGHT,53.560359954833984,130.65118408203125,3.1471855581950687,2.8,1.2,4.5,3.0,10.0,0.6,0.01,0.06,0.55,0.16,0.2,0.35,1.0,12,10.0,14.0,0.9,1.2,0.6,0.01,0.06,0.65,0.3,0.72,0.005,0.38,0.22,0.01,0.14,1.0,0.28
mpc,ground_truth,curvy,400.0,0.05,0.1,1.0,99.71569213271141,63.2086067199707,130.78428649902344,18.55745937514796,0.8869850692964825,-0.07913387775572137,0.02630617261558399,0.07913387775572137,0.02630617261558399,-0.0037287368904799223,-0.008945627836510539,0.5774530172348022,0.0,19.444444444444443,330,324,4.649519920349121,RoadOption.STRAIGHT,52.56037521362305,130.6455841064453,3.1471855581950687,2.8,1.2,4.5,3.0,10.0,0.6,0.01,0.06,0.55,0.16,0.2,0.35,1.0,12,10.0,14.0,0.9,1.2,0.6,0.01,0.06,0.65,0.3,0.72,0.005,0.38,0.22,0.01,0.14,1.0,0.28
mpc,ground_truth,curvy,400.0,0.05,0.1,1.0,99.76569213345647,62.28060531616211,130.776123046875,18.56201903291864,0.8824254115258015,-0.07616789011653144,0.02949291117597319,0.07616789011653144,0.02949291117597319,-0.01651734486222267,-0.01278860797174275,0.5739836692810059,0.0,19.444444444444443,331,325,4.721421241760254,RoadOption.STRAIGHT,51.56039047241211,130.63999938964844,3.1471855581950687,2.8,1.2,4.5,3.0,10.0,0.6,0.01,0.06,0.55,0.16,0.2,0.35,1.0,12,10.0,14.0,0.9,1.2,0.6,0.01,0.06,0.65,0.3,0.72,0.005,0.38,0.22,0.01,0.14,1.0,0.28
mpc,ground_truth,curvy,400.0,0.05,0.1,1.0,99.81569213420153,61.35249328613281,130.76150512695312,18.56573264450037,0.8787117999440746,-0.06673285315140386,0.02998692755818233,0.06673285315140386,0.02998692755818233,-0.027608124539256096,-0.011090779677033424,0.5727707743644714,0.0,19.444444444444443,332,326,4.793092250823975,RoadOption.STRAIGHT,50.56040573120117,130.6343994140625,3.1471855581950687,2.8,1.2,4.5,3.0,10.0,0.6,0.01,0.06,0.55,0.16,0.2,0.35,1.0,12,10.0,14.0,0.9,1.2,0.6,0.01,0.06,0.65,0.3,0.72,0.005,0.38,0.22,0.01,0.14,1.0,0.28
mpc,ground_truth,curvy,400.0,0.05,0.1,1.0,99.86569213494658,60.424339294433594,130.74391174316406,18.56718366302296,0.8772607814214837,-0.054337892092892734,0.027424700273417812,0.054337892092892734,0.027424700273417812,-0.03257431462407112,-0.004966190084815025,0.5746152400970459,0.0,19.444444444444443,333,327,4.864693641662598,RoadOption.STRAIGHT,49.560420989990234,130.62881469726562,3.1471855581950687,2.8,1.2,4.5,3.0,10.0,0.6,0.01,0.06,0.55,0.16,0.2,0.35,1.0,12,10.0,14.0,0.9,1.2,0.6,0.01,0.06,0.65,0.3,0.72,0.005,0.38,0.22,0.01,0.14,1.0,0.28
mpc,ground_truth,curvy,400.0,0.05,0.1,1.0,99.91569213569164,59.49618148803711,130.72607421875,18.566789534461734,0.8776549099827093,-0.04168355701251751,0.0221798708226153,0.04168355701251751,0.0221798708226153,-0.029308483004570007,0.003265831619501114,0.5770658850669861,0.0,19.444444444444443,334,328,4.936323165893555,RoadOption.STRAIGHT,48.5604362487793,130.6232147216797,3.1471855581950687,2.8,1.2,4.5,3.0,10.0,0.6,0.01,0.06,0.55,0.16,0.2,0.35,1.0,12,10.0,14.0,0.9,1.2,0.6,0.01,0.06,0.65,0.3,0.72,0.005,0.38,0.22,0.01,0.14,1.0,0.28
mpc,ground_truth,curvy,400.0,0.05,0.1,1.0,99.9656921364367,58.568031311035156,130.70970153808594,18.565953358561323,0.8784910858831196,-0.030509258651777442,0.015397864790619664,0.030509258651777442,0.015397864790619664,-0.019610581919550896,0.009697901085019112,0.5780980587005615,0.0,19.444444444444443,334,329,5.008013725280762,RoadOption.STRAIGHT,48.5604362487793,130.6232147216797,3.1471855581950687,2.8,1.2,4.5,3.0,10.0,0.6,0.01,0.06,0.55,0.16,0.2,0.35,1.0,12,10.0,14.0,0.9,1.2,0.6,0.01,0.06,0.65,0.3,0.72,0.005,0.38,0.22,0.01,0.14,1.0,0.28
mpc,ground_truth,curvy,400.0,0.05,0.1,1.0,100.01569213718176,57.63986587524414,130.6954803466797,18.565469519742052,0.8789749247023906,-0.021479403345203967,0.00860547243037324,0.021479403345203967,0.00860547243037324,-0.007284546736627817,0.012326035182923079,0.5779655575752258,0.0,19.444444444444443,335,329,4.079746723175049,RoadOption.STRAIGHT,47.56045150756836,130.6176300048828,3.1471855581950687,2.8,1.2,4.5,3.0,10.0,0.6,0.01,0.06,0.55,0.16,0.2,0.35,1.0,12,10.0,14.0,0.9,1.2,0.6,0.01,0.06,0.65,0.3,0.72,0.005,0.38,0.22,0.01,0.14,1.0,0.28
mpc,ground_truth,curvy,400.0,0.05,0.1,1.0,100.06569213792682,56.71168899536133,130.68325805664062,18.56518299868553,0.8792614457589139,-0.014455580042202838,0.003185406979843819,0.014455580042202838,0.003185406979843819,0.0031217115465551615,0.010406258283182979,0.5779007077217102,0.0,19.444444444444443,336,330,4.151484966278076,RoadOption.STRAIGHT,46.56046676635742,130.61203002929688,3.1471855581950687,2.8,1.2,4.5,3.0,10.0,0.6,0.01,0.06,0.55,0.16,0.2,0.35,1.0,12,10.0,14.0,0.9,1.2,0.6,0.01,0.06,0.65,0.3,0.72,0.005,0.38,0.22,0.01,0.14,1.0,0.28
mpc,ground_truth,curvy,400.0,0.05,0.1,1.0,100.11569213867188,55.78350067138672,130.67259216308594,18.56475935324567,0.8796850911987733,-0.008972934336115103,-7.616640717600376e-05,0.008972934336115103,7.616640717600376e-05,0.008647308684885502,0.00552559713833034,0.5783194303512573,0.0,19.444444444444443,337,331,4.223236560821533,RoadOption.STRAIGHT,45.560482025146484,130.6064453125,3.1471855581950687,2.8,1.2,4.5,3.0,10.0,0.6,0.01,0.06,0.55,0.16,0.2,0.35,1.0,12,10.0,14.0,0.9,1.2,0.6,0.01,0.06,0.65,0.3,0.72,0.005,0.38,0.22,0.01,0.14,1.0,0.28
mpc,ground_truth,curvy,400.0,0.05,0.1,1.0,100.16569213941693,54.85532760620117,130.66290283203125,18.564264670226244,0.8801797742181989,-0.004482009066250063,-0.0011755193051614654,0.004482009066250063,0.0011755193051614654,0.008218402974307537,-0.0004289057105779648,0.5787014961242676,0.0,19.444444444444443,338,332,4.295016765594482,RoadOption.STRAIGHT,44.56049728393555,130.60084533691406,3.1471855581950687,2.8,1.2,4.5,3.0,10.0,0.6,0.01,0.06,0.55,0.16,0.2,0.35,1.0,12,10.0,14.0,0.9,1.2,0.6,0.01,0.06,0.65,0.3,0.72,0.005,0.38,0.22,0.01,0.14,1.0,0.28
mpc,ground_truth,curvy,400.0,0.05,0.1,1.0,100.21569214016199,53.92717742919922,130.6540069580078,18.563945756052416,0.8804986883920272,-0.0007691418565972663,-0.0007909588437540194,0.0007691418565972663,0.0007909588437540194,0.003806276712566614,-0.004412126261740923,0.5786818861961365,0.0,19.444444444444443,339,333,4.3668293952941895,RoadOption.STRAIGHT,43.56051254272461,130.5952606201172,3.1471855581950687,2.8,1.2,4.5,3.0,10.0,0.6,0.01,0.06,0.55,0.16,0.2,0.35,1.0,12,10.0,14.0,0.9,1.2,0.6,0.01,0.06,0.65,0.3,0.72,0.005,0.38,0.22,0.01,0.14,1.0,0.28
mpc,ground_truth,curvy,400.0,0.05,0.1,1.0,100.26569214090705,52.9990234375,130.64585876464844,18.563796322040435,0.8806481224040077,0.0021807764973677847,9.66727475697482e-05,0.0021807764973677847,9.66727475697482e-05,-0.001911815837956965,-0.005718092550523579,0.5785682201385498,0.0,19.444444444444443,340,334,4.438645362854004,RoadOption.STRAIGHT,42.56052780151367,130.58966064453125,3.1471855581950687,2.8,1.2,4.5,3.0,10.0,0.6,0.01,0.06,0.55,0.16,0.2,0.35,1.0,12,10.0,14.0,0.9,1.2,0.6,0.01,0.06,0.65,0.3,0.72,0.005,0.38,0.22,0.01,0.14,1.0,0.28
mpc,ground_truth,curvy,400.0,0.05,0.1,1.0,100.31569214165211,52.07087326049805,130.6386260986328,18.56365359199905,0.8807908524453936,0.004230461712197448,0.0006364955005286888,0.004230461712197448,0.0006364955005286888,-0.005786909721791744,-0.0038750938838347793,0.5786457657814026,0.0,19.444444444444443,341,335,4.510470867156982,RoadOption.STRAIGHT,41.560543060302734,130.58407592773438,3.1471855581950687,2.8,1.2,4.5,3.0,10.0,0.6,0.01,0.06,0.55,0.16,0.2,0.35,1.0,12,10.0,14.0,0.9,1.2,0.6,0.01,0.06,0.65,0.3,0.72,0.005,0.38,0.22,0.01,0.14,1.0,0.28
mpc,ground_truth,curvy,400.0,0.05,0.1,1.0,100.36569214239717,51.14272689819336,130.63243103027344,18.56348555541345,0.8809588890309925,0.005227328283779507,0.00041625207837903133,0.005227328283779507,0.00041625207837903133,-0.006509677041321993,-0.0007227673195302486,0.5787769556045532,0.0,19.444444444444443,342,336,4.582305908203125,RoadOption.STRAIGHT,40.5605583190918,130.57847595214844,3.1471855581950687,2.8,1.2,4.5,3.0,10.0,0.6,0.01,0.06,0.55,0.16,0.2,0.35,1.0,12,10.0,14.0,0.9,1.2,0.6,0.01,0.06,0.65,0.3,0.72,0.005,0.38,0.22,0.01,0.14,1.0,0.28
mpc,ground_truth,curvy,400.0,0.05,0.1,1.0,100.41569214314222,50.21458053588867,130.6272735595703,18.563398507982836,0.8810459364616072,0.005201871977809729,-0.00047670583512449127,0.005201871977809729,0.00047670583512449127,-0.003911470994353294,0.0025982060469686985,0.5787320137023926,0.0,19.444444444444443,343,337,4.654145240783691,RoadOption.STRAIGHT,39.560577392578125,130.57289123535156,3.1471855581950687,2.8,1.2,4.5,3.0,10.0,0.6,0.01,0.06,0.55,0.16,0.2,0.35,1.0,12,10.0,14.0,0.9,1.2,0.6,0.01,0.06,0.65,0.3,0.72,0.005,0.38,0.22,0.01,0.14,1.0,0.28
mpc,ground_truth,curvy,400.0,0.05,0.1,1.0,100.46569214388728,49.286415100097656,130.62290954589844,18.56343991865315,0.881004525791294,0.004367605824411841,-0.0015925703318675488,0.004367605824411841,0.0015925703318675488,0.00021978786389809102,0.004131258858251385,0.5785530209541321,0.0,19.444444444444443,344,338,4.7259697914123535,RoadOption.STRAIGHT,38.56059265136719,130.56729125976562,3.1471855581950687,2.8,1.2,4.5,3.0,10.0,0.6,0.01,0.06,0.55,0.16,0.2,0.35,1.0,12,10.0,14.0,0.9,1.2,0.6,0.01,0.06,0.65,0.3,0.72,0.005,0.38,0.22,0.01,0.14,1.0,0.28
mpc,ground_truth,curvy,400.0,0.05,0.1,1.0,100.51569214463234,48.358245849609375,130.61895751953125,18.56351144506172,0.880932999382722,0.003136596025195521,-0.002398975509944279,0.003136596025195521,0.002398975509944279,0.0041284216567873955,0.0039086337928893045,0.5784739851951599,0.0,19.444444444444443,345,339,4.797792434692383,RoadOption.STRAIGHT,37.56060791015625,130.5616912841797,3.1471855581950687,2.8,1.2,4.5,3.0,10.0,0.6,0.01,0.06,0.55,0.16,0.2,0.35,1.0,12,10.0,14.0,0.9,1.2,0.6,0.01,0.06,0.65,0.3,0.72,0.005,0.38,0.22,0.01,0.14,1.0,0.28
mpc,ground_truth,curvy,400.0,0.05,0.1,1.0,100.5656921453774,47.43007278442383,130.61497497558594,18.56351549327853,0.8809289511659131,0.0019208234412637464,-0.0025339977772107503,0.0019208234412637464,0.0025339977772107503,0.005912727676331997,0.0017843060195446014,0.5785524845123291,0.0,19.444444444444443,346,340,4.8696112632751465,RoadOption.STRAIGHT,36.56062316894531,130.5561065673828,3.1471855581950687,2.8,1.2,4.5,3.0,10.0,0.6,0.01,0.06,0.55,0.16,0.2,0.35,1.0,12,10.0,14.0,0.9,1.2,0.6,0.01,0.06,0.65,0.3,0.72,0.005,0.38,0.22,0.01,0.14,1.0,0.28
mpc,ground_truth,curvy,400.0,0.05,0.1,1.0,100.61569214612246,46.50189971923828,130.6106719970703,18.563479908833035,0.8809645356114082,0.001040738966378841,-0.001963016039497667,0.001040738966378841,0.001963016039497667,0.005318752024322748,-0.0005939756520092487,0.5786214470863342,0.0,19.444444444444443,347,341,4.9414286613464355,RoadOption.STRAIGHT,35.560638427734375,130.55050659179688,3.1471855581950687,2.8,1.2,4.5,3.0,10.0,0.6,0.01,0.06,0.55,0.16,0.2,0.35,1.0,12,10.0,14.0,0.9,1.2,0.6,0.01,0.06,0.65,0.3,0.72,0.005,0.38,0.22,0.01,0.14,1.0,0.28
mpc,ground_truth,curvy,400.0,0.05,0.1,1.0,100.66569214686751,45.57374572753906,130.60594177246094,18.563473986549674,0.8809704578947688,0.0005727420282302942,-0.0009491506125041127,0.0005727420282302942,0.0009491506125041127,0.002689503598958254,-0.0026292484253644943,0.5785893797874451,0.0,19.444444444444443,347,342,5.01326322555542,RoadOption.STRAIGHT,35.560638427734375,130.55050659179688,3.1471855581950687,2.8,1.2,4.5,3.0,10.0,0.6,0.01,0.06,0.55,0.16,0.2,0.35,1.0,12,10.0,14.0,0.9,1.2,0.6,0.01,0.06,0.65,0.3,0.72,0.005,0.38,0.22,0.01,0.14,1.0,0.28
mpc,ground_truth,curvy,400.0,0.05,0.1,1.0,100.71569214761257,44.64559555053711,130.600830078125,18.56351144441788,0.8809330000265625,0.0004933280798112699,9.108010928038368e-05,0.0004933280798112699,9.108010928038368e-05,-0.00048407813301309943,-0.0031735817319713533,0.5785148739814758,0.0,19.444444444444443,348,342,4.085098743438721,RoadOption.STRAIGHT,34.56065368652344,130.544921875,3.1471855581950687,2.8,1.2,4.5,3.0,10.0,0.6,0.01,0.06,0.55,0.16,0.2,0.35,1.0,12,10.0,14.0,0.9,1.2,0.6,0.01,0.06,0.65,0.3,0.72,0.005,0.38,0.22,0.01,0.14,1.0,0.28
mpc,ground_truth,curvy,400.0,0.05,0.1,1.0,100.76569214835763,43.717445373535156,130.59556579589844,18.563534763297827,0.8809096811466155,0.0005746389564666929,0.0007776430383028554,0.0005746389564666929,0.0007776430383028554,-0.002759508788585663,-0.0022754306555725634,0.5785178542137146,0.0,19.444444444444443,349,343,4.156930446624756,RoadOption.STRAIGHT,33.560672760009766,130.53932189941406,3.1471855581950687,2.8,1.2,4.5,3.0,10.0,0.6,0.01,0.06,0.55,0.16,0.2,0.35,1.0,12,10.0,14.0,0.9,1.2,0.6,0.01,0.06,0.65,0.3,0.72,0.005,0.38,0.22,0.01,0.14,1.0,0.28
mpc,ground_truth,curvy,400.0,0.05,0.1,1.0,100.81569214910269,42.78928756713867,130.59033203125,18.563529579584706,0.8809148648597365,0.000610152846761778,0.0009390306003620452,0.000610152846761778,0.0009390306003620452,-0.0035167927853763103,-0.0007572839967906475,0.578555166721344,0.0,19.444444444444443,350,344,4.228757858276367,RoadOption.STRAIGHT,32.56068801879883,130.5337371826172,3.1471855581950687,2.8,1.2,4.5,3.0,10.0,0.6,0.01,0.06,0.55,0.16,0.2,0.35,1.0,12,10.0,14.0,0.9,1.2,0.6,0.01,0.06,0.65,0.3,0.72,0.005,0.38,0.22,0.01,0.14,1.0,0.28
mpc,ground_truth,curvy,400.0,0.05,0.1,1.0,100.86569214984775,41.86111068725586,130.58523559570312,18.563517399535733,0.8809270449087094,0.0005082331077224909,0.0006330333911117592,0.0005082331077224909,0.0006330333911117592,-0.0026594256050884724,0.000857367180287838,0.5785708427429199,0.0,19.444444444444443,351,345,4.300567626953125,RoadOption.STRAIGHT,31.56070327758789,130.52813720703125,3.1471855581950687,2.8,1.2,4.5,3.0,10.0,0.6,0.01,0.06,0.55,0.16,0.2,0.35,1.0,12,10.0,14.0,0.9,1.2,0.6,0.01,0.06,0.65,0.3,0.72,0.005,0.38,0.22,0.01,0.14,1.0,0.28
mpc,ground_truth,curvy,400.0,0.05,0.1,1.0,100.9156921505928,40.932945251464844,130.580322265625,18.563523847344204,0.8809205971002392,0.0002385333195397965,8.868326429922746e-05,0.0002385333195397965,8.868326429922746e-05,-0.0006888866191729903,0.001970538985915482,0.5785446166992188,0.0,19.444444444444443,352,346,4.372389316558838,RoadOption.STRAIGHT,30.560718536376953,130.52255249023438,3.1471855581950687,2.8,1.2,4.5,3.0,10.0,0.6,0.01,0.06,0.55,0.16,0.2,0.35,1.0,12,10.0,14.0,0.9,1.2,0.6,0.01,0.06,0.65,0.3,0.72,0.005,0.38,0.22,0.01,0.14,1.0,0.28
mpc,ground_truth,curvy,400.0,0.05,0.1,1.0,100.96569215133786,40.004783630371094,130.57546997070312,18.563537521489412,0.880906922955031,-0.00010743788557232917,-0.0004016046923842609,0.00010743788557232917,0.0004016046923842609,0.001143721048720181,0.0018326076678931713,0.5785277485847473,0.0,19.444444444444443,353,347,4.444215774536133,RoadOption.STRAIGHT,29.560733795166016,130.51695251464844,3.1471855581950687,2.8,1.2,4.5,3.0,10.0,0.6,0.01,0.06,0.55,0.16,0.2,0.35,1.0,12,10.0,14.0,0.9,1.2,0.6,0.01,0.06,0.65,0.3,0.72,0.005,0.38,0.22,0.01,0.14,1.0,0.28
mpc,ground_truth,curvy,400.0,0.05,0.1,1.0,101.01569215208292,39.076622009277344,130.57058715820312,18.56353776545478,0.880906678989664,-0.0004076334394507962,-0.0006274407528223946,0.0004076334394507962,0.0006274407528223946,0.0023215841501951218,0.0011778631014749408,0.5785437226295471,0.0,19.444444444444443,354,348,4.5160417556762695,RoadOption.STRAIGHT,28.560749053955078,130.51136779785156,3.1471855581950687,2.8,1.2,4.5,3.0,10.0,0.6,0.01,0.06,0.55,0.16,0.2,0.35,1.0,12,10.0,14.0,0.9,1.2,0.6,0.01,0.06,0.65,0.3,0.72,0.005,0.38,0.22,0.01,0.14,1.0,0.28
mpc,ground_truth,curvy,400.0,0.05,0.1,1.0,101.06569215282798,38.148460388183594,130.56553649902344,18.5635296362023,0.8809148082421423,-0.0005552648243437215,-0.0005246427347458393,0.0005552648243437215,0.0005246427347458393,0.0021939813159406185,-0.00012760283425450325,0.578558623790741,0.0,19.444444444444443,355,349,4.587862968444824,RoadOption.STRAIGHT,27.56076431274414,130.50576782226562,3.1471855581950687,2.8,1.2,4.5,3.0,10.0,0.6,0.01,0.06,0.55,0.16,0.2,0.35,1.0,12,10.0,14.0,0.9,1.2,0.6,0.01,0.06,0.65,0.3,0.72,0.005,0.38,0.22,0.01,0.14,1.0,0.28
mpc,ground_truth,curvy,400.0,0.05,0.1,1.0,101.11569215357304,37.220298767089844,130.56031799316406,18.56352820235835,0.8809162420860943,-0.0005197722691753122,-0.00018828548906846265,0.0005197722691753122,0.00018828548906846265,0.0012630183482542634,-0.0009309629676863551,0.5785514712333679,0.0,19.444444444444443,356,350,4.659687042236328,RoadOption.STRAIGHT,26.560779571533203,130.50018310546875,3.1471855581950687,2.8,1.2,4.5,3.0,10.0,0.6,0.01,0.06,0.55,0.16,0.2,0.35,1.0,12,10.0,14.0,0.9,1.2,0.6,0.01,0.06,0.65,0.3,0.72,0.005,0.38,0.22,0.01,0.14,1.0,0.28
mpc,ground_truth,curvy,400.0,0.05,0.1,1.0,101.1656921543181,36.292137145996094,130.55494689941406,18.563533831780042,0.8809106126644011,-0.00034695276030591304,0.00020506340393566802,0.00034695276030591304,0.00020506340393566802,-0.00019351315859239548,-0.0014565315068466589,0.5785396099090576,0.0,19.444444444444443,357,351,4.731510162353516,RoadOption.STRAIGHT,25.560794830322266,130.4945831298828,3.1471855581950687,2.8,1.2,4.5,3.0,10.0,0.6,0.01,0.06,0.55,0.16,0.2,0.35,1.0,12,10.0,14.0,0.9,1.2,0.6,0.01,0.06,0.65,0.3,0.72,0.005,0.38,0.22,0.01,0.14,1.0,0.28
mpc,ground_truth,curvy,400.0,0.05,0.1,1.0,101.21569215506315,35.363975524902344,130.5495147705078,18.563538906007246,0.8809055384371973,-9.784049938040343e-05,0.00047457530625205635,9.784049938040343e-05,0.00047457530625205635,-0.0012543981429189444,-0.0010608849843265489,0.5785372257232666,0.0,19.444444444444443,358,352,4.803332805633545,RoadOption.STRAIGHT,24.56081199645996,130.48899841308594,3.1471855581950687,2.8,1.2,4.5,3.0,10.0,0.6,0.01,0.06,0.55,0.16,0.2,0.35,1.0,12,10.0,14.0,0.9,1.2,0.6,0.01,0.06,0.65,0.3,0.72,0.005,0.38,0.22,0.01,0.14,1.0,0.28
mpc,ground_truth,curvy,400.0,0.05,0.1,1.0,101.26569215580821,34.435813903808594,130.54412841796875,18.563537229299037,0.880907215145406,9.02375599002199e-05,0.0005243764186362299,9.02375599002199e-05,0.0005243764186362299,-0.0017501870170235634,-0.000495788874104619,0.5785463452339172,0.0,19.444444444444443,359,353,4.875156402587891,RoadOption.STRAIGHT,23.560827255249023,130.4833984375,3.1471855581950687,2.8,1.2,4.5,3.0,10.0,0.6,0.01,0.06,0.55,0.16,0.2,0.35,1.0,12,10.0,14.0,0.9,1.2,0.6,0.01,0.06,0.65,0.3,0.72,0.005,0.38,0.22,0.01,0.14,1.0,0.28
mpc,ground_truth,curvy,400.0,0.05,0.1,1.0,101.31569215655327,33.507652282714844,130.53884887695312,18.56353103118338,0.8809134132610623,0.00018676431671351204,0.0003584614827243371,0.00018676431671351204,0.0003584614827243371,-0.001328842481598258,0.00042134453542530537,0.5785554647445679,0.0,19.444444444444443,360,354,4.946979999542236,RoadOption.STRAIGHT,22.560842514038086,130.47779846191406,3.1471855581950687,2.8,1.2,4.5,3.0,10.0,0.6,0.01,0.06,0.55,0.16,0.2,0.35,1.0,12,10.0,14.0,0.9,1.2,0.6,0.01,0.06,0.65,0.3,0.72,0.005,0.38,0.22,0.01,0.14,1.0,0.28
mpc,ground_truth,curvy,400.0,0.05,0.1,1.0,101.36569215729833,32.579490661621094,130.53369140625,18.563533293201118,0.8809111512433248,0.00014596411982581436,7.882956826588128e-05,0.00014596411982581436,7.882956826588128e-05,-0.00052741909166798,0.0008014233899302781,0.5785439610481262,0.0,19.444444444444443,360,355,5.018804550170898,RoadOption.STRAIGHT,22.560842514038086,130.47779846191406,3.1471855581950687,2.8,1.2,4.5,3.0,10.0,0.6,0.01,0.06,0.55,0.16,0.2,0.35,1.0,12,10.0,14.0,0.9,1.2,0.6,0.01,0.06,0.65,0.3,0.72,0.005,0.38,0.22,0.01,0.14,1.0,0.28
mpc,ground_truth,curvy,400.0,0.05,0.1,1.0,101.41569215804338,31.65132713317871,130.5286102294922,18.563540222402732,0.8809042220417105,3.595839764098871e-05,-0.00018429074743409046,3.595839764098871e-05,0.00018429074743409046,0.00040582046494819224,0.0009332395566161722,0.5785342454910278,0.0,19.444444444444443,361,355,4.090627193450928,RoadOption.STRAIGHT,21.56085777282715,130.4722137451172,3.1471855581950687,2.8,1.2,4.5,3.0,10.0,0.6,0.01,0.06,0.55,0.16,0.2,0.35,1.0,12,10.0,14.0,0.9,1.2,0.6,0.01,0.06,0.65,0.3,0.72,0.005,0.38,0.22,0.01,0.14,1.0,0.28
mpc,ground_truth,curvy,400.0,0.05,0.1,1.0,101.46569215878844,30.72316551208496,130.52354431152344,18.563541303296624,0.8809031411478188,-8.113455130281944e-05,-0.000329166710733908,8.113455130281944e-05,0.000329166710733908,0.0010984025429934263,0.0006925820780452341,0.578540563583374,0.0,19.444444444444443,362,356,4.16245174407959,RoadOption.STRAIGHT,20.56087303161621,130.46661376953125,3.1471855581950687,2.8,1.2,4.5,3.0,10.0,0.6,0.01,0.06,0.55,0.16,0.2,0.35,1.0,12,10.0,14.0,0.9,1.2,0.6,0.01,0.06,0.65,0.3,0.72,0.005,0.38,0.22,0.01,0.14,1.0,0.28
mpc,ground_truth,curvy,400.0,0.05,0.1,1.0,101.5156921595335,29.79500389099121,130.5184326171875,18.563537280328894,0.8809071641155484,-0.0001677103994241827,-0.0003086603703401636,0.0001677103994241827,0.0003086603703401636,0.0011051073670387268,6.704824045300484e-06,0.5785491466522217,0.0,19.444444444444443,363,357,4.23427677154541,RoadOption.STRAIGHT,19.560890197753906,130.46102905273438,3.1471855581950687,2.8,1.2,4.5,3.0,10.0,0.6,0.01,0.06,0.55,0.16,0.2,0.35,1.0,12,10.0,14.0,0.9,1.2,0.6,0.01,0.06,0.65,0.3,0.72,0.005,0.38,0.22,0.01,0.14,1.0,0.28
mpc,ground_truth,curvy,400.0,0.05,0.1,1.0,101.56569216027856,28.86684226989746,130.51324462890625,18.563539117704718,0.8809053267397253,-0.00016274561264155787,-0.00016032229762252825,0.00016274561264155787,0.00016032229762252825,0.0007548758876509964,-0.00035023147938773036,0.5785409808158875,0.0,19.444444444444443,364,358,4.306098937988281,RoadOption.STRAIGHT,18.560895919799805,130.45542907714844,3.1471855581950687,2.8,1.2,4.5,3.0,10.0,0.6,0.01,0.06,0.55,0.16,0.2,0.35,1.0,12,10.0,14.0,0.9,1.2,0.6,0.01,0.06,0.65,0.3,0.72,0.005,0.38,0.22,0.01,0.14,1.0,0.28
mpc,ground_truth,curvy,400.0,0.05,0.1,1.0,101.61569216102362,27.93868064880371,130.50799560546875,18.56353992323883,0.8809045212056112,-0.00011199450706192438,3.515372638851488e-05,0.00011199450706192438,3.515372638851488e-05,7.343837205553427e-05,-0.0006814375155954622,0.5785417556762695,0.0,19.444444444444443,365,359,4.377923011779785,RoadOption.STRAIGHT,17.56505584716797,130.44969177246094,3.14797438650995,2.8,1.2,4.5,3.0,10.0,0.6,0.01,0.06,0.55,0.16,0.2,0.35,1.0,12,10.0,14.0,0.9,1.2,0.6,0.01,0.06,0.65,0.3,0.72,0.005,0.38,0.22,0.01,0.14,1.0,0.28
mpc,ground_truth,curvy,400.0,0.05,0.1,1.0,101.66569216176867,27.01051902770996,130.502685546875,18.56354067083319,0.8809037736112515,-2.0919983741152226e-07,0.00018775285685013188,2.0919983741152226e-07,0.00018775285685013188,-0.0005720837507396936,-0.0006455221227952279,0.5785413384437561,0.0,19.444444444444443,366,360,4.449746608734131,RoadOption.STRAIGHT,16.57558250427246,130.4423828125,3.1499744204885998,2.8,1.2,4.5,3.0,10.0,0.6,0.01,0.06,0.55,0.16,0.2,0.35,1.0,12,10.0,14.0,0.9,1.2,0.6,0.01,0.06,0.65,0.3,0.72,0.005,0.38,0.22,0.01,0.14,1.0,0.28
mpc,ground_truth,curvy,400.0,0.05,0.1,1.0,101.71569216251373,26.08235740661621,130.49742126464844,18.563538880716564,0.8809055637278789,8.105900656465992e-05,0.00023568975647236812,8.105900656465992e-05,0.00023568975647236812,-0.0007660580449737608,-0.0001939742942340672,0.5785455107688904,0.0,19.444444444444443,367,361,4.521570205688477,RoadOption.STRAIGHT,15.586126327514648,130.43312072753906,3.15197418815114,2.8,1.2,4.5,3.0,10.0,0.6,0.01,0.06,0.55,0.16,0.2,0.35,1.0,12,10.0,14.0,0.9,1.2,0.6,0.01,0.06,0.65,0.3,0.72,0.005,0.38,0.22,0.01,0.14,1.0,0.28
mpc,ground_truth,curvy,400.0,0.05,0.1,1.0,101.76569216325879,25.15419578552246,130.4921875,18.563534665707444,0.8809097787369993,0.00011655156173306924,0.00017630126416356973,0.00011655156173306924,0.00017630126416356973,-0.0007261380669660866,3.991997800767422e-05,0.5785509347915649,0.0,19.444444444444443,368,362,4.5933942794799805,RoadOption.STRAIGHT,14.596691131591797,130.42184448242188,3.1539742221297895,2.8,1.2,4.5,3.0,10.0,0.6,0.01,0.06,0.55,0.16,0.2,0.35,1.0,12,10.0,14.0,0.9,1.2,0.6,0.01,0.06,0.65,0.3,0.72,0.005,0.38,0.22,0.01,0.14,1.0,0.28
mpc,ground_truth,curvy,400.0,0.05,0.1,1.0,101.81569216400385,24.22603416442871,130.48703002929688,18.563537191819073,0.8809072526253701,9.099924769325266e-05,5.1132692929556356e-05,9.099924769325266e-05,5.1132692929556356e-05,-0.0002598852734081447,0.0004662527935579419,0.5785413384437561,0.0,19.444444444444443,369,363,4.66521692276001,RoadOption.STRAIGHT,13.607279777526855,130.40863037109375,3.155974256108439,2.8,1.2,4.5,3.0,10.0,0.6,0.01,0.06,0.55,0.16,0.2,0.35,1.0,12,10.0,14.0,0.9,1.2,0.6,0.01,0.06,0.65,0.3,0.72,0.005,0.38,0.22,0.01,0.14,1.0,0.28
mpc,ground_truth,curvy,400.0,0.05,0.1,1.0,101.8656921647489,23.29787254333496,130.48191833496094,18.56353934264785,0.8809051017965928,4.476737388580537e-06,-7.536745884983986e-05,4.476737388580537e-06,7.536745884983986e-05,0.0006101736798882484,0.0008700589532963932,0.5785405039787292,0.0,19.444444444444443,370,364,4.737051010131836,RoadOption.STRAIGHT,12.617897033691406,130.39340209960938,3.1579742900870884,2.8,1.2,4.5,3.0,10.0,0.6,0.01,0.06,0.55,0.16,0.2,0.35,1.0,12,10.0,14.0,0.9,1.2,0.6,0.01,0.06,0.65,0.3,0.72,0.005,0.38,0.22,0.01,0.14,1.0,0.28
mpc,ground_truth,curvy,400.0,0.05,0.1,1.0,101.91569216549397,22.36971092224121,130.4767303466797,18.563536136485332,0.8809083079591105,0.0036237937096075257,-0.000900681080665322,0.0036237937096075257,0.000900681080665322,0.003668123623356223,0.0030579499434679747,0.5785488486289978,0.0,19.444444444444443,371,365,4.804731369018555,RoadOption.STRAIGHT,11.628546714782715,130.37619018554688,3.1599743240657383,2.8,1.2,4.5,3.0,10.0,0.6,0.01,0.06,0.55,0.16,0.2,0.35,1.0,12,10.0,14.0,0.9,1.2,0.6,0.01,0.06,0.65,0.3,0.72,0.005,0.38,0.22,0.01,0.14,1.0,0.28
mpc,ground_truth,curvy,400.0,0.05,0.1,1.0,101.96569216623902,21.44154930114746,130.47125244140625,18.563502514473505,0.8809419299709376,0.011916307065566487,-0.0026045715460973895,0.011916307065566487,0.0026045715460973895,0.0023260435555130243,-0.0013420800678431988,0.5786055326461792,0.0,19.444444444444443,372,366,4.866053104400635,RoadOption.STRAIGHT,10.639232635498047,130.3570098876953,3.1619743580443878,2.8,1.2,4.5,3.0,10.0,0.6,0.01,0.06,0.55,0.16,0.2,0.35,1.0,12,10.0,14.0,0.9,1.2,0.6,0.01,0.06,0.65,0.3,0.72,0.005,0.38,0.22,0.01,0.14,1.0,0.28
mpc,ground_truth,curvy,400.0,0.05,0.1,1.0,102.01569216698408,20.513391494750977,130.46542358398438,18.563504736868097,0.8809397075763457,0.018850539072269565,-0.004086354376617862,0.018850539072269565,0.004086354376617862,0.0003684385446831584,-0.001957605010829866,0.5785611867904663,0.0,19.444444444444443,373,367,4.927371501922607,RoadOption.STRAIGHT,9.640340805053711,130.3365020751953,3.1621453329863707,2.8,1.2,4.5,3.0,10.0,0.6,0.01,0.06,0.55,0.16,0.2,0.35,1.0,12,10.0,14.0,0.9,1.2,0.6,0.01,0.06,0.65,0.3,0.72,0.005,0.38,0.22,0.01,0.14,1.0,0.28
mpc,ground_truth,curvy,400.0,0.05,0.1,1.0,102.06569216772914,19.585233688354492,130.45945739746094,18.563522439893745,0.8809220045506976,0.024154371454131192,-0.0056522930975848595,0.024154371454131192,0.0056522930975848595,-0.0003054104163311422,-0.0006738489610143006,0.5785319805145264,0.0,19.444444444444443,374,368,4.98868465423584,RoadOption.STRAIGHT,8.640128135681152,130.31594848632812,3.162064639205341,2.8,1.2,4.5,3.0,10.0,0.6,0.01,0.06,0.55,0.16,0.2,0.35,1.0,12,10.0,14.0,0.9,1.2,0.6,0.01,0.06,0.65,0.3,0.72,0.005,0.38,0.22,0.01,0.14,1.0,0.28
mpc,ground_truth,curvy,400.0,0.05,0.1,1.0,102.1156921684742,18.65707778930664,130.45338439941406,18.563532319254126,0.8809121251903171,0.027872284196759016,-0.007406783623729041,0.027872284196759016,0.007406783623729041,0.0015244934475049376,0.0018299038638360798,0.5785354375839233,0.0,19.444444444444443,374,369,5.049996852874756,RoadOption.STRAIGHT,8.640128135681152,130.31594848632812,3.162064639205341,2.8,1.2,4.5,3.0,10.0,0.6,0.01,0.06,0.55,0.16,0.2,0.35,1.0,12,10.0,14.0,0.9,1.2,0.6,0.01,0.06,0.65,0.3,0.72,0.005,0.38,0.22,0.01,0.14,1.0,0.28
mpc,ground_truth,curvy,400.0,0.05,0.1,1.0,102.16569216921926,17.72892189025879,130.44705200195312,18.563530865063456,0.8809135793809872,0.020856117723971085,-0.007156446481261014,0.020856117723971085,0.007156446481261014,0.007305131293833256,0.005780637846328318,0.5785499215126038,0.0,19.444444444444443,375,369,4.121821880340576,RoadOption.STRAIGHT,7.629819393157959,130.29627990722656,3.1600646052266916,2.8,1.2,4.5,3.0,10.0,0.6,0.01,0.06,0.55,0.16,0.2,0.35,1.0,12,10.0,14.0,0.9,1.2,0.6,0.01,0.06,0.65,0.3,0.72,0.005,0.38,0.22,0.01,0.14,1.0,0.28
mpc,ground_truth,curvy,400.0,0.05,0.1,1.0,102.21569216996431,16.800777435302734,130.4398956298828,18.563388248455933,0.8810561959885099,0.022032069577721997,-0.00836898372557382,0.022032069577721997,0.00836898372557382,0.010211344808340073,0.002906213514506817,0.5788048505783081,0.0,19.444444444444443,376,370,4.183139324188232,RoadOption.STRAIGHT,6.619473934173584,130.2786407470703,3.158064571248042,2.8,1.2,4.5,3.0,10.0,0.6,0.01,0.06,0.55,0.16,0.2,0.35,1.0,12,10.0,14.0,0.9,1.2,0.6,0.01,0.06,0.65,0.3,0.72,0.005,0.38,0.22,0.01,0.14,1.0,0.28
mpc,ground_truth,curvy,400.0,0.05,0.1,1.0,102.26569217070937,15.872654914855957,130.431396484375,18.563192333617604,0.8812521108268392,0.02281243280140162,-0.008787100016716565,0.02281243280140162,0.008787100016716565,0.010952075012028217,0.0007407302036881447,0.5789863467216492,0.0,19.444444444444443,377,371,4.244467735290527,RoadOption.STRAIGHT,5.609095096588135,130.26300048828125,3.1560645372693927,2.8,1.2,4.5,3.0,10.0,0.6,0.01,0.06,0.55,0.16,0.2,0.35,1.0,12,10.0,14.0,0.9,1.2,0.6,0.01,0.06,0.65,0.3,0.72,0.005,0.38,0.22,0.01,0.14,1.0,0.28
mpc,ground_truth,curvy,400.0,0.05,0.1,1.0,102.31569217145443,14.944554328918457,130.4213104248047,18.563067019736533,0.8813774247079103,0.023456537145711512,-0.00855673658242484,0.023456537145711512,0.00855673658242484,0.007526860572397709,-0.0034252144396305084,0.5789768099784851,0.0,19.444444444444443,378,372,4.305802345275879,RoadOption.STRAIGHT,4.598687171936035,130.24937438964844,3.1540645032907433,2.8,1.2,4.5,3.0,10.0,0.6,0.01,0.06,0.55,0.16,0.2,0.35,1.0,12,10.0,14.0,0.9,1.2,0.6,0.01,0.06,0.65,0.3,0.72,0.005,0.38,0.22,0.01,0.14,1.0,0.28
mpc,ground_truth,curvy,400.0,0.05,0.1,1.0,102.36569217219949,14.016470909118652,130.40972900390625,18.563156075574522,0.8812883688699209,0.016723403844986717,-0.006349774987075563,0.016723403844986717,0.006349774987075563,0.003959308844059706,-0.003567551728338003,0.5786661505699158,0.0,19.444444444444443,379,373,4.376743316650391,RoadOption.STRAIGHT,3.5882537364959717,130.23777770996094,3.152064469312094,2.8,1.2,4.5,3.0,10.0,0.6,0.01,0.06,0.55,0.16,0.2,0.35,1.0,12,10.0,14.0,0.9,1.2,0.6,0.01,0.06,0.65,0.3,0.72,0.005,0.38,0.22,0.01,0.14,1.0,0.28
mpc,ground_truth,curvy,400.0,0.05,0.1,1.0,102.41569217294455,13.088397979736328,130.39683532714844,18.56331727586907,0.8811271685753717,0.01018866399113455,-0.004234426133225888,0.01018866399113455,0.004234426133225888,0.000558837316930294,-0.0034004715271294117,0.5784828662872314,0.0,19.444444444444443,380,374,4.449005603790283,RoadOption.STRAIGHT,2.577799081802368,130.22821044921875,3.150064701649553,2.8,1.2,4.5,3.0,10.0,0.6,0.01,0.06,0.55,0.16,0.2,0.35,1.0,12,10.0,14.0,0.9,1.2,0.6,0.01,0.06,0.65,0.3,0.72,0.005,0.38,0.22,0.01,0.14,1.0,0.28
mpc,ground_truth,curvy,400.0,0.05,0.1,1.0,102.4656921736896,12.160331726074219,130.38296508789062,18.563447528105208,0.8809969163392353,-0.0029877464492558403,-0.0008255799379242035,0.0029877464492558403,0.0008255799379242035,-8.432103641098365e-05,-0.0006431583533412777,0.578441858291626,0.0,19.444444444444443,381,375,4.531342029571533,RoadOption.STRAIGHT,1.567327618598938,130.2206573486328,3.1480646676709036,2.8,1.2,4.5,3.0,10.0,0.6,0.01,0.06,0.55,0.16,0.2,0.35,1.0,12,10.0,14.0,0.9,1.2,0.6,0.01,0.06,0.65,0.3,0.72,0.005,0.38,0.22,0.01,0.14,1.0,0.28
mpc,ground_truth,curvy,400.0,0.05,0.1,1.0,102.51569217443466,11.232275009155273,130.3681640625,18.563507913896775,0.8809365305476682,-0.013532927204585543,0.002016012945190049,0.013532927204585543,0.002016012945190049,0.0012677583144977689,0.0013520793509087525,0.5784894824028015,0.0,19.444444444444443,382,376,4.6136698722839355,RoadOption.STRAIGHT,0.5656337141990662,130.2144775390625,3.14773816412126,2.8,1.2,4.5,3.0,10.0,0.6,0.01,0.06,0.55,0.16,0.2,0.35,1.0,12,10.0,14.0,0.9,1.2,0.6,0.01,0.06,0.65,0.3,0.72,0.005,0.38,0.22,0.01,0.14,1.0,0.28
mpc,ground_truth,curvy,400.0,0.05,0.1,1.0,102.56569217517972,10.30423355102539,130.35247802734375,18.56351315732926,0.8809312871151818,-0.021523043514851264,0.0046043392086376755,0.021523043514851264,0.0046043392086376755,0.0011224971385672688,-0.00014526117593050003,0.5785524845123291,0.0,19.444444444444443,383,377,4.695991516113281,RoadOption.STRAIGHT,-0.4343474507331848,130.20834350585938,-3.1354468767422174,2.8,1.2,4.5,3.0,10.0,0.6,0.01,0.06,0.55,0.16,0.2,0.35,1.0,12,10.0,14.0,0.9,1.2,0.6,0.01,0.06,0.65,0.3,0.72,0.005,0.38,0.22,0.01,0.14,1.0,0.28
mpc,ground_truth,curvy,400.0,0.05,0.1,1.0,102.61569217592478,9.376204490661621,130.3359375,18.56351171725671,0.8809327271877336,-0.026973444864552526,0.007091731666772461,0.026973444864552526,0.007091731666772461,-0.0011669874656945467,-0.0022894846042618155,0.5785613656044006,0.0,19.444444444444443,384,378,4.77830171585083,RoadOption.STRAIGHT,-1.434328556060791,130.20217895507812,-3.1354468767422174,2.8,1.2,4.5,3.0,10.0,0.6,0.01,0.06,0.55,0.16,0.2,0.35,1.0,12,10.0,14.0,0.9,1.2,0.6,0.01,0.06,0.65,0.3,0.72,0.005,0.38,0.22,0.01,0.14,1.0,0.28
mpc,ground_truth,curvy,400.0,0.05,0.1,1.0,102.66569217666984,8.448184967041016,130.31890869140625,18.563528377201408,0.8809160672430352,-0.030235158976014934,0.00933224909185526,0.030235158976014934,0.00933224909185526,-0.004888937808573246,-0.0037219503428786993,0.5785296559333801,0.0,19.444444444444443,385,379,4.8606085777282715,RoadOption.STRAIGHT,-2.434309959411621,130.196044921875,-3.1354468767422174,2.8,1.2,4.5,3.0,10.0,0.6,0.01,0.06,0.55,0.16,0.2,0.35,1.0,12,10.0,14.0,0.9,1.2,0.6,0.01,0.06,0.65,0.3,0.72,0.005,0.38,0.22,0.01,0.14,1.0,0.28
mpc,ground_truth,curvy,400.0,0.05,0.1,1.0,102.7156921774149,7.520165920257568,130.3018798828125,18.56350390249929,0.8809405419451544,-0.031795321287182036,0.011033210080089617,0.031795321287182036,0.011033210080089617,-0.008694092743098736,-0.00380515493452549,0.5785936713218689,0.0,19.444444444444443,386,380,4.942915916442871,RoadOption.STRAIGHT,-3.434290885925293,130.18988037109375,-3.1354468767422174,2.8,1.2,4.5,3.0,10.0,0.6,0.01,0.06,0.55,0.16,0.2,0.35,1.0,12,10.0,14.0,0.9,1.2,0.6,0.01,0.06,0.65,0.3,0.72,0.005,0.38,0.22,0.01,0.14,1.0,0.28
mpc,ground_truth,curvy,400.0,0.05,0.1,1.0,102.76569217815995,6.592139720916748,130.2854766845703,18.563382606602673,0.8810618378417701,-0.03229755074988695,0.011958658558891777,0.03229755074988695,0.011958658558891777,-0.009504307992756367,-0.0008102152496576309,0.5787826776504517,0.0,19.444444444444443,386,381,5.025230407714844,RoadOption.STRAIGHT,-3.434290885925293,130.18988037109375,-3.1354468767422174,2.8,1.2,4.5,3.0,10.0,0.6,0.01,0.06,0.55,0.16,0.2,0.35,1.0,12,10.0,14.0,0.9,1.2,0.6,0.01,0.06,0.65,0.3,0.72,0.005,0.38,0.22,0.01,0.14,1.0,0.28
mpc,ground_truth,curvy,400.0,0.05,0.1,1.0,102.81569217890501,5.664102077484131,130.2700958251953,18.563282930835562,0.8811615136088804,-0.02292324426795869,0.010200439607221057,0.02292324426795869,0.010200439607221057,-0.0129775982350111,-0.003473290242254734,0.5788165330886841,0.0,19.444444444444443,387,381,4.097073078155518,RoadOption.STRAIGHT,-4.434271812438965,130.18374633789062,-3.1354468767422174,2.8,1.2,4.5,3.0,10.0,0.6,0.01,0.06,0.55,0.16,0.2,0.35,1.0,12,10.0,14.0,0.9,1.2,0.6,0.01,0.06,0.65,0.3,0.72,0.005,0.38,0.22,0.01,0.14,1.0,0.28
mpc,ground_truth,curvy,400.0,0.05,0.1,1.0,102.86569217965007,4.736048698425293,130.2562713623047,18.56306036702168,0.8813840774227621,-0.016163866143386427,0.008065117045195969,0.016163866143386427,0.008065117045195969,-0.009966610930860043,0.003010987304151058,0.5790975093841553,0.0,19.444444444444443,388,382,4.170624732971191,RoadOption.STRAIGHT,-5.434253215789795,130.1776123046875,-3.1354468767422174,2.8,1.2,4.5,3.0,10.0,0.6,0.01,0.06,0.55,0.16,0.2,0.35,1.0,12,10.0,14.0,0.9,1.2,0.6,0.01,0.06,0.65,0.3,0.72,0.005,0.38,0.22,0.01,0.14,1.0,0.28
mpc,ground_truth,curvy,400.0,0.05,0.1,1.0,102.91569218039513,3.8079750537872314,130.24420166015625,18.56306679523893,0.8813776492055112,-0.009785273806990014,0.005272526326138838,0.009785273806990014,0.005272526326138838,-0.007224375382065773,0.0027422355487942696,0.5788188576698303,0.0,19.444444444444443,389,383,4.242474555969238,RoadOption.STRAIGHT,-6.434234142303467,130.17144775390625,-3.1354468767422174,2.8,1.2,4.5,3.0,10.0,0.6,0.01,0.06,0.55,0.16,0.2,0.35,1.0,12,10.0,14.0,0.9,1.2,0.6,0.01,0.06,0.65,0.3,0.72,0.005,0.38,0.22,0.01,0.14,1.0,0.28
mpc,ground_truth,curvy,400.0,0.05,0.1,1.0,102.96569218114018,2.879875659942627,130.23374938964844,18.563183449644576,0.8812609947998666,-0.005055868877764415,0.0026309368408892198,0.005055868877764415,0.0026309368408892198,-0.0037879617884755135,0.0034364135935902596,0.5786166191101074,0.0,19.444444444444443,390,384,4.314320087432861,RoadOption.STRAIGHT,-7.434215068817139,130.16531372070312,-3.1354468767422174,2.8,1.2,4.5,3.0,10.0,0.6,0.01,0.06,0.55,0.16,0.2,0.35,1.0,12,10.0,14.0,0.9,1.2,0.6,0.01,0.06,0.65,0.3,0.72,0.005,0.38,0.22,0.01,0.14,1.0,0.28
mpc,ground_truth,curvy,400.0,0.05,0.1,1.0,103.01569218188524,1.951753854751587,130.2248077392578,18.5633274862761,0.8811169581683416,-0.0018066744382230493,0.00046791740352691846,0.0018066744382230493,0.00046791740352691846,-5.800060080218827e-06,0.0037821617283952946,0.5784973502159119,0.0,19.444444444444443,391,385,4.386158466339111,RoadOption.STRAIGHT,-8.434196472167969,130.15914916992188,-3.1354468767422174,2.8,1.2,4.5,3.0,10.0,0.6,0.01,0.06,0.55,0.16,0.2,0.35,1.0,12,10.0,14.0,0.9,1.2,0.6,0.01,0.06,0.65,0.3,0.72,0.005,0.38,0.22,0.01,0.14,1.0,0.28
mpc,ground_truth,curvy,400.0,0.05,0.1,1.0,103.0656921826303,1.0236148834228516,130.217041015625,18.56344689517174,0.8809975492727027,0.00023699000136704132,-0.0009659285273717622,0.00023699000136704132,0.0009659285273717622,0.0024815190117806196,0.0024873190718608384,0.5784552097320557,0.0,19.444444444444443,392,386,4.457988739013672,RoadOption.STRAIGHT,-9.43417739868164,130.15301513671875,-3.1354468767422174,2.8,1.2,4.5,3.0,10.0,0.6,0.01,0.06,0.55,0.16,0.2,0.35,1.0,12,10.0,14.0,0.9,1.2,0.6,0.01,0.06,0.65,0.3,0.72,0.005,0.38,0.22,0.01,0.14,1.0,0.28
mpc,ground_truth,curvy,400.0,0.05,0.1,1.0,103.11569218337536,0.09546615183353424,130.2100830078125,18.56350751623136,0.8809369282130817,0.001502410911214249,-0.00160775035008065,0.001502410911214249,0.00160775035008065,0.003507749643176794,0.0010262306313961744,0.5784894227981567,0.0,19.444444444444443,393,387,4.529815196990967,RoadOption.STRAIGHT,-10.434158325195312,130.14688110351562,-3.1354468767422174,2.8,1.2,4.5,3.0,10.0,0.6,0.01,0.06,0.55,0.16,0.2,0.35,1.0,12,10.0,14.0,0.9,1.2,0.6,0.01,0.06,0.65,0.3,0.72,0.005,0.38,0.22,0.01,0.14,1.0,0.28
mpc,ground_truth,curvy,400.0,0.05,0.1,1.0,103.16569218412042,-0.8326876759529114,130.20362854003906,18.563532473135737,0.8809119713087057,0.002264272902090105,-0.0015941682285212089,0.002264272902090105,0.0015941682285212089,0.002962132217362523,-0.000545617425814271,0.5785172581672668,0.0,19.444444444444443,394,388,4.601639270782471,RoadOption.STRAIGHT,-11.434139251708984,130.14071655273438,-3.1354468767422174,2.8,1.2,4.5,3.0,10.0,0.6,0.01,0.06,0.55,0.16,0.2,0.35,1.0,12,10.0,14.0,0.9,1.2,0.6,0.01,0.06,0.65,0.3,0.72,0.005,0.38,0.22,0.01,0.14,1.0,0.28
mpc,ground_truth,curvy,400.0,0.05,0.1,1.0,103.21569218486547,-1.760844349861145,130.197509765625,18.563548224286208,0.8808962201582347,0.002659910449407079,-0.0011960256455543217,0.002659910449407079,0.0011960256455543217,0.0012487194035202265,-0.0017134128138422966,0.578518807888031,0.0,19.444444444444443,395,389,4.673462867736816,RoadOption.STRAIGHT,-12.434121131896973,130.13458251953125,-3.1354468767422174,2.8,1.2,4.5,3.0,10.0,0.6,0.01,0.06,0.55,0.16,0.2,0.35,1.0,12,10.0,14.0,0.9,1.2,0.6,0.01,0.06,0.65,0.3,0.72,0.005,0.38,0.22,0.01,0.14,1.0,0.28
mpc,ground_truth,curvy,400.0,0.05,0.1,1.0,103.26569218561053,-2.6890032291412354,130.191650390625,18.56355601720947,0.8808884272349715,0.002826656929634023,-0.0007334345642076023,0.002826656929634023,0.0007334345642076023,-0.0002378994831815362,-0.0014866188867017627,0.5785236954689026,0.0,19.444444444444443,396,390,4.7452850341796875,RoadOption.STRAIGHT,-13.434102058410645,130.12844848632812,-3.1354468767422174,2.8,1.2,4.5,3.0,10.0,0.6,0.01,0.06,0.55,0.16,0.2,0.35,1.0,12,10.0,14.0,0.9,1.2,0.6,0.01,0.06,0.65,0.3,0.72,0.005,0.38,0.22,0.01,0.14,1.0,0.28
mpc,ground_truth,curvy,400.0,0.05,0.1,1.0,103.31569218635559,-3.61716365814209,130.18601989746094,18.563554860145786,0.8808895842986573,0.0027340023009535946,-0.0004263720905215429,0.0027340023009535946,0.0004263720905215429,-0.0013412931002676487,-0.0011033936170861125,0.5785351395606995,0.0,19.444444444444443,397,391,4.817108154296875,RoadOption.STRAIGHT,-14.434082984924316,130.12228393554688,-3.1354468767422174,2.8,1.2,4.5,3.0,10.0,0.6,0.01,0.06,0.55,0.16,0.2,0.35,1.0,12,10.0,14.0,0.9,1.2,0.6,0.01,0.06,0.65,0.3,0.72,0.005,0.38,0.22,0.01,0.14,1.0,0.28
mpc,ground_truth,curvy,400.0,0.05,0.1,1.0,103.36569218710065,-4.54532527923584,130.1806182861328,18.563547180065537,0.8808972643789055,0.002442976903807601,-0.00036272254046876284,0.002442976903807601,0.00036272254046876284,-0.0012895873514935374,5.170574877411127e-05,0.5785475969314575,0.0,19.444444444444443,398,392,4.888930320739746,RoadOption.STRAIGHT,-15.434063911437988,130.11614990234375,-3.1354468767422174,2.8,1.2,4.5,3.0,10.0,0.6,0.01,0.06,0.55,0.16,0.2,0.35,1.0,12,10.0,14.0,0.9,1.2,0.6,0.01,0.06,0.65,0.3,0.72,0.005,0.38,0.22,0.01,0.14,1.0,0.28
mpc,ground_truth,curvy,400.0,0.05,0.1,1.0,103.4156921878457,-5.473487377166748,130.17538452148438,18.56354208924133,0.8809023552031121,0.0019841050662804498,-0.0004878911117023321,0.0019841050662804498,0.0004878911117023321,-0.0004315631522331387,0.0008580241992603987,0.5785475373268127,0.0,19.444444444444443,399,393,4.960752964019775,RoadOption.STRAIGHT,-16.434045791625977,130.1099853515625,-3.1354468767422174,2.8,1.2,4.5,3.0,10.0,0.6,0.01,0.06,0.55,0.16,0.2,0.35,1.0,12,10.0,14.0,0.9,1.2,0.6,0.01,0.06,0.65,0.3,0.72,0.005,0.38,0.22,0.01,0.14,1.0,0.28
mpc,ground_truth,curvy,400.0,0.05,0.1,1.0,103.46569218859076,-6.401650905609131,130.17025756835938,18.56354286408159,0.8809015803628526,0.0013878979291331132,-0.0006514092026330687,0.0013878979291331132,0.0006514092026330687,0.0004992989124730229,0.0009308620647061616,0.578540027141571,0.0,19.444444444444443,399,394,5.032575607299805,RoadOption.STRAIGHT,-16.434045791625977,130.1099853515625,-3.1354468767422174,2.8,1.2,4.5,3.0,10.0,0.6,0.01,0.06,0.55,0.16,0.2,0.35,1.0,12,10.0,14.0,0.9,1.2,0.6,0.01,0.06,0.65,0.3,0.72,0.005,0.38,0.22,0.01,0.14,1.0,0.28
mpc,ground_truth,curvy,400.0,0.05,0.1,1.0,103.51569218933582,-7.329813480377197,130.1651153564453,18.5635448261972,0.8808996182472413,0.0008257685774799642,-0.0007257113970466911,0.0008257685774799642,0.0007257113970466911,0.0013099706266075373,0.0008106717141345143,0.5785374045372009,0.0,19.444444444444443,400,394,4.104398727416992,RoadOption.STRAIGHT,-17.43402671813965,130.10385131835938,-3.1354468767422174,2.8,1.2,4.5,3.0,10.0,0.6,0.01,0.06,0.55,0.16,0.2,0.35,1.0,12,10.0,14.0,0.9,1.2,0.6,0.01,0.06,0.65,0.3,0.72,0.005,0.38,0.22,0.01,0.14,1.0,0.28
mpc,ground_truth,curvy,400.0,0.05,0.1,1.0,103.56569219008088,-8.257975578308105,130.15988159179688,18.563539952976207,0.880904491468236,0.0003669026009854512,-0.0006436860354721574,0.0003669026009854512,0.0006436860354721574,0.0016465941444039345,0.0003366235177963972,0.5785485506057739,0.0,19.444444444444443,401,395,4.176222801208496,RoadOption.STRAIGHT,-18.43400764465332,130.09771728515625,-3.1354468767422174,2.8,1.2,4.5,3.0,10.0,0.6,0.01,0.06,0.55,0.16,0.2,0.35,1.0,12,10.0,14.0,0.9,1.2,0.6,0.01,0.06,0.65,0.3,0.72,0.005,0.38,0.22,0.01,0.14,1.0,0.28
mpc,ground_truth,curvy,400.0,0.05,0.1,1.0,103.61569219082594,-9.186137199401855,130.15447998046875,18.563534984608342,0.8809094598361007,7.58772038394577e-05,-0.00040666469845485054,7.58772038394577e-05,0.00040666469845485054,0.0013404292985796928,-0.00030616484582424164,0.5785516500473022,0.0,19.444444444444443,402,396,4.248044967651367,RoadOption.STRAIGHT,-19.433988571166992,130.091552734375,-3.1354468767422174,2.8,1.2,4.5,3.0,10.0,0.6,0.01,0.06,0.55,0.16,0.2,0.35,1.0,12,10.0,14.0,0.9,1.2,0.6,0.01,0.06,0.65,0.3,0.72,0.005,0.38,0.22,0.01,0.14,1.0,0.28
mpc,ground_truth,curvy,400.0,0.05,0.1,1.0,103.665692191571,-10.114296913146973,130.14891052246094,18.563535376625577,0.880909067818866,-7.780996317002797e-05,-8.974852873544492e-05,7.780996317002797e-05,8.974852873544492e-05,0.0003786975285038352,-0.0009617317700758576,0.5785449743270874,0.0,19.444444444444443,403,397,4.319868564605713,RoadOption.STRAIGHT,-20.433969497680664,130.08541870117188,-3.1354468767422174,2.8,1.2,4.5,3.0,10.0,0.6,0.01,0.06,0.55,0.16,0.2,0.35,1.0,12,10.0,14.0,0.9,1.2,0.6,0.01,0.06,0.65,0.3,0.72,0.005,0.38,0.22,0.01,0.14,1.0,0.28
mpc,ground_truth,curvy,400.0,0.05,0.1,1.0,103.71569219231606,-11.042459487915039,130.14320373535156,18.563538989788643,0.648337013503955,-6.367120341259011e-05,0.0001837581152157597,6.367120341259011e-05,0.0001837581152157597,-0.00035388534888625145,-0.0007325828773900867,0.1599157452583313,0.0,19.2118760032926,404,398,4.391688346862793,RoadOption.STRAIGHT,-21.433950424194336,130.07928466796875,-3.1354468767422174,2.8,1.2,4.5,3.0,10.0,0.6,0.01,0.06,0.55,0.16,0.2,0.35,1.0,12,10.0,14.0,0.9,1.2,0.6,0.01,0.06,0.65,0.3,0.72,0.005,0.38,0.22,0.01,0.14,1.0,0.28
mpc,ground_truth,curvy,400.0,0.05,0.1,1.0,103.76569219306111,-11.97024154663086,130.137451171875,18.542880044281166,0.21899595901143343,-3.192952970315632e-05,0.0003331614523691684,3.192952970315632e-05,0.0003331614523691684,-0.00104311213362962,-0.0006892267847433686,0.0,0.3338117003440857,18.7618760032926,405,399,4.463889122009277,RoadOption.STRAIGHT,-22.433931350708008,130.0731201171875,-3.1354468767422174,2.8,1.2,4.5,3.0,10.0,0.6,0.01,0.06,0.55,0.16,0.2,0.35,1.0,12,10.0,14.0,0.9,1.2,0.6,0.01,0.06,0.65,0.3,0.72,0.005,0.38,0.22,0.01,0.14,1.0,0.28
mpc,ground_truth,curvy,400.0,0.05,0.1,1.0,103.81569219380617,-12.89425277709961,130.13174438476562,18.42236093171205,-0.11048492841944935,7.722305127386836e-06,0.0003243730207715956,7.722305127386836e-06,0.0003243730207715956,-0.001043145079165697,-3.294553607702255e-08,0.0,0.411723256111145,18.3118760032926,406,400,4.539859771728516,RoadOption.STRAIGHT,-23.43391227722168,130.06698608398438,-3.1354468767422174,2.8,1.2,4.5,3.0,10.0,0.6,0.01,0.06,0.55,0.16,0.2,0.35,1.0,12,10.0,14.0,0.9,1.2,0.6,0.01,0.06,0.65,0.3,0.72,0.005,0.38,0.22,0.01,0.14,1.0,0.28
mpc,ground_truth,curvy,400.0,0.05,0.1,1.0,103.86569219455123,-13.808685302734375,130.1261444091797,18.191580009153512,-0.3297040058609113,-5.671545038818393e-07,0.00019813918510180883,5.671545038818393e-07,0.00019813918510180883,-0.0005958231049589813,0.0004473219742067158,0.0,0.4111053943634033,17.8618760032926,407,401,4.625410079956055,RoadOption.STRAIGHT,-24.433895111083984,130.06082153320312,-3.1354468767422174,2.8,1.2,4.5,3.0,10.0,0.6,0.01,0.06,0.55,0.16,0.2,0.35,1.0,12,10.0,14.0,0.9,1.2,0.6,0.01,0.06,0.65,0.3,0.72,0.005,0.38,0.22,0.01,0.14,1.0,0.28
mpc,ground_truth,curvy,400.0,0.05,0.1,1.0,103.91569219529629,-14.709665298461914,130.12066650390625,17.902543185986964,-0.49066718269436294,-7.876589671192147e-05,3.568635860728975e-05,7.876589671192147e-05,3.568635860728975e-05,-0.00017093135102186352,0.00042489175393711776,0.0,0.43802154064178467,17.4118760032926,408,402,4.7244133949279785,RoadOption.STRAIGHT,-25.433876037597656,130.0546875,-3.1354468767422174,2.8,1.2,4.5,3.0,10.0,0.6,0.01,0.06,0.55,0.16,0.2,0.35,1.0,12,10.0,14.0,0.9,1.2,0.6,0.01,0.06,0.65,0.3,0.72,0.005,0.38,0.22,0.01,0.14,1.0,0.28
mpc,ground_truth,curvy,400.0,0.05,0.1,1.0,103.96569219604135,-15.594998359680176,130.1152801513672,17.575496249885248,-0.6136202465926459,-0.00012183668001592568,-9.640643146058281e-05,0.00012183668001592568,9.640643146058281e-05,0.0003758729435503483,0.0005468042945722118,0.0,0.4664880633354187,16.961876003292602,409,403,4.83906364440918,RoadOption.STRAIGHT,-26.433856964111328,130.04855346679688,-3.1354468767422174,2.8,1.2,4.5,3.0,10.0,0.6,0.01,0.06,0.55,0.16,0.2,0.35,1.0,12,10.0,14.0,0.9,1.2,0.6,0.01,0.06,0.65,0.3,0.72,0.005,0.38,0.22,0.01,0.14,1.0,0.28
mpc,ground_truth,curvy,400.0,0.05,0.1,1.0,104.0156921967864,-16.463176727294922,130.11000061035156,17.222807286595565,-0.4911918907693966,-0.00016628871450567045,-0.0001557949237693812,0.00016628871450567045,0.0001557949237693812,0.000730630592443049,0.00035475764889270067,0.0,0.09881894290447235,16.731615395826168,410,404,4.970869064331055,RoadOption.STRAIGHT,-27.433837890625,130.04238891601562,-3.1354468767422174,2.8,1.2,4.5,3.0,10.0,0.6,0.01,0.06,0.55,0.16,0.2,0.35,1.0,12,10.0,14.0,0.9,1.2,0.6,0.01,0.06,0.65,0.3,0.72,0.005,0.38,0.22,0.01,0.14,1.0,0.28
mpc,ground_truth,curvy,400.0,0.05,0.1,1.0,104.06569219753146,-17.313716888427734,130.1047821044922,16.87784498362639,-0.14569331233612814,-0.00019389195573690787,-0.00012277172625241306,0.00019389195573690787,0.00012277172625241306,0.0005459606763906777,-0.00018466991605237126,0.3760916292667389,0.0,16.73215167129026,410,405,5.1203131675720215,RoadOption.STRAIGHT,-27.433837890625,130.04238891601562,-3.1354468767422174,2.8,1.2,4.5,3.0,10.0,0.6,0.01,0.06,0.55,0.16,0.2,0.35,1.0,12,10.0,14.0,0.9,1.2,0.6,0.01,0.06,0.65,0.3,0.72,0.005,0.38,0.22,0.01,0.14,1.0,0.28
mpc,ground_truth,curvy,400.0,0.05,0.1,1.0,104.11569219827652,-18.14801788330078,130.099609375,16.565329732374607,0.16682193891565333,-0.00014865561233437172,-3.568635860684566e-05,0.00014865561233437172,3.568635860684566e-05,0.00023099567624740303,-0.00031496500014327466,0.5241041779518127,0.0,16.73215167129026,411,405,4.285995960235596,RoadOption.STRAIGHT,-28.433818817138672,130.0362548828125,-3.1354468767422174,2.8,1.2,4.5,3.0,10.0,0.6,0.01,0.06,0.55,0.16,0.2,0.35,1.0,12,10.0,14.0,0.9,1.2,0.6,0.01,0.06,0.65,0.3,0.72,0.005,0.38,0.22,0.01,0.14,1.0,0.28
mpc,ground_truth,curvy,400.0,0.05,0.1,1.0,104.16569219902158,-18.968259811401367,130.09451293945312,16.309060132208256,0.42309153908200514,-8.160485203797738e-05,5.3795854019877964e-05,8.160485203797738e-05,5.3795854019877964e-05,2.5757897674338892e-05,-0.00020523777857306413,0.610582709312439,0.0,16.73215167129026,412,406,4.465737819671631,RoadOption.STRAIGHT,-29.43410873413086,130.0301055908203,-3.1354468767422174,2.8,1.2,4.5,3.0,10.0,0.6,0.01,0.06,0.55,0.16,0.2,0.35,1.0,12,10.0,14.0,0.9,1.2,0.6,0.01,0.06,0.65,0.3,0.72,0.005,0.38,0.22,0.01,0.14,1.0,0.28
mpc,ground_truth,curvy,400.0,0.05,0.1,1.0,104.21569219976664,-19.77814483642578,130.08946228027344,16.13437537554214,0.597776295748119,-2.7184059711922448e-05,0.0001150485590915018,2.7184059711922448e-05,0.0001150485590915018,-0.0003882427408825606,-0.0004140006385568995,0.6177906394004822,0.0,16.73215167129026,413,407,4.655838966369629,RoadOption.STRAIGHT,-30.40340805053711,130.02146911621094,-3.117932597833311,2.8,1.2,4.5,3.0,10.0,0.6,0.01,0.06,0.55,0.16,0.2,0.35,1.0,12,10.0,14.0,0.9,1.2,0.6,0.01,0.06,0.65,0.3,0.72,0.005,0.38,0.22,0.01,0.14,1.0,0.28
mpc,ground_truth,curvy,400.0,0.05,0.1,1.0,104.2656922005117,-20.58155059814453,130.08448791503906,16.03087890203584,0.7012727692544196,2.126936360084472e-05,0.00011984224905381424,2.126936360084472e-05,0.00011984224905381424,-0.0004202589625492692,-3.201622166670859e-05,0.5948132276535034,0.0,16.73215167129026,414,408,4.852417469024658,RoadOption.STRAIGHT,-31.311279296875,129.97637939453125,-3.0659847112941168,2.8,1.2,4.5,3.0,10.0,0.6,0.01,0.06,0.55,0.16,0.2,0.35,1.0,12,10.0,14.0,0.9,1.2,0.6,0.01,0.06,0.65,0.3,0.72,0.005,0.38,0.22,0.01,0.14,1.0,0.28
mpc,ground_truth,curvy,400.0,0.05,0.1,1.0,104.31569220125675,-21.381332397460938,130.07957458496094,15.975476658529486,0.7561387372966824,3.096070735069886e-05,7.403587830445701e-05,3.096070735069886e-05,7.403587830445701e-05,-0.00022036462905816734,0.00019989433349110186,0.5695223808288574,0.0,16.731615395826168,415,409,5.0526204109191895,RoadOption.STRAIGHT,-32.215579986572266,129.8842010498047,-3.014037091071031,2.8,1.2,4.5,3.0,10.0,0.6,0.01,0.06,0.55,0.16,0.2,0.35,1.0,12,10.0,14.0,0.9,1.2,0.6,0.01,0.06,0.65,0.3,0.72,0.005,0.38,0.22,0.01,0.14,1.0,0.28
mpc,ground_truth,curvy,400.0,0.05,0.1,1.0,104.36569220200181,-22.17925262451172,130.0746612548828,15.947919892155264,0.7842317791349966,2.157578501627705e-05,1.4647385995658624e-05,2.157578501627705e-05,1.4647385995658624e-05,-0.00016855228750500828,5.181234155315906e-05,0.5542507171630859,0.0,16.73215167129026,415,410,5.254684925079346,RoadOption.STRAIGHT,-32.215579986572266,129.8842010498047,-3.014037091071031,2.8,1.2,4.5,3.0,10.0,0.6,0.01,0.06,0.55,0.16,0.2,0.35,1.0,12,10.0,14.0,0.9,1.2,0.6,0.01,0.06,0.65,0.3,0.72,0.005,0.38,0.22,0.01,0.14,1.0,0.28
mpc,ground_truth,curvy,400.0,0.05,0.1,1.0,104.41569220274687,-22.97626495361328,130.06980895996094,15.93488363316468,0.7972680381255799,-2.4450014269268572e-05,-3.9681100242106027e-05,2.4450014269268572e-05,3.9681100242106027e-05,4.367266228655353e-05,0.0002122249497915618,0.5440043210983276,0.0,16.73215167129026,416,410,4.457657814025879,RoadOption.STRAIGHT,-33.11387634277344,129.7451934814453,-2.9620892045318366,2.8,1.2,4.5,3.0,10.0,0.6,0.01,0.06,0.55,0.16,0.2,0.35,1.0,12,10.0,14.0,0.9,1.2,0.6,0.01,0.06,0.65,0.3,0.72,0.005,0.38,0.22,0.01,0.14,1.0,0.28
