controller,error_provider,route_shape,route_min_length_m,route_length_tolerance,noise_lateral_std,noise_heading_std_deg,time,x,y,speed,speed_error,e_y,e_psi,abs_e_y,abs_e_psi,steer,steer_delta,throttle,brake,target_speed,route_index,closest_route_index,route_error,road_option,target_x,target_y,target_yaw,lqr_q_ey,lqr_q_ey_dot,lqr_q_epsi,lqr_q_epsi_dot,lqr_r,lqr_kp_long,lqr_ki_long,lqr_kd_long,lqr_max_steer,lqr_max_steer_rate,lqr_derivative_alpha,lqr_curvature_alpha,lqr_feedforward_gain,mpc_horizon,mpc_q_y,mpc_q_psi,mpc_r_steer,mpc_r_steer_rate,mpc_kp_long,mpc_ki_long,mpc_kd_long,mpc_max_steer,mpc_max_steer_rate,pid_lat_kp,pid_lat_ki,pid_lat_kd,pid_long_kp,pid_long_ki,pid_long_kd,pid_max_throttle,pid_max_brake
lqr,ground_truth,gentle_curve,1700.0,0.05,0.1,1.0,1673.6452883258462,-0.7641560435295105,24.61313247680664,0.4899999797344208,18.954444464710022,-0.06876591239575507,7.022006975887507e-09,0.06876591239575507,7.022006975887507e-09,0.02868061512708664,0.02868061512708664,1.0,0.0,19.444444444444443,10,0,0.5893257856369019,RoadOption.STRAIGHT,9.235611915588379,24.70968246459961,0.0027785214782865796,1.5,0.8,3.0,2.0,8.0,0.6,0.01,0.06,0.5,0.08,0.2,0.35,1.3,12,10.0,14.0,0.9,1.2,0.6,0.01,0.06,0.65,0.3,0.72,0.005,0.38,0.22,0.01,0.14,1.0,0.28
lqr,ground_truth,gentle_curve,1700.0,0.05,0.1,1.0,1673.6952883265913,-0.7641560435295105,24.61313247680664,0.9800000786781311,18.46444436576631,-0.06876644952300855,7.022006975887507e-09,0.06876644952300855,7.022006975887507e-09,0.02867831289768219,-2.302229404449463e-06,1.0,0.0,19.444444444444443,10,5,5.0302019119262695,RoadOption.STRAIGHT,9.235611915588379,24.70968246459961,0.0027785214782865796,1.5,0.8,3.0,2.0,8.0,0.6,0.01,0.06,0.5,0.08,0.2,0.35,1.3,12,10.0,14.0,0.9,1.2,0.6,0.01,0.06,0.65,0.3,0.72,0.005,0.38,0.22,0.01,0.14,1.0,0.28
lqr,ground_truth,gentle_curve,1700.0,0.05,0.1,1.0,1673.7452883273363,-0.7641560435295105,24.61313247680664,1.470000147819519,17.974444296624924,-0.06876644952300855,7.022006975887507e-09,0.06876644952300855,7.022006975887507e-09,0.028676670044660568,-1.642853021621704e-06,1.0,0.0,19.444444444444443,10,5,5.023685455322266,RoadOption.STRAIGHT,9.235611915588379,24.70968246459961,0.0027785214782865796,1.5,0.8,3.0,2.0,8.0,0.6,0.01,0.06,0.5,0.08,0.2,0.35,1.3,12,10.0,14.0,0.9,1.2,0.6,0.01,0.06,0.65,0.3,0.72,0.005,0.38,0.22,0.01,0.14,1.0,0.28
lqr,ground_truth,gentle_curve,1700.0,0.05,0.1,1.0,1673.7952883280814,-0.7641560435295105,24.61313247680664,1.9600002765655518,17.48444416787889,-0.06876644952300855,7.022006975887507e-09,0.06876644952300855,7.022006975887507e-09,0.02867560088634491,-1.0691583156585693e-06,1.0,0.0,19.444444444444443,10,5,5.015984535217285,RoadOption.STRAIGHT,9.235611915588379,24.70968246459961,0.0027785214782865796,1.5,0.8,3.0,2.0,8.0,0.6,0.01,0.06,0.5,0.08,0.2,0.35,1.3,12,10.0,14.0,0.9,1.2,0.6,0.01,0.06,0.65,0.3,0.72,0.005,0.38,0.22,0.01,0.14,1.0,0.28
lqr,ground_truth,gentle_curve,1700.0,0.05,0.1,1.0,1673.8452883288264,-0.7641560435295105,24.61313247680664,2.450000286102295,16.994444158342148,-0.06876644952300855,7.022006975887507e-09,0.06876644952300855,7.022006975887507e-09,0.028674906119704247,-6.94766640663147e-07,1.0,0.0,19.444444444444443,10,5,5.008387565612793,RoadOption.STRAIGHT,9.235611915588379,24.70968246459961,0.0027785214782865796,1.5,0.8,3.0,2.0,8.0,0.6,0.01,0.06,0.5,0.08,0.2,0.35,1.3,12,10.0,14.0,0.9,1.2,0.6,0.01,0.06,0.65,0.3,0.72,0.005,0.38,0.22,0.01,0.14,1.0,0.28
lqr,ground_truth,gentle_curve,1700.0,0.05,0.1,1.0,1673.8952883295715,-0.7641560435295105,24.61313247680664,2.93999981880188,16.504444625642563,-0.06876644952300855,7.022006975887507e-09,0.06876644952300855,7.022006975887507e-09,0.028674453496932983,-4.5262277126312256e-07,1.0,0.0,19.444444444444443,10,5,5.002552032470703,RoadOption.STRAIGHT,9.235611915588379,24.70968246459961,0.0027785214782865796,1.5,0.8,3.0,2.0,8.0,0.6,0.01,0.06,0.5,0.08,0.2,0.35,1.3,12,10.0,14.0,0.9,1.2,0.6,0.01,0.06,0.65,0.3,0.72,0.005,0.38,0.22,0.01,0.14,1.0,0.28
lqr,ground_truth,gentle_curve,1700.0,0.05,0.1,1.0,1673.9452883303165,-0.7641555666923523,24.61313247680664,2.0671522617494085,17.377292182695033,-0.06876645084790914,7.022006975887507e-09,0.06876645084790914,7.022006975887507e-09,0.028674183413386345,-2.7008354663848877e-07,1.0,0.0,19.444444444444443,10,5,5.000476837158203,RoadOption.STRAIGHT,9.235611915588379,24.70968246459961,0.0027785214782865796,1.5,0.8,3.0,2.0,8.0,0.6,0.01,0.06,0.5,0.08,0.2,0.35,1.3,12,10.0,14.0,0.9,1.2,0.6,0.01,0.06,0.65,0.3,0.72,0.005,0.38,0.22,0.01,0.14,1.0,0.28
lqr,ground_truth,gentle_curve,1700.0,0.05,0.1,1.0,1673.9952883310616,-0.764155387878418,24.61313247680664,0.7392761111280666,18.705168333316376,-0.06876645134474685,7.022006975887507e-09,0.06876645134474685,7.022006975887507e-09,0.028673993423581123,-1.8998980522155762e-07,1.0,0.0,19.444444444444443,10,5,5.000738143920898,RoadOption.STRAIGHT,9.235611915588379,24.70968246459961,0.0027785214782865796,1.5,0.8,3.0,2.0,8.0,0.6,0.01,0.06,0.5,0.08,0.2,0.35,1.3,12,10.0,14.0,0.9,1.2,0.6,0.01,0.06,0.65,0.3,0.72,0.005,0.38,0.22,0.01,0.14,1.0,0.28
lqr,ground_truth,gentle_curve,1700.0,0.05,0.1,1.0,1674.0452883318067,-0.764155387878418,24.61313247680664,0.11258029937753798,19.331864145066906,-0.06876645134474685,7.022006975887507e-09,0.06876645134474685,7.022006975887507e-09,0.028673861175775528,-1.3224780559539795e-07,1.0,0.0,19.444444444444443,10,5,5.000931739807129,RoadOption.STRAIGHT,9.235611915588379,24.70968246459961,0.0027785214782865796,1.5,0.8,3.0,2.0,8.0,0.6,0.01,0.06,0.5,0.08,0.2,0.35,1.3,12,10.0,14.0,0.9,1.2,0.6,0.01,0.06,0.65,0.3,0.72,0.005,0.38,0.22,0.01,0.14,1.0,0.28
lqr,ground_truth,gentle_curve,1700.0,0.05,0.1,1.0,1674.0952883325517,-0.7586191296577454,24.613203048706055,0.3638702885504471,19.080574155893995,-0.06871126231032929,6.130081882194105e-05,0.06871126231032929,6.130081882194105e-05,0.028537694364786148,-0.00013616681098937988,1.0,0.0,19.444444444444443,11,5,4.995352745056152,RoadOption.STRAIGHT,10.235608100891113,24.712461471557617,0.0027785214782865796,1.5,0.8,3.0,2.0,8.0,0.6,0.01,0.06,0.5,0.08,0.2,0.35,1.3,12,10.0,14.0,0.9,1.2,0.6,0.01,0.06,0.65,0.3,0.72,0.005,0.38,0.22,0.01,0.14,1.0,0.28
lqr,ground_truth,gentle_curve,1700.0,0.05,0.1,1.0,1674.1452883332968,-0.7126920819282532,24.613998413085938,1.2723840493406333,18.17206039510381,-0.06804209171053649,0.0005879404042365977,0.06804209171053649,0.0005879404042365977,0.02751503325998783,-0.001022661104798317,1.0,0.0,19.444444444444443,11,6,5.949170112609863,RoadOption.STRAIGHT,10.235608100891113,24.712461471557617,0.0027785214782865796,1.5,0.8,3.0,2.0,8.0,0.6,0.01,0.06,0.5,0.08,0.2,0.35,1.3,12,10.0,14.0,0.9,1.2,0.6,0.01,0.06,0.65,0.3,0.72,0.005,0.38,0.22,0.01,0.14,1.0,0.28
lqr,ground_truth,gentle_curve,1700.0,0.05,0.1,1.0,1674.1952883340418,-0.6283405423164368,24.615516662597656,1.9709929859761077,17.473451458468336,-0.06675822032236658,0.0014287554961316395,0.06675822032236658,0.0014287554961316395,0.023989923298358917,-0.003525109961628914,1.0,0.0,19.444444444444443,11,6,5.864712238311768,RoadOption.STRAIGHT,10.235608100891113,24.712461471557617,0.0027785214782865796,1.5,0.8,3.0,2.0,8.0,0.6,0.01,0.06,0.5,0.08,0.2,0.35,1.3,12,10.0,14.0,0.9,1.2,0.6,0.01,0.06,0.65,0.3,0.72,0.005,0.38,0.22,0.01,0.14,1.0,0.28
lqr,ground_truth,gentle_curve,1700.0,0.05,0.1,1.0,1674.245288334787,-0.5132173895835876,24.61751937866211,2.5212139298933725,16.923230514551072,-0.06507538372951227,0.002539786771615038,0.06507538372951227,0.002539786771615038,0.020342236384749413,-0.0036476869136095047,1.0,0.0,19.444444444444443,11,6,5.749505996704102,RoadOption.STRAIGHT,10.235608100891113,24.712461471557617,0.0027785214782865796,1.5,0.8,3.0,2.0,8.0,0.6,0.01,0.06,0.5,0.08,0.2,0.35,1.3,12,10.0,14.0,0.9,1.2,0.6,0.01,0.06,0.65,0.3,0.72,0.005,0.38,0.22,0.01,0.14,1.0,0.28
lqr,ground_truth,gentle_curve,1700.0,0.05,0.1,1.0,1674.295288335532,-0.37312284111976624,24.619863510131836,2.986944962786952,16.45749948165749,-0.06312051651938386,0.003690595374841177,0.06312051651938386,0.003690595374841177,0.017566997557878494,-0.0027752388268709183,1.0,0.0,19.444444444444443,11,6,5.609350681304932,RoadOption.STRAIGHT,10.235608100891113,24.712461471557617,0.0027785214782865796,1.5,0.8,3.0,2.0,8.0,0.6,0.01,0.06,0.5,0.08,0.2,0.35,1.3,12,10.0,14.0,0.9,1.2,0.6,0.01,0.06,0.65,0.3,0.72,0.005,0.38,0.22,0.01,0.14,1.0,0.28
lqr,ground_truth,gentle_curve,1700.0,0.05,0.1,1.0,1674.345288336277,-0.21141335368156433,24.622493743896484,3.3992090050911448,16.0452354393533,-0.06093960561363001,0.004835439433493072,0.06093960561363001,0.004835439433493072,0.012688632123172283,-0.004878365434706211,1.0,0.0,19.444444444444443,11,6,5.447597026824951,RoadOption.STRAIGHT,10.235608100891113,24.712461471557617,0.0027785214782865796,1.5,0.8,3.0,2.0,8.0,0.6,0.01,0.06,0.5,0.08,0.2,0.35,1.3,12,10.0,14.0,0.9,1.2,0.6,0.01,0.06,0.65,0.3,0.72,0.005,0.38,0.22,0.01,0.14,1.0,0.28
lqr,ground_truth,gentle_curve,1700.0,0.05,0.1,1.0,1674.395288337022,-0.029982661828398705,24.625274658203125,3.782124295513232,15.662320148931212,-0.05866281046706327,0.005826561360747107,0.05866281046706327,0.005826561360747107,0.010069921612739563,-0.00261871051043272,1.0,0.0,19.444444444444443,11,6,5.266132354736328,RoadOption.STRAIGHT,10.235608100891113,24.712461471557617,0.0027785214782865796,1.5,0.8,3.0,2.0,8.0,0.6,0.01,0.06,0.5,0.08,0.2,0.35,1.3,12,10.0,14.0,0.9,1.2,0.6,0.01,0.06,0.65,0.3,0.72,0.005,0.38,0.22,0.01,0.14,1.0,0.28
lqr,ground_truth,gentle_curve,1700.0,0.05,0.1,1.0,1674.4452883377671,0.17006289958953857,24.628190994262695,4.147675231157035,15.296769213287408,-0.05630231583865773,0.006673087164675184,0.05630231583865773,0.006673087164675184,0.005977521184831858,-0.004092400427907705,1.0,0.0,19.444444444444443,11,6,5.066059112548828,RoadOption.STRAIGHT,10.235608100891113,24.712461471557617,0.0027785214782865796,1.5,0.8,3.0,2.0,8.0,0.6,0.01,0.06,0.5,0.08,0.2,0.35,1.3,12,10.0,14.0,0.9,1.2,0.6,0.01,0.06,0.65,0.3,0.72,0.005,0.38,0.22,0.01,0.14,1.0,0.28
lqr,ground_truth,gentle_curve,1700.0,0.05,0.1,1.0,1674.4952883385122,0.38807055354118347,24.631155014038086,4.50283390291861,14.941610541525833,-0.053944045674178584,0.007299863167522513,0.053944045674178584,0.007299863167522513,0.004123232793062925,-0.0018542883917689323,1.0,0.0,19.444444444444443,12,6,4.848028182983398,RoadOption.STRAIGHT,11.235604286193848,24.715240478515625,0.0027785214782865796,1.5,0.8,3.0,2.0,8.0,0.6,0.01,0.06,0.5,0.08,0.2,0.35,1.3,12,10.0,14.0,0.9,1.2,0.6,0.01,0.06,0.65,0.3,0.72,0.005,0.38,0.22,0.01,0.14,1.0,0.28
lqr,ground_truth,gentle_curve,1700.0,0.05,0.1,1.0,1674.5452883392572,0.6236430406570435,24.63417625427246,4.851590325445409,14.592854118999034,-0.05157784840183138,0.007750448177720415,0.05157784840183138,0.007750448177720415,0.0010922547662630677,-0.0030309780267998576,1.0,0.0,19.444444444444443,12,7,5.612383842468262,RoadOption.STRAIGHT,11.235604286193848,24.715240478515625,0.0027785214782865796,1.5,0.8,3.0,2.0,8.0,0.6,0.01,0.06,0.5,0.08,0.2,0.35,1.3,12,10.0,14.0,0.9,1.2,0.6,0.01,0.06,0.65,0.3,0.72,0.005,0.38,0.22,0.01,0.14,1.0,0.28
lqr,ground_truth,gentle_curve,1700.0,0.05,0.1,1.0,1674.5952883400023,0.8765397667884827,24.63719940185547,5.195922330722778,14.248522113721664,-0.04925739056965025,0.007983655784832955,0.04925739056965025,0.007983655784832955,0.00013575839693658054,-0.0009564963693264872,1.0,0.0,19.444444444444443,12,7,5.35946798324585,RoadOption.STRAIGHT,11.235604286193848,24.715240478515625,0.0027785214782865796,1.5,0.8,3.0,2.0,8.0,0.6,0.01,0.06,0.5,0.08,0.2,0.35,1.3,12,10.0,14.0,0.9,1.2,0.6,0.01,0.06,0.65,0.3,0.72,0.005,0.38,0.22,0.01,0.14,1.0,0.28
lqr,ground_truth,gentle_curve,1700.0,0.05,0.1,1.0,1674.6452883407474,1.1462998390197754,24.64023780822754,5.508796006692538,13.935648437751905,-0.04696852911635275,0.008058121305922317,0.04696852911635275,0.008058121305922317,-0.0017619839636608958,-0.0018977423605974764,1.0,0.0,19.444444444444443,12,7,5.089690685272217,RoadOption.STRAIGHT,11.235604286193848,24.715240478515625,0.0027785214782865796,1.5,0.8,3.0,2.0,8.0,0.6,0.01,0.06,0.5,0.08,0.2,0.35,1.3,12,10.0,14.0,0.9,1.2,0.6,0.01,0.06,0.65,0.3,0.72,0.005,0.38,0.22,0.01,0.14,1.0,0.28
lqr,ground_truth,gentle_curve,1700.0,0.05,0.1,1.0,1674.6952883414924,1.4243255853652954,24.64320945739746,5.621039128835123,13.823405315609321,-0.044769390931023154,0.00799696430820207,0.044769390931023154,0.00799696430820207,-0.002024153247475624,-0.00026216928381472826,1.0,0.0,19.444444444444443,13,7,4.811649799346924,RoadOption.STRAIGHT,12.235600471496582,24.718019485473633,0.0027785214782865796,1.5,0.8,3.0,2.0,8.0,0.6,0.01,0.06,0.5,0.08,0.2,0.35,1.3,12,10.0,14.0,0.9,1.2,0.6,0.01,0.06,0.65,0.3,0.72,0.005,0.38,0.22,0.01,0.14,1.0,0.28
lqr,ground_truth,gentle_curve,1700.0,0.05,0.1,1.0,1674.7452883422375,1.709331750869751,24.6461181640625,5.769943522497908,13.674500921946535,-0.04265307915404477,0.007840336106294643,0.04265307915404477,0.007840336106294643,-0.0021156147122383118,-9.146146476268768e-05,1.0,0.0,19.444444444444443,13,8,5.526592254638672,RoadOption.STRAIGHT,12.235600471496582,24.718019485473633,0.0027785214782865796,1.5,0.8,3.0,2.0,8.0,0.6,0.01,0.06,0.5,0.08,0.2,0.35,1.3,12,10.0,14.0,0.9,1.2,0.6,0.01,0.06,0.65,0.3,0.72,0.005,0.38,0.22,0.01,0.14,1.0,0.28
lqr,ground_truth,gentle_curve,1700.0,0.05,0.1,1.0,1674.7952883429825,2.005584478378296,24.64903450012207,6.03597034540542,13.408474099039022,-0.040559897859035514,0.007631027249074052,0.040559897859035514,0.007631027249074052,-0.0029397192411124706,-0.0008241045288741589,1.0,0.0,19.444444444444443,13,8,5.230326175689697,RoadOption.STRAIGHT,12.235600471496582,24.718019485473633,0.0027785214782865796,1.5,0.8,3.0,2.0,8.0,0.6,0.01,0.06,0.5,0.08,0.2,0.35,1.3,12,10.0,14.0,0.9,1.2,0.6,0.01,0.06,0.65,0.3,0.72,0.005,0.38,0.22,0.01,0.14,1.0,0.28
lqr,ground_truth,gentle_curve,1700.0,0.05,0.1,1.0,1674.8452883437276,2.3152880668640137,24.651947021484375,6.303658653648498,13.140785790795945,-0.03850790470460497,0.0073474640511159706,0.03850790470460497,0.0073474640511159706,-0.0027780544478446245,0.0001616647932678461,1.0,0.0,19.444444444444443,14,8,4.920608997344971,RoadOption.STRAIGHT,13.235596656799316,24.720796585083008,0.0027785214782865796,1.5,0.8,3.0,2.0,8.0,0.6,0.01,0.06,0.5,0.08,0.2,0.35,1.3,12,10.0,14.0,0.9,1.2,0.6,0.01,0.06,0.65,0.3,0.72,0.005,0.38,0.22,0.01,0.14,1.0,0.28
lqr,ground_truth,gentle_curve,1700.0,0.05,0.1,1.0,1674.8952883444726,2.640803813934326,24.654863357543945,6.651287592330086,12.793156852114357,-0.03649652148507683,0.007062710753045653,0.03649652148507683,0.007062710753045653,-0.003652562852948904,-0.0008745084051042795,1.0,0.0,19.444444444444443,14,9,5.5950541496276855,RoadOption.STRAIGHT,13.235596656799316,24.720796585083008,0.0027785214782865796,1.5,0.8,3.0,2.0,8.0,0.6,0.01,0.06,0.5,0.08,0.2,0.35,1.3,12,10.0,14.0,0.9,1.2,0.6,0.01,0.06,0.65,0.3,0.72,0.005,0.38,0.22,0.01,0.14,1.0,0.28
lqr,ground_truth,gentle_curve,1700.0,0.05,0.1,1.0,1674.9452883452177,2.983085870742798,24.657739639282227,6.974819771955889,12.469624672488553,-0.034571287672274305,0.0067611171222696775,0.034571287672274305,0.0067611171222696775,-0.0035226501058787107,0.0001299127470701933,1.0,0.0,19.444444444444443,14,9,5.252760410308838,RoadOption.STRAIGHT,13.235596656799316,24.720796585083008,0.0027785214782865796,1.5,0.8,3.0,2.0,8.0,0.6,0.01,0.06,0.5,0.08,0.2,0.35,1.3,12,10.0,14.0,0.9,1.2,0.6,0.01,0.06,0.65,0.3,0.72,0.005,0.38,0.22,0.01,0.14,1.0,0.28
lqr,ground_truth,gentle_curve,1700.0,0.05,0.1,1.0,1674.9952883459628,3.3441600799560547,24.66067886352539,7.385189516240334,12.059254928204108,-0.03263532592944844,0.006173287769770219,0.03263532592944844,0.006173287769770219,-0.003001454519107938,0.0005211955867707729,1.0,0.0,19.444444444444443,15,9,4.891674041748047,RoadOption.STRAIGHT,14.23559284210205,24.723575592041016,0.0027785214782865796,1.5,0.8,3.0,2.0,8.0,0.6,0.01,0.06,0.5,0.08,0.2,0.35,1.3,12,10.0,14.0,0.9,1.2,0.6,0.01,0.06,0.65,0.3,0.72,0.005,0.38,0.22,0.01,0.14,1.0,0.28
lqr,ground_truth,gentle_curve,1700.0,0.05,0.1,1.0,1675.0452883467078,3.7234737873077393,24.663585662841797,7.723151947557807,11.721292496886637,-0.030781049345896802,0.005748715913727498,0.030781049345896802,0.005748715913727498,-0.0025824850890785456,0.00041896943002939224,1.0,0.0,19.444444444444443,15,10,5.512331008911133,RoadOption.STRAIGHT,14.23559284210205,24.723575592041016,0.0027785214782865796,1.5,0.8,3.0,2.0,8.0,0.6,0.01,0.06,0.5,0.08,0.2,0.35,1.3,12,10.0,14.0,0.9,1.2,0.6,0.01,0.06,0.65,0.3,0.72,0.005,0.38,0.22,0.01,0.14,1.0,0.28
lqr,ground_truth,gentle_curve,1700.0,0.05,0.1,1.0,1675.0952883474529,4.121748447418213,24.66650390625,8.125123916845673,11.31932052759877,-0.028969430475868023,0.0054541052785834765,0.028969430475868023,0.0054541052785834765,-0.003456235397607088,-0.0008737503085285425,1.0,0.0,19.444444444444443,15,10,5.114046096801758,RoadOption.STRAIGHT,14.23559284210205,24.723575592041016,0.0027785214782865796,1.5,0.8,3.0,2.0,8.0,0.6,0.01,0.06,0.5,0.08,0.2,0.35,1.3,12,10.0,14.0,0.9,1.2,0.6,0.01,0.06,0.65,0.3,0.72,0.005,0.38,0.22,0.01,0.14,1.0,0.28
lqr,ground_truth,gentle_curve,1700.0,0.05,0.1,1.0,1675.145288348198,4.53865385055542,24.669418334960938,8.48122690691901,10.963217537525432,-0.02721339214142899,0.004976507908672545,0.02721339214142899,0.004976507908672545,-0.002729675266891718,0.0007265601307153702,1.0,0.0,19.444444444444443,16,10,4.6971306800842285,RoadOption.STRAIGHT,15.235589027404785,24.726354598999023,0.0027785214782865796,1.5,0.8,3.0,2.0,8.0,0.6,0.01,0.06,0.5,0.08,0.2,0.35,1.3,12,10.0,14.0,0.9,1.2,0.6,0.01,0.06,0.65,0.3,0.72,0.005,0.38,0.22,0.01,0.14,1.0,0.28
lqr,ground_truth,gentle_curve,1700.0,0.05,0.1,1.0,1675.195288348943,4.974800109863281,24.67230224609375,8.883925824801793,10.56051861964265,-0.02554182125748422,0.004482880077504525,0.02554182125748422,0.004482880077504525,-0.002401725621894002,0.00032794964499771595,1.0,0.0,19.444444444444443,16,11,5.260961532592773,RoadOption.STRAIGHT,15.235589027404785,24.726354598999023,0.0027785214782865796,1.5,0.8,3.0,2.0,8.0,0.6,0.01,0.06,0.5,0.08,0.2,0.35,1.3,12,10.0,14.0,0.9,1.2,0.6,0.01,0.06,0.65,0.3,0.72,0.005,0.38,0.22,0.01,0.14,1.0,0.28
lqr,ground_truth,gentle_curve,1700.0,0.05,0.1,1.0,1675.245288349688,5.430232524871826,24.675167083740234,9.262931396524662,10.18151304791978,-0.023942421788312684,0.004054446637881348,0.023942421788312684,0.004054446637881348,-0.0018545192433521152,0.0005472063785418868,1.0,0.0,19.444444444444443,17,11,4.805520534515381,RoadOption.STRAIGHT,16.235586166381836,24.72913360595703,0.0027785214782865796,1.5,0.8,3.0,2.0,8.0,0.6,0.01,0.06,0.5,0.08,0.2,0.35,1.3,12,10.0,14.0,0.9,1.2,0.6,0.01,0.06,0.65,0.3,0.72,0.005,0.38,0.22,0.01,0.14,1.0,0.28
lqr,ground_truth,gentle_curve,1700.0,0.05,0.1,1.0,1675.295288350433,5.906023025512695,24.67803955078125,9.67850518203914,9.765939262405302,-0.022392447186291048,0.0036709654849236273,0.022392447186291048,0.0036709654849236273,-0.001781428582035005,7.309066131711006e-05,1.0,0.0,19.444444444444443,17,12,5.329711437225342,RoadOption.STRAIGHT,16.235586166381836,24.72913360595703,0.0027785214782865796,1.5,0.8,3.0,2.0,8.0,0.6,0.01,0.06,0.5,0.08,0.2,0.35,1.3,12,10.0,14.0,0.9,1.2,0.6,0.01,0.06,0.65,0.3,0.72,0.005,0.38,0.22,0.01,0.14,1.0,0.28
lqr,ground_truth,gentle_curve,1700.0,0.05,0.1,1.0,1675.3452883511782,6.4013671875,24.680908203125,10.058058600680772,9.386385843763671,-0.020900128538106355,0.003322602168097877,0.020900128538106355,0.003322602168097877,-0.0014379563508555293,0.0003434722311794758,1.0,0.0,19.444444444444443,18,12,4.834359169006348,RoadOption.STRAIGHT,17.23558235168457,24.731910705566406,0.0027785214782865796,1.5,0.8,3.0,2.0,8.0,0.6,0.01,0.06,0.5,0.08,0.2,0.35,1.3,12,10.0,14.0,0.9,1.2,0.6,0.01,0.06,0.65,0.3,0.72,0.005,0.38,0.22,0.01,0.14,1.0,0.28
lqr,ground_truth,gentle_curve,1700.0,0.05,0.1,1.0,1675.3952883519232,6.915398597717285,24.683767318725586,10.426573059020825,9.017871385423618,-0.01946975837686836,0.003010179562569437,0.01946975837686836,0.003010179562569437,-0.0014049842720851302,3.2972078770399094e-05,1.0,0.0,19.444444444444443,18,13,5.3203125,RoadOption.STRAIGHT,17.23558235168457,24.731910705566406,0.0027785214782865796,1.5,0.8,3.0,2.0,8.0,0.6,0.01,0.06,0.5,0.08,0.2,0.35,1.3,12,10.0,14.0,0.9,1.2,0.6,0.01,0.06,0.65,0.3,0.72,0.005,0.38,0.22,0.01,0.14,1.0,0.28
lqr,ground_truth,gentle_curve,1700.0,0.05,0.1,1.0,1675.4452883526683,7.447350978851318,24.686601638793945,10.780062186565344,8.6643822578791,-0.018113488463851135,0.002721252591728174,0.018113488463851135,0.002721252591728174,-0.001160985790193081,0.0002439984818920493,1.0,0.0,19.444444444444443,19,13,4.788352966308594,RoadOption.STRAIGHT,18.235578536987305,24.734689712524414,0.0027785214782865796,1.5,0.8,3.0,2.0,8.0,0.6,0.01,0.06,0.5,0.08,0.2,0.35,1.3,12,10.0,14.0,0.9,1.2,0.6,0.01,0.06,0.65,0.3,0.72,0.005,0.38,0.22,0.01,0.14,1.0,0.28
lqr,ground_truth,gentle_curve,1700.0,0.05,0.1,1.0,1675.4952883534133,7.996730804443359,24.689411163330078,11.12545495057682,8.318989493867623,-0.016829018039337645,0.00245755387072899,0.016829018039337645,0.00245755387072899,-0.0010957509512081742,6.523483898490667e-05,1.0,0.0,19.444444444444443,19,14,5.238959789276123,RoadOption.STRAIGHT,18.235578536987305,24.734689712524414,0.0027785214782865796,1.5,0.8,3.0,2.0,8.0,0.6,0.01,0.06,0.5,0.08,0.2,0.35,1.3,12,10.0,14.0,0.9,1.2,0.6,0.01,0.06,0.65,0.3,0.72,0.005,0.38,0.22,0.01,0.14,1.0,0.28
lqr,ground_truth,gentle_curve,1700.0,0.05,0.1,1.0,1675.5452883541584,8.563173294067383,24.69219207763672,11.464373047361272,7.9800713970831705,-0.015621985065810026,0.0022144868459483824,0.015621985065810026,0.0022144868459483824,-0.0008949487819336355,0.00020080216927453876,1.0,0.0,19.444444444444443,20,14,4.672511100769043,RoadOption.STRAIGHT,19.23557472229004,24.737468719482422,0.0027785214782865796,1.5,0.8,3.0,2.0,8.0,0.6,0.01,0.06,0.5,0.08,0.2,0.35,1.3,12,10.0,14.0,0.9,1.2,0.6,0.01,0.06,0.65,0.3,0.72,0.005,0.38,0.22,0.01,0.14,1.0,0.28
lqr,ground_truth,gentle_curve,1700.0,0.05,0.1,1.0,1675.5952883549035,9.14642333984375,24.69495391845703,11.798847888056507,7.645596556387936,-0.01448121452749033,0.001994863961138904,0.01448121452749033,0.001994863961138904,-0.0008364006062038243,5.854817572981119e-05,1.0,0.0,19.444444444444443,20,15,5.089250087738037,RoadOption.STRAIGHT,19.23557472229004,24.737468719482422,0.0027785214782865796,1.5,0.8,3.0,2.0,8.0,0.6,0.01,0.06,0.5,0.08,0.2,0.35,1.3,12,10.0,14.0,0.9,1.2,0.6,0.01,0.06,0.65,0.3,0.72,0.005,0.38,0.22,0.01,0.14,1.0,0.28
lqr,ground_truth,gentle_curve,1700.0,0.05,0.1,1.0,1675.6452883556485,9.746296882629395,24.69768714904785,12.130029998247524,7.314414446196919,-0.01341475386545116,0.0017950114063824962,0.01341475386545116,0.0017950114063824962,-0.0006909197545610368,0.00014548085164278746,1.0,0.0,19.444444444444443,21,15,4.489370822906494,RoadOption.STRAIGHT,20.235570907592773,24.74024772644043,0.0027785214782865796,1.5,0.8,3.0,2.0,8.0,0.6,0.01,0.06,0.5,0.08,0.2,0.35,1.3,12,10.0,14.0,0.9,1.2,0.6,0.01,0.06,0.65,0.3,0.72,0.005,0.38,0.22,0.01,0.14,1.0,0.28
lqr,ground_truth,gentle_curve,1700.0,0.05,0.1,1.0,1675.6952883563936,10.362653732299805,24.70040512084961,12.45874331958036,6.985701124864082,-0.012409840023684298,0.0016151211165316148,0.012409840023684298,0.0016151211165316148,-0.0006430575740523636,4.786218050867319e-05,1.0,0.0,19.444444444444443,22,16,4.87300443649292,RoadOption.STRAIGHT,21.235567092895508,24.743024826049805,0.0027785214782865796,1.5,0.8,3.0,2.0,8.0,0.6,0.01,0.06,0.5,0.08,0.2,0.35,1.3,12,10.0,14.0,0.9,1.2,0.6,0.01,0.06,0.65,0.3,0.72,0.005,0.38,0.22,0.01,0.14,1.0,0.28
lqr,ground_truth,gentle_curve,1700.0,0.05,0.1,1.0,1675.7452883571386,10.99538803100586,24.703102111816406,12.7855442225136,6.658900221930843,-0.011471409321443178,0.0014518542573989102,0.011471409321443178,0.0014518542573989102,-0.0005392569000832736,0.00010380067396908998,1.0,0.0,19.444444444444443,22,17,5.240262985229492,RoadOption.STRAIGHT,21.235567092895508,24.743024826049805,0.0027785214782865796,1.5,0.8,3.0,2.0,8.0,0.6,0.01,0.06,0.5,0.08,0.2,0.35,1.3,12,10.0,14.0,0.9,1.2,0.6,0.01,0.06,0.65,0.3,0.72,0.005,0.38,0.22,0.01,0.14,1.0,0.28
lqr,ground_truth,gentle_curve,1700.0,0.05,0.1,1.0,1675.7952883578837,11.644415855407715,24.705785751342773,13.110816288906637,6.333628155537806,-0.010591115583919486,0.0013045557017590248,0.010591115583919486,0.0013045557017590248,-0.0005020464304834604,3.721046959981322e-05,1.0,0.0,19.444444444444443,23,17,4.5912299156188965,RoadOption.STRAIGHT,22.235563278198242,24.745803833007812,0.0027785214782865796,1.5,0.8,3.0,2.0,8.0,0.6,0.01,0.06,0.5,0.08,0.2,0.35,1.3,12,10.0,14.0,0.9,1.2,0.6,0.01,0.06,0.65,0.3,0.72,0.005,0.38,0.22,0.01,0.14,1.0,0.28
lqr,ground_truth,gentle_curve,1700.0,0.05,0.1,1.0,1675.8452883586287,12.309672355651855,24.70844841003418,13.434820812859149,6.009623631585294,-0.009775475852298427,0.0011704977900901525,0.009775475852298427,0.0011704977900901525,-0.00040838829590938985,9.365813457407057e-05,1.0,0.0,19.444444444444443,24,18,4.925966262817383,RoadOption.STRAIGHT,23.235559463500977,24.74858283996582,0.0027785214782865796,1.5,0.8,3.0,2.0,8.0,0.6,0.01,0.06,0.5,0.08,0.2,0.35,1.3,12,10.0,14.0,0.9,1.2,0.6,0.01,0.06,0.65,0.3,0.72,0.005,0.38,0.22,0.01,0.14,1.0,0.28
lqr,ground_truth,gentle_curve,1700.0,0.05,0.1,1.0,1675.8952883593738,12.991093635559082,24.711103439331055,13.757739966801658,5.686704477642785,-0.00901428695672349,0.001050341891400297,0.00901428695672349,0.001050341891400297,-0.0003753947385121137,3.299355739727616e-05,1.0,0.0,19.444444444444443,24,19,5.244538307189941,RoadOption.STRAIGHT,23.235559463500977,24.74858283996582,0.0027785214782865796,1.5,0.8,3.0,2.0,8.0,0.6,0.01,0.06,0.5,0.08,0.2,0.35,1.3,12,10.0,14.0,0.9,1.2,0.6,0.01,0.06,0.65,0.3,0.72,0.005,0.38,0.22,0.01,0.14,1.0,0.28
lqr,ground_truth,gentle_curve,1700.0,0.05,0.1,1.0,1675.9452883601189,13.688634872436523,24.71375274658203,14.079699707926467,5.3647447365179755,-0.008303120747172236,0.0009423954419816027,0.008303120747172236,0.0009423954419816027,-0.0003148432297166437,6.055150879547e-05,1.0,0.0,19.444444444444443,25,19,4.54699182510376,RoadOption.STRAIGHT,24.23555564880371,24.751361846923828,0.0027785214782865796,1.5,0.8,3.0,2.0,8.0,0.6,0.01,0.06,0.5,0.08,0.2,0.35,1.3,12,10.0,14.0,0.9,1.2,0.6,0.01,0.06,0.65,0.3,0.72,0.005,0.38,0.22,0.01,0.14,1.0,0.28
lqr,ground_truth,gentle_curve,1700.0,0.05,0.1,1.0,1675.995288360864,14.402247428894043,24.716398239135742,14.400785441921355,5.043659002523087,-0.007640912596169667,0.0008457398593169074,0.007640912596169667,0.0008457398593169074,-0.0002946294844150543,2.021374530158937e-05,1.0,0.0,19.444444444444443,26,20,4.833373546600342,RoadOption.STRAIGHT,25.235551834106445,24.754138946533203,0.0027785214782865796,1.5,0.8,3.0,2.0,8.0,0.6,0.01,0.06,0.5,0.08,0.2,0.35,1.3,12,10.0,14.0,0.9,1.2,0.6,0.01,0.06,0.65,0.3,0.72,0.005,0.38,0.22,0.01,0.14,1.0,0.28
lqr,ground_truth,gentle_curve,1700.0,0.05,0.1,1.0,1676.045288361609,15.131889343261719,24.719039916992188,14.721063413725922,4.723381030718521,-0.007027056985637391,0.0007581837571426497,0.007027056985637391,0.0007581837571426497,-0.0002514396037440747,4.318988067097962e-05,1.0,0.0,19.444444444444443,26,21,5.103725910186768,RoadOption.STRAIGHT,25.235551834106445,24.754138946533203,0.0027785214782865796,1.5,0.8,3.0,2.0,8.0,0.6,0.01,0.06,0.5,0.08,0.2,0.35,1.3,12,10.0,14.0,0.9,1.2,0.6,0.01,0.06,0.65,0.3,0.72,0.005,0.38,0.22,0.01,0.14,1.0,0.28
lqr,ground_truth,gentle_curve,1700.0,0.05,0.1,1.0,1676.095288362354,15.877524375915527,24.7216796875,15.040574072996874,4.403870371447569,-0.006459056955033704,0.0006788787730100942,0.006459056955033704,0.0006788787730100942,-0.000234198771067895,1.7240832676179707e-05,1.0,0.0,19.444444444444443,27,21,4.358086109161377,RoadOption.STRAIGHT,26.23554801940918,24.75691795349121,0.0027785214782865796,1.5,0.8,3.0,2.0,8.0,0.6,0.01,0.06,0.5,0.08,0.2,0.35,1.3,12,10.0,14.0,0.9,1.2,0.6,0.01,0.06,0.65,0.3,0.72,0.005,0.38,0.22,0.01,0.14,1.0,0.28
lqr,ground_truth,gentle_curve,1700.0,0.05,0.1,1.0,1676.145288363099,16.639110565185547,24.724315643310547,15.359344744033697,4.085099700410746,-0.005937773766762026,0.0006064977476372135,0.005937773766762026,0.0006064977476372135,-0.00018031630315817893,5.388246790971607e-05,1.0,0.0,19.444444444444443,28,22,4.596495151519775,RoadOption.STRAIGHT,27.235544204711914,24.75969696044922,-6.280406564898198,1.5,0.8,3.0,2.0,8.0,0.6,0.01,0.06,0.5,0.08,0.2,0.35,1.3,12,10.0,14.0,0.9,1.2,0.6,0.01,0.06,0.65,0.3,0.72,0.005,0.38,0.22,0.01,0.14,1.0,0.28
lqr,ground_truth,gentle_curve,1700.0,0.05,0.1,1.0,1676.1952883638442,17.41661834716797,24.726959228515625,15.677397846450127,3.767046597994316,-0.005455006985077946,0.0005422032132575971,0.005455006985077946,0.0005422032132575971,-0.00016481027705594897,1.5506026102229953e-05,1.0,0.0,19.444444444444443,29,23,4.818982124328613,RoadOption.STRAIGHT,28.235538482666016,24.762474060058594,-6.280406564898198,1.5,0.8,3.0,2.0,8.0,0.6,0.01,0.06,0.5,0.08,0.2,0.35,1.3,12,10.0,14.0,0.9,1.2,0.6,0.01,0.06,0.65,0.3,0.72,0.005,0.38,0.22,0.01,0.14,1.0,0.28
lqr,ground_truth,gentle_curve,1700.0,0.05,0.1,1.0,1676.2452883645892,18.210004806518555,24.729610443115234,15.994750995267516,3.4496934491769267,-0.005008730027658904,0.00048535408666028346,0.005008730027658904,0.00048535408666028346,-0.00013691314961761236,2.789712743833661e-05,1.0,0.0,19.444444444444443,29,24,5.025590419769287,RoadOption.STRAIGHT,28.235538482666016,24.762474060058594,-6.280406564898198,1.5,0.8,3.0,2.0,8.0,0.6,0.01,0.06,0.5,0.08,0.2,0.35,1.3,12,10.0,14.0,0.9,1.2,0.6,0.01,0.06,0.65,0.3,0.72,0.005,0.38,0.22,0.01,0.14,1.0,0.28
lqr,ground_truth,gentle_curve,1700.0,0.05,0.1,1.0,1676.2952883653343,19.01923942565918,24.73227310180664,16.31141299637874,3.1330314480657044,-0.00459455449149989,0.0004350723569226389,0.00459455449149989,0.0004350723569226389,-0.00013412462431006134,2.7885253075510263e-06,1.0,0.0,19.444444444444443,30,24,4.2163519859313965,RoadOption.STRAIGHT,29.23553466796875,24.7652530670166,-6.280406564898198,1.5,0.8,3.0,2.0,8.0,0.6,0.01,0.06,0.5,0.08,0.2,0.35,1.3,12,10.0,14.0,0.9,1.2,0.6,0.01,0.06,0.65,0.3,0.72,0.005,0.38,0.22,0.01,0.14,1.0,0.28
lqr,ground_truth,gentle_curve,1700.0,0.05,0.1,1.0,1676.3452883660793,19.84428596496582,24.73494529724121,16.627395016256592,2.8170494281878504,-0.0042152648790815695,0.0003895598701606495,0.0042152648790815695,0.0003895598701606495,-0.0001165817302535288,1.7542894056532532e-05,1.0,0.0,19.444444444444443,31,25,4.391300678253174,RoadOption.STRAIGHT,30.235530853271484,24.76803207397461,-6.280406564898198,1.5,0.8,3.0,2.0,8.0,0.6,0.01,0.06,0.5,0.08,0.2,0.35,1.3,12,10.0,14.0,0.9,1.2,0.6,0.01,0.06,0.65,0.3,0.72,0.005,0.38,0.22,0.01,0.14,1.0,0.28
lqr,ground_truth,gentle_curve,1700.0,0.05,0.1,1.0,1676.3952883668244,20.68511199951172,24.737628936767578,16.942698223760708,2.501746220683735,-0.003866467487796614,0.00034795213931770874,0.003866467487796614,0.00034795213931770874,-0.00010088557610288262,1.569615415064618e-05,1.0,0.0,19.444444444444443,32,26,4.550469875335693,RoadOption.STRAIGHT,31.23552703857422,24.770809173583984,-6.280406564898198,1.5,0.8,3.0,2.0,8.0,0.6,0.01,0.06,0.5,0.08,0.2,0.35,1.3,12,10.0,14.0,0.9,1.2,0.6,0.01,0.06,0.65,0.3,0.72,0.005,0.38,0.22,0.01,0.14,1.0,0.28
lqr,ground_truth,gentle_curve,1700.0,0.05,0.1,1.0,1676.4452883675694,21.54168701171875,24.740333557128906,17.257334021334326,2.1871104231101164,-0.003542355500196997,0.000310291036359267,0.003542355500196997,0.000310291036359267,-7.878228643676266e-05,2.2103289666119963e-05,0.9847033023834229,0.0,19.444444444444443,33,27,4.693890571594238,RoadOption.STRAIGHT,32.23552322387695,24.773588180541992,-6.280406564898198,1.5,0.8,3.0,2.0,8.0,0.6,0.01,0.06,0.5,0.08,0.2,0.35,1.3,12,10.0,14.0,0.9,1.2,0.6,0.01,0.06,0.65,0.3,0.72,0.005,0.38,0.22,0.01,0.14,1.0,0.28
lqr,ground_truth,gentle_curve,1700.0,0.05,0.1,1.0,1676.4952883683145,22.4139404296875,24.743051528930664,17.56995969362399,1.8744847508204536,-0.00324739022363393,0.00027685510088915066,0.00324739022363393,0.00027685510088915066,-8.005333074834198e-05,-1.2710443115793169e-06,0.7995400428771973,0.0,19.444444444444443,34,28,4.8216328620910645,RoadOption.STRAIGHT,33.23551940917969,24.7763671875,-6.280406564898198,1.5,0.8,3.0,2.0,8.0,0.6,0.01,0.06,0.5,0.08,0.2,0.35,1.3,12,10.0,14.0,0.9,1.2,0.6,0.01,0.06,0.65,0.3,0.72,0.005,0.38,0.22,0.01,0.14,1.0,0.28
lqr,ground_truth,gentle_curve,1700.0,0.05,0.1,1.0,1676.5452883690596,23.301462173461914,24.745790481567383,17.865750996498065,1.5786934479463781,-0.002973005264994017,0.0002469525351997959,0.002973005264994017,0.0002469525351997959,-5.6179764214903116e-05,2.387356653343886e-05,0.6422665119171143,0.0,19.444444444444443,35,29,4.934104919433594,RoadOption.STRAIGHT,34.23551940917969,24.779146194458008,-6.280406564898198,1.5,0.8,3.0,2.0,8.0,0.6,0.01,0.06,0.5,0.08,0.2,0.35,1.3,12,10.0,14.0,0.9,1.2,0.6,0.01,0.06,0.65,0.3,0.72,0.005,0.38,0.22,0.01,0.14,1.0,0.28
lqr,ground_truth,gentle_curve,1700.0,0.05,0.1,1.0,1676.5952883698046,24.202388763427734,24.74854278564453,18.112723759238655,1.331720685205788,-0.0027244195236682846,0.0002208228677460511,0.0027244195236682846,0.0002208228677460511,-5.592760135186836e-05,2.52162863034755e-07,0.552665114402771,0.0,19.444444444444443,35,30,5.033173561096191,RoadOption.STRAIGHT,34.23551940917969,24.779146194458008,-6.280406564898198,1.5,0.8,3.0,2.0,8.0,0.6,0.01,0.06,0.5,0.08,0.2,0.35,1.3,12,10.0,14.0,0.9,1.2,0.6,0.01,0.06,0.65,0.3,0.72,0.005,0.38,0.22,0.01,0.14,1.0,0.28
lqr,ground_truth,gentle_curve,1700.0,0.05,0.1,1.0,1676.6452883705497,25.11370277404785,24.751298904418945,18.294115860486325,1.1503285839581174,-0.0025006149039111785,0.0001981269616084802,0.0025006149039111785,0.0001981269616084802,-4.697364420280792e-05,8.953957149060443e-06,0.5225266218185425,0.0,19.444444444444443,36,30,4.121855735778809,RoadOption.STRAIGHT,35.23551559448242,24.781923294067383,-6.280406564898198,1.5,0.8,3.0,2.0,8.0,0.6,0.01,0.06,0.5,0.08,0.2,0.35,1.3,12,10.0,14.0,0.9,1.2,0.6,0.01,0.06,0.65,0.3,0.72,0.005,0.38,0.22,0.01,0.14,1.0,0.28
lqr,ground_truth,gentle_curve,1700.0,0.05,0.1,1.0,1676.6952883712947,26.03215217590332,24.75404930114746,18.413475133071277,1.0309693113731662,-0.0023026278194801606,0.00017834778902781068,0.0023026278194801606,0.00017834778902781068,-4.5092667278368026e-05,1.8809769244398922e-06,0.5253504514694214,0.0,19.444444444444443,37,31,4.203402042388916,RoadOption.STRAIGHT,36.235511779785156,24.78470230102539,-6.280406564898198,1.5,0.8,3.0,2.0,8.0,0.6,0.01,0.06,0.5,0.08,0.2,0.35,1.3,12,10.0,14.0,0.9,1.2,0.6,0.01,0.06,0.65,0.3,0.72,0.005,0.38,0.22,0.01,0.14,1.0,0.28
lqr,ground_truth,gentle_curve,1700.0,0.05,0.1,1.0,1676.7452883720398,26.955055236816406,24.756803512573242,18.484994157084422,0.9594502873600206,-0.002111294266045975,0.0001609555786039607,0.002111294266045975,0.0001609555786039607,-3.442288652877323e-05,1.0669780749594793e-05,0.5398473143577576,0.0,19.444444444444443,38,32,4.2804951667785645,RoadOption.STRAIGHT,37.235504150390625,24.7874813079834,-6.280406564898198,1.5,0.8,3.0,2.0,8.0,0.6,0.01,0.06,0.5,0.08,0.2,0.35,1.3,12,10.0,14.0,0.9,1.2,0.6,0.01,0.06,0.65,0.3,0.72,0.005,0.38,0.22,0.01,0.14,1.0,0.28
lqr,ground_truth,gentle_curve,1700.0,0.05,0.1,1.0,1676.7952883727849,27.880512237548828,24.75954246520996,18.52452508575516,0.9199193586892811,-0.0019442235154610715,0.00014598205940430375,0.0019442235154610715,0.00014598205940430375,-3.266512794652954e-05,1.7577585822436959e-06,0.5545145273208618,0.0,19.444444444444443,39,33,4.355033874511719,RoadOption.STRAIGHT,38.235504150390625,24.790260314941406,-6.280406564898198,1.5,0.8,3.0,2.0,8.0,0.6,0.01,0.06,0.5,0.08,0.2,0.35,1.3,12,10.0,14.0,0.9,1.2,0.6,0.01,0.06,0.65,0.3,0.72,0.005,0.38,0.22,0.01,0.14,1.0,0.28
lqr,ground_truth,gentle_curve,1700.0,0.05,0.1,1.0,1676.84528837353,28.80733299255371,24.762271881103516,18.544911954491536,0.8995324899529074,-0.0017904789880032815,0.00013308185272720152,0.0017904789880032815,0.00013308185272720152,-3.29388931277208e-05,-2.737651811912656e-07,0.5652552247047424,0.0,19.444444444444443,40,34,4.428208827972412,RoadOption.STRAIGHT,39.235496520996094,24.79303741455078,-6.280406564898198,1.5,0.8,3.0,2.0,8.0,0.6,0.01,0.06,0.5,0.08,0.2,0.35,1.3,12,10.0,14.0,0.9,1.2,0.6,0.01,0.06,0.65,0.3,0.72,0.005,0.38,0.22,0.01,0.14,1.0,0.28
lqr,ground_truth,gentle_curve,1700.0,0.05,0.1,1.0,1676.895288374275,29.734840393066406,24.76498794555664,18.554825594207056,0.8896188502373867,-0.0016519832578317708,0.00012147603596446288,0.0016519832578317708,0.00012147603596446288,-3.677478525787592e-05,-3.835892130155116e-06,0.5718749165534973,0.0,19.444444444444443,41,35,4.500701427459717,RoadOption.STRAIGHT,40.235496520996094,24.79581642150879,-6.280406564898198,1.5,0.8,3.0,2.0,8.0,0.6,0.01,0.06,0.5,0.08,0.2,0.35,1.3,12,10.0,14.0,0.9,1.2,0.6,0.01,0.06,0.65,0.3,0.72,0.005,0.38,0.22,0.01,0.14,1.0,0.28
lqr,ground_truth,gentle_curve,1700.0,0.05,0.1,1.0,1676.94528837502,30.66267967224121,24.76769256591797,18.559431087799844,0.885013356644599,-0.0015239570381366477,0.00011032456904835897,0.0015239570381366477,0.00011032456904835897,-2.2790985894971527e-05,1.3983799362904392e-05,0.5754814147949219,0.0,19.444444444444443,42,36,4.5728583335876465,RoadOption.STRAIGHT,41.23548889160156,24.798595428466797,-6.280406564898198,1.5,0.8,3.0,2.0,8.0,0.6,0.01,0.06,0.5,0.08,0.2,0.35,1.3,12,10.0,14.0,0.9,1.2,0.6,0.01,0.06,0.65,0.3,0.72,0.005,0.38,0.22,0.01,0.14,1.0,0.28
lqr,ground_truth,gentle_curve,1700.0,0.05,0.1,1.0,1676.995288375765,31.59067726135254,24.770381927490234,18.561511446952057,0.8829329974923859,-0.0014135367918115694,0.00010038608878559785,0.0014135367918115694,0.00010038608878559785,-1.7040596503647976e-05,5.7503893913235515e-06,0.577263355255127,0.0,19.444444444444443,43,37,4.644856929779053,RoadOption.STRAIGHT,42.23548889160156,24.801374435424805,-6.280406564898198,1.5,0.8,3.0,2.0,8.0,0.6,0.01,0.06,0.5,0.08,0.2,0.35,1.3,12,10.0,14.0,0.9,1.2,0.6,0.01,0.06,0.65,0.3,0.72,0.005,0.38,0.22,0.01,0.14,1.0,0.28
lqr,ground_truth,gentle_curve,1700.0,0.05,0.1,1.0,1677.0452883765101,32.51875305175781,24.7730655670166,18.562453198017675,0.8819912464267681,-0.0013090664703030563,9.223145831782631e-05,0.0013090664703030563,9.223145831782631e-05,-1.734924444463104e-05,-3.0864794098306447e-07,0.5780646204948425,0.0,19.444444444444443,44,38,4.716773509979248,RoadOption.STRAIGHT,43.23548126220703,24.80415153503418,-6.280406564898198,1.5,0.8,3.0,2.0,8.0,0.6,0.01,0.06,0.5,0.08,0.2,0.35,1.3,12,10.0,14.0,0.9,1.2,0.6,0.01,0.06,0.65,0.3,0.72,0.005,0.38,0.22,0.01,0.14,1.0,0.28
lqr,ground_truth,gentle_curve,1700.0,0.05,0.1,1.0,1677.0952883772552,33.446861267089844,24.775741577148438,18.56289524700891,0.8815491974355325,-0.0012122944141760954,8.534911145119395e-05,0.0012122944141760954,8.534911145119395e-05,-2.5465249564149417e-05,-8.116005119518377e-06,0.5783990621566772,0.0,19.444444444444443,45,39,4.788665294647217,RoadOption.STRAIGHT,44.23548126220703,24.806930541992188,-6.280406564898198,1.5,0.8,3.0,2.0,8.0,0.6,0.01,0.06,0.5,0.08,0.2,0.35,1.3,12,10.0,14.0,0.9,1.2,0.6,0.01,0.06,0.65,0.3,0.72,0.005,0.38,0.22,0.01,0.14,1.0,0.28
lqr,ground_truth,gentle_curve,1700.0,0.05,0.1,1.0,1677.1452883780003,34.374996185302734,24.778406143188477,18.563125534220283,0.8813189102241594,-0.001125154464817148,7.854764769810174e-05,0.001125154464817148,7.854764769810174e-05,-1.508038621977903e-05,1.0384863344370387e-05,0.5785149931907654,0.0,19.444444444444443,46,40,4.860522747039795,RoadOption.STRAIGHT,45.2354736328125,24.809709548950195,-6.280406564898198,1.5,0.8,3.0,2.0,8.0,0.6,0.01,0.06,0.5,0.08,0.2,0.35,1.3,12,10.0,14.0,0.9,1.2,0.6,0.01,0.06,0.65,0.3,0.72,0.005,0.38,0.22,0.01,0.14,1.0,0.28
lqr,ground_truth,gentle_curve,1700.0,0.05,0.1,1.0,1677.1952883787453,35.30314254760742,24.781063079833984,18.56326060653696,0.8811838379074821,-0.0010475618218506837,7.226295162965357e-05,0.0010475618218506837,7.226295162965357e-05,-1.2402038009895477e-05,2.678348209883552e-06,0.5785481929779053,0.0,19.444444444444443,47,41,4.932376384735107,RoadOption.STRAIGHT,46.2354736328125,24.81248664855957,-6.280406564898198,1.5,0.8,3.0,2.0,8.0,0.6,0.01,0.06,0.5,0.08,0.2,0.35,1.3,12,10.0,14.0,0.9,1.2,0.6,0.01,0.06,0.65,0.3,0.72,0.005,0.38,0.22,0.01,0.14,1.0,0.28
lqr,ground_truth,gentle_curve,1700.0,0.05,0.1,1.0,1677.2452883794904,36.231292724609375,24.783716201782227,18.563346127480592,0.8810983169638504,-0.0009738156615632602,6.694807271934167e-05,0.0009738156615632602,6.694807271934167e-05,-1.2841590432799421e-05,-4.395524229039438e-07,0.5785563588142395,0.0,19.444444444444443,47,42,5.004218578338623,RoadOption.STRAIGHT,46.2354736328125,24.81248664855957,-6.280406564898198,1.5,0.8,3.0,2.0,8.0,0.6,0.01,0.06,0.5,0.08,0.2,0.35,1.3,12,10.0,14.0,0.9,1.2,0.6,0.01,0.06,0.65,0.3,0.72,0.005,0.38,0.22,0.01,0.14,1.0,0.28
lqr,ground_truth,gentle_curve,1700.0,0.05,0.1,1.0,1677.2952883802354,37.159446716308594,24.786367416381836,18.563404957339674,0.8810394871047684,-0.0009017087188301839,6.228207925218499e-05,0.0009017087188301839,6.228207925218499e-05,-1.5026780602056533e-05,-2.185190169257112e-06,0.5785530805587769,0.0,19.444444444444443,48,42,4.076060771942139,RoadOption.STRAIGHT,47.23546600341797,24.815265655517578,-6.280406564898198,1.5,0.8,3.0,2.0,8.0,0.6,0.01,0.06,0.5,0.08,0.2,0.35,1.3,12,10.0,14.0,0.9,1.2,0.6,0.01,0.06,0.65,0.3,0.72,0.005,0.38,0.22,0.01,0.14,1.0,0.28
lqr,ground_truth,gentle_curve,1700.0,0.05,0.1,1.0,1677.3452883809805,38.08761215209961,24.789003372192383,18.563446620004843,0.8809978244396,-0.0008451498300586155,5.780021840529059e-05,0.0008451498300586155,5.780021840529059e-05,-1.7849592040874995e-05,-2.822811438818462e-06,0.5785486698150635,0.0,19.444444444444443,49,43,4.147895812988281,RoadOption.STRAIGHT,48.23546600341797,24.818044662475586,-6.280406564898198,1.5,0.8,3.0,2.0,8.0,0.6,0.01,0.06,0.5,0.08,0.2,0.35,1.3,12,10.0,14.0,0.9,1.2,0.6,0.01,0.06,0.65,0.3,0.72,0.005,0.38,0.22,0.01,0.14,1.0,0.28
lqr,ground_truth,gentle_curve,1700.0,0.05,0.1,1.0,1677.3952883817255,39.01578140258789,24.791643142700195,18.563473017300787,0.8809714271436562,-0.0007829007176205459,5.310561676097336e-05,0.0007829007176205459,5.310561676097336e-05,-7.3118471846100874e-06,1.0537744856264908e-05,0.578551173210144,0.0,19.444444444444443,50,44,4.219718933105469,RoadOption.STRAIGHT,49.23545837402344,24.820823669433594,-6.280406564898198,1.5,0.8,3.0,2.0,8.0,0.6,0.01,0.06,0.5,0.08,0.2,0.35,1.3,12,10.0,14.0,0.9,1.2,0.6,0.01,0.06,0.65,0.3,0.72,0.005,0.38,0.22,0.01,0.14,1.0,0.28
lqr,ground_truth,gentle_curve,1700.0,0.05,0.1,1.0,1677.4452883824706,39.94395065307617,24.794275283813477,18.563493817358836,0.8809506270856069,-0.0007301671114341348,4.900034353738647e-05,0.0007301671114341348,4.900034353738647e-05,-5.78089611735777e-06,1.5309510672523174e-06,0.5785453915596008,0.0,19.444444444444443,51,45,4.2915496826171875,RoadOption.STRAIGHT,50.23545455932617,24.8236026763916,-6.280406564898198,1.5,0.8,3.0,2.0,8.0,0.6,0.01,0.06,0.5,0.08,0.2,0.35,1.3,12,10.0,14.0,0.9,1.2,0.6,0.01,0.06,0.65,0.3,0.72,0.005,0.38,0.22,0.01,0.14,1.0,0.28
lqr,ground_truth,gentle_curve,1700.0,0.05,0.1,1.0,1677.4952883832157,40.87211990356445,24.796899795532227,18.563508905794695,0.8809355386497479,-0.0006850840704180402,4.5823275581113876e-05,0.0006850840704180402,4.5823275581113876e-05,-1.2230679203639738e-05,-6.449783086281968e-06,0.5785432457923889,0.0,19.444444444444443,52,46,4.363373279571533,RoadOption.STRAIGHT,51.235450744628906,24.82638168334961,-6.280406564898198,1.5,0.8,3.0,2.0,8.0,0.6,0.01,0.06,0.5,0.08,0.2,0.35,1.3,12,10.0,14.0,0.9,1.2,0.6,0.01,0.06,0.65,0.3,0.72,0.005,0.38,0.22,0.01,0.14,1.0,0.28
lqr,ground_truth,gentle_curve,1700.0,0.05,0.1,1.0,1677.5452883839607,41.80029296875,24.79952621459961,18.563520121670898,0.880924322773545,-0.0006361757468167865,4.274321534758485e-05,0.0006361757468167865,4.274321534758485e-05,-5.549941761273658e-06,6.68073744236608e-06,0.5785411596298218,0.0,19.444444444444443,53,47,4.435200214385986,RoadOption.STRAIGHT,52.23544692993164,24.829160690307617,-6.280406564898198,1.5,0.8,3.0,2.0,8.0,0.6,0.01,0.06,0.5,0.08,0.2,0.35,1.3,12,10.0,14.0,0.9,1.2,0.6,0.01,0.06,0.65,0.3,0.72,0.005,0.38,0.22,0.01,0.14,1.0,0.28
lqr,ground_truth,gentle_curve,1700.0,0.05,0.1,1.0,1677.5952883847058,42.72846603393555,24.80215072631836,18.563525703642238,0.8809187408022048,-0.0005911033058476328,3.996692192487217e-05,0.0005911033058476328,3.996692192487217e-05,-7.658705726498738e-06,-2.10876396522508e-06,0.578544557094574,0.0,19.444444444444443,54,48,4.507019519805908,RoadOption.STRAIGHT,53.235443115234375,24.831939697265625,-6.280406564898198,1.5,0.8,3.0,2.0,8.0,0.6,0.01,0.06,0.5,0.08,0.2,0.35,1.3,12,10.0,14.0,0.9,1.2,0.6,0.01,0.06,0.65,0.3,0.72,0.005,0.38,0.22,0.01,0.14,1.0,0.28
lqr,ground_truth,gentle_curve,1700.0,0.05,0.1,1.0,1677.6452883854508,43.656639099121094,24.804767608642578,18.56353126657724,0.8809131778672032,-0.0005536390298610284,3.7491274424539256e-05,0.0005536390298610284,3.7491274424539256e-05,-8.163285201590043e-06,-5.045794750913046e-07,0.5785412192344666,0.0,19.444444444444443,55,49,4.578846454620361,RoadOption.STRAIGHT,54.23543930053711,24.834716796875,-6.280406564898198,1.5,0.8,3.0,2.0,8.0,0.6,0.01,0.06,0.5,0.08,0.2,0.35,1.3,12,10.0,14.0,0.9,1.2,0.6,0.01,0.06,0.65,0.3,0.72,0.005,0.38,0.22,0.01,0.14,1.0,0.28
lqr,ground_truth,gentle_curve,1700.0,0.05,0.1,1.0,1677.695288386196,44.58481216430664,24.807382583618164,18.563533020824476,0.8809114236199669,-0.000518103295237415,3.5060359707017597e-05,0.000518103295237415,3.5060359707017597e-05,-7.806367648299783e-06,3.569175532902591e-07,0.5785447359085083,0.0,19.444444444444443,56,50,4.650666236877441,RoadOption.STRAIGHT,55.235435485839844,24.837495803833008,-6.280406564898198,1.5,0.8,3.0,2.0,8.0,0.6,0.01,0.06,0.5,0.08,0.2,0.35,1.3,12,10.0,14.0,0.9,1.2,0.6,0.01,0.06,0.65,0.3,0.72,0.005,0.38,0.22,0.01,0.14,1.0,0.28
lqr,ground_truth,gentle_curve,1700.0,0.05,0.1,1.0,1677.745288386941,45.51298141479492,24.809993743896484,18.563532880310202,0.8809115641342409,-0.0004863610430581346,3.266091398224091e-05,0.0004863610430581346,3.266091398224091e-05,-6.208552349562524e-06,1.5978152987372596e-06,0.5785471200942993,0.0,19.444444444444443,57,51,4.7224931716918945,RoadOption.STRAIGHT,56.23542785644531,24.840272903442383,-6.280406564898198,1.5,0.8,3.0,2.0,8.0,0.6,0.01,0.06,0.5,0.08,0.2,0.35,1.3,12,10.0,14.0,0.9,1.2,0.6,0.01,0.06,0.65,0.3,0.72,0.005,0.38,0.22,0.01,0.14,1.0,0.28
lqr,ground_truth,gentle_curve,1700.0,0.05,0.1,1.0,1677.795288387686,46.44115447998047,24.812606811523438,18.56353276169235,0.8809116827520924,-0.00045272204965668764,3.042219418958325e-05,0.00045272204965668764,3.042219418958325e-05,-6.075389592297142e-06,1.3316275726538152e-07,0.5785471796989441,0.0,19.444444444444443,58,52,4.794316291809082,RoadOption.STRAIGHT,57.23542404174805,24.84305191040039,-6.280406564898198,1.5,0.8,3.0,2.0,8.0,0.6,0.01,0.06,0.5,0.08,0.2,0.35,1.3,12,10.0,14.0,0.9,1.2,0.6,0.01,0.06,0.65,0.3,0.72,0.005,0.38,0.22,0.01,0.14,1.0,0.28
lqr,ground_truth,gentle_curve,1700.0,0.05,0.1,1.0,1677.845288388431,47.36933135986328,24.815221786499023,18.563532646247058,0.8809117981973849,-0.0004171863150330742,2.83574641226636e-05,0.0004171863150330742,2.83574641226636e-05,-7.273354185599601e-06,-1.1979645933024585e-06,0.5785472393035889,0.0,19.444444444444443,59,53,4.866136074066162,RoadOption.STRAIGHT,58.23542404174805,24.8458309173584,0.0027785214782865796,1.5,0.8,3.0,2.0,8.0,0.6,0.01,0.06,0.5,0.08,0.2,0.35,1.3,12,10.0,14.0,0.9,1.2,0.6,0.01,0.06,0.65,0.3,0.72,0.005,0.38,0.22,0.01,0.14,1.0,0.28
lqr,ground_truth,gentle_curve,1700.0,0.05,0.1,1.0,1677.8952883891761,48.29750442504883,24.817827224731445,18.56353442987893,0.8809100145655115,-0.0003911766867080585,2.6305217623701083e-05,0.0003911766867080585,2.6305217623701083e-05,-1.1022555554518476e-05,-3.7492013689188752e-06,0.5785438418388367,0.0,19.444444444444443,60,54,4.93795919418335,RoadOption.STRAIGHT,59.23542022705078,24.848608016967773,0.0027785214782865796,1.5,0.8,3.0,2.0,8.0,0.6,0.01,0.06,0.5,0.08,0.2,0.35,1.3,12,10.0,14.0,0.9,1.2,0.6,0.01,0.06,0.65,0.3,0.72,0.005,0.38,0.22,0.01,0.14,1.0,0.28
lqr,ground_truth,gentle_curve,1700.0,0.05,0.1,1.0,1677.9452883899212,49.225677490234375,24.82042694091797,18.563536181409198,0.8809082630352449,-0.00036898174092126097,2.3910453236908324e-05,0.00036898174092126097,2.3910453236908324e-05,1.922568117151968e-06,1.2945123671670444e-05,0.5785428285598755,0.0,19.444444444444443,60,55,5.009782791137695,RoadOption.STRAIGHT,59.23542022705078,24.848608016967773,0.0027785214782865796,1.5,0.8,3.0,2.0,8.0,0.6,0.01,0.06,0.5,0.08,0.2,0.35,1.3,12,10.0,14.0,0.9,1.2,0.6,0.01,0.06,0.65,0.3,0.72,0.005,0.38,0.22,0.01,0.14,1.0,0.28
lqr,ground_truth,gentle_curve,1700.0,0.05,0.1,1.0,1677.9952883906662,50.15385055541992,24.823028564453125,18.563536163005857,0.880908281438586,-0.00034651867141970334,2.3910453236908324e-05,0.00034651867141970334,2.3910453236908324e-05,1.095523543881427e-06,-8.270445732705412e-07,0.5785449743270874,0.0,19.444444444444443,61,55,4.081605911254883,RoadOption.STRAIGHT,60.235416412353516,24.85138702392578,0.0027785214782865796,1.5,0.8,3.0,2.0,8.0,0.6,0.01,0.06,0.5,0.08,0.2,0.35,1.3,12,10.0,14.0,0.9,1.2,0.6,0.01,0.06,0.65,0.3,0.72,0.005,0.38,0.22,0.01,0.14,1.0,0.28
lqr,ground_truth,gentle_curve,1700.0,0.05,0.1,1.0,1678.0452883914113,51.08202362060547,24.82563018798828,18.563536119920695,0.8809083245237481,-0.0003243237256329058,2.133883830879313e-05,0.0003243237256329058,2.133883830879313e-05,-4.3654504224832635e-06,-5.4609739663646906e-06,0.5785450339317322,0.0,19.444444444444443,62,56,4.15342903137207,RoadOption.STRAIGHT,61.23541259765625,24.85416603088379,0.0027785214782865796,1.5,0.8,3.0,2.0,8.0,0.6,0.01,0.06,0.5,0.08,0.2,0.35,1.3,12,10.0,14.0,0.9,1.2,0.6,0.01,0.06,0.65,0.3,0.72,0.005,0.38,0.22,0.01,0.14,1.0,0.28
lqr,ground_truth,gentle_curve,1700.0,0.05,0.1,1.0,1678.0952883921564,52.01020050048828,24.828229904174805,18.563536026234093,0.8809084182103497,-0.0003021499799399901,2.133883830879313e-05,0.0003021499799399901,2.133883830879313e-05,-4.505437118496047e-06,-1.399866960127838e-07,0.5785451531410217,0.0,19.444444444444443,63,57,4.225244998931885,RoadOption.STRAIGHT,62.235408782958984,24.856943130493164,0.0027785214782865796,1.5,0.8,3.0,2.0,8.0,0.6,0.01,0.06,0.5,0.08,0.2,0.35,1.3,12,10.0,14.0,0.9,1.2,0.6,0.01,0.06,0.65,0.3,0.72,0.005,0.38,0.22,0.01,0.14,1.0,0.28
lqr,ground_truth,gentle_curve,1700.0,0.05,0.1,1.0,1678.1452883929014,52.93837356567383,24.830829620361328,18.56353594743612,0.8809084970083241,-0.00028186237542229993,2.133883830879313e-05,0.00028186237542229993,2.133883830879313e-05,-1.0767979802039918e-05,-6.26254268354387e-06,0.5785452127456665,0.0,19.444444444444443,64,58,4.297068119049072,RoadOption.STRAIGHT,63.23540496826172,24.859722137451172,0.0027785214782865796,1.5,0.8,3.0,2.0,8.0,0.6,0.01,0.06,0.5,0.08,0.2,0.35,1.3,12,10.0,14.0,0.9,1.2,0.6,0.01,0.06,0.65,0.3,0.72,0.005,0.38,0.22,0.01,0.14,1.0,0.28
lqr,ground_truth,gentle_curve,1700.0,0.05,0.1,1.0,1678.1952883936465,53.866546630859375,24.83342933654785,18.563535813585876,0.880908630858567,-0.00026252883642784164,1.8110015561401127e-05,0.00026252883642784164,1.8110015561401127e-05,-8.397465535381343e-06,2.3705142666585743e-06,0.578545331954956,0.0,19.444444444444443,65,59,4.368895530700684,RoadOption.STRAIGHT,64.23539733886719,24.86250114440918,0.0027785214782865796,1.5,0.8,3.0,2.0,8.0,0.6,0.01,0.06,0.5,0.08,0.2,0.35,1.3,12,10.0,14.0,0.9,1.2,0.6,0.01,0.06,0.65,0.3,0.72,0.005,0.38,0.22,0.01,0.14,1.0,0.28
lqr,ground_truth,gentle_curve,1700.0,0.05,0.1,1.0,1678.2452883943915,54.79471969604492,24.836029052734375,18.56353571441137,0.8809087300330738,-0.00024034974945638318,1.6005234047433703e-05,0.00024034974945638318,1.6005234047433703e-05,2.5799465674936073e-06,1.097741210287495e-05,0.578545331954956,0.0,19.444444444444443,66,60,4.440718650817871,RoadOption.STRAIGHT,65.23539733886719,24.865280151367188,0.0027785214782865796,1.5,0.8,3.0,2.0,8.0,0.6,0.01,0.06,0.5,0.08,0.2,0.35,1.3,12,10.0,14.0,0.9,1.2,0.6,0.01,0.06,0.65,0.3,0.72,0.005,0.38,0.22,0.01,0.14,1.0,0.28
lqr,ground_truth,gentle_curve,1700.0,0.05,0.1,1.0,1678.2952883951366,55.72289276123047,24.838632583618164,18.563535719950522,0.8809087244939207,-0.00021626332121464642,1.6005234047433703e-05,0.00021626332121464642,1.6005234047433703e-05,-5.174345915293088e-06,-7.754292482786695e-06,0.5785452127456665,0.0,19.444444444444443,67,61,4.512541770935059,RoadOption.STRAIGHT,66.23538970947266,24.868057250976562,0.0027785214782865796,1.5,0.8,3.0,2.0,8.0,0.6,0.01,0.06,0.5,0.08,0.2,0.35,1.3,12,10.0,14.0,0.9,1.2,0.6,0.01,0.06,0.65,0.3,0.72,0.005,0.38,0.22,0.01,0.14,1.0,0.28
lqr,ground_truth,gentle_curve,1700.0,0.05,0.1,1.0,1678.3452883958817,56.65106964111328,24.84122085571289,18.563535629330772,0.8809088151136706,-0.00020744622233978376,1.3495776883587496e-05,0.00020744622233978376,1.3495776883587496e-05,-3.842074420390418e-06,1.3322714949026704e-06,0.5785453915596008,0.0,19.444444444444443,68,62,4.584361553192139,RoadOption.STRAIGHT,67.23538970947266,24.87083625793457,0.0027785214782865796,1.5,0.8,3.0,2.0,8.0,0.6,0.01,0.06,0.5,0.08,0.2,0.35,1.3,12,10.0,14.0,0.9,1.2,0.6,0.01,0.06,0.65,0.3,0.72,0.005,0.38,0.22,0.01,0.14,1.0,0.28
lqr,ground_truth,gentle_curve,1700.0,0.05,0.1,1.0,1678.3952883966267,57.57924270629883,24.843807220458984,18.563535562053183,0.8809088823912603,-0.00019861852426027345,1.3495776883587496e-05,0.00019861852426027345,1.3495776883587496e-05,1.683478444647335e-06,5.525552865037753e-06,0.5785453915596008,0.0,19.444444444444443,69,63,4.656184673309326,RoadOption.STRAIGHT,68.23538208007812,24.873615264892578,0.0027785214782865796,1.5,0.8,3.0,2.0,8.0,0.6,0.01,0.06,0.5,0.08,0.2,0.35,1.3,12,10.0,14.0,0.9,1.2,0.6,0.01,0.06,0.65,0.3,0.72,0.005,0.38,0.22,0.01,0.14,1.0,0.28
lqr,ground_truth,gentle_curve,1700.0,0.05,0.1,1.0,1678.4452883973718,58.507415771484375,24.84639549255371,18.56353555173596,0.8809088927084829,-0.00018979082618076314,1.1582149998634605e-05,0.00018979082618076314,1.1582149998634605e-05,5.02329157825443e-06,3.3398131336070946e-06,0.578545331954956,0.0,19.444444444444443,70,64,4.728008270263672,RoadOption.STRAIGHT,69.23538208007812,24.876394271850586,0.0027785214782865796,1.5,0.8,3.0,2.0,8.0,0.6,0.01,0.06,0.5,0.08,0.2,0.35,1.3,12,10.0,14.0,0.9,1.2,0.6,0.01,0.06,0.65,0.3,0.72,0.005,0.38,0.22,0.01,0.14,1.0,0.28
lqr,ground_truth,gentle_curve,1700.0,0.05,0.1,1.0,1678.4952883981168,59.43558883666992,24.848983764648438,18.563535570093226,0.880908874351217,-0.00018097372730589874,1.1582149998634605e-05,0.00018097372730589874,1.1582149998634605e-05,8.853269406472464e-08,-4.934758884189705e-06,0.578545331954956,0.0,19.444444444444443,71,65,4.799828052520752,RoadOption.STRAIGHT,70.2353744506836,24.87917137145996,0.0027785214782865796,1.5,0.8,3.0,2.0,8.0,0.6,0.01,0.06,0.5,0.08,0.2,0.35,1.3,12,10.0,14.0,0.9,1.2,0.6,0.01,0.06,0.65,0.3,0.72,0.005,0.38,0.22,0.01,0.14,1.0,0.28
lqr,ground_truth,gentle_curve,1700.0,0.05,0.1,1.0,1678.5452883988619,60.36376190185547,24.851572036743164,18.563535538518092,0.8809089059263506,-0.00017213543002174078,1.1582149998634605e-05,0.00017213543002174078,1.1582149998634605e-05,-9.648319064581301e-06,-9.736851758646026e-06,0.5785453915596008,0.0,19.444444444444443,72,66,4.871654987335205,RoadOption.STRAIGHT,71.2353744506836,24.88195037841797,0.0027785214782865796,1.5,0.8,3.0,2.0,8.0,0.6,0.01,0.06,0.5,0.08,0.2,0.35,1.3,12,10.0,14.0,0.9,1.2,0.6,0.01,0.06,0.65,0.3,0.72,0.005,0.38,0.22,0.01,0.14,1.0,0.28
lqr,ground_truth,gentle_curve,1700.0,0.05,0.1,1.0,1678.595288399607,61.29193878173828,24.85416030883789,18.56353542444334,0.880909020001102,-0.0001614215890812492,1.1582149998634605e-05,0.0001614215890812492,1.1582149998634605e-05,-3.8056523408158682e-06,5.842666723765433e-06,0.5785455703735352,0.0,19.444444444444443,73,67,4.9434709548950195,RoadOption.STRAIGHT,72.23536682128906,24.884729385375977,0.0027785214782865796,1.5,0.8,3.0,2.0,8.0,0.6,0.01,0.06,0.5,0.08,0.2,0.35,1.3,12,10.0,14.0,0.9,1.2,0.6,0.01,0.06,0.65,0.3,0.72,0.005,0.38,0.22,0.01,0.14,1.0,0.28
lqr,ground_truth,gentle_curve,1700.0,0.05,0.1,1.0,1678.645288400352,62.22011184692383,24.856746673583984,18.563535388308313,0.8809090561361295,-0.00015449063306736954,1.1582149998634605e-05,0.00015449063306736954,1.1582149998634605e-05,-4.5700221562583465e-06,-7.643698154424783e-07,0.5785454511642456,0.0,19.444444444444443,73,68,5.015297889709473,RoadOption.STRAIGHT,72.23536682128906,24.884729385375977,0.0027785214782865796,1.5,0.8,3.0,2.0,8.0,0.6,0.01,0.06,0.5,0.08,0.2,0.35,1.3,12,10.0,14.0,0.9,1.2,0.6,0.01,0.06,0.65,0.3,0.72,0.005,0.38,0.22,0.01,0.14,1.0,0.28
lqr,ground_truth,gentle_curve,1700.0,0.05,0.1,1.0,1678.695288401097,63.148284912109375,24.85933494567871,18.563535337663836,0.8809091067806065,-0.00014517400816058817,9.00247276680588e-06,0.00014517400816058817,9.00247276680588e-06,3.5179932638129685e-06,8.088015420071315e-06,0.5785455107688904,0.0,19.444444444444443,74,68,4.087121486663818,RoadOption.STRAIGHT,73.23536682128906,24.887508392333984,0.0027785214782865796,1.5,0.8,3.0,2.0,8.0,0.6,0.01,0.06,0.5,0.08,0.2,0.35,1.3,12,10.0,14.0,0.9,1.2,0.6,0.01,0.06,0.65,0.3,0.72,0.005,0.38,0.22,0.01,0.14,1.0,0.28
lqr,ground_truth,gentle_curve,1700.0,0.05,0.1,1.0,1678.7452884018421,64.07646179199219,24.86192512512207,18.563535363523986,0.8809090809204569,-0.00013446016722009485,9.00247276680588e-06,0.00013446016722009485,9.00247276680588e-06,-2.9424438707792433e-07,-3.812237650890893e-06,0.5785453915596008,0.0,19.444444444444443,75,69,4.158936977386475,RoadOption.STRAIGHT,74.23536682128906,24.89028549194336,0.0027785214782865796,1.5,0.8,3.0,2.0,8.0,0.6,0.01,0.06,0.5,0.08,0.2,0.35,1.3,12,10.0,14.0,0.9,1.2,0.6,0.01,0.06,0.65,0.3,0.72,0.005,0.38,0.22,0.01,0.14,1.0,0.28
lqr,ground_truth,gentle_curve,1700.0,0.05,0.1,1.0,1678.7952884025872,65.00463104248047,24.864513397216797,18.56353533794424,0.8809091065002015,-0.00012561127073128925,9.00247276680588e-06,0.00012561127073128925,9.00247276680588e-06,-9.09989103092812e-06,-8.805646643850196e-06,0.5785455107688904,0.0,19.444444444444443,76,70,4.230768203735352,RoadOption.STRAIGHT,75.23535919189453,24.893064498901367,0.0027785214782865796,1.5,0.8,3.0,2.0,8.0,0.6,0.01,0.06,0.5,0.08,0.2,0.35,1.3,12,10.0,14.0,0.9,1.2,0.6,0.01,0.06,0.65,0.3,0.72,0.005,0.38,0.22,0.01,0.14,1.0,0.28
lqr,ground_truth,gentle_curve,1700.0,0.05,0.1,1.0,1678.8452884033322,65.93280792236328,24.867101669311523,18.563535229693496,0.8809092147509467,-0.00011489742979079592,9.00247276680588e-06,0.00011489742979079592,9.00247276680588e-06,-2.984330876643071e-06,6.115560154285049e-06,0.5785456299781799,0.0,19.444444444444443,77,71,4.302583694458008,RoadOption.STRAIGHT,76.2353515625,24.895843505859375,0.0027785214782865796,1.5,0.8,3.0,2.0,8.0,0.6,0.01,0.06,0.5,0.08,0.2,0.35,1.3,12,10.0,14.0,0.9,1.2,0.6,0.01,0.06,0.65,0.3,0.72,0.005,0.38,0.22,0.01,0.14,1.0,0.28
lqr,ground_truth,gentle_curve,1700.0,0.05,0.1,1.0,1678.8952884040773,66.86097717285156,24.86968994140625,18.563535197435396,0.8809092470090469,-0.00010604853330199032,6.149717493908469e-06,0.00010604853330199032,6.149717493908469e-06,5.853855782333994e-06,8.838186658977065e-06,0.5785455703735352,0.0,19.444444444444443,78,72,4.374414920806885,RoadOption.STRAIGHT,77.2353515625,24.898622512817383,0.0027785214782865796,1.5,0.8,3.0,2.0,8.0,0.6,0.01,0.06,0.5,0.08,0.2,0.35,1.3,12,10.0,14.0,0.9,1.2,0.6,0.01,0.06,0.65,0.3,0.72,0.005,0.38,0.22,0.01,0.14,1.0,0.28
lqr,ground_truth,gentle_curve,1700.0,0.05,0.1,1.0,1678.9452884048223,67.78915405273438,24.872278213500977,18.563535244730396,0.880909199714047,-9.72420336317753e-05,6.149717493908469e-06,9.72420336317753e-05,6.149717493908469e-06,1.7806706864575972e-06,-4.073185095876397e-06,0.5785454511642456,0.0,19.444444444444443,79,73,4.446230411529541,RoadOption.STRAIGHT,78.23534393310547,24.901399612426758,0.0027785214782865796,1.5,0.8,3.0,2.0,8.0,0.6,0.01,0.06,0.5,0.08,0.2,0.35,1.3,12,10.0,14.0,0.9,1.2,0.6,0.01,0.06,0.65,0.3,0.72,0.005,0.38,0.22,0.01,0.14,1.0,0.28
lqr,ground_truth,gentle_curve,1700.0,0.05,0.1,1.0,1678.9952884055674,68.71733093261719,24.87486457824707,18.563535236583927,0.8809092078605154,-9.032167682254157e-05,6.149717493908469e-06,9.032167682254157e-05,6.149717493908469e-06,-7.4592749115254264e-06,-9.239945597983024e-06,0.5785455107688904,0.0,19.444444444444443,80,74,4.518054008483887,RoadOption.STRAIGHT,79.23534393310547,24.904178619384766,0.0027785214782865796,1.5,0.8,3.0,2.0,8.0,0.6,0.01,0.06,0.5,0.08,0.2,0.35,1.3,12,10.0,14.0,0.9,1.2,0.6,0.01,0.06,0.65,0.3,0.72,0.005,0.38,0.22,0.01,0.14,1.0,0.28
lqr,ground_truth,gentle_curve,1700.0,0.05,0.1,1.0,1679.0452884063125,69.64550018310547,24.877452850341797,18.56353514415119,0.8809093002932542,-7.956543906345766e-05,6.149717493908469e-06,7.956543906345766e-05,6.149717493908469e-06,-2.0766967736562947e-06,5.382578137869132e-06,0.5785456895828247,0.0,19.444444444444443,81,75,4.5898847579956055,RoadOption.STRAIGHT,80.23533630371094,24.906957626342773,0.0027785214782865796,1.5,0.8,3.0,2.0,8.0,0.6,0.01,0.06,0.5,0.08,0.2,0.35,1.3,12,10.0,14.0,0.9,1.2,0.6,0.01,0.06,0.65,0.3,0.72,0.005,0.38,0.22,0.01,0.14,1.0,0.28
lqr,ground_truth,gentle_curve,1700.0,0.05,0.1,1.0,1679.0952884070575,70.57367706298828,24.880041122436523,18.563535123193546,0.8809093212508969,-7.075893939324264e-05,6.149717493908469e-06,7.075893939324264e-05,6.149717493908469e-06,-4.160340722592082e-06,-2.083643948935787e-06,0.5785456299781799,0.0,19.444444444444443,82,76,4.66170072555542,RoadOption.STRAIGHT,81.23533630371094,24.90973663330078,0.0027785214782865796,1.5,0.8,3.0,2.0,8.0,0.6,0.01,0.06,0.5,0.08,0.2,0.35,1.3,12,10.0,14.0,0.9,1.2,0.6,0.01,0.06,0.65,0.3,0.72,0.005,0.38,0.22,0.01,0.14,1.0,0.28
lqr,ground_truth,gentle_curve,1700.0,0.05,0.1,1.0,1679.1452884078026,71.50184631347656,24.88262939453125,18.563535076187193,0.8809093682572495,-6.193124131373406e-05,4.02308973646015e-06,6.193124131373406e-05,4.02308973646015e-06,2.031623580478481e-06,6.191964303070563e-06,0.5785456895828247,0.0,19.444444444444443,83,77,4.733524322509766,RoadOption.STRAIGHT,82.2353286743164,24.912513732910156,0.0027785214782865796,1.5,0.8,3.0,2.0,8.0,0.6,0.01,0.06,0.5,0.08,0.2,0.35,1.3,12,10.0,14.0,0.9,1.2,0.6,0.01,0.06,0.65,0.3,0.72,0.005,0.38,0.22,0.01,0.14,1.0,0.28
lqr,ground_truth,gentle_curve,1700.0,0.05,0.1,1.0,1679.1952884085476,72.43002319335938,24.885217666625977,18.563535090420192,0.8809093540242507,-5.3103543234223755e-05,4.02308973646015e-06,5.3103543234223755e-05,4.02308973646015e-06,-6.612522611249005e-06,-8.644146191727486e-06,0.5785455703735352,0.0,19.444444444444443,84,78,4.805347442626953,RoadOption.STRAIGHT,83.2353286743164,24.915294647216797,-6.280406564898198,1.5,0.8,3.0,2.0,8.0,0.6,0.01,0.06,0.5,0.08,0.2,0.35,1.3,12,10.0,14.0,0.9,1.2,0.6,0.01,0.06,0.65,0.3,0.72,0.005,0.38,0.22,0.01,0.14,1.0,0.28
lqr,ground_truth,gentle_curve,1700.0,0.05,0.1,1.0,1679.2452884092927,73.35820007324219,24.887800216674805,18.563535008669774,0.8809094357746687,-4.811172610456535e-05,4.02308973646015e-06,4.811172610456535e-05,4.02308973646015e-06,6.160603902571893e-07,7.228583001506195e-06,0.5785457491874695,0.0,19.444444444444443,85,79,4.877162933349609,RoadOption.STRAIGHT,84.23532104492188,24.918073654174805,-6.280406564898198,1.5,0.8,3.0,2.0,8.0,0.6,0.01,0.06,0.5,0.08,0.2,0.35,1.3,12,10.0,14.0,0.9,1.2,0.6,0.01,0.06,0.65,0.3,0.72,0.005,0.38,0.22,0.01,0.14,1.0,0.28
lqr,ground_truth,gentle_curve,1700.0,0.05,0.1,1.0,1679.2952884100378,74.28636932373047,24.8903751373291,18.5635350091671,0.8809094352773421,-5.2614218507707894e-05,2.0805946014945675e-06,5.2614218507707894e-05,2.0805946014945675e-06,8.95512039278401e-06,8.339060002526821e-06,0.5785456895828247,0.0,19.444444444444443,86,80,4.948994159698486,RoadOption.STRAIGHT,85.23532104492188,24.92085075378418,-6.280406564898198,1.5,0.8,3.0,2.0,8.0,0.6,0.01,0.06,0.5,0.08,0.2,0.35,1.3,12,10.0,14.0,0.9,1.2,0.6,0.01,0.06,0.65,0.3,0.72,0.005,0.38,0.22,0.01,0.14,1.0,0.28
lqr,ground_truth,gentle_curve,1700.0,0.05,0.1,1.0,1679.3452884107828,75.21454620361328,24.892963409423828,18.563535083578245,0.8809093608661982,-4.3807718837492876e-05,2.0805946014945675e-06,4.3807718837492876e-05,2.0805946014945675e-06,3.4402310120640323e-06,-5.514889380719978e-06,0.5785455107688904,0.0,19.444444444444443,86,81,5.020810127258301,RoadOption.STRAIGHT,85.23532104492188,24.92085075378418,-6.280406564898198,1.5,0.8,3.0,2.0,8.0,0.6,0.01,0.06,0.5,0.08,0.2,0.35,1.3,12,10.0,14.0,0.9,1.2,0.6,0.01,0.06,0.65,0.3,0.72,0.005,0.38,0.22,0.01,0.14,1.0,0.28
lqr,ground_truth,gentle_curve,1700.0,0.05,0.1,1.0,1679.3952884115279,76.14271545410156,24.895551681518555,18.56353509187156,0.8809093525728819,-3.448049472606386e-05,2.0805946014945675e-06,3.448049472606386e-05,2.0805946014945675e-06,-1.836119167819561e-06,-5.276350179883593e-06,0.5785456299781799,0.0,19.444444444444443,87,81,4.092637062072754,RoadOption.STRAIGHT,86.23531341552734,24.923629760742188,-6.280406564898198,1.5,0.8,3.0,2.0,8.0,0.6,0.01,0.06,0.5,0.08,0.2,0.35,1.3,12,10.0,14.0,0.9,1.2,0.6,0.01,0.06,0.65,0.3,0.72,0.005,0.38,0.22,0.01,0.14,1.0,0.28
lqr,ground_truth,gentle_curve,1700.0,0.05,0.1,1.0,1679.445288412273,77.07089233398438,24.89813995361328,18.56353506089848,0.880909383545962,-2.5652796646553552e-05,2.0805946014945675e-06,2.5652796646553552e-05,2.0805946014945675e-06,-1.0880052286665887e-05,-9.043933118846326e-06,0.5785456895828247,0.0,19.444444444444443,88,82,4.1644606590271,RoadOption.STRAIGHT,87.23531341552734,24.926408767700195,-6.280406564898198,1.5,0.8,3.0,2.0,8.0,0.6,0.01,0.06,0.5,0.08,0.2,0.35,1.3,12,10.0,14.0,0.9,1.2,0.6,0.01,0.06,0.65,0.3,0.72,0.005,0.38,0.22,0.01,0.14,1.0,0.28
lqr,ground_truth,gentle_curve,1700.0,0.05,0.1,1.0,1679.495288413018,77.99906921386719,24.90071678161621,18.563534955486553,0.8809094889578901,-2.6383003327730067e-05,2.0805946014945675e-06,2.6383003327730067e-05,2.0805946014945675e-06,5.081467861600686e-06,1.5961520148266573e-05,0.5785458087921143,0.0,19.444444444444443,89,83,4.236276149749756,RoadOption.STRAIGHT,88.23530578613281,24.92918586730957,-6.280406564898198,1.5,0.8,3.0,2.0,8.0,0.6,0.01,0.06,0.5,0.08,0.2,0.35,1.3,12,10.0,14.0,0.9,1.2,0.6,0.01,0.06,0.65,0.3,0.72,0.005,0.38,0.22,0.01,0.14,1.0,0.28
lqr,ground_truth,gentle_curve,1700.0,0.05,0.1,1.0,1679.545288413763,78.92723846435547,24.90329360961914,18.563535023859714,0.8809094205847288,-2.993425235716697e-05,1.8597914994700204e-06,2.993425235716697e-05,1.8597914994700204e-06,-8.154299848683877e-07,-5.8968978464690736e-06,0.5785455703735352,0.0,19.444444444444443,90,84,4.308107376098633,RoadOption.STRAIGHT,89.23530578613281,24.931964874267578,-6.280406564898198,1.5,0.8,3.0,2.0,8.0,0.6,0.01,0.06,0.5,0.08,0.2,0.35,1.3,12,10.0,14.0,0.9,1.2,0.6,0.01,0.06,0.65,0.3,0.72,0.005,0.38,0.22,0.01,0.14,1.0,0.28
lqr,ground_truth,gentle_curve,1700.0,0.05,0.1,1.0,1679.595288414508,79.85541534423828,24.905868530273438,18.563535009167087,0.8809094352773563,-3.4463284431766536e-05,1.8597914994700204e-06,3.4463284431766536e-05,1.8597914994700204e-06,-4.999875727662584e-06,-4.184445742794196e-06,0.5785456895828247,0.0,19.444444444444443,91,85,4.379923343658447,RoadOption.STRAIGHT,90.23529815673828,24.934743881225586,-6.280406564898198,1.5,0.8,3.0,2.0,8.0,0.6,0.01,0.06,0.5,0.08,0.2,0.35,1.3,12,10.0,14.0,0.9,1.2,0.6,0.01,0.06,0.65,0.3,0.72,0.005,0.38,0.22,0.01,0.14,1.0,0.28
lqr,ground_truth,gentle_curve,1700.0,0.05,0.1,1.0,1679.6452884152532,80.78358459472656,24.908443450927734,18.563534955641856,0.8809094888025868,-3.704257504948995e-05,1.8597914994700204e-06,3.704257504948995e-05,1.8597914994700204e-06,4.669922418543138e-06,9.669798146205721e-06,0.5785457491874695,0.0,19.444444444444443,92,86,4.451754093170166,RoadOption.STRAIGHT,91.25563049316406,24.936405181884766,-6.292026469366432,1.5,0.8,3.0,2.0,8.0,0.6,0.01,0.06,0.5,0.08,0.2,0.35,1.3,12,10.0,14.0,0.9,1.2,0.6,0.01,0.06,0.65,0.3,0.72,0.005,0.38,0.22,0.01,0.14,1.0,0.28
lqr,ground_truth,gentle_curve,1700.0,0.05,0.1,1.0,1679.6952884159982,81.71176147460938,24.911020278930664,18.56353500417317,0.8809094402712745,-3.966426585498041e-05,1.8597914994700204e-06,3.966426585498041e-05,1.8597914994700204e-06,4.379659912956413e-06,-2.9026250558672473e-07,0.5785456299781799,0.0,19.444444444444443,93,87,4.5235700607299805,RoadOption.STRAIGHT,92.36642456054688,24.89104461669922,-6.355973228196978,1.5,0.8,3.0,2.0,8.0,0.6,0.01,0.06,0.5,0.08,0.2,0.35,1.3,12,10.0,14.0,0.9,1.2,0.6,0.01,0.06,0.65,0.3,0.72,0.005,0.38,0.22,0.01,0.14,1.0,0.28
lqr,ground_truth,gentle_curve,1700.0,0.05,0.1,1.0,1679.7452884167433,82.63993835449219,24.91360092163086,18.56353503633614,0.8809094081083018,-3.8450074028370876e-05,1.8597914994700204e-06,3.8450074028370876e-05,1.8597914994700204e-06,-3.5549635413190117e-06,-7.934623454275425e-06,0.5785456299781799,0.0,19.444444444444443,94,88,4.595393180847168,RoadOption.STRAIGHT,93.4720458984375,24.774789810180664,-6.419920519659743,1.5,0.8,3.0,2.0,8.0,0.6,0.01,0.06,0.5,0.08,0.2,0.35,1.3,12,10.0,14.0,0.9,1.2,0.6,0.01,0.06,0.65,0.3,0.72,0.005,0.38,0.22,0.01,0.14,1.0,0.28
lqr,ground_truth,gentle_curve,1700.0,0.05,0.1,1.0,1679.7952884174883,83.568115234375,24.916175842285156,18.563534989627588,0.8809094548168552,-4.10717648338596e-05,1.8597914994700204e-06,4.10717648338596e-05,1.8597914994700204e-06,4.540948339126771e-06,8.095911880445783e-06,0.5785457491874695,0.0,19.444444444444443,95,89,4.667209148406982,RoadOption.STRAIGHT,94.56797790527344,24.58812141418457,-6.4838672784902895,1.5,0.8,3.0,2.0,8.0,0.6,0.01,0.06,0.5,0.08,0.2,0.35,1.3,12,10.0,14.0,0.9,1.2,0.6,0.01,0.06,0.65,0.3,0.72,0.005,0.38,0.22,0.01,0.14,1.0,0.28
lqr,ground_truth,gentle_curve,1700.0,0.05,0.1,1.0,1679.8452884182334,84.49628448486328,24.91875648498535,18.563535038066746,0.8809094063776968,-3.983637291336828e-05,1.8597914994700204e-06,3.983637291336828e-05,1.8597914994700204e-06,2.4714897790545365e-06,-2.069458560072235e-06,0.5785455703735352,0.0,19.444444444444443,95,90,4.739039897918701,RoadOption.STRAIGHT,94.56797790527344,24.58812141418457,-6.4838672784902895,1.5,0.8,3.0,2.0,8.0,0.6,0.01,0.06,0.5,0.08,0.2,0.35,1.3,12,10.0,14.0,0.9,1.2,0.6,0.01,0.06,0.65,0.3,0.72,0.005,0.38,0.22,0.01,0.14,1.0,0.28
lqr,ground_truth,gentle_curve,1700.0,0.05,0.1,1.0,1679.8952884189785,85.4244613647461,24.921344757080078,18.56353505850416,0.8809093859402815,-3.073529234251006e-05,1.8597914994700204e-06,3.073529234251006e-05,1.8597914994700204e-06,-1.889935674626031e-06,-4.3614254536805674e-06,0.5785456299781799,0.0,19.444444444444443,96,90,3.8108596801757812,RoadOption.STRAIGHT,95.64974975585938,24.33180046081543,-6.547814569953054,1.5,0.8,3.0,2.0,8.0,0.6,0.01,0.06,0.5,0.08,0.2,0.35,1.3,12,10.0,14.0,0.9,1.2,0.6,0.01,0.06,0.65,0.3,0.72,0.005,0.38,0.22,0.01,0.14,1.0,0.28
lqr,ground_truth,gentle_curve,1700.0,0.05,0.1,1.0,1679.9452884197235,86.3526382446289,24.923933029174805,18.563535039113415,0.8809094053310282,-2.1912935533351108e-05,1.8597914994700204e-06,2.1912935533351108e-05,1.8597914994700204e-06,-0.003445460693910718,-0.003443570758236092,0.5785456895828247,0.0,19.444444444444443,97,91,3.8826756477355957,RoadOption.STRAIGHT,96.71292114257812,24.00687599182129,-6.611761861415818,1.5,0.8,3.0,2.0,8.0,0.6,0.01,0.06,0.5,0.08,0.2,0.35,1.3,12,10.0,14.0,0.9,1.2,0.6,0.01,0.06,0.65,0.3,0.72,0.005,0.38,0.22,0.01,0.14,1.0,0.28
lqr,ground_truth,gentle_curve,1700.0,0.05,0.1,1.0,1679.9952884204686,87.28080749511719,24.926212310791016,18.563505013070642,0.8809394313738004,-0.04533406969928279,0.011350811545655759,0.04533406969928279,0.011350811545655759,-0.0834454596042633,-0.07999999891035259,0.5785996913909912,0.0,19.444444444444443,98,92,3.974836587905884,RoadOption.STRAIGHT,97.75315856933594,23.614675521850586,-6.675708620246366,1.5,0.8,3.0,2.0,8.0,0.6,0.01,0.06,0.5,0.08,0.2,0.35,1.3,12,10.0,14.0,0.9,1.2,0.6,0.01,0.06,0.65,0.3,0.72,0.005,0.38,0.22,0.01,0.14,1.0,0.28
lqr,ground_truth,gentle_curve,1700.0,0.05,0.1,1.0,1680.0452884212136,88.20863342285156,24.923364639282227,18.551024098104666,0.8934203463397772,-0.27013536784338754,0.07042516475834759,0.27013536784338754,0.07042516475834759,-0.16344545781612396,-0.07999999821186066,0.6010292768478394,0.0,19.444444444444443,99,93,4.157917499542236,RoadOption.STRAIGHT,98.76620483398438,23.15679931640625,-6.739655379076912,1.5,0.8,3.0,2.0,8.0,0.6,0.01,0.06,0.5,0.08,0.2,0.35,1.3,12,10.0,14.0,0.9,1.2,0.6,0.01,0.06,0.65,0.3,0.72,0.005,0.38,0.22,0.01,0.14,1.0,0.28
lqr,ground_truth,gentle_curve,1700.0,0.05,0.1,1.0,1680.0952884219587,89.13484191894531,24.90688705444336,18.511720175880644,0.9327242685637991,-0.4603379563186442,0.1188275867588402,0.4603379563186442,0.1188275867588402,-0.24344545602798462,-0.07999999821186066,0.6567992568016052,0.0,19.444444444444443,100,94,4.3392157554626465,RoadOption.STRAIGHT,99.7479248046875,22.635122299194336,-6.803602670539677,1.5,0.8,3.0,2.0,8.0,0.6,0.01,0.06,0.5,0.08,0.2,0.35,1.3,12,10.0,14.0,0.9,1.2,0.6,0.01,0.06,0.65,0.3,0.72,0.005,0.38,0.22,0.01,0.14,1.0,0.28
lqr,ground_truth,gentle_curve,1700.0,0.05,0.1,1.0,1680.1452884227037,90.05744171142578,24.869176864624023,18.442961742915607,1.0014827015288361,-0.6237048283489586,0.15400793851700456,0.6237048283489586,0.15400793851700456,-0.32344546914100647,-0.08000001311302185,0.7333997488021851,0.0,19.444444444444443,101,95,4.519284725189209,RoadOption.STRAIGHT,100.69429779052734,22.051776885986328,-6.867549429370223,1.5,0.8,3.0,2.0,8.0,0.6,0.01,0.06,0.5,0.08,0.2,0.35,1.3,12,10.0,14.0,0.9,1.2,0.6,0.01,0.06,0.65,0.3,0.72,0.005,0.38,0.22,0.01,0.14,1.0,0.28
lqr,ground_truth,gentle_curve,1700.0,0.05,0.1,1.0,1680.1952884234488,90.97401428222656,24.80274200439453,18.345817753348168,1.0986266910962748,-0.7683975646902417,0.1753728445953513,0.7683975646902417,0.1753728445953513,-0.40344545245170593,-0.07999998331069946,0.8257488012313843,0.0,19.444444444444443,101,96,4.699392795562744,RoadOption.STRAIGHT,100.69429779052734,22.051776885986328,-6.867549429370223,1.5,0.8,3.0,2.0,8.0,0.6,0.01,0.06,0.5,0.08,0.2,0.35,1.3,12,10.0,14.0,0.9,1.2,0.6,0.01,0.06,0.65,0.3,0.72,0.005,0.38,0.22,0.01,0.14,1.0,0.28
lqr,ground_truth,gentle_curve,1700.0,0.05,0.1,1.0,1680.2452884241939,91.88157653808594,24.700551986694336,18.222256655792542,1.222187788651901,-0.6296560722448359,0.11954860225387165,0.6296560722448359,0.11954860225387165,-0.4834454655647278,-0.08000001311302185,0.931585967540741,0.0,19.444444444444443,102,96,3.7861735820770264,RoadOption.STRAIGHT,101.6014633178711,21.409147262573242,-6.931496720832988,1.5,0.8,3.0,2.0,8.0,0.6,0.01,0.06,0.5,0.08,0.2,0.35,1.3,12,10.0,14.0,0.9,1.2,0.6,0.01,0.06,0.65,0.3,0.72,0.005,0.38,0.22,0.01,0.14,1.0,0.28
lqr,ground_truth,gentle_curve,1700.0,0.05,0.1,1.0,1680.295288424939,92.77665710449219,24.556575775146484,18.075528034738856,1.3689164097055873,-0.7499246009934148,0.11576143738096789,0.7499246009934148,0.11576143738096789,-0.5,-0.016554534435272217,1.0,0.0,19.444444444444443,103,97,3.9744620323181152,RoadOption.STRAIGHT,102.46570587158203,20.709861755371094,-6.9954434796635345,1.5,0.8,3.0,2.0,8.0,0.6,0.01,0.06,0.5,0.08,0.2,0.35,1.3,12,10.0,14.0,0.9,1.2,0.6,0.01,0.06,0.65,0.3,0.72,0.005,0.38,0.22,0.01,0.14,1.0,0.28
lqr,ground_truth,gentle_curve,1700.0,0.05,0.1,1.0,1680.345288425684,93.6561050415039,24.366262435913086,17.940164358832355,1.5042800856120877,-0.8727828551743646,0.1021287324056086,0.8727828551743646,0.1021287324056086,-0.4218595325946808,0.07814046740531921,1.0,0.0,19.444444444444443,104,98,4.165421009063721,RoadOption.STRAIGHT,103.28349304199219,19.956775665283203,-7.059390771126299,1.5,0.8,3.0,2.0,8.0,0.6,0.01,0.06,0.5,0.08,0.2,0.35,1.3,12,10.0,14.0,0.9,1.2,0.6,0.01,0.06,0.65,0.3,0.72,0.005,0.38,0.22,0.01,0.14,1.0,0.28
lqr,ground_truth,gentle_curve,1700.0,0.05,0.1,1.0,1680.395288426429,94.51933288574219,24.126550674438477,17.878827137558446,1.565617306885997,-1.00148377215905,0.08184340109296073,1.00148377215905,0.08184340109296073,-0.34185951948165894,0.08000001311302185,1.0,0.0,19.444444444444443,105,99,4.356184482574463,RoadOption.STRAIGHT,104.0514907836914,19.15296745300293,-7.123338062589064,1.5,0.8,3.0,2.0,8.0,0.6,0.01,0.06,0.5,0.08,0.2,0.35,1.3,12,10.0,14.0,0.9,1.2,0.6,0.01,0.06,0.65,0.3,0.72,0.005,0.38,0.22,0.01,0.14,1.0,0.28
lqr,ground_truth,gentle_curve,1700.0,0.05,0.1,1.0,1680.445288427174,95.36637115478516,23.835601806640625,17.882912799804057,1.561531644640386,-1.137143677037613,0.05861441124842237,1.137143677037613,0.05861441124842237,-0.2618595063686371,0.08000001311302185,0.9820162057876587,0.0,19.444444444444443,106,100,4.54303503036499,RoadOption.STRAIGHT,104.76455688476562,18.304391860961914,-0.9022056072308142,1.5,0.8,3.0,2.0,8.0,0.6,0.01,0.06,0.5,0.08,0.2,0.35,1.3,12,10.0,14.0,0.9,1.2,0.6,0.01,0.06,0.65,0.3,0.72,0.005,0.38,0.22,0.01,0.14,1.0,0.28
lqr,ground_truth,gentle_curve,1700.0,0.05,0.1,1.0,1680.4952884279191,96.19664764404297,23.49284553527832,17.94060164363957,1.5038428008048719,-1.279272640123729,0.03616329746878222,1.279272640123729,0.03616329746878222,-0.18185952305793762,0.07999998331069946,0.8830790519714355,0.0,19.444444444444443,106,101,4.722874164581299,RoadOption.STRAIGHT,104.76455688476562,18.304391860961914,-0.9022056072308142,1.5,0.8,3.0,2.0,8.0,0.6,0.01,0.06,0.5,0.08,0.2,0.35,1.3,12,10.0,14.0,0.9,1.2,0.6,0.01,0.06,0.65,0.3,0.72,0.005,0.38,0.22,0.01,0.14,1.0,0.28
lqr,ground_truth,gentle_curve,1700.0,0.05,0.1,1.0,1680.5452884286642,97.00917053222656,23.09901237487793,18.03628107240569,1.4081633720387536,-1.1595105303237796,-0.04575357358075216,1.1595105303237796,0.04575357358075216,-0.10185951739549637,0.08000000566244125,0.7800827026367188,0.0,19.444444444444443,107,101,3.831040143966675,RoadOption.STRAIGHT,105.41449737548828,17.44173812866211,-0.9480231632567554,1.5,0.8,3.0,2.0,8.0,0.6,0.01,0.06,0.5,0.08,0.2,0.35,1.3,12,10.0,14.0,0.9,1.2,0.6,0.01,0.06,0.65,0.3,0.72,0.005,0.38,0.22,0.01,0.14,1.0,0.28
lqr,ground_truth,gentle_curve,1700.0,0.05,0.1,1.0,1680.5952884294093,97.80265045166016,22.65635871887207,18.151259264187754,1.293185180256689,-1.299722096699001,-0.055426640713109876,1.299722096699001,0.055426640713109876,-0.02185951918363571,0.07999999821186066,0.6879372596740723,0.0,19.444444444444443,108,102,3.998314380645752,RoadOption.STRAIGHT,106.02423095703125,16.550220489501953,-0.9938407192826967,1.5,0.8,3.0,2.0,8.0,0.6,0.01,0.06,0.5,0.08,0.2,0.35,1.3,12,10.0,14.0,0.9,1.2,0.6,0.01,0.06,0.65,0.3,0.72,0.005,0.38,0.22,0.01,0.14,1.0,0.28
lqr,ground_truth,gentle_curve,1700.0,0.05,0.1,1.0,1680.6452884301543,98.57621002197266,22.168832778930664,18.2715638283694,1.1728806160750445,-1.4376814388405206,-0.0526879124270998,1.4376814388405206,0.0526879124270998,0.058140479028224945,0.07999999821186066,0.6093629002571106,0.0,19.444444444444443,109,103,4.154127597808838,RoadOption.STRAIGHT,106.5925064086914,15.6317138671875,-1.0396582753086379,1.5,0.8,3.0,2.0,8.0,0.6,0.01,0.06,0.5,0.08,0.2,0.35,1.3,12,10.0,14.0,0.9,1.2,0.6,0.01,0.06,0.65,0.3,0.72,0.005,0.38,0.22,0.01,0.14,1.0,0.28
lqr,ground_truth,gentle_curve,1700.0,0.05,0.1,1.0,1680.6952884308994,99.33003997802734,21.642297744750977,18.384441488660933,1.06000295578351,-1.5669475558312662,-0.033047698599011355,1.5669475558312662,0.033047698599011355,0.1381404846906662,0.08000000566244125,0.5505485534667969,0.0,19.444444444444443,110,104,4.297764301300049,RoadOption.STRAIGHT,107.11811065673828,14.688141822814941,-1.0854758313345791,1.5,0.8,3.0,2.0,8.0,0.6,0.01,0.06,0.5,0.08,0.2,0.35,1.3,12,10.0,14.0,0.9,1.2,0.6,0.01,0.06,0.65,0.3,0.72,0.005,0.38,0.22,0.01,0.14,1.0,0.28
lqr,ground_truth,gentle_curve,1700.0,0.05,0.1,1.0,1680.7452884316444,100.06523132324219,21.08378791809082,18.472389416801427,0.972055027643016,-1.680215838964942,0.006879877202056406,1.680215838964942,0.006879877202056406,0.11264654248952866,-0.025493942201137543,0.5276954770088196,0.0,19.444444444444443,111,105,4.429258823394775,RoadOption.STRAIGHT,107.59994506835938,13.721487045288086,-1.1312933873605204,1.5,0.8,3.0,2.0,8.0,0.6,0.01,0.06,0.5,0.08,0.2,0.35,1.3,12,10.0,14.0,0.9,1.2,0.6,0.01,0.06,0.65,0.3,0.72,0.005,0.38,0.22,0.01,0.14,1.0,0.28
lqr,ground_truth,gentle_curve,1700.0,0.05,0.1,1.0,1680.7952884323895,100.78199768066406,20.498271942138672,18.52318916106832,0.921255283376123,-1.7651543774134097,0.06291498364522274,1.7651543774134097,0.06291498364522274,0.032646544277668,-0.07999999821186066,0.5417934656143188,0.0,19.444444444444443,112,106,4.5468549728393555,RoadOption.STRAIGHT,108.03699493408203,12.73377799987793,-1.1771109433864615,1.5,0.8,3.0,2.0,8.0,0.6,0.01,0.06,0.5,0.08,0.2,0.35,1.3,12,10.0,14.0,0.9,1.2,0.6,0.01,0.06,0.65,0.3,0.72,0.005,0.38,0.22,0.01,0.14,1.0,0.28
lqr,ground_truth,gentle_curve,1700.0,0.05,0.1,1.0,1680.8452884331346,101.47802734375,19.886856079101562,18.53568599408616,0.9087584503582846,-1.7712402807576588,0.11055048001027945,1.7712402807576588,0.11055048001027945,-0.047353457659482956,-0.08000000193715096,0.580258846282959,0.0,19.444444444444443,113,107,4.634047985076904,RoadOption.STRAIGHT,108.42835998535156,11.72708797454834,-1.2229286325704574,1.5,0.8,3.0,2.0,8.0,0.6,0.01,0.06,0.5,0.08,0.2,0.35,1.3,12,10.0,14.0,0.9,1.2,0.6,0.01,0.06,0.65,0.3,0.72,0.005,0.38,0.22,0.01,0.14,1.0,0.28
lqr,ground_truth,gentle_curve,1700.0,0.05,0.1,1.0,1680.8952884338796,102.1520004272461,19.251672744750977,18.518612689031198,0.9258317554132454,-1.7718472732872335,0.1565981331544033,1.7718472732872335,0.1565981331544033,-0.1273534595966339,-0.08000000193715096,0.6259869933128357,0.0,19.444444444444443,114,108,4.721442222595215,RoadOption.STRAIGHT,108.773193359375,10.70352840423584,-1.268746055438344,1.5,0.8,3.0,2.0,8.0,0.6,0.01,0.06,0.5,0.08,0.2,0.35,1.3,12,10.0,14.0,0.9,1.2,0.6,0.01,0.06,0.65,0.3,0.72,0.005,0.38,0.22,0.01,0.14,1.0,0.28
lqr,ground_truth,gentle_curve,1700.0,0.05,0.1,1.0,1680.9452884346247,102.8038558959961,18.595521926879883,18.483592078477106,0.9608523659673374,-1.765479596744177,0.19534479674910266,1.765479596744177,0.19534479674910266,-0.20735345780849457,-0.07999999821186066,0.6685361266136169,0.0,19.444444444444443,115,109,4.8102006912231445,RoadOption.STRAIGHT,109.07079315185547,9.665250778198242,-1.3145637446223397,1.5,0.8,3.0,2.0,8.0,0.6,0.01,0.06,0.5,0.08,0.2,0.35,1.3,12,10.0,14.0,0.9,1.2,0.6,0.01,0.06,0.65,0.3,0.72,0.005,0.38,0.22,0.01,0.14,1.0,0.28
lqr,ground_truth,gentle_curve,1700.0,0.05,0.1,1.0,1680.9952884353697,103.43172454833984,17.91972541809082,18.42575089820271,1.0186935462417317,-1.753194990369712,0.22277675413649067,1.753194990369712,0.22277675413649067,-0.2873534560203552,-0.07999999821186066,0.730625569820404,0.0,19.444444444444443,116,110,4.902303218841553,RoadOption.STRAIGHT,109.32051849365234,8.614431381225586,-1.3603811674902264,1.5,0.8,3.0,2.0,8.0,0.6,0.01,0.06,0.5,0.08,0.2,0.35,1.3,12,10.0,14.0,0.9,1.2,0.6,0.01,0.06,0.65,0.3,0.72,0.005,0.38,0.22,0.01,0.14,1.0,0.28
lqr,ground_truth,gentle_curve,1700.0,0.05,0.1,1.0,1681.0452884361148,104.03227996826172,17.22439956665039,18.344713617932875,1.0997308265115677,-1.7381526880788583,0.2369455035050123,1.7381526880788583,0.2369455035050123,-0.3673534691333771,-0.08000001311302185,0.807083249092102,0.0,19.444444444444443,116,111,4.999863624572754,RoadOption.STRAIGHT,109.32051849365234,8.614431381225586,-1.3603811674902264,1.5,0.8,3.0,2.0,8.0,0.6,0.01,0.06,0.5,0.08,0.2,0.35,1.3,12,10.0,14.0,0.9,1.2,0.6,0.01,0.06,0.65,0.3,0.72,0.005,0.38,0.22,0.01,0.14,1.0,0.28
lqr,ground_truth,gentle_curve,1700.0,0.05,0.1,1.0,1681.0952884368598,104.60091400146484,16.50888442993164,18.240742505331415,1.203701939113028,-1.5280040925110785,0.19166151180346835,1.5280040925110785,0.19166151180346835,-0.44735345244407654,-0.07999998331069946,0.8969864845275879,0.0,19.444444444444443,117,111,4.094358921051025,RoadOption.STRAIGHT,109.52186584472656,7.5532755851745605,-1.4061987235161677,1.5,0.8,3.0,2.0,8.0,0.6,0.01,0.06,0.5,0.08,0.2,0.35,1.3,12,10.0,14.0,0.9,1.2,0.6,0.01,0.06,0.65,0.3,0.72,0.005,0.38,0.22,0.01,0.14,1.0,0.28
lqr,ground_truth,gentle_curve,1700.0,0.05,0.1,1.0,1681.145288437605,105.13230895996094,15.772491455078125,18.11489555771321,1.3295488867312315,-1.5168485887767758,0.17928886485312345,1.5168485887767758,0.17928886485312345,-0.5,-0.05264654755592346,0.9987456798553467,0.0,19.444444444444443,118,112,4.2036871910095215,RoadOption.STRAIGHT,109.67438507080078,6.484013557434082,-1.4520164127001636,1.5,0.8,3.0,2.0,8.0,0.6,0.01,0.06,0.5,0.08,0.2,0.35,1.3,12,10.0,14.0,0.9,1.2,0.6,0.01,0.06,0.65,0.3,0.72,0.005,0.38,0.22,0.01,0.14,1.0,0.28
lqr,ground_truth,gentle_curve,1700.0,0.05,0.1,1.0,1681.19528843835,105.62128448486328,15.014902114868164,17.98152730960117,1.4629171348432735,-1.5181404493989052,0.1555656921788069,1.5181404493989052,0.1555656921788069,-0.48316505551338196,0.016834944486618042,1.0,0.0,19.444444444444443,119,113,4.323123931884766,RoadOption.STRAIGHT,109.77777862548828,5.408886909484863,-1.4978338355680503,1.5,0.8,3.0,2.0,8.0,0.6,0.01,0.06,0.5,0.08,0.2,0.35,1.3,12,10.0,14.0,0.9,1.2,0.6,0.01,0.06,0.65,0.3,0.72,0.005,0.38,0.22,0.01,0.14,1.0,0.28
lqr,ground_truth,gentle_curve,1700.0,0.05,0.1,1.0,1681.245288439095,106.06411743164062,14.23539924621582,17.883626398918544,1.5608180455258989,-1.5357773525875358,0.12284829213399284,1.5357773525875358,0.12284829213399284,-0.4031650424003601,0.08000001311302185,1.0,0.0,19.444444444444443,120,114,4.451202869415283,RoadOption.STRAIGHT,109.83181762695312,4.330153465270996,-1.543651524752046,1.5,0.8,3.0,2.0,8.0,0.6,0.01,0.06,0.5,0.08,0.2,0.35,1.3,12,10.0,14.0,0.9,1.2,0.6,0.01,0.06,0.65,0.3,0.72,0.005,0.38,0.22,0.01,0.14,1.0,0.28
lqr,ground_truth,gentle_curve,1700.0,0.05,0.1,1.0,1681.29528843984,106.45868682861328,13.432879447937012,17.85258349193307,1.5918609525113716,-1.5719653018141677,0.08422539895095493,1.5719653018141677,0.08422539895095493,-0.32316502928733826,0.08000001311302185,1.0,0.0,19.444444444444443,121,115,4.584553241729736,RoadOption.STRAIGHT,109.84375,3.2946765422821045,-7.84716127842279,1.5,0.8,3.0,2.0,8.0,0.6,0.01,0.06,0.5,0.08,0.2,0.35,1.3,12,10.0,14.0,0.9,1.2,0.6,0.01,0.06,0.65,0.3,0.72,0.005,0.38,0.22,0.01,0.14,1.0,0.28
lqr,ground_truth,gentle_curve,1700.0,0.05,0.1,1.0,1681.3452884405851,106.80380249023438,12.606759071350098,17.881072111802766,1.563372332641677,-1.6273468380170588,0.04328595509371169,1.6273468380170588,0.04328595509371169,-0.2431650459766388,0.07999998331069946,0.9538370370864868,0.0,19.444444444444443,122,116,4.719379901885986,RoadOption.STRAIGHT,109.85057067871094,2.2946996688842773,-7.84716127842279,1.5,0.8,3.0,2.0,8.0,0.6,0.01,0.06,0.5,0.08,0.2,0.35,1.3,12,10.0,14.0,0.9,1.2,0.6,0.01,0.06,0.65,0.3,0.72,0.005,0.38,0.22,0.01,0.14,1.0,0.28
lqr,ground_truth,gentle_curve,1700.0,0.05,0.1,1.0,1681.3952884413302,107.0988540649414,11.757611274719238,17.957043449587097,1.487400994857346,-1.7013602011954767,0.003702726021591829,1.7013602011954767,0.003702726021591829,-0.16316504776477814,0.07999999821186066,0.8512749671936035,0.0,19.444444444444443,123,117,4.852569103240967,RoadOption.STRAIGHT,109.85739135742188,1.2947229146957397,-7.84716127842279,1.5,0.8,3.0,2.0,8.0,0.6,0.01,0.06,0.5,0.08,0.2,0.35,1.3,12,10.0,14.0,0.9,1.2,0.6,0.01,0.06,0.65,0.3,0.72,0.005,0.38,0.22,0.01,0.14,1.0,0.28
lqr,ground_truth,gentle_curve,1700.0,0.05,0.1,1.0,1681.4452884420753,107.34388732910156,10.887178421020508,18.063851863005997,1.3805925814384459,-1.7922983639589074,-0.03078201430162597,1.7922983639589074,0.03078201430162597,-0.08316504210233688,0.08000000566244125,0.7501854300498962,0.0,19.444444444444443,124,118,4.981875419616699,RoadOption.STRAIGHT,109.86421203613281,0.2949797213077545,-7.84716127842279,1.5,0.8,3.0,2.0,8.0,0.6,0.01,0.06,0.5,0.08,0.2,0.35,1.3,12,10.0,14.0,0.9,1.2,0.6,0.01,0.06,0.65,0.3,0.72,0.005,0.38,0.22,0.01,0.14,1.0,0.28
lqr,ground_truth,gentle_curve,1700.0,0.05,0.1,1.0,1681.4952884428203,107.53997802734375,9.998323440551758,18.18432451387862,1.2601199305658213,-1.897287047605638,-0.05624942433189073,1.897287047605638,0.05624942433189073,-0.003165041795000434,0.08000000030733645,0.6615048050880432,0.0,19.444444444444443,125,119,5.105945587158203,RoadOption.STRAIGHT,109.87102508544922,-0.7049970030784607,-7.84716127842279,1.5,0.8,3.0,2.0,8.0,0.6,0.01,0.06,0.5,0.08,0.2,0.35,1.3,12,10.0,14.0,0.9,1.2,0.6,0.01,0.06,0.65,0.3,0.72,0.005,0.38,0.22,0.01,0.14,1.0,0.28
lqr,ground_truth,gentle_curve,1700.0,0.05,0.1,1.0,1681.5452884435654,107.68988037109375,9.094660758972168,18.30574671000317,1.1386977344412728,-2.0118324463773147,-0.06843778053480154,2.0118324463773147,0.06843778053480154,0.07683496177196503,0.08000000356696546,0.5875120162963867,0.0,19.444444444444443,125,120,5.223832607269287,RoadOption.STRAIGHT,109.87102508544922,-0.7049970030784607,-7.84716127842279,1.5,0.8,3.0,2.0,8.0,0.6,0.01,0.06,0.5,0.08,0.2,0.35,1.3,12,10.0,14.0,0.9,1.2,0.6,0.01,0.06,0.65,0.3,0.72,0.005,0.38,0.22,0.01,0.14,1.0,0.28
lqr,ground_truth,gentle_curve,1700.0,0.05,0.1,1.0,1681.5952884443104,107.79859924316406,8.180158615112305,18.415047054155703,1.0293973902887394,-1.9279745572933618,-0.1085915918704714,1.9279745572933618,0.1085915918704714,0.15683495998382568,0.07999999821186066,0.5364780426025391,0.0,19.444444444444443,126,120,4.353908538818359,RoadOption.STRAIGHT,109.87784576416016,-1.704973816871643,-7.84716127842279,1.5,0.8,3.0,2.0,8.0,0.6,0.01,0.06,0.5,0.08,0.2,0.35,1.3,12,10.0,14.0,0.9,1.2,0.6,0.01,0.06,0.65,0.3,0.72,0.005,0.38,0.22,0.01,0.14,1.0,0.28
lqr,ground_truth,gentle_curve,1700.0,0.05,0.1,1.0,1681.6452884450555,107.87269592285156,7.258780479431152,18.495522225368767,0.9489222190756763,-1.9439718446343175,-0.1072387060367106,1.9439718446343175,0.1072387060367106,0.23683495819568634,0.07999999821186066,0.522783100605011,0.0,19.444444444444443,127,121,4.427095890045166,RoadOption.STRAIGHT,109.8846664428711,-2.7049503326416016,-7.84716127842279,1.5,0.8,3.0,2.0,8.0,0.6,0.01,0.06,0.5,0.08,0.2,0.35,1.3,12,10.0,14.0,0.9,1.2,0.6,0.01,0.06,0.65,0.3,0.72,0.005,0.38,0.22,0.01,0.14,1.0,0.28
lqr,ground_truth,gentle_curve,1700.0,0.05,0.1,1.0,1681.6952884458005,107.92316436767578,6.334221839904785,18.535311477515872,0.9091329669285706,-1.8998107185219457,-0.10147815544081595,1.8998107185219457,0.10147815544081595,0.316834956407547,0.07999999821186066,0.5477326512336731,0.0,19.444444444444443,128,122,4.475783348083496,RoadOption.STRAIGHT,109.89148712158203,-3.7049272060394287,-7.84716127842279,1.5,0.8,3.0,2.0,8.0,0.6,0.01,0.06,0.5,0.08,0.2,0.35,1.3,12,10.0,14.0,0.9,1.2,0.6,0.01,0.06,0.65,0.3,0.72,0.005,0.38,0.22,0.01,0.14,1.0,0.28
lqr,ground_truth,gentle_curve,1700.0,0.05,0.1,1.0,1681.7452884465456,107.96405792236328,5.409662246704102,18.525837934339894,0.9186065101045493,-1.8652242671657688,-0.07008095092738031,1.8652242671657688,0.07008095092738031,0.39683496952056885,0.08000001311302185,0.6125321388244629,0.0,19.444444444444443,129,123,4.529617786407471,RoadOption.STRAIGHT,109.89830780029297,-4.704904079437256,-1.5639765038754216,1.5,0.8,3.0,2.0,8.0,0.6,0.01,0.06,0.5,0.08,0.2,0.35,1.3,12,10.0,14.0,0.9,1.2,0.6,0.01,0.06,0.65,0.3,0.72,0.005,0.38,0.22,0.01,0.14,1.0,0.28
lqr,ground_truth,gentle_curve,1700.0,0.05,0.1,1.0,1681.7952884472907,108.01231384277344,4.487985610961914,18.462926915689216,0.9815175287552265,-1.8232575516376628,-0.015701198838780073,1.8232575516376628,0.015701198838780073,0.3743017613887787,-0.02253320813179016,0.7144037485122681,0.0,19.444444444444443,130,124,4.583756923675537,RoadOption.STRAIGHT,109.9051284790039,-5.704881191253662,-1.5639765038754216,1.5,0.8,3.0,2.0,8.0,0.6,0.01,0.06,0.5,0.08,0.2,0.35,1.3,12,10.0,14.0,0.9,1.2,0.6,0.01,0.06,0.65,0.3,0.72,0.005,0.38,0.22,0.01,0.14,1.0,0.28
lqr,ground_truth,gentle_curve,1700.0,0.05,0.1,1.0,1681.8452884480357,108.08306121826172,3.5706417560577393,18.406913837622255,1.0375306068221875,-1.7587611313038098,0.05407695067265905,1.7587611313038098,0.05407695067265905,0.2943017780780792,-0.07999998331069946,0.7397340536117554,0.0,19.444444444444443,131,125,4.634426116943359,RoadOption.STRAIGHT,109.91194915771484,-6.70485782623291,-1.5639765038754216,1.5,0.8,3.0,2.0,8.0,0.6,0.01,0.06,0.5,0.08,0.2,0.35,1.3,12,10.0,14.0,0.9,1.2,0.6,0.01,0.06,0.65,0.3,0.72,0.005,0.38,0.22,0.01,0.14,1.0,0.28
lqr,ground_truth,gentle_curve,1700.0,0.05,0.1,1.0,1681.8952884487808,108.18419647216797,2.656737804412842,18.39901576992277,1.0454286745216734,-1.6638617067554156,0.12956664861593659,1.6638617067554156,0.12956664861593659,0.21430176496505737,-0.08000001311302185,0.6867349147796631,0.0,19.444444444444443,132,126,4.678993225097656,RoadOption.STRAIGHT,109.91876220703125,-7.704834461212158,-1.5639765038754216,1.5,0.8,3.0,2.0,8.0,0.6,0.01,0.06,0.5,0.08,0.2,0.35,1.3,12,10.0,14.0,0.9,1.2,0.6,0.01,0.06,0.65,0.3,0.72,0.005,0.38,0.22,0.01,0.14,1.0,0.28
lqr,ground_truth,gentle_curve,1700.0,0.05,0.1,1.0,1681.9452884495258,108.31918334960938,1.7457739114761353,18.41978965221302,1.0246547922314235,-1.535091395953366,0.20304459467176628,1.535091395953366,0.20304459467176628,0.13430176675319672,-0.07999999821186066,0.6398642063140869,0.0,19.444444444444443,133,127,4.718017101287842,RoadOption.STRAIGHT,109.92558288574219,-8.704811096191406,-1.5639765038754216,1.5,0.8,3.0,2.0,8.0,0.6,0.01,0.06,0.5,0.08,0.2,0.35,1.3,12,10.0,14.0,0.9,1.2,0.6,0.01,0.06,0.65,0.3,0.72,0.005,0.38,0.22,0.01,0.14,1.0,0.28
lqr,ground_truth,gentle_curve,1700.0,0.05,0.1,1.0,1681.995288450271,108.48885345458984,0.8385700583457947,18.450455490208864,0.9939889542355793,-1.37161301724463,0.2689043021133184,1.37161301724463,0.2689043021133184,0.05430176854133606,-0.07999999821186066,0.6095943450927734,0.0,19.444444444444443,134,128,4.7550764083862305,RoadOption.STRAIGHT,109.93241119384766,-9.70520305633545,-1.5639765038754216,1.5,0.8,3.0,2.0,8.0,0.6,0.01,0.06,0.5,0.08,0.2,0.35,1.3,12,10.0,14.0,0.9,1.2,0.6,0.01,0.06,0.65,0.3,0.72,0.005,0.38,0.22,0.01,0.14,1.0,0.28
lqr,ground_truth,gentle_curve,1700.0,0.05,0.1,1.0,1682.045288451016,108.69134521484375,-0.06376930326223373,18.482822825956156,0.9616216184882873,-1.175283045686322,0.32256593281397805,1.175283045686322,0.32256593281397805,-0.025698233395814896,-0.08000000193715096,0.5881321430206299,0.0,19.444444444444443,135,129,4.795507907867432,RoadOption.STRAIGHT,109.9389419555664,-10.711223602294922,-1.5651271226243904,1.5,0.8,3.0,2.0,8.0,0.6,0.01,0.06,0.5,0.08,0.2,0.35,1.3,12,10.0,14.0,0.9,1.2,0.6,0.01,0.06,0.65,0.3,0.72,0.005,0.38,0.22,0.01,0.14,1.0,0.28
lqr,ground_truth,gentle_curve,1700.0,0.05,0.1,1.0,1682.095288451761,108.92195892333984,-0.9607149958610535,18.511829698135276,0.9326147463091665,-0.9507925695987197,0.3597632358654961,0.9507925695987197,0.3597632358654961,-0.10569823533296585,-0.08000000193715096,0.5747606158256531,0.0,19.444444444444443,136,130,4.844970703125,RoadOption.STRAIGHT,109.94365692138672,-11.721712112426758,-1.56712715660304,1.5,0.8,3.0,2.0,8.0,0.6,0.01,0.06,0.5,0.08,0.2,0.35,1.3,12,10.0,14.0,0.9,1.2,0.6,0.01,0.06,0.65,0.3,0.72,0.005,0.38,0.22,0.01,0.14,1.0,0.28
lqr,ground_truth,gentle_curve,1700.0,0.05,0.1,1.0,1682.145288452506,109.17449951171875,-1.8523021936416626,18.52792622822557,0.9165182162188721,-0.704339183085173,0.3779198692293293,0.704339183085173,0.3779198692293293,-0.1856982260942459,-0.07999999076128006,0.580595076084137,0.0,19.444444444444443,137,131,4.908271789550781,RoadOption.STRAIGHT,109.94634246826172,-12.732207298278809,-1.569127057423635,1.5,0.8,3.0,2.0,8.0,0.6,0.01,0.06,0.5,0.08,0.2,0.35,1.3,12,10.0,14.0,0.9,1.2,0.6,0.01,0.06,0.65,0.3,0.72,0.005,0.38,0.22,0.01,0.14,1.0,0.28
lqr,ground_truth,gentle_curve,1700.0,0.05,0.1,1.0,1682.1952884532511,109.43911743164062,-2.739912271499634,18.52308090592958,0.9213635385148642,-0.4457739936253587,0.3744841251070179,0.4457739936253587,0.3744841251070179,-0.26569822430610657,-0.07999999821186066,0.608632504940033,0.0,19.444444444444443,137,132,4.988037109375,RoadOption.STRAIGHT,109.94634246826172,-12.732207298278809,-1.569127057423635,1.5,0.8,3.0,2.0,8.0,0.6,0.01,0.06,0.5,0.08,0.2,0.35,1.3,12,10.0,14.0,0.9,1.2,0.6,0.01,0.06,0.65,0.3,0.72,0.005,0.38,0.22,0.01,0.14,1.0,0.28
lqr,ground_truth,gentle_curve,1700.0,0.05,0.1,1.0,1682.2452884539962,109.70388793945312,-3.6257357597351074,18.48896510972635,0.9554793347180919,-0.18705075552387035,0.3491265704717197,0.18705075552387035,0.3491265704717197,-0.3456982374191284,-0.08000001311302185,0.6642265319824219,0.0,19.444444444444443,138,132,4.084754467010498,RoadOption.STRAIGHT,109.947021484375,-13.742707252502441,-1.5711270914022843,1.5,0.8,3.0,2.0,8.0,0.6,0.01,0.06,0.5,0.08,0.2,0.35,1.3,12,10.0,14.0,0.9,1.2,0.6,0.01,0.06,0.65,0.3,0.72,0.005,0.38,0.22,0.01,0.14,1.0,0.28
lqr,ground_truth,gentle_curve,1700.0,0.05,0.1,1.0,1682.2952884547412,109.95491027832031,-4.512349605560303,18.418840821302364,1.0256036231420786,0.05791833390143822,0.30391368517128114,0.05791833390143822,0.30391368517128114,-0.4256982207298279,-0.07999998331069946,0.7495113015174866,0.0,19.444444444444443,139,133,4.192564487457275,RoadOption.STRAIGHT,109.94566345214844,-14.753206253051758,-1.573127125380934,1.5,0.8,3.0,2.0,8.0,0.6,0.01,0.06,0.5,0.08,0.2,0.35,1.3,12,10.0,14.0,0.9,1.2,0.6,0.01,0.06,0.65,0.3,0.72,0.005,0.38,0.22,0.01,0.14,1.0,0.28
lqr,ground_truth,gentle_curve,1700.0,0.05,0.1,1.0,1682.3452884554863,110.17823028564453,-5.401422023773193,18.3068119135562,1.1376325308882436,0.27516417230545326,0.24227295752863398,0.27516417230545326,0.24227295752863398,-0.5,-0.07430177927017212,0.8670142292976379,0.0,19.444444444444443,140,134,4.310795783996582,RoadOption.STRAIGHT,109.94248962402344,-15.759590148925781,-1.5743440568410456,1.5,0.8,3.0,2.0,8.0,0.6,0.01,0.06,0.5,0.08,0.2,0.35,1.3,12,10.0,14.0,0.9,1.2,0.6,0.01,0.06,0.65,0.3,0.72,0.005,0.38,0.22,0.01,0.14,1.0,0.28
lqr,ground_truth,gentle_curve,1700.0,0.05,0.1,1.0,1682.3952884562314,110.36263275146484,-6.292731285095215,18.156937261023497,1.2875071834209457,0.44873318812368146,0.16854387538200832,0.44873318812368146,0.16854387538200832,-0.5,0.0,1.0,0.0,19.444444444444443,141,135,4.438760280609131,RoadOption.STRAIGHT,109.93968963623047,-16.74900245666504,4.710856597493458,1.5,0.8,3.0,2.0,8.0,0.6,0.01,0.06,0.5,0.08,0.2,0.35,1.3,12,10.0,14.0,0.9,1.2,0.6,0.01,0.06,0.65,0.3,0.72,0.005,0.38,0.22,0.01,0.14,1.0,0.28
lqr,ground_truth,gentle_curve,1700.0,0.05,0.1,1.0,1682.4452884569764,110.50048828125,-7.185649394989014,18.019957395051453,1.4244870493929902,0.573471160376449,0.08582169770834858,0.573471160376449,0.08582169770834858,-0.41999998688697815,0.08000001311302185,1.0,0.0,19.444444444444443,142,136,4.570112705230713,RoadOption.STRAIGHT,109.93956756591797,-17.734289169311523,4.71365877559244,1.5,0.8,3.0,2.0,8.0,0.6,0.01,0.06,0.5,0.08,0.2,0.35,1.3,12,10.0,14.0,0.9,1.2,0.6,0.01,0.06,0.65,0.3,0.72,0.005,0.38,0.22,0.01,0.14,1.0,0.28
lqr,ground_truth,gentle_curve,1700.0,0.05,0.1,1.0,1682.4952884577215,110.58761596679688,-8.08112621307373,17.956053671437193,1.48839077300725,0.6490365086869639,-0.0027004453453400856,0.6490365086869639,0.0027004453453400856,-0.3400000035762787,0.07999998331069946,1.0,0.0,19.444444444444443,143,137,4.69508171081543,RoadOption.STRAIGHT,109.94218444824219,-18.719573974609375,4.716461486323639,1.5,0.8,3.0,2.0,8.0,0.6,0.01,0.06,0.5,0.08,0.2,0.35,1.3,12,10.0,14.0,0.9,1.2,0.6,0.01,0.06,0.65,0.3,0.72,0.005,0.38,0.22,0.01,0.14,1.0,0.28
lqr,ground_truth,gentle_curve,1700.0,0.05,0.1,1.0,1682.5452884584665,110.62167358398438,-8.979849815368652,17.953056722073377,1.4913877223710656,0.6730766780626314,-0.09300118053303841,0.6730766780626314,0.09300118053303841,-0.25999999046325684,0.08000001311302185,0.9484289884567261,0.0,19.444444444444443,144,138,4.8104023933410645,RoadOption.STRAIGHT,109.94760131835938,-19.704849243164062,4.719263131790402,1.5,0.8,3.0,2.0,8.0,0.6,0.01,0.06,0.5,0.08,0.2,0.35,1.3,12,10.0,14.0,0.9,1.2,0.6,0.01,0.06,0.65,0.3,0.72,0.005,0.38,0.22,0.01,0.14,1.0,0.28
lqr,ground_truth,gentle_curve,1700.0,0.05,0.1,1.0,1682.5952884592116,110.60143280029297,-9.881190299987793,17.996168538129595,1.4482759063148478,0.644411889259132,-0.1814512850792407,0.644411889259132,0.1814512850792407,-0.18000000715255737,0.07999998331069946,0.8672313690185547,0.0,19.444444444444443,145,139,4.915951251983643,RoadOption.STRAIGHT,109.95574951171875,-20.69010353088379,4.7220658425216016,1.5,0.8,3.0,2.0,8.0,0.6,0.01,0.06,0.5,0.08,0.2,0.35,1.3,12,10.0,14.0,0.9,1.2,0.6,0.01,0.06,0.65,0.3,0.72,0.005,0.38,0.22,0.01,0.14,1.0,0.28
lqr,ground_truth,gentle_curve,1700.0,0.05,0.1,1.0,1682.6452884599566,110.52685546875,-10.783466339111328,18.069615752633613,1.37482869181083,0.5667082602824249,-0.26538719841970426,0.5667082602824249,0.26538719841970426,-0.10000000149011612,0.08000000566244125,0.7867605686187744,0.0,19.444444444444443,146,140,5.010318756103516,RoadOption.STRAIGHT,109.96665954589844,-21.675329208374023,4.724868020620583,1.5,0.8,3.0,2.0,8.0,0.6,0.01,0.06,0.5,0.08,0.2,0.35,1.3,12,10.0,14.0,0.9,1.2,0.6,0.01,0.06,0.65,0.3,0.72,0.005,0.38,0.22,0.01,0.14,1.0,0.28
lqr,ground_truth,gentle_curve,1700.0,0.05,0.1,1.0,1682.6952884607017,110.3993148803711,-11.684365272521973,18.160982796057326,1.2834616483871173,0.45186374416144703,-0.3437354003190176,0.45186374416144703,0.3437354003190176,-0.019999999552965164,0.08000000193715096,0.7104365229606628,0.0,19.444444444444443,146,141,5.085450649261475,RoadOption.STRAIGHT,109.96665954589844,-21.675329208374023,4.724868020620583,1.5,0.8,3.0,2.0,8.0,0.6,0.01,0.06,0.5,0.08,0.2,0.35,1.3,12,10.0,14.0,0.9,1.2,0.6,0.01,0.06,0.65,0.3,0.72,0.005,0.38,0.22,0.01,0.14,1.0,0.28
lqr,ground_truth,gentle_curve,1700.0,0.05,0.1,1.0,1682.7452884614468,110.22190856933594,-12.581552505493164,18.26187598088112,1.1825684635633245,0.27583247524673565,-0.40739493722599907,0.27583247524673565,0.40739493722599907,0.05999999865889549,0.07999999821186066,0.6384692788124084,0.0,19.444444444444443,147,141,4.176995277404785,RoadOption.STRAIGHT,109.98039245605469,-22.67144012451172,-1.5575925072683383,1.5,0.8,3.0,2.0,8.0,0.6,0.01,0.06,0.5,0.08,0.2,0.35,1.3,12,10.0,14.0,0.9,1.2,0.6,0.01,0.06,0.65,0.3,0.72,0.005,0.38,0.22,0.01,0.14,1.0,0.28
lqr,ground_truth,gentle_curve,1700.0,0.05,0.1,1.0,1682.7952884621918,109.99983215332031,-13.473212242126465,18.362805013793043,1.0816394306514,0.06567523242562379,-0.45687101079943737,0.06567523242562379,0.45687101079943737,0.14000000059604645,0.08000000193715096,0.5778688192367554,0.0,19.444444444444443,148,142,4.261503219604492,RoadOption.STRAIGHT,109.9809799194336,-23.804616928100586,-1.58296524192185,1.5,0.8,3.0,2.0,8.0,0.6,0.01,0.06,0.5,0.08,0.2,0.35,1.3,12,10.0,14.0,0.9,1.2,0.6,0.01,0.06,0.65,0.3,0.72,0.005,0.38,0.22,0.01,0.14,1.0,0.28
lqr,ground_truth,gentle_curve,1700.0,0.05,0.1,1.0,1682.8452884629369,109.73961639404297,-14.357999801635742,18.447075523847186,0.9973689205972569,-0.1848038867519686,-0.4860000010124512,0.1848038867519686,0.4860000010124512,0.2199999988079071,0.07999999821186066,0.5472967624664307,0.0,19.444444444444443,149,143,4.366275787353516,RoadOption.STRAIGHT,109.95281219482422,-24.937442779541016,-1.608337976575362,1.5,0.8,3.0,2.0,8.0,0.6,0.01,0.06,0.5,0.08,0.2,0.35,1.3,12,10.0,14.0,0.9,1.2,0.6,0.01,0.06,0.65,0.3,0.72,0.005,0.38,0.22,0.01,0.14,1.0,0.28
lqr,ground_truth,gentle_curve,1700.0,0.05,0.1,1.0,1682.895288463682,109.45174407958984,-15.23632526397705,18.50204037224208,0.9424040722023612,-0.46512845473273,-0.49076879041840193,0.46512845473273,0.49076879041840193,0.30000001192092896,0.08000001311302185,0.5494846105575562,0.0,19.444444444444443,150,144,4.4959516525268555,RoadOption.STRAIGHT,109.89592742919922,-26.069189071655273,-1.6337105780708194,1.5,0.8,3.0,2.0,8.0,0.6,0.01,0.06,0.5,0.08,0.2,0.35,1.3,12,10.0,14.0,0.9,1.2,0.6,0.01,0.06,0.65,0.3,0.72,0.005,0.38,0.22,0.01,0.14,1.0,0.28
lqr,ground_truth,gentle_curve,1700.0,0.05,0.1,1.0,1682.945288464427,109.1495361328125,-16.110122680664062,18.51346025913294,0.9309841853115017,-0.7618564800377026,-0.46928214042753336,0.7618564800377026,0.46928214042753336,0.3799999952316284,0.07999998331069946,0.5948866605758667,0.0,19.444444444444443,151,145,4.6503987312316895,RoadOption.STRAIGHT,109.81033325195312,-27.199127197265625,-1.6590831795662768,1.5,0.8,3.0,2.0,8.0,0.6,0.01,0.06,0.5,0.08,0.2,0.35,1.3,12,10.0,14.0,0.9,1.2,0.6,0.01,0.06,0.65,0.3,0.72,0.005,0.38,0.22,0.01,0.14,1.0,0.28
lqr,ground_truth,gentle_curve,1700.0,0.05,0.1,1.0,1682.995288465172,108.84915924072266,-16.982831954956055,18.473394926009323,0.9710495184351196,-1.058856951920487,-0.4231364829552948,1.058856951920487,0.4231364829552948,0.46000000834465027,0.08000001311302185,0.680708110332489,0.0,19.444444444444443,151,146,4.823726654052734,RoadOption.STRAIGHT,109.81033325195312,-27.199127197265625,-1.6590831795662768,1.5,0.8,3.0,2.0,8.0,0.6,0.01,0.06,0.5,0.08,0.2,0.35,1.3,12,10.0,14.0,0.9,1.2,0.6,0.01,0.06,0.65,0.3,0.72,0.005,0.38,0.22,0.01,0.14,1.0,0.28
lqr,ground_truth,gentle_curve,1700.0,0.05,0.1,1.0,1683.045288465917,108.56869506835938,-17.85818862915039,18.375290220768328,1.0691542236761151,-1.3502226143672562,-0.35445648791935014,1.3502226143672562,0.35445648791935014,0.5,0.03999999165534973,0.809218168258667,0.0,19.444444444444443,152,146,4.065079212188721,RoadOption.STRAIGHT,109.69610595703125,-28.3265323638916,-1.6844557810617344,1.5,0.8,3.0,2.0,8.0,0.6,0.01,0.06,0.5,0.08,0.2,0.35,1.3,12,10.0,14.0,0.9,1.2,0.6,0.01,0.06,0.65,0.3,0.72,0.005,0.38,0.22,0.01,0.14,1.0,0.28
lqr,ground_truth,gentle_curve,1700.0,0.05,0.1,1.0,1683.0952884666622,108.32331848144531,-18.738021850585938,18.238523349460586,1.2059210949838572,-1.6049948929393363,-0.2724060926306624,1.6049948929393363,0.2724060926306624,0.5,0.0,0.9376729130744934,0.0,19.444444444444443,153,147,4.268217086791992,RoadOption.STRAIGHT,109.55331420898438,-29.45067596435547,-1.7098283825571918,1.5,0.8,3.0,2.0,8.0,0.6,0.01,0.06,0.5,0.08,0.2,0.35,1.3,12,10.0,14.0,0.9,1.2,0.6,0.01,0.06,0.65,0.3,0.72,0.005,0.38,0.22,0.01,0.14,1.0,0.28
lqr,ground_truth,gentle_curve,1700.0,0.05,0.1,1.0,1683.1452884674072,108.12246704101562,-19.62295150756836,18.103977602827687,1.340466841616756,-1.9092603492089453,-0.15510862715672236,1.9092603492089453,0.15510862715672236,0.5,0.0,1.0,0.0,19.444444444444443,154,148,4.576067924499512,RoadOption.STRAIGHT,109.3820571899414,-30.57083511352539,-1.7352011172107038,1.5,0.8,3.0,2.0,8.0,0.6,0.01,0.06,0.5,0.08,0.2,0.35,1.3,12,10.0,14.0,0.9,1.2,0.6,0.01,0.06,0.65,0.3,0.72,0.005,0.38,0.22,0.01,0.14,1.0,0.28
lqr,ground_truth,gentle_curve,1700.0,0.05,0.1,1.0,1683.1952884681523,107.97280883789062,-20.512346267700195,17.97351866416793,1.470925780276513,-2.144694640779298,-0.03197484415387297,2.144694640779298,0.03197484415387297,0.4507065713405609,-0.04929342865943909,1.0,0.0,19.444444444444443,154,149,4.847875595092773,RoadOption.STRAIGHT,109.3820571899414,-30.57083511352539,-1.7352011172107038,1.5,0.8,3.0,2.0,8.0,0.6,0.01,0.06,0.5,0.08,0.2,0.35,1.3,12,10.0,14.0,0.9,1.2,0.6,0.01,0.06,0.65,0.3,0.72,0.005,0.38,0.22,0.01,0.14,1.0,0.28
lqr,ground_truth,gentle_curve,1700.0,0.05,0.1,1.0,1683.2452884688973,107.87885284423828,-21.404911041259766,17.873401427337647,1.5710430171067955,-2.205083948856579,0.06910836449728386,2.205083948856579,0.06910836449728386,0.37070655822753906,-0.08000001311302185,1.0,0.0,19.444444444444443,155,149,4.096351146697998,RoadOption.STRAIGHT,109.18243408203125,-31.686288833618164,-1.7605737187061612,1.5,0.8,3.0,2.0,8.0,0.6,0.01,0.06,0.5,0.08,0.2,0.35,1.3,12,10.0,14.0,0.9,1.2,0.6,0.01,0.06,0.65,0.3,0.72,0.005,0.38,0.22,0.01,0.14,1.0,0.28
lqr,ground_truth,gentle_curve,1700.0,0.05,0.1,1.0,1683.2952884696424,107.84324645996094,-22.299097061157227,17.814509157208057,1.6299352872363855,-2.2856559160921583,0.1964712473111785,2.2856559160921583,0.1964712473111785,0.2907065749168396,-0.07999998331069946,1.0,0.0,19.444444444444443,156,150,4.292679309844971,RoadOption.STRAIGHT,108.9545669555664,-32.79631805419922,-1.785946453359673,1.5,0.8,3.0,2.0,8.0,0.6,0.01,0.06,0.5,0.08,0.2,0.35,1.3,12,10.0,14.0,0.9,1.2,0.6,0.01,0.06,0.65,0.3,0.72,0.005,0.38,0.22,0.01,0.14,1.0,0.28
lqr,ground_truth,gentle_curve,1700.0,0.05,0.1,1.0,1683.3452884703875,107.8673095703125,-23.19298553466797,17.794444593430505,1.6499998510139378,-2.28868642544154,0.3223121335620931,2.28868642544154,0.3223121335620931,0.21070657670497894,-0.07999999821186066,1.0,0.0,19.444444444444443,157,151,4.452472686767578,RoadOption.STRAIGHT,108.6986083984375,-33.90020751953125,-1.8113190548551306,1.5,0.8,3.0,2.0,8.0,0.6,0.01,0.06,0.5,0.08,0.2,0.35,1.3,12,10.0,14.0,0.9,1.2,0.6,0.01,0.06,0.65,0.3,0.72,0.005,0.38,0.22,0.01,0.14,1.0,0.28
lqr,ground_truth,gentle_curve,1700.0,0.05,0.1,1.0,1683.3952884711325,107.95136260986328,-24.0842227935791,17.811666423895833,1.63277802054861,-2.214626858151455,0.444235643007556,2.214626858151455,0.444235643007556,0.1307065635919571,-0.08000001311302185,1.0,0.0,19.444444444444443,158,152,4.587082386016846,RoadOption.STRAIGHT,108.41473388671875,-34.997249603271484,-1.836691656350588,1.5,0.8,3.0,2.0,8.0,0.6,0.01,0.06,0.5,0.08,0.2,0.35,1.3,12,10.0,14.0,0.9,1.2,0.6,0.01,0.06,0.65,0.3,0.72,0.005,0.38,0.22,0.01,0.14,1.0,0.28
lqr,ground_truth,gentle_curve,1700.0,0.05,0.1,1.0,1683.4452884718776,108.09464263916016,-24.970441818237305,17.86770530375613,1.5767391406883142,-2.0654876152227244,0.5596642351865335,2.0654876152227244,0.5596642351865335,0.050706569105386734,-0.07999999448657036,0.9287968277931213,0.0,19.444444444444443,158,153,4.711711406707764,RoadOption.STRAIGHT,108.41473388671875,-34.997249603271484,-1.836691656350588,1.5,0.8,3.0,2.0,8.0,0.6,0.01,0.06,0.5,0.08,0.2,0.35,1.3,12,10.0,14.0,0.9,1.2,0.6,0.01,0.06,0.65,0.3,0.72,0.005,0.38,0.22,0.01,0.14,1.0,0.28
lqr,ground_truth,gentle_curve,1700.0,0.05,0.1,1.0,1683.4952884726226,108.29532623291016,-25.849576950073242,17.961578124263397,1.4828663201810457,-1.7449059281845383,0.6402004236584289,1.7449059281845383,0.6402004236584289,-0.029293430969119072,-0.0800000000745058,0.8270723819732666,0.0,19.444444444444443,159,153,3.8145053386688232,RoadOption.STRAIGHT,108.10311889648438,-36.08674240112305,-1.8620643910041,1.5,0.8,3.0,2.0,8.0,0.6,0.01,0.06,0.5,0.08,0.2,0.35,1.3,12,10.0,14.0,0.9,1.2,0.6,0.01,0.06,0.65,0.3,0.72,0.005,0.38,0.22,0.01,0.14,1.0,0.28
lqr,ground_truth,gentle_curve,1700.0,0.05,0.1,1.0,1683.5452884733677,108.5501708984375,-26.71986961364746,18.08440985116041,1.360034593284034,-1.450938038487982,0.732826031898739,1.450938038487982,0.732826031898739,-0.10929343104362488,-0.0800000000745058,0.7186226844787598,0.0,19.444444444444443,160,154,3.939793348312378,RoadOption.STRAIGHT,107.76396942138672,-37.167972564697266,-1.8874369924995573,1.5,0.8,3.0,2.0,8.0,0.6,0.01,0.06,0.5,0.08,0.2,0.35,1.3,12,10.0,14.0,0.9,1.2,0.6,0.01,0.06,0.65,0.3,0.72,0.005,0.38,0.22,0.01,0.14,1.0,0.28
lqr,ground_truth,gentle_curve,1700.0,0.05,0.1,1.0,1683.5952884741127,108.85511779785156,-27.579376220703125,18.21453543496871,1.2299090094757332,-1.0961689091624176,0.8086876402882459,1.0961689091624176,0.8086876402882459,-0.18929342925548553,-0.07999999821186066,0.6317946910858154,0.0,19.444444444444443,161,155,4.119935512542725,RoadOption.STRAIGHT,107.39749908447266,-38.24025344848633,-1.9128095939950147,1.5,0.8,3.0,2.0,8.0,0.6,0.01,0.06,0.5,0.08,0.2,0.35,1.3,12,10.0,14.0,0.9,1.2,0.6,0.01,0.06,0.65,0.3,0.72,0.005,0.38,0.22,0.01,0.14,1.0,0.28
lqr,ground_truth,gentle_curve,1700.0,0.05,0.1,1.0,1683.6452884748578,109.20331573486328,-28.427518844604492,18.341718658850557,1.1027257855938863,-0.6896991223653326,0.8629137945609759,0.6896991223653326,0.8629137945609759,-0.2692934274673462,-0.07999999821186066,0.5590156316757202,0.0,19.444444444444443,162,156,4.375875473022461,RoadOption.STRAIGHT,107.0039291381836,-39.30289077758789,-1.938182195490472,1.5,0.8,3.0,2.0,8.0,0.6,0.01,0.06,0.5,0.08,0.2,0.35,1.3,12,10.0,14.0,0.9,1.2,0.6,0.01,0.06,0.65,0.3,0.72,0.005,0.38,0.22,0.01,0.14,1.0,0.28
lqr,ground_truth,gentle_curve,1700.0,0.05,0.1,1.0,1683.6952884756029,109.58515167236328,-29.265098571777344,18.44223692650418,1.0022075179402634,-0.24310800199866145,0.8907311779371261,0.24310800199866145,0.8907311779371261,-0.34929344058036804,-0.08000001311302185,0.5307025909423828,0.0,19.444444444444443,162,157,4.719130992889404,RoadOption.STRAIGHT,107.0039291381836,-39.30289077758789,-1.938182195490472,1.5,0.8,3.0,2.0,8.0,0.6,0.01,0.06,0.5,0.08,0.2,0.35,1.3,12,10.0,14.0,0.9,1.2,0.6,0.01,0.06,0.65,0.3,0.72,0.005,0.38,0.22,0.01,0.14,1.0,0.28
lqr,ground_truth,gentle_curve,1700.0,0.05,0.1,1.0,1683.745288476348,109.9876708984375,-30.09493064880371,18.49225651473059,0.9521879297138511,0.3454987207569531,0.8638590170108724,0.3454987207569531,0.8638590170108724,-0.4292934238910675,-0.07999998331069946,0.5612892508506775,0.0,19.444444444444443,163,157,4.017687797546387,RoadOption.STRAIGHT,106.58354187011719,-40.35519790649414,-1.963554930143984,1.5,0.8,3.0,2.0,8.0,0.6,0.01,0.06,0.5,0.08,0.2,0.35,1.3,12,10.0,14.0,0.9,1.2,0.6,0.01,0.06,0.65,0.3,0.72,0.005,0.38,0.22,0.01,0.14,1.0,0.28
lqr,ground_truth,gentle_curve,1700.0,0.05,0.1,1.0,1683.795288477093,110.39437103271484,-30.92232322692871,18.479004791896255,0.9654396525481879,0.8392863809592008,0.8341647042774616,0.8392863809592008,0.8341647042774616,-0.5,-0.0707065761089325,0.6451658606529236,0.0,19.444444444444443,163,158,4.530340671539307,RoadOption.STRAIGHT,106.58354187011719,-40.35519790649414,-1.963554930143984,1.5,0.8,3.0,2.0,8.0,0.6,0.01,0.06,0.5,0.08,0.2,0.35,1.3,12,10.0,14.0,0.9,1.2,0.6,0.01,0.06,0.65,0.3,0.72,0.005,0.38,0.22,0.01,0.14,1.0,0.28
lqr,ground_truth,gentle_curve,1700.0,0.05,0.1,1.0,1683.845288477838,110.78569030761719,-31.75410270690918,18.39855435607461,1.045890088369834,1.4354231528095758,0.7568324317549857,1.4354231528095758,0.7568324317549857,-0.5,0.0,0.7740745544433594,0.0,19.444444444444443,164,158,4.017391681671143,RoadOption.STRAIGHT,106.1365737915039,-41.39650344848633,-1.9889275316394415,1.5,0.8,3.0,2.0,8.0,0.6,0.01,0.06,0.5,0.08,0.2,0.35,1.3,12,10.0,14.0,0.9,1.2,0.6,0.01,0.06,0.65,0.3,0.72,0.005,0.38,0.22,0.01,0.14,1.0,0.28
lqr,ground_truth,gentle_curve,1700.0,0.05,0.1,1.0,1683.895288478583,111.14515686035156,-32.595603942871094,18.292688635655203,1.1517558087892397,1.9113687036397862,0.6909643353560018,1.9113687036397862,0.6909643353560018,-0.5,0.0,0.8680923581123352,0.0,19.444444444444443,164,159,4.630555629730225,RoadOption.STRAIGHT,106.1365737915039,-41.39650344848633,-1.9889275316394415,1.5,0.8,3.0,2.0,8.0,0.6,0.01,0.06,0.5,0.08,0.2,0.35,1.3,12,10.0,14.0,0.9,1.2,0.6,0.01,0.06,0.65,0.3,0.72,0.005,0.38,0.22,0.01,0.14,1.0,0.28
lqr,ground_truth,gentle_curve,1700.0,0.05,0.1,1.0,1683.9452884793282,111.4618148803711,-33.44903564453125,18.15904592139826,1.285398523046183,2.4597667610359757,0.5914534570124279,2.4597667610359757,0.5914534570124279,-0.5,0.0,0.9816296696662903,0.0,19.444444444444443,165,159,4.270637035369873,RoadOption.STRAIGHT,105.66334533691406,-42.4261360168457,-2.0143002662929534,1.5,0.8,3.0,2.0,8.0,0.6,0.01,0.06,0.5,0.08,0.2,0.35,1.3,12,10.0,14.0,0.9,1.2,0.6,0.01,0.06,0.65,0.3,0.72,0.005,0.38,0.22,0.01,0.14,1.0,0.28
lqr,ground_truth,gentle_curve,1700.0,0.05,0.1,1.0,1683.9952884800732,111.74935913085938,-34.31664276123047,18.021320621248258,1.4231238231961854,2.899427563040009,0.5144393656611896,2.899427563040009,0.5144393656611896,-0.5,0.0,1.0,0.0,19.444444444444443,165,160,4.900404453277588,RoadOption.STRAIGHT,105.66334533691406,-42.4261360168457,-2.0143002662929534,1.5,0.8,3.0,2.0,8.0,0.6,0.01,0.06,0.5,0.08,0.2,0.35,1.3,12,10.0,14.0,0.9,1.2,0.6,0.01,0.06,0.65,0.3,0.72,0.005,0.38,0.22,0.01,0.14,1.0,0.28
lqr,ground_truth,gentle_curve,1700.0,0.05,0.1,1.0,1684.0452884808183,111.97246551513672,-35.19578170776367,18.010257727090856,1.4341867173535867,3.385185375797984,0.42008450034606337,3.385185375797984,0.42008450034606337,-0.5,0.0,0.9203452467918396,0.0,19.444444444444443,166,160,4.647806644439697,RoadOption.STRAIGHT,105.16414642333984,-43.44343185424805,-2.0396727346303565,1.5,0.8,3.0,2.0,8.0,0.6,0.01,0.06,0.5,0.08,0.2,0.35,1.3,12,10.0,14.0,0.9,1.2,0.6,0.01,0.06,0.65,0.3,0.72,0.005,0.38,0.22,0.01,0.14,1.0,0.28
lqr,ground_truth,gentle_curve,1700.0,0.05,0.1,1.0,1684.0952884815633,112.14579772949219,-36.07951736450195,17.774323346977678,1.6701210974667653,3.7486063854147575,0.3583565541777163,3.7486063854147575,0.3583565541777163,-0.5,0.0,1.0,0.0,19.444444444444443,166,161,5.216979503631592,RoadOption.STRAIGHT,105.16414642333984,-43.44343185424805,-2.0396727346303565,1.5,0.8,3.0,2.0,8.0,0.6,0.01,0.06,0.5,0.08,0.2,0.35,1.3,12,10.0,14.0,0.9,1.2,0.6,0.01,0.06,0.65,0.3,0.72,0.005,0.38,0.22,0.01,0.14,1.0,0.28
lqr,ground_truth,gentle_curve,1700.0,0.05,0.1,1.0,1684.1452884823084,112.26597595214844,-36.955039978027344,17.556125219910815,1.8883192245336282,4.155460702952792,0.2679740599445526,4.155460702952792,0.2679740599445526,-0.5,0.0,1.0,0.0,19.444444444444443,167,161,5.03562068939209,RoadOption.STRAIGHT,104.63929748535156,-44.447731018066406,-2.0650454692838682,1.5,0.8,3.0,2.0,8.0,0.6,0.01,0.06,0.5,0.08,0.2,0.35,1.3,12,10.0,14.0,0.9,1.2,0.6,0.01,0.06,0.65,0.3,0.72,0.005,0.38,0.22,0.01,0.14,1.0,0.28
lqr,ground_truth,gentle_curve,1700.0,0.05,0.1,1.0,1684.1952884830534,112.32559967041016,-37.83186340332031,17.354319027168536,2.0901254172759067,4.438193472959721,0.19542102973530628,4.438193472959721,0.19542102973530628,-0.5,0.0,1.0,0.0,19.444444444444443,167,162,5.521645545959473,RoadOption.STRAIGHT,104.63929748535156,-44.447731018066406,-2.0650454692838682,1.5,0.8,3.0,2.0,8.0,0.6,0.01,0.06,0.5,0.08,0.2,0.35,1.3,12,10.0,14.0,0.9,1.2,0.6,0.01,0.06,0.65,0.3,0.72,0.005,0.38,0.22,0.01,0.14,1.0,0.28
lqr,ground_truth,gentle_curve,1700.0,0.05,0.1,1.0,1684.2452884837985,112.32411193847656,-38.70163345336914,17.128608009725376,2.315836434719067,4.7492063920016605,0.09340171996098645,4.7492063920016605,0.09340171996098645,-0.5,0.0,1.0,0.0,19.444444444444443,168,162,5.354523658752441,RoadOption.STRAIGHT,104.08914184570312,-45.43839645385742,-2.09041820393738,1.5,0.8,3.0,2.0,8.0,0.6,0.01,0.06,0.5,0.08,0.2,0.35,1.3,12,10.0,14.0,0.9,1.2,0.6,0.01,0.06,0.65,0.3,0.72,0.005,0.38,0.22,0.01,0.14,1.0,0.28
lqr,ground_truth,gentle_curve,1700.0,0.05,0.1,1.0,1684.2952884845436,112.25807189941406,-39.5583610534668,16.8766897897029,2.5677546547415417,4.937472807108303,0.01563129086016568,4.937472807108303,0.01563129086016568,-0.5,0.0,1.0,0.0,19.444444444444443,168,163,5.730676651000977,RoadOption.STRAIGHT,104.08914184570312,-45.43839645385742,-2.09041820393738,1.5,0.8,3.0,2.0,8.0,0.6,0.01,0.06,0.5,0.08,0.2,0.35,1.3,12,10.0,14.0,0.9,1.2,0.6,0.01,0.06,0.65,0.3,0.72,0.005,0.38,0.22,0.01,0.14,1.0,0.28
lqr,ground_truth,gentle_curve,1700.0,0.05,0.1,1.0,1684.3452884852886,112.1168441772461,-40.38102340698242,16.591053214557167,2.8533912298872757,5.1218631137357145,-0.084125130935913,5.1218631137357145,0.084125130935913,-0.5,0.0,1.0,0.0,19.444444444444443,169,163,5.534268856048584,RoadOption.STRAIGHT,103.51403045654297,-46.41478729248047,-2.115790672274783,1.5,0.8,3.0,2.0,8.0,0.6,0.01,0.06,0.5,0.08,0.2,0.35,1.3,12,10.0,14.0,0.9,1.2,0.6,0.01,0.06,0.65,0.3,0.72,0.005,0.38,0.22,0.01,0.14,1.0,0.28
lqr,ground_truth,gentle_curve,1700.0,0.05,0.1,1.0,1684.3952884860337,111.92742919921875,-41.19086837768555,16.32919404170088,3.1152504027435626,5.208470731433166,-0.16046943727299734,5.208470731433166,0.16046943727299734,-0.5,0.0,1.0,0.0,19.444444444444443,170,164,5.795472145080566,RoadOption.STRAIGHT,102.9143295288086,-47.37626266479492,-2.1411634069282948,1.5,0.8,3.0,2.0,8.0,0.6,0.01,0.06,0.5,0.08,0.2,0.35,1.3,12,10.0,14.0,0.9,1.2,0.6,0.01,0.06,0.65,0.3,0.72,0.005,0.38,0.22,0.01,0.14,1.0,0.28
lqr,ground_truth,gentle_curve,1700.0,0.05,0.1,1.0,1684.4452884867787,111.680908203125,-41.97184371948242,16.044169886077707,3.4002745583667355,5.240445576887081,-0.23789618543514335,5.240445576887081,0.23789618543514335,-0.5,0.0,1.0,0.0,19.444444444444443,170,165,6.035686016082764,RoadOption.STRAIGHT,102.9143295288086,-47.37626266479492,-2.1411634069282948,1.5,0.8,3.0,2.0,8.0,0.6,0.01,0.06,0.5,0.08,0.2,0.35,1.3,12,10.0,14.0,0.9,1.2,0.6,0.01,0.06,0.65,0.3,0.72,0.005,0.38,0.22,0.01,0.14,1.0,0.28
lqr,ground_truth,gentle_curve,1700.0,0.05,0.1,1.0,1684.4952884875238,111.37986755371094,-42.71855545043945,15.735986355563067,3.7084580888813754,5.288948772479981,-0.34150700027689407,5.288948772479981,0.34150700027689407,-0.41999998688697815,0.08000001311302185,1.0,0.0,19.444444444444443,171,165,5.725100994110107,RoadOption.STRAIGHT,102.29043579101562,-48.32221984863281,-2.1665360084237526,1.5,0.8,3.0,2.0,8.0,0.6,0.01,0.06,0.5,0.08,0.2,0.35,1.3,12,10.0,14.0,0.9,1.2,0.6,0.01,0.06,0.65,0.3,0.72,0.005,0.38,0.22,0.01,0.14,1.0,0.28
lqr,ground_truth,gentle_curve,1700.0,0.05,0.1,1.0,1684.5452884882689,111.02639770507812,-43.42632293701172,15.441737956985524,4.002706487458919,5.221845852495964,-0.4205898351629056,5.221845852495964,0.4205898351629056,-0.3400000035762787,0.07999998331069946,1.0,0.0,19.444444444444443,171,166,5.863386154174805,RoadOption.STRAIGHT,102.29043579101562,-48.32221984863281,-2.1665360084237526,1.5,0.8,3.0,2.0,8.0,0.6,0.01,0.06,0.5,0.08,0.2,0.35,1.3,12,10.0,14.0,0.9,1.2,0.6,0.01,0.06,0.65,0.3,0.72,0.005,0.38,0.22,0.01,0.14,1.0,0.28
lqr,ground_truth,gentle_curve,1700.0,0.05,0.1,1.0,1684.595288489014,110.62216186523438,-44.09117126464844,15.16708350018314,4.277360944261304,5.161671006669779,-0.5260539438072427,5.161671006669779,0.5260539438072427,-0.25999999046325684,0.08000001311302185,1.0,0.0,19.444444444444443,172,166,5.497519493103027,RoadOption.STRAIGHT,101.64273834228516,-49.252052307128906,-2.1919087430772644,1.5,0.8,3.0,2.0,8.0,0.6,0.01,0.06,0.5,0.08,0.2,0.35,1.3,12,10.0,14.0,0.9,1.2,0.6,0.01,0.06,0.65,0.3,0.72,0.005,0.38,0.22,0.01,0.14,1.0,0.28
lqr,ground_truth,gentle_curve,1700.0,0.05,0.1,1.0,1684.645288489759,110.1686782836914,-44.708778381347656,14.927153227345627,4.5172912170988155,4.991486184035829,-0.6075578584402459,4.991486184035829,0.6075578584402459,-0.18000000715255737,0.07999998331069946,1.0,0.0,19.444444444444443,173,167,5.536750316619873,RoadOption.STRAIGHT,100.9716567993164,-50.16514205932617,-2.217281477730776,1.5,0.8,3.0,2.0,8.0,0.6,0.01,0.06,0.5,0.08,0.2,0.35,1.3,12,10.0,14.0,0.9,1.2,0.6,0.01,0.06,0.65,0.3,0.72,0.005,0.38,0.22,0.01,0.14,1.0,0.28
lqr,ground_truth,gentle_curve,1700.0,0.05,0.1,1.0,1684.695288490504,109.66876983642578,-45.2767219543457,14.740312271331732,4.704132173112711,4.762876360212835,-0.6890966604835294,4.762876360212835,0.6890966604835294,-0.10000000149011612,0.08000000566244125,1.0,0.0,19.444444444444443,174,168,5.583185195922852,RoadOption.STRAIGHT,100.27763366699219,-51.06092071533203,-2.2426540792262335,1.5,0.8,3.0,2.0,8.0,0.6,0.01,0.06,0.5,0.08,0.2,0.35,1.3,12,10.0,14.0,0.9,1.2,0.6,0.01,0.06,0.65,0.3,0.72,0.005,0.38,0.22,0.01,0.14,1.0,0.28
lqr,ground_truth,gentle_curve,1700.0,0.05,0.1,1.0,1684.745288491249,109.12731170654297,-45.79306411743164,14.668235022732695,4.776209421711748,4.477776907441984,-0.7659759958836094,4.477776907441984,0.7659759958836094,-0.019999999552965164,0.08000000193715096,1.0,0.0,19.444444444444443,174,169,5.648773193359375,RoadOption.STRAIGHT,100.27763366699219,-51.06092071533203,-2.2426540792262335,1.5,0.8,3.0,2.0,8.0,0.6,0.01,0.06,0.5,0.08,0.2,0.35,1.3,12,10.0,14.0,0.9,1.2,0.6,0.01,0.06,0.65,0.3,0.72,0.005,0.38,0.22,0.01,0.14,1.0,0.28
lqr,ground_truth,gentle_curve,1700.0,0.05,0.1,1.0,1684.7952884919941,108.55643463134766,-46.262367248535156,14.585661151743277,4.858783292701165,4.23289563115008,-0.8528131569156052,4.23289563115008,0.8528131569156052,0.05999999865889549,0.07999999821186066,1.0,0.0,19.444444444444443,175,169,5.04581356048584,RoadOption.STRAIGHT,99.56110382080078,-51.93880081176758,-2.2680268138797457,1.5,0.8,3.0,2.0,8.0,0.6,0.01,0.06,0.5,0.08,0.2,0.35,1.3,12,10.0,14.0,0.9,1.2,0.6,0.01,0.06,0.65,0.3,0.72,0.005,0.38,0.22,0.01,0.14,1.0,0.28
lqr,ground_truth,gentle_curve,1700.0,0.05,0.1,1.0,1684.8452884927392,107.94857788085938,-46.68026351928711,14.541999336700684,4.902445107743759,3.8615425714136644,-0.9110788605087947,3.8615425714136644,0.9110788605087947,0.14000000059604645,0.08000000193715096,1.0,0.0,19.444444444444443,176,170,5.08306884765625,RoadOption.STRAIGHT,98.8225326538086,-52.7982177734375,-2.2933992822171487,1.5,0.8,3.0,2.0,8.0,0.6,0.01,0.06,0.5,0.08,0.2,0.35,1.3,12,10.0,14.0,0.9,1.2,0.6,0.01,0.06,0.65,0.3,0.72,0.005,0.38,0.22,0.01,0.14,1.0,0.28
lqr,ground_truth,gentle_curve,1700.0,0.05,0.1,1.0,1684.8952884934843,107.30509185791016,-47.041282653808594,14.59183029150931,4.852614152935132,3.432038717539184,-0.961665472256795,3.432038717539184,0.961665472256795,0.2199999988079071,0.07999999821186066,1.0,0.0,19.444444444444443,176,171,5.176495552062988,RoadOption.STRAIGHT,98.8225326538086,-52.7982177734375,-2.2933992822171487,1.5,0.8,3.0,2.0,8.0,0.6,0.01,0.06,0.5,0.08,0.2,0.35,1.3,12,10.0,14.0,0.9,1.2,0.6,0.01,0.06,0.65,0.3,0.72,0.005,0.38,0.22,0.01,0.14,1.0,0.28
lqr,ground_truth,gentle_curve,1700.0,0.05,0.1,1.0,1684.9452884942293,106.63118743896484,-47.351722717285156,14.710316691854642,4.734127752589801,3.048419827527171,-1.0251483084254502,3.048419827527171,1.0251483084254502,0.30000001192092896,0.08000001311302185,1.0,0.0,19.444444444444443,177,171,4.448794364929199,RoadOption.STRAIGHT,98.06239318847656,-53.63862228393555,-2.3187720168706605,1.5,0.8,3.0,2.0,8.0,0.6,0.01,0.06,0.5,0.08,0.2,0.35,1.3,12,10.0,14.0,0.9,1.2,0.6,0.01,0.06,0.65,0.3,0.72,0.005,0.38,0.22,0.01,0.14,1.0,0.28
lqr,ground_truth,gentle_curve,1700.0,0.05,0.1,1.0,1684.9952884949744,105.9369888305664,-47.63019561767578,14.745313695046287,4.699130749398156,2.5483966348331566,-1.056000230705692,2.5483966348331566,1.056000230705692,0.3799999952316284,0.07999998331069946,1.0,0.0,19.444444444444443,178,172,4.591005802154541,RoadOption.STRAIGHT,97.28118133544922,-54.45947265625,-2.3441444852080635,1.5,0.8,3.0,2.0,8.0,0.6,0.01,0.06,0.5,0.08,0.2,0.35,1.3,12,10.0,14.0,0.9,1.2,0.6,0.01,0.06,0.65,0.3,0.72,0.005,0.38,0.22,0.01,0.14,1.0,0.28
lqr,ground_truth,gentle_curve,1700.0,0.05,0.1,1.0,1685.0452884957194,105.29486083984375,-47.77288818359375,12.480636662292385,6.963807782152058,2.0097506761699626,-0.9680344220037203,2.0097506761699626,0.9680344220037203,0.46000000834465027,0.08000001311302185,1.0,0.0,19.444444444444443,178,173,4.941514492034912,RoadOption.STRAIGHT,97.28118133544922,-54.45947265625,-2.3441444852080635,1.5,0.8,3.0,2.0,8.0,0.6,0.01,0.06,0.5,0.08,0.2,0.35,1.3,12,10.0,14.0,0.9,1.2,0.6,0.01,0.06,0.65,0.3,0.72,0.005,0.38,0.22,0.01,0.14,1.0,0.28
lqr,ground_truth,gentle_curve,1700.0,0.05,0.1,1.0,1685.0952884964645,104.67610931396484,-47.838382720947266,12.553654771015193,6.89078967342925,1.5553123840584255,-0.8393827023802811,1.5553123840584255,0.8393827023802811,0.5,0.03999999165534973,1.0,0.0,19.444444444444443,179,173,4.375068664550781,RoadOption.STRAIGHT,96.4793930053711,-55.26023864746094,-2.3695172198615753,1.5,0.8,3.0,2.0,8.0,0.6,0.01,0.06,0.5,0.08,0.2,0.35,1.3,12,10.0,14.0,0.9,1.2,0.6,0.01,0.06,0.65,0.3,0.72,0.005,0.38,0.22,0.01,0.14,1.0,0.28
lqr,ground_truth,gentle_curve,1700.0,0.05,0.1,1.0,1685.1452884972095,104.05074310302734,-47.91804122924805,12.453860452527138,6.990583991917305,0.9968297768984697,-0.6748492812838234,0.9968297768984697,0.6748492812838234,0.5,0.0,1.0,0.0,19.444444444444443,179,174,4.91080904006958,RoadOption.STRAIGHT,96.4793930053711,-55.26023864746094,-2.3695172198615753,1.5,0.8,3.0,2.0,8.0,0.6,0.01,0.06,0.5,0.08,0.2,0.35,1.3,12,10.0,14.0,0.9,1.2,0.6,0.01,0.06,0.65,0.3,0.72,0.005,0.38,0.22,0.01,0.14,1.0,0.28
lqr,ground_truth,gentle_curve,1700.0,0.05,0.1,1.0,1685.1952884979546,103.42381286621094,-48.04916000366211,12.845340961489198,6.599103482955245,0.5877660816218222,-0.5375388260082099,0.5877660816218222,0.5375388260082099,0.5,0.0,1.0,0.0,19.444444444444443,179,174,4.355410099029541,RoadOption.STRAIGHT,96.4793930053711,-55.26023864746094,-2.3695172198615753,1.5,0.8,3.0,2.0,8.0,0.6,0.01,0.06,0.5,0.08,0.2,0.35,1.3,12,10.0,14.0,0.9,1.2,0.6,0.01,0.06,0.65,0.3,0.72,0.005,0.38,0.22,0.01,0.14,1.0,0.28
lqr,ground_truth,gentle_curve,1700.0,0.05,0.1,1.0,1685.2452884986997,102.8007583618164,-48.26154327392578,13.213558431872375,6.230886012572068,0.23231815199180383,-0.41454552475286244,0.23231815199180383,0.41454552475286244,0.5,0.0,1.0,0.0,19.444444444444443,180,174,3.7686572074890137,RoadOption.STRAIGHT,95.65754699707031,-56.040409088134766,-2.394889954515087,1.5,0.8,3.0,2.0,8.0,0.6,0.01,0.06,0.5,0.08,0.2,0.35,1.3,12,10.0,14.0,0.9,1.2,0.6,0.01,0.06,0.65,0.3,0.72,0.005,0.38,0.22,0.01,0.14,1.0,0.28
lqr,ground_truth,gentle_curve,1700.0,0.05,0.1,1.0,1685.2952884994447,102.19063568115234,-48.54438781738281,13.473848723867421,5.9705957205770215,-0.16368161882887966,-0.27029939905035505,0.16368161882887966,0.27029939905035505,0.5,0.0,1.0,0.0,19.444444444444443,181,175,4.2937750816345215,RoadOption.STRAIGHT,94.8161849975586,-56.79947280883789,-2.42026242285249,1.5,0.8,3.0,2.0,8.0,0.6,0.01,0.06,0.5,0.08,0.2,0.35,1.3,12,10.0,14.0,0.9,1.2,0.6,0.01,0.06,0.65,0.3,0.72,0.005,0.38,0.22,0.01,0.14,1.0,0.28
lqr,ground_truth,gentle_curve,1700.0,0.05,0.1,1.0,1685.3452885001898,101.60167694091797,-48.89061737060547,13.65063461708271,5.7938098273617324,-0.4996503781703052,-0.12644795382139806,0.4996503781703052,0.12644795382139806,0.41999998688697815,-0.08000001311302185,1.0,0.0,19.444444444444443,181,176,4.795100688934326,RoadOption.STRAIGHT,94.8161849975586,-56.79947280883789,-2.42026242285249,1.5,0.8,3.0,2.0,8.0,0.6,0.01,0.06,0.5,0.08,0.2,0.35,1.3,12,10.0,14.0,0.9,1.2,0.6,0.01,0.06,0.65,0.3,0.72,0.005,0.38,0.22,0.01,0.14,1.0,0.28
lqr,ground_truth,gentle_curve,1700.0,0.05,0.1,1.0,1685.3952885009348,101.03976440429688,-49.295711517333984,13.828162637420284,5.6162818070241585,-0.6532288736647351,-0.008278169932402157,0.6532288736647351,0.008278169932402157,0.3400000035762787,-0.07999998331069946,1.0,0.0,19.444444444444443,182,176,4.145318984985352,RoadOption.STRAIGHT,93.95581817626953,-57.536949157714844,-2.4456351575060022,1.5,0.8,3.0,2.0,8.0,0.6,0.01,0.06,0.5,0.08,0.2,0.35,1.3,12,10.0,14.0,0.9,1.2,0.6,0.01,0.06,0.65,0.3,0.72,0.005,0.38,0.22,0.01,0.14,1.0,0.28
lqr,ground_truth,gentle_curve,1700.0,0.05,0.1,1.0,1685.44528850168,100.50908660888672,-49.75611114501953,14.009232330358982,5.435212114085461,-0.8471232840480238,0.13327323622110798,0.8471232840480238,0.13327323622110798,0.25999999046325684,-0.08000001311302185,1.0,0.0,19.444444444444443,182,177,4.589139938354492,RoadOption.STRAIGHT,93.95581817626953,-57.536949157714844,-2.4456351575060022,1.5,0.8,3.0,2.0,8.0,0.6,0.01,0.06,0.5,0.08,0.2,0.35,1.3,12,10.0,14.0,0.9,1.2,0.6,0.01,0.06,0.65,0.3,0.72,0.005,0.38,0.22,0.01,0.14,1.0,0.28
lqr,ground_truth,gentle_curve,1700.0,0.05,0.1,1.0,1685.495288502425,100.01360321044922,-50.26819610595703,14.196585280999052,5.247859163445391,-0.8620481591567608,0.24533439435973436,0.8620481591567608,0.24533439435973436,0.18000000715255737,-0.07999998331069946,1.0,0.0,19.444444444444443,183,177,3.8944826126098633,RoadOption.STRAIGHT,93.0770263671875,-58.25236129760742,-2.471007625843405,1.5,0.8,3.0,2.0,8.0,0.6,0.01,0.06,0.5,0.08,0.2,0.35,1.3,12,10.0,14.0,0.9,1.2,0.6,0.01,0.06,0.65,0.3,0.72,0.005,0.38,0.22,0.01,0.14,1.0,0.28
lqr,ground_truth,gentle_curve,1700.0,0.05,0.1,1.0,1685.54528850317,99.5582046508789,-50.8289794921875,14.39116916366929,5.0532752807751535,-0.906643621543054,0.374790255474323,0.906643621543054,0.374790255474323,0.10000000149011612,-0.08000000566244125,1.0,0.0,19.444444444444443,184,178,4.285477638244629,RoadOption.STRAIGHT,92.18037414550781,-58.94524383544922,-2.496380360496917,1.5,0.8,3.0,2.0,8.0,0.6,0.01,0.06,0.5,0.08,0.2,0.35,1.3,12,10.0,14.0,0.9,1.2,0.6,0.01,0.06,0.65,0.3,0.72,0.005,0.38,0.22,0.01,0.14,1.0,0.28
lqr,ground_truth,gentle_curve,1700.0,0.05,0.1,1.0,1685.595288503915,99.14283752441406,-51.43309783935547,14.612380499034309,4.832063945410134,-0.8839278623131879,0.4950875056001287,0.8839278623131879,0.4950875056001287,0.019999999552965164,-0.08000000193715096,1.0,0.0,19.444444444444443,184,179,4.662718772888184,RoadOption.STRAIGHT,92.18037414550781,-58.94524383544922,-2.496380360496917,1.5,0.8,3.0,2.0,8.0,0.6,0.01,0.06,0.5,0.08,0.2,0.35,1.3,12,10.0,14.0,0.9,1.2,0.6,0.01,0.06,0.65,0.3,0.72,0.005,0.38,0.22,0.01,0.14,1.0,0.28
lqr,ground_truth,gentle_curve,1700.0,0.05,0.1,1.0,1685.6452885046601,98.76911163330078,-52.07691955566406,14.860614321894705,4.583830122549738,-0.6833726043119102,0.5769737170076121,0.6833726043119102,0.5769737170076121,-0.05999999865889549,-0.07999999821186066,1.0,0.0,19.444444444444443,185,179,3.921266555786133,RoadOption.STRAIGHT,91.26642608642578,-59.61516571044922,-2.521753095150429,1.5,0.8,3.0,2.0,8.0,0.6,0.01,0.06,0.5,0.08,0.2,0.35,1.3,12,10.0,14.0,0.9,1.2,0.6,0.01,0.06,0.65,0.3,0.72,0.005,0.38,0.22,0.01,0.14,1.0,0.28
lqr,ground_truth,gentle_curve,1700.0,0.05,0.1,1.0,1685.6952885054052,98.43566131591797,-52.75611114501953,15.139283970542175,4.3051604739022675,-0.523495210250376,0.6672737864050378,0.523495210250376,0.6672737864050378,-0.14000000059604645,-0.08000000193715096,1.0,0.0,19.444444444444443,186,180,4.301689624786377,RoadOption.STRAIGHT,90.33576965332031,-60.26167297363281,-2.547125563487832,1.5,0.8,3.0,2.0,8.0,0.6,0.01,0.06,0.5,0.08,0.2,0.35,1.3,12,10.0,14.0,0.9,1.2,0.6,0.01,0.06,0.65,0.3,0.72,0.005,0.38,0.22,0.01,0.14,1.0,0.28
lqr,ground_truth,gentle_curve,1700.0,0.05,0.1,1.0,1685.7452885061502,98.14058685302734,-53.466796875,15.442424445607244,4.0020199988371985,-0.30721710391180146,0.7372000076730849,0.30721710391180146,0.7372000076730849,-0.2199999988079071,-0.07999999821186066,1.0,0.0,19.444444444444443,186,181,4.707268714904785,RoadOption.STRAIGHT,90.33576965332031,-60.26167297363281,-2.547125563487832,1.5,0.8,3.0,2.0,8.0,0.6,0.01,0.06,0.5,0.08,0.2,0.35,1.3,12,10.0,14.0,0.9,1.2,0.6,0.01,0.06,0.65,0.3,0.72,0.005,0.38,0.22,0.01,0.14,1.0,0.28
lqr,ground_truth,gentle_curve,1700.0,0.05,0.1,1.0,1685.7952885068953,97.87831115722656,-54.20505905151367,15.771671890712497,3.6727725537319458,0.07396186850240971,0.7567850274875827,0.07396186850240971,0.7567850274875827,-0.30000001192092896,-0.08000001311302185,1.0,0.0,19.444444444444443,187,181,4.013427734375,RoadOption.STRAIGHT,89.38902282714844,-60.884368896484375,-2.5724982981413436,1.5,0.8,3.0,2.0,8.0,0.6,0.01,0.06,0.5,0.08,0.2,0.35,1.3,12,10.0,14.0,0.9,1.2,0.6,0.01,0.06,0.65,0.3,0.72,0.005,0.38,0.22,0.01,0.14,1.0,0.28
lqr,ground_truth,gentle_curve,1700.0,0.05,0.1,1.0,1685.8452885076404,97.63965606689453,-54.966819763183594,16.110670612579412,3.333773831865031,0.38936361676731357,0.773274522009026,0.38936361676731357,0.773274522009026,-0.3799999952316284,-0.07999998331069946,1.0,0.0,19.444444444444443,187,182,4.491796016693115,RoadOption.STRAIGHT,89.38902282714844,-60.884368896484375,-2.5724982981413436,1.5,0.8,3.0,2.0,8.0,0.6,0.01,0.06,0.5,0.08,0.2,0.35,1.3,12,10.0,14.0,0.9,1.2,0.6,0.01,0.06,0.65,0.3,0.72,0.005,0.38,0.22,0.01,0.14,1.0,0.28
lqr,ground_truth,gentle_curve,1700.0,0.05,0.1,1.0,1685.8952885083854,97.41079711914062,-55.74735641479492,16.434466564254713,3.00997788018973,0.8416526322855526,0.7353299359556318,0.8416526322855526,0.7353299359556318,-0.46000000834465027,-0.08000001311302185,1.0,0.0,19.444444444444443,188,182,3.89095401763916,RoadOption.STRAIGHT,88.42677307128906,-61.482845306396484,-2.5978710327948558,1.5,0.8,3.0,2.0,8.0,0.6,0.01,0.06,0.5,0.08,0.2,0.35,1.3,12,10.0,14.0,0.9,1.2,0.6,0.01,0.06,0.65,0.3,0.72,0.005,0.38,0.22,0.01,0.14,1.0,0.28
lqr,ground_truth,gentle_curve,1700.0,0.05,0.1,1.0,1685.9452885091305,97.1736831665039,-56.54024887084961,16.70801571896222,2.7364287254822237,1.204475998333217,0.6971548533098906,1.204475998333217,0.6971548533098906,-0.5,-0.03999999165534973,1.0,0.0,19.444444444444443,188,183,4.440036773681641,RoadOption.STRAIGHT,88.42677307128906,-61.482845306396484,-2.5978710327948558,1.5,0.8,3.0,2.0,8.0,0.6,0.01,0.06,0.5,0.08,0.2,0.35,1.3,12,10.0,14.0,0.9,1.2,0.6,0.01,0.06,0.65,0.3,0.72,0.005,0.38,0.22,0.01,0.14,1.0,0.28
lqr,ground_truth,gentle_curve,1700.0,0.05,0.1,1.0,1685.9952885098755,96.91019439697266,-57.33728790283203,16.916650149598507,2.527794294845936,1.6651791633918487,0.6146416006237478,1.6651791633918487,0.6146416006237478,-0.5,0.0,1.0,0.0,19.444444444444443,189,183,3.940880537033081,RoadOption.STRAIGHT,87.44966125488281,-62.05671691894531,-2.6232437674483675,1.5,0.8,3.0,2.0,8.0,0.6,0.01,0.06,0.5,0.08,0.2,0.35,1.3,12,10.0,14.0,0.9,1.2,0.6,0.01,0.06,0.65,0.3,0.72,0.005,0.38,0.22,0.01,0.14,1.0,0.28
lqr,ground_truth,gentle_curve,1700.0,0.05,0.1,1.0,1686.0452885106206,96.60806274414062,-58.131019592285156,17.07812785875238,2.3663165856920614,2.0121280710843075,0.5456071388467141,2.0121280710843075,0.5456071388467141,-0.5,0.0,1.0,0.0,19.444444444444443,190,184,4.501931667327881,RoadOption.STRAIGHT,86.45829010009766,-62.60560989379883,-2.6486165021018793,1.5,0.8,3.0,2.0,8.0,0.6,0.01,0.06,0.5,0.08,0.2,0.35,1.3,12,10.0,14.0,0.9,1.2,0.6,0.01,0.06,0.65,0.3,0.72,0.005,0.38,0.22,0.01,0.14,1.0,0.28
lqr,ground_truth,gentle_curve,1700.0,0.05,0.1,1.0,1686.0952885113657,96.2598648071289,-58.91377639770508,17.17743277519642,2.267011669248024,2.329800359424996,0.4691270112940362,2.329800359424996,0.4691270112940362,-0.5,0.0,1.0,0.0,19.444444444444443,190,185,5.042457580566406,RoadOption.STRAIGHT,86.45829010009766,-62.60560989379883,-2.6486165021018793,1.5,0.8,3.0,2.0,8.0,0.6,0.01,0.06,0.5,0.08,0.2,0.35,1.3,12,10.0,14.0,0.9,1.2,0.6,0.01,0.06,0.65,0.3,0.72,0.005,0.38,0.22,0.01,0.14,1.0,0.28
lqr,ground_truth,gentle_curve,1700.0,0.05,0.1,1.0,1686.1452885121107,95.86109161376953,-59.6771125793457,17.217152950976434,2.227291493468009,2.719485213061887,0.36216780401372883,2.719485213061887,0.36216780401372883,-0.5,0.0,1.0,0.0,19.444444444444443,191,185,4.595083236694336,RoadOption.STRAIGHT,85.45333099365234,-63.12917709350586,-2.6739889704392823,1.5,0.8,3.0,2.0,8.0,0.6,0.01,0.06,0.5,0.08,0.2,0.35,1.3,12,10.0,14.0,0.9,1.2,0.6,0.01,0.06,0.65,0.3,0.72,0.005,0.38,0.22,0.01,0.14,1.0,0.28
lqr,ground_truth,gentle_curve,1700.0,0.05,0.1,1.0,1686.1952885128558,95.42147064208984,-60.4278450012207,17.106851265468467,2.3375931789759754,2.985999788697893,0.2791264464834229,2.985999788697893,0.2791264464834229,-0.5,0.0,1.0,0.0,19.444444444444443,191,186,5.088451862335205,RoadOption.STRAIGHT,85.45333099365234,-63.12917709350586,-2.6739889704392823,1.5,0.8,3.0,2.0,8.0,0.6,0.01,0.06,0.5,0.08,0.2,0.35,1.3,12,10.0,14.0,0.9,1.2,0.6,0.01,0.06,0.65,0.3,0.72,0.005,0.38,0.22,0.01,0.14,1.0,0.28
lqr,ground_truth,gentle_curve,1700.0,0.05,0.1,1.0,1686.2452885136008,94.92093658447266,-61.129695892333984,17.12261657902757,2.3218278654168714,3.287113329934615,0.1747454454544215,3.287113329934615,0.1747454454544215,-0.5,0.0,1.0,0.0,19.444444444444443,192,186,4.666690349578857,RoadOption.STRAIGHT,84.43539428710938,-63.62708282470703,-2.6993617050927945,1.5,0.8,3.0,2.0,8.0,0.6,0.01,0.06,0.5,0.08,0.2,0.35,1.3,12,10.0,14.0,0.9,1.2,0.6,0.01,0.06,0.65,0.3,0.72,0.005,0.38,0.22,0.01,0.14,1.0,0.28
lqr,ground_truth,gentle_curve,1700.0,0.05,0.1,1.0,1686.2952885143459,94.39158630371094,-61.80158615112305,16.998901821465175,2.445542622979268,3.4683822435628544,0.09897584928057679,3.4683822435628544,0.09897584928057679,-0.5,0.0,1.0,0.0,19.444444444444443,192,187,5.086294174194336,RoadOption.STRAIGHT,84.43539428710938,-63.62708282470703,-2.6993617050927945,1.5,0.8,3.0,2.0,8.0,0.6,0.01,0.06,0.5,0.08,0.2,0.35,1.3,12,10.0,14.0,0.9,1.2,0.6,0.01,0.06,0.65,0.3,0.72,0.005,0.38,0.22,0.01,0.14,1.0,0.28
lqr,ground_truth,gentle_curve,1700.0,0.05,0.1,1.0,1686.345288515091,93.81391143798828,-62.413124084472656,16.603550712170904,2.840893732273539,3.672243994688829,0.0037372139577080965,3.672243994688829,0.0037372139577080965,-0.5,0.0,1.0,0.0,19.444444444444443,193,187,4.682077884674072,RoadOption.STRAIGHT,83.40515899658203,-64.0989990234375,-2.724734173430197,1.5,0.8,3.0,2.0,8.0,0.6,0.01,0.06,0.5,0.08,0.2,0.35,1.3,12,10.0,14.0,0.9,1.2,0.6,0.01,0.06,0.65,0.3,0.72,0.005,0.38,0.22,0.01,0.14,1.0,0.28
lqr,ground_truth,gentle_curve,1700.0,0.05,0.1,1.0,1686.395288515836,93.19949340820312,-62.980770111083984,16.502767409925273,2.94167703451917,3.750953175505192,-0.06666291682631842,3.750953175505192,0.06666291682631842,-0.5,0.0,1.0,0.0,19.444444444444443,194,188,5.002847194671631,RoadOption.STRAIGHT,82.36328887939453,-64.54463195800781,-2.7501069080837093,1.5,0.8,3.0,2.0,8.0,0.6,0.01,0.06,0.5,0.08,0.2,0.35,1.3,12,10.0,14.0,0.9,1.2,0.6,0.01,0.06,0.65,0.3,0.72,0.005,0.38,0.22,0.01,0.14,1.0,0.28
lqr,ground_truth,gentle_curve,1700.0,0.05,0.1,1.0,1686.445288516581,92.5504150390625,-63.49987030029297,16.348093612616644,3.096350831827799,3.7807295308610156,-0.1404617737935041,3.7807295308610156,0.1404617737935041,-0.5,0.0,1.0,0.0,19.444444444444443,194,189,5.301557540893555,RoadOption.STRAIGHT,82.36328887939453,-64.54463195800781,-2.7501069080837093,1.5,0.8,3.0,2.0,8.0,0.6,0.01,0.06,0.5,0.08,0.2,0.35,1.3,12,10.0,14.0,0.9,1.2,0.6,0.01,0.06,0.65,0.3,0.72,0.005,0.38,0.22,0.01,0.14,1.0,0.28
lqr,ground_truth,gentle_curve,1700.0,0.05,0.1,1.0,1686.4952885173261,91.87030029296875,-63.96357727050781,16.15682870925071,3.2876157351937323,3.846562678745359,-0.24204033040741546,3.846562678745359,0.24204033040741546,-0.41999998688697815,0.08000001311302185,1.0,0.0,19.444444444444443,195,189,4.815016746520996,RoadOption.STRAIGHT,81.31044006347656,-64.96368408203125,-2.775479376421112,1.5,0.8,3.0,2.0,8.0,0.6,0.01,0.06,0.5,0.08,0.2,0.35,1.3,12,10.0,14.0,0.9,1.2,0.6,0.01,0.06,0.65,0.3,0.72,0.005,0.38,0.22,0.01,0.14,1.0,0.28
lqr,ground_truth,gentle_curve,1700.0,0.05,0.1,1.0,1686.5452885180712,91.16557312011719,-64.37041473388672,16.02887264759129,3.415571796853154,3.782387067964091,-0.3147142681301518,3.782387067964091,0.3147142681301518,-0.3400000035762787,0.07999998331069946,1.0,0.0,19.444444444444443,196,190,5.02781343460083,RoadOption.STRAIGHT,80.24730682373047,-65.35589599609375,-2.800852111074624,1.5,0.8,3.0,2.0,8.0,0.6,0.01,0.06,0.5,0.08,0.2,0.35,1.3,12,10.0,14.0,0.9,1.2,0.6,0.01,0.06,0.65,0.3,0.72,0.005,0.38,0.22,0.01,0.14,1.0,0.28
lqr,ground_truth,gentle_curve,1700.0,0.05,0.1,1.0,1686.5952885188162,90.44564056396484,-64.72612762451172,15.8563714380752,3.5880730063692425,3.6757955519626444,-0.3764391516632455,3.6757955519626444,0.3764391516632455,-0.25999999046325684,0.08000001311302185,1.0,0.0,19.444444444444443,196,191,5.241944313049316,RoadOption.STRAIGHT,80.24730682373047,-65.35589599609375,-2.800852111074624,1.5,0.8,3.0,2.0,8.0,0.6,0.01,0.06,0.5,0.08,0.2,0.35,1.3,12,10.0,14.0,0.9,1.2,0.6,0.01,0.06,0.65,0.3,0.72,0.005,0.38,0.22,0.01,0.14,1.0,0.28
lqr,ground_truth,gentle_curve,1700.0,0.05,0.1,1.0,1686.6452885195613,89.7161636352539,-65.02693176269531,15.561539946377318,3.8829044980671252,3.6154980261033334,-0.4593012784521888,3.6154980261033334,0.4593012784521888,-0.18000000715255737,0.07999998331069946,1.0,0.0,19.444444444444443,197,191,4.666505336761475,RoadOption.STRAIGHT,79.174560546875,-65.72100830078125,-2.826224845728136,1.5,0.8,3.0,2.0,8.0,0.6,0.01,0.06,0.5,0.08,0.2,0.35,1.3,12,10.0,14.0,0.9,1.2,0.6,0.01,0.06,0.65,0.3,0.72,0.005,0.38,0.22,0.01,0.14,1.0,0.28
lqr,ground_truth,gentle_curve,1700.0,0.05,0.1,1.0,1686.6952885203063,88.9705810546875,-65.26038360595703,15.381856645677388,4.062587798767055,3.417040158266514,-0.5266225286999742,3.417040158266514,0.5266225286999742,-0.10000000149011612,0.08000000566244125,1.0,0.0,19.444444444444443,198,192,4.8205695152282715,RoadOption.STRAIGHT,78.0928955078125,-66.05878448486328,-2.851597314065539,1.5,0.8,3.0,2.0,8.0,0.6,0.01,0.06,0.5,0.08,0.2,0.35,1.3,12,10.0,14.0,0.9,1.2,0.6,0.01,0.06,0.65,0.3,0.72,0.005,0.38,0.22,0.01,0.14,1.0,0.28
lqr,ground_truth,gentle_curve,1700.0,0.05,0.1,1.0,1686.7452885210514,88.20945739746094,-65.42497253417969,15.360125614835964,4.084318829608479,3.157636506930457,-0.5952918710915593,3.157636506930457,0.5952918710915593,-0.019999999552965164,0.08000000193715096,1.0,0.0,19.444444444444443,198,193,4.984121322631836,RoadOption.STRAIGHT,78.0928955078125,-66.05878448486328,-2.851597314065539,1.5,0.8,3.0,2.0,8.0,0.6,0.01,0.06,0.5,0.08,0.2,0.35,1.3,12,10.0,14.0,0.9,1.2,0.6,0.01,0.06,0.65,0.3,0.72,0.005,0.38,0.22,0.01,0.14,1.0,0.28
lqr,ground_truth,gentle_curve,1700.0,0.05,0.1,1.0,1686.7952885217965,87.43510437011719,-65.52486419677734,15.435457130637607,4.008987313806836,2.9354462237528938,-0.6846614320041109,2.9354462237528938,0.6846614320041109,0.05999999865889549,0.07999999821186066,1.0,0.0,19.444444444444443,199,193,4.274972438812256,RoadOption.STRAIGHT,77.00301361083984,-66.36901092529297,-2.8769700487190506,1.5,0.8,3.0,2.0,8.0,0.6,0.01,0.06,0.5,0.08,0.2,0.35,1.3,12,10.0,14.0,0.9,1.2,0.6,0.01,0.06,0.65,0.3,0.72,0.005,0.38,0.22,0.01,0.14,1.0,0.28
lqr,ground_truth,gentle_curve,1700.0,0.05,0.1,1.0,1686.8452885225415,86.65018463134766,-65.56429290771484,15.579749763427483,3.8646946810169602,2.5782339055554067,-0.7390397193541123,2.5782339055554067,0.7390397193541123,0.14000000059604645,0.08000000193715096,1.0,0.0,19.444444444444443,200,194,4.40669584274292,RoadOption.STRAIGHT,75.90560913085938,-66.6514892578125,-2.9023425170564536,1.5,0.8,3.0,2.0,8.0,0.6,0.01,0.06,0.5,0.08,0.2,0.35,1.3,12,10.0,14.0,0.9,1.2,0.6,0.01,0.06,0.65,0.3,0.72,0.005,0.38,0.22,0.01,0.14,1.0,0.28
lqr,ground_truth,gentle_curve,1700.0,0.05,0.1,1.0,1686.8952885232866,85.85649108886719,-65.55013275146484,15.758171169975407,3.686273274469036,2.1750185661716457,-0.7838998689681702,2.1750185661716457,0.7838998689681702,0.2199999988079071,0.07999999821186066,1.0,0.0,19.444444444444443,200,195,4.583866119384766,RoadOption.STRAIGHT,75.90560913085938,-66.6514892578125,-2.9023425170564536,1.5,0.8,3.0,2.0,8.0,0.6,0.01,0.06,0.5,0.08,0.2,0.35,1.3,12,10.0,14.0,0.9,1.2,0.6,0.01,0.06,0.65,0.3,0.72,0.005,0.38,0.22,0.01,0.14,1.0,0.28
lqr,ground_truth,gentle_curve,1700.0,0.05,0.1,1.0,1686.9452885240316,85.05570983886719,-65.49002075195312,15.992971576753657,3.4514728676907858,1.8322195531147447,-0.8389692466210459,1.8322195531147447,0.8389692466210459,0.30000001192092896,0.08000001311302185,1.0,0.0,19.444444444444443,201,195,3.7821643352508545,RoadOption.STRAIGHT,74.8013916015625,-66.90603637695312,-2.9277152517099654,1.5,0.8,3.0,2.0,8.0,0.6,0.01,0.06,0.5,0.08,0.2,0.35,1.3,12,10.0,14.0,0.9,1.2,0.6,0.01,0.06,0.65,0.3,0.72,0.005,0.38,0.22,0.01,0.14,1.0,0.28
lqr,ground_truth,gentle_curve,1700.0,0.05,0.1,1.0,1686.9952885247767,84.25210571289062,-65.37779998779297,16.260684440884145,3.183760003560298,1.3589889949450114,-0.839436098760137,1.3589889949450114,0.839436098760137,0.3799999952316284,0.07999998331069946,1.0,0.0,19.444444444444443,202,196,4.004903793334961,RoadOption.STRAIGHT,73.69107055664062,-67.13248443603516,-2.9530882526795867,1.5,0.8,3.0,2.0,8.0,0.6,0.01,0.06,0.5,0.08,0.2,0.35,1.3,12,10.0,14.0,0.9,1.2,0.6,0.01,0.06,0.65,0.3,0.72,0.005,0.38,0.22,0.01,0.14,1.0,0.28
lqr,ground_truth,gentle_curve,1700.0,0.05,0.1,1.0,1687.0452885255218,83.44489288330078,-65.22196197509766,16.57090176453413,2.8735426799103116,0.8500780459895627,-0.8073513992112993,0.8500780459895627,0.8073513992112993,0.46000000834465027,0.08000001311302185,1.0,0.0,19.444444444444443,203,197,4.299415588378906,RoadOption.STRAIGHT,72.57536315917969,-67.33069610595703,-2.9784607210169893,1.5,0.8,3.0,2.0,8.0,0.6,0.01,0.06,0.5,0.08,0.2,0.35,1.3,12,10.0,14.0,0.9,1.2,0.6,0.01,0.06,0.65,0.3,0.72,0.005,0.38,0.22,0.01,0.14,1.0,0.28
lqr,ground_truth,gentle_curve,1700.0,0.05,0.1,1.0,1687.0952885262668,82.63052368164062,-65.03629302978516,16.897651497277725,2.5467929471667183,0.3177270712930884,-0.7406559918196809,0.3177270712930884,0.7406559918196809,0.5,0.03999999165534973,1.0,0.0,19.444444444444443,203,198,4.65141487121582,RoadOption.STRAIGHT,72.57536315917969,-67.33069610595703,-2.9784607210169893,1.5,0.8,3.0,2.0,8.0,0.6,0.01,0.06,0.5,0.08,0.2,0.35,1.3,12,10.0,14.0,0.9,1.2,0.6,0.01,0.06,0.65,0.3,0.72,0.005,0.38,0.22,0.01,0.14,1.0,0.28
lqr,ground_truth,gentle_curve,1700.0,0.05,0.1,1.0,1687.1452885270119,81.80335235595703,-64.83926391601562,17.223837653198434,2.2206067912460092,-0.10760291992569737,-0.667928790875143,0.10760291992569737,0.667928790875143,0.5,0.0,0.9909147024154663,0.0,19.444444444444443,204,198,3.9057366847991943,RoadOption.STRAIGHT,71.45498657226562,-67.50053405761719,-3.0038334556705015,1.5,0.8,3.0,2.0,8.0,0.6,0.01,0.06,0.5,0.08,0.2,0.35,1.3,12,10.0,14.0,0.9,1.2,0.6,0.01,0.06,0.65,0.3,0.72,0.005,0.38,0.22,0.01,0.14,1.0,0.28
lqr,ground_truth,gentle_curve,1700.0,0.05,0.1,1.0,1687.195288527757,80.95713806152344,-64.65162658691406,17.528648443308743,1.9157960011356998,-0.6234227886231973,-0.5488442111517049,0.6234227886231973,0.5488442111517049,0.5,0.0,0.8336915969848633,0.0,19.444444444444443,205,199,4.31097936630249,RoadOption.STRAIGHT,70.33067321777344,-67.64189147949219,-3.029205924007904,1.5,0.8,3.0,2.0,8.0,0.6,0.01,0.06,0.5,0.08,0.2,0.35,1.3,12,10.0,14.0,0.9,1.2,0.6,0.01,0.06,0.65,0.3,0.72,0.005,0.38,0.22,0.01,0.14,1.0,0.28
lqr,ground_truth,gentle_curve,1700.0,0.05,0.1,1.0,1687.245288528502,80.09046936035156,-64.49309539794922,17.747697236419484,1.6967472080249593,-1.1052101950248585,-0.41826596079570244,1.1052101950248585,0.41826596079570244,0.5,0.0,0.8051834106445312,0.0,19.444444444444443,205,200,4.708687782287598,RoadOption.STRAIGHT,70.33067321777344,-67.64189147949219,-3.029205924007904,1.5,0.8,3.0,2.0,8.0,0.6,0.01,0.06,0.5,0.08,0.2,0.35,1.3,12,10.0,14.0,0.9,1.2,0.6,0.01,0.06,0.65,0.3,0.72,0.005,0.38,0.22,0.01,0.14,1.0,0.28
lqr,ground_truth,gentle_curve,1700.0,0.05,0.1,1.0,1687.295288529247,79.20767211914062,-64.37818908691406,17.851748980481627,1.5926954639628157,-1.4260436686366282,-0.3068534155405658,1.4260436686366282,0.3068534155405658,0.5,0.0,0.8807521462440491,0.0,19.444444444444443,206,200,4.0089311599731445,RoadOption.STRAIGHT,69.20311737060547,-67.75468444824219,-3.0545786586614163,1.5,0.8,3.0,2.0,8.0,0.6,0.01,0.06,0.5,0.08,0.2,0.35,1.3,12,10.0,14.0,0.9,1.2,0.6,0.01,0.06,0.65,0.3,0.72,0.005,0.38,0.22,0.01,0.14,1.0,0.28
lqr,ground_truth,gentle_curve,1700.0,0.05,0.1,1.0,1687.345288529992,78.31578063964844,-64.31652069091797,17.853391783209588,1.5910526612348548,-1.7845833223450014,-0.1666539631144337,1.7845833223450014,0.1666539631144337,0.5,0.0,1.0,0.0,19.444444444444443,207,201,4.3653788566589355,RoadOption.STRAIGHT,68.07307434082031,-67.83882904052734,-3.079951393314928,1.5,0.8,3.0,2.0,8.0,0.6,0.01,0.06,0.5,0.08,0.2,0.35,1.3,12,10.0,14.0,0.9,1.2,0.6,0.01,0.06,0.65,0.3,0.72,0.005,0.38,0.22,0.01,0.14,1.0,0.28
lqr,ground_truth,gentle_curve,1700.0,0.05,0.1,1.0,1687.3952885307372,77.42233276367188,-64.31398010253906,17.77876780370803,1.6656766407364145,-2.0693749794833765,-0.024499750448183644,2.0693749794833765,0.024499750448183644,0.41999998688697815,-0.08000001311302185,1.0,0.0,19.444444444444443,208,202,4.676140785217285,RoadOption.STRAIGHT,66.94125366210938,-67.894287109375,-3.105323861652331,1.5,0.8,3.0,2.0,8.0,0.6,0.01,0.06,0.5,0.08,0.2,0.35,1.3,12,10.0,14.0,0.9,1.2,0.6,0.01,0.06,0.65,0.3,0.72,0.005,0.38,0.22,0.01,0.14,1.0,0.28
lqr,ground_truth,gentle_curve,1700.0,0.05,0.1,1.0,1687.4452885314822,76.53289031982422,-64.37344360351562,17.70459164741355,1.739852797030892,-2.275251034646094,0.1182587334694043,2.275251034646094,0.1182587334694043,0.3400000035762787,-0.07999998331069946,1.0,0.0,19.444444444444443,208,203,4.9403815269470215,RoadOption.STRAIGHT,66.94125366210938,-67.894287109375,-3.105323861652331,1.5,0.8,3.0,2.0,8.0,0.6,0.01,0.06,0.5,0.08,0.2,0.35,1.3,12,10.0,14.0,0.9,1.2,0.6,0.01,0.06,0.65,0.3,0.72,0.005,0.38,0.22,0.01,0.14,1.0,0.28
lqr,ground_truth,gentle_curve,1700.0,0.05,0.1,1.0,1687.4952885322273,75.65185546875,-64.4960708618164,17.635564579322782,1.8088798651216607,-2.2973401380309277,0.2348306207043529,2.2973401380309277,0.2348306207043529,0.25999999046325684,-0.08000001311302185,1.0,0.0,19.444444444444443,209,203,4.183289051055908,RoadOption.STRAIGHT,65.80839538574219,-67.92100524902344,-3.130696596305843,1.5,0.8,3.0,2.0,8.0,0.6,0.01,0.06,0.5,0.08,0.2,0.35,1.3,12,10.0,14.0,0.9,1.2,0.6,0.01,0.06,0.65,0.3,0.72,0.005,0.38,0.22,0.01,0.14,1.0,0.28
lqr,ground_truth,gentle_curve,1700.0,0.05,0.1,1.0,1687.5452885329723,74.78372955322266,-64.68195343017578,17.575114939339574,1.8693295051048686,-2.334762025209849,0.3747049011613859,2.334762025209849,0.3747049011613859,0.18000000715255737,-0.07999998331069946,1.0,0.0,19.444444444444443,210,204,4.361757755279541,RoadOption.STRAIGHT,64.74905395507812,-67.92342376708984,3.141183858362466,1.5,0.8,3.0,2.0,8.0,0.6,0.01,0.06,0.5,0.08,0.2,0.35,1.3,12,10.0,14.0,0.9,1.2,0.6,0.01,0.06,0.65,0.3,0.72,0.005,0.38,0.22,0.01,0.14,1.0,0.28
lqr,ground_truth,gentle_curve,1700.0,0.05,0.1,1.0,1687.5952885337174,73.93280792236328,-64.93025970458984,17.528635464482964,1.9158089799614793,-2.2905443314505023,0.5111791238547143,2.2905443314505023,0.5111791238547143,0.10000000149011612,-0.08000000566244125,1.0,0.0,19.444444444444443,211,205,4.508694171905518,RoadOption.STRAIGHT,63.74905014038086,-67.92301940917969,3.141183858362466,1.5,0.8,3.0,2.0,8.0,0.6,0.01,0.06,0.5,0.08,0.2,0.35,1.3,12,10.0,14.0,0.9,1.2,0.6,0.01,0.06,0.65,0.3,0.72,0.005,0.38,0.22,0.01,0.14,1.0,0.28
lqr,ground_truth,gentle_curve,1700.0,0.05,0.1,1.0,1687.6452885344625,73.10293579101562,-65.23939514160156,17.503034508177464,1.9414099362669788,-2.1668624092975715,0.6426479352792391,2.1668624092975715,0.6426479352792391,0.019999999552965164,-0.08000000193715096,1.0,0.0,19.444444444444443,212,206,4.640610218048096,RoadOption.STRAIGHT,62.74905014038086,-67.922607421875,3.141183858362466,1.5,0.8,3.0,2.0,8.0,0.6,0.01,0.06,0.5,0.08,0.2,0.35,1.3,12,10.0,14.0,0.9,1.2,0.6,0.01,0.06,0.65,0.3,0.72,0.005,0.38,0.22,0.01,0.14,1.0,0.28
lqr,ground_truth,gentle_curve,1700.0,0.05,0.1,1.0,1687.6952885352075,72.29729461669922,-65.60700225830078,17.506222599444126,1.9382218450003172,-1.9673666530029374,0.7670074381737972,1.9673666530029374,0.7670074381737972,-0.05999999865889549,-0.07999999821186066,1.0,0.0,19.444444444444443,213,207,4.777560710906982,RoadOption.STRAIGHT,61.74905014038086,-67.92219543457031,3.141183858362466,1.5,0.8,3.0,2.0,8.0,0.6,0.01,0.06,0.5,0.08,0.2,0.35,1.3,12,10.0,14.0,0.9,1.2,0.6,0.01,0.06,0.65,0.3,0.72,0.005,0.38,0.22,0.01,0.14,1.0,0.28
lqr,ground_truth,gentle_curve,1700.0,0.05,0.1,1.0,1687.7452885359526,71.51823425292969,-66.03006744384766,17.544611632787433,1.89983281165701,-1.6970285137300554,0.8815080518709362,1.6970285137300554,0.8815080518709362,-0.14000000059604645,-0.08000000193715096,1.0,0.0,19.444444444444443,214,208,4.942071437835693,RoadOption.STRAIGHT,60.74905014038086,-67.92179107666016,3.141183858362466,1.5,0.8,3.0,2.0,8.0,0.6,0.01,0.06,0.5,0.08,0.2,0.35,1.3,12,10.0,14.0,0.9,1.2,0.6,0.01,0.06,0.65,0.3,0.72,0.005,0.38,0.22,0.01,0.14,1.0,0.28
lqr,ground_truth,gentle_curve,1700.0,0.05,0.1,1.0,1687.7952885366976,70.76789093017578,-66.5053482055664,17.612008453580234,1.8324359908642087,-1.3615351297387583,0.9835654448488445,1.3615351297387583,0.9835654448488445,-0.2199999988079071,-0.07999999821186066,1.0,0.0,19.444444444444443,214,209,5.157585144042969,RoadOption.STRAIGHT,60.74905014038086,-67.92179107666016,3.141183858362466,1.5,0.8,3.0,2.0,8.0,0.6,0.01,0.06,0.5,0.08,0.2,0.35,1.3,12,10.0,14.0,0.9,1.2,0.6,0.01,0.06,0.65,0.3,0.72,0.005,0.38,0.22,0.01,0.14,1.0,0.28
lqr,ground_truth,gentle_curve,1700.0,0.05,0.1,1.0,1687.8452885374427,70.04667663574219,-67.02870178222656,17.72068025509765,1.7237641893467917,-0.84607085687345,1.0438077466030897,0.84607085687345,1.0438077466030897,-0.30000001192092896,-0.08000001311302185,0.9538523554801941,0.0,19.444444444444443,215,209,4.331193447113037,RoadOption.STRAIGHT,59.74905014038086,-67.92137908935547,3.141183858362466,1.5,0.8,3.0,2.0,8.0,0.6,0.01,0.06,0.5,0.08,0.2,0.35,1.3,12,10.0,14.0,0.9,1.2,0.6,0.01,0.06,0.65,0.3,0.72,0.005,0.38,0.22,0.01,0.14,1.0,0.28
lqr,ground_truth,gentle_curve,1700.0,0.05,0.1,1.0,1687.8952885381877,69.35369110107422,-67.59532165527344,17.868371368911212,1.5760730755332304,-0.32998443803768424,1.0940014089322503,0.32998443803768424,1.0940014089322503,-0.3799999952316284,-0.07999998331069946,0.8184145092964172,0.0,19.444444444444443,216,210,4.616312026977539,RoadOption.STRAIGHT,58.74905014038086,-67.92097473144531,3.141183858362466,1.5,0.8,3.0,2.0,8.0,0.6,0.01,0.06,0.5,0.08,0.2,0.35,1.3,12,10.0,14.0,0.9,1.2,0.6,0.01,0.06,0.65,0.3,0.72,0.005,0.38,0.22,0.01,0.14,1.0,0.28
lqr,ground_truth,gentle_curve,1700.0,0.05,0.1,1.0,1687.9452885389328,68.68648529052734,-68.19938659667969,18.040211346467768,1.4042330979766753,0.27434876453924967,1.105685229266646,0.27434876453924967,1.105685229266646,-0.46000000834465027,-0.08000001311302185,0.6863318681716919,0.0,19.444444444444443,217,211,4.945163726806641,RoadOption.STRAIGHT,57.74905014038086,-67.92056274414062,3.141183858362466,1.5,0.8,3.0,2.0,8.0,0.6,0.01,0.06,0.5,0.08,0.2,0.35,1.3,12,10.0,14.0,0.9,1.2,0.6,0.01,0.06,0.65,0.3,0.72,0.005,0.38,0.22,0.01,0.14,1.0,0.28
lqr,ground_truth,gentle_curve,1700.0,0.05,0.1,1.0,1687.9952885396779,68.04046630859375,-68.83319091796875,18.204162367677057,1.2402820767673859,0.9084203143932152,1.0842627614580476,0.9084203143932152,1.0842627614580476,-0.5,-0.03999999165534973,0.597428023815155,0.0,19.444444444444443,217,212,5.369194507598877,RoadOption.STRAIGHT,57.74905014038086,-67.92056274414062,3.141183858362466,1.5,0.8,3.0,2.0,8.0,0.6,0.01,0.06,0.5,0.08,0.2,0.35,1.3,12,10.0,14.0,0.9,1.2,0.6,0.01,0.06,0.65,0.3,0.72,0.005,0.38,0.22,0.01,0.14,1.0,0.28
lqr,ground_truth,gentle_curve,1700.0,0.05,0.1,1.0,1688.045288540423,67.40782928466797,-69.48700714111328,18.339197340314875,1.1052471041295675,1.5624951018957847,1.0275970850477787,1.5624951018957847,1.0275970850477787,-0.5,0.0,0.5511062741279602,0.0,19.444444444444443,218,212,4.914424896240234,RoadOption.STRAIGHT,56.749053955078125,-67.92015838623047,3.141183858362466,1.5,0.8,3.0,2.0,8.0,0.6,0.01,0.06,0.5,0.08,0.2,0.35,1.3,12,10.0,14.0,0.9,1.2,0.6,0.01,0.06,0.65,0.3,0.72,0.005,0.38,0.22,0.01,0.14,1.0,0.28
lqr,ground_truth,gentle_curve,1700.0,0.05,0.1,1.0,1688.095288541168,66.7762222290039,-70.14960479736328,18.445341953644764,0.9991024907996788,2.2253540927782978,0.9423801912229868,2.2253540927782978,0.9423801912229868,-0.5,0.0,0.5220985412597656,0.0,19.444444444444443,218,213,5.498528003692627,RoadOption.STRAIGHT,56.749053955078125,-67.92015838623047,3.141183858362466,1.5,0.8,3.0,2.0,8.0,0.6,0.01,0.06,0.5,0.08,0.2,0.35,1.3,12,10.0,14.0,0.9,1.2,0.6,0.01,0.06,0.65,0.3,0.72,0.005,0.38,0.22,0.01,0.14,1.0,0.28
lqr,ground_truth,gentle_curve,1700.0,0.05,0.1,1.0,1688.145288541913,66.13880920410156,-70.82261657714844,18.491642588744064,0.952801855700379,2.8986263877239242,0.8395338367721425,2.8986263877239242,0.8395338367721425,-0.5,0.0,0.5759373307228088,0.0,19.444444444444443,219,213,5.261458873748779,RoadOption.STRAIGHT,55.749053955078125,-67.91974639892578,3.141183858362466,1.5,0.8,3.0,2.0,8.0,0.6,0.01,0.06,0.5,0.08,0.2,0.35,1.3,12,10.0,14.0,0.9,1.2,0.6,0.01,0.06,0.65,0.3,0.72,0.005,0.38,0.22,0.01,0.14,1.0,0.28
lqr,ground_truth,gentle_curve,1700.0,0.05,0.1,1.0,1688.195288542658,65.92079162597656,-70.93263244628906,4.732549097797604,14.711895346646838,3.0087269348753356,0.8167843157923595,3.0087269348753356,0.8167843157923595,-0.5,0.0,1.0,0.0,19.444444444444443,219,214,5.984320163726807,RoadOption.STRAIGHT,55.749053955078125,-67.91974639892578,3.141183858362466,1.5,0.8,3.0,2.0,8.0,0.6,0.01,0.06,0.5,0.08,0.2,0.35,1.3,12,10.0,14.0,0.9,1.2,0.6,0.01,0.06,0.65,0.3,0.72,0.005,0.38,0.22,0.01,0.14,1.0,0.28
lqr,ground_truth,gentle_curve,1700.0,0.05,0.1,1.0,1688.2452885434031,65.99845123291016,-70.76131439208984,3.1193614432376116,16.32508300120683,2.837377148115113,0.8226185027923956,2.837377148115113,0.8226185027923956,-0.5,0.0,1.0,0.0,19.444444444444443,219,214,5.968174457550049,RoadOption.STRAIGHT,55.749053955078125,-67.91974639892578,3.141183858362466,1.5,0.8,3.0,2.0,8.0,0.6,0.01,0.06,0.5,0.08,0.2,0.35,1.3,12,10.0,14.0,0.9,1.2,0.6,0.01,0.06,0.65,0.3,0.72,0.005,0.38,0.22,0.01,0.14,1.0,0.28
lqr,ground_truth,gentle_curve,1700.0,0.05,0.1,1.0,1688.2952885441482,66.04251861572266,-70.66017150878906,1.6647075908274511,17.779736853616992,2.736216258730231,0.8181963238023187,2.736216258730231,0.8181963238023187,-0.5,0.0,1.0,0.0,19.444444444444443,219,214,5.959827899932861,RoadOption.STRAIGHT,55.749053955078125,-67.91974639892578,3.141183858362466,1.5,0.8,3.0,2.0,8.0,0.6,0.01,0.06,0.5,0.08,0.2,0.35,1.3,12,10.0,14.0,0.9,1.2,0.6,0.01,0.06,0.65,0.3,0.72,0.005,0.38,0.22,0.01,0.14,1.0,0.28
lqr,ground_truth,gentle_curve,1700.0,0.05,0.1,1.0,1688.3452885448933,66.04985809326172,-70.62052154541016,0.4426870577944316,19.001757386650013,2.6965632983210424,0.8126369750267788,2.6965632983210424,0.8126369750267788,-0.5,0.0,1.0,0.0,19.444444444444443,219,214,5.94826078414917,RoadOption.STRAIGHT,55.749053955078125,-67.91974639892578,3.141183858362466,1.5,0.8,3.0,2.0,8.0,0.6,0.01,0.06,0.5,0.08,0.2,0.35,1.3,12,10.0,14.0,0.9,1.2,0.6,0.01,0.06,0.65,0.3,0.72,0.005,0.38,0.22,0.01,0.14,1.0,0.28
lqr,ground_truth,gentle_curve,1700.0,0.05,0.1,1.0,1688.3952885456383,66.02020263671875,-70.63269805908203,1.0692270602656964,18.375217384178747,2.7087519339842485,0.8050187364124977,2.7087519339842485,0.8050187364124977,-0.5,0.0,1.0,0.0,19.444444444444443,219,214,5.927419662475586,RoadOption.STRAIGHT,55.749053955078125,-67.91974639892578,3.141183858362466,1.5,0.8,3.0,2.0,8.0,0.6,0.01,0.06,0.5,0.08,0.2,0.35,1.3,12,10.0,14.0,0.9,1.2,0.6,0.01,0.06,0.65,0.3,0.72,0.005,0.38,0.22,0.01,0.14,1.0,0.28
lqr,ground_truth,gentle_curve,1700.0,0.05,0.1,1.0,1688.4452885463834,65.95645904541016,-70.67155456542969,1.8274679935251148,17.616976450919328,2.7476344951603546,0.7915359507617534,2.7476344951603546,0.7915359507617534,-0.5,0.0,1.0,0.0,19.444444444444443,219,214,5.888864040374756,RoadOption.STRAIGHT,55.749053955078125,-67.91974639892578,3.141183858362466,1.5,0.8,3.0,2.0,8.0,0.6,0.01,0.06,0.5,0.08,0.2,0.35,1.3,12,10.0,14.0,0.9,1.2,0.6,0.01,0.06,0.65,0.3,0.72,0.005,0.38,0.22,0.01,0.14,1.0,0.28
lqr,ground_truth,gentle_curve,1700.0,0.05,0.1,1.0,1688.4952885471284,65.86477661132812,-70.72685241699219,2.4078615451998244,17.036582899244618,2.8029698214427836,0.7727939545903215,2.8029698214427836,0.7727939545903215,-0.5,0.0,1.0,0.0,19.444444444444443,219,214,5.834348678588867,RoadOption.STRAIGHT,55.749053955078125,-67.91974639892578,3.141183858362466,1.5,0.8,3.0,2.0,8.0,0.6,0.01,0.06,0.5,0.08,0.2,0.35,1.3,12,10.0,14.0,0.9,1.2,0.6,0.01,0.06,0.65,0.3,0.72,0.005,0.38,0.22,0.01,0.14,1.0,0.28
lqr,ground_truth,gentle_curve,1700.0,0.05,0.1,1.0,1688.5452885478735,65.7494888305664,-70.79385375976562,2.90304533295188,16.541399111492563,2.8700182877110376,0.7493757138608181,2.8700182877110376,0.7493757138608181,-0.5,0.0,1.0,0.0,19.444444444444443,219,214,5.766618728637695,RoadOption.STRAIGHT,55.749053955078125,-67.91974639892578,3.141183858362466,1.5,0.8,3.0,2.0,8.0,0.6,0.01,0.06,0.5,0.08,0.2,0.35,1.3,12,10.0,14.0,0.9,1.2,0.6,0.01,0.06,0.65,0.3,0.72,0.005,0.38,0.22,0.01,0.14,1.0,0.28
lqr,ground_truth,gentle_curve,1700.0,0.05,0.1,1.0,1688.5952885486186,65.63574981689453,-70.84049224853516,1.3761403013412896,18.068304143103152,2.9167032685482623,0.7330326931993287,2.9167032685482623,0.7330326931993287,-0.5,0.0,1.0,0.0,19.444444444444443,219,214,5.6920671463012695,RoadOption.STRAIGHT,55.749053955078125,-67.91974639892578,3.141183858362466,1.5,0.8,3.0,2.0,8.0,0.6,0.01,0.06,0.5,0.08,0.2,0.35,1.3,12,10.0,14.0,0.9,1.2,0.6,0.01,0.06,0.65,0.3,0.72,0.005,0.38,0.22,0.01,0.14,1.0,0.28
lqr,ground_truth,gentle_curve,1700.0,0.05,0.1,1.0,1688.6452885493636,65.59761047363281,-70.80391693115234,0.8365706787854443,18.607873765658997,2.8801435454026296,0.751049244289824,2.8801435454026296,0.751049244289824,-0.5,0.0,1.0,0.0,19.444444444444443,219,214,5.640608310699463,RoadOption.STRAIGHT,55.749053955078125,-67.91974639892578,3.141183858362466,1.5,0.8,3.0,2.0,8.0,0.6,0.01,0.06,0.5,0.08,0.2,0.35,1.3,12,10.0,14.0,0.9,1.2,0.6,0.01,0.06,0.65,0.3,0.72,0.005,0.38,0.22,0.01,0.14,1.0,0.28
lqr,ground_truth,gentle_curve,1700.0,0.05,0.1,1.0,1688.6952885501087,65.552490234375,-70.81169891357422,1.1097044314177311,18.33474001302671,2.8879439721122178,0.7501493621574866,2.8879439721122178,0.7501493621574866,-0.5,0.0,1.0,0.0,19.444444444444443,219,214,5.605889320373535,RoadOption.STRAIGHT,55.749053955078125,-67.91974639892578,3.141183858362466,1.5,0.8,3.0,2.0,8.0,0.6,0.01,0.06,0.5,0.08,0.2,0.35,1.3,12,10.0,14.0,0.9,1.2,0.6,0.01,0.06,0.65,0.3,0.72,0.005,0.38,0.22,0.01,0.14,1.0,0.28
lqr,ground_truth,gentle_curve,1700.0,0.05,0.1,1.0,1688.7452885508537,65.50981903076172,-70.8242416381836,0.4303056124023636,19.01413883204208,2.900504139457459,0.748799672117034,2.900504139457459,0.748799672117034,-0.5,0.0,1.0,0.0,19.444444444444443,219,214,5.57588005065918,RoadOption.STRAIGHT,55.749053955078125,-67.91974639892578,3.141183858362466,1.5,0.8,3.0,2.0,8.0,0.6,0.01,0.06,0.5,0.08,0.2,0.35,1.3,12,10.0,14.0,0.9,1.2,0.6,0.01,0.06,0.65,0.3,0.72,0.005,0.38,0.22,0.01,0.14,1.0,0.28
lqr,ground_truth,gentle_curve,1700.0,0.05,0.1,1.0,1688.7952885515988,65.49750518798828,-70.82088470458984,0.14633907903770757,19.298105365406734,2.8971522399842193,0.753193887915665,2.8971522399842193,0.753193887915665,-0.5,0.0,1.0,0.0,19.444444444444443,219,214,5.563601493835449,RoadOption.STRAIGHT,55.749053955078125,-67.91974639892578,3.141183858362466,1.5,0.8,3.0,2.0,8.0,0.6,0.01,0.06,0.5,0.08,0.2,0.35,1.3,12,10.0,14.0,0.9,1.2,0.6,0.01,0.06,0.65,0.3,0.72,0.005,0.38,0.22,0.01,0.14,1.0,0.28
lqr,ground_truth,gentle_curve,1700.0,0.05,0.1,1.0,1688.8452885523438,65.4930419921875,-70.81912994384766,0.08862826531297534,19.355816179131466,2.895399303921745,0.7554503843072897,2.895399303921745,0.7554503843072897,-0.5,0.0,1.0,0.0,19.444444444444443,219,214,5.558866500854492,RoadOption.STRAIGHT,55.749053955078125,-67.91974639892578,3.141183858362466,1.5,0.8,3.0,2.0,8.0,0.6,0.01,0.06,0.5,0.08,0.2,0.35,1.3,12,10.0,14.0,0.9,1.2,0.6,0.01,0.06,0.65,0.3,0.72,0.005,0.38,0.22,0.01,0.14,1.0,0.28
lqr,ground_truth,gentle_curve,1700.0,0.05,0.1,1.0,1688.895288553089,65.4888916015625,-70.81743621826172,0.09097208405442335,19.35347236039002,2.893707275137162,0.7574450919637581,2.893707275137162,0.7574450919637581,-0.5,0.0,1.0,0.0,19.444444444444443,219,214,5.554434776306152,RoadOption.STRAIGHT,55.749053955078125,-67.91974639892578,3.141183858362466,1.5,0.8,3.0,2.0,8.0,0.6,0.01,0.06,0.5,0.08,0.2,0.35,1.3,12,10.0,14.0,0.9,1.2,0.6,0.01,0.06,0.65,0.3,0.72,0.005,0.38,0.22,0.01,0.14,1.0,0.28
lqr,ground_truth,gentle_curve,1700.0,0.05,0.1,1.0,1688.945288553834,65.48552703857422,-70.81622314453125,0.060135994936715016,19.384308449507728,2.8924955769253065,0.7589210158398805,2.8924955769253065,0.7589210158398805,-0.5,0.0,1.0,0.0,19.444444444444443,219,214,5.550927639007568,RoadOption.STRAIGHT,55.749053955078125,-67.91974639892578,3.141183858362466,1.5,0.8,3.0,2.0,8.0,0.6,0.01,0.06,0.5,0.08,0.2,0.35,1.3,12,10.0,14.0,0.9,1.2,0.6,0.01,0.06,0.65,0.3,0.72,0.005,0.38,0.22,0.01,0.14,1.0,0.28
lqr,ground_truth,gentle_curve,1700.0,0.05,0.1,1.0,1688.995288554579,65.48255920410156,-70.81475067138672,0.058180905564295386,19.386263538880147,2.891024317140345,0.7603431438619825,2.891024317140345,0.7603431438619825,-0.5,0.0,1.0,0.0,19.444444444444443,219,214,5.547625541687012,RoadOption.STRAIGHT,55.749053955078125,-67.91974639892578,3.141183858362466,1.5,0.8,3.0,2.0,8.0,0.6,0.01,0.06,0.5,0.08,0.2,0.35,1.3,12,10.0,14.0,0.9,1.2,0.6,0.01,0.06,0.65,0.3,0.72,0.005,0.38,0.22,0.01,0.14,1.0,0.28
lqr,ground_truth,gentle_curve,1700.0,0.05,0.1,1.0,1689.045288555324,65.47955322265625,-70.81336212158203,0.05683112098838657,19.387613323456055,2.889636996282514,0.7617727287351368,2.889636996282514,0.7617727287351368,-0.5,0.0,1.0,0.0,19.444444444444443,219,214,5.544335842132568,RoadOption.STRAIGHT,55.749053955078125,-67.91974639892578,3.141183858362466,1.5,0.8,3.0,2.0,8.0,0.6,0.01,0.06,0.5,0.08,0.2,0.35,1.3,12,10.0,14.0,0.9,1.2,0.6,0.01,0.06,0.65,0.3,0.72,0.005,0.38,0.22,0.01,0.14,1.0,0.28
lqr,ground_truth,gentle_curve,1700.0,0.05,0.1,1.0,1689.0952885560691,65.47669982910156,-70.81190490722656,0.05602392648060833,19.388420517963834,2.88818094850244,0.7631671598819025,2.88818094850244,0.7631671598819025,-0.5,0.0,1.0,0.0,19.444444444444443,219,214,5.541141033172607,RoadOption.STRAIGHT,55.749053955078125,-67.91974639892578,3.141183858362466,1.5,0.8,3.0,2.0,8.0,0.6,0.01,0.06,0.5,0.08,0.2,0.35,1.3,12,10.0,14.0,0.9,1.2,0.6,0.01,0.06,0.65,0.3,0.72,0.005,0.38,0.22,0.01,0.14,1.0,0.28
lqr,ground_truth,gentle_curve,1700.0,0.05,0.1,1.0,1689.1452885568142,65.47382354736328,-70.8105239868164,0.05427489330312174,19.39016955114132,2.8868012040178828,0.7645448131138011,2.8868012040178828,0.7645448131138011,-0.5,0.0,1.0,0.0,19.444444444444443,219,214,5.537966728210449,RoadOption.STRAIGHT,55.749053955078125,-67.91974639892578,3.141183858362466,1.5,0.8,3.0,2.0,8.0,0.6,0.01,0.06,0.5,0.08,0.2,0.35,1.3,12,10.0,14.0,0.9,1.2,0.6,0.01,0.06,0.65,0.3,0.72,0.005,0.38,0.22,0.01,0.14,1.0,0.28
lqr,ground_truth,gentle_curve,1700.0,0.05,0.1,1.0,1689.1952885575593,65.47108459472656,-70.80906677246094,0.05368344750785028,19.390760996936592,2.885345109454909,0.7658668062789165,2.885345109454909,0.7658668062789165,-0.5,0.0,1.0,0.0,19.444444444444443,219,214,5.53486967086792,RoadOption.STRAIGHT,55.749053955078125,-67.91974639892578,3.141183858362466,1.5,0.8,3.0,2.0,8.0,0.6,0.01,0.06,0.5,0.08,0.2,0.35,1.3,12,10.0,14.0,0.9,1.2,0.6,0.01,0.06,0.65,0.3,0.72,0.005,0.38,0.22,0.01,0.14,1.0,0.28
lqr,ground_truth,gentle_curve,1700.0,0.05,0.1,1.0,1689.2452885583043,65.46833038330078,-70.80770111083984,0.050880637486076116,19.393563806958365,2.88398057385638,0.7671725541613821,2.88398057385638,0.7671725541613821,-0.5,0.0,1.0,0.0,19.444444444444443,219,214,5.5318074226379395,RoadOption.STRAIGHT,55.749053955078125,-67.91974639892578,3.141183858362466,1.5,0.8,3.0,2.0,8.0,0.6,0.01,0.06,0.5,0.08,0.2,0.35,1.3,12,10.0,14.0,0.9,1.2,0.6,0.01,0.06,0.65,0.3,0.72,0.005,0.38,0.22,0.01,0.14,1.0,0.28
lqr,ground_truth,gentle_curve,1700.0,0.05,0.1,1.0,1689.2952885590494,65.46585083007812,-70.80653381347656,0.0461191841619963,19.398325260282448,2.8828142902201295,0.7683510029437421,2.8828142902201295,0.7683510029437421,-0.5,0.0,1.0,0.0,19.444444444444443,219,214,5.529083251953125,RoadOption.STRAIGHT,55.749053955078125,-67.91974639892578,3.141183858362466,1.5,0.8,3.0,2.0,8.0,0.6,0.01,0.06,0.5,0.08,0.2,0.35,1.3,12,10.0,14.0,0.9,1.2,0.6,0.01,0.06,0.65,0.3,0.72,0.005,0.38,0.22,0.01,0.14,1.0,0.28
lqr,ground_truth,gentle_curve,1700.0,0.05,0.1,1.0,1689.3452885597944,65.4632568359375,-70.80529022216797,0.050067466344142136,19.3943769781003,2.881571759427841,0.7695960307533536,2.881571759427841,0.7695960307533536,-0.5,0.0,1.0,0.0,19.444444444444443,219,214,5.52622127532959,RoadOption.STRAIGHT,55.749053955078125,-67.91974639892578,3.141183858362466,1.5,0.8,3.0,2.0,8.0,0.6,0.01,0.06,0.5,0.08,0.2,0.35,1.3,12,10.0,14.0,0.9,1.2,0.6,0.01,0.06,0.65,0.3,0.72,0.005,0.38,0.22,0.01,0.14,1.0,0.28
lqr,ground_truth,gentle_curve,1700.0,0.05,0.1,1.0,1689.3952885605395,65.46047973632812,-70.80387115478516,0.0686736560666004,19.375770788377842,2.880153827428636,0.7709936576934275,2.880153827428636,0.7709936576934275,-0.5,0.0,1.0,0.0,19.444444444444443,219,214,5.523111343383789,RoadOption.STRAIGHT,55.749053955078125,-67.91974639892578,3.141183858362466,1.5,0.8,3.0,2.0,8.0,0.6,0.01,0.06,0.5,0.08,0.2,0.35,1.3,12,10.0,14.0,0.9,1.2,0.6,0.01,0.06,0.65,0.3,0.72,0.005,0.38,0.22,0.01,0.14,1.0,0.28
lqr,ground_truth,gentle_curve,1700.0,0.05,0.1,1.0,1689.4452885612845,65.45695495605469,-70.80223846435547,0.07064706940160559,19.373797375042837,2.8785225780486834,0.7727984819641751,2.8785225780486834,0.7727984819641751,-0.5,0.0,1.0,0.0,19.444444444444443,219,214,5.519252300262451,RoadOption.STRAIGHT,55.749053955078125,-67.91974639892578,3.141183858362466,1.5,0.8,3.0,2.0,8.0,0.6,0.01,0.06,0.5,0.08,0.2,0.35,1.3,12,10.0,14.0,0.9,1.2,0.6,0.01,0.06,0.65,0.3,0.72,0.005,0.38,0.22,0.01,0.14,1.0,0.28
lqr,ground_truth,gentle_curve,1700.0,0.05,0.1,1.0,1689.4952885620296,65.45365905761719,-70.80067443847656,0.06028478965253232,19.38415965479191,2.876959899647976,0.7744006396759655,2.876959899647976,0.7744006396759655,-0.5,0.0,1.0,0.0,19.444444444444443,219,214,5.515624046325684,RoadOption.STRAIGHT,55.749053955078125,-67.91974639892578,3.141183858362466,1.5,0.8,3.0,2.0,8.0,0.6,0.01,0.06,0.5,0.08,0.2,0.35,1.3,12,10.0,14.0,0.9,1.2,0.6,0.01,0.06,0.65,0.3,0.72,0.005,0.38,0.22,0.01,0.14,1.0,0.28
lqr,ground_truth,gentle_curve,1700.0,0.05,0.1,1.0,1689.5452885627747,65.45067596435547,-70.79920196533203,0.06596101313211891,19.378483431312326,2.8754886461007336,0.7758312898135564,2.8754886461007336,0.7758312898135564,-0.5,0.0,1.0,0.0,19.444444444444443,219,214,5.5123114585876465,RoadOption.STRAIGHT,55.749053955078125,-67.91974639892578,3.141183858362466,1.5,0.8,3.0,2.0,8.0,0.6,0.01,0.06,0.5,0.08,0.2,0.35,1.3,12,10.0,14.0,0.9,1.2,0.6,0.01,0.06,0.65,0.3,0.72,0.005,0.38,0.22,0.01,0.14,1.0,0.28
lqr,ground_truth,gentle_curve,1700.0,0.05,0.1,1.0,1689.5952885635197,65.44729614257812,-70.79766845703125,0.06105265261283115,19.383391791831613,2.8739565195830608,0.7774845802182782,2.8739565195830608,0.7774845802182782,-0.5,0.0,1.0,0.0,19.444444444444443,219,214,5.508627414703369,RoadOption.STRAIGHT,55.749053955078125,-67.91974639892578,3.141183858362466,1.5,0.8,3.0,2.0,8.0,0.6,0.01,0.06,0.5,0.08,0.2,0.35,1.3,12,10.0,14.0,0.9,1.2,0.6,0.01,0.06,0.65,0.3,0.72,0.005,0.38,0.22,0.01,0.14,1.0,0.28
lqr,ground_truth,gentle_curve,1700.0,0.05,0.1,1.0,1689.6452885642648,65.44364166259766,-70.79704284667969,0.05870629763143123,19.38573814681301,2.873332403217705,0.7780022987341892,2.873332403217705,0.7780022987341892,-0.5,0.0,1.0,0.0,19.444444444444443,219,214,5.505185127258301,RoadOption.STRAIGHT,55.749053955078125,-67.91974639892578,3.141183858362466,1.5,0.8,3.0,2.0,8.0,0.6,0.01,0.06,0.5,0.08,0.2,0.35,1.3,12,10.0,14.0,0.9,1.2,0.6,0.01,0.06,0.65,0.3,0.72,0.005,0.38,0.22,0.01,0.14,1.0,0.28
lqr,ground_truth,gentle_curve,1700.0,0.05,0.1,1.0,1689.6952885650098,65.44084167480469,-70.79570007324219,0.04953521188162861,19.394909232562814,2.871990774514017,0.7793237592670863,2.871990774514017,0.7793237592670863,-0.5,0.0,1.0,0.0,19.444444444444443,219,214,5.502095699310303,RoadOption.STRAIGHT,55.749053955078125,-67.91974639892578,3.141183858362466,1.5,0.8,3.0,2.0,8.0,0.6,0.01,0.06,0.5,0.08,0.2,0.35,1.3,12,10.0,14.0,0.9,1.2,0.6,0.01,0.06,0.65,0.3,0.72,0.005,0.38,0.22,0.01,0.14,1.0,0.28
lqr,ground_truth,gentle_curve,1700.0,0.05,0.1,1.0,1689.745288565755,65.43810272216797,-70.79443359375,0.05206063496586386,19.39238380947858,2.8707254147983874,0.780620985034064,2.8707254147983874,0.780620985034064,-0.5,0.0,1.0,0.0,19.444444444444443,219,214,5.499098777770996,RoadOption.STRAIGHT,55.749053955078125,-67.91974639892578,3.141183858362466,1.5,0.8,3.0,2.0,8.0,0.6,0.01,0.06,0.5,0.08,0.2,0.35,1.3,12,10.0,14.0,0.9,1.2,0.6,0.01,0.06,0.65,0.3,0.72,0.005,0.38,0.22,0.01,0.14,1.0,0.28
lqr,ground_truth,gentle_curve,1700.0,0.05,0.1,1.0,1689.7952885665,65.43543243408203,-70.79315948486328,0.05140633055052003,19.393038113893923,2.8694523976191237,0.7819054276278088,2.8694523976191237,0.7819054276278088,-0.5,0.0,1.0,0.0,19.444444444444443,219,214,5.496156215667725,RoadOption.STRAIGHT,55.749053955078125,-67.91974639892578,3.141183858362466,1.5,0.8,3.0,2.0,8.0,0.6,0.01,0.06,0.5,0.08,0.2,0.35,1.3,12,10.0,14.0,0.9,1.2,0.6,0.01,0.06,0.65,0.3,0.72,0.005,0.38,0.22,0.01,0.14,1.0,0.28
lqr,ground_truth,gentle_curve,1700.0,0.05,0.1,1.0,1689.845288567245,65.43280029296875,-70.79191589355469,0.04956497047544011,19.394879473969002,2.868209882421135,0.783125954355393,2.868209882421135,0.783125954355393,-0.5,0.0,1.0,0.0,19.444444444444443,219,214,5.49326229095459,RoadOption.STRAIGHT,55.749053955078125,-67.91974639892578,3.141183858362466,1.5,0.8,3.0,2.0,8.0,0.6,0.01,0.06,0.5,0.08,0.2,0.35,1.3,12,10.0,14.0,0.9,1.2,0.6,0.01,0.06,0.65,0.3,0.72,0.005,0.38,0.22,0.01,0.14,1.0,0.28
lqr,ground_truth,gentle_curve,1700.0,0.05,0.1,1.0,1689.89528856799,65.43023681640625,-70.7906265258789,0.045449186923041195,19.398995257521403,2.8669215627900444,0.7843062673505159,2.8669215627900444,0.7843062673505159,-0.5,0.0,1.0,0.0,19.444444444444443,219,214,5.49040412902832,RoadOption.STRAIGHT,55.749053955078125,-67.91974639892578,3.141183858362466,1.5,0.8,3.0,2.0,8.0,0.6,0.01,0.06,0.5,0.08,0.2,0.35,1.3,12,10.0,14.0,0.9,1.2,0.6,0.01,0.06,0.65,0.3,0.72,0.005,0.38,0.22,0.01,0.14,1.0,0.28
lqr,ground_truth,gentle_curve,1700.0,0.05,0.1,1.0,1689.9452885687351,65.42754364013672,-70.78929138183594,0.051832486943052154,19.39261195750139,2.8655875198162106,0.7855238646009006,2.8655875198162106,0.7855238646009006,-0.5,0.0,1.0,0.0,19.444444444444443,219,214,5.4874114990234375,RoadOption.STRAIGHT,55.749053955078125,-67.91974639892578,3.141183858362466,1.5,0.8,3.0,2.0,8.0,0.6,0.01,0.06,0.5,0.08,0.2,0.35,1.3,12,10.0,14.0,0.9,1.2,0.6,0.01,0.06,0.65,0.3,0.72,0.005,0.38,0.22,0.01,0.14,1.0,0.28
lqr,ground_truth,gentle_curve,1700.0,0.05,0.1,1.0,1689.9952885694802,65.42504119873047,-70.78800964355469,0.04531615457008901,19.399128289874355,2.8643068046281335,0.7866559743802926,2.8643068046281335,0.7866559743802926,-0.5,0.0,1.0,0.0,19.444444444444443,219,214,5.484609603881836,RoadOption.STRAIGHT,55.749053955078125,-67.91974639892578,3.141183858362466,1.5,0.8,3.0,2.0,8.0,0.6,0.01,0.06,0.5,0.08,0.2,0.35,1.3,12,10.0,14.0,0.9,1.2,0.6,0.01,0.06,0.65,0.3,0.72,0.005,0.38,0.22,0.01,0.14,1.0,0.28
lqr,ground_truth,gentle_curve,1700.0,0.05,0.1,1.0,1690.0452885702252,65.42237854003906,-70.78667449951172,0.048350441456860314,19.39609400298758,2.86297274917886,0.7878919474421986,2.86297274917886,0.7878919474421986,-0.5,0.0,1.0,0.0,19.444444444444443,219,214,5.481643199920654,RoadOption.STRAIGHT,55.749053955078125,-67.91974639892578,3.141183858362466,1.5,0.8,3.0,2.0,8.0,0.6,0.01,0.06,0.5,0.08,0.2,0.35,1.3,12,10.0,14.0,0.9,1.2,0.6,0.01,0.06,0.65,0.3,0.72,0.005,0.38,0.22,0.01,0.14,1.0,0.28
lqr,ground_truth,gentle_curve,1700.0,0.05,0.1,1.0,1690.0952885709703,65.41986846923828,-70.78541564941406,0.04862773863783555,19.395816705806606,2.8617149252913237,0.7890232582732644,2.8617149252913237,0.7890232582732644,-0.5,0.0,1.0,0.0,19.444444444444443,219,214,5.478847026824951,RoadOption.STRAIGHT,55.749053955078125,-67.91974639892578,3.141183858362466,1.5,0.8,3.0,2.0,8.0,0.6,0.01,0.06,0.5,0.08,0.2,0.35,1.3,12,10.0,14.0,0.9,1.2,0.6,0.01,0.06,0.65,0.3,0.72,0.005,0.38,0.22,0.01,0.14,1.0,0.28
lqr,ground_truth,gentle_curve,1700.0,0.05,0.1,1.0,1690.1452885717154,65.41719818115234,-70.78410339355469,0.04690972069995525,19.39753472374449,2.8604037611425914,0.7902381923625583,2.8604037611425914,0.7902381923625583,-0.5,0.0,1.0,0.0,19.444444444444443,219,214,5.475886344909668,RoadOption.STRAIGHT,55.749053955078125,-67.91974639892578,3.141183858362466,1.5,0.8,3.0,2.0,8.0,0.6,0.01,0.06,0.5,0.08,0.2,0.35,1.3,12,10.0,14.0,0.9,1.2,0.6,0.01,0.06,0.65,0.3,0.72,0.005,0.38,0.22,0.01,0.14,1.0,0.28
lqr,ground_truth,gentle_curve,1700.0,0.05,0.1,1.0,1690.1952885724604,65.41472625732422,-70.78285217285156,0.04571253083834778,19.398731913606095,2.8591535510546495,0.7913535242270839,2.8591535510546495,0.7913535242270839,-0.5,0.0,1.0,0.0,19.444444444444443,219,214,5.473126411437988,RoadOption.STRAIGHT,55.749053955078125,-67.91974639892578,3.141183858362466,1.5,0.8,3.0,2.0,8.0,0.6,0.01,0.06,0.5,0.08,0.2,0.35,1.3,12,10.0,14.0,0.9,1.2,0.6,0.01,0.06,0.65,0.3,0.72,0.005,0.38,0.22,0.01,0.14,1.0,0.28
lqr,ground_truth,gentle_curve,1700.0,0.05,0.1,1.0,1690.2452885732055,65.41212463378906,-70.78157806396484,0.05171552130101985,19.392728923143423,2.857880505805646,0.7925306414288986,2.857880505805646,0.7925306414288986,-0.5,0.0,1.0,0.0,19.444444444444443,219,214,5.47024393081665,RoadOption.STRAIGHT,55.749053955078125,-67.91974639892578,3.141183858362466,1.5,0.8,3.0,2.0,8.0,0.6,0.01,0.06,0.5,0.08,0.2,0.35,1.3,12,10.0,14.0,0.9,1.2,0.6,0.01,0.06,0.65,0.3,0.72,0.005,0.38,0.22,0.01,0.14,1.0,0.28
lqr,ground_truth,gentle_curve,1700.0,0.05,0.1,1.0,1690.2952885739505,65.40953826904297,-70.78031921386719,0.04754758351071195,19.39689686093373,2.8566227131067103,0.7936909807158461,2.8566227131067103,0.7936909807158461,-0.5,0.0,1.0,0.0,19.444444444444443,219,214,5.467382907867432,RoadOption.STRAIGHT,55.749053955078125,-67.91974639892578,3.141183858362466,1.5,0.8,3.0,2.0,8.0,0.6,0.01,0.06,0.5,0.08,0.2,0.35,1.3,12,10.0,14.0,0.9,1.2,0.6,0.01,0.06,0.65,0.3,0.72,0.005,0.38,0.22,0.01,0.14,1.0,0.28
lqr,ground_truth,gentle_curve,1700.0,0.05,0.1,1.0,1690.3452885746956,65.40706634521484,-70.77909088134766,0.04511630903021462,19.39932813541423,2.8553953912004495,0.7948049809998263,2.8553953912004495,0.7948049809998263,-0.5,0.0,1.0,0.0,19.444444444444443,219,214,5.464635372161865,RoadOption.STRAIGHT,55.749053955078125,-67.91974639892578,3.141183858362466,1.5,0.8,3.0,2.0,8.0,0.6,0.01,0.06,0.5,0.08,0.2,0.35,1.3,12,10.0,14.0,0.9,1.2,0.6,0.01,0.06,0.65,0.3,0.72,0.005,0.38,0.22,0.01,0.14,1.0,0.28
lqr,ground_truth,gentle_curve,1700.0,0.05,0.1,1.0,1690.3952885754406,65.40458679199219,-70.77788543701172,0.046885121868347764,19.397559322576097,2.85419096059473,0.7959336286698022,2.85419096059473,0.7959336286698022,-0.5,0.0,1.0,0.0,19.444444444444443,219,214,5.461892604827881,RoadOption.STRAIGHT,55.749053955078125,-67.91974639892578,3.141183858362466,1.5,0.8,3.0,2.0,8.0,0.6,0.01,0.06,0.5,0.08,0.2,0.35,1.3,12,10.0,14.0,0.9,1.2,0.6,0.01,0.06,0.65,0.3,0.72,0.005,0.38,0.22,0.01,0.14,1.0,0.28
lqr,ground_truth,gentle_curve,1700.0,0.05,0.1,1.0,1690.4452885761857,65.40206909179688,-70.77665710449219,0.04924973699903447,19.39519470744541,2.8529636574016295,0.7970628089719956,2.8529636574016295,0.7970628089719956,-0.5,0.0,1.0,0.0,19.444444444444443,219,214,5.459105968475342,RoadOption.STRAIGHT,55.749053955078125,-67.91974639892578,3.141183858362466,1.5,0.8,3.0,2.0,8.0,0.6,0.01,0.06,0.5,0.08,0.2,0.35,1.3,12,10.0,14.0,0.9,1.2,0.6,0.01,0.06,0.65,0.3,0.72,0.005,0.38,0.22,0.01,0.14,1.0,0.28
lqr,ground_truth,gentle_curve,1700.0,0.05,0.1,1.0,1690.4952885769308,65.39959716796875,-70.77545928955078,0.047787221821419396,19.396657222623023,2.8517668530709437,0.7981837334748096,2.8517668530709437,0.7981837334748096,-0.5,0.0,1.0,0.0,19.444444444444443,219,214,5.456374168395996,RoadOption.STRAIGHT,55.749053955078125,-67.91974639892578,3.141183858362466,1.5,0.8,3.0,2.0,8.0,0.6,0.01,0.06,0.5,0.08,0.2,0.35,1.3,12,10.0,14.0,0.9,1.2,0.6,0.01,0.06,0.65,0.3,0.72,0.005,0.38,0.22,0.01,0.14,1.0,0.28
lqr,ground_truth,gentle_curve,1700.0,0.05,0.1,1.0,1690.5452885776758,65.39710998535156,-70.77423858642578,0.045371874686765915,19.399072569757678,2.8505471667962974,0.7993067885064962,2.8505471667962974,0.7993067885064962,-0.5,0.0,1.0,0.0,19.444444444444443,219,214,5.453617572784424,RoadOption.STRAIGHT,55.749053955078125,-67.91974639892578,3.141183858362466,1.5,0.8,3.0,2.0,8.0,0.6,0.01,0.06,0.5,0.08,0.2,0.35,1.3,12,10.0,14.0,0.9,1.2,0.6,0.01,0.06,0.65,0.3,0.72,0.005,0.38,0.22,0.01,0.14,1.0,0.28
lqr,ground_truth,gentle_curve,1700.0,0.05,0.1,1.0,1690.5952885784209,65.39459228515625,-70.77301025390625,0.048500076881020905,19.395944367563423,2.849319863603196,0.8004468877691586,2.849319863603196,0.8004468877691586,-0.5,0.0,1.0,0.0,19.444444444444443,219,214,5.450830936431885,RoadOption.STRAIGHT,55.749053955078125,-67.91974639892578,3.141183858362466,1.5,0.8,3.0,2.0,8.0,0.6,0.01,0.06,0.5,0.08,0.2,0.35,1.3,12,10.0,14.0,0.9,1.2,0.6,0.01,0.06,0.65,0.3,0.72,0.005,0.38,0.22,0.01,0.14,1.0,0.28
lqr,ground_truth,gentle_curve,1700.0,0.05,0.1,1.0,1690.645288579166,65.39187622070312,-70.77172088623047,0.049192884435125865,19.395251560009317,2.848031606349305,0.8016690123933969,2.848031606349305,0.8016690123933969,-0.5,0.0,1.0,0.0,19.444444444444443,219,214,5.447843074798584,RoadOption.STRAIGHT,55.749053955078125,-67.91974639892578,3.141183858362466,1.5,0.8,3.0,2.0,8.0,0.6,0.01,0.06,0.5,0.08,0.2,0.35,1.3,12,10.0,14.0,0.9,1.2,0.6,0.01,0.06,0.65,0.3,0.72,0.005,0.38,0.22,0.01,0.14,1.0,0.28
lqr,ground_truth,gentle_curve,1700.0,0.05,0.1,1.0,1690.695288579911,65.38935089111328,-70.7704849243164,0.045602957050850566,19.398841487393593,2.8467966768811706,0.8028040516499884,2.8467966768811706,0.8028040516499884,-0.5,0.0,1.0,0.0,19.444444444444443,219,214,5.445046424865723,RoadOption.STRAIGHT,55.749053955078125,-67.91974639892578,3.141183858362466,1.5,0.8,3.0,2.0,8.0,0.6,0.01,0.06,0.5,0.08,0.2,0.35,1.3,12,10.0,14.0,0.9,1.2,0.6,0.01,0.06,0.65,0.3,0.72,0.005,0.38,0.22,0.01,0.14,1.0,0.28
lqr,ground_truth,gentle_curve,1700.0,0.05,0.1,1.0,1690.745288580656,65.38680267333984,-70.7692642211914,0.04784344572132505,19.396600998723116,2.8455770155574034,0.8039417540676705,2.8455770155574034,0.8039417540676705,-0.5,0.0,1.0,0.0,19.444444444444443,219,214,5.442237854003906,RoadOption.STRAIGHT,55.749053955078125,-67.91974639892578,3.141183858362466,1.5,0.8,3.0,2.0,8.0,0.6,0.01,0.06,0.5,0.08,0.2,0.35,1.3,12,10.0,14.0,0.9,1.2,0.6,0.01,0.06,0.65,0.3,0.72,0.005,0.38,0.22,0.01,0.14,1.0,0.28
lqr,ground_truth,gentle_curve,1700.0,0.05,0.1,1.0,1690.795288581401,65.38420104980469,-70.76801300048828,0.05133543496739995,19.393109009477044,2.8443268584900814,0.8051066207284707,2.8443268584900814,0.8051066207284707,-0.5,0.0,1.0,0.0,19.444444444444443,219,214,5.43936824798584,RoadOption.STRAIGHT,55.749053955078125,-67.91974639892578,3.141183858362466,1.5,0.8,3.0,2.0,8.0,0.6,0.01,0.06,0.5,0.08,0.2,0.35,1.3,12,10.0,14.0,0.9,1.2,0.6,0.01,0.06,0.65,0.3,0.72,0.005,0.38,0.22,0.01,0.14,1.0,0.28
lqr,ground_truth,gentle_curve,1700.0,0.05,0.1,1.0,1690.8452885821462,65.38152313232422,-70.76671600341797,0.04680528467062637,19.397639159773817,2.8430309562479965,0.8063047769028975,2.8430309562479965,0.8063047769028975,-0.5,0.0,1.0,0.0,19.444444444444443,219,214,5.4364094734191895,RoadOption.STRAIGHT,55.749053955078125,-67.91974639892578,3.141183858362466,1.5,0.8,3.0,2.0,8.0,0.6,0.01,0.06,0.5,0.08,0.2,0.35,1.3,12,10.0,14.0,0.9,1.2,0.6,0.01,0.06,0.65,0.3,0.72,0.005,0.38,0.22,0.01,0.14,1.0,0.28
