controller,error_provider,route_shape,route_min_length_m,route_length_tolerance,noise_lateral_std,noise_heading_std_deg,time,x,y,speed,speed_error,e_y,e_psi,abs_e_y,abs_e_psi,steer,steer_delta,throttle,brake,target_speed,route_index,closest_route_index,route_error,road_option,target_x,target_y,target_yaw,lqr_q_ey,lqr_q_ey_dot,lqr_q_epsi,lqr_q_epsi_dot,lqr_r,lqr_kp_long,lqr_ki_long,lqr_kd_long,lqr_max_steer,lqr_max_steer_rate,lqr_derivative_alpha,lqr_curvature_alpha,lqr_feedforward_gain,mpc_horizon,mpc_q_y,mpc_q_psi,mpc_r_steer,mpc_r_steer_rate,mpc_kp_long,mpc_ki_long,mpc_kd_long,mpc_max_steer,mpc_max_steer_rate,pid_lat_kp,pid_lat_ki,pid_lat_kd,pid_long_kp,pid_long_ki,pid_long_kd,pid_max_throttle,pid_max_brake
lqr,ground_truth,curvy,400.0,0.05,0.1,1.0,36.19309827312827,-9.875875473022461,-57.55167007446289,0.4899999797344208,18.954444464710022,0.04549653862999907,1.0194913535599426e-07,0.04549653862999907,1.0194913535599426e-07,-0.023048147559165955,-0.023048147559165955,1.0,0.0,19.444444444444443,11,0,0.5870656371116638,RoadOption.STRAIGHT,1.095213770866394,-57.46044921875,0.015969112844442135,2.8,1.2,4.5,3.0,10.0,0.6,0.01,0.06,0.55,0.16,0.2,0.35,1.5,12,10.0,14.0,0.9,1.2,0.6,0.01,0.06,0.65,0.3,0.72,0.005,0.38,0.22,0.01,0.14,1.0,0.28
lqr,ground_truth,curvy,400.0,0.05,0.1,1.0,36.24309827387333,-9.875875473022461,-57.55167007446289,0.9800000786781311,18.46444436576631,0.050639856295309094,-0.000891353775065884,0.050639856295309094,0.000891353775065884,-0.02194344624876976,0.0011047013103961945,1.0,0.0,19.444444444444443,11,6,6.02096700668335,RoadOption.STRAIGHT,1.095213770866394,-57.46044921875,0.015969112844442135,2.8,1.2,4.5,3.0,10.0,0.6,0.01,0.06,0.55,0.16,0.2,0.35,1.5,12,10.0,14.0,0.9,1.2,0.6,0.01,0.06,0.65,0.3,0.72,0.005,0.38,0.22,0.01,0.14,1.0,0.28
lqr,ground_truth,curvy,400.0,0.05,0.1,1.0,36.29309827461839,-9.875875473022461,-57.55167007446289,1.470000147819519,17.974444296624924,0.050639856295309094,-0.000891353775065884,0.050639856295309094,0.000891353775065884,-0.020259499549865723,0.0016839466989040375,1.0,0.0,19.444444444444443,11,6,6.015523433685303,RoadOption.STRAIGHT,1.095213770866394,-57.46044921875,0.015969112844442135,2.8,1.2,4.5,3.0,10.0,0.6,0.01,0.06,0.55,0.16,0.2,0.35,1.5,12,10.0,14.0,0.9,1.2,0.6,0.01,0.06,0.65,0.3,0.72,0.005,0.38,0.22,0.01,0.14,1.0,0.28
lqr,ground_truth,curvy,400.0,0.05,0.1,1.0,36.343098275363445,-9.875875473022461,-57.55167007446289,1.9600002765655518,17.48444416787889,0.050639856295309094,-0.000891353775065884,0.050639856295309094,0.000891353775065884,-0.01916390098631382,0.0010955985635519028,1.0,0.0,19.444444444444443,11,6,6.009093761444092,RoadOption.STRAIGHT,1.095213770866394,-57.46044921875,0.015969112844442135,2.8,1.2,4.5,3.0,10.0,0.6,0.01,0.06,0.55,0.16,0.2,0.35,1.5,12,10.0,14.0,0.9,1.2,0.6,0.01,0.06,0.65,0.3,0.72,0.005,0.38,0.22,0.01,0.14,1.0,0.28
lqr,ground_truth,curvy,400.0,0.05,0.1,1.0,36.3930982761085,-9.875875473022461,-57.55167007446289,2.450000286102295,16.994444158342148,0.050639856295309094,-0.000891353775065884,0.050639856295309094,0.000891353775065884,-0.018450934439897537,0.0007129665464162827,1.0,0.0,19.444444444444443,11,6,6.002754211425781,RoadOption.STRAIGHT,1.095213770866394,-57.46044921875,0.015969112844442135,2.8,1.2,4.5,3.0,10.0,0.6,0.01,0.06,0.55,0.16,0.2,0.35,1.5,12,10.0,14.0,0.9,1.2,0.6,0.01,0.06,0.65,0.3,0.72,0.005,0.38,0.22,0.01,0.14,1.0,0.28
lqr,ground_truth,curvy,400.0,0.05,0.1,1.0,36.44309827685356,-9.875875473022461,-57.55167007446289,2.93999981880188,16.504444625642563,0.050639856295309094,-0.000891353775065884,0.050639856295309094,0.000891353775065884,-0.01798684149980545,0.0004640929400920868,1.0,0.0,19.444444444444443,11,6,5.9978861808776855,RoadOption.STRAIGHT,1.095213770866394,-57.46044921875,0.015969112844442135,2.8,1.2,4.5,3.0,10.0,0.6,0.01,0.06,0.55,0.16,0.2,0.35,1.5,12,10.0,14.0,0.9,1.2,0.6,0.01,0.06,0.65,0.3,0.72,0.005,0.38,0.22,0.01,0.14,1.0,0.28
lqr,ground_truth,curvy,400.0,0.05,0.1,1.0,36.49309827759862,-9.875874519348145,-57.55167007446289,2.0671517849139813,17.37729265953046,0.05063984551286746,-0.000891353775065884,0.05063984551286746,0.000891353775065884,-0.017684614285826683,0.0003022272139787674,1.0,0.0,19.444444444444443,11,6,5.996154308319092,RoadOption.STRAIGHT,1.095213770866394,-57.46044921875,0.015969112844442135,2.8,1.2,4.5,3.0,10.0,0.6,0.01,0.06,0.55,0.16,0.2,0.35,1.5,12,10.0,14.0,0.9,1.2,0.6,0.01,0.06,0.65,0.3,0.72,0.005,0.38,0.22,0.01,0.14,1.0,0.28
lqr,ground_truth,curvy,400.0,0.05,0.1,1.0,36.54309827834368,-9.875874519348145,-57.55167007446289,0.7392763495471336,18.70516809489731,0.05063984551286746,-0.000891353775065884,0.05063984551286746,0.000891353775065884,-0.01748776249587536,0.00019685178995132446,1.0,0.0,19.444444444444443,11,6,5.996372222900391,RoadOption.STRAIGHT,1.095213770866394,-57.46044921875,0.015969112844442135,2.8,1.2,4.5,3.0,10.0,0.6,0.01,0.06,0.55,0.16,0.2,0.35,1.5,12,10.0,14.0,0.9,1.2,0.6,0.01,0.06,0.65,0.3,0.72,0.005,0.38,0.22,0.01,0.14,1.0,0.28
lqr,ground_truth,curvy,400.0,0.05,0.1,1.0,36.593098279088736,-9.875874519348145,-57.55167007446289,0.1125810444355551,19.33186340000889,0.05063984551286746,-0.000891353775065884,0.05063984551286746,0.000891353775065884,-0.017359476536512375,0.0001282859593629837,1.0,0.0,19.444444444444443,11,6,5.9965338706970215,RoadOption.STRAIGHT,1.095213770866394,-57.46044921875,0.015969112844442135,2.8,1.2,4.5,3.0,10.0,0.6,0.01,0.06,0.55,0.16,0.2,0.35,1.5,12,10.0,14.0,0.9,1.2,0.6,0.01,0.06,0.65,0.3,0.72,0.005,0.38,0.22,0.01,0.14,1.0,0.28
lqr,ground_truth,curvy,400.0,0.05,0.1,1.0,36.643098279833794,-9.87033748626709,-57.5516357421875,0.36394233515056174,19.08050210929388,0.05061157273773061,-0.0009362155558658714,0.05061157273773061,0.0009362155558658714,-0.017175551503896713,0.00018392503261566162,1.0,0.0,19.444444444444443,11,6,5.990962028503418,RoadOption.STRAIGHT,1.095213770866394,-57.46044921875,0.015969112844442135,2.8,1.2,4.5,3.0,10.0,0.6,0.01,0.06,0.55,0.16,0.2,0.35,1.5,12,10.0,14.0,0.9,1.2,0.6,0.01,0.06,0.65,0.3,0.72,0.005,0.38,0.22,0.01,0.14,1.0,0.28
lqr,ground_truth,curvy,400.0,0.05,0.1,1.0,36.69309828057885,-9.826290130615234,-57.55146408081055,1.1743383567014931,18.27010608774295,0.050285214511001174,-0.001534756849672192,0.050285214511001174,0.001534756849672192,-0.016047941520810127,0.001127609983086586,1.0,0.0,19.444444444444443,11,6,5.946813583374023,RoadOption.STRAIGHT,1.095213770866394,-57.46044921875,0.015969112844442135,2.8,1.2,4.5,3.0,10.0,0.6,0.01,0.06,0.55,0.16,0.2,0.35,1.5,12,10.0,14.0,0.9,1.2,0.6,0.01,0.06,0.65,0.3,0.72,0.005,0.38,0.22,0.01,0.14,1.0,0.28
lqr,ground_truth,curvy,400.0,0.05,0.1,1.0,36.74309828132391,-9.745184898376465,-57.55127716064453,1.8854273513795643,17.559017093064877,0.049555129981177753,-0.0022685804850701707,0.049555129981177753,0.0022685804850701707,-0.012811178341507912,0.0032367631793022156,1.0,0.0,19.444444444444443,11,6,5.865614891052246,RoadOption.STRAIGHT,1.095213770866394,-57.46044921875,0.015969112844442135,2.8,1.2,4.5,3.0,10.0,0.6,0.01,0.06,0.55,0.16,0.2,0.35,1.5,12,10.0,14.0,0.9,1.2,0.6,0.01,0.06,0.65,0.3,0.72,0.005,0.38,0.22,0.01,0.14,1.0,0.28
lqr,ground_truth,curvy,400.0,0.05,0.1,1.0,36.79309828206897,-9.632451057434082,-57.55106735229492,2.4847076840763913,16.959736760368052,0.04849033249534117,-0.002878198344387073,0.04849033249534117,0.002878198344387073,-0.009938150644302368,0.0028730276972055435,1.0,0.0,19.444444444444443,11,6,5.752814769744873,RoadOption.STRAIGHT,1.095213770866394,-57.46044921875,0.015969112844442135,2.8,1.2,4.5,3.0,10.0,0.6,0.01,0.06,0.55,0.16,0.2,0.35,1.5,12,10.0,14.0,0.9,1.2,0.6,0.01,0.06,0.65,0.3,0.72,0.005,0.38,0.22,0.01,0.14,1.0,0.28
lqr,ground_truth,curvy,400.0,0.05,0.1,1.0,36.843098282814026,-9.493770599365234,-57.55070495605469,2.9635289112627263,16.480915533181715,0.047284755257708075,-0.0034556902626081687,0.047284755257708075,0.0034556902626081687,-0.008240094408392906,0.001698056235909462,1.0,0.0,19.444444444444443,11,6,5.6140923500061035,RoadOption.STRAIGHT,1.095213770866394,-57.46044921875,0.015969112844442135,2.8,1.2,4.5,3.0,10.0,0.6,0.01,0.06,0.55,0.16,0.2,0.35,1.5,12,10.0,14.0,0.9,1.2,0.6,0.01,0.06,0.65,0.3,0.72,0.005,0.38,0.22,0.01,0.14,1.0,0.28
lqr,ground_truth,curvy,400.0,0.05,0.1,1.0,36.893098283559084,-9.332891464233398,-57.550209045410156,3.3852120155640626,16.05923242888038,0.04596170099668047,-0.004000742590098749,0.04596170099668047,0.004000742590098749,-0.004644597880542278,0.003595496527850628,1.0,0.0,19.444444444444443,11,6,5.453188896179199,RoadOption.STRAIGHT,1.095213770866394,-57.46044921875,0.015969112844442135,2.8,1.2,4.5,3.0,10.0,0.6,0.01,0.06,0.55,0.16,0.2,0.35,1.5,12,10.0,14.0,0.9,1.2,0.6,0.01,0.06,0.65,0.3,0.72,0.005,0.38,0.22,0.01,0.14,1.0,0.28
lqr,ground_truth,curvy,400.0,0.05,0.1,1.0,36.94309828430414,-9.15196704864502,-57.54947280883789,3.7733850518344205,15.671059392610022,0.04465232116179963,-0.00440596491634615,0.04465232116179963,0.00440596491634615,-0.0032536115031689405,0.0013909863773733377,1.0,0.0,19.444444444444443,11,6,5.272250652313232,RoadOption.STRAIGHT,1.095213770866394,-57.46044921875,0.015969112844442135,2.8,1.2,4.5,3.0,10.0,0.6,0.01,0.06,0.55,0.16,0.2,0.35,1.5,12,10.0,14.0,0.9,1.2,0.6,0.01,0.06,0.65,0.3,0.72,0.005,0.38,0.22,0.01,0.14,1.0,0.28
lqr,ground_truth,curvy,400.0,0.05,0.1,1.0,36.9930982850492,-8.952237129211426,-57.54853057861328,4.142047445950914,15.302396998493528,0.043336302846217825,-0.004700955780153837,0.043336302846217825,0.004700955780153837,-0.0006142563070170581,0.0026393551961518824,1.0,0.0,19.444444444444443,11,6,5.072512149810791,RoadOption.STRAIGHT,1.095213770866394,-57.46044921875,0.015969112844442135,2.8,1.2,4.5,3.0,10.0,0.6,0.01,0.06,0.55,0.16,0.2,0.35,1.5,12,10.0,14.0,0.9,1.2,0.6,0.01,0.06,0.65,0.3,0.72,0.005,0.38,0.22,0.01,0.14,1.0,0.28
lqr,ground_truth,curvy,400.0,0.05,0.1,1.0,37.04309828579426,-8.734435081481934,-57.54731369018555,4.49905046658339,14.945393977861052,0.04209059790948188,-0.004839057847579653,0.04209059790948188,0.004839057847579653,0.00011602092126850039,0.0007302772282855585,1.0,0.0,19.444444444444443,12,6,4.854704856872559,RoadOption.STRAIGHT,2.0950863361358643,-57.444480895996094,0.015969112844442135,2.8,1.2,4.5,3.0,10.0,0.6,0.01,0.06,0.55,0.16,0.2,0.35,1.5,12,10.0,14.0,0.9,1.2,0.6,0.01,0.06,0.65,0.3,0.72,0.005,0.38,0.22,0.01,0.14,1.0,0.28
lqr,ground_truth,curvy,400.0,0.05,0.1,1.0,37.093098286539316,-8.499001502990723,-57.545867919921875,4.84891487981884,14.595529564625604,0.05111021883560127,-0.006869702054157045,0.05111021883560127,0.006869702054157045,0.001398994354531169,0.0012829734332626686,1.0,0.0,19.444444444444443,12,7,5.6087260246276855,RoadOption.STRAIGHT,2.0950863361358643,-57.444480895996094,0.015969112844442135,2.8,1.2,4.5,3.0,10.0,0.6,0.01,0.06,0.55,0.16,0.2,0.35,1.5,12,10.0,14.0,0.9,1.2,0.6,0.01,0.06,0.65,0.3,0.72,0.005,0.38,0.22,0.01,0.14,1.0,0.28
lqr,ground_truth,curvy,400.0,0.05,0.1,1.0,37.143098287284374,-8.24620532989502,-57.54416275024414,5.193917322923686,14.250527121520758,0.049451508491563656,-0.0067945853069573126,0.049451508491563656,0.0067945853069573126,0.002388239139690995,0.0009892447851598263,1.0,0.0,19.444444444444443,12,7,5.355924606323242,RoadOption.STRAIGHT,2.0950863361358643,-57.444480895996094,0.015969112844442135,2.8,1.2,4.5,3.0,10.0,0.6,0.01,0.06,0.55,0.16,0.2,0.35,1.5,12,10.0,14.0,0.9,1.2,0.6,0.01,0.06,0.65,0.3,0.72,0.005,0.38,0.22,0.01,0.14,1.0,0.28
lqr,ground_truth,curvy,400.0,0.05,0.1,1.0,37.19309828802943,-7.9765238761901855,-57.54218673706055,5.507141458080987,13.937302986363456,0.04783894058328562,-0.006605482144210306,0.04783894058328562,0.006605482144210306,0.004157431423664093,0.0017691922839730978,1.0,0.0,19.444444444444443,12,7,5.08623743057251,RoadOption.STRAIGHT,2.0950863361358643,-57.444480895996094,0.015969112844442135,2.8,1.2,4.5,3.0,10.0,0.6,0.01,0.06,0.55,0.16,0.2,0.35,1.5,12,10.0,14.0,0.9,1.2,0.6,0.01,0.06,0.65,0.3,0.72,0.005,0.38,0.22,0.01,0.14,1.0,0.28
lqr,ground_truth,curvy,400.0,0.05,0.1,1.0,37.24309828877449,-7.698573589324951,-57.53995895385742,5.619496261467904,13.824948182976538,0.04636809455298202,-0.006289063236600612,0.04636809455298202,0.006289063236600612,0.004121779929846525,-3.5651493817567825e-05,1.0,0.0,19.444444444444443,13,7,4.808280944824219,RoadOption.STRAIGHT,3.1059606075286865,-57.42900085449219,6.297060376458899,2.8,1.2,4.5,3.0,10.0,0.6,0.01,0.06,0.55,0.16,0.2,0.35,1.5,12,10.0,14.0,0.9,1.2,0.6,0.01,0.06,0.65,0.3,0.72,0.005,0.38,0.22,0.01,0.14,1.0,0.28
lqr,ground_truth,curvy,400.0,0.05,0.1,1.0,37.29309828951955,-7.413636684417725,-57.537498474121094,5.768534906963489,13.675909537480955,0.05506313014256871,-0.007893414935399523,0.05506313014256871,0.007893414935399523,0.0023649302311241627,-0.0017568496987223625,1.0,0.0,19.444444444444443,13,8,5.512788772583008,RoadOption.STRAIGHT,3.1059606075286865,-57.42900085449219,6.297060376458899,2.8,1.2,4.5,3.0,10.0,0.6,0.01,0.06,0.55,0.16,0.2,0.35,1.5,12,10.0,14.0,0.9,1.2,0.6,0.01,0.06,0.65,0.3,0.72,0.005,0.38,0.22,0.01,0.14,1.0,0.28
lqr,ground_truth,curvy,400.0,0.05,0.1,1.0,37.34309829026461,-7.117448806762695,-57.53489303588867,6.034692446209019,13.409751998235425,0.05313491388690978,-0.007554593225417072,0.05313491388690978,0.007554593225417072,0.0032151276245713234,0.0008501973934471607,1.0,0.0,19.444444444444443,13,8,5.2165913581848145,RoadOption.STRAIGHT,3.1059606075286865,-57.42900085449219,6.297060376458899,2.8,1.2,4.5,3.0,10.0,0.6,0.01,0.06,0.55,0.16,0.2,0.35,1.5,12,10.0,14.0,0.9,1.2,0.6,0.01,0.06,0.65,0.3,0.72,0.005,0.38,0.22,0.01,0.14,1.0,0.28
lqr,ground_truth,curvy,400.0,0.05,0.1,1.0,37.393098291009665,-6.807801246643066,-57.532073974609375,6.302636815571679,13.141807628872764,0.05121428640660275,-0.007237639604994683,0.05121428640660275,0.007237639604994683,0.0032313656993210316,1.6238074749708176e-05,1.0,0.0,19.444444444444443,14,8,4.906933307647705,RoadOption.STRAIGHT,4.123607158660889,-57.41658020019531,6.293684553461115,2.8,1.2,4.5,3.0,10.0,0.6,0.01,0.06,0.55,0.16,0.2,0.35,1.5,12,10.0,14.0,0.9,1.2,0.6,0.01,0.06,0.65,0.3,0.72,0.005,0.38,0.22,0.01,0.14,1.0,0.28
lqr,ground_truth,curvy,400.0,0.05,0.1,1.0,37.44309829175472,-6.482213020324707,-57.52903366088867,6.657309609757314,12.78713483468713,0.05241609178536593,-0.007423209918108409,0.05241609178536593,0.007423209918108409,0.0006407534820027649,-0.0025906122173182666,1.0,0.0,19.444444444444443,14,9,5.5778021812438965,RoadOption.STRAIGHT,4.123607158660889,-57.41658020019531,6.293684553461115,2.8,1.2,4.5,3.0,10.0,0.6,0.01,0.06,0.55,0.16,0.2,0.35,1.5,12,10.0,14.0,0.9,1.2,0.6,0.01,0.06,0.65,0.3,0.72,0.005,0.38,0.22,0.01,0.14,1.0,0.28
lqr,ground_truth,curvy,400.0,0.05,0.1,1.0,37.49309829249978,-6.13931131362915,-57.52584457397461,7.000849171387413,12.44359527305703,0.050129168762211386,-0.007176258943355052,0.050129168762211386,0.007176258943355052,-0.00024595335707999766,-0.0008867068390827626,1.0,0.0,19.444444444444443,14,9,5.234887599945068,RoadOption.STRAIGHT,4.123607158660889,-57.41658020019531,6.293684553461115,2.8,1.2,4.5,3.0,10.0,0.6,0.01,0.06,0.55,0.16,0.2,0.35,1.5,12,10.0,14.0,0.9,1.2,0.6,0.01,0.06,0.65,0.3,0.72,0.005,0.38,0.22,0.01,0.14,1.0,0.28
lqr,ground_truth,curvy,400.0,0.05,0.1,1.0,37.54309829324484,-5.777579307556152,-57.522552490234375,7.38323303649695,12.061211407947493,0.04764453903746412,-0.0071845365889773305,0.04764453903746412,0.0071845365889773305,0.0019401138415560126,0.0021860671986360103,1.0,0.0,19.444444444444443,15,9,4.873141288757324,RoadOption.STRAIGHT,5.1412882804870605,-57.40763473510742,6.29030873046333,2.8,1.2,4.5,3.0,10.0,0.6,0.01,0.06,0.55,0.16,0.2,0.35,1.5,12,10.0,14.0,0.9,1.2,0.6,0.01,0.06,0.65,0.3,0.72,0.005,0.38,0.22,0.01,0.14,1.0,0.28
lqr,ground_truth,curvy,400.0,0.05,0.1,1.0,37.5930982939899,-5.397911071777344,-57.51904296875,7.734718644673473,11.70972579977097,0.04509864516877663,-0.006974424622240516,0.04509864516877663,0.006974424622240516,0.0015426386380568147,-0.00039747520349919796,1.0,0.0,19.444444444444443,15,10,5.493417739868164,RoadOption.STRAIGHT,5.1412882804870605,-57.40763473510742,6.29030873046333,2.8,1.2,4.5,3.0,10.0,0.6,0.01,0.06,0.55,0.16,0.2,0.35,1.5,12,10.0,14.0,0.9,1.2,0.6,0.01,0.06,0.65,0.3,0.72,0.005,0.38,0.22,0.01,0.14,1.0,0.28
lqr,ground_truth,curvy,400.0,0.05,0.1,1.0,37.643098294734955,-4.999281406402588,-57.51523971557617,8.131190532345268,11.313253912099174,0.04253592185949565,-0.006648654482193983,0.04253592185949565,0.006648654482193983,0.0018256441690027714,0.0002830055309459567,1.0,0.0,19.444444444444443,15,10,5.094770431518555,RoadOption.STRAIGHT,5.1412882804870605,-57.40763473510742,6.29030873046333,2.8,1.2,4.5,3.0,10.0,0.6,0.01,0.06,0.55,0.16,0.2,0.35,1.5,12,10.0,14.0,0.9,1.2,0.6,0.01,0.06,0.65,0.3,0.72,0.005,0.38,0.22,0.01,0.14,1.0,0.28
lqr,ground_truth,curvy,400.0,0.05,0.1,1.0,37.69309829548001,-4.582071304321289,-57.5111083984375,8.48712584475408,10.957318599690362,0.040004520206031895,-0.006444906014046126,0.040004520206031895,0.006444906014046126,0.0022139863576740026,0.00038834218867123127,1.0,0.0,19.444444444444443,16,10,4.677541255950928,RoadOption.STRAIGHT,6.158995628356934,-57.40210723876953,6.286932907465546,2.8,1.2,4.5,3.0,10.0,0.6,0.01,0.06,0.55,0.16,0.2,0.35,1.5,12,10.0,14.0,0.9,1.2,0.6,0.01,0.06,0.65,0.3,0.72,0.005,0.38,0.22,0.01,0.14,1.0,0.28
lqr,ground_truth,curvy,400.0,0.05,0.1,1.0,37.74309829622507,-4.145732879638672,-57.50663757324219,8.886890003293132,10.55755444115131,0.03750724606783022,-0.006172695580531684,0.03750724606783022,0.006172695580531684,0.0031776921823620796,0.000963705824688077,1.0,0.0,19.444444444444443,16,11,5.241150379180908,RoadOption.STRAIGHT,6.158995628356934,-57.40210723876953,6.286932907465546,2.8,1.2,4.5,3.0,10.0,0.6,0.01,0.06,0.55,0.16,0.2,0.35,1.5,12,10.0,14.0,0.9,1.2,0.6,0.01,0.06,0.65,0.3,0.72,0.005,0.38,0.22,0.01,0.14,1.0,0.28
lqr,ground_truth,curvy,400.0,0.05,0.1,1.0,37.79309829697013,-3.690263271331787,-57.50175094604492,9.26252256973831,10.181921874706132,0.035120113763129276,-0.005760855403004861,0.035120113763129276,0.005760855403004861,0.0027626794762909412,-0.0004150127060711384,1.0,0.0,19.444444444444443,17,11,4.785655498504639,RoadOption.STRAIGHT,7.176715850830078,-57.399993896484375,6.283557084467762,2.8,1.2,4.5,3.0,10.0,0.6,0.01,0.06,0.55,0.16,0.2,0.35,1.5,12,10.0,14.0,0.9,1.2,0.6,0.01,0.06,0.65,0.3,0.72,0.005,0.38,0.22,0.01,0.14,1.0,0.28
lqr,ground_truth,curvy,400.0,0.05,0.1,1.0,37.84309829771519,-3.214533567428589,-57.49641418457031,9.677766723937351,9.766677720507092,0.03285964880355411,-0.0052977753819267726,0.03285964880355411,0.0052977753819267726,0.0014887377619743347,-0.0012739417143166065,1.0,0.0,19.444444444444443,17,12,5.309874057769775,RoadOption.STRAIGHT,7.176715850830078,-57.399993896484375,6.283557084467762,2.8,1.2,4.5,3.0,10.0,0.6,0.01,0.06,0.55,0.16,0.2,0.35,1.5,12,10.0,14.0,0.9,1.2,0.6,0.01,0.06,0.65,0.3,0.72,0.005,0.38,0.22,0.01,0.14,1.0,0.28
lqr,ground_truth,curvy,400.0,0.05,0.1,1.0,37.893098298460245,-2.7192556858062744,-57.490760803222656,10.057189791686028,9.387254652758415,0.030603497094989718,-0.004908520058800825,0.030603497094989718,0.004908520058800825,0.0003754712815862149,-0.0011132664803881198,1.0,0.0,19.444444444444443,18,12,4.8145647048950195,RoadOption.STRAIGHT,8.181218147277832,-57.40031433105469,6.28277624563615,2.8,1.2,4.5,3.0,10.0,0.6,0.01,0.06,0.55,0.16,0.2,0.35,1.5,12,10.0,14.0,0.9,1.2,0.6,0.01,0.06,0.65,0.3,0.72,0.005,0.38,0.22,0.01,0.14,1.0,0.28
lqr,ground_truth,curvy,400.0,0.05,0.1,1.0,37.9430982992053,-2.205288887023926,-57.484886169433594,10.425825688916973,9.01861875552747,0.017811654580331814,-0.0025747961567530453,0.017811654580331814,0.0025747961567530453,-0.005938318092375994,-0.006313789373962209,1.0,0.0,19.444444444444443,18,13,5.311543941497803,RoadOption.STRAIGHT,8.181218147277832,-57.40031433105469,6.28277624563615,2.8,1.2,4.5,3.0,10.0,0.6,0.01,0.06,0.55,0.16,0.2,0.35,1.5,12,10.0,14.0,0.9,1.2,0.6,0.01,0.06,0.65,0.3,0.72,0.005,0.38,0.22,0.01,0.14,1.0,0.28
lqr,ground_truth,curvy,400.0,0.05,0.1,1.0,37.99309829995036,-1.6733982563018799,-57.479305267333984,10.779217182292102,8.66522726215234,0.016012236922406546,-0.00289905370452459,0.016012236922406546,0.00289905370452459,-0.007454211357980967,-0.0015158932656049728,1.0,0.0,19.444444444444443,19,13,4.779623985290527,RoadOption.STRAIGHT,9.181218147277832,-57.40072250366211,6.28277624563615,2.8,1.2,4.5,3.0,10.0,0.6,0.01,0.06,0.55,0.16,0.2,0.35,1.5,12,10.0,14.0,0.9,1.2,0.6,0.01,0.06,0.65,0.3,0.72,0.005,0.38,0.22,0.01,0.14,1.0,0.28
lqr,ground_truth,curvy,400.0,0.05,0.1,1.0,38.04309830069542,-1.1240781545639038,-57.474281311035156,11.124568140528712,8.31987630391573,-0.0026022022921359383,-0.00043692590663901854,0.0026022022921359383,0.00043692590663901854,-0.008815829642117023,-0.001361618284136057,1.0,0.0,19.444444444444443,19,14,5.248003005981445,RoadOption.STRAIGHT,9.181218147277832,-57.40072250366211,6.28277624563615,2.8,1.2,4.5,3.0,10.0,0.6,0.01,0.06,0.55,0.16,0.2,0.35,1.5,12,10.0,14.0,0.9,1.2,0.6,0.01,0.06,0.65,0.3,0.72,0.005,0.38,0.22,0.01,0.14,1.0,0.28
lqr,ground_truth,curvy,400.0,0.05,0.1,1.0,38.09309830144048,-0.5576927065849304,-57.46990966796875,11.46342432751046,7.981020116933983,-0.004177311231489983,-0.0017788485672944887,0.004177311231489983,0.0017788485672944887,-0.005571888294070959,0.0032439413480460644,1.0,0.0,19.444444444444443,20,14,4.68160343170166,RoadOption.STRAIGHT,10.181218147277832,-57.40113067626953,6.28277624563615,2.8,1.2,4.5,3.0,10.0,0.6,0.01,0.06,0.55,0.16,0.2,0.35,1.5,12,10.0,14.0,0.9,1.2,0.6,0.01,0.06,0.65,0.3,0.72,0.005,0.38,0.22,0.01,0.14,1.0,0.28
lqr,ground_truth,curvy,400.0,0.05,0.1,1.0,38.143098302185535,0.025504760444164276,-57.46601104736328,11.797940196277908,7.646504248166535,-0.021933247916935503,0.00023623539240613667,0.021933247916935503,0.00023623539240613667,-0.005352502688765526,0.00021938560530543327,1.0,0.0,19.444444444444443,20,15,5.116117000579834,RoadOption.STRAIGHT,10.181218147277832,-57.40113067626953,6.28277624563615,2.8,1.2,4.5,3.0,10.0,0.6,0.01,0.06,0.55,0.16,0.2,0.35,1.5,12,10.0,14.0,0.9,1.2,0.6,0.01,0.06,0.65,0.3,0.72,0.005,0.38,0.22,0.01,0.14,1.0,0.28
lqr,ground_truth,curvy,400.0,0.05,0.1,1.0,38.19309830293059,0.6253281831741333,-57.46251678466797,12.129134537090785,7.315309907353658,-0.022711833876051142,-0.0010117754697160919,0.022711833876051142,0.0010117754697160919,-0.0025422258768230677,0.002810276811942458,1.0,0.0,19.444444444444443,21,15,4.516294002532959,RoadOption.STRAIGHT,11.181218147277832,-57.40153884887695,6.28277624563615,2.8,1.2,4.5,3.0,10.0,0.6,0.01,0.06,0.55,0.16,0.2,0.35,1.5,12,10.0,14.0,0.9,1.2,0.6,0.01,0.06,0.65,0.3,0.72,0.005,0.38,0.22,0.01,0.14,1.0,0.28
lqr,ground_truth,curvy,400.0,0.05,0.1,1.0,38.24309830367565,1.24163818359375,-57.45933151245117,12.457876077007674,6.986568367436769,-0.03879562480858559,0.0013731112938826229,0.03879562480858559,0.0013731112938826229,-0.005122131202369928,-0.0025799053255468607,1.0,0.0,19.444444444444443,22,16,4.917690753936768,RoadOption.STRAIGHT,12.181214332580566,-57.401947021484375,6.28277624563615,2.8,1.2,4.5,3.0,10.0,0.6,0.01,0.06,0.55,0.16,0.2,0.35,1.5,12,10.0,14.0,0.9,1.2,0.6,0.01,0.06,0.65,0.3,0.72,0.005,0.38,0.22,0.01,0.14,1.0,0.28
lqr,ground_truth,curvy,400.0,0.05,0.1,1.0,38.29309830442071,1.8743280172348022,-57.456634521484375,12.78464666828891,6.659797776155532,-0.05466931376139741,0.003781914752500448,0.05466931376139741,0.003781914752500448,-0.005377839785069227,-0.00025570858269929886,1.0,0.0,19.444444444444443,22,17,5.302690505981445,RoadOption.STRAIGHT,12.181214332580566,-57.401947021484375,6.28277624563615,2.8,1.2,4.5,3.0,10.0,0.6,0.01,0.06,0.55,0.16,0.2,0.35,1.5,12,10.0,14.0,0.9,1.2,0.6,0.01,0.06,0.65,0.3,0.72,0.005,0.38,0.22,0.01,0.14,1.0,0.28
lqr,ground_truth,curvy,400.0,0.05,0.1,1.0,38.34309830516577,2.523313045501709,-57.45459747314453,13.10989315938361,6.334551285060833,-0.05287354345064964,0.0026946152591920125,0.05287354345064964,0.0026946152591920125,-0.00336949760094285,0.002008342184126377,1.0,0.0,19.444444444444443,23,17,4.653723239898682,RoadOption.STRAIGHT,13.181214332580566,-57.4023551940918,6.28277624563615,2.8,1.2,4.5,3.0,10.0,0.6,0.01,0.06,0.55,0.16,0.2,0.35,1.5,12,10.0,14.0,0.9,1.2,0.6,0.01,0.06,0.65,0.3,0.72,0.005,0.38,0.22,0.01,0.14,1.0,0.28
lqr,ground_truth,curvy,400.0,0.05,0.1,1.0,38.393098305910826,3.1885249614715576,-57.45307159423828,13.433911613692766,6.010532830751677,-0.05479957749315634,0.0024598377134159577,0.05479957749315634,0.0024598377134159577,0.00365371978841722,0.00702321738936007,1.0,0.0,19.444444444444443,24,18,4.992971897125244,RoadOption.STRAIGHT,14.181214332580566,-57.40276336669922,6.28277624563615,2.8,1.2,4.5,3.0,10.0,0.6,0.01,0.06,0.55,0.16,0.2,0.35,1.5,12,10.0,14.0,0.9,1.2,0.6,0.01,0.06,0.65,0.3,0.72,0.005,0.38,0.22,0.01,0.14,1.0,0.28
lqr,ground_truth,curvy,400.0,0.05,0.1,1.0,38.443098306655884,3.869903087615967,-57.45143127441406,13.756765745577729,5.687678698866714,-0.052881421184761385,0.0020859777500445986,0.052881421184761385,0.0020859777500445986,0.0060029164887964725,0.0023491967003792524,1.0,0.0,19.444444444444443,24,19,5.311557292938232,RoadOption.STRAIGHT,14.181214332580566,-57.40276336669922,6.28277624563615,2.8,1.2,4.5,3.0,10.0,0.6,0.01,0.06,0.55,0.16,0.2,0.35,1.5,12,10.0,14.0,0.9,1.2,0.6,0.01,0.06,0.65,0.3,0.72,0.005,0.38,0.22,0.01,0.14,1.0,0.28
lqr,ground_truth,curvy,400.0,0.05,0.1,1.0,38.49309830740094,4.5673933029174805,-57.449310302734375,14.078653322382506,5.365791122061937,-0.050475133266480246,0.0024975884119795566,0.050475133266480246,0.0024975884119795566,0.00402393052354455,-0.0019789859652519226,1.0,0.0,19.444444444444443,25,19,4.614080905914307,RoadOption.STRAIGHT,15.181214332580566,-57.403175354003906,6.28277624563615,2.8,1.2,4.5,3.0,10.0,0.6,0.01,0.06,0.55,0.16,0.2,0.35,1.5,12,10.0,14.0,0.9,1.2,0.6,0.01,0.06,0.65,0.3,0.72,0.005,0.38,0.22,0.01,0.14,1.0,0.28
lqr,ground_truth,curvy,400.0,0.05,0.1,1.0,38.543098308146,5.2809553146362305,-57.446800231933594,14.399753573335131,5.044690871109312,-0.047674060864751414,0.00326357257835852,0.047674060864751414,0.00326357257835852,-0.0005279578035697341,-0.004551888327114284,1.0,0.0,19.444444444444443,26,20,4.900475978851318,RoadOption.STRAIGHT,16.181215286254883,-57.40358352661133,6.28277624563615,2.8,1.2,4.5,3.0,10.0,0.6,0.01,0.06,0.55,0.16,0.2,0.35,1.5,12,10.0,14.0,0.9,1.2,0.6,0.01,0.06,0.65,0.3,0.72,0.005,0.38,0.22,0.01,0.14,1.0,0.28
lqr,ground_truth,curvy,400.0,0.05,0.1,1.0,38.59309830889106,6.010546684265137,-57.44429016113281,14.720036039669148,4.724408404775295,-0.04486643146931844,0.0037934586715744345,0.04486643146931844,0.0037934586715744345,-0.0030334871262311935,-0.0025055293226614594,1.0,0.0,19.444444444444443,26,21,5.170848369598389,RoadOption.STRAIGHT,16.181215286254883,-57.40358352661133,6.28277624563615,2.8,1.2,4.5,3.0,10.0,0.6,0.01,0.06,0.55,0.16,0.2,0.35,1.5,12,10.0,14.0,0.9,1.2,0.6,0.01,0.06,0.65,0.3,0.72,0.005,0.38,0.22,0.01,0.14,1.0,0.28
lqr,ground_truth,curvy,400.0,0.05,0.1,1.0,38.643098309636116,6.756130218505859,-57.44200134277344,15.039522077665897,4.404922366778546,-0.04227262375866719,0.00382375524986589,0.04227262375866719,0.00382375524986589,-0.0036706191021949053,-0.0006371319759637117,1.0,0.0,19.444444444444443,27,21,4.4252729415893555,RoadOption.STRAIGHT,17.181215286254883,-57.40399169921875,6.28277624563615,2.8,1.2,4.5,3.0,10.0,0.6,0.01,0.06,0.55,0.16,0.2,0.35,1.5,12,10.0,14.0,0.9,1.2,0.6,0.01,0.06,0.65,0.3,0.72,0.005,0.38,0.22,0.01,0.14,1.0,0.28
lqr,ground_truth,curvy,400.0,0.05,0.1,1.0,38.693098310381174,7.517667293548584,-57.44000244140625,15.358280965506781,4.086163478937662,-0.039963094434416396,0.0034327504067537262,0.039963094434416396,0.0034327504067537262,-0.0016365657793357968,0.0020340533228591084,1.0,0.0,19.444444444444443,28,22,4.663702487945557,RoadOption.STRAIGHT,18.181215286254883,-57.40439987182617,6.28277624563615,2.8,1.2,4.5,3.0,10.0,0.6,0.01,0.06,0.55,0.16,0.2,0.35,1.5,12,10.0,14.0,0.9,1.2,0.6,0.01,0.06,0.65,0.3,0.72,0.005,0.38,0.22,0.01,0.14,1.0,0.28
lqr,ground_truth,curvy,400.0,0.05,0.1,1.0,38.74309831112623,8.295122146606445,-57.43815612792969,15.676349847780346,3.7680945966640973,-0.037799643197808784,0.0029381909893535507,0.037799643197808784,0.0029381909893535507,-5.8147907111560926e-05,0.001578417872224236,1.0,0.0,19.444444444444443,29,23,4.886223793029785,RoadOption.STRAIGHT,19.181215286254883,-57.404808044433594,6.28277624563615,2.8,1.2,4.5,3.0,10.0,0.6,0.01,0.06,0.55,0.16,0.2,0.35,1.5,12,10.0,14.0,0.9,1.2,0.6,0.01,0.06,0.65,0.3,0.72,0.005,0.38,0.22,0.01,0.14,1.0,0.28
lqr,ground_truth,curvy,400.0,0.05,0.1,1.0,38.79309831187129,9.088459014892578,-57.43631362915039,15.993713380187254,3.450731064257189,-0.03563350993666666,0.0025883860805429038,0.03563350993666666,0.0025883860805429038,0.0009023072198033333,0.0009604551269148942,1.0,0.0,19.444444444444443,29,24,5.092865943908691,RoadOption.STRAIGHT,19.181215286254883,-57.404808044433594,6.28277624563615,2.8,1.2,4.5,3.0,10.0,0.6,0.01,0.06,0.55,0.16,0.2,0.35,1.5,12,10.0,14.0,0.9,1.2,0.6,0.01,0.06,0.65,0.3,0.72,0.005,0.38,0.22,0.01,0.14,1.0,0.28
lqr,ground_truth,curvy,400.0,0.05,0.1,1.0,38.84309831261635,9.89764404296875,-57.43441390991211,16.310381629622825,3.1340628148216183,-0.03340278439004729,0.0024567410084257446,0.03340278439004729,0.0024567410084257446,0.0001506736734881997,-0.0007516335463151336,1.0,0.0,19.444444444444443,30,24,4.283687591552734,RoadOption.STRAIGHT,20.181215286254883,-57.405216217041016,6.28277624563615,2.8,1.2,4.5,3.0,10.0,0.6,0.01,0.06,0.55,0.16,0.2,0.35,1.5,12,10.0,14.0,0.9,1.2,0.6,0.01,0.06,0.65,0.3,0.72,0.005,0.38,0.22,0.01,0.14,1.0,0.28
lqr,ground_truth,curvy,400.0,0.05,0.1,1.0,38.893098313361406,10.72264289855957,-57.43251419067383,16.6263679959194,2.8180764485250442,-0.03116266427672779,0.0024299953549338227,0.03116266427672779,0.0024299953549338227,-0.0006459943251684308,-0.0007966679986566305,1.0,0.0,19.444444444444443,31,25,4.458668231964111,RoadOption.STRAIGHT,21.181215286254883,-57.40562438964844,6.28277624563615,2.8,1.2,4.5,3.0,10.0,0.6,0.01,0.06,0.55,0.16,0.2,0.35,1.5,12,10.0,14.0,0.9,1.2,0.6,0.01,0.06,0.65,0.3,0.72,0.005,0.38,0.22,0.01,0.14,1.0,0.28
lqr,ground_truth,curvy,400.0,0.05,0.1,1.0,38.943098314106464,11.563419342041016,-57.43070983886719,16.941678062248602,2.5027663821958406,-0.029015272669853626,0.0023700532944239683,0.029015272669853626,0.0023700532944239683,-0.0014559391420334578,-0.000809944816865027,1.0,0.0,19.444444444444443,32,26,4.617876052856445,RoadOption.STRAIGHT,22.181215286254883,-57.40603256225586,6.28277624563615,2.8,1.2,4.5,3.0,10.0,0.6,0.01,0.06,0.55,0.16,0.2,0.35,1.5,12,10.0,14.0,0.9,1.2,0.6,0.01,0.06,0.65,0.3,0.72,0.005,0.38,0.22,0.01,0.14,1.0,0.28
lqr,ground_truth,curvy,400.0,0.05,0.1,1.0,38.99309831485152,12.419940948486328,-57.42908477783203,17.256308099229955,2.188136345214488,-0.027040730688867837,0.0021944062472254444,0.027040730688867837,0.0021944062472254444,-0.0010969596914947033,0.00035897945053875446,0.9853257536888123,0.0,19.444444444444443,33,27,4.761340618133545,RoadOption.STRAIGHT,23.181215286254883,-57.40644073486328,6.28277624563615,2.8,1.2,4.5,3.0,10.0,0.6,0.01,0.06,0.55,0.16,0.2,0.35,1.5,12,10.0,14.0,0.9,1.2,0.6,0.01,0.06,0.65,0.3,0.72,0.005,0.38,0.22,0.01,0.14,1.0,0.28
lqr,ground_truth,curvy,400.0,0.05,0.1,1.0,39.04309831559658,13.292149543762207,-57.42761993408203,17.56899317841977,1.8754512660246725,-0.025219989035949665,0.0019432715868399342,0.025219989035949665,0.0019432715868399342,-0.0006175122689455748,0.00047944742254912853,0.8000486493110657,0.0,19.444444444444443,34,28,4.889121055603027,RoadOption.STRAIGHT,24.181215286254883,-57.4068489074707,6.28277624563615,2.8,1.2,4.5,3.0,10.0,0.6,0.01,0.06,0.55,0.16,0.2,0.35,1.5,12,10.0,14.0,0.9,1.2,0.6,0.01,0.06,0.65,0.3,0.72,0.005,0.38,0.22,0.01,0.14,1.0,0.28
lqr,ground_truth,curvy,400.0,0.05,0.1,1.0,39.09309831634164,14.179630279541016,-57.42627716064453,17.86494947390551,1.5794949705389314,-0.023515070440126913,0.001698505106380921,0.023515070440126913,0.001698505106380921,6.420486170100048e-05,0.0006817171306465752,0.642549455165863,0.0,19.444444444444443,34,29,5.001631259918213,RoadOption.STRAIGHT,24.181215286254883,-57.4068489074707,6.28277624563615,2.8,1.2,4.5,3.0,10.0,0.6,0.01,0.06,0.55,0.16,0.2,0.35,1.5,12,10.0,14.0,0.9,1.2,0.6,0.01,0.06,0.65,0.3,0.72,0.005,0.38,0.22,0.01,0.14,1.0,0.28
lqr,ground_truth,curvy,400.0,0.05,0.1,1.0,39.1430983170867,15.080531120300293,-57.42500686645508,18.11214116297514,1.3323032814693043,-0.021876252478826998,0.0015303612034651692,0.021876252478826998,0.0015303612034651692,4.1567116568330675e-05,-2.2637745132669806e-05,0.5527519583702087,0.0,19.444444444444443,35,29,4.100734233856201,RoadOption.STRAIGHT,25.181215286254883,-57.40726089477539,6.28277624563615,2.8,1.2,4.5,3.0,10.0,0.6,0.01,0.06,0.55,0.16,0.2,0.35,1.5,12,10.0,14.0,0.9,1.2,0.6,0.01,0.06,0.65,0.3,0.72,0.005,0.38,0.22,0.01,0.14,1.0,0.28
lqr,ground_truth,curvy,400.0,0.05,0.1,1.0,39.193098317831755,15.991822242736816,-57.42380905151367,18.29374014642338,1.1507042980210613,-0.02030655245372555,0.0014358631323840854,0.02030655245372555,0.0014358631323840854,-0.00017164704331662506,-0.00021321415988495573,0.5225037932395935,0.0,19.444444444444443,36,30,4.18943452835083,RoadOption.STRAIGHT,26.181215286254883,-57.40766906738281,6.28277624563615,2.8,1.2,4.5,3.0,10.0,0.6,0.01,0.06,0.55,0.16,0.2,0.35,1.5,12,10.0,14.0,0.9,1.2,0.6,0.01,0.06,0.65,0.3,0.72,0.005,0.38,0.22,0.01,0.14,1.0,0.28
lqr,ground_truth,curvy,400.0,0.05,0.1,1.0,39.24309831857681,16.910263061523438,-57.42270278930664,18.413257909769296,1.0311865346751468,-0.01882548048959677,0.0013679644229869226,0.01882548048959677,0.0013679644229869226,-0.0004403293423820287,-0.00026868229906540364,0.5252906084060669,0.0,19.444444444444443,37,31,4.270986557006836,RoadOption.STRAIGHT,27.181215286254883,-57.408077239990234,6.28277624563615,2.8,1.2,4.5,3.0,10.0,0.6,0.01,0.06,0.55,0.16,0.2,0.35,1.5,12,10.0,14.0,0.9,1.2,0.6,0.01,0.06,0.65,0.3,0.72,0.005,0.38,0.22,0.01,0.14,1.0,0.28
lqr,ground_truth,curvy,400.0,0.05,0.1,1.0,39.29309831932187,17.83316421508789,-57.42172622680664,18.484881697101894,0.9595627473425488,-0.017472283670270247,0.0012855926424117925,0.017472283670270247,0.0012855926424117925,-0.0005050928448326886,-6.476350245065987e-05,0.539789080619812,0.0,19.444444444444443,38,32,4.348079681396484,RoadOption.STRAIGHT,28.181215286254883,-57.408485412597656,6.28277624563615,2.8,1.2,4.5,3.0,10.0,0.6,0.01,0.06,0.55,0.16,0.2,0.35,1.5,12,10.0,14.0,0.9,1.2,0.6,0.01,0.06,0.65,0.3,0.72,0.005,0.38,0.22,0.01,0.14,1.0,0.28
lqr,ground_truth,curvy,400.0,0.05,0.1,1.0,39.34309832006693,18.758621215820312,-57.42086410522461,18.524472051949843,0.9199723924945999,-0.01623248226057954,0.00117793292493662,0.01623248226057954,0.00117793292493662,-0.00035507671418599784,0.00015001613064669073,0.5544750094413757,0.0,19.444444444444443,39,33,4.4226179122924805,RoadOption.STRAIGHT,29.181215286254883,-57.40889358520508,6.28277624563615,2.8,1.2,4.5,3.0,10.0,0.6,0.01,0.06,0.55,0.16,0.2,0.35,1.5,12,10.0,14.0,0.9,1.2,0.6,0.01,0.06,0.65,0.3,0.72,0.005,0.38,0.22,0.01,0.14,1.0,0.28
lqr,ground_truth,curvy,400.0,0.05,0.1,1.0,39.39309832081199,19.685447692871094,-57.42010498046875,18.544888693777146,0.8995557506672966,-0.015095117468362543,0.0010645726383273768,0.015095117468362543,0.0010645726383273768,-0.00016678647079970688,0.00018829024338629097,0.5652334690093994,0.0,19.444444444444443,40,34,4.495787143707275,RoadOption.STRAIGHT,30.181215286254883,-57.4093017578125,6.28277624563615,2.8,1.2,4.5,3.0,10.0,0.6,0.01,0.06,0.55,0.16,0.2,0.35,1.5,12,10.0,14.0,0.9,1.2,0.6,0.01,0.06,0.65,0.3,0.72,0.005,0.38,0.22,0.01,0.14,1.0,0.28
lqr,ground_truth,curvy,400.0,0.05,0.1,1.0,39.443098321557045,20.61296272277832,-57.41943359375,18.554817431001776,0.8896270134426665,-0.014041394348481452,0.0009694899851817596,0.014041394348481452,0.0009694899851817596,-5.247734225122258e-05,0.0001143091285484843,0.571861743927002,0.0,19.444444444444443,41,35,4.568268775939941,RoadOption.STRAIGHT,31.181215286254883,-57.40970993041992,6.28277624563615,2.8,1.2,4.5,3.0,10.0,0.6,0.01,0.06,0.55,0.16,0.2,0.35,1.5,12,10.0,14.0,0.9,1.2,0.6,0.01,0.06,0.65,0.3,0.72,0.005,0.38,0.22,0.01,0.14,1.0,0.28
lqr,ground_truth,curvy,400.0,0.05,0.1,1.0,39.4930983223021,21.540807723999023,-57.418827056884766,18.559426855009058,0.8850175894353853,-0.01305620079506573,0.0009025042016848062,0.01305620079506573,0.0009025042016848062,-0.0001029122358886525,-5.043489363742992e-05,0.57547926902771,0.0,19.444444444444443,42,36,4.640421390533447,RoadOption.STRAIGHT,32.18121337890625,-57.410118103027344,6.28277624563615,2.8,1.2,4.5,3.0,10.0,0.6,0.01,0.06,0.55,0.16,0.2,0.35,1.5,12,10.0,14.0,0.9,1.2,0.6,0.01,0.06,0.65,0.3,0.72,0.005,0.38,0.22,0.01,0.14,1.0,0.28
lqr,ground_truth,curvy,400.0,0.05,0.1,1.0,39.54309832304716,22.468812942504883,-57.41827392578125,18.561508990212488,0.882935454231955,-0.012124347460172406,0.0008529668696848347,0.012124347460172406,0.0008529668696848347,-0.00021239199850242585,-0.00010947976261377335,0.5772626996040344,0.0,19.444444444444443,43,37,4.712413787841797,RoadOption.STRAIGHT,33.18121337890625,-57.410526275634766,6.28277624563615,2.8,1.2,4.5,3.0,10.0,0.6,0.01,0.06,0.55,0.16,0.2,0.35,1.5,12,10.0,14.0,0.9,1.2,0.6,0.01,0.06,0.65,0.3,0.72,0.005,0.38,0.22,0.01,0.14,1.0,0.28
lqr,ground_truth,curvy,400.0,0.05,0.1,1.0,39.59309832379222,23.39689064025879,-57.41780090332031,18.56244857424816,0.8819958701962811,-0.011272573112682616,0.00080269310472314,0.011272573112682616,0.00080269310472314,-0.00025663975975476205,-4.4247761252336204e-05,0.5780700445175171,0.0,19.444444444444443,44,38,4.784334182739258,RoadOption.STRAIGHT,34.18121337890625,-57.41093444824219,6.28277624563615,2.8,1.2,4.5,3.0,10.0,0.6,0.01,0.06,0.55,0.16,0.2,0.35,1.5,12,10.0,14.0,0.9,1.2,0.6,0.01,0.06,0.65,0.3,0.72,0.005,0.38,0.22,0.01,0.14,1.0,0.28
lqr,ground_truth,curvy,400.0,0.05,0.1,1.0,39.64309832453728,24.32500648498535,-57.417396545410156,18.56289427504906,0.881550169395382,-0.010489447705770136,0.0007436470652821825,0.010489447705770136,0.0007436470652821825,-0.0002093748771585524,4.7264882596209645e-05,0.5783952474594116,0.0,19.444444444444443,45,39,4.8562164306640625,RoadOption.STRAIGHT,35.18121337890625,-57.41134262084961,6.28277624563615,2.8,1.2,4.5,3.0,10.0,0.6,0.01,0.06,0.55,0.16,0.2,0.35,1.5,12,10.0,14.0,0.9,1.2,0.6,0.01,0.06,0.65,0.3,0.72,0.005,0.38,0.22,0.01,0.14,1.0,0.28
lqr,ground_truth,curvy,400.0,0.05,0.1,1.0,39.693098325282335,25.253143310546875,-57.417049407958984,18.563124645512165,0.8813197989322781,-0.009763534170602148,0.0006812860697280598,0.009763534170602148,0.0006812860697280598,-0.00012673146557062864,8.264341158792377e-05,0.5785154104232788,0.0,19.444444444444443,46,40,4.9280781745910645,RoadOption.STRAIGHT,36.18121337890625,-57.4117546081543,6.28277624563615,2.8,1.2,4.5,3.0,10.0,0.6,0.01,0.06,0.55,0.16,0.2,0.35,1.5,12,10.0,14.0,0.9,1.2,0.6,0.01,0.06,0.65,0.3,0.72,0.005,0.38,0.22,0.01,0.14,1.0,0.28
lqr,ground_truth,curvy,400.0,0.05,0.1,1.0,39.74309832602739,26.181291580200195,-57.41676330566406,18.563259806023687,0.8811846384207556,-0.009098651105239889,0.0006256406971454354,0.009098651105239889,0.0006256406971454354,-7.28827144484967e-05,5.3848751122131944e-05,0.5785486102104187,0.0,19.444444444444443,47,41,4.999928951263428,RoadOption.STRAIGHT,37.18121337890625,-57.41216278076172,6.28277624563615,2.8,1.2,4.5,3.0,10.0,0.6,0.01,0.06,0.55,0.16,0.2,0.35,1.5,12,10.0,14.0,0.9,1.2,0.6,0.01,0.06,0.65,0.3,0.72,0.005,0.38,0.22,0.01,0.14,1.0,0.28
lqr,ground_truth,curvy,400.0,0.05,0.1,1.0,39.79309832677245,27.10944366455078,-57.41651916503906,18.563345455538453,0.8810989889059897,-0.008475727365619893,0.0005818356308369133,0.008475727365619893,0.0005818356308369133,-7.804087363183498e-05,-5.1581591833382845e-06,0.5785565972328186,0.0,19.444444444444443,47,42,5.071774005889893,RoadOption.STRAIGHT,37.18121337890625,-57.41216278076172,6.28277624563615,2.8,1.2,4.5,3.0,10.0,0.6,0.01,0.06,0.55,0.16,0.2,0.35,1.5,12,10.0,14.0,0.9,1.2,0.6,0.01,0.06,0.65,0.3,0.72,0.005,0.38,0.22,0.01,0.14,1.0,0.28
lqr,ground_truth,curvy,400.0,0.05,0.1,1.0,39.84309832751751,28.03761100769043,-57.41631317138672,18.56340442604352,0.8810400184009239,-0.007890056175147158,0.0005469006757197192,0.007890056175147158,0.0005469006757197192,-0.0001148064256994985,-3.676555206766352e-05,0.5785532593727112,0.0,19.444444444444443,48,42,4.1436076164245605,RoadOption.STRAIGHT,38.18121337890625,-57.41257095336914,6.28277624563615,2.8,1.2,4.5,3.0,10.0,0.6,0.01,0.06,0.55,0.16,0.2,0.35,1.5,12,10.0,14.0,0.9,1.2,0.6,0.01,0.06,0.65,0.3,0.72,0.005,0.38,0.22,0.01,0.14,1.0,0.28
lqr,ground_truth,curvy,400.0,0.05,0.1,1.0,39.89309832826257,28.965778350830078,-57.416141510009766,18.563446247380767,0.8809981970636755,-0.007339606215949335,0.0005139887493772477,0.007339606215949335,0.0005139887493772477,-0.00013872804993297905,-2.3921624233480543e-05,0.5785487294197083,0.0,19.444444444444443,49,43,4.215439319610596,RoadOption.STRAIGHT,39.18121337890625,-57.41297912597656,6.28277624563615,2.8,1.2,4.5,3.0,10.0,0.6,0.01,0.06,0.55,0.16,0.2,0.35,1.5,12,10.0,14.0,0.9,1.2,0.6,0.01,0.06,0.65,0.3,0.72,0.005,0.38,0.22,0.01,0.14,1.0,0.28
lqr,ground_truth,curvy,400.0,0.05,0.1,1.0,39.943098329007626,29.893949508666992,-57.416019439697266,18.56347475257465,0.8809696918697938,-0.00683874575660966,0.00047873264310460684,0.00683874575660966,0.00047873264310460684,-0.0001231227070093155,1.5605342923663557e-05,0.5785475969314575,0.0,19.444444444444443,50,44,4.287267684936523,RoadOption.STRAIGHT,40.18121337890625,-57.413387298583984,6.28277624563615,2.8,1.2,4.5,3.0,10.0,0.6,0.01,0.06,0.55,0.16,0.2,0.35,1.5,12,10.0,14.0,0.9,1.2,0.6,0.01,0.06,0.65,0.3,0.72,0.005,0.38,0.22,0.01,0.14,1.0,0.28
lqr,ground_truth,curvy,400.0,0.05,0.1,1.0,39.993098329752684,30.822118759155273,-57.415931701660156,18.563495673049033,0.8809487713954098,-0.006372218350011131,0.000442291717448029,0.006372218350011131,0.000442291717448029,-0.00010158147779293358,2.1541229216381907e-05,0.5785441398620605,0.0,19.444444444444443,51,45,4.359097480773926,RoadOption.STRAIGHT,41.18121337890625,-57.413795471191406,6.28277624563615,2.8,1.2,4.5,3.0,10.0,0.6,0.01,0.06,0.55,0.16,0.2,0.35,1.5,12,10.0,14.0,0.9,1.2,0.6,0.01,0.06,0.65,0.3,0.72,0.005,0.38,0.22,0.01,0.14,1.0,0.28
lqr,ground_truth,curvy,400.0,0.05,0.1,1.0,40.04309833049774,31.75029182434082,-57.4158821105957,18.5635089952425,0.8809354492019423,-0.005940021655484885,0.0004074636467823467,0.005940021655484885,0.0004074636467823467,-5.102632712805644e-05,5.0555150664877146e-05,0.5785452723503113,0.0,19.444444444444443,52,46,4.430923938751221,RoadOption.STRAIGHT,42.18121337890625,-57.41420364379883,6.28277624563615,2.8,1.2,4.5,3.0,10.0,0.6,0.01,0.06,0.55,0.16,0.2,0.35,1.5,12,10.0,14.0,0.9,1.2,0.6,0.01,0.06,0.65,0.3,0.72,0.005,0.38,0.22,0.01,0.14,1.0,0.28
lqr,ground_truth,curvy,400.0,0.05,0.1,1.0,40.0930983312428,32.678462982177734,-57.41585922241211,18.563518524376537,0.8809259200679058,-0.005538343316753321,0.00037870150904151245,0.005538343316753321,0.00037870150904151245,-4.853412974625826e-05,2.492197381798178e-06,0.5785441398620605,0.0,19.444444444444443,53,47,4.502752304077148,RoadOption.STRAIGHT,43.18121337890625,-57.41461181640625,6.28277624563615,2.8,1.2,4.5,3.0,10.0,0.6,0.01,0.06,0.55,0.16,0.2,0.35,1.5,12,10.0,14.0,0.9,1.2,0.6,0.01,0.06,0.65,0.3,0.72,0.005,0.38,0.22,0.01,0.14,1.0,0.28
lqr,ground_truth,curvy,400.0,0.05,0.1,1.0,40.14309833198786,33.60663604736328,-57.41585922241211,18.563524249809507,0.8809201946349354,-0.0051595523794775965,0.000355798325698764,0.0051595523794775965,0.000355798325698764,-6.943498010514304e-05,-2.090085035888478e-05,0.5785452723503113,0.0,19.444444444444443,54,48,4.574579238891602,RoadOption.STRAIGHT,44.18121337890625,-57.41501998901367,6.28277624563615,2.8,1.2,4.5,3.0,10.0,0.6,0.01,0.06,0.55,0.16,0.2,0.35,1.5,12,10.0,14.0,0.9,1.2,0.6,0.01,0.06,0.65,0.3,0.72,0.005,0.38,0.22,0.01,0.14,1.0,0.28
lqr,ground_truth,curvy,400.0,0.05,0.1,1.0,40.193098332732916,34.53480911254883,-57.41588592529297,18.563529988744126,0.8809144557003172,-0.004807464320827134,0.00033502566513199383,0.004807464320827134,0.00033502566513199383,-8.58746498124674e-05,-1.6439669707324356e-05,0.5785418152809143,0.0,19.444444444444443,55,49,4.6464056968688965,RoadOption.STRAIGHT,45.18121337890625,-57.415428161621094,6.28277624563615,2.8,1.2,4.5,3.0,10.0,0.6,0.01,0.06,0.55,0.16,0.2,0.35,1.5,12,10.0,14.0,0.9,1.2,0.6,0.01,0.06,0.65,0.3,0.72,0.005,0.38,0.22,0.01,0.14,1.0,0.28
lqr,ground_truth,curvy,400.0,0.05,0.1,1.0,40.243098333477974,35.462982177734375,-57.41593551635742,18.563531928181167,0.880912516263276,-0.004478264443855465,0.00031265512010314467,0.004478264443855465,0.00031265512010314467,-8.044917194638401e-05,5.4254778660833836e-06,0.5785451531410217,0.0,19.444444444444443,56,50,4.718232154846191,RoadOption.STRAIGHT,46.18121337890625,-57.41584014892578,6.28277624563615,2.8,1.2,4.5,3.0,10.0,0.6,0.01,0.06,0.55,0.16,0.2,0.35,1.5,12,10.0,14.0,0.9,1.2,0.6,0.01,0.06,0.65,0.3,0.72,0.005,0.38,0.22,0.01,0.14,1.0,0.28
lqr,ground_truth,curvy,400.0,0.05,0.1,1.0,40.29309833422303,36.39115524291992,-57.41600799560547,18.563531969617923,0.8809124748265198,-0.004171952748562592,0.000289751934728244,0.004171952748562592,0.000289751934728244,-6.262488022912294e-05,1.7824291717261076e-05,0.5785474181175232,0.0,19.444444444444443,57,51,4.7900590896606445,RoadOption.STRAIGHT,47.18121337890625,-57.4162483215332,6.28277624563615,2.8,1.2,4.5,3.0,10.0,0.6,0.01,0.06,0.55,0.16,0.2,0.35,1.5,12,10.0,14.0,0.9,1.2,0.6,0.01,0.06,0.65,0.3,0.72,0.005,0.38,0.22,0.01,0.14,1.0,0.28
lqr,ground_truth,curvy,400.0,0.05,0.1,1.0,40.34309833496809,37.31932830810547,-57.416107177734375,18.563532013443307,0.8809124310011356,-0.003892343931894978,0.0002679140056622842,0.003892343931894978,0.0002679140056622842,-4.378928497317247e-05,1.8835595255950466e-05,0.5785474181175232,0.0,19.444444444444443,58,52,4.861886024475098,RoadOption.STRAIGHT,48.18121337890625,-57.416656494140625,6.28277624563615,2.8,1.2,4.5,3.0,10.0,0.6,0.01,0.06,0.55,0.16,0.2,0.35,1.5,12,10.0,14.0,0.9,1.2,0.6,0.01,0.06,0.65,0.3,0.72,0.005,0.38,0.22,0.01,0.14,1.0,0.28
lqr,ground_truth,curvy,400.0,0.05,0.1,1.0,40.39309833571315,38.247501373291016,-57.41621780395508,18.56353205614322,0.8809123883012226,-0.0036241792060667617,0.00024873926206847585,0.0036241792060667617,0.00024873926206847585,-3.91419162042439e-05,4.6473687689285725e-06,0.5785473585128784,0.0,19.444444444444443,59,53,4.933712482452393,RoadOption.STRAIGHT,49.18121337890625,-57.41706466674805,6.28277624563615,2.8,1.2,4.5,3.0,10.0,0.6,0.01,0.06,0.55,0.16,0.2,0.35,1.5,12,10.0,14.0,0.9,1.2,0.6,0.01,0.06,0.65,0.3,0.72,0.005,0.38,0.22,0.01,0.14,1.0,0.28
lqr,ground_truth,curvy,400.0,0.05,0.1,1.0,40.443098336458206,39.17567443847656,-57.41635513305664,18.563532102192543,0.8809123422519001,-0.0033827173588638062,0.00023276027927288112,0.0033827173588638062,0.00023276027927288112,-4.2346677219029516e-05,-3.2047610147856176e-06,0.5785473585128784,0.0,19.444444444444443,59,54,5.005539417266846,RoadOption.STRAIGHT,49.18121337890625,-57.41706466674805,6.28277624563615,2.8,1.2,4.5,3.0,10.0,0.6,0.01,0.06,0.55,0.16,0.2,0.35,1.5,12,10.0,14.0,0.9,1.2,0.6,0.01,0.06,0.65,0.3,0.72,0.005,0.38,0.22,0.01,0.14,1.0,0.28
lqr,ground_truth,curvy,400.0,0.05,0.1,1.0,40.493098337203264,40.10384750366211,-57.41650390625,18.56353215372333,0.8809122907211133,-0.0031518106437435287,0.00021837922564138523,0.0031518106437435287,0.00021837922564138523,-4.900525891571306e-05,-6.658581696683541e-06,0.5785472989082336,0.0,19.444444444444443,60,54,4.077366352081299,RoadOption.STRAIGHT,50.18121337890625,-57.41747283935547,6.28277624563615,2.8,1.2,4.5,3.0,10.0,0.6,0.01,0.06,0.55,0.16,0.2,0.35,1.5,12,10.0,14.0,0.9,1.2,0.6,0.01,0.06,0.65,0.3,0.72,0.005,0.38,0.22,0.01,0.14,1.0,0.28
lqr,ground_truth,curvy,400.0,0.05,0.1,1.0,40.54309833794832,41.03202438354492,-57.41666793823242,18.563532211727427,0.8809122327170158,-0.0029370501147199255,0.00020399815575533609,0.0029370501147199255,0.00020399815575533609,-6.053414472262375e-05,-1.1528885806910694e-05,0.5785472989082336,0.0,19.444444444444443,61,55,4.149189472198486,RoadOption.STRAIGHT,51.18121337890625,-57.41788101196289,6.28277624563615,2.8,1.2,4.5,3.0,10.0,0.6,0.01,0.06,0.55,0.16,0.2,0.35,1.5,12,10.0,14.0,0.9,1.2,0.6,0.01,0.06,0.65,0.3,0.72,0.005,0.38,0.22,0.01,0.14,1.0,0.28
lqr,ground_truth,curvy,400.0,0.05,0.1,1.0,40.59309833869338,41.96019744873047,-57.41685485839844,18.563532279949715,0.8809121644947275,-0.0027413646308745597,0.0001885518214326254,0.0027413646308745597,0.0001885518214326254,-2.7551383027457632e-05,3.298276169516612e-05,0.5785472393035889,0.0,19.444444444444443,62,56,4.2210164070129395,RoadOption.STRAIGHT,52.18121337890625,-57.41828918457031,6.28277624563615,2.8,1.2,4.5,3.0,10.0,0.6,0.01,0.06,0.55,0.16,0.2,0.35,1.5,12,10.0,14.0,0.9,1.2,0.6,0.01,0.06,0.65,0.3,0.72,0.005,0.38,0.22,0.01,0.14,1.0,0.28
lqr,ground_truth,curvy,400.0,0.05,0.1,1.0,40.64309833943844,42.88837432861328,-57.41704559326172,18.563532324446033,0.8809121199984098,-0.0025533069804762176,0.00017470338376401884,0.0025533069804762176,0.00017470338376401884,-2.3072278054314665e-05,4.479104973142967e-06,0.5785472393035889,0.0,19.444444444444443,63,57,4.292839527130127,RoadOption.STRAIGHT,53.18121337890625,-57.418697357177734,6.28277624563615,2.8,1.2,4.5,3.0,10.0,0.6,0.01,0.06,0.55,0.16,0.2,0.35,1.5,12,10.0,14.0,0.9,1.2,0.6,0.01,0.06,0.65,0.3,0.72,0.005,0.38,0.22,0.01,0.14,1.0,0.28
lqr,ground_truth,curvy,400.0,0.05,0.1,1.0,40.6930983401835,43.81654739379883,-57.41725540161133,18.56353236966952,0.8809120747749226,-0.0023843243752561124,0.0001640506906399608,0.0023843243752561124,0.0001640506906399608,-2.9088467272231355e-05,-6.01618921791669e-06,0.5785471796989441,0.0,19.444444444444443,64,58,4.36466646194458,RoadOption.STRAIGHT,54.18121337890625,-57.419105529785156,6.28277624563615,2.8,1.2,4.5,3.0,10.0,0.6,0.01,0.06,0.55,0.16,0.2,0.35,1.5,12,10.0,14.0,0.9,1.2,0.6,0.01,0.06,0.65,0.3,0.72,0.005,0.38,0.22,0.01,0.14,1.0,0.28
lqr,ground_truth,curvy,400.0,0.05,0.1,1.0,40.743098340928555,44.744720458984375,-57.41747283935547,18.563532421277937,0.8809120231665055,-0.002222971163928939,0.00015393067849789333,0.002222971163928939,0.00015393067849789333,-3.446130358497612e-05,-5.3728363127447665e-06,0.5785471796989441,0.0,19.444444444444443,65,59,4.436493396759033,RoadOption.STRAIGHT,55.18121337890625,-57.41951370239258,6.28277624563615,2.8,1.2,4.5,3.0,10.0,0.6,0.01,0.06,0.55,0.16,0.2,0.35,1.5,12,10.0,14.0,0.9,1.2,0.6,0.01,0.06,0.65,0.3,0.72,0.005,0.38,0.22,0.01,0.14,1.0,0.28
lqr,ground_truth,curvy,400.0,0.05,0.1,1.0,40.79309834167361,45.67289352416992,-57.41769790649414,18.56353819883679,0.8809062456076546,-0.0020692473464946964,0.00014434333108237496,0.0020692473464946964,0.00014434333108237496,-3.7308087485143915e-05,-2.846783900167793e-06,0.5785368084907532,0.0,19.444444444444443,66,60,4.508320331573486,RoadOption.STRAIGHT,56.18121337890625,-57.419925689697266,6.28277624563615,2.8,1.2,4.5,3.0,10.0,0.6,0.01,0.06,0.55,0.16,0.2,0.35,1.5,12,10.0,14.0,0.9,1.2,0.6,0.01,0.06,0.65,0.3,0.72,0.005,0.38,0.22,0.01,0.14,1.0,0.28
lqr,ground_truth,curvy,400.0,0.05,0.1,1.0,40.84309834241867,46.60106658935547,-57.417938232421875,18.563538256007984,0.8809061884364588,-0.0019307823168463172,0.00013422331894030748,0.0019307823168463172,0.00013422331894030748,-3.0564078770112246e-05,6.7440087150316685e-06,0.5785436630249023,0.0,19.444444444444443,67,61,4.5801472663879395,RoadOption.STRAIGHT,57.18121337890625,-57.42033386230469,6.28277624563615,2.8,1.2,4.5,3.0,10.0,0.6,0.01,0.06,0.55,0.16,0.2,0.35,1.5,12,10.0,14.0,0.9,1.2,0.6,0.01,0.06,0.65,0.3,0.72,0.005,0.38,0.22,0.01,0.14,1.0,0.28
lqr,ground_truth,curvy,400.0,0.05,0.1,1.0,40.89309834316373,47.52924346923828,-57.41818618774414,18.563538306540416,0.8809061379040273,-0.0017999451206449622,0.00012410330679824,0.0017999451206449622,0.00012410330679824,-2.213851439591963e-05,8.425564374192618e-06,0.5785436034202576,0.0,19.444444444444443,68,62,4.651970386505127,RoadOption.STRAIGHT,58.18121337890625,-57.42074203491211,6.28277624563615,2.8,1.2,4.5,3.0,10.0,0.6,0.01,0.06,0.55,0.16,0.2,0.35,1.5,12,10.0,14.0,0.9,1.2,0.6,0.01,0.06,0.65,0.3,0.72,0.005,0.38,0.22,0.01,0.14,1.0,0.28
lqr,ground_truth,curvy,400.0,0.05,0.1,1.0,40.94309834390879,48.45741653442383,-57.41844940185547,18.563538349892188,0.8809060945522553,-0.0016843682726753776,0.00011504855909194589,0.0016843682726753776,0.00011504855909194589,-1.5463945601368323e-05,6.6745687945513055e-06,0.5785436034202576,0.0,19.444444444444443,69,63,4.72379732131958,RoadOption.STRAIGHT,59.18121337890625,-57.42115020751953,6.28277624563615,2.8,1.2,4.5,3.0,10.0,0.6,0.01,0.06,0.55,0.16,0.2,0.35,1.5,12,10.0,14.0,0.9,1.2,0.6,0.01,0.06,0.65,0.3,0.72,0.005,0.38,0.22,0.01,0.14,1.0,0.28
lqr,ground_truth,curvy,400.0,0.05,0.1,1.0,40.993098344653845,49.385589599609375,-57.41871643066406,18.56353838778017,0.8809060566642728,-0.001572606121652259,0.00010812437276719322,0.001572606121652259,0.00010812437276719322,-1.930985126818996e-05,-3.845905666821636e-06,0.5785436034202576,0.0,19.444444444444443,70,64,4.795624256134033,RoadOption.STRAIGHT,60.181209564208984,-57.42155838012695,6.28277624563615,2.8,1.2,4.5,3.0,10.0,0.6,0.01,0.06,0.55,0.16,0.2,0.35,1.5,12,10.0,14.0,0.9,1.2,0.6,0.01,0.06,0.65,0.3,0.72,0.005,0.38,0.22,0.01,0.14,1.0,0.28
lqr,ground_truth,curvy,400.0,0.05,0.1,1.0,41.0430983453989,50.31376266479492,-57.418983459472656,18.563538430240662,0.8809060142037808,-0.0014608439706291405,0.00010120012142333934,0.0014608439706291405,0.00010120012142333934,-3.6036231904290617e-05,-1.6726380636100657e-05,0.5785435438156128,0.0,19.444444444444443,71,65,4.867451190948486,RoadOption.STRAIGHT,61.181209564208984,-57.421966552734375,6.28277624563615,2.8,1.2,4.5,3.0,10.0,0.6,0.01,0.06,0.55,0.16,0.2,0.35,1.5,12,10.0,14.0,0.9,1.2,0.6,0.01,0.06,0.65,0.3,0.72,0.005,0.38,0.22,0.01,0.14,1.0,0.28
lqr,ground_truth,curvy,400.0,0.05,0.1,1.0,41.09309834614396,51.24193572998047,-57.41926574707031,18.56353848957216,0.8809059548722828,-0.0013605259104454196,9.37433028802559e-05,0.0013605259104454196,9.37433028802559e-05,-1.2646987670450471e-05,2.3389244233840145e-05,0.578543484210968,0.0,19.444444444444443,72,66,4.9392781257629395,RoadOption.STRAIGHT,62.181209564208984,-57.4223747253418,6.28277624563615,2.8,1.2,4.5,3.0,10.0,0.6,0.01,0.06,0.55,0.16,0.2,0.35,1.5,12,10.0,14.0,0.9,1.2,0.6,0.01,0.06,0.65,0.3,0.72,0.005,0.38,0.22,0.01,0.14,1.0,0.28
lqr,ground_truth,curvy,400.0,0.05,0.1,1.0,41.14309834688902,52.17011260986328,-57.419559478759766,18.563538519737797,0.8809059247066457,-0.0012754650776016538,8.681905153729019e-05,0.0012754650776016538,8.681905153729019e-05,-7.577042651973898e-06,5.069945018476574e-06,0.5785435438156128,0.0,19.444444444444443,72,67,5.011101245880127,RoadOption.STRAIGHT,62.181209564208984,-57.4223747253418,6.28277624563615,2.8,1.2,4.5,3.0,10.0,0.6,0.01,0.06,0.55,0.16,0.2,0.35,1.5,12,10.0,14.0,0.9,1.2,0.6,0.01,0.06,0.65,0.3,0.72,0.005,0.38,0.22,0.01,0.14,1.0,0.28
lqr,ground_truth,curvy,400.0,0.05,0.1,1.0,41.19309834763408,53.09828567504883,-57.41985321044922,18.56353854691854,0.8809058975259028,-0.0011895168464470757,8.149272935664698e-05,0.0011895168464470757,8.149272935664698e-05,-1.2615184459718876e-05,-5.038141807744978e-06,0.578543484210968,0.0,19.444444444444443,73,67,4.08292818069458,RoadOption.STRAIGHT,63.181209564208984,-57.42278289794922,6.28277624563615,2.8,1.2,4.5,3.0,10.0,0.6,0.01,0.06,0.55,0.16,0.2,0.35,1.5,12,10.0,14.0,0.9,1.2,0.6,0.01,0.06,0.65,0.3,0.72,0.005,0.38,0.22,0.01,0.14,1.0,0.28
lqr,ground_truth,curvy,400.0,0.05,0.1,1.0,41.243098348379135,54.026458740234375,-57.42013931274414,18.563538580350475,0.8809058640939682,-0.001096828180156286,7.723170412177183e-05,0.001096828180156286,7.723170412177183e-05,-2.422228681098204e-05,-1.1607102351263165e-05,0.578543484210968,0.0,19.444444444444443,74,68,4.154755115509033,RoadOption.STRAIGHT,64.18121337890625,-57.42319107055664,6.28277624563615,2.8,1.2,4.5,3.0,10.0,0.6,0.01,0.06,0.55,0.16,0.2,0.35,1.5,12,10.0,14.0,0.9,1.2,0.6,0.01,0.06,0.65,0.3,0.72,0.005,0.38,0.22,0.01,0.14,1.0,0.28
lqr,ground_truth,curvy,400.0,0.05,0.1,1.0,41.29309834912419,54.95463180541992,-57.420448303222656,18.5635386253038,0.8809058191406436,-0.0010270276955442912,7.243801415945939e-05,0.0010270276955442912,7.243801415945939e-05,-2.16036569327116e-05,2.61862987827044e-06,0.5785434246063232,0.0,19.444444444444443,75,69,4.226582050323486,RoadOption.STRAIGHT,65.18121337890625,-57.42359924316406,6.28277624563615,2.8,1.2,4.5,3.0,10.0,0.6,0.01,0.06,0.55,0.16,0.2,0.35,1.5,12,10.0,14.0,0.9,1.2,0.6,0.01,0.06,0.65,0.3,0.72,0.005,0.38,0.22,0.01,0.14,1.0,0.28
lqr,ground_truth,curvy,400.0,0.05,0.1,1.0,41.34309834986925,55.88280487060547,-57.42076110839844,18.56353866406516,0.8809057803792832,-0.0009610403474328544,6.657902725226705e-05,0.0009610403474328544,6.657902725226705e-05,-1.2283680916880257e-05,9.319976015831344e-06,0.5785434246063232,0.0,19.444444444444443,76,70,4.298405170440674,RoadOption.STRAIGHT,66.06481170654297,-57.41557312011719,0.02175243346765821,2.8,1.2,4.5,3.0,10.0,0.6,0.01,0.06,0.55,0.16,0.2,0.35,1.5,12,10.0,14.0,0.9,1.2,0.6,0.01,0.06,0.65,0.3,0.72,0.005,0.38,0.22,0.01,0.14,1.0,0.28
lqr,ground_truth,curvy,400.0,0.05,0.1,1.0,41.39309835061431,56.81098175048828,-57.421077728271484,18.563542506056738,0.880901938387705,-0.0008988676962678835,6.125270507251201e-05,0.0008988676962678835,6.125270507251201e-05,-6.070752078812802e-06,6.212928838067455e-06,0.5785365700721741,0.0,19.444444444444443,77,71,4.370228290557861,RoadOption.STRAIGHT,66.93106842041016,-57.3857307434082,0.047124901805061126,2.8,1.2,4.5,3.0,10.0,0.6,0.01,0.06,0.55,0.16,0.2,0.35,1.5,12,10.0,14.0,0.9,1.2,0.6,0.01,0.06,0.65,0.3,0.72,0.005,0.38,0.22,0.01,0.14,1.0,0.28
lqr,ground_truth,curvy,400.0,0.05,0.1,1.0,41.44309835135937,57.73915481567383,-57.42139434814453,18.56354252732528,0.8809019171191643,-0.0008366966055488201,5.6991679837636866e-05,0.0008366966055488201,5.6991679837636866e-05,-7.088716301950626e-06,-1.0179642231378239e-06,0.578541100025177,0.0,19.444444444444443,78,72,4.4420552253723145,RoadOption.STRAIGHT,67.7962875366211,-57.33391571044922,0.07249763645857306,2.8,1.2,4.5,3.0,10.0,0.6,0.01,0.06,0.55,0.16,0.2,0.35,1.5,12,10.0,14.0,0.9,1.2,0.6,0.01,0.06,0.65,0.3,0.72,0.005,0.38,0.22,0.01,0.14,1.0,0.28
lqr,ground_truth,curvy,400.0,0.05,0.1,1.0,41.493098352104425,58.667327880859375,-57.42171096801758,18.563542550772535,0.8809018936719077,-0.000774525514829757,5.379588652942857e-05,0.000774525514829757,5.379588652942857e-05,-1.3359129297896288e-05,-6.270412995945662e-06,0.578541100025177,0.0,19.444444444444443,80,73,4.513882160186768,RoadOption.STRAIGHT,69.52140045166016,-57.1645393371582,0.1232428394494879,2.8,1.2,4.5,3.0,10.0,0.6,0.01,0.06,0.55,0.16,0.2,0.35,1.5,12,10.0,14.0,0.9,1.2,0.6,0.01,0.06,0.65,0.3,0.72,0.005,0.38,0.22,0.01,0.14,1.0,0.28
lqr,ground_truth,curvy,400.0,0.05,0.1,1.0,41.54309835284948,59.59550094604492,-57.42202377319336,18.563542580923496,0.8809018635209469,-0.0007094302463668551,5.060006071211376e-05,0.0007094302463668551,5.060006071211376e-05,0.03343592956662178,0.03344928869591968,0.578541100025177,0.0,19.444444444444443,81,75,5.585712909698486,RoadOption.STRAIGHT,70.38017272949219,-57.047080993652344,0.14861557410299983,2.8,1.2,4.5,3.0,10.0,0.6,0.01,0.06,0.55,0.16,0.2,0.35,1.5,12,10.0,14.0,0.9,1.2,0.6,0.01,0.06,0.65,0.3,0.72,0.005,0.38,0.22,0.01,0.14,1.0,0.28
lqr,ground_truth,curvy,400.0,0.05,0.1,1.0,41.59309835359454,60.523582458496094,-57.41958236694336,18.56068537140255,0.8837590730418938,0.11651741685739624,-0.019592724906492887,0.11651741685739624,0.019592724906492887,0.15466636419296265,0.12123043462634087,0.5836840867996216,0.0,19.444444444444443,82,76,5.541231155395508,RoadOption.STRAIGHT,71.23568725585938,-56.907875061035156,0.17398830875651175,2.8,1.2,4.5,3.0,10.0,0.6,0.01,0.06,0.55,0.16,0.2,0.35,1.5,12,10.0,14.0,0.9,1.2,0.6,0.01,0.06,0.65,0.3,0.72,0.005,0.38,0.22,0.01,0.14,1.0,0.28
lqr,ground_truth,curvy,400.0,0.05,0.1,1.0,41.6430983543396,61.45076370239258,-57.407958984375,18.53002758937775,0.914416855066694,0.23595968021090022,-0.03492100980225965,0.23595968021090022,0.03492100980225965,0.2162318080663681,0.06156544387340546,0.6354394555091858,0.0,19.444444444444443,83,77,5.480350017547607,RoadOption.STRAIGHT,72.08740234375,-56.74700927734375,0.19936104341002367,2.8,1.2,4.5,3.0,10.0,0.6,0.01,0.06,0.55,0.16,0.2,0.35,1.5,12,10.0,14.0,0.9,1.2,0.6,0.01,0.06,0.65,0.3,0.72,0.005,0.38,0.22,0.01,0.14,1.0,0.28
lqr,ground_truth,curvy,400.0,0.05,0.1,1.0,41.69309835508466,62.374637603759766,-57.37689971923828,18.46586185452432,0.9785825899201228,0.3498414863483768,-0.03641347648605908,0.3498414863483768,0.03641347648605908,0.1827378273010254,-0.03349398076534271,0.7141484618186951,0.0,19.444444444444443,84,78,5.421820640563965,RoadOption.STRAIGHT,72.93476104736328,-56.56459045410156,0.2247335117474266,2.8,1.2,4.5,3.0,10.0,0.6,0.01,0.06,0.55,0.16,0.2,0.35,1.5,12,10.0,14.0,0.9,1.2,0.6,0.01,0.06,0.65,0.3,0.72,0.005,0.38,0.22,0.01,0.14,1.0,0.28
lqr,ground_truth,curvy,400.0,0.05,0.1,1.0,41.743098355829716,63.29542922973633,-57.323768615722656,18.44345312302932,1.0009913214151211,0.4608904589511914,-0.027813746496786695,0.4608904589511914,0.027813746496786695,0.09180144220590591,-0.09093638509511948,0.6774852871894836,0.0,19.444444444444443,85,79,5.3648600578308105,RoadOption.STRAIGHT,73.77721405029297,-56.36072540283203,0.25010624640093854,2.8,1.2,4.5,3.0,10.0,0.6,0.01,0.06,0.55,0.16,0.2,0.35,1.5,12,10.0,14.0,0.9,1.2,0.6,0.01,0.06,0.65,0.3,0.72,0.005,0.38,0.22,0.01,0.14,1.0,0.28
lqr,ground_truth,curvy,400.0,0.05,0.1,1.0,41.793098356574774,64.21572875976562,-57.2513427734375,18.47776959749348,0.9666748469509621,0.5660869603380605,-0.01829021585963586,0.5660869603380605,0.01829021585963586,0.009541981853544712,-0.0822594603523612,0.5888251662254333,0.0,19.444444444444443,86,80,5.306382179260254,RoadOption.STRAIGHT,74.61422729492188,-56.135562896728516,0.27547898105445046,2.8,1.2,4.5,3.0,10.0,0.6,0.01,0.06,0.55,0.16,0.2,0.35,1.5,12,10.0,14.0,0.9,1.2,0.6,0.01,0.06,0.65,0.3,0.72,0.005,0.38,0.22,0.01,0.14,1.0,0.28
lqr,ground_truth,curvy,400.0,0.05,0.1,1.0,41.84309835731983,65.13719940185547,-57.16547775268555,18.522419011754682,0.922025432689761,0.6592307178186136,-0.017272755165171017,0.6592307178186136,0.017272755165171017,-0.006220163777470589,-0.0157621456310153,0.5496359467506409,0.0,19.444444444444443,87,81,5.24431037902832,RoadOption.STRAIGHT,75.44525909423828,-55.88922882080078,0.3008514493918534,2.8,1.2,4.5,3.0,10.0,0.6,0.01,0.06,0.55,0.16,0.2,0.35,1.5,12,10.0,14.0,0.9,1.2,0.6,0.01,0.06,0.65,0.3,0.72,0.005,0.38,0.22,0.01,0.14,1.0,0.28
lqr,ground_truth,curvy,400.0,0.05,0.1,1.0,41.89309835806489,66.0592269897461,-57.06806564331055,18.54894191288317,0.8955025315612737,0.7383343497132626,-0.026425432298149865,0.7383343497132626,0.026425432298149865,0.041995879262685776,0.048216043040156364,0.555474042892456,0.0,19.444444444444443,88,82,5.178938865661621,RoadOption.STRAIGHT,76.269775390625,-55.62189865112305,0.3262241840453653,2.8,1.2,4.5,3.0,10.0,0.6,0.01,0.06,0.55,0.16,0.2,0.35,1.5,12,10.0,14.0,0.9,1.2,0.6,0.01,0.06,0.65,0.3,0.72,0.005,0.38,0.22,0.01,0.14,1.0,0.28
lqr,ground_truth,curvy,400.0,0.05,0.1,1.0,41.94309835880995,66.97988891601562,-56.95502471923828,18.54899154977392,0.8954528946705231,0.8076122943843946,-0.03902692800991625,0.8076122943843946,0.03902692800991625,0.10173682123422623,0.05974094197154045,0.5872121453285217,0.0,19.444444444444443,89,83,5.111747741699219,RoadOption.STRAIGHT,77.08724212646484,-55.33373260498047,0.3515966523827682,2.8,1.2,4.5,3.0,10.0,0.6,0.01,0.06,0.55,0.16,0.2,0.35,1.5,12,10.0,14.0,0.9,1.2,0.6,0.01,0.06,0.65,0.3,0.72,0.005,0.38,0.22,0.01,0.14,1.0,0.28
lqr,ground_truth,curvy,400.0,0.05,0.1,1.0,41.993098359555006,67.89714050292969,-56.8223876953125,18.524441935441036,0.9200025090034067,0.8713019749310584,-0.04871269509172338,0.8713019749310584,0.04871269509172338,0.1347333788871765,0.03299655765295029,0.6314610242843628,0.0,19.444444444444443,90,84,5.044212818145752,RoadOption.STRAIGHT,77.89713287353516,-55.02491760253906,0.37696938703628013,2.8,1.2,4.5,3.0,10.0,0.6,0.01,0.06,0.55,0.16,0.2,0.35,1.5,12,10.0,14.0,0.9,1.2,0.6,0.01,0.06,0.65,0.3,0.72,0.005,0.38,0.22,0.01,0.14,1.0,0.28
lqr,ground_truth,curvy,400.0,0.05,0.1,1.0,42.043098360300064,68.80921173095703,-56.66718673706055,18.491409659518695,0.9530347849257481,0.9326887235306174,-0.052052099361600934,0.9326887235306174,0.052052099361600934,0.1252511888742447,-0.009482190012931824,0.6614596247673035,0.0,19.444444444444443,91,85,4.97744607925415,RoadOption.STRAIGHT,78.69892883300781,-54.69565963745117,0.40234185537368305,2.8,1.2,4.5,3.0,10.0,0.6,0.01,0.06,0.55,0.16,0.2,0.35,1.5,12,10.0,14.0,0.9,1.2,0.6,0.01,0.06,0.65,0.3,0.72,0.005,0.38,0.22,0.01,0.14,1.0,0.28
lqr,ground_truth,curvy,400.0,0.05,0.1,1.0,42.09309836104512,69.71611022949219,-56.48928451538086,18.479479509223253,0.9649649352211895,0.9919419315556629,-0.050516154492411314,0.9919419315556629,0.050516154492411314,0.0892999917268753,-0.035951197147369385,0.643295168876648,0.0,19.444444444444443,92,86,4.910872936248779,RoadOption.STRAIGHT,79.49211120605469,-54.346160888671875,0.427714590027195,2.8,1.2,4.5,3.0,10.0,0.6,0.01,0.06,0.55,0.16,0.2,0.35,1.5,12,10.0,14.0,0.9,1.2,0.6,0.01,0.06,0.65,0.3,0.72,0.005,0.38,0.22,0.01,0.14,1.0,0.28
lqr,ground_truth,curvy,400.0,0.05,0.1,1.0,42.14309836179018,70.61893463134766,-56.29041290283203,18.49363631109435,0.5327013783481185,1.0470370099377222,-0.04814141374838776,1.0470370099377222,0.04814141374838776,0.05577714741230011,-0.033522844314575195,0.0,0.14909544587135315,19.026337689442467,94,87,4.84296989440918,RoadOption.STRAIGHT,81.05061340332031,-53.587379455566406,0.4784597930181098,2.8,1.2,4.5,3.0,10.0,0.6,0.01,0.06,0.55,0.16,0.2,0.35,1.5,12,10.0,14.0,0.9,1.2,0.6,0.01,0.06,0.65,0.3,0.72,0.005,0.38,0.22,0.01,0.14,1.0,0.28
lqr,ground_truth,curvy,400.0,0.05,0.1,1.0,42.19309836253524,71.5180435180664,-56.07294845581055,18.49013442584631,0.0862032635961576,1.2240229243128078,-0.0740070828749162,1.2240229243128078,0.0740070828749162,0.11067889630794525,0.05490174889564514,0.0,0.4340757727622986,18.576337689442468,95,89,5.618043899536133,RoadOption.STRAIGHT,81.81492614746094,-53.1785774230957,0.5038325276716218,2.8,1.2,4.5,3.0,10.0,0.6,0.01,0.06,0.55,0.16,0.2,0.35,1.5,12,10.0,14.0,0.9,1.2,0.6,0.01,0.06,0.65,0.3,0.72,0.005,0.38,0.22,0.01,0.14,1.0,0.28
lqr,ground_truth,curvy,400.0,0.05,0.1,1.0,42.243098363280296,72.4079360961914,-55.83544158935547,18.35148874395548,-0.22515105451300954,1.2669845686049843,-0.07473688888213914,1.2669845686049843,0.07473688888213914,0.1044895276427269,-0.006189368665218353,0.0,0.4588283896446228,18.12633768944247,96,90,5.548714637756348,RoadOption.STRAIGHT,82.56861877441406,-52.750518798828125,0.5292052623251337,2.8,1.2,4.5,3.0,10.0,0.6,0.01,0.06,0.55,0.16,0.2,0.35,1.5,12,10.0,14.0,0.9,1.2,0.6,0.01,0.06,0.65,0.3,0.72,0.005,0.38,0.22,0.01,0.14,1.0,0.28
lqr,ground_truth,curvy,400.0,0.05,0.1,1.0,42.293098364025354,73.2813491821289,-55.57815933227539,18.10466013650748,-0.42832244706501044,1.309355752929911,-0.07370554646049232,1.309355752929911,0.07370554646049232,0.08654431253671646,-0.017945215106010437,0.0,0.4511258900165558,17.67633768944247,97,91,5.488986968994141,RoadOption.STRAIGHT,83.31121826171875,-52.30347442626953,0.5545779969786456,2.8,1.2,4.5,3.0,10.0,0.6,0.01,0.06,0.55,0.16,0.2,0.35,1.5,12,10.0,14.0,0.9,1.2,0.6,0.01,0.06,0.65,0.3,0.72,0.005,0.38,0.22,0.01,0.14,1.0,0.28
lqr,ground_truth,curvy,400.0,0.05,0.1,1.0,42.34309836477041,74.1348876953125,-55.30408477783203,17.80401184424106,-0.57767415479859,1.3505049973226715,-0.07279431260400804,1.3505049973226715,0.07279431260400804,0.07006363570690155,-0.01648067682981491,0.0,0.4764421284198761,17.22633768944247,98,92,5.442193031311035,RoadOption.STRAIGHT,84.04222106933594,-51.83773422241211,0.5799507316321575,2.8,1.2,4.5,3.0,10.0,0.6,0.01,0.06,0.55,0.16,0.2,0.35,1.5,12,10.0,14.0,0.9,1.2,0.6,0.01,0.06,0.65,0.3,0.72,0.005,0.38,0.22,0.01,0.14,1.0,0.28
lqr,ground_truth,curvy,400.0,0.05,0.1,1.0,42.39309836551547,74.96662139892578,-55.01584243774414,17.4659838979218,-0.6896462084793278,1.389888629631431,-0.07361053818860341,1.389888629631431,0.07361053818860341,0.05084233731031418,-0.019221298396587372,0.0,0.4991145730018616,16.77633768944247,99,93,5.410295009613037,RoadOption.STRAIGHT,84.76118469238281,-51.353599548339844,0.6053231999695604,2.8,1.2,4.5,3.0,10.0,0.6,0.01,0.06,0.55,0.16,0.2,0.35,1.5,12,10.0,14.0,0.9,1.2,0.6,0.01,0.06,0.65,0.3,0.72,0.005,0.38,0.22,0.01,0.14,1.0,0.28
lqr,ground_truth,curvy,400.0,0.05,0.1,1.0,42.44309836626053,75.77546691894531,-54.71607208251953,17.104115013917074,-0.7777773244746022,1.4267970281442277,-0.07739925102389122,1.4267970281442277,0.07739925102389122,0.0630641058087349,0.012221768498420715,0.0,0.5237730145454407,16.32633768944247,100,94,5.394545555114746,RoadOption.STRAIGHT,85.4676284790039,-50.851383209228516,0.6306959346230724,2.8,1.2,4.5,3.0,10.0,0.6,0.01,0.06,0.55,0.16,0.2,0.35,1.5,12,10.0,14.0,0.9,1.2,0.6,0.01,0.06,0.65,0.3,0.72,0.005,0.38,0.22,0.01,0.14,1.0,0.28
lqr,ground_truth,curvy,400.0,0.05,0.1,1.0,42.49309836700559,76.56010437011719,-54.40569305419922,16.71980588968194,-0.8434682002394673,1.4623184106814338,-0.08311679156818208,1.4623184106814338,0.08311679156818208,0.06500488519668579,0.0019407793879508972,0.0,0.5366809964179993,15.876337689442472,101,95,5.396199703216553,RoadOption.STRAIGHT,86.16111755371094,-50.33140182495117,0.6560684029604753,2.8,1.2,4.5,3.0,10.0,0.6,0.01,0.06,0.55,0.16,0.2,0.35,1.5,12,10.0,14.0,0.9,1.2,0.6,0.01,0.06,0.65,0.3,0.72,0.005,0.38,0.22,0.01,0.14,1.0,0.28
lqr,ground_truth,curvy,400.0,0.05,0.1,1.0,42.543098367750645,77.31963348388672,-54.08560562133789,16.324963446878826,-0.8986257574363528,1.49747859789142,-0.08966027823504774,1.49747859789142,0.08966027823504774,0.08455626666545868,0.019551381468772888,0.0,0.5575848817825317,15.426337689442473,102,96,5.416115760803223,RoadOption.STRAIGHT,86.84117126464844,-49.79399490356445,0.6814411376139872,2.8,1.2,4.5,3.0,10.0,0.6,0.01,0.06,0.55,0.16,0.2,0.35,1.5,12,10.0,14.0,0.9,1.2,0.6,0.01,0.06,0.65,0.3,0.72,0.005,0.38,0.22,0.01,0.14,1.0,0.28
lqr,ground_truth,curvy,400.0,0.05,0.1,1.0,42.5930983684957,78.05318450927734,-53.75619125366211,15.919119072061434,-0.9427813826189606,1.5338119578406286,-0.0956695680767572,1.5338119578406286,0.0956695680767572,0.07596186548471451,-0.008594401180744171,0.0,0.5713472962379456,14.976337689442474,103,97,5.455026149749756,RoadOption.STRAIGHT,87.50738525390625,-49.2395133972168,0.7068138722674991,2.8,1.2,4.5,3.0,10.0,0.6,0.01,0.06,0.55,0.16,0.2,0.35,1.5,12,10.0,14.0,0.9,1.2,0.6,0.01,0.06,0.65,0.3,0.72,0.005,0.38,0.22,0.01,0.14,1.0,0.28
lqr,ground_truth,curvy,400.0,0.05,0.1,1.0,42.64309836924076,78.76075744628906,-53.41886520385742,15.515610195931176,-0.9892725064887014,1.5715511281041012,-0.1013641055671326,1.5715511281041012,0.1013641055671326,0.08345543593168259,0.007493570446968079,0.0,0.6025392413139343,14.526337689442474,104,98,5.513060569763184,RoadOption.STRAIGHT,88.15930938720703,-48.66830062866211,0.7321863406049021,2.8,1.2,4.5,3.0,10.0,0.6,0.01,0.06,0.55,0.16,0.2,0.35,1.5,12,10.0,14.0,0.9,1.2,0.6,0.01,0.06,0.65,0.3,0.72,0.005,0.38,0.22,0.01,0.14,1.0,0.28
lqr,ground_truth,curvy,400.0,0.05,0.1,1.0,42.69309836998582,79.44243621826172,-53.07472610473633,15.109694121566497,-1.0333564321240214,1.6112024194101586,-0.10687631639137862,1.6112024194101586,0.10687631639137862,0.06585537642240524,-0.017600059509277344,0.0,0.6266176104545593,14.076337689442475,105,99,5.590292453765869,RoadOption.STRAIGHT,88.79653930664062,-48.08073806762695,0.757559075258414,2.8,1.2,4.5,3.0,10.0,0.6,0.01,0.06,0.55,0.16,0.2,0.35,1.5,12,10.0,14.0,0.9,1.2,0.6,0.01,0.06,0.65,0.3,0.72,0.005,0.38,0.22,0.01,0.14,1.0,0.28
lqr,ground_truth,curvy,400.0,0.05,0.1,1.0,42.74309837073088,80.09891510009766,-52.7256965637207,14.710053622283853,-1.0632952835944618,1.6522396868974434,-0.11329902870280906,1.6522396868974434,0.11329902870280906,0.07368060201406479,0.007825225591659546,0.0,0.6281384825706482,13.646758338689391,106,100,5.686487674713135,RoadOption.STRAIGHT,89.41865539550781,-47.477195739746094,0.782931543595817,2.8,1.2,4.5,3.0,10.0,0.6,0.01,0.06,0.55,0.16,0.2,0.35,1.5,12,10.0,14.0,0.9,1.2,0.6,0.01,0.06,0.65,0.3,0.72,0.005,0.38,0.22,0.01,0.14,1.0,0.28
lqr,ground_truth,curvy,400.0,0.05,0.1,1.0,42.793098371475935,80.73057556152344,-52.37277603149414,14.312377881834951,-1.0464770190972263,1.6950861529420058,-0.12055474451370296,1.6950861529420058,0.12055474451370296,0.060661621391773224,-0.013018980622291565,0.0,0.5624622106552124,13.265900862737725,107,101,5.801551342010498,RoadOption.STRAIGHT,90.02526092529297,-46.85806655883789,0.8083042782493288,2.8,1.2,4.5,3.0,10.0,0.6,0.01,0.06,0.55,0.16,0.2,0.35,1.5,12,10.0,14.0,0.9,1.2,0.6,0.01,0.06,0.65,0.3,0.72,0.005,0.38,0.22,0.01,0.14,1.0,0.28
lqr,ground_truth,curvy,400.0,0.05,0.1,1.0,42.84309837222099,81.33836364746094,-52.017333984375,13.930109014331869,-1.0589850532974125,1.7394985543836237,-0.12904952931126923,1.7394985543836237,0.12904952931126923,0.07443685829639435,0.013775236904621124,0.0,0.6056880950927734,12.871123961034456,107,102,5.93499231338501,RoadOption.STRAIGHT,90.02526092529297,-46.85806655883789,0.8083042782493288,2.8,1.2,4.5,3.0,10.0,0.6,0.01,0.06,0.55,0.16,0.2,0.35,1.5,12,10.0,14.0,0.9,1.2,0.6,0.01,0.06,0.65,0.3,0.72,0.005,0.38,0.22,0.01,0.14,1.0,0.28
lqr,ground_truth,curvy,400.0,0.05,0.1,1.0,42.89309837296605,81.92269134521484,-51.65978240966797,13.548432902932547,-0.5023089418980895,1.6491210210335194,-0.11264279252069986,1.6491210210335194,0.11264279252069986,0.03353382647037506,-0.04090303182601929,0.41108739376068115,0.0,13.046123961034457,108,102,5.260476589202881,RoadOption.STRAIGHT,90.61595916748047,-46.2237434387207,0.8336770129028408,2.8,1.2,4.5,3.0,10.0,0.6,0.01,0.06,0.55,0.16,0.2,0.35,1.5,12,10.0,14.0,0.9,1.2,0.6,0.01,0.06,0.65,0.3,0.72,0.005,0.38,0.22,0.01,0.14,1.0,0.28
lqr,ground_truth,curvy,400.0,0.05,0.1,1.0,42.94309837371111,82.48619842529297,-51.30275344848633,13.21716771951249,0.003956241521967385,1.6918705352651455,-0.12431156599493676,1.6918705352651455,0.12431156599493676,0.05698776990175247,0.02345394343137741,0.6543553471565247,0.0,13.221123961034458,109,103,5.428561687469482,RoadOption.STRAIGHT,91.19037628173828,-45.57463836669922,0.8590494812402437,2.8,1.2,4.5,3.0,10.0,0.6,0.01,0.06,0.55,0.16,0.2,0.35,1.5,12,10.0,14.0,0.9,1.2,0.6,0.01,0.06,0.65,0.3,0.72,0.005,0.38,0.22,0.01,0.14,1.0,0.28
lqr,ground_truth,curvy,400.0,0.05,0.1,1.0,42.99309837445617,83.0326919555664,-50.94403076171875,12.990803102847144,-0.07645520424642882,1.7346358614074195,-0.1374147846113174,1.7346358614074195,0.1374147846113174,0.06786570698022842,0.010877937078475952,0.0,0.09794167429208755,12.914347898600715,110,104,5.609024524688721,RoadOption.STRAIGHT,91.7481460571289,-44.911170959472656,0.8844222158937556,2.8,1.2,4.5,3.0,10.0,0.6,0.01,0.06,0.55,0.16,0.2,0.35,1.5,12,10.0,14.0,0.9,1.2,0.6,0.01,0.06,0.65,0.3,0.72,0.005,0.38,0.22,0.01,0.14,1.0,0.28
lqr,ground_truth,curvy,400.0,0.05,0.1,1.0,43.043098375201225,83.56513214111328,-50.58070755004883,12.826479193827929,-0.30199579920966,1.7784956181054448,-0.14981399659353567,1.7784956181054448,0.14981399659353567,0.08982257544994354,0.02195686846971512,0.0,0.4075720012187958,12.524483394618269,111,105,5.798057556152344,RoadOption.STRAIGHT,92.28890228271484,-44.23377227783203,0.909794817389213,2.8,1.2,4.5,3.0,10.0,0.6,0.01,0.06,0.55,0.16,0.2,0.35,1.5,12,10.0,14.0,0.9,1.2,0.6,0.01,0.06,0.65,0.3,0.72,0.005,0.38,0.22,0.01,0.14,1.0,0.28
lqr,ground_truth,curvy,400.0,0.05,0.1,1.0,43.09309837594628,84.08299255371094,-50.21253204345703,12.619954681562248,-0.5055174040416297,1.8246258062789302,-0.16015871295281192,1.8246258062789302,0.16015871295281192,0.10054785758256912,0.01072528213262558,0.0,0.5035149455070496,12.114437277520619,111,106,5.995945930480957,RoadOption.STRAIGHT,92.28890228271484,-44.23377227783203,0.909794817389213,2.8,1.2,4.5,3.0,10.0,0.6,0.01,0.06,0.55,0.16,0.2,0.35,1.5,12,10.0,14.0,0.9,1.2,0.6,0.01,0.06,0.65,0.3,0.72,0.005,0.38,0.22,0.01,0.14,1.0,0.28
lqr,ground_truth,curvy,400.0,0.05,0.1,1.0,43.14309837669134,84.58333587646484,-49.841434478759766,12.349759427208252,-0.060322149687632276,1.7347554662611633,-0.1428136113521532,1.7347554662611633,0.1428136113521532,0.05562017858028412,-0.044927679002285004,0.5420323014259338,0.0,12.28943727752062,112,106,5.382373809814453,RoadOption.STRAIGHT,92.81228637695312,-43.54286575317383,0.935167552042725,2.8,1.2,4.5,3.0,10.0,0.6,0.01,0.06,0.55,0.16,0.2,0.35,1.5,12,10.0,14.0,0.9,1.2,0.6,0.01,0.06,0.65,0.3,0.72,0.005,0.38,0.22,0.01,0.14,1.0,0.28
lqr,ground_truth,curvy,400.0,0.05,0.1,1.0,43.1930983774364,85.0677490234375,-49.470985412597656,12.108217616833604,0.3562196606870156,1.7800507943138428,-0.15243967369127187,1.7800507943138428,0.15243967369127187,0.06350637227296829,0.007886193692684174,0.7577513456344604,0.0,12.46443727752062,113,107,5.603951454162598,RoadOption.STRAIGHT,93.3179931640625,-42.838905334472656,0.9605401535381823,2.8,1.2,4.5,3.0,10.0,0.6,0.01,0.06,0.55,0.16,0.2,0.35,1.5,12,10.0,14.0,0.9,1.2,0.6,0.01,0.06,0.65,0.3,0.72,0.005,0.38,0.22,0.01,0.14,1.0,0.28
lqr,ground_truth,curvy,400.0,0.05,0.1,1.0,43.24309837818146,85.53942108154297,-49.099735260009766,11.946265075170338,0.15961467660246065,1.8255885279255601,-0.16389965533604656,1.8255885279255601,0.16389965533604656,0.07971138507127762,0.016205012798309326,0.0,0.09590799361467361,12.105879751772799,114,108,5.834601402282715,RoadOption.STRAIGHT,93.8056640625,-42.12234115600586,0.9859128881916943,2.8,1.2,4.5,3.0,10.0,0.6,0.01,0.06,0.55,0.16,0.2,0.35,1.5,12,10.0,14.0,0.9,1.2,0.6,0.01,0.06,0.65,0.3,0.72,0.005,0.38,0.22,0.01,0.14,1.0,0.28
lqr,ground_truth,curvy,400.0,0.05,0.1,1.0,43.293098378926516,85.99974060058594,-48.72468185424805,11.829416240486905,-0.14487663993437216,1.87298929493784,-0.17499518338564357,1.87298929493784,0.17499518338564357,0.07573667913675308,-0.003974705934524536,0.0,0.40813881158828735,11.684539600552533,114,109,6.071694850921631,RoadOption.STRAIGHT,93.8056640625,-42.12234115600586,0.9859128881916943,2.8,1.2,4.5,3.0,10.0,0.6,0.01,0.06,0.55,0.16,0.2,0.35,1.5,12,10.0,14.0,0.9,1.2,0.6,0.01,0.06,0.65,0.3,0.72,0.005,0.38,0.22,0.01,0.14,1.0,0.28
lqr,ground_truth,curvy,400.0,0.05,0.1,1.0,43.343098379671574,86.4486083984375,-48.346736907958984,11.664796778335319,0.19474282221721495,1.7799542760659648,-0.16027895467602926,1.7799542760659648,0.16027895467602926,0.06911159306764603,-0.006625086069107056,0.5686631798744202,0.0,11.859539600552534,115,109,5.492621898651123,RoadOption.STRAIGHT,94.2750015258789,-41.39363479614258,1.0112856228452063,2.8,1.2,4.5,3.0,10.0,0.6,0.01,0.06,0.55,0.16,0.2,0.35,1.5,12,10.0,14.0,0.9,1.2,0.6,0.01,0.06,0.65,0.3,0.72,0.005,0.38,0.22,0.01,0.14,1.0,0.28
lqr,ground_truth,curvy,400.0,0.05,0.1,1.0,43.39309838041663,86.88495635986328,-47.96853256225586,11.481395373290145,0.5531442272623899,1.8243535013754302,-0.17162315539241213,1.8243535013754302,0.17162315539241213,0.08283092826604843,0.013719335198402405,0.8065189123153687,0.0,12.034539600552534,116,110,5.7443952560424805,RoadOption.STRAIGHT,94.7257080078125,-40.65325927734375,1.036658091182609,2.8,1.2,4.5,3.0,10.0,0.6,0.01,0.06,0.55,0.16,0.2,0.35,1.5,12,10.0,14.0,0.9,1.2,0.6,0.01,0.06,0.65,0.3,0.72,0.005,0.38,0.22,0.01,0.14,1.0,0.28
lqr,ground_truth,curvy,400.0,0.05,0.1,1.0,43.44309838116169,87.309814453125,-47.58867263793945,11.351569574889673,0.3525895225565918,1.8707821015372952,-0.18248925211409928,1.8707821015372952,0.18248925211409928,0.09373410046100616,0.010903172194957733,0.015615046955645084,0.0,11.704159097446265,116,111,6.0038886070251465,RoadOption.STRAIGHT,94.7257080078125,-40.65325927734375,1.036658091182609,2.8,1.2,4.5,3.0,10.0,0.6,0.01,0.06,0.55,0.16,0.2,0.35,1.5,12,10.0,14.0,0.9,1.2,0.6,0.01,0.06,0.65,0.3,0.72,0.005,0.38,0.22,0.01,0.14,1.0,0.28
lqr,ground_truth,curvy,400.0,0.05,0.1,1.0,43.49309838190675,87.72427368164062,-47.20498275756836,11.26312734488194,0.6160317525643251,1.7791673734963755,-0.1666857213104329,1.7791673734963755,0.1666857213104329,0.06317727267742157,-0.030556827783584595,0.7307847142219543,0.0,11.879159097446266,117,111,5.446460247039795,RoadOption.STRAIGHT,95.15748596191406,-39.90167999267578,1.062030825836121,2.8,1.2,4.5,3.0,10.0,0.6,0.01,0.06,0.55,0.16,0.2,0.35,1.5,12,10.0,14.0,0.9,1.2,0.6,0.01,0.06,0.65,0.3,0.72,0.005,0.38,0.22,0.01,0.14,1.0,0.28
lqr,ground_truth,curvy,400.0,0.05,0.1,1.0,43.543098382651806,88.13027954101562,-46.81889724731445,11.168729616541281,0.8854294809049854,1.8226779793721912,-0.1771358322698493,1.8226779793721912,0.1771358322698493,0.07328714430332184,0.010109871625900269,0.9000126719474792,0.0,12.054159097446266,118,112,5.714330673217773,RoadOption.STRAIGHT,95.57005310058594,-39.13939666748047,1.0874032941735239,2.8,1.2,4.5,3.0,10.0,0.6,0.01,0.06,0.55,0.16,0.2,0.35,1.5,12,10.0,14.0,0.9,1.2,0.6,0.01,0.06,0.65,0.3,0.72,0.005,0.38,0.22,0.01,0.14,1.0,0.28
lqr,ground_truth,curvy,400.0,0.05,0.1,1.0,43.593098383396864,88.52806091308594,-46.43030548095703,11.098304933108675,0.6376497147805562,1.8672051021124614,-0.1884805656184505,1.8672051021124614,0.1884805656184505,0.08807574212551117,0.014788597822189331,0.13105064630508423,0.0,11.735954647889232,118,113,5.986786365509033,RoadOption.STRAIGHT,95.57005310058594,-39.13939666748047,1.0874032941735239,2.8,1.2,4.5,3.0,10.0,0.6,0.01,0.06,0.55,0.16,0.2,0.35,1.5,12,10.0,14.0,0.9,1.2,0.6,0.01,0.06,0.65,0.3,0.72,0.005,0.38,0.22,0.01,0.14,1.0,0.28
lqr,ground_truth,curvy,400.0,0.05,0.1,1.0,43.64309838414192,88.91787719726562,-46.036903381347656,11.065131510653394,0.845823137235838,1.77320003237187,-0.17358490643039204,1.77320003237187,0.17358490643039204,0.08313444256782532,-0.004941299557685852,0.803521454334259,0.0,11.910954647889232,119,113,5.439505100250244,RoadOption.STRAIGHT,95.96314239501953,-38.36688995361328,1.1127760288270359,2.8,1.2,4.5,3.0,10.0,0.6,0.01,0.06,0.55,0.16,0.2,0.35,1.5,12,10.0,14.0,0.9,1.2,0.6,0.01,0.06,0.65,0.3,0.72,0.005,0.38,0.22,0.01,0.14,1.0,0.28
lqr,ground_truth,curvy,400.0,0.05,0.1,1.0,43.69309838488698,89.29999542236328,-45.63863754272461,11.023132350675349,1.0628222972138843,1.81536541199154,-0.18356170708507413,1.81536541199154,0.18356170708507413,0.09110427647829056,0.00796983391046524,0.9448432326316833,0.0,12.085954647889233,120,114,5.715364933013916,RoadOption.STRAIGHT,96.33650970458984,-37.584659576416016,1.1381487634805478,2.8,1.2,4.5,3.0,10.0,0.6,0.01,0.06,0.55,0.16,0.2,0.35,1.5,12,10.0,14.0,0.9,1.2,0.6,0.01,0.06,0.65,0.3,0.72,0.005,0.38,0.22,0.01,0.14,1.0,0.28
lqr,ground_truth,curvy,400.0,0.05,0.1,1.0,43.74309838563204,89.67435455322266,-45.2353401184082,11.003281861622092,0.7962830350622561,1.8600489491230108,-0.19292311779086635,1.8600489491230108,0.19292311779086635,0.09716909378767014,0.006064817309379578,0.20507170259952545,0.0,11.799564896684348,120,115,5.993718147277832,RoadOption.STRAIGHT,96.33650970458984,-37.584659576416016,1.1381487634805478,2.8,1.2,4.5,3.0,10.0,0.6,0.01,0.06,0.55,0.16,0.2,0.35,1.5,12,10.0,14.0,0.9,1.2,0.6,0.01,0.06,0.65,0.3,0.72,0.005,0.38,0.22,0.01,0.14,1.0,0.28
lqr,ground_truth,curvy,400.0,0.05,0.1,1.0,43.793098386377096,90.04180145263672,-44.8250732421875,11.0275565038516,0.9470083928327497,1.7663902170831423,-0.17604260464237154,1.7663902170831423,0.17604260464237154,0.08530338108539581,-0.011865712702274323,0.7966979742050171,0.0,11.974564896684349,121,115,5.449289321899414,RoadOption.STRAIGHT,96.68991088867188,-36.793209075927734,1.1635213649760052,2.8,1.2,4.5,3.0,10.0,0.6,0.01,0.06,0.55,0.16,0.2,0.35,1.5,12,10.0,14.0,0.9,1.2,0.6,0.01,0.06,0.65,0.3,0.72,0.005,0.38,0.22,0.01,0.14,1.0,0.28
lqr,ground_truth,curvy,400.0,0.05,0.1,1.0,43.843098387122154,90.40311431884766,-44.40816879272461,11.040374631279072,1.109190265405278,1.8088669919359643,-0.18460686465487575,1.8088669919359643,0.18460686465487575,0.08918581157922745,0.0038824304938316345,0.9083095192909241,0.0,12.14956489668435,122,116,5.725745677947998,RoadOption.STRAIGHT,97.02312469482422,-35.9930419921875,1.1888940996295172,2.8,1.2,4.5,3.0,10.0,0.6,0.01,0.06,0.55,0.16,0.2,0.35,1.5,12,10.0,14.0,0.9,1.2,0.6,0.01,0.06,0.65,0.3,0.72,0.005,0.38,0.22,0.01,0.14,1.0,0.28
lqr,ground_truth,curvy,400.0,0.05,0.1,1.0,43.89309838786721,90.75833892822266,-43.984519958496094,11.079015065132271,0.7811586637835575,1.8532304554969692,-0.19340368520957085,1.8532304554969692,0.19340368520957085,0.09573224931955338,0.006546437740325928,0.12362495064735413,0.0,11.860173728915829,122,117,6.001840114593506,RoadOption.STRAIGHT,97.02312469482422,-35.9930419921875,1.1888940996295172,2.8,1.2,4.5,3.0,10.0,0.6,0.01,0.06,0.55,0.16,0.2,0.35,1.5,12,10.0,14.0,0.9,1.2,0.6,0.01,0.06,0.65,0.3,0.72,0.005,0.38,0.22,0.01,0.14,1.0,0.28
lqr,ground_truth,curvy,400.0,0.05,0.1,1.0,43.94309838861227,91.10820007324219,-43.55198669433594,11.162658519963182,0.8725152089526471,1.7583671751129477,-0.17629334125900264,1.7583671751129477,0.17629334125900264,0.0852590873837471,-0.010473161935806274,0.6821408867835999,0.0,12.03517372891583,123,117,5.451739311218262,RoadOption.STRAIGHT,97.33592987060547,-35.18468475341797,1.2142667011249746,2.8,1.2,4.5,3.0,10.0,0.6,0.01,0.06,0.55,0.16,0.2,0.35,1.5,12,10.0,14.0,0.9,1.2,0.6,0.01,0.06,0.65,0.3,0.72,0.005,0.38,0.22,0.01,0.14,1.0,0.28
lqr,ground_truth,curvy,400.0,0.05,0.1,1.0,43.99309838935733,91.45323944091797,-43.11061096191406,11.235244660570576,0.9749290683452543,1.79935619112737,-0.18481459121990174,1.79935619112737,0.18481459121990174,0.09174995869398117,0.00649087131023407,0.7573454976081848,0.0,12.21017372891583,124,118,5.72002649307251,RoadOption.STRAIGHT,97.62812805175781,-34.36865234375,1.239639302620432,2.8,1.2,4.5,3.0,10.0,0.6,0.01,0.06,0.55,0.16,0.2,0.35,1.5,12,10.0,14.0,0.9,1.2,0.6,0.01,0.06,0.65,0.3,0.72,0.005,0.38,0.22,0.01,0.14,1.0,0.28
lqr,ground_truth,curvy,400.0,0.05,0.1,1.0,44.04309839010239,91.79325103759766,-42.66034698486328,11.325102668364142,0.6380356362564541,1.8416469407301828,-0.19324542686179313,1.8416469407301828,0.19324542686179313,0.09888625144958496,0.00713629275560379,0.028359681367874146,0.0,11.963138304620596,124,119,5.985129356384277,RoadOption.STRAIGHT,97.62812805175781,-34.36865234375,1.239639302620432,2.8,1.2,4.5,3.0,10.0,0.6,0.01,0.06,0.55,0.16,0.2,0.35,1.5,12,10.0,14.0,0.9,1.2,0.6,0.01,0.06,0.65,0.3,0.72,0.005,0.38,0.22,0.01,0.14,1.0,0.28
lqr,ground_truth,curvy,400.0,0.05,0.1,1.0,44.093098390847445,92.12796020507812,-42.19982147216797,11.425919229353395,0.7122190752672015,1.745068467770473,-0.17559965437406433,1.745068467770473,0.17559965437406433,0.08849895000457764,-0.010387301445007324,0.566351592540741,0.0,12.138138304620597,125,119,5.422175884246826,RoadOption.STRAIGHT,97.89952087402344,-33.54546356201172,1.2650119041158894,2.8,1.2,4.5,3.0,10.0,0.6,0.01,0.06,0.55,0.16,0.2,0.35,1.5,12,10.0,14.0,0.9,1.2,0.6,0.01,0.06,0.65,0.3,0.72,0.005,0.38,0.22,0.01,0.14,1.0,0.28
lqr,ground_truth,curvy,400.0,0.05,0.1,1.0,44.1430983915925,92.45680236816406,-41.73076629638672,11.477555556107717,0.8355827485128806,1.7838641757078333,-0.1832834733301878,1.7838641757078333,0.1832834733301878,0.09322832524776459,0.004729375243186951,0.6993860602378845,0.0,12.313138304620598,126,120,5.6782331466674805,RoadOption.STRAIGHT,98.14994812011719,-32.71565628051758,1.2903845056113468,2.8,1.2,4.5,3.0,10.0,0.6,0.01,0.06,0.55,0.16,0.2,0.35,1.5,12,10.0,14.0,0.9,1.2,0.6,0.01,0.06,0.65,0.3,0.72,0.005,0.38,0.22,0.01,0.14,1.0,0.28
lqr,ground_truth,curvy,400.0,0.05,0.1,1.0,44.19309839233756,92.77892303466797,-41.25420379638672,11.53079676379618,0.5888064188007629,1.8240446419578438,-0.19102754630597474,1.8240446419578438,0.19102754630597474,0.09974811971187592,0.006519794464111328,0.10715225338935852,0.0,12.119603182596943,126,121,5.932647228240967,RoadOption.STRAIGHT,98.14994812011719,-32.71565628051758,1.2903845056113468,2.8,1.2,4.5,3.0,10.0,0.6,0.01,0.06,0.55,0.16,0.2,0.35,1.5,12,10.0,14.0,0.9,1.2,0.6,0.01,0.06,0.65,0.3,0.72,0.005,0.38,0.22,0.01,0.14,1.0,0.28
lqr,ground_truth,curvy,400.0,0.05,0.1,1.0,44.24309839308262,93.09394073486328,-40.769203186035156,11.590673030806801,0.7039301517901428,1.7269071851159323,-0.1727252380305142,1.7269071851159323,0.1727252380305142,0.08731766790151596,-0.012430451810359955,0.6105065941810608,0.0,12.294603182596944,127,121,5.360926628112793,RoadOption.STRAIGHT,98.3792495727539,-31.8797664642334,1.3157571071068044,2.8,1.2,4.5,3.0,10.0,0.6,0.01,0.06,0.55,0.16,0.2,0.35,1.5,12,10.0,14.0,0.9,1.2,0.6,0.01,0.06,0.65,0.3,0.72,0.005,0.38,0.22,0.01,0.14,1.0,0.28
lqr,ground_truth,curvy,400.0,0.05,0.1,1.0,44.29309839382768,93.40148162841797,-40.27743911743164,11.607048499636223,0.862554682960722,1.7639941803743138,-0.18009793319228962,1.7639941803743138,0.18009793319228962,0.09230613708496094,0.004988469183444977,0.7578822374343872,0.0,12.469603182596945,128,122,5.610023021697998,RoadOption.STRAIGHT,98.5872573852539,-31.038328170776367,1.3411299749183707,2.8,1.2,4.5,3.0,10.0,0.6,0.01,0.06,0.55,0.16,0.2,0.35,1.5,12,10.0,14.0,0.9,1.2,0.6,0.01,0.06,0.65,0.3,0.72,0.005,0.38,0.22,0.01,0.14,1.0,0.28
lqr,ground_truth,curvy,400.0,0.05,0.1,1.0,44.343098394572735,93.70084381103516,-39.779972076416016,11.625241284798646,0.6847812078928026,1.802622469572212,-0.18762229537814523,1.802622469572212,0.18762229537814523,0.09857852011919022,0.0062723830342292786,0.24754054844379425,0.0,12.310022492691449,128,123,5.859225273132324,RoadOption.STRAIGHT,98.5872573852539,-31.038328170776367,1.3411299749183707,2.8,1.2,4.5,3.0,10.0,0.6,0.01,0.06,0.55,0.16,0.2,0.35,1.5,12,10.0,14.0,0.9,1.2,0.6,0.01,0.06,0.65,0.3,0.72,0.005,0.38,0.22,0.01,0.14,1.0,0.28
lqr,ground_truth,curvy,400.0,0.05,0.1,1.0,44.39309839531779,93.9918441772461,-39.275352478027344,11.670129167325912,0.8148933253655368,1.7060464918354092,-0.16930993366956937,1.7060464918354092,0.16930993366956937,0.08616554737091064,-0.012412972748279572,0.6950705647468567,0.0,12.48502249269145,129,123,5.283604621887207,RoadOption.STRAIGHT,98.77385711669922,-30.19188117980957,1.366502576413828,2.8,1.2,4.5,3.0,10.0,0.6,0.01,0.06,0.55,0.16,0.2,0.35,1.5,12,10.0,14.0,0.9,1.2,0.6,0.01,0.06,0.65,0.3,0.72,0.005,0.38,0.22,0.01,0.14,1.0,0.28
lqr,ground_truth,curvy,400.0,0.05,0.1,1.0,44.44309839606285,94.2747573852539,-38.76455307006836,11.685517531851854,0.9745049608395959,1.7418995010072236,-0.176662521965115,1.7418995010072236,0.176662521965115,0.09136192500591278,0.005196377635002136,0.8262369632720947,0.0,12.66002249269145,130,124,5.528927803039551,RoadOption.STRAIGHT,98.93892669677734,-29.340972900390625,1.3918751779092855,2.8,1.2,4.5,3.0,10.0,0.6,0.01,0.06,0.55,0.16,0.2,0.35,1.5,12,10.0,14.0,0.9,1.2,0.6,0.01,0.06,0.65,0.3,0.72,0.005,0.38,0.22,0.01,0.14,1.0,0.28
lqr,ground_truth,curvy,400.0,0.05,0.1,1.0,44.49309839680791,94.54917907714844,-38.24803161621094,11.716480843839213,0.8012442694944379,1.7792559247499642,-0.18428129321161357,1.7792559247499642,0.18428129321161357,0.09870786219835281,0.007345937192440033,0.32283374667167664,0.0,12.51772511333365,131,125,5.773988246917725,RoadOption.STRAIGHT,99.08235168457031,-28.48615074157715,1.417247779404743,2.8,1.2,4.5,3.0,10.0,0.6,0.01,0.06,0.55,0.16,0.2,0.35,1.5,12,10.0,14.0,0.9,1.2,0.6,0.01,0.06,0.65,0.3,0.72,0.005,0.38,0.22,0.01,0.14,1.0,0.28
lqr,ground_truth,curvy,400.0,0.05,0.1,1.0,44.54309839755297,94.81504821777344,-37.72397994995117,11.780641411346526,0.38750751451996024,1.8185832458400202,-0.1912811458207777,1.8185832458400202,0.1912811458207777,0.12113946676254272,0.02243160456418991,0.0,0.2139796018600464,12.168148925866486,131,126,6.017048358917236,RoadOption.STRAIGHT,99.08235168457031,-28.48615074157715,1.417247779404743,2.8,1.2,4.5,3.0,10.0,0.6,0.01,0.06,0.55,0.16,0.2,0.35,1.5,12,10.0,14.0,0.9,1.2,0.6,0.01,0.06,0.65,0.3,0.72,0.005,0.38,0.22,0.01,0.14,1.0,0.28
lqr,ground_truth,curvy,400.0,0.05,0.1,1.0,44.593098398298025,95.07003021240234,-37.19300079345703,11.770142154584358,0.5730067712821292,1.7205096825186437,-0.17098958936908248,1.7205096825186437,0.17098958936908248,0.09827690571546555,-0.02286256104707718,0.6164031624794006,0.0,12.343148925866487,132,126,5.434382438659668,RoadOption.STRAIGHT,99.20404052734375,-27.627965927124023,1.4426203809002005,2.8,1.2,4.5,3.0,10.0,0.6,0.01,0.06,0.55,0.16,0.2,0.35,1.5,12,10.0,14.0,0.9,1.2,0.6,0.01,0.06,0.65,0.3,0.72,0.005,0.38,0.22,0.01,0.14,1.0,0.28
lqr,ground_truth,curvy,400.0,0.05,0.1,1.0,44.64309839904308,95.3134536743164,-36.65973663330078,11.698214760504191,0.8199341653622962,1.7607208963916092,-0.175808046729363,1.7607208963916092,0.175808046729363,0.0920683816075325,-0.006208524107933044,0.8382733464241028,0.0,12.518148925866488,133,127,5.678663730621338,RoadOption.STRAIGHT,99.30391693115234,-26.766969680786133,1.4679931155537123,2.8,1.2,4.5,3.0,10.0,0.6,0.01,0.06,0.55,0.16,0.2,0.35,1.5,12,10.0,14.0,0.9,1.2,0.6,0.01,0.06,0.65,0.3,0.72,0.005,0.38,0.22,0.01,0.14,1.0,0.28
lqr,ground_truth,curvy,400.0,0.05,0.1,1.0,44.69309839978814,95.54594421386719,-36.12549591064453,11.63143729597199,0.6721325635468869,1.8033483908041263,-0.18170095643143558,1.8033483908041263,0.18170095643143558,0.0917549729347229,-0.00031340867280960083,0.2759176194667816,0.0,12.303569859518877,133,128,5.9269609451293945,RoadOption.STRAIGHT,99.30391693115234,-26.766969680786133,1.4679931155537123,2.8,1.2,4.5,3.0,10.0,0.6,0.01,0.06,0.55,0.16,0.2,0.35,1.5,12,10.0,14.0,0.9,1.2,0.6,0.01,0.06,0.65,0.3,0.72,0.005,0.38,0.22,0.01,0.14,1.0,0.28
lqr,ground_truth,curvy,400.0,0.05,0.1,1.0,44.7430984005332,95.76773834228516,-35.58952331542969,11.584920511402519,0.8936493481163588,1.7093936237964407,-0.1629662839530006,1.7093936237964407,0.1629662839530006,0.07535699009895325,-0.016397982835769653,0.8520097732543945,0.0,12.478569859518878,134,128,5.353790283203125,RoadOption.STRAIGHT,99.38192749023438,-25.903717041015625,1.4933657170491699,2.8,1.2,4.5,3.0,10.0,0.6,0.01,0.06,0.55,0.16,0.2,0.35,1.5,12,10.0,14.0,0.9,1.2,0.6,0.01,0.06,0.65,0.3,0.72,0.005,0.38,0.22,0.01,0.14,1.0,0.28
lqr,ground_truth,curvy,400.0,0.05,0.1,1.0,44.79309840127826,95.9798812866211,-35.05220413208008,11.538184415213308,1.11538544430557,1.7498325652273468,-0.17113712849347262,1.7498325652273468,0.17113712849347262,0.0837123766541481,0.008355386555194855,0.9853146076202393,0.0,12.653569859518878,135,129,5.606161117553711,RoadOption.STRAIGHT,99.43800354003906,-25.038761138916016,1.5187384517026816,2.8,1.2,4.5,3.0,10.0,0.6,0.01,0.06,0.55,0.16,0.2,0.35,1.5,12,10.0,14.0,0.9,1.2,0.6,0.01,0.06,0.65,0.3,0.72,0.005,0.38,0.22,0.01,0.14,1.0,0.28
lqr,ground_truth,curvy,400.0,0.05,0.1,1.0,44.843098402023315,96.1824951171875,-34.51279067993164,11.526807611614078,0.8775450775778744,1.7920103224659054,-0.18002609442188477,1.7920103224659054,0.18002609442188477,0.09467794746160507,0.01096557080745697,0.2911185920238495,0.0,12.404352689191953,135,130,5.860513687133789,RoadOption.STRAIGHT,99.43800354003906,-25.038761138916016,1.5187384517026816,2.8,1.2,4.5,3.0,10.0,0.6,0.01,0.06,0.55,0.16,0.2,0.35,1.5,12,10.0,14.0,0.9,1.2,0.6,0.01,0.06,0.65,0.3,0.72,0.005,0.38,0.22,0.01,0.14,1.0,0.28
lqr,ground_truth,curvy,400.0,0.05,0.1,1.0,44.89309840276837,96.3753890991211,-33.9684944152832,11.56997272570974,1.009379963482214,1.699062992732208,-0.16297200974934434,1.699062992732208,0.16297200974934434,0.0832313746213913,-0.011446572840213776,0.8138298392295837,0.0,12.579352689191953,136,130,5.290149688720703,RoadOption.STRAIGHT,99.47212219238281,-24.172664642333984,1.544111053198139,2.8,1.2,4.5,3.0,10.0,0.6,0.01,0.06,0.55,0.16,0.2,0.35,1.5,12,10.0,14.0,0.9,1.2,0.6,0.01,0.06,0.65,0.3,0.72,0.005,0.38,0.22,0.01,0.14,1.0,0.28
lqr,ground_truth,curvy,400.0,0.05,0.1,1.0,44.94309840351343,96.5594711303711,-33.418983459472656,11.607444289824032,1.1469083993679217,1.7387413010560175,-0.17131529397039902,1.7387413010560175,0.17131529397039902,0.0907454788684845,0.007514104247093201,0.9031791687011719,0.0,12.754352689191954,137,131,5.540556907653809,RoadOption.STRAIGHT,99.48426055908203,-23.305978775024414,1.5694836546935966,2.8,1.2,4.5,3.0,10.0,0.6,0.01,0.06,0.55,0.16,0.2,0.35,1.5,12,10.0,14.0,0.9,1.2,0.6,0.01,0.06,0.65,0.3,0.72,0.005,0.38,0.22,0.01,0.14,1.0,0.28
lqr,ground_truth,curvy,400.0,0.05,0.1,1.0,44.99309840425849,96.73469543457031,-32.86387252807617,11.676552635365548,0.8362724990371202,1.7798071723796998,-0.1796069128663067,1.7798071723796998,0.1796069128663067,0.09924545139074326,0.008499972522258759,0.17900042235851288,0.0,12.512825134402668,138,132,5.7889885902404785,RoadOption.STRAIGHT,99.47518920898438,-22.386852264404297,7.868063897186604,2.8,1.2,4.5,3.0,10.0,0.6,0.01,0.06,0.55,0.16,0.2,0.35,1.5,12,10.0,14.0,0.9,1.2,0.6,0.01,0.06,0.65,0.3,0.72,0.005,0.38,0.22,0.01,0.14,1.0,0.28
lqr,ground_truth,curvy,400.0,0.05,0.1,1.0,45.04309840500355,96.90074920654297,-32.30078887939453,11.787525747182464,0.34503325690420183,1.8225871120402501,-0.18691502637164703,1.8225871120402501,0.18691502637164703,0.10397502779960632,0.004729576408863068,0.0,0.33246713876724243,12.132559004086666,138,133,6.033106327056885,RoadOption.STRAIGHT,99.47518920898438,-22.386852264404297,7.868063897186604,2.8,1.2,4.5,3.0,10.0,0.6,0.01,0.06,0.55,0.16,0.2,0.35,1.5,12,10.0,14.0,0.9,1.2,0.6,0.01,0.06,0.65,0.3,0.72,0.005,0.38,0.22,0.01,0.14,1.0,0.28
lqr,ground_truth,curvy,400.0,0.05,0.1,1.0,45.093098405748606,97.05665588378906,-31.730802536010742,11.824664756835695,0.48289424725097163,1.7259968276217077,-0.1678084434469831,1.7259968276217077,0.1678084434469831,0.08683799207210541,-0.017137035727500916,0.5051697492599487,0.0,12.307559004086666,139,133,5.448836803436279,RoadOption.STRAIGHT,99.46231079101562,-21.372220993041992,7.865261186455404,2.8,1.2,4.5,3.0,10.0,0.6,0.01,0.06,0.55,0.16,0.2,0.35,1.5,12,10.0,14.0,0.9,1.2,0.6,0.01,0.06,0.65,0.3,0.72,0.005,0.38,0.22,0.01,0.14,1.0,0.28
lqr,ground_truth,curvy,400.0,0.05,0.1,1.0,45.143098406493664,97.20242309570312,-31.159469604492188,11.775299247877426,0.7072597562092415,1.7664244529828,-0.174503097795224,1.7664244529828,0.174503097795224,0.08893992751836777,0.0021019354462623596,0.7435944676399231,0.0,12.482559004086667,139,134,5.6897430419921875,RoadOption.STRAIGHT,99.46231079101562,-21.372220993041992,7.865261186455404,2.8,1.2,4.5,3.0,10.0,0.6,0.01,0.06,0.55,0.16,0.2,0.35,1.5,12,10.0,14.0,0.9,1.2,0.6,0.01,0.06,0.65,0.3,0.72,0.005,0.38,0.22,0.01,0.14,1.0,0.28
lqr,ground_truth,curvy,400.0,0.05,0.1,1.0,45.19309840723872,97.33792114257812,-30.588308334350586,11.724620760028516,0.9329382440581515,1.6755135788950288,-0.15649946303601592,1.6755135788950288,0.15649946303601592,0.07308497279882431,-0.015854954719543457,0.8805771470069885,0.0,12.657559004086668,140,134,5.1111016273498535,RoadOption.STRAIGHT,99.45227813720703,-20.357559204101562,7.862459008356423,2.8,1.2,4.5,3.0,10.0,0.6,0.01,0.06,0.55,0.16,0.2,0.35,1.5,12,10.0,14.0,0.9,1.2,0.6,0.01,0.06,0.65,0.3,0.72,0.005,0.38,0.22,0.01,0.14,1.0,0.28
lqr,ground_truth,curvy,400.0,0.05,0.1,1.0,45.24309840798378,97.46426391601562,-30.016395568847656,11.719796572040835,1.1127624320458338,1.7120577405521944,-0.16511865074600252,1.7120577405521944,0.16511865074600252,0.08362836390733719,0.010543391108512878,0.93344646692276,0.0,12.832559004086669,141,135,5.354670524597168,RoadOption.STRAIGHT,99.44512176513672,-19.34287452697754,7.85965736288966,2.8,1.2,4.5,3.0,10.0,0.6,0.01,0.06,0.55,0.16,0.2,0.35,1.5,12,10.0,14.0,0.9,1.2,0.6,0.01,0.06,0.65,0.3,0.72,0.005,0.38,0.22,0.01,0.14,1.0,0.28
lqr,ground_truth,curvy,400.0,0.05,0.1,1.0,45.29309840872884,97.5815200805664,-29.440431594848633,11.793624513573036,0.9897187760619808,1.7493738799160605,-0.17426474487766175,1.7493738799160605,0.17426474487766175,0.09733523428440094,0.013706870377063751,0.49617886543273926,0.0,12.783343289635017,141,136,5.596762180328369,RoadOption.STRAIGHT,99.44512176513672,-19.34287452697754,7.85965736288966,2.8,1.2,4.5,3.0,10.0,0.6,0.01,0.06,0.55,0.16,0.2,0.35,1.5,12,10.0,14.0,0.9,1.2,0.6,0.01,0.06,0.65,0.3,0.72,0.005,0.38,0.22,0.01,0.14,1.0,0.28
lqr,ground_truth,curvy,400.0,0.05,0.1,1.0,45.343098409473896,97.68880462646484,-28.856916427612305,11.91708975744191,1.0412535321931067,1.6576969445108947,-0.15688508876185914,1.6576969445108947,0.15688508876185914,0.08334720879793167,-0.013988025486469269,0.7365938425064087,0.0,12.958343289635017,142,136,5.012228965759277,RoadOption.STRAIGHT,99.44075775146484,-18.328170776367188,7.856854652158461,2.8,1.2,4.5,3.0,10.0,0.6,0.01,0.06,0.55,0.16,0.2,0.35,1.5,12,10.0,14.0,0.9,1.2,0.6,0.01,0.06,0.65,0.3,0.72,0.005,0.38,0.22,0.01,0.14,1.0,0.28
lqr,ground_truth,curvy,400.0,0.05,0.1,1.0,45.393098410218954,97.78677368164062,-28.26580238342285,12.03050103140399,1.1028422582310284,1.6909747947566056,-0.1647627192663137,1.6909747947566056,0.1647627192663137,0.08641459792852402,0.003067389130592346,0.7856118083000183,0.0,13.133343289635018,142,137,5.242262363433838,RoadOption.STRAIGHT,99.44075775146484,-18.328170776367188,7.856854652158461,2.8,1.2,4.5,3.0,10.0,0.6,0.01,0.06,0.55,0.16,0.2,0.35,1.5,12,10.0,14.0,0.9,1.2,0.6,0.01,0.06,0.65,0.3,0.72,0.005,0.38,0.22,0.01,0.14,1.0,0.28
lqr,ground_truth,curvy,400.0,0.05,0.1,1.0,45.44309841096401,97.8755874633789,-27.66716957092285,12.158767740577021,1.1495755490579977,1.6029468979024035,-0.14731901412629478,1.6029468979024035,0.14731901412629478,0.06689391285181046,-0.019520685076713562,0.7958253026008606,0.0,13.308343289635019,143,137,4.648421287536621,RoadOption.STRAIGHT,99.43927001953125,-17.313461303710938,7.854052474059479,2.8,1.2,4.5,3.0,10.0,0.6,0.01,0.06,0.55,0.16,0.2,0.35,1.5,12,10.0,14.0,0.9,1.2,0.6,0.01,0.06,0.65,0.3,0.72,0.005,0.38,0.22,0.01,0.14,1.0,0.28
lqr,ground_truth,curvy,400.0,0.05,0.1,1.0,45.49309841170907,97.9564208984375,-27.06003189086914,12.314963980584295,1.1683793090507244,1.584424489921675,-0.14652592475366966,1.584424489921675,0.14652592475366966,0.028614521026611328,-0.03827939182519913,0.7735921144485474,0.0,13.48334328963502,144,138,4.913783550262451,RoadOption.STRAIGHT,99.44063568115234,-16.298751831054688,7.851250295960497,2.8,1.2,4.5,3.0,10.0,0.6,0.01,0.06,0.55,0.16,0.2,0.35,1.5,12,10.0,14.0,0.9,1.2,0.6,0.01,0.06,0.65,0.3,0.72,0.005,0.38,0.22,0.01,0.14,1.0,0.28
lqr,ground_truth,curvy,400.0,0.05,0.1,1.0,45.54309841245413,98.03282928466797,-26.44394874572754,12.484107328875282,1.174235960759738,1.4865961783664754,-0.13140875714194333,1.4865961783664754,0.13140875714194333,-0.02351950667798519,-0.05213402770459652,0.7615695595741272,0.0,13.65834328963502,144,139,5.2693305015563965,RoadOption.STRAIGHT,99.44063568115234,-16.298751831054688,7.851250295960497,2.8,1.2,4.5,3.0,10.0,0.6,0.01,0.06,0.55,0.16,0.2,0.35,1.5,12,10.0,14.0,0.9,1.2,0.6,0.01,0.06,0.65,0.3,0.72,0.005,0.38,0.22,0.01,0.14,1.0,0.28
lqr,ground_truth,curvy,400.0,0.05,0.1,1.0,45.593098413199186,98.10962677001953,-25.819318771362305,12.654766682498188,1.1785766071368329,1.4027581811908933,-0.12621253038103486,1.4027581811908933,0.12621253038103486,-0.025197487324476242,-0.0016779806464910507,0.7623547315597534,0.0,13.833343289635021,145,139,4.6482720375061035,RoadOption.STRAIGHT,99.44406127929688,-15.29485034942627,1.5673213010465068,2.8,1.2,4.5,3.0,10.0,0.6,0.01,0.06,0.55,0.16,0.2,0.35,1.5,12,10.0,14.0,0.9,1.2,0.6,0.01,0.06,0.65,0.3,0.72,0.005,0.38,0.22,0.01,0.14,1.0,0.28
lqr,ground_truth,curvy,400.0,0.05,0.1,1.0,45.643098413944244,98.18827819824219,-25.18628692626953,12.826194564887114,1.1821487247479077,1.3048889623920499,-0.12370156894725426,1.3048889623920499,0.12370156894725426,0.009405666030943394,0.034603153355419636,0.7635757923126221,0.0,14.008343289635022,146,140,4.991423606872559,RoadOption.STRAIGHT,99.4465103149414,-14.305353164672852,1.5693213350251562,2.8,1.2,4.5,3.0,10.0,0.6,0.01,0.06,0.55,0.16,0.2,0.35,1.5,12,10.0,14.0,0.9,1.2,0.6,0.01,0.06,0.65,0.3,0.72,0.005,0.38,0.22,0.01,0.14,1.0,0.28
lqr,ground_truth,curvy,400.0,0.05,0.1,1.0,45.6930984146893,98.265869140625,-24.54448127746582,12.997902014381657,1.1854412752533658,1.20875638173178,-0.12134227453755297,1.20875638173178,0.12134227453755297,0.032338742166757584,0.02293307613581419,0.7652158141136169,0.0,14.183343289635022,146,141,5.333605766296387,RoadOption.STRAIGHT,99.4465103149414,-14.305353164672852,1.5693213350251562,2.8,1.2,4.5,3.0,10.0,0.6,0.01,0.06,0.55,0.16,0.2,0.35,1.5,12,10.0,14.0,0.9,1.2,0.6,0.01,0.06,0.65,0.3,0.72,0.005,0.38,0.22,0.01,0.14,1.0,0.28
lqr,ground_truth,curvy,400.0,0.05,0.1,1.0,45.74309841543436,98.34011840820312,-23.893774032592773,13.165871521689132,1.1924717679458912,1.1308150919834963,-0.11876393512819305,1.1308150919834963,0.11876393512819305,0.04313451424241066,0.010795772075653076,0.7739196419715881,0.0,14.358343289635023,147,141,4.683131694793701,RoadOption.STRAIGHT,99.44699096679688,-13.3158540725708,1.5713212358457511,2.8,1.2,4.5,3.0,10.0,0.6,0.01,0.06,0.55,0.16,0.2,0.35,1.5,12,10.0,14.0,0.9,1.2,0.6,0.01,0.06,0.65,0.3,0.72,0.005,0.38,0.22,0.01,0.14,1.0,0.28
lqr,ground_truth,curvy,400.0,0.05,0.1,1.0,45.79309841617942,98.41017150878906,-23.23417091369629,13.333845708439792,1.1994975811952315,1.0446769975435135,-0.11021904961261964,1.0446769975435135,0.11021904961261964,0.04441374912858009,0.0012792348861694336,0.778129518032074,0.0,14.533343289635024,148,142,5.013077735900879,RoadOption.STRAIGHT,99.44548034667969,-12.326355934143066,1.5733214029824552,2.8,1.2,4.5,3.0,10.0,0.6,0.01,0.06,0.55,0.16,0.2,0.35,1.5,12,10.0,14.0,0.9,1.2,0.6,0.01,0.06,0.65,0.3,0.72,0.005,0.38,0.22,0.01,0.14,1.0,0.28
lqr,ground_truth,curvy,400.0,0.05,0.1,1.0,45.84309841692448,98.47587585449219,-22.56562614440918,13.503791993152772,1.2045512964822525,0.9637662264251702,-0.09954683101828987,0.9637662264251702,0.09954683101828987,0.026296520605683327,-0.018117228522896767,0.7787952423095703,0.0,14.708343289635025,148,143,5.3397908210754395,RoadOption.STRAIGHT,99.44548034667969,-12.326355934143066,1.5733214029824552,2.8,1.2,4.5,3.0,10.0,0.6,0.01,0.06,0.55,0.16,0.2,0.35,1.5,12,10.0,14.0,0.9,1.2,0.6,0.01,0.06,0.65,0.3,0.72,0.005,0.38,0.22,0.01,0.14,1.0,0.28
lqr,ground_truth,curvy,400.0,0.05,0.1,1.0,45.893098417669535,98.53850555419922,-21.88813018798828,13.677330544701025,1.2060127449340001,0.9010885330041897,-0.09187745971108008,0.9010885330041897,0.09187745971108008,0.014841411262750626,-0.011455109342932701,0.7753613591194153,0.0,14.883343289635025,149,143,4.662507057189941,RoadOption.STRAIGHT,99.44197845458984,-11.336862564086914,1.5753213038030502,2.8,1.2,4.5,3.0,10.0,0.6,0.01,0.06,0.55,0.16,0.2,0.35,1.5,12,10.0,14.0,0.9,1.2,0.6,0.01,0.06,0.65,0.3,0.72,0.005,0.38,0.22,0.01,0.14,1.0,0.28
lqr,ground_truth,curvy,400.0,0.05,0.1,1.0,45.94309841841459,98.59923553466797,-21.201740264892578,13.850730981467283,1.207612308167743,0.8280053059359016,-0.08304402069139538,0.8280053059359016,0.08304402069139538,0.015887022018432617,0.0010456107556819916,0.776486873626709,0.0,15.058343289635026,150,144,4.974660873413086,RoadOption.STRAIGHT,99.43651580810547,-10.347376823425293,1.5773213377816997,2.8,1.2,4.5,3.0,10.0,0.6,0.01,0.06,0.55,0.16,0.2,0.35,1.5,12,10.0,14.0,0.9,1.2,0.6,0.01,0.06,0.65,0.3,0.72,0.005,0.38,0.22,0.01,0.14,1.0,0.28
lqr,ground_truth,curvy,400.0,0.05,0.1,1.0,45.99309841915965,98.6578369140625,-20.506500244140625,14.022874227613446,1.2104690620215806,0.7681090369678008,-0.07743540343568878,0.7681090369678008,0.07743540343568878,0.02426626905798912,0.008379247039556503,0.77970951795578,0.0,15.233343289635027,150,145,5.270620822906494,RoadOption.STRAIGHT,99.43651580810547,-10.347376823425293,1.5773213377816997,2.8,1.2,4.5,3.0,10.0,0.6,0.01,0.06,0.55,0.16,0.2,0.35,1.5,12,10.0,14.0,0.9,1.2,0.6,0.01,0.06,0.65,0.3,0.72,0.005,0.38,0.22,0.01,0.14,1.0,0.28
lqr,ground_truth,curvy,400.0,0.05,0.1,1.0,46.04309841990471,98.71334838867188,-19.80242919921875,14.193491797630449,1.2148514920045788,0.7150445576164918,-0.0724579553583311,0.7150445576164918,0.0724579553583311,0.028367595747113228,0.004101326689124107,0.7841697931289673,0.0,15.408343289635027,151,145,4.566421985626221,RoadOption.STRAIGHT,99.42973327636719,-9.348533630371094,1.5776161497143715,2.8,1.2,4.5,3.0,10.0,0.6,0.01,0.06,0.55,0.16,0.2,0.35,1.5,12,10.0,14.0,0.9,1.2,0.6,0.01,0.06,0.65,0.3,0.72,0.005,0.38,0.22,0.01,0.14,1.0,0.28
lqr,ground_truth,curvy,400.0,0.05,0.1,1.0,46.09309842064977,98.76515197753906,-19.089529037475586,14.363953430167525,1.219389859467503,0.6743009787419897,-0.06875190038537671,0.6743009787419897,0.06875190038537671,0.03670445829629898,0.008336862549185753,0.787079930305481,0.0,15.583343289635028,152,146,4.832451820373535,RoadOption.STRAIGHT,99.42291259765625,-8.348557472229004,1.5776161497143715,2.8,1.2,4.5,3.0,10.0,0.6,0.01,0.06,0.55,0.16,0.2,0.35,1.5,12,10.0,14.0,0.9,1.2,0.6,0.01,0.06,0.65,0.3,0.72,0.005,0.38,0.22,0.01,0.14,1.0,0.28
lqr,ground_truth,curvy,400.0,0.05,0.1,1.0,46.143098421394825,98.81241607666016,-18.367799758911133,14.53382353625745,1.224519753377578,0.637226614608076,-0.0638575429340289,0.637226614608076,0.0638575429340289,0.030669260770082474,-0.006035197526216507,0.7908677458763123,0.0,15.758343289635029,152,147,5.091644287109375,RoadOption.STRAIGHT,99.42291259765625,-8.348557472229004,1.5776161497143715,2.8,1.2,4.5,3.0,10.0,0.6,0.01,0.06,0.55,0.16,0.2,0.35,1.5,12,10.0,14.0,0.9,1.2,0.6,0.01,0.06,0.65,0.3,0.72,0.005,0.38,0.22,0.01,0.14,1.0,0.28
lqr,ground_truth,curvy,400.0,0.05,0.1,1.0,46.19309842213988,98.85527801513672,-17.637216567993164,14.705886929113397,1.2274563605216322,0.5939811923246733,-0.056424793489672,0.5939811923246733,0.056424793489672,0.017773663625121117,-0.012895597144961357,0.7899977564811707,0.0,15.93334328963503,153,147,4.361685276031494,RoadOption.STRAIGHT,99.41609191894531,-7.348580360412598,1.5776161497143715,2.8,1.2,4.5,3.0,10.0,0.6,0.01,0.06,0.55,0.16,0.2,0.35,1.5,12,10.0,14.0,0.9,1.2,0.6,0.01,0.06,0.65,0.3,0.72,0.005,0.38,0.22,0.01,0.14,1.0,0.28
lqr,ground_truth,curvy,400.0,0.05,0.1,1.0,46.24309842288494,98.89481353759766,-16.897768020629883,14.879556046009824,1.2287872436252059,0.5622082050910462,-0.05189528910766539,0.5622082050910462,0.05189528910766539,0.01604737527668476,-0.0017262883484363556,0.7888693809509277,0.0,16.10834328963503,154,148,4.604459285736084,RoadOption.STRAIGHT,99.40927124023438,-6.348603248596191,1.5776161497143715,2.8,1.2,4.5,3.0,10.0,0.6,0.01,0.06,0.55,0.16,0.2,0.35,1.5,12,10.0,14.0,0.9,1.2,0.6,0.01,0.06,0.65,0.3,0.72,0.005,0.38,0.22,0.01,0.14,1.0,0.28
lqr,ground_truth,curvy,400.0,0.05,0.1,1.0,46.29309842363,98.9312973022461,-16.149484634399414,15.052642007190718,1.230701282444313,0.5324528540495487,-0.04846580341391604,0.5324528540495487,0.04846580341391604,0.014659710228443146,-0.0013876650482416153,0.790717601776123,0.0,16.28334328963503,155,149,4.839641571044922,RoadOption.STRAIGHT,99.40245056152344,-5.348626613616943,1.5776161497143715,2.8,1.2,4.5,3.0,10.0,0.6,0.01,0.06,0.55,0.16,0.2,0.35,1.5,12,10.0,14.0,0.9,1.2,0.6,0.01,0.06,0.65,0.3,0.72,0.005,0.38,0.22,0.01,0.14,1.0,0.28
lqr,ground_truth,curvy,400.0,0.05,0.1,1.0,46.34309842437506,98.96470642089844,-15.392413139343262,15.225159871378303,1.2331834182567292,0.5047180272183879,-0.04577321439379123,0.5047180272183879,0.04577321439379123,0.013681242242455482,-0.0009784679859876633,0.7928886413574219,0.0,16.45834328963503,155,150,5.067049980163574,RoadOption.STRAIGHT,99.40245056152344,-5.348626613616943,1.5776161497143715,2.8,1.2,4.5,3.0,10.0,0.6,0.01,0.06,0.55,0.16,0.2,0.35,1.5,12,10.0,14.0,0.9,1.2,0.6,0.01,0.06,0.65,0.3,0.72,0.005,0.38,0.22,0.01,0.14,1.0,0.28
lqr,ground_truth,curvy,400.0,0.05,0.1,1.0,46.393098425120115,98.9951171875,-14.626587867736816,15.397405305754663,1.235937983880369,0.46931092514277606,-0.041586325686023606,0.46931092514277606,0.041586325686023606,0.013984798453748226,0.0003035562112927437,0.7948682904243469,0.0,16.633343289635032,156,150,4.301916122436523,RoadOption.STRAIGHT,99.3956298828125,-4.348650932312012,1.5776161497143715,2.8,1.2,4.5,3.0,10.0,0.6,0.01,0.06,0.55,0.16,0.2,0.35,1.5,12,10.0,14.0,0.9,1.2,0.6,0.01,0.06,0.65,0.3,0.72,0.005,0.38,0.22,0.01,0.14,1.0,0.28
lqr,ground_truth,curvy,400.0,0.05,0.1,1.0,46.44309842586517,99.02257537841797,-13.852044105529785,15.569485270232438,1.2388580194025955,0.43786133541128464,-0.03796602450016984,0.43786133541128464,0.03796602450016984,0.007718099281191826,-0.0062666991725564,0.7968188524246216,0.0,16.808343289635033,157,151,4.521878719329834,RoadOption.STRAIGHT,99.38880920410156,-3.3486738204956055,1.5776161497143715,2.8,1.2,4.5,3.0,10.0,0.6,0.01,0.06,0.55,0.16,0.2,0.35,1.5,12,10.0,14.0,0.9,1.2,0.6,0.01,0.06,0.65,0.3,0.72,0.005,0.38,0.22,0.01,0.14,1.0,0.28
lqr,ground_truth,curvy,400.0,0.05,0.1,1.0,46.49309842661023,99.04769134521484,-13.068795204162598,15.74199187969162,1.2413514099434142,0.4074034626428135,-0.03465291894605649,0.4074034626428135,0.03465291894605649,0.0042824228294193745,-0.0034356764517724514,0.7978029251098633,0.0,16.983343289635034,158,152,4.735127925872803,RoadOption.STRAIGHT,99.38198852539062,-2.348696708679199,1.5776161497143715,2.8,1.2,4.5,3.0,10.0,0.6,0.01,0.06,0.55,0.16,0.2,0.35,1.5,12,10.0,14.0,0.9,1.2,0.6,0.01,0.06,0.65,0.3,0.72,0.005,0.38,0.22,0.01,0.14,1.0,0.28
lqr,ground_truth,curvy,400.0,0.05,0.1,1.0,46.54309842735529,99.07102966308594,-12.276864051818848,15.914511803724002,1.2438314859110324,0.3786639930096946,-0.032182171244735436,0.3786639930096946,0.032182171244735436,0.0072846547700464725,0.003002231940627098,0.7992749810218811,0.0,17.158343289635035,159,153,4.940349102020264,RoadOption.STRAIGHT,99.37516784667969,-1.3487194776535034,1.5776161497143715,2.8,1.2,4.5,3.0,10.0,0.6,0.01,0.06,0.55,0.16,0.2,0.35,1.5,12,10.0,14.0,0.9,1.2,0.6,0.01,0.06,0.65,0.3,0.72,0.005,0.38,0.22,0.01,0.14,1.0,0.28
lqr,ground_truth,curvy,400.0,0.05,0.1,1.0,46.59309842810035,99.092529296875,-11.476259231567383,16.086736288681564,1.246607000953471,0.3517040122795277,-0.03007387976777398,0.3517040122795277,0.03007387976777398,0.008334112353622913,0.0010494575835764408,0.8012948036193848,0.0,17.333343289635035,159,154,5.137429714202881,RoadOption.STRAIGHT,99.37516784667969,-1.3487194776535034,1.5776161497143715,2.8,1.2,4.5,3.0,10.0,0.6,0.01,0.06,0.55,0.16,0.2,0.35,1.5,12,10.0,14.0,0.9,1.2,0.6,0.01,0.06,0.65,0.3,0.72,0.005,0.38,0.22,0.01,0.14,1.0,0.28
lqr,ground_truth,curvy,400.0,0.05,0.1,1.0,46.643098428845406,99.11206817626953,-10.666996002197266,16.258899699993066,1.2494435896419702,0.3266465981217614,-0.02794987564038154,0.3266465981217614,0.02794987564038154,0.008206075988709927,-0.00012803636491298676,0.803070068359375,0.0,17.508343289635036,160,154,4.32860803604126,RoadOption.STRAIGHT,99.36834716796875,-0.34874236583709717,1.5776161497143715,2.8,1.2,4.5,3.0,10.0,0.6,0.01,0.06,0.55,0.16,0.2,0.35,1.5,12,10.0,14.0,0.9,1.2,0.6,0.01,0.06,0.65,0.3,0.72,0.005,0.38,0.22,0.01,0.14,1.0,0.28
lqr,ground_truth,curvy,400.0,0.05,0.1,1.0,46.693098429590464,99.12979125976562,-9.849075317382812,16.431155466249177,1.25218782338586,0.3033449863947192,-0.02577500513616826,0.3033449863947192,0.02577500513616826,0.008979429490864277,0.0007733535021543503,0.8046057820320129,0.0,17.683343289635037,161,155,4.508700847625732,RoadOption.STRAIGHT,99.36153411865234,0.6512347459793091,1.5776161497143715,2.8,1.2,4.5,3.0,10.0,0.6,0.01,0.06,0.55,0.16,0.2,0.35,1.5,12,10.0,14.0,0.9,1.2,0.6,0.01,0.06,0.65,0.3,0.72,0.005,0.38,0.22,0.01,0.14,1.0,0.28
lqr,ground_truth,curvy,400.0,0.05,0.1,1.0,46.74309843033552,99.14569854736328,-9.022502899169922,16.603434936561456,1.2549083530735814,0.2818001190037678,-0.023509054522674155,0.2818001190037678,0.023509054522674155,0.0061987293884158134,-0.0027807001024484634,0.8062096238136292,0.0,17.858343289635037,162,156,4.680530071258545,RoadOption.STRAIGHT,99.3547134399414,1.6512118577957153,1.5776161497143715,2.8,1.2,4.5,3.0,10.0,0.6,0.01,0.06,0.55,0.16,0.2,0.35,1.5,12,10.0,14.0,0.9,1.2,0.6,0.01,0.06,0.65,0.3,0.72,0.005,0.38,0.22,0.01,0.14,1.0,0.28
lqr,ground_truth,curvy,400.0,0.05,0.1,1.0,46.79309843108058,99.15999603271484,-8.187278747558594,16.775915591792845,1.2574276978421928,0.26180602334652436,-0.021366275109596877,0.26180602334652436,0.021366275109596877,0.0038099547382444143,-0.002388774650171399,0.8074798583984375,0.0,18.033343289635038,163,157,4.844012260437012,RoadOption.STRAIGHT,99.34789276123047,2.651188850402832,1.5776161497143715,2.8,1.2,4.5,3.0,10.0,0.6,0.01,0.06,0.55,0.16,0.2,0.35,1.5,12,10.0,14.0,0.9,1.2,0.6,0.01,0.06,0.65,0.3,0.72,0.005,0.38,0.22,0.01,0.14,1.0,0.28
lqr,ground_truth,curvy,400.0,0.05,0.1,1.0,46.84309843182564,99.17302703857422,-7.3434062004089355,16.94846482424271,1.2598784653923296,0.2430193976606989,-0.019589014556132156,0.2430193976606989,0.019589014556132156,0.004653661511838436,0.0008437067735940218,0.8088679909706116,0.0,18.20834328963504,164,158,4.999078750610352,RoadOption.STRAIGHT,99.34107208251953,3.6511659622192383,1.5776161497143715,2.8,1.2,4.5,3.0,10.0,0.6,0.01,0.06,0.55,0.16,0.2,0.35,1.5,12,10.0,14.0,0.9,1.2,0.6,0.01,0.06,0.65,0.3,0.72,0.005,0.38,0.22,0.01,0.14,1.0,0.28
lqr,ground_truth,curvy,400.0,0.05,0.1,1.0,46.893098432570696,99.18476104736328,-6.490888595581055,17.120934202817136,1.2624090868179039,0.22547078239115145,-0.018048242707466855,0.22547078239115145,0.018048242707466855,0.004286088980734348,-0.00036757253110408783,0.8104822039604187,0.0,18.38334328963504,164,159,5.145693302154541,RoadOption.STRAIGHT,99.34107208251953,3.6511659622192383,1.5776161497143715,2.8,1.2,4.5,3.0,10.0,0.6,0.01,0.06,0.55,0.16,0.2,0.35,1.5,12,10.0,14.0,0.9,1.2,0.6,0.01,0.06,0.65,0.3,0.72,0.005,0.38,0.22,0.01,0.14,1.0,0.28
lqr,ground_truth,curvy,400.0,0.05,0.1,1.0,46.943098433315754,99.19522094726562,-5.629730701446533,17.2934077421664,1.2649355474686388,0.20913822691403758,-0.016628911004509028,0.20913822691403758,0.016628911004509028,0.003956701140850782,-0.0003293878398835659,0.8119930624961853,0.0,18.55834328963504,165,159,4.284791469573975,RoadOption.STRAIGHT,99.3342514038086,4.651139259338379,1.5776161497143715,2.8,1.2,4.5,3.0,10.0,0.6,0.01,0.06,0.55,0.16,0.2,0.35,1.5,12,10.0,14.0,0.9,1.2,0.6,0.01,0.06,0.65,0.3,0.72,0.005,0.38,0.22,0.01,0.14,1.0,0.28
lqr,ground_truth,curvy,400.0,0.05,0.1,1.0,46.99309843406081,99.20449829101562,-4.75993537902832,17.465905777780243,1.2674375118547978,0.19392838868003273,-0.015316372061263905,0.19392838868003273,0.015316372061263905,0.004885166883468628,0.0009284657426178455,0.813464879989624,0.0,18.73334328963504,166,160,4.4142351150512695,RoadOption.STRAIGHT,99.32743072509766,5.651116371154785,1.5776161497143715,2.8,1.2,4.5,3.0,10.0,0.6,0.01,0.06,0.55,0.16,0.2,0.35,1.5,12,10.0,14.0,0.9,1.2,0.6,0.01,0.06,0.65,0.3,0.72,0.005,0.38,0.22,0.01,0.14,1.0,0.28
lqr,ground_truth,curvy,400.0,0.05,0.1,1.0,47.04309843480587,99.21257781982422,-3.881502866744995,17.638385814125144,1.269957475509898,0.17986506310067712,-0.014002368379418595,0.17986506310067712,0.014002368379418595,0.003717533778399229,-0.0011676331050693989,0.81499844789505,0.0,18.90834328963504,167,161,4.535184860229492,RoadOption.STRAIGHT,99.32061004638672,6.651093482971191,1.5776161497143715,2.8,1.2,4.5,3.0,10.0,0.6,0.01,0.06,0.55,0.16,0.2,0.35,1.5,12,10.0,14.0,0.9,1.2,0.6,0.01,0.06,0.65,0.3,0.72,0.005,0.38,0.22,0.01,0.14,1.0,0.28
lqr,ground_truth,curvy,400.0,0.05,0.1,1.0,47.09309843555093,99.21955871582031,-2.9944348335266113,17.810946240797506,1.2723970488375365,0.16683382330103347,-0.012733771594159116,0.16683382330103347,0.012733771594159116,0.0024325803387910128,-0.0012849534396082163,0.8163657188415527,0.0,19.083343289635042,168,162,4.64761209487915,RoadOption.STRAIGHT,99.31378936767578,7.651070594787598,1.5776161497143715,2.8,1.2,4.5,3.0,10.0,0.6,0.01,0.06,0.55,0.16,0.2,0.35,1.5,12,10.0,14.0,0.9,1.2,0.6,0.01,0.06,0.65,0.3,0.72,0.005,0.38,0.22,0.01,0.14,1.0,0.28
lqr,ground_truth,curvy,400.0,0.05,0.1,1.0,47.143098436295986,99.22559356689453,-2.098729133605957,17.983556217458496,1.2747870721765473,0.15468969870938482,-0.011638679753918524,0.15468969870938482,0.011638679753918524,0.002869101706892252,0.0004365213681012392,0.817740261554718,0.0,19.258343289635043,169,163,4.751492500305176,RoadOption.STRAIGHT,99.30697631835938,8.651047706604004,1.5776161497143715,2.8,1.2,4.5,3.0,10.0,0.6,0.01,0.06,0.55,0.16,0.2,0.35,1.5,12,10.0,14.0,0.9,1.2,0.6,0.01,0.06,0.65,0.3,0.72,0.005,0.38,0.22,0.01,0.14,1.0,0.28
lqr,ground_truth,curvy,400.0,0.05,0.1,1.0,47.193098437041044,99.23072052001953,-1.194387674331665,18.15616047553716,1.277182814097884,0.14339455787381797,-0.01066249805634989,0.14339455787381797,0.01066249805634989,0.002349644899368286,-0.0005194568075239658,0.8191846013069153,0.0,19.433343289635044,170,164,4.8468098640441895,RoadOption.STRAIGHT,99.30015563964844,9.65102481842041,1.5776161497143715,2.8,1.2,4.5,3.0,10.0,0.6,0.01,0.06,0.55,0.16,0.2,0.35,1.5,12,10.0,14.0,0.9,1.2,0.6,0.01,0.06,0.65,0.3,0.72,0.005,0.38,0.22,0.01,0.14,1.0,0.28
lqr,ground_truth,curvy,400.0,0.05,0.1,1.0,47.2430984377861,99.23497009277344,-0.2814105153083801,18.328791484132026,1.115652960312417,0.1329178575040431,-0.00977486646502701,0.1329178575040431,0.00977486646502701,0.001974124927073717,-0.000375519972294569,0.5255559682846069,0.0,19.444444444444443,171,165,4.933549404144287,RoadOption.STRAIGHT,99.2933349609375,10.651001930236816,1.5776161497143715,2.8,1.2,4.5,3.0,10.0,0.6,0.01,0.06,0.55,0.16,0.2,0.35,1.5,12,10.0,14.0,0.9,1.2,0.6,0.01,0.06,0.65,0.3,0.72,0.005,0.38,0.22,0.01,0.14,1.0,0.28
lqr,ground_truth,curvy,400.0,0.05,0.1,1.0,47.29309843853116,99.23844146728516,0.6398621797561646,18.48310084525188,0.9613435991925634,0.1231627896466087,-0.008990032891780686,0.1231627896466087,0.008990032891780686,0.0018464436288923025,-0.0001276812981814146,0.4416349232196808,0.0,19.444444444444443,171,166,5.012044429779053,RoadOption.STRAIGHT,99.2933349609375,10.651001930236816,1.5776161497143715,2.8,1.2,4.5,3.0,10.0,0.6,0.01,0.06,0.55,0.16,0.2,0.35,1.5,12,10.0,14.0,0.9,1.2,0.6,0.01,0.06,0.65,0.3,0.72,0.005,0.38,0.22,0.01,0.14,1.0,0.28
lqr,ground_truth,curvy,400.0,0.05,0.1,1.0,47.34309843927622,99.24118041992188,1.5669910907745361,18.573941236753015,0.8705032076914279,0.11410109471982895,-0.008293349950615703,0.11410109471982895,0.008293349950615703,0.002724580466747284,0.0008781368378549814,0.4632934629917145,0.0,19.444444444444443,172,166,4.085036277770996,RoadOption.STRAIGHT,99.28651428222656,11.650979042053223,1.5776161497143715,2.8,1.2,4.5,3.0,10.0,0.6,0.01,0.06,0.55,0.16,0.2,0.35,1.5,12,10.0,14.0,0.9,1.2,0.6,0.01,0.06,0.65,0.3,0.72,0.005,0.38,0.22,0.01,0.14,1.0,0.28
lqr,ground_truth,curvy,400.0,0.05,0.1,1.0,47.39309844002128,99.24312591552734,2.4968762397766113,18.609271168057834,0.8351732763866089,0.10581313532901986,-0.007587878577854035,0.10581313532901986,0.007587878577854035,0.002038503298535943,-0.0006860771682113409,0.5087080597877502,0.0,19.444444444444443,173,167,4.154940128326416,RoadOption.STRAIGHT,99.27969360351562,12.650954246520996,1.5776161497143715,2.8,1.2,4.5,3.0,10.0,0.6,0.01,0.06,0.55,0.16,0.2,0.35,1.5,12,10.0,14.0,0.9,1.2,0.6,0.01,0.06,0.65,0.3,0.72,0.005,0.38,0.22,0.01,0.14,1.0,0.28
lqr,ground_truth,curvy,400.0,0.05,0.1,1.0,47.443098440766335,99.24432373046875,3.4274795055389404,18.61306341622932,0.831381028215123,0.09826794182385523,-0.006894790904160786,0.09826794182385523,0.006894790904160786,0.001137782004661858,-0.000900721293874085,0.5442779064178467,0.0,19.444444444444443,174,168,4.224162578582764,RoadOption.STRAIGHT,99.27287292480469,13.650931358337402,1.5776161497143715,2.8,1.2,4.5,3.0,10.0,0.6,0.01,0.06,0.55,0.16,0.2,0.35,1.5,12,10.0,14.0,0.9,1.2,0.6,0.01,0.06,0.65,0.3,0.72,0.005,0.38,0.22,0.01,0.14,1.0,0.28
lqr,ground_truth,curvy,400.0,0.05,0.1,1.0,47.49309844151139,99.24491882324219,4.357834815979004,18.60406351378328,0.840380930661162,0.09133477668580639,-0.006308762306288962,0.09133477668580639,0.006308762306288962,0.000774767657276243,-0.0003630143473856151,0.5650284290313721,0.0,19.444444444444443,175,169,4.293661594390869,RoadOption.STRAIGHT,99.26605224609375,14.650908470153809,1.5776161497143715,2.8,1.2,4.5,3.0,10.0,0.6,0.01,0.06,0.55,0.16,0.2,0.35,1.5,12,10.0,14.0,0.9,1.2,0.6,0.01,0.06,0.65,0.3,0.72,0.005,0.38,0.22,0.01,0.14,1.0,0.28
lqr,ground_truth,curvy,400.0,0.05,0.1,1.0,47.54309844225645,99.24504852294922,5.287646770477295,18.592512644030364,0.8519318004140786,0.08486307013696384,-0.005854959656539371,0.08486307013696384,0.005854959656539371,0.0009584189392626286,0.00018365128198638558,0.5750201344490051,0.0,19.444444444444443,176,170,4.363726615905762,RoadOption.STRAIGHT,99.25923156738281,15.650885581970215,1.5776161497143715,2.8,1.2,4.5,3.0,10.0,0.6,0.01,0.06,0.55,0.16,0.2,0.35,1.5,12,10.0,14.0,0.9,1.2,0.6,0.01,0.06,0.65,0.3,0.72,0.005,0.38,0.22,0.01,0.14,1.0,0.28
lqr,ground_truth,curvy,400.0,0.05,0.1,1.0,47.59309844300151,99.24469757080078,6.216932773590088,18.582627272303597,0.8618171721408459,0.07887559113358715,-0.005479853417001301,0.07887559113358715,0.005479853417001301,0.0012998682213947177,0.00034144928213208914,0.5789527297019958,0.0,19.444444444444443,177,171,4.434336185455322,RoadOption.STRAIGHT,99.25241088867188,16.650863647460938,1.5776161497143715,2.8,1.2,4.5,3.0,10.0,0.6,0.01,0.06,0.55,0.16,0.2,0.35,1.5,12,10.0,14.0,0.9,1.2,0.6,0.01,0.06,0.65,0.3,0.72,0.005,0.38,0.22,0.01,0.14,1.0,0.28
lqr,ground_truth,curvy,400.0,0.05,0.1,1.0,47.64309844374657,99.2438735961914,7.145813941955566,18.575441799433083,0.8690026450113599,0.07336388447094369,-0.005116065612096765,0.07336388447094369,0.005116065612096765,0.00138859951402992,8.873129263520241e-05,0.5800241827964783,0.0,19.444444444444443,178,172,4.505367279052734,RoadOption.STRAIGHT,99.24559783935547,17.65083885192871,1.5776161497143715,2.8,1.2,4.5,3.0,10.0,0.6,0.01,0.06,0.55,0.16,0.2,0.35,1.5,12,10.0,14.0,0.9,1.2,0.6,0.01,0.06,0.65,0.3,0.72,0.005,0.38,0.22,0.01,0.14,1.0,0.28
lqr,ground_truth,curvy,400.0,0.05,0.1,1.0,47.693098444491625,99.24260711669922,8.074417114257812,18.570684377440728,0.8737600670037153,0.06829655526225323,-0.004736032524542466,0.06829655526225323,0.004736032524542466,0.0011442896211519837,-0.00024430989287793636,0.5799649357795715,0.0,19.444444444444443,179,173,4.576687812805176,RoadOption.STRAIGHT,99.23877716064453,18.650815963745117,1.5776161497143715,2.8,1.2,4.5,3.0,10.0,0.6,0.01,0.06,0.55,0.16,0.2,0.35,1.5,12,10.0,14.0,0.9,1.2,0.6,0.01,0.06,0.65,0.3,0.72,0.005,0.38,0.22,0.01,0.14,1.0,0.28
lqr,ground_truth,curvy,400.0,0.05,0.1,1.0,47.74309844523668,99.2409439086914,9.00284481048584,18.56771720595041,0.8767272384940341,0.06362715505746028,-0.004363189971931192,0.06362715505746028,0.004363189971931192,0.0008001748356036842,-0.00034411478554829955,0.5795969367027283,0.0,19.444444444444443,180,174,4.648196220397949,RoadOption.STRAIGHT,99.2319564819336,19.650793075561523,1.5776161497143715,2.8,1.2,4.5,3.0,10.0,0.6,0.01,0.06,0.55,0.16,0.2,0.35,1.5,12,10.0,14.0,0.9,1.2,0.6,0.01,0.06,0.65,0.3,0.72,0.005,0.38,0.22,0.01,0.14,1.0,0.28
lqr,ground_truth,curvy,400.0,0.05,0.1,1.0,47.79309844598174,99.23894500732422,9.931163787841797,18.565941577113332,0.878502867331111,0.0592941818432342,-0.0040316264162161275,0.0592941818432342,0.0040316264162161275,0.0006088510272093117,-0.00019132380839437246,0.5792324542999268,0.0,19.444444444444443,181,175,4.719822883605957,RoadOption.STRAIGHT,99.22513580322266,20.65077018737793,1.5776161497143715,2.8,1.2,4.5,3.0,10.0,0.6,0.01,0.06,0.55,0.16,0.2,0.35,1.5,12,10.0,14.0,0.9,1.2,0.6,0.01,0.06,0.65,0.3,0.72,0.005,0.38,0.22,0.01,0.14,1.0,0.28
lqr,ground_truth,curvy,400.0,0.05,0.1,1.0,47.8430984467268,99.23664855957031,10.859419822692871,18.564909721833917,0.8795347226105257,0.055259177349724714,-0.0037549239789571587,0.055259177349724714,0.0037549239789571587,0.0006347764283418655,2.5925401132553816e-05,0.578959047794342,0.0,19.444444444444443,182,176,4.7915191650390625,RoadOption.STRAIGHT,99.21831512451172,21.650747299194336,1.5776161497143715,2.8,1.2,4.5,3.0,10.0,0.6,0.01,0.06,0.55,0.16,0.2,0.35,1.5,12,10.0,14.0,0.9,1.2,0.6,0.01,0.06,0.65,0.3,0.72,0.005,0.38,0.22,0.01,0.14,1.0,0.28
lqr,ground_truth,curvy,400.0,0.05,0.1,1.0,47.89309844747186,99.23406982421875,11.787638664245605,18.564315936703075,0.8801285077413681,0.051506714042882804,-0.0035160384291770264,0.051506714042882804,0.0035160384291770264,0.000717194692697376,8.241826435551047e-05,0.5787896513938904,0.0,19.444444444444443,183,177,4.863259792327881,RoadOption.STRAIGHT,99.21149444580078,22.65072250366211,1.5776161497143715,2.8,1.2,4.5,3.0,10.0,0.6,0.01,0.06,0.55,0.16,0.2,0.35,1.5,12,10.0,14.0,0.9,1.2,0.6,0.01,0.06,0.65,0.3,0.72,0.005,0.38,0.22,0.01,0.14,1.0,0.28
lqr,ground_truth,curvy,400.0,0.05,0.1,1.0,47.943098448216915,99.23123168945312,12.715837478637695,18.563979099365884,0.8804653450785587,0.048021390404017615,-0.0032919334234469133,0.048021390404017615,0.0032919334234469133,0.0008005871204659343,8.339242776855826e-05,0.5786834359169006,0.0,19.444444444444443,184,178,4.935022830963135,RoadOption.STRAIGHT,99.20467376708984,23.650699615478516,1.5776161497143715,2.8,1.2,4.5,3.0,10.0,0.6,0.01,0.06,0.55,0.16,0.2,0.35,1.5,12,10.0,14.0,0.9,1.2,0.6,0.01,0.06,0.65,0.3,0.72,0.005,0.38,0.22,0.01,0.14,1.0,0.28
lqr,ground_truth,curvy,400.0,0.05,0.1,1.0,47.99309844896197,99.22813415527344,13.644023895263672,18.563790363836866,0.8806540806075773,0.04478792848738968,-0.003066363679117501,0.04478792848738968,0.003066363679117501,0.0007100178627297282,-9.056925773620605e-05,0.5786189436912537,0.0,19.444444444444443,184,179,5.006803512573242,RoadOption.STRAIGHT,99.20467376708984,23.650699615478516,1.5776161497143715,2.8,1.2,4.5,3.0,10.0,0.6,0.01,0.06,0.55,0.16,0.2,0.35,1.5,12,10.0,14.0,0.9,1.2,0.6,0.01,0.06,0.65,0.3,0.72,0.005,0.38,0.22,0.01,0.14,1.0,0.28
lqr,ground_truth,curvy,400.0,0.05,0.1,1.0,48.04309844970703,99.22479248046875,14.572202682495117,18.563684624706365,0.8807598197380777,0.04179955968326077,-0.0028431907797683564,0.04179955968326077,0.0028431907797683564,0.0005450986791402102,-0.00016491918358951807,0.578582763671875,0.0,19.444444444444443,185,179,4.078637599945068,RoadOption.STRAIGHT,99.1978530883789,24.650676727294922,1.5776161497143715,2.8,1.2,4.5,3.0,10.0,0.6,0.01,0.06,0.55,0.16,0.2,0.35,1.5,12,10.0,14.0,0.9,1.2,0.6,0.01,0.06,0.65,0.3,0.72,0.005,0.38,0.22,0.01,0.14,1.0,0.28
lqr,ground_truth,curvy,400.0,0.05,0.1,1.0,48.09309845045209,99.22126007080078,15.50037670135498,18.56362668811838,0.8808177563260635,0.03900104769184121,-0.002638660008050575,0.03900104769184121,0.002638660008050575,0.00043845875188708305,-0.0001066399272531271,0.5785601735115051,0.0,19.444444444444443,186,180,4.150430679321289,RoadOption.STRAIGHT,99.1910400390625,25.650653839111328,1.5776161497143715,2.8,1.2,4.5,3.0,10.0,0.6,0.01,0.06,0.55,0.16,0.2,0.35,1.5,12,10.0,14.0,0.9,1.2,0.6,0.01,0.06,0.65,0.3,0.72,0.005,0.38,0.22,0.01,0.14,1.0,0.28
lqr,ground_truth,curvy,400.0,0.05,0.1,1.0,48.14309845119715,99.217529296875,16.42854881286621,18.56358873272652,0.8808557117179241,0.03640090835297184,-0.0024611603213964273,0.03640090835297184,0.0024611603213964273,0.0004246951430104673,-1.3763608876615763e-05,0.5785589814186096,0.0,19.444444444444443,187,181,4.222228527069092,RoadOption.STRAIGHT,99.18421936035156,26.6506290435791,1.5776161497143715,2.8,1.2,4.5,3.0,10.0,0.6,0.01,0.06,0.55,0.16,0.2,0.35,1.5,12,10.0,14.0,0.9,1.2,0.6,0.01,0.06,0.65,0.3,0.72,0.005,0.38,0.22,0.01,0.14,1.0,0.28
lqr,ground_truth,curvy,400.0,0.05,0.1,1.0,48.193098451942205,99.21363067626953,17.356718063354492,18.563569918371375,0.8808745260730682,0.03396863130205048,-0.0023040338170821073,0.03396863130205048,0.0023040338170821073,0.000459412724012509,3.47175810020417e-05,0.5785472989082336,0.0,19.444444444444443,188,182,4.294032096862793,RoadOption.STRAIGHT,99.17739868164062,27.650606155395508,1.5776161497143715,2.8,1.2,4.5,3.0,10.0,0.6,0.01,0.06,0.55,0.16,0.2,0.35,1.5,12,10.0,14.0,0.9,1.2,0.6,0.01,0.06,0.65,0.3,0.72,0.005,0.38,0.22,0.01,0.14,1.0,0.28
lqr,ground_truth,curvy,400.0,0.05,0.1,1.0,48.24309845268726,99.2095718383789,18.28488540649414,18.563555385261225,0.8808890591832181,0.03169656781044807,-0.0021574267990729368,0.03169656781044807,0.0021574267990729368,0.00047674259985797107,1.7329875845462084e-05,0.5785508751869202,0.0,19.444444444444443,189,183,4.365838050842285,RoadOption.STRAIGHT,99.17057800292969,28.650583267211914,1.5776161497143715,2.8,1.2,4.5,3.0,10.0,0.6,0.01,0.06,0.55,0.16,0.2,0.35,1.5,12,10.0,14.0,0.9,1.2,0.6,0.01,0.06,0.65,0.3,0.72,0.005,0.38,0.22,0.01,0.14,1.0,0.28
lqr,ground_truth,curvy,400.0,0.05,0.1,1.0,48.29309845343232,99.20535278320312,19.213054656982422,18.56354850683233,0.880895937612113,0.02958471787816462,-0.002013882416317614,0.02958471787816462,0.002013882416317614,0.0004389826499391347,-3.7759949918836355e-05,0.5785458087921143,0.0,19.444444444444443,190,184,4.437645435333252,RoadOption.STRAIGHT,99.16375732421875,29.65056037902832,1.5776161497143715,2.8,1.2,4.5,3.0,10.0,0.6,0.01,0.06,0.55,0.16,0.2,0.35,1.5,12,10.0,14.0,0.9,1.2,0.6,0.01,0.06,0.65,0.3,0.72,0.005,0.38,0.22,0.01,0.14,1.0,0.28
lqr,ground_truth,curvy,400.0,0.05,0.1,1.0,48.34309845417738,99.20099639892578,20.14122200012207,18.563542699966103,0.88090174447834,0.027610206861547932,-0.0018743327751975514,0.027610206861547932,0.0018743327751975514,0.00034736882662400603,-9.161382331512868e-05,0.578548014163971,0.0,19.444444444444443,191,185,4.509456157684326,RoadOption.STRAIGHT,99.15693664550781,30.650537490844727,1.5776161497143715,2.8,1.2,4.5,3.0,10.0,0.6,0.01,0.06,0.55,0.16,0.2,0.35,1.5,12,10.0,14.0,0.9,1.2,0.6,0.01,0.06,0.65,0.3,0.72,0.005,0.38,0.22,0.01,0.14,1.0,0.28
lqr,ground_truth,curvy,400.0,0.05,0.1,1.0,48.39309845492244,99.1965103149414,21.06938362121582,18.56354291021294,0.8809015342315014,0.02577306077595619,-0.0017465010428736605,0.02577306077595619,0.0017465010428736605,0.0003414928214624524,-5.876005161553621e-06,0.5785406827926636,0.0,19.444444444444443,192,186,4.581274032592773,RoadOption.STRAIGHT,99.15011596679688,31.650514602661133,1.5776161497143715,2.8,1.2,4.5,3.0,10.0,0.6,0.01,0.06,0.55,0.16,0.2,0.35,1.5,12,10.0,14.0,0.9,1.2,0.6,0.01,0.06,0.65,0.3,0.72,0.005,0.38,0.22,0.01,0.14,1.0,0.28
lqr,ground_truth,curvy,400.0,0.05,0.1,1.0,48.443098455667496,99.19190216064453,21.99754524230957,18.563543140116515,0.8809013043279279,0.024050339939341754,-0.0016291887968558072,0.024050339939341754,0.0016291887968558072,0.0003167182730976492,-2.4774548364803195e-05,0.5785405039787292,0.0,19.444444444444443,193,187,4.653090476989746,RoadOption.STRAIGHT,99.14329528808594,32.650489807128906,1.5776161497143715,2.8,1.2,4.5,3.0,10.0,0.6,0.01,0.06,0.55,0.16,0.2,0.35,1.5,12,10.0,14.0,0.9,1.2,0.6,0.01,0.06,0.65,0.3,0.72,0.005,0.38,0.22,0.01,0.14,1.0,0.28
lqr,ground_truth,curvy,400.0,0.05,0.1,1.0,48.493098456412554,99.18716430664062,22.92570686340332,18.563540905912234,0.880903538532209,0.022457328801283656,-0.0015211976146529693,0.022457328801283656,0.0015211976146529693,0.0002962569997180253,-2.046127337962389e-05,0.5785447955131531,0.0,19.444444444444443,194,188,4.724909782409668,RoadOption.STRAIGHT,99.136474609375,33.65046691894531,1.5776161497143715,2.8,1.2,4.5,3.0,10.0,0.6,0.01,0.06,0.55,0.16,0.2,0.35,1.5,12,10.0,14.0,0.9,1.2,0.6,0.01,0.06,0.65,0.3,0.72,0.005,0.38,0.22,0.01,0.14,1.0,0.28
lqr,ground_truth,curvy,400.0,0.05,0.1,1.0,48.54309845715761,99.18233489990234,23.85386848449707,18.56354006182923,0.8809043826152134,0.02095586826855067,-0.0014199974932305182,0.02095586826855067,0.0014199974932305182,0.00028131992439739406,-1.4937075320631266e-05,0.5785436630249023,0.0,19.444444444444443,195,189,4.796729564666748,RoadOption.STRAIGHT,99.1296615600586,34.65044403076172,1.5776161497143715,2.8,1.2,4.5,3.0,10.0,0.6,0.01,0.06,0.55,0.16,0.2,0.35,1.5,12,10.0,14.0,0.9,1.2,0.6,0.01,0.06,0.65,0.3,0.72,0.005,0.38,0.22,0.01,0.14,1.0,0.28
lqr,ground_truth,curvy,400.0,0.05,0.1,1.0,48.59309845790267,99.1773910522461,24.78203010559082,18.56353687169803,0.8809075727464126,0.019568845992474083,-0.0013258547486958427,0.019568845992474083,0.0013258547486958427,0.0002621771127451211,-1.914281165227294e-05,0.5785483717918396,0.0,19.444444444444443,196,190,4.868549823760986,RoadOption.STRAIGHT,99.12284088134766,35.650421142578125,1.5776161497143715,2.8,1.2,4.5,3.0,10.0,0.6,0.01,0.06,0.55,0.16,0.2,0.35,1.5,12,10.0,14.0,0.9,1.2,0.6,0.01,0.06,0.65,0.3,0.72,0.005,0.38,0.22,0.01,0.14,1.0,0.28
lqr,ground_truth,curvy,400.0,0.05,0.1,1.0,48.64309845864773,99.17236328125,25.71019172668457,18.563540762957743,0.8809036814867,0.018265745104612187,-0.001238103590777584,0.018265745104612187,0.001238103590777584,0.0002473463537171483,-1.4830759027972817e-05,0.5785375237464905,0.0,19.444444444444443,197,191,4.940370559692383,RoadOption.STRAIGHT,99.11602020263672,36.650394439697266,1.5776161497143715,2.8,1.2,4.5,3.0,10.0,0.6,0.01,0.06,0.55,0.16,0.2,0.35,1.5,12,10.0,14.0,0.9,1.2,0.6,0.01,0.06,0.65,0.3,0.72,0.005,0.38,0.22,0.01,0.14,1.0,0.28
lqr,ground_truth,curvy,400.0,0.05,0.1,1.0,48.693098459392786,99.16724395751953,26.63835334777832,18.563542293195894,0.8809021512485486,0.017054194822075402,-0.001155412438930803,0.017054194822075402,0.001155412438930803,0.0002274679864058271,-1.98783673113212e-05,0.5785394310951233,0.0,19.444444444444443,197,192,5.012190818786621,RoadOption.STRAIGHT,99.11602020263672,36.650394439697266,1.5776161497143715,2.8,1.2,4.5,3.0,10.0,0.6,0.01,0.06,0.55,0.16,0.2,0.35,1.5,12,10.0,14.0,0.9,1.2,0.6,0.01,0.06,0.65,0.3,0.72,0.005,0.38,0.22,0.01,0.14,1.0,0.28
lqr,ground_truth,curvy,400.0,0.05,0.1,1.0,48.743098460137844,99.16204833984375,27.56651496887207,18.563543261521673,0.88090118292277,0.015919842844891903,-0.001078447083427747,0.015919842844891903,0.001078447083427747,0.0002116560353897512,-1.581195101607591e-05,0.5785395503044128,0.0,19.444444444444443,198,192,4.084017753601074,RoadOption.STRAIGHT,99.10919952392578,37.65037155151367,1.5776161497143715,2.8,1.2,4.5,3.0,10.0,0.6,0.01,0.06,0.55,0.16,0.2,0.35,1.5,12,10.0,14.0,0.9,1.2,0.6,0.01,0.06,0.65,0.3,0.72,0.005,0.38,0.22,0.01,0.14,1.0,0.28
lqr,ground_truth,curvy,400.0,0.05,0.1,1.0,48.7930984608829,99.15677642822266,28.49467658996582,18.56354567240535,0.8808987720390924,0.014860863896884558,-0.0010068080501044463,0.014860863896884558,0.0010068080501044463,0.0001982784306164831,-1.3377604773268104e-05,0.5785363912582397,0.0,19.444444444444443,199,193,4.1558356285095215,RoadOption.STRAIGHT,99.10237884521484,38.65034866333008,1.5776161497143715,2.8,1.2,4.5,3.0,10.0,0.6,0.01,0.06,0.55,0.16,0.2,0.35,1.5,12,10.0,14.0,0.9,1.2,0.6,0.01,0.06,0.65,0.3,0.72,0.005,0.38,0.22,0.01,0.14,1.0,0.28
lqr,ground_truth,curvy,400.0,0.05,0.1,1.0,48.84309846162796,99.15144348144531,29.42283821105957,18.56354384370831,0.8809006007361333,0.013862931693439716,-0.0009396963906347366,0.013862931693439716,0.0009396963906347366,0.00016259097901638597,-3.568745160009712e-05,0.5785425305366516,0.0,19.444444444444443,200,194,4.227655410766602,RoadOption.STRAIGHT,99.0955581665039,39.650325775146484,1.5776161497143715,2.8,1.2,4.5,3.0,10.0,0.6,0.01,0.06,0.55,0.16,0.2,0.35,1.5,12,10.0,14.0,0.9,1.2,0.6,0.01,0.06,0.65,0.3,0.72,0.005,0.38,0.22,0.01,0.14,1.0,0.28
lqr,ground_truth,curvy,400.0,0.05,0.1,1.0,48.89309846237302,99.14603424072266,30.35099983215332,18.563544924902693,0.8808995195417495,0.012948920878209563,-0.0008795089499988862,0.012948920878209563,0.0008795089499988862,0.00019639810489024967,3.38071258738637e-05,0.5785384178161621,0.0,19.444444444444443,201,195,4.29947566986084,RoadOption.STRAIGHT,99.08873748779297,40.65030288696289,1.5776161497143715,2.8,1.2,4.5,3.0,10.0,0.6,0.01,0.06,0.55,0.16,0.2,0.35,1.5,12,10.0,14.0,0.9,1.2,0.6,0.01,0.06,0.65,0.3,0.72,0.005,0.38,0.22,0.01,0.14,1.0,0.28
lqr,ground_truth,curvy,400.0,0.05,0.1,1.0,48.943098463118076,99.14056396484375,31.27916145324707,18.563546624268515,0.8808978201759281,0.012088314582752394,-0.0008211857221258612,0.012088314582752394,0.0008211857221258612,0.0001788674562703818,-1.753064861986786e-05,0.5785366296768188,0.0,19.444444444444443,202,196,4.371296405792236,RoadOption.STRAIGHT,99.08191680908203,41.6502799987793,1.5776161497143715,2.8,1.2,4.5,3.0,10.0,0.6,0.01,0.06,0.55,0.16,0.2,0.35,1.5,12,10.0,14.0,0.9,1.2,0.6,0.01,0.06,0.65,0.3,0.72,0.005,0.38,0.22,0.01,0.14,1.0,0.28
lqr,ground_truth,curvy,400.0,0.05,0.1,1.0,48.993098463863134,99.13504028320312,32.20732498168945,18.563545763554668,0.880898680889775,0.011281073784030943,-0.000764194074798219,0.011281073784030943,0.000764194074798219,0.00015030971553642303,-2.855774073395878e-05,0.5785402655601501,0.0,19.444444444444443,203,197,4.443110466003418,RoadOption.STRAIGHT,99.07510375976562,42.6502571105957,1.5776161497143715,2.8,1.2,4.5,3.0,10.0,0.6,0.01,0.06,0.55,0.16,0.2,0.35,1.5,12,10.0,14.0,0.9,1.2,0.6,0.01,0.06,0.65,0.3,0.72,0.005,0.38,0.22,0.01,0.14,1.0,0.28
lqr,ground_truth,curvy,400.0,0.05,0.1,1.0,49.04309846460819,99.12946319580078,33.1354866027832,18.563546069910895,0.8808983745335475,0.010527276528119744,-0.0007115966432689191,0.010527276528119744,0.0007115966432689191,0.00013021915219724178,-2.0090563339181244e-05,0.5785386562347412,0.0,19.444444444444443,204,198,4.514930725097656,RoadOption.STRAIGHT,99.06828308105469,43.65023422241211,1.5776161497143715,2.8,1.2,4.5,3.0,10.0,0.6,0.01,0.06,0.55,0.16,0.2,0.35,1.5,12,10.0,14.0,0.9,1.2,0.6,0.01,0.06,0.65,0.3,0.72,0.005,0.38,0.22,0.01,0.14,1.0,0.28
lqr,ground_truth,curvy,400.0,0.05,0.1,1.0,49.09309846535325,99.12383270263672,34.06364822387695,18.56354588454385,0.8808985599005936,0.009826883791981534,-0.0006639260597567365,0.009826883791981534,0.0006639260597567365,0.00012133233394706622,-8.886818250175565e-06,0.5785393714904785,0.0,19.444444444444443,205,199,4.5867509841918945,RoadOption.STRAIGHT,99.06146240234375,44.65020751953125,1.5776161497143715,2.8,1.2,4.5,3.0,10.0,0.6,0.01,0.06,0.55,0.16,0.2,0.35,1.5,12,10.0,14.0,0.9,1.2,0.6,0.01,0.06,0.65,0.3,0.72,0.005,0.38,0.22,0.01,0.14,1.0,0.28
lqr,ground_truth,curvy,400.0,0.05,0.1,1.0,49.14309846609831,99.11814880371094,34.9918098449707,18.563543516318248,0.880900928126195,0.009179895575616305,-0.0006210491662064221,0.009179895575616305,0.0006210491662064221,0.0001197544697788544,-1.5778641682118177e-06,0.5785434246063232,0.0,19.444444444444443,206,200,4.658571243286133,RoadOption.STRAIGHT,99.05464172363281,45.650184631347656,1.5776161497143715,2.8,1.2,4.5,3.0,10.0,0.6,0.01,0.06,0.55,0.16,0.2,0.35,1.5,12,10.0,14.0,0.9,1.2,0.6,0.01,0.06,0.65,0.3,0.72,0.005,0.38,0.22,0.01,0.14,1.0,0.28
lqr,ground_truth,curvy,400.0,0.05,0.1,1.0,49.19309846684337,99.1124267578125,35.91997146606445,18.56354288506881,0.8809015593756335,0.008571053444803207,-0.0005803028015280987,0.008571053444803207,0.0005803028015280987,0.00011609889770625159,-3.6555720726028085e-06,0.5785416960716248,0.0,19.444444444444443,207,201,4.730391025543213,RoadOption.STRAIGHT,99.04782104492188,46.65016174316406,1.5776161497143715,2.8,1.2,4.5,3.0,10.0,0.6,0.01,0.06,0.55,0.16,0.2,0.35,1.5,12,10.0,14.0,0.9,1.2,0.6,0.01,0.06,0.65,0.3,0.72,0.005,0.38,0.22,0.01,0.14,1.0,0.28
lqr,ground_truth,curvy,400.0,0.05,0.1,1.0,49.243098467588425,99.10667419433594,36.8481330871582,18.56354199605787,0.8809024483865713,0.007992728182431814,-0.0005424859140488181,0.007992728182431814,0.0005424859140488181,8.975392120191827e-05,-2.6344976504333317e-05,0.5785425305366516,0.0,19.444444444444443,208,202,4.802211284637451,RoadOption.STRAIGHT,99.04100036621094,47.65013885498047,1.5776161497143715,2.8,1.2,4.5,3.0,10.0,0.6,0.01,0.06,0.55,0.16,0.2,0.35,1.5,12,10.0,14.0,0.9,1.2,0.6,0.01,0.06,0.65,0.3,0.72,0.005,0.38,0.22,0.01,0.14,1.0,0.28
lqr,ground_truth,curvy,400.0,0.05,0.1,1.0,49.29309846833348,99.10087585449219,37.77629470825195,18.56354036531564,0.8809040791288041,0.007467807439833406,-0.0005082642940417159,0.007467807439833406,0.0005082642940417159,0.00012543363845907152,3.567971725715324e-05,0.5785443782806396,0.0,19.444444444444443,209,203,4.874031066894531,RoadOption.STRAIGHT,99.0341796875,48.650115966796875,1.5776161497143715,2.8,1.2,4.5,3.0,10.0,0.6,0.01,0.06,0.55,0.16,0.2,0.35,1.5,12,10.0,14.0,0.9,1.2,0.6,0.01,0.06,0.65,0.3,0.72,0.005,0.38,0.22,0.01,0.14,1.0,0.28
lqr,ground_truth,curvy,400.0,0.05,0.1,1.0,49.34309846907854,99.09503936767578,38.7044563293457,18.563539461610603,0.8809049828338402,0.006973403565676706,-0.0004741758320885303,0.006973403565676706,0.0004741758320885303,0.00010856914013857022,-1.6864498320501298e-05,0.5785440802574158,0.0,19.444444444444443,210,204,4.945850372314453,RoadOption.STRAIGHT,99.0273666381836,49.65009307861328,1.5776161497143715,2.8,1.2,4.5,3.0,10.0,0.6,0.01,0.06,0.55,0.16,0.2,0.35,1.5,12,10.0,14.0,0.9,1.2,0.6,0.01,0.06,0.65,0.3,0.72,0.005,0.38,0.22,0.01,0.14,1.0,0.28
lqr,ground_truth,curvy,400.0,0.05,0.1,1.0,49.3930984698236,99.08916473388672,39.63261795043945,18.56353603517769,0.8809084092667518,0.006517119761713954,-0.00044075316040803614,0.006517119761713954,0.00044075316040803614,8.257409353973344e-05,-2.599504659883678e-05,0.5785491466522217,0.0,19.444444444444443,210,205,5.017666339874268,RoadOption.STRAIGHT,99.0273666381836,49.65009307861328,1.5776161497143715,2.8,1.2,4.5,3.0,10.0,0.6,0.01,0.06,0.55,0.16,0.2,0.35,1.5,12,10.0,14.0,0.9,1.2,0.6,0.01,0.06,0.65,0.3,0.72,0.005,0.38,0.22,0.01,0.14,1.0,0.28
lqr,ground_truth,curvy,400.0,0.05,0.1,1.0,49.44309847056866,99.08328247070312,40.5607795715332,18.563539585403504,0.880904859040939,0.0060693973244688275,-0.00040932785954517215,0.0060693973244688275,0.00040932785954517215,7.04945923644118e-05,-1.2079501175321639e-05,0.5785386562347412,0.0,19.444444444444443,211,205,4.089486598968506,RoadOption.STRAIGHT,99.02054595947266,50.65007019042969,1.5776161497143715,2.8,1.2,4.5,3.0,10.0,0.6,0.01,0.06,0.55,0.16,0.2,0.35,1.5,12,10.0,14.0,0.9,1.2,0.6,0.01,0.06,0.65,0.3,0.72,0.005,0.38,0.22,0.01,0.14,1.0,0.28
lqr,ground_truth,curvy,400.0,0.05,0.1,1.0,49.493098471313715,99.07735443115234,41.488929748535156,18.563542859001274,0.8809015854431692,0.005666622101711781,-0.0003821636164262898,0.005666622101711781,0.0003821636164262898,6.737450894434005e-05,-3.120083420071751e-06,0.5785370469093323,0.0,19.444444444444443,212,206,4.161317348480225,RoadOption.STRAIGHT,99.01372528076172,51.650047302246094,1.5776161497143715,2.8,1.2,4.5,3.0,10.0,0.6,0.01,0.06,0.55,0.16,0.2,0.35,1.5,12,10.0,14.0,0.9,1.2,0.6,0.01,0.06,0.65,0.3,0.72,0.005,0.38,0.22,0.01,0.14,1.0,0.28
lqr,ground_truth,curvy,400.0,0.05,0.1,1.0,49.54309847205877,99.07139587402344,42.41707992553711,18.563544099965924,0.8809003444785191,0.00529436374739644,-0.00035779569245208975,0.00529436374739644,0.00035779569245208975,6.88786240061745e-05,1.5041150618344545e-06,0.578538715839386,0.0,19.444444444444443,213,207,4.233147621154785,RoadOption.STRAIGHT,99.00690460205078,52.6500244140625,1.5776161497143715,2.8,1.2,4.5,3.0,10.0,0.6,0.01,0.06,0.55,0.16,0.2,0.35,1.5,12,10.0,14.0,0.9,1.2,0.6,0.01,0.06,0.65,0.3,0.72,0.005,0.38,0.22,0.01,0.14,1.0,0.28
lqr,ground_truth,curvy,400.0,0.05,0.1,1.0,49.59309847280383,99.06541442871094,43.34523010253906,18.56354145490147,0.8809029895429745,0.004944993044412375,-0.00033529198124071513,0.004944993044412375,0.00033529198124071513,7.081473449943587e-05,1.936110493261367e-06,0.5785449743270874,0.0,19.444444444444443,214,208,4.304978370666504,RoadOption.STRAIGHT,99.00008392333984,53.64999771118164,-4.705568624832996,2.8,1.2,4.5,3.0,10.0,0.6,0.01,0.06,0.55,0.16,0.2,0.35,1.5,12,10.0,14.0,0.9,1.2,0.6,0.01,0.06,0.65,0.3,0.72,0.005,0.38,0.22,0.01,0.14,1.0,0.28
lqr,ground_truth,curvy,400.0,0.05,0.1,1.0,49.64309847354889,99.0594253540039,44.27337646484375,18.563538722056574,0.8809057223878689,0.004603277573896922,-0.0003133209022481154,0.004603277573896922,0.0003133209022481154,4.605273716151714e-05,-2.476199733791873e-05,0.5785467028617859,0.0,19.444444444444443,215,209,4.376812934875488,RoadOption.STRAIGHT,98.9932632446289,54.64997482299805,-4.705568624832996,2.8,1.2,4.5,3.0,10.0,0.6,0.01,0.06,0.55,0.16,0.2,0.35,1.5,12,10.0,14.0,0.9,1.2,0.6,0.01,0.06,0.65,0.3,0.72,0.005,0.38,0.22,0.01,0.14,1.0,0.28
lqr,ground_truth,curvy,400.0,0.05,0.1,1.0,49.69309847429395,99.05340576171875,45.2015266418457,18.563541017739283,0.8809034267051601,0.004299682173575417,-0.0002938798262901443,0.004299682173575417,0.0002938798262901443,8.312700083479285e-05,3.707426367327571e-05,0.5785393118858337,0.0,19.444444444444443,216,210,4.448643207550049,RoadOption.STRAIGHT,98.98644256591797,55.64995193481445,-4.705568624832996,2.8,1.2,4.5,3.0,10.0,0.6,0.01,0.06,0.55,0.16,0.2,0.35,1.5,12,10.0,14.0,0.9,1.2,0.6,0.01,0.06,0.65,0.3,0.72,0.005,0.38,0.22,0.01,0.14,1.0,0.28
lqr,ground_truth,curvy,400.0,0.05,0.1,1.0,49.743098475039005,99.04734802246094,46.129676818847656,18.56354224748157,0.8809021969628716,0.00402660364169562,-0.00027377296006037,0.00402660364169562,0.00027377296006037,6.356334051815793e-05,-1.9563660316634923e-05,0.5785398483276367,0.0,19.444444444444443,217,211,4.520473480224609,RoadOption.STRAIGHT,98.97962188720703,56.64992904663086,-4.705568624832996,2.8,1.2,4.5,3.0,10.0,0.6,0.01,0.06,0.55,0.16,0.2,0.35,1.5,12,10.0,14.0,0.9,1.2,0.6,0.01,0.06,0.65,0.3,0.72,0.005,0.38,0.22,0.01,0.14,1.0,0.28
lqr,ground_truth,curvy,400.0,0.05,0.1,1.0,49.79309847578406,99.04130554199219,47.05782699584961,18.56354282218622,0.8809016222582216,0.003738266675594973,-0.0002533997777209862,0.003738266675594973,0.0002533997777209862,5.096889799460769e-05,-1.2594442523550242e-05,0.5785402655601501,0.0,19.444444444444443,218,212,4.59230375289917,RoadOption.STRAIGHT,98.97280883789062,57.649906158447266,-4.705568624832996,2.8,1.2,4.5,3.0,10.0,0.6,0.01,0.06,0.55,0.16,0.2,0.35,1.5,12,10.0,14.0,0.9,1.2,0.6,0.01,0.06,0.65,0.3,0.72,0.005,0.38,0.22,0.01,0.14,1.0,0.28
lqr,ground_truth,curvy,400.0,0.05,0.1,1.0,49.84309847652912,99.03520965576172,47.98597717285156,18.563541185355703,0.8809032590887398,0.0035033342292673,-0.00023489080814487195,0.0035033342292673,0.00023489080814487195,3.192643271177076e-05,-1.904246528283693e-05,0.5785439014434814,0.0,19.444444444444443,219,213,4.664133548736572,RoadOption.STRAIGHT,98.96598815917969,58.64988327026367,-4.705568624832996,2.8,1.2,4.5,3.0,10.0,0.6,0.01,0.06,0.55,0.16,0.2,0.35,1.5,12,10.0,14.0,0.9,1.2,0.6,0.01,0.06,0.65,0.3,0.72,0.005,0.38,0.22,0.01,0.14,1.0,0.28
lqr,ground_truth,curvy,400.0,0.05,0.1,1.0,49.89309847727418,99.02910614013672,48.91412353515625,18.56354292282786,0.8809015216165825,0.0032785535259800096,-0.00021984394798657547,0.0032785535259800096,0.00021984394798657547,3.1871710234554484e-05,-5.4722477216273546e-08,0.5785388350486755,0.0,19.444444444444443,220,214,4.735963821411133,RoadOption.STRAIGHT,98.95916748046875,59.64986038208008,-4.705568624832996,2.8,1.2,4.5,3.0,10.0,0.6,0.01,0.06,0.55,0.16,0.2,0.35,1.5,12,10.0,14.0,0.9,1.2,0.6,0.01,0.06,0.65,0.3,0.72,0.005,0.38,0.22,0.01,0.14,1.0,0.28
lqr,ground_truth,curvy,400.0,0.05,0.1,1.0,49.94309847801924,99.02301788330078,49.8422737121582,18.563544671138633,0.8808997733058099,0.0030360301216523986,-0.0002062618264275784,0.0030360301216523986,0.0002062618264275784,4.780001472681761e-05,1.5928304492263123e-05,0.5785377621650696,0.0,19.444444444444443,221,215,4.807793617248535,RoadOption.STRAIGHT,98.95234680175781,60.649837493896484,-4.705568624832996,2.8,1.2,4.5,3.0,10.0,0.6,0.01,0.06,0.55,0.16,0.2,0.35,1.5,12,10.0,14.0,0.9,1.2,0.6,0.01,0.06,0.65,0.3,0.72,0.005,0.38,0.22,0.01,0.14,1.0,0.28
lqr,ground_truth,curvy,400.0,0.05,0.1,1.0,49.993098478764296,99.01687622070312,50.770423889160156,18.563540997755634,0.8809034466888086,0.002846911236903761,-0.0001936118112482177,0.002846911236903761,0.0001936118112482177,4.47058082500007e-05,-3.0942064768169075e-06,0.5785464644432068,0.0,19.444444444444443,222,216,4.8796234130859375,RoadOption.STRAIGHT,98.94552612304688,61.64981460571289,-4.705568624832996,2.8,1.2,4.5,3.0,10.0,0.6,0.01,0.06,0.55,0.16,0.2,0.35,1.5,12,10.0,14.0,0.9,1.2,0.6,0.01,0.06,0.65,0.3,0.72,0.005,0.38,0.22,0.01,0.14,1.0,0.28
lqr,ground_truth,curvy,400.0,0.05,0.1,1.0,50.043098479509354,99.01072692871094,51.69857406616211,18.56354091793956,0.8809035265048841,0.0026654215692378455,-0.00018002968968922062,0.0026654215692378455,0.00018002968968922062,8.4307876022649e-06,-3.62750206477358e-05,0.5785422325134277,0.0,19.444444444444443,223,217,4.95145320892334,RoadOption.STRAIGHT,98.93870544433594,62.6497917175293,-4.705568624832996,2.8,1.2,4.5,3.0,10.0,0.6,0.01,0.06,0.55,0.16,0.2,0.35,1.5,12,10.0,14.0,0.9,1.2,0.6,0.01,0.06,0.65,0.3,0.72,0.005,0.38,0.22,0.01,0.14,1.0,0.28
lqr,ground_truth,curvy,400.0,0.05,0.1,1.0,50.09309848025441,99.00457763671875,52.62672424316406,18.563541821904387,0.8809026225400558,0.002491561118654645,-0.00016990967754715314,0.002491561118654645,0.00016990967754715314,5.23661874467507e-05,4.39353998444858e-05,0.5785405039787292,0.0,19.444444444444443,223,218,5.023283004760742,RoadOption.STRAIGHT,98.93870544433594,62.6497917175293,-4.705568624832996,2.8,1.2,4.5,3.0,10.0,0.6,0.01,0.06,0.55,0.16,0.2,0.35,1.5,12,10.0,14.0,0.9,1.2,0.6,0.01,0.06,0.65,0.3,0.72,0.005,0.38,0.22,0.01,0.14,1.0,0.28
lqr,ground_truth,curvy,400.0,0.05,0.1,1.0,50.14309848099947,98.99842834472656,53.55487060546875,18.563543825973884,0.8809006184705588,0.002310470970210504,-0.00015952334929636436,0.002310470970210504,0.00015952334929636436,8.016620995476842e-05,2.780002250801772e-05,0.5785379409790039,0.0,19.444444444444443,224,218,4.095116138458252,RoadOption.STRAIGHT,98.93189239501953,63.6497688293457,-4.705568624832996,2.8,1.2,4.5,3.0,10.0,0.6,0.01,0.06,0.55,0.16,0.2,0.35,1.5,12,10.0,14.0,0.9,1.2,0.6,0.01,0.06,0.65,0.3,0.72,0.005,0.38,0.22,0.01,0.14,1.0,0.28
lqr,ground_truth,curvy,400.0,0.05,0.1,1.0,50.19309848174453,98.99223327636719,54.4830207824707,18.563540578907922,0.8809038655365207,0.002174756605040861,-0.00014460964719198444,0.002174756605040861,0.00014460964719198444,2.8243355700396933e-05,-5.1922854254371487e-05,0.5785462260246277,0.0,19.444444444444443,225,219,4.166945457458496,RoadOption.STRAIGHT,98.9250717163086,64.64974212646484,-4.705568624832996,2.8,1.2,4.5,3.0,10.0,0.6,0.01,0.06,0.55,0.16,0.2,0.35,1.5,12,10.0,14.0,0.9,1.2,0.6,0.01,0.06,0.65,0.3,0.72,0.005,0.38,0.22,0.01,0.14,1.0,0.28
lqr,ground_truth,curvy,400.0,0.05,0.1,1.0,50.243098482489586,98.98604583740234,55.411170959472656,18.56354168433753,0.8809027601069133,0.0020314130227884995,-0.0001299622611963258,0.0020314130227884995,0.0001299622611963258,-7.211675438156817e-06,-3.545503113855375e-05,0.5785403251647949,0.0,19.444444444444443,226,220,4.238775253295898,RoadOption.STRAIGHT,98.91825103759766,65.64971923828125,-4.705568624832996,2.8,1.2,4.5,3.0,10.0,0.6,0.01,0.06,0.55,0.16,0.2,0.35,1.5,12,10.0,14.0,0.9,1.2,0.6,0.01,0.06,0.65,0.3,0.72,0.005,0.38,0.22,0.01,0.14,1.0,0.28
lqr,ground_truth,curvy,400.0,0.05,0.1,1.0,50.293098483234644,98.97984313964844,56.33932113647461,18.563542130040116,0.8809023144043273,0.0019033278747015644,-0.00012077435543567105,0.0019033278747015644,0.00012077435543567105,-8.220498784794472e-06,-1.008823346637655e-06,0.5785408616065979,0.0,19.444444444444443,227,221,4.310604572296143,RoadOption.STRAIGHT,98.91143035888672,66.64969635009766,-4.705568624832996,2.8,1.2,4.5,3.0,10.0,0.6,0.01,0.06,0.55,0.16,0.2,0.35,1.5,12,10.0,14.0,0.9,1.2,0.6,0.01,0.06,0.65,0.3,0.72,0.005,0.38,0.22,0.01,0.14,1.0,0.28
lqr,ground_truth,curvy,400.0,0.05,0.1,1.0,50.3430984839797,98.97364044189453,57.26747131347656,18.56354268515104,0.8809017592934012,0.0017752427266146328,-0.0001170459299082438,0.0017752427266146328,0.0001170459299082438,2.1804688003612682e-05,3.0025186788407154e-05,0.5785403847694397,0.0,19.444444444444443,228,222,4.382433891296387,RoadOption.STRAIGHT,98.90460968017578,67.64967346191406,-4.705568624832996,2.8,1.2,4.5,3.0,10.0,0.6,0.01,0.06,0.55,0.16,0.2,0.35,1.5,12,10.0,14.0,0.9,1.2,0.6,0.01,0.06,0.65,0.3,0.72,0.005,0.38,0.22,0.01,0.14,1.0,0.28
lqr,ground_truth,curvy,400.0,0.05,0.1,1.0,50.39309848472476,98.96743774414062,58.19561767578125,18.563543888450067,0.8809005559943763,0.0016471835959176624,-0.00011291803021862279,0.0016471835959176624,0.00011291803021862279,1.8993534467881545e-05,-2.811153535731137e-06,0.5785388946533203,0.0,19.444444444444443,229,223,4.4542670249938965,RoadOption.STRAIGHT,98.89778900146484,68.64965057373047,-4.705568624832996,2.8,1.2,4.5,3.0,10.0,0.6,0.01,0.06,0.55,0.16,0.2,0.35,1.5,12,10.0,14.0,0.9,1.2,0.6,0.01,0.06,0.65,0.3,0.72,0.005,0.38,0.22,0.01,0.14,1.0,0.28
lqr,ground_truth,curvy,400.0,0.05,0.1,1.0,50.44309848546982,98.96123504638672,59.1237678527832,18.56354480394399,0.8808996405004521,0.0015267276649134388,-0.00010825749831155917,0.0015267276649134388,0.00010825749831155917,6.751739419996738e-05,4.852385973208584e-05,0.5785386562347412,0.0,19.444444444444443,230,224,4.526096343994141,RoadOption.STRAIGHT,98.8909683227539,69.64962768554688,-4.705568624832996,2.8,1.2,4.5,3.0,10.0,0.6,0.01,0.06,0.55,0.16,0.2,0.35,1.5,12,10.0,14.0,0.9,1.2,0.6,0.01,0.06,0.65,0.3,0.72,0.005,0.38,0.22,0.01,0.14,1.0,0.28
lqr,ground_truth,curvy,400.0,0.05,0.1,1.0,50.493098486214876,98.95499420166016,60.051918029785156,18.56354106529069,0.8809033791537537,0.0014367625848501,-9.920275060615324e-05,0.0014367625848501,9.920275060615324e-05,3.652924715424888e-05,-3.0988147045718506e-05,0.5785465240478516,0.0,19.444444444444443,231,225,4.597921848297119,RoadOption.STRAIGHT,98.88414764404297,70.64960479736328,-4.705568624832996,2.8,1.2,4.5,3.0,10.0,0.6,0.01,0.06,0.55,0.16,0.2,0.35,1.5,12,10.0,14.0,0.9,1.2,0.6,0.01,0.06,0.65,0.3,0.72,0.005,0.38,0.22,0.01,0.14,1.0,0.28
lqr,ground_truth,curvy,400.0,0.05,0.1,1.0,50.543098486959934,98.94874572753906,60.98006820678711,18.563542101325886,0.8809023431185565,0.001354452739259441,-8.841694819139434e-05,0.001354452739259441,8.841694819139434e-05,-1.2217128642078023e-06,-3.775096001845668e-05,0.5785401463508606,0.0,19.444444444444443,232,226,4.669751167297363,RoadOption.STRAIGHT,98.87732696533203,71.64958190917969,-4.705568624832996,2.8,1.2,4.5,3.0,10.0,0.6,0.01,0.06,0.55,0.16,0.2,0.35,1.5,12,10.0,14.0,0.9,1.2,0.6,0.01,0.06,0.65,0.3,0.72,0.005,0.38,0.22,0.01,0.14,1.0,0.28
lqr,ground_truth,curvy,400.0,0.05,0.1,1.0,50.59309848770499,98.94249725341797,61.9082145690918,18.56354234071213,0.8809021037323141,0.0012721689110587464,-8.04274649208736e-05,0.0012721689110587464,8.04274649208736e-05,-1.384254119329853e-05,-1.2620828329090727e-05,0.5785409808158875,0.0,19.444444444444443,233,227,4.741583824157715,RoadOption.STRAIGHT,98.87051391601562,72.6495590209961,-4.705568624832996,2.8,1.2,4.5,3.0,10.0,0.6,0.01,0.06,0.55,0.16,0.2,0.35,1.5,12,10.0,14.0,0.9,1.2,0.6,0.01,0.06,0.65,0.3,0.72,0.005,0.38,0.22,0.01,0.14,1.0,0.28
lqr,ground_truth,curvy,400.0,0.05,0.1,1.0,50.64309848845005,98.93624877929688,62.83636474609375,18.563542451552816,0.8809019928916264,0.0011898590654680768,-7.723167161266531e-05,0.0011898590654680768,7.723167161266531e-05,3.690040102810599e-06,1.753258129610913e-05,0.5785410404205322,0.0,19.444444444444443,234,228,4.813413143157959,RoadOption.STRAIGHT,98.86369323730469,73.6495361328125,-4.705568624832996,2.8,1.2,4.5,3.0,10.0,0.6,0.01,0.06,0.55,0.16,0.2,0.35,1.5,12,10.0,14.0,0.9,1.2,0.6,0.01,0.06,0.65,0.3,0.72,0.005,0.38,0.22,0.01,0.14,1.0,0.28
lqr,ground_truth,curvy,400.0,0.05,0.1,1.0,50.69309848919511,98.93000030517578,63.7645149230957,18.563543022438196,0.8809014220062465,0.0011075492198774212,-7.523430079459104e-05,0.0011075492198774212,7.523430079459104e-05,2.5350196665385738e-05,2.166015656257514e-05,0.5785401463508606,0.0,19.444444444444443,235,229,4.885241985321045,RoadOption.STRAIGHT,98.85687255859375,74.6495132446289,-4.705568624832996,2.8,1.2,4.5,3.0,10.0,0.6,0.01,0.06,0.55,0.16,0.2,0.35,1.5,12,10.0,14.0,0.9,1.2,0.6,0.01,0.06,0.65,0.3,0.72,0.005,0.38,0.22,0.01,0.14,1.0,0.28
lqr,ground_truth,curvy,400.0,0.05,0.1,1.0,50.74309848994017,98.92375946044922,64.69266510009766,18.56354399038467,0.8809004540597734,0.0010176101572040505,-7.190534943291027e-05,0.0010176101572040505,7.190534943291027e-05,3.6956746043870226e-05,1.1606549378484488e-05,0.5785391330718994,0.0,19.444444444444443,236,230,4.957071304321289,RoadOption.STRAIGHT,98.85005187988281,75.64949035644531,-4.705568624832996,2.8,1.2,4.5,3.0,10.0,0.6,0.01,0.06,0.55,0.16,0.2,0.35,1.5,12,10.0,14.0,0.9,1.2,0.6,0.01,0.06,0.65,0.3,0.72,0.005,0.38,0.22,0.01,0.14,1.0,0.28
lqr,ground_truth,curvy,400.0,0.05,0.1,1.0,50.793098490685225,98.91751098632812,65.62081146240234,18.5635412703061,0.8809031741383428,0.0009353263290033456,-6.61795530891851e-05,0.0009353263290033456,6.61795530891851e-05,2.8888698579976335e-05,-8.06804746389389e-06,0.5785451531410217,0.0,19.444444444444443,236,231,5.028904438018799,RoadOption.STRAIGHT,98.85005187988281,75.64949035644531,-4.705568624832996,2.8,1.2,4.5,3.0,10.0,0.6,0.01,0.06,0.55,0.16,0.2,0.35,1.5,12,10.0,14.0,0.9,1.2,0.6,0.01,0.06,0.65,0.3,0.72,0.005,0.38,0.22,0.01,0.14,1.0,0.28
lqr,ground_truth,curvy,400.0,0.05,0.1,1.0,50.84309849143028,98.9112548828125,66.54896545410156,18.56354209767471,0.8809023467697337,0.0008609931849372539,-5.912217620007709e-05,0.0008609931849372539,5.912217620007709e-05,1.1851388080685865e-05,-1.703731049929047e-05,0.5785404443740845,0.0,19.444444444444443,237,231,4.100729465484619,RoadOption.STRAIGHT,98.84323120117188,76.64946746826172,-4.705568624832996,2.8,1.2,4.5,3.0,10.0,0.6,0.01,0.06,0.55,0.16,0.2,0.35,1.5,12,10.0,14.0,0.9,1.2,0.6,0.01,0.06,0.65,0.3,0.72,0.005,0.38,0.22,0.01,0.14,1.0,0.28
lqr,ground_truth,curvy,400.0,0.05,0.1,1.0,50.89309849217534,98.90496063232422,67.47711181640625,18.563542556609246,0.8809018878351971,0.0008244846592328284,-5.2464273474939205e-05,0.0008244846592328284,5.2464273474939205e-05,-3.7636753404513e-05,-4.9488141485198867e-05,0.578540563583374,0.0,19.444444444444443,238,232,4.1725616455078125,RoadOption.STRAIGHT,98.83641052246094,77.6494369506836,-4.705568624832996,2.8,1.2,4.5,3.0,10.0,0.6,0.01,0.06,0.55,0.16,0.2,0.35,1.5,12,10.0,14.0,0.9,1.2,0.6,0.01,0.06,0.65,0.3,0.72,0.005,0.38,0.22,0.01,0.14,1.0,0.28
lqr,ground_truth,curvy,400.0,0.05,0.1,1.0,50.9430984929204,98.89868927001953,68.40526580810547,18.56354191175349,0.8809025326909534,0.000772665664583054,-5.2464273474939205e-05,0.000772665664583054,5.2464273474939205e-05,2.1708143322030082e-05,5.9344896726543084e-05,0.5785422921180725,0.0,19.444444444444443,239,233,4.244387149810791,RoadOption.STRAIGHT,98.82958984375,78.6494140625,-4.705568624832996,2.8,1.2,4.5,3.0,10.0,0.6,0.01,0.06,0.55,0.16,0.2,0.35,1.5,12,10.0,14.0,0.9,1.2,0.6,0.01,0.06,0.65,0.3,0.72,0.005,0.38,0.22,0.01,0.14,1.0,0.28
lqr,ground_truth,curvy,400.0,0.05,0.1,1.0,50.99309849366546,98.89238739013672,69.33341217041016,18.56354286525753,0.8809015791869115,0.00074378635596134,-5.033374460339246e-05,0.00074378635596134,5.033374460339246e-05,1.915978100441862e-05,-2.5483623176114634e-06,0.5785397887229919,0.0,19.444444444444443,240,234,4.316219806671143,RoadOption.STRAIGHT,98.82276916503906,79.6493911743164,-4.705568624832996,2.8,1.2,4.5,3.0,10.0,0.6,0.01,0.06,0.55,0.16,0.2,0.35,1.5,12,10.0,14.0,0.9,1.2,0.6,0.01,0.06,0.65,0.3,0.72,0.005,0.38,0.22,0.01,0.14,1.0,0.28
lqr,ground_truth,curvy,400.0,0.05,0.1,1.0,51.043098494410515,98.88609313964844,70.26155853271484,18.56354351729503,0.8809009271494119,0.000707277830256911,-4.753742545915429e-05,0.000707277830256911,4.753742545915429e-05,1.298407278227387e-05,-6.175708222144749e-06,0.5785397887229919,0.0,19.444444444444443,241,235,4.388052463531494,RoadOption.STRAIGHT,98.81594848632812,80.64936828613281,-4.705568624832996,2.8,1.2,4.5,3.0,10.0,0.6,0.01,0.06,0.55,0.16,0.2,0.35,1.5,12,10.0,14.0,0.9,1.2,0.6,0.01,0.06,0.65,0.3,0.72,0.005,0.38,0.22,0.01,0.14,1.0,0.28
lqr,ground_truth,curvy,400.0,0.05,0.1,1.0,51.09309849515557,98.87979888916016,71.18971252441406,18.563543946409563,0.8809004980348796,0.0006707172697725597,-4.407531604044834e-05,0.0006707172697725597,4.407531604044834e-05,4.418643584358506e-06,-8.565429197915364e-06,0.5785397887229919,0.0,19.444444444444443,242,236,4.4598774909973145,RoadOption.STRAIGHT,98.80912780761719,81.64934539794922,-4.705568624832996,2.8,1.2,4.5,3.0,10.0,0.6,0.01,0.06,0.55,0.16,0.2,0.35,1.5,12,10.0,14.0,0.9,1.2,0.6,0.01,0.06,0.65,0.3,0.72,0.005,0.38,0.22,0.01,0.14,1.0,0.28
lqr,ground_truth,curvy,400.0,0.05,0.1,1.0,51.14309849590063,98.87350463867188,72.11785888671875,18.563544177001525,0.880900267442918,0.0006342087440681342,-4.11458388427377e-05,0.0006342087440681342,4.11458388427377e-05,9.831450142883114e-07,-3.4354985700701945e-06,0.5785399079322815,0.0,19.444444444444443,243,237,4.531710147857666,RoadOption.STRAIGHT,98.80230712890625,82.64932250976562,-4.705568624832996,2.8,1.2,4.5,3.0,10.0,0.6,0.01,0.06,0.55,0.16,0.2,0.35,1.5,12,10.0,14.0,0.9,1.2,0.6,0.01,0.06,0.65,0.3,0.72,0.005,0.38,0.22,0.01,0.14,1.0,0.28
lqr,ground_truth,curvy,400.0,0.05,0.1,1.0,51.19309849664569,98.86720275878906,73.04601287841797,18.563544363721714,0.8809000807227285,0.0006052253658865719,-3.90153099694146e-05,0.0006052253658865719,3.90153099694146e-05,6.01741021455382e-07,-3.8140399283292936e-07,0.5785398483276367,0.0,19.444444444444443,244,238,4.603527545928955,RoadOption.STRAIGHT,98.79549407958984,83.64929962158203,1.5776161497143715,2.8,1.2,4.5,3.0,10.0,0.6,0.01,0.06,0.55,0.16,0.2,0.35,1.5,12,10.0,14.0,0.9,1.2,0.6,0.01,0.06,0.65,0.3,0.72,0.005,0.38,0.22,0.01,0.14,1.0,0.28
lqr,ground_truth,curvy,400.0,0.05,0.1,1.0,51.24309849739075,98.86090850830078,73.97415924072266,18.563544547553327,0.8808998968911155,0.000568716840182143,-3.90153099694146e-05,0.000568716840182143,3.90153099694146e-05,1.3009138456254732e-05,1.240739743479935e-05,0.5785397291183472,0.0,19.444444444444443,245,239,4.675360202789307,RoadOption.STRAIGHT,98.7886734008789,84.64927673339844,1.5776161497143715,2.8,1.2,4.5,3.0,10.0,0.6,0.01,0.06,0.55,0.16,0.2,0.35,1.5,12,10.0,14.0,0.9,1.2,0.6,0.01,0.06,0.65,0.3,0.72,0.005,0.38,0.22,0.01,0.14,1.0,0.28
lqr,ground_truth,curvy,400.0,0.05,0.1,1.0,51.293098498135805,98.85460662841797,74.90230560302734,18.56354501155073,0.8808994328937132,0.000539837531560422,-3.608583277170396e-05,0.000539837531560422,3.608583277170396e-05,7.222635758807883e-06,-5.786502697446849e-06,0.5785390734672546,0.0,19.444444444444443,246,240,4.7471923828125,RoadOption.STRAIGHT,98.78185272216797,85.64925384521484,1.5776161497143715,2.8,1.2,4.5,3.0,10.0,0.6,0.01,0.06,0.55,0.16,0.2,0.35,1.5,12,10.0,14.0,0.9,1.2,0.6,0.01,0.06,0.65,0.3,0.72,0.005,0.38,0.22,0.01,0.14,1.0,0.28
lqr,ground_truth,curvy,400.0,0.05,0.1,1.0,51.34309849888086,98.84830474853516,75.83045959472656,18.563545279029583,0.8808991654148599,0.0005109061881587856,-3.315635557221697e-05,0.0005109061881587856,3.315635557221697e-05,1.6915897731450968e-06,-5.531045985662786e-06,0.5785391926765442,0.0,19.444444444444443,247,241,4.8190178871154785,RoadOption.STRAIGHT,98.77503204345703,86.64923095703125,1.5776161497143715,2.8,1.2,4.5,3.0,10.0,0.6,0.01,0.06,0.55,0.16,0.2,0.35,1.5,12,10.0,14.0,0.9,1.2,0.6,0.01,0.06,0.65,0.3,0.72,0.005,0.38,0.22,0.01,0.14,1.0,0.28
lqr,ground_truth,curvy,400.0,0.05,0.1,1.0,51.39309849962592,98.84201049804688,76.75860595703125,18.563545419676604,0.8808990247678388,0.0004743976624543636,-3.315635557221697e-05,0.0004743976624543636,3.315635557221697e-05,1.2876850632892456e-05,1.1185260859747359e-05,0.578539252281189,0.0,19.444444444444443,248,242,4.89085054397583,RoadOption.STRAIGHT,98.7682113647461,87.64920806884766,1.5776161497143715,2.8,1.2,4.5,3.0,10.0,0.6,0.01,0.06,0.55,0.16,0.2,0.35,1.5,12,10.0,14.0,0.9,1.2,0.6,0.01,0.06,0.65,0.3,0.72,0.005,0.38,0.22,0.01,0.14,1.0,0.28
lqr,ground_truth,curvy,400.0,0.05,0.1,1.0,51.44309850037098,98.83570861816406,77.68675231933594,18.56354584944546,0.8808985949989818,0.00044551835383264266,-2.9694246155287374e-05,0.00044551835383264266,2.9694246155287374e-05,-2.1258018023218028e-05,-3.4134868656110484e-05,0.5785386562347412,0.0,19.444444444444443,249,243,4.962683200836182,RoadOption.STRAIGHT,98.76139068603516,88.64918518066406,1.5776161497143715,2.8,1.2,4.5,3.0,10.0,0.6,0.01,0.06,0.55,0.16,0.2,0.35,1.5,12,10.0,14.0,0.9,1.2,0.6,0.01,0.06,0.65,0.3,0.72,0.005,0.38,0.22,0.01,0.14,1.0,0.28
lqr,ground_truth,curvy,400.0,0.05,0.1,1.0,51.49309850111604,98.82941436767578,78.61490631103516,18.563545414216147,0.8808990302282957,0.0004139054694973915,-2.916161393606842e-05,0.0004139054694973915,2.916161393606842e-05,2.4907125407480635e-05,4.616514343069866e-05,0.5785399675369263,0.0,19.444444444444443,249,244,5.034507751464844,RoadOption.STRAIGHT,98.76139068603516,88.64918518066406,1.5776161497143715,2.8,1.2,4.5,3.0,10.0,0.6,0.01,0.06,0.55,0.16,0.2,0.35,1.5,12,10.0,14.0,0.9,1.2,0.6,0.01,0.06,0.65,0.3,0.72,0.005,0.38,0.22,0.01,0.14,1.0,0.28
lqr,ground_truth,curvy,400.0,0.05,0.1,1.0,51.543098501861095,98.82311248779297,79.54305267333984,18.563544292973575,0.8809001514708683,0.0003858940347584404,-2.916161393606842e-05,0.0003858940347584404,2.916161393606842e-05,5.32199555891566e-05,2.8312830181675963e-05,0.5785414576530457,0.0,19.444444444444443,250,244,4.106340408325195,RoadOption.STRAIGHT,98.75457763671875,89.64916229248047,1.5776161497143715,2.8,1.2,4.5,3.0,10.0,0.6,0.01,0.06,0.55,0.16,0.2,0.35,1.5,12,10.0,14.0,0.9,1.2,0.6,0.01,0.06,0.65,0.3,0.72,0.005,0.38,0.22,0.01,0.14,1.0,0.28
lqr,ground_truth,curvy,400.0,0.05,0.1,1.0,51.59309850260615,98.81681060791016,80.47120666503906,18.56353987526713,0.8809045691773143,0.00035692443505410537,-2.2237395102209234e-05,0.00035692443505410537,2.2237395102209234e-05,8.094874829112086e-06,-4.512508076004451e-05,0.578548014163971,0.0,19.444444444444443,251,245,4.178165435791016,RoadOption.STRAIGHT,98.74775695800781,90.64913940429688,1.5776161497143715,2.8,1.2,4.5,3.0,10.0,0.6,0.01,0.06,0.55,0.16,0.2,0.35,1.5,12,10.0,14.0,0.9,1.2,0.6,0.01,0.06,0.65,0.3,0.72,0.005,0.38,0.22,0.01,0.14,1.0,0.28
lqr,ground_truth,curvy,400.0,0.05,0.1,1.0,51.64309850335121,98.8105239868164,81.39935302734375,18.56353997603165,0.880904468412794,0.00031274843184527987,-1.531317626790596e-05,0.00031274843184527987,1.531317626790596e-05,-2.1075064069009386e-05,-2.9169938898121472e-05,0.5785425305366516,0.0,19.444444444444443,252,246,4.249998092651367,RoadOption.STRAIGHT,98.74093627929688,91.64911651611328,1.5776161497143715,2.8,1.2,4.5,3.0,10.0,0.6,0.01,0.06,0.55,0.16,0.2,0.35,1.5,12,10.0,14.0,0.9,1.2,0.6,0.01,0.06,0.65,0.3,0.72,0.005,0.38,0.22,0.01,0.14,1.0,0.28
lqr,ground_truth,curvy,400.0,0.05,0.1,1.0,51.69309850409627,98.80422973632812,82.32752990722656,18.563539578719077,0.8809048657253662,0.0002759935228814382,-1.2916331286749738e-05,0.0002759935228814382,1.2916331286749738e-05,-1.9583692846936174e-05,1.4913712220732123e-06,0.5785434246063232,0.0,19.444444444444443,253,247,4.321800231933594,RoadOption.STRAIGHT,98.73179626464844,92.59030151367188,1.5888104810404107,2.8,1.2,4.5,3.0,10.0,0.6,0.01,0.06,0.55,0.16,0.2,0.35,1.5,12,10.0,14.0,0.9,1.2,0.6,0.01,0.06,0.65,0.3,0.72,0.005,0.38,0.22,0.01,0.14,1.0,0.28
lqr,ground_truth,curvy,400.0,0.05,0.1,1.0,51.74309850484133,98.79792785644531,83.25569915771484,18.56353938357622,0.8809050608682227,0.00024691986174438935,-1.2916331286749738e-05,0.00024691986174438935,1.2916331286749738e-05,-4.396609710966004e-06,1.518708313597017e-05,0.5785432457923889,0.0,19.444444444444443,254,248,4.393610000610352,RoadOption.STRAIGHT,98.7065658569336,93.48206329345703,1.6093549046376088,2.8,1.2,4.5,3.0,10.0,0.6,0.01,0.06,0.55,0.16,0.2,0.35,1.5,12,10.0,14.0,0.9,1.2,0.6,0.01,0.06,0.65,0.3,0.72,0.005,0.38,0.22,0.01,0.14,1.0,0.28
lqr,ground_truth,curvy,400.0,0.05,0.1,1.0,51.793098505586386,98.7916259765625,84.18387603759766,18.563539541531078,0.8809049029133647,0.0002177941698909766,-1.531317626790596e-05,0.0002177941698909766,1.531317626790596e-05,-6.565963303728495e-06,-2.1693535927624907e-06,0.5785427689552307,0.0,19.444444444444443,255,249,4.46541166305542,RoadOption.STRAIGHT,98.66302490234375,94.37312316894531,1.6298991950767525,2.8,1.2,4.5,3.0,10.0,0.6,0.01,0.06,0.55,0.16,0.2,0.35,1.5,12,10.0,14.0,0.9,1.2,0.6,0.01,0.06,0.65,0.3,0.72,0.005,0.38,0.22,0.01,0.14,1.0,0.28
lqr,ground_truth,curvy,400.0,0.05,0.1,1.0,51.843098506331444,98.78533172607422,85.11204528808594,18.563539525014864,0.8809049194295788,0.00018872050875392773,-1.7310547085536143e-05,0.00018872050875392773,1.7310547085536143e-05,4.745236583403312e-05,5.401832913776161e-05,0.578542947769165,0.0,19.444444444444443,256,250,4.537221431732178,RoadOption.STRAIGHT,98.6011734008789,95.26311492919922,1.6504434855158965,2.8,1.2,4.5,3.0,10.0,0.6,0.01,0.06,0.55,0.16,0.2,0.35,1.5,12,10.0,14.0,0.9,1.2,0.6,0.01,0.06,0.65,0.3,0.72,0.005,0.38,0.22,0.01,0.14,1.0,0.28
lqr,ground_truth,curvy,400.0,0.05,0.1,1.0,51.8930985070765,98.7790298461914,86.04022216796875,18.56354075071104,0.8809036937334014,0.00015959481690051847,-1.4913702104379922e-05,0.00015959481690051847,1.4913702104379922e-05,3.2200783607549965e-05,-1.5251582226483151e-05,0.5785407423973083,0.0,19.444444444444443,257,251,4.6090240478515625,RoadOption.STRAIGHT,98.52106475830078,96.1516342163086,1.6709877759550402,2.8,1.2,4.5,3.0,10.0,0.6,0.01,0.06,0.55,0.16,0.2,0.35,1.5,12,10.0,14.0,0.9,1.2,0.6,0.01,0.06,0.65,0.3,0.72,0.005,0.38,0.22,0.01,0.14,1.0,0.28
lqr,ground_truth,curvy,400.0,0.05,0.1,1.0,51.94309850782156,98.77271270751953,86.96839904785156,18.56354139305302,0.8809030513914244,0.0001457275592679566,-8.522115487963333e-06,0.0001457275592679566,8.522115487963333e-06,0.009990794584155083,0.009958593800547533,0.5785410404205322,0.0,19.444444444444443,258,252,4.680825710296631,RoadOption.STRAIGHT,98.42272186279297,97.03832244873047,1.691532066394184,2.8,1.2,4.5,3.0,10.0,0.6,0.01,0.06,0.55,0.16,0.2,0.35,1.5,12,10.0,14.0,0.9,1.2,0.6,0.01,0.06,0.65,0.3,0.72,0.005,0.38,0.22,0.01,0.14,1.0,0.28
lqr,ground_truth,curvy,400.0,0.05,0.1,1.0,51.99309850856662,98.76551818847656,87.89653015136719,18.563272594965042,0.8811718494794007,0.0508332958414453,-0.01041548986524532,0.0508332958414453,0.01041548986524532,0.10069956630468369,0.0907087717205286,0.5790256857872009,0.0,19.444444444444443,259,253,4.693892955780029,RoadOption.STRAIGHT,98.3061752319336,97.92279815673828,1.712076489991382,2.8,1.2,4.5,3.0,10.0,0.6,0.01,0.06,0.55,0.16,0.2,0.35,1.5,12,10.0,14.0,0.9,1.2,0.6,0.01,0.06,0.65,0.3,0.72,0.005,0.38,0.22,0.01,0.14,1.0,0.28
lqr,ground_truth,curvy,400.0,0.05,0.1,1.0,52.043098509311676,98.75154876708984,88.82443237304688,18.55573955883086,0.8887048856135813,0.13459765117551825,-0.02532932512774355,0.13459765117551825,0.02532932512774355,0.17577317357063293,0.07507360726594925,0.5922644138336182,0.0,19.444444444444443,261,254,4.657848358154297,RoadOption.STRAIGHT,98.01871490478516,99.68364715576172,1.7531652040277241,2.8,1.2,4.5,3.0,10.0,0.6,0.01,0.06,0.55,0.16,0.2,0.35,1.5,12,10.0,14.0,0.9,1.2,0.6,0.01,0.06,0.65,0.3,0.72,0.005,0.38,0.22,0.01,0.14,1.0,0.28
lqr,ground_truth,curvy,400.0,0.05,0.1,1.0,52.093098510056734,98.72258758544922,89.7503662109375,18.508994493747856,0.9354499506965865,0.31758141278330665,-0.04930576442172718,0.31758141278330665,0.04930576442172718,0.2200821042060852,0.04430893063545227,0.6673630475997925,0.0,19.444444444444443,262,256,5.51408576965332,RoadOption.STRAIGHT,97.84791564941406,100.55927276611328,1.7737094944668679,2.8,1.2,4.5,3.0,10.0,0.6,0.01,0.06,0.55,0.16,0.2,0.35,1.5,12,10.0,14.0,0.9,1.2,0.6,0.01,0.06,0.65,0.3,0.72,0.005,0.38,0.22,0.01,0.14,1.0,0.28
lqr,ground_truth,curvy,400.0,0.05,0.1,1.0,52.14309851080179,98.67234802246094,90.67237854003906,18.449428217817164,0.9950162266272784,0.39753197934770695,-0.039918121579197496,0.39753197934770695,0.039918121579197496,0.13128577172756195,-0.08879633247852325,0.7184891104698181,0.0,19.444444444444443,263,257,5.481344223022461,RoadOption.STRAIGHT,97.65917205810547,101.43120574951172,1.7942537849060116,2.8,1.2,4.5,3.0,10.0,0.6,0.01,0.06,0.55,0.16,0.2,0.35,1.5,12,10.0,14.0,0.9,1.2,0.6,0.01,0.06,0.65,0.3,0.72,0.005,0.38,0.22,0.01,0.14,1.0,0.28
lqr,ground_truth,curvy,400.0,0.05,0.1,1.0,52.19309851154685,98.60118865966797,91.5921401977539,18.459602333829228,0.9848421106152152,0.47878486772059126,-0.0247725913018626,0.47878486772059126,0.0247725913018626,0.017687620595097542,-0.11359815113246441,0.6286963224411011,0.0,19.444444444444443,264,258,5.449106216430664,RoadOption.STRAIGHT,97.4525375366211,102.29907989501953,1.81479820850321,2.8,1.2,4.5,3.0,10.0,0.6,0.01,0.06,0.55,0.16,0.2,0.35,1.5,12,10.0,14.0,0.9,1.2,0.6,0.01,0.06,0.65,0.3,0.72,0.005,0.38,0.22,0.01,0.14,1.0,0.28
lqr,ground_truth,curvy,400.0,0.05,0.1,1.0,52.24309851229191,98.51577758789062,92.5126724243164,18.506507277355603,0.9379371670888403,0.554289263489293,-0.015745806787038852,0.554289263489293,0.015745806787038852,-0.03951910510659218,-0.05720672570168972,0.556476354598999,0.0,19.444444444444443,265,259,5.414185047149658,RoadOption.STRAIGHT,97.22813415527344,103.16251373291016,1.8353424989423537,2.8,1.2,4.5,3.0,10.0,0.6,0.01,0.06,0.55,0.16,0.2,0.35,1.5,12,10.0,14.0,0.9,1.2,0.6,0.01,0.06,0.65,0.3,0.72,0.005,0.38,0.22,0.01,0.14,1.0,0.28
lqr,ground_truth,curvy,400.0,0.05,0.1,1.0,52.293098513036966,98.42261505126953,93.4344711303711,18.53798262269637,0.9064618217480742,0.6174062264665472,-0.020263859576358456,0.6174062264665472,0.020263859576358456,-0.003950584679841995,0.03556852042675018,0.556106686592102,0.0,19.444444444444443,266,260,5.376100063323975,RoadOption.STRAIGHT,96.98603057861328,104.02116394042969,1.855886922539552,2.8,1.2,4.5,3.0,10.0,0.6,0.01,0.06,0.55,0.16,0.2,0.35,1.5,12,10.0,14.0,0.9,1.2,0.6,0.01,0.06,0.65,0.3,0.72,0.005,0.38,0.22,0.01,0.14,1.0,0.28
lqr,ground_truth,curvy,400.0,0.05,0.1,1.0,52.343098513782024,98.31910705566406,94.3561782836914,18.553791439337864,0.8906530051065786,0.6707773192229658,-0.03286926680597624,0.6707773192229658,0.03286926680597624,0.07232391834259033,0.07627450302243233,0.5654212236404419,0.0,19.444444444444443,267,261,5.335931301116943,RoadOption.STRAIGHT,96.72634887695312,104.8746566772461,1.8764312129786958,2.8,1.2,4.5,3.0,10.0,0.6,0.01,0.06,0.55,0.16,0.2,0.35,1.5,12,10.0,14.0,0.9,1.2,0.6,0.01,0.06,0.65,0.3,0.72,0.005,0.38,0.22,0.01,0.14,1.0,0.28
lqr,ground_truth,curvy,400.0,0.05,0.1,1.0,52.39309851452708,98.1996078491211,95.2757568359375,18.540054093900668,0.9043903505437747,0.7202762919265053,-0.044145623493589525,0.7202762919265053,0.044145623493589525,0.1254015862941742,0.05307766795158386,0.6091189980506897,0.0,19.444444444444443,268,262,5.29520845413208,RoadOption.STRAIGHT,96.44918823242188,105.72264099121094,1.896975636575894,2.8,1.2,4.5,3.0,10.0,0.6,0.01,0.06,0.55,0.16,0.2,0.35,1.5,12,10.0,14.0,0.9,1.2,0.6,0.01,0.06,0.65,0.3,0.72,0.005,0.38,0.22,0.01,0.14,1.0,0.28
lqr,ground_truth,curvy,400.0,0.05,0.1,1.0,52.44309851527214,98.06034088134766,96.1912841796875,18.50876080297535,0.9356836414690939,0.7699847850614241,-0.04866407575707221,0.7699847850614241,0.04866407575707221,0.12801006436347961,0.00260847806930542,0.648962140083313,0.0,19.444444444444443,269,263,5.255256175994873,RoadOption.STRAIGHT,96.1546630859375,106.56475067138672,1.9175199270150378,2.8,1.2,4.5,3.0,10.0,0.6,0.01,0.06,0.55,0.16,0.2,0.35,1.5,12,10.0,14.0,0.9,1.2,0.6,0.01,0.06,0.65,0.3,0.72,0.005,0.38,0.22,0.01,0.14,1.0,0.28
lqr,ground_truth,curvy,400.0,0.05,0.1,1.0,52.4930985160172,97.90018463134766,97.10208892822266,18.489785736608294,0.954658707836149,0.8211427800749477,-0.04635791141111856,0.8211427800749477,0.04635791141111856,0.08795072883367538,-0.04005933552980423,0.6455653309822083,0.0,19.444444444444443,270,264,5.2162346839904785,RoadOption.STRAIGHT,95.8428955078125,107.40062713623047,1.9380642174541816,2.8,1.2,4.5,3.0,10.0,0.6,0.01,0.06,0.55,0.16,0.2,0.35,1.5,12,10.0,14.0,0.9,1.2,0.6,0.01,0.06,0.65,0.3,0.72,0.005,0.38,0.22,0.01,0.14,1.0,0.28
lqr,ground_truth,curvy,400.0,0.05,0.1,1.0,52.54309851676226,97.72109985351562,98.0094223022461,18.50121224280923,0.9432322016352117,0.8715692409159495,-0.04178672855805177,0.8715692409159495,0.04178672855805177,0.041161537170410156,-0.04678919166326523,0.602227509021759,0.0,19.444444444444443,271,265,5.176617622375488,RoadOption.STRAIGHT,95.51402282714844,108.22992706298828,1.9586086410513799,2.8,1.2,4.5,3.0,10.0,0.6,0.01,0.06,0.55,0.16,0.2,0.35,1.5,12,10.0,14.0,0.9,1.2,0.6,0.01,0.06,0.65,0.3,0.72,0.005,0.38,0.22,0.01,0.14,1.0,0.28
lqr,ground_truth,curvy,400.0,0.05,0.1,1.0,52.593098517507315,97.5264892578125,98.9146957397461,18.526584848077736,0.9178595963667071,0.9175218405615749,-0.04028430622908363,0.9175218405615749,0.04028430622908363,0.022404586896300316,-0.01875695027410984,0.5702686309814453,0.0,19.444444444444443,272,266,5.134989261627197,RoadOption.STRAIGHT,95.16819763183594,109.05228424072266,1.9791529314905236,2.8,1.2,4.5,3.0,10.0,0.6,0.01,0.06,0.55,0.16,0.2,0.35,1.5,12,10.0,14.0,0.9,1.2,0.6,0.01,0.06,0.65,0.3,0.72,0.005,0.38,0.22,0.01,0.14,1.0,0.28
lqr,ground_truth,curvy,400.0,0.05,0.1,1.0,52.64309851825237,97.3182144165039,99.81804656982422,18.545412478122294,0.8990319663221484,0.9570912150462949,-0.043830571536632945,0.9570912150462949,0.043830571536632945,0.03885771706700325,0.016453130170702934,0.5668260455131531,0.0,19.444444444444443,273,267,5.091131210327148,RoadOption.STRAIGHT,94.80553436279297,109.86737823486328,1.999697355087722,2.8,1.2,4.5,3.0,10.0,0.6,0.01,0.06,0.55,0.16,0.2,0.35,1.5,12,10.0,14.0,0.9,1.2,0.6,0.01,0.06,0.65,0.3,0.72,0.005,0.38,0.22,0.01,0.14,1.0,0.28
lqr,ground_truth,curvy,400.0,0.05,0.1,1.0,52.69309851899743,97.09542846679688,100.7184066772461,18.54960725490665,0.8948371895377925,0.9913212205489177,-0.05011363433840277,0.9913212205489177,0.05011363433840277,0.06950186938047409,0.03064415231347084,0.581868588924408,0.0,19.444444444444443,274,268,5.0457892417907715,RoadOption.STRAIGHT,94.42620849609375,110.67485046386719,2.0202416455268657,2.8,1.2,4.5,3.0,10.0,0.6,0.01,0.06,0.55,0.16,0.2,0.35,1.5,12,10.0,14.0,0.9,1.2,0.6,0.01,0.06,0.65,0.3,0.72,0.005,0.38,0.22,0.01,0.14,1.0,0.28
lqr,ground_truth,curvy,400.0,0.05,0.1,1.0,52.74309851974249,96.85611724853516,101.61421966552734,18.539470834465508,0.7043587642634535,1.0225691701429915,-0.05546166128144492,1.0225691701429915,0.05546166128144492,0.08951283991336823,0.020010970532894135,0.24404114484786987,0.0,19.24382959872896,275,269,4.9999799728393555,RoadOption.STRAIGHT,94.03038024902344,111.47434997558594,2.040785935966009,2.8,1.2,4.5,3.0,10.0,0.6,0.01,0.06,0.55,0.16,0.2,0.35,1.5,12,10.0,14.0,0.9,1.2,0.6,0.01,0.06,0.65,0.3,0.72,0.005,0.38,0.22,0.01,0.14,1.0,0.28
lqr,ground_truth,curvy,400.0,0.05,0.1,1.0,52.79309852048755,96.59901428222656,102.50397491455078,18.503861500012,0.4736410716491335,1.0525309606881224,-0.057821621481418894,1.0525309606881224,0.057821621481418894,0.08842160552740097,-0.0010912343859672546,0.05732341110706329,0.0,18.977502571661134,276,270,4.954687118530273,RoadOption.STRAIGHT,93.61820220947266,112.26555633544922,2.0613303595632075,2.8,1.2,4.5,3.0,10.0,0.6,0.01,0.06,0.55,0.16,0.2,0.35,1.5,12,10.0,14.0,0.9,1.2,0.6,0.01,0.06,0.65,0.3,0.72,0.005,0.38,0.22,0.01,0.14,1.0,0.28
lqr,ground_truth,curvy,400.0,0.05,0.1,1.0,52.843098521232605,96.32498168945312,103.38468170166016,18.39725122114204,0.3221982876640048,1.08156193025932,-0.057632270727914214,1.08156193025932,0.057632270727914214,0.07247912883758545,-0.01594247668981552,0.061587631702423096,0.0,18.719449508806044,277,271,4.912642955780029,RoadOption.STRAIGHT,93.18987274169922,113.0481185913086,2.081874783160406,2.8,1.2,4.5,3.0,10.0,0.6,0.01,0.06,0.55,0.16,0.2,0.35,1.5,12,10.0,14.0,0.9,1.2,0.6,0.01,0.06,0.65,0.3,0.72,0.005,0.38,0.22,0.01,0.14,1.0,0.28
lqr,ground_truth,curvy,400.0,0.05,0.1,1.0,52.89309852197766,96.03646087646484,104.25286865234375,18.2221785036462,0.25350505269720713,1.1089855999113665,-0.05687473455584113,1.1089855999113665,0.05687473455584113,0.05629509314894676,-0.016184035688638687,0.11967115104198456,0.0,18.47568355634341,278,272,4.877322673797607,RoadOption.STRAIGHT,92.74554443359375,113.82172393798828,2.102418940441495,2.8,1.2,4.5,3.0,10.0,0.6,0.01,0.06,0.55,0.16,0.2,0.35,1.5,12,10.0,14.0,0.9,1.2,0.6,0.01,0.06,0.65,0.3,0.72,0.005,0.38,0.22,0.01,0.14,1.0,0.28
lqr,ground_truth,curvy,400.0,0.05,0.1,1.0,52.94309852272272,95.73585510253906,105.10624694824219,18.006925438597612,0.24672779100206554,1.133964011670036,-0.057406168351366915,1.133964011670036,0.057406168351366915,0.04117821902036667,-0.015116874128580093,0.18990395963191986,0.0,18.253653229599678,279,273,4.85117244720459,RoadOption.STRAIGHT,92.2854232788086,114.58604431152344,2.1229633640386933,2.8,1.2,4.5,3.0,10.0,0.6,0.01,0.06,0.55,0.16,0.2,0.35,1.5,12,10.0,14.0,0.9,1.2,0.6,0.01,0.06,0.65,0.3,0.72,0.005,0.38,0.22,0.01,0.14,1.0,0.28
lqr,ground_truth,curvy,400.0,0.05,0.1,1.0,52.99309852346778,95.42505645751953,105.94393920898438,17.77690103182258,0.2829255052918249,1.1557695145746294,-0.06040342300019619,1.1557695145746294,0.06040342300019619,0.052773576229810715,0.011595357209444046,0.2631925642490387,0.0,18.059826537114404,280,274,4.835206508636475,RoadOption.STRAIGHT,91.80968475341797,115.34074401855469,2.1435076544778373,2.8,1.2,4.5,3.0,10.0,0.6,0.01,0.06,0.55,0.16,0.2,0.35,1.5,12,10.0,14.0,0.9,1.2,0.6,0.01,0.06,0.65,0.3,0.72,0.005,0.38,0.22,0.01,0.14,1.0,0.28
lqr,ground_truth,curvy,400.0,0.05,0.1,1.0,53.04309852421284,95.10404205322266,106.76535034179688,17.545872799205192,0.33990624296041716,1.1753498577563688,-0.06480775881096879,1.1753498577563688,0.06480775881096879,0.07053428143262863,0.017760705202817917,0.3223206400871277,0.0,17.88577904216561,281,275,4.829847812652588,RoadOption.STRAIGHT,91.31855773925781,116.08551025390625,2.164051944916981,2.8,1.2,4.5,3.0,10.0,0.6,0.01,0.06,0.55,0.16,0.2,0.35,1.5,12,10.0,14.0,0.9,1.2,0.6,0.01,0.06,0.65,0.3,0.72,0.005,0.38,0.22,0.01,0.14,1.0,0.28
lqr,ground_truth,curvy,400.0,0.05,0.1,1.0,53.093098524957895,94.77169036865234,107.5700454711914,17.325772780662557,0.3891543183992532,1.194570701355546,-0.06861301653452889,1.194570701355546,0.06861301653452889,0.06781108677387238,-0.002723194658756256,0.3425902724266052,0.0,17.71492709906181,282,276,4.835117340087891,RoadOption.STRAIGHT,90.8122329711914,116.82003021240234,2.184596368514179,2.8,1.2,4.5,3.0,10.0,0.6,0.01,0.06,0.55,0.16,0.2,0.35,1.5,12,10.0,14.0,0.9,1.2,0.6,0.01,0.06,0.65,0.3,0.72,0.005,0.38,0.22,0.01,0.14,1.0,0.28
lqr,ground_truth,curvy,400.0,0.05,0.1,1.0,53.14309852570295,94.42799377441406,108.35871124267578,17.127520559649557,0.41680364834387973,1.213763526600738,-0.0716467564902925,1.213763526600738,0.0716467564902925,0.07328318804502487,0.005472101271152496,0.3332613706588745,0.0,17.544324207993437,283,277,4.850101947784424,RoadOption.STRAIGHT,90.29092407226562,117.54399871826172,2.205140658953323,2.8,1.2,4.5,3.0,10.0,0.6,0.01,0.06,0.55,0.16,0.2,0.35,1.5,12,10.0,14.0,0.9,1.2,0.6,0.01,0.06,0.65,0.3,0.72,0.005,0.38,0.22,0.01,0.14,1.0,0.28
lqr,ground_truth,curvy,400.0,0.05,0.1,1.0,53.19309852644801,94.07302856445312,109.13197326660156,16.944083682853712,0.4282221471394614,1.2331155941257679,-0.07402029881182548,1.2331155941257679,0.07402029881182548,0.073990598320961,0.0007074102759361267,0.32063549757003784,0.0,17.372305829993174,284,278,4.8740105628967285,RoadOption.STRAIGHT,89.75485229492188,118.2571029663086,2.2256849493924666,2.8,1.2,4.5,3.0,10.0,0.6,0.01,0.06,0.55,0.16,0.2,0.35,1.5,12,10.0,14.0,0.9,1.2,0.6,0.01,0.06,0.65,0.3,0.72,0.005,0.38,0.22,0.01,0.14,1.0,0.28
lqr,ground_truth,curvy,400.0,0.05,0.1,1.0,53.24309852719307,93.70680236816406,109.89016723632812,16.770670617818695,0.4249124767376671,1.2529969018624092,-0.075813405173776,1.2529969018624092,0.075813405173776,0.059905122965574265,-0.014085475355386734,0.30097588896751404,0.0,17.195583094556362,285,279,4.906280040740967,RoadOption.STRAIGHT,89.2042465209961,118.95904541015625,2.246229372989665,2.8,1.2,4.5,3.0,10.0,0.6,0.01,0.06,0.55,0.16,0.2,0.35,1.5,12,10.0,14.0,0.9,1.2,0.6,0.01,0.06,0.65,0.3,0.72,0.005,0.38,0.22,0.01,0.14,1.0,0.28
lqr,ground_truth,curvy,400.0,0.05,0.1,1.0,53.29309852793813,93.33049774169922,110.6340103149414,16.605889063113523,0.416379239801028,1.2724948159221128,-0.07820638857126694,1.2724948159221128,0.07820638857126694,0.06226397305727005,0.0023588500916957855,0.2895876467227936,0.0,17.02226830291455,286,280,4.946333885192871,RoadOption.STRAIGHT,88.6477279663086,119.63875579833984,2.2693754386557616,2.8,1.2,4.5,3.0,10.0,0.6,0.01,0.06,0.55,0.16,0.2,0.35,1.5,12,10.0,14.0,0.9,1.2,0.6,0.01,0.06,0.65,0.3,0.72,0.005,0.38,0.22,0.01,0.14,1.0,0.28
lqr,ground_truth,curvy,400.0,0.05,0.1,1.0,53.343098528683186,92.94465637207031,111.36366271972656,16.44071780133402,0.4119697889466103,1.2915726460934287,-0.08137808027149651,1.2915726460934287,0.08137808027149651,0.06868260353803635,0.006418630480766296,0.29189053177833557,0.0,16.85268759028063,287,281,4.9940009117126465,RoadOption.STRAIGHT,88.08870697021484,120.28605651855469,2.2969354275125555,2.8,1.2,4.5,3.0,10.0,0.6,0.01,0.06,0.55,0.16,0.2,0.35,1.5,12,10.0,14.0,0.9,1.2,0.6,0.01,0.06,0.65,0.3,0.72,0.005,0.38,0.22,0.01,0.14,1.0,0.28
lqr,ground_truth,curvy,400.0,0.05,0.1,1.0,53.393098529428244,92.5492935180664,112.07869720458984,16.27410902773703,0.40662835780378614,1.310917044126658,-0.08457627042457272,1.310917044126658,0.08457627042457272,0.07406860589981079,0.005386002361774445,0.28756728768348694,0.0,16.680737385540816,288,282,5.0495171546936035,RoadOption.STRAIGHT,87.51204681396484,120.91769409179688,2.32449541636935,2.8,1.2,4.5,3.0,10.0,0.6,0.01,0.06,0.55,0.16,0.2,0.35,1.5,12,10.0,14.0,0.9,1.2,0.6,0.01,0.06,0.65,0.3,0.72,0.005,0.38,0.22,0.01,0.14,1.0,0.28
lqr,ground_truth,curvy,400.0,0.05,0.1,1.0,53.4430985301733,92.14447021484375,112.77879333496094,16.107391112641483,0.39359905498863057,1.331138606141612,-0.08727138944773305,1.331138606141612,0.08727138944773305,0.06078416481614113,-0.013284441083669662,0.270524263381958,0.0,16.500990167630114,289,283,5.113004684448242,RoadOption.STRAIGHT,86.91819763183594,121.53321075439453,2.3520554052261438,2.8,1.2,4.5,3.0,10.0,0.6,0.01,0.06,0.55,0.16,0.2,0.35,1.5,12,10.0,14.0,0.9,1.2,0.6,0.01,0.06,0.65,0.3,0.72,0.005,0.38,0.22,0.01,0.14,1.0,0.28
lqr,ground_truth,curvy,400.0,0.05,0.1,1.0,53.49309853091836,91.73133850097656,113.46444702148438,15.944409512078838,0.3757242819950406,1.3514849481666884,-0.090400870044685,1.3514849481666884,0.090400870044685,0.06584029644727707,0.0050561316311359406,0.25398483872413635,0.0,16.32013379407388,290,284,5.184211730957031,RoadOption.STRAIGHT,86.3076171875,122.13212585449219,2.379615127766829,2.8,1.2,4.5,3.0,10.0,0.6,0.01,0.06,0.55,0.16,0.2,0.35,1.5,12,10.0,14.0,0.9,1.2,0.6,0.01,0.06,0.65,0.3,0.72,0.005,0.38,0.22,0.01,0.14,1.0,0.28
lqr,ground_truth,curvy,400.0,0.05,0.1,1.0,53.54309853166342,91.3104476928711,114.13563537597656,15.777140495402143,0.3605427867262563,1.372010630760555,-0.09399254224882059,1.372010630760555,0.09399254224882059,0.07423491775989532,0.008394621312618256,0.2481078803539276,0.0,16.1376832821284,291,285,5.263209342956543,RoadOption.STRAIGHT,85.68077087402344,122.71399688720703,2.407175116623623,2.8,1.2,4.5,3.0,10.0,0.6,0.01,0.06,0.55,0.16,0.2,0.35,1.5,12,10.0,14.0,0.9,1.2,0.6,0.01,0.06,0.65,0.3,0.72,0.005,0.38,0.22,0.01,0.14,1.0,0.28
lqr,ground_truth,curvy,400.0,0.05,0.1,1.0,53.593098532408476,90.88175201416016,114.79168701171875,15.60464272119147,0.22577804926804923,1.406577663323304,-0.09979277394495867,1.406577663323304,0.09979277394495867,0.09032433480024338,0.016089417040348053,0.02374914474785328,0.0,15.830420770459519,292,286,5.337128639221191,RoadOption.STRAIGHT,85.03812408447266,123.27836608886719,2.4347351054804167,2.8,1.2,4.5,3.0,10.0,0.6,0.01,0.06,0.55,0.16,0.2,0.35,1.5,12,10.0,14.0,0.9,1.2,0.6,0.01,0.06,0.65,0.3,0.72,0.005,0.38,0.22,0.01,0.14,1.0,0.28
lqr,ground_truth,curvy,400.0,0.05,0.1,1.0,53.643098533153534,90.4450454711914,115.43138122558594,15.411192023581961,-0.030771253122441777,1.4615073991642606,-0.1085322033781626,1.4615073991642606,0.1085322033781626,0.11771001666784286,0.027385681867599487,0.0,0.27633729577064514,15.38042077045952,293,287,5.3963141441345215,RoadOption.STRAIGHT,84.38017272949219,123.82482147216797,2.4622950943372106,2.8,1.2,4.5,3.0,10.0,0.6,0.01,0.06,0.55,0.16,0.2,0.35,1.5,12,10.0,14.0,0.9,1.2,0.6,0.01,0.06,0.65,0.3,0.72,0.005,0.38,0.22,0.01,0.14,1.0,0.28
lqr,ground_truth,curvy,400.0,0.05,0.1,1.0,53.69309853389859,90.00045776367188,116.05162811279297,15.156977148624026,-0.22655637816450636,1.5155911023323994,-0.11432737506822965,1.5155911023323994,0.11432737506822965,0.12340433150529861,0.0056943148374557495,0.0,0.32100462913513184,14.93042077045952,294,288,5.465417861938477,RoadOption.STRAIGHT,83.70740509033203,124.3529281616211,2.489855083194005,2.8,1.2,4.5,3.0,10.0,0.6,0.01,0.06,0.55,0.16,0.2,0.35,1.5,12,10.0,14.0,0.9,1.2,0.6,0.01,0.06,0.65,0.3,0.72,0.005,0.38,0.22,0.01,0.14,1.0,0.28
lqr,ground_truth,curvy,400.0,0.05,0.1,1.0,53.74309853464365,89.54952239990234,116.64936065673828,14.854489975844047,-0.3740692053845258,1.570767128157941,-0.11728348387821752,1.570767128157941,0.11728348387821752,0.09058687835931778,-0.032817453145980835,0.0,0.35177260637283325,14.48042077045952,295,289,5.547599792480469,RoadOption.STRAIGHT,83.02034759521484,124.86229705810547,2.517415072050799,2.8,1.2,4.5,3.0,10.0,0.6,0.01,0.06,0.55,0.16,0.2,0.35,1.5,12,10.0,14.0,0.9,1.2,0.6,0.01,0.06,0.65,0.3,0.72,0.005,0.38,0.22,0.01,0.14,1.0,0.28
lqr,ground_truth,curvy,400.0,0.05,0.1,1.0,53.79309853538871,89.09497833251953,117.22486114501953,14.542611706831828,-0.5121909363723063,1.626005300342072,-0.12050191405557875,1.626005300342072,0.12050191405557875,0.08215988427400589,-0.00842699408531189,0.0,0.4236324429512024,14.030420770459521,296,290,5.643636703491211,RoadOption.STRAIGHT,82.31951141357422,125.3525390625,2.5449750609075927,2.8,1.2,4.5,3.0,10.0,0.6,0.01,0.06,0.55,0.16,0.2,0.35,1.5,12,10.0,14.0,0.9,1.2,0.6,0.01,0.06,0.65,0.3,0.72,0.005,0.38,0.22,0.01,0.14,1.0,0.28
lqr,ground_truth,curvy,400.0,0.05,0.1,1.0,53.843098536133766,88.63874053955078,117.77833557128906,14.214056915531135,-0.6336361450716126,1.6810545403439106,-0.12563782021779613,1.6810545403439106,0.12563782021779613,0.06481891125440598,-0.017340973019599915,0.0,0.47680455446243286,13.580420770459522,297,291,5.7541584968566895,RoadOption.STRAIGHT,81.60543060302734,125.82328033447266,2.572534783448278,2.8,1.2,4.5,3.0,10.0,0.6,0.01,0.06,0.55,0.16,0.2,0.35,1.5,12,10.0,14.0,0.9,1.2,0.6,0.01,0.06,0.65,0.3,0.72,0.005,0.38,0.22,0.01,0.14,1.0,0.28
lqr,ground_truth,curvy,400.0,0.05,0.1,1.0,53.893098536878824,88.18267059326172,118.31010437011719,13.875783127812227,-0.745362357352704,1.7356807448824543,-0.13345286643663368,1.7356807448824543,0.13345286643663368,0.07789981365203857,0.013080902397632599,0.0,0.5325501561164856,13.130420770459523,298,292,5.879778861999512,RoadOption.STRAIGHT,80.87864685058594,126.27416229248047,2.600094772305072,2.8,1.2,4.5,3.0,10.0,0.6,0.01,0.06,0.55,0.16,0.2,0.35,1.5,12,10.0,14.0,0.9,1.2,0.6,0.01,0.06,0.65,0.3,0.72,0.005,0.38,0.22,0.01,0.14,1.0,0.28
lqr,ground_truth,curvy,400.0,0.05,0.1,1.0,53.94309853762388,87.7274169921875,118.819580078125,13.524512397050053,-0.8440916265905294,1.7912539003941181,-0.1427044217474598,1.7912539003941181,0.1427044217474598,0.0724841058254242,-0.00541570782661438,0.0,0.5766134262084961,12.680420770459524,298,293,6.021336078643799,RoadOption.STRAIGHT,80.87864685058594,126.27416229248047,2.600094772305072,2.8,1.2,4.5,3.0,10.0,0.6,0.01,0.06,0.55,0.16,0.2,0.35,1.5,12,10.0,14.0,0.9,1.2,0.6,0.01,0.06,0.65,0.3,0.72,0.005,0.38,0.22,0.01,0.14,1.0,0.28
lqr,ground_truth,curvy,400.0,0.05,0.1,1.0,53.99309853836894,87.27404022216797,119.30682373046875,13.169561613821292,-0.31414084336176806,1.697003857961726,-0.1252742987290003,1.697003857961726,0.1252742987290003,0.05768156051635742,-0.014802545309066772,0.49561601877212524,0.0,12.855420770459524,299,293,5.365331172943115,RoadOption.STRAIGHT,80.13971710205078,126.70486450195312,2.6276547611618657,2.8,1.2,4.5,3.0,10.0,0.6,0.01,0.06,0.55,0.16,0.2,0.35,1.5,12,10.0,14.0,0.9,1.2,0.6,0.01,0.06,0.65,0.3,0.72,0.005,0.38,0.22,0.01,0.14,1.0,0.28
lqr,ground_truth,curvy,400.0,0.05,0.1,1.0,54.043098539114,86.82378387451172,119.77375793457031,12.8565994672596,-0.08135076604650848,1.7502845211135274,-0.13722257095964085,1.7502845211135274,0.13722257095964085,0.058984655886888504,0.0013030953705310822,0.278656542301178,0.0,12.77524870121309,300,294,5.539009094238281,RoadOption.STRAIGHT,79.38920593261719,127.11502838134766,2.6552147500186596,2.8,1.2,4.5,3.0,10.0,0.6,0.01,0.06,0.55,0.16,0.2,0.35,1.5,12,10.0,14.0,0.9,1.2,0.6,0.01,0.06,0.65,0.3,0.72,0.005,0.38,0.22,0.01,0.14,1.0,0.28
lqr,ground_truth,curvy,400.0,0.05,0.1,1.0,54.09309853985906,86.3746109008789,120.2238998413086,12.633820802985824,-0.3085721017727323,1.803467256687215,-0.15070775345536624,1.803467256687215,0.15070775345536624,0.08447100967168808,0.025486353784799576,0.0,0.4098442494869232,12.325248701213091,301,295,5.724143028259277,RoadOption.STRAIGHT,78.62767028808594,127.50433349609375,2.682774738875454,2.8,1.2,4.5,3.0,10.0,0.6,0.01,0.06,0.55,0.16,0.2,0.35,1.5,12,10.0,14.0,0.9,1.2,0.6,0.01,0.06,0.65,0.3,0.72,0.005,0.38,0.22,0.01,0.14,1.0,0.28
lqr,ground_truth,curvy,400.0,0.05,0.1,1.0,54.143098540604115,85.92452239990234,120.6578369140625,12.411377453182498,-0.5361287519694056,1.8581820136451475,-0.16341342870002507,1.8581820136451475,0.16341342870002507,0.10335024446249008,0.018879234790802002,0.0,0.5470486879348755,11.875248701213092,301,296,5.919149875640869,RoadOption.STRAIGHT,78.62767028808594,127.50433349609375,2.682774738875454,2.8,1.2,4.5,3.0,10.0,0.6,0.01,0.06,0.55,0.16,0.2,0.35,1.5,12,10.0,14.0,0.9,1.2,0.6,0.01,0.06,0.65,0.3,0.72,0.005,0.38,0.22,0.01,0.14,1.0,0.28
lqr,ground_truth,curvy,400.0,0.05,0.1,1.0,54.19309854134917,85.47481536865234,121.07331085205078,12.13040126481765,-0.0801525636045568,1.7671518739571712,-0.14628024814310914,1.7671518739571712,0.14628024814310914,0.060158517211675644,-0.04319172725081444,0.5467363595962524,0.0,12.050248701213093,302,296,5.316741943359375,RoadOption.STRAIGHT,77.85569763183594,127.8725357055664,2.710334727732248,2.8,1.2,4.5,3.0,10.0,0.6,0.01,0.06,0.55,0.16,0.2,0.35,1.5,12,10.0,14.0,0.9,1.2,0.6,0.01,0.06,0.65,0.3,0.72,0.005,0.38,0.22,0.01,0.14,1.0,0.28
lqr,ground_truth,curvy,400.0,0.05,0.1,1.0,54.24309854209423,85.02883911132812,121.4723129272461,11.8741564174721,0.27580468706902295,1.8206293757391234,-0.15792678422224382,1.8206293757391234,0.15792678422224382,0.07159370183944702,0.011435184627771378,0.6404259204864502,0.0,12.149961104541124,303,297,5.53630256652832,RoadOption.STRAIGHT,77.07386779785156,128.21932983398438,2.7378947165890417,2.8,1.2,4.5,3.0,10.0,0.6,0.01,0.06,0.55,0.16,0.2,0.35,1.5,12,10.0,14.0,0.9,1.2,0.6,0.01,0.06,0.65,0.3,0.72,0.005,0.38,0.22,0.01,0.14,1.0,0.28
lqr,ground_truth,curvy,400.0,0.05,0.1,1.0,54.29309854283929,84.58434295654297,121.85780334472656,11.708373806157866,-0.008412701616741458,1.8745535779839912,-0.17092700508346592,1.8745535779839912,0.17092700508346592,0.08879750967025757,0.017203807830810547,0.0,0.2983182966709137,11.699961104541124,304,298,5.765103340148926,RoadOption.STRAIGHT,76.28278350830078,128.54441833496094,2.7654547054458356,2.8,1.2,4.5,3.0,10.0,0.6,0.01,0.06,0.55,0.16,0.2,0.35,1.5,12,10.0,14.0,0.9,1.2,0.6,0.01,0.06,0.65,0.3,0.72,0.005,0.38,0.22,0.01,0.14,1.0,0.28
lqr,ground_truth,curvy,400.0,0.05,0.1,1.0,54.34309854358435,84.13807678222656,122.23072052001953,11.57761885393243,-0.3276577493913049,1.9305187761880613,-0.1831325386754079,1.9305187761880613,0.1831325386754079,0.08196315169334412,-0.006834357976913452,0.0,0.5320623517036438,11.249961104541125,304,299,6.000403881072998,RoadOption.STRAIGHT,76.28278350830078,128.54441833496094,2.7654547054458356,2.8,1.2,4.5,3.0,10.0,0.6,0.01,0.06,0.55,0.16,0.2,0.35,1.5,12,10.0,14.0,0.9,1.2,0.6,0.01,0.06,0.65,0.3,0.72,0.005,0.38,0.22,0.01,0.14,1.0,0.28
lqr,ground_truth,curvy,400.0,0.05,0.1,1.0,54.393098544329405,83.69168090820312,122.5910415649414,11.398767379334515,0.026193725206610452,1.8361984539876484,-0.16739219136860362,1.8361984539876484,0.16739219136860362,0.0743861049413681,-0.007577046751976013,0.48797744512557983,0.0,11.424961104541126,305,299,5.435070514678955,RoadOption.STRAIGHT,75.48303985595703,128.84759521484375,2.79301469430263,2.8,1.2,4.5,3.0,10.0,0.6,0.01,0.06,0.55,0.16,0.2,0.35,1.5,12,10.0,14.0,0.9,1.2,0.6,0.01,0.06,0.65,0.3,0.72,0.005,0.38,0.22,0.01,0.14,1.0,0.28
lqr,ground_truth,curvy,400.0,0.05,0.1,1.0,54.44309854507446,83.24808502197266,122.93844604492188,11.19267410913674,0.35410524757843653,1.8884873223695424,-0.17989227057710844,1.8884873223695424,0.17989227057710844,0.08750338852405548,0.013117283582687378,0.6537734866142273,0.0,11.546779356715177,306,300,5.686368942260742,RoadOption.STRAIGHT,74.67523956298828,129.12863159179688,2.820574683159424,2.8,1.2,4.5,3.0,10.0,0.6,0.01,0.06,0.55,0.16,0.2,0.35,1.5,12,10.0,14.0,0.9,1.2,0.6,0.01,0.06,0.65,0.3,0.72,0.005,0.38,0.22,0.01,0.14,1.0,0.28
lqr,ground_truth,curvy,400.0,0.05,0.1,1.0,54.49309854581952,82.80509948730469,123.27393341064453,11.07058952204383,0.02618983467134761,1.9427422481504495,-0.19212337051551565,1.9427422481504495,0.19212337051551565,0.08055350929498672,-0.006949879229068756,0.0,0.32995498180389404,11.096779356715178,306,301,5.9453511238098145,RoadOption.STRAIGHT,74.67523956298828,129.12863159179688,2.820574683159424,2.8,1.2,4.5,3.0,10.0,0.6,0.01,0.06,0.55,0.16,0.2,0.35,1.5,12,10.0,14.0,0.9,1.2,0.6,0.01,0.06,0.65,0.3,0.72,0.005,0.38,0.22,0.01,0.14,1.0,0.28
lqr,ground_truth,curvy,400.0,0.05,0.1,1.0,54.54309854656458,82.36128997802734,123.59916687011719,10.95817146629476,0.31360789042041937,1.8477036869430614,-0.17679581317767346,1.8477036869430614,0.17679581317767346,0.07677534222602844,-0.0037781670689582825,0.5810527801513672,0.0,11.271779356715179,307,301,5.4028000831604,RoadOption.STRAIGHT,73.8600082397461,129.3872833251953,2.8481346720162177,2.8,1.2,4.5,3.0,10.0,0.6,0.01,0.06,0.55,0.16,0.2,0.35,1.5,12,10.0,14.0,0.9,1.2,0.6,0.01,0.06,0.65,0.3,0.72,0.005,0.38,0.22,0.01,0.14,1.0,0.28
lqr,ground_truth,curvy,400.0,0.05,0.1,1.0,54.59309854730964,81.91724395751953,123.91464233398438,10.859676845415887,0.5871025112992925,1.897728426033429,-0.18949802631291535,1.897728426033429,0.18949802631291535,0.0900769904255867,0.013301648199558258,0.7287350296974182,0.0,11.44677935671518,308,302,5.671074390411377,RoadOption.STRAIGHT,73.0379638671875,129.62338256835938,2.8756946608730116,2.8,1.2,4.5,3.0,10.0,0.6,0.01,0.06,0.55,0.16,0.2,0.35,1.5,12,10.0,14.0,0.9,1.2,0.6,0.01,0.06,0.65,0.3,0.72,0.005,0.38,0.22,0.01,0.14,1.0,0.28
lqr,ground_truth,curvy,400.0,0.05,0.1,1.0,54.643098548054695,81.47190856933594,124.22029876708984,10.774335135499822,0.22636056126742865,1.9499217341136843,-0.2018441748104136,1.9499217341136843,0.2018441748104136,0.10260224342346191,0.012525252997875214,0.0,0.24868087470531464,11.00069569676725,308,303,5.944326400756836,RoadOption.STRAIGHT,73.0379638671875,129.62338256835938,2.8756946608730116,2.8,1.2,4.5,3.0,10.0,0.6,0.01,0.06,0.55,0.16,0.2,0.35,1.5,12,10.0,14.0,0.9,1.2,0.6,0.01,0.06,0.65,0.3,0.72,0.005,0.38,0.22,0.01,0.14,1.0,0.28
lqr,ground_truth,curvy,400.0,0.05,0.1,1.0,54.69309854879975,81.02315521240234,124.51622772216797,10.735402901925632,0.44029279484161954,1.8540611855585087,-0.1851863685080768,1.8540611855585087,0.1851863685080768,0.09245364367961884,-0.010148599743843079,0.5695076584815979,0.0,11.175695696767251,309,303,5.413856506347656,RoadOption.STRAIGHT,72.209716796875,129.8367462158203,2.903254383413697,2.8,1.2,4.5,3.0,10.0,0.6,0.01,0.06,0.55,0.16,0.2,0.35,1.5,12,10.0,14.0,0.9,1.2,0.6,0.01,0.06,0.65,0.3,0.72,0.005,0.38,0.22,0.01,0.14,1.0,0.28
lqr,ground_truth,curvy,400.0,0.05,0.1,1.0,54.74309854954481,80.57188415527344,124.8028793334961,10.671829081855611,0.6788666149116409,1.9044485136044402,-0.19576071593234534,1.9044485136044402,0.19576071593234534,0.09745702892541885,0.005003385245800018,0.7425612807273865,0.0,11.350695696767252,310,304,5.691704750061035,RoadOption.STRAIGHT,71.37590789794922,130.02720642089844,2.9308143722704907,2.8,1.2,4.5,3.0,10.0,0.6,0.01,0.06,0.55,0.16,0.2,0.35,1.5,12,10.0,14.0,0.9,1.2,0.6,0.01,0.06,0.65,0.3,0.72,0.005,0.38,0.22,0.01,0.14,1.0,0.28
lqr,ground_truth,curvy,400.0,0.05,0.1,1.0,54.79309855028987,80.1170425415039,125.0808334350586,10.66407605894272,0.26988973700924745,1.9574288479554036,-0.20611721677944583,1.9574288479554036,0.20611721677944583,0.10256940126419067,0.00511237233877182,0.0,0.2797507643699646,10.933965795951968,310,305,5.97180700302124,RoadOption.STRAIGHT,71.37590789794922,130.02720642089844,2.9308143722704907,2.8,1.2,4.5,3.0,10.0,0.6,0.01,0.06,0.55,0.16,0.2,0.35,1.5,12,10.0,14.0,0.9,1.2,0.6,0.01,0.06,0.65,0.3,0.72,0.005,0.38,0.22,0.01,0.14,1.0,0.28
lqr,ground_truth,curvy,400.0,0.05,0.1,1.0,54.84309855103493,79.65728759765625,125.35041809082031,10.654360670194498,0.45460512575747103,1.8610918315019713,-0.18840879342707284,1.8610918315019713,0.18840879342707284,0.09094861894845963,-0.011620782315731049,0.5437365174293518,0.0,11.108965795951969,311,305,5.445603370666504,RoadOption.STRAIGHT,70.53717041015625,130.19459533691406,2.958374361127285,2.8,1.2,4.5,3.0,10.0,0.6,0.01,0.06,0.55,0.16,0.2,0.35,1.5,12,10.0,14.0,0.9,1.2,0.6,0.01,0.06,0.65,0.3,0.72,0.005,0.38,0.22,0.01,0.14,1.0,0.28
lqr,ground_truth,curvy,400.0,0.05,0.1,1.0,54.893098551779985,79.19352722167969,125.61192321777344,10.652462226322491,0.6315035696294782,1.9113888319369137,-0.19852800662104686,1.9113888319369137,0.19852800662104686,0.09610210359096527,0.005153484642505646,0.6408109664916992,0.0,11.28396579595197,312,306,5.725571155548096,RoadOption.STRAIGHT,69.69412994384766,130.3388214111328,2.985934349984079,2.8,1.2,4.5,3.0,10.0,0.6,0.01,0.06,0.55,0.16,0.2,0.35,1.5,12,10.0,14.0,0.9,1.2,0.6,0.01,0.06,0.65,0.3,0.72,0.005,0.38,0.22,0.01,0.14,1.0,0.28
lqr,ground_truth,curvy,400.0,0.05,0.1,1.0,54.94309855252504,78.72532653808594,125.86552429199219,10.655581077963838,0.22140055557620464,1.9638395662267452,-0.20887172429491452,1.9638395662267452,0.20887172429491452,0.10360608249902725,0.007503978908061981,0.0,0.30954188108444214,10.876981633540042,312,307,6.0061726570129395,RoadOption.STRAIGHT,69.69412994384766,130.3388214111328,2.985934349984079,2.8,1.2,4.5,3.0,10.0,0.6,0.01,0.06,0.55,0.16,0.2,0.35,1.5,12,10.0,14.0,0.9,1.2,0.6,0.01,0.06,0.65,0.3,0.72,0.005,0.38,0.22,0.01,0.14,1.0,0.28
lqr,ground_truth,curvy,400.0,0.05,0.1,1.0,54.9930985532701,78.25155639648438,126.11084747314453,10.676483110058314,0.3754985234817294,1.8660488081512452,-0.19103999658407123,1.8660488081512452,0.19103999658407123,0.09302295744419098,-0.010583125054836273,0.46014583110809326,0.0,11.051981633540043,313,307,5.4791178703308105,RoadOption.STRAIGHT,68.84744262695312,130.4597625732422,3.013494338840873,2.8,1.2,4.5,3.0,10.0,0.6,0.01,0.06,0.55,0.16,0.2,0.35,1.5,12,10.0,14.0,0.9,1.2,0.6,0.01,0.06,0.65,0.3,0.72,0.005,0.38,0.22,0.01,0.14,1.0,0.28
lqr,ground_truth,curvy,400.0,0.05,0.1,1.0,55.04309855401516,77.77462005615234,126.34758758544922,10.638674707117907,0.5883069264221366,1.9159947955694316,-0.20100794222812857,1.9159947955694316,0.20100794222812857,0.09894797205924988,0.005925014615058899,0.6583542227745056,0.0,11.226981633540044,314,308,5.759057998657227,RoadOption.STRAIGHT,67.99774169921875,130.55731201171875,3.0410543276976667,2.8,1.2,4.5,3.0,10.0,0.6,0.01,0.06,0.55,0.16,0.2,0.35,1.5,12,10.0,14.0,0.9,1.2,0.6,0.01,0.06,0.65,0.3,0.72,0.005,0.38,0.22,0.01,0.14,1.0,0.28
lqr,ground_truth,curvy,400.0,0.05,0.1,1.0,55.09309855476022,77.29423522949219,126.5755615234375,10.641356661714305,0.1932964265397068,1.9686015275714237,-0.21098174682658444,1.9686015275714237,0.21098174682658444,0.10520968586206436,0.006261713802814484,0.0,0.308034747838974,10.834653088254012,314,309,6.040501117706299,RoadOption.STRAIGHT,67.99774169921875,130.55731201171875,3.0410543276976667,2.8,1.2,4.5,3.0,10.0,0.6,0.01,0.06,0.55,0.16,0.2,0.35,1.5,12,10.0,14.0,0.9,1.2,0.6,0.01,0.06,0.65,0.3,0.72,0.005,0.38,0.22,0.01,0.14,1.0,0.28
lqr,ground_truth,curvy,400.0,0.05,0.1,1.0,55.143098555505276,76.80976867675781,126.79450988769531,10.625201991018848,0.38445109723516424,1.8702193117217325,-0.19290873672097986,1.8702193117217325,0.19290873672097986,0.09487069398164749,-0.01033899188041687,0.5100562572479248,0.0,11.009653088254012,315,309,5.515041828155518,RoadOption.STRAIGHT,67.14567565917969,130.63143920898438,3.068614316554461,2.8,1.2,4.5,3.0,10.0,0.6,0.01,0.06,0.55,0.16,0.2,0.35,1.5,12,10.0,14.0,0.9,1.2,0.6,0.01,0.06,0.65,0.3,0.72,0.005,0.38,0.22,0.01,0.14,1.0,0.28
lqr,ground_truth,curvy,400.0,0.05,0.1,1.0,55.193098556250334,76.32273864746094,127.0044174194336,10.60354255810388,0.5811105301501325,1.9209088038455187,-0.20256562514971588,1.9209088038455187,0.20256562514971588,0.09929566085338593,0.004424966871738434,0.634657621383667,0.0,11.184653088254013,316,310,5.797274589538574,RoadOption.STRAIGHT,66.2918930053711,130.68203735351562,3.096174305411255,2.8,1.2,4.5,3.0,10.0,0.6,0.01,0.06,0.55,0.16,0.2,0.35,1.5,12,10.0,14.0,0.9,1.2,0.6,0.01,0.06,0.65,0.3,0.72,0.005,0.38,0.22,0.01,0.14,1.0,0.28
lqr,ground_truth,curvy,400.0,0.05,0.1,1.0,55.24309855699539,75.8331298828125,127.20533752441406,10.581935886274742,0.20181617721713785,1.9743278928571635,-0.21243343593678699,1.9743278928571635,0.21243343593678699,0.10547666996717453,0.006181009113788605,0.0,0.28406351804733276,10.78375206349188,316,311,6.081352710723877,RoadOption.STRAIGHT,66.2918930053711,130.68203735351562,3.096174305411255,2.8,1.2,4.5,3.0,10.0,0.6,0.01,0.06,0.55,0.16,0.2,0.35,1.5,12,10.0,14.0,0.9,1.2,0.6,0.01,0.06,0.65,0.3,0.72,0.005,0.38,0.22,0.01,0.14,1.0,0.28
lqr,ground_truth,curvy,400.0,0.05,0.1,1.0,55.29309855774045,75.33980560302734,127.39695739746094,10.584245240206437,0.3745068232854436,1.8757964573497232,-0.1942363225243846,1.8757964573497232,0.1942363225243846,0.09452109038829803,-0.010955579578876495,0.4819328784942627,0.0,10.95875206349188,317,311,5.558064937591553,RoadOption.STRAIGHT,65.4370346069336,130.70909118652344,3.123734294268049,2.8,1.2,4.5,3.0,10.0,0.6,0.01,0.06,0.55,0.16,0.2,0.35,1.5,12,10.0,14.0,0.9,1.2,0.6,0.01,0.06,0.65,0.3,0.72,0.005,0.38,0.22,0.01,0.14,1.0,0.28
lqr,ground_truth,curvy,400.0,0.05,0.1,1.0,55.34309855848551,74.84490203857422,127.57939147949219,10.534546933293708,0.5992051301981736,1.9275409055103525,-0.20396245314146277,1.9275409055103525,0.20396245314146277,0.0801093801856041,-0.01441171020269394,0.6791610717773438,0.0,11.133752063491881,318,312,5.843364715576172,RoadOption.STRAIGHT,64.56018829345703,130.71270751953125,3.1471855581950687,2.8,1.2,4.5,3.0,10.0,0.6,0.01,0.06,0.55,0.16,0.2,0.35,1.5,12,10.0,14.0,0.9,1.2,0.6,0.01,0.06,0.65,0.3,0.72,0.005,0.38,0.22,0.01,0.14,1.0,0.28
lqr,ground_truth,curvy,400.0,0.05,0.1,1.0,55.393098559230566,74.3482894897461,127.75394439697266,10.532474386625998,0.1926392469827043,1.980924716219021,-0.21504333380506413,1.980924716219021,0.21504333380506413,0.09158225357532501,0.011472873389720917,0.0,0.32229551672935486,10.725113633608702,318,313,6.130315780639648,RoadOption.STRAIGHT,64.56018829345703,130.71270751953125,3.1471855581950687,2.8,1.2,4.5,3.0,10.0,0.6,0.01,0.06,0.55,0.16,0.2,0.35,1.5,12,10.0,14.0,0.9,1.2,0.6,0.01,0.06,0.65,0.3,0.72,0.005,0.38,0.22,0.01,0.14,1.0,0.28
lqr,ground_truth,curvy,400.0,0.05,0.1,1.0,55.443098559975624,73.84918975830078,127.92037200927734,10.51314240722559,0.3869712263831122,1.8796198355359346,-0.19900524508838924,1.8796198355359346,0.19900524508838924,0.09327057749032974,0.0016883239150047302,0.5153810977935791,0.0,10.900113633608703,319,313,5.609455108642578,RoadOption.STRAIGHT,63.56019973754883,130.7071075439453,3.1471855581950687,2.8,1.2,4.5,3.0,10.0,0.6,0.01,0.06,0.55,0.16,0.2,0.35,1.5,12,10.0,14.0,0.9,1.2,0.6,0.01,0.06,0.65,0.3,0.72,0.005,0.38,0.22,0.01,0.14,1.0,0.28
lqr,ground_truth,curvy,400.0,0.05,0.1,1.0,55.49309856072068,73.34862518310547,128.0778350830078,10.491787503288267,0.5833261303204367,1.9298932287356771,-0.21021688696151353,1.9298932287356771,0.21021688696151353,0.10236237198114395,0.009091794490814209,0.6356215476989746,0.0,11.075113633608703,319,314,5.89743709564209,RoadOption.STRAIGHT,63.56019973754883,130.7071075439453,3.1471855581950687,2.8,1.2,4.5,3.0,10.0,0.6,0.01,0.06,0.55,0.16,0.2,0.35,1.5,12,10.0,14.0,0.9,1.2,0.6,0.01,0.06,0.65,0.3,0.72,0.005,0.38,0.22,0.01,0.14,1.0,0.28
lqr,ground_truth,curvy,400.0,0.05,0.1,1.0,55.54309856146574,72.84628295898438,128.22596740722656,10.472946476942642,0.7771671566660618,1.8329285376582125,-0.19320754339528667,1.8329285376582125,0.19320754339528667,0.09553200006484985,-0.006830371916294098,0.7489095330238342,0.0,11.250113633608704,320,314,5.379918575286865,RoadOption.STRAIGHT,62.56021499633789,130.70152282714844,3.1471855581950687,2.8,1.2,4.5,3.0,10.0,0.6,0.01,0.06,0.55,0.16,0.2,0.35,1.5,12,10.0,14.0,0.9,1.2,0.6,0.01,0.06,0.65,0.3,0.72,0.005,0.38,0.22,0.01,0.14,1.0,0.28
lqr,ground_truth,curvy,400.0,0.05,0.1,1.0,55.5930985622108,72.34043884277344,128.365478515625,10.520492486267852,0.904621147340853,1.8811605422510354,-0.20346950202368896,1.8811605422510354,0.20346950202368896,0.10089219361543655,0.0053601935505867004,0.745717465877533,0.0,11.425113633608705,320,315,5.667463779449463,RoadOption.STRAIGHT,62.56021499633789,130.70152282714844,3.1471855581950687,2.8,1.2,4.5,3.0,10.0,0.6,0.01,0.06,0.55,0.16,0.2,0.35,1.5,12,10.0,14.0,0.9,1.2,0.6,0.01,0.06,0.65,0.3,0.72,0.005,0.38,0.22,0.01,0.14,1.0,0.28
lqr,ground_truth,curvy,400.0,0.05,0.1,1.0,55.643098562955856,71.82928466796875,128.4967803955078,10.587295932732536,1.0128177008761696,1.7874782321457563,-0.1859131451695597,1.7874782321457563,0.1859131451695597,0.09068873524665833,-0.010203458368778229,0.7875264883041382,0.0,11.600113633608705,321,315,5.14713191986084,RoadOption.STRAIGHT,61.56023025512695,130.6959228515625,3.1471855581950687,2.8,1.2,4.5,3.0,10.0,0.6,0.01,0.06,0.55,0.16,0.2,0.35,1.5,12,10.0,14.0,0.9,1.2,0.6,0.01,0.06,0.65,0.3,0.72,0.005,0.38,0.22,0.01,0.14,1.0,0.28
lqr,ground_truth,curvy,400.0,0.05,0.1,1.0,55.693098563700914,71.31090545654297,128.62059020996094,10.715330690062753,1.0597829435459527,1.8314444141990027,-0.19612876479499475,1.8314444141990027,0.19612876479499475,0.09835375845432281,0.00766502320766449,0.7422280311584473,0.0,11.775113633608706,322,316,5.425868988037109,RoadOption.STRAIGHT,60.560245513916016,130.69033813476562,3.1471855581950687,2.8,1.2,4.5,3.0,10.0,0.6,0.01,0.06,0.55,0.16,0.2,0.35,1.5,12,10.0,14.0,0.9,1.2,0.6,0.01,0.06,0.65,0.3,0.72,0.005,0.38,0.22,0.01,0.14,1.0,0.28
lqr,ground_truth,curvy,400.0,0.05,0.1,1.0,55.74309856444597,70.7840805053711,128.73675537109375,10.84552896274306,0.8074761689058008,1.8765369226895032,-0.2062112263659257,1.8765369226895032,0.2062112263659257,0.10682215541601181,0.008468396961688995,0.2317175716161728,0.0,11.653005131648861,322,317,5.699211597442627,RoadOption.STRAIGHT,60.560245513916016,130.69033813476562,3.1471855581950687,2.8,1.2,4.5,3.0,10.0,0.6,0.01,0.06,0.55,0.16,0.2,0.35,1.5,12,10.0,14.0,0.9,1.2,0.6,0.01,0.06,0.65,0.3,0.72,0.005,0.38,0.22,0.01,0.14,1.0,0.28
lqr,ground_truth,curvy,400.0,0.05,0.1,1.0,55.79309856519103,70.24806213378906,128.8441619873047,10.989829898322006,0.8381752333268562,1.778719333019847,-0.18773208419408371,1.778719333019847,0.18773208419408371,0.09643914550542831,-0.010383009910583496,0.5897440314292908,0.0,11.828005131648862,323,317,5.159840106964111,RoadOption.STRAIGHT,59.56026077270508,130.6847381591797,3.1471855581950687,2.8,1.2,4.5,3.0,10.0,0.6,0.01,0.06,0.55,0.16,0.2,0.35,1.5,12,10.0,14.0,0.9,1.2,0.6,0.01,0.06,0.65,0.3,0.72,0.005,0.38,0.22,0.01,0.14,1.0,0.28
lqr,ground_truth,curvy,400.0,0.05,0.1,1.0,55.84309856593609,69.70557403564453,128.94290161132812,11.052051036665588,0.950954094983274,1.7985557295792818,-0.19261578900107112,1.7985557295792818,0.19261578900107112,0.07018661499023438,-0.02625253051519394,0.7559071183204651,0.0,12.003005131648862,323,318,5.441250801086426,RoadOption.STRAIGHT,59.56026077270508,130.6847381591797,3.1471855581950687,2.8,1.2,4.5,3.0,10.0,0.6,0.01,0.06,0.55,0.16,0.2,0.35,1.5,12,10.0,14.0,0.9,1.2,0.6,0.01,0.06,0.65,0.3,0.72,0.005,0.38,0.22,0.01,0.14,1.0,0.28
lqr,ground_truth,curvy,400.0,0.05,0.1,1.0,55.89309856668115,69.1584243774414,129.03468322753906,11.132733169691823,1.0452719619570399,1.7037154089665298,-0.17599553327010442,1.7037154089665298,0.17599553327010442,0.03343227133154869,-0.036754343658685684,0.7903445959091187,0.0,12.178005131648863,324,318,4.894848823547363,RoadOption.STRAIGHT,58.56027603149414,130.6791534423828,3.1471855581950687,2.8,1.2,4.5,3.0,10.0,0.6,0.01,0.06,0.55,0.16,0.2,0.35,1.5,12,10.0,14.0,0.9,1.2,0.6,0.01,0.06,0.65,0.3,0.72,0.005,0.38,0.22,0.01,0.14,1.0,0.28
lqr,ground_truth,curvy,400.0,0.05,0.1,1.0,55.943098567426205,68.60599517822266,129.1226348876953,11.2310663038717,1.1219388277771642,1.612668380132481,-0.1635585709794345,1.612668380132481,0.1635585709794345,-0.0016958859050646424,-0.03512815723661333,0.8151635527610779,0.0,12.353005131648864,324,319,5.288724899291992,RoadOption.STRAIGHT,58.56027603149414,130.6791534423828,3.1471855581950687,2.8,1.2,4.5,3.0,10.0,0.6,0.01,0.06,0.55,0.16,0.2,0.35,1.5,12,10.0,14.0,0.9,1.2,0.6,0.01,0.06,0.65,0.3,0.72,0.005,0.38,0.22,0.01,0.14,1.0,0.28
lqr,ground_truth,curvy,400.0,0.05,0.1,1.0,55.99309856817126,68.04669952392578,129.21009826660156,11.386877342518552,1.1411277891303122,1.5220782982427714,-0.1567778965279838,1.5220782982427714,0.1567778965279838,-0.0015029202913865447,0.00019296561367809772,0.757703423500061,0.0,12.528005131648865,325,319,4.729663848876953,RoadOption.STRAIGHT,57.560298919677734,130.67355346679688,3.1471855581950687,2.8,1.2,4.5,3.0,10.0,0.6,0.01,0.06,0.55,0.16,0.2,0.35,1.5,12,10.0,14.0,0.9,1.2,0.6,0.01,0.06,0.65,0.3,0.72,0.005,0.38,0.22,0.01,0.14,1.0,0.28
lqr,ground_truth,curvy,400.0,0.05,0.1,1.0,56.04309856891632,67.47923278808594,129.2976837158203,11.548654378408639,1.1543507532402266,1.4313286087645232,-0.1538691919853994,1.4313286087645232,0.1538691919853994,0.0191342793405056,0.020637199631892145,0.7584779858589172,0.0,12.703005131648865,325,320,5.115417957305908,RoadOption.STRAIGHT,57.560298919677734,130.67355346679688,3.1471855581950687,2.8,1.2,4.5,3.0,10.0,0.6,0.01,0.06,0.55,0.16,0.2,0.35,1.5,12,10.0,14.0,0.9,1.2,0.6,0.01,0.06,0.65,0.3,0.72,0.005,0.38,0.22,0.01,0.14,1.0,0.28
lqr,ground_truth,curvy,400.0,0.05,0.1,1.0,56.09309856966138,66.90261840820312,129.3837127685547,11.733394244383213,1.144610887265653,1.342075969138364,-0.15122440670684156,1.342075969138364,0.15122440670684156,0.05660188943147659,0.03746761009097099,0.7250787019729614,0.0,12.878005131648866,326,320,4.537961483001709,RoadOption.STRAIGHT,56.5603141784668,130.66796875,3.1471855581950687,2.8,1.2,4.5,3.0,10.0,0.6,0.01,0.06,0.55,0.16,0.2,0.35,1.5,12,10.0,14.0,0.9,1.2,0.6,0.01,0.06,0.65,0.3,0.72,0.005,0.38,0.22,0.01,0.14,1.0,0.28
lqr,ground_truth,curvy,400.0,0.05,0.1,1.0,56.14309857040644,66.316650390625,129.46517944335938,11.898305711537935,1.1546994201109317,1.2573262244602301,-0.1454299008070472,1.2573262244602301,0.1454299008070472,0.061269983649253845,0.004668094217777252,0.7549259066581726,0.0,13.053005131648867,327,321,4.9130706787109375,RoadOption.STRAIGHT,55.56032943725586,130.66236877441406,3.1471855581950687,2.8,1.2,4.5,3.0,10.0,0.6,0.01,0.06,0.55,0.16,0.2,0.35,1.5,12,10.0,14.0,0.9,1.2,0.6,0.01,0.06,0.65,0.3,0.72,0.005,0.38,0.22,0.01,0.14,1.0,0.28
lqr,ground_truth,curvy,400.0,0.05,0.1,1.0,56.193098571151495,65.7213134765625,129.54086303710938,12.07321115340795,1.1547939782409173,1.1783223298672467,-0.13622974450525938,1.1783223298672467,0.13622974450525938,0.05164750665426254,-0.009622476994991302,0.7429898381233215,0.0,13.228005131648867,327,322,5.287524700164795,RoadOption.STRAIGHT,55.56032943725586,130.66236877441406,3.1471855581950687,2.8,1.2,4.5,3.0,10.0,0.6,0.01,0.06,0.55,0.16,0.2,0.35,1.5,12,10.0,14.0,0.9,1.2,0.6,0.01,0.06,0.65,0.3,0.72,0.005,0.38,0.22,0.01,0.14,1.0,0.28
lqr,ground_truth,curvy,400.0,0.05,0.1,1.0,56.24309857189655,65.11676788330078,129.6117706298828,12.241745281583086,1.1612598500657825,1.104034697901093,-0.12585832995605495,1.104034697901093,0.12585832995605495,0.04718741402029991,-0.004460092633962631,0.7545149326324463,0.0,13.403005131648868,328,322,4.682435989379883,RoadOption.STRAIGHT,54.56034469604492,130.6567840576172,3.1471855581950687,2.8,1.2,4.5,3.0,10.0,0.6,0.01,0.06,0.55,0.16,0.2,0.35,1.5,12,10.0,14.0,0.9,1.2,0.6,0.01,0.06,0.65,0.3,0.72,0.005,0.38,0.22,0.01,0.14,1.0,0.28
lqr,ground_truth,curvy,400.0,0.05,0.1,1.0,56.29309857264161,64.50308990478516,129.67828369140625,12.41527072446089,1.162734407187978,1.034083354265789,-0.11555722285962844,1.034083354265789,0.11555722285962844,0.03305169939994812,-0.014135714620351791,0.749410092830658,0.0,13.578005131648869,329,323,5.044255256652832,RoadOption.STRAIGHT,53.560359954833984,130.65118408203125,3.1471855581950687,2.8,1.2,4.5,3.0,10.0,0.6,0.01,0.06,0.55,0.16,0.2,0.35,1.5,12,10.0,14.0,0.9,1.2,0.6,0.01,0.06,0.65,0.3,0.72,0.005,0.38,0.22,0.01,0.14,1.0,0.28
lqr,ground_truth,curvy,400.0,0.05,0.1,1.0,56.34309857338667,63.88045883178711,129.74122619628906,12.583755294676317,1.1692498369725524,0.9676676964348155,-0.10642231400454749,0.9676676964348155,0.10642231400454749,0.02472660131752491,-0.00832509808242321,0.7593684196472168,0.0,13.75300513164887,329,324,5.40222692489624,RoadOption.STRAIGHT,53.560359954833984,130.65118408203125,3.1471855581950687,2.8,1.2,4.5,3.0,10.0,0.6,0.01,0.06,0.55,0.16,0.2,0.35,1.5,12,10.0,14.0,0.9,1.2,0.6,0.01,0.06,0.65,0.3,0.72,0.005,0.38,0.22,0.01,0.14,1.0,0.28
lqr,ground_truth,curvy,400.0,0.05,0.1,1.0,56.39309857413173,63.24899673461914,129.80130004882812,12.754502399399525,1.1735027322493448,0.9040630946068101,-0.09896493032010767,0.9040630946068101,0.09896493032010767,0.029792316257953644,0.005065714940428734,0.7592051029205322,0.0,13.92800513164887,330,324,4.770191669464111,RoadOption.STRAIGHT,52.56037521362305,130.6455841064453,3.1471855581950687,2.8,1.2,4.5,3.0,10.0,0.6,0.01,0.06,0.55,0.16,0.2,0.35,1.5,12,10.0,14.0,0.9,1.2,0.6,0.01,0.06,0.65,0.3,0.72,0.005,0.38,0.22,0.01,0.14,1.0,0.28
lqr,ground_truth,curvy,400.0,0.05,0.1,1.0,56.443098574876785,62.608768463134766,129.8579864501953,12.921664654931716,1.1813404767171551,0.8437897222844208,-0.09217386954040574,0.8437897222844208,0.09217386954040574,0.028103938326239586,-0.001688377931714058,0.7682095766067505,0.0,14.103005131648871,330,325,5.113921642303467,RoadOption.STRAIGHT,52.56037521362305,130.6455841064453,3.1471855581950687,2.8,1.2,4.5,3.0,10.0,0.6,0.01,0.06,0.55,0.16,0.2,0.35,1.5,12,10.0,14.0,0.9,1.2,0.6,0.01,0.06,0.65,0.3,0.72,0.005,0.38,0.22,0.01,0.14,1.0,0.28
lqr,ground_truth,curvy,400.0,0.05,0.1,1.0,56.49309857562184,61.95980453491211,129.91107177734375,13.090450795002754,1.1875543366461176,0.7870756509835697,-0.08561104166612354,0.7870756509835697,0.08561104166612354,0.02589453011751175,-0.0022094082087278366,0.7699892520904541,0.0,14.278005131648872,331,325,4.465090274810791,RoadOption.STRAIGHT,51.56039047241211,130.63999938964844,3.1471855581950687,2.8,1.2,4.5,3.0,10.0,0.6,0.01,0.06,0.55,0.16,0.2,0.35,1.5,12,10.0,14.0,0.9,1.2,0.6,0.01,0.06,0.65,0.3,0.72,0.005,0.38,0.22,0.01,0.14,1.0,0.28
lqr,ground_truth,curvy,400.0,0.05,0.1,1.0,56.5430985763669,61.30210494995117,129.9608154296875,13.259596014574846,1.193409117074026,0.7336625054387791,-0.07933743308622354,0.7336625054387791,0.07933743308622354,0.028413783758878708,0.0025192536413669586,0.7730712294578552,0.0,14.453005131648872,332,326,4.7942304611206055,RoadOption.STRAIGHT,50.56040573120117,130.6343994140625,3.1471855581950687,2.8,1.2,4.5,3.0,10.0,0.6,0.01,0.06,0.55,0.16,0.2,0.35,1.5,12,10.0,14.0,0.9,1.2,0.6,0.01,0.06,0.65,0.3,0.72,0.005,0.38,0.22,0.01,0.14,1.0,0.28
lqr,ground_truth,curvy,400.0,0.05,0.1,1.0,56.59309857711196,60.635643005371094,130.0070037841797,13.42920679264672,1.1987983390021526,0.6837403368034193,-0.07307580873122932,0.6837403368034193,0.07307580873122932,0.023441029712557793,-0.004972754046320915,0.7757460474967957,0.0,14.628005131648873,332,327,5.1174516677856445,RoadOption.STRAIGHT,50.56040573120117,130.6343994140625,3.1471855581950687,2.8,1.2,4.5,3.0,10.0,0.6,0.01,0.06,0.55,0.16,0.2,0.35,1.5,12,10.0,14.0,0.9,1.2,0.6,0.01,0.06,0.65,0.3,0.72,0.005,0.38,0.22,0.01,0.14,1.0,0.28
lqr,ground_truth,curvy,400.0,0.05,0.1,1.0,56.64309857785702,59.96043014526367,130.04989624023438,13.599968898435637,1.2030362332132363,0.637072170170613,-0.06705733098375921,0.637072170170613,0.06705733098375921,0.018583964556455612,-0.0048570651561021805,0.776907205581665,0.0,14.803005131648874,333,327,4.442523002624512,RoadOption.STRAIGHT,49.560420989990234,130.62881469726562,3.1471855581950687,2.8,1.2,4.5,3.0,10.0,0.6,0.01,0.06,0.55,0.16,0.2,0.35,1.5,12,10.0,14.0,0.9,1.2,0.6,0.01,0.06,0.65,0.3,0.72,0.005,0.38,0.22,0.01,0.14,1.0,0.28
lqr,ground_truth,curvy,400.0,0.05,0.1,1.0,56.693098578602076,59.276458740234375,130.0900115966797,13.771455836787082,1.2065492948617926,0.5931402349178921,-0.061693458232230824,0.5931402349178921,0.061693458232230824,0.019525693729519844,0.0009417291730642319,0.7781452536582947,0.0,14.978005131648874,334,328,4.750049114227295,RoadOption.STRAIGHT,48.5604362487793,130.6232147216797,3.1471855581950687,2.8,1.2,4.5,3.0,10.0,0.6,0.01,0.06,0.55,0.16,0.2,0.35,1.5,12,10.0,14.0,0.9,1.2,0.6,0.01,0.06,0.65,0.3,0.72,0.005,0.38,0.22,0.01,0.14,1.0,0.28
lqr,ground_truth,curvy,400.0,0.05,0.1,1.0,56.743098579347134,58.58374786376953,130.12728881835938,13.942798101581044,1.2102070300678314,0.5519822527160347,-0.056749565984607564,0.5519822527160347,0.056749565984607564,0.016533739864826202,-0.0029919538646936417,0.7805135250091553,0.0,15.153005131648875,334,329,5.050632953643799,RoadOption.STRAIGHT,48.5604362487793,130.6232147216797,3.1471855581950687,2.8,1.2,4.5,3.0,10.0,0.6,0.01,0.06,0.55,0.16,0.2,0.35,1.5,12,10.0,14.0,0.9,1.2,0.6,0.01,0.06,0.65,0.3,0.72,0.005,0.38,0.22,0.01,0.14,1.0,0.28
lqr,ground_truth,curvy,400.0,0.05,0.1,1.0,56.79309858009219,57.8823127746582,130.161865234375,14.11447196334116,1.2135331683077162,0.5134833383965799,-0.05218224471512167,0.5134833383965799,0.05218224471512167,0.0141456238925457,-0.0023881159722805023,0.7821112871170044,0.0,15.328005131648876,335,329,4.349564552307129,RoadOption.STRAIGHT,47.56045150756836,130.6176300048828,3.1471855581950687,2.8,1.2,4.5,3.0,10.0,0.6,0.01,0.06,0.55,0.16,0.2,0.35,1.5,12,10.0,14.0,0.9,1.2,0.6,0.01,0.06,0.65,0.3,0.72,0.005,0.38,0.22,0.01,0.14,1.0,0.28
lqr,ground_truth,curvy,400.0,0.05,0.1,1.0,56.84309858083725,57.17216110229492,130.1940460205078,14.286336278478538,1.2166688531703382,0.4773241678329121,-0.04808710190690668,0.4773241678329121,0.04808710190690668,0.015639107674360275,0.0014934837818145752,0.783764123916626,0.0,15.503005131648877,336,330,4.633838176727295,RoadOption.STRAIGHT,46.56046676635742,130.61203002929688,3.1471855581950687,2.8,1.2,4.5,3.0,10.0,0.6,0.01,0.06,0.55,0.16,0.2,0.35,1.5,12,10.0,14.0,0.9,1.2,0.6,0.01,0.06,0.65,0.3,0.72,0.005,0.38,0.22,0.01,0.14,1.0,0.28
lqr,ground_truth,curvy,400.0,0.05,0.1,1.0,56.89309858158231,56.45330810546875,130.22372436523438,14.458043406160089,1.2199617254887887,0.44363399266315007,-0.04419569092208331,0.44363399266315007,0.04419569092208331,0.013374026864767075,-0.0022650808095932007,0.78592848777771,0.0,15.678005131648877,337,331,4.910593509674072,RoadOption.STRAIGHT,45.560482025146484,130.6064453125,3.1471855581950687,2.8,1.2,4.5,3.0,10.0,0.6,0.01,0.06,0.55,0.16,0.2,0.35,1.5,12,10.0,14.0,0.9,1.2,0.6,0.01,0.06,0.65,0.3,0.72,0.005,0.38,0.22,0.01,0.14,1.0,0.28
lqr,ground_truth,curvy,400.0,0.05,0.1,1.0,56.943098582327366,55.72576904296875,130.2510528564453,14.630006504474132,1.2229986271747464,0.4122297956228658,-0.04050268543847002,0.4122297956228658,0.04050268543847002,0.010949325747787952,-0.002424701116979122,0.7874434590339661,0.0,15.853005131648878,337,332,5.179569244384766,RoadOption.STRAIGHT,45.560482025146484,130.6064453125,3.1471855581950687,2.8,1.2,4.5,3.0,10.0,0.6,0.01,0.06,0.55,0.16,0.2,0.35,1.5,12,10.0,14.0,0.9,1.2,0.6,0.01,0.06,0.65,0.3,0.72,0.005,0.38,0.22,0.01,0.14,1.0,0.28
lqr,ground_truth,curvy,400.0,0.05,0.1,1.0,56.993098583072424,54.989524841308594,130.2762908935547,14.802141936331717,1.225863195317162,0.3828744311241688,-0.037175864604743314,0.3828744311241688,0.037175864604743314,0.01161695085465908,0.0006676251068711281,0.7889553904533386,0.0,16.02800513164888,338,332,4.443572998046875,RoadOption.STRAIGHT,44.56049728393555,130.60084533691406,3.1471855581950687,2.8,1.2,4.5,3.0,10.0,0.6,0.01,0.06,0.55,0.16,0.2,0.35,1.5,12,10.0,14.0,0.9,1.2,0.6,0.01,0.06,0.65,0.3,0.72,0.005,0.38,0.22,0.01,0.14,1.0,0.28
lqr,ground_truth,curvy,400.0,0.05,0.1,1.0,57.04309858381748,54.24461364746094,130.2994842529297,14.97417760943493,1.2288275222139493,0.3555233996288586,-0.0340719503542557,0.3555233996288586,0.0340719503542557,0.009705019183456898,-0.0019119316712021828,0.7908536791801453,0.0,16.20300513164888,339,333,4.695755481719971,RoadOption.STRAIGHT,43.56051254272461,130.5952606201172,3.1471855581950687,2.8,1.2,4.5,3.0,10.0,0.6,0.01,0.06,0.55,0.16,0.2,0.35,1.5,12,10.0,14.0,0.9,1.2,0.6,0.01,0.06,0.65,0.3,0.72,0.005,0.38,0.22,0.01,0.14,1.0,0.28
lqr,ground_truth,curvy,400.0,0.05,0.1,1.0,57.09309858456254,53.49103927612305,130.32070922851562,15.146333934858015,1.231671196790865,0.3300770105135058,-0.03119200795144428,0.3300770105135058,0.03119200795144428,0.007938742637634277,-0.0017662765458226204,0.7924151420593262,0.0,16.37800513164888,340,334,4.939874172210693,RoadOption.STRAIGHT,42.56052780151367,130.58966064453125,3.1471855581950687,2.8,1.2,4.5,3.0,10.0,0.6,0.01,0.06,0.55,0.16,0.2,0.35,1.5,12,10.0,14.0,0.9,1.2,0.6,0.01,0.06,0.65,0.3,0.72,0.005,0.38,0.22,0.01,0.14,1.0,0.28
lqr,ground_truth,curvy,400.0,0.05,0.1,1.0,57.1430985853076,52.72880172729492,130.3402557373047,15.318560108773056,1.2344450228758248,0.30627586842111953,-0.028634840672749906,0.30627586842111953,0.028634840672749906,0.008849268779158592,0.0009105261415243149,0.7939956188201904,0.0,16.55300513164888,340,335,5.175787925720215,RoadOption.STRAIGHT,42.56052780151367,130.58966064453125,3.1471855581950687,2.8,1.2,4.5,3.0,10.0,0.6,0.01,0.06,0.55,0.16,0.2,0.35,1.5,12,10.0,14.0,0.9,1.2,0.6,0.01,0.06,0.65,0.3,0.72,0.005,0.38,0.22,0.01,0.14,1.0,0.28
lqr,ground_truth,curvy,400.0,0.05,0.1,1.0,57.193098586052656,51.95792007446289,130.35804748535156,15.49070151301291,1.2373036186359716,0.28417295357288913,-0.026240392536659662,0.28417295357288913,0.026240392536659662,0.0074624656699597836,-0.0013868031091988087,0.7958124876022339,0.0,16.72800513164888,341,335,4.405123710632324,RoadOption.STRAIGHT,41.560543060302734,130.58407592773438,3.1471855581950687,2.8,1.2,4.5,3.0,10.0,0.6,0.01,0.06,0.55,0.16,0.2,0.35,1.5,12,10.0,14.0,0.9,1.2,0.6,0.01,0.06,0.65,0.3,0.72,0.005,0.38,0.22,0.01,0.14,1.0,0.28
lqr,ground_truth,curvy,400.0,0.05,0.1,1.0,57.243098586797714,51.178382873535156,130.37425231933594,15.66292976949275,1.2400753621561318,0.2636014206706778,-0.023993483524960002,0.2636014206706778,0.023993483524960002,0.006011160556226969,-0.0014513051137328148,0.7973713278770447,0.0,16.903005131648882,342,336,4.6240339279174805,RoadOption.STRAIGHT,40.5605583190918,130.57847595214844,3.1471855581950687,2.8,1.2,4.5,3.0,10.0,0.6,0.01,0.06,0.55,0.16,0.2,0.35,1.5,12,10.0,14.0,0.9,1.2,0.6,0.01,0.06,0.65,0.3,0.72,0.005,0.38,0.22,0.01,0.14,1.0,0.28
lqr,ground_truth,curvy,400.0,0.05,0.1,1.0,57.29309858754277,50.39020919799805,130.3889923095703,15.835225856998797,1.2427792746500863,0.24446166443156267,-0.02198812322413035,0.24446166443156267,0.02198812322413035,0.006649882532656193,0.000638721976429224,0.7989122867584229,0.0,17.078005131648883,343,337,4.834619998931885,RoadOption.STRAIGHT,39.560577392578125,130.57289123535156,3.1471855581950687,2.8,1.2,4.5,3.0,10.0,0.6,0.01,0.06,0.55,0.16,0.2,0.35,1.5,12,10.0,14.0,0.9,1.2,0.6,0.01,0.06,0.65,0.3,0.72,0.005,0.38,0.22,0.01,0.14,1.0,0.28
lqr,ground_truth,curvy,400.0,0.05,0.1,1.0,57.34309858828783,49.593387603759766,130.40232849121094,16.00747922121301,1.2455259104358731,0.22666206954769633,-0.020117518874458895,0.22666206954769633,0.020117518874458895,0.005419351160526276,-0.0012305313721299171,0.8006114959716797,0.0,17.253005131648884,343,338,5.03680419921875,RoadOption.STRAIGHT,39.560577392578125,130.57289123535156,3.1471855581950687,2.8,1.2,4.5,3.0,10.0,0.6,0.01,0.06,0.55,0.16,0.2,0.35,1.5,12,10.0,14.0,0.9,1.2,0.6,0.01,0.06,0.65,0.3,0.72,0.005,0.38,0.22,0.01,0.14,1.0,0.28
lqr,ground_truth,curvy,400.0,0.05,0.1,1.0,57.39309858903289,48.787933349609375,130.41433715820312,16.179800768854395,1.248204362794489,0.21014878505226298,-0.018381404159836023,0.21014878505226298,0.018381404159836023,0.004329648334532976,-0.0010897028259932995,0.8021367788314819,0.0,17.428005131648884,344,338,4.23154878616333,RoadOption.STRAIGHT,38.56059265136719,130.56729125976562,3.1471855581950687,2.8,1.2,4.5,3.0,10.0,0.6,0.01,0.06,0.55,0.16,0.2,0.35,1.5,12,10.0,14.0,0.9,1.2,0.6,0.01,0.06,0.65,0.3,0.72,0.005,0.38,0.22,0.01,0.14,1.0,0.28
lqr,ground_truth,curvy,400.0,0.05,0.1,1.0,57.44309858977795,47.973846435546875,130.42518615722656,16.352165932275447,1.2508391993734378,0.19475502965250574,-0.016849553900822656,0.19475502965250574,0.016849553900822656,0.005025811493396759,0.0006961631588637829,0.8036653399467468,0.0,17.603005131648885,345,339,4.416609764099121,RoadOption.STRAIGHT,37.56060791015625,130.5616912841797,3.1471855581950687,2.8,1.2,4.5,3.0,10.0,0.6,0.01,0.06,0.55,0.16,0.2,0.35,1.5,12,10.0,14.0,0.9,1.2,0.6,0.01,0.06,0.65,0.3,0.72,0.005,0.38,0.22,0.01,0.14,1.0,0.28
lqr,ground_truth,curvy,400.0,0.05,0.1,1.0,57.493098590523005,47.151126861572266,130.43484497070312,16.524506235137167,1.2534988965117186,0.18048790124274688,-0.015418371131013853,0.18048790124274688,0.015418371131013853,0.004114930517971516,-0.0009108809754252434,0.8052909970283508,0.0,17.778005131648886,346,340,4.5932087898254395,RoadOption.STRAIGHT,36.56062316894531,130.5561065673828,3.1471855581950687,2.8,1.2,4.5,3.0,10.0,0.6,0.01,0.06,0.55,0.16,0.2,0.35,1.5,12,10.0,14.0,0.9,1.2,0.6,0.01,0.06,0.65,0.3,0.72,0.005,0.38,0.22,0.01,0.14,1.0,0.28
lqr,ground_truth,curvy,400.0,0.05,0.1,1.0,57.54309859126806,46.31977462768555,130.44342041015625,16.69689682377994,1.2561083078689457,0.16727110707093037,-0.01407960005103126,0.16727110707093037,0.01407960005103126,0.0033272174187004566,-0.000787713099271059,0.8067962527275085,0.0,17.953005131648887,347,341,4.76131010055542,RoadOption.STRAIGHT,35.560638427734375,130.55050659179688,3.1471855581950687,2.8,1.2,4.5,3.0,10.0,0.6,0.01,0.06,0.55,0.16,0.2,0.35,1.5,12,10.0,14.0,0.9,1.2,0.6,0.01,0.06,0.65,0.3,0.72,0.005,0.38,0.22,0.01,0.14,1.0,0.28
lqr,ground_truth,curvy,400.0,0.05,0.1,1.0,57.59309859201312,45.479793548583984,130.45101928710938,16.869327789046984,1.258677342601903,0.15496734151848188,-0.012886503882675537,0.15496734151848188,0.012886503882675537,0.0037142711225897074,0.00038705370388925076,0.8082892298698425,0.0,18.128005131648887,348,342,4.920886516571045,RoadOption.STRAIGHT,34.56065368652344,130.544921875,3.1471855581950687,2.8,1.2,4.5,3.0,10.0,0.6,0.01,0.06,0.55,0.16,0.2,0.35,1.5,12,10.0,14.0,0.9,1.2,0.6,0.01,0.06,0.65,0.3,0.72,0.005,0.38,0.22,0.01,0.14,1.0,0.28
lqr,ground_truth,curvy,400.0,0.05,0.1,1.0,57.64309859275818,44.63117599487305,130.45767211914062,17.041760635619514,1.2612444960293736,0.14357654058002134,-0.011775166759785627,0.14357654058002134,0.011775166759785627,0.0030423167627304792,-0.0006719543598592281,0.8098272681236267,0.0,18.303005131648888,348,343,5.0719075202941895,RoadOption.STRAIGHT,34.56065368652344,130.544921875,3.1471855581950687,2.8,1.2,4.5,3.0,10.0,0.6,0.01,0.06,0.55,0.16,0.2,0.35,1.5,12,10.0,14.0,0.9,1.2,0.6,0.01,0.06,0.65,0.3,0.72,0.005,0.38,0.22,0.01,0.14,1.0,0.28
lqr,ground_truth,curvy,400.0,0.05,0.1,1.0,57.69309859350324,43.77393341064453,130.4634246826172,17.21423154782629,1.2637735838225979,0.13302961607344838,-0.010742126572943711,0.13302961607344838,0.010742126572943711,0.0024022944271564484,-0.0006400223355740309,0.8112990260124207,0.0,18.47800513164889,349,343,4.214777946472168,RoadOption.STRAIGHT,33.560672760009766,130.53932189941406,3.1471855581950687,2.8,1.2,4.5,3.0,10.0,0.6,0.01,0.06,0.55,0.16,0.2,0.35,1.5,12,10.0,14.0,0.9,1.2,0.6,0.01,0.06,0.65,0.3,0.72,0.005,0.38,0.22,0.01,0.14,1.0,0.28
lqr,ground_truth,curvy,400.0,0.05,0.1,1.0,57.743098594248295,42.90806198120117,130.46839904785156,17.386732442102634,1.2662726895462555,0.12320551968698641,-0.009829461267373496,0.12320551968698641,0.009829461267373496,0.002788204699754715,0.0003859102725982666,0.8127625584602356,0.0,18.65300513164889,350,344,4.3485941886901855,RoadOption.STRAIGHT,32.56068801879883,130.5337371826172,3.1471855581950687,2.8,1.2,4.5,3.0,10.0,0.6,0.01,0.06,0.55,0.16,0.2,0.35,1.5,12,10.0,14.0,0.9,1.2,0.6,0.01,0.06,0.65,0.3,0.72,0.005,0.38,0.22,0.01,0.14,1.0,0.28
lqr,ground_truth,curvy,400.0,0.05,0.1,1.0,57.79309859499335,42.0335578918457,130.4725799560547,17.559242045893694,1.2687630857551966,0.11412658653024238,-0.008979380247420288,0.11412658653024238,0.008979380247420288,0.0021654805168509483,-0.0006227241829037666,0.8142463564872742,0.0,18.82800513164889,351,345,4.473837852478027,RoadOption.STRAIGHT,31.56070327758789,130.52813720703125,3.1471855581950687,2.8,1.2,4.5,3.0,10.0,0.6,0.01,0.06,0.55,0.16,0.2,0.35,1.5,12,10.0,14.0,0.9,1.2,0.6,0.01,0.06,0.65,0.3,0.72,0.005,0.38,0.22,0.01,0.14,1.0,0.28
lqr,ground_truth,curvy,400.0,0.05,0.1,1.0,57.84309859573841,41.150428771972656,130.47605895996094,17.731784856901683,1.2712202747472077,0.10571656652141344,-0.00819507930639185,0.10571656652141344,0.00819507930639185,0.0017409482970833778,-0.0004245322197675705,0.8156808018684387,0.0,19.00300513164889,352,346,4.590503692626953,RoadOption.STRAIGHT,30.560718536376953,130.52255249023438,3.1471855581950687,2.8,1.2,4.5,3.0,10.0,0.6,0.01,0.06,0.55,0.16,0.2,0.35,1.5,12,10.0,14.0,0.9,1.2,0.6,0.01,0.06,0.65,0.3,0.72,0.005,0.38,0.22,0.01,0.14,1.0,0.28
lqr,ground_truth,curvy,400.0,0.05,0.1,1.0,57.89309859648347,40.2586669921875,130.4788818359375,17.904355235314704,1.273649896334188,0.0978991242381902,-0.007506385848497388,0.0978991242381902,0.007506385848497388,0.002080110367387533,0.00033916207030415535,0.8171054720878601,0.0,19.17800513164889,353,347,4.698574542999268,RoadOption.STRAIGHT,29.560733795166016,130.51695251464844,3.1471855581950687,2.8,1.2,4.5,3.0,10.0,0.6,0.01,0.06,0.55,0.16,0.2,0.35,1.5,12,10.0,14.0,0.9,1.2,0.6,0.01,0.06,0.65,0.3,0.72,0.005,0.38,0.22,0.01,0.14,1.0,0.28
lqr,ground_truth,curvy,400.0,0.05,0.1,1.0,57.94309859722853,39.358272552490234,130.4810791015625,18.076939027727278,1.2760661039216146,0.09067425968057265,-0.00686269981302523,0.09067425968057265,0.00686269981302523,0.0017285095527768135,-0.0003516008146107197,0.8185390830039978,0.0,19.353005131648892,354,348,4.798043727874756,RoadOption.STRAIGHT,28.560749053955078,130.51136779785156,3.1471855581950687,2.8,1.2,4.5,3.0,10.0,0.6,0.01,0.06,0.55,0.16,0.2,0.35,1.5,12,10.0,14.0,0.9,1.2,0.6,0.01,0.06,0.65,0.3,0.72,0.005,0.38,0.22,0.01,0.14,1.0,0.28
lqr,ground_truth,curvy,400.0,0.05,0.1,1.0,57.993098597973585,38.449249267578125,130.48268127441406,18.24955148403443,1.1948929604100123,0.08398093864691586,-0.006256298032814467,0.08398093864691586,0.006256298032814467,0.001233997056260705,-0.0004945124965161085,0.6695280075073242,0.0,19.444444444444443,355,349,4.888904571533203,RoadOption.STRAIGHT,27.56076431274414,130.50576782226562,3.1471855581950687,2.8,1.2,4.5,3.0,10.0,0.6,0.01,0.06,0.55,0.16,0.2,0.35,1.5,12,10.0,14.0,0.9,1.2,0.6,0.01,0.06,0.65,0.3,0.72,0.005,0.38,0.22,0.01,0.14,1.0,0.28
lqr,ground_truth,curvy,400.0,0.05,0.1,1.0,58.04309859871864,37.53184127807617,130.48374938964844,18.409747764044095,1.034696680400348,0.07779005215475798,-0.005724464763125603,0.07779005215475798,0.005724464763125603,0.0015764442505314946,0.0003424471942707896,0.4785824716091156,0.0,19.444444444444443,356,350,4.971404552459717,RoadOption.STRAIGHT,26.560779571533203,130.50018310546875,3.1471855581950687,2.8,1.2,4.5,3.0,10.0,0.6,0.01,0.06,0.55,0.16,0.2,0.35,1.5,12,10.0,14.0,0.9,1.2,0.6,0.01,0.06,0.65,0.3,0.72,0.005,0.38,0.22,0.01,0.14,1.0,0.28
lqr,ground_truth,curvy,400.0,0.05,0.1,1.0,58.0930985994637,36.60760498046875,130.4842987060547,18.526672705256576,0.9177717391878666,0.0720645079494221,-0.005231247329243516,0.0720645079494221,0.005231247329243516,0.0011740336194634438,-0.00040241063106805086,0.4603531062602997,0.0,19.444444444444443,356,351,5.047092437744141,RoadOption.STRAIGHT,26.560779571533203,130.50018310546875,3.1471855581950687,2.8,1.2,4.5,3.0,10.0,0.6,0.01,0.06,0.55,0.16,0.2,0.35,1.5,12,10.0,14.0,0.9,1.2,0.6,0.01,0.06,0.65,0.3,0.72,0.005,0.38,0.22,0.01,0.14,1.0,0.28
lqr,ground_truth,curvy,400.0,0.05,0.1,1.0,58.14309860020876,35.679344177246094,130.484375,18.585091354952542,0.8593530894919006,0.06679656814251421,-0.00477850994392881,0.06679656814251421,0.00477850994392881,0.0008371503208763897,-0.000336883298587054,0.49550947546958923,0.0,19.444444444444443,357,351,4.118873596191406,RoadOption.STRAIGHT,25.560794830322266,130.4945831298828,3.1471855581950687,2.8,1.2,4.5,3.0,10.0,0.6,0.01,0.06,0.55,0.16,0.2,0.35,1.5,12,10.0,14.0,0.9,1.2,0.6,0.01,0.06,0.65,0.3,0.72,0.005,0.38,0.22,0.01,0.14,1.0,0.28
lqr,ground_truth,curvy,400.0,0.05,0.1,1.0,58.19309860095382,34.74947738647461,130.48402404785156,18.603218461568883,0.8412259828755602,0.061955046314879234,-0.004396080011394687,0.061955046314879234,0.004396080011394687,0.0008437609649263322,6.6106440499424934e-06,0.5329830646514893,0.0,19.444444444444443,358,352,4.188936233520508,RoadOption.STRAIGHT,24.56081199645996,130.48899841308594,3.1471855581950687,2.8,1.2,4.5,3.0,10.0,0.6,0.01,0.06,0.55,0.16,0.2,0.35,1.5,12,10.0,14.0,0.9,1.2,0.6,0.01,0.06,0.65,0.3,0.72,0.005,0.38,0.22,0.01,0.14,1.0,0.28
lqr,ground_truth,curvy,400.0,0.05,0.1,1.0,58.243098601698875,33.81937789916992,130.48330688476562,18.601368749878425,0.8430756945660178,0.05746316970397517,-0.004068511197313995,0.05746316970397517,0.004068511197313995,0.0008429138688370585,-8.470960892736912e-07,0.5580650568008423,0.0,19.444444444444443,359,353,4.258777618408203,RoadOption.STRAIGHT,23.560827255249023,130.4833984375,3.1471855581950687,2.8,1.2,4.5,3.0,10.0,0.6,0.01,0.06,0.55,0.16,0.2,0.35,1.5,12,10.0,14.0,0.9,1.2,0.6,0.01,0.06,0.65,0.3,0.72,0.005,0.38,0.22,0.01,0.14,1.0,0.28
lqr,ground_truth,curvy,400.0,0.05,0.1,1.0,58.29309860244393,32.88960266113281,130.4822235107422,18.592711870887328,0.8517325735571148,0.05335457033911903,-0.0037736992646424383,0.05335457033911903,0.0037736992646424383,0.0009374209912493825,9.450712241232395e-05,0.5714278221130371,0.0,19.444444444444443,360,354,4.328952312469482,RoadOption.STRAIGHT,22.560842514038086,130.47779846191406,3.1471855581950687,2.8,1.2,4.5,3.0,10.0,0.6,0.01,0.06,0.55,0.16,0.2,0.35,1.5,12,10.0,14.0,0.9,1.2,0.6,0.01,0.06,0.65,0.3,0.72,0.005,0.38,0.22,0.01,0.14,1.0,0.28
lqr,ground_truth,curvy,400.0,0.05,0.1,1.0,58.34309860318899,31.96027946472168,130.48081970214844,18.583648994820965,0.8607954496234775,0.0495536701949983,-0.0034903389246583316,0.0495536701949983,0.0034903389246583316,0.000792822043877095,-0.0001445989473722875,0.5773527026176453,0.0,19.444444444444443,361,355,4.399586200714111,RoadOption.STRAIGHT,21.56085777282715,130.4722137451172,3.1471855581950687,2.8,1.2,4.5,3.0,10.0,0.6,0.01,0.06,0.55,0.16,0.2,0.35,1.5,12,10.0,14.0,0.9,1.2,0.6,0.01,0.06,0.65,0.3,0.72,0.005,0.38,0.22,0.01,0.14,1.0,0.28
lqr,ground_truth,curvy,400.0,0.05,0.1,1.0,58.39309860393405,31.031349182128906,130.47909545898438,18.576457547159198,0.8679868972852454,0.046090655677971985,-0.0032200280740148912,0.046090655677971985,0.0032200280740148912,0.0007010166882537305,-9.180535562336445e-05,0.579421877861023,0.0,19.444444444444443,362,356,4.4706196784973145,RoadOption.STRAIGHT,20.56087303161621,130.46661376953125,3.1471855581950687,2.8,1.2,4.5,3.0,10.0,0.6,0.01,0.06,0.55,0.16,0.2,0.35,1.5,12,10.0,14.0,0.9,1.2,0.6,0.01,0.06,0.65,0.3,0.72,0.005,0.38,0.22,0.01,0.14,1.0,0.28
lqr,ground_truth,curvy,400.0,0.05,0.1,1.0,58.44309860467911,30.102706909179688,130.47714233398438,18.571450369767412,0.872994074677031,0.04284287166876673,-0.002972087776528909,0.04284287166876673,0.002972087776528909,0.0005236765719018877,-0.00017734011635184288,0.5798050761222839,0.0,19.444444444444443,363,357,4.541945934295654,RoadOption.STRAIGHT,19.560890197753906,130.46102905273438,3.1471855581950687,2.8,1.2,4.5,3.0,10.0,0.6,0.01,0.06,0.55,0.16,0.2,0.35,1.5,12,10.0,14.0,0.9,1.2,0.6,0.01,0.06,0.65,0.3,0.72,0.005,0.38,0.22,0.01,0.14,1.0,0.28
lqr,ground_truth,curvy,400.0,0.05,0.1,1.0,58.493098605424166,29.17425537109375,130.47491455078125,18.5682276974227,0.8762167470217435,0.03988605620614509,-0.002755306463796181,0.03988605620614509,0.002755306463796181,0.0005402804235927761,1.6603851690888405e-05,0.5795972347259521,0.0,19.444444444444443,364,358,4.613465309143066,RoadOption.STRAIGHT,18.560895919799805,130.45542907714844,3.1471855581950687,2.8,1.2,4.5,3.0,10.0,0.6,0.01,0.06,0.55,0.16,0.2,0.35,1.5,12,10.0,14.0,0.9,1.2,0.6,0.01,0.06,0.65,0.3,0.72,0.005,0.38,0.22,0.01,0.14,1.0,0.28
lqr,ground_truth,curvy,400.0,0.05,0.1,1.0,58.543098606169224,28.245922088623047,130.4724884033203,18.566255072834647,0.8781893716097962,0.03711301540494838,-0.0025627599169837367,0.03711301540494838,0.0025627599169837367,0.0005340452771633863,-6.235146429389715e-06,0.5792807936668396,0.0,19.444444444444443,365,359,4.685107707977295,RoadOption.STRAIGHT,17.56505584716797,130.44969177246094,3.14797438650995,2.8,1.2,4.5,3.0,10.0,0.6,0.01,0.06,0.55,0.16,0.2,0.35,1.5,12,10.0,14.0,0.9,1.2,0.6,0.01,0.06,0.65,0.3,0.72,0.005,0.38,0.22,0.01,0.14,1.0,0.28
lqr,ground_truth,curvy,400.0,0.05,0.1,1.0,58.59309860691428,27.317657470703125,130.46983337402344,18.565089420182844,0.8793550242615993,0.03456923689220014,-0.0023843281239486203,0.03456923689220014,0.0023843281239486203,0.00045367199345491827,-8.037328370846808e-05,0.5790117979049683,0.0,19.444444444444443,366,360,4.756822109222412,RoadOption.STRAIGHT,16.57558250427246,130.4423828125,3.1499744204885998,2.8,1.2,4.5,3.0,10.0,0.6,0.01,0.06,0.55,0.16,0.2,0.35,1.5,12,10.0,14.0,0.9,1.2,0.6,0.01,0.06,0.65,0.3,0.72,0.005,0.38,0.22,0.01,0.14,1.0,0.28
lqr,ground_truth,curvy,400.0,0.05,0.1,1.0,58.64309860765934,26.389434814453125,130.46702575683594,18.56441506791888,0.8800293765255631,0.032193537120368765,-0.002221076349126605,0.032193537120368765,0.002221076349126605,0.0005103372968733311,5.6665303418412805e-05,0.5788268446922302,0.0,19.444444444444443,367,361,4.828580379486084,RoadOption.STRAIGHT,15.586126327514648,130.43312072753906,3.15197418815114,2.8,1.2,4.5,3.0,10.0,0.6,0.01,0.06,0.55,0.16,0.2,0.35,1.5,12,10.0,14.0,0.9,1.2,0.6,0.01,0.06,0.65,0.3,0.72,0.005,0.38,0.22,0.01,0.14,1.0,0.28
lqr,ground_truth,curvy,400.0,0.05,0.1,1.0,58.6930986084044,25.46123504638672,130.4640350341797,18.564029510100756,0.8804149343436869,0.02998580941382087,-0.002065547741466389,0.02998580941382087,0.002065547741466389,0.00040564508526585996,-0.00010469221160747111,0.5787116289138794,0.0,19.444444444444443,368,362,4.900362968444824,RoadOption.STRAIGHT,14.596691131591797,130.42184448242188,3.1539742221297895,2.8,1.2,4.5,3.0,10.0,0.6,0.01,0.06,0.55,0.16,0.2,0.35,1.5,12,10.0,14.0,0.9,1.2,0.6,0.01,0.06,0.65,0.3,0.72,0.005,0.38,0.22,0.01,0.14,1.0,0.28
lqr,ground_truth,curvy,400.0,0.05,0.1,1.0,58.743098609149456,24.533048629760742,130.46087646484375,18.56381999167068,0.8806244527737626,0.027961248317587655,-0.0019198728298377432,0.027961248317587655,0.0019198728298377432,0.00041423991206102073,8.59482679516077e-06,0.5786260962486267,0.0,19.444444444444443,369,363,4.972158908843994,RoadOption.STRAIGHT,13.607279777526855,130.40863037109375,3.155974256108439,2.8,1.2,4.5,3.0,10.0,0.6,0.01,0.06,0.55,0.16,0.2,0.35,1.5,12,10.0,14.0,0.9,1.2,0.6,0.01,0.06,0.65,0.3,0.72,0.005,0.38,0.22,0.01,0.14,1.0,0.28
lqr,ground_truth,curvy,400.0,0.05,0.1,1.0,58.793098609894514,23.604867935180664,130.45758056640625,18.563702260375532,0.8807421840689109,0.026058851632714253,-0.0017848505625712718,0.026058851632714253,0.0017848505625712718,0.0009000538266263902,0.0004858139145653695,0.5785865783691406,0.0,19.444444444444443,370,364,5.043972969055176,RoadOption.STRAIGHT,12.617897033691406,130.39340209960938,3.1579742900870884,2.8,1.2,4.5,3.0,10.0,0.6,0.01,0.06,0.55,0.16,0.2,0.35,1.5,12,10.0,14.0,0.9,1.2,0.6,0.01,0.06,0.65,0.3,0.72,0.005,0.38,0.22,0.01,0.14,1.0,0.28
lqr,ground_truth,curvy,400.0,0.05,0.1,1.0,58.84309861063957,22.676692962646484,130.4541015625,18.5636312467481,0.8808131976963445,0.02821118119054479,-0.0024045681482327552,0.02821118119054479,0.0024045681482327552,0.007910924963653088,0.007010871137026697,0.5785731077194214,0.0,19.444444444444443,370,365,5.111639499664307,RoadOption.STRAIGHT,12.617897033691406,130.39340209960938,3.1579742900870884,2.8,1.2,4.5,3.0,10.0,0.6,0.01,0.06,0.55,0.16,0.2,0.35,1.5,12,10.0,14.0,0.9,1.2,0.6,0.01,0.06,0.65,0.3,0.72,0.005,0.38,0.22,0.01,0.14,1.0,0.28
lqr,ground_truth,curvy,400.0,0.05,0.1,1.0,58.89309861138463,21.7485294342041,130.44981384277344,18.56342284122007,0.8810216032243723,0.026575562066469643,-0.001645034605342488,0.026575562066469643,0.001645034605342488,0.006985631305724382,-0.0009252936579287052,0.5788630247116089,0.0,19.444444444444443,371,365,4.183474063873291,RoadOption.STRAIGHT,11.628546714782715,130.37619018554688,3.1599743240657383,2.8,1.2,4.5,3.0,10.0,0.6,0.01,0.06,0.55,0.16,0.2,0.35,1.5,12,10.0,14.0,0.9,1.2,0.6,0.01,0.06,0.65,0.3,0.72,0.005,0.38,0.22,0.01,0.14,1.0,0.28
lqr,ground_truth,curvy,400.0,0.05,0.1,1.0,58.94309861212969,20.820377349853516,130.4445037841797,18.563344732971434,0.8810997114730093,0.033457567160431356,-0.002304965923464408,0.033457567160431356,0.002304965923464408,0.008889647200703621,0.0019040158949792385,0.5787535309791565,0.0,19.444444444444443,372,366,4.244795799255371,RoadOption.STRAIGHT,10.639232635498047,130.3570098876953,3.1619743580443878,2.8,1.2,4.5,3.0,10.0,0.6,0.01,0.06,0.55,0.16,0.2,0.35,1.5,12,10.0,14.0,0.9,1.2,0.6,0.01,0.06,0.65,0.3,0.72,0.005,0.38,0.22,0.01,0.14,1.0,0.28
lqr,ground_truth,curvy,400.0,0.05,0.1,1.0,58.993098612874746,19.89223861694336,130.4379425048828,18.563257275055385,0.8811871693890581,0.0398817330466032,-0.0025148230173623887,0.0398817330466032,0.0025148230173623887,0.007925604470074177,-0.0009640427306294441,0.5788172483444214,0.0,19.444444444444443,373,367,4.30611515045166,RoadOption.STRAIGHT,9.640340805053711,130.3365020751953,3.1621453329863707,2.8,1.2,4.5,3.0,10.0,0.6,0.01,0.06,0.55,0.16,0.2,0.35,1.5,12,10.0,14.0,0.9,1.2,0.6,0.01,0.06,0.65,0.3,0.72,0.005,0.38,0.22,0.01,0.14,1.0,0.28
lqr,ground_truth,curvy,400.0,0.05,0.1,1.0,59.043098613619804,18.964111328125,130.43002319335938,18.563243770818403,0.88120067362604,0.04589604682432147,-0.0024541029445082074,0.04589604682432147,0.0024541029445082074,0.005288728512823582,-0.002636875957250595,0.5787366032600403,0.0,19.444444444444443,374,368,4.367428302764893,RoadOption.STRAIGHT,8.640128135681152,130.31594848632812,3.162064639205341,2.8,1.2,4.5,3.0,10.0,0.6,0.01,0.06,0.55,0.16,0.2,0.35,1.5,12,10.0,14.0,0.9,1.2,0.6,0.01,0.06,0.65,0.3,0.72,0.005,0.38,0.22,0.01,0.14,1.0,0.28
lqr,ground_truth,curvy,400.0,0.05,0.1,1.0,59.09309861436486,18.035993576049805,130.42076110839844,18.56332143829868,0.8811230061457636,0.05156032314411298,-0.0024833977164995247,0.05156032314411298,0.0024833977164995247,0.004040255211293697,-0.0012484733015298843,0.5785806179046631,0.0,19.444444444444443,375,369,4.4287309646606445,RoadOption.STRAIGHT,7.629819393157959,130.29627990722656,3.1600646052266916,2.8,1.2,4.5,3.0,10.0,0.6,0.01,0.06,0.55,0.16,0.2,0.35,1.5,12,10.0,14.0,0.9,1.2,0.6,0.01,0.06,0.65,0.3,0.72,0.005,0.38,0.22,0.01,0.14,1.0,0.28
lqr,ground_truth,curvy,400.0,0.05,0.1,1.0,59.14309861510992,17.10788345336914,130.41026306152344,18.563387934910196,0.8810565095342469,0.056691336100841754,-0.0027787422813885243,0.056691336100841754,0.0027787422813885243,0.004564026370644569,0.000523771159350872,0.578554093837738,0.0,19.444444444444443,376,370,4.490018367767334,RoadOption.STRAIGHT,6.619473934173584,130.2786407470703,3.158064571248042,2.8,1.2,4.5,3.0,10.0,0.6,0.01,0.06,0.55,0.16,0.2,0.35,1.5,12,10.0,14.0,0.9,1.2,0.6,0.01,0.06,0.65,0.3,0.72,0.005,0.38,0.22,0.01,0.14,1.0,0.28
lqr,ground_truth,curvy,400.0,0.05,0.1,1.0,59.19309861585498,16.179790496826172,130.3984375,18.5633965755452,0.8810478688992411,0.061411196279526944,-0.003242931259389792,0.061411196279526944,0.003242931259389792,0.0059773181565105915,0.0014132917858660221,0.5786183476448059,0.0,19.444444444444443,377,371,4.55129861831665,RoadOption.STRAIGHT,5.609095096588135,130.26300048828125,3.1560645372693927,2.8,1.2,4.5,3.0,10.0,0.6,0.01,0.06,0.55,0.16,0.2,0.35,1.5,12,10.0,14.0,0.9,1.2,0.6,0.01,0.06,0.65,0.3,0.72,0.005,0.38,0.22,0.01,0.14,1.0,0.28
lqr,ground_truth,curvy,400.0,0.05,0.1,1.0,59.24309861660004,15.251718521118164,130.38510131835938,18.56333855129242,0.8811058931520215,0.0659182193103682,-0.003674097039873203,0.0659182193103682,0.003674097039873203,0.004048056900501251,-0.0019292612560093403,0.5787331461906433,0.0,19.444444444444443,378,372,4.612571716308594,RoadOption.STRAIGHT,4.598687171936035,130.24937438964844,3.1540645032907433,2.8,1.2,4.5,3.0,10.0,0.6,0.01,0.06,0.55,0.16,0.2,0.35,1.5,12,10.0,14.0,0.9,1.2,0.6,0.01,0.06,0.65,0.3,0.72,0.005,0.38,0.22,0.01,0.14,1.0,0.28
lqr,ground_truth,curvy,400.0,0.05,0.1,1.0,59.293098617345095,14.323667526245117,130.370361328125,18.563357060094653,0.8810873843497902,0.06239603431135387,-0.002345179655923957,0.06239603431135387,0.002345179655923957,-0.00542030856013298,-0.009468365460634232,0.5786302089691162,0.0,19.444444444444443,379,373,4.683449745178223,RoadOption.STRAIGHT,3.5882537364959717,130.23777770996094,3.152064469312094,2.8,1.2,4.5,3.0,10.0,0.6,0.01,0.06,0.55,0.16,0.2,0.35,1.5,12,10.0,14.0,0.9,1.2,0.6,0.01,0.06,0.65,0.3,0.72,0.005,0.38,0.22,0.01,0.14,1.0,0.28
lqr,ground_truth,curvy,400.0,0.05,0.1,1.0,59.34309861809015,13.395622253417969,130.3551483154297,18.563380246779108,0.8810641976653351,0.058155992053435766,-0.001638376702616462,0.058155992053435766,0.001638376702616462,-0.011705048382282257,-0.006284739822149277,0.5786107182502747,0.0,19.444444444444443,380,374,4.7556562423706055,RoadOption.STRAIGHT,2.577799081802368,130.22821044921875,3.150064701649553,2.8,1.2,4.5,3.0,10.0,0.6,0.01,0.06,0.55,0.16,0.2,0.35,1.5,12,10.0,14.0,0.9,1.2,0.6,0.01,0.06,0.65,0.3,0.72,0.005,0.38,0.22,0.01,0.14,1.0,0.28
lqr,ground_truth,curvy,400.0,0.05,0.1,1.0,59.39309861883521,12.467575073242188,130.34042358398438,18.563208340422143,0.8812361040222996,0.045221561309009915,-0.0004290352516118645,0.045221561309009915,0.0004290352516118645,-0.015713324770331383,-0.004008276388049126,0.5789479613304138,0.0,19.444444444444443,381,375,4.837957382202148,RoadOption.STRAIGHT,1.567327618598938,130.2206573486328,3.1480646676709036,2.8,1.2,4.5,3.0,10.0,0.6,0.01,0.06,0.55,0.16,0.2,0.35,1.5,12,10.0,14.0,0.9,1.2,0.6,0.01,0.06,0.65,0.3,0.72,0.005,0.38,0.22,0.01,0.14,1.0,0.28
lqr,ground_truth,curvy,400.0,0.05,0.1,1.0,59.44309861958027,11.539525032043457,130.32693481445312,18.562919662628858,0.8815247818155854,0.03275149594392627,-0.0006335660233300899,0.03275149594392627,0.0006335660233300899,-0.009984476491808891,0.0057288482785224915,0.579261302947998,0.0,19.444444444444443,382,376,4.920288562774658,RoadOption.STRAIGHT,0.5656337141990662,130.2144775390625,3.14773816412126,2.8,1.2,4.5,3.0,10.0,0.6,0.01,0.06,0.55,0.16,0.2,0.35,1.5,12,10.0,14.0,0.9,1.2,0.6,0.01,0.06,0.65,0.3,0.72,0.005,0.38,0.22,0.01,0.14,1.0,0.28
lqr,ground_truth,curvy,400.0,0.05,0.1,1.0,59.49309862032533,10.611456871032715,130.31468200683594,18.563052333685867,0.8813921107585756,0.020714964106667066,-0.00139443114676574,0.020714964106667066,0.00139443114676574,-0.0019336437107995152,0.008050832781009376,0.5786760449409485,0.0,19.444444444444443,382,377,5.002628803253174,RoadOption.STRAIGHT,0.5656337141990662,130.2144775390625,3.14773816412126,2.8,1.2,4.5,3.0,10.0,0.6,0.01,0.06,0.55,0.16,0.2,0.35,1.5,12,10.0,14.0,0.9,1.2,0.6,0.01,0.06,0.65,0.3,0.72,0.005,0.38,0.22,0.01,0.14,1.0,0.28
lqr,ground_truth,curvy,400.0,0.05,0.1,1.0,59.543098621070385,9.683368682861328,130.30316162109375,18.56332007500099,0.8811243694434516,0.01880342800059092,-0.0036011264260054077,0.01880342800059092,0.0036011264260054077,0.006761458236724138,0.008695101947523654,0.5783533453941345,0.0,19.444444444444443,383,377,4.074471950531006,RoadOption.STRAIGHT,-0.4343474507331848,130.20834350585938,-3.1354468767422174,2.8,1.2,4.5,3.0,10.0,0.6,0.01,0.06,0.55,0.16,0.2,0.35,1.5,12,10.0,14.0,0.9,1.2,0.6,0.01,0.06,0.65,0.3,0.72,0.005,0.38,0.22,0.01,0.14,1.0,0.28
lqr,ground_truth,curvy,400.0,0.05,0.1,1.0,59.59309862181544,8.755270957946777,130.2917022705078,18.56335499547505,0.8810894489693943,0.009514355411264906,-0.002446379777346408,0.009514355411264906,0.002446379777346408,0.0005751756252720952,-0.006186282611452043,0.5786117911338806,0.0,19.444444444444443,384,378,4.156799793243408,RoadOption.STRAIGHT,-1.434328556060791,130.20217895507812,-3.1354468767422174,2.8,1.2,4.5,3.0,10.0,0.6,0.01,0.06,0.55,0.16,0.2,0.35,1.5,12,10.0,14.0,0.9,1.2,0.6,0.01,0.06,0.65,0.3,0.72,0.005,0.38,0.22,0.01,0.14,1.0,0.28
lqr,ground_truth,curvy,400.0,0.05,0.1,1.0,59.6430986225605,7.82716703414917,130.28062438964844,18.563445090301038,0.8809993541434054,0.0015439771945474218,-0.0006000101935956792,0.0015439771945474218,0.0006000101935956792,-0.008642483502626419,-0.009217659127898514,0.5784915089607239,0.0,19.444444444444443,385,379,4.23913049697876,RoadOption.STRAIGHT,-2.434309959411621,130.196044921875,-3.1354468767422174,2.8,1.2,4.5,3.0,10.0,0.6,0.01,0.06,0.55,0.16,0.2,0.35,1.5,12,10.0,14.0,0.9,1.2,0.6,0.01,0.06,0.65,0.3,0.72,0.005,0.38,0.22,0.01,0.14,1.0,0.28
lqr,ground_truth,curvy,400.0,0.05,0.1,1.0,59.69309862330556,6.899052143096924,130.27088928222656,18.56323248592223,0.8812119585222113,-0.006067875701486869,0.000661262898667303,0.006067875701486869,0.000661262898667303,-0.012506099417805672,-0.0038636159151792526,0.5789822936058044,0.0,19.444444444444443,386,380,4.3214640617370605,RoadOption.STRAIGHT,-3.434290885925293,130.18988037109375,-3.1354468767422174,2.8,1.2,4.5,3.0,10.0,0.6,0.01,0.06,0.55,0.16,0.2,0.35,1.5,12,10.0,14.0,0.9,1.2,0.6,0.01,0.06,0.65,0.3,0.72,0.005,0.38,0.22,0.01,0.14,1.0,0.28
lqr,ground_truth,curvy,400.0,0.05,0.1,1.0,59.74309862405062,5.97093391418457,130.26307678222656,18.5629258139065,0.8815186305379434,-0.013918542197545347,0.000878310527507864,0.013918542197545347,0.000878310527507864,-0.0071410201489925385,0.005365079268813133,0.5792791843414307,0.0,19.444444444444443,387,381,4.403810977935791,RoadOption.STRAIGHT,-4.434271812438965,130.18374633789062,-3.1354468767422174,2.8,1.2,4.5,3.0,10.0,0.6,0.01,0.06,0.55,0.16,0.2,0.35,1.5,12,10.0,14.0,0.9,1.2,0.6,0.01,0.06,0.65,0.3,0.72,0.005,0.38,0.22,0.01,0.14,1.0,0.28
lqr,ground_truth,curvy,400.0,0.05,0.1,1.0,59.793098624795675,5.042804718017578,130.25682067871094,18.563052611288413,0.8813918331560302,-0.014828011693864274,-0.0009451558708697405,0.014828011693864274,0.0009451558708697405,0.007810917217284441,0.01495193736627698,0.5786829590797424,0.0,19.444444444444443,388,382,4.477371692657471,RoadOption.STRAIGHT,-5.434253215789795,130.1776123046875,-3.1354468767422174,2.8,1.2,4.5,3.0,10.0,0.6,0.01,0.06,0.55,0.16,0.2,0.35,1.5,12,10.0,14.0,0.9,1.2,0.6,0.01,0.06,0.65,0.3,0.72,0.005,0.38,0.22,0.01,0.14,1.0,0.28
lqr,ground_truth,curvy,400.0,0.05,0.1,1.0,59.84309862554073,4.1146697998046875,130.25076293945312,18.563114634025638,0.881329810418805,-0.014461563588729569,-0.0019060243921695808,0.014461563588729569,0.0019060243921695808,0.013199455104768276,0.005388537887483835,0.5787234306335449,0.0,19.444444444444443,389,383,4.549215316772461,RoadOption.STRAIGHT,-6.434234142303467,130.17144775390625,-3.1354468767422174,2.8,1.2,4.5,3.0,10.0,0.6,0.01,0.06,0.55,0.16,0.2,0.35,1.5,12,10.0,14.0,0.9,1.2,0.6,0.01,0.06,0.65,0.3,0.72,0.005,0.38,0.22,0.01,0.14,1.0,0.28
lqr,ground_truth,curvy,400.0,0.05,0.1,1.0,59.89309862628579,3.186544179916382,130.24395751953125,18.56299129332052,0.8814531511239245,-0.013379101552237545,-0.0010934939435864877,0.013379101552237545,0.0010934939435864877,0.006333586759865284,-0.006865868344902992,0.5790199041366577,0.0,19.444444444444443,390,384,4.6210618019104,RoadOption.STRAIGHT,-7.434215068817139,130.16531372070312,-3.1354468767422174,2.8,1.2,4.5,3.0,10.0,0.6,0.01,0.06,0.55,0.16,0.2,0.35,1.5,12,10.0,14.0,0.9,1.2,0.6,0.01,0.06,0.65,0.3,0.72,0.005,0.38,0.22,0.01,0.14,1.0,0.28
lqr,ground_truth,curvy,400.0,0.05,0.1,1.0,59.94309862703085,2.258417844772339,130.23667907714844,18.563208073890095,0.8812363705543476,-0.011793111550352793,0.0004572647591665202,0.011793111550352793,0.0004572647591665202,-0.003531845984980464,-0.009865432744845748,0.5784816741943359,0.0,19.444444444444443,391,385,4.692904472351074,RoadOption.STRAIGHT,-8.434196472167969,130.15914916992188,-3.1354468767422174,2.8,1.2,4.5,3.0,10.0,0.6,0.01,0.06,0.55,0.16,0.2,0.35,1.5,12,10.0,14.0,0.9,1.2,0.6,0.01,0.06,0.65,0.3,0.72,0.005,0.38,0.22,0.01,0.14,1.0,0.28
lqr,ground_truth,curvy,400.0,0.05,0.1,1.0,59.99309862777591,1.3302797079086304,130.22975158691406,18.56333287137791,0.8811115730665335,-0.01058865953168333,0.0013670005875376923,0.01058865953168333,0.0013670005875376923,-0.00784245040267706,-0.004310604417696595,0.5785171985626221,0.0,19.444444444444443,392,386,4.764737606048584,RoadOption.STRAIGHT,-9.43417739868164,130.15301513671875,-3.1354468767422174,2.8,1.2,4.5,3.0,10.0,0.6,0.01,0.06,0.55,0.16,0.2,0.35,1.5,12,10.0,14.0,0.9,1.2,0.6,0.01,0.06,0.65,0.3,0.72,0.005,0.38,0.22,0.01,0.14,1.0,0.28
lqr,ground_truth,curvy,400.0,0.05,0.1,1.0,60.043098628520966,0.4021342396736145,130.2236328125,18.563305663854763,0.88113878058968,-0.010162436115439256,0.0011294466183029428,0.010162436115439256,0.0011294466183029428,-0.004349545110017061,0.003492905292659998,0.5787159204483032,0.0,19.444444444444443,393,387,4.836571216583252,RoadOption.STRAIGHT,-10.434158325195312,130.14688110351562,-3.1354468767422174,2.8,1.2,4.5,3.0,10.0,0.6,0.01,0.06,0.55,0.16,0.2,0.35,1.5,12,10.0,14.0,0.9,1.2,0.6,0.01,0.06,0.65,0.3,0.72,0.005,0.38,0.22,0.01,0.14,1.0,0.28
lqr,ground_truth,curvy,400.0,0.05,0.1,1.0,60.093098629266024,-0.5260168313980103,130.21804809570312,18.563401696699795,0.8810427477446474,-0.010270291733633731,0.0003041329964870165,0.010270291733633731,0.0003041329964870165,0.0019435471622273326,0.006293092272244394,0.5785104036331177,0.0,19.444444444444443,394,388,4.908403396606445,RoadOption.STRAIGHT,-11.434139251708984,130.14071655273438,-3.1354468767422174,2.8,1.2,4.5,3.0,10.0,0.6,0.01,0.06,0.55,0.16,0.2,0.35,1.5,12,10.0,14.0,0.9,1.2,0.6,0.01,0.06,0.65,0.3,0.72,0.005,0.38,0.22,0.01,0.14,1.0,0.28
lqr,ground_truth,curvy,400.0,0.05,0.1,1.0,60.14309863001108,-1.454171895980835,130.2123565673828,18.56347817775178,0.8809662666926634,-0.01030188232093468,-0.00021598236440523166,0.01030188232093468,0.00021598236440523166,0.004744751378893852,0.0028012042166665196,0.5784879922866821,0.0,19.444444444444443,395,389,4.980230808258057,RoadOption.STRAIGHT,-12.434121131896973,130.13458251953125,-3.1354468767422174,2.8,1.2,4.5,3.0,10.0,0.6,0.01,0.06,0.55,0.16,0.2,0.35,1.5,12,10.0,14.0,0.9,1.2,0.6,0.01,0.06,0.65,0.3,0.72,0.005,0.38,0.22,0.01,0.14,1.0,0.28
lqr,ground_truth,curvy,400.0,0.05,0.1,1.0,60.19309863075614,-2.3823258876800537,130.2062530517578,18.563478762302527,0.8809656821419161,-0.009890969788566607,-6.0187440635850464e-05,0.009890969788566607,6.0187440635850464e-05,0.0030308389104902744,-0.0017139124684035778,0.5785787105560303,0.0,19.444444444444443,395,390,5.052055835723877,RoadOption.STRAIGHT,-12.434121131896973,130.13458251953125,-3.1354468767422174,2.8,1.2,4.5,3.0,10.0,0.6,0.01,0.06,0.55,0.16,0.2,0.35,1.5,12,10.0,14.0,0.9,1.2,0.6,0.01,0.06,0.65,0.3,0.72,0.005,0.38,0.22,0.01,0.14,1.0,0.28
lqr,ground_truth,curvy,400.0,0.05,0.1,1.0,60.2430986315012,-3.3104782104492188,130.19981384277344,18.563509760930646,0.8809346835137966,-0.009156063557890604,0.0004793689962143688,0.009156063557890604,0.0004793689962143688,-0.0007230344926938415,-0.003753873403184116,0.5785236358642578,0.0,19.444444444444443,396,390,4.1238813400268555,RoadOption.STRAIGHT,-13.434102058410645,130.12844848632812,-3.1354468767422174,2.8,1.2,4.5,3.0,10.0,0.6,0.01,0.06,0.55,0.16,0.2,0.35,1.5,12,10.0,14.0,0.9,1.2,0.6,0.01,0.06,0.65,0.3,0.72,0.005,0.38,0.22,0.01,0.14,1.0,0.28
lqr,ground_truth,curvy,400.0,0.05,0.1,1.0,60.293098632246256,-4.2386322021484375,130.19338989257812,18.563535811649274,0.880908632795169,-0.008455236577966947,0.0008708536764561181,0.008455236577966947,0.0008708536764561181,-0.0030569748487323523,-0.002333940356038511,0.5785139203071594,0.0,19.444444444444443,397,391,4.195704460144043,RoadOption.STRAIGHT,-14.434082984924316,130.12228393554688,-3.1354468767422174,2.8,1.2,4.5,3.0,10.0,0.6,0.01,0.06,0.55,0.16,0.2,0.35,1.5,12,10.0,14.0,0.9,1.2,0.6,0.01,0.06,0.65,0.3,0.72,0.005,0.38,0.22,0.01,0.14,1.0,0.28
lqr,ground_truth,curvy,400.0,0.05,0.1,1.0,60.343098632991314,-5.166788101196289,130.18724060058594,18.563527588832592,0.8809168556118507,-0.007998560264973746,0.0008253136218154822,0.007998560264973746,0.0008253136218154822,-0.002177989576011896,0.0008789852727204561,0.5785599946975708,0.0,19.444444444444443,398,392,4.267527103424072,RoadOption.STRAIGHT,-15.434063911437988,130.11614990234375,-3.1354468767422174,2.8,1.2,4.5,3.0,10.0,0.6,0.01,0.06,0.55,0.16,0.2,0.35,1.5,12,10.0,14.0,0.9,1.2,0.6,0.01,0.06,0.65,0.3,0.72,0.005,0.38,0.22,0.01,0.14,1.0,0.28
lqr,ground_truth,curvy,400.0,0.05,0.1,1.0,60.39309863373637,-6.094946384429932,130.1813201904297,18.563532737263582,0.8809117071808608,-0.007770776118014185,0.0004913532211197058,0.007770776118014185,0.0004913532211197058,0.00032750863465480506,0.002505498210666701,0.5785408616065979,0.0,19.444444444444443,399,393,4.339349269866943,RoadOption.STRAIGHT,-16.434045791625977,130.1099853515625,-3.1354468767422174,2.8,1.2,4.5,3.0,10.0,0.6,0.01,0.06,0.55,0.16,0.2,0.35,1.5,12,10.0,14.0,0.9,1.2,0.6,0.01,0.06,0.65,0.3,0.72,0.005,0.38,0.22,0.01,0.14,1.0,0.28
lqr,ground_truth,curvy,400.0,0.05,0.1,1.0,60.44309863448143,-7.023104190826416,130.17538452148438,18.563543025304472,0.8809014191399704,-0.007558247541435113,0.000226635008766074,0.007558247541435113,0.000226635008766074,0.0016403815243393183,0.0013128728896845132,0.5785285234451294,0.0,19.444444444444443,400,394,4.4111714363098145,RoadOption.STRAIGHT,-17.43402671813965,130.10385131835938,-3.1354468767422174,2.8,1.2,4.5,3.0,10.0,0.6,0.01,0.06,0.55,0.16,0.2,0.35,1.5,12,10.0,14.0,0.9,1.2,0.6,0.01,0.06,0.65,0.3,0.72,0.005,0.38,0.22,0.01,0.14,1.0,0.28
lqr,ground_truth,curvy,400.0,0.05,0.1,1.0,60.49309863522649,-7.951261520385742,130.16932678222656,18.56353726692784,0.8809071775166046,-0.007193125164339044,0.0002173139449506145,0.007193125164339044,0.0002173139449506145,0.0012507201172411442,-0.0003896614070981741,0.5785512328147888,0.0,19.444444444444443,401,395,4.48299503326416,RoadOption.STRAIGHT,-18.43400764465332,130.09771728515625,-3.1354468767422174,2.8,1.2,4.5,3.0,10.0,0.6,0.01,0.06,0.55,0.16,0.2,0.35,1.5,12,10.0,14.0,0.9,1.2,0.6,0.01,0.06,0.65,0.3,0.72,0.005,0.38,0.22,0.01,0.14,1.0,0.28
lqr,ground_truth,curvy,400.0,0.05,0.1,1.0,60.543098635971546,-8.879416465759277,130.16311645507812,18.56353952562285,0.8809049188215923,-0.00667540898672599,0.0003829625647533419,0.00667540898672599,0.0003829625647533419,-3.165525777149014e-05,-0.0012823753750126343,0.5785402655601501,0.0,19.444444444444443,402,396,4.554818153381348,RoadOption.STRAIGHT,-19.433988571166992,130.091552734375,-3.1354468767422174,2.8,1.2,4.5,3.0,10.0,0.6,0.01,0.06,0.55,0.16,0.2,0.35,1.5,12,10.0,14.0,0.9,1.2,0.6,0.01,0.06,0.65,0.3,0.72,0.005,0.38,0.22,0.01,0.14,1.0,0.28
lqr,ground_truth,curvy,400.0,0.05,0.1,1.0,60.593098636716604,-9.807573318481445,130.1569061279297,18.563541825920648,0.8809026185237947,-0.00618822153297181,0.0005315669535801426,0.00618822153297181,0.0005315669535801426,-0.0011623897589743137,-0.0011307345012028236,0.5785388350486755,0.0,19.444444444444443,403,397,4.6266398429870605,RoadOption.STRAIGHT,-20.433969497680664,130.08541870117188,-3.1354468767422174,2.8,1.2,4.5,3.0,10.0,0.6,0.01,0.06,0.55,0.16,0.2,0.35,1.5,12,10.0,14.0,0.9,1.2,0.6,0.01,0.06,0.65,0.3,0.72,0.005,0.38,0.22,0.01,0.14,1.0,0.28
lqr,ground_truth,curvy,400.0,0.05,0.1,1.0,60.64309863746166,-10.73572826385498,130.1508026123047,18.56353891258193,0.6483370907106689,-0.005777314861636379,0.000525175366963726,0.005777314861636379,0.000525175366963726,-0.0008991650538519025,0.00026322470512241125,0.15992362797260284,0.0,19.2118760032926,404,398,4.6984639167785645,RoadOption.STRAIGHT,-21.433950424194336,130.07928466796875,-3.1354468767422174,2.8,1.2,4.5,3.0,10.0,0.6,0.01,0.06,0.55,0.16,0.2,0.35,1.5,12,10.0,14.0,0.9,1.2,0.6,0.01,0.06,0.65,0.3,0.72,0.005,0.38,0.22,0.01,0.14,1.0,0.28
lqr,ground_truth,curvy,400.0,0.05,0.1,1.0,60.69309863820672,-11.663509368896484,130.14479064941406,18.542874712238856,0.21900129105374333,-0.005486172811648652,0.00039947416351182596,0.005486172811648652,0.00039947416351182596,-0.00019719754345715046,0.000701967510394752,0.0,0.333802193403244,18.7618760032926,405,399,4.770663738250732,RoadOption.STRAIGHT,-22.433931350708008,130.0731201171875,-3.1354468767422174,2.8,1.2,4.5,3.0,10.0,0.6,0.01,0.06,0.55,0.16,0.2,0.35,1.5,12,10.0,14.0,0.9,1.2,0.6,0.01,0.06,0.65,0.3,0.72,0.005,0.38,0.22,0.01,0.14,1.0,0.28
lqr,ground_truth,curvy,400.0,0.05,0.1,1.0,60.74309863895178,-12.587519645690918,130.13885498046875,18.422358365199944,-0.11048236190734428,-0.005217637602333423,0.000270044534534275,0.005217637602333423,0.000270044534534275,0.0005033292109146714,0.0007005267543718219,0.0,0.4117250442504883,18.3118760032926,406,400,4.8466339111328125,RoadOption.STRAIGHT,-23.43391227722168,130.06698608398438,-3.1354468767422174,2.8,1.2,4.5,3.0,10.0,0.6,0.01,0.06,0.55,0.16,0.2,0.35,1.5,12,10.0,14.0,0.9,1.2,0.6,0.01,0.06,0.65,0.3,0.72,0.005,0.38,0.22,0.01,0.14,1.0,0.28
lqr,ground_truth,curvy,400.0,0.05,0.1,1.0,60.79309863969684,-13.501951217651367,130.1329345703125,18.191577142020986,-0.32970113872838525,-0.00490549268209918,0.00022237395102164825,0.00490549268209918,0.00022237395102164825,0.0006656518089585006,0.0001623225980438292,0.0,0.4111033082008362,17.8618760032926,407,401,4.932182312011719,RoadOption.STRAIGHT,-24.433895111083984,130.06082153320312,-3.1354468767422174,2.8,1.2,4.5,3.0,10.0,0.6,0.01,0.06,0.55,0.16,0.2,0.35,1.5,12,10.0,14.0,0.9,1.2,0.6,0.01,0.06,0.65,0.3,0.72,0.005,0.38,0.22,0.01,0.14,1.0,0.28
lqr,ground_truth,curvy,400.0,0.05,0.1,1.0,60.843098640441895,-14.402929306030273,130.1270751953125,17.902539933986017,-0.4906639306934153,-0.004602217179821854,0.0002636529479178584,0.004602217179821854,0.0002636529479178584,9.18472942430526e-05,-0.000573804514715448,0.0,0.43801912665367126,17.4118760032926,407,402,5.031185150146484,RoadOption.STRAIGHT,-24.433895111083984,130.06082153320312,-3.1354468767422174,2.8,1.2,4.5,3.0,10.0,0.6,0.01,0.06,0.55,0.16,0.2,0.35,1.5,12,10.0,14.0,0.9,1.2,0.6,0.01,0.06,0.65,0.3,0.72,0.005,0.38,0.22,0.01,0.14,1.0,0.28
lqr,ground_truth,curvy,400.0,0.05,0.1,1.0,60.89309864118695,-15.288260459899902,130.1212921142578,17.575494380292103,-0.6136183769995007,-0.004260258795972551,0.00032224249189960474,0.004260258795972551,0.00032224249189960474,-0.00047083813115023077,-0.0005626854253932834,0.0,0.4664885997772217,16.961876003292602,408,402,4.1458353996276855,RoadOption.STRAIGHT,-25.433876037597656,130.0546875,-3.1354468767422174,2.8,1.2,4.5,3.0,10.0,0.6,0.01,0.06,0.55,0.16,0.2,0.35,1.5,12,10.0,14.0,0.9,1.2,0.6,0.01,0.06,0.65,0.3,0.72,0.005,0.38,0.22,0.01,0.14,1.0,0.28
lqr,ground_truth,curvy,400.0,0.05,0.1,1.0,60.94309864193201,-16.156436920166016,130.11569213867188,17.222804621216586,-0.490652949926325,-0.003984270589564149,0.0003270361818619172,0.003984270589564149,0.0003270361818619172,-0.00042166453204117715,4.917359910905361e-05,0.0,0.09785081446170807,16.73215167129026,409,403,4.277640342712402,RoadOption.STRAIGHT,-26.433856964111328,130.04855346679688,-3.1354468767422174,2.8,1.2,4.5,3.0,10.0,0.6,0.01,0.06,0.55,0.16,0.2,0.35,1.5,12,10.0,14.0,0.9,1.2,0.6,0.01,0.06,0.65,0.3,0.72,0.005,0.38,0.22,0.01,0.14,1.0,0.28
lqr,ground_truth,curvy,400.0,0.05,0.1,1.0,60.99309864267707,-17.006975173950195,130.1102294921875,16.877867007542573,-0.146251611716405,-0.0037372090925876407,0.00028149612722128126,0.0037372090925876407,0.00028149612722128126,-6.537021545227617e-05,0.000356294316588901,0.37443995475769043,0.0,16.731615395826168,410,404,4.427083969116211,RoadOption.STRAIGHT,-27.433837890625,130.04238891601562,-3.1354468767422174,2.8,1.2,4.5,3.0,10.0,0.6,0.01,0.06,0.55,0.16,0.2,0.35,1.5,12,10.0,14.0,0.9,1.2,0.6,0.01,0.06,0.65,0.3,0.72,0.005,0.38,0.22,0.01,0.14,1.0,0.28
lqr,ground_truth,curvy,400.0,0.05,0.1,1.0,61.04309864342213,-17.841276168823242,130.1049041748047,16.565372369855076,0.16677930143518438,-0.0035582011637818184,0.00023462449203615066,0.0035582011637818184,0.00023462449203615066,6.832603685325012e-05,0.00013369625230552629,0.5246973633766174,0.0,16.73215167129026,411,405,4.592765808105469,RoadOption.STRAIGHT,-28.433818817138672,130.0362548828125,-3.1354468767422174,2.8,1.2,4.5,3.0,10.0,0.6,0.01,0.06,0.55,0.16,0.2,0.35,1.5,12,10.0,14.0,0.9,1.2,0.6,0.01,0.06,0.65,0.3,0.72,0.005,0.38,0.22,0.01,0.14,1.0,0.28
lqr,ground_truth,curvy,400.0,0.05,0.1,1.0,61.093098644167185,-18.661521911621094,130.09967041015625,16.30911063515475,0.4230410361355119,-0.00335384733954475,0.00020985709389842455,0.00335384733954475,0.00020985709389842455,0.0002163951430702582,0.00014806910621700808,0.6105429530143738,0.0,16.73215167129026,412,406,4.772502899169922,RoadOption.STRAIGHT,-29.43410873413086,130.0301055908203,-3.1354468767422174,2.8,1.2,4.5,3.0,10.0,0.6,0.01,0.06,0.55,0.16,0.2,0.35,1.5,12,10.0,14.0,0.9,1.2,0.6,0.01,0.06,0.65,0.3,0.72,0.005,0.38,0.22,0.01,0.14,1.0,0.28
lqr,ground_truth,curvy,400.0,0.05,0.1,1.0,61.14309864491224,-19.47140884399414,130.094482421875,16.134489099121236,0.5976625721690247,-0.0031621117612127374,0.00021518341607862368,0.0031621117612127374,0.00021518341607862368,-2.510874946892727e-05,-0.00024150389253918547,0.6176464557647705,0.0,16.73215167129026,413,407,4.962601184844971,RoadOption.STRAIGHT,-30.40340805053711,130.02146911621094,-3.117932597833311,2.8,1.2,4.5,3.0,10.0,0.6,0.01,0.06,0.55,0.16,0.2,0.35,1.5,12,10.0,14.0,0.9,1.2,0.6,0.01,0.06,0.65,0.3,0.72,0.005,0.38,0.22,0.01,0.14,1.0,0.28
lqr,ground_truth,curvy,400.0,0.05,0.1,1.0,61.1930986456573,-20.274822235107422,130.08935546875,16.03102240246584,0.7011292688244204,-0.002961120217193046,0.00022583606043902194,0.002961120217193046,0.00022583606043902194,-0.00010896614548983052,-8.385739602090325e-05,0.5946912169456482,0.0,16.73215167129026,413,408,5.159170627593994,RoadOption.STRAIGHT,-30.40340805053711,130.02146911621094,-3.117932597833311,2.8,1.2,4.5,3.0,10.0,0.6,0.01,0.06,0.55,0.16,0.2,0.35,1.5,12,10.0,14.0,0.9,1.2,0.6,0.01,0.06,0.65,0.3,0.72,0.005,0.38,0.22,0.01,0.14,1.0,0.28
lqr,ground_truth,curvy,400.0,0.05,0.1,1.0,61.24309864640236,-21.074613571166992,130.08425903320312,15.975609685900142,0.7565419853901183,-0.0027800890512367886,0.00022157500269459618,0.0027800890512367886,0.00022157500269459618,-0.00012179864279460162,-1.2832497304771096e-05,0.5704204440116882,0.0,16.73215167129026,414,408,4.359363079071045,RoadOption.STRAIGHT,-31.311279296875,129.97637939453125,-3.0659847112941168,2.8,1.2,4.5,3.0,10.0,0.6,0.01,0.06,0.55,0.16,0.2,0.35,1.5,12,10.0,14.0,0.9,1.2,0.6,0.01,0.06,0.65,0.3,0.72,0.005,0.38,0.22,0.01,0.14,1.0,0.28
lqr,ground_truth,curvy,400.0,0.05,0.1,1.0,61.29309864714742,-21.872543334960938,130.0791778564453,15.948122584388468,0.7834928114377,-0.0025911720722391444,0.00020586235226316418,0.0025911720722391444,0.00020586235226316418,8.237735528382473e-06,0.0001300363783229841,0.5524366497993469,0.0,16.731615395826168,415,409,4.561417102813721,RoadOption.STRAIGHT,-32.215579986572266,129.8842010498047,-3.014037091071031,2.8,1.2,4.5,3.0,10.0,0.6,0.01,0.06,0.55,0.16,0.2,0.35,1.5,12,10.0,14.0,0.9,1.2,0.6,0.01,0.06,0.65,0.3,0.72,0.005,0.38,0.22,0.01,0.14,1.0,0.28
lqr,ground_truth,curvy,400.0,0.05,0.1,1.0,61.343098647892475,-22.66956329345703,130.0741424560547,15.935048914518871,0.7971027567713893,-0.0024729561725888964,0.0001925465468128884,0.0024729561725888964,0.0001925465468128884,-7.737256237305701e-05,-8.561029790143948e-05,0.5445935726165771,0.0,16.73215167129026,416,410,4.764380931854248,RoadOption.STRAIGHT,-33.11387634277344,129.7451934814453,-2.9620892045318366,2.8,1.2,4.5,3.0,10.0,0.6,0.01,0.06,0.55,0.16,0.2,0.35,1.5,12,10.0,14.0,0.9,1.2,0.6,0.01,0.06,0.65,0.3,0.72,0.005,0.38,0.22,0.01,0.14,1.0,0.28
pid,ground_truth,curvy,400.0,0.05,0.1,1.0,61.39309864863753,-9.875875473022461,-57.55167007446289,0.4899999797344208,18.954444464710022,0.04549653862999907,1.0194913535599426e-07,0.04549653862999907,1.0194913535599426e-07,-0.0015124540077522397,-0.0015124540077522397,1.0,0.0,19.444444444444443,11,0,0.5870656371116638,RoadOption.STRAIGHT,1.095213770866394,-57.46044921875,0.015969112844442135,2.8,1.2,4.5,3.0,10.0,0.6,0.01,0.06,0.55,0.16,0.2,0.35,1.5,12,10.0,14.0,0.9,1.2,0.6,0.01,0.06,0.65,0.3,0.72,0.005,0.38,0.22,0.01,0.14,1.0,0.28
pid,ground_truth,curvy,400.0,0.05,0.1,1.0,61.44309864938259,-9.875875473022461,-57.55167007446289,0.9800000786781311,18.46444436576631,0.050639856295309094,-0.000891353775065884,0.050639856295309094,0.000891353775065884,-0.0015135043067857623,-1.050299033522606e-06,1.0,0.0,19.444444444444443,11,6,6.02096700668335,RoadOption.STRAIGHT,1.095213770866394,-57.46044921875,0.015969112844442135,2.8,1.2,4.5,3.0,10.0,0.6,0.01,0.06,0.55,0.16,0.2,0.35,1.5,12,10.0,14.0,0.9,1.2,0.6,0.01,0.06,0.65,0.3,0.72,0.005,0.38,0.22,0.01,0.14,1.0,0.28
pid,ground_truth,curvy,400.0,0.05,0.1,1.0,61.49309865012765,-9.875875473022461,-57.55167007446289,1.470000147819519,17.974444296624924,0.050639856295309094,-0.000891353775065884,0.050639856295309094,0.000891353775065884,-0.0015140294563025236,-5.25149516761303e-07,1.0,0.0,19.444444444444443,11,6,6.015523433685303,RoadOption.STRAIGHT,1.095213770866394,-57.46044921875,0.015969112844442135,2.8,1.2,4.5,3.0,10.0,0.6,0.01,0.06,0.55,0.16,0.2,0.35,1.5,12,10.0,14.0,0.9,1.2,0.6,0.01,0.06,0.65,0.3,0.72,0.005,0.38,0.22,0.01,0.14,1.0,0.28
pid,ground_truth,curvy,400.0,0.05,0.1,1.0,61.54309865087271,-9.875875473022461,-57.55167007446289,1.9600002765655518,17.48444416787889,0.050639856295309094,-0.000891353775065884,0.050639856295309094,0.000891353775065884,-0.001514554605819285,-5.25149516761303e-07,1.0,0.0,19.444444444444443,11,6,6.009093761444092,RoadOption.STRAIGHT,1.095213770866394,-57.46044921875,0.015969112844442135,2.8,1.2,4.5,3.0,10.0,0.6,0.01,0.06,0.55,0.16,0.2,0.35,1.5,12,10.0,14.0,0.9,1.2,0.6,0.01,0.06,0.65,0.3,0.72,0.005,0.38,0.22,0.01,0.14,1.0,0.28
pid,ground_truth,curvy,400.0,0.05,0.1,1.0,61.593098651617765,-9.875875473022461,-57.55167007446289,2.450000286102295,16.994444158342148,0.050639856295309094,-0.000891353775065884,0.050639856295309094,0.000891353775065884,-0.0015150797553360462,-5.25149516761303e-07,1.0,0.0,19.444444444444443,11,6,6.002754211425781,RoadOption.STRAIGHT,1.095213770866394,-57.46044921875,0.015969112844442135,2.8,1.2,4.5,3.0,10.0,0.6,0.01,0.06,0.55,0.16,0.2,0.35,1.5,12,10.0,14.0,0.9,1.2,0.6,0.01,0.06,0.65,0.3,0.72,0.005,0.38,0.22,0.01,0.14,1.0,0.28
pid,ground_truth,curvy,400.0,0.05,0.1,1.0,61.64309865236282,-9.875875473022461,-57.55167007446289,2.93999981880188,16.504444625642563,0.050639856295309094,-0.000891353775065884,0.050639856295309094,0.000891353775065884,-0.0015156049048528075,-5.25149516761303e-07,1.0,0.0,19.444444444444443,11,6,5.9978861808776855,RoadOption.STRAIGHT,1.095213770866394,-57.46044921875,0.015969112844442135,2.8,1.2,4.5,3.0,10.0,0.6,0.01,0.06,0.55,0.16,0.2,0.35,1.5,12,10.0,14.0,0.9,1.2,0.6,0.01,0.06,0.65,0.3,0.72,0.005,0.38,0.22,0.01,0.14,1.0,0.28
pid,ground_truth,curvy,400.0,0.05,0.1,1.0,61.69309865310788,-9.875874519348145,-57.55167007446289,2.067151784913795,17.37729265953065,0.05063984551286746,-0.000891353775065884,0.05063984551286746,0.000891353775065884,-0.0015161240007728338,-5.190959200263023e-07,1.0,0.0,19.444444444444443,11,6,5.996154308319092,RoadOption.STRAIGHT,1.095213770866394,-57.46044921875,0.015969112844442135,2.8,1.2,4.5,3.0,10.0,0.6,0.01,0.06,0.55,0.16,0.2,0.35,1.5,12,10.0,14.0,0.9,1.2,0.6,0.01,0.06,0.65,0.3,0.72,0.005,0.38,0.22,0.01,0.14,1.0,0.28
pid,ground_truth,curvy,400.0,0.05,0.1,1.0,61.74309865385294,-9.875874519348145,-57.55167007446289,0.7392763495470966,18.705168094897346,0.05063984551286746,-0.000891353775065884,0.05063984551286746,0.000891353775065884,-0.0015166547382250428,-5.307374522089958e-07,1.0,0.0,19.444444444444443,11,6,5.996372222900391,RoadOption.STRAIGHT,1.095213770866394,-57.46044921875,0.015969112844442135,2.8,1.2,4.5,3.0,10.0,0.6,0.01,0.06,0.55,0.16,0.2,0.35,1.5,12,10.0,14.0,0.9,1.2,0.6,0.01,0.06,0.65,0.3,0.72,0.005,0.38,0.22,0.01,0.14,1.0,0.28
pid,ground_truth,curvy,400.0,0.05,0.1,1.0,61.793098654598,-9.875874519348145,-57.55167007446289,0.11258016526733611,19.331864279177108,0.05063984551286746,-0.000891353775065884,0.05063984551286746,0.000891353775065884,-0.0015171798877418041,-5.25149516761303e-07,1.0,0.0,19.444444444444443,11,6,5.9965338706970215,RoadOption.STRAIGHT,1.095213770866394,-57.46044921875,0.015969112844442135,2.8,1.2,4.5,3.0,10.0,0.6,0.01,0.06,0.55,0.16,0.2,0.35,1.5,12,10.0,14.0,0.9,1.2,0.6,0.01,0.06,0.65,0.3,0.72,0.005,0.38,0.22,0.01,0.14,1.0,0.28
pid,ground_truth,curvy,400.0,0.05,0.1,1.0,61.843098655343056,-9.870336532592773,-57.55161666870117,0.36398666699829424,19.08045777744615,0.0506306342224927,-0.0008995950102828054,0.0506306342224927,0.0008995950102828054,-0.0014547177124768496,6.246217526495457e-05,1.0,0.0,19.444444444444443,11,6,5.990961074829102,RoadOption.STRAIGHT,1.095213770866394,-57.46044921875,0.015969112844442135,2.8,1.2,4.5,3.0,10.0,0.6,0.01,0.06,0.55,0.16,0.2,0.35,1.5,12,10.0,14.0,0.9,1.2,0.6,0.01,0.06,0.65,0.3,0.72,0.005,0.38,0.22,0.01,0.14,1.0,0.28
pid,ground_truth,curvy,400.0,0.05,0.1,1.0,61.893098656088114,-9.825180053710938,-57.551185607910156,1.2506380308370462,18.193806413607398,0.05055111885011824,-0.0009172842255855684,0.05055111885011824,0.0009172842255855684,-0.0014074486680328846,4.726904444396496e-05,1.0,0.0,19.444444444444443,11,6,5.945703029632568,RoadOption.STRAIGHT,1.095213770866394,-57.46044921875,0.015969112844442135,2.8,1.2,4.5,3.0,10.0,0.6,0.01,0.06,0.55,0.16,0.2,0.35,1.5,12,10.0,14.0,0.9,1.2,0.6,0.01,0.06,0.65,0.3,0.72,0.005,0.38,0.22,0.01,0.14,1.0,0.28
pid,ground_truth,curvy,400.0,0.05,0.1,1.0,61.94309865683317,-9.744839668273926,-57.55043411254883,1.8950184325380937,17.54942601190635,0.05039422094771222,-0.0008696417301004011,0.05039422094771222,0.0008696417301004011,-0.0019640179816633463,-0.0005565693136304617,1.0,0.0,19.444444444444443,11,6,5.865267276763916,RoadOption.STRAIGHT,1.095213770866394,-57.46044921875,0.015969112844442135,2.8,1.2,4.5,3.0,10.0,0.6,0.01,0.06,0.55,0.16,0.2,0.35,1.5,12,10.0,14.0,0.9,1.2,0.6,0.01,0.06,0.65,0.3,0.72,0.005,0.38,0.22,0.01,0.14,1.0,0.28
pid,ground_truth,curvy,400.0,0.05,0.1,1.0,61.99309865757823,-9.632392883300781,-57.54935836791992,2.47860425746152,16.965840186982923,0.05019854990785524,-0.0009823329755080934,0.05019854990785524,0.0009823329755080934,-0.0007158134831115603,0.001248204498551786,1.0,0.0,19.444444444444443,11,6,5.75275182723999,RoadOption.STRAIGHT,1.095213770866394,-57.46044921875,0.015969112844442135,2.8,1.2,4.5,3.0,10.0,0.6,0.01,0.06,0.55,0.16,0.2,0.35,1.5,12,10.0,14.0,0.9,1.2,0.6,0.01,0.06,0.65,0.3,0.72,0.005,0.38,0.22,0.01,0.14,1.0,0.28
pid,ground_truth,curvy,400.0,0.05,0.1,1.0,62.04309865832329,-9.493937492370605,-57.548011779785156,2.959769405491379,16.484675038953064,0.04997964631415887,-0.0010293471314239966,0.04997964631415887,0.0010293471314239966,-0.001236697775311768,-0.0005208842922002077,1.0,0.0,19.444444444444443,11,6,5.614252090454102,RoadOption.STRAIGHT,1.095213770866394,-57.46044921875,0.015969112844442135,2.8,1.2,4.5,3.0,10.0,0.6,0.01,0.06,0.55,0.16,0.2,0.35,1.5,12,10.0,14.0,0.9,1.2,0.6,0.01,0.06,0.65,0.3,0.72,0.005,0.38,0.22,0.01,0.14,1.0,0.28
pid,ground_truth,curvy,400.0,0.05,0.1,1.0,62.093098659068346,-9.333211898803711,-57.54645538330078,3.38280504665135,16.061639397793094,0.04971874608276062,-0.0011017466220737404,0.04971874608276062,0.0011017466220737404,-0.0010300878202542663,0.0002066099550575018,1.0,0.0,19.444444444444443,11,6,5.453500270843506,RoadOption.STRAIGHT,1.095213770866394,-57.46044921875,0.015969112844442135,2.8,1.2,4.5,3.0,10.0,0.6,0.01,0.06,0.55,0.16,0.2,0.35,1.5,12,10.0,14.0,0.9,1.2,0.6,0.01,0.06,0.65,0.3,0.72,0.005,0.38,0.22,0.01,0.14,1.0,0.28
pid,ground_truth,curvy,400.0,0.05,0.1,1.0,62.143098659813404,-9.152383804321289,-57.544715881347656,3.771869757121392,15.672574687323051,0.049413656529400184,-0.0011768581677871204,0.049413656529400184,0.0011768581677871204,-0.0009911509696394205,3.893685061484575e-05,1.0,0.0,19.444444444444443,11,6,5.272655963897705,RoadOption.STRAIGHT,1.095213770866394,-57.46044921875,0.015969112844442135,2.8,1.2,4.5,3.0,10.0,0.6,0.01,0.06,0.55,0.16,0.2,0.35,1.5,12,10.0,14.0,0.9,1.2,0.6,0.01,0.06,0.65,0.3,0.72,0.005,0.38,0.22,0.01,0.14,1.0,0.28
pid,ground_truth,curvy,400.0,0.05,0.1,1.0,62.19309866055846,-8.952718734741211,-57.54279708862305,4.141055776805114,15.303388667639329,0.04907487150067978,-0.0012539400365882969,0.04907487150067978,0.0012539400365882969,-0.0009658757480792701,2.5275221560150385e-05,1.0,0.0,19.444444444444443,11,6,5.072981357574463,RoadOption.STRAIGHT,1.095213770866394,-57.46044921875,0.015969112844442135,2.8,1.2,4.5,3.0,10.0,0.6,0.01,0.06,0.55,0.16,0.2,0.35,1.5,12,10.0,14.0,0.9,1.2,0.6,0.01,0.06,0.65,0.3,0.72,0.005,0.38,0.22,0.01,0.14,1.0,0.28
pid,ground_truth,curvy,400.0,0.05,0.1,1.0,62.24309866130352,-8.73496150970459,-57.54071044921875,4.498377026101844,14.946067418342599,0.048699368723190174,-0.001334657744455292,0.048699368723190174,0.001334657744455292,0.005069285165518522,0.006035160913597792,1.0,0.0,19.444444444444443,12,6,4.855217933654785,RoadOption.STRAIGHT,2.0950863361358643,-57.444480895996094,0.015969112844442135,2.8,1.2,4.5,3.0,10.0,0.6,0.01,0.06,0.55,0.16,0.2,0.35,1.5,12,10.0,14.0,0.9,1.2,0.6,0.01,0.06,0.65,0.3,0.72,0.005,0.38,0.22,0.01,0.14,1.0,0.28
pid,ground_truth,curvy,400.0,0.05,0.1,1.0,62.29309866204858,-8.499568939208984,-57.538089752197266,4.848371819417567,14.596072625026876,0.05889524831771568,-0.0030954899229453936,0.05889524831771568,0.0030954899229453936,-0.0031926424708217382,-0.00826192763634026,1.0,0.0,19.444444444444443,12,7,5.60926628112793,RoadOption.STRAIGHT,2.0950863361358643,-57.444480895996094,0.015969112844442135,2.8,1.2,4.5,3.0,10.0,0.6,0.01,0.06,0.55,0.16,0.2,0.35,1.5,12,10.0,14.0,0.9,1.2,0.6,0.01,0.06,0.65,0.3,0.72,0.005,0.38,0.22,0.01,0.14,1.0,0.28
pid,ground_truth,curvy,400.0,0.05,0.1,1.0,62.343098662793636,-8.246806144714355,-57.53551483154297,5.193438174995137,14.251006269449306,0.058106656089951,-0.00312466818163859,0.058106656089951,0.00312466818163859,-0.0010270628845319152,0.002165579586289823,1.0,0.0,19.444444444444443,12,7,5.356496810913086,RoadOption.STRAIGHT,2.0950863361358643,-57.444480895996094,0.015969112844442135,2.8,1.2,4.5,3.0,10.0,0.6,0.01,0.06,0.55,0.16,0.2,0.35,1.5,12,10.0,14.0,0.9,1.2,0.6,0.01,0.06,0.65,0.3,0.72,0.005,0.38,0.22,0.01,0.14,1.0,0.28
pid,ground_truth,curvy,400.0,0.05,0.1,1.0,62.393098663538694,-7.977149963378906,-57.53293228149414,5.50682799382587,13.937616450618574,0.05710090762668946,-0.00325888213790293,0.05710090762668946,0.00325888213790293,-5.3455714805750176e-05,0.000973607169726165,1.0,0.0,19.444444444444443,12,7,5.0868353843688965,RoadOption.STRAIGHT,2.0950863361358643,-57.444480895996094,0.015969112844442135,2.8,1.2,4.5,3.0,10.0,0.6,0.01,0.06,0.55,0.16,0.2,0.35,1.5,12,10.0,14.0,0.9,1.2,0.6,0.01,0.06,0.65,0.3,0.72,0.005,0.38,0.22,0.01,0.14,1.0,0.28
pid,ground_truth,curvy,400.0,0.05,0.1,1.0,62.44309866428375,-7.699214458465576,-57.53022766113281,5.619312115493304,13.825132328951138,0.05610705323022353,-0.003332870162531254,0.05610705323022353,0.003332870162531254,0.00458071194589138,0.0046341676606971305,1.0,0.0,19.444444444444443,13,7,4.808896064758301,RoadOption.STRAIGHT,3.1059606075286865,-57.42900085449219,6.297060376458899,2.8,1.2,4.5,3.0,10.0,0.6,0.01,0.06,0.55,0.16,0.2,0.35,1.5,12,10.0,14.0,0.9,1.2,0.6,0.01,0.06,0.65,0.3,0.72,0.005,0.38,0.22,0.01,0.14,1.0,0.28
pid,ground_truth,curvy,400.0,0.05,0.1,1.0,62.49309866502881,-7.414295673370361,-57.52717208862305,5.768291587191595,13.676152857252848,0.06539839228161382,-0.005145586128601831,0.06539839228161382,0.005145586128601831,-0.0023013348691165447,-0.006882046815007925,1.0,0.0,19.444444444444443,13,8,5.513401985168457,RoadOption.STRAIGHT,3.1059606075286865,-57.42900085449219,6.297060376458899,2.8,1.2,4.5,3.0,10.0,0.6,0.01,0.06,0.55,0.16,0.2,0.35,1.5,12,10.0,14.0,0.9,1.2,0.6,0.01,0.06,0.65,0.3,0.72,0.005,0.38,0.22,0.01,0.14,1.0,0.28
pid,ground_truth,curvy,400.0,0.05,0.1,1.0,62.54309866577387,-7.118116855621338,-57.52412033081055,6.034868984804141,13.409575459640301,0.06391658199266664,-0.005080667415842122,0.06391658199266664,0.005080667415842122,-0.001374799758195877,0.0009265351109206676,1.0,0.0,19.444444444444443,13,8,5.217215538024902,RoadOption.STRAIGHT,3.1059606075286865,-57.42900085449219,6.297060376458899,2.8,1.2,4.5,3.0,10.0,0.6,0.01,0.06,0.55,0.16,0.2,0.35,1.5,12,10.0,14.0,0.9,1.2,0.6,0.01,0.06,0.65,0.3,0.72,0.005,0.38,0.22,0.01,0.14,1.0,0.28
pid,ground_truth,curvy,400.0,0.05,0.1,1.0,62.59309866651893,-6.80836296081543,-57.5211181640625,6.305957978504851,13.138486465939593,0.06217741101047164,-0.005096892932842767,0.06217741101047164,0.005096892932842767,0.0016235519433394074,0.0029983517015352845,1.0,0.0,19.444444444444443,14,8,4.907454013824463,RoadOption.STRAIGHT,4.123607158660889,-57.41658020019531,6.293684553461115,2.8,1.2,4.5,3.0,10.0,0.6,0.01,0.06,0.55,0.16,0.2,0.35,1.5,12,10.0,14.0,0.9,1.2,0.6,0.01,0.06,0.65,0.3,0.72,0.005,0.38,0.22,0.01,0.14,1.0,0.28
pid,ground_truth,curvy,400.0,0.05,0.1,1.0,62.643098667263985,-6.481784343719482,-57.51777267456055,6.7137721422352215,12.730672302209221,0.0636687970033651,-0.005828735842180244,0.0636687970033651,0.005828735842180244,-6.917285645613447e-05,-0.001692724799795542,1.0,0.0,19.444444444444443,14,9,5.5773115158081055,RoadOption.STRAIGHT,4.123607158660889,-57.41658020019531,6.293684553461115,2.8,1.2,4.5,3.0,10.0,0.6,0.01,0.06,0.55,0.16,0.2,0.35,1.5,12,10.0,14.0,0.9,1.2,0.6,0.01,0.06,0.65,0.3,0.72,0.005,0.38,0.22,0.01,0.14,1.0,0.28
pid,ground_truth,curvy,400.0,0.05,0.1,1.0,62.69309866800904,-6.136974811553955,-57.51420593261719,7.010673091270258,12.433771353174185,0.06172901587178861,-0.005815022643160805,0.06172901587178861,0.005815022643160805,-0.0007721019210293889,-0.0007029290645732544,1.0,0.0,19.444444444444443,14,9,5.232489585876465,RoadOption.STRAIGHT,4.123607158660889,-57.41658020019531,6.293684553461115,2.8,1.2,4.5,3.0,10.0,0.6,0.01,0.06,0.55,0.16,0.2,0.35,1.5,12,10.0,14.0,0.9,1.2,0.6,0.01,0.06,0.65,0.3,0.72,0.005,0.38,0.22,0.01,0.14,1.0,0.28
pid,ground_truth,curvy,400.0,0.05,0.1,1.0,62.7430986687541,-5.775077819824219,-57.510589599609375,7.3866807129660925,12.05776373147835,0.05956595950908694,-0.005757717866345935,0.05956595950908694,0.005757717866345935,-0.0016334721585735679,-0.000861370237544179,1.0,0.0,19.444444444444443,15,9,4.870580673217773,RoadOption.STRAIGHT,5.1412882804870605,-57.40763473510742,6.29030873046333,2.8,1.2,4.5,3.0,10.0,0.6,0.01,0.06,0.55,0.16,0.2,0.35,1.5,12,10.0,14.0,0.9,1.2,0.6,0.01,0.06,0.65,0.3,0.72,0.005,0.38,0.22,0.01,0.14,1.0,0.28
pid,ground_truth,curvy,400.0,0.05,0.1,1.0,62.79309866949916,-5.395328998565674,-57.50687026977539,7.735945436859992,11.70849900758445,0.05722856041476943,-0.005964814011207853,0.05722856041476943,0.005964814011207853,0.0010502402437850833,0.002683712402358651,1.0,0.0,19.444444444444443,15,10,5.4907546043396,RoadOption.STRAIGHT,5.1412882804870605,-57.40763473510742,6.29030873046333,2.8,1.2,4.5,3.0,10.0,0.6,0.01,0.06,0.55,0.16,0.2,0.35,1.5,12,10.0,14.0,0.9,1.2,0.6,0.01,0.06,0.65,0.3,0.72,0.005,0.38,0.22,0.01,0.14,1.0,0.28
pid,ground_truth,curvy,400.0,0.05,0.1,1.0,62.84309867024422,-4.9965009689331055,-57.50288772583008,8.13571954042028,11.308724904024164,0.054841937450173794,-0.006102825052619831,0.054841937450173794,0.006102825052619831,0.0005384724354371428,-0.0005117678083479404,1.0,0.0,19.444444444444443,15,10,5.091911315917969,RoadOption.STRAIGHT,5.1412882804870605,-57.40763473510742,6.29030873046333,2.8,1.2,4.5,3.0,10.0,0.6,0.01,0.06,0.55,0.16,0.2,0.35,1.5,12,10.0,14.0,0.9,1.2,0.6,0.01,0.06,0.65,0.3,0.72,0.005,0.38,0.22,0.01,0.14,1.0,0.28
pid,ground_truth,curvy,400.0,0.05,0.1,1.0,62.893098670989275,-4.579095840454102,-57.49869155883789,8.490167829500963,10.95427661494348,0.052372263115451796,-0.00600093833497839,0.052372263115451796,0.00600093833497839,-0.004526778124272823,-0.005065250559709966,1.0,0.0,19.444444444444443,16,10,4.674489974975586,RoadOption.STRAIGHT,6.158995628356934,-57.40210723876953,6.286932907465546,2.8,1.2,4.5,3.0,10.0,0.6,0.01,0.06,0.55,0.16,0.2,0.35,1.5,12,10.0,14.0,0.9,1.2,0.6,0.01,0.06,0.65,0.3,0.72,0.005,0.38,0.22,0.01,0.14,1.0,0.28
pid,ground_truth,curvy,400.0,0.05,0.1,1.0,62.94309867173433,-4.142669677734375,-57.49463653564453,8.887885190868074,10.556559253576369,0.049457838952471384,-0.0062390519841613035,0.049457838952471384,0.0062390519841613035,0.001173496711999178,0.005700274836272001,1.0,0.0,19.444444444444443,16,11,5.237995624542236,RoadOption.STRAIGHT,6.158995628356934,-57.40210723876953,6.286932907465546,2.8,1.2,4.5,3.0,10.0,0.6,0.01,0.06,0.55,0.16,0.2,0.35,1.5,12,10.0,14.0,0.9,1.2,0.6,0.01,0.06,0.65,0.3,0.72,0.005,0.38,0.22,0.01,0.14,1.0,0.28
pid,ground_truth,curvy,400.0,0.05,0.1,1.0,62.99309867247939,-3.6871838569641113,-57.49036407470703,9.262110731245558,10.182333713198885,0.0464563598087437,-0.006410830035660453,0.0464563598087437,0.006410830035660453,-0.004632104653865099,-0.005805601365864277,1.0,0.0,19.444444444444443,17,11,4.782491683959961,RoadOption.STRAIGHT,7.176715850830078,-57.399993896484375,6.283557084467762,2.8,1.2,4.5,3.0,10.0,0.6,0.01,0.06,0.55,0.16,0.2,0.35,1.5,12,10.0,14.0,0.9,1.2,0.6,0.01,0.06,0.65,0.3,0.72,0.005,0.38,0.22,0.01,0.14,1.0,0.28
pid,ground_truth,curvy,400.0,0.05,0.1,1.0,63.04309867322445,-3.2114665508270264,-57.48619079589844,9.677332541955156,9.767111902489287,0.043032758504261394,-0.006765058548668268,0.043032758504261394,0.006765058548668268,0.0018793876515701413,0.00651149230543524,1.0,0.0,19.444444444444443,17,12,5.3067169189453125,RoadOption.STRAIGHT,7.176715850830078,-57.399993896484375,6.283557084467762,2.8,1.2,4.5,3.0,10.0,0.6,0.01,0.06,0.55,0.16,0.2,0.35,1.5,12,10.0,14.0,0.9,1.2,0.6,0.01,0.06,0.65,0.3,0.72,0.005,0.38,0.22,0.01,0.14,1.0,0.28
pid,ground_truth,curvy,400.0,0.05,0.1,1.0,63.09309867396951,-2.7161965370178223,-57.48176956176758,10.056799848929112,9.387644595515331,0.03954474231872803,-0.006930957880120658,0.03954474231872803,0.006930957880120658,-0.0061204261146485806,-0.007999813766218722,1.0,0.0,19.444444444444443,18,12,4.811427593231201,RoadOption.STRAIGHT,8.181218147277832,-57.40031433105469,6.28277624563615,2.8,1.2,4.5,3.0,10.0,0.6,0.01,0.06,0.55,0.16,0.2,0.35,1.5,12,10.0,14.0,0.9,1.2,0.6,0.01,0.06,0.65,0.3,0.72,0.005,0.38,0.22,0.01,0.14,1.0,0.28
pid,ground_truth,curvy,400.0,0.05,0.1,1.0,63.143098674714565,-2.202232837677002,-57.47758102416992,10.425445635476127,9.018998808968316,0.02507369513508733,-0.005286473592050811,0.02507369513508733,0.005286473592050811,0.0023344343062490225,0.008454860420897603,1.0,0.0,19.444444444444443,18,13,5.308415412902832,RoadOption.STRAIGHT,8.181218147277832,-57.40031433105469,6.28277624563615,2.8,1.2,4.5,3.0,10.0,0.6,0.01,0.06,0.55,0.16,0.2,0.35,1.5,12,10.0,14.0,0.9,1.2,0.6,0.01,0.06,0.65,0.3,0.72,0.005,0.38,0.22,0.01,0.14,1.0,0.28
pid,ground_truth,curvy,400.0,0.05,0.1,1.0,63.19309867545962,-1.6703442335128784,-57.47319793701172,10.779000484103303,8.66544396034114,0.022076605951832848,-0.00552614664688722,0.022076605951832848,0.00552614664688722,-0.005178496241569519,-0.0075129305478185415,0.9664440751075745,0.0,19.444444444444443,19,13,4.7765092849731445,RoadOption.STRAIGHT,9.181218147277832,-57.40072250366211,6.28277624563615,2.8,1.2,4.5,3.0,10.0,0.6,0.01,0.06,0.55,0.16,0.2,0.35,1.5,12,10.0,14.0,0.9,1.2,0.6,0.01,0.06,0.65,0.3,0.72,0.005,0.38,0.22,0.01,0.14,1.0,0.28
pid,ground_truth,curvy,400.0,0.05,0.1,1.0,63.24309867620468,-1.1210917234420776,-57.46897888183594,11.121289524164174,8.323154920280269,0.0026685799555364806,-0.002553234954897121,0.0026685799555364806,0.002553234954897121,0.0017022847896441817,0.006880781031213701,0.9226847887039185,0.0,19.444444444444443,19,14,5.244960784912109,RoadOption.STRAIGHT,9.181218147277832,-57.40072250366211,6.28277624563615,2.8,1.2,4.5,3.0,10.0,0.6,0.01,0.06,0.55,0.16,0.2,0.35,1.5,12,10.0,14.0,0.9,1.2,0.6,0.01,0.06,0.65,0.3,0.72,0.005,0.38,0.22,0.01,0.14,1.0,0.28
pid,ground_truth,curvy,400.0,0.05,0.1,1.0,63.29309867694974,-0.5552012324333191,-57.46464157104492,11.447322224475172,7.99712221996927,0.0010643372127237816,-0.002798094932075834,0.0010643372127237816,0.002798094932075834,-0.004822670482099056,-0.006524955271743238,0.8964753150939941,0.0,19.444444444444443,20,14,4.679055213928223,RoadOption.STRAIGHT,10.181218147277832,-57.40113067626953,6.28277624563615,2.8,1.2,4.5,3.0,10.0,0.6,0.01,0.06,0.55,0.16,0.2,0.35,1.5,12,10.0,14.0,0.9,1.2,0.6,0.01,0.06,0.65,0.3,0.72,0.005,0.38,0.22,0.01,0.14,1.0,0.28
pid,ground_truth,curvy,400.0,0.05,0.1,1.0,63.3430986776948,0.026435889303684235,-57.46052169799805,11.754972559488008,7.6894718849564345,-0.016450670593479925,0.0001688012407727868,0.016450670593479925,0.0001688012407727868,0.0015568503877148032,0.0063795208698138595,0.8802628517150879,0.0,19.444444444444443,20,15,5.11512565612793,RoadOption.STRAIGHT,10.181218147277832,-57.40113067626953,6.28277624563615,2.8,1.2,4.5,3.0,10.0,0.6,0.01,0.06,0.55,0.16,0.2,0.35,1.5,12,10.0,14.0,0.9,1.2,0.6,0.01,0.06,0.65,0.3,0.72,0.005,0.38,0.22,0.01,0.14,1.0,0.28
pid,ground_truth,curvy,400.0,0.05,0.1,1.0,63.393098678439856,0.6229280233383179,-57.45631790161133,12.045459768318269,7.398984676126174,-0.016496010884336727,-8.572309832999281e-05,0.016496010884336727,8.572309832999281e-05,-0.004418997094035149,-0.005975847481749952,0.8644124269485474,0.0,19.444444444444443,21,15,4.518622875213623,RoadOption.STRAIGHT,11.181218147277832,-57.40153884887695,6.28277624563615,2.8,1.2,4.5,3.0,10.0,0.6,0.01,0.06,0.55,0.16,0.2,0.35,1.5,12,10.0,14.0,0.9,1.2,0.6,0.01,0.06,0.65,0.3,0.72,0.005,0.38,0.22,0.01,0.14,1.0,0.28
pid,ground_truth,curvy,400.0,0.05,0.1,1.0,63.443098679184914,1.2334762811660767,-57.45233154296875,12.320562101647072,7.123882342797371,-0.031765117005395416,0.0028962605062723412,0.031765117005395416,0.0028962605062723412,-0.0029338193126022816,0.001485177781432867,0.8469675779342651,0.0,19.444444444444443,22,16,4.92577600479126,RoadOption.STRAIGHT,12.181214332580566,-57.401947021484375,6.28277624563615,2.8,1.2,4.5,3.0,10.0,0.6,0.01,0.06,0.55,0.16,0.2,0.35,1.5,12,10.0,14.0,0.9,1.2,0.6,0.01,0.06,0.65,0.3,0.72,0.005,0.38,0.22,0.01,0.14,1.0,0.28
pid,ground_truth,curvy,400.0,0.05,0.1,1.0,63.49309867992997,1.8573542833328247,-57.44867706298828,12.58151601754198,6.862928426902464,-0.04670554536662214,0.005690390345185037,0.04670554536662214,0.005690390345185037,0.002734720939770341,0.0056685402523726225,0.8291732668876648,0.0,19.444444444444443,22,17,5.319584846496582,RoadOption.STRAIGHT,12.181214332580566,-57.401947021484375,6.28277624563615,2.8,1.2,4.5,3.0,10.0,0.6,0.01,0.06,0.55,0.16,0.2,0.35,1.5,12,10.0,14.0,0.9,1.2,0.6,0.01,0.06,0.65,0.3,0.72,0.005,0.38,0.22,0.01,0.14,1.0,0.28
pid,ground_truth,curvy,400.0,0.05,0.1,1.0,63.54309868067503,2.4938652515411377,-57.44480514526367,12.828759822346425,6.615684622098017,-0.043070268225800755,0.005505881655467171,0.043070268225800755,0.005505881655467171,-0.00418749637901783,-0.006922217318788171,0.8131679892539978,0.0,19.444444444444443,23,17,4.683065414428711,RoadOption.STRAIGHT,13.181214332580566,-57.4023551940918,6.28277624563615,2.8,1.2,4.5,3.0,10.0,0.6,0.01,0.06,0.55,0.16,0.2,0.35,1.5,12,10.0,14.0,0.9,1.2,0.6,0.01,0.06,0.65,0.3,0.72,0.005,0.38,0.22,0.01,0.14,1.0,0.28
pid,ground_truth,curvy,400.0,0.05,0.1,1.0,63.59309868142009,3.1423420906066895,-57.44115447998047,13.062815596124052,6.381628848320391,-0.04290135586830667,0.005984641557613024,0.04290135586830667,0.005984641557613024,0.00024622579803690314,0.004433722177054733,0.7986021637916565,0.0,19.444444444444443,23,18,5.039041519165039,RoadOption.STRAIGHT,13.181214332580566,-57.4023551940918,6.28277624563615,2.8,1.2,4.5,3.0,10.0,0.6,0.01,0.06,0.55,0.16,0.2,0.35,1.5,12,10.0,14.0,0.9,1.2,0.6,0.01,0.06,0.65,0.3,0.72,0.005,0.38,0.22,0.01,0.14,1.0,0.28
pid,ground_truth,curvy,400.0,0.05,0.1,1.0,63.643098682165146,3.8021469116210938,-57.437625885009766,13.284431061923264,6.1600133825211785,-0.03910286042190183,0.005689139387682118,0.03910286042190183,0.005689139387682118,-0.0029871072620153427,-0.003233333060052246,0.784679651260376,0.0,19.444444444444443,24,18,4.379230499267578,RoadOption.STRAIGHT,14.181214332580566,-57.40276336669922,6.28277624563615,2.8,1.2,4.5,3.0,10.0,0.6,0.01,0.06,0.55,0.16,0.2,0.35,1.5,12,10.0,14.0,0.9,1.2,0.6,0.01,0.06,0.65,0.3,0.72,0.005,0.38,0.22,0.01,0.14,1.0,0.28
pid,ground_truth,curvy,400.0,0.05,0.1,1.0,63.693098682910204,4.47267484664917,-57.43430709838867,13.494160564888139,5.950283879556304,-0.035510675852862786,0.005323046804107001,0.035510675852862786,0.005323046804107001,-0.002100148005411029,0.0008869592566043139,0.7718198299407959,0.0,19.444444444444443,25,19,4.708662986755371,RoadOption.STRAIGHT,15.181214332580566,-57.403175354003906,6.28277624563615,2.8,1.2,4.5,3.0,10.0,0.6,0.01,0.06,0.55,0.16,0.2,0.35,1.5,12,10.0,14.0,0.9,1.2,0.6,0.01,0.06,0.65,0.3,0.72,0.005,0.38,0.22,0.01,0.14,1.0,0.28
pid,ground_truth,curvy,400.0,0.05,0.1,1.0,63.74309868365526,5.153353214263916,-57.43126678466797,13.692683219913308,5.751761224531135,-0.032192812009411084,0.004858496842943261,0.032192812009411084,0.004858496842943261,0.0015350333414971828,0.0036351813469082117,0.7595240473747253,0.0,19.444444444444443,25,20,5.027955532073975,RoadOption.STRAIGHT,15.181214332580566,-57.403175354003906,6.28277624563615,2.8,1.2,4.5,3.0,10.0,0.6,0.01,0.06,0.55,0.16,0.2,0.35,1.5,12,10.0,14.0,0.9,1.2,0.6,0.01,0.06,0.65,0.3,0.72,0.005,0.38,0.22,0.01,0.14,1.0,0.28
pid,ground_truth,curvy,400.0,0.05,0.1,1.0,63.79309868440032,5.843635559082031,-57.42816925048828,13.88054859769579,5.563895846748652,-0.0288129101353773,0.004659294474000042,0.0288129101353773,0.004659294474000042,-0.003053532214835286,-0.004588565556332469,0.7480340003967285,0.0,19.444444444444443,26,20,4.337666988372803,RoadOption.STRAIGHT,16.181215286254883,-57.40358352661133,6.28277624563615,2.8,1.2,4.5,3.0,10.0,0.6,0.01,0.06,0.55,0.16,0.2,0.35,1.5,12,10.0,14.0,0.9,1.2,0.6,0.01,0.06,0.65,0.3,0.72,0.005,0.38,0.22,0.01,0.14,1.0,0.28
pid,ground_truth,curvy,400.0,0.05,0.1,1.0,63.84309868514538,6.543008804321289,-57.425296783447266,14.058302740298345,5.386141704146098,-0.02565524560228792,0.004384383428692296,0.02565524560228792,0.004384383428692296,-0.0021900648716837168,0.0008634673431515694,0.7372395992279053,0.0,19.444444444444443,27,21,4.638270378112793,RoadOption.STRAIGHT,17.181215286254883,-57.40399169921875,6.28277624563615,2.8,1.2,4.5,3.0,10.0,0.6,0.01,0.06,0.55,0.16,0.2,0.35,1.5,12,10.0,14.0,0.9,1.2,0.6,0.01,0.06,0.65,0.3,0.72,0.005,0.38,0.22,0.01,0.14,1.0,0.28
pid,ground_truth,curvy,400.0,0.05,0.1,1.0,63.893098685890436,7.250983238220215,-57.42275619506836,14.22653066385142,5.2179137805930225,-0.02282593972768477,0.003949990645981671,0.02282593972768477,0.003949990645981671,-0.0005004976992495358,0.001689567172434181,0.7269028425216675,0.0,19.444444444444443,28,22,4.930274963378906,RoadOption.STRAIGHT,18.181215286254883,-57.40439987182617,6.28277624563615,2.8,1.2,4.5,3.0,10.0,0.6,0.01,0.06,0.55,0.16,0.2,0.35,1.5,12,10.0,14.0,0.9,1.2,0.6,0.01,0.06,0.65,0.3,0.72,0.005,0.38,0.22,0.01,0.14,1.0,0.28
pid,ground_truth,curvy,400.0,0.05,0.1,1.0,63.943098686635494,7.967096328735352,-57.42034912109375,14.385695611405406,5.058748833039036,-0.02012682059530975,0.0035991545424716165,0.02012682059530975,0.0035991545424716165,0.000593071395996958,0.0010935690952464938,0.717262864112854,0.0,19.444444444444443,28,23,5.214149475097656,RoadOption.STRAIGHT,18.181215286254883,-57.40439987182617,6.28277624563615,2.8,1.2,4.5,3.0,10.0,0.6,0.01,0.06,0.55,0.16,0.2,0.35,1.5,12,10.0,14.0,0.9,1.2,0.6,0.01,0.06,0.65,0.3,0.72,0.005,0.38,0.22,0.01,0.14,1.0,0.28
pid,ground_truth,curvy,400.0,0.05,0.1,1.0,63.99309868738055,8.690909385681152,-57.41795349121094,14.536245794687218,4.9081986497572245,-0.01743510683495271,0.0034441817136441344,0.01743510683495271,0.0034441817136441344,-0.0024535662960261106,-0.0030466376920230687,0.7082632184028625,0.0,19.444444444444443,29,23,4.490332126617432,RoadOption.STRAIGHT,19.181215286254883,-57.404808044433594,6.28277624563615,2.8,1.2,4.5,3.0,10.0,0.6,0.01,0.06,0.55,0.16,0.2,0.35,1.5,12,10.0,14.0,0.9,1.2,0.6,0.01,0.06,0.65,0.3,0.72,0.005,0.38,0.22,0.01,0.14,1.0,0.28
pid,ground_truth,curvy,400.0,0.05,0.1,1.0,64.04309868812561,9.422003746032715,-57.415794372558594,14.678626375805525,4.765818068638918,-0.014977814742906942,0.0031972096728702937,0.014977814742906942,0.0031972096728702937,-0.001478628721088171,0.0009749375749379396,0.6998143196105957,0.0,19.444444444444443,30,24,4.759228706359863,RoadOption.STRAIGHT,20.181215286254883,-57.405216217041016,6.28277624563615,2.8,1.2,4.5,3.0,10.0,0.6,0.01,0.06,0.55,0.16,0.2,0.35,1.5,12,10.0,14.0,0.9,1.2,0.6,0.01,0.06,0.65,0.3,0.72,0.005,0.38,0.22,0.01,0.14,1.0,0.28
pid,ground_truth,curvy,400.0,0.05,0.1,1.0,64.09309868887067,10.159987449645996,-57.41391372680664,14.813329777968956,4.6311146664754865,-0.012792362665697402,0.0028519924751568837,0.012792362665697402,0.0028519924751568837,0.0006091130780987442,0.002087741799186915,0.6916757225990295,0.0,19.444444444444443,30,25,5.021238327026367,RoadOption.STRAIGHT,20.181215286254883,-57.405216217041016,6.28277624563615,2.8,1.2,4.5,3.0,10.0,0.6,0.01,0.06,0.55,0.16,0.2,0.35,1.5,12,10.0,14.0,0.9,1.2,0.6,0.01,0.06,0.65,0.3,0.72,0.005,0.38,0.22,0.01,0.14,1.0,0.28
pid,ground_truth,curvy,400.0,0.05,0.1,1.0,64.14309868961573,10.904485702514648,-57.41206741333008,14.940740935068304,4.503703509376139,-0.010641503747696922,0.002657980669595439,0.010641503747696922,0.002657980669595439,-0.0015290331793949008,-0.002138146257493645,0.6840635538101196,0.0,19.444444444444443,31,25,4.276737689971924,RoadOption.STRAIGHT,21.181215286254883,-57.40562438964844,6.28277624563615,2.8,1.2,4.5,3.0,10.0,0.6,0.01,0.06,0.55,0.16,0.2,0.35,1.5,12,10.0,14.0,0.9,1.2,0.6,0.01,0.06,0.65,0.3,0.72,0.005,0.38,0.22,0.01,0.14,1.0,0.28
pid,ground_truth,curvy,400.0,0.05,0.1,1.0,64.19309869036078,11.655146598815918,-57.41038513183594,15.061223283305987,4.383221161138456,-0.008653045246898777,0.002461992819312364,0.008653045246898777,0.002461992819312364,-0.0013174435589462519,0.00021158962044864893,0.6769580841064453,0.0,19.444444444444443,32,26,4.526073932647705,RoadOption.STRAIGHT,22.181215286254883,-57.40603256225586,6.28277624563615,2.8,1.2,4.5,3.0,10.0,0.6,0.01,0.06,0.55,0.16,0.2,0.35,1.5,12,10.0,14.0,0.9,1.2,0.6,0.01,0.06,0.65,0.3,0.72,0.005,0.38,0.22,0.01,0.14,1.0,0.28
pid,ground_truth,curvy,400.0,0.05,0.1,1.0,64.24309869110584,12.411635398864746,-57.408935546875,15.175163671580693,4.26928077286375,-0.0068948988984880765,0.0021920088820959194,0.0068948988984880765,0.0021920088820959194,-0.00045144176692701876,0.0008660017920192331,0.6702086925506592,0.0,19.444444444444443,33,27,4.769582748413086,RoadOption.STRAIGHT,23.181215286254883,-57.40644073486328,6.28277624563615,2.8,1.2,4.5,3.0,10.0,0.6,0.01,0.06,0.55,0.16,0.2,0.35,1.5,12,10.0,14.0,0.9,1.2,0.6,0.01,0.06,0.65,0.3,0.72,0.005,0.38,0.22,0.01,0.14,1.0,0.28
pid,ground_truth,curvy,400.0,0.05,0.1,1.0,64.2930986918509,13.173636436462402,-57.40761947631836,15.282912186348748,4.161532258095695,-0.005268012098867051,0.0019589843673086804,0.005268012098867051,0.0019589843673086804,-0.0001297734706895426,0.00032166829623747617,0.6638412475585938,0.0,19.444444444444443,33,28,5.007579803466797,RoadOption.STRAIGHT,23.181215286254883,-57.40644073486328,6.28277624563615,2.8,1.2,4.5,3.0,10.0,0.6,0.01,0.06,0.55,0.16,0.2,0.35,1.5,12,10.0,14.0,0.9,1.2,0.6,0.01,0.06,0.65,0.3,0.72,0.005,0.38,0.22,0.01,0.14,1.0,0.28
pid,ground_truth,curvy,400.0,0.05,0.1,1.0,64.34309869259596,13.94084644317627,-57.40638732910156,15.384794572926397,4.059649871518046,-0.0037220288844245844,0.0018063592294144115,0.0037220288844245844,0.0018063592294144115,-0.001120371394790709,-0.0009905979241011664,0.657852292060852,0.0,19.444444444444443,34,28,4.2403693199157715,RoadOption.STRAIGHT,24.181215286254883,-57.4068489074707,6.28277624563615,2.8,1.2,4.5,3.0,10.0,0.6,0.01,0.06,0.55,0.16,0.2,0.35,1.5,12,10.0,14.0,0.9,1.2,0.6,0.01,0.06,0.65,0.3,0.72,0.005,0.38,0.22,0.01,0.14,1.0,0.28
pid,ground_truth,curvy,400.0,0.05,0.1,1.0,64.39309869334102,14.712984085083008,-57.40531539916992,15.481123527509164,3.963320916935279,-0.0023351361944891273,0.0016318654818112677,0.0023351361944891273,0.0016318654818112677,-0.0007619248353876173,0.00035844655940309167,0.6522095203399658,0.0,19.444444444444443,35,29,4.468231201171875,RoadOption.STRAIGHT,25.181215286254883,-57.40726089477539,6.28277624563615,2.8,1.2,4.5,3.0,10.0,0.6,0.01,0.06,0.55,0.16,0.2,0.35,1.5,12,10.0,14.0,0.9,1.2,0.6,0.01,0.06,0.65,0.3,0.72,0.005,0.38,0.22,0.01,0.14,1.0,0.28
pid,ground_truth,curvy,400.0,0.05,0.1,1.0,64.44309869408607,15.489781379699707,-57.4044075012207,15.572207715334788,3.8722367291096553,-0.0011103693885754422,0.0014319462179903653,0.0011103693885754422,0.0014319462179903653,-0.00034667245927266777,0.0004152523761149496,0.6468563675880432,0.0,19.444444444444443,36,30,4.691433906555176,RoadOption.STRAIGHT,26.181215286254883,-57.40766906738281,6.28277624563615,2.8,1.2,4.5,3.0,10.0,0.6,0.01,0.06,0.55,0.16,0.2,0.35,1.5,12,10.0,14.0,0.9,1.2,0.6,0.01,0.06,0.65,0.3,0.72,0.005,0.38,0.22,0.01,0.14,1.0,0.28
pid,ground_truth,curvy,400.0,0.05,0.1,1.0,64.49309869483113,16.270984649658203,-57.40360641479492,15.658324023750378,3.786120420694065,9.388217860596248e-06,0.0012657338220689596,9.388217860596248e-06,0.0012657338220689596,-0.0004482684307731688,-0.00010159597150050104,0.6418208479881287,0.0,19.444444444444443,37,31,4.910231113433838,RoadOption.STRAIGHT,27.181215286254883,-57.408077239990234,6.28277624563615,2.8,1.2,4.5,3.0,10.0,0.6,0.01,0.06,0.55,0.16,0.2,0.35,1.5,12,10.0,14.0,0.9,1.2,0.6,0.01,0.06,0.65,0.3,0.72,0.005,0.38,0.22,0.01,0.14,1.0,0.28
pid,ground_truth,curvy,400.0,0.05,0.1,1.0,64.54309869557619,17.056350708007812,-57.40291213989258,15.739738339174256,3.704706105270187,0.0010240371463923728,0.0011267680478086461,0.0010240371463923728,0.0011267680478086461,-0.0005942488787695765,-0.00014598044799640775,0.6370752453804016,0.0,19.444444444444443,37,32,5.124865531921387,RoadOption.STRAIGHT,27.181215286254883,-57.408077239990234,6.28277624563615,2.8,1.2,4.5,3.0,10.0,0.6,0.01,0.06,0.55,0.16,0.2,0.35,1.5,12,10.0,14.0,0.9,1.2,0.6,0.01,0.06,0.65,0.3,0.72,0.005,0.38,0.22,0.01,0.14,1.0,0.28
pid,ground_truth,curvy,400.0,0.05,0.1,1.0,64.59309869632125,17.845653533935547,-57.40234375,15.816703770322032,3.6277406741224105,0.0019153004146242457,0.0009864408494753008,0.0019153004146242457,0.0009864408494753008,-0.00041964586125686765,0.0001746030175127089,0.6325997114181519,0.0,19.444444444444443,38,32,4.335563659667969,RoadOption.STRAIGHT,28.181215286254883,-57.408485412597656,6.28277624563615,2.8,1.2,4.5,3.0,10.0,0.6,0.01,0.06,0.55,0.16,0.2,0.35,1.5,12,10.0,14.0,0.9,1.2,0.6,0.01,0.06,0.65,0.3,0.72,0.005,0.38,0.22,0.01,0.14,1.0,0.28
pid,ground_truth,curvy,400.0,0.05,0.1,1.0,64.6430986970663,18.63867950439453,-57.40187454223633,15.889467150067235,3.554977294377208,0.0027080155986972058,0.0008527293893161314,0.0027080155986972058,0.0008527293893161314,-0.0003298238734714687,8.982198778539896e-05,0.6283575296401978,0.0,19.444444444444443,39,33,4.542538642883301,RoadOption.STRAIGHT,29.181215286254883,-57.40889358520508,6.28277624563615,2.8,1.2,4.5,3.0,10.0,0.6,0.01,0.06,0.55,0.16,0.2,0.35,1.5,12,10.0,14.0,0.9,1.2,0.6,0.01,0.06,0.65,0.3,0.72,0.005,0.38,0.22,0.01,0.14,1.0,0.28
pid,ground_truth,curvy,400.0,0.05,0.1,1.0,64.69309869781137,19.435224533081055,-57.40150451660156,15.958249261248124,3.486195183196319,0.003402988173511909,0.0007368323702481305,0.003402988173511909,0.0007368323702481305,-0.00033542662276886404,-5.6027492973953485e-06,0.6243730187416077,0.0,19.444444444444443,40,34,4.7459940910339355,RoadOption.STRAIGHT,30.181215286254883,-57.4093017578125,6.28277624563615,2.8,1.2,4.5,3.0,10.0,0.6,0.01,0.06,0.55,0.16,0.2,0.35,1.5,12,10.0,14.0,0.9,1.2,0.6,0.01,0.06,0.65,0.3,0.72,0.005,0.38,0.22,0.01,0.14,1.0,0.28
pid,ground_truth,curvy,400.0,0.05,0.1,1.0,64.74309869855642,20.235092163085938,-57.401214599609375,16.02326641725594,3.4211780271885033,0.004023025957782905,0.0006337621681353767,0.004023025957782905,0.0006337621681353767,-0.0003242217062506825,1.1204916518181562e-05,0.6206111311912537,0.0,19.444444444444443,41,35,4.946127414703369,RoadOption.STRAIGHT,31.181215286254883,-57.40970993041992,6.28277624563615,2.8,1.2,4.5,3.0,10.0,0.6,0.01,0.06,0.55,0.16,0.2,0.35,1.5,12,10.0,14.0,0.9,1.2,0.6,0.01,0.06,0.65,0.3,0.72,0.005,0.38,0.22,0.01,0.14,1.0,0.28
pid,ground_truth,curvy,400.0,0.05,0.1,1.0,64.79309869930148,21.03810691833496,-57.40101623535156,16.084724652402144,3.3597197920422985,0.004548983686266111,0.0005381470940823974,0.004548983686266111,0.0005381470940823974,-0.0006019763532094657,-0.00027775464695878327,0.6170552968978882,0.0,19.444444444444443,41,36,5.143113136291504,RoadOption.STRAIGHT,31.181215286254883,-57.40970993041992,6.28277624563615,2.8,1.2,4.5,3.0,10.0,0.6,0.01,0.06,0.55,0.16,0.2,0.35,1.5,12,10.0,14.0,0.9,1.2,0.6,0.01,0.06,0.65,0.3,0.72,0.005,0.38,0.22,0.01,0.14,1.0,0.28
pid,ground_truth,curvy,400.0,0.05,0.1,1.0,64.84309870004654,21.844091415405273,-57.40093231201172,16.142820358969367,3.3016240854750762,0.004962604272251208,0.000425073998609804,0.004962604272251208,0.000425073998609804,-3.438243584241718e-05,0.0005675939173670486,0.6136893033981323,0.0,19.444444444444443,42,36,4.337129592895508,RoadOption.STRAIGHT,32.18121337890625,-57.410118103027344,6.28277624563615,2.8,1.2,4.5,3.0,10.0,0.6,0.01,0.06,0.55,0.16,0.2,0.35,1.5,12,10.0,14.0,0.9,1.2,0.6,0.01,0.06,0.65,0.3,0.72,0.005,0.38,0.22,0.01,0.14,1.0,0.28
pid,ground_truth,curvy,400.0,0.05,0.1,1.0,64.8930987007916,22.65288543701172,-57.40089797973633,16.197734833967022,3.2467096104774207,0.005326894107586553,0.0003355582973503246,0.005326894107586553,0.0003355582973503246,-0.00012470598448999226,-9.032354864757508e-05,0.6105155944824219,0.0,19.444444444444443,43,37,4.528336048126221,RoadOption.STRAIGHT,33.18121337890625,-57.410526275634766,6.28277624563615,2.8,1.2,4.5,3.0,10.0,0.6,0.01,0.06,0.55,0.16,0.2,0.35,1.5,12,10.0,14.0,0.9,1.2,0.6,0.01,0.06,0.65,0.3,0.72,0.005,0.38,0.22,0.01,0.14,1.0,0.28
pid,ground_truth,curvy,400.0,0.05,0.1,1.0,64.94309870153666,23.464332580566406,-57.400917053222656,16.24963573865808,3.1948087057863646,0.005638863475800183,0.0002753708485867534,0.005638863475800183,0.0002753708485867534,-0.00027556478744372725,-0.000150858802953735,0.6075353622436523,0.0,19.444444444444443,44,38,4.716889381408691,RoadOption.STRAIGHT,34.18121337890625,-57.41093444824219,6.28277624563615,2.8,1.2,4.5,3.0,10.0,0.6,0.01,0.06,0.55,0.16,0.2,0.35,1.5,12,10.0,14.0,0.9,1.2,0.6,0.01,0.06,0.65,0.3,0.72,0.005,0.38,0.22,0.01,0.14,1.0,0.28
pid,ground_truth,curvy,400.0,0.05,0.1,1.0,64.99309870228171,24.278287887573242,-57.40099334716797,16.298692917544102,3.145751526900341,0.00589463838300114,0.00021518341607862368,0.00589463838300114,0.00021518341607862368,-0.00019900374172721058,7.656104571651667e-05,0.6047052145004272,0.0,19.444444444444443,45,39,4.9029340744018555,RoadOption.STRAIGHT,35.18121337890625,-57.41134262084961,6.28277624563615,2.8,1.2,4.5,3.0,10.0,0.6,0.01,0.06,0.55,0.16,0.2,0.35,1.5,12,10.0,14.0,0.9,1.2,0.6,0.01,0.06,0.65,0.3,0.72,0.005,0.38,0.22,0.01,0.14,1.0,0.28
pid,ground_truth,curvy,400.0,0.05,0.1,1.0,65.04309870302677,25.09461784362793,-57.40114212036133,16.345058856165103,3.0993855882793397,0.006078905425796791,0.00015499597544277322,0.006078905425796791,0.00015499597544277322,-0.0005618769209831953,-0.0003628731792559847,0.60204017162323,0.0,19.444444444444443,45,40,5.086604595184326,RoadOption.STRAIGHT,35.18121337890625,-57.41134262084961,6.28277624563615,2.8,1.2,4.5,3.0,10.0,0.6,0.01,0.06,0.55,0.16,0.2,0.35,1.5,12,10.0,14.0,0.9,1.2,0.6,0.01,0.06,0.65,0.3,0.72,0.005,0.38,0.22,0.01,0.14,1.0,0.28
pid,ground_truth,curvy,400.0,0.05,0.1,1.0,65.09309870377183,25.91318702697754,-57.4013671875,16.388880866593414,3.0555635778510286,0.006188683470167668,6.924222085125109e-05,0.006188683470167668,6.924222085125109e-05,0.00016326006152667105,0.0007251369825098664,0.5995223522186279,0.0,19.444444444444443,46,40,4.268035888671875,RoadOption.STRAIGHT,36.18121337890625,-57.4117546081543,6.28277624563615,2.8,1.2,4.5,3.0,10.0,0.6,0.01,0.06,0.55,0.16,0.2,0.35,1.5,12,10.0,14.0,0.9,1.2,0.6,0.01,0.06,0.65,0.3,0.72,0.005,0.38,0.22,0.01,0.14,1.0,0.28
pid,ground_truth,curvy,400.0,0.05,0.1,1.0,65.14309870451689,26.7338809967041,-57.40162658691406,16.430296858735325,3.014147585709118,0.006264109451634222,1.1717941306166324e-05,0.006264109451634222,1.1717941306166324e-05,1.878047623904422e-05,-0.00014447958528762683,0.5971477031707764,0.0,19.444444444444443,47,41,4.4473419189453125,RoadOption.STRAIGHT,37.18121337890625,-57.41216278076172,6.28277624563615,2.8,1.2,4.5,3.0,10.0,0.6,0.01,0.06,0.55,0.16,0.2,0.35,1.5,12,10.0,14.0,0.9,1.2,0.6,0.01,0.06,0.65,0.3,0.72,0.005,0.38,0.22,0.01,0.14,1.0,0.28
pid,ground_truth,curvy,400.0,0.05,0.1,1.0,65.19309870526195,27.55657386779785,-57.40190124511719,16.469439610135222,2.975004834309221,0.0063250950991935034,-1.1717908796171628e-05,0.0063250950991935034,1.1717908796171628e-05,-0.0002115538954967633,-0.0002303343717358075,0.5949013829231262,0.0,19.444444444444443,48,42,4.62464714050293,RoadOption.STRAIGHT,38.18121337890625,-57.41257095336914,6.28277624563615,2.8,1.2,4.5,3.0,10.0,0.6,0.01,0.06,0.55,0.16,0.2,0.35,1.5,12,10.0,14.0,0.9,1.2,0.6,0.01,0.06,0.65,0.3,0.72,0.005,0.38,0.22,0.01,0.14,1.0,0.28
pid,ground_truth,curvy,400.0,0.05,0.1,1.0,65.243098706007,28.38115882873535,-57.40222930908203,16.506435006903654,2.9380094375407886,0.006333448190449529,-4.04800485691581e-05,0.006333448190449529,4.04800485691581e-05,-0.00010866233060369268,0.00010289156489307061,0.5927749872207642,0.0,19.444444444444443,49,43,4.80006217956543,RoadOption.STRAIGHT,39.18121337890625,-57.41297912597656,6.28277624563615,2.8,1.2,4.5,3.0,10.0,0.6,0.01,0.06,0.55,0.16,0.2,0.35,1.5,12,10.0,14.0,0.9,1.2,0.6,0.01,0.06,0.65,0.3,0.72,0.005,0.38,0.22,0.01,0.14,1.0,0.28
pid,ground_truth,curvy,400.0,0.05,0.1,1.0,65.29309870675206,29.207536697387695,-57.402591705322266,16.541395065333077,2.9030493791113656,0.006308202418763982,-7.403587830356884e-05,0.006308202418763982,7.403587830356884e-05,-1.922169394674711e-05,8.944063665694557e-05,0.5907827019691467,0.0,19.444444444444443,50,44,4.973683834075928,RoadOption.STRAIGHT,40.18121337890625,-57.413387298583984,6.28277624563615,2.8,1.2,4.5,3.0,10.0,0.6,0.01,0.06,0.55,0.16,0.2,0.35,1.5,12,10.0,14.0,0.9,1.2,0.6,0.01,0.06,0.65,0.3,0.72,0.005,0.38,0.22,0.01,0.14,1.0,0.28
pid,ground_truth,curvy,400.0,0.05,0.1,1.0,65.34309870749712,30.035600662231445,-57.40297317504883,16.574438096751074,2.8700063476933693,0.00626457287943731,-9.85368953143606e-05,0.00626457287943731,9.85368953143606e-05,-0.0005134963430464268,-0.0004942746490996797,0.5888808965682983,0.0,19.444444444444443,50,45,5.145619869232178,RoadOption.STRAIGHT,40.18121337890625,-57.413387298583984,6.28277624563615,2.8,1.2,4.5,3.0,10.0,0.6,0.01,0.06,0.55,0.16,0.2,0.35,1.5,12,10.0,14.0,0.9,1.2,0.6,0.01,0.06,0.65,0.3,0.72,0.005,0.38,0.22,0.01,0.14,1.0,0.28
pid,ground_truth,curvy,400.0,0.05,0.1,1.0,65.39309870824218,30.865262985229492,-57.403411865234375,16.605664403213243,2.8387800412311996,0.006165265671505698,-0.00015339807878866907,0.006165265671505698,0.00015339807878866907,0.0002469423343427479,0.0007604386773891747,0.5870979428291321,0.0,19.444444444444443,51,45,4.315958023071289,RoadOption.STRAIGHT,41.18121337890625,-57.413795471191406,6.28277624563615,2.8,1.2,4.5,3.0,10.0,0.6,0.01,0.06,0.55,0.16,0.2,0.35,1.5,12,10.0,14.0,0.9,1.2,0.6,0.01,0.06,0.65,0.3,0.72,0.005,0.38,0.22,0.01,0.14,1.0,0.28
pid,ground_truth,curvy,400.0,0.05,0.1,1.0,65.44309870898724,31.696434020996094,-57.40387725830078,16.635174358440928,2.809270086003515,0.006042798479495069,-0.0001858885790690934,0.006042798479495069,0.0001858885790690934,0.00012938094732817262,-0.0001175613870145753,0.585411548614502,0.0,19.444444444444443,52,46,4.484786510467529,RoadOption.STRAIGHT,42.18121337890625,-57.41420364379883,6.28277624563615,2.8,1.2,4.5,3.0,10.0,0.6,0.01,0.06,0.55,0.16,0.2,0.35,1.5,12,10.0,14.0,0.9,1.2,0.6,0.01,0.06,0.65,0.3,0.72,0.005,0.38,0.22,0.01,0.14,1.0,0.28
pid,ground_truth,curvy,400.0,0.05,0.1,1.0,65.4930987097323,32.52903366088867,-57.404319763183594,16.66306164209595,2.7813828023484923,0.005939989159209203,-0.0001832254829974289,0.005939989159209203,0.0001832254829974289,-0.00014867447316646576,-0.0002780554204946384,0.5838198065757751,0.0,19.444444444444443,53,47,4.652186870574951,RoadOption.STRAIGHT,43.18121337890625,-57.41461181640625,6.28277624563615,2.8,1.2,4.5,3.0,10.0,0.6,0.01,0.06,0.55,0.16,0.2,0.35,1.5,12,10.0,14.0,0.9,1.2,0.6,0.01,0.06,0.65,0.3,0.72,0.005,0.38,0.22,0.01,0.14,1.0,0.28
pid,ground_truth,curvy,400.0,0.05,0.1,1.0,65.54309871047735,33.362979888916016,-57.404788970947266,16.689415956236196,2.7550284882082465,0.005811027797703493,-0.00018801917295974135,0.005811027797703493,0.00018801917295974135,-6.024503818480298e-05,8.842943498166278e-05,0.5823141932487488,0.0,19.444444444444443,54,48,4.818240165710449,RoadOption.STRAIGHT,44.18121337890625,-57.41501998901367,6.28277624563615,2.8,1.2,4.5,3.0,10.0,0.6,0.01,0.06,0.55,0.16,0.2,0.35,1.5,12,10.0,14.0,0.9,1.2,0.6,0.01,0.06,0.65,0.3,0.72,0.005,0.38,0.22,0.01,0.14,1.0,0.28
pid,ground_truth,curvy,400.0,0.05,0.1,1.0,65.59309871122241,34.198204040527344,-57.40528106689453,16.71432038885609,2.7301240555883517,0.005659701003898071,-0.00020186761062745973,0.005659701003898071,0.00020186761062745973,4.466390237212181e-05,0.00010490894055692479,0.5808948874473572,0.0,19.444444444444443,55,49,4.983015537261963,RoadOption.STRAIGHT,45.18121337890625,-57.415428161621094,6.28277624563615,2.8,1.2,4.5,3.0,10.0,0.6,0.01,0.06,0.55,0.16,0.2,0.35,1.5,12,10.0,14.0,0.9,1.2,0.6,0.01,0.06,0.65,0.3,0.72,0.005,0.38,0.22,0.01,0.14,1.0,0.28
pid,ground_truth,curvy,400.0,0.05,0.1,1.0,65.64309871196747,35.03462219238281,-57.40579605102539,16.73785701910773,2.706587425336714,0.0054859744479829635,-0.00020879176444310588,0.0054859744479829635,0.00020879176444310588,-0.00038017993210814893,-0.00042484383448027074,0.5795466899871826,0.0,19.444444444444443,55,50,5.146596908569336,RoadOption.STRAIGHT,45.18121337890625,-57.415428161621094,6.28277624563615,2.8,1.2,4.5,3.0,10.0,0.6,0.01,0.06,0.55,0.16,0.2,0.35,1.5,12,10.0,14.0,0.9,1.2,0.6,0.01,0.06,0.65,0.3,0.72,0.005,0.38,0.22,0.01,0.14,1.0,0.28
pid,ground_truth,curvy,400.0,0.05,0.1,1.0,65.69309871271253,35.872188568115234,-57.40633010864258,16.760095740037926,2.684348704406517,0.0052945330603104655,-0.00024021719534328412,0.0052945330603104655,0.00024021719534328412,0.0002447764854878187,0.0006249564175959677,0.5782883167266846,0.0,19.444444444444443,56,50,4.309031009674072,RoadOption.STRAIGHT,46.18121337890625,-57.41584014892578,6.28277624563615,2.8,1.2,4.5,3.0,10.0,0.6,0.01,0.06,0.55,0.16,0.2,0.35,1.5,12,10.0,14.0,0.9,1.2,0.6,0.01,0.06,0.65,0.3,0.72,0.005,0.38,0.22,0.01,0.14,1.0,0.28
pid,ground_truth,curvy,400.0,0.05,0.1,1.0,65.74309871345758,36.71082305908203,-57.40687561035156,16.781112165356678,2.663332279087765,0.005091195547896006,-0.000255130832429451,0.005091195547896006,0.000255130832429451,0.00015384465223178267,-9.093183325603604e-05,0.5770871043205261,0.0,19.444444444444443,57,51,4.470396041870117,RoadOption.STRAIGHT,47.18121337890625,-57.4162483215332,6.28277624563615,2.8,1.2,4.5,3.0,10.0,0.6,0.01,0.06,0.55,0.16,0.2,0.35,1.5,12,10.0,14.0,0.9,1.2,0.6,0.01,0.06,0.65,0.3,0.72,0.005,0.38,0.22,0.01,0.14,1.0,0.28
pid,ground_truth,curvy,400.0,0.05,0.1,1.0,65.79309871420264,37.550479888916016,-57.407386779785156,16.800971281227255,2.6434731632171875,0.004922608507503004,-0.00024021719534328412,0.004922608507503004,0.00024021719534328412,-9.829863120103255e-05,-0.0002521432834328152,0.5759585499763489,0.0,19.444444444444443,58,52,4.630738735198975,RoadOption.STRAIGHT,48.18121337890625,-57.416656494140625,6.28277624563615,2.8,1.2,4.5,3.0,10.0,0.6,0.01,0.06,0.55,0.16,0.2,0.35,1.5,12,10.0,14.0,0.9,1.2,0.6,0.01,0.06,0.65,0.3,0.72,0.005,0.38,0.22,0.01,0.14,1.0,0.28
pid,ground_truth,curvy,400.0,0.05,0.1,1.0,65.8430987149477,38.39109420776367,-57.40791702270508,16.819739942507464,2.6247045019369786,0.004735339654300505,-0.00023329291149032372,0.004735339654300505,0.00023329291149032372,-1.7444366676500067e-05,8.085426452453248e-05,0.5748827457427979,0.0,19.444444444444443,59,53,4.79012393951416,RoadOption.STRAIGHT,49.18121337890625,-57.41706466674805,6.28277624563615,2.8,1.2,4.5,3.0,10.0,0.6,0.01,0.06,0.55,0.16,0.2,0.35,1.5,12,10.0,14.0,0.9,1.2,0.6,0.01,0.06,0.65,0.3,0.72,0.005,0.38,0.22,0.01,0.14,1.0,0.28
pid,ground_truth,curvy,400.0,0.05,0.1,1.0,65.89309871569276,39.23261642456055,-57.40845489501953,16.83747451815727,2.6069699262871744,0.004540812793331108,-0.00023542350538097168,0.004540812793331108,0.00023542350538097168,6.97620416758582e-05,8.720640835235827e-05,0.5738765597343445,0.0,19.444444444444443,60,54,4.948601722717285,RoadOption.STRAIGHT,50.18121337890625,-57.41747283935547,6.28277624563615,2.8,1.2,4.5,3.0,10.0,0.6,0.01,0.06,0.55,0.16,0.2,0.35,1.5,12,10.0,14.0,0.9,1.2,0.6,0.01,0.06,0.65,0.3,0.72,0.005,0.38,0.22,0.01,0.14,1.0,0.28
pid,ground_truth,curvy,400.0,0.05,0.1,1.0,65.94309871643782,40.07499313354492,-57.408992767333984,16.854232328312307,2.590212116132136,0.004346635472245036,-0.00023169501483621957,0.004346635472245036,0.00023169501483621957,-0.00028909361572004855,-0.00035885565739590675,0.572924792766571,0.0,19.444444444444443,60,55,5.106224536895752,RoadOption.STRAIGHT,50.18121337890625,-57.41747283935547,6.28277624563615,2.8,1.2,4.5,3.0,10.0,0.6,0.01,0.06,0.55,0.16,0.2,0.35,1.5,12,10.0,14.0,0.9,1.2,0.6,0.01,0.06,0.65,0.3,0.72,0.005,0.38,0.22,0.01,0.14,1.0,0.28
pid,ground_truth,curvy,400.0,0.05,0.1,1.0,65.99309871718287,40.918182373046875,-57.40955352783203,16.870067848382064,2.574376596062379,0.00413079130321523,-0.0002492718780313652,0.00413079130321523,0.0002492718780313652,0.0002331899740966037,0.0005222835898166522,0.5720233917236328,0.0,19.444444444444443,61,55,4.263035297393799,RoadOption.STRAIGHT,51.18121337890625,-57.41788101196289,6.28277624563615,2.8,1.2,4.5,3.0,10.0,0.6,0.01,0.06,0.55,0.16,0.2,0.35,1.5,12,10.0,14.0,0.9,1.2,0.6,0.01,0.06,0.65,0.3,0.72,0.005,0.38,0.22,0.01,0.14,1.0,0.28
pid,ground_truth,curvy,400.0,0.05,0.1,1.0,66.04309871792793,41.76213836669922,-57.41010284423828,16.885030350838104,2.559414093606339,0.003929630612842015,-0.00025353293577534686,0.003929630612842015,0.00025353293577534686,0.0001384968782076612,-9.469309588894248e-05,0.5711761116981506,0.0,19.444444444444443,62,56,4.419078826904297,RoadOption.STRAIGHT,52.18121337890625,-57.41828918457031,6.28277624563615,2.8,1.2,4.5,3.0,10.0,0.6,0.01,0.06,0.55,0.16,0.2,0.35,1.5,12,10.0,14.0,0.9,1.2,0.6,0.01,0.06,0.65,0.3,0.72,0.005,0.38,0.22,0.01,0.14,1.0,0.28
pid,ground_truth,curvy,400.0,0.05,0.1,1.0,66.09309871867299,42.6068115234375,-57.41063690185547,16.899171216144758,2.545273228299685,0.0037402073771388455,-0.0002343582409451983,0.0037402073771388455,0.0002343582409451983,-5.361358489608392e-05,-0.00019211046310374513,0.5703656673431396,0.0,19.444444444444443,63,57,4.574405670166016,RoadOption.STRAIGHT,53.18121337890625,-57.418697357177734,6.28277624563615,2.8,1.2,4.5,3.0,10.0,0.6,0.01,0.06,0.55,0.16,0.2,0.35,1.5,12,10.0,14.0,0.9,1.2,0.6,0.01,0.06,0.65,0.3,0.72,0.005,0.38,0.22,0.01,0.14,1.0,0.28
pid,ground_truth,curvy,400.0,0.05,0.1,1.0,66.14309871941805,43.45217514038086,-57.411170959472656,16.912530483872047,2.531913960572396,0.0035510665821449697,-0.00022264020211171243,0.0035510665821449697,0.00022264020211171243,5.512876214197604e-06,5.9126461110281525e-05,0.5696151256561279,0.0,19.444444444444443,64,58,4.729041576385498,RoadOption.STRAIGHT,54.18121337890625,-57.419105529785156,6.28277624563615,2.8,1.2,4.5,3.0,10.0,0.6,0.01,0.06,0.55,0.16,0.2,0.35,1.5,12,10.0,14.0,0.9,1.2,0.6,0.01,0.06,0.65,0.3,0.72,0.005,0.38,0.22,0.01,0.14,1.0,0.28
pid,ground_truth,curvy,400.0,0.05,0.1,1.0,66.1930987201631,44.298187255859375,-57.411712646484375,16.92515710300359,2.5192873414408545,0.003354561669062472,-0.00021731394495017042,0.003354561669062472,0.00021731394495017042,6.676522025372833e-05,6.125234403953073e-05,0.5688886642456055,0.0,19.444444444444443,65,59,4.883029460906982,RoadOption.STRAIGHT,55.18121337890625,-57.41951370239258,6.28277624563615,2.8,1.2,4.5,3.0,10.0,0.6,0.01,0.06,0.55,0.16,0.2,0.35,1.5,12,10.0,14.0,0.9,1.2,0.6,0.01,0.06,0.65,0.3,0.72,0.005,0.38,0.22,0.01,0.14,1.0,0.28
pid,ground_truth,curvy,400.0,0.05,0.1,1.0,66.24309872090816,45.14480209350586,-57.41223907470703,16.937083586584638,2.507360857859805,0.003173562094219254,-0.0002093244616796497,0.003173562094219254,0.0002093244616796497,-0.0001986387651413679,-0.00026540398539509624,0.5682252049446106,0.0,19.444444444444443,65,60,5.03641414642334,RoadOption.STRAIGHT,55.18121337890625,-57.41951370239258,6.28277624563615,2.8,1.2,4.5,3.0,10.0,0.6,0.01,0.06,0.55,0.16,0.2,0.35,1.5,12,10.0,14.0,0.9,1.2,0.6,0.01,0.06,0.65,0.3,0.72,0.005,0.38,0.22,0.01,0.14,1.0,0.28
pid,ground_truth,curvy,400.0,0.05,0.1,1.0,66.29309872165322,45.992000579833984,-57.41278839111328,16.948354558778593,2.4960898856658496,0.00297080204467784,-0.00021784651214939998,0.00297080204467784,0.00021784651214939998,0.00019650126341730356,0.0003951400285586715,0.567581057548523,0.0,19.444444444444443,66,60,4.189216136932373,RoadOption.STRAIGHT,56.18121337890625,-57.419925689697266,6.28277624563615,2.8,1.2,4.5,3.0,10.0,0.6,0.01,0.06,0.55,0.16,0.2,0.35,1.5,12,10.0,14.0,0.9,1.2,0.6,0.01,0.06,0.65,0.3,0.72,0.005,0.38,0.22,0.01,0.14,1.0,0.28
pid,ground_truth,curvy,400.0,0.05,0.1,1.0,66.34309872239828,46.83974075317383,-57.41331481933594,16.95900466532656,2.4854397791178826,0.002790262801377394,-0.0002151834160777355,0.002790262801377394,0.0002151834160777355,0.00010551937884883955,-9.098188456846401e-05,0.5669764280319214,0.0,19.444444444444443,67,61,4.341475486755371,RoadOption.STRAIGHT,57.18121337890625,-57.42033386230469,6.28277624563615,2.8,1.2,4.5,3.0,10.0,0.6,0.01,0.06,0.55,0.16,0.2,0.35,1.5,12,10.0,14.0,0.9,1.2,0.6,0.01,0.06,0.65,0.3,0.72,0.005,0.38,0.22,0.01,0.14,1.0,0.28
pid,ground_truth,curvy,400.0,0.05,0.1,1.0,66.39309872314334,47.687992095947266,-57.41382598876953,16.969069569477277,2.475374874967166,0.0026251914456144436,-0.00019707392066514728,0.0026251914456144436,0.00019707392066514728,-2.6838142730412073e-05,-0.00013235752157925162,0.5664007663726807,0.0,19.444444444444443,68,62,4.493223667144775,RoadOption.STRAIGHT,58.18121337890625,-57.42074203491211,6.28277624563615,2.8,1.2,4.5,3.0,10.0,0.6,0.01,0.06,0.55,0.16,0.2,0.35,1.5,12,10.0,14.0,0.9,1.2,0.6,0.01,0.06,0.65,0.3,0.72,0.005,0.38,0.22,0.01,0.14,1.0,0.28
pid,ground_truth,curvy,400.0,0.05,0.1,1.0,66.4430987238884,48.5367317199707,-57.414344787597656,16.97858160982262,2.4658628346218237,0.002452690433034747,-0.00018482331463243185,0.002452690433034747,0.00018482331463243185,2.4103948817355558e-05,5.094209154776763e-05,0.5658560991287231,0.0,19.444444444444443,69,63,4.644484043121338,RoadOption.STRAIGHT,59.18121337890625,-57.42115020751953,6.28277624563615,2.8,1.2,4.5,3.0,10.0,0.6,0.01,0.06,0.55,0.16,0.2,0.35,1.5,12,10.0,14.0,0.9,1.2,0.6,0.01,0.06,0.65,0.3,0.72,0.005,0.38,0.22,0.01,0.14,1.0,0.28
pid,ground_truth,curvy,400.0,0.05,0.1,1.0,66.49309872463346,49.38593673706055,-57.41485595703125,16.987568959044182,2.4568754854002606,0.0022880091887487216,-0.00017736646358024188,0.0022880091887487216,0.00017736646358024188,5.8712514146463946e-05,3.460856532910839e-05,0.5653480291366577,0.0,19.444444444444443,70,64,4.795279026031494,RoadOption.STRAIGHT,60.181209564208984,-57.42155838012695,6.28277624563615,2.8,1.2,4.5,3.0,10.0,0.6,0.01,0.06,0.55,0.16,0.2,0.35,1.5,12,10.0,14.0,0.9,1.2,0.6,0.01,0.06,0.65,0.3,0.72,0.005,0.38,0.22,0.01,0.14,1.0,0.28
pid,ground_truth,curvy,400.0,0.05,0.1,1.0,66.54309872537851,50.23557662963867,-57.41535186767578,16.996058422037823,2.44838602240662,0.002138764623082037,-0.0001672464514381744,0.002138764623082037,0.0001672464514381744,2.8479316824814305e-05,-3.023319732164964e-05,0.5648744106292725,0.0,19.444444444444443,71,65,4.945638656616211,RoadOption.STRAIGHT,61.181209564208984,-57.421966552734375,6.28277624563615,2.8,1.2,4.5,3.0,10.0,0.6,0.01,0.06,0.55,0.16,0.2,0.35,1.5,12,10.0,14.0,0.9,1.2,0.6,0.01,0.06,0.65,0.3,0.72,0.005,0.38,0.22,0.01,0.14,1.0,0.28
pid,ground_truth,curvy,400.0,0.05,0.1,1.0,66.59309872612357,51.08562088012695,-57.41584396362305,17.00407875387987,2.4403656905645725,0.0019973148585745006,-0.00015712650431431996,0.0019973148585745006,0.00015712650431431996,-0.0001223307626787573,-0.00015081007950357161,0.5644235014915466,0.0,19.444444444444443,71,66,5.09559440612793,RoadOption.STRAIGHT,61.181209564208984,-57.421966552734375,6.28277624563615,2.8,1.2,4.5,3.0,10.0,0.6,0.01,0.06,0.55,0.16,0.2,0.35,1.5,12,10.0,14.0,0.9,1.2,0.6,0.01,0.06,0.65,0.3,0.72,0.005,0.38,0.22,0.01,0.14,1.0,0.28
pid,ground_truth,curvy,400.0,0.05,0.1,1.0,66.64309872686863,51.93605422973633,-57.41633605957031,17.011660695666,2.4327837487784443,0.0018530985213598046,-0.00015978960038598444,0.0018530985213598046,0.00015978960038598444,0.00013483822112903,0.0002571689838077873,0.5639829635620117,0.0,19.444444444444443,72,66,4.245161056518555,RoadOption.STRAIGHT,62.181209564208984,-57.4223747253418,6.28277624563615,2.8,1.2,4.5,3.0,10.0,0.6,0.01,0.06,0.55,0.16,0.2,0.35,1.5,12,10.0,14.0,0.9,1.2,0.6,0.01,0.06,0.65,0.3,0.72,0.005,0.38,0.22,0.01,0.14,1.0,0.28
pid,ground_truth,curvy,400.0,0.05,0.1,1.0,66.69309872761369,52.78685760498047,-57.41682052612305,17.018822445858746,2.4256219985856973,0.0017157739825343664,-0.00015606117485944537,0.0017157739825343664,0.00015606117485944537,8.551378414267674e-05,-4.932443698635325e-05,0.5635839104652405,0.0,19.444444444444443,73,67,4.394357204437256,RoadOption.STRAIGHT,63.181209564208984,-57.42278289794922,6.28277624563615,2.8,1.2,4.5,3.0,10.0,0.6,0.01,0.06,0.55,0.16,0.2,0.35,1.5,12,10.0,14.0,0.9,1.2,0.6,0.01,0.06,0.65,0.3,0.72,0.005,0.38,0.22,0.01,0.14,1.0,0.28
pid,ground_truth,curvy,400.0,0.05,0.1,1.0,66.74309872835875,53.63800048828125,-57.41728973388672,17.02558956854903,2.4188548758954127,0.0015938471111805776,-0.00014114753777416666,0.0015938471111805776,0.00014114753777416666,-1.4740185179107357e-05,-0.0001002539693217841,0.5632001161575317,0.0,19.444444444444443,74,68,4.543214797973633,RoadOption.STRAIGHT,64.18121337890625,-57.42319107055664,6.28277624563615,2.8,1.2,4.5,3.0,10.0,0.6,0.01,0.06,0.55,0.16,0.2,0.35,1.5,12,10.0,14.0,0.9,1.2,0.6,0.01,0.06,0.65,0.3,0.72,0.005,0.38,0.22,0.01,0.14,1.0,0.28
pid,ground_truth,curvy,400.0,0.05,0.1,1.0,66.7930987291038,54.48947525024414,-57.41775894165039,17.031986857914163,2.41245758653028,0.0014720559986207582,-0.00013049479588556068,0.0014720559986207582,0.00013049479588556068,1.6627896911813878e-05,3.1368082090921234e-05,0.5628282427787781,0.0,19.444444444444443,75,69,4.691740036010742,RoadOption.STRAIGHT,65.18121337890625,-57.42359924316406,6.28277624563615,2.8,1.2,4.5,3.0,10.0,0.6,0.01,0.06,0.55,0.16,0.2,0.35,1.5,12,10.0,14.0,0.9,1.2,0.6,0.01,0.06,0.65,0.3,0.72,0.005,0.38,0.22,0.01,0.14,1.0,0.28
pid,ground_truth,curvy,400.0,0.05,0.1,1.0,66.84309872984886,55.34125900268555,-57.41822052001953,17.038033094885517,2.406411349558926,0.0013580222365183027,-0.000123570609560808,0.0013580222365183027,0.000123570609560808,0.006536479108035564,0.0065198512111237505,0.5624810457229614,0.0,19.444444444444443,76,70,4.839951992034912,RoadOption.STRAIGHT,66.06481170654297,-57.41557312011719,0.02175243346765821,2.8,1.2,4.5,3.0,10.0,0.6,0.01,0.06,0.55,0.16,0.2,0.35,1.5,12,10.0,14.0,0.9,1.2,0.6,0.01,0.06,0.65,0.3,0.72,0.005,0.38,0.22,0.01,0.14,1.0,0.28
pid,ground_truth,curvy,400.0,0.05,0.1,1.0,66.89309873059392,56.19332504272461,-57.418113708496094,17.043615251076247,2.400829193368196,0.0018124922319905112,0.00039308257689629755,0.0018124922319905112,0.00039308257689629755,0.019301019608974457,0.012764540500938892,0.5625523924827576,0.0,19.444444444444443,77,71,4.987886428833008,RoadOption.STRAIGHT,66.93106842041016,-57.3857307434082,0.047124901805061126,2.8,1.2,4.5,3.0,10.0,0.6,0.01,0.06,0.55,0.16,0.2,0.35,1.5,12,10.0,14.0,0.9,1.2,0.6,0.01,0.06,0.65,0.3,0.72,0.005,0.38,0.22,0.01,0.14,1.0,0.28
pid,ground_truth,curvy,400.0,0.05,0.1,1.0,66.94309873133898,57.04563522338867,-57.41609573364258,17.04816423947776,2.3962802049666827,0.004178225266180174,0.002451346156661316,0.004178225266180174,0.002451346156661316,0.02356741949915886,0.0042663998901844025,0.5644444823265076,0.0,19.444444444444443,78,72,5.135578632354736,RoadOption.STRAIGHT,67.7962875366211,-57.33391571044922,0.07249763645857306,2.8,1.2,4.5,3.0,10.0,0.6,0.01,0.06,0.55,0.16,0.2,0.35,1.5,12,10.0,14.0,0.9,1.2,0.6,0.01,0.06,0.65,0.3,0.72,0.005,0.38,0.22,0.01,0.14,1.0,0.28
pid,ground_truth,curvy,400.0,0.05,0.1,1.0,66.99309873208404,57.89815139770508,-57.41124725341797,17.052582089192722,2.391862355251721,0.00937454769872647,0.006237970074968402,0.00937454769872647,0.006237970074968402,0.025725841522216797,0.0021584220230579376,0.5638397336006165,0.0,19.444444444444443,79,73,5.283071041107178,RoadOption.STRAIGHT,68.659912109375,-57.260169982910156,0.09787010479597598,2.8,1.2,4.5,3.0,10.0,0.6,0.01,0.06,0.55,0.16,0.2,0.35,1.5,12,10.0,14.0,0.9,1.2,0.6,0.01,0.06,0.65,0.3,0.72,0.005,0.38,0.22,0.01,0.14,1.0,0.28
pid,ground_truth,curvy,400.0,0.05,0.1,1.0,67.0430987328291,58.7508659362793,-57.40300750732422,17.057086711634675,2.387357732809768,0.017962215299422143,0.011342525837728878,0.017962215299422143,0.011342525837728878,0.03083738125860691,0.005111539736390114,0.5626057386398315,0.0,19.444444444444443,80,74,5.430385589599609,RoadOption.STRAIGHT,69.52140045166016,-57.1645393371582,0.1232428394494879,2.8,1.2,4.5,3.0,10.0,0.6,0.01,0.06,0.55,0.16,0.2,0.35,1.5,12,10.0,14.0,0.9,1.2,0.6,0.01,0.06,0.65,0.3,0.72,0.005,0.38,0.22,0.01,0.14,1.0,0.28
pid,ground_truth,curvy,400.0,0.05,0.1,1.0,67.09309873357415,59.60374450683594,-57.39048385620117,17.060912981876296,2.383531462568147,0.03083385623061884,0.01766339408370765,0.03083385623061884,0.01766339408370765,0.03634296730160713,0.005505586043000221,0.5636633634567261,0.0,19.444444444444443,81,75,5.5775675773620605,RoadOption.STRAIGHT,70.38017272949219,-57.047080993652344,0.14861557410299983,2.8,1.2,4.5,3.0,10.0,0.6,0.01,0.06,0.55,0.16,0.2,0.35,1.5,12,10.0,14.0,0.9,1.2,0.6,0.01,0.06,0.65,0.3,0.72,0.005,0.38,0.22,0.01,0.14,1.0,0.28
pid,ground_truth,curvy,400.0,0.05,0.1,1.0,67.14309873431921,60.45667266845703,-57.37258529663086,17.063900031976498,2.3805444124679447,0.1649587048249263,0.0031289458841397,0.1649587048249263,0.0031289458841397,0.0405087023973465,0.004165735095739365,0.5653560161590576,0.0,19.444444444444443,82,76,5.608304023742676,RoadOption.STRAIGHT,71.23568725585938,-56.907875061035156,0.17398830875651175,2.8,1.2,4.5,3.0,10.0,0.6,0.01,0.06,0.55,0.16,0.2,0.35,1.5,12,10.0,14.0,0.9,1.2,0.6,0.01,0.06,0.65,0.3,0.72,0.005,0.38,0.22,0.01,0.14,1.0,0.28
pid,ground_truth,curvy,400.0,0.05,0.1,1.0,67.19309873506427,61.30958938598633,-57.34832763671875,17.06651076597853,2.3779336784659115,0.302175190459535,-0.013342083360214918,0.302175190459535,0.013342083360214918,0.04430485889315605,0.003796156495809555,0.5658353567123413,0.0,19.444444444444443,83,77,5.621603488922119,RoadOption.STRAIGHT,72.08740234375,-56.74700927734375,0.19936104341002367,2.8,1.2,4.5,3.0,10.0,0.6,0.01,0.06,0.55,0.16,0.2,0.35,1.5,12,10.0,14.0,0.9,1.2,0.6,0.01,0.06,0.65,0.3,0.72,0.005,0.38,0.22,0.01,0.14,1.0,0.28
pid,ground_truth,curvy,400.0,0.05,0.1,1.0,67.24309873580933,62.16238784790039,-57.31676483154297,17.06885851753036,2.375585926914084,0.4251925414266421,-0.028638481713302966,0.4251925414266421,0.028638481713302966,0.04828425124287605,0.003979392349720001,0.566055178642273,0.0,19.444444444444443,84,78,5.633925914764404,RoadOption.STRAIGHT,72.93476104736328,-56.56459045410156,0.2247335117474266,2.8,1.2,4.5,3.0,10.0,0.6,0.01,0.06,0.55,0.16,0.2,0.35,1.5,12,10.0,14.0,0.9,1.2,0.6,0.01,0.06,0.65,0.3,0.72,0.005,0.38,0.22,0.01,0.14,1.0,0.28
pid,ground_truth,curvy,400.0,0.05,0.1,1.0,67.29309873655438,63.014949798583984,-57.27696228027344,17.070751069091575,2.373693375352868,0.5348795542147589,-0.04281941920500065,0.5348795542147589,0.04281941920500065,0.052150022238492966,0.003865770995616913,0.5669134259223938,0.0,19.444444444444443,85,79,5.6449875831604,RoadOption.STRAIGHT,73.77721405029297,-56.36072540283203,0.25010624640093854,2.8,1.2,4.5,3.0,10.0,0.6,0.01,0.06,0.55,0.16,0.2,0.35,1.5,12,10.0,14.0,0.9,1.2,0.6,0.01,0.06,0.65,0.3,0.72,0.005,0.38,0.22,0.01,0.14,1.0,0.28
pid,ground_truth,curvy,400.0,0.05,0.1,1.0,67.34309873729944,63.86711120605469,-57.22799301147461,17.072135582520488,2.3723088619239547,0.632115555526247,-0.05592155591218839,0.632115555526247,0.05592155591218839,0.05567379668354988,0.0035237744450569153,0.5680313110351562,0.0,19.444444444444443,86,80,5.6546454429626465,RoadOption.STRAIGHT,74.61422729492188,-56.135562896728516,0.27547898105445046,2.8,1.2,4.5,3.0,10.0,0.6,0.01,0.06,0.55,0.16,0.2,0.35,1.5,12,10.0,14.0,0.9,1.2,0.6,0.01,0.06,0.65,0.3,0.72,0.005,0.38,0.22,0.01,0.14,1.0,0.28
pid,ground_truth,curvy,400.0,0.05,0.1,1.0,67.3930987380445,64.71869659423828,-57.168968200683594,17.073119603338547,2.3713248411058956,0.7177460829834797,-0.06799437253568197,0.7177460829834797,0.06799437253568197,0.05899276211857796,0.003318965435028076,0.5689362287521362,0.0,19.444444444444443,87,81,5.662788391113281,RoadOption.STRAIGHT,75.44525909423828,-55.88922882080078,0.3008514493918534,2.8,1.2,4.5,3.0,10.0,0.6,0.01,0.06,0.55,0.16,0.2,0.35,1.5,12,10.0,14.0,0.9,1.2,0.6,0.01,0.06,0.65,0.3,0.72,0.005,0.38,0.22,0.01,0.14,1.0,0.28
pid,ground_truth,curvy,400.0,0.05,0.1,1.0,67.44309873878956,65.56949615478516,-57.09906768798828,17.073759924832043,2.3706845196124,0.7925785593500947,-0.0790948856899445,0.7925785593500947,0.0790948856899445,0.06217014789581299,0.003177385777235031,0.5697576999664307,0.0,19.444444444444443,88,82,5.669416427612305,RoadOption.STRAIGHT,76.269775390625,-55.62189865112305,0.3262241840453653,2.8,1.2,4.5,3.0,10.0,0.6,0.01,0.06,0.55,0.16,0.2,0.35,1.5,12,10.0,14.0,0.9,1.2,0.6,0.01,0.06,0.65,0.3,0.72,0.005,0.38,0.22,0.01,0.14,1.0,0.28
pid,ground_truth,curvy,400.0,0.05,0.1,1.0,67.49309873953462,66.41928100585938,-57.01747131347656,17.074051440429383,2.3703930040150603,0.8574270716802465,-0.0892744444497442,0.8574270716802465,0.0892744444497442,0.06516623497009277,0.002996087074279785,0.5706701874732971,0.0,19.444444444444443,89,83,5.674570560455322,RoadOption.STRAIGHT,77.08724212646484,-55.33373260498047,0.3515966523827682,2.8,1.2,4.5,3.0,10.0,0.6,0.01,0.06,0.55,0.16,0.2,0.35,1.5,12,10.0,14.0,0.9,1.2,0.6,0.01,0.06,0.65,0.3,0.72,0.005,0.38,0.22,0.01,0.14,1.0,0.28
pid,ground_truth,curvy,400.0,0.05,0.1,1.0,67.54309874027967,67.26777648925781,-56.92344284057617,17.073993652608753,2.3704507918356903,0.9130396300122559,-0.09858109390562131,0.9130396300122559,0.09858109390562131,0.06798701733350754,0.0028207823634147644,0.5716609954833984,0.0,19.444444444444443,90,84,5.678335666656494,RoadOption.STRAIGHT,77.89713287353516,-55.02491760253906,0.37696938703628013,2.8,1.2,4.5,3.0,10.0,0.6,0.01,0.06,0.55,0.16,0.2,0.35,1.5,12,10.0,14.0,0.9,1.2,0.6,0.01,0.06,0.65,0.3,0.72,0.005,0.38,0.22,0.01,0.14,1.0,0.28
pid,ground_truth,curvy,400.0,0.05,0.1,1.0,67.59309874102473,68.11470794677734,-56.81626892089844,17.073624195602598,2.370820248841845,0.9601395428853907,-0.10706302062855011,0.9601395428853907,0.10706302062855011,0.07062356173992157,0.002636544406414032,0.5726149082183838,0.0,19.444444444444443,91,85,5.680800914764404,RoadOption.STRAIGHT,78.69892883300781,-54.69565963745117,0.40234185537368305,2.8,1.2,4.5,3.0,10.0,0.6,0.01,0.06,0.55,0.16,0.2,0.35,1.5,12,10.0,14.0,0.9,1.2,0.6,0.01,0.06,0.65,0.3,0.72,0.005,0.38,0.22,0.01,0.14,1.0,0.28
pid,ground_truth,curvy,400.0,0.05,0.1,1.0,67.64309874176979,68.95975494384766,-56.695281982421875,17.072971788249614,2.371472656194829,0.9994461993546453,-0.11476744579360831,0.9994461993546453,0.11476744579360831,0.0731000080704689,0.0024764463305473328,0.5735507011413574,0.0,19.444444444444443,92,86,5.682107448577881,RoadOption.STRAIGHT,79.49211120605469,-54.346160888671875,0.427714590027195,2.8,1.2,4.5,3.0,10.0,0.6,0.01,0.06,0.55,0.16,0.2,0.35,1.5,12,10.0,14.0,0.9,1.2,0.6,0.01,0.06,0.65,0.3,0.72,0.005,0.38,0.22,0.01,0.14,1.0,0.28
pid,ground_truth,curvy,400.0,0.05,0.1,1.0,67.69309874251485,69.80257415771484,-56.55986022949219,17.072057893072802,2.0914353381560815,1.0316070114867504,-0.12174031725197887,1.0316070114867504,0.12174031725197887,0.07540753483772278,0.0023075267672538757,0.0,0.2739887237548828,19.163493231228884,93,87,5.682397365570068,RoadOption.STRAIGHT,80.27617645263672,-53.976654052734375,0.4530873246807069,2.8,1.2,4.5,3.0,10.0,0.6,0.01,0.06,0.55,0.16,0.2,0.35,1.5,12,10.0,14.0,0.9,1.2,0.6,0.01,0.06,0.65,0.3,0.72,0.005,0.38,0.22,0.01,0.14,1.0,0.28
pid,ground_truth,curvy,400.0,0.05,0.1,1.0,67.7430987432599,70.64213562011719,-56.409568786621094,17.03613048611893,1.898497330453413,1.0573543706356112,-0.12804128981207885,1.0573543706356112,0.12804128981207885,0.07764719426631927,0.0022396594285964966,0.0,0.0725570097565651,18.934627816572345,94,88,5.682496070861816,RoadOption.STRAIGHT,81.05061340332031,-53.587379455566406,0.4784597930181098,2.8,1.2,4.5,3.0,10.0,0.6,0.01,0.06,0.55,0.16,0.2,0.35,1.5,12,10.0,14.0,0.9,1.2,0.6,0.01,0.06,0.65,0.3,0.72,0.005,0.38,0.22,0.01,0.14,1.0,0.28
pid,ground_truth,curvy,400.0,0.05,0.1,1.0,67.79309874400496,71.4742431640625,-56.24480438232422,16.909929148342353,1.8432693270603764,1.0777651715171928,-0.13377257892549776,1.0777651715171928,0.13377257892549776,0.08005622029304504,0.002409026026725769,0.3008808493614197,0.0,18.75319847540273,95,89,5.686459064483643,RoadOption.STRAIGHT,81.81492614746094,-53.1785774230957,0.5038325276716218,2.8,1.2,4.5,3.0,10.0,0.6,0.01,0.06,0.55,0.16,0.2,0.35,1.5,12,10.0,14.0,0.9,1.2,0.6,0.01,0.06,0.65,0.3,0.72,0.005,0.38,0.22,0.01,0.14,1.0,0.28
pid,ground_truth,curvy,400.0,0.05,0.1,1.0,67.84309874475002,72.29515075683594,-56.066043853759766,16.730061272119766,1.8780193095882964,1.0940909345578427,-0.13897777721032778,1.0940909345578427,0.13897777721032778,0.08201765269041061,0.00196143239736557,0.5604642033576965,0.0,18.608080581708062,96,90,5.6979079246521,RoadOption.STRAIGHT,82.56861877441406,-52.750518798828125,0.5292052623251337,2.8,1.2,4.5,3.0,10.0,0.6,0.01,0.06,0.55,0.16,0.2,0.35,1.5,12,10.0,14.0,0.9,1.2,0.6,0.01,0.06,0.65,0.3,0.72,0.005,0.38,0.22,0.01,0.14,1.0,0.28
pid,ground_truth,curvy,400.0,0.05,0.1,1.0,67.89309874549508,73.1036376953125,-55.873207092285156,16.55874911806666,1.9305323785989366,1.1074558316251202,-0.14370850005744717,1.1074558316251202,0.14370850005744717,0.0835443064570427,0.00152665376663208,0.6217536926269531,0.0,18.489281496665598,97,91,5.71785831451416,RoadOption.STRAIGHT,83.31121826171875,-52.30347442626953,0.5545779969786456,2.8,1.2,4.5,3.0,10.0,0.6,0.01,0.06,0.55,0.16,0.2,0.35,1.5,12,10.0,14.0,0.9,1.2,0.6,0.01,0.06,0.65,0.3,0.72,0.005,0.38,0.22,0.01,0.14,1.0,0.28
pid,ground_truth,curvy,400.0,0.05,0.1,1.0,67.94309874624014,73.90117645263672,-55.66553497314453,16.44025541161769,1.9503465100076944,1.1185572838171438,-0.148035404459526,1.1185572838171438,0.148035404459526,0.08492614328861237,0.0013818368315696716,0.5345557928085327,0.0,18.390601921625386,98,92,5.744502067565918,RoadOption.STRAIGHT,84.04222106933594,-51.83773422241211,0.5799507316321575,2.8,1.2,4.5,3.0,10.0,0.6,0.01,0.06,0.55,0.16,0.2,0.35,1.5,12,10.0,14.0,0.9,1.2,0.6,0.01,0.06,0.65,0.3,0.72,0.005,0.38,0.22,0.01,0.14,1.0,0.28
pid,ground_truth,curvy,400.0,0.05,0.1,1.0,67.9930987469852,74.68975067138672,-55.44219970703125,16.361853742781044,1.9470424439597096,1.1277491789916652,-0.15200927356960126,1.1277491789916652,0.15200927356960126,-0.015073858201503754,-0.10000000149011612,0.46909794211387634,0.0,18.308896186740753,98,93,5.775463581085205,RoadOption.STRAIGHT,84.04222106933594,-51.83773422241211,0.5799507316321575,2.8,1.2,4.5,3.0,10.0,0.6,0.01,0.06,0.55,0.16,0.2,0.35,1.5,12,10.0,14.0,0.9,1.2,0.6,0.01,0.06,0.65,0.3,0.72,0.005,0.38,0.22,0.01,0.14,1.0,0.28
pid,ground_truth,curvy,400.0,0.05,0.1,1.0,68.04309874773026,75.47250366210938,-55.20939254760742,16.311031562617792,2.172864624122962,0.9944211020476905,-0.13672256246497838,0.9944211020476905,0.13672256246497838,0.08492614328861237,0.10000000149011612,1.0,0.0,18.483896186740754,99,93,4.959326267242432,RoadOption.STRAIGHT,84.76118469238281,-51.353599548339844,0.6053231999695604,2.8,1.2,4.5,3.0,10.0,0.6,0.01,0.06,0.55,0.16,0.2,0.35,1.5,12,10.0,14.0,0.9,1.2,0.6,0.01,0.06,0.65,0.3,0.72,0.005,0.38,0.22,0.01,0.14,1.0,0.28
pid,ground_truth,curvy,400.0,0.05,0.1,1.0,68.09309874847531,76.24876403808594,-54.96516036987305,16.254088011387335,2.386766435588946,0.9877681867435129,-0.1490934117815872,0.9877681867435129,0.1490934117815872,0.16597704589366913,0.08105090260505676,1.0,0.0,18.64085444697628,100,94,4.995602130889893,RoadOption.STRAIGHT,85.4676284790039,-50.851383209228516,0.6306959346230724,2.8,1.2,4.5,3.0,10.0,0.6,0.01,0.06,0.55,0.16,0.2,0.35,1.5,12,10.0,14.0,0.9,1.2,0.6,0.01,0.06,0.65,0.3,0.72,0.005,0.38,0.22,0.01,0.14,1.0,0.28
pid,ground_truth,curvy,400.0,0.05,0.1,1.0,68.14309874922037,77.01651000976562,-54.70173263549805,16.228816669727014,1.962037777249268,0.9827191246554816,-0.15465216134588244,0.9827191246554816,0.15465216134588244,0.11758125573396683,-0.0483957901597023,0.0,0.2800000011920929,18.19085444697628,101,95,5.034362316131592,RoadOption.STRAIGHT,86.16111755371094,-50.33140182495117,0.6560684029604753,2.8,1.2,4.5,3.0,10.0,0.6,0.01,0.06,0.55,0.16,0.2,0.35,1.5,12,10.0,14.0,0.9,1.2,0.6,0.01,0.06,0.65,0.3,0.72,0.005,0.38,0.22,0.01,0.14,1.0,0.28
pid,ground_truth,curvy,400.0,0.05,0.1,1.0,68.19309874996543,77.77854919433594,-54.41823196411133,16.2814029005686,1.875945732243899,0.9786702517945334,-0.15478958045813052,0.9786702517945334,0.15478958045813052,0.0760958343744278,-0.04148542135953903,0.22165033221244812,0.0,18.1573486328125,102,96,5.072083950042725,RoadOption.STRAIGHT,86.84117126464844,-49.79399490356445,0.6814411376139872,2.8,1.2,4.5,3.0,10.0,0.6,0.01,0.06,0.55,0.16,0.2,0.35,1.5,12,10.0,14.0,0.9,1.2,0.6,0.01,0.06,0.65,0.3,0.72,0.005,0.38,0.22,0.01,0.14,1.0,0.28
pid,ground_truth,curvy,400.0,0.05,0.1,1.0,68.24309875071049,78.53657531738281,-54.11848449707031,16.309591982810666,1.776390728416171,0.9712720826092716,-0.1556303404142687,0.9712720826092716,0.1556303404142687,0.08512304723262787,0.009027212858200073,0.1620519459247589,0.0,18.085982711226837,103,97,5.107982158660889,RoadOption.STRAIGHT,87.50738525390625,-49.2395133972168,0.7068138722674991,2.8,1.2,4.5,3.0,10.0,0.6,0.01,0.06,0.55,0.16,0.2,0.35,1.5,12,10.0,14.0,0.9,1.2,0.6,0.01,0.06,0.65,0.3,0.72,0.005,0.38,0.22,0.01,0.14,1.0,0.28
pid,ground_truth,curvy,400.0,0.05,0.1,1.0,68.29309875145555,79.2874526977539,-53.80354690551758,16.257585047291947,1.6434272320772578,0.9611489673196656,-0.15780947197622597,0.9611489673196656,0.15780947197622597,0.0997782051563263,0.014655157923698425,0.039256200194358826,0.0,17.901012279369205,104,98,5.145118713378906,RoadOption.STRAIGHT,88.15930938720703,-48.66830062866211,0.7321863406049021,2.8,1.2,4.5,3.0,10.0,0.6,0.01,0.06,0.55,0.16,0.2,0.35,1.5,12,10.0,14.0,0.9,1.2,0.6,0.01,0.06,0.65,0.3,0.72,0.005,0.38,0.22,0.01,0.14,1.0,0.28
pid,ground_truth,curvy,400.0,0.05,0.1,1.0,68.3430987522006,80.02632904052734,-53.47357940673828,16.12617181986054,1.6210233886536365,0.9509667834280038,-0.15962158665045667,0.9509667834280038,0.15962158665045667,0.09938383847475052,-0.00039436668157577515,0.3438943922519684,0.0,17.747195208514178,105,99,5.187790870666504,RoadOption.STRAIGHT,88.79653930664062,-48.08073806762695,0.757559075258414,2.8,1.2,4.5,3.0,10.0,0.6,0.01,0.06,0.55,0.16,0.2,0.35,1.5,12,10.0,14.0,0.9,1.2,0.6,0.01,0.06,0.65,0.3,0.72,0.005,0.38,0.22,0.01,0.14,1.0,0.28
pid,ground_truth,curvy,400.0,0.05,0.1,1.0,68.39309875294566,80.74974060058594,-53.12982177734375,15.946440971435356,1.7008798112614034,0.942064849827529,-0.16079820450956728,0.942064849827529,0.16079820450956728,0.09554510563611984,-0.0038387328386306763,0.6477915644645691,0.0,17.64732078269676,106,100,5.239251136779785,RoadOption.STRAIGHT,89.41865539550781,-47.477195739746094,0.782931543595817,2.8,1.2,4.5,3.0,10.0,0.6,0.01,0.06,0.55,0.16,0.2,0.35,1.5,12,10.0,14.0,0.9,1.2,0.6,0.01,0.06,0.65,0.3,0.72,0.005,0.38,0.22,0.01,0.14,1.0,0.28
pid,ground_truth,curvy,400.0,0.05,0.1,1.0,68.44309875369072,81.45709228515625,-52.7729377746582,15.786277664143357,1.7672806854660212,0.9348196302410539,-0.16190281715070487,0.9348196302410539,0.16190281715070487,0.09557531774044037,3.0212104320526123e-05,0.6247242093086243,0.0,17.55355834960938,107,101,5.299901485443115,RoadOption.STRAIGHT,90.02526092529297,-46.85806655883789,0.8083042782493288,2.8,1.2,4.5,3.0,10.0,0.6,0.01,0.06,0.55,0.16,0.2,0.35,1.5,12,10.0,14.0,0.9,1.2,0.6,0.01,0.06,0.65,0.3,0.72,0.005,0.38,0.22,0.01,0.14,1.0,0.28
pid,ground_truth,curvy,400.0,0.05,0.1,1.0,68.49309875443578,82.15010833740234,-52.40204620361328,15.684263141265417,1.7638908843422403,0.9293772557522515,-0.16314458258798137,0.9293772557522515,0.16314458258798137,0.09698017686605453,0.0014048591256141663,0.42856454849243164,0.0,17.448154025607657,108,102,5.367309093475342,RoadOption.STRAIGHT,90.61595916748047,-46.2237434387207,0.8336770129028408,2.8,1.2,4.5,3.0,10.0,0.6,0.01,0.06,0.55,0.16,0.2,0.35,1.5,12,10.0,14.0,0.9,1.2,0.6,0.01,0.06,0.65,0.3,0.72,0.005,0.38,0.22,0.01,0.14,1.0,0.28
pid,ground_truth,curvy,400.0,0.05,0.1,1.0,68.54309875518084,82.83033752441406,-52.01615905761719,15.612745765833871,1.7276105664505543,0.9258832210186196,-0.1644145442432996,0.9258832210186196,0.1644145442432996,0.09728224575519562,0.00030206888914108276,0.32848942279815674,0.0,17.340356332284426,109,103,5.439167022705078,RoadOption.STRAIGHT,91.19037628173828,-45.57463836669922,0.8590494812402437,2.8,1.2,4.5,3.0,10.0,0.6,0.01,0.06,0.55,0.16,0.2,0.35,1.5,12,10.0,14.0,0.9,1.2,0.6,0.01,0.06,0.65,0.3,0.72,0.005,0.38,0.22,0.01,0.14,1.0,0.28
pid,ground_truth,curvy,400.0,0.05,0.1,1.0,68.5930987559259,83.49758911132812,-51.61561965942383,15.529720947327915,1.702871600053454,0.924382912869703,-0.16568410642445386,0.924382912869703,0.16568410642445386,0.09719815850257874,-8.408725261688232e-05,0.3553626537322998,0.0,17.23259254738137,110,104,5.5152812004089355,RoadOption.STRAIGHT,91.7481460571289,-44.911170959472656,0.8844222158937556,2.8,1.2,4.5,3.0,10.0,0.6,0.01,0.06,0.55,0.16,0.2,0.35,1.5,12,10.0,14.0,0.9,1.2,0.6,0.01,0.06,0.65,0.3,0.72,0.005,0.38,0.22,0.01,0.14,1.0,0.28
pid,ground_truth,curvy,400.0,0.05,0.1,1.0,68.64309875667095,84.1508560180664,-51.20132827758789,15.431306245207082,1.688930752044076,0.9251248328643045,-0.16700776406525053,0.9251248328643045,0.16700776406525053,0.09731682389974594,0.00011866539716720581,0.3825303912162781,0.0,17.12023699725116,111,105,5.596468448638916,RoadOption.STRAIGHT,92.28890228271484,-44.23377227783203,0.909794817389213,2.8,1.2,4.5,3.0,10.0,0.6,0.01,0.06,0.55,0.16,0.2,0.35,1.5,12,10.0,14.0,0.9,1.2,0.6,0.01,0.06,0.65,0.3,0.72,0.005,0.38,0.22,0.01,0.14,1.0,0.28
pid,ground_truth,curvy,400.0,0.05,0.1,1.0,68.69309875741601,84.78955078125,-50.77399444580078,15.32850029032507,1.672514701717752,0.9282556184333268,-0.16841231522415834,0.9282556184333268,0.16841231522415834,0.0974968746304512,0.00018005073070526123,0.37198829650878906,0.0,17.001014992042823,112,106,5.683088779449463,RoadOption.STRAIGHT,92.81228637695312,-43.54286575317383,0.935167552042725,2.8,1.2,4.5,3.0,10.0,0.6,0.01,0.06,0.55,0.16,0.2,0.35,1.5,12,10.0,14.0,0.9,1.2,0.6,0.01,0.06,0.65,0.3,0.72,0.005,0.38,0.22,0.01,0.14,1.0,0.28
pid,ground_truth,curvy,400.0,0.05,0.1,1.0,68.74309875816107,85.41336822509766,-50.33412551879883,15.225119042019505,1.6493723316783875,0.9339347020305198,-0.16990288648627594,0.9339347020305198,0.16990288648627594,-0.0025031263940036297,-0.10000000102445483,0.34806329011917114,0.0,16.874491373697893,112,107,5.775166034698486,RoadOption.STRAIGHT,92.81228637695312,-43.54286575317383,0.935167552042725,2.8,1.2,4.5,3.0,10.0,0.6,0.01,0.06,0.55,0.16,0.2,0.35,1.5,12,10.0,14.0,0.9,1.2,0.6,0.01,0.06,0.65,0.3,0.72,0.005,0.38,0.22,0.01,0.14,1.0,0.28
pid,ground_truth,curvy,400.0,0.05,0.1,1.0,68.79309875890613,86.02651977539062,-49.887367248535156,15.13573289014789,1.9137584835500032,0.7991418195499755,-0.15234852700296386,0.7991418195499755,0.15234852700296386,0.0974968746304512,0.10000000102445483,1.0,0.0,17.049491373697894,113,107,5.016632080078125,RoadOption.STRAIGHT,93.3179931640625,-42.838905334472656,0.9605401535381823,2.8,1.2,4.5,3.0,10.0,0.6,0.01,0.06,0.55,0.16,0.2,0.35,1.5,12,10.0,14.0,0.9,1.2,0.6,0.01,0.06,0.65,0.3,0.72,0.005,0.38,0.22,0.01,0.14,1.0,0.28
pid,ground_truth,curvy,400.0,0.05,0.1,1.0,68.84309875965118,86.62738037109375,-49.43254852294922,15.031410807484502,2.1930805662133928,0.7963518333758639,-0.16250888603577973,0.7963518333758639,0.16250888603577973,0.17145146429538727,0.07395458966493607,1.0,0.0,17.224491373697894,114,108,5.119101047515869,RoadOption.STRAIGHT,93.8056640625,-42.12234115600586,0.9859128881916943,2.8,1.2,4.5,3.0,10.0,0.6,0.01,0.06,0.55,0.16,0.2,0.35,1.5,12,10.0,14.0,0.9,1.2,0.6,0.01,0.06,0.65,0.3,0.72,0.005,0.38,0.22,0.01,0.14,1.0,0.28
pid,ground_truth,curvy,400.0,0.05,0.1,1.0,68.89309876039624,87.2114028930664,-48.9636116027832,14.956232806555661,2.2320188300907553,0.7994331085564865,-0.1662064854722729,0.7994331085564865,0.1662064854722729,0.12078968435525894,-0.050661779940128326,0.6500712633132935,0.0,17.188251636646417,115,109,5.226602554321289,RoadOption.STRAIGHT,94.2750015258789,-41.39363479614258,1.0112856228452063,2.8,1.2,4.5,3.0,10.0,0.6,0.01,0.06,0.55,0.16,0.2,0.35,1.5,12,10.0,14.0,0.9,1.2,0.6,0.01,0.06,0.65,0.3,0.72,0.005,0.38,0.22,0.01,0.14,1.0,0.28
pid,ground_truth,curvy,400.0,0.05,0.1,1.0,68.9430987611413,87.7818374633789,-48.47916030883789,14.981729344350619,2.270196653913274,0.8069685952233208,-0.16545633957222483,0.8069685952233208,0.16545633957222483,0.08297523856163025,-0.03781444579362869,0.6563411951065063,0.0,17.251925998263893,116,110,5.334993362426758,RoadOption.STRAIGHT,94.7257080078125,-40.65325927734375,1.036658091182609,2.8,1.2,4.5,3.0,10.0,0.6,0.01,0.06,0.55,0.16,0.2,0.35,1.5,12,10.0,14.0,0.9,1.2,0.6,0.01,0.06,0.65,0.3,0.72,0.005,0.38,0.22,0.01,0.14,1.0,0.28
pid,ground_truth,curvy,400.0,0.05,0.1,1.0,68.99309876188636,88.34331512451172,-47.98088836669922,15.03632344316573,2.1760653372162135,0.8141753550498536,-0.16592212644687976,0.8141753550498536,0.16592212644687976,0.09258504211902618,0.009609803557395935,0.265166699886322,0.0,17.212388780381943,117,111,5.441373348236084,RoadOption.STRAIGHT,95.15748596191406,-39.90167999267578,1.062030825836121,2.8,1.2,4.5,3.0,10.0,0.6,0.01,0.06,0.55,0.16,0.2,0.35,1.5,12,10.0,14.0,0.9,1.2,0.6,0.01,0.06,0.65,0.3,0.72,0.005,0.38,0.22,0.01,0.14,1.0,0.28
pid,ground_truth,curvy,400.0,0.05,0.1,1.0,69.04309876263142,88.89551544189453,-47.468807220458984,15.071778055166149,1.985620988164296,0.8210528537936224,-0.16774805626926526,0.8210528537936224,0.16774805626926526,0.10426067560911179,0.011675633490085602,0.0,0.046407561749219894,17.057399043330445,118,112,5.545639514923096,RoadOption.STRAIGHT,95.57005310058594,-39.13939666748047,1.0874032941735239,2.8,1.2,4.5,3.0,10.0,0.6,0.01,0.06,0.55,0.16,0.2,0.35,1.5,12,10.0,14.0,0.9,1.2,0.6,0.01,0.06,0.65,0.3,0.72,0.005,0.38,0.22,0.01,0.14,1.0,0.28
pid,ground_truth,curvy,400.0,0.05,0.1,1.0,69.09309876337647,89.43482971191406,-46.94422912597656,15.017637764772832,1.9062073144372498,0.8295889161572121,-0.169321451841284,0.8295889161572121,0.169321451841284,0.10209605097770691,-0.0021646246314048767,0.2470073252916336,0.0,16.923845079210082,119,113,5.650897979736328,RoadOption.STRAIGHT,95.96314239501953,-38.36688995361328,1.1127760288270359,2.8,1.2,4.5,3.0,10.0,0.6,0.01,0.06,0.55,0.16,0.2,0.35,1.5,12,10.0,14.0,0.9,1.2,0.6,0.01,0.06,0.65,0.3,0.72,0.005,0.38,0.22,0.01,0.14,1.0,0.28
pid,ground_truth,curvy,400.0,0.05,0.1,1.0,69.14309876412153,89.9577407836914,-46.41060256958008,14.890273443418861,1.926624478673146,0.840749233075949,-0.1705813933530007,0.840749233075949,0.1705813933530007,0.0020960476249456406,-0.10000000335276127,0.5310254693031311,0.0,16.816897922092007,119,114,5.761571407318115,RoadOption.STRAIGHT,95.96314239501953,-38.36688995361328,1.1127760288270359,2.8,1.2,4.5,3.0,10.0,0.6,0.01,0.06,0.55,0.16,0.2,0.35,1.5,12,10.0,14.0,0.9,1.2,0.6,0.01,0.06,0.65,0.3,0.72,0.005,0.38,0.22,0.01,0.14,1.0,0.28
pid,ground_truth,curvy,400.0,0.05,0.1,1.0,69.19309876486659,90.46836853027344,-45.87376022338867,14.772898646320137,2.2189992757718713,0.7113916859813454,-0.15261237968796326,0.7113916859813454,0.15261237968796326,0.10209605097770691,0.10000000335276127,1.0,0.0,16.991897922092008,120,114,5.021024703979492,RoadOption.STRAIGHT,96.33650970458984,-37.584659576416016,1.1381487634805478,2.8,1.2,4.5,3.0,10.0,0.6,0.01,0.06,0.55,0.16,0.2,0.35,1.5,12,10.0,14.0,0.9,1.2,0.6,0.01,0.06,0.65,0.3,0.72,0.005,0.38,0.22,0.01,0.14,1.0,0.28
pid,ground_truth,curvy,400.0,0.05,0.1,1.0,69.24309876561165,90.96673583984375,-45.3323974609375,14.685324074424699,2.4815738476673097,0.7132212517666616,-0.16344372215742498,0.7132212517666616,0.16344372215742498,0.17951849102973938,0.07742244005203247,1.0,0.0,17.16689792209201,121,115,5.14378023147583,RoadOption.STRAIGHT,96.68991088867188,-36.793209075927734,1.1635213649760052,2.8,1.2,4.5,3.0,10.0,0.6,0.01,0.06,0.55,0.16,0.2,0.35,1.5,12,10.0,14.0,0.9,1.2,0.6,0.01,0.06,0.65,0.3,0.72,0.005,0.38,0.22,0.01,0.14,1.0,0.28
pid,ground_truth,curvy,400.0,0.05,0.1,1.0,69.2930987663567,91.44719696044922,-44.77901077270508,14.652624753151663,2.445780872933419,0.721421584358477,-0.1672649588475248,0.721421584358477,0.1672649588475248,0.12407499551773071,-0.05544349551200867,0.48785147070884705,0.0,17.098405626085082,122,116,5.269768714904785,RoadOption.STRAIGHT,97.02312469482422,-35.9930419921875,1.1888940996295172,2.8,1.2,4.5,3.0,10.0,0.6,0.01,0.06,0.55,0.16,0.2,0.35,1.5,12,10.0,14.0,0.9,1.2,0.6,0.01,0.06,0.65,0.3,0.72,0.005,0.38,0.22,0.01,0.14,1.0,0.28
pid,ground_truth,curvy,400.0,0.05,0.1,1.0,69.34309876710176,91.91324615478516,-44.2110595703125,14.726545928526999,2.460174177809801,0.7342489495289626,-0.1662245283886583,0.7342489495289626,0.1662245283886583,0.08244477957487106,-0.04163021594285965,0.6315395832061768,0.0,17.1867201063368,123,117,5.394056797027588,RoadOption.STRAIGHT,97.33592987060547,-35.18468475341797,1.2142667011249746,2.8,1.2,4.5,3.0,10.0,0.6,0.01,0.06,0.55,0.16,0.2,0.35,1.5,12,10.0,14.0,0.9,1.2,0.6,0.01,0.06,0.65,0.3,0.72,0.005,0.38,0.22,0.01,0.14,1.0,0.28
pid,ground_truth,curvy,400.0,0.05,0.1,1.0,69.39309876784682,92.36957550048828,-43.63018035888672,14.804929382349929,2.3513466141055126,0.7465225379792013,-0.16658318960846463,0.7465225379792013,0.16658318960846463,0.09322692453861237,0.010782144963741302,0.262579083442688,0.0,17.15627599645544,124,118,5.514544486999512,RoadOption.STRAIGHT,97.62812805175781,-34.36865234375,1.239639302620432,2.8,1.2,4.5,3.0,10.0,0.6,0.01,0.06,0.55,0.16,0.2,0.35,1.5,12,10.0,14.0,0.9,1.2,0.6,0.01,0.06,0.65,0.3,0.72,0.005,0.38,0.22,0.01,0.14,1.0,0.28
pid,ground_truth,curvy,400.0,0.05,0.1,1.0,69.44309876859188,92.81522369384766,-43.03707504272461,14.851561909505765,2.1458870470191123,0.7584302918322336,-0.16845432659035442,0.7584302918322336,0.16845432659035442,0.1058569997549057,0.012630075216293335,0.0,0.05319163575768471,16.997448956524877,125,119,5.632053375244141,RoadOption.STRAIGHT,97.89952087402344,-33.54546356201172,1.2650119041158894,2.8,1.2,4.5,3.0,10.0,0.6,0.01,0.06,0.55,0.16,0.2,0.35,1.5,12,10.0,14.0,0.9,1.2,0.6,0.01,0.06,0.65,0.3,0.72,0.005,0.38,0.22,0.01,0.14,1.0,0.28
pid,ground_truth,curvy,400.0,0.05,0.1,1.0,69.49309876933694,93.24644470214844,-42.43384552001953,14.803313623784973,2.0588294335790316,0.7721962137323333,-0.17004836166082127,0.7721962137323333,0.17004836166082127,0.005857002921402454,-0.09999999683350325,0.2591811716556549,0.0,16.862143057364005,125,120,5.7500529289245605,RoadOption.STRAIGHT,97.89952087402344,-33.54546356201172,1.2650119041158894,2.8,1.2,4.5,3.0,10.0,0.6,0.01,0.06,0.55,0.16,0.2,0.35,1.5,12,10.0,14.0,0.9,1.2,0.6,0.01,0.06,0.65,0.3,0.72,0.005,0.38,0.22,0.01,0.14,1.0,0.28
pid,ground_truth,curvy,400.0,0.05,0.1,1.0,69.543098770082,93.66604614257812,-41.82780075073242,14.697591310346816,2.3395517470171896,0.6453572785004265,-0.15193686887746516,0.6453572785004265,0.15193686887746516,0.1058569997549057,0.09999999683350325,1.0,0.0,17.037143057364005,126,120,5.01354455947876,RoadOption.STRAIGHT,98.14994812011719,-32.71565628051758,1.2903845056113468,2.8,1.2,4.5,3.0,10.0,0.6,0.01,0.06,0.55,0.16,0.2,0.35,1.5,12,10.0,14.0,0.9,1.2,0.6,0.01,0.06,0.65,0.3,0.72,0.005,0.38,0.22,0.01,0.14,1.0,0.28
pid,ground_truth,curvy,400.0,0.05,0.1,1.0,69.59309877082705,94.07234191894531,-41.220184326171875,14.567075727176407,2.645067330187599,0.6498981187095834,-0.1623505611089744,0.6498981187095834,0.1623505611089744,0.1775256246328354,0.07166862487792969,1.0,0.0,17.212143057364006,127,121,5.142935276031494,RoadOption.STRAIGHT,98.3792495727539,-31.8797664642334,1.3157571071068044,2.8,1.2,4.5,3.0,10.0,0.6,0.01,0.06,0.55,0.16,0.2,0.35,1.5,12,10.0,14.0,0.9,1.2,0.6,0.01,0.06,0.65,0.3,0.72,0.005,0.38,0.22,0.01,0.14,1.0,0.28
pid,ground_truth,curvy,400.0,0.05,0.1,1.0,69.64309877157211,94.45751953125,-40.60641098022461,14.455392177735732,2.762789291086591,0.6614326983178536,-0.16585388294394665,0.6614326983178536,0.16585388294394665,0.12200871855020523,-0.05551690608263016,0.9874351620674133,0.0,17.218181468822323,128,122,5.278778553009033,RoadOption.STRAIGHT,98.5872573852539,-31.038328170776367,1.3411299749183707,2.8,1.2,4.5,3.0,10.0,0.6,0.01,0.06,0.55,0.16,0.2,0.35,1.5,12,10.0,14.0,0.9,1.2,0.6,0.01,0.06,0.65,0.3,0.72,0.005,0.38,0.22,0.01,0.14,1.0,0.28
pid,ground_truth,curvy,400.0,0.05,0.1,1.0,69.69309877231717,94.82467651367188,-39.98393630981445,14.47133597065177,2.8179853636219736,0.6782749827143482,-0.16501578614889834,0.6782749827143482,0.16501578614889834,0.0838611051440239,-0.038147613406181335,0.8245058059692383,0.0,17.289321334273744,129,123,5.416568279266357,RoadOption.STRAIGHT,98.77385711669922,-30.19188117980957,1.366502576413828,2.8,1.2,4.5,3.0,10.0,0.6,0.01,0.06,0.55,0.16,0.2,0.35,1.5,12,10.0,14.0,0.9,1.2,0.6,0.01,0.06,0.65,0.3,0.72,0.005,0.38,0.22,0.01,0.14,1.0,0.28
pid,ground_truth,curvy,400.0,0.05,0.1,1.0,69.74309877306223,95.1803207397461,-39.3504638671875,14.573918037663379,2.6642920046543175,0.69503679896598,-0.16561792687136556,0.69503679896598,0.16561792687136556,0.09458313882350922,0.010722033679485321,0.20580284297466278,0.0,17.238210042317696,130,124,5.550694465637207,RoadOption.STRAIGHT,98.93892669677734,-29.340972900390625,1.3918751779092855,2.8,1.2,4.5,3.0,10.0,0.6,0.01,0.06,0.55,0.16,0.2,0.35,1.5,12,10.0,14.0,0.9,1.2,0.6,0.01,0.06,0.65,0.3,0.72,0.005,0.38,0.22,0.01,0.14,1.0,0.28
pid,ground_truth,curvy,400.0,0.05,0.1,1.0,69.79309877380729,95.52474212646484,-38.70462417602539,14.67731604860057,2.3968111486650763,0.7114949512182247,-0.16755098234859922,0.7114949512182247,0.16755098234859922,0.10556349158287048,0.010980352759361267,0.0,0.17164795100688934,17.074127197265646,131,125,5.6794819831848145,RoadOption.STRAIGHT,99.08235168457031,-28.48615074157715,1.417247779404743,2.8,1.2,4.5,3.0,10.0,0.6,0.01,0.06,0.55,0.16,0.2,0.35,1.5,12,10.0,14.0,0.9,1.2,0.6,0.01,0.06,0.65,0.3,0.72,0.005,0.38,0.22,0.01,0.14,1.0,0.28
pid,ground_truth,curvy,400.0,0.05,0.1,1.0,69.84309877455235,95.85491943359375,-38.04856491088867,14.678825447274841,2.2573792510758697,0.729498445303207,-0.16917584350868387,0.729498445303207,0.16917584350868387,0.0055634877644479275,-0.10000000381842256,0.15621411800384521,0.0,16.93620469835071,131,126,5.805779457092285,RoadOption.STRAIGHT,99.08235168457031,-28.48615074157715,1.417247779404743,2.8,1.2,4.5,3.0,10.0,0.6,0.01,0.06,0.55,0.16,0.2,0.35,1.5,12,10.0,14.0,0.9,1.2,0.6,0.01,0.06,0.65,0.3,0.72,0.005,0.38,0.22,0.01,0.14,1.0,0.28
pid,ground_truth,curvy,400.0,0.05,0.1,1.0,69.8930987752974,96.17423248291016,-37.38998794555664,14.606020629236097,2.5051840691146143,0.6049193719919375,-0.15119884036037678,0.6049193719919375,0.15119884036037678,0.10556349158287048,0.10000000381842256,1.0,0.0,17.11120469835071,132,126,5.0747246742248535,RoadOption.STRAIGHT,99.20404052734375,-27.627965927124023,1.4426203809002005,2.8,1.2,4.5,3.0,10.0,0.6,0.01,0.06,0.55,0.16,0.2,0.35,1.5,12,10.0,14.0,0.9,1.2,0.6,0.01,0.06,0.65,0.3,0.72,0.005,0.38,0.22,0.01,0.14,1.0,0.28
pid,ground_truth,curvy,400.0,0.05,0.1,1.0,69.94309877604246,96.48086547851562,-36.73113250732422,14.48367422122142,2.8025304771292916,0.6130589015910537,-0.16177744884238976,0.6130589015910537,0.16177744884238976,0.17812566459178925,0.07256217300891876,1.0,0.0,17.286204698350712,133,127,5.209569931030273,RoadOption.STRAIGHT,99.30391693115234,-26.766969680786133,1.4679931155537123,2.8,1.2,4.5,3.0,10.0,0.6,0.01,0.06,0.55,0.16,0.2,0.35,1.5,12,10.0,14.0,0.9,1.2,0.6,0.01,0.06,0.65,0.3,0.72,0.005,0.38,0.22,0.01,0.14,1.0,0.28
pid,ground_truth,curvy,400.0,0.05,0.1,1.0,69.99309877678752,96.76581573486328,-36.069820404052734,14.3580080309972,2.8971844784067304,0.6281824386119472,-0.1654178568944733,0.6281824386119472,0.1654178568944733,0.12230682373046875,-0.055818840861320496,0.9524117708206177,0.0,17.25519250940393,134,128,5.351034164428711,RoadOption.STRAIGHT,99.38192749023438,-25.903717041015625,1.4933657170491699,2.8,1.2,4.5,3.0,10.0,0.6,0.01,0.06,0.55,0.16,0.2,0.35,1.5,12,10.0,14.0,0.9,1.2,0.6,0.01,0.06,0.65,0.3,0.72,0.005,0.38,0.22,0.01,0.14,1.0,0.28
pid,ground_truth,curvy,400.0,0.05,0.1,1.0,70.04309877753258,97.03144073486328,-35.40385055541992,14.345898106920444,2.9688149826339725,0.6488003155206297,-0.16471664657945517,0.6488003155206297,0.16471664657945517,0.0839909240603447,-0.038315899670124054,0.9037047028541565,0.0,17.314713089554417,135,129,5.495511054992676,RoadOption.STRAIGHT,99.43800354003906,-25.038761138916016,1.5187384517026816,2.8,1.2,4.5,3.0,10.0,0.6,0.01,0.06,0.55,0.16,0.2,0.35,1.5,12,10.0,14.0,0.9,1.2,0.6,0.01,0.06,0.65,0.3,0.72,0.005,0.38,0.22,0.01,0.14,1.0,0.28
pid,ground_truth,curvy,400.0,0.05,0.1,1.0,70.09309877827764,97.28376007080078,-34.72999572753906,14.430307702163306,2.8181483344397105,0.6696701106780187,-0.16549721909495752,0.6696701106780187,0.16549721909495752,0.09475260972976685,0.01076168566942215,0.24812601506710052,0.0,17.248456036603017,136,130,5.637476921081543,RoadOption.STRAIGHT,99.47212219238281,-24.172664642333984,1.544111053198139,2.8,1.2,4.5,3.0,10.0,0.6,0.01,0.06,0.55,0.16,0.2,0.35,1.5,12,10.0,14.0,0.9,1.2,0.6,0.01,0.06,0.65,0.3,0.72,0.005,0.38,0.22,0.01,0.14,1.0,0.28
pid,ground_truth,curvy,400.0,0.05,0.1,1.0,70.1430987790227,97.52326202392578,-34.04591369628906,14.537887356957798,2.5316791577991378,0.6904034261940267,-0.16760471162359192,0.6904034261940267,0.16760471162359192,-0.00524738896638155,-0.0999999986961484,0.0,0.19514428079128265,17.069566514756936,136,131,5.774229526519775,RoadOption.STRAIGHT,99.47212219238281,-24.172664642333984,1.544111053198139,2.8,1.2,4.5,3.0,10.0,0.6,0.01,0.06,0.55,0.16,0.2,0.35,1.5,12,10.0,14.0,0.9,1.2,0.6,0.01,0.06,0.65,0.3,0.72,0.005,0.38,0.22,0.01,0.14,1.0,0.28
pid,ground_truth,curvy,400.0,0.05,0.1,1.0,70.19309877976775,97.75508880615234,-33.3551139831543,14.574969567830951,2.669596946925985,0.5669591604848898,-0.1510603559836925,0.5669591604848898,0.1510603559836925,0.09475260972976685,0.0999999986961484,1.0,0.0,17.244566514756936,137,131,5.046626091003418,RoadOption.STRAIGHT,99.48426055908203,-23.305978775024414,1.5694836546935966,2.8,1.2,4.5,3.0,10.0,0.6,0.01,0.06,0.55,0.16,0.2,0.35,1.5,12,10.0,14.0,0.9,1.2,0.6,0.01,0.06,0.65,0.3,0.72,0.005,0.38,0.22,0.01,0.14,1.0,0.28
pid,ground_truth,curvy,400.0,0.05,0.1,1.0,70.24309878051281,97.97515106201172,-32.662662506103516,14.497395696412367,2.9221708183445703,0.5752470944304613,-0.16231767106951178,0.5752470944304613,0.16231767106951178,0.19126813113689423,0.09651552140712738,1.0,0.0,17.419566514756937,138,132,5.182503700256348,RoadOption.STRAIGHT,99.47518920898438,-22.386852264404297,7.868063897186604,2.8,1.2,4.5,3.0,10.0,0.6,0.01,0.06,0.55,0.16,0.2,0.35,1.5,12,10.0,14.0,0.9,1.2,0.6,0.01,0.06,0.65,0.3,0.72,0.005,0.38,0.22,0.01,0.14,1.0,0.28
pid,ground_truth,curvy,400.0,0.05,0.1,1.0,70.29309878125787,98.1744384765625,-31.969696044921875,14.372904543181258,2.7775561592203655,0.5895998934056305,-0.1666516994275069,0.5895998934056305,0.1666516994275069,0.1299397498369217,-0.061328381299972534,0.2561413049697876,0.0,17.150460702401624,139,133,5.323916435241699,RoadOption.STRAIGHT,99.46231079101562,-21.372220993041992,7.865261186455404,2.8,1.2,4.5,3.0,10.0,0.6,0.01,0.06,0.55,0.16,0.2,0.35,1.5,12,10.0,14.0,0.9,1.2,0.6,0.01,0.06,0.65,0.3,0.72,0.005,0.38,0.22,0.01,0.14,1.0,0.28
pid,ground_truth,curvy,400.0,0.05,0.1,1.0,70.34309878200293,98.35316467285156,-31.276098251342773,14.29768908787278,2.9353273147602863,0.6101091817389099,-0.16567911299741045,0.6101091817389099,0.16567911299741045,0.059537626802921295,-0.0704021230340004,1.0,0.0,17.233016402633066,140,134,5.469994068145752,RoadOption.STRAIGHT,99.45227813720703,-20.357559204101562,7.862459008356423,2.8,1.2,4.5,3.0,10.0,0.6,0.01,0.06,0.55,0.16,0.2,0.35,1.5,12,10.0,14.0,0.9,1.2,0.6,0.01,0.06,0.65,0.3,0.72,0.005,0.38,0.22,0.01,0.14,1.0,0.28
pid,ground_truth,curvy,400.0,0.05,0.1,1.0,70.39309878274798,98.51818084716797,-30.582780838012695,14.22866427504183,2.8246488036618658,0.6300970581614035,-0.1677961929059686,0.6300970581614035,0.1677961929059686,-0.013563410378992558,-0.07310103718191385,0.361522912979126,0.0,17.053313078703695,140,135,5.619807243347168,RoadOption.STRAIGHT,99.45227813720703,-20.357559204101562,7.862459008356423,2.8,1.2,4.5,3.0,10.0,0.6,0.01,0.06,0.55,0.16,0.2,0.35,1.5,12,10.0,14.0,0.9,1.2,0.6,0.01,0.06,0.65,0.3,0.72,0.005,0.38,0.22,0.01,0.14,1.0,0.28
pid,ground_truth,curvy,400.0,0.05,0.1,1.0,70.44309878349304,98.67662811279297,-29.890926361083984,14.170977954262165,3.057335124441531,0.5078646504418823,-0.15401273636815427,0.5078646504418823,0.15401273636815427,0.08643659204244614,0.1000000024214387,1.0,0.0,17.228313078703696,141,135,4.9115376472473145,RoadOption.STRAIGHT,99.44512176513672,-19.34287452697754,7.85965736288966,2.8,1.2,4.5,3.0,10.0,0.6,0.01,0.06,0.55,0.16,0.2,0.35,1.5,12,10.0,14.0,0.9,1.2,0.6,0.01,0.06,0.65,0.3,0.72,0.005,0.38,0.22,0.01,0.14,1.0,0.28
pid,ground_truth,curvy,400.0,0.05,0.1,1.0,70.4930987842381,98.82394409179688,-29.200119018554688,14.100389897523407,2.956133178286784,0.5138042556586493,-0.1677583760184893,0.5138042556586493,0.1677583760184893,0.13318656384944916,0.04674997180700302,0.41698384284973145,0.0,17.05652307581019,142,136,5.069066524505615,RoadOption.STRAIGHT,99.44075775146484,-18.328170776367188,7.856854652158461,2.8,1.2,4.5,3.0,10.0,0.6,0.01,0.06,0.55,0.16,0.2,0.35,1.5,12,10.0,14.0,0.9,1.2,0.6,0.01,0.06,0.65,0.3,0.72,0.005,0.38,0.22,0.01,0.14,1.0,0.28
pid,ground_truth,curvy,400.0,0.05,0.1,1.0,70.54309878498316,98.95341491699219,-28.508989334106445,14.040733747315853,2.565789328494338,0.5240153398954619,-0.17545690893963606,0.5240153398954619,0.17545690893963606,0.03318655863404274,-0.10000000521540642,0.0,0.2800000011920929,16.60652307581019,142,137,5.230020999908447,RoadOption.STRAIGHT,99.44075775146484,-18.328170776367188,7.856854652158461,2.8,1.2,4.5,3.0,10.0,0.6,0.01,0.06,0.55,0.16,0.2,0.35,1.5,12,10.0,14.0,0.9,1.2,0.6,0.01,0.06,0.65,0.3,0.72,0.005,0.38,0.22,0.01,0.14,1.0,0.28
pid,ground_truth,curvy,400.0,0.05,0.1,1.0,70.59309878572822,99.07099151611328,-27.818641662597656,13.970681166107235,2.8108419097029564,0.40734504194128585,-0.15831454047695948,0.40734504194128585,0.15831454047695948,0.056959118694067,0.02377256006002426,1.0,0.0,16.781523075810192,143,137,4.531547546386719,RoadOption.STRAIGHT,99.43927001953125,-17.313461303710938,7.854052474059479,2.8,1.2,4.5,3.0,10.0,0.6,0.01,0.06,0.55,0.16,0.2,0.35,1.5,12,10.0,14.0,0.9,1.2,0.6,0.01,0.06,0.65,0.3,0.72,0.005,0.38,0.22,0.01,0.14,1.0,0.28
pid,ground_truth,curvy,400.0,0.05,0.1,1.0,70.64309878647327,99.17890167236328,-27.132604598999023,13.838527352865238,3.117995722944954,0.36308688335751677,-0.15947980661192407,0.36308688335751677,0.15947980661192407,0.06223636120557785,0.005277242511510849,1.0,0.0,16.956523075810193,144,138,4.754992485046387,RoadOption.STRAIGHT,99.44063568115234,-16.298751831054688,7.851250295960497,2.8,1.2,4.5,3.0,10.0,0.6,0.01,0.06,0.55,0.16,0.2,0.35,1.5,12,10.0,14.0,0.9,1.2,0.6,0.01,0.06,0.65,0.3,0.72,0.005,0.38,0.22,0.01,0.14,1.0,0.28
pid,ground_truth,curvy,400.0,0.05,0.1,1.0,70.69309878721833,99.27532958984375,-26.451148986816406,13.722980308048209,3.4085427677619844,0.24425612673115615,-0.1427193354495646,0.24425612673115615,0.1427193354495646,0.03700318932533264,-0.02523317188024521,1.0,0.0,17.131523075810193,144,139,5.082368850708008,RoadOption.STRAIGHT,99.44063568115234,-16.298751831054688,7.851250295960497,2.8,1.2,4.5,3.0,10.0,0.6,0.01,0.06,0.55,0.16,0.2,0.35,1.5,12,10.0,14.0,0.9,1.2,0.6,0.01,0.06,0.65,0.3,0.72,0.005,0.38,0.22,0.01,0.14,1.0,0.28
pid,ground_truth,curvy,400.0,0.05,0.1,1.0,70.74309878796339,99.36276245117188,-25.772357940673828,13.676872765058633,3.629650310751561,0.14917253043487572,-0.13054802347762973,0.14917253043487572,0.13054802347762973,0.052874065935611725,0.015870876610279083,1.0,0.0,17.306523075810194,145,139,4.40126371383667,RoadOption.STRAIGHT,99.44406127929688,-15.29485034942627,1.5673213010465068,2.8,1.2,4.5,3.0,10.0,0.6,0.01,0.06,0.55,0.16,0.2,0.35,1.5,12,10.0,14.0,0.9,1.2,0.6,0.01,0.06,0.65,0.3,0.72,0.005,0.38,0.22,0.01,0.14,1.0,0.28
pid,ground_truth,curvy,400.0,0.05,0.1,1.0,70.79309878870845,99.44154357910156,-25.091962814331055,13.726939637686463,3.7545834381237313,0.050869003537857824,-0.11626908581900697,0.050869003537857824,0.11626908581900697,0.045838598161935806,-0.007035467773675919,1.0,0.0,17.481523075810195,146,140,4.7344160079956055,RoadOption.STRAIGHT,99.4465103149414,-14.305353164672852,1.5693213350251562,2.8,1.2,4.5,3.0,10.0,0.6,0.01,0.06,0.55,0.16,0.2,0.35,1.5,12,10.0,14.0,0.9,1.2,0.6,0.01,0.06,0.65,0.3,0.72,0.005,0.38,0.22,0.01,0.14,1.0,0.28
pid,ground_truth,curvy,400.0,0.05,0.1,1.0,70.8430987894535,99.51243591308594,-24.4053897857666,13.863698759438437,3.7928243163717585,-0.03857975375795981,-0.10216205520874766,0.03857975375795981,0.10216205520874766,0.04165713116526604,-0.004181466996669769,0.9914957880973816,0.0,17.656523075810195,146,141,5.062963008880615,RoadOption.STRAIGHT,99.4465103149414,-14.305353164672852,1.5693213350251562,2.8,1.2,4.5,3.0,10.0,0.6,0.01,0.06,0.55,0.16,0.2,0.35,1.5,12,10.0,14.0,0.9,1.2,0.6,0.01,0.06,0.65,0.3,0.72,0.005,0.38,0.22,0.01,0.14,1.0,0.28
pid,ground_truth,curvy,400.0,0.05,0.1,1.0,70.89309879019856,99.57666015625,-23.709497451782227,14.056226706405328,3.7752963694048685,-0.10675263750419377,-0.09141926284553215,0.10675263750419377,0.09141926284553215,0.03457237035036087,-0.007084760814905167,0.8314869403839111,0.0,17.831523075810196,147,141,4.3686041831970215,RoadOption.STRAIGHT,99.44699096679688,-13.3158540725708,1.5713212358457511,2.8,1.2,4.5,3.0,10.0,0.6,0.01,0.06,0.55,0.16,0.2,0.35,1.5,12,10.0,14.0,0.9,1.2,0.6,0.01,0.06,0.65,0.3,0.72,0.005,0.38,0.22,0.01,0.14,1.0,0.28
pid,ground_truth,curvy,400.0,0.05,0.1,1.0,70.94309879094362,99.63507843017578,-23.002513885498047,14.272779454803215,3.7337436210069814,-0.18089042245167178,-0.07876631819045699,0.18089042245167178,0.07876631819045699,0.03299570083618164,-0.0015766695141792297,0.7550758719444275,0.0,18.006523075810197,148,142,4.678380966186523,RoadOption.STRAIGHT,99.44548034667969,-12.326355934143066,1.5733214029824552,2.8,1.2,4.5,3.0,10.0,0.6,0.01,0.06,0.55,0.16,0.2,0.35,1.5,12,10.0,14.0,0.9,1.2,0.6,0.01,0.06,0.65,0.3,0.72,0.005,0.38,0.22,0.01,0.14,1.0,0.28
pid,ground_truth,curvy,400.0,0.05,0.1,1.0,70.99309879168868,99.68795013427734,-22.284530639648438,14.47787139906137,3.7036516767488283,-0.24832796314813185,-0.06692097713594691,0.24832796314813185,0.06692097713594691,0.0316244475543499,-0.0013712532818317413,0.7805459499359131,0.0,18.181523075810198,149,143,4.977285861968994,RoadOption.STRAIGHT,99.44197845458984,-11.336862564086914,1.5753213038030502,2.8,1.2,4.5,3.0,10.0,0.6,0.01,0.06,0.55,0.16,0.2,0.35,1.5,12,10.0,14.0,0.9,1.2,0.6,0.01,0.06,0.65,0.3,0.72,0.005,0.38,0.22,0.01,0.14,1.0,0.28
pid,ground_truth,curvy,400.0,0.05,0.1,1.0,71.04309879243374,99.73526000976562,-21.556379318237305,14.668581503218503,3.6879415725916953,-0.3089835695985915,-0.05562611147875707,0.3089835695985915,0.05562611147875707,0.04571115970611572,0.014086712151765823,0.8173588514328003,0.0,18.3565230758102,149,144,5.265876293182373,RoadOption.STRAIGHT,99.44197845458984,-11.336862564086914,1.5753213038030502,2.8,1.2,4.5,3.0,10.0,0.6,0.01,0.06,0.55,0.16,0.2,0.35,1.5,12,10.0,14.0,0.9,1.2,0.6,0.01,0.06,0.65,0.3,0.72,0.005,0.38,0.22,0.01,0.14,1.0,0.28
pid,ground_truth,curvy,400.0,0.05,0.1,1.0,71.0930987931788,99.77587890625,-20.818552017211914,14.852432612810635,3.6790904629995644,-0.34758706132102185,-0.04641184042319235,0.34758706132102185,0.04641184042319235,0.01711096055805683,-0.02860019914805889,0.8346167802810669,0.0,18.5315230758102,150,144,4.532216548919678,RoadOption.STRAIGHT,99.43651580810547,-10.347376823425293,1.5773213377816997,2.8,1.2,4.5,3.0,10.0,0.6,0.01,0.06,0.55,0.16,0.2,0.35,1.5,12,10.0,14.0,0.9,1.2,0.6,0.01,0.06,0.65,0.3,0.72,0.005,0.38,0.22,0.01,0.14,1.0,0.28
pid,ground_truth,curvy,400.0,0.05,0.1,1.0,71.14309879392385,99.81166076660156,-20.071027755737305,15.044111611377973,3.6624114644322265,-0.3841945738387094,-0.03760503301440954,0.3841945738387094,0.03760503301440954,0.018542015925049782,0.0014310553669929504,0.8090293407440186,0.0,18.7065230758102,151,145,4.790302753448486,RoadOption.STRAIGHT,99.42973327636719,-9.348533630371094,1.5776161497143715,2.8,1.2,4.5,3.0,10.0,0.6,0.01,0.06,0.55,0.16,0.2,0.35,1.5,12,10.0,14.0,0.9,1.2,0.6,0.01,0.06,0.65,0.3,0.72,0.005,0.38,0.22,0.01,0.14,1.0,0.28
pid,ground_truth,curvy,400.0,0.05,0.1,1.0,71.19309879466891,99.84337615966797,-19.313705444335938,15.235765411009151,3.6457576648010495,-0.4042526887296676,-0.033147167665725785,0.4042526887296676,0.033147167665725785,0.024363890290260315,0.005821874365210533,0.8054360747337341,0.0,18.8815230758102,152,146,5.024052143096924,RoadOption.STRAIGHT,99.42291259765625,-8.348557472229004,1.5776161497143715,2.8,1.2,4.5,3.0,10.0,0.6,0.01,0.06,0.55,0.16,0.2,0.35,1.5,12,10.0,14.0,0.9,1.2,0.6,0.01,0.06,0.65,0.3,0.72,0.005,0.38,0.22,0.01,0.14,1.0,0.28
pid,ground_truth,curvy,400.0,0.05,0.1,1.0,71.24309879541397,99.87030792236328,-18.546735763549805,15.423488971096296,3.6330341047139054,-0.4205711602307952,-0.029022463769410756,0.4205711602307952,0.029022463769410756,0.04767444729804993,0.023310557007789612,0.8136415481567383,0.0,19.0565230758102,152,147,5.247982501983643,RoadOption.STRAIGHT,99.42291259765625,-8.348557472229004,1.5776161497143715,2.8,1.2,4.5,3.0,10.0,0.6,0.01,0.06,0.55,0.16,0.2,0.35,1.5,12,10.0,14.0,0.9,1.2,0.6,0.01,0.06,0.65,0.3,0.72,0.005,0.38,0.22,0.01,0.14,1.0,0.28
pid,ground_truth,curvy,400.0,0.05,0.1,1.0,71.29309879615903,99.89043426513672,-17.770402908325195,15.6046130931158,3.626909982694402,-0.44110500435500194,-0.02111567165102013,0.44110500435500194,0.02111567165102013,0.00016274490917567164,-0.047511702388874255,0.8307726383209229,0.0,19.231523075810202,153,147,4.476566791534424,RoadOption.STRAIGHT,99.41609191894531,-7.348580360412598,1.5776161497143715,2.8,1.2,4.5,3.0,10.0,0.6,0.01,0.06,0.55,0.16,0.2,0.35,1.5,12,10.0,14.0,0.9,1.2,0.6,0.01,0.06,0.65,0.3,0.72,0.005,0.38,0.22,0.01,0.14,1.0,0.28
pid,ground_truth,curvy,400.0,0.05,0.1,1.0,71.34309879690409,99.906982421875,-16.984689712524414,15.793321220414837,3.6132018553953653,-0.44973796872752647,-0.016837702833971235,0.44973796872752647,0.016837702833971235,0.006167468149214983,0.006004723240039311,0.8065216541290283,0.0,19.406523075810203,154,148,4.681138515472412,RoadOption.STRAIGHT,99.40927124023438,-6.348603248596191,1.5776161497143715,2.8,1.2,4.5,3.0,10.0,0.6,0.01,0.06,0.55,0.16,0.2,0.35,1.5,12,10.0,14.0,0.9,1.2,0.6,0.01,0.06,0.65,0.3,0.72,0.005,0.38,0.22,0.01,0.14,1.0,0.28
pid,ground_truth,curvy,400.0,0.05,0.1,1.0,71.39309879764915,99.9210205078125,-16.189476013183594,15.981516014556133,3.4629284298883096,-0.45707925958452505,-0.014892663131831796,0.45707925958452505,0.014892663131831796,0.01997634582221508,0.013808877673000097,0.3910786509513855,0.0,19.444444444444443,155,149,4.876201152801514,RoadOption.STRAIGHT,99.40245056152344,-5.348626613616943,1.5776161497143715,2.8,1.2,4.5,3.0,10.0,0.6,0.01,0.06,0.55,0.16,0.2,0.35,1.5,12,10.0,14.0,0.9,1.2,0.6,0.01,0.06,0.65,0.3,0.72,0.005,0.38,0.22,0.01,0.14,1.0,0.28
pid,ground_truth,curvy,400.0,0.05,0.1,1.0,71.4430987983942,99.93098449707031,-15.385307312011719,16.145023782344573,3.2994206620998696,-0.46158584428308996,-0.012912469703303842,0.46158584428308996,0.012912469703303842,0.048991043120622635,0.029014697298407555,0.3180508017539978,0.0,19.444444444444443,155,150,5.062138080596924,RoadOption.STRAIGHT,99.40245056152344,-5.348626613616943,1.5776161497143715,2.8,1.2,4.5,3.0,10.0,0.6,0.01,0.06,0.55,0.16,0.2,0.35,1.5,12,10.0,14.0,0.9,1.2,0.6,0.01,0.06,0.65,0.3,0.72,0.005,0.38,0.22,0.01,0.14,1.0,0.28
pid,ground_truth,curvy,400.0,0.05,0.1,1.0,71.49309879913926,99.93421936035156,-14.575519561767578,16.219713065319645,3.2247313791247976,-0.4701044751744251,-0.0062572301391954355,0.4701044751744251,0.0062572301391954355,-0.012687652371823788,-0.06167869549244642,0.5503109097480774,0.0,19.444444444444443,156,150,4.257335186004639,RoadOption.STRAIGHT,99.3956298828125,-4.348650932312012,1.5776161497143715,2.8,1.2,4.5,3.0,10.0,0.6,0.01,0.06,0.55,0.16,0.2,0.35,1.5,12,10.0,14.0,0.9,1.2,0.6,0.01,0.06,0.65,0.3,0.72,0.005,0.38,0.22,0.01,0.14,1.0,0.28
pid,ground_truth,curvy,400.0,0.05,0.1,1.0,71.54309879988432,99.93495178222656,-13.763912200927734,16.239179086543626,3.2052653579008172,-0.47509489049713605,-0.0018755311976885736,0.47509489049713605,0.0018755311976885736,-0.0029416701290756464,0.009745982242748141,0.7006534934043884,0.0,19.444444444444443,157,151,4.444189071655273,RoadOption.STRAIGHT,99.38880920410156,-3.3486738204956055,1.5776161497143715,2.8,1.2,4.5,3.0,10.0,0.6,0.01,0.06,0.55,0.16,0.2,0.35,1.5,12,10.0,14.0,0.9,1.2,0.6,0.01,0.06,0.65,0.3,0.72,0.005,0.38,0.22,0.01,0.14,1.0,0.28
pid,ground_truth,curvy,400.0,0.05,0.1,1.0,71.59309880062938,99.93462371826172,-12.951416015625,16.262281089843228,3.182163354601215,-0.4803087839534978,-7.536745884895169e-05,0.4803087839534978,7.536745884895169e-05,0.016723066568374634,0.01966473669745028,0.6853903532028198,0.0,19.444444444444443,158,152,4.631215572357178,RoadOption.STRAIGHT,99.38198852539062,-2.348696708679199,1.5776161497143715,2.8,1.2,4.5,3.0,10.0,0.6,0.01,0.06,0.55,0.16,0.2,0.35,1.5,12,10.0,14.0,0.9,1.2,0.6,0.01,0.06,0.65,0.3,0.72,0.005,0.38,0.22,0.01,0.14,1.0,0.28
pid,ground_truth,curvy,400.0,0.05,0.1,1.0,71.64309880137444,99.93102264404297,-12.137054443359375,16.307723075877952,3.1367213685664908,-0.48226245827579695,0.002064748793138449,0.48226245827579695,0.002064748793138449,0.010011279955506325,-0.006711786612868309,0.6128411293029785,0.0,19.444444444444443,159,153,4.816081523895264,RoadOption.STRAIGHT,99.37516784667969,-1.3487194776535034,1.5776161497143715,2.8,1.2,4.5,3.0,10.0,0.6,0.01,0.06,0.55,0.16,0.2,0.35,1.5,12,10.0,14.0,0.9,1.2,0.6,0.01,0.06,0.65,0.3,0.72,0.005,0.38,0.22,0.01,0.14,1.0,0.28
pid,ground_truth,curvy,400.0,0.05,0.1,1.0,71.6930988021195,99.92439270019531,-11.320075035095215,16.361801413974074,3.0826430304703685,-0.4812051864448076,0.004717390396911991,0.4812051864448076,0.004717390396911991,0.0017459437949582934,-0.008265336160548031,0.5767621397972107,0.0,19.444444444444443,160,154,4.998088359832764,RoadOption.STRAIGHT,99.36834716796875,-0.34874236583709717,1.5776161497143715,2.8,1.2,4.5,3.0,10.0,0.6,0.01,0.06,0.55,0.16,0.2,0.35,1.5,12,10.0,14.0,0.9,1.2,0.6,0.01,0.06,0.65,0.3,0.72,0.005,0.38,0.22,0.01,0.14,1.0,0.28
pid,ground_truth,curvy,400.0,0.05,0.1,1.0,71.74309880286455,99.91604614257812,-10.500570297241211,16.409333669485893,3.03511077495855,-0.4784485661830069,0.006732870709884153,0.4784485661830069,0.006732870709884153,0.038636576384305954,0.03689063258934766,0.5846340656280518,0.0,19.444444444444443,160,155,5.177480697631836,RoadOption.STRAIGHT,99.36834716796875,-0.34874236583709717,1.5776161497143715,2.8,1.2,4.5,3.0,10.0,0.6,0.01,0.06,0.55,0.16,0.2,0.35,1.5,12,10.0,14.0,0.9,1.2,0.6,0.01,0.06,0.65,0.3,0.72,0.005,0.38,0.22,0.01,0.14,1.0,0.28
pid,ground_truth,curvy,400.0,0.05,0.1,1.0,71.79309880360961,99.90348052978516,-9.6791410446167,16.444688456211384,2.9997559882330584,-0.47148520422117324,0.010671153329893102,0.47148520422117324,0.010671153329893102,-0.015953002497553825,-0.05458957888185978,0.6109529137611389,0.0,19.444444444444443,161,155,4.359402656555176,RoadOption.STRAIGHT,99.36153411865234,0.6512347459793091,1.5776161497143715,2.8,1.2,4.5,3.0,10.0,0.6,0.01,0.06,0.55,0.16,0.2,0.35,1.5,12,10.0,14.0,0.9,1.2,0.6,0.01,0.06,0.65,0.3,0.72,0.005,0.38,0.22,0.01,0.14,1.0,0.28
pid,ground_truth,curvy,400.0,0.05,0.1,1.0,71.84309880435467,99.88976287841797,-8.855951309204102,16.481234344254926,2.9632101001895172,-0.46338275245347327,0.013211276377610659,0.46338275245347327,0.013211276377610659,-0.008649121038615704,0.007303881458938122,0.5995777249336243,0.0,19.444444444444443,162,156,4.534305572509766,RoadOption.STRAIGHT,99.3547134399414,1.6512118577957153,1.5776161497143715,2.8,1.2,4.5,3.0,10.0,0.6,0.01,0.06,0.55,0.16,0.2,0.35,1.5,12,10.0,14.0,0.9,1.2,0.6,0.01,0.06,0.65,0.3,0.72,0.005,0.38,0.22,0.01,0.14,1.0,0.28
pid,ground_truth,curvy,400.0,0.05,0.1,1.0,71.89309880509973,99.87639617919922,-8.030858993530273,16.51930736275648,2.9251370816879643,-0.45564421007698575,0.013268268024938301,0.45564421007698575,0.013268268024938301,0.009836644865572453,0.018485765904188156,0.5869256854057312,0.0,19.444444444444443,163,157,4.707504749298096,RoadOption.STRAIGHT,99.34789276123047,2.651188850402832,1.5776161497143715,2.8,1.2,4.5,3.0,10.0,0.6,0.01,0.06,0.55,0.16,0.2,0.35,1.5,12,10.0,14.0,0.9,1.2,0.6,0.01,0.06,0.65,0.3,0.72,0.005,0.38,0.22,0.01,0.14,1.0,0.28
pid,ground_truth,curvy,400.0,0.05,0.1,1.0,71.94309880584478,99.86133575439453,-7.203971862792969,16.554389418533205,2.890055025911238,-0.4462242217280071,0.013689313793279645,0.4462242217280071,0.013689313793279645,0.0048757377080619335,-0.004960907157510519,0.5875823497772217,0.0,19.444444444444443,164,158,4.878880500793457,RoadOption.STRAIGHT,99.34107208251953,3.6511659622192383,1.5776161497143715,2.8,1.2,4.5,3.0,10.0,0.6,0.01,0.06,0.55,0.16,0.2,0.35,1.5,12,10.0,14.0,0.9,1.2,0.6,0.01,0.06,0.65,0.3,0.72,0.005,0.38,0.22,0.01,0.14,1.0,0.28
pid,ground_truth,curvy,400.0,0.05,0.1,1.0,71.99309880658984,99.84466552734375,-6.375442981719971,16.58685438818159,2.857590056262854,-0.435205664115525,0.014716095551559949,0.435205664115525,0.014716095551559949,0.030335986986756325,0.02546024927869439,0.5877678990364075,0.0,19.444444444444443,164,159,5.0486016273498535,RoadOption.STRAIGHT,99.34107208251953,3.6511659622192383,1.5776161497143715,2.8,1.2,4.5,3.0,10.0,0.6,0.01,0.06,0.55,0.16,0.2,0.35,1.5,12,10.0,14.0,0.9,1.2,0.6,0.01,0.06,0.65,0.3,0.72,0.005,0.38,0.22,0.01,0.14,1.0,0.28
pid,ground_truth,curvy,400.0,0.05,0.1,1.0,72.0430988073349,99.82477569580078,-5.54551362991333,16.61469152249976,2.8297529219446815,-0.42097622244954563,0.017786320814257905,0.42097622244954563,0.017786320814257905,-0.02242259681224823,-0.052758583799004555,0.5946016907691956,0.0,19.444444444444443,165,159,4.220809459686279,RoadOption.STRAIGHT,99.3342514038086,4.651139259338379,1.5776161497143715,2.8,1.2,4.5,3.0,10.0,0.6,0.01,0.06,0.55,0.16,0.2,0.35,1.5,12,10.0,14.0,0.9,1.2,0.6,0.01,0.06,0.65,0.3,0.72,0.005,0.38,0.22,0.01,0.14,1.0,0.28
pid,ground_truth,curvy,400.0,0.05,0.1,1.0,72.09309880807996,99.8050765991211,-4.714196681976318,16.642358627583878,2.802085816860565,-0.40694788043211366,0.019060643395860666,0.40694788043211366,0.019060643395860666,-0.010442405939102173,0.011980190873146057,0.5889909863471985,0.0,19.444444444444443,166,160,4.387246131896973,RoadOption.STRAIGHT,99.32743072509766,5.651116371154785,1.5776161497143715,2.8,1.2,4.5,3.0,10.0,0.6,0.01,0.06,0.55,0.16,0.2,0.35,1.5,12,10.0,14.0,0.9,1.2,0.6,0.01,0.06,0.65,0.3,0.72,0.005,0.38,0.22,0.01,0.14,1.0,0.28
pid,ground_truth,curvy,400.0,0.05,0.1,1.0,72.14309880882502,99.78652954101562,-3.881409168243408,16.671540536949042,2.772903907495401,-0.39407394990182393,0.018021611096566303,0.39407394990182393,0.018021611096566303,0.007921398617327213,0.018363804556429386,0.5783295035362244,0.0,19.444444444444443,167,161,4.552525043487549,RoadOption.STRAIGHT,99.32061004638672,6.651093482971191,1.5776161497143715,2.8,1.2,4.5,3.0,10.0,0.6,0.01,0.06,0.55,0.16,0.2,0.35,1.5,12,10.0,14.0,0.9,1.2,0.6,0.01,0.06,0.65,0.3,0.72,0.005,0.38,0.22,0.01,0.14,1.0,0.28
pid,ground_truth,curvy,400.0,0.05,0.1,1.0,72.19309880957007,99.7669906616211,-3.047250986099243,16.69829388043277,2.7461505640116712,-0.38022519800767507,0.017612416395075492,0.38022519800767507,0.017612416395075492,0.0018503755563870072,-0.006071023060940206,0.5792437791824341,0.0,19.444444444444443,168,162,4.716516971588135,RoadOption.STRAIGHT,99.31378936767578,7.651070594787598,1.5776161497143715,2.8,1.2,4.5,3.0,10.0,0.6,0.01,0.06,0.55,0.16,0.2,0.35,1.5,12,10.0,14.0,0.9,1.2,0.6,0.01,0.06,0.65,0.3,0.72,0.005,0.38,0.22,0.01,0.14,1.0,0.28
pid,ground_truth,curvy,400.0,0.05,0.1,1.0,72.24309881031513,99.74659729003906,-2.2118444442749023,16.72281516836436,2.7216292760800833,-0.3655304881361026,0.01786528354057859,0.3655304881361026,0.01786528354057859,-0.004864462651312351,-0.0067148382076993585,0.5800988078117371,0.0,19.444444444444443,169,163,4.879350662231445,RoadOption.STRAIGHT,99.30697631835938,8.651047706604004,1.5776161497143715,2.8,1.2,4.5,3.0,10.0,0.6,0.01,0.06,0.55,0.16,0.2,0.35,1.5,12,10.0,14.0,0.9,1.2,0.6,0.01,0.06,0.65,0.3,0.72,0.005,0.38,0.22,0.01,0.14,1.0,0.28
pid,ground_truth,curvy,400.0,0.05,0.1,1.0,72.29309881106019,99.72642517089844,-1.375262975692749,16.745562404483156,2.698882039961287,-0.35106503747807194,0.01770203176575702,0.35106503747807194,0.01770203176575702,0.024100862443447113,0.028965325094759464,0.5800617933273315,0.0,19.444444444444443,169,164,5.041179656982422,RoadOption.STRAIGHT,99.30697631835938,8.651047706604004,1.5776161497143715,2.8,1.2,4.5,3.0,10.0,0.6,0.01,0.06,0.55,0.16,0.2,0.35,1.5,12,10.0,14.0,0.9,1.2,0.6,0.01,0.06,0.65,0.3,0.72,0.005,0.38,0.22,0.01,0.14,1.0,0.28
pid,ground_truth,curvy,400.0,0.05,0.1,1.0,72.34309881180525,99.70430755615234,-0.5376843214035034,16.765527890020213,2.67891655442423,-0.33466003089985763,0.019235879395587574,0.33466003089985763,0.019235879395587574,-0.018270032480359077,-0.04237089492380619,0.5834583044052124,0.0,19.444444444444443,170,164,4.204570293426514,RoadOption.STRAIGHT,99.30015563964844,9.65102481842041,1.5776161497143715,2.8,1.2,4.5,3.0,10.0,0.6,0.01,0.06,0.55,0.16,0.2,0.35,1.5,12,10.0,14.0,0.9,1.2,0.6,0.01,0.06,0.65,0.3,0.72,0.005,0.38,0.22,0.01,0.14,1.0,0.28
pid,ground_truth,curvy,400.0,0.05,0.1,1.0,72.3930988125503,99.68267059326172,0.3009037673473358,16.785495106954265,2.658949337490178,-0.3187434812601207,0.019705794169932567,0.3187434812601207,0.019705794169932567,-0.011107049882411957,0.007162982597947121,0.5790606737136841,0.0,19.444444444444443,171,165,4.364166259765625,RoadOption.STRAIGHT,99.2933349609375,10.651001930236816,1.5776161497143715,2.8,1.2,4.5,3.0,10.0,0.6,0.01,0.06,0.55,0.16,0.2,0.35,1.5,12,10.0,14.0,0.9,1.2,0.6,0.01,0.06,0.65,0.3,0.72,0.005,0.38,0.22,0.01,0.14,1.0,0.28
pid,ground_truth,curvy,400.0,0.05,0.1,1.0,72.44309881329536,99.66255950927734,1.1405590772628784,16.806183971368924,2.638260473075519,-0.3043600272300515,0.018335997263250192,0.3043600272300515,0.018335997263250192,0.004140244796872139,0.015247294679284096,0.5724884867668152,0.0,19.444444444444443,172,166,4.5229902267456055,RoadOption.STRAIGHT,99.28651428222656,11.650979042053223,1.5776161497143715,2.8,1.2,4.5,3.0,10.0,0.6,0.01,0.06,0.55,0.16,0.2,0.35,1.5,12,10.0,14.0,0.9,1.2,0.6,0.01,0.06,0.65,0.3,0.72,0.005,0.38,0.22,0.01,0.14,1.0,0.28
pid,ground_truth,curvy,400.0,0.05,0.1,1.0,72.49309881404042,99.6422119140625,1.9812043905258179,16.825386302911443,2.6190581415329994,-0.2897468190647417,0.017425329328497163,0.2897468190647417,0.017425329328497163,0.00027859723195433617,-0.003861647564917803,0.5724262595176697,0.0,19.444444444444443,173,167,4.680950164794922,RoadOption.STRAIGHT,99.27969360351562,12.650954246520996,1.5776161497143715,2.8,1.2,4.5,3.0,10.0,0.6,0.01,0.06,0.55,0.16,0.2,0.35,1.5,12,10.0,14.0,0.9,1.2,0.6,0.01,0.06,0.65,0.3,0.72,0.005,0.38,0.22,0.01,0.14,1.0,0.28
pid,ground_truth,curvy,400.0,0.05,0.1,1.0,72.54309881478548,99.62165069580078,2.822751045227051,16.842870407837996,2.601574036606447,-0.2749261397616897,0.017118000538702383,0.2749261397616897,0.017118000538702383,-0.005087874364107847,-0.005366471596062183,0.573390781879425,0.0,19.444444444444443,174,168,4.838124752044678,RoadOption.STRAIGHT,99.27287292480469,13.650931358337402,1.5776161497143715,2.8,1.2,4.5,3.0,10.0,0.6,0.01,0.06,0.55,0.16,0.2,0.35,1.5,12,10.0,14.0,0.9,1.2,0.6,0.01,0.06,0.65,0.3,0.72,0.005,0.38,0.22,0.01,0.14,1.0,0.28
pid,ground_truth,curvy,400.0,0.05,0.1,1.0,72.59309881553054,99.6016616821289,3.6651430130004883,16.85902246493665,2.5854219795077924,-0.260675787365586,0.016560334606439575,0.260675787365586,0.016560334606439575,-0.003183033550158143,0.0019048408139497042,0.5735670924186707,0.0,19.444444444444443,175,169,4.994606018066406,RoadOption.STRAIGHT,99.26605224609375,14.650908470153809,1.5776161497143715,2.8,1.2,4.5,3.0,10.0,0.6,0.01,0.06,0.55,0.16,0.2,0.35,1.5,12,10.0,14.0,0.9,1.2,0.6,0.01,0.06,0.65,0.3,0.72,0.005,0.38,0.22,0.01,0.14,1.0,0.28
pid,ground_truth,curvy,400.0,0.05,0.1,1.0,72.6430988162756,99.58228302001953,4.508336067199707,16.874495675147077,2.5699487692973655,-0.24704886478064447,0.01578215893591839,0.24704886478064447,0.01578215893591839,0.016888568177819252,0.020071601727977395,0.5720637440681458,0.0,19.444444444444443,175,170,5.150422096252441,RoadOption.STRAIGHT,99.26605224609375,14.650908470153809,1.5776161497143715,2.8,1.2,4.5,3.0,10.0,0.6,0.01,0.06,0.55,0.16,0.2,0.35,1.5,12,10.0,14.0,0.9,1.2,0.6,0.01,0.06,0.65,0.3,0.72,0.005,0.38,0.22,0.01,0.14,1.0,0.28
pid,ground_truth,curvy,400.0,0.05,0.1,1.0,72.69309881702065,99.56171417236328,5.352227210998535,16.888438649175047,2.556005795269396,-0.23223563900277427,0.01651386244541797,0.23223563900277427,0.01651386244541797,-0.014917475171387196,-0.03180604334920645,0.573280930519104,0.0,19.444444444444443,176,170,4.306747913360596,RoadOption.STRAIGHT,99.25923156738281,15.650885581970215,1.5776161497143715,2.8,1.2,4.5,3.0,10.0,0.6,0.01,0.06,0.55,0.16,0.2,0.35,1.5,12,10.0,14.0,0.9,1.2,0.6,0.01,0.06,0.65,0.3,0.72,0.005,0.38,0.22,0.01,0.14,1.0,0.28
pid,ground_truth,curvy,400.0,0.05,0.1,1.0,72.74309881776571,99.54195404052734,6.19681453704834,16.901820380608235,2.5426240638362074,-0.21823676417572604,0.016491358734206596,0.21823676417572604,0.016491358734206596,-0.009366576559841633,0.005550898611545563,0.5719084739685059,0.0,19.444444444444443,177,171,4.461121082305908,RoadOption.STRAIGHT,99.25241088867188,16.650863647460938,1.5776161497143715,2.8,1.2,4.5,3.0,10.0,0.6,0.01,0.06,0.55,0.16,0.2,0.35,1.5,12,10.0,14.0,0.9,1.2,0.6,0.01,0.06,0.65,0.3,0.72,0.005,0.38,0.22,0.01,0.14,1.0,0.28
pid,ground_truth,curvy,400.0,0.05,0.1,1.0,72.79309881851077,99.52366638183594,7.04211950302124,16.915534776550377,2.528909667894066,-0.20571522239024767,0.01511916498254351,0.20571522239024767,0.01511916498254351,0.0022405001800507307,0.011607076739892364,0.5679598450660706,0.0,19.444444444444443,178,172,4.614957332611084,RoadOption.STRAIGHT,99.24559783935547,17.65083885192871,1.5776161497143715,2.8,1.2,4.5,3.0,10.0,0.6,0.01,0.06,0.55,0.16,0.2,0.35,1.5,12,10.0,14.0,0.9,1.2,0.6,0.01,0.06,0.65,0.3,0.72,0.005,0.38,0.22,0.01,0.14,1.0,0.28
pid,ground_truth,curvy,400.0,0.05,0.1,1.0,72.84309881925583,99.50553131103516,7.8880934715271,16.928474813182806,2.515969631261637,-0.19335084039809763,0.014131531692287425,0.19335084039809763,0.014131531692287425,-0.0005517334211617708,-0.0027922336012125015,0.567281186580658,0.0,19.444444444444443,179,173,4.76821231842041,RoadOption.STRAIGHT,99.23877716064453,18.650815963745117,1.5776161497143715,2.8,1.2,4.5,3.0,10.0,0.6,0.01,0.06,0.55,0.16,0.2,0.35,1.5,12,10.0,14.0,0.9,1.2,0.6,0.01,0.06,0.65,0.3,0.72,0.005,0.38,0.22,0.01,0.14,1.0,0.28
pid,ground_truth,curvy,400.0,0.05,0.1,1.0,72.89309882000089,99.48749542236328,8.7346830368042,16.940291483749856,2.5041529606945865,-0.18108982344913027,0.013634718990933159,0.18108982344913027,0.013634718990933159,-0.004532934166491032,-0.003981200745329261,0.5678269863128662,0.0,19.444444444444443,180,174,4.920931339263916,RoadOption.STRAIGHT,99.2319564819336,19.650793075561523,1.5776161497143715,2.8,1.2,4.5,3.0,10.0,0.6,0.01,0.06,0.55,0.16,0.2,0.35,1.5,12,10.0,14.0,0.9,1.2,0.6,0.01,0.06,0.65,0.3,0.72,0.005,0.38,0.22,0.01,0.14,1.0,0.28
pid,ground_truth,curvy,400.0,0.05,0.1,1.0,72.94309882074594,99.47015380859375,9.58184814453125,16.95118687868125,2.4932575657631943,-0.16952699032437704,0.012979048730555665,0.16952699032437704,0.012979048730555665,0.009650463238358498,0.01418339740484953,0.5680095553398132,0.0,19.444444444444443,180,175,5.07316780090332,RoadOption.STRAIGHT,99.2319564819336,19.650793075561523,1.5776161497143715,2.8,1.2,4.5,3.0,10.0,0.6,0.01,0.06,0.55,0.16,0.2,0.35,1.5,12,10.0,14.0,0.9,1.2,0.6,0.01,0.06,0.65,0.3,0.72,0.005,0.38,0.22,0.01,0.14,1.0,0.28
pid,ground_truth,curvy,400.0,0.05,0.1,1.0,72.993098821491,99.45240020751953,10.429526329040527,16.961338965685194,2.4831054787592493,-0.15755477240708696,0.013171994751531635,0.15755477240708696,0.013171994751531635,-0.010643302462995052,-0.02029376570135355,0.5678573846817017,0.0,19.444444444444443,181,175,4.225493431091309,RoadOption.STRAIGHT,99.22513580322266,20.65077018737793,1.5776161497143715,2.8,1.2,4.5,3.0,10.0,0.6,0.01,0.06,0.55,0.16,0.2,0.35,1.5,12,10.0,14.0,0.9,1.2,0.6,0.01,0.06,0.65,0.3,0.72,0.005,0.38,0.22,0.01,0.14,1.0,0.28
pid,ground_truth,curvy,400.0,0.05,0.1,1.0,73.04309882223606,99.43538665771484,11.277708053588867,16.970966150583283,2.4734782938611595,-0.14632692871103692,0.01286706280671801,0.14632692871103692,0.01286706280671801,-0.006717187352478504,0.003926115110516548,0.5672091245651245,0.0,19.444444444444443,182,176,4.3767242431640625,RoadOption.STRAIGHT,99.21831512451172,21.650747299194336,1.5776161497143715,2.8,1.2,4.5,3.0,10.0,0.6,0.01,0.06,0.55,0.16,0.2,0.35,1.5,12,10.0,14.0,0.9,1.2,0.6,0.01,0.06,0.65,0.3,0.72,0.005,0.38,0.22,0.01,0.14,1.0,0.28
pid,ground_truth,curvy,400.0,0.05,0.1,1.0,73.09309882298112,99.4195556640625,12.126399040222168,16.98058807504242,2.4638563694020235,-0.1362850802135804,0.011718175112457985,0.1362850802135804,0.011718175112457985,0.0008363040396943688,0.007553491392172873,0.565106987953186,0.0,19.444444444444443,183,177,4.527551174163818,RoadOption.STRAIGHT,99.21149444580078,22.65072250366211,1.5776161497143715,2.8,1.2,4.5,3.0,10.0,0.6,0.01,0.06,0.55,0.16,0.2,0.35,1.5,12,10.0,14.0,0.9,1.2,0.6,0.01,0.06,0.65,0.3,0.72,0.005,0.38,0.22,0.01,0.14,1.0,0.28
pid,ground_truth,curvy,400.0,0.05,0.1,1.0,73.14309882372618,99.40401458740234,12.975560188293457,16.98971520288029,2.454729241564152,-0.1265287386536239,0.010857308290089573,0.1265287386536239,0.010857308290089573,-0.0010613941121846437,-0.0018976981518790126,0.5644844770431519,0.0,19.444444444444443,184,178,4.677962303161621,RoadOption.STRAIGHT,99.20467376708984,23.650699615478516,1.5776161497143715,2.8,1.2,4.5,3.0,10.0,0.6,0.01,0.06,0.55,0.16,0.2,0.35,1.5,12,10.0,14.0,0.9,1.2,0.6,0.01,0.06,0.65,0.3,0.72,0.005,0.38,0.22,0.01,0.14,1.0,0.28
pid,ground_truth,curvy,400.0,0.05,0.1,1.0,73.19309882447124,99.38872528076172,13.825164794921875,16.99812331053268,2.4463211339117628,-0.11703480175313123,0.010330401868417383,0.11703480175313123,0.010330401868417383,-0.003557866206392646,-0.002496472094208002,0.5646479725837708,0.0,19.444444444444443,185,179,4.8279805183410645,RoadOption.STRAIGHT,99.1978530883789,24.650676727294922,1.5776161497143715,2.8,1.2,4.5,3.0,10.0,0.6,0.01,0.06,0.55,0.16,0.2,0.35,1.5,12,10.0,14.0,0.9,1.2,0.6,0.01,0.06,0.65,0.3,0.72,0.005,0.38,0.22,0.01,0.14,1.0,0.28
pid,ground_truth,curvy,400.0,0.05,0.1,1.0,73.2430988252163,99.37406158447266,14.675177574157715,17.005922106561986,2.438522337882457,-0.10816924429901872,0.009711882705246477,0.10816924429901872,0.009711882705246477,-0.0024570308160036802,0.0011008353903889656,0.5646382570266724,0.0,19.444444444444443,186,180,4.977644920349121,RoadOption.STRAIGHT,99.1910400390625,25.650653839111328,1.5776161497143715,2.8,1.2,4.5,3.0,10.0,0.6,0.01,0.06,0.55,0.16,0.2,0.35,1.5,12,10.0,14.0,0.9,1.2,0.6,0.01,0.06,0.65,0.3,0.72,0.005,0.38,0.22,0.01,0.14,1.0,0.28
pid,ground_truth,curvy,400.0,0.05,0.1,1.0,73.29309882596135,99.3600082397461,15.525582313537598,17.013364052352358,2.4310803920920847,-0.09991669729179325,0.009020659244316498,0.09991669729179325,0.009020659244316498,0.005963210016489029,0.00842024083249271,0.5640002489089966,0.0,19.444444444444443,186,181,5.126962661743164,RoadOption.STRAIGHT,99.1910400390625,25.650653839111328,1.5776161497143715,2.8,1.2,4.5,3.0,10.0,0.6,0.01,0.06,0.55,0.16,0.2,0.35,1.5,12,10.0,14.0,0.9,1.2,0.6,0.01,0.06,0.65,0.3,0.72,0.005,0.38,0.22,0.01,0.14,1.0,0.28
pid,ground_truth,curvy,400.0,0.05,0.1,1.0,73.34309882670641,99.34577178955078,16.3763427734375,17.020353950427346,2.424090494017097,-0.09148256887181878,0.00899855500726865,0.09148256887181878,0.00899855500726865,-0.007223410997539759,-0.013186621014028788,0.5637282133102417,0.0,19.444444444444443,187,181,4.276129722595215,RoadOption.STRAIGHT,99.18421936035156,26.6506290435791,1.5776161497143715,2.8,1.2,4.5,3.0,10.0,0.6,0.01,0.06,0.55,0.16,0.2,0.35,1.5,12,10.0,14.0,0.9,1.2,0.6,0.01,0.06,0.65,0.3,0.72,0.005,0.38,0.22,0.01,0.14,1.0,0.28
pid,ground_truth,curvy,400.0,0.05,0.1,1.0,73.39309882745147,99.33216857910156,17.227447509765625,17.026889757441737,2.4175546870027063,-0.08368491949233443,0.008677644095913983,0.08368491949233443,0.008677644095913983,-0.004677186720073223,0.0025462242774665356,0.5635617971420288,0.0,19.444444444444443,188,182,4.424765110015869,RoadOption.STRAIGHT,99.17739868164062,27.650606155395508,1.5776161497143715,2.8,1.2,4.5,3.0,10.0,0.6,0.01,0.06,0.55,0.16,0.2,0.35,1.5,12,10.0,14.0,0.9,1.2,0.6,0.01,0.06,0.65,0.3,0.72,0.005,0.38,0.22,0.01,0.14,1.0,0.28
pid,ground_truth,curvy,400.0,0.05,0.1,1.0,73.44309882819653,99.31945037841797,18.078887939453125,17.033282692526722,2.411161751917721,-0.07677456165685842,0.007823568334325515,0.07677456165685842,0.007823568334325515,0.0002640627499204129,0.004941249469993636,0.5625553727149963,0.0,19.444444444444443,189,183,4.573109149932861,RoadOption.STRAIGHT,99.17057800292969,28.650583267211914,1.5776161497143715,2.8,1.2,4.5,3.0,10.0,0.6,0.01,0.06,0.55,0.16,0.2,0.35,1.5,12,10.0,14.0,0.9,1.2,0.6,0.01,0.06,0.65,0.3,0.72,0.005,0.38,0.22,0.01,0.14,1.0,0.28
pid,ground_truth,curvy,400.0,0.05,0.1,1.0,73.49309882894158,99.30702209472656,18.930646896362305,17.039369405445342,2.405075038999101,-0.07015627334630753,0.007167764915894104,0.07015627334630753,0.007167764915894104,-0.000918999663554132,-0.0011830624134745449,0.5620737075805664,0.0,19.444444444444443,190,184,4.721162796020508,RoadOption.STRAIGHT,99.16375732421875,29.65056037902832,1.5776161497143715,2.8,1.2,4.5,3.0,10.0,0.6,0.01,0.06,0.55,0.16,0.2,0.35,1.5,12,10.0,14.0,0.9,1.2,0.6,0.01,0.06,0.65,0.3,0.72,0.005,0.38,0.22,0.01,0.14,1.0,0.28
pid,ground_truth,curvy,400.0,0.05,0.1,1.0,73.54309882968664,99.29486083984375,19.782699584960938,17.04502222257947,2.399422221864974,-0.06380701081720139,0.006740727035099425,0.06380701081720139,0.006740727035099425,-0.0024974176194518805,-0.0015784179558977485,0.5620449781417847,0.0,19.444444444444443,191,185,4.86894416809082,RoadOption.STRAIGHT,99.15693664550781,30.650537490844727,1.5776161497143715,2.8,1.2,4.5,3.0,10.0,0.6,0.01,0.06,0.55,0.16,0.2,0.35,1.5,12,10.0,14.0,0.9,1.2,0.6,0.01,0.06,0.65,0.3,0.72,0.005,0.38,0.22,0.01,0.14,1.0,0.28
pid,ground_truth,curvy,400.0,0.05,0.1,1.0,73.5930988304317,99.28318786621094,20.635028839111328,17.05029503316004,2.3941494112844026,-0.05794027507952011,0.006267350151337947,0.05794027507952011,0.006267350151337947,0.0026007655542343855,0.005098183173686266,0.5619490146636963,0.0,19.444444444444443,191,186,5.016471862792969,RoadOption.STRAIGHT,99.15693664550781,30.650537490844727,1.5776161497143715,2.8,1.2,4.5,3.0,10.0,0.6,0.01,0.06,0.55,0.16,0.2,0.35,1.5,12,10.0,14.0,0.9,1.2,0.6,0.01,0.06,0.65,0.3,0.72,0.005,0.38,0.22,0.01,0.14,1.0,0.28
pid,ground_truth,curvy,400.0,0.05,0.1,1.0,73.64309883117676,99.2716064453125,21.48761749267578,17.055298973555605,2.389145470888838,-0.052173582074381566,0.006101168899316889,0.052173582074381566,0.006101168899316889,-0.004382983315736055,-0.006983748869970441,0.5616009831428528,0.0,19.444444444444443,192,186,4.163816452026367,RoadOption.STRAIGHT,99.15011596679688,31.650514602661133,1.5776161497143715,2.8,1.2,4.5,3.0,10.0,0.6,0.01,0.06,0.55,0.16,0.2,0.35,1.5,12,10.0,14.0,0.9,1.2,0.6,0.01,0.06,0.65,0.3,0.72,0.005,0.38,0.22,0.01,0.14,1.0,0.28
pid,ground_truth,curvy,400.0,0.05,0.1,1.0,73.69309883192182,99.260498046875,22.34044647216797,17.060001850827188,2.384442593617255,-0.04688245863958289,0.005776396404382211,0.04688245863958289,0.005776396404382211,-0.002873792080208659,0.0015091912355273962,0.5614092946052551,0.0,19.444444444444443,193,187,4.310857772827148,RoadOption.STRAIGHT,99.14329528808594,32.650489807128906,1.5776161497143715,2.8,1.2,4.5,3.0,10.0,0.6,0.01,0.06,0.55,0.16,0.2,0.35,1.5,12,10.0,14.0,0.9,1.2,0.6,0.01,0.06,0.65,0.3,0.72,0.005,0.38,0.22,0.01,0.14,1.0,0.28
pid,ground_truth,curvy,400.0,0.05,0.1,1.0,73.74309883266687,99.24996948242188,23.193517684936523,17.06452505868503,2.379919385759411,-0.04217279467274191,0.005180514110476597,0.04217279467274191,0.005180514110476597,-0.0002074413059744984,0.0026663507742341608,0.5609172582626343,0.0,19.444444444444443,194,188,4.457679748535156,RoadOption.STRAIGHT,99.136474609375,33.65046691894531,1.5776161497143715,2.8,1.2,4.5,3.0,10.0,0.6,0.01,0.06,0.55,0.16,0.2,0.35,1.5,12,10.0,14.0,0.9,1.2,0.6,0.01,0.06,0.65,0.3,0.72,0.005,0.38,0.22,0.01,0.14,1.0,0.28
pid,ground_truth,curvy,400.0,0.05,0.1,1.0,73.79309883341193,99.23970794677734,24.04681396484375,17.068812872587543,2.3756315718569,-0.037731688210898465,0.0047086019653148625,0.037731688210898465,0.0047086019653148625,-0.000855859718285501,-0.0006484184123110026,0.5606330633163452,0.0,19.444444444444443,195,189,4.6042890548706055,RoadOption.STRAIGHT,99.1296615600586,34.65044403076172,1.5776161497143715,2.8,1.2,4.5,3.0,10.0,0.6,0.01,0.06,0.55,0.16,0.2,0.35,1.5,12,10.0,14.0,0.9,1.2,0.6,0.01,0.06,0.65,0.3,0.72,0.005,0.38,0.22,0.01,0.14,1.0,0.28
pid,ground_truth,curvy,400.0,0.05,0.1,1.0,73.84309883415699,99.22968292236328,24.900314331054688,17.072831021795114,2.371613422649329,-0.03352847930114084,0.004369581558547608,0.03352847930114084,0.004369581558547608,-0.0016660616965964437,-0.0008102019783109426,0.560504138469696,0.0,19.444444444444443,196,190,4.750704288482666,RoadOption.STRAIGHT,99.12284088134766,35.650421142578125,1.5776161497143715,2.8,1.2,4.5,3.0,10.0,0.6,0.01,0.06,0.55,0.16,0.2,0.35,1.5,12,10.0,14.0,0.9,1.2,0.6,0.01,0.06,0.65,0.3,0.72,0.005,0.38,0.22,0.01,0.14,1.0,0.28
pid,ground_truth,curvy,400.0,0.05,0.1,1.0,73.89309883490205,99.22001647949219,25.754013061523438,17.076602283454324,2.3678421609901186,-0.029685196394198594,0.004012052182204684,0.029685196394198594,0.004012052182204684,-0.0012112818658351898,0.00045477983076125383,0.5603657364845276,0.0,19.444444444444443,197,191,4.896931171417236,RoadOption.STRAIGHT,99.11602020263672,36.650394439697266,1.5776161497143715,2.8,1.2,4.5,3.0,10.0,0.6,0.01,0.06,0.55,0.16,0.2,0.35,1.5,12,10.0,14.0,0.9,1.2,0.6,0.01,0.06,0.65,0.3,0.72,0.005,0.38,0.22,0.01,0.14,1.0,0.28
pid,ground_truth,curvy,400.0,0.05,0.1,1.0,73.9430988356471,99.21070098876953,26.60790252685547,17.080176470340792,2.364267974103651,-0.026194158242244935,0.003645601216209826,0.026194158242244935,0.003645601216209826,0.0011531233321875334,0.002364405198022723,0.5601312518119812,0.0,19.444444444444443,197,192,5.042976379394531,RoadOption.STRAIGHT,99.11602020263672,36.650394439697266,1.5776161497143715,2.8,1.2,4.5,3.0,10.0,0.6,0.01,0.06,0.55,0.16,0.2,0.35,1.5,12,10.0,14.0,0.9,1.2,0.6,0.01,0.06,0.65,0.3,0.72,0.005,0.38,0.22,0.01,0.14,1.0,0.28
pid,ground_truth,curvy,400.0,0.05,0.1,1.0,73.99309883639216,99.20146942138672,27.461965560913086,17.08356578157012,2.360878662874324,-0.022787319043054116,0.0034803520705701807,0.022787319043054116,0.0034803520705701807,-0.0024670367129147053,-0.0036201600451022387,0.5599032640457153,0.0,19.444444444444443,198,192,4.188864231109619,RoadOption.STRAIGHT,99.10919952392578,37.65037155151367,1.5776161497143715,2.8,1.2,4.5,3.0,10.0,0.6,0.01,0.06,0.55,0.16,0.2,0.35,1.5,12,10.0,14.0,0.9,1.2,0.6,0.01,0.06,0.65,0.3,0.72,0.005,0.38,0.22,0.01,0.14,1.0,0.28
pid,ground_truth,curvy,400.0,0.05,0.1,1.0,74.04309883713722,99.19256591796875,28.316190719604492,17.086747498503907,2.3576969459405355,-0.019710560974262374,0.0032434638916072345,0.019710560974262374,0.0032434638916072345,-0.001666163094341755,0.0008008736185729504,0.5597845315933228,0.0,19.444444444444443,199,193,4.3345794677734375,RoadOption.STRAIGHT,99.10237884521484,38.65034866333008,1.5776161497143715,2.8,1.2,4.5,3.0,10.0,0.6,0.01,0.06,0.55,0.16,0.2,0.35,1.5,12,10.0,14.0,0.9,1.2,0.6,0.01,0.06,0.65,0.3,0.72,0.005,0.38,0.22,0.01,0.14,1.0,0.28
pid,ground_truth,curvy,400.0,0.05,0.1,1.0,74.09309883788228,99.18404388427734,29.170576095581055,17.08977515637691,2.3546692880675337,-0.017016343398356396,0.002873950290358973,0.017016343398356396,0.002873950290358973,-0.0002507833414711058,0.001415379752870649,0.5595498085021973,0.0,19.444444444444443,200,194,4.4801435470581055,RoadOption.STRAIGHT,99.0955581665039,39.650325775146484,1.5776161497143715,2.8,1.2,4.5,3.0,10.0,0.6,0.01,0.06,0.55,0.16,0.2,0.35,1.5,12,10.0,14.0,0.9,1.2,0.6,0.01,0.06,0.65,0.3,0.72,0.005,0.38,0.22,0.01,0.14,1.0,0.28
pid,ground_truth,curvy,400.0,0.05,0.1,1.0,74.14309883862734,99.17569732666016,30.025108337402344,17.092646768547247,2.3517976758971955,-0.014490970190169712,0.00257674151270626,0.014490970190169712,0.00257674151270626,-0.0005870882305316627,-0.0003363048890605569,0.5593549609184265,0.0,19.444444444444443,201,195,4.625565052032471,RoadOption.STRAIGHT,99.08873748779297,40.65030288696289,1.5776161497143715,2.8,1.2,4.5,3.0,10.0,0.6,0.01,0.06,0.55,0.16,0.2,0.35,1.5,12,10.0,14.0,0.9,1.2,0.6,0.01,0.06,0.65,0.3,0.72,0.005,0.38,0.22,0.01,0.14,1.0,0.28
pid,ground_truth,curvy,400.0,0.05,0.1,1.0,74.1930988393724,99.16754913330078,30.879783630371094,17.095347916967306,2.349096527477137,-0.012172561419896283,0.00235370177141192,0.012172561419896283,0.00235370177141192,-0.0009643053053878248,-0.00037721707485616207,0.5592380166053772,0.0,19.444444444444443,202,196,4.770847320556641,RoadOption.STRAIGHT,99.08191680908203,41.6502799987793,1.5776161497143715,2.8,1.2,4.5,3.0,10.0,0.6,0.01,0.06,0.55,0.16,0.2,0.35,1.5,12,10.0,14.0,0.9,1.2,0.6,0.01,0.06,0.65,0.3,0.72,0.005,0.38,0.22,0.01,0.14,1.0,0.28
pid,ground_truth,curvy,400.0,0.05,0.1,1.0,74.24309884011745,99.15960693359375,31.73459243774414,17.097885945943865,2.3465584985005776,-0.010061078064498824,0.002127998869028147,0.010061078064498824,0.002127998869028147,-0.0007454284350387752,0.00021887687034904957,0.5591363906860352,0.0,19.444444444444443,203,197,4.9159955978393555,RoadOption.STRAIGHT,99.07510375976562,42.6502571105957,1.5776161497143715,2.8,1.2,4.5,3.0,10.0,0.6,0.01,0.06,0.55,0.16,0.2,0.35,1.5,12,10.0,14.0,0.9,1.2,0.6,0.01,0.06,0.65,0.3,0.72,0.005,0.38,0.22,0.01,0.14,1.0,0.28
pid,ground_truth,curvy,400.0,0.05,0.1,1.0,74.29309884086251,99.15189361572266,32.58952331542969,17.10029255303614,2.344151891408302,-0.008179277698517715,0.0019012307022077124,0.008179277698517715,0.0019012307022077124,0.00010934859164990485,0.00085477702668868,0.5589749217033386,0.0,19.444444444444443,203,198,5.061028957366943,RoadOption.STRAIGHT,99.07510375976562,42.6502571105957,1.5776161497143715,2.8,1.2,4.5,3.0,10.0,0.6,0.01,0.06,0.55,0.16,0.2,0.35,1.5,12,10.0,14.0,0.9,1.2,0.6,0.01,0.06,0.65,0.3,0.72,0.005,0.38,0.22,0.01,0.14,1.0,0.28
pid,ground_truth,curvy,400.0,0.05,0.1,1.0,74.34309884160757,99.14430236816406,33.444576263427734,17.10257222994157,2.3418722145028745,-0.006419471163516169,0.001752093681163025,0.006419471163516169,0.001752093681163025,-0.001075873151421547,-0.0011852217430714518,0.5588287711143494,0.0,19.444444444444443,204,198,4.205942153930664,RoadOption.STRAIGHT,99.06828308105469,43.65023422241211,1.5776161497143715,2.8,1.2,4.5,3.0,10.0,0.6,0.01,0.06,0.55,0.16,0.2,0.35,1.5,12,10.0,14.0,0.9,1.2,0.6,0.01,0.06,0.65,0.3,0.72,0.005,0.38,0.22,0.01,0.14,1.0,0.28
pid,ground_truth,curvy,400.0,0.05,0.1,1.0,74.39309884235263,99.13690185546875,34.29973220825195,17.10472093205803,2.3397235123864135,-0.0048520036051951446,0.0015884424321779278,0.0048520036051951446,0.0015884424321779278,-0.0007830846589058638,0.0002927884925156832,0.5587227940559387,0.0,19.444444444444443,205,199,4.3507537841796875,RoadOption.STRAIGHT,99.06146240234375,44.65020751953125,1.5776161497143715,2.8,1.2,4.5,3.0,10.0,0.6,0.01,0.06,0.55,0.16,0.2,0.35,1.5,12,10.0,14.0,0.9,1.2,0.6,0.01,0.06,0.65,0.3,0.72,0.005,0.38,0.22,0.01,0.14,1.0,0.28
pid,ground_truth,curvy,400.0,0.05,0.1,1.0,74.44309884309769,99.12969207763672,35.15500259399414,17.106752663196087,2.337691781248356,-0.0034760469353801587,0.0013889716665307361,0.0034760469353801587,0.0013889716665307361,-0.00029444508254528046,0.0004886395763605833,0.5586033463478088,0.0,19.444444444444443,206,200,4.495453357696533,RoadOption.STRAIGHT,99.05464172363281,45.650184631347656,1.5776161497143715,2.8,1.2,4.5,3.0,10.0,0.6,0.01,0.06,0.55,0.16,0.2,0.35,1.5,12,10.0,14.0,0.9,1.2,0.6,0.01,0.06,0.65,0.3,0.72,0.005,0.38,0.22,0.01,0.14,1.0,0.28
pid,ground_truth,curvy,400.0,0.05,0.1,1.0,74.49309884384274,99.12262725830078,36.01036834716797,17.108675555688805,2.335768888755638,-0.0022456957746177716,0.0012206598856376871,0.0022456957746177716,0.0012206598856376871,-0.0003637039626482874,-6.925888010300696e-05,0.5584850311279297,0.0,19.444444444444443,207,201,4.640058517456055,RoadOption.STRAIGHT,99.04782104492188,46.65016174316406,1.5776161497143715,2.8,1.2,4.5,3.0,10.0,0.6,0.01,0.06,0.55,0.16,0.2,0.35,1.5,12,10.0,14.0,0.9,1.2,0.6,0.01,0.06,0.65,0.3,0.72,0.005,0.38,0.22,0.01,0.14,1.0,0.28
pid,ground_truth,curvy,400.0,0.05,0.1,1.0,74.5430988445878,99.11568450927734,36.86582565307617,17.11049157289678,2.3339528715476625,-0.0011380364562185094,0.001085504460316411,0.0011380364562185094,0.001085504460316411,-0.00048318327753804624,-0.00011947931488975883,0.5583847761154175,0.0,19.444444444444443,208,202,4.784574031829834,RoadOption.STRAIGHT,99.04100036621094,47.65013885498047,1.5776161497143715,2.8,1.2,4.5,3.0,10.0,0.6,0.01,0.06,0.55,0.16,0.2,0.35,1.5,12,10.0,14.0,0.9,1.2,0.6,0.01,0.06,0.65,0.3,0.72,0.005,0.38,0.22,0.01,0.14,1.0,0.28
pid,ground_truth,curvy,400.0,0.05,0.1,1.0,74.59309884533286,99.1088638305664,37.72137451171875,17.112205851370003,2.3322385930744396,-0.000145439763071957,0.0009562079893932207,0.000145439763071957,0.0009562079893932207,-0.00039472090429626405,8.846237324178219e-05,0.5582925081253052,0.0,19.444444444444443,209,203,4.928998947143555,RoadOption.STRAIGHT,99.0341796875,48.650115966796875,1.5776161497143715,2.8,1.2,4.5,3.0,10.0,0.6,0.01,0.06,0.55,0.16,0.2,0.35,1.5,12,10.0,14.0,0.9,1.2,0.6,0.01,0.06,0.65,0.3,0.72,0.005,0.38,0.22,0.01,0.14,1.0,0.28
pid,ground_truth,curvy,400.0,0.05,0.1,1.0,74.64309884607792,99.1021728515625,38.57700729370117,17.11382511944035,2.3306193250040934,0.0007092586842069731,0.0008322378406497855,0.0007092586842069731,0.0008322378406497855,-0.0003466454509180039,4.8075453378260136e-05,0.55820232629776,0.0,19.444444444444443,209,204,5.07334041595459,RoadOption.STRAIGHT,99.0341796875,48.650115966796875,1.5776161497143715,2.8,1.2,4.5,3.0,10.0,0.6,0.01,0.06,0.55,0.16,0.2,0.35,1.5,12,10.0,14.0,0.9,1.2,0.6,0.01,0.06,0.65,0.3,0.72,0.005,0.38,0.22,0.01,0.14,1.0,0.28
pid,ground_truth,curvy,400.0,0.05,0.1,1.0,74.69309884682298,99.0955810546875,39.432716369628906,17.115354819551918,2.329089624892525,0.0014651631361357817,0.0007182545459945011,0.0014651631361357817,0.0007182545459945011,-0.0003167687973473221,2.987665357068181e-05,0.5581165552139282,0.0,19.444444444444443,210,204,4.217606544494629,RoadOption.STRAIGHT,99.0273666381836,49.65009307861328,1.5776161497143715,2.8,1.2,4.5,3.0,10.0,0.6,0.01,0.06,0.55,0.16,0.2,0.35,1.5,12,10.0,14.0,0.9,1.2,0.6,0.01,0.06,0.65,0.3,0.72,0.005,0.38,0.22,0.01,0.14,1.0,0.28
pid,ground_truth,curvy,400.0,0.05,0.1,1.0,74.74309884756804,99.08908081054688,40.28850173950195,17.11680192849871,2.3276425159457332,0.002128064525968691,0.0006149238956991709,0.002128064525968691,0.0006149238956991709,-0.0002788121346384287,3.795666270889342e-05,0.5580294728279114,0.0,19.444444444444443,211,205,4.361793518066406,RoadOption.STRAIGHT,99.02054595947266,50.65007019042969,1.5776161497143715,2.8,1.2,4.5,3.0,10.0,0.6,0.01,0.06,0.55,0.16,0.2,0.35,1.5,12,10.0,14.0,0.9,1.2,0.6,0.01,0.06,0.65,0.3,0.72,0.005,0.38,0.22,0.01,0.14,1.0,0.28
pid,ground_truth,curvy,400.0,0.05,0.1,1.0,74.7930988483131,99.0826644897461,41.14435577392578,17.11817048814936,2.3262739562950827,0.0027066022664978574,0.0005215800994919917,0.0027066022664978574,0.0005215800994919917,-0.00025128392735496163,2.7528207283467054e-05,0.5579482913017273,0.0,19.444444444444443,212,206,4.505916595458984,RoadOption.STRAIGHT,99.01372528076172,51.650047302246094,1.5776161497143715,2.8,1.2,4.5,3.0,10.0,0.6,0.01,0.06,0.55,0.16,0.2,0.35,1.5,12,10.0,14.0,0.9,1.2,0.6,0.01,0.06,0.65,0.3,0.72,0.005,0.38,0.22,0.01,0.14,1.0,0.28
pid,ground_truth,curvy,400.0,0.05,0.1,1.0,74.84309884905815,99.07633209228516,42.000282287597656,17.1194620550561,2.3249823893883423,0.00320072432700692,0.0004376905251546326,0.00320072432700692,0.0004376905251546326,-0.00022226388682611287,2.9020040528848767e-05,0.5578797459602356,0.0,19.444444444444443,213,207,4.649967193603516,RoadOption.STRAIGHT,99.00690460205078,52.6500244140625,1.5776161497143715,2.8,1.2,4.5,3.0,10.0,0.6,0.01,0.06,0.55,0.16,0.2,0.35,1.5,12,10.0,14.0,0.9,1.2,0.6,0.01,0.06,0.65,0.3,0.72,0.005,0.38,0.22,0.01,0.14,1.0,0.28
pid,ground_truth,curvy,400.0,0.05,0.1,1.0,74.89309884980321,99.07009887695312,42.85626983642578,17.12068238088717,2.3237620635572718,0.0035952503193495723,0.00036218990825087616,0.0035952503193495723,0.00036218990825087616,-0.00017674421542324126,4.551967140287161e-05,0.5578107237815857,0.0,19.444444444444443,214,208,4.793957710266113,RoadOption.STRAIGHT,99.00008392333984,53.64999771118164,-4.705568624832996,2.8,1.2,4.5,3.0,10.0,0.6,0.01,0.06,0.55,0.16,0.2,0.35,1.5,12,10.0,14.0,0.9,1.2,0.6,0.01,0.06,0.65,0.3,0.72,0.005,0.38,0.22,0.01,0.14,1.0,0.28
pid,ground_truth,curvy,400.0,0.05,0.1,1.0,74.94309885054827,99.06390380859375,43.712318420410156,17.121833736308737,2.3226107081357057,0.003951213980409218,0.0002968093034896313,0.003951213980409218,0.0002968093034896313,-0.00019262982823420316,-1.5885612810961902e-05,0.5577505826950073,0.0,19.444444444444443,215,209,4.937887668609619,RoadOption.STRAIGHT,98.9932632446289,54.64997482299805,-4.705568624832996,2.8,1.2,4.5,3.0,10.0,0.6,0.01,0.06,0.55,0.16,0.2,0.35,1.5,12,10.0,14.0,0.9,1.2,0.6,0.01,0.06,0.65,0.3,0.72,0.005,0.38,0.22,0.01,0.14,1.0,0.28
pid,ground_truth,curvy,400.0,0.05,0.1,1.0,74.99309885129333,99.05776977539062,44.56842041015625,17.122918267398962,2.321526177045481,0.004253408906681362,0.00023742081118083291,0.004253408906681362,0.00023742081118083291,-0.0004811999970115721,-0.00028857016877736896,0.5576990842819214,0.0,19.444444444444443,215,210,5.081764221191406,RoadOption.STRAIGHT,98.9932632446289,54.64997482299805,-4.705568624832996,2.8,1.2,4.5,3.0,10.0,0.6,0.01,0.06,0.55,0.16,0.2,0.35,1.5,12,10.0,14.0,0.9,1.2,0.6,0.01,0.06,0.65,0.3,0.72,0.005,0.38,0.22,0.01,0.14,1.0,0.28
pid,ground_truth,curvy,400.0,0.05,0.1,1.0,75.04309885203838,99.0517349243164,45.42457962036133,17.12394467471069,2.320499769733754,0.004449310697283861,0.00015752597847829009,0.004449310697283861,0.00015752597847829009,7.889740663813427e-05,0.0005600974036497064,0.557636022567749,0.0,19.444444444444443,216,210,4.225584030151367,RoadOption.STRAIGHT,98.98644256591797,55.64995193481445,-4.705568624832996,2.8,1.2,4.5,3.0,10.0,0.6,0.01,0.06,0.55,0.16,0.2,0.35,1.5,12,10.0,14.0,0.9,1.2,0.6,0.01,0.06,0.65,0.3,0.72,0.005,0.38,0.22,0.01,0.14,1.0,0.28
pid,ground_truth,curvy,400.0,0.05,0.1,1.0,75.09309885278344,99.0457534790039,46.280784606933594,17.124915958417425,2.3195284860270178,0.004590589649566202,9.867011838737838e-05,0.004590589649566202,9.867011838737838e-05,-1.4067519487070967e-06,-8.030415858684137e-05,0.5575766563415527,0.0,19.444444444444443,217,211,4.369358539581299,RoadOption.STRAIGHT,98.97962188720703,56.64992904663086,-4.705568624832996,2.8,1.2,4.5,3.0,10.0,0.6,0.01,0.06,0.55,0.16,0.2,0.35,1.5,12,10.0,14.0,0.9,1.2,0.6,0.01,0.06,0.65,0.3,0.72,0.005,0.38,0.22,0.01,0.14,1.0,0.28
pid,ground_truth,curvy,400.0,0.05,0.1,1.0,75.1430988535285,99.03977966308594,47.13703536987305,17.12583562324042,2.3186088212040232,0.0047239272004399625,6.964166250567061e-05,0.0047239272004399625,6.964166250567061e-05,-0.0002113663067575544,-0.00020995955480884732,0.5575188994407654,0.0,19.444444444444443,218,212,4.513087749481201,RoadOption.STRAIGHT,98.97280883789062,57.649906158447266,-4.705568624832996,2.8,1.2,4.5,3.0,10.0,0.6,0.01,0.06,0.55,0.16,0.2,0.35,1.5,12,10.0,14.0,0.9,1.2,0.6,0.01,0.06,0.65,0.3,0.72,0.005,0.38,0.22,0.01,0.14,1.0,0.28
pid,ground_truth,curvy,400.0,0.05,0.1,1.0,75.19309885427356,99.03385162353516,47.99333572387695,17.12670276608069,2.3177416783637526,0.004811151248994835,3.5952674716011046e-05,0.004811151248994835,3.5952674716011046e-05,-0.00011245240602875128,9.891390072880313e-05,0.5574751496315002,0.0,19.444444444444443,219,213,4.65676736831665,RoadOption.STRAIGHT,98.96598815917969,58.64988327026367,-4.705568624832996,2.8,1.2,4.5,3.0,10.0,0.6,0.01,0.06,0.55,0.16,0.2,0.35,1.5,12,10.0,14.0,0.9,1.2,0.6,0.01,0.06,0.65,0.3,0.72,0.005,0.38,0.22,0.01,0.14,1.0,0.28
pid,ground_truth,curvy,400.0,0.05,0.1,1.0,75.24309885501862,99.0279769897461,48.84967041015625,17.12752032742281,2.3169241170216317,0.004847267475035718,-9.321063814127228e-07,0.004847267475035718,9.321063814127228e-07,-2.5996763724833727e-05,8.645564230391756e-05,0.5574341416358948,0.0,19.444444444444443,220,214,4.800408840179443,RoadOption.STRAIGHT,98.95916748046875,59.64986038208008,-4.705568624832996,2.8,1.2,4.5,3.0,10.0,0.6,0.01,0.06,0.55,0.16,0.2,0.35,1.5,12,10.0,14.0,0.9,1.2,0.6,0.01,0.06,0.65,0.3,0.72,0.005,0.38,0.22,0.01,0.14,1.0,0.28
pid,ground_truth,curvy,400.0,0.05,0.1,1.0,75.29309885576367,99.02210998535156,49.7060546875,17.128296261588975,2.3161481828554678,0.004872961932682787,-2.8229507554655697e-05,0.004872961932682787,2.8229507554655697e-05,-6.761792610632256e-05,-4.162116238148883e-05,0.557379961013794,0.0,19.444444444444443,221,215,4.944004535675049,RoadOption.STRAIGHT,98.95234680175781,60.649837493896484,-4.705568624832996,2.8,1.2,4.5,3.0,10.0,0.6,0.01,0.06,0.55,0.16,0.2,0.35,1.5,12,10.0,14.0,0.9,1.2,0.6,0.01,0.06,0.65,0.3,0.72,0.005,0.38,0.22,0.01,0.14,1.0,0.28
pid,ground_truth,curvy,400.0,0.05,0.1,1.0,75.34309885650873,99.01626586914062,50.562469482421875,17.129029097975398,2.3154153464690452,0.004875560599962022,-5.0067428492894805e-05,0.004875560599962022,5.0067428492894805e-05,-0.00043778863619081676,-0.0003701707100844942,0.5573394298553467,0.0,19.444444444444443,221,216,5.0875701904296875,RoadOption.STRAIGHT,98.95234680175781,60.649837493896484,-4.705568624832996,2.8,1.2,4.5,3.0,10.0,0.6,0.01,0.06,0.55,0.16,0.2,0.35,1.5,12,10.0,14.0,0.9,1.2,0.6,0.01,0.06,0.65,0.3,0.72,0.005,0.38,0.22,0.01,0.14,1.0,0.28
pid,ground_truth,curvy,400.0,0.05,0.1,1.0,75.39309885725379,99.01048278808594,51.41892623901367,17.12971912617852,2.3147253182659213,0.004817212841121781,-9.920275060615324e-05,0.004817212841121781,9.920275060615324e-05,0.0001992192555917427,0.0006370078917825595,0.5573074817657471,0.0,19.444444444444443,222,216,4.2310943603515625,RoadOption.STRAIGHT,98.94552612304688,61.64981460571289,-4.705568624832996,2.8,1.2,4.5,3.0,10.0,0.6,0.01,0.06,0.55,0.16,0.2,0.35,1.5,12,10.0,14.0,0.9,1.2,0.6,0.01,0.06,0.65,0.3,0.72,0.005,0.38,0.22,0.01,0.14,1.0,0.28
pid,ground_truth,curvy,400.0,0.05,0.1,1.0,75.44309885799885,99.00471496582031,52.27540969848633,17.130370644427572,2.314073800016871,0.004743051024554558,-0.0001299622611963258,0.004743051024554558,0.0001299622611963258,0.00010042959911515936,-9.878965647658333e-05,0.5572719573974609,0.0,19.444444444444443,223,217,4.374591827392578,RoadOption.STRAIGHT,98.93870544433594,62.6497917175293,-4.705568624832996,2.8,1.2,4.5,3.0,10.0,0.6,0.01,0.06,0.55,0.16,0.2,0.35,1.5,12,10.0,14.0,0.9,1.2,0.6,0.01,0.06,0.65,0.3,0.72,0.005,0.38,0.22,0.01,0.14,1.0,0.28
pid,ground_truth,curvy,400.0,0.05,0.1,1.0,75.4930988587439,98.99895477294922,53.13191604614258,17.1309889099284,2.3134555345160415,0.004668733103647557,-0.0001307612095224897,0.004668733103647557,0.0001307612095224897,-0.00011943327990593389,-0.00021986287902109325,0.5572291016578674,0.0,19.444444444444443,224,218,4.51806640625,RoadOption.STRAIGHT,98.93189239501953,63.6497688293457,-4.705568624832996,2.8,1.2,4.5,3.0,10.0,0.6,0.01,0.06,0.55,0.16,0.2,0.35,1.5,12,10.0,14.0,0.9,1.2,0.6,0.01,0.06,0.65,0.3,0.72,0.005,0.38,0.22,0.01,0.14,1.0,0.28
pid,ground_truth,curvy,400.0,0.05,0.1,1.0,75.54309885948896,98.99320220947266,53.98846435546875,17.131573480424873,2.31287096401957,0.004578870557285536,-0.00013568805754005098,0.004578870557285536,0.00013568805754005098,-6.629896961385384e-05,5.3134310292080045e-05,0.5571948289871216,0.0,19.444444444444443,225,219,4.661498546600342,RoadOption.STRAIGHT,98.9250717163086,64.64974212646484,-4.705568624832996,2.8,1.2,4.5,3.0,10.0,0.6,0.01,0.06,0.55,0.16,0.2,0.35,1.5,12,10.0,14.0,0.9,1.2,0.6,0.01,0.06,0.65,0.3,0.72,0.005,0.38,0.22,0.01,0.14,1.0,0.28
pid,ground_truth,curvy,400.0,0.05,0.1,1.0,75.59309886023402,98.98748016357422,54.84504318237305,17.132126265415792,2.312318179028651,0.004458283003472969,-0.00014927017909904805,0.004458283003472969,0.00014927017909904805,4.051571522722952e-05,0.00010681468484108336,0.5571622252464294,0.0,19.444444444444443,226,220,4.804900646209717,RoadOption.STRAIGHT,98.91825103759766,65.64971923828125,-4.705568624832996,2.8,1.2,4.5,3.0,10.0,0.6,0.01,0.06,0.55,0.16,0.2,0.35,1.5,12,10.0,14.0,0.9,1.2,0.6,0.01,0.06,0.65,0.3,0.72,0.005,0.38,0.22,0.01,0.14,1.0,0.28
pid,ground_truth,curvy,400.0,0.05,0.1,1.0,75.64309886097908,98.98176574707031,55.70164489746094,17.132645550090924,2.311798894353519,0.004329910128237909,-0.00015632755598815606,0.004329910128237909,0.00015632755598815606,1.1187996278749779e-05,-2.9327718948479742e-05,0.5571417808532715,0.0,19.444444444444443,227,221,4.948280334472656,RoadOption.STRAIGHT,98.91143035888672,66.64969635009766,-4.705568624832996,2.8,1.2,4.5,3.0,10.0,0.6,0.01,0.06,0.55,0.16,0.2,0.35,1.5,12,10.0,14.0,0.9,1.2,0.6,0.01,0.06,0.65,0.3,0.72,0.005,0.38,0.22,0.01,0.14,1.0,0.28
pid,ground_truth,curvy,400.0,0.05,0.1,1.0,75.69309886172414,98.9760513305664,56.55826950073242,17.13313903581264,2.311305408631803,0.004201381148663072,-0.00015632755598815606,0.004201381148663072,0.00015632755598815606,-0.000347347988281399,-0.0003585359845601488,0.5571054220199585,0.0,19.444444444444443,227,222,5.091637134552002,RoadOption.STRAIGHT,98.91143035888672,66.64969635009766,-4.705568624832996,2.8,1.2,4.5,3.0,10.0,0.6,0.01,0.06,0.55,0.16,0.2,0.35,1.5,12,10.0,14.0,0.9,1.2,0.6,0.01,0.06,0.65,0.3,0.72,0.005,0.38,0.22,0.01,0.14,1.0,0.28
pid,ground_truth,curvy,400.0,0.05,0.1,1.0,75.7430988624692,98.9703598022461,57.414920806884766,17.13360518774357,2.3108392567008735,0.004050155897942179,-0.00018575548603294578,0.004050155897942179,0.00018575548603294578,0.00022745755268260837,0.0005748055409640074,0.5570794343948364,0.0,19.444444444444443,228,222,4.234967231750488,RoadOption.STRAIGHT,98.90460968017578,67.64967346191406,-4.705568624832996,2.8,1.2,4.5,3.0,10.0,0.6,0.01,0.06,0.55,0.16,0.2,0.35,1.5,12,10.0,14.0,0.9,1.2,0.6,0.01,0.06,0.65,0.3,0.72,0.005,0.38,0.22,0.01,0.14,1.0,0.28
pid,ground_truth,curvy,400.0,0.05,0.1,1.0,75.79309886321425,98.96466827392578,58.2715950012207,17.13404241955422,2.310402024890223,0.003898401041049687,-0.00019813918510180883,0.003898401041049687,0.00019813918510180883,0.00011802741209976375,-0.00010943014058284461,0.5570641756057739,0.0,19.444444444444443,229,223,4.378273963928223,RoadOption.STRAIGHT,98.89778900146484,68.64965057373047,-4.705568624832996,2.8,1.2,4.5,3.0,10.0,0.6,0.01,0.06,0.55,0.16,0.2,0.35,1.5,12,10.0,14.0,0.9,1.2,0.6,0.01,0.06,0.65,0.3,0.72,0.005,0.38,0.22,0.01,0.14,1.0,0.28
pid,ground_truth,curvy,400.0,0.05,0.1,1.0,75.84309886395931,98.9589614868164,59.12828826904297,17.134455932495875,2.3099885119485677,0.003769403748455514,-0.0001861549601969159,0.003769403748455514,0.0001861549601969159,-7.736167026450858e-05,-0.00019538908236427233,0.5570396184921265,0.0,19.444444444444443,230,224,4.521562099456787,RoadOption.STRAIGHT,98.8909683227539,69.64962768554688,-4.705568624832996,2.8,1.2,4.5,3.0,10.0,0.6,0.01,0.06,0.55,0.16,0.2,0.35,1.5,12,10.0,14.0,0.9,1.2,0.6,0.01,0.06,0.65,0.3,0.72,0.005,0.38,0.22,0.01,0.14,1.0,0.28
pid,ground_truth,curvy,400.0,0.05,0.1,1.0,75.89309886470437,98.9532470703125,59.98500442504883,17.134849730564632,2.309594713879811,0.003640224334131602,-0.00018016284774446945,0.003640224334131602,0.00018016284774446945,-3.414414823055267e-05,4.32175220339559e-05,0.5570082068443298,0.0,19.444444444444443,231,225,4.664823055267334,RoadOption.STRAIGHT,98.88414764404297,70.64960479736328,-4.705568624832996,2.8,1.2,4.5,3.0,10.0,0.6,0.01,0.06,0.55,0.16,0.2,0.35,1.5,12,10.0,14.0,0.9,1.2,0.6,0.01,0.06,0.65,0.3,0.72,0.005,0.38,0.22,0.01,0.14,1.0,0.28
pid,ground_truth,curvy,400.0,0.05,0.1,1.0,75.94309886544943,98.94758605957031,60.84174346923828,17.135222726357533,2.30922171808691,0.0034575103132788894,-0.0001832254829974289,0.0034575103132788894,0.0001832254829974289,8.757339674048126e-05,0.00012171754497103393,0.5569843649864197,0.0,19.444444444444443,232,226,4.808065414428711,RoadOption.STRAIGHT,98.87732696533203,71.64958190917969,-4.705568624832996,2.8,1.2,4.5,3.0,10.0,0.6,0.01,0.06,0.55,0.16,0.2,0.35,1.5,12,10.0,14.0,0.9,1.2,0.6,0.01,0.06,0.65,0.3,0.72,0.005,0.38,0.22,0.01,0.14,1.0,0.28
pid,ground_truth,curvy,400.0,0.05,0.1,1.0,75.99309886619449,98.94187927246094,61.69849395751953,17.135572021162968,2.308872423281475,0.003320493542752566,-0.0001788312671990866,0.003320493542752566,0.0001788312671990866,-2.384005711064674e-06,-8.995740245154593e-05,0.556973934173584,0.0,19.444444444444443,233,227,4.951296329498291,RoadOption.STRAIGHT,98.87051391601562,72.6495590209961,-4.705568624832996,2.8,1.2,4.5,3.0,10.0,0.6,0.01,0.06,0.55,0.16,0.2,0.35,1.5,12,10.0,14.0,0.9,1.2,0.6,0.01,0.06,0.65,0.3,0.72,0.005,0.38,0.22,0.01,0.14,1.0,0.28
pid,ground_truth,curvy,400.0,0.05,0.1,1.0,76.04309886693954,98.93617248535156,62.55526351928711,17.135901599630007,2.3085428448144363,0.0031833466852764225,-0.00017310547085536143,0.0031833466852764225,0.00017310547085536143,-0.00023973816132638603,-0.00023735415561532136,0.5569565892219543,0.0,19.444444444444443,233,228,5.094508171081543,RoadOption.STRAIGHT,98.87051391601562,72.6495590209961,-4.705568624832996,2.8,1.2,4.5,3.0,10.0,0.6,0.01,0.06,0.55,0.16,0.2,0.35,1.5,12,10.0,14.0,0.9,1.2,0.6,0.01,0.06,0.65,0.3,0.72,0.005,0.38,0.22,0.01,0.14,1.0,0.28
pid,ground_truth,curvy,400.0,0.05,0.1,1.0,76.0930988676846,98.93050384521484,63.41204833984375,17.136214486667203,2.3082299577772396,0.003008323174658687,-0.00018868496323243278,0.003008323174658687,0.00018868496323243278,0.0002059600519714877,0.00044569821329787374,0.5569345355033875,0.0,19.444444444444443,234,228,4.237704753875732,RoadOption.STRAIGHT,98.86369323730469,73.6495361328125,-4.705568624832996,2.8,1.2,4.5,3.0,10.0,0.6,0.01,0.06,0.55,0.16,0.2,0.35,1.5,12,10.0,14.0,0.9,1.2,0.6,0.01,0.06,0.65,0.3,0.72,0.005,0.38,0.22,0.01,0.14,1.0,0.28
pid,ground_truth,curvy,400.0,0.05,0.1,1.0,76.14309886842966,98.92481994628906,64.26885223388672,17.136508276317343,2.3079361681270996,0.002848054509424741,-0.00019148128237667095,0.002848054509424741,0.00019148128237667095,0.00010855941945919767,-9.740063251229003e-05,0.5569233298301697,0.0,19.444444444444443,235,229,4.380882263183594,RoadOption.STRAIGHT,98.85687255859375,74.6495132446289,-4.705568624832996,2.8,1.2,4.5,3.0,10.0,0.6,0.01,0.06,0.55,0.16,0.2,0.35,1.5,12,10.0,14.0,0.9,1.2,0.6,0.01,0.06,0.65,0.3,0.72,0.005,0.38,0.22,0.01,0.14,1.0,0.28
pid,ground_truth,curvy,400.0,0.05,0.1,1.0,76.19309886917472,98.91910552978516,65.12566375732422,17.13679047798154,2.3076539664629045,0.002718250677741719,-0.00017603494805484843,0.002718250677741719,0.00017603494805484843,-5.46326300536748e-05,-0.00016319204951287247,0.5568937063217163,0.0,19.444444444444443,236,230,4.524051666259766,RoadOption.STRAIGHT,98.85005187988281,75.64949035644531,-4.705568624832996,2.8,1.2,4.5,3.0,10.0,0.6,0.01,0.06,0.55,0.16,0.2,0.35,1.5,12,10.0,14.0,0.9,1.2,0.6,0.01,0.06,0.65,0.3,0.72,0.005,0.38,0.22,0.01,0.14,1.0,0.28
pid,ground_truth,curvy,400.0,0.05,0.1,1.0,76.24309886991978,98.91339874267578,65.98249053955078,17.137053705821735,2.3073907386227077,0.00258071355941613,-0.00016631441007675107,0.00258071355941613,0.00016631441007675107,-5.044422778155422e-06,4.958820727551938e-05,0.5568889379501343,0.0,19.444444444444443,237,231,4.667206287384033,RoadOption.STRAIGHT,98.84323120117188,76.64946746826172,-4.705568624832996,2.8,1.2,4.5,3.0,10.0,0.6,0.01,0.06,0.55,0.16,0.2,0.35,1.5,12,10.0,14.0,0.9,1.2,0.6,0.01,0.06,0.65,0.3,0.72,0.005,0.38,0.22,0.01,0.14,1.0,0.28
pid,ground_truth,curvy,400.0,0.05,0.1,1.0,76.29309887066483,98.9076919555664,66.8393325805664,17.137303695398746,2.307140749045697,0.002443072371530696,-0.0001640507231499555,0.002443072371530696,0.0001640507231499555,5.8719706430565566e-05,6.376412920872099e-05,0.5568709969520569,0.0,19.444444444444443,238,232,4.810345649719238,RoadOption.STRAIGHT,98.83641052246094,77.6494369506836,-4.705568624832996,2.8,1.2,4.5,3.0,10.0,0.6,0.01,0.06,0.55,0.16,0.2,0.35,1.5,12,10.0,14.0,0.9,1.2,0.6,0.01,0.06,0.65,0.3,0.72,0.005,0.38,0.22,0.01,0.14,1.0,0.28
pid,ground_truth,curvy,400.0,0.05,0.1,1.0,76.3430988714099,98.9019775390625,67.6961898803711,17.13753803616427,2.306906408280174,0.0023205855482508267,-0.00015832492680445398,0.0023205855482508267,0.00015832492680445398,3.0617120501119643e-05,-2.8102585929445922e-05,0.5568632483482361,0.0,19.444444444444443,239,233,4.953469276428223,RoadOption.STRAIGHT,98.82958984375,78.6494140625,-4.705568624832996,2.8,1.2,4.5,3.0,10.0,0.6,0.01,0.06,0.55,0.16,0.2,0.35,1.5,12,10.0,14.0,0.9,1.2,0.6,0.01,0.06,0.65,0.3,0.72,0.005,0.38,0.22,0.01,0.14,1.0,0.28
pid,ground_truth,curvy,400.0,0.05,0.1,1.0,76.39309887215495,98.89627075195312,68.55304718017578,17.137760013758317,2.3066844306861256,0.0021828402908055378,-0.00014993596937173947,0.0021828402908055378,0.00014993596937173947,-0.00014431949239224195,-0.0001749366128933616,0.5568490624427795,0.0,19.444444444444443,239,234,5.096593379974365,RoadOption.STRAIGHT,98.82958984375,78.6494140625,-4.705568624832996,2.8,1.2,4.5,3.0,10.0,0.6,0.01,0.06,0.55,0.16,0.2,0.35,1.5,12,10.0,14.0,0.9,1.2,0.6,0.01,0.06,0.65,0.3,0.72,0.005,0.38,0.22,0.01,0.14,1.0,0.28
pid,ground_truth,curvy,400.0,0.05,0.1,1.0,76.44309887290001,98.89055633544922,69.40992736816406,17.137970312121578,2.3064741323228652,0.0020529416479350034,-0.00015579492377071347,0.0020529416479350034,0.00015579492377071347,0.0001317968562943861,0.00027611634868662804,0.5568354725837708,0.0,19.444444444444443,240,234,4.239694118499756,RoadOption.STRAIGHT,98.82276916503906,79.6493911743164,-4.705568624832996,2.8,1.2,4.5,3.0,10.0,0.6,0.01,0.06,0.55,0.16,0.2,0.35,1.5,12,10.0,14.0,0.9,1.2,0.6,0.01,0.06,0.65,0.3,0.72,0.005,0.38,0.22,0.01,0.14,1.0,0.28
pid,ground_truth,curvy,400.0,0.05,0.1,1.0,76.49309887364507,98.88484191894531,70.26681518554688,17.13816872582672,2.306275718617723,0.0019226174684527156,-0.00015579492377071347,0.0019226174684527156,0.00015579492377071347,9.519223385723308e-05,-3.660462243715301e-05,0.5568251013755798,0.0,19.444444444444443,241,235,4.382787704467773,RoadOption.STRAIGHT,98.81594848632812,80.64936828613281,-4.705568624832996,2.8,1.2,4.5,3.0,10.0,0.6,0.01,0.06,0.55,0.16,0.2,0.35,1.5,12,10.0,14.0,0.9,1.2,0.6,0.01,0.06,0.65,0.3,0.72,0.005,0.38,0.22,0.01,0.14,1.0,0.28
pid,ground_truth,curvy,400.0,0.05,0.1,1.0,76.54309887439013,98.8791275024414,71.12370300292969,17.13835761764072,2.306086826803721,0.0017922932889704347,-0.00014061490555761225,0.0017922932889704347,0.00014061490555761225,-2.3176462491392158e-05,-0.00011836869634862524,0.556810200214386,0.0,19.444444444444443,242,236,4.525881290435791,RoadOption.STRAIGHT,98.80912780761719,81.64934539794922,-4.705568624832996,2.8,1.2,4.5,3.0,10.0,0.6,0.01,0.06,0.55,0.16,0.2,0.35,1.5,12,10.0,14.0,0.9,1.2,0.6,0.01,0.06,0.65,0.3,0.72,0.005,0.38,0.22,0.01,0.14,1.0,0.28
pid,ground_truth,curvy,400.0,0.05,0.1,1.0,76.59309887513518,98.87342834472656,71.9806137084961,17.138534153213612,2.3059102912308305,0.0016465545709829499,-0.00013009541925157464,0.0016465545709829499,0.00013009541925157464,2.3046706701279618e-05,4.6223169192671776e-05,0.5568059682846069,0.0,19.444444444444443,243,237,4.668951511383057,RoadOption.STRAIGHT,98.80230712890625,82.64932250976562,-4.705568624832996,2.8,1.2,4.5,3.0,10.0,0.6,0.01,0.06,0.55,0.16,0.2,0.35,1.5,12,10.0,14.0,0.9,1.2,0.6,0.01,0.06,0.65,0.3,0.72,0.005,0.38,0.22,0.01,0.14,1.0,0.28
pid,ground_truth,curvy,400.0,0.05,0.1,1.0,76.64309887588024,98.86771392822266,72.8375244140625,17.138702835723368,2.3057416087210747,0.001516022252380969,-0.00012383699068863052,0.001516022252380969,0.00012383699068863052,4.247956894687377e-05,1.943286224559415e-05,0.556790828704834,0.0,19.444444444444443,244,238,4.812015056610107,RoadOption.STRAIGHT,98.79549407958984,83.64929962158203,1.5776161497143715,2.8,1.2,4.5,3.0,10.0,0.6,0.01,0.06,0.55,0.16,0.2,0.35,1.5,12,10.0,14.0,0.9,1.2,0.6,0.01,0.06,0.65,0.3,0.72,0.005,0.38,0.22,0.01,0.14,1.0,0.28
pid,ground_truth,curvy,400.0,0.05,0.1,1.0,76.6930988766253,98.8619613647461,73.69444274902344,17.13886050066173,2.3055839437827146,0.0014236360191925423,-0.00011558119130938849,0.0014236360191925423,0.00011558119130938849,4.7684534365544096e-06,-3.771111551031936e-05,0.5567870140075684,0.0,19.444444444444443,245,239,4.955077171325684,RoadOption.STRAIGHT,98.7886734008789,84.64927673339844,1.5776161497143715,2.8,1.2,4.5,3.0,10.0,0.6,0.01,0.06,0.55,0.16,0.2,0.35,1.5,12,10.0,14.0,0.9,1.2,0.6,0.01,0.06,0.65,0.3,0.72,0.005,0.38,0.22,0.01,0.14,1.0,0.28
pid,ground_truth,curvy,400.0,0.05,0.1,1.0,76.74309887737036,98.856201171875,74.55137634277344,17.13900954410524,2.305434900339204,0.001338774933526972,-0.00010945592080346955,0.001338774933526972,0.00010945592080346955,-8.482884004479274e-05,-8.959729348134715e-05,0.5567783713340759,0.0,19.444444444444443,245,240,5.098124980926514,RoadOption.STRAIGHT,98.7886734008789,84.64927673339844,1.5776161497143715,2.8,1.2,4.5,3.0,10.0,0.6,0.01,0.06,0.55,0.16,0.2,0.35,1.5,12,10.0,14.0,0.9,1.2,0.6,0.01,0.06,0.65,0.3,0.72,0.005,0.38,0.22,0.01,0.14,1.0,0.28
pid,ground_truth,curvy,400.0,0.05,0.1,1.0,76.79309887811542,98.85045623779297,75.40830993652344,17.139150869743776,2.3052935747006664,0.0012390289155278025,-0.0001118527657837376,0.0012390289155278025,0.0001118527657837376,9.948921069735661e-05,0.00018431805074214935,0.5567688941955566,0.0,19.444444444444443,246,240,4.2411723136901855,RoadOption.STRAIGHT,98.78185272216797,85.64925384521484,1.5776161497143715,2.8,1.2,4.5,3.0,10.0,0.6,0.01,0.06,0.55,0.16,0.2,0.35,1.5,12,10.0,14.0,0.9,1.2,0.6,0.01,0.06,0.65,0.3,0.72,0.005,0.38,0.22,0.01,0.14,1.0,0.28
pid,ground_truth,curvy,400.0,0.05,0.1,1.0,76.84309887886047,98.84469604492188,76.26524353027344,17.139283552178735,2.3051608922657074,0.001154167829862239,-0.00010945592080346955,0.001154167829862239,0.00010945592080346955,5.503167994902469e-05,-4.445753074833192e-05,0.5567638874053955,0.0,19.444444444444443,247,241,4.384219646453857,RoadOption.STRAIGHT,98.77503204345703,86.64923095703125,1.5776161497143715,2.8,1.2,4.5,3.0,10.0,0.6,0.01,0.06,0.55,0.16,0.2,0.35,1.5,12,10.0,14.0,0.9,1.2,0.6,0.01,0.06,0.65,0.3,0.72,0.005,0.38,0.22,0.01,0.14,1.0,0.28
pid,ground_truth,curvy,400.0,0.05,0.1,1.0,76.89309887960553,98.83894348144531,77.12220001220703,17.13941061951354,2.305033824930902,0.001061521422774183,-9.920275060615324e-05,0.001061521422774183,9.920275060615324e-05,-1.1129296808576328e-06,-5.6144609629882325e-05,0.5567516684532166,0.0,19.444444444444443,248,242,4.5272440910339355,RoadOption.STRAIGHT,98.7682113647461,87.64920806884766,1.5776161497143715,2.8,1.2,4.5,3.0,10.0,0.6,0.01,0.06,0.55,0.16,0.2,0.35,1.5,12,10.0,14.0,0.9,1.2,0.6,0.01,0.06,0.65,0.3,0.72,0.005,0.38,0.22,0.01,0.14,1.0,0.28
pid,ground_truth,curvy,400.0,0.05,0.1,1.0,76.94309888035059,98.83318328857422,77.97915649414062,17.139530670908073,2.30491377353637,0.0009765042327688385,-9.121326733563251e-05,0.0009765042327688385,9.121326733563251e-05,9.536336619930808e-06,1.064926630078844e-05,0.5567448735237122,0.0,19.444444444444443,249,243,4.670268535614014,RoadOption.STRAIGHT,98.76139068603516,88.64918518066406,1.5776161497143715,2.8,1.2,4.5,3.0,10.0,0.6,0.01,0.06,0.55,0.16,0.2,0.35,1.5,12,10.0,14.0,0.9,1.2,0.6,0.01,0.06,0.65,0.3,0.72,0.005,0.38,0.22,0.01,0.14,1.0,0.28
pid,ground_truth,curvy,400.0,0.05,0.1,1.0,76.99309888109565,98.82742309570312,78.83611297607422,17.13964364043142,2.3048008040130235,0.0008965525452026488,-8.588694515498929e-05,0.0008965525452026488,8.588694515498929e-05,2.936626333394088e-05,1.982992671401007e-05,0.556739866733551,0.0,19.444444444444443,250,244,4.813292980194092,RoadOption.STRAIGHT,98.75457763671875,89.64916229248047,1.5776161497143715,2.8,1.2,4.5,3.0,10.0,0.6,0.01,0.06,0.55,0.16,0.2,0.35,1.5,12,10.0,14.0,0.9,1.2,0.6,0.01,0.06,0.65,0.3,0.72,0.005,0.38,0.22,0.01,0.14,1.0,0.28
pid,ground_truth,curvy,400.0,0.05,0.1,1.0,77.0430988818407,98.8216552734375,79.69307708740234,17.139749483317907,2.304694961126536,0.000819036362115319,-8.029430686562478e-05,0.000819036362115319,8.029430686562478e-05,2.324967317690607e-05,-6.116590157034807e-06,0.5567365288734436,0.0,19.444444444444443,251,245,4.956309795379639,RoadOption.STRAIGHT,98.74775695800781,90.64913940429688,1.5776161497143715,2.8,1.2,4.5,3.0,10.0,0.6,0.01,0.06,0.55,0.16,0.2,0.35,1.5,12,10.0,14.0,0.9,1.2,0.6,0.01,0.06,0.65,0.3,0.72,0.005,0.38,0.22,0.01,0.14,1.0,0.28
pid,ground_truth,curvy,400.0,0.05,0.1,1.0,77.09309888258576,98.81590270996094,80.550048828125,17.13984936907631,2.304595075368134,0.0007262097140907919,-7.430219441317831e-05,0.0007262097140907919,7.430219441317831e-05,-2.2965687094256282e-05,-4.6215360271162353e-05,0.5567312240600586,0.0,19.444444444444443,251,246,5.099318981170654,RoadOption.STRAIGHT,98.74775695800781,90.64913940429688,1.5776161497143715,2.8,1.2,4.5,3.0,10.0,0.6,0.01,0.06,0.55,0.16,0.2,0.35,1.5,12,10.0,14.0,0.9,1.2,0.6,0.01,0.06,0.65,0.3,0.72,0.005,0.38,0.22,0.01,0.14,1.0,0.28
pid,ground_truth,curvy,400.0,0.05,0.1,1.0,77.14309888333082,98.81014251708984,81.40702819824219,17.139946241393442,2.3044982030510006,0.0006418663867093326,-7.13727172141354e-05,0.0006418663867093326,7.13727172141354e-05,5.435211642179638e-05,7.731780351605266e-05,0.5567183494567871,0.0,19.444444444444443,252,246,4.242320537567139,RoadOption.STRAIGHT,98.74093627929688,91.64911651611328,1.5776161497143715,2.8,1.2,4.5,3.0,10.0,0.6,0.01,0.06,0.55,0.16,0.2,0.35,1.5,12,10.0,14.0,0.9,1.2,0.6,0.01,0.06,0.65,0.3,0.72,0.005,0.38,0.22,0.01,0.14,1.0,0.28
pid,ground_truth,curvy,400.0,0.05,0.1,1.0,77.19309888407588,98.80435943603516,82.2640151977539,17.140037513694356,2.304406930750087,0.000579452545693783,-6.684534336098835e-05,0.000579452545693783,6.684534336098835e-05,0.0022146806586533785,0.002160328542231582,0.5567139387130737,0.0,19.444444444444443,253,247,4.385314464569092,RoadOption.STRAIGHT,98.73179626464844,92.59030151367188,1.5888104810404107,2.8,1.2,4.5,3.0,10.0,0.6,0.01,0.06,0.55,0.16,0.2,0.35,1.5,12,10.0,14.0,0.9,1.2,0.6,0.01,0.06,0.65,0.3,0.72,0.005,0.38,0.22,0.01,0.14,1.0,0.28
pid,ground_truth,curvy,400.0,0.05,0.1,1.0,77.24309888482094,98.79837799072266,83.1209945678711,17.14010563577087,2.304338808673574,0.000715450380265676,0.00011291803021951097,0.000715450380265676,0.00011291803021951097,0.013961896300315857,0.011747215641662478,0.556763768196106,0.0,19.444444444444443,254,248,4.528314113616943,RoadOption.STRAIGHT,98.7065658569336,93.48206329345703,1.6093549046376088,2.8,1.2,4.5,3.0,10.0,0.6,0.01,0.06,0.55,0.16,0.2,0.35,1.5,12,10.0,14.0,0.9,1.2,0.6,0.01,0.06,0.65,0.3,0.72,0.005,0.38,0.22,0.01,0.14,1.0,0.28
pid,ground_truth,curvy,400.0,0.05,0.1,1.0,77.293098885566,98.79112243652344,83.97795104980469,17.139701449859512,2.304742994584931,0.002125683564427855,0.0013932327242747178,0.002125683564427855,0.0013932327242747178,0.019534429535269737,0.00557253323495388,0.5581752061843872,0.0,19.444444444444443,255,249,4.671329021453857,RoadOption.STRAIGHT,98.66302490234375,94.37312316894531,1.6298991950767525,2.8,1.2,4.5,3.0,10.0,0.6,0.01,0.06,0.55,0.16,0.2,0.35,1.5,12,10.0,14.0,0.9,1.2,0.6,0.01,0.06,0.65,0.3,0.72,0.005,0.38,0.22,0.01,0.14,1.0,0.28
pid,ground_truth,curvy,400.0,0.05,0.1,1.0,77.34309888631105,98.7815933227539,84.8348617553711,17.139195558993652,2.3052488854507907,0.005817364848905663,0.004216582953922465,0.005817364848905663,0.004216582953922465,0.020881490781903267,0.0013470612466335297,0.5585712194442749,0.0,19.444444444444443,256,250,4.8143768310546875,RoadOption.STRAIGHT,98.6011734008789,95.26311492919922,1.6504434855158965,2.8,1.2,4.5,3.0,10.0,0.6,0.01,0.06,0.55,0.16,0.2,0.35,1.5,12,10.0,14.0,0.9,1.2,0.6,0.01,0.06,0.65,0.3,0.72,0.005,0.38,0.22,0.01,0.14,1.0,0.28
pid,ground_truth,curvy,400.0,0.05,0.1,1.0,77.39309888705611,98.76923370361328,85.69181823730469,17.13963061697903,2.304813827465413,0.012331544279943086,0.008246611473484933,0.012331544279943086,0.008246611473484933,0.024417337030172348,0.003535846248269081,0.5558409094810486,0.0,19.444444444444443,257,251,4.957367897033691,RoadOption.STRAIGHT,98.52106475830078,96.1516342163086,1.6709877759550402,2.8,1.2,4.5,3.0,10.0,0.6,0.01,0.06,0.55,0.16,0.2,0.35,1.5,12,10.0,14.0,0.9,1.2,0.6,0.01,0.06,0.65,0.3,0.72,0.005,0.38,0.22,0.01,0.14,1.0,0.28
pid,ground_truth,curvy,400.0,0.05,0.1,1.0,77.44309888780117,98.7538070678711,86.548583984375,17.13908533482758,2.3053591096168624,0.021913969757280882,0.01327159697630087,0.021913969757280882,0.01327159697630087,0.029583895578980446,0.005166558548808098,0.5587058067321777,0.0,19.444444444444443,258,252,5.100549221038818,RoadOption.STRAIGHT,98.42272186279297,97.03832244873047,1.691532066394184,2.8,1.2,4.5,3.0,10.0,0.6,0.01,0.06,0.55,0.16,0.2,0.35,1.5,12,10.0,14.0,0.9,1.2,0.6,0.01,0.06,0.65,0.3,0.72,0.005,0.38,0.22,0.01,0.14,1.0,0.28
pid,ground_truth,curvy,400.0,0.05,0.1,1.0,77.49309888854623,98.73388671875,87.40523529052734,17.137997249951567,2.3064471944928755,0.0913094160915211,0.00821931407231169,0.0913094160915211,0.00821931407231169,0.03280504792928696,0.003221152350306511,0.5604650378227234,0.0,19.444444444444443,259,253,5.185067176818848,RoadOption.STRAIGHT,98.3061752319336,97.92279815673828,1.712076489991382,2.8,1.2,4.5,3.0,10.0,0.6,0.01,0.06,0.55,0.16,0.2,0.35,1.5,12,10.0,14.0,0.9,1.2,0.6,0.01,0.06,0.65,0.3,0.72,0.005,0.38,0.22,0.01,0.14,1.0,0.28
pid,ground_truth,curvy,400.0,0.05,0.1,1.0,77.54309888929129,98.70882415771484,88.26174926757812,17.137024487766567,2.307419956677876,0.19898138830118806,-0.005099554013337837,0.19898138830118806,0.005099554013337837,0.035786617547273636,0.002981569617986679,0.5603561401367188,0.0,19.444444444444443,260,254,5.220314979553223,RoadOption.STRAIGHT,98.17149353027344,98.80470275878906,1.732620780430526,2.8,1.2,4.5,3.0,10.0,0.6,0.01,0.06,0.55,0.16,0.2,0.35,1.5,12,10.0,14.0,0.9,1.2,0.6,0.01,0.06,0.65,0.3,0.72,0.005,0.38,0.22,0.01,0.14,1.0,0.28
pid,ground_truth,curvy,400.0,0.05,0.1,1.0,77.59309889003634,98.6778564453125,89.11798858642578,17.136581090087756,2.3078633543566873,0.2956070875869529,-0.017436914079238974,0.2956070875869529,0.017436914079238974,0.0390169583261013,0.0032303407788276672,0.5589714646339417,0.0,19.444444444444443,261,255,5.25515604019165,RoadOption.STRAIGHT,98.01871490478516,99.68364715576172,1.7531652040277241,2.8,1.2,4.5,3.0,10.0,0.6,0.01,0.06,0.55,0.16,0.2,0.35,1.5,12,10.0,14.0,0.9,1.2,0.6,0.01,0.06,0.65,0.3,0.72,0.005,0.38,0.22,0.01,0.14,1.0,0.28
pid,ground_truth,curvy,400.0,0.05,0.1,1.0,77.6430988907814,98.64024353027344,89.97399139404297,17.135318534394635,2.309125910049808,0.38187213912494633,-0.02886666884564182,0.38187213912494633,0.02886666884564182,0.04228886961936951,0.0032719112932682037,0.5615428686141968,0.0,19.444444444444443,262,256,5.2892680168151855,RoadOption.STRAIGHT,97.84791564941406,100.55927276611328,1.7737094944668679,2.8,1.2,4.5,3.0,10.0,0.6,0.01,0.06,0.55,0.16,0.2,0.35,1.5,12,10.0,14.0,0.9,1.2,0.6,0.01,0.06,0.65,0.3,0.72,0.005,0.38,0.22,0.01,0.14,1.0,0.28
pid,ground_truth,curvy,400.0,0.05,0.1,1.0,77.69309889152646,98.59507751464844,90.82950592041016,17.133778787588945,2.310665656855498,0.4586984836279009,-0.039412520446246546,0.4586984836279009,0.039412520446246546,0.0450504906475544,0.0027616210281848907,0.5626577138900757,0.0,19.444444444444443,263,257,5.322643280029297,RoadOption.STRAIGHT,97.65917205810547,101.43120574951172,1.7942537849060116,2.8,1.2,4.5,3.0,10.0,0.6,0.01,0.06,0.55,0.16,0.2,0.35,1.5,12,10.0,14.0,0.9,1.2,0.6,0.01,0.06,0.65,0.3,0.72,0.005,0.38,0.22,0.01,0.14,1.0,0.28
pid,ground_truth,curvy,400.0,0.05,0.1,1.0,77.74309889227152,98.54167938232422,91.68447875976562,17.13231213613823,2.3121323083062144,0.5267394361370277,-0.04911148682020583,0.5267394361370277,0.04911148682020583,0.047583699226379395,0.002533208578824997,0.562775731086731,0.0,19.444444444444443,264,258,5.355165481567383,RoadOption.STRAIGHT,97.4525375366211,102.29907989501953,1.81479820850321,2.8,1.2,4.5,3.0,10.0,0.6,0.01,0.06,0.55,0.16,0.2,0.35,1.5,12,10.0,14.0,0.9,1.2,0.6,0.01,0.06,0.65,0.3,0.72,0.005,0.38,0.22,0.01,0.14,1.0,0.28
pid,ground_truth,curvy,400.0,0.05,0.1,1.0,77.79309889301658,98.4793930053711,92.53876495361328,17.13084565115877,2.3135987932856743,0.5866372242295822,-0.05802894857228136,0.5866372242295822,0.05802894857228136,0.05007343366742134,0.0024897344410419464,0.5630978941917419,0.0,19.444444444444443,265,259,5.386819362640381,RoadOption.STRAIGHT,97.22813415527344,103.16251373291016,1.8353424989423537,2.8,1.2,4.5,3.0,10.0,0.6,0.01,0.06,0.55,0.16,0.2,0.35,1.5,12,10.0,14.0,0.9,1.2,0.6,0.01,0.06,0.65,0.3,0.72,0.005,0.38,0.22,0.01,0.14,1.0,0.28
pid,ground_truth,curvy,400.0,0.05,0.1,1.0,77.84309889376163,98.40755462646484,93.39224243164062,17.129219770948676,2.3152246734957664,0.6390737359443261,-0.06621084523127774,0.6390737359443261,0.06621084523127774,0.05240340158343315,0.0023299679160118103,0.5639019012451172,0.0,19.444444444444443,266,260,5.417606353759766,RoadOption.STRAIGHT,96.98603057861328,104.02116394042969,1.855886922539552,2.8,1.2,4.5,3.0,10.0,0.6,0.01,0.06,0.55,0.16,0.2,0.35,1.5,12,10.0,14.0,0.9,1.2,0.6,0.01,0.06,0.65,0.3,0.72,0.005,0.38,0.22,0.01,0.14,1.0,0.28
pid,ground_truth,curvy,400.0,0.05,0.1,1.0,77.89309889450669,98.32554626464844,94.24471282958984,17.127431778960606,2.317012665483837,0.6846602311139296,-0.07370098579712536,0.6846602311139296,0.07370098579712536,0.054540954530239105,0.002137552946805954,0.5647491812705994,0.0,19.444444444444443,267,261,5.447582721710205,RoadOption.STRAIGHT,96.72634887695312,104.8746566772461,1.8764312129786958,2.8,1.2,4.5,3.0,10.0,0.6,0.01,0.06,0.55,0.16,0.2,0.35,1.5,12,10.0,14.0,0.9,1.2,0.6,0.01,0.06,0.65,0.3,0.72,0.005,0.38,0.22,0.01,0.14,1.0,0.28
pid,ground_truth,curvy,400.0,0.05,0.1,1.0,77.94309889525175,98.23277282714844,95.09598541259766,17.125543448837764,2.318900995606679,0.7240199189445495,-0.08054224716337544,0.7240199189445495,0.08054224716337544,0.05650753155350685,0.001966577023267746,0.5654455423355103,0.0,19.444444444444443,268,262,5.4768266677856445,RoadOption.STRAIGHT,96.44918823242188,105.72264099121094,1.896975636575894,2.8,1.2,4.5,3.0,10.0,0.6,0.01,0.06,0.55,0.16,0.2,0.35,1.5,12,10.0,14.0,0.9,1.2,0.6,0.01,0.06,0.65,0.3,0.72,0.005,0.38,0.22,0.01,0.14,1.0,0.28
pid,ground_truth,curvy,400.0,0.05,0.1,1.0,77.99309889599681,98.12873077392578,95.94585418701172,17.123604837736007,2.320839606708436,0.7576831480523175,-0.08678203359743097,0.7576831480523175,0.08678203359743097,0.05839342996478081,0.0018858984112739563,0.5660127997398376,0.0,19.444444444444443,269,263,5.505413055419922,RoadOption.STRAIGHT,96.1546630859375,106.56475067138672,1.9175199270150378,2.8,1.2,4.5,3.0,10.0,0.6,0.01,0.06,0.55,0.16,0.2,0.35,1.5,12,10.0,14.0,0.9,1.2,0.6,0.01,0.06,0.65,0.3,0.72,0.005,0.38,0.22,0.01,0.14,1.0,0.28
pid,ground_truth,curvy,400.0,0.05,0.1,1.0,78.04309889674187,98.01290893554688,96.79412078857422,17.12158592181387,2.322858522630572,0.786158862833063,-0.09245789567066254,0.786158862833063,0.09245789567066254,0.06011120602488518,0.0017177760601043701,0.5666818618774414,0.0,19.444444444444443,270,264,5.533407211303711,RoadOption.STRAIGHT,95.8428955078125,107.40062713623047,1.9380642174541816,2.8,1.2,4.5,3.0,10.0,0.6,0.01,0.06,0.55,0.16,0.2,0.35,1.5,12,10.0,14.0,0.9,1.2,0.6,0.01,0.06,0.65,0.3,0.72,0.005,0.38,0.22,0.01,0.14,1.0,0.28
pid,ground_truth,curvy,400.0,0.05,0.1,1.0,78.09309889748693,97.8848648071289,97.6405029296875,17.119511415376653,2.3249330290677896,0.8099632746295392,-0.09760938132525698,0.8099632746295392,0.09760938132525698,0.061705026775598526,0.0015938207507133484,0.5672938823699951,0.0,19.444444444444443,271,265,5.56092643737793,RoadOption.STRAIGHT,95.51402282714844,108.22992706298828,1.9586086410513799,2.8,1.2,4.5,3.0,10.0,0.6,0.01,0.06,0.55,0.16,0.2,0.35,1.5,12,10.0,14.0,0.9,1.2,0.6,0.01,0.06,0.65,0.3,0.72,0.005,0.38,0.22,0.01,0.14,1.0,0.28
pid,ground_truth,curvy,400.0,0.05,0.1,1.0,78.14309889823198,97.74414825439453,98.4847640991211,17.117393815371365,2.327050629073078,0.8295642557935876,-0.1022716442876046,0.8295642557935876,0.1022716442876046,0.06312678754329681,0.001421760767698288,0.567880392074585,0.0,19.444444444444443,272,266,5.588065147399902,RoadOption.STRAIGHT,95.16819763183594,109.05228424072266,1.9791529314905236,2.8,1.2,4.5,3.0,10.0,0.6,0.01,0.06,0.55,0.16,0.2,0.35,1.5,12,10.0,14.0,0.9,1.2,0.6,0.01,0.06,0.65,0.3,0.72,0.005,0.38,0.22,0.01,0.14,1.0,0.28
pid,ground_truth,curvy,400.0,0.05,0.1,1.0,78.19309889897704,97.59037780761719,99.32664489746094,17.115256379069926,2.3291880653745167,0.8454030584917198,-0.10648529776432802,0.8454030584917198,0.10648529776432802,-0.036873213946819305,-0.10000000149011612,0.5684062242507935,0.0,19.444444444444443,272,267,5.614889621734619,RoadOption.STRAIGHT,95.16819763183594,109.05228424072266,1.9791529314905236,2.8,1.2,4.5,3.0,10.0,0.6,0.01,0.06,0.55,0.16,0.2,0.35,1.5,12,10.0,14.0,0.9,1.2,0.6,0.01,0.06,0.65,0.3,0.72,0.005,0.38,0.22,0.01,0.14,1.0,0.28
pid,ground_truth,curvy,400.0,0.05,0.1,1.0,78.2430988997221,97.43024444580078,100.16749572753906,17.12022094192471,2.3242235025197324,0.7451042964004835,-0.09634251559470641,0.7451042964004835,0.09634251559470641,0.06312678754329681,0.10000000149011612,0.5474283695220947,0.0,19.444444444444443,273,267,4.759499549865723,RoadOption.STRAIGHT,94.80553436279297,109.86737823486328,1.999697355087722,2.8,1.2,4.5,3.0,10.0,0.6,0.01,0.06,0.55,0.16,0.2,0.35,1.5,12,10.0,14.0,0.9,1.2,0.6,0.01,0.06,0.65,0.3,0.72,0.005,0.38,0.22,0.01,0.14,1.0,0.28
pid,ground_truth,curvy,400.0,0.05,0.1,1.0,78.29309890046716,97.26155853271484,101.0065689086914,17.1131535624385,2.3312908820059413,0.7416159002174282,-0.10901303711297672,0.7416159002174282,0.10901303711297672,0.14892305433750153,0.08579626679420471,0.582672655582428,0.0,19.444444444444443,274,268,4.785529136657715,RoadOption.STRAIGHT,94.42620849609375,110.67485046386719,2.0202416455268657,2.8,1.2,4.5,3.0,10.0,0.6,0.01,0.06,0.55,0.16,0.2,0.35,1.5,12,10.0,14.0,0.9,1.2,0.6,0.01,0.06,0.65,0.3,0.72,0.005,0.38,0.22,0.01,0.14,1.0,0.28
pid,ground_truth,curvy,400.0,0.05,0.1,1.0,78.34309890121222,97.07625579833984,101.84085845947266,17.07725429214035,2.3671901523040937,0.7385148249491993,-0.11444668468506514,0.7385148249491993,0.11444668468506514,0.09787403792142868,-0.051049016416072845,0.6712998151779175,0.0,19.444444444444443,275,269,4.812950611114502,RoadOption.STRAIGHT,94.03038024902344,111.47434997558594,2.040785935966009,2.8,1.2,4.5,3.0,10.0,0.6,0.01,0.06,0.55,0.16,0.2,0.35,1.5,12,10.0,14.0,0.9,1.2,0.6,0.01,0.06,0.65,0.3,0.72,0.005,0.38,0.22,0.01,0.14,1.0,0.28
pid,ground_truth,curvy,400.0,0.05,0.1,1.0,78.39309890195727,96.87409973144531,102.67032623291016,17.07864921066389,2.3657952337805526,0.736059208155537,-0.11408928846677657,0.736059208155537,0.11408928846677657,0.0533985011279583,-0.04447553679347038,0.5665692090988159,0.0,19.444444444444443,276,270,4.841397762298584,RoadOption.STRAIGHT,93.61820220947266,112.26555633544922,2.0613303595632075,2.8,1.2,4.5,3.0,10.0,0.6,0.01,0.06,0.55,0.16,0.2,0.35,1.5,12,10.0,14.0,0.9,1.2,0.6,0.01,0.06,0.65,0.3,0.72,0.005,0.38,0.22,0.01,0.14,1.0,0.28
pid,ground_truth,curvy,400.0,0.05,0.1,1.0,78.44309890270233,96.65911102294922,103.49754333496094,17.10251478836741,2.3419296560770313,0.7295652983775656,-0.1146372338610604,0.7295652983775656,0.1146372338610604,0.06420930474996567,0.01081080362200737,0.49840089678764343,0.0,19.444444444444443,277,271,4.868951320648193,RoadOption.STRAIGHT,93.18987274169922,113.0481185913086,2.081874783160406,2.8,1.2,4.5,3.0,10.0,0.6,0.01,0.06,0.55,0.16,0.2,0.35,1.5,12,10.0,14.0,0.9,1.2,0.6,0.01,0.06,0.65,0.3,0.72,0.005,0.38,0.22,0.01,0.14,1.0,0.28
pid,ground_truth,curvy,400.0,0.05,0.1,1.0,78.49309890344739,96.43095397949219,104.32191467285156,17.107495185831628,2.3369492586128153,0.719511542582288,-0.11661782676375232,0.719511542582288,0.11661782676375232,0.07995720952749252,0.015747904777526855,0.5501837134361267,0.0,19.444444444444443,278,272,4.896014213562012,RoadOption.STRAIGHT,92.74554443359375,113.82172393798828,2.102418940441495,2.8,1.2,4.5,3.0,10.0,0.6,0.01,0.06,0.55,0.16,0.2,0.35,1.5,12,10.0,14.0,0.9,1.2,0.6,0.01,0.06,0.65,0.3,0.72,0.005,0.38,0.22,0.01,0.14,1.0,0.28
pid,ground_truth,curvy,400.0,0.05,0.1,1.0,78.54309890419245,96.18775177001953,105.14161682128906,17.09512608140919,2.349318363035252,0.7082893130393786,-0.11801625265215288,0.7082893130393786,0.11801625265215288,0.0782478079199791,-0.0017094016075134277,0.6014835238456726,0.0,19.444444444444443,279,273,4.92375373840332,RoadOption.STRAIGHT,92.2854232788086,114.58604431152344,2.1229633640386933,2.8,1.2,4.5,3.0,10.0,0.6,0.01,0.06,0.55,0.16,0.2,0.35,1.5,12,10.0,14.0,0.9,1.2,0.6,0.01,0.06,0.65,0.3,0.72,0.005,0.38,0.22,0.01,0.14,1.0,0.28
pid,ground_truth,curvy,400.0,0.05,0.1,1.0,78.5930989049375,95.92900848388672,105.95598602294922,17.08713660580371,2.3573078386407325,0.6966319242608339,-0.11858603596737538,0.6966319242608339,0.11858603596737538,0.07357627153396606,-0.004671536386013031,0.5909782648086548,0.0,19.444444444444443,280,274,4.952382564544678,RoadOption.STRAIGHT,91.80968475341797,115.34074401855469,2.1435076544778373,2.8,1.2,4.5,3.0,10.0,0.6,0.01,0.06,0.55,0.16,0.2,0.35,1.5,12,10.0,14.0,0.9,1.2,0.6,0.01,0.06,0.65,0.3,0.72,0.005,0.38,0.22,0.01,0.14,1.0,0.28
pid,ground_truth,curvy,400.0,0.05,0.1,1.0,78.64309890568256,95.65486145019531,106.76519012451172,17.08755437756656,2.3568900668778845,0.6843267175649219,-0.11900801384209814,0.6843267175649219,0.11900801384209814,0.07412893325090408,0.0005526617169380188,0.5673460364341736,0.0,19.444444444444443,281,275,4.981478691101074,RoadOption.STRAIGHT,91.31855773925781,116.08551025390625,2.164051944916981,2.8,1.2,4.5,3.0,10.0,0.6,0.01,0.06,0.55,0.16,0.2,0.35,1.5,12,10.0,14.0,0.9,1.2,0.6,0.01,0.06,0.65,0.3,0.72,0.005,0.38,0.22,0.01,0.14,1.0,0.28
pid,ground_truth,curvy,400.0,0.05,0.1,1.0,78.69309890642762,95.36518096923828,107.56903076171875,17.08844252129173,2.3560019231527143,0.6715417062331108,-0.11947313492648082,0.6715417062331108,0.11947313492648082,0.07607095688581467,0.0019420236349105835,0.5658336281776428,0.0,19.444444444444443,282,276,5.0109171867370605,RoadOption.STRAIGHT,90.8122329711914,116.82003021240234,2.184596368514179,2.8,1.2,4.5,3.0,10.0,0.6,0.01,0.06,0.55,0.16,0.2,0.35,1.5,12,10.0,14.0,0.9,1.2,0.6,0.01,0.06,0.65,0.3,0.72,0.005,0.38,0.22,0.01,0.14,1.0,0.28
pid,ground_truth,curvy,400.0,0.05,0.1,1.0,78.74309890717268,95.05977630615234,108.36698913574219,17.086408368875524,2.3580360755689185,0.6586628641108248,-0.1198201448165177,0.6586628641108248,0.1198201448165177,0.0764240249991417,0.00035306811332702637,0.5744635462760925,0.0,19.444444444444443,283,277,5.040785312652588,RoadOption.STRAIGHT,90.29092407226562,117.54399871826172,2.205140658953323,2.8,1.2,4.5,3.0,10.0,0.6,0.01,0.06,0.55,0.16,0.2,0.35,1.5,12,10.0,14.0,0.9,1.2,0.6,0.01,0.06,0.65,0.3,0.72,0.005,0.38,0.22,0.01,0.14,1.0,0.28
pid,ground_truth,curvy,400.0,0.05,0.1,1.0,78.79309890791774,94.73856353759766,109.15853881835938,17.083548821928698,2.360895622515745,0.6459670515867881,-0.12000323714146077,0.6459670515867881,0.12000323714146077,0.07607856392860413,-0.00034546107053756714,0.5774037837982178,0.0,19.444444444444443,284,278,5.071234703063965,RoadOption.STRAIGHT,89.75485229492188,118.2571029663086,2.2256849493924666,2.8,1.2,4.5,3.0,10.0,0.6,0.01,0.06,0.55,0.16,0.2,0.35,1.5,12,10.0,14.0,0.9,1.2,0.6,0.01,0.06,0.65,0.3,0.72,0.005,0.38,0.22,0.01,0.14,1.0,0.28
pid,ground_truth,curvy,400.0,0.05,0.1,1.0,78.8430989086628,94.40158081054688,109.94341278076172,17.08156673730224,2.3628777071422036,0.6335405267478555,-0.12009391777657807,0.6335405267478555,0.12009391777657807,0.07612816989421844,4.960596561431885e-05,0.5753829479217529,0.0,19.444444444444443,285,279,5.102171421051025,RoadOption.STRAIGHT,89.2042465209961,118.95904541015625,2.246229372989665,2.8,1.2,4.5,3.0,10.0,0.6,0.01,0.06,0.55,0.16,0.2,0.35,1.5,12,10.0,14.0,0.9,1.2,0.6,0.01,0.06,0.65,0.3,0.72,0.005,0.38,0.22,0.01,0.14,1.0,0.28
pid,ground_truth,curvy,400.0,0.05,0.1,1.0,78.89309890940785,94.04886627197266,110.72124481201172,17.080150409776973,2.36429403466747,0.6214794457347195,-0.12013799309261897,0.6214794457347195,0.12013799309261897,0.07510612159967422,-0.00102204829454422,0.5741103887557983,0.0,19.444444444444443,286,280,5.133586406707764,RoadOption.STRAIGHT,88.6477279663086,119.63875579833984,2.2693754386557616,2.8,1.2,4.5,3.0,10.0,0.6,0.01,0.06,0.55,0.16,0.2,0.35,1.5,12,10.0,14.0,0.9,1.2,0.6,0.01,0.06,0.65,0.3,0.72,0.005,0.38,0.22,0.01,0.14,1.0,0.28
pid,ground_truth,curvy,400.0,0.05,0.1,1.0,78.94309891015291,93.68052673339844,111.49174499511719,17.07913857822675,2.3653058662176925,0.6098380487675699,-0.12021735529310318,0.6098380487675699,0.12021735529310318,0.07737195491790771,0.00226583331823349,0.5732004046440125,0.0,19.444444444444443,287,281,5.165421485900879,RoadOption.STRAIGHT,88.08870697021484,120.28605651855469,2.2969354275125555,2.8,1.2,4.5,3.0,10.0,0.6,0.01,0.06,0.55,0.16,0.2,0.35,1.5,12,10.0,14.0,0.9,1.2,0.6,0.01,0.06,0.65,0.3,0.72,0.005,0.38,0.22,0.01,0.14,1.0,0.28
pid,ground_truth,curvy,400.0,0.05,0.1,1.0,78.99309891089797,93.29654693603516,112.25447082519531,17.077049752691,2.367394691753443,0.5988216499252319,-0.12021029791621451,0.5988216499252319,0.12021029791621451,0.08248339593410492,0.005111441016197205,0.576675534248352,0.0,19.444444444444443,288,282,5.19770622253418,RoadOption.STRAIGHT,87.51204681396484,120.91769409179688,2.32449541636935,2.8,1.2,4.5,3.0,10.0,0.6,0.01,0.06,0.55,0.16,0.2,0.35,1.5,12,10.0,14.0,0.9,1.2,0.6,0.01,0.06,0.65,0.3,0.72,0.005,0.38,0.22,0.01,0.14,1.0,0.28
pid,ground_truth,curvy,400.0,0.05,0.1,1.0,79.04309891164303,92.89675903320312,113.00884246826172,17.0733222814615,2.3711221629829424,0.5888612052629334,-0.11974371209323298,0.5888612052629334,0.11974371209323298,0.08450642228126526,0.0020230263471603394,0.5820838212966919,0.0,19.444444444444443,289,283,5.230489730834961,RoadOption.STRAIGHT,86.91819763183594,121.53321075439453,2.3520554052261438,2.8,1.2,4.5,3.0,10.0,0.6,0.01,0.06,0.55,0.16,0.2,0.35,1.5,12,10.0,14.0,0.9,1.2,0.6,0.01,0.06,0.65,0.3,0.72,0.005,0.38,0.22,0.01,0.14,1.0,0.28
pid,ground_truth,curvy,400.0,0.05,0.1,1.0,79.09309891238809,92.48097229003906,113.75433349609375,17.070247595421645,2.3741968490227983,0.5803771490712379,-0.11867831449914634,0.5803771490712379,0.11867831449914634,0.085108682513237,0.0006022602319717407,0.5809324383735657,0.0,19.444444444444443,290,284,5.263712406158447,RoadOption.STRAIGHT,86.3076171875,122.13212585449219,2.379615127766829,2.8,1.2,4.5,3.0,10.0,0.6,0.01,0.06,0.55,0.16,0.2,0.35,1.5,12,10.0,14.0,0.9,1.2,0.6,0.01,0.06,0.65,0.3,0.72,0.005,0.38,0.22,0.01,0.14,1.0,0.28
pid,ground_truth,curvy,400.0,0.05,0.1,1.0,79.14309891313314,92.04924774169922,114.49057006835938,17.068371712668366,2.376072731776077,0.5735065642853412,-0.11712968632526533,0.5735065642853412,0.11712968632526533,0.08650130778551102,0.0013926252722740173,0.5779884457588196,0.0,19.444444444444443,291,285,5.297292709350586,RoadOption.STRAIGHT,85.68077087402344,122.71399688720703,2.407175116623623,2.8,1.2,4.5,3.0,10.0,0.6,0.01,0.06,0.55,0.16,0.2,0.35,1.5,12,10.0,14.0,0.9,1.2,0.6,0.01,0.06,0.65,0.3,0.72,0.005,0.38,0.22,0.01,0.14,1.0,0.28
pid,ground_truth,curvy,400.0,0.05,0.1,1.0,79.1930989138782,91.60153198242188,115.21709442138672,17.06638231875463,2.3780621256898122,0.5818088878899839,-0.1177743044671189,0.5818088878899839,0.1177743044671189,0.08832963556051254,0.0018283277750015259,0.5787439942359924,0.0,19.444444444444443,292,286,5.317523002624512,RoadOption.STRAIGHT,85.03812408447266,123.27836608886719,2.4347351054804167,2.8,1.2,4.5,3.0,10.0,0.6,0.01,0.06,0.55,0.16,0.2,0.35,1.5,12,10.0,14.0,0.9,1.2,0.6,0.01,0.06,0.65,0.3,0.72,0.005,0.38,0.22,0.01,0.14,1.0,0.28
pid,ground_truth,curvy,400.0,0.05,0.1,1.0,79.24309891462326,91.13777923583984,115.93333435058594,17.063686526924233,2.38075791752021,0.6102295238407054,-0.12241459635047303,0.6102295238407054,0.12241459635047303,0.08983631432056427,0.0015066787600517273,0.5813149809837341,0.0,19.444444444444443,293,287,5.314417362213135,RoadOption.STRAIGHT,84.38017272949219,123.82482147216797,2.4622950943372106,2.8,1.2,4.5,3.0,10.0,0.6,0.01,0.06,0.55,0.16,0.2,0.35,1.5,12,10.0,14.0,0.9,1.2,0.6,0.01,0.06,0.65,0.3,0.72,0.005,0.38,0.22,0.01,0.14,1.0,0.28
pid,ground_truth,curvy,400.0,0.05,0.1,1.0,79.29309891536832,90.65796661376953,116.63875579833984,17.06074743336133,2.3836970110831146,0.634364998710399,-0.12663530720408556,0.634364998710399,0.12663530720408556,0.09111655503511429,0.0012802407145500183,0.5826427936553955,0.0,19.444444444444443,294,288,5.310944080352783,RoadOption.STRAIGHT,83.70740509033203,124.3529281616211,2.489855083194005,2.8,1.2,4.5,3.0,10.0,0.6,0.01,0.06,0.55,0.16,0.2,0.35,1.5,12,10.0,14.0,0.9,1.2,0.6,0.01,0.06,0.65,0.3,0.72,0.005,0.38,0.22,0.01,0.14,1.0,0.28
pid,ground_truth,curvy,400.0,0.05,0.1,1.0,79.34309891611338,90.1620864868164,117.3327865600586,17.057930823397182,2.3865136210472606,0.6545790636279301,-0.13046266916469262,0.6545790636279301,0.13046266916469262,0.09232640266418457,0.001209847629070282,0.5829194784164429,0.0,19.444444444444443,295,289,5.307200908660889,RoadOption.STRAIGHT,83.02034759521484,124.86229705810547,2.517415072050799,2.8,1.2,4.5,3.0,10.0,0.6,0.01,0.06,0.55,0.16,0.2,0.35,1.5,12,10.0,14.0,0.9,1.2,0.6,0.01,0.06,0.65,0.3,0.72,0.005,0.38,0.22,0.01,0.14,1.0,0.28
pid,ground_truth,curvy,400.0,0.05,0.1,1.0,79.39309891685843,89.65016174316406,118.01490020751953,17.05519919317833,2.3892452512661144,0.671161175474853,-0.13392264805292386,0.671161175474853,0.13392264805292386,0.09351985156536102,0.0011934489011764526,0.5832825303077698,0.0,19.444444444444443,296,290,5.303221225738525,RoadOption.STRAIGHT,82.31951141357422,125.3525390625,2.5449750609075927,2.8,1.2,4.5,3.0,10.0,0.6,0.01,0.06,0.55,0.16,0.2,0.35,1.5,12,10.0,14.0,0.9,1.2,0.6,0.01,0.06,0.65,0.3,0.72,0.005,0.38,0.22,0.01,0.14,1.0,0.28
pid,ground_truth,curvy,400.0,0.05,0.1,1.0,79.44309891760349,89.12222290039062,118.68453979492188,17.052410747582915,2.392033696861528,0.6844424373516573,-0.13703641599944438,0.6844424373516573,0.13703641599944438,0.09462186694145203,0.0011020153760910034,0.5840550661087036,0.0,19.444444444444443,297,291,5.299067974090576,RoadOption.STRAIGHT,81.60543060302734,125.82328033447266,2.572534783448278,2.8,1.2,4.5,3.0,10.0,0.6,0.01,0.06,0.55,0.16,0.2,0.35,1.5,12,10.0,14.0,0.9,1.2,0.6,0.01,0.06,0.65,0.3,0.72,0.005,0.38,0.22,0.01,0.14,1.0,0.28
pid,ground_truth,curvy,400.0,0.05,0.1,1.0,79.49309891834855,88.578369140625,119.34114074707031,17.0495620606075,2.378086413061485,0.6946885892021606,-0.1398242130285392,0.6946885892021606,0.1398242130285392,0.09565269947052002,0.0010308325290679932,0.5341266393661499,0.0,19.427648473668985,298,292,5.294816493988037,RoadOption.STRAIGHT,80.87864685058594,126.27416229248047,2.600094772305072,2.8,1.2,4.5,3.0,10.0,0.6,0.01,0.06,0.55,0.16,0.2,0.35,1.5,12,10.0,14.0,0.9,1.2,0.6,0.01,0.06,0.65,0.3,0.72,0.005,0.38,0.22,0.01,0.14,1.0,0.28
pid,ground_truth,curvy,400.0,0.05,0.1,1.0,79.54309891909361,88.01878356933594,119.98404693603516,17.041903719699466,2.1747213526384996,0.7022320481477835,-0.14231027390612816,0.7022320481477835,0.14231027390612816,0.09659767150878906,0.000944972038269043,0.0,0.040983472019433975,19.216625072337965,299,293,5.290656089782715,RoadOption.STRAIGHT,80.13971710205078,126.70486450195312,2.6276547611618657,2.8,1.2,4.5,3.0,10.0,0.6,0.01,0.06,0.55,0.16,0.2,0.35,1.5,12,10.0,14.0,0.9,1.2,0.6,0.01,0.06,0.65,0.3,0.72,0.005,0.38,0.22,0.01,0.14,1.0,0.28
pid,ground_truth,curvy,400.0,0.05,0.1,1.0,79.59309891983867,87.4442367553711,120.61211395263672,17.001899378457736,2.0255845263454795,0.7074181372738679,-0.1445385407901978,0.7074181372738679,0.1445385407901978,0.09762740135192871,0.0010297298431396484,0.07804547995328903,0.0,19.027483904803216,300,294,5.287495136260986,RoadOption.STRAIGHT,79.38920593261719,127.11502838134766,2.6552147500186596,2.8,1.2,4.5,3.0,10.0,0.6,0.01,0.06,0.55,0.16,0.2,0.35,1.5,12,10.0,14.0,0.9,1.2,0.6,0.01,0.06,0.65,0.3,0.72,0.005,0.38,0.22,0.01,0.14,1.0,0.28
pid,ground_truth,curvy,400.0,0.05,0.1,1.0,79.64309892058372,86.85731506347656,121.22251892089844,16.881901706309648,1.972242354743571,0.7110369026783276,-0.1465806527140705,0.7110369026783276,0.1465806527140705,0.09869758784770966,0.0010701864957809448,0.33453524112701416,0.0,18.85414406105322,301,295,5.2886962890625,RoadOption.STRAIGHT,78.62767028808594,127.50433349609375,2.682774738875454,2.8,1.2,4.5,3.0,10.0,0.6,0.01,0.06,0.55,0.16,0.2,0.35,1.5,12,10.0,14.0,0.9,1.2,0.6,0.01,0.06,0.65,0.3,0.72,0.005,0.38,0.22,0.01,0.14,1.0,0.28
pid,ground_truth,curvy,400.0,0.05,0.1,1.0,79.69309892132878,86.26075744628906,121.81259155273438,16.712151868889734,1.9798647326727838,0.7140090676732349,-0.1484906718478749,0.7140090676732349,0.1484906718478749,0.09950029850006104,0.0008027106523513794,0.506912887096405,0.0,18.692016601562518,302,296,5.297607898712158,RoadOption.STRAIGHT,77.85569763183594,127.8725357055664,2.710334727732248,2.8,1.2,4.5,3.0,10.0,0.6,0.01,0.06,0.55,0.16,0.2,0.35,1.5,12,10.0,14.0,0.9,1.2,0.6,0.01,0.06,0.65,0.3,0.72,0.005,0.38,0.22,0.01,0.14,1.0,0.28
pid,ground_truth,curvy,400.0,0.05,0.1,1.0,79.74309892207384,85.65544891357422,122.38152313232422,16.55270688329248,1.9861566873093395,0.7170609446652585,-0.15029496348640414,0.7170609446652585,0.15029496348640414,0.0999397337436676,0.0004394352436065674,0.5045719146728516,0.0,18.53886357060182,303,297,5.314917087554932,RoadOption.STRAIGHT,77.07386779785156,128.21932983398438,2.7378947165890417,2.8,1.2,4.5,3.0,10.0,0.6,0.01,0.06,0.55,0.16,0.2,0.35,1.5,12,10.0,14.0,0.9,1.2,0.6,0.01,0.06,0.65,0.3,0.72,0.005,0.38,0.22,0.01,0.14,1.0,0.28
pid,ground_truth,curvy,400.0,0.05,0.1,1.0,79.7930989228189,85.04070281982422,122.92987823486328,16.42726277685245,1.9637826875572557,0.7206352156578832,-0.15203640452320677,0.7206352156578832,0.15203640452320677,0.10030192881822586,0.00036219507455825806,0.41938498616218567,0.0,18.391045464409707,304,298,5.3391900062561035,RoadOption.STRAIGHT,76.28278350830078,128.54441833496094,2.7654547054458356,2.8,1.2,4.5,3.0,10.0,0.6,0.01,0.06,0.55,0.16,0.2,0.35,1.5,12,10.0,14.0,0.9,1.2,0.6,0.01,0.06,0.65,0.3,0.72,0.005,0.38,0.22,0.01,0.14,1.0,0.28
pid,ground_truth,curvy,400.0,0.05,0.1,1.0,79.84309892356396,84.41606903076172,123.45823669433594,16.31892613583551,1.9258157984816116,0.7249150090851435,-0.15376000238070597,0.7249150090851435,0.15376000238070597,0.10079652070999146,0.0004945918917655945,0.36737218499183655,0.0,18.244741934317123,305,299,5.3691511154174805,RoadOption.STRAIGHT,75.48303985595703,128.84759521484375,2.79301469430263,2.8,1.2,4.5,3.0,10.0,0.6,0.01,0.06,0.55,0.16,0.2,0.35,1.5,12,10.0,14.0,0.9,1.2,0.6,0.01,0.06,0.65,0.3,0.72,0.005,0.38,0.22,0.01,0.14,1.0,0.28
pid,ground_truth,curvy,400.0,0.05,0.1,1.0,79.89309892430902,83.78191375732422,123.96652221679688,16.20902744726262,1.889071872760553,0.7301094585822008,-0.15548759497984,0.7301094585822008,0.15548759497984,0.10124073177576065,0.00044421106576919556,0.3627128303050995,0.0,18.098099320023174,306,300,5.4045329093933105,RoadOption.STRAIGHT,74.67523956298828,129.12863159179688,2.820574683159424,2.8,1.2,4.5,3.0,10.0,0.6,0.01,0.06,0.55,0.16,0.2,0.35,1.5,12,10.0,14.0,0.9,1.2,0.6,0.01,0.06,0.65,0.3,0.72,0.005,0.38,0.22,0.01,0.14,1.0,0.28
pid,ground_truth,curvy,400.0,0.05,0.1,1.0,79.94309892505407,83.13908386230469,124.45442962646484,16.092861000982825,1.8567420444453937,0.7364190308997549,-0.15723702549991359,0.7364190308997549,0.15723702549991359,0.10164626687765121,0.00040553510189056396,0.36795973777770996,0.0,17.94960304542822,307,301,5.445619106292725,RoadOption.STRAIGHT,73.8600082397461,129.3872833251953,2.8481346720162177,2.8,1.2,4.5,3.0,10.0,0.6,0.01,0.06,0.55,0.16,0.2,0.35,1.5,12,10.0,14.0,0.9,1.2,0.6,0.01,0.06,0.65,0.3,0.72,0.005,0.38,0.22,0.01,0.14,1.0,0.28
pid,ground_truth,curvy,400.0,0.05,0.1,1.0,79.99309892579913,82.48838806152344,124.92169952392578,15.97312963361407,1.8250836187007398,0.744130584673703,-0.15902054448193947,0.744130584673703,0.15902054448193947,0.10192061215639114,0.0002743452787399292,0.3628748059272766,0.0,17.79821325231481,308,302,5.492654800415039,RoadOption.STRAIGHT,73.0379638671875,129.62338256835938,2.8756946608730116,2.8,1.2,4.5,3.0,10.0,0.6,0.01,0.06,0.55,0.16,0.2,0.35,1.5,12,10.0,14.0,0.9,1.2,0.6,0.01,0.06,0.65,0.3,0.72,0.005,0.38,0.22,0.01,0.14,1.0,0.28
pid,ground_truth,curvy,400.0,0.05,0.1,1.0,80.04309892654419,81.8305435180664,125.3681869506836,15.851779091191982,1.7906588790047913,0.7534273486577223,-0.1608557287891128,0.7534273486577223,0.1608557287891128,0.10214939713478088,0.00022878497838974,0.3475556969642639,0.0,17.642437970196774,309,303,5.545717239379883,RoadOption.STRAIGHT,72.209716796875,129.8367462158203,2.903254383413697,2.8,1.2,4.5,3.0,10.0,0.6,0.01,0.06,0.55,0.16,0.2,0.35,1.5,12,10.0,14.0,0.9,1.2,0.6,0.01,0.06,0.65,0.3,0.72,0.005,0.38,0.22,0.01,0.14,1.0,0.28
pid,ground_truth,curvy,400.0,0.05,0.1,1.0,80.09309892728925,81.16629791259766,125.79381561279297,15.728098168416674,1.7525288208773215,0.7644416755322114,-0.16276201949739155,0.7644416755322114,0.16276201949739155,0.10239047557115555,0.0002410784363746643,0.32879218459129333,0.0,17.480626989293995,310,304,5.604866981506348,RoadOption.STRAIGHT,71.37590789794922,130.02720642089844,2.9308143722704907,2.8,1.2,4.5,3.0,10.0,0.6,0.01,0.06,0.55,0.16,0.2,0.35,1.5,12,10.0,14.0,0.9,1.2,0.6,0.01,0.06,0.65,0.3,0.72,0.005,0.38,0.22,0.01,0.14,1.0,0.28
pid,ground_truth,curvy,400.0,0.05,0.1,1.0,80.1430989280343,80.49644470214844,126.19849395751953,15.600260170664823,1.7109377460018376,0.7773959027328339,-0.1647580587344062,0.7773959027328339,0.1647580587344062,0.10264166444540024,0.00025118887424468994,0.3099513053894043,0.0,17.31119791666666,311,305,5.670270919799805,RoadOption.STRAIGHT,70.53717041015625,130.19459533691406,2.958374361127285,2.8,1.2,4.5,3.0,10.0,0.6,0.01,0.06,0.55,0.16,0.2,0.35,1.5,12,10.0,14.0,0.9,1.2,0.6,0.01,0.06,0.65,0.3,0.72,0.005,0.38,0.22,0.01,0.14,1.0,0.28
pid,ground_truth,curvy,400.0,0.05,0.1,1.0,80.19309892877936,79.82186889648438,126.58212280273438,15.466749350985953,1.666429359951529,0.7924898376366383,-0.16685529809284372,0.7924898376366383,0.16685529809284372,0.10281039029359818,0.000168725848197937,0.2919909656047821,0.0,17.133178710937482,312,306,5.74216890335083,RoadOption.STRAIGHT,69.69412994384766,130.3388214111328,2.985934349984079,2.8,1.2,4.5,3.0,10.0,0.6,0.01,0.06,0.55,0.16,0.2,0.35,1.5,12,10.0,14.0,0.9,1.2,0.6,0.01,0.06,0.65,0.3,0.72,0.005,0.38,0.22,0.01,0.14,1.0,0.28
pid,ground_truth,curvy,400.0,0.05,0.1,1.0,80.24309892952442,79.14351654052734,126.94465637207031,15.326723821874223,1.6185118190401493,0.809873750667129,-0.16906945022313513,0.809873750667129,0.16906945022313513,0.0028103897348046303,-0.10000000055879354,0.27190348505973816,0.0,16.945235640914373,312,307,5.820815086364746,RoadOption.STRAIGHT,69.69412994384766,130.3388214111328,2.985934349984079,2.8,1.2,4.5,3.0,10.0,0.6,0.01,0.06,0.55,0.16,0.2,0.35,1.5,12,10.0,14.0,0.9,1.2,0.6,0.01,0.06,0.65,0.3,0.72,0.005,0.38,0.22,0.01,0.14,1.0,0.28
pid,ground_truth,curvy,400.0,0.05,0.1,1.0,80.29309893026948,78.46476745605469,127.29231262207031,15.19893201717924,1.9213036237351329,0.6734177800420538,-0.14999003154158963,0.6734177800420538,0.14999003154158963,0.10281039029359818,0.10000000055879354,1.0,0.0,17.120235640914373,313,307,5.058924198150635,RoadOption.STRAIGHT,68.84744262695312,130.4597625732422,3.013494338840873,2.8,1.2,4.5,3.0,10.0,0.6,0.01,0.06,0.55,0.16,0.2,0.35,1.5,12,10.0,14.0,0.9,1.2,0.6,0.01,0.06,0.65,0.3,0.72,0.005,0.38,0.22,0.01,0.14,1.0,0.28
pid,ground_truth,curvy,400.0,0.05,0.1,1.0,80.34309893101454,77.78599548339844,127.62448120117188,15.055896626939047,2.239339013975327,0.6809859682954751,-0.1621039523920329,0.6809859682954751,0.1621039523920329,0.18703077733516693,0.08422038704156876,1.0,0.0,17.295235640914374,314,308,5.151641845703125,RoadOption.STRAIGHT,67.99774169921875,130.55731201171875,3.0410543276976667,2.8,1.2,4.5,3.0,10.0,0.6,0.01,0.06,0.55,0.16,0.2,0.35,1.5,12,10.0,14.0,0.9,1.2,0.6,0.01,0.06,0.65,0.3,0.72,0.005,0.38,0.22,0.01,0.14,1.0,0.28
pid,ground_truth,curvy,400.0,0.05,0.1,1.0,80.3930989317596,77.10380554199219,127.93303680419922,14.929844432608194,2.150437142912631,0.6944580605100978,-0.16747847778792213,0.6944580605100978,0.16747847778792213,0.13473983108997345,-0.05229094624519348,0.2741709351539612,0.0,17.080281575520825,315,309,5.251306056976318,RoadOption.STRAIGHT,67.14567565917969,130.63143920898438,3.068614316554461,2.8,1.2,4.5,3.0,10.0,0.6,0.01,0.06,0.55,0.16,0.2,0.35,1.5,12,10.0,14.0,0.9,1.2,0.6,0.01,0.06,0.65,0.3,0.72,0.005,0.38,0.22,0.01,0.14,1.0,0.28
pid,ground_truth,curvy,400.0,0.05,0.1,1.0,80.44309893250465,76.41563415527344,128.2197265625,14.903018414391616,2.1721768981083844,0.7130607303587158,-0.16753839891244882,0.7130607303587158,0.16753839891244882,0.08977258205413818,-0.044967249035835266,0.5887502431869507,0.0,17.0751953125,316,310,5.354047775268555,RoadOption.STRAIGHT,66.2918930053711,130.68203735351562,3.096174305411255,2.8,1.2,4.5,3.0,10.0,0.6,0.01,0.06,0.55,0.16,0.2,0.35,1.5,12,10.0,14.0,0.9,1.2,0.6,0.01,0.06,0.65,0.3,0.72,0.005,0.38,0.22,0.01,0.14,1.0,0.28
pid,ground_truth,curvy,400.0,0.05,0.1,1.0,80.49309893324971,75.72160339355469,128.48980712890625,14.890654757468944,2.094434579915305,0.7316767510239851,-0.16859993492295455,0.7316767510239851,0.16859993492295455,0.0972842425107956,0.00751166045665741,0.2930971086025238,0.0,16.98508933738425,317,311,5.457531929016113,RoadOption.STRAIGHT,65.4370346069336,130.70909118652344,3.123734294268049,2.8,1.2,4.5,3.0,10.0,0.6,0.01,0.06,0.55,0.16,0.2,0.35,1.5,12,10.0,14.0,0.9,1.2,0.6,0.01,0.06,0.65,0.3,0.72,0.005,0.38,0.22,0.01,0.14,1.0,0.28
pid,ground_truth,curvy,400.0,0.05,0.1,1.0,80.54309893399477,75.0221939086914,128.74342346191406,14.867015997085081,1.8900731232852674,0.7500967900043577,-0.1712859991984086,0.7500967900043577,0.1712859991984086,0.11393469572067261,0.016650453209877014,0.0,0.10639598965644836,16.75708912037035,318,312,5.561794757843018,RoadOption.STRAIGHT,64.56018829345703,130.71270751953125,3.1471855581950687,2.8,1.2,4.5,3.0,10.0,0.6,0.01,0.06,0.55,0.16,0.2,0.35,1.5,12,10.0,14.0,0.9,1.2,0.6,0.01,0.06,0.65,0.3,0.72,0.005,0.38,0.22,0.01,0.14,1.0,0.28
pid,ground_truth,curvy,400.0,0.05,0.1,1.0,80.59309893473983,74.31959533691406,128.97804260253906,14.768886702056884,1.7852492209755244,0.7705216359670407,-0.17367698522508146,0.7705216359670407,0.17367698522508146,0.11463702470064163,0.0007023289799690247,0.1492478996515274,0.0,16.55413592303241,319,313,5.669210910797119,RoadOption.STRAIGHT,63.56019973754883,130.7071075439453,3.1471855581950687,2.8,1.2,4.5,3.0,10.0,0.6,0.01,0.06,0.55,0.16,0.2,0.35,1.5,12,10.0,14.0,0.9,1.2,0.6,0.01,0.06,0.65,0.3,0.72,0.005,0.38,0.22,0.01,0.14,1.0,0.28
pid,ground_truth,curvy,400.0,0.05,0.1,1.0,80.64309893548489,73.61775970458984,129.1921844482422,14.613293303250062,1.7950590187985629,0.7941582445986921,-0.1753944578120734,0.7941582445986921,0.1753944578120734,0.014637026935815811,-0.09999999776482582,0.4723804295063019,0.0,16.408352322048625,319,314,5.783440113067627,RoadOption.STRAIGHT,63.56019973754883,130.7071075439453,3.1471855581950687,2.8,1.2,4.5,3.0,10.0,0.6,0.01,0.06,0.55,0.16,0.2,0.35,1.5,12,10.0,14.0,0.9,1.2,0.6,0.01,0.06,0.65,0.3,0.72,0.005,0.38,0.22,0.01,0.14,1.0,0.28
pid,ground_truth,curvy,400.0,0.05,0.1,1.0,80.69309893622994,72.91964721679688,129.39215087890625,14.466449628815012,2.116902693233614,0.6652704680565433,-0.15526788418990867,0.6652704680565433,0.15526788418990867,0.11463702470064163,0.09999999776482582,1.0,0.0,16.583352322048626,320,314,5.057940483093262,RoadOption.STRAIGHT,62.56021499633789,130.70152282714844,3.1471855581950687,2.8,1.2,4.5,3.0,10.0,0.6,0.01,0.06,0.55,0.16,0.2,0.35,1.5,12,10.0,14.0,0.9,1.2,0.6,0.01,0.06,0.65,0.3,0.72,0.005,0.38,0.22,0.01,0.14,1.0,0.28
pid,ground_truth,curvy,400.0,0.05,0.1,1.0,80.743098936975,72.22450256347656,129.57737731933594,14.340804116984552,2.417548205064074,0.6809408233495791,-0.16591014222197442,0.6809408233495791,0.16591014222197442,0.12981082499027252,0.01517380028963089,1.0,0.0,16.758352322048626,321,315,5.18705415725708,RoadOption.STRAIGHT,61.56023025512695,130.6959228515625,3.1471855581950687,2.8,1.2,4.5,3.0,10.0,0.6,0.01,0.06,0.55,0.16,0.2,0.35,1.5,12,10.0,14.0,0.9,1.2,0.6,0.01,0.06,0.65,0.3,0.72,0.005,0.38,0.22,0.01,0.14,1.0,0.28
pid,ground_truth,curvy,400.0,0.05,0.1,1.0,80.79309893772006,71.52859497070312,129.7418975830078,14.293809707975644,2.41438347055443,0.7014096742822806,-0.1718620409421927,0.7014096742822806,0.1718620409421927,0.029810830950737,-0.09999999403953552,0.5723031163215637,0.0,16.708193178530074,321,316,5.320424556732178,RoadOption.STRAIGHT,61.56023025512695,130.6959228515625,3.1471855581950687,2.8,1.2,4.5,3.0,10.0,0.6,0.01,0.06,0.55,0.16,0.2,0.35,1.5,12,10.0,14.0,0.9,1.2,0.6,0.01,0.06,0.65,0.3,0.72,0.005,0.38,0.22,0.01,0.14,1.0,0.28
pid,ground_truth,curvy,400.0,0.05,0.1,1.0,80.84309893846512,70.82826232910156,129.89401245117188,14.362452017073746,2.5207411614563284,0.5812486896004205,-0.15268621582918618,0.5812486896004205,0.15268621582918618,0.07842504978179932,0.04861421883106232,0.9023646116256714,0.0,16.883193178530075,322,316,4.604305744171143,RoadOption.STRAIGHT,60.560245513916016,130.69033813476562,3.1471855581950687,2.8,1.2,4.5,3.0,10.0,0.6,0.01,0.06,0.55,0.16,0.2,0.35,1.5,12,10.0,14.0,0.9,1.2,0.6,0.01,0.06,0.65,0.3,0.72,0.005,0.38,0.22,0.01,0.14,1.0,0.28
pid,ground_truth,curvy,400.0,0.05,0.1,1.0,80.89309893921018,70.12217712402344,130.0350799560547,14.428341249359494,2.629851929170581,0.5902392438413776,-0.16369971851720866,0.5902392438413776,0.16369971851720866,0.08241531252861023,0.003990262746810913,0.9340775609016418,0.0,17.058193178530075,323,317,4.733376502990723,RoadOption.STRAIGHT,59.56026077270508,130.6847381591797,3.1471855581950687,2.8,1.2,4.5,3.0,10.0,0.6,0.01,0.06,0.55,0.16,0.2,0.35,1.5,12,10.0,14.0,0.9,1.2,0.6,0.01,0.06,0.65,0.3,0.72,0.005,0.38,0.22,0.01,0.14,1.0,0.28
pid,ground_truth,curvy,400.0,0.05,0.1,1.0,80.94309893995523,69.40888214111328,130.16249084472656,14.541201451791844,2.3753024544581525,0.5773262100493081,-0.1694079379976845,0.5773262100493081,0.1694079379976845,0.05436907708644867,-0.02804623544216156,0.0,0.14017198979854584,16.916503906249996,324,318,4.879812717437744,RoadOption.STRAIGHT,58.56027603149414,130.6791534423828,3.1471855581950687,2.8,1.2,4.5,3.0,10.0,0.6,0.01,0.06,0.55,0.16,0.2,0.35,1.5,12,10.0,14.0,0.9,1.2,0.6,0.01,0.06,0.65,0.3,0.72,0.005,0.38,0.22,0.01,0.14,1.0,0.28
pid,ground_truth,curvy,400.0,0.05,0.1,1.0,80.99309894070029,68.68685913085938,130.27920532226562,14.678189025391086,2.413314880858911,0.4565682966283874,-0.1527061895373616,0.4565682966283874,0.1527061895373616,0.01255054958164692,-0.04181852750480175,0.6873640418052673,0.0,17.091503906249997,324,319,5.144486427307129,RoadOption.STRAIGHT,58.56027603149414,130.6791534423828,3.1471855581950687,2.8,1.2,4.5,3.0,10.0,0.6,0.01,0.06,0.55,0.16,0.2,0.35,1.5,12,10.0,14.0,0.9,1.2,0.6,0.01,0.06,0.65,0.3,0.72,0.005,0.38,0.22,0.01,0.14,1.0,0.28
pid,ground_truth,curvy,400.0,0.05,0.1,1.0,81.04309894144535,67.95795440673828,130.3893585205078,14.784775031887582,2.4817288743624157,0.34234014787496586,-0.14073927517909057,0.34234014787496586,0.14073927517909057,0.07931794226169586,0.06676739268004894,0.787539541721344,0.0,17.266503906249998,325,319,4.409219264984131,RoadOption.STRAIGHT,57.560298919677734,130.67355346679688,3.1471855581950687,2.8,1.2,4.5,3.0,10.0,0.6,0.01,0.06,0.55,0.16,0.2,0.35,1.5,12,10.0,14.0,0.9,1.2,0.6,0.01,0.06,0.65,0.3,0.72,0.005,0.38,0.22,0.01,0.14,1.0,0.28
pid,ground_truth,curvy,400.0,0.05,0.1,1.0,81.09309894219041,67.22267150878906,130.48992919921875,14.882679775558852,2.5588241306911463,0.23766685710407964,-0.12908821172610274,0.23766685710407964,0.12908821172610274,0.0694287046790123,-0.009889237582683563,0.8288080096244812,0.0,17.44150390625,326,320,4.667255878448486,RoadOption.STRAIGHT,56.5603141784668,130.66796875,3.1471855581950687,2.8,1.2,4.5,3.0,10.0,0.6,0.01,0.06,0.55,0.16,0.2,0.35,1.5,12,10.0,14.0,0.9,1.2,0.6,0.01,0.06,0.65,0.3,0.72,0.005,0.38,0.22,0.01,0.14,1.0,0.28
pid,ground_truth,curvy,400.0,0.05,0.1,1.0,81.14309894293547,66.4801254272461,130.57852172851562,15.009006740864878,2.607497165385121,0.14491564777440172,-0.11473137660559463,0.14491564777440172,0.11473137660559463,0.032768573611974716,-0.03666013106703758,0.7599338889122009,0.0,17.61650390625,327,321,4.921296119689941,RoadOption.STRAIGHT,55.56032943725586,130.66236877441406,3.1471855581950687,2.8,1.2,4.5,3.0,10.0,0.6,0.01,0.06,0.55,0.16,0.2,0.35,1.5,12,10.0,14.0,0.9,1.2,0.6,0.01,0.06,0.65,0.3,0.72,0.005,0.38,0.22,0.01,0.14,1.0,0.28
pid,ground_truth,curvy,400.0,0.05,0.1,1.0,81.19309894368052,65.7294921875,130.6591796875,15.158015997802732,2.633487908447268,0.06006891274041908,-0.10177589685068611,0.06006891274041908,0.10177589685068611,0.026819583028554916,-0.0059489905834198,0.7021414041519165,0.0,17.79150390625,327,322,5.169341087341309,RoadOption.STRAIGHT,55.56032943725586,130.66236877441406,3.1471855581950687,2.8,1.2,4.5,3.0,10.0,0.6,0.01,0.06,0.55,0.16,0.2,0.35,1.5,12,10.0,14.0,0.9,1.2,0.6,0.01,0.06,0.65,0.3,0.72,0.005,0.38,0.22,0.01,0.14,1.0,0.28
pid,ground_truth,curvy,400.0,0.05,0.1,1.0,81.24309894442558,64.97084045410156,130.73345947265625,15.301381399023708,2.665122507226293,-0.01845275531403285,-0.09139462860544834,0.01845275531403285,0.09139462860544834,0.04681367799639702,0.019994094967842102,0.7249038219451904,0.0,17.96650390625,328,322,4.410806179046631,RoadOption.STRAIGHT,54.56034469604492,130.6567840576172,3.1471855581950687,2.8,1.2,4.5,3.0,10.0,0.6,0.01,0.06,0.55,0.16,0.2,0.35,1.5,12,10.0,14.0,0.9,1.2,0.6,0.01,0.06,0.65,0.3,0.72,0.005,0.38,0.22,0.01,0.14,1.0,0.28
pid,ground_truth,curvy,400.0,0.05,0.1,1.0,81.29309894517064,64.2046890258789,130.7996368408203,15.432021579052048,2.7094823271979536,-0.08892117585349164,-0.08116489422623596,0.08892117585349164,0.08116489422623596,0.03698403015732765,-0.009829647839069366,0.7702935934066772,0.0,18.14150390625,329,323,4.645849227905273,RoadOption.STRAIGHT,53.560359954833984,130.65118408203125,3.1471855581950687,2.8,1.2,4.5,3.0,10.0,0.6,0.01,0.06,0.55,0.16,0.2,0.35,1.5,12,10.0,14.0,0.9,1.2,0.6,0.01,0.06,0.65,0.3,0.72,0.005,0.38,0.22,0.01,0.14,1.0,0.28
pid,ground_truth,curvy,400.0,0.05,0.1,1.0,81.3430989459157,63.43124771118164,130.85789489746094,15.567282643765207,2.749221262484795,-0.1514959216061913,-0.07089787559176264,0.1514959216061913,0.07089787559176264,0.025729283690452576,-0.011254746466875076,0.7660977244377136,0.0,18.316503906250002,330,324,4.874250411987305,RoadOption.STRAIGHT,52.56037521362305,130.6455841064453,3.1471855581950687,2.8,1.2,4.5,3.0,10.0,0.6,0.01,0.06,0.55,0.16,0.2,0.35,1.5,12,10.0,14.0,0.9,1.2,0.6,0.01,0.06,0.65,0.3,0.72,0.005,0.38,0.22,0.01,0.14,1.0,0.28
pid,ground_truth,curvy,400.0,0.05,0.1,1.0,81.39309894666076,62.65032958984375,130.9097137451172,15.709410412979807,2.782093493270196,-0.2076886771543032,-0.061798386779179815,0.2076886771543032,0.061798386779179815,0.04089425504207611,0.015164971351623535,0.7541028261184692,0.0,18.491503906250003,330,325,5.095506191253662,RoadOption.STRAIGHT,52.56037521362305,130.6455841064453,3.1471855581950687,2.8,1.2,4.5,3.0,10.0,0.6,0.01,0.06,0.55,0.16,0.2,0.35,1.5,12,10.0,14.0,0.9,1.2,0.6,0.01,0.06,0.65,0.3,0.72,0.005,0.38,0.22,0.01,0.14,1.0,0.28
pid,ground_truth,curvy,400.0,0.05,0.1,1.0,81.44309894740582,61.86191940307617,130.9542694091797,15.849622397154326,2.816881509095678,-0.25665312433088777,-0.05264856422199449,0.25665312433088777,0.05264856422199449,0.01941554993391037,-0.02147870510816574,0.767120361328125,0.0,18.666503906250004,331,325,4.310770511627197,RoadOption.STRAIGHT,51.56039047241211,130.63999938964844,3.1471855581950687,2.8,1.2,4.5,3.0,10.0,0.6,0.01,0.06,0.55,0.16,0.2,0.35,1.5,12,10.0,14.0,0.9,1.2,0.6,0.01,0.06,0.65,0.3,0.72,0.005,0.38,0.22,0.01,0.14,1.0,0.28
pid,ground_truth,curvy,400.0,0.05,0.1,1.0,81.49309894815087,61.066009521484375,130.99276733398438,15.994793869477274,2.8467100367727305,-0.2995937111971717,-0.044432445942991006,0.2995937111971717,0.044432445942991006,0.017669981345534325,-0.0017455685883760452,0.7597960829734802,0.0,18.841503906250004,332,326,4.5173869132995605,RoadOption.STRAIGHT,50.56040573120117,130.6343994140625,3.1471855581950687,2.8,1.2,4.5,3.0,10.0,0.6,0.01,0.06,0.55,0.16,0.2,0.35,1.5,12,10.0,14.0,0.9,1.2,0.6,0.01,0.06,0.65,0.3,0.72,0.005,0.38,0.22,0.01,0.14,1.0,0.28
pid,ground_truth,curvy,400.0,0.05,0.1,1.0,81.54309894889593,60.26258087158203,131.02622985839844,16.140374303327853,2.876129602922152,-0.33755628651284025,-0.037706898926105126,0.33755628651284025,0.037706898926105126,0.021888911724090576,0.0042189303785562515,0.7651233077049255,0.0,19.016503906250005,333,327,4.71630859375,RoadOption.STRAIGHT,49.560420989990234,130.62881469726562,3.1471855581950687,2.8,1.2,4.5,3.0,10.0,0.6,0.01,0.06,0.55,0.16,0.2,0.35,1.5,12,10.0,14.0,0.9,1.2,0.6,0.01,0.06,0.65,0.3,0.72,0.005,0.38,0.22,0.01,0.14,1.0,0.28
pid,ground_truth,curvy,400.0,0.05,0.1,1.0,81.59309894964099,59.45170211791992,131.05433654785156,16.285133601386857,2.906370304863149,-0.3701895195861552,-0.03154301258311687,0.3701895195861552,0.03154301258311687,0.019125977531075478,-0.0027629341930150986,0.774075448513031,0.0,19.191503906250006,334,328,4.907486915588379,RoadOption.STRAIGHT,48.5604362487793,130.6232147216797,3.1471855581950687,2.8,1.2,4.5,3.0,10.0,0.6,0.01,0.06,0.55,0.16,0.2,0.35,1.5,12,10.0,14.0,0.9,1.2,0.6,0.01,0.06,0.65,0.3,0.72,0.005,0.38,0.22,0.01,0.14,1.0,0.28
pid,ground_truth,curvy,400.0,0.05,0.1,1.0,81.64309895038605,58.63337707519531,131.0773162841797,16.431547827502005,2.9349560787480016,-0.39775278443898077,-0.02570696137031714,0.39775278443898077,0.02570696137031714,0.04446760565042496,0.02534162811934948,0.7757304906845093,0.0,19.366503906250006,334,329,5.090883255004883,RoadOption.STRAIGHT,48.5604362487793,130.6232147216797,3.1471855581950687,2.8,1.2,4.5,3.0,10.0,0.6,0.01,0.06,0.55,0.16,0.2,0.35,1.5,12,10.0,14.0,0.9,1.2,0.6,0.01,0.06,0.65,0.3,0.72,0.005,0.38,0.22,0.01,0.14,1.0,0.28
pid,ground_truth,curvy,400.0,0.05,0.1,1.0,81.6930989511311,57.80768966674805,131.0934600830078,16.574652165447322,2.869792278997121,-0.41851429760773956,-0.0182972482693895,0.41851429760773956,0.0182972482693895,-0.003302372060716152,-0.04776997771114111,0.49889567494392395,0.0,19.444444444444443,335,329,4.270295143127441,RoadOption.STRAIGHT,47.56045150756836,130.6176300048828,3.1471855581950687,2.8,1.2,4.5,3.0,10.0,0.6,0.01,0.06,0.55,0.16,0.2,0.35,1.5,12,10.0,14.0,0.9,1.2,0.6,0.01,0.06,0.65,0.3,0.72,0.005,0.38,0.22,0.01,0.14,1.0,0.28
pid,ground_truth,curvy,400.0,0.05,0.1,1.0,81.74309895187616,56.97486877441406,131.10585021972656,16.707035838395647,2.7374086060487954,-0.43556920195654253,-0.012554141378633865,0.43556920195654253,0.012554141378633865,0.0031074420548975468,0.006409814115613699,0.2815556228160858,0.0,19.444444444444443,336,330,4.438423156738281,RoadOption.STRAIGHT,46.56046676635742,130.61203002929688,3.1471855581950687,2.8,1.2,4.5,3.0,10.0,0.6,0.01,0.06,0.55,0.16,0.2,0.35,1.5,12,10.0,14.0,0.9,1.2,0.6,0.01,0.06,0.65,0.3,0.72,0.005,0.38,0.22,0.01,0.14,1.0,0.28
pid,ground_truth,curvy,400.0,0.05,0.1,1.0,81.79309895262122,56.13728713989258,131.1156768798828,16.77172048273216,2.6727239617122827,-0.45007203752393954,-0.009227054228797549,0.45007203752393954,0.009227054228797549,0.01766742207109928,0.014559980016201735,0.4568822681903839,0.0,19.444444444444443,337,331,4.60154914855957,RoadOption.STRAIGHT,45.560482025146484,130.6064453125,3.1471855581950687,2.8,1.2,4.5,3.0,10.0,0.6,0.01,0.06,0.55,0.16,0.2,0.35,1.5,12,10.0,14.0,0.9,1.2,0.6,0.01,0.06,0.65,0.3,0.72,0.005,0.38,0.22,0.01,0.14,1.0,0.28
pid,ground_truth,curvy,400.0,0.05,0.1,1.0,81.84309895336628,55.29869842529297,131.12132263183594,16.76947208400509,2.6749723604393516,-0.4604149213025153,-0.005888515486274226,0.4604149213025153,0.005888515486274226,0.012326004914939404,-0.005341417156159878,0.644789457321167,0.0,19.444444444444443,338,332,4.763246059417725,RoadOption.STRAIGHT,44.56049728393555,130.60084533691406,3.1471855581950687,2.8,1.2,4.5,3.0,10.0,0.6,0.01,0.06,0.55,0.16,0.2,0.35,1.5,12,10.0,14.0,0.9,1.2,0.6,0.01,0.06,0.65,0.3,0.72,0.005,0.38,0.22,0.01,0.14,1.0,0.28
pid,ground_truth,curvy,400.0,0.05,0.1,1.0,81.89309895411134,54.46065902709961,131.12307739257812,16.759389832671705,2.6850546117727383,-0.4668485439175772,-0.0023361249082176627,0.4668485439175772,0.0023361249082176627,0.005292887333780527,-0.007033117581158876,0.6689423322677612,0.0,19.444444444444443,339,333,4.925102233886719,RoadOption.STRAIGHT,43.56051254272461,130.5952606201172,3.1471855581950687,2.8,1.2,4.5,3.0,10.0,0.6,0.01,0.06,0.55,0.16,0.2,0.35,1.5,12,10.0,14.0,0.9,1.2,0.6,0.01,0.06,0.65,0.3,0.72,0.005,0.38,0.22,0.01,0.14,1.0,0.28
pid,ground_truth,curvy,400.0,0.05,0.1,1.0,81.9430989548564,53.62239074707031,131.12213134765625,16.7737629181426,2.6706815263018413,-0.4705979417678646,0.0005749764793474554,0.4705979417678646,0.0005749764793474554,0.04111568257212639,0.03582279523834586,0.5973052978515625,0.0,19.444444444444443,339,334,5.086482524871826,RoadOption.STRAIGHT,43.56051254272461,130.5952606201172,3.1471855581950687,2.8,1.2,4.5,3.0,10.0,0.6,0.01,0.06,0.55,0.16,0.2,0.35,1.5,12,10.0,14.0,0.9,1.2,0.6,0.01,0.06,0.65,0.3,0.72,0.005,0.38,0.22,0.01,0.14,1.0,0.28
pid,ground_truth,curvy,400.0,0.05,0.1,1.0,81.99309895560145,52.78306579589844,131.11607360839844,16.796758442588093,2.64768600185635,-0.46923453716615954,0.005380916982504758,0.46923453716615954,0.005380916982504758,-0.01382378675043583,-0.05493946932256222,0.5681034326553345,0.0,19.444444444444443,340,334,4.251295566558838,RoadOption.STRAIGHT,42.56052780151367,130.58966064453125,3.1471855581950687,2.8,1.2,4.5,3.0,10.0,0.6,0.01,0.06,0.55,0.16,0.2,0.35,1.5,12,10.0,14.0,0.9,1.2,0.6,0.01,0.06,0.65,0.3,0.72,0.005,0.38,0.22,0.01,0.14,1.0,0.28
pid,ground_truth,curvy,400.0,0.05,0.1,1.0,82.04309895634651,51.94251251220703,131.10809326171875,16.82157893554098,2.6228655089034625,-0.46594726446734097,0.008692824114127973,0.46594726446734097,0.008692824114127973,-0.00676108431071043,0.007062702439725399,0.5575330257415771,0.0,19.444444444444443,341,335,4.409423828125,RoadOption.STRAIGHT,41.560543060302734,130.58407592773438,3.1471855581950687,2.8,1.2,4.5,3.0,10.0,0.6,0.01,0.06,0.55,0.16,0.2,0.35,1.5,12,10.0,14.0,0.9,1.2,0.6,0.01,0.06,0.65,0.3,0.72,0.005,0.38,0.22,0.01,0.14,1.0,0.28
pid,ground_truth,curvy,400.0,0.05,0.1,1.0,82.09309895709157,51.10086441040039,131.0997772216797,16.841347122178558,2.603097322265885,-0.4623456853912425,0.00942599236222641,0.4623456853912425,0.00942599236222641,0.011613989248871803,0.018375073559582233,0.5673304796218872,0.0,19.444444444444443,342,336,4.566520690917969,RoadOption.STRAIGHT,40.5605583190918,130.57847595214844,3.1471855581950687,2.8,1.2,4.5,3.0,10.0,0.6,0.01,0.06,0.55,0.16,0.2,0.35,1.5,12,10.0,14.0,0.9,1.2,0.6,0.01,0.06,0.65,0.3,0.72,0.005,0.38,0.22,0.01,0.14,1.0,0.28
pid,ground_truth,curvy,400.0,0.05,0.1,1.0,82.14309895783663,50.2584228515625,131.08917236328125,16.856168065690454,2.5882763787539886,-0.45644450290939803,0.010435596731475094,0.45644450290939803,0.010435596731475094,0.006538208108395338,-0.005075781140476465,0.5779221653938293,0.0,19.444444444444443,343,337,4.722676753997803,RoadOption.STRAIGHT,39.560577392578125,130.57289123535156,3.1471855581950687,2.8,1.2,4.5,3.0,10.0,0.6,0.01,0.06,0.55,0.16,0.2,0.35,1.5,12,10.0,14.0,0.9,1.2,0.6,0.01,0.06,0.65,0.3,0.72,0.005,0.38,0.22,0.01,0.14,1.0,0.28
pid,ground_truth,curvy,400.0,0.05,0.1,1.0,82.19309895858169,49.415283203125,131.07640075683594,16.87085942797593,2.5735850164685132,-0.4483957691477528,0.011995676498044006,0.4483957691477528,0.011995676498044006,-0.0009677134803496301,-0.007505921588744968,0.5750529170036316,0.0,19.444444444444443,344,338,4.87802267074585,RoadOption.STRAIGHT,38.56059265136719,130.56729125976562,3.1471855581950687,2.8,1.2,4.5,3.0,10.0,0.6,0.01,0.06,0.55,0.16,0.2,0.35,1.5,12,10.0,14.0,0.9,1.2,0.6,0.01,0.06,0.65,0.3,0.72,0.005,0.38,0.22,0.01,0.14,1.0,0.28
pid,ground_truth,curvy,400.0,0.05,0.1,1.0,82.24309895932674,48.5713996887207,131.06260681152344,16.886048320425406,2.558396124019037,-0.43931361430784627,0.013064403043491879,0.43931361430784627,0.013064403043491879,0.03366844356060028,0.03463615704094991,0.5703182220458984,0.0,19.444444444444443,344,339,5.032634258270264,RoadOption.STRAIGHT,38.56059265136719,130.56729125976562,3.1471855581950687,2.8,1.2,4.5,3.0,10.0,0.6,0.01,0.06,0.55,0.16,0.2,0.35,1.5,12,10.0,14.0,0.9,1.2,0.6,0.01,0.06,0.65,0.3,0.72,0.005,0.38,0.22,0.01,0.14,1.0,0.28
pid,ground_truth,curvy,400.0,0.05,0.1,1.0,82.2930989600718,47.72694778442383,131.0453338623047,16.897353245015566,2.547091199428877,-0.42676384956414465,0.016139555154206953,0.42676384956414465,0.016139555154206953,-0.01914450153708458,-0.05281294509768486,0.5787062644958496,0.0,19.444444444444443,345,339,4.190674304962158,RoadOption.STRAIGHT,37.56060791015625,130.5616912841797,3.1471855581950687,2.8,1.2,4.5,3.0,10.0,0.6,0.01,0.06,0.55,0.16,0.2,0.35,1.5,12,10.0,14.0,0.9,1.2,0.6,0.01,0.06,0.65,0.3,0.72,0.005,0.38,0.22,0.01,0.14,1.0,0.28
pid,ground_truth,curvy,400.0,0.05,0.1,1.0,82.34309896081686,46.881893157958984,131.02769470214844,16.91040068354988,2.534043760894562,-0.41385834845491076,0.017800302409980873,0.41385834845491076,0.017800302409980873,-0.010777570307254791,0.008366931229829788,0.570956826210022,0.0,19.444444444444443,346,340,4.343509674072266,RoadOption.STRAIGHT,36.56062316894531,130.5561065673828,3.1471855581950687,2.8,1.2,4.5,3.0,10.0,0.6,0.01,0.06,0.55,0.16,0.2,0.35,1.5,12,10.0,14.0,0.9,1.2,0.6,0.01,0.06,0.65,0.3,0.72,0.005,0.38,0.22,0.01,0.14,1.0,0.28
pid,ground_truth,curvy,400.0,0.05,0.1,1.0,82.39309896156192,46.036102294921875,131.010986328125,16.924804219220206,2.5196402252242365,-0.4018724780497984,0.017084711025075805,0.4018724780497984,0.017084711025075805,0.007676590699702501,0.018454161006957293,0.5639909505844116,0.0,19.444444444444443,347,341,4.495874404907227,RoadOption.STRAIGHT,35.560638427734375,130.55050659179688,3.1471855581950687,2.8,1.2,4.5,3.0,10.0,0.6,0.01,0.06,0.55,0.16,0.2,0.35,1.5,12,10.0,14.0,0.9,1.2,0.6,0.01,0.06,0.65,0.3,0.72,0.005,0.38,0.22,0.01,0.14,1.0,0.28
pid,ground_truth,curvy,400.0,0.05,0.1,1.0,82.44309896230698,45.189666748046875,130.99322509765625,16.93734879657193,2.5070956478725144,-0.388852631853131,0.01681732965163185,0.388852631853131,0.01681732965163185,0.002810935489833355,-0.004865655209869146,0.566436231136322,0.0,19.444444444444443,348,342,4.647651672363281,RoadOption.STRAIGHT,34.56065368652344,130.544921875,3.1471855581950687,2.8,1.2,4.5,3.0,10.0,0.6,0.01,0.06,0.55,0.16,0.2,0.35,1.5,12,10.0,14.0,0.9,1.2,0.6,0.01,0.06,0.65,0.3,0.72,0.005,0.38,0.22,0.01,0.14,1.0,0.28
pid,ground_truth,curvy,400.0,0.05,0.1,1.0,82.49309896305203,44.34266662597656,130.97442626953125,16.94855224402131,2.495892200423132,-0.374783124611964,0.017212276441290975,0.374783124611964,0.017212276441290975,-0.004141491837799549,-0.006952427327632904,0.5677266120910645,0.0,19.444444444444443,349,343,4.798917770385742,RoadOption.STRAIGHT,33.560672760009766,130.53932189941406,3.1471855581950687,2.8,1.2,4.5,3.0,10.0,0.6,0.01,0.06,0.55,0.16,0.2,0.35,1.5,12,10.0,14.0,0.9,1.2,0.6,0.01,0.06,0.65,0.3,0.72,0.005,0.38,0.22,0.01,0.14,1.0,0.28
pid,ground_truth,curvy,400.0,0.05,0.1,1.0,82.54309896379709,43.49513626098633,130.95565795898438,16.9589452456499,2.4854991987945425,-0.3607623372695118,0.017226391195068302,0.3607623372695118,0.017226391195068302,-0.0021265323739498854,0.0020149594638496637,0.5677094459533691,0.0,19.444444444444443,350,344,4.949803352355957,RoadOption.STRAIGHT,32.56068801879883,130.5337371826172,3.1471855581950687,2.8,1.2,4.5,3.0,10.0,0.6,0.01,0.06,0.55,0.16,0.2,0.35,1.5,12,10.0,14.0,0.9,1.2,0.6,0.01,0.06,0.65,0.3,0.72,0.005,0.38,0.22,0.01,0.14,1.0,0.28
pid,ground_truth,curvy,400.0,0.05,0.1,1.0,82.59309896454215,42.64708709716797,130.93702697753906,16.968965847323172,2.4754785971212705,-0.34688177845798834,0.01688870236884643,0.34688177845798834,0.01688870236884643,0.02581360563635826,0.027940138010308146,0.5665476322174072,0.0,19.444444444444443,350,345,5.100308895111084,RoadOption.STRAIGHT,32.56068801879883,130.5337371826172,3.1471855581950687,2.8,1.2,4.5,3.0,10.0,0.6,0.01,0.06,0.55,0.16,0.2,0.35,1.5,12,10.0,14.0,0.9,1.2,0.6,0.01,0.06,0.65,0.3,0.72,0.005,0.38,0.22,0.01,0.14,1.0,0.28
pid,ground_truth,curvy,400.0,0.05,0.1,1.0,82.64309896528721,41.79867935180664,130.9161834716797,16.976648979522665,2.467795464921778,-0.33078363744442296,0.018565961223377947,0.33078363744442296,0.018565961223377947,-0.018602246418595314,-0.044415852054953575,0.5714022517204285,0.0,19.444444444444443,351,345,4.252871513366699,RoadOption.STRAIGHT,31.56070327758789,130.52813720703125,3.1471855581950687,2.8,1.2,4.5,3.0,10.0,0.6,0.01,0.06,0.55,0.16,0.2,0.35,1.5,12,10.0,14.0,0.9,1.2,0.6,0.01,0.06,0.65,0.3,0.72,0.005,0.38,0.22,0.01,0.14,1.0,0.28
pid,ground_truth,curvy,400.0,0.05,0.1,1.0,82.69309896603227,40.94984817504883,130.89581298828125,16.984982862373325,2.4594615820711176,-0.31515271903657743,0.019171297739152493,0.31515271903657743,0.019171297739152493,-0.011511859484016895,0.007090386934578419,0.5677466988563538,0.0,19.444444444444443,352,346,4.4023518562316895,RoadOption.STRAIGHT,30.560718536376953,130.52255249023438,3.1471855581950687,2.8,1.2,4.5,3.0,10.0,0.6,0.01,0.06,0.55,0.16,0.2,0.35,1.5,12,10.0,14.0,0.9,1.2,0.6,0.01,0.06,0.65,0.3,0.72,0.005,0.38,0.22,0.01,0.14,1.0,0.28
pid,ground_truth,curvy,400.0,0.05,0.1,1.0,82.74309896677732,40.10051727294922,130.87701416015625,16.994659918848992,2.449784525595451,-0.3011114847730934,0.01783279297527951,0.3011114847730934,0.01783279297527951,0.004533073399215937,0.016044932883232832,0.5618568658828735,0.0,19.444444444444443,353,347,4.551605224609375,RoadOption.STRAIGHT,29.560733795166016,130.51695251464844,3.1471855581950687,2.8,1.2,4.5,3.0,10.0,0.6,0.01,0.06,0.55,0.16,0.2,0.35,1.5,12,10.0,14.0,0.9,1.2,0.6,0.01,0.06,0.65,0.3,0.72,0.005,0.38,0.22,0.01,0.14,1.0,0.28
pid,ground_truth,curvy,400.0,0.05,0.1,1.0,82.79309896752238,39.250728607177734,130.8579559326172,17.003477599277826,2.440966845166617,-0.2867981568174084,0.016947025596719456,0.2867981568174084,0.016947025596719456,0.0006659131613560021,-0.0038671602378599346,0.5623232126235962,0.0,19.444444444444443,354,348,4.700510501861572,RoadOption.STRAIGHT,28.560749053955078,130.51136779785156,3.1471855581950687,2.8,1.2,4.5,3.0,10.0,0.6,0.01,0.06,0.55,0.16,0.2,0.35,1.5,12,10.0,14.0,0.9,1.2,0.6,0.01,0.06,0.65,0.3,0.72,0.005,0.38,0.22,0.01,0.14,1.0,0.28
pid,ground_truth,curvy,400.0,0.05,0.1,1.0,82.84309896826744,38.40053939819336,130.83860778808594,17.011159211354887,2.4332852330895562,-0.27221243647774895,0.016698020034796812,0.27221243647774895,0.016698020034796812,-0.005049772560596466,-0.005715685721952468,0.5638142228126526,0.0,19.444444444444443,355,349,4.849112033843994,RoadOption.STRAIGHT,27.56076431274414,130.50576782226562,3.1471855581950687,2.8,1.2,4.5,3.0,10.0,0.6,0.01,0.06,0.55,0.16,0.2,0.35,1.5,12,10.0,14.0,0.9,1.2,0.6,0.01,0.06,0.65,0.3,0.72,0.005,0.38,0.22,0.01,0.14,1.0,0.28
pid,ground_truth,curvy,400.0,0.05,0.1,1.0,82.8930989690125,37.54998016357422,130.81980895996094,17.018053758831062,2.426390685613381,-0.25816281357464305,0.016192019427681004,0.25816281357464305,0.016192019427681004,-0.003172443015500903,0.001877329545095563,0.5645012259483337,0.0,19.444444444444443,356,350,4.9974870681762695,RoadOption.STRAIGHT,26.560779571533203,130.50018310546875,3.1471855581950687,2.8,1.2,4.5,3.0,10.0,0.6,0.01,0.06,0.55,0.16,0.2,0.35,1.5,12,10.0,14.0,0.9,1.2,0.6,0.01,0.06,0.65,0.3,0.72,0.005,0.38,0.22,0.01,0.14,1.0,0.28
pid,ground_truth,curvy,400.0,0.05,0.1,1.0,82.94309896975756,36.699073791503906,130.80162048339844,17.024762389172892,2.419682055271551,-0.24474073273492464,0.015443671161369465,0.24474073273492464,0.015443671161369465,0.016886522993445396,0.0200589660089463,0.5635458827018738,0.0,19.444444444444443,356,351,5.145643711090088,RoadOption.STRAIGHT,26.560779571533203,130.50018310546875,3.1471855581950687,2.8,1.2,4.5,3.0,10.0,0.6,0.01,0.06,0.55,0.16,0.2,0.35,1.5,12,10.0,14.0,0.9,1.2,0.6,0.01,0.06,0.65,0.3,0.72,0.005,0.38,0.22,0.01,0.14,1.0,0.28
pid,ground_truth,curvy,400.0,0.05,0.1,1.0,82.99309897050261,35.8478889465332,130.78225708007812,17.030453743093922,2.413990701350521,-0.2301382030834672,0.016189622582700736,0.2301382030834672,0.016189622582700736,-0.014622235670685768,-0.031508758664131165,0.5651421546936035,0.0,19.444444444444443,357,351,4.294711112976074,RoadOption.STRAIGHT,25.560794830322266,130.4945831298828,3.1471855581950687,2.8,1.2,4.5,3.0,10.0,0.6,0.01,0.06,0.55,0.16,0.2,0.35,1.5,12,10.0,14.0,0.9,1.2,0.6,0.01,0.06,0.65,0.3,0.72,0.005,0.38,0.22,0.01,0.14,1.0,0.28
pid,ground_truth,curvy,400.0,0.05,0.1,1.0,83.04309897124767,34.99640655517578,130.76365661621094,17.036056858274446,2.4083875861699973,-0.21629210443636251,0.016199476278734082,0.21629210443636251,0.016199476278734082,-0.009288905188441277,0.005333330482244492,0.5641565322875977,0.0,19.444444444444443,358,352,4.442235946655273,RoadOption.STRAIGHT,24.56081199645996,130.48899841308594,3.1471855581950687,2.8,1.2,4.5,3.0,10.0,0.6,0.01,0.06,0.55,0.16,0.2,0.35,1.5,12,10.0,14.0,0.9,1.2,0.6,0.01,0.06,0.65,0.3,0.72,0.005,0.38,0.22,0.01,0.14,1.0,0.28
pid,ground_truth,curvy,400.0,0.05,0.1,1.0,83.09309897199273,34.14458465576172,130.7465057373047,17.04233948570977,2.4021049587346717,-0.2039127254550092,0.014863102043731757,0.2039127254550092,0.014863102043731757,0.002256843028590083,0.01154574821703136,0.5608717203140259,0.0,19.444444444444443,359,353,4.589595317840576,RoadOption.STRAIGHT,23.560827255249023,130.4833984375,3.1471855581950687,2.8,1.2,4.5,3.0,10.0,0.6,0.01,0.06,0.55,0.16,0.2,0.35,1.5,12,10.0,14.0,0.9,1.2,0.6,0.01,0.06,0.65,0.3,0.72,0.005,0.38,0.22,0.01,0.14,1.0,0.28
pid,ground_truth,curvy,400.0,0.05,0.1,1.0,83.14309897273779,33.29245376586914,130.7294921875,17.048255877419972,2.3961885670244705,-0.19165714302220632,0.013896108251923778,0.19165714302220632,0.013896108251923778,-0.00046017710701562464,-0.0027170201356057078,0.5605955719947815,0.0,19.444444444444443,360,354,4.736730098724365,RoadOption.STRAIGHT,22.560842514038086,130.47779846191406,3.1471855581950687,2.8,1.2,4.5,3.0,10.0,0.6,0.01,0.06,0.55,0.16,0.2,0.35,1.5,12,10.0,14.0,0.9,1.2,0.6,0.01,0.06,0.65,0.3,0.72,0.005,0.38,0.22,0.01,0.14,1.0,0.28
pid,ground_truth,curvy,400.0,0.05,0.1,1.0,83.19309897348285,32.4400520324707,130.7125701904297,17.053468627817495,2.3909758166269484,-0.17950988523627592,0.013418070836254792,0.17950988523627592,0.013418070836254792,-0.004466209560632706,-0.004006032453617081,0.5614189505577087,0.0,19.444444444444443,361,355,4.883668899536133,RoadOption.STRAIGHT,21.56085777282715,130.4722137451172,3.1471855581950687,2.8,1.2,4.5,3.0,10.0,0.6,0.01,0.06,0.55,0.16,0.2,0.35,1.5,12,10.0,14.0,0.9,1.2,0.6,0.01,0.06,0.65,0.3,0.72,0.005,0.38,0.22,0.01,0.14,1.0,0.28
pid,ground_truth,curvy,400.0,0.05,0.1,1.0,83.2430989742279,31.58739471435547,130.69635009765625,17.058140394791707,2.386304049652736,-0.16805069167233772,0.012780776387399051,0.16805069167233772,0.012780776387399051,0.00970524363219738,0.014171453192830086,0.5619059205055237,0.0,19.444444444444443,361,356,5.030441761016846,RoadOption.STRAIGHT,21.56085777282715,130.4722137451172,3.1471855581950687,2.8,1.2,4.5,3.0,10.0,0.6,0.01,0.06,0.55,0.16,0.2,0.35,1.5,12,10.0,14.0,0.9,1.2,0.6,0.01,0.06,0.65,0.3,0.72,0.005,0.38,0.22,0.01,0.14,1.0,0.28
pid,ground_truth,curvy,400.0,0.05,0.1,1.0,83.29309897497296,30.734525680541992,130.6796875,17.062413097828575,2.382031346615868,-0.1561583449020935,0.012989568216861258,0.1561583449020935,0.012989568216861258,-0.010592026636004448,-0.020297270268201828,0.5620833039283752,0.0,19.444444444444443,362,356,4.177605152130127,RoadOption.STRAIGHT,20.56087303161621,130.46661376953125,3.1471855581950687,2.8,1.2,4.5,3.0,10.0,0.6,0.01,0.06,0.55,0.16,0.2,0.35,1.5,12,10.0,14.0,0.9,1.2,0.6,0.01,0.06,0.65,0.3,0.72,0.005,0.38,0.22,0.01,0.14,1.0,0.28
pid,ground_truth,curvy,400.0,0.05,0.1,1.0,83.34309897571802,29.88143539428711,130.66378784179688,17.066479805374726,2.3779646390697167,-0.1450372609840798,0.012700348922479066,0.1450372609840798,0.012700348922479066,-0.006675692740827799,0.003916333895176649,0.5617654323577881,0.0,19.444444444444443,363,357,4.323952674865723,RoadOption.STRAIGHT,19.560890197753906,130.46102905273438,3.1471855581950687,2.8,1.2,4.5,3.0,10.0,0.6,0.01,0.06,0.55,0.16,0.2,0.35,1.5,12,10.0,14.0,0.9,1.2,0.6,0.01,0.06,0.65,0.3,0.72,0.005,0.38,0.22,0.01,0.14,1.0,0.28
pid,ground_truth,curvy,400.0,0.05,0.1,1.0,83.39309897646308,29.028106689453125,130.64906311035156,17.07082050569538,2.3736239387490627,-0.1350771710102994,0.011565043349778037,0.1350771710102994,0.011565043349778037,0.000888494832906872,0.007564187573734671,0.5600433349609375,0.0,19.444444444444443,364,358,4.4701619148254395,RoadOption.STRAIGHT,18.560895919799805,130.45542907714844,3.1471855581950687,2.8,1.2,4.5,3.0,10.0,0.6,0.01,0.06,0.55,0.16,0.2,0.35,1.5,12,10.0,14.0,0.9,1.2,0.6,0.01,0.06,0.65,0.3,0.72,0.005,0.38,0.22,0.01,0.14,1.0,0.28
pid,ground_truth,curvy,400.0,0.05,0.1,1.0,83.44309897720814,28.174564361572266,130.63461303710938,17.074958840994807,2.369485603449636,-0.12540817759386272,0.010715494962042271,0.12540817759386272,0.010715494962042271,-0.0008541133138351142,-0.0017426081467419863,0.5596994757652283,0.0,19.444444444444443,365,359,4.616214752197266,RoadOption.STRAIGHT,17.56505584716797,130.44969177246094,3.14797438650995,2.8,1.2,4.5,3.0,10.0,0.6,0.01,0.06,0.55,0.16,0.2,0.35,1.5,12,10.0,14.0,0.9,1.2,0.6,0.01,0.06,0.65,0.3,0.72,0.005,0.38,0.22,0.01,0.14,1.0,0.28
pid,ground_truth,curvy,400.0,0.05,0.1,1.0,83.4930989779532,27.320819854736328,130.62039184570312,17.078671158735208,2.365773285709235,-0.11596919319530816,0.010212157516017228,0.11596919319530816,0.010212157516017228,-0.0021815544459968805,-0.0013274411321617663,0.5600756406784058,0.0,19.444444444444443,366,360,4.762113094329834,RoadOption.STRAIGHT,16.57558250427246,130.4423828125,3.1499744204885998,2.8,1.2,4.5,3.0,10.0,0.6,0.01,0.06,0.55,0.16,0.2,0.35,1.5,12,10.0,14.0,0.9,1.2,0.6,0.01,0.06,0.65,0.3,0.72,0.005,0.38,0.22,0.01,0.14,1.0,0.28
pid,ground_truth,curvy,400.0,0.05,0.1,1.0,83.54309897869825,26.46689224243164,130.606689453125,17.082059157983977,2.3623852864604657,-0.10703476504640427,0.009723467455987844,0.10703476504640427,0.009723467455987844,-0.0004915865720249712,0.0016899678739719093,0.5602383613586426,0.0,19.444444444444443,367,361,4.907877445220947,RoadOption.STRAIGHT,15.586126327514648,130.43312072753906,3.15197418815114,2.8,1.2,4.5,3.0,10.0,0.6,0.01,0.06,0.55,0.16,0.2,0.35,1.5,12,10.0,14.0,0.9,1.2,0.6,0.01,0.06,0.65,0.3,0.72,0.005,0.38,0.22,0.01,0.14,1.0,0.28
pid,ground_truth,curvy,400.0,0.05,0.1,1.0,83.59309897944331,25.612794876098633,130.59336853027344,17.08531105597844,2.3591333884660024,-0.09849800862132921,0.009318400654187542,0.09849800862132921,0.009318400654187542,0.004083505365997553,0.004575091938022524,0.5599040389060974,0.0,19.444444444444443,367,362,5.053512096405029,RoadOption.STRAIGHT,15.586126327514648,130.43312072753906,3.15197418815114,2.8,1.2,4.5,3.0,10.0,0.6,0.01,0.06,0.55,0.16,0.2,0.35,1.5,12,10.0,14.0,0.9,1.2,0.6,0.01,0.06,0.65,0.3,0.72,0.005,0.38,0.22,0.01,0.14,1.0,0.28
pid,ground_truth,curvy,400.0,0.05,0.1,1.0,83.64309898018837,24.758541107177734,130.57992553710938,17.088387628659117,2.356056815785326,-0.0898329606388357,0.009393235480818163,0.0898329606388357,0.009393235480818163,-0.0033908216282725334,-0.007474326994270086,0.5597180724143982,0.0,19.444444444444443,368,362,4.199197769165039,RoadOption.STRAIGHT,14.596691131591797,130.42184448242188,3.1539742221297895,2.8,1.2,4.5,3.0,10.0,0.6,0.01,0.06,0.55,0.16,0.2,0.35,1.5,12,10.0,14.0,0.9,1.2,0.6,0.01,0.06,0.65,0.3,0.72,0.005,0.38,0.22,0.01,0.14,1.0,0.28
pid,ground_truth,curvy,400.0,0.05,0.1,1.0,83.69309898093343,23.904138565063477,130.5668182373047,17.091296208103465,2.353148236340978,-0.08149628284680384,0.009344233316760153,0.08149628284680384,0.009344233316760153,-0.0007887104293331504,0.002602111198939383,0.5595486164093018,0.0,19.444444444444443,369,363,4.344536781311035,RoadOption.STRAIGHT,13.607279777526855,130.40863037109375,3.155974256108439,2.8,1.2,4.5,3.0,10.0,0.6,0.01,0.06,0.55,0.16,0.2,0.35,1.5,12,10.0,14.0,0.9,1.2,0.6,0.01,0.06,0.65,0.3,0.72,0.005,0.38,0.22,0.01,0.14,1.0,0.28
pid,ground_truth,curvy,400.0,0.05,0.1,1.0,83.74309898167849,23.049579620361328,130.55406188964844,17.094106419716567,2.3503380247278756,-0.07352662099945494,0.009109608824724447,0.07352662099945494,0.009109608824724447,0.002579576801508665,0.0033682872308418155,0.5592057704925537,0.0,19.444444444444443,370,364,4.489767551422119,RoadOption.STRAIGHT,12.617897033691406,130.39340209960938,3.1579742900870884,2.8,1.2,4.5,3.0,10.0,0.6,0.01,0.06,0.55,0.16,0.2,0.35,1.5,12,10.0,14.0,0.9,1.2,0.6,0.01,0.06,0.65,0.3,0.72,0.005,0.38,0.22,0.01,0.14,1.0,0.28
pid,ground_truth,curvy,400.0,0.05,0.1,1.0,83.79309898242354,22.19489288330078,130.5411834716797,17.09672720928882,2.347717235155624,-0.0619436532807205,0.008359662661758804,0.0619436532807205,0.008359662661758804,0.001959766261279583,-0.0006198105402290821,0.5591595768928528,0.0,19.444444444444443,371,365,4.630741596221924,RoadOption.STRAIGHT,11.628546714782715,130.37619018554688,3.1599743240657383,2.8,1.2,4.5,3.0,10.0,0.6,0.01,0.06,0.55,0.16,0.2,0.35,1.5,12,10.0,14.0,0.9,1.2,0.6,0.01,0.06,0.65,0.3,0.72,0.005,0.38,0.22,0.01,0.14,1.0,0.28
pid,ground_truth,curvy,400.0,0.05,0.1,1.0,83.8430989831686,21.3400821685791,130.5281219482422,17.099197758215666,2.3452466862287764,-0.04580166602134745,0.006647782713055328,0.04580166602134745,0.006647782713055328,0.001355639542452991,-0.000604126718826592,0.5590367317199707,0.0,19.444444444444443,372,366,4.765271186828613,RoadOption.STRAIGHT,10.639232635498047,130.3570098876953,3.1619743580443878,2.8,1.2,4.5,3.0,10.0,0.6,0.01,0.06,0.55,0.16,0.2,0.35,1.5,12,10.0,14.0,0.9,1.2,0.6,0.01,0.06,0.65,0.3,0.72,0.005,0.38,0.22,0.01,0.14,1.0,0.28
pid,ground_truth,curvy,400.0,0.05,0.1,1.0,83.89309898391366,20.485151290893555,130.51490783691406,17.101536620199848,2.3429078242445947,-0.0309242186536631,0.005000351262732572,0.0309242186536631,0.005000351262732572,0.0015896637924015522,0.0002340242499485612,0.5588908791542053,0.0,19.444444444444443,373,367,4.899708271026611,RoadOption.STRAIGHT,9.640340805053711,130.3365020751953,3.1621453329863707,2.8,1.2,4.5,3.0,10.0,0.6,0.01,0.06,0.55,0.16,0.2,0.35,1.5,12,10.0,14.0,0.9,1.2,0.6,0.01,0.06,0.65,0.3,0.72,0.005,0.38,0.22,0.01,0.14,1.0,0.28
pid,ground_truth,curvy,400.0,0.05,0.1,1.0,83.94309898465872,19.63011360168457,130.5015106201172,17.103742618043228,2.340701826401215,-0.01733995827061134,0.0033806166877461408,0.01733995827061134,0.0033806166877461408,0.0012153449933975935,-0.0003743187990039587,0.5587776303291321,0.0,19.444444444444443,374,368,5.034053325653076,RoadOption.STRAIGHT,8.640128135681152,130.31594848632812,3.162064639205341,2.8,1.2,4.5,3.0,10.0,0.6,0.01,0.06,0.55,0.16,0.2,0.35,1.5,12,10.0,14.0,0.9,1.2,0.6,0.01,0.06,0.65,0.3,0.72,0.005,0.38,0.22,0.01,0.14,1.0,0.28
pid,ground_truth,curvy,400.0,0.05,0.1,1.0,83.99309898540378,18.774972915649414,130.48789978027344,17.10582542547472,2.338619018969723,-0.004944064908568843,0.0017576863194523895,0.004944064908568843,0.0017576863194523895,-0.0016496083699166775,-0.002864953363314271,0.5586643218994141,0.0,19.444444444444443,374,369,5.168301105499268,RoadOption.STRAIGHT,8.640128135681152,130.31594848632812,3.162064639205341,2.8,1.2,4.5,3.0,10.0,0.6,0.01,0.06,0.55,0.16,0.2,0.35,1.5,12,10.0,14.0,0.9,1.2,0.6,0.01,0.06,0.65,0.3,0.72,0.005,0.38,0.22,0.01,0.14,1.0,0.28
pid,ground_truth,curvy,400.0,0.05,0.1,1.0,84.04309898614883,17.91973304748535,130.47427368164062,17.107790479788363,2.3366539646560796,-0.00361867125137421,0.0018903117417377047,0.00361867125137421,0.0018903117417377047,0.002251074183732271,0.0039006825536489487,0.5585617423057556,0.0,19.444444444444443,375,369,4.312953472137451,RoadOption.STRAIGHT,7.629819393157959,130.29627990722656,3.1600646052266916,2.8,1.2,4.5,3.0,10.0,0.6,0.01,0.06,0.55,0.16,0.2,0.35,1.5,12,10.0,14.0,0.9,1.2,0.6,0.01,0.06,0.65,0.3,0.72,0.005,0.38,0.22,0.01,0.14,1.0,0.28
pid,ground_truth,curvy,400.0,0.05,0.1,1.0,84.09309898689389,17.06439971923828,130.46043395996094,17.109636851284385,2.3348075931600576,0.005814866527755674,7.030745277791794e-05,0.005814866527755674,7.030745277791794e-05,0.0001322224852629006,-0.0021188516984693706,0.5584878325462341,0.0,19.444444444444443,376,370,4.44700813293457,RoadOption.STRAIGHT,6.619473934173584,130.2786407470703,3.158064571248042,2.8,1.2,4.5,3.0,10.0,0.6,0.01,0.06,0.55,0.16,0.2,0.35,1.5,12,10.0,14.0,0.9,1.2,0.6,0.01,0.06,0.65,0.3,0.72,0.005,0.38,0.22,0.01,0.14,1.0,0.28
pid,ground_truth,curvy,400.0,0.05,0.1,1.0,84.14309898763895,16.2089786529541,130.4463653564453,17.11141052316868,2.3330339212757636,0.014027933531619907,-0.0017219999608455439,0.014027933531619907,0.0017219999608455439,-0.001923800795339048,-0.0020560232806019485,0.5583012104034424,0.0,19.444444444444443,377,371,4.58096981048584,RoadOption.STRAIGHT,5.609095096588135,130.26300048828125,3.1560645372693927,2.8,1.2,4.5,3.0,10.0,0.6,0.01,0.06,0.55,0.16,0.2,0.35,1.5,12,10.0,14.0,0.9,1.2,0.6,0.01,0.06,0.65,0.3,0.72,0.005,0.38,0.22,0.01,0.14,1.0,0.28
pid,ground_truth,curvy,400.0,0.05,0.1,1.0,84.19309898838401,15.353472709655762,130.43240356445312,17.113075335743652,2.331369108700791,0.020699578092529286,-0.0037521276598129205,0.020699578092529286,0.0037521276598129205,-0.0016210019821301103,0.00030279881320893764,0.558239758014679,0.0,19.444444444444443,378,372,4.714843273162842,RoadOption.STRAIGHT,4.598687171936035,130.24937438964844,3.1540645032907433,2.8,1.2,4.5,3.0,10.0,0.6,0.01,0.06,0.55,0.16,0.2,0.35,1.5,12,10.0,14.0,0.9,1.2,0.6,0.01,0.06,0.65,0.3,0.72,0.005,0.38,0.22,0.01,0.14,1.0,0.28
pid,ground_truth,curvy,400.0,0.05,0.1,1.0,84.24309898912907,14.497882843017578,130.4185791015625,17.114645993338282,2.3297984511061607,0.017768783889368367,-0.004152134455543077,0.017768783889368367,0.004152134455543077,-0.0015205551171675324,0.00010044686496257782,0.5581578016281128,0.0,19.444444444444443,379,373,4.858235836029053,RoadOption.STRAIGHT,3.5882537364959717,130.23777770996094,3.152064469312094,2.8,1.2,4.5,3.0,10.0,0.6,0.01,0.06,0.55,0.16,0.2,0.35,1.5,12,10.0,14.0,0.9,1.2,0.6,0.01,0.06,0.65,0.3,0.72,0.005,0.38,0.22,0.01,0.14,1.0,0.28
pid,ground_truth,curvy,400.0,0.05,0.1,1.0,84.29309898987412,13.642215728759766,130.40487670898438,17.116131251715217,2.328313192729226,0.01348592423905863,-0.004388623160341609,0.01348592423905863,0.004388623160341609,0.0031586913391947746,0.004679246456362307,0.558070182800293,0.0,19.444444444444443,379,374,5.002878189086914,RoadOption.STRAIGHT,3.5882537364959717,130.23777770996094,3.152064469312094,2.8,1.2,4.5,3.0,10.0,0.6,0.01,0.06,0.55,0.16,0.2,0.35,1.5,12,10.0,14.0,0.9,1.2,0.6,0.01,0.06,0.65,0.3,0.72,0.005,0.38,0.22,0.01,0.14,1.0,0.28
pid,ground_truth,curvy,400.0,0.05,0.1,1.0,84.34309899061918,12.786478996276855,130.39097595214844,17.11750315166411,2.326941292780333,0.009866361836869356,-0.004383296838161854,0.009866361836869356,0.004383296838161854,-0.005282558500766754,-0.008441249839961529,0.5580857396125793,0.0,19.444444444444443,380,374,4.147030353546143,RoadOption.STRAIGHT,2.577799081802368,130.22821044921875,3.150064701649553,2.8,1.2,4.5,3.0,10.0,0.6,0.01,0.06,0.55,0.16,0.2,0.35,1.5,12,10.0,14.0,0.9,1.2,0.6,0.01,0.06,0.65,0.3,0.72,0.005,0.38,0.22,0.01,0.14,1.0,0.28
pid,ground_truth,curvy,400.0,0.05,0.1,1.0,84.39309899136424,11.93067455291748,130.37742614746094,17.118752749732014,2.325691694712429,-0.0016917259217816422,-0.002658900032335154,0.0016917259217816422,0.002658900032335154,-0.004603398963809013,0.0006791595369577408,0.5581532716751099,0.0,19.444444444444443,381,375,4.301620960235596,RoadOption.STRAIGHT,1.567327618598938,130.2206573486328,3.1480646676709036,2.8,1.2,4.5,3.0,10.0,0.6,0.01,0.06,0.55,0.16,0.2,0.35,1.5,12,10.0,14.0,0.9,1.2,0.6,0.01,0.06,0.65,0.3,0.72,0.005,0.38,0.22,0.01,0.14,1.0,0.28
pid,ground_truth,curvy,400.0,0.05,0.1,1.0,84.4430989921093,11.074796676635742,130.36453247070312,17.12001427351215,2.324430170932292,-0.012495680892429237,-0.0014021543139266512,0.012495680892429237,0.0014021543139266512,-0.0013709410559386015,0.003232457907870412,0.5578423738479614,0.0,19.444444444444443,382,376,4.456151008605957,RoadOption.STRAIGHT,0.5656337141990662,130.2144775390625,3.14773816412126,2.8,1.2,4.5,3.0,10.0,0.6,0.01,0.06,0.55,0.16,0.2,0.35,1.5,12,10.0,14.0,0.9,1.2,0.6,0.01,0.06,0.65,0.3,0.72,0.005,0.38,0.22,0.01,0.14,1.0,0.28
pid,ground_truth,curvy,400.0,0.05,0.1,1.0,84.49309899285436,10.218850135803223,130.3519744873047,17.121260779951605,2.323183664492838,-0.02225517192635347,-0.00012330435847118792,0.02225517192635347,0.00012330435847118792,-0.0011915834620594978,0.00017935759387910366,0.5576102137565613,0.0,19.444444444444443,383,377,4.610613822937012,RoadOption.STRAIGHT,-0.4343474507331848,130.20834350585938,-3.1354468767422174,2.8,1.2,4.5,3.0,10.0,0.6,0.01,0.06,0.55,0.16,0.2,0.35,1.5,12,10.0,14.0,0.9,1.2,0.6,0.01,0.06,0.65,0.3,0.72,0.005,0.38,0.22,0.01,0.14,1.0,0.28
pid,ground_truth,curvy,400.0,0.05,0.1,1.0,84.54309899359941,9.36284065246582,130.33970642089844,17.122401241114925,2.3220432033295175,-0.030908740105110036,0.001320395268461283,0.030908740105110036,0.001320395268461283,-0.0021925591863691807,-0.0010009757243096828,0.5576562285423279,0.0,19.444444444444443,384,378,4.765010356903076,RoadOption.STRAIGHT,-1.434328556060791,130.20217895507812,-3.1354468767422174,2.8,1.2,4.5,3.0,10.0,0.6,0.01,0.06,0.55,0.16,0.2,0.35,1.5,12,10.0,14.0,0.9,1.2,0.6,0.01,0.06,0.65,0.3,0.72,0.005,0.38,0.22,0.01,0.14,1.0,0.28
pid,ground_truth,curvy,400.0,0.05,0.1,1.0,84.59309899434447,8.506771087646484,130.32786560058594,17.123433318489756,2.321011125954687,-0.0385780852114309,0.002785932816331993,0.0385780852114309,0.002785932816331993,-0.0020460865925997496,0.00014647259376943111,0.5577326416969299,0.0,19.444444444444443,385,379,4.919342517852783,RoadOption.STRAIGHT,-2.434309959411621,130.196044921875,-3.1354468767422174,2.8,1.2,4.5,3.0,10.0,0.6,0.01,0.06,0.55,0.16,0.2,0.35,1.5,12,10.0,14.0,0.9,1.2,0.6,0.01,0.06,0.65,0.3,0.72,0.005,0.38,0.22,0.01,0.14,1.0,0.28
pid,ground_truth,curvy,400.0,0.05,0.1,1.0,84.64309899508953,7.650645732879639,130.31649780273438,17.124412109942654,2.3200323345017893,-0.045307298587641896,0.004231762972136011,0.045307298587641896,0.004231762972136011,0.002867096569389105,0.004913183161988854,0.5576664805412292,0.0,19.444444444444443,385,380,5.073615074157715,RoadOption.STRAIGHT,-2.434309959411621,130.196044921875,-3.1354468767422174,2.8,1.2,4.5,3.0,10.0,0.6,0.01,0.06,0.55,0.16,0.2,0.35,1.5,12,10.0,14.0,0.9,1.2,0.6,0.01,0.06,0.65,0.3,0.72,0.005,0.38,0.22,0.01,0.14,1.0,0.28
pid,ground_truth,curvy,400.0,0.05,0.1,1.0,84.69309899583459,6.794472694396973,130.30516052246094,17.12534268581206,2.3191017586323817,-0.04122387754043031,0.004059722765717311,0.04122387754043031,0.004059722765717311,-0.004722712095826864,-0.007589808665215969,0.5575968027114868,0.0,19.444444444444443,386,380,4.217376232147217,RoadOption.STRAIGHT,-3.434290885925293,130.18988037109375,-3.1354468767422174,2.8,1.2,4.5,3.0,10.0,0.6,0.01,0.06,0.55,0.16,0.2,0.35,1.5,12,10.0,14.0,0.9,1.2,0.6,0.01,0.06,0.65,0.3,0.72,0.005,0.38,0.22,0.01,0.14,1.0,0.28
pid,ground_truth,curvy,400.0,0.05,0.1,1.0,84.74309899657965,5.938249588012695,130.29429626464844,17.126171395061473,2.31827304938297,-0.04534890271946933,0.005717274228182134,0.04534890271946933,0.005717274228182134,-0.003153395839035511,0.0015693162567913532,0.5576996803283691,0.0,19.444444444444443,387,381,4.371542930603027,RoadOption.STRAIGHT,-4.434271812438965,130.18374633789062,-3.1354468767422174,2.8,1.2,4.5,3.0,10.0,0.6,0.01,0.06,0.55,0.16,0.2,0.35,1.5,12,10.0,14.0,0.9,1.2,0.6,0.01,0.06,0.65,0.3,0.72,0.005,0.38,0.22,0.01,0.14,1.0,0.28
pid,ground_truth,curvy,400.0,0.05,0.1,1.0,84.7930989973247,5.081976413726807,130.2841033935547,17.127036729925,2.317407714519444,-0.04186948278876987,0.0054016896390081115,0.04186948278876987,0.0054016896390081115,-0.00018581881886348128,0.0029675770201720297,0.5574067831039429,0.0,19.444444444444443,388,382,4.516879558563232,RoadOption.STRAIGHT,-5.434253215789795,130.1776123046875,-3.1354468767422174,2.8,1.2,4.5,3.0,10.0,0.6,0.01,0.06,0.55,0.16,0.2,0.35,1.5,12,10.0,14.0,0.9,1.2,0.6,0.01,0.06,0.65,0.3,0.72,0.005,0.38,0.22,0.01,0.14,1.0,0.28
pid,ground_truth,curvy,400.0,0.05,0.1,1.0,84.84309899806976,4.225656032562256,130.27420043945312,17.127884962640458,2.316559481803985,-0.03721652864039384,0.004891960606366652,0.03721652864039384,0.004891960606366652,-0.000839823333080858,-0.0006540045142173767,0.5572680234909058,0.0,19.444444444444443,389,383,4.6604695320129395,RoadOption.STRAIGHT,-6.434234142303467,130.17144775390625,-3.1354468767422174,2.8,1.2,4.5,3.0,10.0,0.6,0.01,0.06,0.55,0.16,0.2,0.35,1.5,12,10.0,14.0,0.9,1.2,0.6,0.01,0.06,0.65,0.3,0.72,0.005,0.38,0.22,0.01,0.14,1.0,0.28
pid,ground_truth,curvy,400.0,0.05,0.1,1.0,84.89309899881482,3.369292736053467,130.26454162597656,17.12864985408281,2.3157945903616337,-0.03283969448699911,0.004534031755860202,0.03283969448699911,0.004534031755860202,-0.0018129675881937146,-0.0009731442551128566,0.5573331117630005,0.0,19.444444444444443,390,384,4.8040266036987305,RoadOption.STRAIGHT,-7.434215068817139,130.16531372070312,-3.1354468767422174,2.8,1.2,4.5,3.0,10.0,0.6,0.01,0.06,0.55,0.16,0.2,0.35,1.5,12,10.0,14.0,0.9,1.2,0.6,0.01,0.06,0.65,0.3,0.72,0.005,0.38,0.22,0.01,0.14,1.0,0.28
pid,ground_truth,curvy,400.0,0.05,0.1,1.0,84.94309899955988,2.512889862060547,130.25527954101562,17.129340259808504,2.3151041846359384,-0.02882930575640944,0.004154264984414624,0.02882930575640944,0.004154264984414624,-0.0012760222889482975,0.0005369452992454171,0.5573897957801819,0.0,19.444444444444443,391,385,4.947555065155029,RoadOption.STRAIGHT,-8.434196472167969,130.15914916992188,-3.1354468767422174,2.8,1.2,4.5,3.0,10.0,0.6,0.01,0.06,0.55,0.16,0.2,0.35,1.5,12,10.0,14.0,0.9,1.2,0.6,0.01,0.06,0.65,0.3,0.72,0.005,0.38,0.22,0.01,0.14,1.0,0.28
pid,ground_truth,curvy,400.0,0.05,0.1,1.0,84.99309900030494,1.6564489603042603,130.2463836669922,17.130006842951648,2.314437601492795,-0.025215874688329427,0.0037635792524999268,0.025215874688329427,0.0037635792524999268,0.0010205679573118687,0.002296590246260166,0.5573098659515381,0.0,19.444444444444443,391,386,5.091053485870361,RoadOption.STRAIGHT,-8.434196472167969,130.15914916992188,-3.1354468767422174,2.8,1.2,4.5,3.0,10.0,0.6,0.01,0.06,0.55,0.16,0.2,0.35,1.5,12,10.0,14.0,0.9,1.2,0.6,0.01,0.06,0.65,0.3,0.72,0.005,0.38,0.22,0.01,0.14,1.0,0.28
pid,ground_truth,curvy,400.0,0.05,0.1,1.0,85.04309900105,0.7999742031097412,130.2375946044922,17.130649431202542,2.3137950132419007,-0.02169064776962093,0.003572364286232421,0.02169064776962093,0.003572364286232421,-0.002489638514816761,-0.0035102064721286297,0.5572356581687927,0.0,19.444444444444443,392,386,4.234534740447998,RoadOption.STRAIGHT,-9.43417739868164,130.15301513671875,-3.1354468767422174,2.8,1.2,4.5,3.0,10.0,0.6,0.01,0.06,0.55,0.16,0.2,0.35,1.5,12,10.0,14.0,0.9,1.2,0.6,0.01,0.06,0.65,0.3,0.72,0.005,0.38,0.22,0.01,0.14,1.0,0.28
pid,ground_truth,curvy,400.0,0.05,0.1,1.0,85.09309900179505,-0.05653434619307518,130.2291717529297,17.131234268144148,2.313210176300295,-0.01852012897165631,0.0033124397638406577,0.01852012897165631,0.0033124397638406577,-0.0016734483651816845,0.0008161901496350765,0.5572686791419983,0.0,19.444444444444443,393,387,4.377973556518555,RoadOption.STRAIGHT,-10.434158325195312,130.14688110351562,-3.1354468767422174,2.8,1.2,4.5,3.0,10.0,0.6,0.01,0.06,0.55,0.16,0.2,0.35,1.5,12,10.0,14.0,0.9,1.2,0.6,0.01,0.06,0.65,0.3,0.72,0.005,0.38,0.22,0.01,0.14,1.0,0.28
pid,ground_truth,curvy,400.0,0.05,0.1,1.0,85.14309900254011,-0.9130753874778748,130.2211151123047,17.131807248401945,2.3126371960424983,-0.015716010951912208,0.0029284119346510984,0.015716010951912208,0.0029284119346510984,-0.00030421101837418973,0.0013692373468074948,0.5571758151054382,0.0,19.444444444444443,394,388,4.521387577056885,RoadOption.STRAIGHT,-11.434139251708984,130.14071655273438,-3.1354468767422174,2.8,1.2,4.5,3.0,10.0,0.6,0.01,0.06,0.55,0.16,0.2,0.35,1.5,12,10.0,14.0,0.9,1.2,0.6,0.01,0.06,0.65,0.3,0.72,0.005,0.38,0.22,0.01,0.14,1.0,0.28
pid,ground_truth,curvy,400.0,0.05,0.1,1.0,85.19309900328517,-1.7696465253829956,130.21328735351562,17.132355205785792,2.3120892386586505,-0.013171475343878053,0.0026181536676568307,0.013171475343878053,0.0026181536676568307,-0.0006305922288447618,-0.0003263812104705721,0.5571253299713135,0.0,19.444444444444443,395,389,4.664775848388672,RoadOption.STRAIGHT,-12.434121131896973,130.13458251953125,-3.1354468767422174,2.8,1.2,4.5,3.0,10.0,0.6,0.01,0.06,0.55,0.16,0.2,0.35,1.5,12,10.0,14.0,0.9,1.2,0.6,0.01,0.06,0.65,0.3,0.72,0.005,0.38,0.22,0.01,0.14,1.0,0.28
pid,ground_truth,curvy,400.0,0.05,0.1,1.0,85.24309900403023,-2.6262459754943848,130.20562744140625,17.1328664654983,2.3115779789461435,-0.010764440243321571,0.00238193127896702,0.010764440243321571,0.00238193127896702,-0.00102336669806391,-0.00039277446921914816,0.5571156144142151,0.0,19.444444444444443,396,390,4.808138370513916,RoadOption.STRAIGHT,-13.434102058410645,130.12844848632812,-3.1354468767422174,2.8,1.2,4.5,3.0,10.0,0.6,0.01,0.06,0.55,0.16,0.2,0.35,1.5,12,10.0,14.0,0.9,1.2,0.6,0.01,0.06,0.65,0.3,0.72,0.005,0.38,0.22,0.01,0.14,1.0,0.28
pid,ground_truth,curvy,400.0,0.05,0.1,1.0,85.29309900477529,-3.4828715324401855,130.19822692871094,17.133341136972096,2.3111033074723473,-0.008647474175056503,0.002142513096969001,0.008647474175056503,0.002142513096969001,-0.0007271168287843466,0.0002962498692795634,0.5571136474609375,0.0,19.444444444444443,397,391,4.951479434967041,RoadOption.STRAIGHT,-14.434082984924316,130.12228393554688,-3.1354468767422174,2.8,1.2,4.5,3.0,10.0,0.6,0.01,0.06,0.55,0.16,0.2,0.35,1.5,12,10.0,14.0,0.9,1.2,0.6,0.01,0.06,0.65,0.3,0.72,0.005,0.38,0.22,0.01,0.14,1.0,0.28
pid,ground_truth,curvy,400.0,0.05,0.1,1.0,85.34309900552034,-4.339522361755371,130.19105529785156,17.13379304591647,2.3106513985279733,-0.006729026866331103,0.001906823340497077,0.006729026866331103,0.001906823340497077,-3.2960568205453455e-05,0.0006941562605788931,0.557077944278717,0.0,19.444444444444443,397,392,5.094797611236572,RoadOption.STRAIGHT,-14.434082984924316,130.12228393554688,-3.1354468767422174,2.8,1.2,4.5,3.0,10.0,0.6,0.01,0.06,0.55,0.16,0.2,0.35,1.5,12,10.0,14.0,0.9,1.2,0.6,0.01,0.06,0.65,0.3,0.72,0.005,0.38,0.22,0.01,0.14,1.0,0.28
pid,ground_truth,curvy,400.0,0.05,0.1,1.0,85.3930990062654,-5.19619607925415,130.1840362548828,17.13422369929579,2.3102207451486514,-0.004975008809585912,0.0017419736690209575,0.004975008809585912,0.0017419736690209575,-0.001036232803016901,-0.0010032722348114476,0.5570427179336548,0.0,19.444444444444443,398,392,4.238095283508301,RoadOption.STRAIGHT,-15.434063911437988,130.11614990234375,-3.1354468767422174,2.8,1.2,4.5,3.0,10.0,0.6,0.01,0.06,0.55,0.16,0.2,0.35,1.5,12,10.0,14.0,0.9,1.2,0.6,0.01,0.06,0.65,0.3,0.72,0.005,0.38,0.22,0.01,0.14,1.0,0.28
pid,ground_truth,curvy,400.0,0.05,0.1,1.0,85.44309900701046,-6.052891731262207,130.1771697998047,17.134627917029032,2.3098165274154105,-0.0033620069873305687,0.0015667376692936053,0.0033620069873305687,0.0015667376692936053,-0.0007743687019683421,0.00026186410104855895,0.5570278167724609,0.0,19.444444444444443,399,393,4.381371974945068,RoadOption.STRAIGHT,-16.434045791625977,130.1099853515625,-3.1354468767422174,2.8,1.2,4.5,3.0,10.0,0.6,0.01,0.06,0.55,0.16,0.2,0.35,1.5,12,10.0,14.0,0.9,1.2,0.6,0.01,0.06,0.65,0.3,0.72,0.005,0.38,0.22,0.01,0.14,1.0,0.28
pid,ground_truth,curvy,400.0,0.05,0.1,1.0,85.49309900775552,-6.909609317779541,130.17054748535156,17.135011561192574,2.309432883251869,-0.002023792984968357,0.0013624732136845452,0.002023792984968357,0.0013624732136845452,-0.0003157096216455102,0.00045865908032283187,0.5570010542869568,0.0,19.444444444444443,400,394,4.524628639221191,RoadOption.STRAIGHT,-17.43402671813965,130.10385131835938,-3.1354468767422174,2.8,1.2,4.5,3.0,10.0,0.6,0.01,0.06,0.55,0.16,0.2,0.35,1.5,12,10.0,14.0,0.9,1.2,0.6,0.01,0.06,0.65,0.3,0.72,0.005,0.38,0.22,0.01,0.14,1.0,0.28
pid,ground_truth,curvy,400.0,0.05,0.1,1.0,85.54309900850058,-7.766346454620361,130.16404724121094,17.13537220839576,2.3090722360486815,-0.0007772442781234061,0.0011912319555924533,0.0007772442781234061,0.0011912319555924533,-0.00041571928886696696,-0.00010000966722145677,0.5569860935211182,0.0,19.444444444444443,401,395,4.667868137359619,RoadOption.STRAIGHT,-18.43400764465332,130.09771728515625,-3.1354468767422174,2.8,1.2,4.5,3.0,10.0,0.6,0.01,0.06,0.55,0.16,0.2,0.35,1.5,12,10.0,14.0,0.9,1.2,0.6,0.01,0.06,0.65,0.3,0.72,0.005,0.38,0.22,0.01,0.14,1.0,0.28
pid,ground_truth,curvy,400.0,0.05,0.1,1.0,85.59309900924563,-8.623101234436035,130.15769958496094,17.135715494729965,2.308728949714478,0.00031660512961706466,0.0010482202050554612,0.00031660512961706466,0.0010482202050554612,-0.0004450797277968377,-2.9360438929870725e-05,0.5569591522216797,0.0,19.444444444444443,402,396,4.811090469360352,RoadOption.STRAIGHT,-19.433988571166992,130.091552734375,-3.1354468767422174,2.8,1.2,4.5,3.0,10.0,0.6,0.01,0.06,0.55,0.16,0.2,0.35,1.5,12,10.0,14.0,0.9,1.2,0.6,0.01,0.06,0.65,0.3,0.72,0.005,0.38,0.22,0.01,0.14,1.0,0.28
pid,ground_truth,curvy,400.0,0.05,0.1,1.0,85.64309900999069,-9.479873657226562,130.15145874023438,17.136038116705123,2.30840632773932,0.0012730196001825046,0.0009161274149875887,0.0012730196001825046,0.0009161274149875887,-0.0004251020436640829,1.9977684132754803e-05,0.5569460391998291,0.0,19.444444444444443,403,397,4.954295635223389,RoadOption.STRAIGHT,-20.433969497680664,130.08541870117188,-3.1354468767422174,2.8,1.2,4.5,3.0,10.0,0.6,0.01,0.06,0.55,0.16,0.2,0.35,1.5,12,10.0,14.0,0.9,1.2,0.6,0.01,0.06,0.65,0.3,0.72,0.005,0.38,0.22,0.01,0.14,1.0,0.28
pid,ground_truth,curvy,400.0,0.05,0.1,1.0,85.69309901073575,-10.336665153503418,130.14535522460938,17.136343478275506,2.075532525017092,0.002122507343817557,0.0007888283148815844,0.002122507343817557,0.0007888283148815844,-0.00046051290701143444,-3.541086334735155e-05,0.0,0.14542949199676514,19.2118760032926,403,398,5.097482681274414,RoadOption.STRAIGHT,-20.433969497680664,130.08541870117188,-3.1354468767422174,2.8,1.2,4.5,3.0,10.0,0.6,0.01,0.06,0.55,0.16,0.2,0.35,1.5,12,10.0,14.0,0.9,1.2,0.6,0.01,0.06,0.65,0.3,0.72,0.005,0.38,0.22,0.01,0.14,1.0,0.28
pid,ground_truth,curvy,400.0,0.05,0.1,1.0,85.74309901148081,-11.192819595336914,130.13937377929688,17.104055562500147,2.1078204407924517,0.002842138671851492,0.0006636597436480152,0.002842138671851492,0.0006636597436480152,-0.00025013452977873385,0.00021037837723270059,0.6041266322135925,0.0,19.2118760032926,404,398,4.241308212280273,RoadOption.STRAIGHT,-21.433950424194336,130.07928466796875,-3.1354468767422174,2.8,1.2,4.5,3.0,10.0,0.6,0.01,0.06,0.55,0.16,0.2,0.35,1.5,12,10.0,14.0,0.9,1.2,0.6,0.01,0.06,0.65,0.3,0.72,0.005,0.38,0.22,0.01,0.14,1.0,0.28
pid,ground_truth,curvy,400.0,0.05,0.1,1.0,85.79309901222587,-12.04517936706543,130.13351440429688,17.007155179740202,1.7547208235523968,0.0034442154790453906,0.0005544701389545992,0.0034442154790453906,0.0005544701389545992,-0.00022174879268277436,2.8385737095959485e-05,0.0,0.2800000011920929,18.7618760032926,405,399,4.388929843902588,RoadOption.STRAIGHT,-22.433931350708008,130.0731201171875,-3.1354468767422174,2.8,1.2,4.5,3.0,10.0,0.6,0.01,0.06,0.55,0.16,0.2,0.35,1.5,12,10.0,14.0,0.9,1.2,0.6,0.01,0.06,0.65,0.3,0.72,0.005,0.38,0.22,0.01,0.14,1.0,0.28
pid,ground_truth,curvy,400.0,0.05,0.1,1.0,85.84309901297092,-12.891531944274902,130.12777709960938,16.86299213900363,1.4488838642889696,0.003991654064412431,0.00046472161021915426,0.003991654064412431,0.00046472161021915426,-0.0002870328607968986,-6.528406811412424e-05,0.0,0.2800000011920929,18.3118760032926,406,400,4.542558193206787,RoadOption.STRAIGHT,-23.43391227722168,130.06698608398438,-3.1354468767422174,2.8,1.2,4.5,3.0,10.0,0.6,0.01,0.06,0.55,0.16,0.2,0.35,1.5,12,10.0,14.0,0.9,1.2,0.6,0.01,0.06,0.65,0.3,0.72,0.005,0.38,0.22,0.01,0.14,1.0,0.28
pid,ground_truth,curvy,400.0,0.05,0.1,1.0,85.89309901371598,-13.728073120117188,130.12220764160156,16.638103713039822,1.2237722902527786,0.004431547443694107,0.0003821636164262898,0.004431547443694107,0.0003821636164262898,-0.00019399960001464933,9.303326078224927e-05,0.0,0.2800000011920929,17.8618760032926,407,401,4.705998420715332,RoadOption.STRAIGHT,-24.433895111083984,130.06082153320312,-3.1354468767422174,2.8,1.2,4.5,3.0,10.0,0.6,0.01,0.06,0.55,0.16,0.2,0.35,1.5,12,10.0,14.0,0.9,1.2,0.6,0.01,0.06,0.65,0.3,0.72,0.005,0.38,0.22,0.01,0.14,1.0,0.28
pid,ground_truth,curvy,400.0,0.05,0.1,1.0,85.94309901446104,-14.551934242248535,130.1167755126953,16.368270726651588,1.0436052766410135,0.00478152560306546,0.00030972563477638104,0.00478152560306546,0.00030972563477638104,-0.00020665282499976456,-1.265322498511523e-05,0.0,0.22487448155879974,17.4118760032926,408,402,4.882119655609131,RoadOption.STRAIGHT,-25.433876037597656,130.0546875,-3.1354468767422174,2.8,1.2,4.5,3.0,10.0,0.6,0.01,0.06,0.55,0.16,0.2,0.35,1.5,12,10.0,14.0,0.9,1.2,0.6,0.01,0.06,0.65,0.3,0.72,0.005,0.38,0.22,0.01,0.14,1.0,0.28
pid,ground_truth,curvy,400.0,0.05,0.1,1.0,85.9930990152061,-15.36153793334961,130.1114959716797,16.07541573029926,0.8864602729933431,0.0050970581932001,0.00024447818806949684,0.0050970581932001,0.00024447818806949684,-0.0005441860994324088,-0.00033753327443264425,0.0,0.19498474895954132,16.961876003292602,408,403,5.0724992752075195,RoadOption.STRAIGHT,-25.433876037597656,130.0546875,-3.1354468767422174,2.8,1.2,4.5,3.0,10.0,0.6,0.01,0.06,0.55,0.16,0.2,0.35,1.5,12,10.0,14.0,0.9,1.2,0.6,0.01,0.06,0.65,0.3,0.72,0.005,0.38,0.22,0.01,0.14,1.0,0.28
pid,ground_truth,curvy,400.0,0.05,0.1,1.0,86.04309901595116,-16.156097412109375,130.10641479492188,15.769882769729863,0.9622689015603978,0.005294984483311477,0.00016005598151380696,0.005294984483311477,0.00016005598151380696,7.424881914630532e-05,0.0006184349185787141,0.47396332025527954,0.0,16.73215167129026,409,403,4.277924060821533,RoadOption.STRAIGHT,-26.433856964111328,130.04855346679688,-3.1354468767422174,2.8,1.2,4.5,3.0,10.0,0.6,0.01,0.06,0.55,0.16,0.2,0.35,1.5,12,10.0,14.0,0.9,1.2,0.6,0.01,0.06,0.65,0.3,0.72,0.005,0.38,0.22,0.01,0.14,1.0,0.28
pid,ground_truth,curvy,400.0,0.05,0.1,1.0,86.09309901669621,-16.935707092285156,130.10145568847656,15.482774532804147,1.2488408630220214,0.00547442389211018,9.667274757019229e-05,0.00547442389211018,9.667274757019229e-05,1.0863051102205645e-05,-6.338576804409968e-05,1.0,0.0,16.731615395826168,410,404,4.498298645019531,RoadOption.STRAIGHT,-27.433837890625,130.04238891601562,-3.1354468767422174,2.8,1.2,4.5,3.0,10.0,0.6,0.01,0.06,0.55,0.16,0.2,0.35,1.5,12,10.0,14.0,0.9,1.2,0.6,0.01,0.06,0.65,0.3,0.72,0.005,0.38,0.22,0.01,0.14,1.0,0.28
pid,ground_truth,curvy,400.0,0.05,0.1,1.0,86.14309901744127,-17.702627182006836,130.0966033935547,15.25327009149111,1.4788815797991504,0.005594523693118535,6.49811305981629e-05,0.005594523693118535,6.49811305981629e-05,-0.0002046313020400703,-0.00021549435314227594,1.0,0.0,16.73215167129026,411,405,4.731362819671631,RoadOption.STRAIGHT,-28.433818817138672,130.0362548828125,-3.1354468767422174,2.8,1.2,4.5,3.0,10.0,0.6,0.01,0.06,0.55,0.16,0.2,0.35,1.5,12,10.0,14.0,0.9,1.2,0.6,0.01,0.06,0.65,0.3,0.72,0.005,0.38,0.22,0.01,0.14,1.0,0.28
pid,ground_truth,curvy,400.0,0.05,0.1,1.0,86.19309901818633,-18.460792541503906,130.0918731689453,15.118319931254087,1.613831740036174,0.0056768767683626695,3.302319751696814e-05,0.0056768767683626695,3.302319751696814e-05,-0.00011521390115376562,8.941740088630468e-05,0.7829034328460693,0.0,16.73215167129026,412,406,4.973182678222656,RoadOption.STRAIGHT,-29.43410873413086,130.0301055908203,-3.1354468767422174,2.8,1.2,4.5,3.0,10.0,0.6,0.01,0.06,0.55,0.16,0.2,0.35,1.5,12,10.0,14.0,0.9,1.2,0.6,0.01,0.06,0.65,0.3,0.72,0.005,0.38,0.22,0.01,0.14,1.0,0.28
pid,ground_truth,curvy,400.0,0.05,0.1,1.0,86.24309901893139,-19.215517044067383,130.08718872070312,15.087562152077059,1.644589519213202,0.005704095666945876,-7.989483270520736e-07,0.005704095666945876,7.989483270520736e-07,-0.00047116397763602436,-0.00035595007648225874,0.49793148040771484,0.0,16.73215167129026,412,407,5.218445301055908,RoadOption.STRAIGHT,-29.43410873413086,130.0301055908203,-3.1354468767422174,2.8,1.2,4.5,3.0,10.0,0.6,0.01,0.06,0.55,0.16,0.2,0.35,1.5,12,10.0,14.0,0.9,1.2,0.6,0.01,0.06,0.65,0.3,0.72,0.005,0.38,0.22,0.01,0.14,1.0,0.28
pid,ground_truth,curvy,400.0,0.05,0.1,1.0,86.29309901967645,-19.970407485961914,130.08258056640625,15.102335007104035,1.629816664186226,0.005672803942865536,-6.045375674457176e-05,0.005672803942865536,6.045375674457176e-05,0.0023492383770644665,0.002820402354700491,0.36719566583633423,0.0,16.73215167129026,413,407,4.463541030883789,RoadOption.STRAIGHT,-30.40340805053711,130.02146911621094,-3.117932597833311,2.8,1.2,4.5,3.0,10.0,0.6,0.01,0.06,0.55,0.16,0.2,0.35,1.5,12,10.0,14.0,0.9,1.2,0.6,0.01,0.06,0.65,0.3,0.72,0.005,0.38,0.22,0.01,0.14,1.0,0.28
pid,ground_truth,curvy,400.0,0.05,0.1,1.0,86.3430990204215,-20.72554588317871,130.0778045654297,15.09653860041671,1.63561307087355,0.0058195354383930135,7.376956219529163e-05,0.0058195354383930135,7.376956219529163e-05,0.029698699712753296,0.02734946133568883,0.4260648190975189,0.0,16.73215167129026,414,408,4.70838737487793,RoadOption.STRAIGHT,-31.311279296875,129.97637939453125,-3.0659847112941168,2.8,1.2,4.5,3.0,10.0,0.6,0.01,0.06,0.55,0.16,0.2,0.35,1.5,12,10.0,14.0,0.9,1.2,0.6,0.01,0.06,0.65,0.3,0.72,0.005,0.38,0.22,0.01,0.14,1.0,0.28
pid,ground_truth,curvy,400.0,0.05,0.1,1.0,86.39309902116656,-21.47945213317871,130.0704803466797,15.064575951215412,1.6670394446107561,0.008522009037854935,0.0024719461238116303,0.008522009037854935,0.0024719461238116303,0.047097913920879364,0.017399214208126068,0.5047425031661987,0.0,16.731615395826168,415,409,4.954453945159912,RoadOption.STRAIGHT,-32.215579986572266,129.8842010498047,-3.014037091071031,2.8,1.2,4.5,3.0,10.0,0.6,0.01,0.06,0.55,0.16,0.2,0.35,1.5,12,10.0,14.0,0.9,1.2,0.6,0.01,0.06,0.65,0.3,0.72,0.005,0.38,0.22,0.01,0.14,1.0,0.28
pid,ground_truth,curvy,400.0,0.05,0.1,1.0,86.44309902191162,-22.231470108032227,130.05825805664062,15.028584991902381,1.7035666793878796,0.016103549268020354,0.008420915366830872,0.016103549268020354,0.008420915366830872,0.0517362505197525,0.004638336598873138,0.5270609259605408,0.0,16.73215167129026,416,410,5.202392578125,RoadOption.STRAIGHT,-33.11387634277344,129.7451934814453,-2.9620892045318366,2.8,1.2,4.5,3.0,10.0,0.6,0.01,0.06,0.55,0.16,0.2,0.35,1.5,12,10.0,14.0,0.9,1.2,0.6,0.01,0.06,0.65,0.3,0.72,0.005,0.38,0.22,0.01,0.14,1.0,0.28
mpc,ground_truth,curvy,400.0,0.05,0.1,1.0,86.49309902265668,-9.875875473022461,-57.55167007446289,0.4899999797344208,18.954444464710022,0.04549653862999907,1.0194913535599426e-07,0.04549653862999907,1.0194913535599426e-07,-0.012402249500155449,-0.012402249500155449,1.0,0.0,19.444444444444443,11,0,0.5870656371116638,RoadOption.STRAIGHT,1.095213770866394,-57.46044921875,0.015969112844442135,2.8,1.2,4.5,3.0,10.0,0.6,0.01,0.06,0.55,0.16,0.2,0.35,1.5,12,10.0,14.0,0.9,1.2,0.6,0.01,0.06,0.65,0.3,0.72,0.005,0.38,0.22,0.01,0.14,1.0,0.28
mpc,ground_truth,curvy,400.0,0.05,0.1,1.0,86.54309902340174,-9.875875473022461,-57.55167007446289,0.9800000786781311,18.46444436576631,0.050639856295309094,-0.000891353775065884,0.050639856295309094,0.000891353775065884,-0.014680956490337849,-0.0022787069901823997,1.0,0.0,19.444444444444443,11,6,6.02096700668335,RoadOption.STRAIGHT,1.095213770866394,-57.46044921875,0.015969112844442135,2.8,1.2,4.5,3.0,10.0,0.6,0.01,0.06,0.55,0.16,0.2,0.35,1.5,12,10.0,14.0,0.9,1.2,0.6,0.01,0.06,0.65,0.3,0.72,0.005,0.38,0.22,0.01,0.14,1.0,0.28
mpc,ground_truth,curvy,400.0,0.05,0.1,1.0,86.5930990241468,-9.875875473022461,-57.55167007446289,1.470000147819519,17.974444296624924,0.050639856295309094,-0.000891353775065884,0.050639856295309094,0.000891353775065884,-0.015621346421539783,-0.0009403899312019348,1.0,0.0,19.444444444444443,11,6,6.015523433685303,RoadOption.STRAIGHT,1.095213770866394,-57.46044921875,0.015969112844442135,2.8,1.2,4.5,3.0,10.0,0.6,0.01,0.06,0.55,0.16,0.2,0.35,1.5,12,10.0,14.0,0.9,1.2,0.6,0.01,0.06,0.65,0.3,0.72,0.005,0.38,0.22,0.01,0.14,1.0,0.28
mpc,ground_truth,curvy,400.0,0.05,0.1,1.0,86.64309902489185,-9.875875473022461,-57.55167007446289,1.9600002765655518,17.48444416787889,0.050639856295309094,-0.000891353775065884,0.050639856295309094,0.000891353775065884,-0.016009433194994926,-0.000388086773455143,1.0,0.0,19.444444444444443,11,6,6.009093761444092,RoadOption.STRAIGHT,1.095213770866394,-57.46044921875,0.015969112844442135,2.8,1.2,4.5,3.0,10.0,0.6,0.01,0.06,0.55,0.16,0.2,0.35,1.5,12,10.0,14.0,0.9,1.2,0.6,0.01,0.06,0.65,0.3,0.72,0.005,0.38,0.22,0.01,0.14,1.0,0.28
mpc,ground_truth,curvy,400.0,0.05,0.1,1.0,86.69309902563691,-9.875875473022461,-57.55167007446289,2.450000286102295,16.994444158342148,0.050639856295309094,-0.000891353775065884,0.050639856295309094,0.000891353775065884,-0.016169589012861252,-0.00016015581786632538,1.0,0.0,19.444444444444443,11,6,6.002754211425781,RoadOption.STRAIGHT,1.095213770866394,-57.46044921875,0.015969112844442135,2.8,1.2,4.5,3.0,10.0,0.6,0.01,0.06,0.55,0.16,0.2,0.35,1.5,12,10.0,14.0,0.9,1.2,0.6,0.01,0.06,0.65,0.3,0.72,0.005,0.38,0.22,0.01,0.14,1.0,0.28
mpc,ground_truth,curvy,400.0,0.05,0.1,1.0,86.74309902638197,-9.875875473022461,-57.55167007446289,2.93999981880188,16.504444625642563,0.050639856295309094,-0.000891353775065884,0.050639856295309094,0.000891353775065884,-0.016235684975981712,-6.609596312046051e-05,1.0,0.0,19.444444444444443,11,6,5.9978861808776855,RoadOption.STRAIGHT,1.095213770866394,-57.46044921875,0.015969112844442135,2.8,1.2,4.5,3.0,10.0,0.6,0.01,0.06,0.55,0.16,0.2,0.35,1.5,12,10.0,14.0,0.9,1.2,0.6,0.01,0.06,0.65,0.3,0.72,0.005,0.38,0.22,0.01,0.14,1.0,0.28
mpc,ground_truth,curvy,400.0,0.05,0.1,1.0,86.79309902712703,-9.875874519348145,-57.55167007446289,2.0671517849139636,17.37729265953048,0.05063984551286746,-0.000891353775065884,0.05063984551286746,0.000891353775065884,-0.016262957826256752,-2.7272850275039673e-05,1.0,0.0,19.444444444444443,11,6,5.996154308319092,RoadOption.STRAIGHT,1.095213770866394,-57.46044921875,0.015969112844442135,2.8,1.2,4.5,3.0,10.0,0.6,0.01,0.06,0.55,0.16,0.2,0.35,1.5,12,10.0,14.0,0.9,1.2,0.6,0.01,0.06,0.65,0.3,0.72,0.005,0.38,0.22,0.01,0.14,1.0,0.28
mpc,ground_truth,curvy,400.0,0.05,0.1,1.0,86.84309902787209,-9.875874519348145,-57.55167007446289,0.7392763495471287,18.705168094897314,0.05063984551286746,-0.000891353775065884,0.05063984551286746,0.000891353775065884,-0.016274213790893555,-1.1255964636802673e-05,1.0,0.0,19.444444444444443,11,6,5.996372222900391,RoadOption.STRAIGHT,1.095213770866394,-57.46044921875,0.015969112844442135,2.8,1.2,4.5,3.0,10.0,0.6,0.01,0.06,0.55,0.16,0.2,0.35,1.5,12,10.0,14.0,0.9,1.2,0.6,0.01,0.06,0.65,0.3,0.72,0.005,0.38,0.22,0.01,0.14,1.0,0.28
mpc,ground_truth,curvy,400.0,0.05,0.1,1.0,86.89309902861714,-9.875874519348145,-57.55167007446289,0.11258104443555403,19.33186340000889,0.05063984551286746,-0.000891353775065884,0.05063984551286746,0.000891353775065884,-0.016278859227895737,-4.645437002182007e-06,1.0,0.0,19.444444444444443,11,6,5.9965338706970215,RoadOption.STRAIGHT,1.095213770866394,-57.46044921875,0.015969112844442135,2.8,1.2,4.5,3.0,10.0,0.6,0.01,0.06,0.55,0.16,0.2,0.35,1.5,12,10.0,14.0,0.9,1.2,0.6,0.01,0.06,0.65,0.3,0.72,0.005,0.38,0.22,0.01,0.14,1.0,0.28
mpc,ground_truth,curvy,400.0,0.05,0.1,1.0,86.9430990293622,-9.870336532592773,-57.5516357421875,0.3639452252897554,19.08049921915469,0.05061156195528898,-0.0009337635751278661,0.05061156195528898,0.0009337635751278661,-0.01620858907699585,7.027015089988708e-05,1.0,0.0,19.444444444444443,11,6,5.990961074829102,RoadOption.STRAIGHT,1.095213770866394,-57.46044921875,0.015969112844442135,2.8,1.2,4.5,3.0,10.0,0.6,0.01,0.06,0.55,0.16,0.2,0.35,1.5,12,10.0,14.0,0.9,1.2,0.6,0.01,0.06,0.65,0.3,0.72,0.005,0.38,0.22,0.01,0.14,1.0,0.28
mpc,ground_truth,curvy,400.0,0.05,0.1,1.0,86.99309903010726,-9.826234817504883,-57.55144500732422,1.1769386967727968,18.267505747671645,0.05030366139659036,-0.0015103649988597034,0.05030366139659036,0.0015103649988597034,-0.018581656739115715,-0.0023730676621198654,1.0,0.0,19.444444444444443,11,6,5.946758270263672,RoadOption.STRAIGHT,1.095213770866394,-57.46044921875,0.015969112844442135,2.8,1.2,4.5,3.0,10.0,0.6,0.01,0.06,0.55,0.16,0.2,0.35,1.5,12,10.0,14.0,0.9,1.2,0.6,0.01,0.06,0.65,0.3,0.72,0.005,0.38,0.22,0.01,0.14,1.0,0.28
mpc,ground_truth,curvy,400.0,0.05,0.1,1.0,87.04309903085232,-9.744762420654297,-57.55134201049805,1.9099144227825318,17.53453002166191,0.04948550765104301,-0.002247331372403849,0.04948550765104301,0.002247331372403849,-0.034554023295640945,-0.01597236655652523,1.0,0.0,19.444444444444443,11,6,5.865192413330078,RoadOption.STRAIGHT,1.095213770866394,-57.46044921875,0.015969112844442135,2.8,1.2,4.5,3.0,10.0,0.6,0.01,0.06,0.55,0.16,0.2,0.35,1.5,12,10.0,14.0,0.9,1.2,0.6,0.01,0.06,0.65,0.3,0.72,0.005,0.38,0.22,0.01,0.14,1.0,0.28
mpc,ground_truth,curvy,400.0,0.05,0.1,1.0,87.09309903159738,-9.632081031799316,-57.55206298828125,2.48313474795067,16.96130969649377,0.047490576559954464,-0.003661484475398158,0.047490576559954464,0.003661484475398158,-0.046056825667619705,-0.01150280237197876,1.0,0.0,19.444444444444443,11,6,5.752447605133057,RoadOption.STRAIGHT,1.095213770866394,-57.46044921875,0.015969112844442135,2.8,1.2,4.5,3.0,10.0,0.6,0.01,0.06,0.55,0.16,0.2,0.35,1.5,12,10.0,14.0,0.9,1.2,0.6,0.01,0.06,0.65,0.3,0.72,0.005,0.38,0.22,0.01,0.14,1.0,0.28
mpc,ground_truth,curvy,400.0,0.05,0.1,1.0,87.14309903234243,-9.493508338928223,-57.55400848388672,2.9618780370619953,16.482566407382446,0.043978473406575194,-0.005934452414334768,0.043978473406575194,0.005934452414334768,-0.04605089873075485,5.926936864852905e-06,1.0,0.0,19.444444444444443,11,6,5.613840579986572,RoadOption.STRAIGHT,1.095213770866394,-57.46044921875,0.015969112844442135,2.8,1.2,4.5,3.0,10.0,0.6,0.01,0.06,0.55,0.16,0.2,0.35,1.5,12,10.0,14.0,0.9,1.2,0.6,0.01,0.06,0.65,0.3,0.72,0.005,0.38,0.22,0.01,0.14,1.0,0.28
mpc,ground_truth,curvy,400.0,0.05,0.1,1.0,87.19309903308749,-9.332770347595215,-57.556907653808594,3.383463543199536,16.060980901244907,0.039262151384646296,-0.008737204497351936,0.039262151384646296,0.008737204497351936,-0.035161860287189484,0.010889038443565369,1.0,0.0,19.444444444444443,11,6,5.453091621398926,RoadOption.STRAIGHT,1.095213770866394,-57.46044921875,0.015969112844442135,2.8,1.2,4.5,3.0,10.0,0.6,0.01,0.06,0.55,0.16,0.2,0.35,1.5,12,10.0,14.0,0.9,1.2,0.6,0.01,0.06,0.65,0.3,0.72,0.005,0.38,0.22,0.01,0.14,1.0,0.28
mpc,ground_truth,curvy,400.0,0.05,0.1,1.0,87.24309903383255,-9.151961326599121,-57.560096740722656,3.772088112733555,15.672356331710887,0.03402900363467669,-0.011378888373327012,0.03402900363467669,0.011378888373327012,-0.018199220299720764,0.01696263998746872,1.0,0.0,19.444444444444443,11,6,5.2722859382629395,RoadOption.STRAIGHT,1.095213770866394,-57.46044921875,0.015969112844442135,2.8,1.2,4.5,3.0,10.0,0.6,0.01,0.06,0.55,0.16,0.2,0.35,1.5,12,10.0,14.0,0.9,1.2,0.6,0.01,0.06,0.65,0.3,0.72,0.005,0.38,0.22,0.01,0.14,1.0,0.28
mpc,ground_truth,curvy,400.0,0.05,0.1,1.0,87.29309903457761,-8.952314376831055,-57.56277084350586,4.140977769995835,15.303466674448607,0.029097821529691002,-0.013222860738240971,0.029097821529691002,0.013222860738240971,-0.0010272711515426636,0.0171719491481781,1.0,0.0,19.444444444444443,11,6,5.072649002075195,RoadOption.STRAIGHT,1.095213770866394,-57.46044921875,0.015969112844442135,2.8,1.2,4.5,3.0,10.0,0.6,0.01,0.06,0.55,0.16,0.2,0.35,1.5,12,10.0,14.0,0.9,1.2,0.6,0.01,0.06,0.65,0.3,0.72,0.005,0.38,0.22,0.01,0.14,1.0,0.28
mpc,ground_truth,curvy,400.0,0.05,0.1,1.0,87.34309903532267,-8.734577178955078,-57.56435012817383,4.497838910544885,14.946605533899557,0.025056855426920245,-0.013899836157301948,0.025056855426920245,0.013899836157301948,0.011743918061256409,0.012771189212799072,1.0,0.0,19.444444444444443,12,6,4.854921340942383,RoadOption.STRAIGHT,2.0950863361358643,-57.444480895996094,0.015969112844442135,2.8,1.2,4.5,3.0,10.0,0.6,0.01,0.06,0.55,0.16,0.2,0.35,1.5,12,10.0,14.0,0.9,1.2,0.6,0.01,0.06,0.65,0.3,0.72,0.005,0.38,0.22,0.01,0.14,1.0,0.28
mpc,ground_truth,curvy,400.0,0.05,0.1,1.0,87.39309903606772,-8.499213218688965,-57.56455993652344,4.847393149688085,14.597051294756358,0.03242267414596342,-0.01541091375981285,0.03242267414596342,0.01541091375981285,0.010477571748197079,-0.00126634631305933,1.0,0.0,19.444444444444443,12,7,5.6090474128723145,RoadOption.STRAIGHT,2.0950863361358643,-57.444480895996094,0.015969112844442135,2.8,1.2,4.5,3.0,10.0,0.6,0.01,0.06,0.55,0.16,0.2,0.35,1.5,12,10.0,14.0,0.9,1.2,0.6,0.01,0.06,0.65,0.3,0.72,0.005,0.38,0.22,0.01,0.14,1.0,0.28
mpc,ground_truth,curvy,400.0,0.05,0.1,1.0,87.44309903681278,-8.24648666381836,-57.56399154663086,5.192468482294816,14.251975962149626,0.029628211002323004,-0.014485199355013023,0.029628211002323004,0.014485199355013023,0.01124508399516344,0.000767512246966362,1.0,0.0,19.444444444444443,12,7,5.3563232421875,RoadOption.STRAIGHT,2.0950863361358643,-57.444480895996094,0.015969112844442135,2.8,1.2,4.5,3.0,10.0,0.6,0.01,0.06,0.55,0.16,0.2,0.35,1.5,12,10.0,14.0,0.9,1.2,0.6,0.01,0.06,0.65,0.3,0.72,0.005,0.38,0.22,0.01,0.14,1.0,0.28
mpc,ground_truth,curvy,400.0,0.05,0.1,1.0,87.49309903755784,-7.976873397827148,-57.56296157836914,5.5057440719837984,13.938700372460644,0.027070589237457268,-0.013415141359056193,0.027070589237457268,0.013415141359056193,0.011831003241240978,0.0005859192460775375,1.0,0.0,19.444444444444443,12,7,5.086709976196289,RoadOption.STRAIGHT,2.0950863361358643,-57.444480895996094,0.015969112844442135,2.8,1.2,4.5,3.0,10.0,0.6,0.01,0.06,0.55,0.16,0.2,0.35,1.5,12,10.0,14.0,0.9,1.2,0.6,0.01,0.06,0.65,0.3,0.72,0.005,0.38,0.22,0.01,0.14,1.0,0.28
mpc,ground_truth,curvy,400.0,0.05,0.1,1.0,87.5430990383029,-7.698985576629639,-57.56156539916992,5.618180593039186,13.826263851405256,0.024769043999017658,-0.01223580006663072,0.024769043999017658,0.01223580006663072,0.011537467129528522,-0.00029353611171245575,1.0,0.0,19.444444444444443,13,7,4.8088202476501465,RoadOption.STRAIGHT,3.1059606075286865,-57.42900085449219,6.297060376458899,2.8,1.2,4.5,3.0,10.0,0.6,0.01,0.06,0.55,0.16,0.2,0.35,1.5,12,10.0,14.0,0.9,1.2,0.6,0.01,0.06,0.65,0.3,0.72,0.005,0.38,0.22,0.01,0.14,1.0,0.28
mpc,ground_truth,curvy,400.0,0.05,0.1,1.0,87.59309903904796,-7.414109706878662,-57.55982971191406,5.7672752189457634,13.67716922549868,0.03274174811312566,-0.013018723589014236,0.03274174811312566,0.013018723589014236,0.0017109840409830213,-0.009826483088545501,1.0,0.0,19.444444444444443,13,8,5.513425350189209,RoadOption.STRAIGHT,3.1059606075286865,-57.42900085449219,6.297060376458899,2.8,1.2,4.5,3.0,10.0,0.6,0.01,0.06,0.55,0.16,0.2,0.35,1.5,12,10.0,14.0,0.9,1.2,0.6,0.01,0.06,0.65,0.3,0.72,0.005,0.38,0.22,0.01,0.14,1.0,0.28
mpc,ground_truth,curvy,400.0,0.05,0.1,1.0,87.64309903979301,-7.1179094314575195,-57.55821990966797,6.037475593466414,13.406968850978028,0.029817822742410627,-0.01234652456497276,0.029817822742410627,0.01234652456497276,0.0014528298052027822,-0.0002581542357802391,1.0,0.0,19.444444444444443,13,8,5.217223644256592,RoadOption.STRAIGHT,3.1059606075286865,-57.42900085449219,6.297060376458899,2.8,1.2,4.5,3.0,10.0,0.6,0.01,0.06,0.55,0.16,0.2,0.35,1.5,12,10.0,14.0,0.9,1.2,0.6,0.01,0.06,0.65,0.3,0.72,0.005,0.38,0.22,0.01,0.14,1.0,0.28
mpc,ground_truth,curvy,400.0,0.05,0.1,1.0,87.69309904053807,-6.807997226715088,-57.55681610107422,6.286859730536813,13.15758471390763,0.026478057797842215,-0.012027950941578602,0.026478057797842215,0.012027950941578602,0.005331363994628191,0.003878534189425409,1.0,0.0,19.444444444444443,14,8,4.907312393188477,RoadOption.STRAIGHT,4.123607158660889,-57.41658020019531,6.293684553461115,2.8,1.2,4.5,3.0,10.0,0.6,0.01,0.06,0.55,0.16,0.2,0.35,1.5,12,10.0,14.0,0.9,1.2,0.6,0.01,0.06,0.65,0.3,0.72,0.005,0.38,0.22,0.01,0.14,1.0,0.28
mpc,ground_truth,curvy,400.0,0.05,0.1,1.0,87.74309904128313,-6.477349758148193,-57.55519104003906,6.7412248595396385,12.703219584904804,0.026184389112540632,-0.012017401026576557,0.026184389112540632,0.012017401026576557,0.003877827897667885,-0.0014535360969603062,1.0,0.0,19.444444444444443,14,9,5.5731730461120605,RoadOption.STRAIGHT,4.123607158660889,-57.41658020019531,6.293684553461115,2.8,1.2,4.5,3.0,10.0,0.6,0.01,0.06,0.55,0.16,0.2,0.35,1.5,12,10.0,14.0,0.9,1.2,0.6,0.01,0.06,0.65,0.3,0.72,0.005,0.38,0.22,0.01,0.14,1.0,0.28
mpc,ground_truth,curvy,400.0,0.05,0.1,1.0,87.79309904202819,-6.1318230628967285,-57.55324172973633,7.030879590913383,12.41356485353106,0.022615930597152292,-0.011445848165645423,0.022615930597152292,0.011445848165645423,0.006875652354210615,0.0029978244565427303,1.0,0.0,19.444444444444443,14,9,5.227646827697754,RoadOption.STRAIGHT,4.123607158660889,-57.41658020019531,6.293684553461115,2.8,1.2,4.5,3.0,10.0,0.6,0.01,0.06,0.55,0.16,0.2,0.35,1.5,12,10.0,14.0,0.9,1.2,0.6,0.01,0.06,0.65,0.3,0.72,0.005,0.38,0.22,0.01,0.14,1.0,0.28
mpc,ground_truth,curvy,400.0,0.05,0.1,1.0,87.84309904277325,-5.769608497619629,-57.55082702636719,7.391167665099645,12.053276779344799,0.019246326655577725,-0.010697434360603442,0.019246326655577725,0.010697434360603442,0.010004573501646519,0.0031289211474359035,1.0,0.0,19.444444444444443,15,9,4.865428447723389,RoadOption.STRAIGHT,5.1412882804870605,-57.40763473510742,6.29030873046333,2.8,1.2,4.5,3.0,10.0,0.6,0.01,0.06,0.55,0.16,0.2,0.35,1.5,12,10.0,14.0,0.9,1.2,0.6,0.01,0.06,0.65,0.3,0.72,0.005,0.38,0.22,0.01,0.14,1.0,0.28
mpc,ground_truth,curvy,400.0,0.05,0.1,1.0,87.8930990435183,-5.390074729919434,-57.54767990112305,7.725608441667267,11.718836002777177,0.01634022999812755,-0.009573602746982157,0.01634022999812755,0.009573602746982157,0.01096641831099987,0.0009618448093533516,1.0,0.0,19.444444444444443,15,10,5.485878944396973,RoadOption.STRAIGHT,5.1412882804870605,-57.40763473510742,6.29030873046333,2.8,1.2,4.5,3.0,10.0,0.6,0.01,0.06,0.55,0.16,0.2,0.35,1.5,12,10.0,14.0,0.9,1.2,0.6,0.01,0.06,0.65,0.3,0.72,0.005,0.38,0.22,0.01,0.14,1.0,0.28
mpc,ground_truth,curvy,400.0,0.05,0.1,1.0,87.94309904426336,-4.991894245147705,-57.54362106323242,8.123420928425965,11.321023516018478,0.014040231528551855,-0.008311861520934993,0.014040231528551855,0.008311861520934993,0.010339911095798016,-0.0006265072152018547,1.0,0.0,19.444444444444443,15,10,5.087679386138916,RoadOption.STRAIGHT,5.1412882804870605,-57.40763473510742,6.29030873046333,2.8,1.2,4.5,3.0,10.0,0.6,0.01,0.06,0.55,0.16,0.2,0.35,1.5,12,10.0,14.0,0.9,1.2,0.6,0.01,0.06,0.65,0.3,0.72,0.005,0.38,0.22,0.01,0.14,1.0,0.28
mpc,ground_truth,curvy,400.0,0.05,0.1,1.0,87.99309904500842,-4.575098991394043,-57.53877639770508,8.479444275300876,10.965000169143567,0.012228711787486482,-0.0068081466225704546,0.012228711787486482,0.0068081466225704546,0.007890383712947369,-0.002449527382850647,1.0,0.0,19.444444444444443,16,10,4.670856475830078,RoadOption.STRAIGHT,6.158995628356934,-57.40210723876953,6.286932907465546,2.8,1.2,4.5,3.0,10.0,0.6,0.01,0.06,0.55,0.16,0.2,0.35,1.5,12,10.0,14.0,0.9,1.2,0.6,0.01,0.06,0.65,0.3,0.72,0.005,0.38,0.22,0.01,0.14,1.0,0.28
mpc,ground_truth,curvy,400.0,0.05,0.1,1.0,88.04309904575348,-4.139062881469727,-57.53327560424805,8.882232471041334,10.562211973403109,0.010766102079675377,-0.005350080489914255,0.010766102079675377,0.005350080489914255,0.004738756455481052,-0.0031516272574663162,1.0,0.0,19.444444444444443,16,11,5.23478364944458,RoadOption.STRAIGHT,6.158995628356934,-57.40210723876953,6.286932907465546,2.8,1.2,4.5,3.0,10.0,0.6,0.01,0.06,0.55,0.16,0.2,0.35,1.5,12,10.0,14.0,0.9,1.2,0.6,0.01,0.06,0.65,0.3,0.72,0.005,0.38,0.22,0.01,0.14,1.0,0.28
mpc,ground_truth,curvy,400.0,0.05,0.1,1.0,88.09309904649854,-3.683743476867676,-57.52730941772461,9.261221929770008,10.183222514674435,0.009460789971442132,-0.0042248169070582264,0.009460789971442132,0.0042248169070582264,0.002320058410987258,-0.0024186980444937944,1.0,0.0,19.444444444444443,17,11,4.779425144195557,RoadOption.STRAIGHT,7.176715850830078,-57.399993896484375,6.283557084467762,2.8,1.2,4.5,3.0,10.0,0.6,0.01,0.06,0.55,0.16,0.2,0.35,1.5,12,10.0,14.0,0.9,1.2,0.6,0.01,0.06,0.65,0.3,0.72,0.005,0.38,0.22,0.01,0.14,1.0,0.28
mpc,ground_truth,curvy,400.0,0.05,0.1,1.0,88.1430990472436,-3.208065986633301,-57.52100372314453,9.676945966211676,9.767498478232767,0.008169968345434278,-0.0034598654958251096,0.008169968345434278,0.0034598654958251096,-0.00036701816134154797,-0.002687076572328806,1.0,0.0,19.444444444444443,17,12,5.303704261779785,RoadOption.STRAIGHT,7.176715850830078,-57.399993896484375,6.283557084467762,2.8,1.2,4.5,3.0,10.0,0.6,0.01,0.06,0.55,0.16,0.2,0.35,1.5,12,10.0,14.0,0.9,1.2,0.6,0.01,0.06,0.65,0.3,0.72,0.005,0.38,0.22,0.01,0.14,1.0,0.28
mpc,ground_truth,curvy,400.0,0.05,0.1,1.0,88.19309904798865,-2.71282958984375,-57.514549255371094,10.056590142060026,9.387854302384417,0.006715463369089125,-0.003101100246288624,0.006715463369089125,0.003101100246288624,-0.00010996460332535207,0.0002570535580161959,1.0,0.0,19.444444444444443,18,12,4.808426380157471,RoadOption.STRAIGHT,8.181218147277832,-57.40031433105469,6.28277624563615,2.8,1.2,4.5,3.0,10.0,0.6,0.01,0.06,0.55,0.16,0.2,0.35,1.5,12,10.0,14.0,0.9,1.2,0.6,0.01,0.06,0.65,0.3,0.72,0.005,0.38,0.22,0.01,0.14,1.0,0.28
mpc,ground_truth,curvy,400.0,0.05,0.1,1.0,88.24309904873371,-2.198903799057007,-57.507904052734375,10.425187099829087,9.019257344615356,-0.005292603778062371,-0.000882540376332841,0.005292603778062371,0.000882540376332841,0.0018176953308284283,0.0019276599341537803,1.0,0.0,19.444444444444443,18,13,5.305451393127441,RoadOption.STRAIGHT,8.181218147277832,-57.40031433105469,6.28277624563615,2.8,1.2,4.5,3.0,10.0,0.6,0.01,0.06,0.55,0.16,0.2,0.35,1.5,12,10.0,14.0,0.9,1.2,0.6,0.01,0.06,0.65,0.3,0.72,0.005,0.38,0.22,0.01,0.14,1.0,0.28
mpc,ground_truth,curvy,400.0,0.05,0.1,1.0,88.29309904947877,-1.667056679725647,-57.50086975097656,10.778722723943394,8.665721720501049,-0.005638157973819766,-0.0006990329727667444,0.005638157973819766,0.0006990329727667444,0.0018509435467422009,3.324821591377258e-05,1.0,0.0,19.444444444444443,19,13,4.773558616638184,RoadOption.STRAIGHT,9.181218147277832,-57.40072250366211,6.28277624563615,2.8,1.2,4.5,3.0,10.0,0.6,0.01,0.06,0.55,0.16,0.2,0.35,1.5,12,10.0,14.0,0.9,1.2,0.6,0.01,0.06,0.65,0.3,0.72,0.005,0.38,0.22,0.01,0.14,1.0,0.28
mpc,ground_truth,curvy,400.0,0.05,0.1,1.0,88.34309905022383,-1.117786169052124,-57.493377685546875,11.124152297756481,8.320292146687962,-0.021763584168798734,0.0029603292961368766,0.021763584168798734,0.0029603292961368766,0.00861721858382225,0.0067662750370800495,1.0,0.0,19.444444444444443,19,14,5.241955757141113,RoadOption.STRAIGHT,9.181218147277832,-57.40072250366211,6.28277624563615,2.8,1.2,4.5,3.0,10.0,0.6,0.01,0.06,0.55,0.16,0.2,0.35,1.5,12,10.0,14.0,0.9,1.2,0.6,0.01,0.06,0.65,0.3,0.72,0.005,0.38,0.22,0.01,0.14,1.0,0.28
mpc,ground_truth,curvy,400.0,0.05,0.1,1.0,88.39309905096889,-0.5514717698097229,-57.484901428222656,11.462900699994375,7.981543744450068,-0.019233559138161757,0.003798175379535529,0.019233559138161757,0.003798175379535529,0.0038338741287589073,-0.004783344455063343,1.0,0.0,19.444444444444443,20,14,4.6755781173706055,RoadOption.STRAIGHT,10.181218147277832,-57.40113067626953,6.28277624563615,2.8,1.2,4.5,3.0,10.0,0.6,0.01,0.06,0.55,0.16,0.2,0.35,1.5,12,10.0,14.0,0.9,1.2,0.6,0.01,0.06,0.65,0.3,0.72,0.005,0.38,0.22,0.01,0.14,1.0,0.28
mpc,ground_truth,curvy,400.0,0.05,0.1,1.0,88.44309905171394,0.031639937311410904,-57.47565460205078,11.797425556145178,7.6470188882992645,-0.031620261025392706,0.008167330416189778,0.031620261025392706,0.008167330416189778,0.003623177297413349,-0.00021069683134555817,1.0,0.0,19.444444444444443,20,15,5.110101222991943,RoadOption.STRAIGHT,10.181218147277832,-57.40113067626953,6.28277624563615,2.8,1.2,4.5,3.0,10.0,0.6,0.01,0.06,0.55,0.16,0.2,0.35,1.5,12,10.0,14.0,0.9,1.2,0.6,0.01,0.06,0.65,0.3,0.72,0.005,0.38,0.22,0.01,0.14,1.0,0.28
mpc,ground_truth,curvy,400.0,0.05,0.1,1.0,88.493099052459,0.631367564201355,-57.46581268310547,12.128629686953,7.315814757491443,-0.026050669395347212,0.009047265888082023,0.026050669395347212,0.009047265888082023,-0.005848395638167858,-0.009471572935581207,1.0,0.0,19.444444444444443,21,15,4.51029634475708,RoadOption.STRAIGHT,11.181218147277832,-57.40153884887695,6.28277624563615,2.8,1.2,4.5,3.0,10.0,0.6,0.01,0.06,0.55,0.16,0.2,0.35,1.5,12,10.0,14.0,0.9,1.2,0.6,0.01,0.06,0.65,0.3,0.72,0.005,0.38,0.22,0.01,0.14,1.0,0.28
mpc,ground_truth,curvy,400.0,0.05,0.1,1.0,88.54309905320406,1.2475770711898804,-57.45608901977539,12.457182745385142,6.987261699059301,-0.03557541142714116,0.012538023012254484,0.03557541142714116,0.012538023012254484,-0.007622347678989172,-0.0017739520408213139,1.0,0.0,19.444444444444443,22,16,4.911715030670166,RoadOption.STRAIGHT,12.181214332580566,-57.401947021484375,6.28277624563615,2.8,1.2,4.5,3.0,10.0,0.6,0.01,0.06,0.55,0.16,0.2,0.35,1.5,12,10.0,14.0,0.9,1.2,0.6,0.01,0.06,0.65,0.3,0.72,0.005,0.38,0.22,0.01,0.14,1.0,0.28
mpc,ground_truth,curvy,400.0,0.05,0.1,1.0,88.59309905394912,1.8801679611206055,-57.44684600830078,12.783888222785905,6.660556221658538,-0.044882972412730676,0.015163589838476987,0.044882972412730676,0.015163589838476987,-0.003681969130411744,0.003940378548577428,1.0,0.0,19.444444444444443,22,17,5.296755313873291,RoadOption.STRAIGHT,12.181214332580566,-57.401947021484375,6.28277624563615,2.8,1.2,4.5,3.0,10.0,0.6,0.01,0.06,0.55,0.16,0.2,0.35,1.5,12,10.0,14.0,0.9,1.2,0.6,0.01,0.06,0.65,0.3,0.72,0.005,0.38,0.22,0.01,0.14,1.0,0.28
mpc,ground_truth,curvy,400.0,0.05,0.1,1.0,88.64309905469418,2.5290565490722656,-57.43775939941406,13.10920425970648,6.3352401847379625,-0.03603760618797917,0.014215048840190647,0.03603760618797917,0.014215048840190647,-0.010332482866942883,-0.006650513736531138,1.0,0.0,19.444444444444443,23,17,4.647812843322754,RoadOption.STRAIGHT,13.181214332580566,-57.4023551940918,6.28277624563615,2.8,1.2,4.5,3.0,10.0,0.6,0.01,0.06,0.55,0.16,0.2,0.35,1.5,12,10.0,14.0,0.9,1.2,0.6,0.01,0.06,0.65,0.3,0.72,0.005,0.38,0.22,0.01,0.14,1.0,0.28
mpc,ground_truth,curvy,400.0,0.05,0.1,1.0,88.69309905543923,3.1941750049591064,-57.429325103759766,13.43299698122458,6.011447463219863,-0.031050777785961752,0.013589614820862295,0.031050777785961752,0.013589614820862295,-0.009398946538567543,0.0009335363283753395,1.0,0.0,19.444444444444443,24,18,4.987127780914307,RoadOption.STRAIGHT,14.181214332580566,-57.40276336669922,6.28277624563615,2.8,1.2,4.5,3.0,10.0,0.6,0.01,0.06,0.55,0.16,0.2,0.35,1.5,12,10.0,14.0,0.9,1.2,0.6,0.01,0.06,0.65,0.3,0.72,0.005,0.38,0.22,0.01,0.14,1.0,0.28
mpc,ground_truth,curvy,400.0,0.05,0.1,1.0,88.74309905618429,3.87546706199646,-57.42181396484375,13.755839998825723,5.68860444561872,-0.023261838084516744,0.011744369798492471,0.023261838084516744,0.011744369798492471,-0.012002043426036835,-0.0026030968874692917,1.0,0.0,19.444444444444443,24,19,5.305792808532715,RoadOption.STRAIGHT,14.181214332580566,-57.40276336669922,6.28277624563615,2.8,1.2,4.5,3.0,10.0,0.6,0.01,0.06,0.55,0.16,0.2,0.35,1.5,12,10.0,14.0,0.9,1.2,0.6,0.01,0.06,0.65,0.3,0.72,0.005,0.38,0.22,0.01,0.14,1.0,0.28
mpc,ground_truth,curvy,400.0,0.05,0.1,1.0,88.79309905692935,4.572880744934082,-57.41550064086914,14.07758801911723,5.366856425327214,-0.016663229528515715,0.009496131286842235,0.016663229528515715,0.009496131286842235,-0.012670970521867275,-0.0006689270958304405,1.0,0.0,19.444444444444443,25,19,4.608361721038818,RoadOption.STRAIGHT,15.181214332580566,-57.403175354003906,6.28277624563615,2.8,1.2,4.5,3.0,10.0,0.6,0.01,0.06,0.55,0.16,0.2,0.35,1.5,12,10.0,14.0,0.9,1.2,0.6,0.01,0.06,0.65,0.3,0.72,0.005,0.38,0.22,0.01,0.14,1.0,0.28
mpc,ground_truth,curvy,400.0,0.05,0.1,1.0,88.84309905767441,5.286366939544678,-57.41067123413086,14.39846170468299,5.0459827397614525,-0.011542852397198109,0.006861567449413464,0.011542852397198109,0.006861567449413464,-0.010247300378978252,0.002423670142889023,1.0,0.0,19.444444444444443,26,20,4.894860744476318,RoadOption.STRAIGHT,16.181215286254883,-57.40358352661133,6.28277624563615,2.8,1.2,4.5,3.0,10.0,0.6,0.01,0.06,0.55,0.16,0.2,0.35,1.5,12,10.0,14.0,0.9,1.2,0.6,0.01,0.06,0.65,0.3,0.72,0.005,0.38,0.22,0.01,0.14,1.0,0.28
mpc,ground_truth,curvy,400.0,0.05,0.1,1.0,88.89309905841947,6.01588773727417,-57.40730285644531,14.718670023346768,4.725774421097675,-0.007876945057059614,0.004157165853437839,0.007876945057059614,0.004157165853437839,-0.005643629468977451,0.004603670910000801,1.0,0.0,19.444444444444443,26,21,5.1653337478637695,RoadOption.STRAIGHT,16.181215286254883,-57.40358352661133,6.28277624563615,2.8,1.2,4.5,3.0,10.0,0.6,0.01,0.06,0.55,0.16,0.2,0.35,1.5,12,10.0,14.0,0.9,1.2,0.6,0.01,0.06,0.65,0.3,0.72,0.005,0.38,0.22,0.01,0.14,1.0,0.28
mpc,ground_truth,curvy,400.0,0.05,0.1,1.0,88.94309905916452,6.761404991149902,-57.40510559082031,15.038217945431816,4.406226499012627,-0.005374717185871187,0.0018425476615062664,0.005374717185871187,0.0018425476615062664,-0.0007271852227859199,0.004916444246191531,1.0,0.0,19.444444444444443,27,21,4.4198150634765625,RoadOption.STRAIGHT,17.181215286254883,-57.40399169921875,6.28277624563615,2.8,1.2,4.5,3.0,10.0,0.6,0.01,0.06,0.55,0.16,0.2,0.35,1.5,12,10.0,14.0,0.9,1.2,0.6,0.01,0.06,0.65,0.3,0.72,0.005,0.38,0.22,0.01,0.14,1.0,0.28
mpc,ground_truth,curvy,400.0,0.05,0.1,1.0,88.99309905990958,7.522880554199219,-57.403656005859375,15.357029622637434,4.087414821807009,-0.0036145293841017357,0.00028549087698426234,0.0036145293841017357,0.00028549087698426234,0.0027057661209255457,0.0034329513437114656,1.0,0.0,19.444444444444443,28,22,4.658334255218506,RoadOption.STRAIGHT,18.181215286254883,-57.40439987182617,6.28277624563615,2.8,1.2,4.5,3.0,10.0,0.6,0.01,0.06,0.55,0.16,0.2,0.35,1.5,12,10.0,14.0,0.9,1.2,0.6,0.01,0.06,0.65,0.3,0.72,0.005,0.38,0.22,0.01,0.14,1.0,0.28
mpc,ground_truth,curvy,400.0,0.05,0.1,1.0,89.04309906065464,8.300273895263672,-57.40260696411133,15.675093814169278,3.7693506302751647,-0.0022483749714957376,-0.0004021373896199165,0.0022483749714957376,0.0004021373896199165,0.0037571429274976254,0.0010513768065720797,1.0,0.0,19.444444444444443,29,23,4.8809404373168945,RoadOption.STRAIGHT,19.181215286254883,-57.404808044433594,6.28277624563615,2.8,1.2,4.5,3.0,10.0,0.6,0.01,0.06,0.55,0.16,0.2,0.35,1.5,12,10.0,14.0,0.9,1.2,0.6,0.01,0.06,0.65,0.3,0.72,0.005,0.38,0.22,0.01,0.14,1.0,0.28
mpc,ground_truth,curvy,400.0,0.05,0.1,1.0,89.0930990613997,9.093549728393555,-57.40174865722656,15.992463977000241,3.4519804674442014,-0.0010664584896763131,-0.0003893542163879715,0.0010664584896763131,0.0003893542163879715,0.0026307133957743645,-0.0011264295317232609,1.0,0.0,19.444444444444443,29,24,5.08766508102417,RoadOption.STRAIGHT,19.181215286254883,-57.404808044433594,6.28277624563615,2.8,1.2,4.5,3.0,10.0,0.6,0.01,0.06,0.55,0.16,0.2,0.35,1.5,12,10.0,14.0,0.9,1.2,0.6,0.01,0.06,0.65,0.3,0.72,0.005,0.38,0.22,0.01,0.14,1.0,0.28
mpc,ground_truth,curvy,400.0,0.05,0.1,1.0,89.14309906214476,9.902673721313477,-57.40103530883789,16.309160466354392,3.135283978090051,-2.212866054232196e-05,-2.6098978682220775e-05,2.212866054232196e-05,2.6098978682220775e-05,0.0003886135818902403,-0.002242099813884124,1.0,0.0,19.444444444444443,30,24,4.278541088104248,RoadOption.STRAIGHT,20.181215286254883,-57.405216217041016,6.28277624563615,2.8,1.2,4.5,3.0,10.0,0.6,0.01,0.06,0.55,0.16,0.2,0.35,1.5,12,10.0,14.0,0.9,1.2,0.6,0.01,0.06,0.65,0.3,0.72,0.005,0.38,0.22,0.01,0.14,1.0,0.28
mpc,ground_truth,curvy,400.0,0.05,0.1,1.0,89.19309906288981,10.72761344909668,-57.40053939819336,16.62516708251834,2.819277361926101,0.0008141587895661964,0.0003195793308101713,0.0008141587895661964,0.0003195793308101713,-0.0016699957195669413,-0.0020586093014571816,1.0,0.0,19.444444444444443,31,25,4.453601837158203,RoadOption.STRAIGHT,21.181215286254883,-57.40562438964844,6.28277624563615,2.8,1.2,4.5,3.0,10.0,0.6,0.01,0.06,0.55,0.16,0.2,0.35,1.5,12,10.0,14.0,0.9,1.2,0.6,0.01,0.06,0.65,0.3,0.72,0.005,0.38,0.22,0.01,0.14,1.0,0.28
mpc,ground_truth,curvy,400.0,0.05,0.1,1.0,89.24309906363487,11.568330764770508,-57.400360107421875,16.940473580940168,2.503970863504275,0.001336465310334366,0.0004053331181639308,0.001336465310334366,0.0004053331181639308,-0.0026422441005706787,-0.0009722483810037374,1.0,0.0,19.444444444444443,32,26,4.61288595199585,RoadOption.STRAIGHT,22.181215286254883,-57.40603256225586,6.28277624563615,2.8,1.2,4.5,3.0,10.0,0.6,0.01,0.06,0.55,0.16,0.2,0.35,1.5,12,10.0,14.0,0.9,1.2,0.6,0.01,0.06,0.65,0.3,0.72,0.005,0.38,0.22,0.01,0.14,1.0,0.28
mpc,ground_truth,curvy,400.0,0.05,0.1,1.0,89.29309906437993,12.42479419708252,-57.40053939819336,17.255102412885204,2.1893420315592387,0.001506631838841744,0.00017949705747177802,0.001506631838841744,0.00017949705747177802,-0.0022258704993873835,0.00041637360118329525,0.9860506057739258,0.0,19.444444444444443,33,27,4.756422519683838,RoadOption.STRAIGHT,23.181215286254883,-57.40644073486328,6.28277624563615,2.8,1.2,4.5,3.0,10.0,0.6,0.01,0.06,0.55,0.16,0.2,0.35,1.5,12,10.0,14.0,0.9,1.2,0.6,0.01,0.06,0.65,0.3,0.72,0.005,0.38,0.22,0.01,0.14,1.0,0.28
mpc,ground_truth,curvy,400.0,0.05,0.1,1.0,89.34309906512499,13.29694652557373,-57.401039123535156,17.56785893329188,1.8765855111525624,0.001362781547752896,-0.00023861929868917997,0.001362781547752896,0.00023861929868917997,-0.0008100020932033658,0.0014158684061840177,0.8006435036659241,0.0,19.444444444444443,34,28,4.884270191192627,RoadOption.STRAIGHT,24.181215286254883,-57.4068489074707,6.28277624563615,2.8,1.2,4.5,3.0,10.0,0.6,0.01,0.06,0.55,0.16,0.2,0.35,1.5,12,10.0,14.0,0.9,1.2,0.6,0.01,0.06,0.65,0.3,0.72,0.005,0.38,0.22,0.01,0.14,1.0,0.28
mpc,ground_truth,curvy,400.0,0.05,0.1,1.0,89.39309906587005,14.184375762939453,-57.40175247192383,17.86401723399069,1.5804272104537525,0.0010115574234108313,-0.0006455501832167698,0.0010115574234108313,0.0006455501832167698,0.0008529775659553707,0.0016629796591587365,0.6428663730621338,0.0,19.444444444444443,35,29,4.996840476989746,RoadOption.STRAIGHT,25.181215286254883,-57.40726089477539,6.28277624563615,2.8,1.2,4.5,3.0,10.0,0.6,0.01,0.06,0.55,0.16,0.2,0.35,1.5,12,10.0,14.0,0.9,1.2,0.6,0.01,0.06,0.65,0.3,0.72,0.005,0.38,0.22,0.01,0.14,1.0,0.28
mpc,ground_truth,curvy,400.0,0.05,0.1,1.0,89.4430990666151,15.085237503051758,-57.40251922607422,18.111463465774225,1.3329809786702178,0.0006124222619707416,-0.0008575376109307697,0.0006124222619707416,0.0008575376109307697,0.0020018666982650757,0.001148889132309705,0.5528531074523926,0.0,19.444444444444443,35,30,5.095978736877441,RoadOption.STRAIGHT,25.181215286254883,-57.40726089477539,6.28277624563615,2.8,1.2,4.5,3.0,10.0,0.6,0.01,0.06,0.55,0.16,0.2,0.35,1.5,12,10.0,14.0,0.9,1.2,0.6,0.01,0.06,0.65,0.3,0.72,0.005,0.38,0.22,0.01,0.14,1.0,0.28
mpc,ground_truth,curvy,400.0,0.05,0.1,1.0,89.49309906736016,15.996504783630371,-57.40321731567383,18.293291306875187,1.1511531375692563,0.00028709711064848847,-0.0007909587137158169,0.00028709711064848847,0.0007909587137158169,0.0022172662429511547,0.00021539954468607903,0.5224984884262085,0.0,19.444444444444443,36,30,4.184711456298828,RoadOption.STRAIGHT,26.181215286254883,-57.40766906738281,6.28277624563615,2.8,1.2,4.5,3.0,10.0,0.6,0.01,0.06,0.55,0.16,0.2,0.35,1.5,12,10.0,14.0,0.9,1.2,0.6,0.01,0.06,0.65,0.3,0.72,0.005,0.38,0.22,0.01,0.14,1.0,0.28
mpc,ground_truth,curvy,400.0,0.05,0.1,1.0,89.54309906810522,16.914928436279297,-57.40377426147461,18.412990134573125,1.031454309871318,0.00010495418411159835,-0.0004905540777366824,0.00010495418411159835,0.0004905540777366824,0.001535156974568963,-0.0006821092683821917,0.5252339839935303,0.0,19.444444444444443,37,31,4.266287803649902,RoadOption.STRAIGHT,27.181215286254883,-57.408077239990234,6.28277624563615,2.8,1.2,4.5,3.0,10.0,0.6,0.01,0.06,0.55,0.16,0.2,0.35,1.5,12,10.0,14.0,0.9,1.2,0.6,0.01,0.06,0.65,0.3,0.72,0.005,0.38,0.22,0.01,0.14,1.0,0.28
mpc,ground_truth,curvy,400.0,0.05,0.1,1.0,89.59309906885028,17.83782196044922,-57.404178619384766,18.48473979298855,0.959704651455894,7.722758792568928e-05,-9.640636644192568e-05,7.722758792568928e-05,9.640636644192568e-05,0.00035785752697847784,-0.0011772994475904852,0.5397232174873352,0.0,19.444444444444443,38,32,4.3433942794799805,RoadOption.STRAIGHT,28.181215286254883,-57.408485412597656,6.28277624563615,2.8,1.2,4.5,3.0,10.0,0.6,0.01,0.06,0.55,0.16,0.2,0.35,1.5,12,10.0,14.0,0.9,1.2,0.6,0.01,0.06,0.65,0.3,0.72,0.005,0.38,0.22,0.01,0.14,1.0,0.28
mpc,ground_truth,curvy,400.0,0.05,0.1,1.0,89.64309906959534,18.763277053833008,-57.40449905395508,18.524408734519266,0.9200357099251768,0.00013447216398904918,0.00023062976665588764,0.00013447216398904918,0.00023062976665588764,-0.000749351573176682,-0.0011072091001551598,0.554418683052063,0.0,19.444444444444443,39,33,4.417939186096191,RoadOption.STRAIGHT,29.181215286254883,-57.40889358520508,6.28277624563615,2.8,1.2,4.5,3.0,10.0,0.6,0.01,0.06,0.55,0.16,0.2,0.35,1.5,12,10.0,14.0,0.9,1.2,0.6,0.01,0.06,0.65,0.3,0.72,0.005,0.38,0.22,0.01,0.14,1.0,0.28
mpc,ground_truth,curvy,400.0,0.05,0.1,1.0,89.6930990703404,19.69010353088379,-57.404808044433594,18.544861719096993,0.8995827253474502,0.00020372181119562524,0.00037816888088659795,0.00020372181119562524,0.00037816888088659795,-0.001353611471131444,-0.000604259897954762,0.5652060508728027,0.0,19.444444444444443,40,34,4.491112232208252,RoadOption.STRAIGHT,30.181215286254883,-57.4093017578125,6.28277624563615,2.8,1.2,4.5,3.0,10.0,0.6,0.01,0.06,0.55,0.16,0.2,0.35,1.5,12,10.0,14.0,0.9,1.2,0.6,0.01,0.06,0.65,0.3,0.72,0.005,0.38,0.22,0.01,0.14,1.0,0.28
mpc,ground_truth,curvy,400.0,0.05,0.1,1.0,89.74309907108545,20.617616653442383,-57.405174255371094,18.55480396298448,0.8896404814599634,0.0002198465814150668,0.0003238404129355388,0.0002198465814150668,0.0003238404129355388,-0.001250721514225006,0.00010288995690643787,0.5718535780906677,0.0,19.444444444444443,41,35,4.563599109649658,RoadOption.STRAIGHT,31.181215286254883,-57.40970993041992,6.28277624563615,2.8,1.2,4.5,3.0,10.0,0.6,0.01,0.06,0.55,0.16,0.2,0.35,1.5,12,10.0,14.0,0.9,1.2,0.6,0.01,0.06,0.65,0.3,0.72,0.005,0.38,0.22,0.01,0.14,1.0,0.28
mpc,ground_truth,curvy,400.0,0.05,0.1,1.0,89.79309907183051,21.545461654663086,-57.40562438964844,18.55942100294566,0.8850234414987845,0.00014836908065976508,0.0001331580219945394,0.00014836908065976508,0.0001331580219945394,-0.000638214813079685,0.0006125067011453211,0.5754736065864563,0.0,19.444444444444443,42,36,4.635754585266113,RoadOption.STRAIGHT,32.18121337890625,-57.410118103027344,6.28277624563615,2.8,1.2,4.5,3.0,10.0,0.6,0.01,0.06,0.55,0.16,0.2,0.35,1.5,12,10.0,14.0,0.9,1.2,0.6,0.01,0.06,0.65,0.3,0.72,0.005,0.38,0.22,0.01,0.14,1.0,0.28
mpc,ground_truth,curvy,400.0,0.05,0.1,1.0,89.84309907257557,22.47346305847168,-57.40612030029297,18.56150813740667,0.8829363070377738,3.1179194829089596e-05,-8.41558579365298e-05,3.1179194829089596e-05,8.41558579365298e-05,0.0001515399053459987,0.0007897547184256837,0.5772572159767151,0.0,19.444444444444443,43,37,4.7077531814575195,RoadOption.STRAIGHT,33.18121337890625,-57.410526275634766,6.28277624563615,2.8,1.2,4.5,3.0,10.0,0.6,0.01,0.06,0.55,0.16,0.2,0.35,1.5,12,10.0,14.0,0.9,1.2,0.6,0.01,0.06,0.65,0.3,0.72,0.005,0.38,0.22,0.01,0.14,1.0,0.28
mpc,ground_truth,curvy,400.0,0.05,0.1,1.0,89.89309907332063,23.40154457092285,-57.40663146972656,18.562449776660117,0.8819946677843262,-0.000101236709423387,-0.0002269013248747953,0.000101236709423387,0.0002269013248747953,0.0007579680532217026,0.0006064281478757039,0.5780668258666992,0.0,19.444444444444443,44,38,4.779671669006348,RoadOption.STRAIGHT,34.18121337890625,-57.41093444824219,6.28277624563615,2.8,1.2,4.5,3.0,10.0,0.6,0.01,0.06,0.55,0.16,0.2,0.35,1.5,12,10.0,14.0,0.9,1.2,0.6,0.01,0.06,0.65,0.3,0.72,0.005,0.38,0.22,0.01,0.14,1.0,0.28
mpc,ground_truth,curvy,400.0,0.05,0.1,1.0,89.94309907406569,24.32965850830078,-57.4070930480957,18.56289305361963,0.8815513908248143,-0.00018404828958159332,-0.00024394555585072197,0.00018404828958159332,0.00024394555585072197,0.0009406351600773633,0.00018266710685566068,0.5783988833427429,0.0,19.444444444444443,45,39,4.851557731628418,RoadOption.STRAIGHT,35.18121337890625,-57.41134262084961,6.28277624563615,2.8,1.2,4.5,3.0,10.0,0.6,0.01,0.06,0.55,0.16,0.2,0.35,1.5,12,10.0,14.0,0.9,1.2,0.6,0.01,0.06,0.65,0.3,0.72,0.005,0.38,0.22,0.01,0.14,1.0,0.28
mpc,ground_truth,curvy,400.0,0.05,0.1,1.0,89.99309907481074,25.257795333862305,-57.40748977661133,18.563124818073703,0.8813196263707397,-0.00020200065897443484,-0.00014540853049904712,0.00020200065897443484,0.00014540853049904712,0.0006914654513821006,-0.00024916970869526267,0.5785136818885803,0.0,19.444444444444443,46,40,4.9234209060668945,RoadOption.STRAIGHT,36.18121337890625,-57.4117546081543,6.28277624563615,2.8,1.2,4.5,3.0,10.0,0.6,0.01,0.06,0.55,0.16,0.2,0.35,1.5,12,10.0,14.0,0.9,1.2,0.6,0.01,0.06,0.65,0.3,0.72,0.005,0.38,0.22,0.01,0.14,1.0,0.28
mpc,ground_truth,curvy,400.0,0.05,0.1,1.0,90.0430990755558,26.185941696166992,-57.4078254699707,18.56325978792529,0.881184656519153,-0.00015891397610905415,9.054780215400626e-06,0.00015891397610905415,9.054780215400626e-06,0.00018453129450790584,-0.0005069341568741947,0.5785488486289978,0.0,19.444444444444443,47,41,4.995274543762207,RoadOption.STRAIGHT,37.18121337890625,-57.41216278076172,6.28277624563615,2.8,1.2,4.5,3.0,10.0,0.6,0.01,0.06,0.55,0.16,0.2,0.35,1.5,12,10.0,14.0,0.9,1.2,0.6,0.01,0.06,0.65,0.3,0.72,0.005,0.38,0.22,0.01,0.14,1.0,0.28
mpc,ground_truth,curvy,400.0,0.05,0.1,1.0,90.09309907630086,27.114093780517578,-57.40811538696289,18.563345567684568,0.8810988767598751,-7.004780899426888e-05,0.00014381066635493767,7.004780899426888e-05,0.00014381066635493767,-0.00033213343704119325,-0.0005166647315490991,0.5785564184188843,0.0,19.444444444444443,47,42,5.067120552062988,RoadOption.STRAIGHT,37.18121337890625,-57.41216278076172,6.28277624563615,2.8,1.2,4.5,3.0,10.0,0.6,0.01,0.06,0.55,0.16,0.2,0.35,1.5,12,10.0,14.0,0.9,1.2,0.6,0.01,0.06,0.65,0.3,0.72,0.005,0.38,0.22,0.01,0.14,1.0,0.28
mpc,ground_truth,curvy,400.0,0.05,0.1,1.0,90.14309907704592,28.04226303100586,-57.40840148925781,18.563404971073826,0.8810394733706168,2.35282556073327e-05,0.00020453077171822542,2.35282556073327e-05,0.00020453077171822542,-0.0006412541843019426,-0.00030912074726074934,0.5785524249076843,0.0,19.444444444444443,48,42,4.138951301574707,RoadOption.STRAIGHT,38.18121337890625,-57.41257095336914,6.28277624563615,2.8,1.2,4.5,3.0,10.0,0.6,0.01,0.06,0.55,0.16,0.2,0.35,1.5,12,10.0,14.0,0.9,1.2,0.6,0.01,0.06,0.65,0.3,0.72,0.005,0.38,0.22,0.01,0.14,1.0,0.28
mpc,ground_truth,curvy,400.0,0.05,0.1,1.0,90.19309907779098,28.970428466796875,-57.408729553222656,18.56344748585324,0.8809969585912043,7.425213459518343e-05,0.00017417075154568806,7.425213459518343e-05,0.00017417075154568806,-0.000629835354629904,1.1418829672038555e-05,0.5785471796989441,0.0,19.444444444444443,49,43,4.210785865783691,RoadOption.STRAIGHT,39.18121337890625,-57.41297912597656,6.28277624563615,2.8,1.2,4.5,3.0,10.0,0.6,0.01,0.06,0.55,0.16,0.2,0.35,1.5,12,10.0,14.0,0.9,1.2,0.6,0.01,0.06,0.65,0.3,0.72,0.005,0.38,0.22,0.01,0.14,1.0,0.28
mpc,ground_truth,curvy,400.0,0.05,0.1,1.0,90.24309907853603,29.89859962463379,-57.40910339355469,18.563476698396336,0.8809677460481069,7.920199089430594e-05,7.77643363401026e-05,7.920199089430594e-05,7.77643363401026e-05,-0.0003561688063200563,0.0002736665483098477,0.5785455703735352,0.0,19.444444444444443,50,44,4.282614707946777,RoadOption.STRAIGHT,40.18121337890625,-57.413387298583984,6.28277624563615,2.8,1.2,4.5,3.0,10.0,0.6,0.01,0.06,0.55,0.16,0.2,0.35,1.5,12,10.0,14.0,0.9,1.2,0.6,0.01,0.06,0.65,0.3,0.72,0.005,0.38,0.22,0.01,0.14,1.0,0.28
mpc,ground_truth,curvy,400.0,0.05,0.1,1.0,90.29309907928109,30.82676887512207,-57.40952682495117,18.563496095622977,0.880948348821466,3.4560006666419256e-05,-3.408846195274151e-05,3.4560006666419256e-05,3.408846195274151e-05,2.21274713112507e-05,0.000378296277631307,0.5785457491874695,0.0,19.444444444444443,51,45,4.354445457458496,RoadOption.STRAIGHT,41.18121337890625,-57.413795471191406,6.28277624563615,2.8,1.2,4.5,3.0,10.0,0.6,0.01,0.06,0.55,0.16,0.2,0.35,1.5,12,10.0,14.0,0.9,1.2,0.6,0.01,0.06,0.65,0.3,0.72,0.005,0.38,0.22,0.01,0.14,1.0,0.28
mpc,ground_truth,curvy,400.0,0.05,0.1,1.0,90.34309908002615,31.75494384765625,-57.40995788574219,18.563509338602607,0.8809351058418358,-1.3894333839071377e-05,-0.00011345056490963401,1.3894333839071377e-05,0.00011345056490963401,0.0003506476932670921,0.0003285202219558414,0.5785451531410217,0.0,19.444444444444443,52,46,4.426270484924316,RoadOption.STRAIGHT,42.18121337890625,-57.41420364379883,6.28277624563615,2.8,1.2,4.5,3.0,10.0,0.6,0.01,0.06,0.55,0.16,0.2,0.35,1.5,12,10.0,14.0,0.9,1.2,0.6,0.01,0.06,0.65,0.3,0.72,0.005,0.38,0.22,0.01,0.14,1.0,0.28
mpc,ground_truth,curvy,400.0,0.05,0.1,1.0,90.39309908077121,32.68311309814453,-57.41038131713867,18.563516532538806,0.880927911905637,-5.8536318066957846e-05,-0.00013102739559478493,5.8536318066957846e-05,0.00013102739559478493,0.00046339555410668254,0.00011274786083959043,0.5785481333732605,0.0,19.444444444444443,53,47,4.498101234436035,RoadOption.STRAIGHT,43.18121337890625,-57.41461181640625,6.28277624563615,2.8,1.2,4.5,3.0,10.0,0.6,0.01,0.06,0.55,0.16,0.2,0.35,1.5,12,10.0,14.0,0.9,1.2,0.6,0.01,0.06,0.65,0.3,0.72,0.005,0.38,0.22,0.01,0.14,1.0,0.28
mpc,ground_truth,curvy,400.0,0.05,0.1,1.0,90.44309908151627,33.61128616333008,-57.410770416259766,18.563521813365774,0.8809226310786684,-6.88444693307446e-05,-8.89494828806292e-05,6.88444693307446e-05,8.89494828806292e-05,0.00036276085302233696,-0.00010063470108434558,0.5785472393035889,0.0,19.444444444444443,54,48,4.569928169250488,RoadOption.STRAIGHT,44.18121337890625,-57.41501998901367,6.28277624563615,2.8,1.2,4.5,3.0,10.0,0.6,0.01,0.06,0.55,0.16,0.2,0.35,1.5,12,10.0,14.0,0.9,1.2,0.6,0.01,0.06,0.65,0.3,0.72,0.005,0.38,0.22,0.01,0.14,1.0,0.28
mpc,ground_truth,curvy,400.0,0.05,0.1,1.0,90.49309908226132,34.539459228515625,-57.4111328125,18.56352917496189,0.8809152694825535,-5.244974196927073e-05,-1.4913702104379922e-05,5.244974196927073e-05,1.4913702104379922e-05,0.0001254511735169217,-0.00023730967950541526,0.5785403251647949,0.0,19.444444444444443,55,49,4.641755104064941,RoadOption.STRAIGHT,45.18121337890625,-57.415428161621094,6.28277624563615,2.8,1.2,4.5,3.0,10.0,0.6,0.01,0.06,0.55,0.16,0.2,0.35,1.5,12,10.0,14.0,0.9,1.2,0.6,0.01,0.06,0.65,0.3,0.72,0.005,0.38,0.22,0.01,0.14,1.0,0.28
mpc,ground_truth,curvy,400.0,0.05,0.1,1.0,90.54309908300638,35.46763229370117,-57.41147232055664,18.56353294088442,0.8809115035600215,-1.3166832929002248e-05,5.379588652942857e-05,1.3166832929002248e-05,5.379588652942857e-05,-0.00013049172412138432,-0.000255942897638306,0.5785424113273621,0.0,19.444444444444443,56,50,4.7135820388793945,RoadOption.STRAIGHT,46.18121337890625,-57.41584014892578,6.28277624563615,2.8,1.2,4.5,3.0,10.0,0.6,0.01,0.06,0.55,0.16,0.2,0.35,1.5,12,10.0,14.0,0.9,1.2,0.6,0.01,0.06,0.65,0.3,0.72,0.005,0.38,0.22,0.01,0.14,1.0,0.28
mpc,ground_truth,curvy,400.0,0.05,0.1,1.0,90.59309908375144,36.39580535888672,-57.41181945800781,18.56353309094784,0.8809113534966038,1.8486682218334625e-05,8.948224513627423e-05,1.8486682218334625e-05,8.948224513627423e-05,-0.0002864869311451912,-0.00015599520702380687,0.5785466432571411,0.0,19.444444444444443,57,51,4.785408973693848,RoadOption.STRAIGHT,47.18121337890625,-57.4162483215332,6.28277624563615,2.8,1.2,4.5,3.0,10.0,0.6,0.01,0.06,0.55,0.16,0.2,0.35,1.5,12,10.0,14.0,0.9,1.2,0.6,0.01,0.06,0.65,0.3,0.72,0.005,0.38,0.22,0.01,0.14,1.0,0.28
mpc,ground_truth,curvy,400.0,0.05,0.1,1.0,90.6430990844965,37.323978424072266,-57.41217041015625,18.56353336301508,0.8809110814293639,4.632550041920591e-05,8.149272935664698e-05,4.632550041920591e-05,8.149272935664698e-05,-0.00030381017131730914,-1.732324017211795e-05,0.5785463452339172,0.0,19.444444444444443,58,52,4.857235908508301,RoadOption.STRAIGHT,48.18121337890625,-57.416656494140625,6.28277624563615,2.8,1.2,4.5,3.0,10.0,0.6,0.01,0.06,0.55,0.16,0.2,0.35,1.5,12,10.0,14.0,0.9,1.2,0.6,0.01,0.06,0.65,0.3,0.72,0.005,0.38,0.22,0.01,0.14,1.0,0.28
mpc,ground_truth,curvy,400.0,0.05,0.1,1.0,90.69309908524156,38.25215148925781,-57.41255187988281,18.56353364881935,0.8809107956250912,4.364674304835076e-05,3.9947416351715503e-05,4.364674304835076e-05,3.9947416351715503e-05,-0.00018370820907875896,0.00012010196223855019,0.5785461068153381,0.0,19.444444444444443,59,53,4.929062366485596,RoadOption.STRAIGHT,49.18121337890625,-57.41706466674805,6.28277624563615,2.8,1.2,4.5,3.0,10.0,0.6,0.01,0.06,0.55,0.16,0.2,0.35,1.5,12,10.0,14.0,0.9,1.2,0.6,0.01,0.06,0.65,0.3,0.72,0.005,0.38,0.22,0.01,0.14,1.0,0.28
mpc,ground_truth,curvy,400.0,0.05,0.1,1.0,90.74309908598661,39.18032455444336,-57.41294860839844,18.563533802609083,0.88091064183536,2.5709197891632396e-05,-1.2250508504507707e-05,2.5709197891632396e-05,1.2250508504507707e-05,-5.860736564500257e-06,0.0001778474725142587,0.5785462260246277,0.0,19.444444444444443,59,54,5.000889301300049,RoadOption.STRAIGHT,49.18121337890625,-57.41706466674805,6.28277624563615,2.8,1.2,4.5,3.0,10.0,0.6,0.01,0.06,0.55,0.16,0.2,0.35,1.5,12,10.0,14.0,0.9,1.2,0.6,0.01,0.06,0.65,0.3,0.72,0.005,0.38,0.22,0.01,0.14,1.0,0.28
mpc,ground_truth,curvy,400.0,0.05,0.1,1.0,90.79309908673167,40.10850143432617,-57.41334915161133,18.56353376745007,0.8809106769943718,4.847474991076083e-06,-5.1132692929556356e-05,4.847474991076083e-06,5.1132692929556356e-05,0.00014198568533174694,0.0001478464218962472,0.5785464644432068,0.0,19.444444444444443,60,54,4.0727128982543945,RoadOption.STRAIGHT,50.18121337890625,-57.41747283935547,6.28277624563615,2.8,1.2,4.5,3.0,10.0,0.6,0.01,0.06,0.55,0.16,0.2,0.35,1.5,12,10.0,14.0,0.9,1.2,0.6,0.01,0.06,0.65,0.3,0.72,0.005,0.38,0.22,0.01,0.14,1.0,0.28
mpc,ground_truth,curvy,400.0,0.05,0.1,1.0,90.84309908747673,41.03667449951172,-57.41374969482422,18.56353359846928,0.880910845975162,-1.6904767112108088e-05,-6.285060172572798e-05,1.6904767112108088e-05,6.285060172572798e-05,0.0001996732607949525,5.7687575463205576e-05,0.5785467028617859,0.0,19.444444444444443,61,55,4.1445393562316895,RoadOption.STRAIGHT,51.18121337890625,-57.41788101196289,6.28277624563615,2.8,1.2,4.5,3.0,10.0,0.6,0.01,0.06,0.55,0.16,0.2,0.35,1.5,12,10.0,14.0,0.9,1.2,0.6,0.01,0.06,0.65,0.3,0.72,0.005,0.38,0.22,0.01,0.14,1.0,0.28
mpc,ground_truth,curvy,400.0,0.05,0.1,1.0,90.89309908822179,41.964847564697266,-57.41413879394531,18.56353340793005,0.8809110365143944,-2.339822142942904e-05,-4.7404267403017286e-05,2.339822142942904e-05,4.7404267403017286e-05,0.0001867303071776405,-1.2942953617312014e-05,0.5785468220710754,0.0,19.444444444444443,62,56,4.216366767883301,RoadOption.STRAIGHT,52.18121337890625,-57.41828918457031,6.28277624563615,2.8,1.2,4.5,3.0,10.0,0.6,0.01,0.06,0.55,0.16,0.2,0.35,1.5,12,10.0,14.0,0.9,1.2,0.6,0.01,0.06,0.65,0.3,0.72,0.005,0.38,0.22,0.01,0.14,1.0,0.28
mpc,ground_truth,curvy,400.0,0.05,0.1,1.0,90.94309908896685,42.89302062988281,-57.414520263671875,18.563537061617453,0.8809073828269902,-2.607697880028419e-05,-1.4913702104379922e-05,2.607697880028419e-05,1.4913702104379922e-05,8.45399554236792e-05,-0.0001021903517539613,0.578540027141571,0.0,19.444444444444443,63,57,4.288193702697754,RoadOption.STRAIGHT,53.18121337890625,-57.418697357177734,6.28277624563615,2.8,1.2,4.5,3.0,10.0,0.6,0.01,0.06,0.55,0.16,0.2,0.35,1.5,12,10.0,14.0,0.9,1.2,0.6,0.01,0.06,0.65,0.3,0.72,0.005,0.38,0.22,0.01,0.14,1.0,0.28
mpc,ground_truth,curvy,400.0,0.05,0.1,1.0,90.9930990897119,43.82119369506836,-57.41488265991211,18.56353700919665,0.8809074352477921,-9.682251438810317e-06,1.9174792358356285e-05,9.682251438810317e-06,1.9174792358356285e-05,-3.8136960938572884e-05,-0.00012267691636225209,0.5785444974899292,0.0,19.444444444444443,64,58,4.360020637512207,RoadOption.STRAIGHT,54.18121337890625,-57.419105529785156,6.28277624563615,2.8,1.2,4.5,3.0,10.0,0.6,0.01,0.06,0.55,0.16,0.2,0.35,1.5,12,10.0,14.0,0.9,1.2,0.6,0.01,0.06,0.65,0.3,0.72,0.005,0.38,0.22,0.01,0.14,1.0,0.28
mpc,ground_truth,curvy,400.0,0.05,0.1,1.0,91.04309909045696,44.74937057495117,-57.41524887084961,18.563537064710495,0.880907379733948,2.899339422105223e-06,3.9414816642491246e-05,2.899339422105223e-06,3.9414816642491246e-05,-0.00011958188406424597,-8.144492312567309e-05,0.5785443782806396,0.0,19.444444444444443,65,59,4.4318437576293945,RoadOption.STRAIGHT,55.18121337890625,-57.41951370239258,6.28277624563615,2.8,1.2,4.5,3.0,10.0,0.6,0.01,0.06,0.55,0.16,0.2,0.35,1.5,12,10.0,14.0,0.9,1.2,0.6,0.01,0.06,0.65,0.3,0.72,0.005,0.38,0.22,0.01,0.14,1.0,0.28
mpc,ground_truth,curvy,400.0,0.05,0.1,1.0,91.09309909120202,45.67754364013672,-57.41561508178711,18.56353718248617,0.8809072619582743,1.547936983711351e-05,3.9414816642491246e-05,1.547936983711351e-05,3.9414816642491246e-05,-0.00013885105727240443,-1.9269173208158463e-05,0.5785441994667053,0.0,19.444444444444443,66,60,4.503670692443848,RoadOption.STRAIGHT,56.18121337890625,-57.419925689697266,6.28277624563615,2.8,1.2,4.5,3.0,10.0,0.6,0.01,0.06,0.55,0.16,0.2,0.35,1.5,12,10.0,14.0,0.9,1.2,0.6,0.01,0.06,0.65,0.3,0.72,0.005,0.38,0.22,0.01,0.14,1.0,0.28
mpc,ground_truth,curvy,400.0,0.05,0.1,1.0,91.14309909194708,46.605716705322266,-57.41599655151367,18.5635373089204,0.8809071355240441,1.2800612466258143e-05,2.4501114538111324e-05,1.2800612466258143e-05,2.4501114538111324e-05,-9.546173532726243e-05,4.3389321945142e-05,0.5785441398620605,0.0,19.444444444444443,67,61,4.575497627258301,RoadOption.STRAIGHT,57.18121337890625,-57.42033386230469,6.28277624563615,2.8,1.2,4.5,3.0,10.0,0.6,0.01,0.06,0.55,0.16,0.2,0.35,1.5,12,10.0,14.0,0.9,1.2,0.6,0.01,0.06,0.65,0.3,0.72,0.005,0.38,0.22,0.01,0.14,1.0,0.28
mpc,ground_truth,curvy,400.0,0.05,0.1,1.0,91.19309909269214,47.53388977050781,-57.4163818359375,18.563537385522242,0.880907058922201,6.307158148937406e-06,1.5979291632106651e-06,6.307158148937406e-06,1.5979291632106651e-06,-1.957420136022847e-05,7.588753396703396e-05,0.5785441398620605,0.0,19.444444444444443,68,62,4.647324562072754,RoadOption.STRAIGHT,58.18121337890625,-57.42074203491211,6.28277624563615,2.8,1.2,4.5,3.0,10.0,0.6,0.01,0.06,0.55,0.16,0.2,0.35,1.5,12,10.0,14.0,0.9,1.2,0.6,0.01,0.06,0.65,0.3,0.72,0.005,0.38,0.22,0.01,0.14,1.0,0.28
mpc,ground_truth,curvy,400.0,0.05,0.1,1.0,91.2430990934372,48.46206283569336,-57.41676712036133,18.56353738539727,0.8809070590471713,-1.8629616838376425e-07,-1.757686319425744e-05,1.8629616838376425e-07,1.757686319425744e-05,4.8766163672553375e-05,6.834036503278185e-05,0.5785442590713501,0.0,19.444444444444443,69,63,4.719151496887207,RoadOption.STRAIGHT,59.18121337890625,-57.42115020751953,6.28277624563615,2.8,1.2,4.5,3.0,10.0,0.6,0.01,0.06,0.55,0.16,0.2,0.35,1.5,12,10.0,14.0,0.9,1.2,0.6,0.01,0.06,0.65,0.3,0.72,0.005,0.38,0.22,0.01,0.14,1.0,0.28
mpc,ground_truth,curvy,400.0,0.05,0.1,1.0,91.29309909418225,49.39023971557617,-57.417152404785156,18.563537325521622,0.8809071189228206,-6.678190039796812e-06,-2.6098978682220775e-05,6.678190039796812e-06,2.6098978682220775e-05,8.5760562797077e-05,3.6994399124523625e-05,0.5785443186759949,0.0,19.444444444444443,70,64,4.7909746170043945,RoadOption.STRAIGHT,60.181209564208984,-57.42155838012695,6.28277624563615,2.8,1.2,4.5,3.0,10.0,0.6,0.01,0.06,0.55,0.16,0.2,0.35,1.5,12,10.0,14.0,0.9,1.2,0.6,0.01,0.06,0.65,0.3,0.72,0.005,0.38,0.22,0.01,0.14,1.0,0.28
mpc,ground_truth,curvy,400.0,0.05,0.1,1.0,91.34309909492731,50.31841278076172,-57.41754150390625,18.56353724121151,0.8809072032329333,-1.698634130358357e-05,-2.1837920938239108e-05,1.698634130358357e-05,2.1837920938239108e-05,7.642377750016749e-05,-9.336785296909511e-06,0.5785444378852844,0.0,19.444444444444443,71,65,4.862801551818848,RoadOption.STRAIGHT,61.181209564208984,-57.421966552734375,6.28277624563615,2.8,1.2,4.5,3.0,10.0,0.6,0.01,0.06,0.55,0.16,0.2,0.35,1.5,12,10.0,14.0,0.9,1.2,0.6,0.01,0.06,0.65,0.3,0.72,0.005,0.38,0.22,0.01,0.14,1.0,0.28
mpc,ground_truth,curvy,400.0,0.05,0.1,1.0,91.39309909567237,51.246585845947266,-57.41791534423828,18.56353717853683,0.8809072659076129,-8.221007835040872e-06,-9.587347414630187e-06,8.221007835040872e-06,9.587347414630187e-06,5.2385570597834885e-05,-2.4038206902332604e-05,0.5785444378852844,0.0,19.444444444444443,72,66,4.934628486633301,RoadOption.STRAIGHT,62.181209564208984,-57.4223747253418,6.28277624563615,2.8,1.2,4.5,3.0,10.0,0.6,0.01,0.06,0.55,0.16,0.2,0.35,1.5,12,10.0,14.0,0.9,1.2,0.6,0.01,0.06,0.65,0.3,0.72,0.005,0.38,0.22,0.01,0.14,1.0,0.28
mpc,ground_truth,curvy,400.0,0.05,0.1,1.0,91.44309909641743,52.17475891113281,-57.41828536987305,18.563537135969522,0.8809073084749208,5.443256335009583e-07,5.326354689749735e-06,5.443256335009583e-07,5.326354689749735e-06,-1.0691759598557837e-05,-6.307733019639272e-05,0.5785444378852844,0.0,19.444444444444443,72,67,5.006455421447754,RoadOption.STRAIGHT,62.181209564208984,-57.4223747253418,6.28277624563615,2.8,1.2,4.5,3.0,10.0,0.6,0.01,0.06,0.55,0.16,0.2,0.35,1.5,12,10.0,14.0,0.9,1.2,0.6,0.01,0.06,0.65,0.3,0.72,0.005,0.38,0.22,0.01,0.14,1.0,0.28
mpc,ground_truth,curvy,400.0,0.05,0.1,1.0,91.49309909716249,53.10293197631836,-57.41865539550781,18.56353716030949,0.8809072841349526,1.0198617858763175e-05,1.5446366831817215e-05,1.0198617858763175e-05,1.5446366831817215e-05,-5.4614189139101654e-05,-4.392242954054382e-05,0.5785443186759949,0.0,19.444444444444443,73,67,4.078282356262207,RoadOption.STRAIGHT,63.181209564208984,-57.42278289794922,6.28277624563615,2.8,1.2,4.5,3.0,10.0,0.6,0.01,0.06,0.55,0.16,0.2,0.35,1.5,12,10.0,14.0,0.9,1.2,0.6,0.01,0.06,0.65,0.3,0.72,0.005,0.38,0.22,0.01,0.14,1.0,0.28
mpc,ground_truth,curvy,400.0,0.05,0.1,1.0,91.54309909790754,54.03110885620117,-57.41902160644531,18.56353722120166,0.880907223242783,2.2780208719678716e-05,1.5446366831817215e-05,2.2780208719678716e-05,1.5446366831817215e-05,-7.022933277767152e-05,-1.561514363856986e-05,0.5785442590713501,0.0,19.444444444444443,74,68,4.1501054763793945,RoadOption.STRAIGHT,64.18121337890625,-57.42319107055664,6.28277624563615,2.8,1.2,4.5,3.0,10.0,0.6,0.01,0.06,0.55,0.16,0.2,0.35,1.5,12,10.0,14.0,0.9,1.2,0.6,0.01,0.06,0.65,0.3,0.72,0.005,0.38,0.22,0.01,0.14,1.0,0.28
mpc,ground_truth,curvy,400.0,0.05,0.1,1.0,91.5930990986526,54.95928192138672,-57.41940689086914,18.563537291740325,0.8809071527041183,1.628675440235798e-05,9.054780215400626e-06,1.628675440235798e-05,9.054780215400626e-06,-4.753430766868405e-05,2.2695025108987466e-05,0.5785441994667053,0.0,19.444444444444443,75,69,4.221932411193848,RoadOption.STRAIGHT,65.18121337890625,-57.42359924316406,6.28277624563615,2.8,1.2,4.5,3.0,10.0,0.6,0.01,0.06,0.55,0.16,0.2,0.35,1.5,12,10.0,14.0,0.9,1.2,0.6,0.01,0.06,0.65,0.3,0.72,0.005,0.38,0.22,0.01,0.14,1.0,0.28
mpc,ground_truth,curvy,400.0,0.05,0.1,1.0,91.64309909939766,55.887454986572266,-57.4197998046875,18.563537331913498,0.8809071125309451,2.1654666380128886e-06,-2.1304963624402262e-06,2.1654666380128886e-06,2.1304963624402262e-06,-4.6015492216611165e-07,4.707415274651794e-05,0.5785441994667053,0.0,19.444444444444443,76,70,4.293755531311035,RoadOption.STRAIGHT,66.06481170654297,-57.41557312011719,0.02175243346765821,2.8,1.2,4.5,3.0,10.0,0.6,0.01,0.06,0.55,0.16,0.2,0.35,1.5,12,10.0,14.0,0.9,1.2,0.6,0.01,0.06,0.65,0.3,0.72,0.005,0.38,0.22,0.01,0.14,1.0,0.28
mpc,ground_truth,curvy,400.0,0.05,0.1,1.0,91.69309910014272,56.81562805175781,-57.42018508911133,18.563537319057755,0.8809071253866883,-4.327987679307848e-06,-1.0652644360398256e-05,4.327987679307848e-06,1.0652644360398256e-05,3.4463988413335755e-05,3.492414333550187e-05,0.5785443186759949,0.0,19.444444444444443,77,71,4.365582466125488,RoadOption.STRAIGHT,66.93106842041016,-57.3857307434082,0.047124901805061126,2.8,1.2,4.5,3.0,10.0,0.6,0.01,0.06,0.55,0.16,0.2,0.35,1.5,12,10.0,14.0,0.9,1.2,0.6,0.01,0.06,0.65,0.3,0.72,0.005,0.38,0.22,0.01,0.14,1.0,0.28
mpc,ground_truth,curvy,400.0,0.05,0.1,1.0,91.74309910088778,57.74380111694336,-57.42057418823242,18.56353727676738,0.8809071676770621,-1.4636138943094606e-05,-1.3315772941169257e-05,1.4636138943094606e-05,1.3315772941169257e-05,5.4806325351819396e-05,2.034233693848364e-05,0.5785443782806396,0.0,19.444444444444443,78,72,4.437409400939941,RoadOption.STRAIGHT,67.7962875366211,-57.33391571044922,0.07249763645857306,2.8,1.2,4.5,3.0,10.0,0.6,0.01,0.06,0.55,0.16,0.2,0.35,1.5,12,10.0,14.0,0.9,1.2,0.6,0.01,0.06,0.65,0.3,0.72,0.005,0.38,0.22,0.01,0.14,1.0,0.28
mpc,ground_truth,curvy,400.0,0.05,0.1,1.0,91.79309910163283,58.67197799682617,-57.420955657958984,18.563537218837123,0.88090722560732,-1.7313335868042066e-05,-8.522082978856815e-06,1.7313335868042066e-05,8.522082978856815e-06,4.5426120777847245e-05,-9.38020457397215e-06,0.5785443782806396,0.0,19.444444444444443,80,73,4.509232521057129,RoadOption.STRAIGHT,69.52140045166016,-57.1645393371582,0.1232428394494879,2.8,1.2,4.5,3.0,10.0,0.6,0.01,0.06,0.55,0.16,0.2,0.35,1.5,12,10.0,14.0,0.9,1.2,0.6,0.01,0.06,0.65,0.3,0.72,0.005,0.38,0.22,0.01,0.14,1.0,0.28
mpc,ground_truth,curvy,400.0,0.05,0.1,1.0,91.84309910237789,59.60015106201172,-57.42132568359375,18.563537177156213,0.8809072672882294,-9.438521602127443e-06,0.0,9.438521602127443e-06,0.0,0.02639109082520008,0.026345664704422234,0.5785444378852844,0.0,19.444444444444443,81,75,5.581063270568848,RoadOption.STRAIGHT,70.38017272949219,-57.047080993652344,0.14861557410299983,2.8,1.2,4.5,3.0,10.0,0.6,0.01,0.06,0.55,0.16,0.2,0.35,1.5,12,10.0,14.0,0.9,1.2,0.6,0.01,0.06,0.65,0.3,0.72,0.005,0.38,0.22,0.01,0.14,1.0,0.28
mpc,ground_truth,curvy,400.0,0.05,0.1,1.0,91.89309910312295,60.52826690673828,-57.41948699951172,18.561736443860028,0.8827080005844152,0.11651087161441984,-0.02014184973784161,0.11651087161441984,0.02014184973784161,0.031283676624298096,0.004892585799098015,0.5817856788635254,0.0,19.444444444444443,82,76,5.53654670715332,RoadOption.STRAIGHT,71.23568725585938,-56.907875061035156,0.17398830875651175,2.8,1.2,4.5,3.0,10.0,0.6,0.01,0.06,0.55,0.16,0.2,0.35,1.5,12,10.0,14.0,0.9,1.2,0.6,0.01,0.06,0.65,0.3,0.72,0.005,0.38,0.22,0.01,0.14,1.0,0.28
mpc,ground_truth,curvy,400.0,0.05,0.1,1.0,91.94309910386801,61.45627975463867,-57.41387939453125,18.560211423663056,0.8842330207813873,0.2297859955131428,-0.04080641375930716,0.2297859955131428,0.04080641375930716,-0.010123467072844505,-0.0414071436971426,0.582369863986969,0.0,19.444444444444443,83,77,5.474861145019531,RoadOption.STRAIGHT,72.08740234375,-56.74700927734375,0.19936104341002367,2.8,1.2,4.5,3.0,10.0,0.6,0.01,0.06,0.55,0.16,0.2,0.35,1.5,12,10.0,14.0,0.9,1.2,0.6,0.01,0.06,0.65,0.3,0.72,0.005,0.38,0.22,0.01,0.14,1.0,0.28
mpc,ground_truth,curvy,400.0,0.05,0.1,1.0,91.99309910461307,62.38427734375,-57.40752410888672,18.560765432930296,0.8836790115141469,0.318599294596062,-0.06284864388634981,0.318599294596062,0.06284864388634981,-0.03087620437145233,-0.020752737298607826,0.5795425772666931,0.0,19.444444444444443,84,78,5.412511348724365,RoadOption.STRAIGHT,72.93476104736328,-56.56459045410156,0.2247335117474266,2.8,1.2,4.5,3.0,10.0,0.6,0.01,0.06,0.55,0.16,0.2,0.35,1.5,12,10.0,14.0,0.9,1.2,0.6,0.01,0.06,0.65,0.3,0.72,0.005,0.38,0.22,0.01,0.14,1.0,0.28
mpc,ground_truth,curvy,400.0,0.05,0.1,1.0,92.04309910535812,63.3122673034668,-57.40324401855469,18.55985941298179,0.8845850314626524,0.38015006776772353,-0.08903847797418996,0.38015006776772353,0.08903847797418996,-0.013114430010318756,0.017761774361133575,0.5818382501602173,0.0,19.444444444444443,85,79,5.3495588302612305,RoadOption.STRAIGHT,73.77721405029297,-56.36072540283203,0.25010624640093854,2.8,1.2,4.5,3.0,10.0,0.6,0.01,0.06,0.55,0.16,0.2,0.35,1.5,12,10.0,14.0,0.9,1.2,0.6,0.01,0.06,0.65,0.3,0.72,0.005,0.38,0.22,0.01,0.14,1.0,0.28
mpc,ground_truth,curvy,400.0,0.05,0.1,1.0,92.09309910610318,64.24028778076172,-57.40018081665039,18.56121426298895,0.8832301814554917,0.41535875534373357,-0.11723420707567289,0.41535875534373357,0.11723420707567289,0.037947408854961395,0.05106183886528015,0.5783122777938843,0.0,19.444444444444443,86,80,5.286367416381836,RoadOption.STRAIGHT,74.61422729492188,-56.135562896728516,0.27547898105445046,2.8,1.2,4.5,3.0,10.0,0.6,0.01,0.06,0.55,0.16,0.2,0.35,1.5,12,10.0,14.0,0.9,1.2,0.6,0.01,0.06,0.65,0.3,0.72,0.005,0.38,0.22,0.01,0.14,1.0,0.28
mpc,ground_truth,curvy,400.0,0.05,0.1,1.0,92.14309910684824,65.16822814941406,-57.39387512207031,18.55798909134761,0.6800217301714433,0.4287565698886534,-0.14205832898418258,0.4287565698886534,0.14205832898418258,0.10213325172662735,0.06418584287166595,0.2141629010438919,0.0,19.238010821519055,87,81,5.2234697341918945,RoadOption.STRAIGHT,75.44525909423828,-55.88922882080078,0.3008514493918534,2.8,1.2,4.5,3.0,10.0,0.6,0.01,0.06,0.55,0.16,0.2,0.35,1.5,12,10.0,14.0,0.9,1.2,0.6,0.01,0.06,0.65,0.3,0.72,0.005,0.38,0.22,0.01,0.14,1.0,0.28
mpc,ground_truth,curvy,400.0,0.05,0.1,1.0,92.1930991075933,66.0950927734375,-57.3790283203125,18.519949395318015,0.2680614262010401,0.42585774095567375,-0.15917329653610413,0.42585774095567375,0.15917329653610413,0.1598796844482422,0.05774643272161484,0.0,0.2835155129432678,18.788010821519055,88,82,5.1621413230896,RoadOption.STRAIGHT,76.269775390625,-55.62189865112305,0.3262241840453653,2.8,1.2,4.5,3.0,10.0,0.6,0.01,0.06,0.55,0.16,0.2,0.35,1.5,12,10.0,14.0,0.9,1.2,0.6,0.01,0.06,0.65,0.3,0.72,0.005,0.38,0.22,0.01,0.14,1.0,0.28
mpc,ground_truth,curvy,400.0,0.05,0.1,1.0,92.24309910833836,67.01651000976562,-57.34953308105469,18.36954471320335,-0.03153389168429399,0.41366528005924175,-0.16581703769414613,0.41366528005924175,0.16581703769414613,0.1945597529411316,0.034680068492889404,0.0,0.328450471162796,18.338010821519056,89,83,5.106563091278076,RoadOption.STRAIGHT,77.08724212646484,-55.33373260498047,0.3515966523827682,2.8,1.2,4.5,3.0,10.0,0.6,0.01,0.06,0.55,0.16,0.2,0.35,1.5,12,10.0,14.0,0.9,1.2,0.6,0.01,0.06,0.65,0.3,0.72,0.005,0.38,0.22,0.01,0.14,1.0,0.28
mpc,ground_truth,curvy,400.0,0.05,0.1,1.0,92.29309910908341,67.92568969726562,-57.30063247680664,18.1019239151379,-0.21391309361884225,0.39872127219086884,-0.16208501898115824,0.39872127219086884,0.16208501898115824,0.19907648861408234,0.004516735672950745,0.0,0.29732561111450195,17.888010821519057,90,84,5.062860488891602,RoadOption.STRAIGHT,77.89713287353516,-55.02491760253906,0.37696938703628013,2.8,1.2,4.5,3.0,10.0,0.6,0.01,0.06,0.55,0.16,0.2,0.35,1.5,12,10.0,14.0,0.9,1.2,0.6,0.01,0.06,0.65,0.3,0.72,0.005,0.38,0.22,0.01,0.14,1.0,0.28
mpc,ground_truth,curvy,400.0,0.05,0.1,1.0,92.34309910982847,68.81825256347656,-57.22948455810547,17.780945218777955,0.2820656027411026,0.3856484950891018,-0.15056439216493578,0.3856484950891018,0.15056439216493578,0.1760282665491104,-0.023048222064971924,0.8144137859344482,0.0,18.063010821519057,91,85,5.034485340118408,RoadOption.STRAIGHT,78.69892883300781,-54.69565963745117,0.40234185537368305,2.8,1.2,4.5,3.0,10.0,0.6,0.01,0.06,0.55,0.16,0.2,0.35,1.5,12,10.0,14.0,0.9,1.2,0.6,0.01,0.06,0.65,0.3,0.72,0.005,0.38,0.22,0.01,0.14,1.0,0.28
mpc,ground_truth,curvy,400.0,0.05,0.1,1.0,92.39309911057353,69.69242095947266,-57.13495635986328,17.464652225238254,0.7733585962808043,0.37705879849133583,-0.13508030753402434,0.37705879849133583,0.13508030753402434,0.134518101811409,-0.041510164737701416,1.0,0.0,18.238010821519058,92,86,5.022247314453125,RoadOption.STRAIGHT,79.49211120605469,-54.346160888671875,0.427714590027195,2.8,1.2,4.5,3.0,10.0,0.6,0.01,0.06,0.55,0.16,0.2,0.35,1.5,12,10.0,14.0,0.9,1.2,0.6,0.01,0.06,0.65,0.3,0.72,0.005,0.38,0.22,0.01,0.14,1.0,0.28
mpc,ground_truth,curvy,400.0,0.05,0.1,1.0,92.44309911131859,70.54972076416016,-57.017112731933594,17.207635760024132,1.2053750614949266,0.3734876396637543,-0.11994509700591305,0.3734876396637543,0.11994509700591305,0.08735115081071854,-0.04716695100069046,1.0,0.0,18.41301082151906,93,87,5.023785591125488,RoadOption.STRAIGHT,80.27617645263672,-53.976654052734375,0.4530873246807069,2.8,1.2,4.5,3.0,10.0,0.6,0.01,0.06,0.55,0.16,0.2,0.35,1.5,12,10.0,14.0,0.9,1.2,0.6,0.01,0.06,0.65,0.3,0.72,0.005,0.38,0.22,0.01,0.14,1.0,0.28
mpc,ground_truth,curvy,400.0,0.05,0.1,1.0,92.49309911206365,71.39349365234375,-56.877132415771484,17.043576894425797,1.5444339270932623,0.3736637663593203,-0.10921135939040338,0.3736637663593203,0.10921135939040338,0.04941491782665253,-0.03793623298406601,1.0,0.0,18.58801082151906,94,88,5.035249710083008,RoadOption.STRAIGHT,81.05061340332031,-53.587379455566406,0.4784597930181098,2.8,1.2,4.5,3.0,10.0,0.6,0.01,0.06,0.55,0.16,0.2,0.35,1.5,12,10.0,14.0,0.9,1.2,0.6,0.01,0.06,0.65,0.3,0.72,0.005,0.38,0.22,0.01,0.14,1.0,0.28
mpc,ground_truth,curvy,400.0,0.05,0.1,1.0,92.5430991128087,72.2288589477539,-56.71622848510742,16.999867501354068,1.7631433201649926,0.37529331772039964,-0.10542957077394988,0.37529331772039964,0.10542957077394988,0.032293159514665604,-0.017121758311986923,1.0,0.0,18.76301082151906,95,89,5.051255702972412,RoadOption.STRAIGHT,81.81492614746094,-53.1785774230957,0.5038325276716218,2.8,1.2,4.5,3.0,10.0,0.6,0.01,0.06,0.55,0.16,0.2,0.35,1.5,12,10.0,14.0,0.9,1.2,0.6,0.01,0.06,0.65,0.3,0.72,0.005,0.38,0.22,0.01,0.14,1.0,0.28
mpc,ground_truth,curvy,400.0,0.05,0.1,1.0,92.59309911355376,73.06105041503906,-56.53493118286133,17.058070123416424,1.8799406981026365,0.37619577675017446,-0.10860803689020271,0.37619577675017446,0.10860803689020271,0.03939097747206688,0.007097817957401276,1.0,0.0,18.93801082151906,96,90,5.066343784332275,RoadOption.STRAIGHT,82.56861877441406,-52.750518798828125,0.5292052623251337,2.8,1.2,4.5,3.0,10.0,0.6,0.01,0.06,0.55,0.16,0.2,0.35,1.5,12,10.0,14.0,0.9,1.2,0.6,0.01,0.06,0.65,0.3,0.72,0.005,0.38,0.22,0.01,0.14,1.0,0.28
mpc,ground_truth,curvy,400.0,0.05,0.1,1.0,92.64309911429882,73.89356231689453,-56.332923889160156,17.183171591585506,1.929839229933556,0.3751348740228393,-0.11628363333646075,0.3751348740228393,0.11628363333646075,0.0647587776184082,0.025367800146341324,1.0,0.0,19.11301082151906,97,91,5.07663106918335,RoadOption.STRAIGHT,83.31121826171875,-52.30347442626953,0.5545779969786456,2.8,1.2,4.5,3.0,10.0,0.6,0.01,0.06,0.55,0.16,0.2,0.35,1.5,12,10.0,14.0,0.9,1.2,0.6,0.01,0.06,0.65,0.3,0.72,0.005,0.38,0.22,0.01,0.14,1.0,0.28
mpc,ground_truth,curvy,400.0,0.05,0.1,1.0,92.69309911504388,74.72821044921875,-56.10902786254883,17.349407499350566,1.9386033221684968,0.37196858533269594,-0.12478817196151981,0.37196858533269594,0.12478817196151981,0.0966450423002243,0.0318862646818161,1.0,0.0,19.288010821519062,98,92,5.079611778259277,RoadOption.STRAIGHT,84.04222106933594,-51.83773422241211,0.5799507316321575,2.8,1.2,4.5,3.0,10.0,0.6,0.01,0.06,0.55,0.16,0.2,0.35,1.5,12,10.0,14.0,0.9,1.2,0.6,0.01,0.06,0.65,0.3,0.72,0.005,0.38,0.22,0.01,0.14,1.0,0.28
mpc,ground_truth,curvy,400.0,0.05,0.1,1.0,92.74309911578894,75.56561279296875,-55.86164093017578,17.539649332299934,1.9047951121445088,0.36722671452916944,-0.13082369393996673,0.36722671452916944,0.13082369393996673,0.12352310121059418,0.026878058910369873,1.0,0.0,19.444444444444443,99,93,5.0737152099609375,RoadOption.STRAIGHT,84.76118469238281,-51.353599548339844,0.6053231999695604,2.8,1.2,4.5,3.0,10.0,0.6,0.01,0.06,0.55,0.16,0.2,0.35,1.5,12,10.0,14.0,0.9,1.2,0.6,0.01,0.06,0.65,0.3,0.72,0.005,0.38,0.22,0.01,0.14,1.0,0.28
mpc,ground_truth,curvy,400.0,0.05,0.1,1.0,92.793099116534,76.40565490722656,-55.589080810546875,17.745496447713894,1.6989479967305492,0.3616763128781353,-0.13243853495644986,0.3616763128781353,0.13243853495644986,0.13770751655101776,0.014184415340423584,0.8223522305488586,0.0,19.444444444444443,100,94,5.057909965515137,RoadOption.STRAIGHT,85.4676284790039,-50.851383209228516,0.6306959346230724,2.8,1.2,4.5,3.0,10.0,0.6,0.01,0.06,0.55,0.16,0.2,0.35,1.5,12,10.0,14.0,0.9,1.2,0.6,0.01,0.06,0.65,0.3,0.72,0.005,0.38,0.22,0.01,0.14,1.0,0.28
mpc,ground_truth,curvy,400.0,0.05,0.1,1.0,92.84309911727905,77.24772644042969,-55.28993225097656,17.952606716815232,1.4918377276292105,0.3559820426033966,-0.1293270306968557,0.3559820426033966,0.1293270306968557,0.13682717084884644,-0.0008803457021713257,0.6965703368186951,0.0,19.444444444444443,101,95,5.031613349914551,RoadOption.STRAIGHT,86.16111755371094,-50.33140182495117,0.6560684029604753,2.8,1.2,4.5,3.0,10.0,0.6,0.01,0.06,0.55,0.16,0.2,0.35,1.5,12,10.0,14.0,0.9,1.2,0.6,0.01,0.06,0.65,0.3,0.72,0.005,0.38,0.22,0.01,0.14,1.0,0.28
mpc,ground_truth,curvy,400.0,0.05,0.1,1.0,92.89309911802411,78.09002685546875,-54.96361541748047,18.133065377719984,1.3113790667244594,0.3506418728115126,-0.12261706317234644,0.3506418728115126,0.12261706317234644,0.12346069514751434,-0.013366475701332092,0.6202770471572876,0.0,19.444444444444443,102,96,4.995556354522705,RoadOption.STRAIGHT,86.84117126464844,-49.79399490356445,0.6814411376139872,2.8,1.2,4.5,3.0,10.0,0.6,0.01,0.06,0.55,0.16,0.2,0.35,1.5,12,10.0,14.0,0.9,1.2,0.6,0.01,0.06,0.65,0.3,0.72,0.005,0.38,0.22,0.01,0.14,1.0,0.28
mpc,ground_truth,curvy,400.0,0.05,0.1,1.0,92.94309911876917,78.93009948730469,-54.61053466796875,18.275607753471768,1.1688366909726753,0.3457452802012928,-0.114303206881337,0.3457452802012928,0.114303206881337,0.10362176597118378,-0.019838929176330566,0.580251157283783,0.0,19.444444444444443,103,97,4.951437473297119,RoadOption.STRAIGHT,87.50738525390625,-49.2395133972168,0.7068138722674991,2.8,1.2,4.5,3.0,10.0,0.6,0.01,0.06,0.55,0.16,0.2,0.35,1.5,12,10.0,14.0,0.9,1.2,0.6,0.01,0.06,0.65,0.3,0.72,0.005,0.38,0.22,0.01,0.14,1.0,0.28
mpc,ground_truth,curvy,400.0,0.05,0.1,1.0,92.99309911951423,79.7655258178711,-54.2318115234375,18.379633834741483,1.0648106097029597,0.34093423623447805,-0.10654465296712301,0.34093423623447805,0.10654465296712301,0.0843469426035881,-0.019274823367595673,0.5640550851821899,0.0,19.444444444444443,104,98,4.9011969566345215,RoadOption.STRAIGHT,88.15930938720703,-48.66830062866211,0.7321863406049021,2.8,1.2,4.5,3.0,10.0,0.6,0.01,0.06,0.55,0.16,0.2,0.35,1.5,12,10.0,14.0,0.9,1.2,0.6,0.01,0.06,0.65,0.3,0.72,0.005,0.38,0.22,0.01,0.14,1.0,0.28
mpc,ground_truth,curvy,400.0,0.05,0.1,1.0,93.04309912025928,80.5942153930664,-53.82895278930664,18.449254115234552,0.9951903292098905,0.335593605391435,-0.1010084404035525,0.335593605391435,0.1010084404035525,0.07188102602958679,-0.012465916574001312,0.5635698437690735,0.0,19.444444444444443,105,99,4.846752166748047,RoadOption.STRAIGHT,88.79653930664062,-48.08073806762695,0.757559075258414,2.8,1.2,4.5,3.0,10.0,0.6,0.01,0.06,0.55,0.16,0.2,0.35,1.5,12,10.0,14.0,0.9,1.2,0.6,0.01,0.06,0.65,0.3,0.72,0.005,0.38,0.22,0.01,0.14,1.0,0.28
mpc,ground_truth,curvy,400.0,0.05,0.1,1.0,93.09309912100434,81.41438293457031,-53.40337371826172,18.490424855319322,0.9540195891251209,0.329195364818867,-0.09839454779363965,0.329195364818867,0.09839454779363965,0.06919722259044647,-0.00268380343914032,0.5730068683624268,0.0,19.444444444444443,107,100,4.789723873138428,RoadOption.STRAIGHT,90.02526092529297,-46.85806655883789,0.8083042782493288,2.8,1.2,4.5,3.0,10.0,0.6,0.01,0.06,0.55,0.16,0.2,0.35,1.5,12,10.0,14.0,0.9,1.2,0.6,0.01,0.06,0.65,0.3,0.72,0.005,0.38,0.22,0.01,0.14,1.0,0.28
mpc,ground_truth,curvy,400.0,0.05,0.1,1.0,93.1430991217494,82.22447967529297,-52.95612335205078,18.509824918838703,0.9346195256057399,0.45219705080160777,-0.12370100302552256,0.45219705080160777,0.12370100302552256,0.0307749155908823,-0.03842230699956417,0.5874916315078735,0.0,19.444444444444443,108,102,5.595792770385742,RoadOption.STRAIGHT,90.61595916748047,-46.2237434387207,0.8336770129028408,2.8,1.2,4.5,3.0,10.0,0.6,0.01,0.06,0.55,0.16,0.2,0.35,1.5,12,10.0,14.0,0.9,1.2,0.6,0.01,0.06,0.65,0.3,0.72,0.005,0.38,0.22,0.01,0.14,1.0,0.28
mpc,ground_truth,curvy,400.0,0.05,0.1,1.0,93.19309912249446,83.02511596679688,-52.490238189697266,18.53026261555147,0.9141818288929713,0.4388850358968184,-0.1279876604056276,0.4388850358968184,0.1279876604056276,0.0516442246735096,0.020869309082627296,0.5739838480949402,0.0,19.444444444444443,109,103,5.536962509155273,RoadOption.STRAIGHT,91.19037628173828,-45.57463836669922,0.8590494812402437,2.8,1.2,4.5,3.0,10.0,0.6,0.01,0.06,0.55,0.16,0.2,0.35,1.5,12,10.0,14.0,0.9,1.2,0.6,0.01,0.06,0.65,0.3,0.72,0.005,0.38,0.22,0.01,0.14,1.0,0.28
mpc,ground_truth,curvy,400.0,0.05,0.1,1.0,93.24309912323952,83.81564331054688,-52.00651550292969,18.53383175670624,0.9106126877382046,0.42104960389238766,-0.1351620832242464,0.42104960389238766,0.1351620832242464,0.09035379439592361,0.03870956972241402,0.5920846462249756,0.0,19.444444444444443,110,104,5.478240489959717,RoadOption.STRAIGHT,91.7481460571289,-44.911170959472656,0.8844222158937556,2.8,1.2,4.5,3.0,10.0,0.6,0.01,0.06,0.55,0.16,0.2,0.35,1.5,12,10.0,14.0,0.9,1.2,0.6,0.01,0.06,0.65,0.3,0.72,0.005,0.38,0.22,0.01,0.14,1.0,0.28
mpc,ground_truth,curvy,400.0,0.05,0.1,1.0,93.29309912398458,84.59371185302734,-51.50387954711914,18.51817166671545,0.7912946599627659,0.4010082175002676,-0.14121651364643295,0.4010082175002676,0.14121651364643295,0.12953126430511475,0.03917746990919113,0.3815951645374298,0.0,19.309466326678216,111,105,5.420485496520996,RoadOption.STRAIGHT,92.28890228271484,-44.23377227783203,0.909794817389213,2.8,1.2,4.5,3.0,10.0,0.6,0.01,0.06,0.55,0.16,0.2,0.35,1.5,12,10.0,14.0,0.9,1.2,0.6,0.01,0.06,0.65,0.3,0.72,0.005,0.38,0.22,0.01,0.14,1.0,0.28
mpc,ground_truth,curvy,400.0,0.05,0.1,1.0,93.34309912472963,85.3565673828125,-50.981292724609375,18.47080578757058,0.6858522437517287,0.381361388337091,-0.1430167439642993,0.381361388337091,0.1430167439642993,0.15591618418693542,0.02638491988182068,0.33498045802116394,0.0,19.15665803132231,112,106,5.364630222320557,RoadOption.STRAIGHT,92.81228637695312,-43.54286575317383,0.935167552042725,2.8,1.2,4.5,3.0,10.0,0.6,0.01,0.06,0.55,0.16,0.2,0.35,1.5,12,10.0,14.0,0.9,1.2,0.6,0.01,0.06,0.65,0.3,0.72,0.005,0.38,0.22,0.01,0.14,1.0,0.28
mpc,ground_truth,curvy,400.0,0.05,0.1,1.0,93.39309912547469,86.1005859375,-50.43890380859375,18.371383157964253,0.9602748733580562,0.36462288511182894,-0.1392739373683014,0.36462288511182894,0.1392739373683014,0.1622602790594101,0.00634409487247467,0.9554720520973206,0.0,19.33165803132231,113,107,5.312765121459961,RoadOption.STRAIGHT,93.3179931640625,-42.838905334472656,0.9605401535381823,2.8,1.2,4.5,3.0,10.0,0.6,0.01,0.06,0.55,0.16,0.2,0.35,1.5,12,10.0,14.0,0.9,1.2,0.6,0.01,0.06,0.65,0.3,0.72,0.005,0.38,0.22,0.01,0.14,1.0,0.28
mpc,ground_truth,curvy,400.0,0.05,0.1,1.0,93.44309912621975,86.82295989990234,-49.87747573852539,18.248922650120075,1.1955217943243674,0.35248189682056985,-0.13070794630108917,0.35248189682056985,0.13070794630108917,0.1484343260526657,-0.013825953006744385,1.0,0.0,19.444444444444443,114,108,5.266555309295654,RoadOption.STRAIGHT,93.8056640625,-42.12234115600586,0.9859128881916943,2.8,1.2,4.5,3.0,10.0,0.6,0.01,0.06,0.55,0.16,0.2,0.35,1.5,12,10.0,14.0,0.9,1.2,0.6,0.01,0.06,0.65,0.3,0.72,0.005,0.38,0.22,0.01,0.14,1.0,0.28
mpc,ground_truth,curvy,400.0,0.05,0.1,1.0,93.49309912696481,87.52351379394531,-49.29676818847656,18.170636538173593,1.27380790627085,0.3454921189405318,-0.11936447795400529,0.3454921189405318,0.11936447795400529,0.12018430233001709,-0.02825002372264862,0.9082280993461609,0.0,19.444444444444443,115,109,5.2249531745910645,RoadOption.STRAIGHT,94.2750015258789,-41.39363479614258,1.0112856228452063,2.8,1.2,4.5,3.0,10.0,0.6,0.01,0.06,0.55,0.16,0.2,0.35,1.5,12,10.0,14.0,0.9,1.2,0.6,0.01,0.06,0.65,0.3,0.72,0.005,0.38,0.22,0.01,0.14,1.0,0.28
mpc,ground_truth,curvy,400.0,0.05,0.1,1.0,93.54309912770987,88.20478057861328,-48.69545364379883,18.177014634335404,1.2674298101090393,0.34272839888375994,-0.10800915854007087,0.34272839888375994,0.10800915854007087,0.08716335147619247,-0.033020950853824615,0.802804172039032,0.0,19.444444444444443,116,110,5.184229850769043,RoadOption.STRAIGHT,94.7257080078125,-40.65325927734375,1.036658091182609,2.8,1.2,4.5,3.0,10.0,0.6,0.01,0.06,0.55,0.16,0.2,0.35,1.5,12,10.0,14.0,0.9,1.2,0.6,0.01,0.06,0.65,0.3,0.72,0.005,0.38,0.22,0.01,0.14,1.0,0.28
mpc,ground_truth,curvy,400.0,0.05,0.1,1.0,93.59309912845492,88.86978149414062,-48.07279586791992,18.241226547118323,1.2032178973261196,0.34217176868899024,-0.09940115610666256,0.34217176868899024,0.09940115610666256,0.06006794422864914,-0.027095407247543335,0.6948764324188232,0.0,19.444444444444443,117,111,5.140864849090576,RoadOption.STRAIGHT,95.15748596191406,-39.90167999267578,1.062030825836121,2.8,1.2,4.5,3.0,10.0,0.6,0.01,0.06,0.55,0.16,0.2,0.35,1.5,12,10.0,14.0,0.9,1.2,0.6,0.01,0.06,0.65,0.3,0.72,0.005,0.38,0.22,0.01,0.14,1.0,0.28
mpc,ground_truth,curvy,400.0,0.05,0.1,1.0,93.64309912919998,89.52030944824219,-47.42950439453125,18.32311227464577,1.1213321697986736,0.3416154585628237,-0.09541833211742201,0.3416154585628237,0.09541833211742201,0.04692229628562927,-0.013145647943019867,0.6245364546775818,0.0,19.444444444444443,118,112,5.093434810638428,RoadOption.STRAIGHT,95.57005310058594,-39.13939666748047,1.0874032941735239,2.8,1.2,4.5,3.0,10.0,0.6,0.01,0.06,0.55,0.16,0.2,0.35,1.5,12,10.0,14.0,0.9,1.2,0.6,0.01,0.06,0.65,0.3,0.72,0.005,0.38,0.22,0.01,0.14,1.0,0.28
mpc,ground_truth,curvy,400.0,0.05,0.1,1.0,93.69309912994504,90.15676879882812,-46.766990661621094,18.395184098735847,1.0492603457085963,0.33953030161090325,-0.09631009160843451,0.33953030161090325,0.09631009160843451,0.05074405297636986,0.0038217566907405853,0.5930700302124023,0.0,19.444444444444443,119,113,5.042142391204834,RoadOption.STRAIGHT,95.96314239501953,-38.36688995361328,1.1127760288270359,2.8,1.2,4.5,3.0,10.0,0.6,0.01,0.06,0.55,0.16,0.2,0.35,1.5,12,10.0,14.0,0.9,1.2,0.6,0.01,0.06,0.65,0.3,0.72,0.005,0.38,0.22,0.01,0.14,1.0,0.28
mpc,ground_truth,curvy,400.0,0.05,0.1,1.0,93.7430991306901,90.77842712402344,-46.08667755126953,18.44544325256211,0.999001191882332,0.33532000870575507,-0.10066109761837883,0.33532000870575507,0.10066109761837883,0.06778986752033234,0.01704581454396248,0.5890897512435913,0.0,19.444444444444443,120,114,4.9879984855651855,RoadOption.STRAIGHT,96.33650970458984,-37.584659576416016,1.1381487634805478,2.8,1.2,4.5,3.0,10.0,0.6,0.01,0.06,0.55,0.16,0.2,0.35,1.5,12,10.0,14.0,0.9,1.2,0.6,0.01,0.06,0.65,0.3,0.72,0.005,0.38,0.22,0.01,0.14,1.0,0.28
mpc,ground_truth,curvy,400.0,0.05,0.1,1.0,93.79309913143516,91.38392639160156,-45.3896484375,18.472442559114747,0.9720018853296963,0.3292588449214655,-0.10609474519046769,0.3292588449214655,0.10609474519046769,0.09074793010950089,0.02295806258916855,0.600801944732666,0.0,19.444444444444443,121,115,4.93218469619751,RoadOption.STRAIGHT,96.68991088867188,-36.793209075927734,1.1635213649760052,2.8,1.2,4.5,3.0,10.0,0.6,0.01,0.06,0.55,0.16,0.2,0.35,1.5,12,10.0,14.0,0.9,1.2,0.6,0.01,0.06,0.65,0.3,0.72,0.005,0.38,0.22,0.01,0.14,1.0,0.28
mpc,ground_truth,curvy,400.0,0.05,0.1,1.0,93.84309913218021,91.97158813476562,-44.67662048339844,18.480489816238006,0.9639546282064373,0.3222009223888267,-0.11026498914142291,0.3222009223888267,0.11026498914142291,0.11146615445613861,0.020718224346637726,0.6187160611152649,0.0,19.444444444444443,122,116,4.875716686248779,RoadOption.STRAIGHT,97.02312469482422,-35.9930419921875,1.1888940996295172,2.8,1.2,4.5,3.0,10.0,0.6,0.01,0.06,0.55,0.16,0.2,0.35,1.5,12,10.0,14.0,0.9,1.2,0.6,0.01,0.06,0.65,0.3,0.72,0.005,0.38,0.22,0.01,0.14,1.0,0.28
mpc,ground_truth,curvy,400.0,0.05,0.1,1.0,93.89309913292527,92.53990936279297,-43.94805145263672,18.47710768796348,0.9673367564809645,0.3150659476267268,-0.11161055128218544,0.3150659476267268,0.11161055128218544,0.12377874553203583,0.012312591075897217,0.6344606280326843,0.0,19.444444444444443,124,117,4.819214820861816,RoadOption.STRAIGHT,97.62812805175781,-34.36865234375,1.239639302620432,2.8,1.2,4.5,3.0,10.0,0.6,0.01,0.06,0.55,0.16,0.2,0.35,1.5,12,10.0,14.0,0.9,1.2,0.6,0.01,0.06,0.65,0.3,0.72,0.005,0.38,0.22,0.01,0.14,1.0,0.28
mpc,ground_truth,curvy,400.0,0.05,0.1,1.0,93.94309913367033,93.08761596679688,-43.2042121887207,18.470729016312557,0.9737154281318858,0.4402100053859095,-0.1350471678232097,0.4402100053859095,0.1350471678232097,0.07923300564289093,-0.0445457398891449,0.6418836712837219,0.0,19.444444444444443,125,119,5.627463340759277,RoadOption.STRAIGHT,97.89952087402344,-33.54546356201172,1.2650119041158894,2.8,1.2,4.5,3.0,10.0,0.6,0.01,0.06,0.55,0.16,0.2,0.35,1.5,12,10.0,14.0,0.9,1.2,0.6,0.01,0.06,0.65,0.3,0.72,0.005,0.38,0.22,0.01,0.14,1.0,0.28
mpc,ground_truth,curvy,400.0,0.05,0.1,1.0,93.99309913441539,93.61671447753906,-42.44640350341797,18.489853948927355,0.9545904955170883,0.43077825302085104,-0.13310818681255032,0.43077825302085104,0.13310818681255032,0.07800061255693436,-0.0012323930859565735,0.5998044013977051,0.0,19.444444444444443,126,120,5.570802688598633,RoadOption.STRAIGHT,98.14994812011719,-32.71565628051758,1.2903845056113468,2.8,1.2,4.5,3.0,10.0,0.6,0.01,0.06,0.55,0.16,0.2,0.35,1.5,12,10.0,14.0,0.9,1.2,0.6,0.01,0.06,0.65,0.3,0.72,0.005,0.38,0.22,0.01,0.14,1.0,0.28
mpc,ground_truth,curvy,400.0,0.05,0.1,1.0,94.04309913516045,94.1279296875,-41.67536544799805,18.504694929523048,0.9397495149213952,0.41855604212584585,-0.1327222947705975,0.41855604212584585,0.1327222947705975,0.08792875707149506,0.0099281445145607,0.5960405468940735,0.0,19.444444444444443,127,121,5.513546943664551,RoadOption.STRAIGHT,98.3792495727539,-31.8797664642334,1.3157571071068044,2.8,1.2,4.5,3.0,10.0,0.6,0.01,0.06,0.55,0.16,0.2,0.35,1.5,12,10.0,14.0,0.9,1.2,0.6,0.01,0.06,0.65,0.3,0.72,0.005,0.38,0.22,0.01,0.14,1.0,0.28
mpc,ground_truth,curvy,400.0,0.05,0.1,1.0,94.0930991359055,94.61980438232422,-40.89141845703125,18.507242239479968,0.9372022049644748,0.40462088287826137,-0.1327991269680462,0.40462088287826137,0.1327991269680462,0.10172959417104721,0.013800837099552155,0.6092645525932312,0.0,19.444444444444443,128,122,5.456193447113037,RoadOption.STRAIGHT,98.5872573852539,-31.038328170776367,1.3411299749183707,2.8,1.2,4.5,3.0,10.0,0.6,0.01,0.06,0.55,0.16,0.2,0.35,1.5,12,10.0,14.0,0.9,1.2,0.6,0.01,0.06,0.65,0.3,0.72,0.005,0.38,0.22,0.01,0.14,1.0,0.28
mpc,ground_truth,curvy,400.0,0.05,0.1,1.0,94.14309913665056,95.09066009521484,-40.09491729736328,18.49985521419011,0.9445892302543335,0.390283071014772,-0.13203286894340316,0.390283071014772,0.13203286894340316,0.1137603297829628,0.012030735611915588,0.6256179809570312,0.0,19.444444444444443,129,123,5.399224281311035,RoadOption.STRAIGHT,98.77385711669922,-30.19188117980957,1.366502576413828,2.8,1.2,4.5,3.0,10.0,0.6,0.01,0.06,0.55,0.16,0.2,0.35,1.5,12,10.0,14.0,0.9,1.2,0.6,0.01,0.06,0.65,0.3,0.72,0.005,0.38,0.22,0.01,0.14,1.0,0.28
mpc,ground_truth,curvy,400.0,0.05,0.1,1.0,94.19309913739562,95.5390625,-39.28614807128906,18.488103000645772,0.9563414437986708,0.37669810297412454,-0.1295553301813026,0.37669810297412454,0.1295553301813026,0.12003527581691742,0.00627494603395462,0.6379075050354004,0.0,19.444444444444443,130,124,5.342842102050781,RoadOption.STRAIGHT,98.93892669677734,-29.340972900390625,1.3918751779092855,2.8,1.2,4.5,3.0,10.0,0.6,0.01,0.06,0.55,0.16,0.2,0.35,1.5,12,10.0,14.0,0.9,1.2,0.6,0.01,0.06,0.65,0.3,0.72,0.005,0.38,0.22,0.01,0.14,1.0,0.28
mpc,ground_truth,curvy,400.0,0.05,0.1,1.0,94.24309913814068,95.96388244628906,-38.465362548828125,18.477609204099146,0.9668352403452971,0.3647534984946743,-0.12518162072306538,0.3647534984946743,0.12518162072306538,0.11873076111078262,-0.0013045147061347961,0.6426936984062195,0.0,19.444444444444443,131,125,5.286975383758545,RoadOption.STRAIGHT,99.08235168457031,-28.48615074157715,1.417247779404743,2.8,1.2,4.5,3.0,10.0,0.6,0.01,0.06,0.55,0.16,0.2,0.35,1.5,12,10.0,14.0,0.9,1.2,0.6,0.01,0.06,0.65,0.3,0.72,0.005,0.38,0.22,0.01,0.14,1.0,0.28
mpc,ground_truth,curvy,400.0,0.05,0.1,1.0,94.29309913888574,96.36444854736328,-37.63285827636719,18.472408280780165,0.9720361636642778,0.3549181465783562,-0.11939071009074276,0.3549181465783562,0.11939071009074276,0.11079420894384384,-0.007936552166938782,0.6394628286361694,0.0,19.444444444444443,132,126,5.231337070465088,RoadOption.STRAIGHT,99.20404052734375,-27.627965927124023,1.4426203809002005,2.8,1.2,4.5,3.0,10.0,0.6,0.01,0.06,0.55,0.16,0.2,0.35,1.5,12,10.0,14.0,0.9,1.2,0.6,0.01,0.06,0.65,0.3,0.72,0.005,0.38,0.22,0.01,0.14,1.0,0.28
mpc,ground_truth,curvy,400.0,0.05,0.1,1.0,94.3430991396308,96.74059295654297,-36.78904342651367,18.473803108330653,0.9706413361137898,0.34712276262828756,-0.11312322678135045,0.34712276262828756,0.11312322678135045,0.09911662340164185,-0.011677585542201996,0.630711019039154,0.0,19.444444444444443,133,127,5.175538539886475,RoadOption.STRAIGHT,99.30391693115234,-26.766969680786133,1.4679931155537123,2.8,1.2,4.5,3.0,10.0,0.6,0.01,0.06,0.55,0.16,0.2,0.35,1.5,12,10.0,14.0,0.9,1.2,0.6,0.01,0.06,0.65,0.3,0.72,0.005,0.38,0.22,0.01,0.14,1.0,0.28
mpc,ground_truth,curvy,400.0,0.05,0.1,1.0,94.39309914037585,97.0924301147461,-35.93452453613281,18.48042227068897,0.9640221737554739,0.3409446295257994,-0.10746094682967833,0.3409446295257994,0.10746094682967833,0.08725173026323318,-0.011864893138408661,0.6204702854156494,0.0,19.444444444444443,134,128,5.119301795959473,RoadOption.STRAIGHT,99.38192749023438,-25.903717041015625,1.4933657170491699,2.8,1.2,4.5,3.0,10.0,0.6,0.01,0.06,0.55,0.16,0.2,0.35,1.5,12,10.0,14.0,0.9,1.2,0.6,0.01,0.06,0.65,0.3,0.72,0.005,0.38,0.22,0.01,0.14,1.0,0.28
mpc,ground_truth,curvy,400.0,0.05,0.1,1.0,94.44309914112091,97.42024993896484,-35.07005310058594,18.489393108628956,0.9550513358154866,0.335795964369798,-0.10329403183008612,0.335795964369798,0.10329403183008612,0.07882505655288696,-0.008426673710346222,0.6122658252716064,0.0,19.444444444444443,135,129,5.062491416931152,RoadOption.STRAIGHT,99.43800354003906,-25.038761138916016,1.5187384517026816,2.8,1.2,4.5,3.0,10.0,0.6,0.01,0.06,0.55,0.16,0.2,0.35,1.5,12,10.0,14.0,0.9,1.2,0.6,0.01,0.06,0.65,0.3,0.72,0.005,0.38,0.22,0.01,0.14,1.0,0.28
mpc,ground_truth,curvy,400.0,0.05,0.1,1.0,94.49309914186597,97.72441101074219,-34.19652557373047,18.497556946659927,0.9468874977845161,0.33099424717993653,-0.10104512544756838,0.33099424717993653,0.10104512544756838,0.07595605403184891,-0.0028690025210380554,0.6083359122276306,0.0,19.444444444444443,136,130,5.005141735076904,RoadOption.STRAIGHT,99.47212219238281,-24.172664642333984,1.544111053198139,2.8,1.2,4.5,3.0,10.0,0.6,0.01,0.06,0.55,0.16,0.2,0.35,1.5,12,10.0,14.0,0.9,1.2,0.6,0.01,0.06,0.65,0.3,0.72,0.005,0.38,0.22,0.01,0.14,1.0,0.28
mpc,ground_truth,curvy,400.0,0.05,0.1,1.0,94.54309914261103,98.00505828857422,-33.31485366821289,18.502643366008794,0.941801078435649,0.32608832717895686,-0.10055190801368585,0.32608832717895686,0.10055190801368585,0.07871987670660019,0.0027638226747512817,0.6089769601821899,0.0,19.444444444444443,137,131,4.947417259216309,RoadOption.STRAIGHT,99.48426055908203,-23.305978775024414,1.5694836546935966,2.8,1.2,4.5,3.0,10.0,0.6,0.01,0.06,0.55,0.16,0.2,0.35,1.5,12,10.0,14.0,0.9,1.2,0.6,0.01,0.06,0.65,0.3,0.72,0.005,0.38,0.22,0.01,0.14,1.0,0.28
mpc,ground_truth,curvy,400.0,0.05,0.1,1.0,94.59309914335608,98.26212310791016,-32.42591094970703,18.50376071530593,0.9406837291385131,0.3208919957826708,-0.10117122612518381,0.3208919957826708,0.10117122612518381,0.08546410501003265,0.006744228303432465,0.6130694150924683,0.0,19.444444444444443,138,132,4.889528751373291,RoadOption.STRAIGHT,99.47518920898438,-22.386852264404297,7.868063897186604,2.8,1.2,4.5,3.0,10.0,0.6,0.01,0.06,0.55,0.16,0.2,0.35,1.5,12,10.0,14.0,0.9,1.2,0.6,0.01,0.06,0.65,0.3,0.72,0.005,0.38,0.22,0.01,0.14,1.0,0.28
mpc,ground_truth,curvy,400.0,0.05,0.1,1.0,94.64309914410114,98.49536895751953,-31.53050422668457,18.50126506571883,0.9431793787256133,0.3154346390700861,-0.10204074822109455,0.3154346390700861,0.10204074822109455,0.09349698573350906,0.00803288072347641,0.6189023852348328,0.0,19.444444444444443,139,133,4.831667900085449,RoadOption.STRAIGHT,99.46231079101562,-21.372220993041992,7.865261186455404,2.8,1.2,4.5,3.0,10.0,0.6,0.01,0.06,0.55,0.16,0.2,0.35,1.5,12,10.0,14.0,0.9,1.2,0.6,0.01,0.06,0.65,0.3,0.72,0.005,0.38,0.22,0.01,0.14,1.0,0.28
mpc,ground_truth,curvy,400.0,0.05,0.1,1.0,94.6930991448462,98.70437622070312,-30.629356384277344,18.49650440610812,0.9479400383363235,0.30997754432463814,-0.1023744423056816,0.30997754432463814,0.1023744423056816,0.10020457953214645,0.00670759379863739,0.6244767904281616,0.0,19.444444444444443,140,134,4.773965358734131,RoadOption.STRAIGHT,99.45227813720703,-20.357559204101562,7.862459008356423,2.8,1.2,4.5,3.0,10.0,0.6,0.01,0.06,0.55,0.16,0.2,0.35,1.5,12,10.0,14.0,0.9,1.2,0.6,0.01,0.06,0.65,0.3,0.72,0.005,0.38,0.22,0.01,0.14,1.0,0.28
mpc,ground_truth,curvy,400.0,0.05,0.1,1.0,94.74309914559126,98.88875579833984,-29.723121643066406,18.491334807696035,0.9531096367484082,0.30475594736580747,-0.10168534937362317,0.30475594736580747,0.10168534937362317,0.10351668298244476,0.0033121034502983093,0.628069281578064,0.0,19.444444444444443,141,135,4.716451168060303,RoadOption.STRAIGHT,99.44512176513672,-19.34287452697754,7.85965736288966,2.8,1.2,4.5,3.0,10.0,0.6,0.01,0.06,0.55,0.16,0.2,0.35,1.5,12,10.0,14.0,0.9,1.2,0.6,0.01,0.06,0.65,0.3,0.72,0.005,0.38,0.22,0.01,0.14,1.0,0.28
mpc,ground_truth,curvy,400.0,0.05,0.1,1.0,94.79309914633632,99.04821014404297,-28.812381744384766,18.487671387228144,0.9567730572162993,0.2999636963115821,-0.09988864774420136,0.2999636963115821,0.09988864774420136,0.10298506915569305,-0.000531613826751709,0.6284599304199219,0.0,19.444444444444443,142,136,4.659042835235596,RoadOption.STRAIGHT,99.44075775146484,-18.328170776367188,7.856854652158461,2.8,1.2,4.5,3.0,10.0,0.6,0.01,0.06,0.55,0.16,0.2,0.35,1.5,12,10.0,14.0,0.9,1.2,0.6,0.01,0.06,0.65,0.3,0.72,0.005,0.38,0.22,0.01,0.14,1.0,0.28
mpc,ground_truth,curvy,400.0,0.05,0.1,1.0,94.84309914708138,99.18257904052734,-27.897701263427734,18.48664304142738,0.9578014030170614,0.29565383436334436,-0.09726303722549279,0.29565383436334436,0.09726303722549279,0.09264407306909561,-0.010340996086597443,0.6259148716926575,0.0,19.444444444444443,143,137,4.601622581481934,RoadOption.STRAIGHT,99.43927001953125,-17.313461303710938,7.854052474059479,2.8,1.2,4.5,3.0,10.0,0.6,0.01,0.06,0.55,0.16,0.2,0.35,1.5,12,10.0,14.0,0.9,1.2,0.6,0.01,0.06,0.65,0.3,0.72,0.005,0.38,0.22,0.01,0.14,1.0,0.28
mpc,ground_truth,curvy,400.0,0.05,0.1,1.0,94.89309914782643,99.29230499267578,-26.979583740234375,18.49151343881794,0.9529310056265032,0.24753999858484682,-0.0847231437586915,0.24753999858484682,0.0847231437586915,0.036755677312612534,-0.05588839575648308,0.6159141063690186,0.0,19.444444444444443,144,138,4.596371650695801,RoadOption.STRAIGHT,99.44063568115234,-16.298751831054688,7.851250295960497,2.8,1.2,4.5,3.0,10.0,0.6,0.01,0.06,0.55,0.16,0.2,0.35,1.5,12,10.0,14.0,0.9,1.2,0.6,0.01,0.06,0.65,0.3,0.72,0.005,0.38,0.22,0.01,0.14,1.0,0.28
mpc,ground_truth,curvy,400.0,0.05,0.1,1.0,94.94309914857149,99.38134765625,-26.058345794677734,18.515918492501587,0.9285259519428557,0.13381425423236087,-0.0580304133108811,0.13381425423236087,0.0580304133108811,0.04242705926299095,0.005671381950378418,0.5778294801712036,0.0,19.444444444444443,145,139,4.686824798583984,RoadOption.STRAIGHT,99.44406127929688,-15.29485034942627,1.5673213010465068,2.8,1.2,4.5,3.0,10.0,0.6,0.01,0.06,0.55,0.16,0.2,0.35,1.5,12,10.0,14.0,0.9,1.2,0.6,0.01,0.06,0.65,0.3,0.72,0.005,0.38,0.22,0.01,0.14,1.0,0.28
mpc,ground_truth,curvy,400.0,0.05,0.1,1.0,94.99309914931655,99.45100402832031,-25.134550094604492,18.529705376164507,0.9147390682799355,0.04176991825334183,-0.03560659693241419,0.04176991825334183,0.03560659693241419,0.06150408461689949,0.01907702535390854,0.5822991728782654,0.0,19.444444444444443,146,140,4.776991367340088,RoadOption.STRAIGHT,99.4465103149414,-14.305353164672852,1.5693213350251562,2.8,1.2,4.5,3.0,10.0,0.6,0.01,0.06,0.55,0.16,0.2,0.35,1.5,12,10.0,14.0,0.9,1.2,0.6,0.01,0.06,0.65,0.3,0.72,0.005,0.38,0.22,0.01,0.14,1.0,0.28
mpc,ground_truth,curvy,400.0,0.05,0.1,1.0,95.04309915006161,99.50000762939453,-24.209247589111328,18.528887912123476,0.9155565323209665,-0.02726491420778437,-0.014497183709956118,0.02726491420778437,0.014497183709956118,0.06517713516950607,0.0036730505526065826,0.6003148555755615,0.0,19.444444444444443,147,141,4.866683006286621,RoadOption.STRAIGHT,99.44699096679688,-13.3158540725708,1.5713212358457511,2.8,1.2,4.5,3.0,10.0,0.6,0.01,0.06,0.55,0.16,0.2,0.35,1.5,12,10.0,14.0,0.9,1.2,0.6,0.01,0.06,0.65,0.3,0.72,0.005,0.38,0.22,0.01,0.14,1.0,0.28
mpc,ground_truth,curvy,400.0,0.05,0.1,1.0,95.09309915080667,99.52842712402344,-23.283233642578125,18.525970399128795,0.9184740453156479,-0.07343304460424757,0.0066942548740769325,0.07343304460424757,0.0066942548740769325,0.046063028275966644,-0.01911410689353943,0.6045854687690735,0.0,19.444444444444443,148,142,4.955838680267334,RoadOption.STRAIGHT,99.44548034667969,-12.326355934143066,1.5733214029824552,2.8,1.2,4.5,3.0,10.0,0.6,0.01,0.06,0.55,0.16,0.2,0.35,1.5,12,10.0,14.0,0.9,1.2,0.6,0.01,0.06,0.65,0.3,0.72,0.005,0.38,0.22,0.01,0.14,1.0,0.28
mpc,ground_truth,curvy,400.0,0.05,0.1,1.0,95.14309915155172,99.5384750366211,-22.35672378540039,18.531828691115162,0.9126157533292805,-0.0988477516983617,0.026822825867060196,0.0988477516983617,0.026822825867060196,0.009306146763265133,-0.03675688151270151,0.5905395150184631,0.0,19.444444444444443,148,143,5.044238567352295,RoadOption.STRAIGHT,99.44548034667969,-12.326355934143066,1.5733214029824552,2.8,1.2,4.5,3.0,10.0,0.6,0.01,0.06,0.55,0.16,0.2,0.35,1.5,12,10.0,14.0,0.9,1.2,0.6,0.01,0.06,0.65,0.3,0.72,0.005,0.38,0.22,0.01,0.14,1.0,0.28
mpc,ground_truth,curvy,400.0,0.05,0.1,1.0,95.19309915229678,99.534423828125,-21.429628372192383,18.54537349192611,0.8990709525183327,-0.09486221873024914,0.04010973601962853,0.09486221873024914,0.04010973601962853,-0.03609362244606018,-0.045399769209325314,0.5731887817382812,0.0,19.444444444444443,149,143,4.11726713180542,RoadOption.STRAIGHT,99.44197845458984,-11.336862564086914,1.5753213038030502,2.8,1.2,4.5,3.0,10.0,0.6,0.01,0.06,0.55,0.16,0.2,0.35,1.5,12,10.0,14.0,0.9,1.2,0.6,0.01,0.06,0.65,0.3,0.72,0.005,0.38,0.22,0.01,0.14,1.0,0.28
mpc,ground_truth,curvy,400.0,0.05,0.1,1.0,95.24309915304184,99.52212524414062,-20.502044677734375,18.556074074656976,0.8883703697874665,-0.09296985828538194,0.04869496842571763,0.09296985828538194,0.04869496842571763,-0.06501921266317368,-0.028925590217113495,0.5701815485954285,0.0,19.444444444444443,150,144,4.204083442687988,RoadOption.STRAIGHT,99.43651580810547,-10.347376823425293,1.5773213377816997,2.8,1.2,4.5,3.0,10.0,0.6,0.01,0.06,0.55,0.16,0.2,0.35,1.5,12,10.0,14.0,0.9,1.2,0.6,0.01,0.06,0.65,0.3,0.72,0.005,0.38,0.22,0.01,0.14,1.0,0.28
mpc,ground_truth,curvy,400.0,0.05,0.1,1.0,95.2930991537869,99.50687408447266,-19.57428741455078,18.558870262416583,0.8855741820278595,-0.07768354997835192,0.04652675582422905,0.07768354997835192,0.04652675582422905,-0.0675661563873291,-0.002546943724155426,0.5779891014099121,0.0,19.444444444444443,151,145,4.279898643493652,RoadOption.STRAIGHT,99.42973327636719,-9.348533630371094,1.5776161497143715,2.8,1.2,4.5,3.0,10.0,0.6,0.01,0.06,0.55,0.16,0.2,0.35,1.5,12,10.0,14.0,0.9,1.2,0.6,0.01,0.06,0.65,0.3,0.72,0.005,0.38,0.22,0.01,0.14,1.0,0.28
mpc,ground_truth,curvy,400.0,0.05,0.1,1.0,95.34309915453196,99.49208068847656,-18.64649772644043,18.559468981970426,0.8849754624740171,-0.05197347414177321,0.03493441507327777,0.05197347414177321,0.03493441507327777,-0.054871492087841034,0.012694664299488068,0.5802668333053589,0.0,19.444444444444443,152,146,4.341383934020996,RoadOption.STRAIGHT,99.42291259765625,-8.348557472229004,1.5776161497143715,2.8,1.2,4.5,3.0,10.0,0.6,0.01,0.06,0.55,0.16,0.2,0.35,1.5,12,10.0,14.0,0.9,1.2,0.6,0.01,0.06,0.65,0.3,0.72,0.005,0.38,0.22,0.01,0.14,1.0,0.28
mpc,ground_truth,curvy,400.0,0.05,0.1,1.0,95.39309915527701,99.47976684570312,-17.71860122680664,18.561285827706918,0.8831586167375249,-0.030464832667133564,0.020181301582566036,0.030464832667133564,0.020181301582566036,-0.03056197054684162,0.024309521540999413,0.5777149796485901,0.0,19.444444444444443,153,147,4.402869701385498,RoadOption.STRAIGHT,99.41609191894531,-7.348580360412598,1.5776161497143715,2.8,1.2,4.5,3.0,10.0,0.6,0.01,0.06,0.55,0.16,0.2,0.35,1.5,12,10.0,14.0,0.9,1.2,0.6,0.01,0.06,0.65,0.3,0.72,0.005,0.38,0.22,0.01,0.14,1.0,0.28
mpc,ground_truth,curvy,400.0,0.05,0.1,1.0,95.44309915602207,99.4705581665039,-16.790508270263672,18.56415658780624,0.8802878566382013,-0.013805427093215682,0.005935786595623327,0.013805427093215682,0.005935786595623327,-0.0022709129843860865,0.028291057562455535,0.5747277736663818,0.0,19.444444444444443,154,148,4.464223384857178,RoadOption.STRAIGHT,99.40927124023438,-6.348603248596191,1.5776161497143715,2.8,1.2,4.5,3.0,10.0,0.6,0.01,0.06,0.55,0.16,0.2,0.35,1.5,12,10.0,14.0,0.9,1.2,0.6,0.01,0.06,0.65,0.3,0.72,0.005,0.38,0.22,0.01,0.14,1.0,0.28
mpc,ground_truth,curvy,400.0,0.05,0.1,1.0,95.49309915676713,99.46365356445312,-15.862263679504395,18.5657197340473,0.8787247103971438,-0.0011976218405278238,-0.004812997880045522,0.0011976218405278238,0.004812997880045522,0.01992894895374775,0.022199861938133836,0.575359046459198,0.0,19.444444444444443,155,149,4.525453567504883,RoadOption.STRAIGHT,99.40245056152344,-5.348626613616943,1.5776161497143715,2.8,1.2,4.5,3.0,10.0,0.6,0.01,0.06,0.55,0.16,0.2,0.35,1.5,12,10.0,14.0,0.9,1.2,0.6,0.01,0.06,0.65,0.3,0.72,0.005,0.38,0.22,0.01,0.14,1.0,0.28
mpc,ground_truth,curvy,400.0,0.05,0.1,1.0,95.54309915751219,99.4577407836914,-14.93401050567627,18.564917710435775,0.8795267340086674,0.008703099050099306,-0.010565958466834502,0.008703099050099306,0.010565958466834502,0.027802448719739914,0.007873499765992165,0.5786784887313843,0.0,19.444444444444443,156,150,4.58668327331543,RoadOption.STRAIGHT,99.3956298828125,-4.348650932312012,1.5776161497143715,2.8,1.2,4.5,3.0,10.0,0.6,0.01,0.06,0.55,0.16,0.2,0.35,1.5,12,10.0,14.0,0.9,1.2,0.6,0.01,0.06,0.65,0.3,0.72,0.005,0.38,0.22,0.01,0.14,1.0,0.28
mpc,ground_truth,curvy,400.0,0.05,0.1,1.0,95.59309915825725,99.45185089111328,-14.005833625793457,18.563563865031927,0.8808805794125156,0.009644614641043,-0.010075137877933571,0.009644614641043,0.010075137877933571,0.023048123344779015,-0.004754325374960899,0.5801529884338379,0.0,19.444444444444443,157,151,4.657352924346924,RoadOption.STRAIGHT,99.38880920410156,-3.3486738204956055,1.5776161497143715,2.8,1.2,4.5,3.0,10.0,0.6,0.01,0.06,0.55,0.16,0.2,0.35,1.5,12,10.0,14.0,0.9,1.2,0.6,0.01,0.06,0.65,0.3,0.72,0.005,0.38,0.22,0.01,0.14,1.0,0.28
mpc,ground_truth,curvy,400.0,0.05,0.1,1.0,95.6430991590023,99.44567108154297,-13.077702522277832,18.56322602747406,0.881218416970384,0.009493727155881378,-0.0066091668772498835,0.009493727155881378,0.0066091668772498835,0.01268208771944046,-0.010366035625338554,0.5791364312171936,0.0,19.444444444444443,158,152,4.72920036315918,RoadOption.STRAIGHT,99.38198852539062,-2.348696708679199,1.5776161497143715,2.8,1.2,4.5,3.0,10.0,0.6,0.01,0.06,0.55,0.16,0.2,0.35,1.5,12,10.0,14.0,0.9,1.2,0.6,0.01,0.06,0.65,0.3,0.72,0.005,0.38,0.22,0.01,0.14,1.0,0.28
mpc,ground_truth,curvy,400.0,0.05,0.1,1.0,95.69309915974736,99.43922424316406,-12.14956283569336,18.563602548957885,0.880841895486558,0.009609810238868324,-0.0025726136130161947,0.009609810238868324,0.0025726136130161947,-3.09784481942188e-05,-0.012713066167634679,0.5780532956123352,0.0,19.444444444444443,159,153,4.80103874206543,RoadOption.STRAIGHT,99.37516784667969,-1.3487194776535034,1.5776161497143715,2.8,1.2,4.5,3.0,10.0,0.6,0.01,0.06,0.55,0.16,0.2,0.35,1.5,12,10.0,14.0,0.9,1.2,0.6,0.01,0.06,0.65,0.3,0.72,0.005,0.38,0.22,0.01,0.14,1.0,0.28
mpc,ground_truth,curvy,400.0,0.05,0.1,1.0,95.74309916049242,99.43289947509766,-11.22140121459961,18.563835825329864,0.8806086191145788,0.009603676259778909,0.00034967305112765246,0.009603676259778909,0.00034967305112765246,-0.009660748764872551,-0.009629770316678332,0.5780852437019348,0.0,19.444444444444443,160,154,4.8728556632995605,RoadOption.STRAIGHT,99.36834716796875,-0.34874236583709717,1.5776161497143715,2.8,1.2,4.5,3.0,10.0,0.6,0.01,0.06,0.55,0.16,0.2,0.35,1.5,12,10.0,14.0,0.9,1.2,0.6,0.01,0.06,0.65,0.3,0.72,0.005,0.38,0.22,0.01,0.14,1.0,0.28
mpc,ground_truth,curvy,400.0,0.05,0.1,1.0,95.79309916123748,99.42720794677734,-10.293233871459961,18.563605390359672,0.8808390540847704,0.008964274985567063,0.0013108078885371022,0.008964274985567063,0.0013108078885371022,-0.012784551829099655,-0.003123803064227104,0.578779935836792,0.0,19.444444444444443,161,155,4.944669723510742,RoadOption.STRAIGHT,99.36153411865234,0.6512347459793091,1.5776161497143715,2.8,1.2,4.5,3.0,10.0,0.6,0.01,0.06,0.55,0.16,0.2,0.35,1.5,12,10.0,14.0,0.9,1.2,0.6,0.01,0.06,0.65,0.3,0.72,0.005,0.38,0.22,0.01,0.14,1.0,0.28
mpc,ground_truth,curvy,400.0,0.05,0.1,1.0,95.84309916198254,99.42237091064453,-9.365077018737793,18.56332781986955,0.8811166245748936,0.007470466433382911,0.0004523379111498471,0.007470466433382911,0.0004523379111498471,-0.009276299737393856,0.003508252091705799,0.5790030360221863,0.0,19.444444444444443,161,156,5.016497611999512,RoadOption.STRAIGHT,99.36153411865234,0.6512347459793091,1.5776161497143715,2.8,1.2,4.5,3.0,10.0,0.6,0.01,0.06,0.55,0.16,0.2,0.35,1.5,12,10.0,14.0,0.9,1.2,0.6,0.01,0.06,0.65,0.3,0.72,0.005,0.38,0.22,0.01,0.14,1.0,0.28
mpc,ground_truth,curvy,400.0,0.05,0.1,1.0,95.8930991627276,99.4183120727539,-8.436920166015625,18.56335592072836,0.8810885237160839,0.005199393625943606,-0.0013390373960917579,0.005199393625943606,0.0013390373960917579,-0.0017408905550837517,0.007535409182310104,0.5786194205284119,0.0,19.444444444444443,162,156,4.088332653045654,RoadOption.STRAIGHT,99.3547134399414,1.6512118577957153,1.5776161497143715,2.8,1.2,4.5,3.0,10.0,0.6,0.01,0.06,0.55,0.16,0.2,0.35,1.5,12,10.0,14.0,0.9,1.2,0.6,0.01,0.06,0.65,0.3,0.72,0.005,0.38,0.22,0.01,0.14,1.0,0.28
mpc,ground_truth,curvy,400.0,0.05,0.1,1.0,95.94309916347265,99.41452026367188,-7.508756637573242,18.563513744077106,0.8809307003673368,0.002660346558513549,-0.002931474569904502,0.002660346558513549,0.002931474569904502,0.005856662057340145,0.007597552612423897,0.5783690214157104,0.0,19.444444444444443,163,157,4.160162925720215,RoadOption.STRAIGHT,99.34789276123047,2.651188850402832,1.5776161497143715,2.8,1.2,4.5,3.0,10.0,0.6,0.01,0.06,0.55,0.16,0.2,0.35,1.5,12,10.0,14.0,0.9,1.2,0.6,0.01,0.06,0.65,0.3,0.72,0.005,0.38,0.22,0.01,0.14,1.0,0.28
mpc,ground_truth,curvy,400.0,0.05,0.1,1.0,95.99309916421771,99.41040802001953,-6.580590724945068,18.563487759983506,0.8809566844609371,0.00044171035012253307,-0.0034796862802974893,0.00044171035012253307,0.0034796862802974893,0.010171077214181423,0.004314415156841278,0.5786051750183105,0.0,19.444444444444443,164,158,4.231989860534668,RoadOption.STRAIGHT,99.34107208251953,3.6511659622192383,1.5776161497143715,2.8,1.2,4.5,3.0,10.0,0.6,0.01,0.06,0.55,0.16,0.2,0.35,1.5,12,10.0,14.0,0.9,1.2,0.6,0.01,0.06,0.65,0.3,0.72,0.005,0.38,0.22,0.01,0.14,1.0,0.28
mpc,ground_truth,curvy,400.0,0.05,0.1,1.0,96.04309916496277,99.405517578125,-5.652434349060059,18.563320160564302,0.8811242838801405,-0.0009986798616295998,-0.0027459853999807216,0.0009986798616295998,0.0027459853999807216,0.009781026281416416,-0.000390050932765007,0.5788756608963013,0.0,19.444444444444443,165,159,4.3038225173950195,RoadOption.STRAIGHT,99.3342514038086,4.651139259338379,1.5776161497143715,2.8,1.2,4.5,3.0,10.0,0.6,0.01,0.06,0.55,0.16,0.2,0.35,1.5,12,10.0,14.0,0.9,1.2,0.6,0.01,0.06,0.65,0.3,0.72,0.005,0.38,0.22,0.01,0.14,1.0,0.28
mpc,ground_truth,curvy,400.0,0.05,0.1,1.0,96.09309916570783,99.39964294433594,-4.72429084777832,18.563264136994675,0.8811803074497675,-0.0014548140772828143,-0.0011024155332384211,0.0014548140772828143,0.0011024155332384211,0.005411421414464712,-0.004369604866951704,0.5787754058837891,0.0,19.444444444444443,166,160,4.3756608963012695,RoadOption.STRAIGHT,99.32743072509766,5.651116371154785,1.5776161497143715,2.8,1.2,4.5,3.0,10.0,0.6,0.01,0.06,0.55,0.16,0.2,0.35,1.5,12,10.0,14.0,0.9,1.2,0.6,0.01,0.06,0.65,0.3,0.72,0.005,0.38,0.22,0.01,0.14,1.0,0.28
mpc,ground_truth,curvy,400.0,0.05,0.1,1.0,96.14309916645288,99.39301300048828,-3.7961480617523193,18.563377471526977,0.8810669729174663,-0.0011480217040137422,0.0007151919107410976,0.0011480217040137422,0.0007151919107410976,-0.0004734830290544778,-0.00588490444351919,0.578504204750061,0.0,19.444444444444443,167,161,4.447494983673096,RoadOption.STRAIGHT,99.32061004638672,6.651093482971191,1.5776161497143715,2.8,1.2,4.5,3.0,10.0,0.6,0.01,0.06,0.55,0.16,0.2,0.35,1.5,12,10.0,14.0,0.9,1.2,0.6,0.01,0.06,0.65,0.3,0.72,0.005,0.38,0.22,0.01,0.14,1.0,0.28
mpc,ground_truth,curvy,400.0,0.05,0.1,1.0,96.19309916719794,99.38600158691406,-2.868001937866211,18.563487004784324,0.8809574396601185,-0.0004674204557721766,0.0019780628996564076,0.0004674204557721766,0.0019780628996564076,-0.0053087263368070126,-0.004835243307752535,0.5784430503845215,0.0,19.444444444444443,168,162,4.519322395324707,RoadOption.STRAIGHT,99.31378936767578,7.651070594787598,1.5776161497143715,2.8,1.2,4.5,3.0,10.0,0.6,0.01,0.06,0.55,0.16,0.2,0.35,1.5,12,10.0,14.0,0.9,1.2,0.6,0.01,0.06,0.65,0.3,0.72,0.005,0.38,0.22,0.01,0.14,1.0,0.28
mpc,ground_truth,curvy,400.0,0.05,0.1,1.0,96.243099167943,99.37904357910156,-1.9398537874221802,18.563479134378397,0.8809653100660455,0.0001597616390574333,0.0022767364159088643,0.0001597616390574333,0.0022767364159088643,-0.007203086744993925,-0.0018943604081869125,0.578588604927063,0.0,19.444444444444443,169,163,4.591148853302002,RoadOption.STRAIGHT,99.30697631835938,8.651047706604004,1.5776161497143715,2.8,1.2,4.5,3.0,10.0,0.6,0.01,0.06,0.55,0.16,0.2,0.35,1.5,12,10.0,14.0,0.9,1.2,0.6,0.01,0.06,0.65,0.3,0.72,0.005,0.38,0.22,0.01,0.14,1.0,0.28
mpc,ground_truth,curvy,400.0,0.05,0.1,1.0,96.29309916868806,99.3724594116211,-1.0117051601409912,18.56343257021911,0.881011874225333,0.0004131096565363132,0.0016492956630860256,0.0004131096565363132,0.0016492956630860256,-0.005813028197735548,0.001390058547258377,0.5786629915237427,0.0,19.444444444444443,170,164,4.66297721862793,RoadOption.STRAIGHT,99.30015563964844,9.65102481842041,1.5776161497143715,2.8,1.2,4.5,3.0,10.0,0.6,0.01,0.06,0.55,0.16,0.2,0.35,1.5,12,10.0,14.0,0.9,1.2,0.6,0.01,0.06,0.65,0.3,0.72,0.005,0.38,0.22,0.01,0.14,1.0,0.28
mpc,ground_truth,curvy,400.0,0.05,0.1,1.0,96.34309916943312,99.3663101196289,-0.08355407416820526,18.56344744259205,0.8809970018523927,0.00023154951565138027,0.0005064000812788905,0.00023154951565138027,0.0005064000812788905,-0.0022300260607153177,0.0035830021370202303,0.578580379486084,0.0,19.444444444444443,171,165,4.73480224609375,RoadOption.STRAIGHT,99.2933349609375,10.651001930236816,1.5776161497143715,2.8,1.2,4.5,3.0,10.0,0.6,0.01,0.06,0.55,0.16,0.2,0.35,1.5,12,10.0,14.0,0.9,1.2,0.6,0.01,0.06,0.65,0.3,0.72,0.005,0.38,0.22,0.01,0.14,1.0,0.28
mpc,ground_truth,curvy,400.0,0.05,0.1,1.0,96.39309917017817,99.36042022705078,0.8446012735366821,18.563505571054165,0.8809388733902779,-0.0002094070556628233,-0.0005942843972510659,0.0002094070556628233,0.0005942843972510659,0.0016790431691333652,0.003909069229848683,0.578493595123291,0.0,19.444444444444443,172,166,4.806628704071045,RoadOption.STRAIGHT,99.28651428222656,11.650979042053223,1.5776161497143715,2.8,1.2,4.5,3.0,10.0,0.6,0.01,0.06,0.55,0.16,0.2,0.35,1.5,12,10.0,14.0,0.9,1.2,0.6,0.01,0.06,0.65,0.3,0.72,0.005,0.38,0.22,0.01,0.14,1.0,0.28
mpc,ground_truth,curvy,400.0,0.05,0.1,1.0,96.44309917092323,99.35456085205078,1.7727587223052979,18.563526404075233,0.8809180403692096,-0.0006808948241902382,-0.0012022840741163776,0.0006808948241902382,0.0012022840741163776,0.004231704398989677,0.0025526612298563123,0.5785258412361145,0.0,19.444444444444443,173,167,4.878453731536865,RoadOption.STRAIGHT,99.27969360351562,12.650954246520996,1.5776161497143715,2.8,1.2,4.5,3.0,10.0,0.6,0.01,0.06,0.55,0.16,0.2,0.35,1.5,12,10.0,14.0,0.9,1.2,0.6,0.01,0.06,0.65,0.3,0.72,0.005,0.38,0.22,0.01,0.14,1.0,0.28
mpc,ground_truth,curvy,400.0,0.05,0.1,1.0,96.49309917166829,99.3484878540039,2.7009146213531494,18.56350373121159,0.8809407132328531,-0.0009387539448864543,-0.001149154010369191,0.0009387539448864543,0.001149154010369191,0.004540089517831802,0.00030838511884212494,0.5785916447639465,0.0,19.444444444444443,174,168,4.950278282165527,RoadOption.STRAIGHT,99.27287292480469,13.650931358337402,1.5776161497143715,2.8,1.2,4.5,3.0,10.0,0.6,0.01,0.06,0.55,0.16,0.2,0.35,1.5,12,10.0,14.0,0.9,1.2,0.6,0.01,0.06,0.65,0.3,0.72,0.005,0.38,0.22,0.01,0.14,1.0,0.28
mpc,ground_truth,curvy,400.0,0.05,0.1,1.0,96.54309917241335,99.34207916259766,3.6290669441223145,18.56349033361172,0.8809541108327217,-0.0008532739062151878,-0.0005720470021488566,0.0008532739062151878,0.0005720470021488566,0.0028747974429279566,-0.0016652920749038458,0.5785885453224182,0.0,19.444444444444443,174,169,5.022103786468506,RoadOption.STRAIGHT,99.27287292480469,13.650931358337402,1.5776161497143715,2.8,1.2,4.5,3.0,10.0,0.6,0.01,0.06,0.55,0.16,0.2,0.35,1.5,12,10.0,14.0,0.9,1.2,0.6,0.01,0.06,0.65,0.3,0.72,0.005,0.38,0.22,0.01,0.14,1.0,0.28
mpc,ground_truth,curvy,400.0,0.05,0.1,1.0,96.59309917315841,99.33539581298828,4.557218074798584,18.563510924576835,0.8809335198676074,-0.0004998570046305523,0.00019214707264936237,0.0004998570046305523,0.00019214707264936237,0.00019829810480587184,-0.0026764993381220847,0.5785353779792786,0.0,19.444444444444443,175,169,4.093928813934326,RoadOption.STRAIGHT,99.26605224609375,14.650908470153809,1.5776161497143715,2.8,1.2,4.5,3.0,10.0,0.6,0.01,0.06,0.55,0.16,0.2,0.35,1.5,12,10.0,14.0,0.9,1.2,0.6,0.01,0.06,0.65,0.3,0.72,0.005,0.38,0.22,0.01,0.14,1.0,0.28
mpc,ground_truth,curvy,400.0,0.05,0.1,1.0,96.64309917390347,99.32861328125,5.4853692054748535,18.56353106666875,0.8809133777756912,-4.816641485938869e-05,0.0007813714638293945,4.816641485938869e-05,0.0007813714638293945,-0.0021824699360877275,-0.0023807680408935994,0.5785238742828369,0.0,19.444444444444443,176,170,4.165753364562988,RoadOption.STRAIGHT,99.25923156738281,15.650885581970215,1.5776161497143715,2.8,1.2,4.5,3.0,10.0,0.6,0.01,0.06,0.55,0.16,0.2,0.35,1.5,12,10.0,14.0,0.9,1.2,0.6,0.01,0.06,0.65,0.3,0.72,0.005,0.38,0.22,0.01,0.14,1.0,0.28
mpc,ground_truth,curvy,400.0,0.05,0.1,1.0,96.69309917464852,99.32189178466797,6.413522243499756,18.563529211261983,0.8809152331824599,0.00034247743034927086,0.0009608685213007284,0.00034247743034927086,0.0009608685213007284,-0.003282146528363228,-0.0010996765922755003,0.5785513520240784,0.0,19.444444444444443,177,171,4.237576484680176,RoadOption.STRAIGHT,99.25241088867188,16.650863647460938,1.5776161497143715,2.8,1.2,4.5,3.0,10.0,0.6,0.01,0.06,0.55,0.16,0.2,0.35,1.5,12,10.0,14.0,0.9,1.2,0.6,0.01,0.06,0.65,0.3,0.72,0.005,0.38,0.22,0.01,0.14,1.0,0.28
mpc,ground_truth,curvy,400.0,0.05,0.1,1.0,96.74309917539358,99.31539154052734,7.341675281524658,18.563517499249958,0.880926945194485,0.0005118739793555684,0.000709599272451733,0.0005118739793555684,0.000709599272451733,-0.0028199118096381426,0.00046223471872508526,0.5785702466964722,0.0,19.444444444444443,178,172,4.309401035308838,RoadOption.STRAIGHT,99.24559783935547,17.65083885192871,1.5776161497143715,2.8,1.2,4.5,3.0,10.0,0.6,0.01,0.06,0.55,0.16,0.2,0.35,1.5,12,10.0,14.0,0.9,1.2,0.6,0.01,0.06,0.65,0.3,0.72,0.005,0.38,0.22,0.01,0.14,1.0,0.28
mpc,ground_truth,curvy,400.0,0.05,0.1,1.0,96.79309917613864,99.30912780761719,8.269829750061035,18.56351894913252,0.8809254953119243,0.0004447420345002409,0.00019414444346654847,0.0004447420345002409,0.00019414444346654847,-0.001233289367519319,0.0015866224421188235,0.5785535573959351,0.0,19.444444444444443,179,173,4.381223678588867,RoadOption.STRAIGHT,99.23877716064453,18.650815963745117,1.5776161497143715,2.8,1.2,4.5,3.0,10.0,0.6,0.01,0.06,0.55,0.16,0.2,0.35,1.5,12,10.0,14.0,0.9,1.2,0.6,0.01,0.06,0.65,0.3,0.72,0.005,0.38,0.22,0.01,0.14,1.0,0.28
mpc,ground_truth,curvy,400.0,0.05,0.1,1.0,96.8430991768837,99.30303192138672,9.197986602783203,18.56353258867978,0.880911855764662,0.0002097640612957613,-0.0003285009204612166,0.0002097640612957613,0.0003285009204612166,0.0006347642047330737,0.0018680535722523928,0.5785307288169861,0.0,19.444444444444443,180,174,4.453047275543213,RoadOption.STRAIGHT,99.2319564819336,19.650793075561523,1.5776161497143715,2.8,1.2,4.5,3.0,10.0,0.6,0.01,0.06,0.55,0.16,0.2,0.35,1.5,12,10.0,14.0,0.9,1.2,0.6,0.01,0.06,0.65,0.3,0.72,0.005,0.38,0.22,0.01,0.14,1.0,0.28
mpc,ground_truth,curvy,400.0,0.05,0.1,1.0,96.89309917762876,99.29698944091797,10.126142501831055,18.563537321516666,0.880907122927777,-7.861192784216e-05,-0.0006375607649649062,7.861192784216e-05,0.0006375607649649062,0.0019646314904093742,0.0013298672856763005,0.5785385966300964,0.0,19.444444444444443,181,175,4.524872303009033,RoadOption.STRAIGHT,99.22513580322266,20.65077018737793,1.5776161497143715,2.8,1.2,4.5,3.0,10.0,0.6,0.01,0.06,0.55,0.16,0.2,0.35,1.5,12,10.0,14.0,0.9,1.2,0.6,0.01,0.06,0.65,0.3,0.72,0.005,0.38,0.22,0.01,0.14,1.0,0.28
mpc,ground_truth,curvy,400.0,0.05,0.1,1.0,96.94309917837381,99.29084014892578,11.05429744720459,18.563533423206522,0.880911021237921,-0.00026017237359456796,-0.000634364971657142,0.00026017237359456796,0.000634364971657142,0.002248593373224139,0.000283961882814765,0.5785512924194336,0.0,19.444444444444443,182,176,4.5966973304748535,RoadOption.STRAIGHT,99.21831512451172,21.650747299194336,1.5776161497143715,2.8,1.2,4.5,3.0,10.0,0.6,0.01,0.06,0.55,0.16,0.2,0.35,1.5,12,10.0,14.0,0.9,1.2,0.6,0.01,0.06,0.65,0.3,0.72,0.005,0.38,0.22,0.01,0.14,1.0,0.28
mpc,ground_truth,curvy,400.0,0.05,0.1,1.0,96.99309917911887,99.28453063964844,11.982454299926758,18.56352972372297,0.8809147207214743,-0.00028152576386756417,-0.00036711675626754925,0.00028152576386756417,0.00036711675626754925,0.0015076695708557963,-0.0007409238023683429,0.5785532593727112,0.0,19.444444444444443,183,177,4.668520450592041,RoadOption.STRAIGHT,99.21149444580078,22.65072250366211,1.5776161497143715,2.8,1.2,4.5,3.0,10.0,0.6,0.01,0.06,0.55,0.16,0.2,0.35,1.5,12,10.0,14.0,0.9,1.2,0.6,0.01,0.06,0.65,0.3,0.72,0.005,0.38,0.22,0.01,0.14,1.0,0.28
mpc,ground_truth,curvy,400.0,0.05,0.1,1.0,97.04309917986393,99.27809143066406,12.91061019897461,18.563532873472997,0.8809115709714455,-0.0001655662538319752,7.456851052189961e-06,0.0001655662538319752,7.456851052189961e-06,0.00029456388438120484,-0.0012131056864745915,0.5785431861877441,0.0,19.444444444444443,184,178,4.740340709686279,RoadOption.STRAIGHT,99.20467376708984,23.650699615478516,1.5776161497143715,2.8,1.2,4.5,3.0,10.0,0.6,0.01,0.06,0.55,0.16,0.2,0.35,1.5,12,10.0,14.0,0.9,1.2,0.6,0.01,0.06,0.65,0.3,0.72,0.005,0.38,0.22,0.01,0.14,1.0,0.28
mpc,ground_truth,curvy,400.0,0.05,0.1,1.0,97.09309918060899,99.27159118652344,13.838767051696777,18.563538709517967,0.8809057349264755,3.8042798161386226e-06,0.00031678301166504497,3.8042798161386226e-06,0.00031678301166504497,-0.0008849732112139463,-0.0011795370955951512,0.5785364508628845,0.0,19.444444444444443,185,179,4.812161445617676,RoadOption.STRAIGHT,99.1978530883789,24.650676727294922,1.5776161497143715,2.8,1.2,4.5,3.0,10.0,0.6,0.01,0.06,0.55,0.16,0.2,0.35,1.5,12,10.0,14.0,0.9,1.2,0.6,0.01,0.06,0.65,0.3,0.72,0.005,0.38,0.22,0.01,0.14,1.0,0.28
mpc,ground_truth,curvy,400.0,0.05,0.1,1.0,97.14309918135405,99.26510620117188,14.766921997070312,18.563539778592418,0.8809046658520252,0.0001579293869224882,0.0004394215798630974,0.0001579293869224882,0.0004394215798630974,-0.001491141621954739,-0.0006061684107407928,0.5785415172576904,0.0,19.444444444444443,186,180,4.883984088897705,RoadOption.STRAIGHT,99.1910400390625,25.650653839111328,1.5776161497143715,2.8,1.2,4.5,3.0,10.0,0.6,0.01,0.06,0.55,0.16,0.2,0.35,1.5,12,10.0,14.0,0.9,1.2,0.6,0.01,0.06,0.65,0.3,0.72,0.005,0.38,0.22,0.01,0.14,1.0,0.28
mpc,ground_truth,curvy,400.0,0.05,0.1,1.0,97.1930991820991,99.25869750976562,15.695077896118164,18.563538010132294,0.8809064343121484,0.00023575581908504006,0.00035366779276246874,0.00023575581908504006,0.00035366779276246874,-0.0013739131391048431,0.00011722848284989595,0.5785459876060486,0.0,19.444444444444443,187,181,4.955806255340576,RoadOption.STRAIGHT,99.18421936035156,26.6506290435791,1.5776161497143715,2.8,1.2,4.5,3.0,10.0,0.6,0.01,0.06,0.55,0.16,0.2,0.35,1.5,12,10.0,14.0,0.9,1.2,0.6,0.01,0.06,0.65,0.3,0.72,0.005,0.38,0.22,0.01,0.14,1.0,0.28
mpc,ground_truth,curvy,400.0,0.05,0.1,1.0,97.24309918284416,99.25240325927734,16.623233795166016,18.563535377046556,0.8809090673978872,0.00019914399459118604,0.00012836436454177758,0.00019914399459118604,0.00012836436454177758,-0.0006821197457611561,0.0006917933933436871,0.5785486102104187,0.0,19.444444444444443,187,182,5.027629375457764,RoadOption.STRAIGHT,99.18421936035156,26.6506290435791,1.5776161497143715,2.8,1.2,4.5,3.0,10.0,0.6,0.01,0.06,0.55,0.16,0.2,0.35,1.5,12,10.0,14.0,0.9,1.2,0.6,0.01,0.06,0.65,0.3,0.72,0.005,0.38,0.22,0.01,0.14,1.0,0.28
mpc,ground_truth,curvy,400.0,0.05,0.1,1.0,97.29309918358922,99.2461929321289,17.551387786865234,18.563537488504007,0.8809069559404357,7.952992381075538e-05,-0.00011771172018137932,7.952992381075538e-05,0.00011771172018137932,0.00020012215827591717,0.0008822419040370733,0.57854163646698,0.0,19.444444444444443,188,182,4.099454879760742,RoadOption.STRAIGHT,99.17739868164062,27.650606155395508,1.5776161497143715,2.8,1.2,4.5,3.0,10.0,0.6,0.01,0.06,0.55,0.16,0.2,0.35,1.5,12,10.0,14.0,0.9,1.2,0.6,0.01,0.06,0.65,0.3,0.72,0.005,0.38,0.22,0.01,0.14,1.0,0.28
mpc,ground_truth,curvy,400.0,0.05,0.1,1.0,97.34309918433428,99.239990234375,18.479543685913086,18.563539769971133,0.8809046744733102,-4.864551368730097e-05,-0.00027510454060486467,4.864551368730097e-05,0.00027510454060486467,0.0008538095862604678,0.0006536874279845506,0.5785400867462158,0.0,19.444444444444443,189,183,4.171276569366455,RoadOption.STRAIGHT,99.17057800292969,28.650583267211914,1.5776161497143715,2.8,1.2,4.5,3.0,10.0,0.6,0.01,0.06,0.55,0.16,0.2,0.35,1.5,12,10.0,14.0,0.9,1.2,0.6,0.01,0.06,0.65,0.3,0.72,0.005,0.38,0.22,0.01,0.14,1.0,0.28
mpc,ground_truth,curvy,400.0,0.05,0.1,1.0,97.39309918507934,99.23374938964844,19.407697677612305,18.563539459609846,0.8809049848345971,-0.00013864885027504298,-0.0002909503490911014,0.00013864885027504298,0.0002909503490911014,0.0010441173799335957,0.0001903077936731279,0.5785433650016785,0.0,19.444444444444443,190,184,4.243102073669434,RoadOption.STRAIGHT,99.16375732421875,29.65056037902832,1.5776161497143715,2.8,1.2,4.5,3.0,10.0,0.6,0.01,0.06,0.55,0.16,0.2,0.35,1.5,12,10.0,14.0,0.9,1.2,0.6,0.01,0.06,0.65,0.3,0.72,0.005,0.38,0.22,0.01,0.14,1.0,0.28
mpc,ground_truth,curvy,400.0,0.05,0.1,1.0,97.4430991858244,99.22744750976562,20.335853576660156,18.563536794373515,0.8809076500709274,-0.0001676314576584681,-0.0001788312671990866,0.0001676314576584681,0.0001788312671990866,0.0007466396200470626,-0.000297477759886533,0.5785477757453918,0.0,19.444444444444443,191,185,4.314925193786621,RoadOption.STRAIGHT,99.15693664550781,30.650537490844727,1.5776161497143715,2.8,1.2,4.5,3.0,10.0,0.6,0.01,0.06,0.55,0.16,0.2,0.35,1.5,12,10.0,14.0,0.9,1.2,0.6,0.01,0.06,0.65,0.3,0.72,0.005,0.38,0.22,0.01,0.14,1.0,0.28
mpc,ground_truth,curvy,400.0,0.05,0.1,1.0,97.49309918656945,99.2210693359375,21.26400375366211,18.563537539021908,0.8809069054225347,-0.00011265365378993267,-8.522115487963333e-06,0.00011265365378993267,8.522115487963333e-06,0.0002187311474699527,-0.0005279084725771099,0.5785432457923889,0.0,19.444444444444443,192,186,4.386753082275391,RoadOption.STRAIGHT,99.15011596679688,31.650514602661133,1.5776161497143715,2.8,1.2,4.5,3.0,10.0,0.6,0.01,0.06,0.55,0.16,0.2,0.35,1.5,12,10.0,14.0,0.9,1.2,0.6,0.01,0.06,0.65,0.3,0.72,0.005,0.38,0.22,0.01,0.14,1.0,0.28
mpc,ground_truth,curvy,400.0,0.05,0.1,1.0,97.54309918731451,99.21467590332031,22.19215202331543,18.563541055264526,0.8809033891799167,-5.004663281096833e-05,0.00014141385388333205,5.004663281096833e-05,0.00014141385388333205,-0.00033993585384450853,-0.0005586670013144612,0.5785378217697144,0.0,19.444444444444443,193,187,4.458581447601318,RoadOption.STRAIGHT,99.14329528808594,32.650489807128906,1.5776161497143715,2.8,1.2,4.5,3.0,10.0,0.6,0.01,0.06,0.55,0.16,0.2,0.35,1.5,12,10.0,14.0,0.9,1.2,0.6,0.01,0.06,0.65,0.3,0.72,0.005,0.38,0.22,0.01,0.14,1.0,0.28
mpc,ground_truth,curvy,400.0,0.05,0.1,1.0,97.59309918805957,99.208251953125,23.120302200317383,18.56354164443325,0.8809028000111923,4.307725660969777e-05,0.0002111886744433633,4.307725660969777e-05,0.0002111886744433633,-0.0006787577294744551,-0.0003388218756299466,0.5785409808158875,0.0,19.444444444444443,194,188,4.530409336090088,RoadOption.STRAIGHT,99.136474609375,33.65046691894531,1.5776161497143715,2.8,1.2,4.5,3.0,10.0,0.6,0.01,0.06,0.55,0.16,0.2,0.35,1.5,12,10.0,14.0,0.9,1.2,0.6,0.01,0.06,0.65,0.3,0.72,0.005,0.38,0.22,0.01,0.14,1.0,0.28
mpc,ground_truth,curvy,400.0,0.05,0.1,1.0,97.64309918880463,99.20187377929688,24.04845428466797,18.563539758741666,0.8809046857027774,9.041283568871766e-05,0.00018295916688870761,9.041283568871766e-05,0.00018295916688870761,-0.0006733014015480876,5.456327926367521e-06,0.578545093536377,0.0,19.444444444444443,195,189,4.602235794067383,RoadOption.STRAIGHT,99.1296615600586,34.65044403076172,1.5776161497143715,2.8,1.2,4.5,3.0,10.0,0.6,0.01,0.06,0.55,0.16,0.2,0.35,1.5,12,10.0,14.0,0.9,1.2,0.6,0.01,0.06,0.65,0.3,0.72,0.005,0.38,0.22,0.01,0.14,1.0,0.28
mpc,ground_truth,curvy,400.0,0.05,0.1,1.0,97.69309918954968,99.19554138183594,24.976608276367188,18.563539253121704,0.8809051913227393,9.196010442608787e-05,8.335694211947242e-05,9.196010442608787e-05,8.335694211947242e-05,-0.0003879677096847445,0.0002853336918633431,0.5785437226295471,0.0,19.444444444444443,196,190,4.674060821533203,RoadOption.STRAIGHT,99.12284088134766,35.650421142578125,1.5776161497143715,2.8,1.2,4.5,3.0,10.0,0.6,0.01,0.06,0.55,0.16,0.2,0.35,1.5,12,10.0,14.0,0.9,1.2,0.6,0.01,0.06,0.65,0.3,0.72,0.005,0.38,0.22,0.01,0.14,1.0,0.28
mpc,ground_truth,curvy,400.0,0.05,0.1,1.0,97.74309919029474,99.18925476074219,25.904769897460938,18.563540184487895,0.880904259956548,4.768003978454505e-05,-3.555320055248501e-05,4.768003978454505e-05,3.555320055248501e-05,2.140202559530735e-05,0.00040936973528005183,0.5785414576530457,0.0,19.444444444444443,197,191,4.745878219604492,RoadOption.STRAIGHT,99.11602020263672,36.650394439697266,1.5776161497143715,2.8,1.2,4.5,3.0,10.0,0.6,0.01,0.06,0.55,0.16,0.2,0.35,1.5,12,10.0,14.0,0.9,1.2,0.6,0.01,0.06,0.65,0.3,0.72,0.005,0.38,0.22,0.01,0.14,1.0,0.28
mpc,ground_truth,curvy,400.0,0.05,0.1,1.0,97.7930991910398,99.18297576904297,26.832931518554688,18.56354187268405,0.8809025717603944,-4.229241967426689e-06,-0.00012024172321734028,4.229241967426689e-06,0.00012024172321734028,0.00035139723331667483,0.0003299952077213675,0.5785394906997681,0.0,19.444444444444443,198,192,4.817695617675781,RoadOption.STRAIGHT,99.10919952392578,37.65037155151367,1.5776161497143715,2.8,1.2,4.5,3.0,10.0,0.6,0.01,0.06,0.55,0.16,0.2,0.35,1.5,12,10.0,14.0,0.9,1.2,0.6,0.01,0.06,0.65,0.3,0.72,0.005,0.38,0.22,0.01,0.14,1.0,0.28
mpc,ground_truth,curvy,400.0,0.05,0.1,1.0,97.84309919178486,99.17668914794922,27.761093139648438,18.5635405260854,0.8809039183590421,-4.8522314288063084e-05,-0.00014074806361064063,4.8522314288063084e-05,0.00014074806361064063,0.00048237686860375106,0.00013097963528707623,0.5785439610481262,0.0,19.444444444444443,199,193,4.8895111083984375,RoadOption.STRAIGHT,99.10237884521484,38.65034866333008,1.5776161497143715,2.8,1.2,4.5,3.0,10.0,0.6,0.01,0.06,0.55,0.16,0.2,0.35,1.5,12,10.0,14.0,0.9,1.2,0.6,0.01,0.06,0.65,0.3,0.72,0.005,0.38,0.22,0.01,0.14,1.0,0.28
mpc,ground_truth,curvy,400.0,0.05,0.1,1.0,97.89309919252992,99.17037963867188,28.689252853393555,18.56354239332055,0.8809020511238934,-6.990171991923949e-05,-9.880327644218312e-05,6.990171991923949e-05,9.880327644218312e-05,0.000373906921595335,-0.00010846994700841606,0.5785390138626099,0.0,19.444444444444443,200,194,4.961330413818359,RoadOption.STRAIGHT,99.0955581665039,39.650325775146484,1.5776161497143715,2.8,1.2,4.5,3.0,10.0,0.6,0.01,0.06,0.55,0.16,0.2,0.35,1.5,12,10.0,14.0,0.9,1.2,0.6,0.01,0.06,0.65,0.3,0.72,0.005,0.38,0.22,0.01,0.14,1.0,0.28
mpc,ground_truth,curvy,400.0,0.05,0.1,1.0,97.94309919327497,99.16403198242188,29.617401123046875,18.563541763833452,0.8809026806109905,-4.542777681332266e-05,-2.3435817592343255e-05,4.542777681332266e-05,2.3435817592343255e-05,0.00016466676606796682,-0.0002092401555273682,0.5785423517227173,0.0,19.444444444444443,200,195,5.03316068649292,RoadOption.STRAIGHT,99.0955581665039,39.650325775146484,1.5776161497143715,2.8,1.2,4.5,3.0,10.0,0.6,0.01,0.06,0.55,0.16,0.2,0.35,1.5,12,10.0,14.0,0.9,1.2,0.6,0.01,0.06,0.65,0.3,0.72,0.005,0.38,0.22,0.01,0.14,1.0,0.28
mpc,ground_truth,curvy,400.0,0.05,0.1,1.0,97.99309919402003,99.15766143798828,30.545551300048828,18.56354166517735,0.8809027792670925,-4.8022729166180556e-06,5.033374460250428e-05,4.8022729166180556e-06,5.033374460250428e-05,-0.00010429052781546488,-0.0002689572938834317,0.5785418152809143,0.0,19.444444444444443,201,195,4.1049885749816895,RoadOption.STRAIGHT,99.08873748779297,40.65030288696289,1.5776161497143715,2.8,1.2,4.5,3.0,10.0,0.6,0.01,0.06,0.55,0.16,0.2,0.35,1.5,12,10.0,14.0,0.9,1.2,0.6,0.01,0.06,0.65,0.3,0.72,0.005,0.38,0.22,0.01,0.14,1.0,0.28
mpc,ground_truth,curvy,400.0,0.05,0.1,1.0,98.04309919476509,99.15127563476562,31.47369956970215,18.563541108284827,0.8809033361596157,5.0188538631004004e-05,9.187905760743575e-05,5.0188538631004004e-05,9.187905760743575e-05,-0.0003193852608092129,-0.00021509473299374804,0.5785426497459412,0.0,19.444444444444443,202,196,4.17681884765625,RoadOption.STRAIGHT,99.08191680908203,41.6502799987793,1.5776161497143715,2.8,1.2,4.5,3.0,10.0,0.6,0.01,0.06,0.55,0.16,0.2,0.35,1.5,12,10.0,14.0,0.9,1.2,0.6,0.01,0.06,0.65,0.3,0.72,0.005,0.38,0.22,0.01,0.14,1.0,0.28
mpc,ground_truth,curvy,400.0,0.05,0.1,1.0,98.09309919551015,99.14492797851562,32.401851654052734,18.563541097870317,0.8809033465741258,6.698123391014194e-05,8.615326126415468e-05,6.698123391014194e-05,8.615326126415468e-05,-0.00033901777351275086,-1.963251270353794e-05,0.5785419940948486,0.0,19.444444444444443,203,197,4.248641490936279,RoadOption.STRAIGHT,99.07510375976562,42.6502571105957,1.5776161497143715,2.8,1.2,4.5,3.0,10.0,0.6,0.01,0.06,0.55,0.16,0.2,0.35,1.5,12,10.0,14.0,0.9,1.2,0.6,0.01,0.06,0.65,0.3,0.72,0.005,0.38,0.22,0.01,0.14,1.0,0.28
mpc,ground_truth,curvy,400.0,0.05,0.1,1.0,98.1430991962552,99.13861083984375,33.33000946044922,18.563541557137377,0.8809028873070659,5.32440530684776e-05,4.181162911454095e-05,5.32440530684776e-05,4.181162911454095e-05,-0.0002011420438066125,0.00013787572970613837,0.5785411596298218,0.0,19.444444444444443,204,198,4.320462703704834,RoadOption.STRAIGHT,99.06828308105469,43.65023422241211,1.5776161497143715,2.8,1.2,4.5,3.0,10.0,0.6,0.01,0.06,0.55,0.16,0.2,0.35,1.5,12,10.0,14.0,0.9,1.2,0.6,0.01,0.06,0.65,0.3,0.72,0.005,0.38,0.22,0.01,0.14,1.0,0.28
mpc,ground_truth,curvy,400.0,0.05,0.1,1.0,98.19309919700027,99.13229370117188,34.25817108154297,18.563540964707343,0.8809034797370998,3.948085686863653e-05,-1.4913702104379922e-05,3.948085686863653e-05,1.4913702104379922e-05,-1.2315223102632444e-05,0.00018882682070398005,0.5785428285598755,0.0,19.444444444444443,205,199,4.392279624938965,RoadOption.STRAIGHT,99.06146240234375,44.65020751953125,1.5776161497143715,2.8,1.2,4.5,3.0,10.0,0.6,0.01,0.06,0.55,0.16,0.2,0.35,1.5,12,10.0,14.0,0.9,1.2,0.6,0.01,0.06,0.65,0.3,0.72,0.005,0.38,0.22,0.01,0.14,1.0,0.28
mpc,ground_truth,curvy,400.0,0.05,0.1,1.0,98.24309919774532,99.1259765625,35.18633270263672,18.563541442621435,0.8809030018230075,2.5717660668795467e-05,-5.7657437600333594e-05,2.5717660668795467e-05,5.7657437600333594e-05,0.00014130063937045634,0.00015361586247308878,0.5785412192344666,0.0,19.444444444444443,206,200,4.464097023010254,RoadOption.STRAIGHT,99.05464172363281,45.650184631347656,1.5776161497143715,2.8,1.2,4.5,3.0,10.0,0.6,0.01,0.06,0.55,0.16,0.2,0.35,1.5,12,10.0,14.0,0.9,1.2,0.6,0.01,0.06,0.65,0.3,0.72,0.005,0.38,0.22,0.01,0.14,1.0,0.28
mpc,ground_truth,curvy,400.0,0.05,0.1,1.0,98.29309919849038,99.11967468261719,36.11449432373047,18.563542085929146,0.8809023585152964,-3.3039697518964795e-06,-7.230482359554813e-05,3.3039697518964795e-06,7.230482359554813e-05,0.0002245025389129296,8.320189954247326e-05,0.5785406231880188,0.0,19.444444444444443,207,201,4.535914421081543,RoadOption.STRAIGHT,99.04782104492188,46.65016174316406,1.5776161497143715,2.8,1.2,4.5,3.0,10.0,0.6,0.01,0.06,0.55,0.16,0.2,0.35,1.5,12,10.0,14.0,0.9,1.2,0.6,0.01,0.06,0.65,0.3,0.72,0.005,0.38,0.22,0.01,0.14,1.0,0.28
mpc,ground_truth,curvy,400.0,0.05,0.1,1.0,98.34309919923544,99.11335754394531,37.04265213012695,18.563539956236877,0.8809044882075661,-1.7041150593553878e-05,-5.672533121892087e-05,1.7041150593553878e-05,5.672533121892087e-05,0.000180250164703466,-4.4252374209463596e-05,0.5785452723503113,0.0,19.444444444444443,208,202,4.607735633850098,RoadOption.STRAIGHT,99.04100036621094,47.65013885498047,1.5776161497143715,2.8,1.2,4.5,3.0,10.0,0.6,0.01,0.06,0.55,0.16,0.2,0.35,1.5,12,10.0,14.0,0.9,1.2,0.6,0.01,0.06,0.65,0.3,0.72,0.005,0.38,0.22,0.01,0.14,1.0,0.28
mpc,ground_truth,curvy,400.0,0.05,0.1,1.0,98.3930991999805,99.10701751708984,37.970802307128906,18.563540465741106,0.880903978703337,-2.0943227715258805e-07,-2.3435817592343255e-05,2.0943227715258805e-07,2.3435817592343255e-05,0.00010505826503504068,-7.519189966842532e-05,0.5785417556762695,0.0,19.444444444444443,209,203,4.679563999176025,RoadOption.STRAIGHT,99.0341796875,48.650115966796875,1.5776161497143715,2.8,1.2,4.5,3.0,10.0,0.6,0.01,0.06,0.55,0.16,0.2,0.35,1.5,12,10.0,14.0,0.9,1.2,0.6,0.01,0.06,0.65,0.3,0.72,0.005,0.38,0.22,0.01,0.14,1.0,0.28
mpc,ground_truth,curvy,400.0,0.05,0.1,1.0,98.44309920072556,99.1006851196289,38.89895248413086,18.56354184473141,0.880902599713032,1.3638518184047599e-06,1.2250541014502403e-05,1.3638518184047599e-06,1.2250541014502403e-05,-2.6194706151727587e-05,-0.00013125297118676826,0.5785399079322815,0.0,19.444444444444443,210,204,4.751392364501953,RoadOption.STRAIGHT,99.0273666381836,49.65009307861328,1.5776161497143715,2.8,1.2,4.5,3.0,10.0,0.6,0.01,0.06,0.55,0.16,0.2,0.35,1.5,12,10.0,14.0,0.9,1.2,0.6,0.01,0.06,0.65,0.3,0.72,0.005,0.38,0.22,0.01,0.14,1.0,0.28
mpc,ground_truth,curvy,400.0,0.05,0.1,1.0,98.49309920147061,99.09434509277344,39.82710266113281,18.563541037913566,0.8809034065308765,1.0540337666196942e-05,3.568635860684566e-05,1.0540337666196942e-05,3.568635860684566e-05,-0.00011458981316536665,-8.839510701363906e-05,0.5785430073738098,0.0,19.444444444444443,211,205,4.823217391967773,RoadOption.STRAIGHT,99.02054595947266,50.65007019042969,1.5776161497143715,2.8,1.2,4.5,3.0,10.0,0.6,0.01,0.06,0.55,0.16,0.2,0.35,1.5,12,10.0,14.0,0.9,1.2,0.6,0.01,0.06,0.65,0.3,0.72,0.005,0.38,0.22,0.01,0.14,1.0,0.28
mpc,ground_truth,curvy,400.0,0.05,0.1,1.0,98.54309920221567,99.08799743652344,40.7552490234375,18.563539071950693,0.8809053724937499,2.739807134077843e-05,3.914846802421934e-05,2.739807134077843e-05,3.914846802421934e-05,-0.00014833835302852094,-3.374853986315429e-05,0.5785455703735352,0.0,19.444444444444443,212,206,4.895049571990967,RoadOption.STRAIGHT,99.01372528076172,51.650047302246094,1.5776161497143715,2.8,1.2,4.5,3.0,10.0,0.6,0.01,0.06,0.55,0.16,0.2,0.35,1.5,12,10.0,14.0,0.9,1.2,0.6,0.01,0.06,0.65,0.3,0.72,0.005,0.38,0.22,0.01,0.14,1.0,0.28
mpc,ground_truth,curvy,400.0,0.05,0.1,1.0,98.59309920296073,99.0816650390625,41.68339920043945,18.563536768794336,0.8809076756501071,2.8971355436335777e-05,2.4234765919839418e-05,2.8971355436335777e-05,2.4234765919839418e-05,-0.00011019077646778896,3.814757656073198e-05,0.5785473585128784,0.0,19.444444444444443,213,207,4.966878414154053,RoadOption.STRAIGHT,99.00690460205078,52.6500244140625,1.5776161497143715,2.8,1.2,4.5,3.0,10.0,0.6,0.01,0.06,0.55,0.16,0.2,0.35,1.5,12,10.0,14.0,0.9,1.2,0.6,0.01,0.06,0.65,0.3,0.72,0.005,0.38,0.22,0.01,0.14,1.0,0.28
mpc,ground_truth,curvy,400.0,0.05,0.1,1.0,98.64309920370579,99.07535552978516,42.61154556274414,18.563537193565377,0.8809072508790656,7.683003558779655e-06,2.663161087212984e-07,7.683003558779655e-06,2.663161087212984e-07,-1.8422515495331027e-05,9.176826097245794e-05,0.5785438418388367,0.0,19.444444444444443,213,208,5.038711071014404,RoadOption.STRAIGHT,99.00690460205078,52.6500244140625,1.5776161497143715,2.8,1.2,4.5,3.0,10.0,0.6,0.01,0.06,0.55,0.16,0.2,0.35,1.5,12,10.0,14.0,0.9,1.2,0.6,0.01,0.06,0.65,0.3,0.72,0.005,0.38,0.22,0.01,0.14,1.0,0.28
mpc,ground_truth,curvy,400.0,0.05,0.1,1.0,98.69309920445085,99.06906127929688,43.539695739746094,18.56353734407384,0.880907100370603,-2.798366364877708e-05,-2.0106866229774312e-05,2.798366364877708e-05,2.0106866229774312e-05,8.119395351968706e-05,9.961646901501808e-05,0.5785440802574158,0.0,19.444444444444443,214,208,4.110539436340332,RoadOption.STRAIGHT,99.00008392333984,53.64999771118164,-4.705568624832996,2.8,1.2,4.5,3.0,10.0,0.6,0.01,0.06,0.55,0.16,0.2,0.35,1.5,12,10.0,14.0,0.9,1.2,0.6,0.01,0.06,0.65,0.3,0.72,0.005,0.38,0.22,0.01,0.14,1.0,0.28
mpc,ground_truth,curvy,400.0,0.05,0.1,1.0,98.7430992051959,99.06275177001953,44.46784591674805,18.563539131122315,0.8809053133221276,-4.929803088450646e-05,-2.5965820628304215e-05,4.929803088450646e-05,2.5965820628304215e-05,0.00010696892422856763,2.5774970708880574e-05,0.5785410404205322,0.0,19.444444444444443,215,209,4.182368278503418,RoadOption.STRAIGHT,98.9932632446289,54.64997482299805,-4.705568624832996,2.8,1.2,4.5,3.0,10.0,0.6,0.01,0.06,0.55,0.16,0.2,0.35,1.5,12,10.0,14.0,0.9,1.2,0.6,0.01,0.06,0.65,0.3,0.72,0.005,0.38,0.22,0.01,0.14,1.0,0.28
mpc,ground_truth,curvy,400.0,0.05,0.1,1.0,98.79309920594096,99.05641174316406,45.39599609375,18.563540944059977,0.8809035003844663,-3.24663125681017e-05,-1.784317930342283e-05,3.24663125681017e-05,1.784317930342283e-05,0.00011091337364632636,3.944449417758733e-06,0.5785399079322815,0.0,19.444444444444443,216,210,4.254196643829346,RoadOption.STRAIGHT,98.98644256591797,55.64995193481445,-4.705568624832996,2.8,1.2,4.5,3.0,10.0,0.6,0.01,0.06,0.55,0.16,0.2,0.35,1.5,12,10.0,14.0,0.9,1.2,0.6,0.01,0.06,0.65,0.3,0.72,0.005,0.38,0.22,0.01,0.14,1.0,0.28
mpc,ground_truth,curvy,400.0,0.05,0.1,1.0,98.84309920668602,99.05006408691406,46.32414627075195,18.563542806879102,0.8809016375653407,-1.5634594251700412e-05,7.989483270520736e-07,1.5634594251700412e-05,7.989483270520736e-07,2.2596499547944404e-05,-8.831687409838196e-05,0.5785387754440308,0.0,19.444444444444443,217,211,4.326025009155273,RoadOption.STRAIGHT,98.97962188720703,56.64992904663086,-4.705568624832996,2.8,1.2,4.5,3.0,10.0,0.6,0.01,0.06,0.55,0.16,0.2,0.35,1.5,12,10.0,14.0,0.9,1.2,0.6,0.01,0.06,0.65,0.3,0.72,0.005,0.38,0.22,0.01,0.14,1.0,0.28
mpc,ground_truth,curvy,400.0,0.05,0.1,1.0,98.89309920743108,99.04373168945312,47.25229263305664,18.563542798520377,0.880901645924066,-1.4035294797969805e-05,1.8242653466948866e-05,1.4035294797969805e-05,1.8242653466948866e-05,-3.757091690204106e-05,-6.016741644998547e-05,0.5785409808158875,0.0,19.444444444444443,218,212,4.397857666015625,RoadOption.STRAIGHT,98.97280883789062,57.649906158447266,-4.705568624832996,2.8,1.2,4.5,3.0,10.0,0.6,0.01,0.06,0.55,0.16,0.2,0.35,1.5,12,10.0,14.0,0.9,1.2,0.6,0.01,0.06,0.65,0.3,0.72,0.005,0.38,0.22,0.01,0.14,1.0,0.28
mpc,ground_truth,curvy,400.0,0.05,0.1,1.0,98.94309920817614,99.03738403320312,48.180442810058594,18.563541975172505,0.8809024692719376,2.796423518434954e-06,2.64984528461909e-05,2.796423518434954e-06,2.64984528461909e-05,-8.232022810261697e-05,-4.47493112005759e-05,0.5785424709320068,0.0,19.444444444444443,219,213,4.469686031341553,RoadOption.STRAIGHT,98.96598815917969,58.64988327026367,-4.705568624832996,2.8,1.2,4.5,3.0,10.0,0.6,0.01,0.06,0.55,0.16,0.2,0.35,1.5,12,10.0,14.0,0.9,1.2,0.6,0.01,0.06,0.65,0.3,0.72,0.005,0.38,0.22,0.01,0.14,1.0,0.28
mpc,ground_truth,curvy,400.0,0.05,0.1,1.0,98.9930992089212,99.03103637695312,49.10859298706055,18.563540516647496,0.8809039277969468,2.2021081131664427e-05,2.2636869264403003e-05,2.2021081131664427e-05,2.2636869264403003e-05,-9.29055895539932e-05,-1.058536145137623e-05,0.5785440802574158,0.0,19.444444444444443,220,214,4.541510581970215,RoadOption.STRAIGHT,98.95916748046875,59.64986038208008,-4.705568624832996,2.8,1.2,4.5,3.0,10.0,0.6,0.01,0.06,0.55,0.16,0.2,0.35,1.5,12,10.0,14.0,0.9,1.2,0.6,0.01,0.06,0.65,0.3,0.72,0.005,0.38,0.22,0.01,0.14,1.0,0.28
mpc,ground_truth,curvy,400.0,0.05,0.1,1.0,99.04309920966625,99.02469635009766,50.0367431640625,18.56353896314961,0.8809054812948318,3.126184053355019e-05,8.92158965193346e-06,3.126184053355019e-05,8.92158965193346e-06,-6.285351992119104e-05,3.005206963280216e-05,0.5785451531410217,0.0,19.444444444444443,221,215,4.613338947296143,RoadOption.STRAIGHT,98.95234680175781,60.649837493896484,-4.705568624832996,2.8,1.2,4.5,3.0,10.0,0.6,0.01,0.06,0.55,0.16,0.2,0.35,1.5,12,10.0,14.0,0.9,1.2,0.6,0.01,0.06,0.65,0.3,0.72,0.005,0.38,0.22,0.01,0.14,1.0,0.28
mpc,ground_truth,curvy,400.0,0.05,0.1,1.0,99.09309921041131,99.01838684082031,50.96489334106445,18.563537985803375,0.8809064586410678,9.98573160457955e-06,-7.723167161799438e-06,9.98573160457955e-06,7.723167161799438e-06,7.071196250763023e-06,6.992471617195406e-05,0.5785450339317322,0.0,19.444444444444443,222,216,4.6851677894592285,RoadOption.STRAIGHT,98.94552612304688,61.64981460571289,-4.705568624832996,2.8,1.2,4.5,3.0,10.0,0.6,0.01,0.06,0.55,0.16,0.2,0.35,1.5,12,10.0,14.0,0.9,1.2,0.6,0.01,0.06,0.65,0.3,0.72,0.005,0.38,0.22,0.01,0.14,1.0,0.28
mpc,ground_truth,curvy,400.0,0.05,0.1,1.0,99.14309921115637,99.0120849609375,51.89303970336914,18.563538312070634,0.8809061323738092,-1.8893577017127516e-05,-1.9707392066692364e-05,1.8893577017127516e-05,1.9707392066692364e-05,5.4370048019336537e-05,4.729885176857351e-05,0.5785433053970337,0.0,19.444444444444443,223,217,4.75700044631958,RoadOption.STRAIGHT,98.93870544433594,62.6497917175293,-4.705568624832996,2.8,1.2,4.5,3.0,10.0,0.6,0.01,0.06,0.55,0.16,0.2,0.35,1.5,12,10.0,14.0,0.9,1.2,0.6,0.01,0.06,0.65,0.3,0.72,0.005,0.38,0.22,0.01,0.14,1.0,0.28
mpc,ground_truth,curvy,400.0,0.05,0.1,1.0,99.19309921190143,99.00576782226562,52.821189880371094,18.563539283290208,0.8809051611542351,-2.491125178067516e-05,-2.1837920940015465e-05,2.491125178067516e-05,2.1837920940015465e-05,0.0001104604234569706,5.6090375437634066e-05,0.5785419344902039,0.0,19.444444444444443,224,218,4.828829288482666,RoadOption.STRAIGHT,98.93189239501953,63.6497688293457,-4.705568624832996,2.8,1.2,4.5,3.0,10.0,0.6,0.01,0.06,0.55,0.16,0.2,0.35,1.5,12,10.0,14.0,0.9,1.2,0.6,0.01,0.06,0.65,0.3,0.72,0.005,0.38,0.22,0.01,0.14,1.0,0.28
mpc,ground_truth,curvy,400.0,0.05,0.1,1.0,99.24309921264648,98.99942779541016,53.74934005737305,18.563541359471706,0.8809030849727364,-1.5670492378792866e-05,-1.1717908796171628e-05,1.5670492378792866e-05,1.1717908796171628e-05,5.855055860592984e-05,-5.1909864851040766e-05,0.5785393714904785,0.0,19.444444444444443,225,219,4.900657653808594,RoadOption.STRAIGHT,98.9250717163086,64.64974212646484,-4.705568624832996,2.8,1.2,4.5,3.0,10.0,0.6,0.01,0.06,0.55,0.16,0.2,0.35,1.5,12,10.0,14.0,0.9,1.2,0.6,0.01,0.06,0.65,0.3,0.72,0.005,0.38,0.22,0.01,0.14,1.0,0.28
mpc,ground_truth,curvy,400.0,0.05,0.1,1.0,99.29309921339154,98.99308013916016,54.677490234375,18.56354209107254,0.8809023533719014,1.1994841058043937e-06,3.1957933082082945e-06,1.1994841058043937e-06,3.1957933082082945e-06,-4.559538865578361e-06,-6.31100974715082e-05,0.578540563583374,0.0,19.444444444444443,226,220,4.9724860191345215,RoadOption.STRAIGHT,98.91825103759766,65.64971923828125,-4.705568624832996,2.8,1.2,4.5,3.0,10.0,0.6,0.01,0.06,0.55,0.16,0.2,0.35,1.5,12,10.0,14.0,0.9,1.2,0.6,0.01,0.06,0.65,0.3,0.72,0.005,0.38,0.22,0.01,0.14,1.0,0.28
mpc,ground_truth,curvy,400.0,0.05,0.1,1.0,99.3430992141366,98.98674774169922,55.60563659667969,18.563541711858075,0.8809027325863674,2.8370438149363797e-06,1.4647385995658624e-05,2.8370438149363797e-06,1.4647385995658624e-05,-4.508809797698632e-05,-4.052855911140796e-05,0.5785421133041382,0.0,19.444444444444443,226,221,5.044318199157715,RoadOption.STRAIGHT,98.91825103759766,65.64971923828125,-4.705568624832996,2.8,1.2,4.5,3.0,10.0,0.6,0.01,0.06,0.55,0.16,0.2,0.35,1.5,12,10.0,14.0,0.9,1.2,0.6,0.01,0.06,0.65,0.3,0.72,0.005,0.38,0.22,0.01,0.14,1.0,0.28
mpc,ground_truth,curvy,400.0,0.05,0.1,1.0,99.39309921488166,98.98040008544922,56.53378677368164,18.563540836042886,0.8809036084015567,2.0080522131357692e-05,1.6911072922454196e-05,2.0080522131357692e-05,1.6911072922454196e-05,-7.107751298462972e-05,-2.59894150076434e-05,0.5785432457923889,0.0,19.444444444444443,227,221,4.116147041320801,RoadOption.STRAIGHT,98.91143035888672,66.64969635009766,-4.705568624832996,2.8,1.2,4.5,3.0,10.0,0.6,0.01,0.06,0.55,0.16,0.2,0.35,1.5,12,10.0,14.0,0.9,1.2,0.6,0.01,0.06,0.65,0.3,0.72,0.005,0.38,0.22,0.01,0.14,1.0,0.28
mpc,ground_truth,curvy,400.0,0.05,0.1,1.0,99.44309921562672,98.97405242919922,57.461936950683594,18.563539600198357,0.8809048442460856,3.695049861595148e-05,1.1052118523480203e-05,3.695049861595148e-05,1.1052118523480203e-05,-7.197445665951818e-05,-8.969436748884618e-07,0.5785443782806396,0.0,19.444444444444443,228,222,4.1879754066467285,RoadOption.STRAIGHT,98.90460968017578,67.64967346191406,-4.705568624832996,2.8,1.2,4.5,3.0,10.0,0.6,0.01,0.06,0.55,0.16,0.2,0.35,1.5,12,10.0,14.0,0.9,1.2,0.6,0.01,0.06,0.65,0.3,0.72,0.005,0.38,0.22,0.01,0.14,1.0,0.28
mpc,ground_truth,curvy,400.0,0.05,0.1,1.0,99.49309921637177,98.96773529052734,58.39008712768555,18.563538371497376,0.8809060729470666,2.330360676969581e-05,-1.3315805453828489e-06,2.330360676969581e-05,1.3315805453828489e-06,-4.415186049300246e-05,2.7822596166515723e-05,0.578545093536377,0.0,19.444444444444443,229,223,4.259803771972656,RoadOption.STRAIGHT,98.89778900146484,68.64965057373047,-4.705568624832996,2.8,1.2,4.5,3.0,10.0,0.6,0.01,0.06,0.55,0.16,0.2,0.35,1.5,12,10.0,14.0,0.9,1.2,0.6,0.01,0.06,0.65,0.3,0.72,0.005,0.38,0.22,0.01,0.14,1.0,0.28
mpc,ground_truth,curvy,400.0,0.05,0.1,1.0,99.54309921711683,98.96143341064453,59.3182373046875,18.56353762470189,0.8809068197425525,2.027497840732112e-06,-1.5446334323598876e-05,2.027497840732112e-06,1.5446334323598876e-05,5.829277142765932e-05,0.00010244463192066178,0.5785449743270874,0.0,19.444444444444443,230,224,4.331632614135742,RoadOption.STRAIGHT,98.8909683227539,69.64962768554688,-4.705568624832996,2.8,1.2,4.5,3.0,10.0,0.6,0.01,0.06,0.55,0.16,0.2,0.35,1.5,12,10.0,14.0,0.9,1.2,0.6,0.01,0.06,0.65,0.3,0.72,0.005,0.38,0.22,0.01,0.14,1.0,0.28
mpc,ground_truth,curvy,400.0,0.05,0.1,1.0,99.59309921786189,98.95512390136719,60.24638366699219,18.5635390394692,0.8809054049752412,-1.9248611088235057e-05,-2.0639498448105087e-05,1.9248611088235057e-05,2.0639498448105087e-05,8.232756954384968e-05,2.403479811619036e-05,0.5785415172576904,0.0,19.444444444444443,231,225,4.403461456298828,RoadOption.STRAIGHT,98.88414764404297,70.64960479736328,-4.705568624832996,2.8,1.2,4.5,3.0,10.0,0.6,0.01,0.06,0.55,0.16,0.2,0.35,1.5,12,10.0,14.0,0.9,1.2,0.6,0.01,0.06,0.65,0.3,0.72,0.005,0.38,0.22,0.01,0.14,1.0,0.28
mpc,ground_truth,curvy,400.0,0.05,0.1,1.0,99.64309921860695,98.94878387451172,61.17453384399414,18.563540528745975,0.8809039156984682,-1.0007851686349295e-05,-1.4913702104379922e-05,1.0007851686349295e-05,1.4913702104379922e-05,5.989049532217905e-05,-2.2437074221670628e-05,0.578540563583374,0.0,19.444444444444443,232,226,4.475290298461914,RoadOption.STRAIGHT,98.87732696533203,71.64958190917969,-4.705568624832996,2.8,1.2,4.5,3.0,10.0,0.6,0.01,0.06,0.55,0.16,0.2,0.35,1.5,12,10.0,14.0,0.9,1.2,0.6,0.01,0.06,0.65,0.3,0.72,0.005,0.38,0.22,0.01,0.14,1.0,0.28
mpc,ground_truth,curvy,400.0,0.05,0.1,1.0,99.693099219352,98.94243621826172,62.102684020996094,18.56354138420124,0.8809030602432024,6.8621247982444955e-06,-3.1957933082082945e-06,6.8621247982444955e-06,3.1957933082082945e-06,8.834398613544181e-06,-5.105609670863487e-05,0.5785408020019531,0.0,19.444444444444443,233,227,4.547118663787842,RoadOption.STRAIGHT,98.87051391601562,72.6495590209961,-4.705568624832996,2.8,1.2,4.5,3.0,10.0,0.6,0.01,0.06,0.55,0.16,0.2,0.35,1.5,12,10.0,14.0,0.9,1.2,0.6,0.01,0.06,0.65,0.3,0.72,0.005,0.38,0.22,0.01,0.14,1.0,0.28
mpc,ground_truth,curvy,400.0,0.05,0.1,1.0,99.74309922009706,98.93608856201172,63.03083419799805,18.56354126503785,0.8809031794065945,2.3732101282841755e-05,6.924218833859186e-06,2.3732101282841755e-05,6.924218833859186e-06,-4.041837382828817e-05,-4.925277244183235e-05,0.5785420536994934,0.0,19.444444444444443,234,228,4.6189470291137695,RoadOption.STRAIGHT,98.86369323730469,73.6495361328125,-4.705568624832996,2.8,1.2,4.5,3.0,10.0,0.6,0.01,0.06,0.55,0.16,0.2,0.35,1.5,12,10.0,14.0,0.9,1.2,0.6,0.01,0.06,0.65,0.3,0.72,0.005,0.38,0.22,0.01,0.14,1.0,0.28
mpc,ground_truth,curvy,400.0,0.05,0.1,1.0,99.79309922084212,98.92975616455078,63.958984375,18.563540357654794,0.8809040867896485,2.534364360200908e-05,1.0785802414758905e-05,2.534364360200908e-05,1.0785802414758905e-05,-5.776444231742062e-05,-1.734606848913245e-05,0.5785435438156128,0.0,19.444444444444443,235,229,4.690775394439697,RoadOption.STRAIGHT,98.85687255859375,74.6495132446289,-4.705568624832996,2.8,1.2,4.5,3.0,10.0,0.6,0.01,0.06,0.55,0.16,0.2,0.35,1.5,12,10.0,14.0,0.9,1.2,0.6,0.01,0.06,0.65,0.3,0.72,0.005,0.38,0.22,0.01,0.14,1.0,0.28
mpc,ground_truth,curvy,400.0,0.05,0.1,1.0,99.84309922158718,98.92339324951172,64.88713073730469,18.563539338926006,0.8809051055184369,5.7498071641994e-05,6.125270505918934e-06,5.7498071641994e-05,6.125270505918934e-06,-7.503444066969678e-05,-1.726999835227616e-05,0.5785442590713501,0.0,19.444444444444443,236,230,4.762607574462891,RoadOption.STRAIGHT,98.85005187988281,75.64949035644531,-4.705568624832996,2.8,1.2,4.5,3.0,10.0,0.6,0.01,0.06,0.55,0.16,0.2,0.35,1.5,12,10.0,14.0,0.9,1.2,0.6,0.01,0.06,0.65,0.3,0.72,0.005,0.38,0.22,0.01,0.14,1.0,0.28
mpc,ground_truth,curvy,400.0,0.05,0.1,1.0,99.89309922233224,98.91709899902344,65.8152847290039,18.56353794353372,0.8809065009107222,2.093751115764264e-05,-4.793689962312442e-06,2.093751115764264e-05,4.793689962312442e-06,-1.2400743798934855e-05,6.263369687076192e-05,0.5785455703735352,0.0,19.444444444444443,237,231,4.834432601928711,RoadOption.STRAIGHT,98.84323120117188,76.64946746826172,-4.705568624832996,2.8,1.2,4.5,3.0,10.0,0.6,0.01,0.06,0.55,0.16,0.2,0.35,1.5,12,10.0,14.0,0.9,1.2,0.6,0.01,0.06,0.65,0.3,0.72,0.005,0.38,0.22,0.01,0.14,1.0,0.28
mpc,ground_truth,curvy,400.0,0.05,0.1,1.0,99.9430992230773,98.91079711914062,66.7434310913086,18.56353796400935,0.8809064804350939,-7.941797464071365e-06,-1.5845808485792645e-05,7.941797464071365e-06,1.5845808485792645e-05,3.1509513064520434e-05,4.391025686345529e-05,0.5785438418388367,0.0,19.444444444444443,238,232,4.9062652587890625,RoadOption.STRAIGHT,98.83641052246094,77.6494369506836,-4.705568624832996,2.8,1.2,4.5,3.0,10.0,0.6,0.01,0.06,0.55,0.16,0.2,0.35,1.5,12,10.0,14.0,0.9,1.2,0.6,0.01,0.06,0.65,0.3,0.72,0.005,0.38,0.22,0.01,0.14,1.0,0.28
mpc,ground_truth,curvy,400.0,0.05,0.1,1.0,99.99309922382236,98.90448760986328,67.67157745361328,18.563538641504973,0.8809058029394699,-2.1562671920362375e-05,-2.0639498448105087e-05,2.1562671920362375e-05,2.0639498448105087e-05,0.00010177268995903432,7.026317689451389e-05,0.5785426497459412,0.0,19.444444444444443,239,233,4.978097915649414,RoadOption.STRAIGHT,98.82958984375,78.6494140625,-4.705568624832996,2.8,1.2,4.5,3.0,10.0,0.6,0.01,0.06,0.55,0.16,0.2,0.35,1.5,12,10.0,14.0,0.9,1.2,0.6,0.01,0.06,0.65,0.3,0.72,0.005,0.38,0.22,0.01,0.14,1.0,0.28
mpc,ground_truth,curvy,400.0,0.05,0.1,1.0,100.04309922456741,98.89816284179688,68.5997314453125,18.563540734344222,0.8809037101002204,-2.760636407386774e-05,-1.3448963505524603e-05,2.760636407386774e-05,1.3448963505524603e-05,7.343262404901907e-05,-2.8340065910015255e-05,0.5785397291183472,0.0,19.444444444444443,239,234,5.049922466278076,RoadOption.STRAIGHT,98.82958984375,78.6494140625,-4.705568624832996,2.8,1.2,4.5,3.0,10.0,0.6,0.01,0.06,0.55,0.16,0.2,0.35,1.5,12,10.0,14.0,0.9,1.2,0.6,0.01,0.06,0.65,0.3,0.72,0.005,0.38,0.22,0.01,0.14,1.0,0.28
mpc,ground_truth,curvy,400.0,0.05,0.1,1.0,100.09309922531247,98.89181518554688,69.52787780761719,18.56354192680057,0.8809025176438716,-1.0336868367488705e-05,1.0652644348851936e-06,1.0336868367488705e-05,1.0652644348851936e-06,1.3406562175077852e-05,-6.002606187394122e-05,0.5785400867462158,0.0,19.444444444444443,240,234,4.1217546463012695,RoadOption.STRAIGHT,98.82276916503906,79.6493911743164,-4.705568624832996,2.8,1.2,4.5,3.0,10.0,0.6,0.01,0.06,0.55,0.16,0.2,0.35,1.5,12,10.0,14.0,0.9,1.2,0.6,0.01,0.06,0.65,0.3,0.72,0.005,0.38,0.22,0.01,0.14,1.0,0.28
mpc,ground_truth,curvy,400.0,0.05,0.1,1.0,100.14309922605753,98.8854751586914,70.4560317993164,18.563541934743554,0.8809025097008885,-1.1221263555676042e-06,1.3448963503748246e-05,1.1221263555676042e-06,1.3448963503748246e-05,-3.632702646427788e-05,-4.973358863935573e-05,0.5785415172576904,0.0,19.444444444444443,241,235,4.19357967376709,RoadOption.STRAIGHT,98.81594848632812,80.64936828613281,-4.705568624832996,2.8,1.2,4.5,3.0,10.0,0.6,0.01,0.06,0.55,0.16,0.2,0.35,1.5,12,10.0,14.0,0.9,1.2,0.6,0.01,0.06,0.65,0.3,0.72,0.005,0.38,0.22,0.01,0.14,1.0,0.28
mpc,ground_truth,curvy,400.0,0.05,0.1,1.0,100.19309922680259,98.8791275024414,71.3841781616211,18.563541193710435,0.8809032507340078,1.5773867518987378e-05,1.8508969574781986e-05,1.5773867518987378e-05,1.8508969574781986e-05,-7.093502063071355e-05,-3.4607994166435674e-05,0.5785428285598755,0.0,19.444444444444443,242,236,4.265411853790283,RoadOption.STRAIGHT,98.80912780761719,81.64934539794922,-4.705568624832996,2.8,1.2,4.5,3.0,10.0,0.6,0.01,0.06,0.55,0.16,0.2,0.35,1.5,12,10.0,14.0,0.9,1.2,0.6,0.01,0.06,0.65,0.3,0.72,0.005,0.38,0.22,0.01,0.14,1.0,0.28
mpc,ground_truth,curvy,400.0,0.05,0.1,1.0,100.24309922754765,98.8727798461914,72.31232452392578,18.5635399374409,0.8809045070035424,3.266986139354583e-05,1.4514227940409796e-05,3.266986139354583e-05,1.4514227940409796e-05,-7.805164204910398e-05,-7.116621418390423e-06,0.5785441994667053,0.0,19.444444444444443,243,237,4.337244033813477,RoadOption.STRAIGHT,98.80230712890625,82.64932250976562,-4.705568624832996,2.8,1.2,4.5,3.0,10.0,0.6,0.01,0.06,0.55,0.16,0.2,0.35,1.5,12,10.0,14.0,0.9,1.2,0.6,0.01,0.06,0.65,0.3,0.72,0.005,0.38,0.22,0.01,0.14,1.0,0.28
mpc,ground_truth,curvy,400.0,0.05,0.1,1.0,100.2930992282927,98.866455078125,73.240478515625,18.563538608129818,0.8809058363146249,2.6574134460114612e-05,2.130528871546744e-06,2.6574134460114612e-05,2.130528871546744e-06,-3.766936788451858e-05,4.03822741645854e-05,0.578545093536377,0.0,19.444444444444443,244,238,4.409061431884766,RoadOption.STRAIGHT,98.79549407958984,83.64929962158203,1.5776161497143715,2.8,1.2,4.5,3.0,10.0,0.6,0.01,0.06,0.55,0.16,0.2,0.35,1.5,12,10.0,14.0,0.9,1.2,0.6,0.01,0.06,0.65,0.3,0.72,0.005,0.38,0.22,0.01,0.14,1.0,0.28
mpc,ground_truth,curvy,400.0,0.05,0.1,1.0,100.34309922903776,98.86015319824219,74.16862487792969,18.563538102791068,0.8809063416533753,-2.3051741615959243e-06,-1.1052118523480203e-05,2.3051741615959243e-06,1.1052118523480203e-05,3.0164330382831395e-05,6.783369826734997e-05,0.5785444378852844,0.0,19.444444444444443,245,239,4.480893611907959,RoadOption.STRAIGHT,98.7886734008789,84.64927673339844,1.5776161497143715,2.8,1.2,4.5,3.0,10.0,0.6,0.01,0.06,0.55,0.16,0.2,0.35,1.5,12,10.0,14.0,0.9,1.2,0.6,0.01,0.06,0.65,0.3,0.72,0.005,0.38,0.22,0.01,0.14,1.0,0.28
mpc,ground_truth,curvy,400.0,0.05,0.1,1.0,100.39309922978282,98.8538589477539,75.0967788696289,18.563538872021663,0.8809055724227797,-3.886573464595075e-05,-1.8109495412588217e-05,3.886573464595075e-05,1.8109495412588217e-05,8.999297278933227e-05,5.9828642406500876e-05,0.5785424113273621,0.0,19.444444444444443,246,240,4.552718639373779,RoadOption.STRAIGHT,98.78185272216797,85.64925384521484,1.5776161497143715,2.8,1.2,4.5,3.0,10.0,0.6,0.01,0.06,0.55,0.16,0.2,0.35,1.5,12,10.0,14.0,0.9,1.2,0.6,0.01,0.06,0.65,0.3,0.72,0.005,0.38,0.22,0.01,0.14,1.0,0.28
mpc,ground_truth,curvy,400.0,0.05,0.1,1.0,100.44309923052788,98.8475112915039,76.0249252319336,18.563540675771126,0.880903768673317,-2.19697407713923e-05,-1.3448963505524603e-05,2.19697407713923e-05,1.3448963505524603e-05,6.720635428791866e-05,-2.2786618501413614e-05,0.5785400867462158,0.0,19.444444444444443,247,241,4.624551296234131,RoadOption.STRAIGHT,98.77503204345703,86.64923095703125,1.5776161497143715,2.8,1.2,4.5,3.0,10.0,0.6,0.01,0.06,0.55,0.16,0.2,0.35,1.5,12,10.0,14.0,0.9,1.2,0.6,0.01,0.06,0.65,0.3,0.72,0.005,0.38,0.22,0.01,0.14,1.0,0.28
mpc,ground_truth,curvy,400.0,0.05,0.1,1.0,100.49309923127294,98.8411636352539,76.95307159423828,18.56354169556899,0.8809027488754531,-5.073746896837317e-06,-1.4647385988553197e-06,5.073746896837317e-06,1.4647385988553197e-06,1.53275304910494e-05,-5.1878823796869256e-05,0.5785404443740845,0.0,19.444444444444443,248,242,4.696383476257324,RoadOption.STRAIGHT,98.7682113647461,87.64920806884766,1.5776161497143715,2.8,1.2,4.5,3.0,10.0,0.6,0.01,0.06,0.55,0.16,0.2,0.35,1.5,12,10.0,14.0,0.9,1.2,0.6,0.01,0.06,0.65,0.3,0.72,0.005,0.38,0.22,0.01,0.14,1.0,0.28
mpc,ground_truth,curvy,400.0,0.05,0.1,1.0,100.543099232018,98.8348159790039,77.8812255859375,18.56354168345425,0.8809027609901925,1.1770212197795282e-05,9.187905760654758e-06,1.1770212197795282e-05,9.187905760654758e-06,-5.548174158320762e-05,-7.080927207425702e-05,0.5785416960716248,0.0,19.444444444444443,249,243,4.768208026885986,RoadOption.STRAIGHT,98.76139068603516,88.64918518066406,1.5776161497143715,2.8,1.2,4.5,3.0,10.0,0.6,0.01,0.06,0.55,0.16,0.2,0.35,1.5,12,10.0,14.0,0.9,1.2,0.6,0.01,0.06,0.65,0.3,0.72,0.005,0.38,0.22,0.01,0.14,1.0,0.28
mpc,ground_truth,curvy,400.0,0.05,0.1,1.0,100.59309923276305,98.82847595214844,78.80937194824219,18.56354037280048,0.8809040716439611,2.608824480249128e-05,1.265001517758435e-05,2.608824480249128e-05,1.265001517758435e-05,-4.5290096750250086e-05,1.0191644832957536e-05,0.578544020652771,0.0,19.444444444444443,250,244,4.84004020690918,RoadOption.STRAIGHT,98.75457763671875,89.64916229248047,1.5776161497143715,2.8,1.2,4.5,3.0,10.0,0.6,0.01,0.06,0.55,0.16,0.2,0.35,1.5,12,10.0,14.0,0.9,1.2,0.6,0.01,0.06,0.65,0.3,0.72,0.005,0.38,0.22,0.01,0.14,1.0,0.28
mpc,ground_truth,curvy,400.0,0.05,0.1,1.0,100.64309923350811,98.8221206665039,79.7375259399414,18.5635397084673,0.8809047359771434,5.052316487114128e-05,8.388957433602684e-06,5.052316487114128e-05,8.388957433602684e-06,-7.40391478757374e-05,-2.8749051125487313e-05,0.5785436630249023,0.0,19.444444444444443,251,245,4.911865234375,RoadOption.STRAIGHT,98.74775695800781,90.64913940429688,1.5776161497143715,2.8,1.2,4.5,3.0,10.0,0.6,0.01,0.06,0.55,0.16,0.2,0.35,1.5,12,10.0,14.0,0.9,1.2,0.6,0.01,0.06,0.65,0.3,0.72,0.005,0.38,0.22,0.01,0.14,1.0,0.28
mpc,ground_truth,curvy,400.0,0.05,0.1,1.0,100.69309923425317,98.81581115722656,80.6656723022461,18.563538304667784,0.8809061397766591,2.9234812993592096e-05,-1.8642127628254457e-06,2.9234812993592096e-05,1.8642127628254457e-06,-2.819732799252961e-05,4.584181988320779e-05,0.5785453915596008,0.0,19.444444444444443,252,246,4.983697414398193,RoadOption.STRAIGHT,98.74093627929688,91.64911651611328,1.5776161497143715,2.8,1.2,4.5,3.0,10.0,0.6,0.01,0.06,0.55,0.16,0.2,0.35,1.5,12,10.0,14.0,0.9,1.2,0.6,0.01,0.06,0.65,0.3,0.72,0.005,0.38,0.22,0.01,0.14,1.0,0.28
mpc,ground_truth,curvy,400.0,0.05,0.1,1.0,100.74309923499823,98.80950927734375,81.59382629394531,18.563537946270404,0.8809064981740384,2.652132892605463e-07,-1.3448963504636424e-05,2.652132892605463e-07,1.3448963504636424e-05,3.565820952644572e-05,6.385553751897532e-05,0.5785443186759949,0.0,19.444444444444443,252,247,5.055522441864014,RoadOption.STRAIGHT,98.74093627929688,91.64911651611328,1.5776161497143715,2.8,1.2,4.5,3.0,10.0,0.6,0.01,0.06,0.55,0.16,0.2,0.35,1.5,12,10.0,14.0,0.9,1.2,0.6,0.01,0.06,0.65,0.3,0.72,0.005,0.38,0.22,0.01,0.14,1.0,0.28
mpc,ground_truth,curvy,400.0,0.05,0.1,1.0,100.79309923574328,98.80320739746094,82.52200317382812,18.56353879652872,0.8809056479157213,-2.7954344315132135e-05,-1.890844373964029e-05,2.7954344315132135e-05,1.890844373964029e-05,8.299253386212513e-05,4.733432433567941e-05,0.5785423517227173,0.0,19.444444444444443,253,247,4.12732458114624,RoadOption.STRAIGHT,98.73179626464844,92.59030151367188,1.5888104810404107,2.8,1.2,4.5,3.0,10.0,0.6,0.01,0.06,0.55,0.16,0.2,0.35,1.5,12,10.0,14.0,0.9,1.2,0.6,0.01,0.06,0.65,0.3,0.72,0.005,0.38,0.22,0.01,0.14,1.0,0.28
mpc,ground_truth,curvy,400.0,0.05,0.1,1.0,100.84309923648834,98.796875,83.4501724243164,18.563540433386127,0.8809040110583162,-2.6511137010479247e-05,-1.3448963504636424e-05,2.6511137010479247e-05,1.3448963504636424e-05,7.061624637572095e-05,-1.237628748640418e-05,0.5785404443740845,0.0,19.444444444444443,254,248,4.19913387298584,RoadOption.STRAIGHT,98.7065658569336,93.48206329345703,1.6093549046376088,2.8,1.2,4.5,3.0,10.0,0.6,0.01,0.06,0.55,0.16,0.2,0.35,1.5,12,10.0,14.0,0.9,1.2,0.6,0.01,0.06,0.65,0.3,0.72,0.005,0.38,0.22,0.01,0.14,1.0,0.28
mpc,ground_truth,curvy,400.0,0.05,0.1,1.0,100.8930992372334,98.79052734375,84.37834930419922,18.563541604864863,0.8809028395795799,-9.861526201332405e-06,-7.989483270520736e-07,9.861526201332405e-06,7.989483270520736e-07,-1.9088145108980825e-06,-7.252506088661903e-05,0.5785403251647949,0.0,19.444444444444443,256,249,4.270936012268066,RoadOption.STRAIGHT,98.6011734008789,95.26311492919922,1.6504434855158965,2.8,1.2,4.5,3.0,10.0,0.6,0.01,0.06,0.55,0.16,0.2,0.35,1.5,12,10.0,14.0,0.9,1.2,0.6,0.01,0.06,0.65,0.3,0.72,0.005,0.38,0.22,0.01,0.14,1.0,0.28
mpc,ground_truth,curvy,400.0,0.05,0.1,1.0,100.94309923797846,98.7841796875,85.3065185546875,18.563541216705488,0.8809032277389548,1.3563198185580216e-05,9.321063815015407e-06,1.3563198185580216e-05,9.321063815015407e-06,-3.918970105587505e-05,-3.7280886544976966e-05,0.5785424113273621,0.0,19.444444444444443,257,251,5.342745304107666,RoadOption.STRAIGHT,98.52106475830078,96.1516342163086,1.6709877759550402,2.8,1.2,4.5,3.0,10.0,0.6,0.01,0.06,0.55,0.16,0.2,0.35,1.5,12,10.0,14.0,0.9,1.2,0.6,0.01,0.06,0.65,0.3,0.72,0.005,0.38,0.22,0.01,0.14,1.0,0.28
mpc,ground_truth,curvy,400.0,0.05,0.1,1.0,100.99309923872352,98.77783966064453,86.23469543457031,18.56354039658695,0.8809040478574914,2.258359188429815e-05,1.1717908796171628e-05,2.258359188429815e-05,1.1717908796171628e-05,0.007736085914075375,0.00777527561513125,0.5785434246063232,0.0,19.444444444444443,258,252,5.414547443389893,RoadOption.STRAIGHT,98.42272186279297,97.03832244873047,1.691532066394184,2.8,1.2,4.5,3.0,10.0,0.6,0.01,0.06,0.55,0.16,0.2,0.35,1.5,12,10.0,14.0,0.9,1.2,0.6,0.01,0.06,0.65,0.3,0.72,0.005,0.38,0.22,0.01,0.14,1.0,0.28
mpc,ground_truth,curvy,400.0,0.05,0.1,1.0,101.04309923946857,98.77082824707031,87.16282653808594,18.563377356978314,0.8810670874661284,0.05874043403542726,-0.010574347424268993,0.05874043403542726,0.010574347424268993,0.03124813921749592,0.023512053303420544,0.5788359045982361,0.0,19.444444444444443,259,253,5.427615642547607,RoadOption.STRAIGHT,98.3061752319336,97.92279815673828,1.712076489991382,2.8,1.2,4.5,3.0,10.0,0.6,0.01,0.06,0.55,0.16,0.2,0.35,1.5,12,10.0,14.0,0.9,1.2,0.6,0.01,0.06,0.65,0.3,0.72,0.005,0.38,0.22,0.01,0.14,1.0,0.28
mpc,ground_truth,curvy,400.0,0.05,0.1,1.0,101.09309924021363,98.76085662841797,88.09087371826172,18.561087994228714,0.8833564502157287,0.15357467845250475,-0.02805014365542302,0.15357467845250475,0.02805014365542302,0.005523622967302799,-0.02572451625019312,0.5827611088752747,0.0,19.444444444444443,260,254,5.391463279724121,RoadOption.STRAIGHT,98.17149353027344,98.80470275878906,1.732620780430526,2.8,1.2,4.5,3.0,10.0,0.6,0.01,0.06,0.55,0.16,0.2,0.35,1.5,12,10.0,14.0,0.9,1.2,0.6,0.01,0.06,0.65,0.3,0.72,0.005,0.38,0.22,0.01,0.14,1.0,0.28
mpc,ground_truth,curvy,400.0,0.05,0.1,1.0,101.14309924095869,98.74836730957031,89.01921844482422,18.569773837012118,0.8746706074323249,0.23105354062545158,-0.04566069583773569,0.23105354062545158,0.04566069583773569,-0.016085265204310417,-0.021608888171613216,0.5643802881240845,0.0,19.444444444444443,261,255,5.35458517074585,RoadOption.STRAIGHT,98.01871490478516,99.68364715576172,1.7531652040277241,2.8,1.2,4.5,3.0,10.0,0.6,0.01,0.06,0.55,0.16,0.2,0.35,1.5,12,10.0,14.0,0.9,1.2,0.6,0.01,0.06,0.65,0.3,0.72,0.005,0.38,0.22,0.01,0.14,1.0,0.28
mpc,ground_truth,curvy,400.0,0.05,0.1,1.0,101.19309924170375,98.73677825927734,89.9476089477539,18.567569679782697,0.8768747646617463,0.28774250646357147,-0.06558819816841677,0.28774250646357147,0.06558819816841677,-0.012100026942789555,0.003985238261520863,0.578769326210022,0.0,19.444444444444443,262,256,5.317235946655273,RoadOption.STRAIGHT,97.84791564941406,100.55927276611328,1.7737094944668679,2.8,1.2,4.5,3.0,10.0,0.6,0.01,0.06,0.55,0.16,0.2,0.35,1.5,12,10.0,14.0,0.9,1.2,0.6,0.01,0.06,0.65,0.3,0.72,0.005,0.38,0.22,0.01,0.14,1.0,0.28
mpc,ground_truth,curvy,400.0,0.05,0.1,1.0,101.2430992424488,98.72638702392578,90.87583923339844,18.56485755255639,0.879586891888053,0.3234130480586952,-0.08741093908885311,0.3234130480586952,0.08741093908885311,0.01886652410030365,0.030966551043093204,0.581006646156311,0.0,19.444444444444443,263,257,5.279788970947266,RoadOption.STRAIGHT,97.65917205810547,101.43120574951172,1.7942537849060116,2.8,1.2,4.5,3.0,10.0,0.6,0.01,0.06,0.55,0.16,0.2,0.35,1.5,12,10.0,14.0,0.9,1.2,0.6,0.01,0.06,0.65,0.3,0.72,0.005,0.38,0.22,0.01,0.14,1.0,0.28
mpc,ground_truth,curvy,400.0,0.05,0.1,1.0,101.29309924319386,98.71449279785156,91.80391693115234,18.562239434046408,0.8822050103980352,0.34079860543267276,-0.1077941082820475,0.34079860543267276,0.1077941082820475,0.06480634212493896,0.045939818024635315,0.5824647545814514,0.0,19.444444444444443,264,258,5.2425312995910645,RoadOption.STRAIGHT,97.4525375366211,102.29907989501953,1.81479820850321,2.8,1.2,4.5,3.0,10.0,0.6,0.01,0.06,0.55,0.16,0.2,0.35,1.5,12,10.0,14.0,0.9,1.2,0.6,0.01,0.06,0.65,0.3,0.72,0.005,0.38,0.22,0.01,0.14,1.0,0.28
mpc,ground_truth,curvy,400.0,0.05,0.1,1.0,101.34309924393892,98.6968994140625,92.7315673828125,18.5531508503241,0.8912935941203415,0.34414929736864874,-0.1230546871184739,0.34414929736864874,0.1230546871184739,0.10998199135065079,0.04517564922571182,0.5956824421882629,0.0,19.444444444444443,265,259,5.205914497375488,RoadOption.STRAIGHT,97.22813415527344,103.16251373291016,1.8353424989423537,2.8,1.2,4.5,3.0,10.0,0.6,0.01,0.06,0.55,0.16,0.2,0.35,1.5,12,10.0,14.0,0.9,1.2,0.6,0.01,0.06,0.65,0.3,0.72,0.005,0.38,0.22,0.01,0.14,1.0,0.28
mpc,ground_truth,curvy,400.0,0.05,0.1,1.0,101.39309924468398,98.66859436035156,93.65814208984375,18.533649923323587,0.9107945211208559,0.3386029823514067,-0.13048104497621438,0.3386029823514067,0.13048104497621438,0.14067840576171875,0.030696414411067963,0.619877815246582,0.0,19.444444444444443,266,260,5.170512676239014,RoadOption.STRAIGHT,96.98603057861328,104.02116394042969,1.855886922539552,2.8,1.2,4.5,3.0,10.0,0.6,0.01,0.06,0.55,0.16,0.2,0.35,1.5,12,10.0,14.0,0.9,1.2,0.6,0.01,0.06,0.65,0.3,0.72,0.005,0.38,0.22,0.01,0.14,1.0,0.28
mpc,ground_truth,curvy,400.0,0.05,0.1,1.0,101.44309924542904,98.6248550415039,94.5828857421875,18.50859153153804,0.9358529129064017,0.3289840123618143,-0.1293771647043762,0.3289840123618143,0.1293771647043762,0.14899379014968872,0.00831538438796997,0.6415818333625793,0.0,19.444444444444443,267,261,5.136650085449219,RoadOption.STRAIGHT,96.72634887695312,104.8746566772461,1.8764312129786958,2.8,1.2,4.5,3.0,10.0,0.6,0.01,0.06,0.55,0.16,0.2,0.35,1.5,12,10.0,14.0,0.9,1.2,0.6,0.01,0.06,0.65,0.3,0.72,0.005,0.38,0.22,0.01,0.14,1.0,0.28
mpc,ground_truth,curvy,400.0,0.05,0.1,1.0,101.4930992461741,98.5623550415039,95.5054931640625,18.490428454037225,0.9540159904072176,0.3186740554604729,-0.12136664246152673,0.3186740554604729,0.12136664246152673,0.13597233593463898,-0.013021454215049744,0.6442052721977234,0.0,19.444444444444443,268,262,5.104029178619385,RoadOption.STRAIGHT,96.44918823242188,105.72264099121094,1.896975636575894,2.8,1.2,4.5,3.0,10.0,0.6,0.01,0.06,0.55,0.16,0.2,0.35,1.5,12,10.0,14.0,0.9,1.2,0.6,0.01,0.06,0.65,0.3,0.72,0.005,0.38,0.22,0.01,0.14,1.0,0.28
mpc,ground_truth,curvy,400.0,0.05,0.1,1.0,101.54309924691916,98.4791259765625,96.42609405517578,18.48645224139753,0.9579922030469135,0.30957746204649994,-0.10939280388442185,0.30957746204649994,0.10939280388442185,0.10854039341211319,-0.027431942522525787,0.6295667886734009,0.0,19.444444444444443,269,263,5.071831226348877,RoadOption.STRAIGHT,96.1546630859375,106.56475067138672,1.9175199270150378,2.8,1.2,4.5,3.0,10.0,0.6,0.01,0.06,0.55,0.16,0.2,0.35,1.5,12,10.0,14.0,0.9,1.2,0.6,0.01,0.06,0.65,0.3,0.72,0.005,0.38,0.22,0.01,0.14,1.0,0.28
mpc,ground_truth,curvy,400.0,0.05,0.1,1.0,101.59309924766421,98.37466430664062,97.34486389160156,18.49586981526782,0.9485746291766226,0.302066203246957,-0.09691682628378206,0.302066203246957,0.09691682628378206,0.0767173320055008,-0.031823061406612396,0.6078436970710754,0.0,19.444444444444443,270,264,5.039303302764893,RoadOption.STRAIGHT,95.8428955078125,107.40062713623047,1.9380642174541816,2.8,1.2,4.5,3.0,10.0,0.6,0.01,0.06,0.55,0.16,0.2,0.35,1.5,12,10.0,14.0,0.9,1.2,0.6,0.01,0.06,0.65,0.3,0.72,0.005,0.38,0.22,0.01,0.14,1.0,0.28
mpc,ground_truth,curvy,400.0,0.05,0.1,1.0,101.64309924840927,98.24949645996094,98.26182556152344,18.511869707382544,0.9325747370618984,0.29555868787732176,-0.08705700497998148,0.29555868787732176,0.08705700497998148,0.051293931901454926,-0.025423400104045868,0.5903449654579163,0.0,19.444444444444443,271,265,5.005989074707031,RoadOption.STRAIGHT,95.51402282714844,108.22992706298828,1.9586086410513799,2.8,1.2,4.5,3.0,10.0,0.6,0.01,0.06,0.55,0.16,0.2,0.35,1.5,12,10.0,14.0,0.9,1.2,0.6,0.01,0.06,0.65,0.3,0.72,0.005,0.38,0.22,0.01,0.14,1.0,0.28
mpc,ground_truth,curvy,400.0,0.05,0.1,1.0,101.69309924915433,98.10469818115234,99.17669677734375,18.526564944107093,0.9178795003373494,0.2889653174650195,-0.08170311908254124,0.2889653174650195,0.08170311908254124,0.03940840810537338,-0.011885523796081543,0.5830934047698975,0.0,19.444444444444443,272,266,4.971949577331543,RoadOption.STRAIGHT,95.16819763183594,109.05228424072266,1.9791529314905236,2.8,1.2,4.5,3.0,10.0,0.6,0.01,0.06,0.55,0.16,0.2,0.35,1.5,12,10.0,14.0,0.9,1.2,0.6,0.01,0.06,0.65,0.3,0.72,0.005,0.38,0.22,0.01,0.14,1.0,0.28
mpc,ground_truth,curvy,400.0,0.05,0.1,1.0,101.74309924989939,97.94100189208984,100.08893585205078,18.53533090117561,0.909113543268834,0.28165590217973846,-0.08100337350612286,0.28165590217973846,0.08100337350612286,0.0429096482694149,0.003501240164041519,0.5849489569664001,0.0,19.444444444444443,273,267,4.937459945678711,RoadOption.STRAIGHT,94.80553436279297,109.86737823486328,1.999697355087722,2.8,1.2,4.5,3.0,10.0,0.6,0.01,0.06,0.55,0.16,0.2,0.35,1.5,12,10.0,14.0,0.9,1.2,0.6,0.01,0.06,0.65,0.3,0.72,0.005,0.38,0.22,0.01,0.14,1.0,0.28
mpc,ground_truth,curvy,400.0,0.05,0.1,1.0,101.79309925064445,97.75862884521484,100.99778747558594,18.536851148619796,0.9075932958246469,0.2735681644775063,-0.08352259073928314,0.2735681644775063,0.08352259073928314,0.05781165137887001,0.014902003109455109,0.5927316546440125,0.0,19.444444444444443,274,268,4.9029459953308105,RoadOption.STRAIGHT,94.42620849609375,110.67485046386719,2.0202416455268657,2.8,1.2,4.5,3.0,10.0,0.6,0.01,0.06,0.55,0.16,0.2,0.35,1.5,12,10.0,14.0,0.9,1.2,0.6,0.01,0.06,0.65,0.3,0.72,0.005,0.38,0.22,0.01,0.14,1.0,0.28
mpc,ground_truth,curvy,400.0,0.05,0.1,1.0,101.8430992513895,97.55721282958984,101.90242767333984,18.531627140523632,0.9128173039208107,0.26525665857671954,-0.08702424809857368,0.26525665857671954,0.08702424809857368,0.07680854201316833,0.018996890634298325,0.6039592027664185,0.0,19.444444444444443,275,269,4.868717193603516,RoadOption.STRAIGHT,94.03038024902344,111.47434997558594,2.040785935966009,2.8,1.2,4.5,3.0,10.0,0.6,0.01,0.06,0.55,0.16,0.2,0.35,1.5,12,10.0,14.0,0.9,1.2,0.6,0.01,0.06,0.65,0.3,0.72,0.005,0.38,0.22,0.01,0.14,1.0,0.28
mpc,ground_truth,curvy,400.0,0.05,0.1,1.0,101.89309925213456,97.33616638183594,102.80204010009766,18.521678311124738,0.9227661333197048,0.25751284816665776,-0.08942229150213565,0.25751284816665776,0.08942229150213565,0.09246240556240082,0.015653863549232483,0.6155982613563538,0.0,19.444444444444443,276,270,4.834962844848633,RoadOption.STRAIGHT,93.61820220947266,112.26555633544922,2.0613303595632075,2.8,1.2,4.5,3.0,10.0,0.6,0.01,0.06,0.55,0.16,0.2,0.35,1.5,12,10.0,14.0,0.9,1.2,0.6,0.01,0.06,0.65,0.3,0.72,0.005,0.38,0.22,0.01,0.14,1.0,0.28
mpc,ground_truth,curvy,400.0,0.05,0.1,1.0,101.94309925287962,97.0948715209961,103.69583129882812,18.510696315515784,0.9337481289286593,0.251179605551751,-0.0894617062862686,0.251179605551751,0.0894617062862686,0.09974636882543564,0.0072839632630348206,0.6234272718429565,0.0,19.444444444444443,277,271,4.801782131195068,RoadOption.STRAIGHT,93.18987274169922,113.0481185913086,2.081874783160406,2.8,1.2,4.5,3.0,10.0,0.6,0.01,0.06,0.55,0.16,0.2,0.35,1.5,12,10.0,14.0,0.9,1.2,0.6,0.01,0.06,0.65,0.3,0.72,0.005,0.38,0.22,0.01,0.14,1.0,0.28
mpc,ground_truth,curvy,400.0,0.05,0.1,1.0,101.99309925362468,96.83291625976562,104.58332061767578,18.502980794065163,0.9414636503792799,0.24679603026774055,-0.0869584680196489,0.24679603026774055,0.0869584680196489,0.09724368155002594,-0.0025026872754096985,0.6241368055343628,0.0,19.444444444444443,278,272,4.768954753875732,RoadOption.STRAIGHT,92.74554443359375,113.82172393798828,2.102418940441495,2.8,1.2,4.5,3.0,10.0,0.6,0.01,0.06,0.55,0.16,0.2,0.35,1.5,12,10.0,14.0,0.9,1.2,0.6,0.01,0.06,0.65,0.3,0.72,0.005,0.38,0.22,0.01,0.14,1.0,0.28
mpc,ground_truth,curvy,400.0,0.05,0.1,1.0,102.04309925436974,96.55026245117188,105.4642333984375,18.501424402165558,0.943020042278885,0.24444656263313602,-0.08266878129380384,0.24444656263313602,0.08266878129380384,0.08672869950532913,-0.010514982044696808,0.6176797151565552,0.0,19.444444444444443,279,273,4.736218452453613,RoadOption.STRAIGHT,92.2854232788086,114.58604431152344,2.1229633640386933,2.8,1.2,4.5,3.0,10.0,0.6,0.01,0.06,0.55,0.16,0.2,0.35,1.5,12,10.0,14.0,0.9,1.2,0.6,0.01,0.06,0.65,0.3,0.72,0.005,0.38,0.22,0.01,0.14,1.0,0.28
mpc,ground_truth,curvy,400.0,0.05,0.1,1.0,102.0930992551148,96.247314453125,106.33855438232422,18.506231964159987,0.9382124802844558,0.243724536742429,-0.07792475928599085,0.243724536742429,0.07792475928599085,0.07274974882602692,-0.013978950679302216,0.6071584224700928,0.0,19.444444444444443,280,274,4.703179359436035,RoadOption.STRAIGHT,91.80968475341797,115.34074401855469,2.1435076544778373,2.8,1.2,4.5,3.0,10.0,0.6,0.01,0.06,0.55,0.16,0.2,0.35,1.5,12,10.0,14.0,0.9,1.2,0.6,0.01,0.06,0.65,0.3,0.72,0.005,0.38,0.22,0.01,0.14,1.0,0.28
mpc,ground_truth,curvy,400.0,0.05,0.1,1.0,102.14309925585985,95.92481231689453,107.20626068115234,18.514884525973482,0.9295599184709609,0.24389509526627262,-0.07412908894235537,0.24389509526627262,0.07412908894235537,0.06037753075361252,-0.012372218072414398,0.5973528623580933,0.0,19.444444444444443,281,275,4.6696319580078125,RoadOption.STRAIGHT,91.31855773925781,116.08551025390625,2.164051944916981,2.8,1.2,4.5,3.0,10.0,0.6,0.01,0.06,0.55,0.16,0.2,0.35,1.5,12,10.0,14.0,0.9,1.2,0.6,0.01,0.06,0.65,0.3,0.72,0.005,0.38,0.22,0.01,0.14,1.0,0.28
mpc,ground_truth,curvy,400.0,0.05,0.1,1.0,102.19309925660491,95.58367919921875,108.06732940673828,18.523854814072784,0.9205896303716585,0.24406147634867725,-0.07225502248326698,0.24406147634867725,0.07225502248326698,0.053632888942956924,-0.006744641810655594,0.5915894508361816,0.0,19.444444444444443,283,276,4.635538101196289,RoadOption.STRAIGHT,90.29092407226562,117.54399871826172,2.205140658953323,2.8,1.2,4.5,3.0,10.0,0.6,0.01,0.06,0.55,0.16,0.2,0.35,1.5,12,10.0,14.0,0.9,1.2,0.6,0.01,0.06,0.65,0.3,0.72,0.005,0.38,0.22,0.01,0.14,1.0,0.28
mpc,ground_truth,curvy,400.0,0.05,0.1,1.0,102.24309925734997,95.22479248046875,108.9215316772461,18.53031659519788,0.9141278492465617,0.34699134499950635,-0.09307228693414338,0.34699134499950635,0.09307228693414338,0.020001620054244995,-0.03363126888871193,0.5907225608825684,0.0,19.444444444444443,284,278,5.491681098937988,RoadOption.STRAIGHT,89.75485229492188,118.2571029663086,2.2256849493924666,2.8,1.2,4.5,3.0,10.0,0.6,0.01,0.06,0.55,0.16,0.2,0.35,1.5,12,10.0,14.0,0.9,1.2,0.6,0.01,0.06,0.65,0.3,0.72,0.005,0.38,0.22,0.01,0.14,1.0,0.28
mpc,ground_truth,curvy,400.0,0.05,0.1,1.0,102.29309925809503,94.85088348388672,109.76978302001953,18.542140849574444,0.9023035948699984,0.34208341412781174,-0.09734772574815675,0.34208341412781174,0.09734772574815675,0.03360144421458244,0.013599824160337448,0.5771930813789368,0.0,19.444444444444443,285,279,5.456918716430664,RoadOption.STRAIGHT,89.2042465209961,118.95904541015625,2.246229372989665,2.8,1.2,4.5,3.0,10.0,0.6,0.01,0.06,0.55,0.16,0.2,0.35,1.5,12,10.0,14.0,0.9,1.2,0.6,0.01,0.06,0.65,0.3,0.72,0.005,0.38,0.22,0.01,0.14,1.0,0.28
mpc,ground_truth,curvy,400.0,0.05,0.1,1.0,102.34309925884008,94.46272277832031,110.6119613647461,18.54583274752502,0.8986116969194242,0.3328821423149093,-0.10452201540872164,0.3328821423149093,0.10452201540872164,0.06378362327814102,0.03018217906355858,0.5847367644309998,0.0,19.444444444444443,286,280,5.422176837921143,RoadOption.STRAIGHT,88.6477279663086,119.63875579833984,2.2693754386557616,2.8,1.2,4.5,3.0,10.0,0.6,0.01,0.06,0.55,0.16,0.2,0.35,1.5,12,10.0,14.0,0.9,1.2,0.6,0.01,0.06,0.65,0.3,0.72,0.005,0.38,0.22,0.01,0.14,1.0,0.28
mpc,ground_truth,curvy,400.0,0.05,0.1,1.0,102.39309925958514,94.05906677246094,111.44657135009766,18.537627252426454,0.9068171920179893,0.32123597341187127,-0.11101293793357137,0.32123597341187127,0.11101293793357137,0.09587295353412628,0.03208933025598526,0.6039369106292725,0.0,19.444444444444443,287,281,5.38796329498291,RoadOption.STRAIGHT,88.08870697021484,120.28605651855469,2.2969354275125555,2.8,1.2,4.5,3.0,10.0,0.6,0.01,0.06,0.55,0.16,0.2,0.35,1.5,12,10.0,14.0,0.9,1.2,0.6,0.01,0.06,0.65,0.3,0.72,0.005,0.38,0.22,0.01,0.14,1.0,0.28
mpc,ground_truth,curvy,400.0,0.05,0.1,1.0,102.4430992603302,93.63845825195312,112.27191162109375,18.52013659681815,0.9243078476262916,0.30927553788617823,-0.11396851411134135,0.30927553788617823,0.11396851411134135,0.11817622184753418,0.022303268313407898,0.6255735158920288,0.0,19.444444444444443,288,282,5.354711532592773,RoadOption.STRAIGHT,87.51204681396484,120.91769409179688,2.32449541636935,2.8,1.2,4.5,3.0,10.0,0.6,0.01,0.06,0.55,0.16,0.2,0.35,1.5,12,10.0,14.0,0.9,1.2,0.6,0.01,0.06,0.65,0.3,0.72,0.005,0.38,0.22,0.01,0.14,1.0,0.28
mpc,ground_truth,curvy,400.0,0.05,0.1,1.0,102.49309926107526,93.19953918457031,113.08660125732422,18.50084992918724,0.9435945152572032,0.29890005846577417,-0.1121756740655,0.29890005846577417,0.1121756740655,0.12447156757116318,0.006295345723628998,0.6393007040023804,0.0,19.444444444444443,289,283,5.322446823120117,RoadOption.STRAIGHT,86.91819763183594,121.53321075439453,2.3520554052261438,2.8,1.2,4.5,3.0,10.0,0.6,0.01,0.06,0.55,0.16,0.2,0.35,1.5,12,10.0,14.0,0.9,1.2,0.6,0.01,0.06,0.65,0.3,0.72,0.005,0.38,0.22,0.01,0.14,1.0,0.28
mpc,ground_truth,curvy,400.0,0.05,0.1,1.0,102.54309926182032,92.74141693115234,113.8897705078125,18.488384338171983,0.9560601062724601,0.29132365281859984,-0.10613509208098204,0.29132365281859984,0.10613509208098204,0.1144806370139122,-0.009990930557250977,0.6385947465896606,0.0,19.444444444444443,290,284,5.290856838226318,RoadOption.STRAIGHT,86.3076171875,122.13212585449219,2.379615127766829,2.8,1.2,4.5,3.0,10.0,0.6,0.01,0.06,0.55,0.16,0.2,0.35,1.5,12,10.0,14.0,0.9,1.2,0.6,0.01,0.06,0.65,0.3,0.72,0.005,0.38,0.22,0.01,0.14,1.0,0.28
mpc,ground_truth,curvy,400.0,0.05,0.1,1.0,102.59309926256537,92.26377868652344,114.68125915527344,18.487716172797022,0.956728271647421,0.286853278073933,-0.09764466820970075,0.286853278073933,0.09764466820970075,0.0946926549077034,-0.0197879821062088,0.6248387694358826,0.0,19.444444444444443,291,285,5.259296417236328,RoadOption.STRAIGHT,85.68077087402344,122.71399688720703,2.407175116623623,2.8,1.2,4.5,3.0,10.0,0.6,0.01,0.06,0.55,0.16,0.2,0.35,1.5,12,10.0,14.0,0.9,1.2,0.6,0.01,0.06,0.65,0.3,0.72,0.005,0.38,0.22,0.01,0.14,1.0,0.28
mpc,ground_truth,curvy,400.0,0.05,0.1,1.0,102.64309926331043,91.7669448852539,115.46125030517578,18.49714426251534,0.9473001819291014,0.2981187942634178,-0.09165029207009567,0.2981187942634178,0.09165029207009567,0.08287312090396881,-0.011819534003734589,0.6070663928985596,0.0,19.444444444444443,292,286,5.2135467529296875,RoadOption.STRAIGHT,85.03812408447266,123.27836608886719,2.4347351054804167,2.8,1.2,4.5,3.0,10.0,0.6,0.01,0.06,0.55,0.16,0.2,0.35,1.5,12,10.0,14.0,0.9,1.2,0.6,0.01,0.06,0.65,0.3,0.72,0.005,0.38,0.22,0.01,0.14,1.0,0.28
mpc,ground_truth,curvy,400.0,0.05,0.1,1.0,102.69309926405549,91.25128936767578,116.22957611083984,18.506950570482946,0.9374938739614969,0.32865219009179736,-0.09140754493673509,0.32865219009179736,0.09140754493673509,0.0585964173078537,-0.024276703596115112,0.6007287502288818,0.0,19.444444444444443,293,287,5.1436333656311035,RoadOption.STRAIGHT,84.38017272949219,123.82482147216797,2.4622950943372106,2.8,1.2,4.5,3.0,10.0,0.6,0.01,0.06,0.55,0.16,0.2,0.35,1.5,12,10.0,14.0,0.9,1.2,0.6,0.01,0.06,0.65,0.3,0.72,0.005,0.38,0.22,0.01,0.14,1.0,0.28
mpc,ground_truth,curvy,400.0,0.05,0.1,1.0,102.74309926480055,90.71798706054688,116.98651885986328,18.519779767760337,0.924664676684106,0.35261193656948864,-0.09402197017886627,0.35261193656948864,0.09402197017886627,0.04212723672389984,-0.016469180583953857,0.5894037485122681,0.0,19.444444444444443,294,288,5.072691440582275,RoadOption.STRAIGHT,83.70740509033203,124.3529281616211,2.489855083194005,2.8,1.2,4.5,3.0,10.0,0.6,0.01,0.06,0.55,0.16,0.2,0.35,1.5,12,10.0,14.0,0.9,1.2,0.6,0.01,0.06,0.65,0.3,0.72,0.005,0.38,0.22,0.01,0.14,1.0,0.28
mpc,ground_truth,curvy,400.0,0.05,0.1,1.0,102.7930992655456,90.16859436035156,117.73258209228516,18.531114110974105,0.9133303334703378,0.36843269242477783,-0.10048879109585096,0.36843269242477783,0.10048879109585096,0.044944461435079575,0.0028172247111797333,0.58439701795578,0.0,19.444444444444443,295,289,5.000986099243164,RoadOption.STRAIGHT,83.02034759521484,124.86229705810547,2.517415072050799,2.8,1.2,4.5,3.0,10.0,0.6,0.01,0.06,0.55,0.16,0.2,0.35,1.5,12,10.0,14.0,0.9,1.2,0.6,0.01,0.06,0.65,0.3,0.72,0.005,0.38,0.22,0.01,0.14,1.0,0.28
mpc,ground_truth,curvy,400.0,0.05,0.1,1.0,102.84309926629066,89.60381317138672,118.46749114990234,18.535335990498893,0.9091084539455494,0.37572109289260913,-0.10988309184110578,0.37572109289260913,0.10988309184110578,0.06564918160438538,0.0207047201693058,0.5903987884521484,0.0,19.444444444444443,296,290,4.928941249847412,RoadOption.STRAIGHT,82.31951141357422,125.3525390625,2.5449750609075927,2.8,1.2,4.5,3.0,10.0,0.6,0.01,0.06,0.55,0.16,0.2,0.35,1.5,12,10.0,14.0,0.9,1.2,0.6,0.01,0.06,0.65,0.3,0.72,0.005,0.38,0.22,0.01,0.14,1.0,0.28
mpc,ground_truth,curvy,400.0,0.05,0.1,1.0,102.89309926703572,89.02351379394531,119.18997955322266,18.52934223046797,0.9151022139764713,0.37544472000714446,-0.11973732050661656,0.37544472000714446,0.11973732050661656,0.09626323729753494,0.030614055693149567,0.6062538623809814,0.0,19.444444444444443,298,291,4.857224941253662,RoadOption.STRAIGHT,80.87864685058594,126.27416229248047,2.600094772305072,2.8,1.2,4.5,3.0,10.0,0.6,0.01,0.06,0.55,0.16,0.2,0.35,1.5,12,10.0,14.0,0.9,1.2,0.6,0.01,0.06,0.65,0.3,0.72,0.005,0.38,0.22,0.01,0.14,1.0,0.28
mpc,ground_truth,curvy,400.0,0.05,0.1,1.0,102.94309926778078,88.42691040039062,119.89820861816406,18.512732051434654,0.48171239300978996,0.5126111571732181,-0.1548473710537852,0.5126111571732181,0.1548473710537852,0.07627688348293304,-0.019986353814601898,0.0,0.18104034662246704,18.994444444444444,299,293,5.638650417327881,RoadOption.STRAIGHT,80.13971710205078,126.70486450195312,2.6276547611618657,2.8,1.2,4.5,3.0,10.0,0.6,0.01,0.06,0.55,0.16,0.2,0.35,1.5,12,10.0,14.0,0.9,1.2,0.6,0.01,0.06,0.65,0.3,0.72,0.005,0.38,0.22,0.01,0.14,1.0,0.28
mpc,ground_truth,curvy,400.0,0.05,0.1,1.0,102.99309926852584,87.8153305053711,120.59220123291016,18.478576953608414,0.06586749083603038,0.49815549810173954,-0.16100380054572172,0.49815549810173954,0.16100380054572172,0.10464759171009064,0.028370708227157593,0.0,0.4094933867454529,18.544444444444444,300,294,5.56939172744751,RoadOption.STRAIGHT,79.38920593261719,127.11502838134766,2.6552147500186596,2.8,1.2,4.5,3.0,10.0,0.6,0.01,0.06,0.55,0.16,0.2,0.35,1.5,12,10.0,14.0,0.9,1.2,0.6,0.01,0.06,0.65,0.3,0.72,0.005,0.38,0.22,0.01,0.14,1.0,0.28
mpc,ground_truth,curvy,400.0,0.05,0.1,1.0,103.0430992692709,87.19145965576172,121.26806640625,18.321087914012246,-0.2266434695678008,0.4787935016154794,-0.1653362310070623,0.4787935016154794,0.1653362310070623,0.13591110706329346,0.03126351535320282,0.0,0.43711256980895996,18.094444444444445,301,295,5.5060577392578125,RoadOption.STRAIGHT,78.62767028808594,127.50433349609375,2.682774738875454,2.8,1.2,4.5,3.0,10.0,0.6,0.01,0.06,0.55,0.16,0.2,0.35,1.5,12,10.0,14.0,0.9,1.2,0.6,0.01,0.06,0.65,0.3,0.72,0.005,0.38,0.22,0.01,0.14,1.0,0.28
mpc,ground_truth,curvy,400.0,0.05,0.1,1.0,103.09309927001595,86.55836486816406,121.91932678222656,18.05250561312852,-0.4080611686840747,0.4585033134252936,-0.1659500896383257,0.4585033134252936,0.1659500896383257,0.15684591233730316,0.020934805274009705,0.0,0.4128552973270416,17.644444444444446,302,296,5.454798698425293,RoadOption.STRAIGHT,77.85569763183594,127.8725357055664,2.710334727732248,2.8,1.2,4.5,3.0,10.0,0.6,0.01,0.06,0.55,0.16,0.2,0.35,1.5,12,10.0,14.0,0.9,1.2,0.6,0.01,0.06,0.65,0.3,0.72,0.005,0.38,0.22,0.01,0.14,1.0,0.28
mpc,ground_truth,curvy,400.0,0.05,0.1,1.0,103.14309927076101,85.91805267333984,122.5415267944336,17.721248069064348,-0.19285541860140043,0.4407713689204531,-0.16219929355905816,0.4407713689204531,0.16219929355905816,0.16159921884536743,0.00475330650806427,0.19211986660957336,0.0,17.528392650462948,303,297,5.419281959533691,RoadOption.STRAIGHT,77.07386779785156,128.21932983398438,2.7378947165890417,2.8,1.2,4.5,3.0,10.0,0.6,0.01,0.06,0.55,0.16,0.2,0.35,1.5,12,10.0,14.0,0.9,1.2,0.6,0.01,0.06,0.65,0.3,0.72,0.005,0.38,0.22,0.01,0.14,1.0,0.28
mpc,ground_truth,curvy,400.0,0.05,0.1,1.0,103.19309927150607,85.2716064453125,123.13233184814453,17.384277767750945,0.31911488271200383,0.4281327175785399,-0.1547975699414006,0.4281327175785399,0.1547975699414006,0.14943388104438782,-0.012165337800979614,0.8555790781974792,0.0,17.70339265046295,304,298,5.400851726531982,RoadOption.STRAIGHT,76.28278350830078,128.54441833496094,2.7654547054458356,2.8,1.2,4.5,3.0,10.0,0.6,0.01,0.06,0.55,0.16,0.2,0.35,1.5,12,10.0,14.0,0.9,1.2,0.6,0.01,0.06,0.65,0.3,0.72,0.005,0.38,0.22,0.01,0.14,1.0,0.28
mpc,ground_truth,curvy,400.0,0.05,0.1,1.0,103.24309927225113,84.61819458007812,123.6921157836914,17.093829488721045,0.7845631617419038,0.42188251938906873,-0.14550526826589616,0.42188251938906873,0.14550526826589616,0.12449748814105988,-0.024936392903327942,1.0,0.0,17.87839265046295,305,299,5.397538185119629,RoadOption.STRAIGHT,75.48303985595703,128.84759521484375,2.79301469430263,2.8,1.2,4.5,3.0,10.0,0.6,0.01,0.06,0.55,0.16,0.2,0.35,1.5,12,10.0,14.0,0.9,1.2,0.6,0.01,0.06,0.65,0.3,0.72,0.005,0.38,0.22,0.01,0.14,1.0,0.28
mpc,ground_truth,curvy,400.0,0.05,0.1,1.0,103.29309927299619,83.9566879272461,124.22283172607422,16.879250779391118,1.174141871071832,0.4218295716540994,-0.13674693038895258,0.4218295716540994,0.13674693038895258,0.09430548548698425,-0.030192002654075623,1.0,0.0,18.05339265046295,306,300,5.406172275543213,RoadOption.STRAIGHT,74.67523956298828,129.12863159179688,2.820574683159424,2.8,1.2,4.5,3.0,10.0,0.6,0.01,0.06,0.55,0.16,0.2,0.35,1.5,12,10.0,14.0,0.9,1.2,0.6,0.01,0.06,0.65,0.3,0.72,0.005,0.38,0.22,0.01,0.14,1.0,0.28
mpc,ground_truth,curvy,400.0,0.05,0.1,1.0,103.34309927374125,83.28477478027344,124.7282485961914,16.78033373687342,1.4480589135895308,0.4263944899679384,-0.13093644552261807,0.4263944899679384,0.13093644552261807,0.06844854354858398,-0.02585694193840027,1.0,0.0,18.22839265046295,307,301,5.421741008758545,RoadOption.STRAIGHT,73.8600082397461,129.3872833251953,2.8481346720162177,2.8,1.2,4.5,3.0,10.0,0.6,0.01,0.06,0.55,0.16,0.2,0.35,1.5,12,10.0,14.0,0.9,1.2,0.6,0.01,0.06,0.65,0.3,0.72,0.005,0.38,0.22,0.01,0.14,1.0,0.28
mpc,ground_truth,curvy,400.0,0.05,0.1,1.0,103.3930992744863,82.59939575195312,125.21310424804688,16.80012578267148,1.603266867791472,0.4330039353403383,-0.1296597260960337,0.4330039353403383,0.1296597260960337,0.055815838277339935,-0.012632705271244049,1.0,0.0,18.40339265046295,308,302,5.4383134841918945,RoadOption.STRAIGHT,73.0379638671875,129.62338256835938,2.8756946608730116,2.8,1.2,4.5,3.0,10.0,0.6,0.01,0.06,0.55,0.16,0.2,0.35,1.5,12,10.0,14.0,0.9,1.2,0.6,0.01,0.06,0.65,0.3,0.72,0.005,0.38,0.22,0.01,0.14,1.0,0.28
mpc,ground_truth,curvy,400.0,0.05,0.1,1.0,103.44309927523136,81.89810943603516,125.68111419677734,16.90237819416649,1.6760144562964605,0.43911350856222175,-0.1329703016471111,0.43911350856222175,0.1329703016471111,0.059469401836395264,0.0036535635590553284,1.0,0.0,18.578392650462952,309,303,5.4512248039245605,RoadOption.STRAIGHT,72.209716796875,129.8367462158203,2.903254383413697,2.8,1.2,4.5,3.0,10.0,0.6,0.01,0.06,0.55,0.16,0.2,0.35,1.5,12,10.0,14.0,0.9,1.2,0.6,0.01,0.06,0.65,0.3,0.72,0.005,0.38,0.22,0.01,0.14,1.0,0.28
mpc,ground_truth,curvy,400.0,0.05,0.1,1.0,103.49309927597642,81.17918395996094,126.13433074951172,17.058309704580477,1.6950829458824757,0.4429984302355303,-0.13933312612352866,0.4429984302355303,0.13933312612352866,0.07630438357591629,0.016834981739521027,1.0,0.0,18.753392650462953,310,304,5.457404613494873,RoadOption.STRAIGHT,71.37590789794922,130.02720642089844,2.9308143722704907,2.8,1.2,4.5,3.0,10.0,0.6,0.01,0.06,0.55,0.16,0.2,0.35,1.5,12,10.0,14.0,0.9,1.2,0.6,0.01,0.06,0.65,0.3,0.72,0.005,0.38,0.22,0.01,0.14,1.0,0.28
mpc,ground_truth,curvy,400.0,0.05,0.1,1.0,103.54309927672148,80.44125366210938,126.57333374023438,17.247448204027897,1.6286233020484673,0.44395035974930863,-0.14632232608833284,0.44395035974930863,0.14632232608833284,0.09955351054668427,0.023249126970767975,0.9474223852157593,0.0,18.876071506076364,311,305,5.454920291900635,RoadOption.STRAIGHT,70.53717041015625,130.19459533691406,2.958374361127285,2.8,1.2,4.5,3.0,10.0,0.6,0.01,0.06,0.55,0.16,0.2,0.35,1.5,12,10.0,14.0,0.9,1.2,0.6,0.01,0.06,0.65,0.3,0.72,0.005,0.38,0.22,0.01,0.14,1.0,0.28
mpc,ground_truth,curvy,400.0,0.05,0.1,1.0,103.59309927746654,79.68331146240234,126.9975357055664,17.451284627368683,0.9793884773766948,0.44201782476422546,-0.15156955238411562,0.44201782476422546,0.15156955238411562,0.12119536846876144,0.02164185792207718,0.0,0.1414487063884735,18.430673104745377,312,306,5.4426422119140625,RoadOption.STRAIGHT,69.69412994384766,130.3388214111328,2.985934349984079,2.8,1.2,4.5,3.0,10.0,0.6,0.01,0.06,0.55,0.16,0.2,0.35,1.5,12,10.0,14.0,0.9,1.2,0.6,0.01,0.06,0.65,0.3,0.72,0.005,0.38,0.22,0.01,0.14,1.0,0.28
mpc,ground_truth,curvy,400.0,0.05,0.1,1.0,103.6430992782116,78.90538024902344,127.40523529052734,17.630367230986444,0.6338381364904109,0.4378691688791996,-0.15353070421085002,0.4378691688791996,0.15353070421085002,0.13459445536136627,0.013399086892604828,0.015642473474144936,0.0,18.264205367476855,313,307,5.4207282066345215,RoadOption.STRAIGHT,68.84744262695312,130.4597625732422,3.013494338840873,2.8,1.2,4.5,3.0,10.0,0.6,0.01,0.06,0.55,0.16,0.2,0.35,1.5,12,10.0,14.0,0.9,1.2,0.6,0.01,0.06,0.65,0.3,0.72,0.005,0.38,0.22,0.01,0.14,1.0,0.28
mpc,ground_truth,curvy,400.0,0.05,0.1,1.0,103.69309927895665,78.11040496826172,127.79331970214844,17.716410684384606,0.6843777994117062,0.43283400774476255,-0.151921622280224,0.43283400774476255,0.151921622280224,0.13678133487701416,0.002186879515647888,0.5212742686271667,0.0,18.400788483796312,314,308,5.392475605010986,RoadOption.STRAIGHT,67.99774169921875,130.55731201171875,3.0410543276976667,2.8,1.2,4.5,3.0,10.0,0.6,0.01,0.06,0.55,0.16,0.2,0.35,1.5,12,10.0,14.0,0.9,1.2,0.6,0.01,0.06,0.65,0.3,0.72,0.005,0.38,0.22,0.01,0.14,1.0,0.28
mpc,ground_truth,curvy,400.0,0.05,0.1,1.0,103.74309927970171,77.30409240722656,128.1581268310547,17.675937119278796,0.8998513645175166,0.428445596530465,-0.14758093601950417,0.428445596530465,0.14758093601950417,0.1281416416168213,-0.008639693260192871,0.8484790921211243,0.0,18.575788483796313,315,309,5.363807201385498,RoadOption.STRAIGHT,67.14567565917969,130.63143920898438,3.068614316554461,2.8,1.2,4.5,3.0,10.0,0.6,0.01,0.06,0.55,0.16,0.2,0.35,1.5,12,10.0,14.0,0.9,1.2,0.6,0.01,0.06,0.65,0.3,0.72,0.005,0.38,0.22,0.01,0.14,1.0,0.28
mpc,ground_truth,curvy,400.0,0.05,0.1,1.0,103.79309928044677,76.49073791503906,128.4976806640625,17.593643235328788,1.1571452484675255,0.4255449186701743,-0.14193982819849804,0.4255449186701743,0.14193982819849804,0.11291670054197311,-0.015224941074848175,1.0,0.0,18.750788483796313,316,310,5.338626861572266,RoadOption.STRAIGHT,66.2918930053711,130.68203735351562,3.096174305411255,2.8,1.2,4.5,3.0,10.0,0.6,0.01,0.06,0.55,0.16,0.2,0.35,1.5,12,10.0,14.0,0.9,1.2,0.6,0.01,0.06,0.65,0.3,0.72,0.005,0.38,0.22,0.01,0.14,1.0,0.28
mpc,ground_truth,curvy,400.0,0.05,0.1,1.0,103.84309928119183,75.67086029052734,128.8121337890625,17.545540529044835,1.3802479547514785,0.4239901926421682,-0.1365788849241687,0.4239901926421682,0.1365788849241687,0.09664677083492279,-0.016269929707050323,1.0,0.0,18.925788483796314,317,311,5.316575527191162,RoadOption.STRAIGHT,65.4370346069336,130.70909118652344,3.123734294268049,2.8,1.2,4.5,3.0,10.0,0.6,0.01,0.06,0.55,0.16,0.2,0.35,1.5,12,10.0,14.0,0.9,1.2,0.6,0.01,0.06,0.65,0.3,0.72,0.005,0.38,0.22,0.01,0.14,1.0,0.28
mpc,ground_truth,curvy,400.0,0.05,0.1,1.0,103.89309928193688,74.84229278564453,129.10287475585938,17.57847036887766,1.5223181149186544,0.4228815314328159,-0.1327961309118204,0.4228815314328159,0.1327961309118204,0.08533035218715668,-0.011316418647766113,1.0,0.0,19.100788483796315,318,312,5.294445037841797,RoadOption.STRAIGHT,64.56018829345703,130.71270751953125,3.1471855581950687,2.8,1.2,4.5,3.0,10.0,0.6,0.01,0.06,0.55,0.16,0.2,0.35,1.5,12,10.0,14.0,0.9,1.2,0.6,0.01,0.06,0.65,0.3,0.72,0.005,0.38,0.22,0.01,0.14,1.0,0.28
mpc,ground_truth,curvy,400.0,0.05,0.1,1.0,103.94309928268194,74.00208282470703,129.3714599609375,17.68483144304076,1.5909570407555549,0.42088936829456436,-0.1311782605495968,0.42088936829456436,0.1311782605495968,0.08236993104219437,-0.002960421144962311,1.0,0.0,19.275788483796315,319,313,5.268275260925293,RoadOption.STRAIGHT,63.56019973754883,130.7071075439453,3.1471855581950687,2.8,1.2,4.5,3.0,10.0,0.6,0.01,0.06,0.55,0.16,0.2,0.35,1.5,12,10.0,14.0,0.9,1.2,0.6,0.01,0.06,0.65,0.3,0.72,0.005,0.38,0.22,0.01,0.14,1.0,0.28
mpc,ground_truth,curvy,400.0,0.05,0.1,1.0,103.993099283427,73.1481704711914,129.6186981201172,17.840477290400276,1.6039671540441667,0.41693056803452555,-0.13143126085315426,0.41693056803452555,0.13143126085315426,0.08775857836008072,0.0053886473178863525,1.0,0.0,19.444444444444443,320,314,5.235257148742676,RoadOption.STRAIGHT,62.56021499633789,130.70152282714844,3.1471855581950687,2.8,1.2,4.5,3.0,10.0,0.6,0.01,0.06,0.55,0.16,0.2,0.35,1.5,12,10.0,14.0,0.9,1.2,0.6,0.01,0.06,0.65,0.3,0.72,0.005,0.38,0.22,0.01,0.14,1.0,0.28
mpc,ground_truth,curvy,400.0,0.05,0.1,1.0,104.04309928417206,72.279296875,129.84454345703125,18.028079451834365,1.4163649926100774,0.41049056251159877,-0.13256257168422048,0.41049056251159877,0.13256257168422048,0.09937897324562073,0.011620394885540009,0.6746963858604431,0.0,19.444444444444443,321,315,5.193580150604248,RoadOption.STRAIGHT,61.56023025512695,130.6959228515625,3.1471855581950687,2.8,1.2,4.5,3.0,10.0,0.6,0.01,0.06,0.55,0.16,0.2,0.35,1.5,12,10.0,14.0,0.9,1.2,0.6,0.01,0.06,0.65,0.3,0.72,0.005,0.38,0.22,0.01,0.14,1.0,0.28
mpc,ground_truth,curvy,400.0,0.05,0.1,1.0,104.09309928491712,71.39501190185547,130.04815673828125,18.218248970142273,1.2261954743021697,0.4015313810835743,-0.13327709780468844,0.4015313810835743,0.13327709780468844,0.11235151439905167,0.012972541153430939,0.5575138330459595,0.0,19.444444444444443,322,316,5.142336845397949,RoadOption.STRAIGHT,60.560245513916016,130.69033813476562,3.1471855581950687,2.8,1.2,4.5,3.0,10.0,0.6,0.01,0.06,0.55,0.16,0.2,0.35,1.5,12,10.0,14.0,0.9,1.2,0.6,0.01,0.06,0.65,0.3,0.72,0.005,0.38,0.22,0.01,0.14,1.0,0.28
mpc,ground_truth,curvy,400.0,0.05,0.1,1.0,104.14309928566217,70.49742889404297,130.2278594970703,18.353929762870383,1.09051468157406,0.39078941798158784,-0.13255777799425816,0.39078941798158784,0.13255777799425816,0.12124746292829514,0.00889594852924347,0.5414918661117554,0.0,19.444444444444443,323,317,5.083224773406982,RoadOption.STRAIGHT,59.56026077270508,130.6847381591797,3.1471855581950687,2.8,1.2,4.5,3.0,10.0,0.6,0.01,0.06,0.55,0.16,0.2,0.35,1.5,12,10.0,14.0,0.9,1.2,0.6,0.01,0.06,0.65,0.3,0.72,0.005,0.38,0.22,0.01,0.14,1.0,0.28
mpc,ground_truth,curvy,400.0,0.05,0.1,1.0,104.19309928640723,69.59004974365234,130.38186645507812,18.43123310516624,1.0132113392782038,0.35896727862322864,-0.12588389630251973,0.35896727862322864,0.12588389630251973,0.07635468989610672,-0.044892773032188416,0.5651627779006958,0.0,19.444444444444443,323,318,5.0407304763793945,RoadOption.STRAIGHT,59.56026077270508,130.6847381591797,3.1471855581950687,2.8,1.2,4.5,3.0,10.0,0.6,0.01,0.06,0.55,0.16,0.2,0.35,1.5,12,10.0,14.0,0.9,1.2,0.6,0.01,0.06,0.65,0.3,0.72,0.005,0.38,0.22,0.01,0.14,1.0,0.28
mpc,ground_truth,curvy,400.0,0.05,0.1,1.0,104.24309928715229,68.67557525634766,130.51197814941406,18.491924795992755,0.9525196484516876,0.22374307735969529,-0.09691269838409244,0.22374307735969529,0.09691269838409244,0.11118205636739731,0.03482736647129059,0.5486817359924316,0.0,19.444444444444443,324,318,4.120279788970947,RoadOption.STRAIGHT,58.56027603149414,130.6791534423828,3.1471855581950687,2.8,1.2,4.5,3.0,10.0,0.6,0.01,0.06,0.55,0.16,0.2,0.35,1.5,12,10.0,14.0,0.9,1.2,0.6,0.01,0.06,0.65,0.3,0.72,0.005,0.38,0.22,0.01,0.14,1.0,0.28
mpc,ground_truth,curvy,400.0,0.05,0.1,1.0,104.29309928789735,67.75629425048828,130.61676025390625,18.50452160628785,0.939922838156594,0.11381411095998334,-0.06823524713390139,0.11381411095998334,0.06823524713390139,0.10427558422088623,-0.006906472146511078,0.5988375544548035,0.0,19.444444444444443,325,319,4.1970672607421875,RoadOption.STRAIGHT,57.560298919677734,130.67355346679688,3.1471855581950687,2.8,1.2,4.5,3.0,10.0,0.6,0.01,0.06,0.55,0.16,0.2,0.35,1.5,12,10.0,14.0,0.9,1.2,0.6,0.01,0.06,0.65,0.3,0.72,0.005,0.38,0.22,0.01,0.14,1.0,0.28
mpc,ground_truth,curvy,400.0,0.05,0.1,1.0,104.3430992886424,66.83418273925781,130.69491577148438,18.505113063277964,0.939331381166479,0.030510721579144442,-0.03889227192729949,0.030510721579144442,0.03889227192729949,0.09451986104249954,-0.009755723178386688,0.6128890514373779,0.0,19.444444444444443,326,320,4.27397346496582,RoadOption.STRAIGHT,56.5603141784668,130.66796875,3.1471855581950687,2.8,1.2,4.5,3.0,10.0,0.6,0.01,0.06,0.55,0.16,0.2,0.35,1.5,12,10.0,14.0,0.9,1.2,0.6,0.01,0.06,0.65,0.3,0.72,0.005,0.38,0.22,0.01,0.14,1.0,0.28
mpc,ground_truth,curvy,400.0,0.05,0.1,1.0,104.39309928938746,65.91020202636719,130.74710083007812,18.50553165034346,0.9389127941009825,-0.02684832776427756,-0.009886452914701138,0.02684832776427756,0.009886452914701138,0.06187067925930023,-0.03264918178319931,0.6128453612327576,0.0,19.444444444444443,327,321,4.350273132324219,RoadOption.STRAIGHT,55.56032943725586,130.66236877441406,3.1471855581950687,2.8,1.2,4.5,3.0,10.0,0.6,0.01,0.06,0.55,0.16,0.2,0.35,1.5,12,10.0,14.0,0.9,1.2,0.6,0.01,0.06,0.65,0.3,0.72,0.005,0.38,0.22,0.01,0.14,1.0,0.28
mpc,ground_truth,curvy,400.0,0.05,0.1,1.0,104.44309929013252,64.98479461669922,130.7755889892578,18.51730381658621,0.9271406278582326,-0.060503569106037915,0.01654302405935404,0.060503569106037915,0.01654302405935404,0.013128966093063354,-0.04874171316623688,0.592157781124115,0.0,19.444444444444443,328,322,4.425370693206787,RoadOption.STRAIGHT,54.56034469604492,130.6567840576172,3.1471855581950687,2.8,1.2,4.5,3.0,10.0,0.6,0.01,0.06,0.55,0.16,0.2,0.35,1.5,12,10.0,14.0,0.9,1.2,0.6,0.01,0.06,0.65,0.3,0.72,0.005,0.38,0.22,0.01,0.14,1.0,0.28
mpc,ground_truth,curvy,400.0,0.05,0.1,1.0,104.49309929087758,64.0581283569336,130.78501892089844,18.538037418343798,0.9064070261006449,-0.0751231801263967,0.03671753458113969,0.0751231801263967,0.03671753458113969,-0.03654610738158226,-0.049675073474645615,0.568963885307312,0.0,19.444444444444443,329,323,4.498985767364502,RoadOption.STRAIGHT,53.560359954833984,130.65118408203125,3.1471855581950687,2.8,1.2,4.5,3.0,10.0,0.6,0.01,0.06,0.55,0.16,0.2,0.35,1.5,12,10.0,14.0,0.9,1.2,0.6,0.01,0.06,0.65,0.3,0.72,0.005,0.38,0.22,0.01,0.14,1.0,0.28
mpc,ground_truth,curvy,400.0,0.05,0.1,1.0,104.54309929162264,63.13057327270508,130.78147888183594,18.55464868623514,0.8897957582093028,-0.07676273583132132,0.047169909227482876,0.07676273583132132,0.047169909227482876,-0.06988798081874847,-0.033341873437166214,0.5639439225196838,0.0,19.444444444444443,330,324,4.5714430809021,RoadOption.STRAIGHT,52.56037521362305,130.6455841064453,3.1471855581950687,2.8,1.2,4.5,3.0,10.0,0.6,0.01,0.06,0.55,0.16,0.2,0.35,1.5,12,10.0,14.0,0.9,1.2,0.6,0.01,0.06,0.65,0.3,0.72,0.005,0.38,0.22,0.01,0.14,1.0,0.28
mpc,ground_truth,curvy,400.0,0.05,0.1,1.0,104.5930992923677,62.202693939208984,130.77069091796875,18.56097586585132,0.8834685785931242,-0.07117159479734769,0.04693555105155589,0.07117159479734769,0.04693555105155589,-0.07758540660142899,-0.0076974257826805115,0.57248854637146,0.0,19.444444444444443,331,325,4.643411636352539,RoadOption.STRAIGHT,51.56039047241211,130.63999938964844,3.1471855581950687,2.8,1.2,4.5,3.0,10.0,0.6,0.01,0.06,0.55,0.16,0.2,0.35,1.5,12,10.0,14.0,0.9,1.2,0.6,0.01,0.06,0.65,0.3,0.72,0.005,0.38,0.22,0.01,0.14,1.0,0.28
mpc,ground_truth,curvy,400.0,0.05,0.1,1.0,104.64309929311275,61.27477264404297,130.75714111328125,18.56244095899652,0.8820034854479246,-0.06280358960467186,0.0380613656671942,0.06280358960467186,0.0380613656671942,-0.06029634177684784,0.017289064824581146,0.5774439573287964,0.0,19.444444444444443,332,326,4.715301990509033,RoadOption.STRAIGHT,50.56040573120117,130.6343994140625,3.1471855581950687,2.8,1.2,4.5,3.0,10.0,0.6,0.01,0.06,0.55,0.16,0.2,0.35,1.5,12,10.0,14.0,0.9,1.2,0.6,0.01,0.06,0.65,0.3,0.72,0.005,0.38,0.22,0.01,0.14,1.0,0.28
mpc,ground_truth,curvy,400.0,0.05,0.1,1.0,104.69309929385781,60.34675598144531,130.7434844970703,18.565039052342296,0.8794053921021465,-0.05434456648769556,0.024888039335117185,0.05434456648769556,0.024888039335117185,-0.02846243977546692,0.03183390200138092,0.5745255351066589,0.0,19.444444444444443,333,327,4.787114143371582,RoadOption.STRAIGHT,49.560420989990234,130.62881469726562,3.1471855581950687,2.8,1.2,4.5,3.0,10.0,0.6,0.01,0.06,0.55,0.16,0.2,0.35,1.5,12,10.0,14.0,0.9,1.2,0.6,0.01,0.06,0.65,0.3,0.72,0.005,0.38,0.22,0.01,0.14,1.0,0.28
mpc,ground_truth,curvy,400.0,0.05,0.1,1.0,104.74309929460287,59.41853332519531,130.73045349121094,18.56813949441447,0.8763049500299722,-0.046497037484008574,0.012318984254379828,0.046497037484008574,0.012318984254379828,0.0037605497054755688,0.03222298948094249,0.5720624327659607,0.0,19.444444444444443,334,328,4.858747482299805,RoadOption.STRAIGHT,48.5604362487793,130.6232147216797,3.1471855581950687,2.8,1.2,4.5,3.0,10.0,0.6,0.01,0.06,0.55,0.16,0.2,0.35,1.5,12,10.0,14.0,0.9,1.2,0.6,0.01,0.06,0.65,0.3,0.72,0.005,0.38,0.22,0.01,0.14,1.0,0.28
mpc,ground_truth,curvy,400.0,0.05,0.1,1.0,104.79309929534793,58.490203857421875,130.71754455566406,18.56843590803777,0.8760085364066725,-0.038787432817569495,0.003921238389033022,0.038787432817569495,0.003921238389033022,0.024041825905442238,0.02028127619996667,0.575249433517456,0.0,19.444444444444443,335,329,4.930290699005127,RoadOption.STRAIGHT,47.56045150756836,130.6176300048828,3.1471855581950687,2.8,1.2,4.5,3.0,10.0,0.6,0.01,0.06,0.55,0.16,0.2,0.35,1.5,12,10.0,14.0,0.9,1.2,0.6,0.01,0.06,0.65,0.3,0.72,0.005,0.38,0.22,0.01,0.14,1.0,0.28
mpc,ground_truth,curvy,400.0,0.05,0.1,1.0,104.84309929609299,57.561946868896484,130.7040557861328,18.56622125708933,0.8782231873551112,-0.03049759786809717,0.0009342369103997328,0.03049759786809717,0.0009342369103997328,0.027093738317489624,0.003051912412047386,0.5795915126800537,0.0,19.444444444444443,335,330,5.001914024353027,RoadOption.STRAIGHT,47.56045150756836,130.6176300048828,3.1471855581950687,2.8,1.2,4.5,3.0,10.0,0.6,0.01,0.06,0.55,0.16,0.2,0.35,1.5,12,10.0,14.0,0.9,1.2,0.6,0.01,0.06,0.65,0.3,0.72,0.005,0.38,0.22,0.01,0.14,1.0,0.28
mpc,ground_truth,curvy,400.0,0.05,0.1,1.0,104.89309929683805,56.63381576538086,130.68971252441406,18.564421598303017,0.8800228461414257,-0.02134548214209385,0.0022903185374678614,0.02134548214209385,0.0022903185374678614,0.015250504948198795,-0.011843233369290829,0.5801733136177063,0.0,19.444444444444443,336,330,4.0736799240112305,RoadOption.STRAIGHT,46.56046676635742,130.61203002929688,3.1471855581950687,2.8,1.2,4.5,3.0,10.0,0.6,0.01,0.06,0.55,0.16,0.2,0.35,1.5,12,10.0,14.0,0.9,1.2,0.6,0.01,0.06,0.65,0.3,0.72,0.005,0.38,0.22,0.01,0.14,1.0,0.28
mpc,ground_truth,curvy,400.0,0.05,0.1,1.0,104.9430992975831,55.70574188232422,130.67510986328125,18.564208664235185,0.880235780209258,-0.011925490376110737,0.005455751809136267,0.011925490376110737,0.005455751809136267,-0.0034060042817145586,-0.018656509229913354,0.5783969759941101,0.0,19.444444444444443,337,331,4.145500659942627,RoadOption.STRAIGHT,45.560482025146484,130.6064453125,3.1471855581950687,2.8,1.2,4.5,3.0,10.0,0.6,0.01,0.06,0.55,0.16,0.2,0.35,1.5,12,10.0,14.0,0.9,1.2,0.6,0.01,0.06,0.65,0.3,0.72,0.005,0.38,0.22,0.01,0.14,1.0,0.28
mpc,ground_truth,curvy,400.0,0.05,0.1,1.0,104.99309929832816,54.77764129638672,130.66143798828125,18.564067876418708,0.8803765680257349,-0.0034516780815100692,0.007723433477337949,0.0034516780815100692,0.007723433477337949,-0.019454097375273705,-0.016048093093559146,0.578394889831543,0.0,19.444444444444443,338,332,4.217322826385498,RoadOption.STRAIGHT,44.56049728393555,130.60084533691406,3.1471855581950687,2.8,1.2,4.5,3.0,10.0,0.6,0.01,0.06,0.55,0.16,0.2,0.35,1.5,12,10.0,14.0,0.9,1.2,0.6,0.01,0.06,0.65,0.3,0.72,0.005,0.38,0.22,0.01,0.14,1.0,0.28
mpc,ground_truth,curvy,400.0,0.05,0.1,1.0,105.04309929907322,53.849544525146484,130.64991760253906,18.562917150842722,0.8815272936017209,0.0028859584906462676,0.00742089837750548,0.0028859584906462676,0.00742089837750548,-0.025779012590646744,-0.006324915215373039,0.5802972316741943,0.0,19.444444444444443,339,333,4.289175987243652,RoadOption.STRAIGHT,43.56051254272461,130.5952606201172,3.1471855581950687,2.8,1.2,4.5,3.0,10.0,0.6,0.01,0.06,0.55,0.16,0.2,0.35,1.5,12,10.0,14.0,0.9,1.2,0.6,0.01,0.06,0.65,0.3,0.72,0.005,0.38,0.22,0.01,0.14,1.0,0.28
mpc,ground_truth,curvy,400.0,0.05,0.1,1.0,105.09309929981828,52.921478271484375,130.6412353515625,18.5617442912499,0.8827001531945413,0.006370416816917593,0.004429369525019489,0.006370416816917593,0.004429369525019489,-0.02101941965520382,0.0047595929354429245,0.5810275077819824,0.0,19.444444444444443,340,334,4.361079692840576,RoadOption.STRAIGHT,42.56052780151367,130.58966064453125,3.1471855581950687,2.8,1.2,4.5,3.0,10.0,0.6,0.01,0.06,0.55,0.16,0.2,0.35,1.5,12,10.0,14.0,0.9,1.2,0.6,0.01,0.06,0.65,0.3,0.72,0.005,0.38,0.22,0.01,0.14,1.0,0.28
mpc,ground_truth,curvy,400.0,0.05,0.1,1.0,105.14309930056334,51.993412017822266,130.6353759765625,18.56174434354749,0.8827001008969546,0.00704730186752418,-6.977482056047535e-05,0.00704730186752418,6.977482056047535e-05,-0.008157660253345966,0.012861759401857853,0.5796200037002563,0.0,19.444444444444443,341,335,4.4329962730407715,RoadOption.STRAIGHT,41.560543060302734,130.58407592773438,3.1471855581950687,2.8,1.2,4.5,3.0,10.0,0.6,0.01,0.06,0.55,0.16,0.2,0.35,1.5,12,10.0,14.0,0.9,1.2,0.6,0.01,0.06,0.65,0.3,0.72,0.005,0.38,0.22,0.01,0.14,1.0,0.28
mpc,ground_truth,curvy,400.0,0.05,0.1,1.0,105.1930993013084,51.065311431884766,130.63153076171875,18.562632577469554,0.8818118669748891,0.005694607697298237,-0.004261856692453492,0.005694607697298237,0.004261856692453492,0.006280307192355394,0.01443796744570136,0.578021228313446,0.0,19.444444444444443,342,336,4.504887104034424,RoadOption.STRAIGHT,40.5605583190918,130.57847595214844,3.1471855581950687,2.8,1.2,4.5,3.0,10.0,0.6,0.01,0.06,0.55,0.16,0.2,0.35,1.5,12,10.0,14.0,0.9,1.2,0.6,0.01,0.06,0.65,0.3,0.72,0.005,0.38,0.22,0.01,0.14,1.0,0.28
mpc,ground_truth,curvy,400.0,0.05,0.1,1.0,105.24309930205345,50.13716506958008,130.62847900390625,18.563182583146563,0.8812618612978795,0.003563471434579902,-0.0065897258012923565,0.003563471434579902,0.0065897258012923565,0.016375936567783356,0.010095629375427961,0.5780971050262451,0.0,19.444444444444443,343,337,4.5767364501953125,RoadOption.STRAIGHT,39.560577392578125,130.57289123535156,3.1471855581950687,2.8,1.2,4.5,3.0,10.0,0.6,0.01,0.06,0.55,0.16,0.2,0.35,1.5,12,10.0,14.0,0.9,1.2,0.6,0.01,0.06,0.65,0.3,0.72,0.005,0.38,0.22,0.01,0.14,1.0,0.28
mpc,ground_truth,curvy,400.0,0.05,0.1,1.0,105.29309930279851,49.20901870727539,130.6251220703125,18.563032441566154,0.8814120028782888,0.0017222476296747738,-0.00640543505385871,0.0017222476296747738,0.00640543505385871,0.018409090116620064,0.002033153548836708,0.5790273547172546,0.0,19.444444444444443,344,338,4.648585319519043,RoadOption.STRAIGHT,38.56059265136719,130.56729125976562,3.1471855581950687,2.8,1.2,4.5,3.0,10.0,0.6,0.01,0.06,0.55,0.16,0.2,0.35,1.5,12,10.0,14.0,0.9,1.2,0.6,0.01,0.06,0.65,0.3,0.72,0.005,0.38,0.22,0.01,0.14,1.0,0.28
mpc,ground_truth,curvy,400.0,0.05,0.1,1.0,105.34309930354357,48.280887603759766,130.62081909179688,18.562835148000953,0.8816092964434894,0.0008423978411832948,-0.004145476552817939,0.0008423978411832948,0.004145476552817939,0.012986077927052975,-0.005423012189567089,0.5792023539543152,0.0,19.444444444444443,345,339,4.720444679260254,RoadOption.STRAIGHT,37.56060791015625,130.5616912841797,3.1471855581950687,2.8,1.2,4.5,3.0,10.0,0.6,0.01,0.06,0.55,0.16,0.2,0.35,1.5,12,10.0,14.0,0.9,1.2,0.6,0.01,0.06,0.65,0.3,0.72,0.005,0.38,0.22,0.01,0.14,1.0,0.28
mpc,ground_truth,curvy,400.0,0.05,0.1,1.0,105.39309930428863,47.35275650024414,130.615478515625,18.563048640816355,0.881395803628088,0.0009848709302436552,-0.0009968211960167395,0.0009848709302436552,0.0009968211960167395,0.0032020793296396732,-0.009783998597413301,0.5785812735557556,0.0,19.444444444444443,346,340,4.792298793792725,RoadOption.STRAIGHT,36.56062316894531,130.5561065673828,3.1471855581950687,2.8,1.2,4.5,3.0,10.0,0.6,0.01,0.06,0.55,0.16,0.2,0.35,1.5,12,10.0,14.0,0.9,1.2,0.6,0.01,0.06,0.65,0.3,0.72,0.005,0.38,0.22,0.01,0.14,1.0,0.28
mpc,ground_truth,curvy,400.0,0.05,0.1,1.0,105.44309930503368,46.42461395263672,130.6095428466797,18.563398245273333,0.8810461991711094,0.0017376220303728443,0.0016671388423894484,0.0017376220303728443,0.0016671388423894484,-0.006004097871482372,-0.009206177201122046,0.5782082080841064,0.0,19.444444444444443,347,341,4.864138126373291,RoadOption.STRAIGHT,35.560638427734375,130.55050659179688,3.1471855581950687,2.8,1.2,4.5,3.0,10.0,0.6,0.01,0.06,0.55,0.16,0.2,0.35,1.5,12,10.0,14.0,0.9,1.2,0.6,0.01,0.06,0.65,0.3,0.72,0.005,0.38,0.22,0.01,0.14,1.0,0.28
mpc,ground_truth,curvy,400.0,0.05,0.1,1.0,105.49309930577874,45.496463775634766,130.6036376953125,18.56345779241376,0.8809866520306819,0.0024445548090150197,0.0028977855821148424,0.0024445548090150197,0.0028977855821148424,-0.011153878644108772,-0.0051497807726264,0.5785205364227295,0.0,19.444444444444443,348,342,4.935969829559326,RoadOption.STRAIGHT,34.56065368652344,130.544921875,3.1471855581950687,2.8,1.2,4.5,3.0,10.0,0.6,0.01,0.06,0.55,0.16,0.2,0.35,1.5,12,10.0,14.0,0.9,1.2,0.6,0.01,0.06,0.65,0.3,0.72,0.005,0.38,0.22,0.01,0.14,1.0,0.28
mpc,ground_truth,curvy,400.0,0.05,0.1,1.0,105.5430993065238,44.56831359863281,130.59825134277344,18.563299390061825,0.8811450543826176,0.002647934088960212,0.002480734555408759,0.002647934088960212,0.002480734555408759,-0.010560739785432816,0.0005931388586759567,0.5788770914077759,0.0,19.444444444444443,348,343,5.007800579071045,RoadOption.STRAIGHT,34.56065368652344,130.544921875,3.1471855581950687,2.8,1.2,4.5,3.0,10.0,0.6,0.01,0.06,0.55,0.16,0.2,0.35,1.5,12,10.0,14.0,0.9,1.2,0.6,0.01,0.06,0.65,0.3,0.72,0.005,0.38,0.22,0.01,0.14,1.0,0.28
mpc,ground_truth,curvy,400.0,0.05,0.1,1.0,105.59309930726886,43.64017105102539,130.59361267089844,18.56325860960991,0.8811858348345325,0.0020955477480466764,0.00091799162774997,0.0020955477480466764,0.00091799162774997,-0.005514862947165966,0.0050458768382668495,0.5787604451179504,0.0,19.444444444444443,349,343,4.079646587371826,RoadOption.STRAIGHT,33.560672760009766,130.53932189941406,3.1471855581950687,2.8,1.2,4.5,3.0,10.0,0.6,0.01,0.06,0.55,0.16,0.2,0.35,1.5,12,10.0,14.0,0.9,1.2,0.6,0.01,0.06,0.65,0.3,0.72,0.005,0.38,0.22,0.01,0.14,1.0,0.28
mpc,ground_truth,curvy,400.0,0.05,0.1,1.0,105.64309930801392,42.71200942993164,130.58949279785156,18.563395632400017,0.8810488120444262,0.0010171661231959221,-0.0008956210745942883,0.0010171661231959221,0.0008956210745942883,0.0011197241256013513,0.006634587072767317,0.5784648656845093,0.0,19.444444444444443,350,344,4.1514763832092285,RoadOption.STRAIGHT,32.56068801879883,130.5337371826172,3.1471855581950687,2.8,1.2,4.5,3.0,10.0,0.6,0.01,0.06,0.55,0.16,0.2,0.35,1.5,12,10.0,14.0,0.9,1.2,0.6,0.01,0.06,0.65,0.3,0.72,0.005,0.38,0.22,0.01,0.14,1.0,0.28
mpc,ground_truth,curvy,400.0,0.05,0.1,1.0,105.69309930875897,41.78384017944336,130.5855255126953,18.563496582426886,0.8809478620175568,-0.00021384367602040114,-0.0021094898994515887,0.00021384367602040114,0.0021094898994515887,0.006323216948658228,0.005203492823056877,0.5784475803375244,0.0,19.444444444444443,351,345,4.223299980163574,RoadOption.STRAIGHT,31.56070327758789,130.52813720703125,3.1471855581950687,2.8,1.2,4.5,3.0,10.0,0.6,0.01,0.06,0.55,0.16,0.2,0.35,1.5,12,10.0,14.0,0.9,1.2,0.6,0.01,0.06,0.65,0.3,0.72,0.005,0.38,0.22,0.01,0.14,1.0,0.28
mpc,ground_truth,curvy,400.0,0.05,0.1,1.0,105.74309930950403,40.855674743652344,130.5812225341797,18.5634516426374,0.880992801807043,-0.001093885480651955,-0.0022732743064919347,0.001093885480651955,0.0022732743064919347,0.00817357748746872,0.0018503605388104916,0.5786495804786682,0.0,19.444444444444443,352,346,4.295125484466553,RoadOption.STRAIGHT,30.560718536376953,130.52255249023438,3.1471855581950687,2.8,1.2,4.5,3.0,10.0,0.6,0.01,0.06,0.55,0.16,0.2,0.35,1.5,12,10.0,14.0,0.9,1.2,0.6,0.01,0.06,0.65,0.3,0.72,0.005,0.38,0.22,0.01,0.14,1.0,0.28
mpc,ground_truth,curvy,400.0,0.05,0.1,1.0,105.79309931024909,39.92751693725586,130.5763397216797,18.563381167561072,0.8810632768833706,-0.0014093182498149635,-0.0014471617363494005,0.0014093182498149635,0.0014471617363494005,0.006184435449540615,-0.0019891420379281044,0.5787225365638733,0.0,19.444444444444443,353,347,4.366955280303955,RoadOption.STRAIGHT,29.560733795166016,130.51695251464844,3.1471855581950687,2.8,1.2,4.5,3.0,10.0,0.6,0.01,0.06,0.55,0.16,0.2,0.35,1.5,12,10.0,14.0,0.9,1.2,0.6,0.01,0.06,0.65,0.3,0.72,0.005,0.38,0.22,0.01,0.14,1.0,0.28
mpc,ground_truth,curvy,400.0,0.05,0.1,1.0,105.84309931099415,38.99936294555664,130.57086181640625,18.56341171124448,0.8810327331999623,-0.0011143876674024403,-0.00011717908796349263,0.0011143876674024403,0.00011717908796349263,0.001983275404199958,-0.004201160045340657,0.5785830020904541,0.0,19.444444444444443,354,348,4.438785552978516,RoadOption.STRAIGHT,28.560749053955078,130.51136779785156,3.1471855581950687,2.8,1.2,4.5,3.0,10.0,0.6,0.01,0.06,0.55,0.16,0.2,0.35,1.5,12,10.0,14.0,0.9,1.2,0.6,0.01,0.06,0.65,0.3,0.72,0.005,0.38,0.22,0.01,0.14,1.0,0.28
mpc,ground_truth,curvy,400.0,0.05,0.1,1.0,105.8930993117392,38.07121276855469,130.56504821777344,18.5634919392227,0.8809525052217424,-0.0004990275263542683,0.0010889665697337847,0.0004990275263542683,0.0010889665697337847,-0.0025261808186769485,-0.004509456222876906,0.5784752368927002,0.0,19.444444444444443,355,349,4.510613918304443,RoadOption.STRAIGHT,27.56076431274414,130.50576782226562,3.1471855581950687,2.8,1.2,4.5,3.0,10.0,0.6,0.01,0.06,0.55,0.16,0.2,0.35,1.5,12,10.0,14.0,0.9,1.2,0.6,0.01,0.06,0.65,0.3,0.72,0.005,0.38,0.22,0.01,0.14,1.0,0.28
mpc,ground_truth,curvy,400.0,0.05,0.1,1.0,105.94309931248426,37.1430549621582,130.55918884277344,18.563515479824225,0.8809289646202174,0.0001773454812121142,0.0016809872800571668,0.0001773454812121142,0.0016809872800571668,-0.005196090321987867,-0.002669909503310919,0.5785291194915771,0.0,19.444444444444443,356,350,4.582437992095947,RoadOption.STRAIGHT,26.560779571533203,130.50018310546875,3.1471855581950687,2.8,1.2,4.5,3.0,10.0,0.6,0.01,0.06,0.55,0.16,0.2,0.35,1.5,12,10.0,14.0,0.9,1.2,0.6,0.01,0.06,0.65,0.3,0.72,0.005,0.38,0.22,0.01,0.14,1.0,0.28
mpc,ground_truth,curvy,400.0,0.05,0.1,1.0,105.99309931322932,36.21489334106445,130.55357360839844,18.563485947808093,0.8809584966363495,0.0005943017966610585,0.0015054849642215373,0.0005943017966610585,0.0015054849642215373,-0.005407471675425768,-0.00021138135343790054,0.5786105394363403,0.0,19.444444444444443,357,351,4.654260158538818,RoadOption.STRAIGHT,25.560794830322266,130.4945831298828,3.1471855581950687,2.8,1.2,4.5,3.0,10.0,0.6,0.01,0.06,0.55,0.16,0.2,0.35,1.5,12,10.0,14.0,0.9,1.2,0.6,0.01,0.06,0.65,0.3,0.72,0.005,0.38,0.22,0.01,0.14,1.0,0.28
mpc,ground_truth,curvy,400.0,0.05,0.1,1.0,106.04309931397438,35.28673553466797,130.54833984375,18.563467527955503,0.8809769164889403,0.0006450742373673608,0.0007472830018757648,0.0006450742373673608,0.0007472830018757648,-0.0032153218053281307,0.002192149870097637,0.5786082744598389,0.0,19.444444444444443,358,352,4.726088047027588,RoadOption.STRAIGHT,24.56081199645996,130.48899841308594,3.1471855581950687,2.8,1.2,4.5,3.0,10.0,0.6,0.01,0.06,0.55,0.16,0.2,0.35,1.5,12,10.0,14.0,0.9,1.2,0.6,0.01,0.06,0.65,0.3,0.72,0.005,0.38,0.22,0.01,0.14,1.0,0.28
mpc,ground_truth,curvy,400.0,0.05,0.1,1.0,106.09309931471944,34.35857391357422,130.54345703125,18.563497514942938,0.8809469295015049,0.00032962013307767657,-0.0001890844373964029,0.00032962013307767657,0.0001890844373964029,-0.00010685565939638764,0.003108466145931743,0.5785321593284607,0.0,19.444444444444443,359,353,4.797913551330566,RoadOption.STRAIGHT,23.560827255249023,130.4833984375,3.1471855581950687,2.8,1.2,4.5,3.0,10.0,0.6,0.01,0.06,0.55,0.16,0.2,0.35,1.5,12,10.0,14.0,0.9,1.2,0.6,0.01,0.06,0.65,0.3,0.72,0.005,0.38,0.22,0.01,0.14,1.0,0.28
mpc,ground_truth,curvy,400.0,0.05,0.1,1.0,106.1430993154645,33.430416107177734,130.5386962890625,18.563526733708656,0.8809177107357868,-9.262248896388381e-05,-0.0008863000107783847,9.262248896388381e-05,0.0008863000107783847,0.002659671474248171,0.0027665271336445585,0.5785155892372131,0.0,19.444444444444443,360,354,4.869744300842285,RoadOption.STRAIGHT,22.560842514038086,130.47779846191406,3.1471855581950687,2.8,1.2,4.5,3.0,10.0,0.6,0.01,0.06,0.55,0.16,0.2,0.35,1.5,12,10.0,14.0,0.9,1.2,0.6,0.01,0.06,0.65,0.3,0.72,0.005,0.38,0.22,0.01,0.14,1.0,0.28
mpc,ground_truth,curvy,400.0,0.05,0.1,1.0,106.19309931620955,32.502254486083984,130.5338592529297,18.56352503900344,0.8809194054410021,-0.00045385224448723366,-0.001086836040862238,0.00045385224448723366,0.001086836040862238,0.0037510015536099672,0.0010913300793617964,0.5785536766052246,0.0,19.444444444444443,361,355,4.941570281982422,RoadOption.STRAIGHT,21.56085777282715,130.4722137451172,3.1471855581950687,2.8,1.2,4.5,3.0,10.0,0.6,0.01,0.06,0.55,0.16,0.2,0.35,1.5,12,10.0,14.0,0.9,1.2,0.6,0.01,0.06,0.65,0.3,0.72,0.005,0.38,0.22,0.01,0.14,1.0,0.28
mpc,ground_truth,curvy,400.0,0.05,0.1,1.0,106.24309931695461,31.5740909576416,130.52880859375,18.563509650878384,0.880934793566059,-0.0005862144114055987,-0.0007904262115356886,0.0005862144114055987,0.0007904262115356886,0.003204756649211049,-0.0005462449043989182,0.5785793662071228,0.0,19.444444444444443,361,356,5.013393402099609,RoadOption.STRAIGHT,21.56085777282715,130.4722137451172,3.1471855581950687,2.8,1.2,4.5,3.0,10.0,0.6,0.01,0.06,0.55,0.16,0.2,0.35,1.5,12,10.0,14.0,0.9,1.2,0.6,0.01,0.06,0.65,0.3,0.72,0.005,0.38,0.22,0.01,0.14,1.0,0.28
mpc,ground_truth,curvy,400.0,0.05,0.1,1.0,106.29309931769967,30.64592742919922,130.52349853515625,18.56351110766895,0.8809333367754917,-0.0004673418774221033,-0.00019707392066603546,0.0004673418774221033,0.00019707392066603546,0.0013395006535574794,-0.0018652559956535697,0.5785582661628723,0.0,19.444444444444443,362,356,4.085214614868164,RoadOption.STRAIGHT,20.56087303161621,130.46661376953125,3.1471855581950687,2.8,1.2,4.5,3.0,10.0,0.6,0.01,0.06,0.55,0.16,0.2,0.35,1.5,12,10.0,14.0,0.9,1.2,0.6,0.01,0.06,0.65,0.3,0.72,0.005,0.38,0.22,0.01,0.14,1.0,0.28
mpc,ground_truth,curvy,400.0,0.05,0.1,1.0,106.34309931844473,29.71776580810547,130.5179901123047,18.56352887662586,0.8809155678185832,-0.0001571954148517074,0.00039627837020361767,0.0001571954148517074,0.00039627837020361767,-0.0009064446785487235,-0.002245945332106203,0.5785280466079712,0.0,19.444444444444443,363,357,4.157037258148193,RoadOption.STRAIGHT,19.560890197753906,130.46102905273438,3.1471855581950687,2.8,1.2,4.5,3.0,10.0,0.6,0.01,0.06,0.55,0.16,0.2,0.35,1.5,12,10.0,14.0,0.9,1.2,0.6,0.01,0.06,0.65,0.3,0.72,0.005,0.38,0.22,0.01,0.14,1.0,0.28
mpc,ground_truth,curvy,400.0,0.05,0.1,1.0,106.39309931918979,28.78960418701172,130.51248168945312,18.56353576481482,0.8809086796296235,0.0001681989305665696,0.0007294398225727861,0.0001681989305665696,0.0007294398225727861,-0.002295911544933915,-0.0013894668663851917,0.5785369277000427,0.0,19.444444444444443,364,358,4.228857517242432,RoadOption.STRAIGHT,18.560895919799805,130.45542907714844,3.1471855581950687,2.8,1.2,4.5,3.0,10.0,0.6,0.01,0.06,0.55,0.16,0.2,0.35,1.5,12,10.0,14.0,0.9,1.2,0.6,0.01,0.06,0.65,0.3,0.72,0.005,0.38,0.22,0.01,0.14,1.0,0.28
mpc,ground_truth,curvy,400.0,0.05,0.1,1.0,106.44309931993484,27.86144256591797,130.507080078125,18.563528591334105,0.8809158531103378,0.0003715355402584136,0.0007022755794530156,0.0003715355402584136,0.0007022755794530156,-0.0025763409212231636,-0.00028042937628924847,0.5785581469535828,0.0,19.444444444444443,365,359,4.300681114196777,RoadOption.STRAIGHT,17.56505584716797,130.44969177246094,3.14797438650995,2.8,1.2,4.5,3.0,10.0,0.6,0.01,0.06,0.55,0.16,0.2,0.35,1.5,12,10.0,14.0,0.9,1.2,0.6,0.01,0.06,0.65,0.3,0.72,0.005,0.38,0.22,0.01,0.14,1.0,0.28
mpc,ground_truth,curvy,400.0,0.05,0.1,1.0,106.4930993206799,26.93328094482422,130.50186157226562,18.563522900991952,0.8809215434524909,0.00039176954501559877,0.00038136466809923775,0.00039176954501559877,0.00038136466809923775,-0.0017397275660187006,0.000836613355204463,0.5785597562789917,0.0,19.444444444444443,366,360,4.372505187988281,RoadOption.STRAIGHT,16.57558250427246,130.4423828125,3.1499744204885998,2.8,1.2,4.5,3.0,10.0,0.6,0.01,0.06,0.55,0.16,0.2,0.35,1.5,12,10.0,14.0,0.9,1.2,0.6,0.01,0.06,0.65,0.3,0.72,0.005,0.38,0.22,0.01,0.14,1.0,0.28
mpc,ground_truth,curvy,400.0,0.05,0.1,1.0,106.54309932142496,26.00511932373047,130.49681091308594,18.563527414028524,0.8809170304159188,0.0002594180456605734,-5.832322787302502e-05,0.0002594180456605734,5.832322787302502e-05,-0.00019569975847844034,0.0015440278075402603,0.5785447955131531,0.0,19.444444444444443,367,361,4.444330215454102,RoadOption.STRAIGHT,15.586126327514648,130.43312072753906,3.15197418815114,2.8,1.2,4.5,3.0,10.0,0.6,0.01,0.06,0.55,0.16,0.2,0.35,1.5,12,10.0,14.0,0.9,1.2,0.6,0.01,0.06,0.65,0.3,0.72,0.005,0.38,0.22,0.01,0.14,1.0,0.28
mpc,ground_truth,curvy,400.0,0.05,0.1,1.0,106.59309932217002,25.07695960998535,130.49185180664062,18.56353694324959,0.8809075011948515,2.0267360990332273e-05,-0.0004069310145649041,2.0267360990332273e-05,0.0004069310145649041,0.0010920350905507803,0.0012877348490292206,0.5785330533981323,0.0,19.444444444444443,368,362,4.516157627105713,RoadOption.STRAIGHT,14.596691131591797,130.42184448242188,3.1539742221297895,2.8,1.2,4.5,3.0,10.0,0.6,0.01,0.06,0.55,0.16,0.2,0.35,1.5,12,10.0,14.0,0.9,1.2,0.6,0.01,0.06,0.65,0.3,0.72,0.005,0.38,0.22,0.01,0.14,1.0,0.28
mpc,ground_truth,curvy,400.0,0.05,0.1,1.0,106.64309932291508,24.1487979888916,130.4868621826172,18.563539623521187,0.8809048209232557,-0.00017312900757291902,-0.0005326322180163601,0.00017312900757291902,0.0005326322180163601,0.0018326104618608952,0.0007405753713101149,0.5785396695137024,0.0,19.444444444444443,369,363,4.587981224060059,RoadOption.STRAIGHT,13.607279777526855,130.40863037109375,3.155974256108439,2.8,1.2,4.5,3.0,10.0,0.6,0.01,0.06,0.55,0.16,0.2,0.35,1.5,12,10.0,14.0,0.9,1.2,0.6,0.01,0.06,0.65,0.3,0.72,0.005,0.38,0.22,0.01,0.14,1.0,0.28
mpc,ground_truth,curvy,400.0,0.05,0.1,1.0,106.69309932366014,23.22063636779785,130.48178100585938,18.563533501581922,0.8809109428625206,-0.0002901686187000395,-0.00041199102063593784,0.0002901686187000395,0.00041199102063593784,0.0020467564463615417,0.0002141459845006466,0.5785539150238037,0.0,19.444444444444443,370,364,4.659815311431885,RoadOption.STRAIGHT,12.617897033691406,130.39340209960938,3.1579742900870884,2.8,1.2,4.5,3.0,10.0,0.6,0.01,0.06,0.55,0.16,0.2,0.35,1.5,12,10.0,14.0,0.9,1.2,0.6,0.01,0.06,0.65,0.3,0.72,0.005,0.38,0.22,0.01,0.14,1.0,0.28
mpc,ground_truth,curvy,400.0,0.05,0.1,1.0,106.7430993244052,22.29247283935547,130.47650146484375,18.5635317414895,0.8809127029549444,0.0033597614143027373,-0.0008878979074324889,0.0033597614143027373,0.0008878979074324889,0.004009241238236427,0.0019624847918748856,0.5785497426986694,0.0,19.444444444444443,371,365,4.7274932861328125,RoadOption.STRAIGHT,11.628546714782715,130.37619018554688,3.1599743240657383,2.8,1.2,4.5,3.0,10.0,0.6,0.01,0.06,0.55,0.16,0.2,0.35,1.5,12,10.0,14.0,0.9,1.2,0.6,0.01,0.06,0.65,0.3,0.72,0.005,0.38,0.22,0.01,0.14,1.0,0.28
mpc,ground_truth,curvy,400.0,0.05,0.1,1.0,106.79309932515025,21.36431312561035,130.47084045410156,18.563503482976557,0.8809409614678856,0.011680911859046208,-0.0022964438079755567,0.011680911859046208,0.0022964438079755567,0.0016859985189512372,-0.00232324271928519,0.5785984992980957,0.0,19.444444444444443,372,366,4.788815498352051,RoadOption.STRAIGHT,10.639232635498047,130.3570098876953,3.1619743580443878,2.8,1.2,4.5,3.0,10.0,0.6,0.01,0.06,0.55,0.16,0.2,0.35,1.5,12,10.0,14.0,0.9,1.2,0.6,0.01,0.06,0.65,0.3,0.72,0.005,0.38,0.22,0.01,0.14,1.0,0.28
mpc,ground_truth,curvy,400.0,0.05,0.1,1.0,106.84309932589531,20.436159133911133,130.46482849121094,18.563511005867532,0.8809334385769105,0.018643823756496362,-0.0036416064745745658,0.018643823756496362,0.0036416064745745658,-0.0007855930598452687,-0.002471591578796506,0.5785510540008545,0.0,19.444444444444443,373,367,4.850136756896973,RoadOption.STRAIGHT,9.640340805053711,130.3365020751953,3.1621453329863707,2.8,1.2,4.5,3.0,10.0,0.6,0.01,0.06,0.55,0.16,0.2,0.35,1.5,12,10.0,14.0,0.9,1.2,0.6,0.01,0.06,0.65,0.3,0.72,0.005,0.38,0.22,0.01,0.14,1.0,0.28
mpc,ground_truth,curvy,400.0,0.05,0.1,1.0,106.89309932664037,19.50800323486328,130.45870971679688,18.563523007732293,0.8809214367121498,0.0239457850868271,-0.005247758928001112,0.0239457850868271,0.005247758928001112,-0.0013922813814133406,-0.0006066883215680718,0.5785384774208069,0.0,19.444444444444443,374,368,4.9114508628845215,RoadOption.STRAIGHT,8.640128135681152,130.31594848632812,3.162064639205341,2.8,1.2,4.5,3.0,10.0,0.6,0.01,0.06,0.55,0.16,0.2,0.35,1.5,12,10.0,14.0,0.9,1.2,0.6,0.01,0.06,0.65,0.3,0.72,0.005,0.38,0.22,0.01,0.14,1.0,0.28
mpc,ground_truth,curvy,400.0,0.05,0.1,1.0,106.94309932738543,18.57984733581543,130.45257568359375,18.563530437948526,0.8809140064959173,0.027570256987817843,-0.007162571751768709,0.027570256987817843,0.007162571751768709,0.0009890245273709297,0.0023813059087842703,0.5785394906997681,0.0,19.444444444444443,375,369,4.972762107849121,RoadOption.STRAIGHT,7.629819393157959,130.29627990722656,3.1600646052266916,2.8,1.2,4.5,3.0,10.0,0.6,0.01,0.06,0.55,0.16,0.2,0.35,1.5,12,10.0,14.0,0.9,1.2,0.6,0.01,0.06,0.65,0.3,0.72,0.005,0.38,0.22,0.01,0.14,1.0,0.28
mpc,ground_truth,curvy,400.0,0.05,0.1,1.0,106.99309932813048,17.651691436767578,130.4462127685547,18.5635300730879,0.8809143713565426,0.02965451892844017,-0.009096825651492502,0.02965451892844017,0.009096825651492502,0.0048195053823292255,0.003830480854958296,0.5785490870475769,0.0,19.444444444444443,375,370,5.034071922302246,RoadOption.STRAIGHT,7.629819393157959,130.29627990722656,3.1600646052266916,2.8,1.2,4.5,3.0,10.0,0.6,0.01,0.06,0.55,0.16,0.2,0.35,1.5,12,10.0,14.0,0.9,1.2,0.6,0.01,0.06,0.65,0.3,0.72,0.005,0.38,0.22,0.01,0.14,1.0,0.28
mpc,ground_truth,curvy,400.0,0.05,0.1,1.0,107.04309932887554,16.723543167114258,130.4392547607422,18.56346542524249,0.880979019201952,0.021407685610547726,-0.008634500886254948,0.021407685610547726,0.008634500886254948,0.011294743046164513,0.006475237663835287,0.578665018081665,0.0,19.444444444444443,376,370,4.105902671813965,RoadOption.STRAIGHT,6.619473934173584,130.2786407470703,3.158064571248042,2.8,1.2,4.5,3.0,10.0,0.6,0.01,0.06,0.55,0.16,0.2,0.35,1.5,12,10.0,14.0,0.9,1.2,0.6,0.01,0.06,0.65,0.3,0.72,0.005,0.38,0.22,0.01,0.14,1.0,0.28
mpc,ground_truth,curvy,400.0,0.05,0.1,1.0,107.0930993296206,15.795414924621582,130.43101501464844,18.56317718692286,0.8812672575215821,0.021774117988818877,-0.00926886585791209,0.021774117988818877,0.00926886585791209,0.013377474620938301,0.0020827315747737885,0.5791062116622925,0.0,19.444444444444443,377,371,4.167229175567627,RoadOption.STRAIGHT,5.609095096588135,130.26300048828125,3.1560645372693927,2.8,1.2,4.5,3.0,10.0,0.6,0.01,0.06,0.55,0.16,0.2,0.35,1.5,12,10.0,14.0,0.9,1.2,0.6,0.01,0.06,0.65,0.3,0.72,0.005,0.38,0.22,0.01,0.14,1.0,0.28
mpc,ground_truth,curvy,400.0,0.05,0.1,1.0,107.14309933036566,14.86732006072998,130.42100524902344,18.562911298645062,0.8815331457993807,0.02218759250018247,-0.00893144334779894,0.02218759250018247,0.00893144334779894,0.009983142837882042,-0.003394331783056259,0.5792389512062073,0.0,19.444444444444443,378,372,4.228571891784668,RoadOption.STRAIGHT,4.598687171936035,130.24937438964844,3.1540645032907433,2.8,1.2,4.5,3.0,10.0,0.6,0.01,0.06,0.55,0.16,0.2,0.35,1.5,12,10.0,14.0,0.9,1.2,0.6,0.01,0.06,0.65,0.3,0.72,0.005,0.38,0.22,0.01,0.14,1.0,0.28
mpc,ground_truth,curvy,400.0,0.05,0.1,1.0,107.19309933111072,13.939249038696289,130.40924072265625,18.562967594938122,0.8814768495063205,0.01562457735931018,-0.006364955005289552,0.01562457735931018,0.006364955005289552,0.005232258699834347,-0.004750884138047695,0.5788185596466064,0.0,19.444444444444443,379,373,4.299523830413818,RoadOption.STRAIGHT,3.5882537364959717,130.23777770996094,3.152064469312094,2.8,1.2,4.5,3.0,10.0,0.6,0.01,0.06,0.55,0.16,0.2,0.35,1.5,12,10.0,14.0,0.9,1.2,0.6,0.01,0.06,0.65,0.3,0.72,0.005,0.38,0.22,0.01,0.14,1.0,0.28
mpc,ground_truth,curvy,400.0,0.05,0.1,1.0,107.24309933185577,13.011187553405762,130.39602661132812,18.563193045365512,0.8812513990789306,0.009416670019586904,-0.0038314898602971326,0.009416670019586904,0.0038314898602971326,0.00022062390053179115,-0.005011634799302556,0.5784803032875061,0.0,19.444444444444443,380,374,4.371793270111084,RoadOption.STRAIGHT,2.577799081802368,130.22821044921875,3.150064701649553,2.8,1.2,4.5,3.0,10.0,0.6,0.01,0.06,0.55,0.16,0.2,0.35,1.5,12,10.0,14.0,0.9,1.2,0.6,0.01,0.06,0.65,0.3,0.72,0.005,0.38,0.22,0.01,0.14,1.0,0.28
mpc,ground_truth,curvy,400.0,0.05,0.1,1.0,107.29309933260083,12.083131790161133,130.3817596435547,18.563392310318243,0.8810521341262003,-0.0032084601511900707,-0.00014833807271763533,0.0032084601511900707,0.00014833807271763533,-0.0018643781077116728,-0.002085002008243464,0.5783921480178833,0.0,19.444444444444443,381,375,4.454133033752441,RoadOption.STRAIGHT,1.567327618598938,130.2206573486328,3.1480646676709036,2.8,1.2,4.5,3.0,10.0,0.6,0.01,0.06,0.55,0.16,0.2,0.35,1.5,12,10.0,14.0,0.9,1.2,0.6,0.01,0.06,0.65,0.3,0.72,0.005,0.38,0.22,0.01,0.14,1.0,0.28
mpc,ground_truth,curvy,400.0,0.05,0.1,1.0,107.34309933334589,11.155081748962402,130.36668395996094,18.56349654516189,0.8809478992825532,-0.013324488982111748,0.002698314816468539,0.013324488982111748,0.002698314816468539,-0.001053979154676199,0.0008103989530354738,0.5784436464309692,0.0,19.444444444444443,382,376,4.536462783813477,RoadOption.STRAIGHT,0.5656337141990662,130.2144775390625,3.14773816412126,2.8,1.2,4.5,3.0,10.0,0.6,0.01,0.06,0.55,0.16,0.2,0.35,1.5,12,10.0,14.0,0.9,1.2,0.6,0.01,0.06,0.65,0.3,0.72,0.005,0.38,0.22,0.01,0.14,1.0,0.28
mpc,ground_truth,curvy,400.0,0.05,0.1,1.0,107.39309933409095,10.22704029083252,130.350830078125,18.5635367750693,0.8809076693751443,-0.02099235975082718,0.005026716557524402,0.02099235975082718,0.005026716557524402,-0.0007955104811117053,0.00025846867356449366,0.5784963369369507,0.0,19.444444444444443,383,377,4.618780612945557,RoadOption.STRAIGHT,-0.4343474507331848,130.20834350585938,-3.1354468767422174,2.8,1.2,4.5,3.0,10.0,0.6,0.01,0.06,0.55,0.16,0.2,0.35,1.5,12,10.0,14.0,0.9,1.2,0.6,0.01,0.06,0.65,0.3,0.72,0.005,0.38,0.22,0.01,0.14,1.0,0.28
mpc,ground_truth,curvy,400.0,0.05,0.1,1.0,107.443099334836,9.299009323120117,130.33436584472656,18.563551351212663,0.88089309323178,-0.02636465339085447,0.007108243265530945,0.02636465339085447,0.007108243265530945,-0.0019498406909406185,-0.0011543302098289132,0.5785183906555176,0.0,19.444444444444443,384,378,4.7010908126831055,RoadOption.STRAIGHT,-1.434328556060791,130.20217895507812,-3.1354468767422174,2.8,1.2,4.5,3.0,10.0,0.6,0.01,0.06,0.55,0.16,0.2,0.35,1.5,12,10.0,14.0,0.9,1.2,0.6,0.01,0.06,0.65,0.3,0.72,0.005,0.38,0.22,0.01,0.14,1.0,0.28
mpc,ground_truth,curvy,400.0,0.05,0.1,1.0,107.49309933558106,8.370984077453613,130.31752014160156,18.563556463302923,0.8808879811415196,-0.02965510401818429,0.00896499917753335,0.02965510401818429,0.00896499917753335,-0.004432608373463154,-0.0024827676825225353,0.5785266757011414,0.0,19.444444444444443,385,379,4.783395290374756,RoadOption.STRAIGHT,-2.434309959411621,130.196044921875,-3.1354468767422174,2.8,1.2,4.5,3.0,10.0,0.6,0.01,0.06,0.55,0.16,0.2,0.35,1.5,12,10.0,14.0,0.9,1.2,0.6,0.01,0.06,0.65,0.3,0.72,0.005,0.38,0.22,0.01,0.14,1.0,0.28
mpc,ground_truth,curvy,400.0,0.05,0.1,1.0,107.54309933632612,7.442958831787109,130.30076599121094,18.56353151169919,0.8809129327452538,-0.0313355639998401,0.010443319898636894,0.0313355639998401,0.010443319898636894,-0.007368918042629957,-0.0029363096691668034,0.5785776972770691,0.0,19.444444444444443,386,380,4.865701675415039,RoadOption.STRAIGHT,-3.434290885925293,130.18988037109375,-3.1354468767422174,2.8,1.2,4.5,3.0,10.0,0.6,0.01,0.06,0.55,0.16,0.2,0.35,1.5,12,10.0,14.0,0.9,1.2,0.6,0.01,0.06,0.65,0.3,0.72,0.005,0.38,0.22,0.01,0.14,1.0,0.28
mpc,ground_truth,curvy,400.0,0.05,0.1,1.0,107.59309933707118,6.514926433563232,130.2845916748047,18.5634397876631,0.881004656781343,-0.03191228151372836,0.011361844158605194,0.03191228151372836,0.011361844158605194,-0.008007493801414967,-0.0006385757587850094,0.5787128806114197,0.0,19.444444444444443,387,381,4.948012351989746,RoadOption.STRAIGHT,-4.434271812438965,130.18374633789062,-3.1354468767422174,2.8,1.2,4.5,3.0,10.0,0.6,0.01,0.06,0.55,0.16,0.2,0.35,1.5,12,10.0,14.0,0.9,1.2,0.6,0.01,0.06,0.65,0.3,0.72,0.005,0.38,0.22,0.01,0.14,1.0,0.28
mpc,ground_truth,curvy,400.0,0.05,0.1,1.0,107.64309933781624,5.586883544921875,130.26934814453125,18.563359678858035,0.881084765586408,-0.024011619836637674,0.010101370014670152,0.024011619836637674,0.010101370014670152,-0.00826242659240961,-0.00025493279099464417,0.5787469744682312,0.0,19.444444444444443,387,382,5.021550178527832,RoadOption.STRAIGHT,-4.434271812438965,130.18374633789062,-3.1354468767422174,2.8,1.2,4.5,3.0,10.0,0.6,0.01,0.06,0.55,0.16,0.2,0.35,1.5,12,10.0,14.0,0.9,1.2,0.6,0.01,0.06,0.65,0.3,0.72,0.005,0.38,0.22,0.01,0.14,1.0,0.28
mpc,ground_truth,curvy,400.0,0.05,0.1,1.0,107.6930993385613,4.6588239669799805,130.25527954101562,18.56330639190803,0.8811380525364143,-0.015646645996561907,0.00817031190825368,0.015646645996561907,0.00817031190825368,-0.010275584645569324,-0.0020131580531597137,0.5787467956542969,0.0,19.444444444444443,388,382,4.093393802642822,RoadOption.STRAIGHT,-5.434253215789795,130.1776123046875,-3.1354468767422174,2.8,1.2,4.5,3.0,10.0,0.6,0.01,0.06,0.55,0.16,0.2,0.35,1.5,12,10.0,14.0,0.9,1.2,0.6,0.01,0.06,0.65,0.3,0.72,0.005,0.38,0.22,0.01,0.14,1.0,0.28
mpc,ground_truth,curvy,400.0,0.05,0.1,1.0,107.74309933930635,3.7307467460632324,130.24278259277344,18.5631769143476,0.8812675300968422,-0.008840858181352294,0.005870938623079969,0.008840858181352294,0.005870938623079969,-0.009824909269809723,0.0004506753757596016,0.5789158940315247,0.0,19.444444444444443,389,383,4.1652374267578125,RoadOption.STRAIGHT,-6.434234142303467,130.17144775390625,-3.1354468767422174,2.8,1.2,4.5,3.0,10.0,0.6,0.01,0.06,0.55,0.16,0.2,0.35,1.5,12,10.0,14.0,0.9,1.2,0.6,0.01,0.06,0.65,0.3,0.72,0.005,0.38,0.22,0.01,0.14,1.0,0.28
mpc,ground_truth,curvy,400.0,0.05,0.1,1.0,107.79309934005141,2.8026509284973145,130.23214721679688,18.563104917050204,0.881339527394239,-0.003928329262492664,0.0033031187000251983,0.003928329262492664,0.0033031187000251983,-0.006988710258156061,0.0028361990116536617,0.5788900852203369,0.0,19.444444444444443,390,384,4.237085819244385,RoadOption.STRAIGHT,-7.434215068817139,130.16531372070312,-3.1354468767422174,2.8,1.2,4.5,3.0,10.0,0.6,0.01,0.06,0.55,0.16,0.2,0.35,1.5,12,10.0,14.0,0.9,1.2,0.6,0.01,0.06,0.65,0.3,0.72,0.005,0.38,0.22,0.01,0.14,1.0,0.28
mpc,ground_truth,curvy,400.0,0.05,0.1,1.0,107.84309934079647,1.8745356798171997,130.22323608398438,18.563175406641125,0.8812690378033174,-0.0007096115301455166,0.0008186557190903443,0.0007096115301455166,0.0008186557190903443,-0.00231391959823668,0.004674790659919381,0.5786768198013306,0.0,19.444444444444443,391,385,4.308931827545166,RoadOption.STRAIGHT,-8.434196472167969,130.15914916992188,-3.1354468767422174,2.8,1.2,4.5,3.0,10.0,0.6,0.01,0.06,0.55,0.16,0.2,0.35,1.5,12,10.0,14.0,0.9,1.2,0.6,0.01,0.06,0.65,0.3,0.72,0.005,0.38,0.22,0.01,0.14,1.0,0.28
mpc,ground_truth,curvy,400.0,0.05,0.1,1.0,107.89309934154153,0.9464011788368225,130.21571350097656,18.563332313910358,0.8811121305340848,0.001089944368686209,-0.001125185560558517,0.001089944368686209,0.001125185560558517,0.0019457392627373338,0.004259658860974014,0.578478991985321,0.0,19.444444444444443,392,386,4.380768775939941,RoadOption.STRAIGHT,-9.43417739868164,130.15301513671875,-3.1354468767422174,2.8,1.2,4.5,3.0,10.0,0.6,0.01,0.06,0.55,0.16,0.2,0.35,1.5,12,10.0,14.0,0.9,1.2,0.6,0.01,0.06,0.65,0.3,0.72,0.005,0.38,0.22,0.01,0.14,1.0,0.28
mpc,ground_truth,curvy,400.0,0.05,0.1,1.0,107.94309934228659,0.018253173679113388,130.2091522216797,18.56344815670047,0.8809962877439723,0.001958648719674983,-0.0022109563369836494,0.001958648719674983,0.0022109563369836494,0.004777724854648113,0.0028319855919107795,0.5784587860107422,0.0,19.444444444444443,393,387,4.4525980949401855,RoadOption.STRAIGHT,-10.434158325195312,130.14688110351562,-3.1354468767422174,2.8,1.2,4.5,3.0,10.0,0.6,0.01,0.06,0.55,0.16,0.2,0.35,1.5,12,10.0,14.0,0.9,1.2,0.6,0.01,0.06,0.65,0.3,0.72,0.005,0.38,0.22,0.01,0.14,1.0,0.28
mpc,ground_truth,curvy,400.0,0.05,0.1,1.0,107.99309934303164,-0.9099010229110718,130.2030792236328,18.563491351063192,0.880953093381251,0.0023390459215595315,-0.002381398646748689,0.0023390459215595315,0.002381398646748689,0.005280504934489727,0.0005027800798416138,0.5785199999809265,0.0,19.444444444444443,394,388,4.524424076080322,RoadOption.STRAIGHT,-11.434139251708984,130.14071655273438,-3.1354468767422174,2.8,1.2,4.5,3.0,10.0,0.6,0.01,0.06,0.55,0.16,0.2,0.35,1.5,12,10.0,14.0,0.9,1.2,0.6,0.01,0.06,0.65,0.3,0.72,0.005,0.38,0.22,0.01,0.14,1.0,0.28
mpc,ground_truth,curvy,400.0,0.05,0.1,1.0,108.0430993437767,-1.8380571603775024,130.1971893310547,18.563507118232906,0.8809373262115372,0.0025058092522553116,-0.0018514295898230948,0.0025058092522553116,0.0018514295898230948,0.0034966557286679745,-0.0017838492058217525,0.578543484210968,0.0,19.444444444444443,395,389,4.596249580383301,RoadOption.STRAIGHT,-12.434121131896973,130.13458251953125,-3.1354468767422174,2.8,1.2,4.5,3.0,10.0,0.6,0.01,0.06,0.55,0.16,0.2,0.35,1.5,12,10.0,14.0,0.9,1.2,0.6,0.01,0.06,0.65,0.3,0.72,0.005,0.38,0.22,0.01,0.14,1.0,0.28
mpc,ground_truth,curvy,400.0,0.05,0.1,1.0,108.09309934452176,-2.7662148475646973,130.19137573242188,18.563534853070255,0.8809095913741878,0.0026267875560826437,-0.0010306433418607597,0.0026267875560826437,0.0010306433418607597,0.0010151761816814542,-0.0024814795469865203,0.5785124897956848,0.0,19.444444444444443,396,390,4.6680731773376465,RoadOption.STRAIGHT,-13.434102058410645,130.12844848632812,-3.1354468767422174,2.8,1.2,4.5,3.0,10.0,0.6,0.01,0.06,0.55,0.16,0.2,0.35,1.5,12,10.0,14.0,0.9,1.2,0.6,0.01,0.06,0.65,0.3,0.72,0.005,0.38,0.22,0.01,0.14,1.0,0.28
mpc,ground_truth,curvy,400.0,0.05,0.1,1.0,108.14309934526682,-3.6943743228912354,130.18565368652344,18.56355581624206,0.8808886282023813,0.0026256897938156734,-0.0003171824858281269,0.0026256897938156734,0.0003171824858281269,-0.0014353719307109714,-0.0024505481123924255,0.5785080194473267,0.0,19.444444444444443,397,391,4.739896774291992,RoadOption.STRAIGHT,-14.434082984924316,130.12228393554688,-3.1354468767422174,2.8,1.2,4.5,3.0,10.0,0.6,0.01,0.06,0.55,0.16,0.2,0.35,1.5,12,10.0,14.0,0.9,1.2,0.6,0.01,0.06,0.65,0.3,0.72,0.005,0.38,0.22,0.01,0.14,1.0,0.28
mpc,ground_truth,curvy,400.0,0.05,0.1,1.0,108.19309934601188,-4.622535228729248,130.1800994873047,18.563549815819314,0.8808946286251285,0.002487253801412192,3.2224249189916065e-05,0.002487253801412192,3.2224249189916065e-05,-0.0024734833277761936,-0.0010381113970652223,0.5785439610481262,0.0,19.444444444444443,398,392,4.811718940734863,RoadOption.STRAIGHT,-15.434063911437988,130.11614990234375,-3.1354468767422174,2.8,1.2,4.5,3.0,10.0,0.6,0.01,0.06,0.55,0.16,0.2,0.35,1.5,12,10.0,14.0,0.9,1.2,0.6,0.01,0.06,0.65,0.3,0.72,0.005,0.38,0.22,0.01,0.14,1.0,0.28
mpc,ground_truth,curvy,400.0,0.05,0.1,1.0,108.24309934675694,-5.55069637298584,130.1747589111328,18.56353455037955,0.8809098940648923,0.002135197331195309,-2.3702133701508643e-05,0.002135197331195309,2.3702133701508643e-05,-0.0020168323535472155,0.00045665097422897816,0.5785642266273499,0.0,19.444444444444443,399,393,4.883541584014893,RoadOption.STRAIGHT,-16.434045791625977,130.1099853515625,-3.1354468767422174,2.8,1.2,4.5,3.0,10.0,0.6,0.01,0.06,0.55,0.16,0.2,0.35,1.5,12,10.0,14.0,0.9,1.2,0.6,0.01,0.06,0.65,0.3,0.72,0.005,0.38,0.22,0.01,0.14,1.0,0.28
mpc,ground_truth,curvy,400.0,0.05,0.1,1.0,108.293099347502,-6.47885799407959,130.16957092285156,18.563533348136172,0.8809110963082709,0.0016000359197004613,-0.0003246393368803169,0.0016000359197004613,0.0003246393368803169,-0.0007852160488255322,0.0012316163047216833,0.5785480737686157,0.0,19.444444444444443,400,394,4.9553656578063965,RoadOption.STRAIGHT,-17.43402671813965,130.10385131835938,-3.1354468767422174,2.8,1.2,4.5,3.0,10.0,0.6,0.01,0.06,0.55,0.16,0.2,0.35,1.5,12,10.0,14.0,0.9,1.2,0.6,0.01,0.06,0.65,0.3,0.72,0.005,0.38,0.22,0.01,0.14,1.0,0.28
mpc,ground_truth,curvy,400.0,0.05,0.1,1.0,108.34309934824705,-7.407021999359131,130.1645050048828,18.563542528340633,0.8809019161038094,0.0009733147112758328,-0.0006519418348513994,0.0009733147112758328,0.0006519418348513994,0.0009198160842061043,0.0017050321330316365,0.5785301327705383,0.0,19.444444444444443,400,395,5.027188777923584,RoadOption.STRAIGHT,-17.43402671813965,130.10385131835938,-3.1354468767422174,2.8,1.2,4.5,3.0,10.0,0.6,0.01,0.06,0.55,0.16,0.2,0.35,1.5,12,10.0,14.0,0.9,1.2,0.6,0.01,0.06,0.65,0.3,0.72,0.005,0.38,0.22,0.01,0.14,1.0,0.28
mpc,ground_truth,curvy,400.0,0.05,0.1,1.0,108.39309934899211,-8.335186004638672,130.1593780517578,18.56354320622604,0.8809012382184029,0.0003959180671769223,-0.0008042746492038511,0.0003959180671769223,0.0008042746492038511,0.002043875865638256,0.0011240597814321518,0.5785399079322815,0.0,19.444444444444443,401,395,4.099010467529297,RoadOption.STRAIGHT,-18.43400764465332,130.09771728515625,-3.1354468767422174,2.8,1.2,4.5,3.0,10.0,0.6,0.01,0.06,0.55,0.16,0.2,0.35,1.5,12,10.0,14.0,0.9,1.2,0.6,0.01,0.06,0.65,0.3,0.72,0.005,0.38,0.22,0.01,0.14,1.0,0.28
mpc,ground_truth,curvy,400.0,0.05,0.1,1.0,108.44309934973717,-9.263347625732422,130.15408325195312,18.563533487656066,0.8809109567883766,-1.916836246694531e-06,-0.0006910903028756188,1.916836246694531e-06,0.0006910903028756188,0.0022664926946163177,0.00022261682897806168,0.5785582065582275,0.0,19.444444444444443,402,396,4.170834064483643,RoadOption.STRAIGHT,-19.433988571166992,130.091552734375,-3.1354468767422174,2.8,1.2,4.5,3.0,10.0,0.6,0.01,0.06,0.55,0.16,0.2,0.35,1.5,12,10.0,14.0,0.9,1.2,0.6,0.01,0.06,0.65,0.3,0.72,0.005,0.38,0.22,0.01,0.14,1.0,0.28
mpc,ground_truth,curvy,400.0,0.05,0.1,1.0,108.49309935048223,-10.191508293151855,130.1486053466797,18.56352832878101,0.8809161156634318,-0.00024716086966963813,-0.0003552656894165729,0.00024716086966963813,0.0003552656894165729,0.001384437782689929,-0.0008820549119263887,0.5785558819770813,0.0,19.444444444444443,403,397,4.242656707763672,RoadOption.STRAIGHT,-20.433969497680664,130.08541870117188,-3.1354468767422174,2.8,1.2,4.5,3.0,10.0,0.6,0.01,0.06,0.55,0.16,0.2,0.35,1.5,12,10.0,14.0,0.9,1.2,0.6,0.01,0.06,0.65,0.3,0.72,0.005,0.38,0.22,0.01,0.14,1.0,0.28
mpc,ground_truth,curvy,400.0,0.05,0.1,1.0,108.54309935122728,-11.119665145874023,130.14291381835938,18.563530925778903,0.6483450775136959,-0.00024824544461317724,5.1399009038721744e-05,0.00024824544461317724,5.1399009038721744e-05,0.00029071795870549977,-0.0010937198239844292,0.159921795129776,0.0,19.2118760032926,404,398,4.31448221206665,RoadOption.STRAIGHT,-21.433950424194336,130.07928466796875,-3.1354468767422174,2.8,1.2,4.5,3.0,10.0,0.6,0.01,0.06,0.55,0.16,0.2,0.35,1.5,12,10.0,14.0,0.9,1.2,0.6,0.01,0.06,0.65,0.3,0.72,0.005,0.38,0.22,0.01,0.14,1.0,0.28
mpc,ground_truth,curvy,400.0,0.05,0.1,1.0,108.59309935197234,-12.047447204589844,130.13710021972656,18.542877951316626,0.21899805197597288,-0.00015546976731652812,0.00037230992039338773,0.00015546976731652812,0.00037230992039338773,-0.0009813493816182017,-0.0012720673403237015,0.0,0.33381760120391846,18.7618760032926,405,399,4.386682510375977,RoadOption.STRAIGHT,-22.433931350708008,130.0731201171875,-3.1354468767422174,2.8,1.2,4.5,3.0,10.0,0.6,0.01,0.06,0.55,0.16,0.2,0.35,1.5,12,10.0,14.0,0.9,1.2,0.6,0.01,0.06,0.65,0.3,0.72,0.005,0.38,0.22,0.01,0.14,1.0,0.28
mpc,ground_truth,curvy,400.0,0.05,0.1,1.0,108.6430993527174,-12.971458435058594,130.1313018798828,18.42236505943165,-0.11048905613905191,-2.4266927105165426e-05,0.0004985437560631745,2.4266927105165426e-05,0.0004985437560631745,-0.0015093648107722402,-0.0005280154291540384,0.0,0.4117332100868225,18.3118760032926,406,400,4.462653160095215,RoadOption.STRAIGHT,-23.43391227722168,130.06698608398438,-3.1354468767422174,2.8,1.2,4.5,3.0,10.0,0.6,0.01,0.06,0.55,0.16,0.2,0.35,1.5,12,10.0,14.0,0.9,1.2,0.6,0.01,0.06,0.65,0.3,0.72,0.005,0.38,0.22,0.01,0.14,1.0,0.28
mpc,ground_truth,curvy,400.0,0.05,0.1,1.0,108.69309935346246,-13.88589096069336,130.1256103515625,18.19158187932623,-0.32970587603362844,5.899461864438543e-05,0.0004199805039055704,5.899461864438543e-05,0.0004199805039055704,-0.0013369014486670494,0.00017246336210519075,0.0,0.4111038148403168,17.8618760032926,407,401,4.5482025146484375,RoadOption.STRAIGHT,-24.433895111083984,130.06082153320312,-3.1354468767422174,2.8,1.2,4.5,3.0,10.0,0.6,0.01,0.06,0.55,0.16,0.2,0.35,1.5,12,10.0,14.0,0.9,1.2,0.6,0.01,0.06,0.65,0.3,0.72,0.005,0.38,0.22,0.01,0.14,1.0,0.28
mpc,ground_truth,curvy,400.0,0.05,0.1,1.0,108.74309935420752,-14.786870956420898,130.12008666992188,17.902544480272148,-0.49066847697954685,2.6571379126757305e-05,0.00021411815164240622,2.6571379126757305e-05,0.00021411815164240622,-0.0008601463632658124,0.000476755085401237,0.0,0.43802163004875183,17.4118760032926,408,402,4.647205352783203,RoadOption.STRAIGHT,-25.433876037597656,130.0546875,-3.1354468767422174,2.8,1.2,4.5,3.0,10.0,0.6,0.01,0.06,0.55,0.16,0.2,0.35,1.5,12,10.0,14.0,0.9,1.2,0.6,0.01,0.06,0.65,0.3,0.72,0.005,0.38,0.22,0.01,0.14,1.0,0.28
mpc,ground_truth,curvy,400.0,0.05,0.1,1.0,108.79309935495257,-15.67220401763916,130.11471557617188,17.575499026783987,-0.6136230234913853,-3.175790507404727e-05,-2.423476591939533e-05,3.175790507404727e-05,2.423476591939533e-05,1.0287463737768121e-05,0.0008704338270035805,0.0,0.4664915204048157,16.961876003292602,409,403,4.7618560791015625,RoadOption.STRAIGHT,-26.433856964111328,130.04855346679688,-3.1354468767422174,2.8,1.2,4.5,3.0,10.0,0.6,0.01,0.06,0.55,0.16,0.2,0.35,1.5,12,10.0,14.0,0.9,1.2,0.6,0.01,0.06,0.65,0.3,0.72,0.005,0.38,0.22,0.01,0.14,1.0,0.28
mpc,ground_truth,curvy,400.0,0.05,0.1,1.0,108.84309935569763,-16.540382385253906,130.10948181152344,17.222814541224405,-0.4911991453982374,-0.00012198544225420355,-0.00020000339786463428,0.00012198544225420355,0.00020000339786463428,0.0007786689675413072,0.0007683815038035391,0.0,0.09882867336273193,16.731615395826168,410,404,4.8936614990234375,RoadOption.STRAIGHT,-27.433837890625,130.04238891601562,-3.1354468767422174,2.8,1.2,4.5,3.0,10.0,0.6,0.01,0.06,0.55,0.16,0.2,0.35,1.5,12,10.0,14.0,0.9,1.2,0.6,0.01,0.06,0.65,0.3,0.72,0.005,0.38,0.22,0.01,0.14,1.0,0.28
mpc,ground_truth,curvy,400.0,0.05,0.1,1.0,108.89309935644269,-17.39092445373535,130.10433959960938,16.877850520546136,-0.14569884925587573,-0.00022589291003472997,-0.00024820661359514773,0.00022589291003472997,0.00024820661359514773,0.000949073932133615,0.0001704049645923078,0.3760903477668762,0.0,16.73215167129026,410,405,5.04310417175293,RoadOption.STRAIGHT,-27.433837890625,130.04238891601562,-3.1354468767422174,2.8,1.2,4.5,3.0,10.0,0.6,0.01,0.06,0.55,0.16,0.2,0.35,1.5,12,10.0,14.0,0.9,1.2,0.6,0.01,0.06,0.65,0.3,0.72,0.005,0.38,0.22,0.01,0.14,1.0,0.28
mpc,ground_truth,curvy,400.0,0.05,0.1,1.0,108.94309935718775,-18.2252254486084,130.09922790527344,16.565334123936026,0.16681754735423482,-0.00024169057021940915,-0.00017630126416312564,0.00024169057021940915,0.00017630126416312564,0.0007791486568748951,-0.00016992527525871992,0.5241029262542725,0.0,16.73215167129026,411,405,4.208787441253662,RoadOption.STRAIGHT,-28.433818817138672,130.0362548828125,-3.1354468767422174,2.8,1.2,4.5,3.0,10.0,0.6,0.01,0.06,0.55,0.16,0.2,0.35,1.5,12,10.0,14.0,0.9,1.2,0.6,0.01,0.06,0.65,0.3,0.72,0.005,0.38,0.22,0.01,0.14,1.0,0.28
mpc,ground_truth,curvy,400.0,0.05,0.1,1.0,108.9930993579328,-19.045467376708984,130.09413146972656,16.309060743782677,0.4230909275075838,-0.00017463980992301828,-4.04800485691581e-05,0.00017463980992301828,4.04800485691581e-05,0.0004567168653011322,-0.0003224317915737629,0.6105868816375732,0.0,16.73215167129026,412,406,4.388529300689697,RoadOption.STRAIGHT,-29.43410873413086,130.0301055908203,-3.1354468767422174,2.8,1.2,4.5,3.0,10.0,0.6,0.01,0.06,0.55,0.16,0.2,0.35,1.5,12,10.0,14.0,0.9,1.2,0.6,0.01,0.06,0.65,0.3,0.72,0.005,0.38,0.22,0.01,0.14,1.0,0.28
mpc,ground_truth,curvy,400.0,0.05,0.1,1.0,109.04309935867786,-19.85535430908203,130.0890655517578,16.13437526333369,0.5977764079565695,-0.00010497223876543629,0.00010120012142333934,0.00010497223876543629,0.00010120012142333934,-0.00022132019512355328,-0.0006780370604246855,0.6177915930747986,0.0,16.73215167129026,413,407,4.5786285400390625,RoadOption.STRAIGHT,-30.40340805053711,130.02146911621094,-3.117932597833311,2.8,1.2,4.5,3.0,10.0,0.6,0.01,0.06,0.55,0.16,0.2,0.35,1.5,12,10.0,14.0,0.9,1.2,0.6,0.01,0.06,0.65,0.3,0.72,0.005,0.38,0.22,0.01,0.14,1.0,0.28
mpc,ground_truth,curvy,400.0,0.05,0.1,1.0,109.09309935942292,-20.65876007080078,130.0840301513672,16.03088132923405,0.7012703420562119,4.515188134542741e-06,0.00018109495412543808,4.515188134542741e-06,0.00018109495412543808,-0.0005653788102790713,-0.00034405861515551805,0.5948086977005005,0.0,16.73215167129026,414,408,4.775206565856934,RoadOption.STRAIGHT,-31.311279296875,129.97637939453125,-3.0659847112941168,2.8,1.2,4.5,3.0,10.0,0.6,0.01,0.06,0.55,0.16,0.2,0.35,1.5,12,10.0,14.0,0.9,1.2,0.6,0.01,0.06,0.65,0.3,0.72,0.005,0.38,0.22,0.01,0.14,1.0,0.28
mpc,ground_truth,curvy,400.0,0.05,0.1,1.0,109.14309936016798,-21.458541870117188,130.0790557861328,15.975479045248266,0.7561363505779024,7.524053547161222e-05,0.00017177389031042267,7.524053547161222e-05,0.00017177389031042267,-0.0005700043402612209,-4.625529982149601e-06,0.5695210099220276,0.0,16.731615395826168,415,409,4.975409030914307,RoadOption.STRAIGHT,-32.215579986572266,129.8842010498047,-3.014037091071031,2.8,1.2,4.5,3.0,10.0,0.6,0.01,0.06,0.55,0.16,0.2,0.35,1.5,12,10.0,14.0,0.9,1.2,0.6,0.01,0.06,0.65,0.3,0.72,0.005,0.38,0.22,0.01,0.14,1.0,0.28
mpc,ground_truth,curvy,400.0,0.05,0.1,1.0,109.19309936091304,-22.25646209716797,130.0741424560547,15.947921962176041,0.7842297091142196,6.58556131371904e-05,9.773801200596566e-05,6.58556131371904e-05,9.773801200596566e-05,-0.000498949782922864,7.105455733835697e-05,0.5542498826980591,0.0,16.73215167129026,416,410,5.177473545074463,RoadOption.STRAIGHT,-33.11387634277344,129.7451934814453,-2.9620892045318366,2.8,1.2,4.5,3.0,10.0,0.6,0.01,0.06,0.55,0.16,0.2,0.35,1.5,12,10.0,14.0,0.9,1.2,0.6,0.01,0.06,0.65,0.3,0.72,0.005,0.38,0.22,0.01,0.14,1.0,0.28
