controller,error_provider,route_shape,route_min_length_m,route_length_tolerance,noise_lateral_std,noise_heading_std_deg,time,x,y,speed,speed_error,e_y,e_psi,abs_e_y,abs_e_psi,steer,steer_delta,throttle,brake,target_speed,route_index,closest_route_index,route_error,road_option,target_x,target_y,target_yaw,lqr_q_ey,lqr_q_ey_dot,lqr_q_epsi,lqr_q_epsi_dot,lqr_r,lqr_kp_long,lqr_ki_long,lqr_kd_long,lqr_max_steer,lqr_max_steer_rate,lqr_derivative_alpha,lqr_curvature_alpha,lqr_feedforward_gain,mpc_horizon,mpc_q_y,mpc_q_psi,mpc_r_steer,mpc_r_steer_rate,mpc_kp_long,mpc_ki_long,mpc_kd_long,mpc_max_steer,mpc_max_steer_rate,pid_lat_kp,pid_lat_ki,pid_lat_kd,pid_long_kp,pid_long_ki,pid_long_kd,pid_max_throttle,pid_max_brake
lqr,ground_truth,curvy,400.0,0.05,0.1,1.0,31.212673779577017,-9.875875473022461,-57.55167007446289,0.4899999797344208,18.954444464710022,0.04549653862999907,1.0194913535599426e-07,0.04549653862999907,1.0194913535599426e-07,-0.023048147559165955,-0.023048147559165955,1.0,0.0,19.444444444444443,11,0,0.5870656371116638,RoadOption.STRAIGHT,1.095213770866394,-57.46044921875,0.015969112844442135,2.8,1.2,4.5,3.0,10.0,0.6,0.01,0.06,0.55,0.16,0.2,0.35,1.5,12,10.0,14.0,0.9,1.2,0.6,0.01,0.06,0.65,0.3,0.72,0.005,0.38,0.22,0.01,0.14,1.0,0.28
lqr,ground_truth,curvy,400.0,0.05,0.1,1.0,31.262673780322075,-9.875875473022461,-57.55167007446289,0.9800000786781311,18.46444436576631,0.050639856295309094,-0.000891353775065884,0.050639856295309094,0.000891353775065884,-0.02194344624876976,0.0011047013103961945,1.0,0.0,19.444444444444443,11,6,6.02096700668335,RoadOption.STRAIGHT,1.095213770866394,-57.46044921875,0.015969112844442135,2.8,1.2,4.5,3.0,10.0,0.6,0.01,0.06,0.55,0.16,0.2,0.35,1.5,12,10.0,14.0,0.9,1.2,0.6,0.01,0.06,0.65,0.3,0.72,0.005,0.38,0.22,0.01,0.14,1.0,0.28
lqr,ground_truth,curvy,400.0,0.05,0.1,1.0,31.312673781067133,-9.875875473022461,-57.55167007446289,1.470000147819519,17.974444296624924,0.050639856295309094,-0.000891353775065884,0.050639856295309094,0.000891353775065884,-0.020259499549865723,0.0016839466989040375,1.0,0.0,19.444444444444443,11,6,6.015523433685303,RoadOption.STRAIGHT,1.095213770866394,-57.46044921875,0.015969112844442135,2.8,1.2,4.5,3.0,10.0,0.6,0.01,0.06,0.55,0.16,0.2,0.35,1.5,12,10.0,14.0,0.9,1.2,0.6,0.01,0.06,0.65,0.3,0.72,0.005,0.38,0.22,0.01,0.14,1.0,0.28
lqr,ground_truth,curvy,400.0,0.05,0.1,1.0,31.36267378181219,-9.875875473022461,-57.55167007446289,1.9600002765655518,17.48444416787889,0.050639856295309094,-0.000891353775065884,0.050639856295309094,0.000891353775065884,-0.01916390098631382,0.0010955985635519028,1.0,0.0,19.444444444444443,11,6,6.009093761444092,RoadOption.STRAIGHT,1.095213770866394,-57.46044921875,0.015969112844442135,2.8,1.2,4.5,3.0,10.0,0.6,0.01,0.06,0.55,0.16,0.2,0.35,1.5,12,10.0,14.0,0.9,1.2,0.6,0.01,0.06,0.65,0.3,0.72,0.005,0.38,0.22,0.01,0.14,1.0,0.28
lqr,ground_truth,curvy,400.0,0.05,0.1,1.0,31.41267378255725,-9.875875473022461,-57.55167007446289,2.450000286102295,16.994444158342148,0.050639856295309094,-0.000891353775065884,0.050639856295309094,0.000891353775065884,-0.018450934439897537,0.0007129665464162827,1.0,0.0,19.444444444444443,11,6,6.002754211425781,RoadOption.STRAIGHT,1.095213770866394,-57.46044921875,0.015969112844442135,2.8,1.2,4.5,3.0,10.0,0.6,0.01,0.06,0.55,0.16,0.2,0.35,1.5,12,10.0,14.0,0.9,1.2,0.6,0.01,0.06,0.65,0.3,0.72,0.005,0.38,0.22,0.01,0.14,1.0,0.28
lqr,ground_truth,curvy,400.0,0.05,0.1,1.0,31.462673783302307,-9.875875473022461,-57.55167007446289,2.93999981880188,16.504444625642563,0.050639856295309094,-0.000891353775065884,0.050639856295309094,0.000891353775065884,-0.01798684149980545,0.0004640929400920868,1.0,0.0,19.444444444444443,11,6,5.9978861808776855,RoadOption.STRAIGHT,1.095213770866394,-57.46044921875,0.015969112844442135,2.8,1.2,4.5,3.0,10.0,0.6,0.01,0.06,0.55,0.16,0.2,0.35,1.5,12,10.0,14.0,0.9,1.2,0.6,0.01,0.06,0.65,0.3,0.72,0.005,0.38,0.22,0.01,0.14,1.0,0.28
lqr,ground_truth,curvy,400.0,0.05,0.1,1.0,31.512673784047365,-9.875874519348145,-57.55167007446289,2.0671517849139813,17.37729265953046,0.05063984551286746,-0.000891353775065884,0.05063984551286746,0.000891353775065884,-0.017684614285826683,0.0003022272139787674,1.0,0.0,19.444444444444443,11,6,5.996154308319092,RoadOption.STRAIGHT,1.095213770866394,-57.46044921875,0.015969112844442135,2.8,1.2,4.5,3.0,10.0,0.6,0.01,0.06,0.55,0.16,0.2,0.35,1.5,12,10.0,14.0,0.9,1.2,0.6,0.01,0.06,0.65,0.3,0.72,0.005,0.38,0.22,0.01,0.14,1.0,0.28
lqr,ground_truth,curvy,400.0,0.05,0.1,1.0,31.562673784792423,-9.875874519348145,-57.55167007446289,0.7392763495471336,18.70516809489731,0.05063984551286746,-0.000891353775065884,0.05063984551286746,0.000891353775065884,-0.01748776249587536,0.00019685178995132446,1.0,0.0,19.444444444444443,11,6,5.996372222900391,RoadOption.STRAIGHT,1.095213770866394,-57.46044921875,0.015969112844442135,2.8,1.2,4.5,3.0,10.0,0.6,0.01,0.06,0.55,0.16,0.2,0.35,1.5,12,10.0,14.0,0.9,1.2,0.6,0.01,0.06,0.65,0.3,0.72,0.005,0.38,0.22,0.01,0.14,1.0,0.28
lqr,ground_truth,curvy,400.0,0.05,0.1,1.0,31.61267378553748,-9.875874519348145,-57.55167007446289,0.1125810444355551,19.33186340000889,0.05063984551286746,-0.000891353775065884,0.05063984551286746,0.000891353775065884,-0.017359476536512375,0.0001282859593629837,1.0,0.0,19.444444444444443,11,6,5.9965338706970215,RoadOption.STRAIGHT,1.095213770866394,-57.46044921875,0.015969112844442135,2.8,1.2,4.5,3.0,10.0,0.6,0.01,0.06,0.55,0.16,0.2,0.35,1.5,12,10.0,14.0,0.9,1.2,0.6,0.01,0.06,0.65,0.3,0.72,0.005,0.38,0.22,0.01,0.14,1.0,0.28
lqr,ground_truth,curvy,400.0,0.05,0.1,1.0,31.66267378628254,-9.87033748626709,-57.5516357421875,0.36394233515056174,19.08050210929388,0.05061157273773061,-0.0009362155558658714,0.05061157273773061,0.0009362155558658714,-0.017175551503896713,0.00018392503261566162,1.0,0.0,19.444444444444443,11,6,5.990962028503418,RoadOption.STRAIGHT,1.095213770866394,-57.46044921875,0.015969112844442135,2.8,1.2,4.5,3.0,10.0,0.6,0.01,0.06,0.55,0.16,0.2,0.35,1.5,12,10.0,14.0,0.9,1.2,0.6,0.01,0.06,0.65,0.3,0.72,0.005,0.38,0.22,0.01,0.14,1.0,0.28
lqr,ground_truth,curvy,400.0,0.05,0.1,1.0,31.712673787027597,-9.826290130615234,-57.55146408081055,1.1743383567014931,18.27010608774295,0.050285214511001174,-0.001534756849672192,0.050285214511001174,0.001534756849672192,-0.016047941520810127,0.001127609983086586,1.0,0.0,19.444444444444443,11,6,5.946813583374023,RoadOption.STRAIGHT,1.095213770866394,-57.46044921875,0.015969112844442135,2.8,1.2,4.5,3.0,10.0,0.6,0.01,0.06,0.55,0.16,0.2,0.35,1.5,12,10.0,14.0,0.9,1.2,0.6,0.01,0.06,0.65,0.3,0.72,0.005,0.38,0.22,0.01,0.14,1.0,0.28
lqr,ground_truth,curvy,400.0,0.05,0.1,1.0,31.762673787772655,-9.745184898376465,-57.55127716064453,1.8854273513795643,17.559017093064877,0.049555129981177753,-0.0022685804850701707,0.049555129981177753,0.0022685804850701707,-0.012811178341507912,0.0032367631793022156,1.0,0.0,19.444444444444443,11,6,5.865614891052246,RoadOption.STRAIGHT,1.095213770866394,-57.46044921875,0.015969112844442135,2.8,1.2,4.5,3.0,10.0,0.6,0.01,0.06,0.55,0.16,0.2,0.35,1.5,12,10.0,14.0,0.9,1.2,0.6,0.01,0.06,0.65,0.3,0.72,0.005,0.38,0.22,0.01,0.14,1.0,0.28
lqr,ground_truth,curvy,400.0,0.05,0.1,1.0,31.812673788517714,-9.632451057434082,-57.55106735229492,2.4847076840763913,16.959736760368052,0.04849033249534117,-0.002878198344387073,0.04849033249534117,0.002878198344387073,-0.009938150644302368,0.0028730276972055435,1.0,0.0,19.444444444444443,11,6,5.752814769744873,RoadOption.STRAIGHT,1.095213770866394,-57.46044921875,0.015969112844442135,2.8,1.2,4.5,3.0,10.0,0.6,0.01,0.06,0.55,0.16,0.2,0.35,1.5,12,10.0,14.0,0.9,1.2,0.6,0.01,0.06,0.65,0.3,0.72,0.005,0.38,0.22,0.01,0.14,1.0,0.28
lqr,ground_truth,curvy,400.0,0.05,0.1,1.0,31.86267378926277,-9.493770599365234,-57.55070495605469,2.9635289112627263,16.480915533181715,0.047284755257708075,-0.0034556902626081687,0.047284755257708075,0.0034556902626081687,-0.008240094408392906,0.001698056235909462,1.0,0.0,19.444444444444443,11,6,5.6140923500061035,RoadOption.STRAIGHT,1.095213770866394,-57.46044921875,0.015969112844442135,2.8,1.2,4.5,3.0,10.0,0.6,0.01,0.06,0.55,0.16,0.2,0.35,1.5,12,10.0,14.0,0.9,1.2,0.6,0.01,0.06,0.65,0.3,0.72,0.005,0.38,0.22,0.01,0.14,1.0,0.28
lqr,ground_truth,curvy,400.0,0.05,0.1,1.0,31.91267379000783,-9.332891464233398,-57.550209045410156,3.3852120155640626,16.05923242888038,0.04596170099668047,-0.004000742590098749,0.04596170099668047,0.004000742590098749,-0.004644597880542278,0.003595496527850628,1.0,0.0,19.444444444444443,11,6,5.453188896179199,RoadOption.STRAIGHT,1.095213770866394,-57.46044921875,0.015969112844442135,2.8,1.2,4.5,3.0,10.0,0.6,0.01,0.06,0.55,0.16,0.2,0.35,1.5,12,10.0,14.0,0.9,1.2,0.6,0.01,0.06,0.65,0.3,0.72,0.005,0.38,0.22,0.01,0.14,1.0,0.28
lqr,ground_truth,curvy,400.0,0.05,0.1,1.0,31.962673790752888,-9.15196704864502,-57.54947280883789,3.7733850518344205,15.671059392610022,0.04465232116179963,-0.00440596491634615,0.04465232116179963,0.00440596491634615,-0.0032536115031689405,0.0013909863773733377,1.0,0.0,19.444444444444443,11,6,5.272250652313232,RoadOption.STRAIGHT,1.095213770866394,-57.46044921875,0.015969112844442135,2.8,1.2,4.5,3.0,10.0,0.6,0.01,0.06,0.55,0.16,0.2,0.35,1.5,12,10.0,14.0,0.9,1.2,0.6,0.01,0.06,0.65,0.3,0.72,0.005,0.38,0.22,0.01,0.14,1.0,0.28
lqr,ground_truth,curvy,400.0,0.05,0.1,1.0,32.012673791497946,-8.952237129211426,-57.54853057861328,4.142047445950914,15.302396998493528,0.043336302846217825,-0.004700955780153837,0.043336302846217825,0.004700955780153837,-0.0006142563070170581,0.0026393551961518824,1.0,0.0,19.444444444444443,11,6,5.072512149810791,RoadOption.STRAIGHT,1.095213770866394,-57.46044921875,0.015969112844442135,2.8,1.2,4.5,3.0,10.0,0.6,0.01,0.06,0.55,0.16,0.2,0.35,1.5,12,10.0,14.0,0.9,1.2,0.6,0.01,0.06,0.65,0.3,0.72,0.005,0.38,0.22,0.01,0.14,1.0,0.28
lqr,ground_truth,curvy,400.0,0.05,0.1,1.0,32.062673792243004,-8.734435081481934,-57.54731369018555,4.49905046658339,14.945393977861052,0.04209059790948188,-0.004839057847579653,0.04209059790948188,0.004839057847579653,0.00011602092126850039,0.0007302772282855585,1.0,0.0,19.444444444444443,12,6,4.854704856872559,RoadOption.STRAIGHT,2.0950863361358643,-57.444480895996094,0.015969112844442135,2.8,1.2,4.5,3.0,10.0,0.6,0.01,0.06,0.55,0.16,0.2,0.35,1.5,12,10.0,14.0,0.9,1.2,0.6,0.01,0.06,0.65,0.3,0.72,0.005,0.38,0.22,0.01,0.14,1.0,0.28
lqr,ground_truth,curvy,400.0,0.05,0.1,1.0,32.11267379298806,-8.499001502990723,-57.545867919921875,4.84891487981884,14.595529564625604,0.05111021883560127,-0.006869702054157045,0.05111021883560127,0.006869702054157045,0.001398994354531169,0.0012829734332626686,1.0,0.0,19.444444444444443,12,7,5.6087260246276855,RoadOption.STRAIGHT,2.0950863361358643,-57.444480895996094,0.015969112844442135,2.8,1.2,4.5,3.0,10.0,0.6,0.01,0.06,0.55,0.16,0.2,0.35,1.5,12,10.0,14.0,0.9,1.2,0.6,0.01,0.06,0.65,0.3,0.72,0.005,0.38,0.22,0.01,0.14,1.0,0.28
lqr,ground_truth,curvy,400.0,0.05,0.1,1.0,32.16267379373312,-8.24620532989502,-57.54416275024414,5.193917322923686,14.250527121520758,0.049451508491563656,-0.0067945853069573126,0.049451508491563656,0.0067945853069573126,0.002388239139690995,0.0009892447851598263,1.0,0.0,19.444444444444443,12,7,5.355924606323242,RoadOption.STRAIGHT,2.0950863361358643,-57.444480895996094,0.015969112844442135,2.8,1.2,4.5,3.0,10.0,0.6,0.01,0.06,0.55,0.16,0.2,0.35,1.5,12,10.0,14.0,0.9,1.2,0.6,0.01,0.06,0.65,0.3,0.72,0.005,0.38,0.22,0.01,0.14,1.0,0.28
lqr,ground_truth,curvy,400.0,0.05,0.1,1.0,32.21267379447818,-7.9765238761901855,-57.54218673706055,5.507141458080987,13.937302986363456,0.04783894058328562,-0.006605482144210306,0.04783894058328562,0.006605482144210306,0.004157431423664093,0.0017691922839730978,1.0,0.0,19.444444444444443,12,7,5.08623743057251,RoadOption.STRAIGHT,2.0950863361358643,-57.444480895996094,0.015969112844442135,2.8,1.2,4.5,3.0,10.0,0.6,0.01,0.06,0.55,0.16,0.2,0.35,1.5,12,10.0,14.0,0.9,1.2,0.6,0.01,0.06,0.65,0.3,0.72,0.005,0.38,0.22,0.01,0.14,1.0,0.28
lqr,ground_truth,curvy,400.0,0.05,0.1,1.0,32.262673795223236,-7.698573589324951,-57.53995895385742,5.619496261467904,13.824948182976538,0.04636809455298202,-0.006289063236600612,0.04636809455298202,0.006289063236600612,0.004121779929846525,-3.5651493817567825e-05,1.0,0.0,19.444444444444443,13,7,4.808280944824219,RoadOption.STRAIGHT,3.1059606075286865,-57.42900085449219,6.297060376458899,2.8,1.2,4.5,3.0,10.0,0.6,0.01,0.06,0.55,0.16,0.2,0.35,1.5,12,10.0,14.0,0.9,1.2,0.6,0.01,0.06,0.65,0.3,0.72,0.005,0.38,0.22,0.01,0.14,1.0,0.28
lqr,ground_truth,curvy,400.0,0.05,0.1,1.0,32.312673795968294,-7.413636684417725,-57.537498474121094,5.768534906963489,13.675909537480955,0.05506313014256871,-0.007893414935399523,0.05506313014256871,0.007893414935399523,0.0023649302311241627,-0.0017568496987223625,1.0,0.0,19.444444444444443,13,8,5.512788772583008,RoadOption.STRAIGHT,3.1059606075286865,-57.42900085449219,6.297060376458899,2.8,1.2,4.5,3.0,10.0,0.6,0.01,0.06,0.55,0.16,0.2,0.35,1.5,12,10.0,14.0,0.9,1.2,0.6,0.01,0.06,0.65,0.3,0.72,0.005,0.38,0.22,0.01,0.14,1.0,0.28
lqr,ground_truth,curvy,400.0,0.05,0.1,1.0,32.36267379671335,-7.117448806762695,-57.53489303588867,6.034692446209019,13.409751998235425,0.05313491388690978,-0.007554593225417072,0.05313491388690978,0.007554593225417072,0.0032151276245713234,0.0008501973934471607,1.0,0.0,19.444444444444443,13,8,5.2165913581848145,RoadOption.STRAIGHT,3.1059606075286865,-57.42900085449219,6.297060376458899,2.8,1.2,4.5,3.0,10.0,0.6,0.01,0.06,0.55,0.16,0.2,0.35,1.5,12,10.0,14.0,0.9,1.2,0.6,0.01,0.06,0.65,0.3,0.72,0.005,0.38,0.22,0.01,0.14,1.0,0.28
lqr,ground_truth,curvy,400.0,0.05,0.1,1.0,32.41267379745841,-6.807801246643066,-57.532073974609375,6.302636815571679,13.141807628872764,0.05121428640660275,-0.007237639604994683,0.05121428640660275,0.007237639604994683,0.0032313656993210316,1.6238074749708176e-05,1.0,0.0,19.444444444444443,14,8,4.906933307647705,RoadOption.STRAIGHT,4.123607158660889,-57.41658020019531,6.293684553461115,2.8,1.2,4.5,3.0,10.0,0.6,0.01,0.06,0.55,0.16,0.2,0.35,1.5,12,10.0,14.0,0.9,1.2,0.6,0.01,0.06,0.65,0.3,0.72,0.005,0.38,0.22,0.01,0.14,1.0,0.28
lqr,ground_truth,curvy,400.0,0.05,0.1,1.0,32.46267379820347,-6.482213020324707,-57.52903366088867,6.657309609757314,12.78713483468713,0.05241609178536593,-0.007423209918108409,0.05241609178536593,0.007423209918108409,0.0006407534820027649,-0.0025906122173182666,1.0,0.0,19.444444444444443,14,9,5.5778021812438965,RoadOption.STRAIGHT,4.123607158660889,-57.41658020019531,6.293684553461115,2.8,1.2,4.5,3.0,10.0,0.6,0.01,0.06,0.55,0.16,0.2,0.35,1.5,12,10.0,14.0,0.9,1.2,0.6,0.01,0.06,0.65,0.3,0.72,0.005,0.38,0.22,0.01,0.14,1.0,0.28
lqr,ground_truth,curvy,400.0,0.05,0.1,1.0,32.512673798948526,-6.13931131362915,-57.52584457397461,7.000849171387413,12.44359527305703,0.050129168762211386,-0.007176258943355052,0.050129168762211386,0.007176258943355052,-0.00024595335707999766,-0.0008867068390827626,1.0,0.0,19.444444444444443,14,9,5.234887599945068,RoadOption.STRAIGHT,4.123607158660889,-57.41658020019531,6.293684553461115,2.8,1.2,4.5,3.0,10.0,0.6,0.01,0.06,0.55,0.16,0.2,0.35,1.5,12,10.0,14.0,0.9,1.2,0.6,0.01,0.06,0.65,0.3,0.72,0.005,0.38,0.22,0.01,0.14,1.0,0.28
lqr,ground_truth,curvy,400.0,0.05,0.1,1.0,32.562673799693584,-5.777579307556152,-57.522552490234375,7.38323303649695,12.061211407947493,0.04764453903746412,-0.0071845365889773305,0.04764453903746412,0.0071845365889773305,0.0019401138415560126,0.0021860671986360103,1.0,0.0,19.444444444444443,15,9,4.873141288757324,RoadOption.STRAIGHT,5.1412882804870605,-57.40763473510742,6.29030873046333,2.8,1.2,4.5,3.0,10.0,0.6,0.01,0.06,0.55,0.16,0.2,0.35,1.5,12,10.0,14.0,0.9,1.2,0.6,0.01,0.06,0.65,0.3,0.72,0.005,0.38,0.22,0.01,0.14,1.0,0.28
lqr,ground_truth,curvy,400.0,0.05,0.1,1.0,32.61267380043864,-5.397911071777344,-57.51904296875,7.734718644673473,11.70972579977097,0.04509864516877663,-0.006974424622240516,0.04509864516877663,0.006974424622240516,0.0015426386380568147,-0.00039747520349919796,1.0,0.0,19.444444444444443,15,10,5.493417739868164,RoadOption.STRAIGHT,5.1412882804870605,-57.40763473510742,6.29030873046333,2.8,1.2,4.5,3.0,10.0,0.6,0.01,0.06,0.55,0.16,0.2,0.35,1.5,12,10.0,14.0,0.9,1.2,0.6,0.01,0.06,0.65,0.3,0.72,0.005,0.38,0.22,0.01,0.14,1.0,0.28
lqr,ground_truth,curvy,400.0,0.05,0.1,1.0,32.6626738011837,-4.999281406402588,-57.51523971557617,8.131190532345268,11.313253912099174,0.04253592185949565,-0.006648654482193983,0.04253592185949565,0.006648654482193983,0.0018256441690027714,0.0002830055309459567,1.0,0.0,19.444444444444443,15,10,5.094770431518555,RoadOption.STRAIGHT,5.1412882804870605,-57.40763473510742,6.29030873046333,2.8,1.2,4.5,3.0,10.0,0.6,0.01,0.06,0.55,0.16,0.2,0.35,1.5,12,10.0,14.0,0.9,1.2,0.6,0.01,0.06,0.65,0.3,0.72,0.005,0.38,0.22,0.01,0.14,1.0,0.28
lqr,ground_truth,curvy,400.0,0.05,0.1,1.0,32.71267380192876,-4.582071304321289,-57.5111083984375,8.48712584475408,10.957318599690362,0.040004520206031895,-0.006444906014046126,0.040004520206031895,0.006444906014046126,0.0022139863576740026,0.00038834218867123127,1.0,0.0,19.444444444444443,16,10,4.677541255950928,RoadOption.STRAIGHT,6.158995628356934,-57.40210723876953,6.286932907465546,2.8,1.2,4.5,3.0,10.0,0.6,0.01,0.06,0.55,0.16,0.2,0.35,1.5,12,10.0,14.0,0.9,1.2,0.6,0.01,0.06,0.65,0.3,0.72,0.005,0.38,0.22,0.01,0.14,1.0,0.28
lqr,ground_truth,curvy,400.0,0.05,0.1,1.0,32.76267380267382,-4.145732879638672,-57.50663757324219,8.886890003293132,10.55755444115131,0.03750724606783022,-0.006172695580531684,0.03750724606783022,0.006172695580531684,0.0031776921823620796,0.000963705824688077,1.0,0.0,19.444444444444443,16,11,5.241150379180908,RoadOption.STRAIGHT,6.158995628356934,-57.40210723876953,6.286932907465546,2.8,1.2,4.5,3.0,10.0,0.6,0.01,0.06,0.55,0.16,0.2,0.35,1.5,12,10.0,14.0,0.9,1.2,0.6,0.01,0.06,0.65,0.3,0.72,0.005,0.38,0.22,0.01,0.14,1.0,0.28
lqr,ground_truth,curvy,400.0,0.05,0.1,1.0,32.812673803418875,-3.690263271331787,-57.50175094604492,9.26252256973831,10.181921874706132,0.035120113763129276,-0.005760855403004861,0.035120113763129276,0.005760855403004861,0.0027626794762909412,-0.0004150127060711384,1.0,0.0,19.444444444444443,17,11,4.785655498504639,RoadOption.STRAIGHT,7.176715850830078,-57.399993896484375,6.283557084467762,2.8,1.2,4.5,3.0,10.0,0.6,0.01,0.06,0.55,0.16,0.2,0.35,1.5,12,10.0,14.0,0.9,1.2,0.6,0.01,0.06,0.65,0.3,0.72,0.005,0.38,0.22,0.01,0.14,1.0,0.28
lqr,ground_truth,curvy,400.0,0.05,0.1,1.0,32.86267380416393,-3.214533567428589,-57.49641418457031,9.677766723937351,9.766677720507092,0.03285964880355411,-0.0052977753819267726,0.03285964880355411,0.0052977753819267726,0.0014887377619743347,-0.0012739417143166065,1.0,0.0,19.444444444444443,17,12,5.309874057769775,RoadOption.STRAIGHT,7.176715850830078,-57.399993896484375,6.283557084467762,2.8,1.2,4.5,3.0,10.0,0.6,0.01,0.06,0.55,0.16,0.2,0.35,1.5,12,10.0,14.0,0.9,1.2,0.6,0.01,0.06,0.65,0.3,0.72,0.005,0.38,0.22,0.01,0.14,1.0,0.28
lqr,ground_truth,curvy,400.0,0.05,0.1,1.0,32.91267380490899,-2.7192556858062744,-57.490760803222656,10.057189791686028,9.387254652758415,0.030603497094989718,-0.004908520058800825,0.030603497094989718,0.004908520058800825,0.0003754712815862149,-0.0011132664803881198,1.0,0.0,19.444444444444443,18,12,4.8145647048950195,RoadOption.STRAIGHT,8.181218147277832,-57.40031433105469,6.28277624563615,2.8,1.2,4.5,3.0,10.0,0.6,0.01,0.06,0.55,0.16,0.2,0.35,1.5,12,10.0,14.0,0.9,1.2,0.6,0.01,0.06,0.65,0.3,0.72,0.005,0.38,0.22,0.01,0.14,1.0,0.28
lqr,ground_truth,curvy,400.0,0.05,0.1,1.0,32.96267380565405,-2.205288887023926,-57.484886169433594,10.425825688916973,9.01861875552747,0.017811654580331814,-0.0025747961567530453,0.017811654580331814,0.0025747961567530453,-0.005938318092375994,-0.006313789373962209,1.0,0.0,19.444444444444443,18,13,5.311543941497803,RoadOption.STRAIGHT,8.181218147277832,-57.40031433105469,6.28277624563615,2.8,1.2,4.5,3.0,10.0,0.6,0.01,0.06,0.55,0.16,0.2,0.35,1.5,12,10.0,14.0,0.9,1.2,0.6,0.01,0.06,0.65,0.3,0.72,0.005,0.38,0.22,0.01,0.14,1.0,0.28
lqr,ground_truth,curvy,400.0,0.05,0.1,1.0,33.01267380639911,-1.6733982563018799,-57.479305267333984,10.779217182292102,8.66522726215234,0.016012236922406546,-0.00289905370452459,0.016012236922406546,0.00289905370452459,-0.007454211357980967,-0.0015158932656049728,1.0,0.0,19.444444444444443,19,13,4.779623985290527,RoadOption.STRAIGHT,9.181218147277832,-57.40072250366211,6.28277624563615,2.8,1.2,4.5,3.0,10.0,0.6,0.01,0.06,0.55,0.16,0.2,0.35,1.5,12,10.0,14.0,0.9,1.2,0.6,0.01,0.06,0.65,0.3,0.72,0.005,0.38,0.22,0.01,0.14,1.0,0.28
lqr,ground_truth,curvy,400.0,0.05,0.1,1.0,33.062673807144165,-1.1240781545639038,-57.474281311035156,11.124568140528712,8.31987630391573,-0.0026022022921359383,-0.00043692590663901854,0.0026022022921359383,0.00043692590663901854,-0.008815829642117023,-0.001361618284136057,1.0,0.0,19.444444444444443,19,14,5.248003005981445,RoadOption.STRAIGHT,9.181218147277832,-57.40072250366211,6.28277624563615,2.8,1.2,4.5,3.0,10.0,0.6,0.01,0.06,0.55,0.16,0.2,0.35,1.5,12,10.0,14.0,0.9,1.2,0.6,0.01,0.06,0.65,0.3,0.72,0.005,0.38,0.22,0.01,0.14,1.0,0.28
lqr,ground_truth,curvy,400.0,0.05,0.1,1.0,33.11267380788922,-0.5576927065849304,-57.46990966796875,11.46342432751046,7.981020116933983,-0.004177311231489983,-0.0017788485672944887,0.004177311231489983,0.0017788485672944887,-0.005571888294070959,0.0032439413480460644,1.0,0.0,19.444444444444443,20,14,4.68160343170166,RoadOption.STRAIGHT,10.181218147277832,-57.40113067626953,6.28277624563615,2.8,1.2,4.5,3.0,10.0,0.6,0.01,0.06,0.55,0.16,0.2,0.35,1.5,12,10.0,14.0,0.9,1.2,0.6,0.01,0.06,0.65,0.3,0.72,0.005,0.38,0.22,0.01,0.14,1.0,0.28
lqr,ground_truth,curvy,400.0,0.05,0.1,1.0,33.16267380863428,0.025504760444164276,-57.46601104736328,11.797940196277908,7.646504248166535,-0.021933247916935503,0.00023623539240613667,0.021933247916935503,0.00023623539240613667,-0.005352502688765526,0.00021938560530543327,1.0,0.0,19.444444444444443,20,15,5.116117000579834,RoadOption.STRAIGHT,10.181218147277832,-57.40113067626953,6.28277624563615,2.8,1.2,4.5,3.0,10.0,0.6,0.01,0.06,0.55,0.16,0.2,0.35,1.5,12,10.0,14.0,0.9,1.2,0.6,0.01,0.06,0.65,0.3,0.72,0.005,0.38,0.22,0.01,0.14,1.0,0.28
lqr,ground_truth,curvy,400.0,0.05,0.1,1.0,33.21267380937934,0.6253281831741333,-57.46251678466797,12.129134537090785,7.315309907353658,-0.022711833876051142,-0.0010117754697160919,0.022711833876051142,0.0010117754697160919,-0.0025422258768230677,0.002810276811942458,1.0,0.0,19.444444444444443,21,15,4.516294002532959,RoadOption.STRAIGHT,11.181218147277832,-57.40153884887695,6.28277624563615,2.8,1.2,4.5,3.0,10.0,0.6,0.01,0.06,0.55,0.16,0.2,0.35,1.5,12,10.0,14.0,0.9,1.2,0.6,0.01,0.06,0.65,0.3,0.72,0.005,0.38,0.22,0.01,0.14,1.0,0.28
lqr,ground_truth,curvy,400.0,0.05,0.1,1.0,33.2626738101244,1.24163818359375,-57.45933151245117,12.457876077007674,6.986568367436769,-0.03879562480858559,0.0013731112938826229,0.03879562480858559,0.0013731112938826229,-0.005122131202369928,-0.0025799053255468607,1.0,0.0,19.444444444444443,22,16,4.917690753936768,RoadOption.STRAIGHT,12.181214332580566,-57.401947021484375,6.28277624563615,2.8,1.2,4.5,3.0,10.0,0.6,0.01,0.06,0.55,0.16,0.2,0.35,1.5,12,10.0,14.0,0.9,1.2,0.6,0.01,0.06,0.65,0.3,0.72,0.005,0.38,0.22,0.01,0.14,1.0,0.28
lqr,ground_truth,curvy,400.0,0.05,0.1,1.0,33.312673810869455,1.8743280172348022,-57.456634521484375,12.78464666828891,6.659797776155532,-0.05466931376139741,0.003781914752500448,0.05466931376139741,0.003781914752500448,-0.005377839785069227,-0.00025570858269929886,1.0,0.0,19.444444444444443,22,17,5.302690505981445,RoadOption.STRAIGHT,12.181214332580566,-57.401947021484375,6.28277624563615,2.8,1.2,4.5,3.0,10.0,0.6,0.01,0.06,0.55,0.16,0.2,0.35,1.5,12,10.0,14.0,0.9,1.2,0.6,0.01,0.06,0.65,0.3,0.72,0.005,0.38,0.22,0.01,0.14,1.0,0.28
lqr,ground_truth,curvy,400.0,0.05,0.1,1.0,33.36267381161451,2.523313045501709,-57.45459747314453,13.10989315938361,6.334551285060833,-0.05287354345064964,0.0026946152591920125,0.05287354345064964,0.0026946152591920125,-0.00336949760094285,0.002008342184126377,1.0,0.0,19.444444444444443,23,17,4.653723239898682,RoadOption.STRAIGHT,13.181214332580566,-57.4023551940918,6.28277624563615,2.8,1.2,4.5,3.0,10.0,0.6,0.01,0.06,0.55,0.16,0.2,0.35,1.5,12,10.0,14.0,0.9,1.2,0.6,0.01,0.06,0.65,0.3,0.72,0.005,0.38,0.22,0.01,0.14,1.0,0.28
lqr,ground_truth,curvy,400.0,0.05,0.1,1.0,33.41267381235957,3.1885249614715576,-57.45307159423828,13.433911613692766,6.010532830751677,-0.05479957749315634,0.0024598377134159577,0.05479957749315634,0.0024598377134159577,0.00365371978841722,0.00702321738936007,1.0,0.0,19.444444444444443,24,18,4.992971897125244,RoadOption.STRAIGHT,14.181214332580566,-57.40276336669922,6.28277624563615,2.8,1.2,4.5,3.0,10.0,0.6,0.01,0.06,0.55,0.16,0.2,0.35,1.5,12,10.0,14.0,0.9,1.2,0.6,0.01,0.06,0.65,0.3,0.72,0.005,0.38,0.22,0.01,0.14,1.0,0.28
lqr,ground_truth,curvy,400.0,0.05,0.1,1.0,33.46267381310463,3.869903087615967,-57.45143127441406,13.756765745577729,5.687678698866714,-0.052881421184761385,0.0020859777500445986,0.052881421184761385,0.0020859777500445986,0.0060029164887964725,0.0023491967003792524,1.0,0.0,19.444444444444443,24,19,5.311557292938232,RoadOption.STRAIGHT,14.181214332580566,-57.40276336669922,6.28277624563615,2.8,1.2,4.5,3.0,10.0,0.6,0.01,0.06,0.55,0.16,0.2,0.35,1.5,12,10.0,14.0,0.9,1.2,0.6,0.01,0.06,0.65,0.3,0.72,0.005,0.38,0.22,0.01,0.14,1.0,0.28
lqr,ground_truth,curvy,400.0,0.05,0.1,1.0,33.51267381384969,4.5673933029174805,-57.449310302734375,14.078653322382506,5.365791122061937,-0.050475133266480246,0.0024975884119795566,0.050475133266480246,0.0024975884119795566,0.00402393052354455,-0.0019789859652519226,1.0,0.0,19.444444444444443,25,19,4.614080905914307,RoadOption.STRAIGHT,15.181214332580566,-57.403175354003906,6.28277624563615,2.8,1.2,4.5,3.0,10.0,0.6,0.01,0.06,0.55,0.16,0.2,0.35,1.5,12,10.0,14.0,0.9,1.2,0.6,0.01,0.06,0.65,0.3,0.72,0.005,0.38,0.22,0.01,0.14,1.0,0.28
lqr,ground_truth,curvy,400.0,0.05,0.1,1.0,33.562673814594746,5.2809553146362305,-57.446800231933594,14.399753573335131,5.044690871109312,-0.047674060864751414,0.00326357257835852,0.047674060864751414,0.00326357257835852,-0.0005279578035697341,-0.004551888327114284,1.0,0.0,19.444444444444443,26,20,4.900475978851318,RoadOption.STRAIGHT,16.181215286254883,-57.40358352661133,6.28277624563615,2.8,1.2,4.5,3.0,10.0,0.6,0.01,0.06,0.55,0.16,0.2,0.35,1.5,12,10.0,14.0,0.9,1.2,0.6,0.01,0.06,0.65,0.3,0.72,0.005,0.38,0.22,0.01,0.14,1.0,0.28
lqr,ground_truth,curvy,400.0,0.05,0.1,1.0,33.612673815339804,6.010546684265137,-57.44429016113281,14.720036039669148,4.724408404775295,-0.04486643146931844,0.0037934586715744345,0.04486643146931844,0.0037934586715744345,-0.0030334871262311935,-0.0025055293226614594,1.0,0.0,19.444444444444443,26,21,5.170848369598389,RoadOption.STRAIGHT,16.181215286254883,-57.40358352661133,6.28277624563615,2.8,1.2,4.5,3.0,10.0,0.6,0.01,0.06,0.55,0.16,0.2,0.35,1.5,12,10.0,14.0,0.9,1.2,0.6,0.01,0.06,0.65,0.3,0.72,0.005,0.38,0.22,0.01,0.14,1.0,0.28
lqr,ground_truth,curvy,400.0,0.05,0.1,1.0,33.66267381608486,6.756130218505859,-57.44200134277344,15.039522077665897,4.404922366778546,-0.04227262375866719,0.00382375524986589,0.04227262375866719,0.00382375524986589,-0.0036706191021949053,-0.0006371319759637117,1.0,0.0,19.444444444444443,27,21,4.4252729415893555,RoadOption.STRAIGHT,17.181215286254883,-57.40399169921875,6.28277624563615,2.8,1.2,4.5,3.0,10.0,0.6,0.01,0.06,0.55,0.16,0.2,0.35,1.5,12,10.0,14.0,0.9,1.2,0.6,0.01,0.06,0.65,0.3,0.72,0.005,0.38,0.22,0.01,0.14,1.0,0.28
lqr,ground_truth,curvy,400.0,0.05,0.1,1.0,33.71267381682992,7.517667293548584,-57.44000244140625,15.358280965506781,4.086163478937662,-0.039963094434416396,0.0034327504067537262,0.039963094434416396,0.0034327504067537262,-0.0016365657793357968,0.0020340533228591084,1.0,0.0,19.444444444444443,28,22,4.663702487945557,RoadOption.STRAIGHT,18.181215286254883,-57.40439987182617,6.28277624563615,2.8,1.2,4.5,3.0,10.0,0.6,0.01,0.06,0.55,0.16,0.2,0.35,1.5,12,10.0,14.0,0.9,1.2,0.6,0.01,0.06,0.65,0.3,0.72,0.005,0.38,0.22,0.01,0.14,1.0,0.28
lqr,ground_truth,curvy,400.0,0.05,0.1,1.0,33.76267381757498,8.295122146606445,-57.43815612792969,15.676349847780346,3.7680945966640973,-0.037799643197808784,0.0029381909893535507,0.037799643197808784,0.0029381909893535507,-5.8147907111560926e-05,0.001578417872224236,1.0,0.0,19.444444444444443,29,23,4.886223793029785,RoadOption.STRAIGHT,19.181215286254883,-57.404808044433594,6.28277624563615,2.8,1.2,4.5,3.0,10.0,0.6,0.01,0.06,0.55,0.16,0.2,0.35,1.5,12,10.0,14.0,0.9,1.2,0.6,0.01,0.06,0.65,0.3,0.72,0.005,0.38,0.22,0.01,0.14,1.0,0.28
lqr,ground_truth,curvy,400.0,0.05,0.1,1.0,33.812673818320036,9.088459014892578,-57.43631362915039,15.993713380187254,3.450731064257189,-0.03563350993666666,0.0025883860805429038,0.03563350993666666,0.0025883860805429038,0.0009023072198033333,0.0009604551269148942,1.0,0.0,19.444444444444443,29,24,5.092865943908691,RoadOption.STRAIGHT,19.181215286254883,-57.404808044433594,6.28277624563615,2.8,1.2,4.5,3.0,10.0,0.6,0.01,0.06,0.55,0.16,0.2,0.35,1.5,12,10.0,14.0,0.9,1.2,0.6,0.01,0.06,0.65,0.3,0.72,0.005,0.38,0.22,0.01,0.14,1.0,0.28
lqr,ground_truth,curvy,400.0,0.05,0.1,1.0,33.862673819065094,9.89764404296875,-57.43441390991211,16.310381629622825,3.1340628148216183,-0.03340278439004729,0.0024567410084257446,0.03340278439004729,0.0024567410084257446,0.0001506736734881997,-0.0007516335463151336,1.0,0.0,19.444444444444443,30,24,4.283687591552734,RoadOption.STRAIGHT,20.181215286254883,-57.405216217041016,6.28277624563615,2.8,1.2,4.5,3.0,10.0,0.6,0.01,0.06,0.55,0.16,0.2,0.35,1.5,12,10.0,14.0,0.9,1.2,0.6,0.01,0.06,0.65,0.3,0.72,0.005,0.38,0.22,0.01,0.14,1.0,0.28
lqr,ground_truth,curvy,400.0,0.05,0.1,1.0,33.91267381981015,10.72264289855957,-57.43251419067383,16.6263679959194,2.8180764485250442,-0.03116266427672779,0.0024299953549338227,0.03116266427672779,0.0024299953549338227,-0.0006459943251684308,-0.0007966679986566305,1.0,0.0,19.444444444444443,31,25,4.458668231964111,RoadOption.STRAIGHT,21.181215286254883,-57.40562438964844,6.28277624563615,2.8,1.2,4.5,3.0,10.0,0.6,0.01,0.06,0.55,0.16,0.2,0.35,1.5,12,10.0,14.0,0.9,1.2,0.6,0.01,0.06,0.65,0.3,0.72,0.005,0.38,0.22,0.01,0.14,1.0,0.28
lqr,ground_truth,curvy,400.0,0.05,0.1,1.0,33.96267382055521,11.563419342041016,-57.43070983886719,16.941678062248602,2.5027663821958406,-0.029015272669853626,0.0023700532944239683,0.029015272669853626,0.0023700532944239683,-0.0014559391420334578,-0.000809944816865027,1.0,0.0,19.444444444444443,32,26,4.617876052856445,RoadOption.STRAIGHT,22.181215286254883,-57.40603256225586,6.28277624563615,2.8,1.2,4.5,3.0,10.0,0.6,0.01,0.06,0.55,0.16,0.2,0.35,1.5,12,10.0,14.0,0.9,1.2,0.6,0.01,0.06,0.65,0.3,0.72,0.005,0.38,0.22,0.01,0.14,1.0,0.28
lqr,ground_truth,curvy,400.0,0.05,0.1,1.0,34.01267382130027,12.419940948486328,-57.42908477783203,17.256308099229955,2.188136345214488,-0.027040730688867837,0.0021944062472254444,0.027040730688867837,0.0021944062472254444,-0.0010969596914947033,0.00035897945053875446,0.9853257536888123,0.0,19.444444444444443,33,27,4.761340618133545,RoadOption.STRAIGHT,23.181215286254883,-57.40644073486328,6.28277624563615,2.8,1.2,4.5,3.0,10.0,0.6,0.01,0.06,0.55,0.16,0.2,0.35,1.5,12,10.0,14.0,0.9,1.2,0.6,0.01,0.06,0.65,0.3,0.72,0.005,0.38,0.22,0.01,0.14,1.0,0.28
lqr,ground_truth,curvy,400.0,0.05,0.1,1.0,34.062673822045326,13.292149543762207,-57.42761993408203,17.56899317841977,1.8754512660246725,-0.025219989035949665,0.0019432715868399342,0.025219989035949665,0.0019432715868399342,-0.0006175122689455748,0.00047944742254912853,0.8000486493110657,0.0,19.444444444444443,34,28,4.889121055603027,RoadOption.STRAIGHT,24.181215286254883,-57.4068489074707,6.28277624563615,2.8,1.2,4.5,3.0,10.0,0.6,0.01,0.06,0.55,0.16,0.2,0.35,1.5,12,10.0,14.0,0.9,1.2,0.6,0.01,0.06,0.65,0.3,0.72,0.005,0.38,0.22,0.01,0.14,1.0,0.28
lqr,ground_truth,curvy,400.0,0.05,0.1,1.0,34.112673822790384,14.179630279541016,-57.42627716064453,17.86494947390551,1.5794949705389314,-0.023515070440126913,0.001698505106380921,0.023515070440126913,0.001698505106380921,6.420486170100048e-05,0.0006817171306465752,0.642549455165863,0.0,19.444444444444443,34,29,5.001631259918213,RoadOption.STRAIGHT,24.181215286254883,-57.4068489074707,6.28277624563615,2.8,1.2,4.5,3.0,10.0,0.6,0.01,0.06,0.55,0.16,0.2,0.35,1.5,12,10.0,14.0,0.9,1.2,0.6,0.01,0.06,0.65,0.3,0.72,0.005,0.38,0.22,0.01,0.14,1.0,0.28
lqr,ground_truth,curvy,400.0,0.05,0.1,1.0,34.16267382353544,15.080531120300293,-57.42500686645508,18.11214116297514,1.3323032814693043,-0.021876252478826998,0.0015303612034651692,0.021876252478826998,0.0015303612034651692,4.1567116568330675e-05,-2.2637745132669806e-05,0.5527519583702087,0.0,19.444444444444443,35,29,4.100734233856201,RoadOption.STRAIGHT,25.181215286254883,-57.40726089477539,6.28277624563615,2.8,1.2,4.5,3.0,10.0,0.6,0.01,0.06,0.55,0.16,0.2,0.35,1.5,12,10.0,14.0,0.9,1.2,0.6,0.01,0.06,0.65,0.3,0.72,0.005,0.38,0.22,0.01,0.14,1.0,0.28
lqr,ground_truth,curvy,400.0,0.05,0.1,1.0,34.2126738242805,15.991822242736816,-57.42380905151367,18.29374014642338,1.1507042980210613,-0.02030655245372555,0.0014358631323840854,0.02030655245372555,0.0014358631323840854,-0.00017164704331662506,-0.00021321415988495573,0.5225037932395935,0.0,19.444444444444443,36,30,4.18943452835083,RoadOption.STRAIGHT,26.181215286254883,-57.40766906738281,6.28277624563615,2.8,1.2,4.5,3.0,10.0,0.6,0.01,0.06,0.55,0.16,0.2,0.35,1.5,12,10.0,14.0,0.9,1.2,0.6,0.01,0.06,0.65,0.3,0.72,0.005,0.38,0.22,0.01,0.14,1.0,0.28
lqr,ground_truth,curvy,400.0,0.05,0.1,1.0,34.26267382502556,16.910263061523438,-57.42270278930664,18.413257909769296,1.0311865346751468,-0.01882548048959677,0.0013679644229869226,0.01882548048959677,0.0013679644229869226,-0.0004403293423820287,-0.00026868229906540364,0.5252906084060669,0.0,19.444444444444443,37,31,4.270986557006836,RoadOption.STRAIGHT,27.181215286254883,-57.408077239990234,6.28277624563615,2.8,1.2,4.5,3.0,10.0,0.6,0.01,0.06,0.55,0.16,0.2,0.35,1.5,12,10.0,14.0,0.9,1.2,0.6,0.01,0.06,0.65,0.3,0.72,0.005,0.38,0.22,0.01,0.14,1.0,0.28
lqr,ground_truth,curvy,400.0,0.05,0.1,1.0,34.31267382577062,17.83316421508789,-57.42172622680664,18.484881697101894,0.9595627473425488,-0.017472283670270247,0.0012855926424117925,0.017472283670270247,0.0012855926424117925,-0.0005050928448326886,-6.476350245065987e-05,0.539789080619812,0.0,19.444444444444443,38,32,4.348079681396484,RoadOption.STRAIGHT,28.181215286254883,-57.408485412597656,6.28277624563615,2.8,1.2,4.5,3.0,10.0,0.6,0.01,0.06,0.55,0.16,0.2,0.35,1.5,12,10.0,14.0,0.9,1.2,0.6,0.01,0.06,0.65,0.3,0.72,0.005,0.38,0.22,0.01,0.14,1.0,0.28
lqr,ground_truth,curvy,400.0,0.05,0.1,1.0,34.362673826515675,18.758621215820312,-57.42086410522461,18.524472051949843,0.9199723924945999,-0.01623248226057954,0.00117793292493662,0.01623248226057954,0.00117793292493662,-0.00035507671418599784,0.00015001613064669073,0.5544750094413757,0.0,19.444444444444443,39,33,4.4226179122924805,RoadOption.STRAIGHT,29.181215286254883,-57.40889358520508,6.28277624563615,2.8,1.2,4.5,3.0,10.0,0.6,0.01,0.06,0.55,0.16,0.2,0.35,1.5,12,10.0,14.0,0.9,1.2,0.6,0.01,0.06,0.65,0.3,0.72,0.005,0.38,0.22,0.01,0.14,1.0,0.28
lqr,ground_truth,curvy,400.0,0.05,0.1,1.0,34.41267382726073,19.685447692871094,-57.42010498046875,18.544888693777146,0.8995557506672966,-0.015095117468362543,0.0010645726383273768,0.015095117468362543,0.0010645726383273768,-0.00016678647079970688,0.00018829024338629097,0.5652334690093994,0.0,19.444444444444443,40,34,4.495787143707275,RoadOption.STRAIGHT,30.181215286254883,-57.4093017578125,6.28277624563615,2.8,1.2,4.5,3.0,10.0,0.6,0.01,0.06,0.55,0.16,0.2,0.35,1.5,12,10.0,14.0,0.9,1.2,0.6,0.01,0.06,0.65,0.3,0.72,0.005,0.38,0.22,0.01,0.14,1.0,0.28
lqr,ground_truth,curvy,400.0,0.05,0.1,1.0,34.46267382800579,20.61296272277832,-57.41943359375,18.554817431001776,0.8896270134426665,-0.014041394348481452,0.0009694899851817596,0.014041394348481452,0.0009694899851817596,-5.247734225122258e-05,0.0001143091285484843,0.571861743927002,0.0,19.444444444444443,41,35,4.568268775939941,RoadOption.STRAIGHT,31.181215286254883,-57.40970993041992,6.28277624563615,2.8,1.2,4.5,3.0,10.0,0.6,0.01,0.06,0.55,0.16,0.2,0.35,1.5,12,10.0,14.0,0.9,1.2,0.6,0.01,0.06,0.65,0.3,0.72,0.005,0.38,0.22,0.01,0.14,1.0,0.28
lqr,ground_truth,curvy,400.0,0.05,0.1,1.0,34.51267382875085,21.540807723999023,-57.418827056884766,18.559426855009058,0.8850175894353853,-0.01305620079506573,0.0009025042016848062,0.01305620079506573,0.0009025042016848062,-0.0001029122358886525,-5.043489363742992e-05,0.57547926902771,0.0,19.444444444444443,42,36,4.640421390533447,RoadOption.STRAIGHT,32.18121337890625,-57.410118103027344,6.28277624563615,2.8,1.2,4.5,3.0,10.0,0.6,0.01,0.06,0.55,0.16,0.2,0.35,1.5,12,10.0,14.0,0.9,1.2,0.6,0.01,0.06,0.65,0.3,0.72,0.005,0.38,0.22,0.01,0.14,1.0,0.28
lqr,ground_truth,curvy,400.0,0.05,0.1,1.0,34.56267382949591,22.468812942504883,-57.41827392578125,18.561508990212488,0.882935454231955,-0.012124347460172406,0.0008529668696848347,0.012124347460172406,0.0008529668696848347,-0.00021239199850242585,-0.00010947976261377335,0.5772626996040344,0.0,19.444444444444443,43,37,4.712413787841797,RoadOption.STRAIGHT,33.18121337890625,-57.410526275634766,6.28277624563615,2.8,1.2,4.5,3.0,10.0,0.6,0.01,0.06,0.55,0.16,0.2,0.35,1.5,12,10.0,14.0,0.9,1.2,0.6,0.01,0.06,0.65,0.3,0.72,0.005,0.38,0.22,0.01,0.14,1.0,0.28
lqr,ground_truth,curvy,400.0,0.05,0.1,1.0,34.612673830240965,23.39689064025879,-57.41780090332031,18.56244857424816,0.8819958701962811,-0.011272573112682616,0.00080269310472314,0.011272573112682616,0.00080269310472314,-0.00025663975975476205,-4.4247761252336204e-05,0.5780700445175171,0.0,19.444444444444443,44,38,4.784334182739258,RoadOption.STRAIGHT,34.18121337890625,-57.41093444824219,6.28277624563615,2.8,1.2,4.5,3.0,10.0,0.6,0.01,0.06,0.55,0.16,0.2,0.35,1.5,12,10.0,14.0,0.9,1.2,0.6,0.01,0.06,0.65,0.3,0.72,0.005,0.38,0.22,0.01,0.14,1.0,0.28
lqr,ground_truth,curvy,400.0,0.05,0.1,1.0,34.66267383098602,24.32500648498535,-57.417396545410156,18.56289427504906,0.881550169395382,-0.010489447705770136,0.0007436470652821825,0.010489447705770136,0.0007436470652821825,-0.0002093748771585524,4.7264882596209645e-05,0.5783952474594116,0.0,19.444444444444443,45,39,4.8562164306640625,RoadOption.STRAIGHT,35.18121337890625,-57.41134262084961,6.28277624563615,2.8,1.2,4.5,3.0,10.0,0.6,0.01,0.06,0.55,0.16,0.2,0.35,1.5,12,10.0,14.0,0.9,1.2,0.6,0.01,0.06,0.65,0.3,0.72,0.005,0.38,0.22,0.01,0.14,1.0,0.28
lqr,ground_truth,curvy,400.0,0.05,0.1,1.0,34.71267383173108,25.253143310546875,-57.417049407958984,18.563124645512165,0.8813197989322781,-0.009763534170602148,0.0006812860697280598,0.009763534170602148,0.0006812860697280598,-0.00012673146557062864,8.264341158792377e-05,0.5785154104232788,0.0,19.444444444444443,46,40,4.9280781745910645,RoadOption.STRAIGHT,36.18121337890625,-57.4117546081543,6.28277624563615,2.8,1.2,4.5,3.0,10.0,0.6,0.01,0.06,0.55,0.16,0.2,0.35,1.5,12,10.0,14.0,0.9,1.2,0.6,0.01,0.06,0.65,0.3,0.72,0.005,0.38,0.22,0.01,0.14,1.0,0.28
lqr,ground_truth,curvy,400.0,0.05,0.1,1.0,34.76267383247614,26.181291580200195,-57.41676330566406,18.563259806023687,0.8811846384207556,-0.009098651105239889,0.0006256406971454354,0.009098651105239889,0.0006256406971454354,-7.28827144484967e-05,5.3848751122131944e-05,0.5785486102104187,0.0,19.444444444444443,47,41,4.999928951263428,RoadOption.STRAIGHT,37.18121337890625,-57.41216278076172,6.28277624563615,2.8,1.2,4.5,3.0,10.0,0.6,0.01,0.06,0.55,0.16,0.2,0.35,1.5,12,10.0,14.0,0.9,1.2,0.6,0.01,0.06,0.65,0.3,0.72,0.005,0.38,0.22,0.01,0.14,1.0,0.28
lqr,ground_truth,curvy,400.0,0.05,0.1,1.0,34.8126738332212,27.10944366455078,-57.41651916503906,18.563345455538453,0.8810989889059897,-0.008475727365619893,0.0005818356308369133,0.008475727365619893,0.0005818356308369133,-7.804087363183498e-05,-5.1581591833382845e-06,0.5785565972328186,0.0,19.444444444444443,47,42,5.071774005889893,RoadOption.STRAIGHT,37.18121337890625,-57.41216278076172,6.28277624563615,2.8,1.2,4.5,3.0,10.0,0.6,0.01,0.06,0.55,0.16,0.2,0.35,1.5,12,10.0,14.0,0.9,1.2,0.6,0.01,0.06,0.65,0.3,0.72,0.005,0.38,0.22,0.01,0.14,1.0,0.28
lqr,ground_truth,curvy,400.0,0.05,0.1,1.0,34.862673833966255,28.03761100769043,-57.41631317138672,18.56340442604352,0.8810400184009239,-0.007890056175147158,0.0005469006757197192,0.007890056175147158,0.0005469006757197192,-0.0001148064256994985,-3.676555206766352e-05,0.5785532593727112,0.0,19.444444444444443,48,42,4.1436076164245605,RoadOption.STRAIGHT,38.18121337890625,-57.41257095336914,6.28277624563615,2.8,1.2,4.5,3.0,10.0,0.6,0.01,0.06,0.55,0.16,0.2,0.35,1.5,12,10.0,14.0,0.9,1.2,0.6,0.01,0.06,0.65,0.3,0.72,0.005,0.38,0.22,0.01,0.14,1.0,0.28
lqr,ground_truth,curvy,400.0,0.05,0.1,1.0,34.91267383471131,28.965778350830078,-57.416141510009766,18.563446247380767,0.8809981970636755,-0.007339606215949335,0.0005139887493772477,0.007339606215949335,0.0005139887493772477,-0.00013872804993297905,-2.3921624233480543e-05,0.5785487294197083,0.0,19.444444444444443,49,43,4.215439319610596,RoadOption.STRAIGHT,39.18121337890625,-57.41297912597656,6.28277624563615,2.8,1.2,4.5,3.0,10.0,0.6,0.01,0.06,0.55,0.16,0.2,0.35,1.5,12,10.0,14.0,0.9,1.2,0.6,0.01,0.06,0.65,0.3,0.72,0.005,0.38,0.22,0.01,0.14,1.0,0.28
lqr,ground_truth,curvy,400.0,0.05,0.1,1.0,34.96267383545637,29.893949508666992,-57.416019439697266,18.56347475257465,0.8809696918697938,-0.00683874575660966,0.00047873264310460684,0.00683874575660966,0.00047873264310460684,-0.0001231227070093155,1.5605342923663557e-05,0.5785475969314575,0.0,19.444444444444443,50,44,4.287267684936523,RoadOption.STRAIGHT,40.18121337890625,-57.413387298583984,6.28277624563615,2.8,1.2,4.5,3.0,10.0,0.6,0.01,0.06,0.55,0.16,0.2,0.35,1.5,12,10.0,14.0,0.9,1.2,0.6,0.01,0.06,0.65,0.3,0.72,0.005,0.38,0.22,0.01,0.14,1.0,0.28
lqr,ground_truth,curvy,400.0,0.05,0.1,1.0,35.01267383620143,30.822118759155273,-57.415931701660156,18.563495673049033,0.8809487713954098,-0.006372218350011131,0.000442291717448029,0.006372218350011131,0.000442291717448029,-0.00010158147779293358,2.1541229216381907e-05,0.5785441398620605,0.0,19.444444444444443,51,45,4.359097480773926,RoadOption.STRAIGHT,41.18121337890625,-57.413795471191406,6.28277624563615,2.8,1.2,4.5,3.0,10.0,0.6,0.01,0.06,0.55,0.16,0.2,0.35,1.5,12,10.0,14.0,0.9,1.2,0.6,0.01,0.06,0.65,0.3,0.72,0.005,0.38,0.22,0.01,0.14,1.0,0.28
lqr,ground_truth,curvy,400.0,0.05,0.1,1.0,35.06267383694649,31.75029182434082,-57.4158821105957,18.5635089952425,0.8809354492019423,-0.005940021655484885,0.0004074636467823467,0.005940021655484885,0.0004074636467823467,-5.102632712805644e-05,5.0555150664877146e-05,0.5785452723503113,0.0,19.444444444444443,52,46,4.430923938751221,RoadOption.STRAIGHT,42.18121337890625,-57.41420364379883,6.28277624563615,2.8,1.2,4.5,3.0,10.0,0.6,0.01,0.06,0.55,0.16,0.2,0.35,1.5,12,10.0,14.0,0.9,1.2,0.6,0.01,0.06,0.65,0.3,0.72,0.005,0.38,0.22,0.01,0.14,1.0,0.28
lqr,ground_truth,curvy,400.0,0.05,0.1,1.0,35.112673837691545,32.678462982177734,-57.41585922241211,18.563518524376537,0.8809259200679058,-0.005538343316753321,0.00037870150904151245,0.005538343316753321,0.00037870150904151245,-4.853412974625826e-05,2.492197381798178e-06,0.5785441398620605,0.0,19.444444444444443,53,47,4.502752304077148,RoadOption.STRAIGHT,43.18121337890625,-57.41461181640625,6.28277624563615,2.8,1.2,4.5,3.0,10.0,0.6,0.01,0.06,0.55,0.16,0.2,0.35,1.5,12,10.0,14.0,0.9,1.2,0.6,0.01,0.06,0.65,0.3,0.72,0.005,0.38,0.22,0.01,0.14,1.0,0.28
lqr,ground_truth,curvy,400.0,0.05,0.1,1.0,35.1626738384366,33.60663604736328,-57.41585922241211,18.563524249809507,0.8809201946349354,-0.0051595523794775965,0.000355798325698764,0.0051595523794775965,0.000355798325698764,-6.943498010514304e-05,-2.090085035888478e-05,0.5785452723503113,0.0,19.444444444444443,54,48,4.574579238891602,RoadOption.STRAIGHT,44.18121337890625,-57.41501998901367,6.28277624563615,2.8,1.2,4.5,3.0,10.0,0.6,0.01,0.06,0.55,0.16,0.2,0.35,1.5,12,10.0,14.0,0.9,1.2,0.6,0.01,0.06,0.65,0.3,0.72,0.005,0.38,0.22,0.01,0.14,1.0,0.28
lqr,ground_truth,curvy,400.0,0.05,0.1,1.0,35.21267383918166,34.53480911254883,-57.41588592529297,18.563529988744126,0.8809144557003172,-0.004807464320827134,0.00033502566513199383,0.004807464320827134,0.00033502566513199383,-8.58746498124674e-05,-1.6439669707324356e-05,0.5785418152809143,0.0,19.444444444444443,55,49,4.6464056968688965,RoadOption.STRAIGHT,45.18121337890625,-57.415428161621094,6.28277624563615,2.8,1.2,4.5,3.0,10.0,0.6,0.01,0.06,0.55,0.16,0.2,0.35,1.5,12,10.0,14.0,0.9,1.2,0.6,0.01,0.06,0.65,0.3,0.72,0.005,0.38,0.22,0.01,0.14,1.0,0.28
lqr,ground_truth,curvy,400.0,0.05,0.1,1.0,35.26267383992672,35.462982177734375,-57.41593551635742,18.563531928181167,0.880912516263276,-0.004478264443855465,0.00031265512010314467,0.004478264443855465,0.00031265512010314467,-8.044917194638401e-05,5.4254778660833836e-06,0.5785451531410217,0.0,19.444444444444443,56,50,4.718232154846191,RoadOption.STRAIGHT,46.18121337890625,-57.41584014892578,6.28277624563615,2.8,1.2,4.5,3.0,10.0,0.6,0.01,0.06,0.55,0.16,0.2,0.35,1.5,12,10.0,14.0,0.9,1.2,0.6,0.01,0.06,0.65,0.3,0.72,0.005,0.38,0.22,0.01,0.14,1.0,0.28
lqr,ground_truth,curvy,400.0,0.05,0.1,1.0,35.31267384067178,36.39115524291992,-57.41600799560547,18.563531969617923,0.8809124748265198,-0.004171952748562592,0.000289751934728244,0.004171952748562592,0.000289751934728244,-6.262488022912294e-05,1.7824291717261076e-05,0.5785474181175232,0.0,19.444444444444443,57,51,4.7900590896606445,RoadOption.STRAIGHT,47.18121337890625,-57.4162483215332,6.28277624563615,2.8,1.2,4.5,3.0,10.0,0.6,0.01,0.06,0.55,0.16,0.2,0.35,1.5,12,10.0,14.0,0.9,1.2,0.6,0.01,0.06,0.65,0.3,0.72,0.005,0.38,0.22,0.01,0.14,1.0,0.28
lqr,ground_truth,curvy,400.0,0.05,0.1,1.0,35.362673841416836,37.31932830810547,-57.416107177734375,18.563532013443307,0.8809124310011356,-0.003892343931894978,0.0002679140056622842,0.003892343931894978,0.0002679140056622842,-4.378928497317247e-05,1.8835595255950466e-05,0.5785474181175232,0.0,19.444444444444443,58,52,4.861886024475098,RoadOption.STRAIGHT,48.18121337890625,-57.416656494140625,6.28277624563615,2.8,1.2,4.5,3.0,10.0,0.6,0.01,0.06,0.55,0.16,0.2,0.35,1.5,12,10.0,14.0,0.9,1.2,0.6,0.01,0.06,0.65,0.3,0.72,0.005,0.38,0.22,0.01,0.14,1.0,0.28
lqr,ground_truth,curvy,400.0,0.05,0.1,1.0,35.412673842161894,38.247501373291016,-57.41621780395508,18.56353205614322,0.8809123883012226,-0.0036241792060667617,0.00024873926206847585,0.0036241792060667617,0.00024873926206847585,-3.91419162042439e-05,4.6473687689285725e-06,0.5785473585128784,0.0,19.444444444444443,59,53,4.933712482452393,RoadOption.STRAIGHT,49.18121337890625,-57.41706466674805,6.28277624563615,2.8,1.2,4.5,3.0,10.0,0.6,0.01,0.06,0.55,0.16,0.2,0.35,1.5,12,10.0,14.0,0.9,1.2,0.6,0.01,0.06,0.65,0.3,0.72,0.005,0.38,0.22,0.01,0.14,1.0,0.28
lqr,ground_truth,curvy,400.0,0.05,0.1,1.0,35.46267384290695,39.17567443847656,-57.41635513305664,18.563532102192543,0.8809123422519001,-0.0033827173588638062,0.00023276027927288112,0.0033827173588638062,0.00023276027927288112,-4.2346677219029516e-05,-3.2047610147856176e-06,0.5785473585128784,0.0,19.444444444444443,59,54,5.005539417266846,RoadOption.STRAIGHT,49.18121337890625,-57.41706466674805,6.28277624563615,2.8,1.2,4.5,3.0,10.0,0.6,0.01,0.06,0.55,0.16,0.2,0.35,1.5,12,10.0,14.0,0.9,1.2,0.6,0.01,0.06,0.65,0.3,0.72,0.005,0.38,0.22,0.01,0.14,1.0,0.28
lqr,ground_truth,curvy,400.0,0.05,0.1,1.0,35.51267384365201,40.10384750366211,-57.41650390625,18.56353215372333,0.8809122907211133,-0.0031518106437435287,0.00021837922564138523,0.0031518106437435287,0.00021837922564138523,-4.900525891571306e-05,-6.658581696683541e-06,0.5785472989082336,0.0,19.444444444444443,60,54,4.077366352081299,RoadOption.STRAIGHT,50.18121337890625,-57.41747283935547,6.28277624563615,2.8,1.2,4.5,3.0,10.0,0.6,0.01,0.06,0.55,0.16,0.2,0.35,1.5,12,10.0,14.0,0.9,1.2,0.6,0.01,0.06,0.65,0.3,0.72,0.005,0.38,0.22,0.01,0.14,1.0,0.28
lqr,ground_truth,curvy,400.0,0.05,0.1,1.0,35.56267384439707,41.03202438354492,-57.41666793823242,18.563532211727427,0.8809122327170158,-0.0029370501147199255,0.00020399815575533609,0.0029370501147199255,0.00020399815575533609,-6.053414472262375e-05,-1.1528885806910694e-05,0.5785472989082336,0.0,19.444444444444443,61,55,4.149189472198486,RoadOption.STRAIGHT,51.18121337890625,-57.41788101196289,6.28277624563615,2.8,1.2,4.5,3.0,10.0,0.6,0.01,0.06,0.55,0.16,0.2,0.35,1.5,12,10.0,14.0,0.9,1.2,0.6,0.01,0.06,0.65,0.3,0.72,0.005,0.38,0.22,0.01,0.14,1.0,0.28
lqr,ground_truth,curvy,400.0,0.05,0.1,1.0,35.612673845142126,41.96019744873047,-57.41685485839844,18.563532279949715,0.8809121644947275,-0.0027413646308745597,0.0001885518214326254,0.0027413646308745597,0.0001885518214326254,-2.7551383027457632e-05,3.298276169516612e-05,0.5785472393035889,0.0,19.444444444444443,62,56,4.2210164070129395,RoadOption.STRAIGHT,52.18121337890625,-57.41828918457031,6.28277624563615,2.8,1.2,4.5,3.0,10.0,0.6,0.01,0.06,0.55,0.16,0.2,0.35,1.5,12,10.0,14.0,0.9,1.2,0.6,0.01,0.06,0.65,0.3,0.72,0.005,0.38,0.22,0.01,0.14,1.0,0.28
lqr,ground_truth,curvy,400.0,0.05,0.1,1.0,35.662673845887184,42.88837432861328,-57.41704559326172,18.563532324446033,0.8809121199984098,-0.0025533069804762176,0.00017470338376401884,0.0025533069804762176,0.00017470338376401884,-2.3072278054314665e-05,4.479104973142967e-06,0.5785472393035889,0.0,19.444444444444443,63,57,4.292839527130127,RoadOption.STRAIGHT,53.18121337890625,-57.418697357177734,6.28277624563615,2.8,1.2,4.5,3.0,10.0,0.6,0.01,0.06,0.55,0.16,0.2,0.35,1.5,12,10.0,14.0,0.9,1.2,0.6,0.01,0.06,0.65,0.3,0.72,0.005,0.38,0.22,0.01,0.14,1.0,0.28
lqr,ground_truth,curvy,400.0,0.05,0.1,1.0,35.71267384663224,43.81654739379883,-57.41725540161133,18.56353236966952,0.8809120747749226,-0.0023843243752561124,0.0001640506906399608,0.0023843243752561124,0.0001640506906399608,-2.9088467272231355e-05,-6.01618921791669e-06,0.5785471796989441,0.0,19.444444444444443,64,58,4.36466646194458,RoadOption.STRAIGHT,54.18121337890625,-57.419105529785156,6.28277624563615,2.8,1.2,4.5,3.0,10.0,0.6,0.01,0.06,0.55,0.16,0.2,0.35,1.5,12,10.0,14.0,0.9,1.2,0.6,0.01,0.06,0.65,0.3,0.72,0.005,0.38,0.22,0.01,0.14,1.0,0.28
lqr,ground_truth,curvy,400.0,0.05,0.1,1.0,35.7626738473773,44.744720458984375,-57.41747283935547,18.563532421277937,0.8809120231665055,-0.002222971163928939,0.00015393067849789333,0.002222971163928939,0.00015393067849789333,-3.446130358497612e-05,-5.3728363127447665e-06,0.5785471796989441,0.0,19.444444444444443,65,59,4.436493396759033,RoadOption.STRAIGHT,55.18121337890625,-57.41951370239258,6.28277624563615,2.8,1.2,4.5,3.0,10.0,0.6,0.01,0.06,0.55,0.16,0.2,0.35,1.5,12,10.0,14.0,0.9,1.2,0.6,0.01,0.06,0.65,0.3,0.72,0.005,0.38,0.22,0.01,0.14,1.0,0.28
lqr,ground_truth,curvy,400.0,0.05,0.1,1.0,35.81267384812236,45.67289352416992,-57.41769790649414,18.56353819883679,0.8809062456076546,-0.0020692473464946964,0.00014434333108237496,0.0020692473464946964,0.00014434333108237496,-3.7308087485143915e-05,-2.846783900167793e-06,0.5785368084907532,0.0,19.444444444444443,66,60,4.508320331573486,RoadOption.STRAIGHT,56.18121337890625,-57.419925689697266,6.28277624563615,2.8,1.2,4.5,3.0,10.0,0.6,0.01,0.06,0.55,0.16,0.2,0.35,1.5,12,10.0,14.0,0.9,1.2,0.6,0.01,0.06,0.65,0.3,0.72,0.005,0.38,0.22,0.01,0.14,1.0,0.28
lqr,ground_truth,curvy,400.0,0.05,0.1,1.0,35.862673848867416,46.60106658935547,-57.417938232421875,18.563538256007984,0.48090618843646027,-0.0019307823168463172,0.00013422331894030748,0.0019307823168463172,0.00013422331894030748,-3.0564078770112246e-05,6.7440087150316685e-06,0.0,0.14145635068416595,19.044444444444444,67,61,4.5801472663879395,RoadOption.STRAIGHT,57.18121337890625,-57.42033386230469,6.28277624563615,2.8,1.2,4.5,3.0,10.0,0.6,0.01,0.06,0.55,0.16,0.2,0.35,1.5,12,10.0,14.0,0.9,1.2,0.6,0.01,0.06,0.65,0.3,0.72,0.005,0.38,0.22,0.01,0.14,1.0,0.28
lqr,ground_truth,curvy,400.0,0.05,0.1,1.0,35.912673849612474,47.52861404418945,-57.418182373046875,18.531841985256897,0.11260245918754919,-0.001796387897273267,0.00012410330679824,0.001796387897273267,0.00012410330679824,-2.349532223888673e-05,7.068756531225517e-06,0.0,0.32440298795700073,18.644444444444446,68,62,4.652599811553955,RoadOption.STRAIGHT,58.18121337890625,-57.42074203491211,6.28277624563615,2.8,1.2,4.5,3.0,10.0,0.6,0.01,0.06,0.55,0.16,0.2,0.35,1.5,12,10.0,14.0,0.9,1.2,0.6,0.01,0.06,0.65,0.3,0.72,0.005,0.38,0.22,0.01,0.14,1.0,0.28
lqr,ground_truth,curvy,400.0,0.05,0.1,1.0,35.96267385035753,48.45143127441406,-57.4184455871582,18.390667705962198,-0.14622326151775056,-0.0016830019153580961,0.00011558119130938849,0.0016830019153580961,0.00011558119130938849,-1.796302603906952e-05,5.5322961998172104e-06,0.0,0.3483979403972626,18.244444444444447,69,63,4.729782581329346,RoadOption.STRAIGHT,59.18121337890625,-57.42115020751953,6.28277624563615,2.8,1.2,4.5,3.0,10.0,0.6,0.01,0.06,0.55,0.16,0.2,0.35,1.5,12,10.0,14.0,0.9,1.2,0.6,0.01,0.06,0.65,0.3,0.72,0.005,0.38,0.22,0.01,0.14,1.0,0.28
lqr,ground_truth,curvy,400.0,0.05,0.1,1.0,36.01267385110259,49.36420440673828,-57.41870880126953,18.15869599294236,-0.3142515484979107,-0.0015737245875179033,0.00010812437276719322,0.0015737245875179033,0.00010812437276719322,-1.8066320990328677e-05,-1.0329495125915855e-07,0.0,0.3404151201248169,17.84444444444445,70,64,4.817009449005127,RoadOption.STRAIGHT,60.181209564208984,-57.42155838012695,6.28277624563615,2.8,1.2,4.5,3.0,10.0,0.6,0.01,0.06,0.55,0.16,0.2,0.35,1.5,12,10.0,14.0,0.9,1.2,0.6,0.01,0.06,0.65,0.3,0.72,0.005,0.38,0.22,0.01,0.14,1.0,0.28
lqr,ground_truth,curvy,400.0,0.05,0.1,1.0,36.06267385184765,50.263675689697266,-57.41897964477539,17.87420352496871,-0.42975908052425993,-0.0014775179284507987,0.00010173275364167012,0.0014775179284507987,0.00010173275364167012,-3.130616823909804e-05,-1.3239847248769365e-05,0.0,0.34690961241722107,17.44444444444445,71,65,4.917538166046143,RoadOption.STRAIGHT,61.181209564208984,-57.421966552734375,6.28277624563615,2.8,1.2,4.5,3.0,10.0,0.6,0.01,0.06,0.55,0.16,0.2,0.35,1.5,12,10.0,14.0,0.9,1.2,0.6,0.01,0.06,0.65,0.3,0.72,0.005,0.38,0.22,0.01,0.14,1.0,0.28
lqr,ground_truth,curvy,400.0,0.05,0.1,1.0,36.11267385259271,51.14784622192383,-57.41924285888672,17.555544730322875,-0.5111002858784239,-0.0013761261270800874,9.534119953436004e-05,0.0013761261270800874,9.534119953436004e-05,-4.976930085831555e-06,2.6329238153266488e-05,0.0,0.3549702763557434,17.04444444444445,71,66,5.03336763381958,RoadOption.STRAIGHT,61.181209564208984,-57.421966552734375,6.28277624563615,2.8,1.2,4.5,3.0,10.0,0.6,0.01,0.06,0.55,0.16,0.2,0.35,1.5,12,10.0,14.0,0.9,1.2,0.6,0.01,0.06,0.65,0.3,0.72,0.005,0.38,0.22,0.01,0.14,1.0,0.28
lqr,ground_truth,curvy,400.0,0.05,0.1,1.0,36.162673853337765,52.01539611816406,-57.41950988769531,17.214930413680705,-0.5704859692362518,-0.0012882736236654447,9.05475095720476e-05,0.0012882736236654447,9.05475095720476e-05,-9.645134468883043e-07,4.01241663894325e-06,0.0,0.36454030871391296,16.644444444444453,72,66,4.165817737579346,RoadOption.STRAIGHT,62.181209564208984,-57.4223747253418,6.28277624563615,2.8,1.2,4.5,3.0,10.0,0.6,0.01,0.06,0.55,0.16,0.2,0.35,1.5,12,10.0,14.0,0.9,1.2,0.6,0.01,0.06,0.65,0.3,0.72,0.005,0.38,0.22,0.01,0.14,1.0,0.28
lqr,ground_truth,curvy,400.0,0.05,0.1,1.0,36.21267385408282,52.86548614501953,-57.41978073120117,16.860726234262156,-0.6162817898177018,-0.0012122669368735384,8.788431597306356e-05,0.0012122669368735384,8.788431597306356e-05,-8.207733117160387e-06,-7.243219670272083e-06,0.0,0.37601810693740845,16.244444444444454,73,67,4.315727710723877,RoadOption.STRAIGHT,63.181209564208984,-57.42278289794922,6.28277624563615,2.8,1.2,4.5,3.0,10.0,0.6,0.01,0.06,0.55,0.16,0.2,0.35,1.5,12,10.0,14.0,0.9,1.2,0.6,0.01,0.06,0.65,0.3,0.72,0.005,0.38,0.22,0.01,0.14,1.0,0.28
lqr,ground_truth,curvy,400.0,0.05,0.1,1.0,36.26267385482788,53.69762420654297,-57.420047760009766,16.4985703236302,-0.6541258791857469,-0.0011397890115768107,8.575381960973516e-05,0.0011397890115768107,8.575381960973516e-05,-2.582619163149502e-05,-1.7618458514334634e-05,0.0,0.38950955867767334,15.844444444444454,74,68,4.4835896492004395,RoadOption.STRAIGHT,64.18121337890625,-57.42319107055664,6.28277624563615,2.8,1.2,4.5,3.0,10.0,0.6,0.01,0.06,0.55,0.16,0.2,0.35,1.5,12,10.0,14.0,0.9,1.2,0.6,0.01,0.06,0.65,0.3,0.72,0.005,0.38,0.22,0.01,0.14,1.0,0.28
lqr,ground_truth,curvy,400.0,0.05,0.1,1.0,36.31267385557294,54.511531829833984,-57.42031478881836,16.132246869524625,-0.6711531888058744,-0.0010747684572729893,8.309069102896416e-05,0.0010747684572729893,8.309069102896416e-05,-2.2179025108925998e-05,3.647166522569023e-06,0.0,0.3750813901424408,15.46109368071875,75,69,4.669682025909424,RoadOption.STRAIGHT,65.18121337890625,-57.42359924316406,6.28277624563615,2.8,1.2,4.5,3.0,10.0,0.6,0.01,0.06,0.55,0.16,0.2,0.35,1.5,12,10.0,14.0,0.9,1.2,0.6,0.01,0.06,0.65,0.3,0.72,0.005,0.38,0.22,0.01,0.14,1.0,0.28
lqr,ground_truth,curvy,400.0,0.05,0.1,1.0,36.362673856318,55.30714797973633,-57.42057800292969,15.767052555549,-0.3044473294750638,-0.0010134139837042245,7.989489772164404e-05,0.0010134139837042245,7.989489772164404e-05,-2.4672217477927916e-05,-2.4931923690019175e-06,0.305269718170166,0.0,15.462605226073936,76,70,4.8740620613098145,RoadOption.STRAIGHT,66.06481170654297,-57.41557312011719,0.02175243346765821,2.8,1.2,4.5,3.0,10.0,0.6,0.01,0.06,0.55,0.16,0.2,0.35,1.5,12,10.0,14.0,0.9,1.2,0.6,0.01,0.06,0.65,0.3,0.72,0.005,0.38,0.22,0.01,0.14,1.0,0.28
lqr,ground_truth,curvy,400.0,0.05,0.1,1.0,36.412673857063055,56.08525085449219,-57.42084884643555,15.437928114195179,0.023125448832907125,-0.0009668544716365573,7.563377495856116e-05,0.0009668544716365573,7.563377495856116e-05,-7.596006980747916e-06,1.707621049718e-05,0.4548652470111847,0.0,15.461053563028086,77,71,5.095959663391113,RoadOption.STRAIGHT,66.93106842041016,-57.3857307434082,0.047124901805061126,2.8,1.2,4.5,3.0,10.0,0.6,0.01,0.06,0.55,0.16,0.2,0.35,1.5,12,10.0,14.0,0.9,1.2,0.6,0.01,0.06,0.65,0.3,0.72,0.005,0.38,0.22,0.01,0.14,1.0,0.28
lqr,ground_truth,curvy,400.0,0.05,0.1,1.0,36.46267385780811,56.84930419921875,-57.42110824584961,15.186337378959836,0.2758070872612439,-0.0009145979910075582,7.190538194201679e-05,0.0009145979910075582,7.190538194201679e-05,-7.6289638855087105e-06,-3.2956904760794714e-08,0.5167427659034729,0.0,15.46214446622108,77,72,5.331905841827393,RoadOption.STRAIGHT,66.93106842041016,-57.3857307434082,0.047124901805061126,2.8,1.2,4.5,3.0,10.0,0.6,0.01,0.06,0.55,0.16,0.2,0.35,1.5,12,10.0,14.0,0.9,1.2,0.6,0.01,0.06,0.65,0.3,0.72,0.005,0.38,0.22,0.01,0.14,1.0,0.28
lqr,ground_truth,curvy,400.0,0.05,0.1,1.0,36.51267385855317,57.603050231933594,-57.42135238647461,15.008462814518618,0.4536816517024622,-0.0008504100886785862,6.977485306958187e-05,0.0008504100886785862,6.977485306958187e-05,-1.9310684365336783e-05,-1.1681720479828073e-05,0.5339258909225464,0.0,15.46214446622108,78,72,4.578160285949707,RoadOption.STRAIGHT,67.7962875366211,-57.33391571044922,0.07249763645857306,2.8,1.2,4.5,3.0,10.0,0.6,0.01,0.06,0.55,0.16,0.2,0.35,1.5,12,10.0,14.0,0.9,1.2,0.6,0.01,0.06,0.65,0.3,0.72,0.005,0.38,0.22,0.01,0.14,1.0,0.28
lqr,ground_truth,curvy,400.0,0.05,0.1,1.0,36.56267385929823,58.349788665771484,-57.42158889770508,14.89065830531472,0.5718591668239785,-0.0007823482903458504,6.657905976137357e-05,0.0007823482903458504,6.657905976137357e-05,-2.059635880868882e-05,-1.2856744433520362e-06,0.5334818363189697,0.0,15.462517472138698,79,73,4.831421852111816,RoadOption.STRAIGHT,68.659912109375,-57.260169982910156,0.09787010479597598,2.8,1.2,4.5,3.0,10.0,0.6,0.01,0.06,0.55,0.16,0.2,0.35,1.5,12,10.0,14.0,0.9,1.2,0.6,0.01,0.06,0.65,0.3,0.72,0.005,0.38,0.22,0.01,0.14,1.0,0.28
lqr,ground_truth,curvy,400.0,0.05,0.1,1.0,36.61267386004329,59.09200668334961,-57.42185974121094,14.81572717980431,0.6453665009144398,-0.0007504694533778408,6.285063423572268e-05,0.0007504694533778408,6.285063423572268e-05,-1.1522607564984355e-05,9.073751243704464e-06,0.5243046879768372,0.0,15.46109368071875,80,74,5.089207172393799,RoadOption.STRAIGHT,69.52140045166016,-57.1645393371582,0.1232428394494879,2.8,1.2,4.5,3.0,10.0,0.6,0.01,0.06,0.55,0.16,0.2,0.35,1.5,12,10.0,14.0,0.9,1.2,0.6,0.01,0.06,0.65,0.3,0.72,0.005,0.38,0.22,0.01,0.14,1.0,0.28
lqr,ground_truth,curvy,400.0,0.05,0.1,1.0,36.662673860788345,59.83137130737305,-57.42212677001953,14.76883120800201,0.6937740180719256,-0.0007159415725564193,5.9654840927514385e-05,0.0007159415725564193,5.9654840927514385e-05,0.0274569820612669,0.027468504668831883,0.5235763192176819,0.0,15.462605226073936,81,75,5.349842548370361,RoadOption.STRAIGHT,70.38017272949219,-57.047080993652344,0.14861557410299983,2.8,1.2,4.5,3.0,10.0,0.6,0.01,0.06,0.55,0.16,0.2,0.35,1.5,12,10.0,14.0,0.9,1.2,0.6,0.01,0.06,0.65,0.3,0.72,0.005,0.38,0.22,0.01,0.14,1.0,0.28
lqr,ground_truth,curvy,400.0,0.05,0.1,1.0,36.7126738615334,60.56888198852539,-57.42009735107422,14.737911848321621,0.7231417147064647,0.11501725725196148,-0.020039352755795825,0.11501725725196148,0.020039352755795825,0.11988223344087601,0.09242525137960911,0.518710732460022,0.0,15.461053563028086,82,76,5.495932102203369,RoadOption.STRAIGHT,71.23568725585938,-56.907875061035156,0.17398830875651175,2.8,1.2,4.5,3.0,10.0,0.6,0.01,0.06,0.55,0.16,0.2,0.35,1.5,12,10.0,14.0,0.9,1.2,0.6,0.01,0.06,0.65,0.3,0.72,0.005,0.38,0.22,0.01,0.14,1.0,0.28
lqr,ground_truth,curvy,400.0,0.05,0.1,1.0,36.76267386227846,61.304588317871094,-57.41014862060547,14.6982701248976,0.7638743413234792,0.24065842616618713,-0.036893439492032165,0.24065842616618713,0.036893439492032165,0.16489854454994202,0.04501631110906601,0.5571701526641846,0.0,15.46214446622108,83,77,5.626533508300781,RoadOption.STRAIGHT,72.08740234375,-56.74700927734375,0.19936104341002367,2.8,1.2,4.5,3.0,10.0,0.6,0.01,0.06,0.55,0.16,0.2,0.35,1.5,12,10.0,14.0,0.9,1.2,0.6,0.01,0.06,0.65,0.3,0.72,0.005,0.38,0.22,0.01,0.14,1.0,0.28
lqr,ground_truth,curvy,400.0,0.05,0.1,1.0,36.81267386302352,62.03744888305664,-57.38475036621094,14.650956587353988,0.8115608847847096,0.36643543861576333,-0.04305473237384971,0.36643543861576333,0.04305473237384971,0.14540651440620422,-0.019492030143737793,0.5941603779792786,0.0,15.462517472138698,83,78,5.759063243865967,RoadOption.STRAIGHT,72.08740234375,-56.74700927734375,0.19936104341002367,2.8,1.2,4.5,3.0,10.0,0.6,0.01,0.06,0.55,0.16,0.2,0.35,1.5,12,10.0,14.0,0.9,1.2,0.6,0.01,0.06,0.65,0.3,0.72,0.005,0.38,0.22,0.01,0.14,1.0,0.28
lqr,ground_truth,curvy,400.0,0.05,0.1,1.0,36.86267386376858,62.76810073852539,-57.342952728271484,14.63652822075357,0.8259892513851277,0.3551991389818239,-0.016954128746689,0.3551991389818239,0.016954128746689,0.05345246195793152,-0.0919540524482727,0.5629075765609741,0.0,15.462517472138698,84,78,5.028195381164551,RoadOption.STRAIGHT,72.93476104736328,-56.56459045410156,0.2247335117474266,2.8,1.2,4.5,3.0,10.0,0.6,0.01,0.06,0.55,0.16,0.2,0.35,1.5,12,10.0,14.0,0.9,1.2,0.6,0.01,0.06,0.65,0.3,0.72,0.005,0.38,0.22,0.01,0.14,1.0,0.28
lqr,ground_truth,curvy,400.0,0.05,0.1,1.0,36.912673864513636,63.498626708984375,-57.28999710083008,14.660087697688871,0.8010059830298797,0.4746451359819279,-0.018445419894538517,0.4746451359819279,0.018445419894538517,0.01844079978764057,-0.03501166217029095,0.5006236433982849,0.0,15.46109368071875,85,79,5.16137170791626,RoadOption.STRAIGHT,73.77721405029297,-56.36072540283203,0.25010624640093854,2.8,1.2,4.5,3.0,10.0,0.6,0.01,0.06,0.55,0.16,0.2,0.35,1.5,12,10.0,14.0,0.9,1.2,0.6,0.01,0.06,0.65,0.3,0.72,0.005,0.38,0.22,0.01,0.14,1.0,0.28
lqr,ground_truth,curvy,400.0,0.05,0.1,1.0,36.962673865258694,64.22989654541016,-57.23063278198242,14.679761328774672,0.782843897299264,0.5848982094845244,-0.027708701436539585,0.5848982094845244,0.027708701436539585,0.02929431013762951,0.010853510349988937,0.49791184067726135,0.0,15.462605226073936,86,80,5.291916847229004,RoadOption.STRAIGHT,74.61422729492188,-56.135562896728516,0.27547898105445046,2.8,1.2,4.5,3.0,10.0,0.6,0.01,0.06,0.55,0.16,0.2,0.35,1.5,12,10.0,14.0,0.9,1.2,0.6,0.01,0.06,0.65,0.3,0.72,0.005,0.38,0.22,0.01,0.14,1.0,0.28
lqr,ground_truth,curvy,400.0,0.05,0.1,1.0,37.01267386600375,64.96109008789062,-57.163421630859375,14.686925670310423,0.7741278927176634,0.6873405243259791,-0.04163910620987732,0.6873405243259791,0.04163910620987732,0.06224770098924637,0.03295339085161686,0.5040175318717957,0.0,15.461053563028086,87,81,5.4203314781188965,RoadOption.STRAIGHT,75.44525909423828,-55.88922882080078,0.3008514493918534,2.8,1.2,4.5,3.0,10.0,0.6,0.01,0.06,0.55,0.16,0.2,0.35,1.5,12,10.0,14.0,0.9,1.2,0.6,0.01,0.06,0.65,0.3,0.72,0.005,0.38,0.22,0.01,0.14,1.0,0.28
lqr,ground_truth,curvy,400.0,0.05,0.1,1.0,37.06267386674881,65.69110870361328,-57.08535385131836,14.680861779805088,0.7801510159950276,0.7850327785844975,-0.05535099029339552,0.7850327785844975,0.05535099029339552,0.08969248831272125,0.027444787323474884,0.5253183841705322,0.0,15.461012795800116,88,82,5.547418594360352,RoadOption.STRAIGHT,76.269775390625,-55.62189865112305,0.3262241840453653,2.8,1.2,4.5,3.0,10.0,0.6,0.01,0.06,0.55,0.16,0.2,0.35,1.5,12,10.0,14.0,0.9,1.2,0.6,0.01,0.06,0.65,0.3,0.72,0.005,0.38,0.22,0.01,0.14,1.0,0.28
lqr,ground_truth,curvy,400.0,0.05,0.1,1.0,37.11267386749387,66.41899108886719,-56.99406433105469,14.667479125996307,0.7950383461423911,0.8804278555157989,-0.06583682922331091,0.8804278555157989,0.06583682922331091,0.09805861115455627,0.008366122841835022,0.5448877811431885,0.0,15.462517472138698,89,83,5.673792839050293,RoadOption.STRAIGHT,77.08724212646484,-55.33373260498047,0.3515966523827682,2.8,1.2,4.5,3.0,10.0,0.6,0.01,0.06,0.55,0.16,0.2,0.35,1.5,12,10.0,14.0,0.9,1.2,0.6,0.01,0.06,0.65,0.3,0.72,0.005,0.38,0.22,0.01,0.14,1.0,0.28
lqr,ground_truth,curvy,400.0,0.05,0.1,1.0,37.162673868238926,67.1443862915039,-56.88873291015625,14.658557584509067,0.8025360962096837,0.9743738120770538,-0.07297915262841626,0.9743738120770538,0.07297915262841626,0.09006734937429428,-0.007991261780261993,0.5405189394950867,0.0,15.46109368071875,89,84,5.799440383911133,RoadOption.STRAIGHT,77.08724212646484,-55.33373260498047,0.3515966523827682,2.8,1.2,4.5,3.0,10.0,0.6,0.01,0.06,0.55,0.16,0.2,0.35,1.5,12,10.0,14.0,0.9,1.2,0.6,0.01,0.06,0.65,0.3,0.72,0.005,0.38,0.22,0.01,0.14,1.0,0.28
lqr,ground_truth,curvy,400.0,0.05,0.1,1.0,37.212673868983984,67.86751556396484,-56.769775390625,14.658721981496196,0.8023716992225545,0.9291930821759568,-0.053079646778694034,0.9291930821759568,0.053079646778694034,0.03834003955125809,-0.051727309823036194,0.5312257409095764,0.0,15.46109368071875,90,84,5.0713982582092285,RoadOption.STRAIGHT,77.89713287353516,-55.02491760253906,0.37696938703628013,2.8,1.2,4.5,3.0,10.0,0.6,0.01,0.06,0.55,0.16,0.2,0.35,1.5,12,10.0,14.0,0.9,1.2,0.6,0.01,0.06,0.65,0.3,0.72,0.005,0.38,0.22,0.01,0.14,1.0,0.28
lqr,ground_truth,curvy,400.0,0.05,0.1,1.0,37.26267386972904,68.58943939208984,-56.64105224609375,14.671555001796433,0.7927536052023569,1.0124052399429193,-0.06159338995427088,1.0124052399429193,0.06159338995427088,0.04492614045739174,0.006586100906133652,0.5141104459762573,0.0,15.46430860699879,91,85,5.195343494415283,RoadOption.STRAIGHT,78.69892883300781,-54.69565963745117,0.40234185537368305,2.8,1.2,4.5,3.0,10.0,0.6,0.01,0.06,0.55,0.16,0.2,0.35,1.5,12,10.0,14.0,0.9,1.2,0.6,0.01,0.06,0.65,0.3,0.72,0.005,0.38,0.22,0.01,0.14,1.0,0.28
lqr,ground_truth,curvy,400.0,0.05,0.1,1.0,37.3126738704741,69.31017303466797,-56.503143310546875,14.678589031020877,0.781323738841639,1.089023801486918,-0.07316838686862326,1.089023801486918,0.07316838686862326,0.0688791573047638,0.023953016847372055,0.5050783753395081,0.0,15.459912769862516,92,86,5.316776275634766,RoadOption.STRAIGHT,79.49211120605469,-54.346160888671875,0.427714590027195,2.8,1.2,4.5,3.0,10.0,0.6,0.01,0.06,0.55,0.16,0.2,0.35,1.5,12,10.0,14.0,0.9,1.2,0.6,0.01,0.06,0.65,0.3,0.72,0.005,0.38,0.22,0.01,0.14,1.0,0.28
lqr,ground_truth,curvy,400.0,0.05,0.1,1.0,37.36267387121916,70.02862548828125,-56.35382080078125,14.674947955498121,0.7860648403019947,1.1614054943316314,-0.08447169141751676,1.1614054943316314,0.08447169141751676,0.09016828238964081,0.021289125084877014,0.5273282527923584,0.0,15.461012795800116,93,87,5.436522006988525,RoadOption.STRAIGHT,80.27617645263672,-53.976654052734375,0.4530873246807069,2.8,1.2,4.5,3.0,10.0,0.6,0.01,0.06,0.55,0.16,0.2,0.35,1.5,12,10.0,14.0,0.9,1.2,0.6,0.01,0.06,0.65,0.3,0.72,0.005,0.38,0.22,0.01,0.14,1.0,0.28
lqr,ground_truth,curvy,400.0,0.05,0.1,1.0,37.412673871964216,70.74376678466797,-56.191287994384766,14.664790765815605,0.7952689296391515,1.2315532409966483,-0.09332944842690427,1.2315532409966483,0.09332944842690427,0.0983695462346077,0.008201263844966888,0.5382062792778015,0.0,15.460059695454756,94,88,5.5552659034729,RoadOption.STRAIGHT,81.05061340332031,-53.587379455566406,0.4784597930181098,2.8,1.2,4.5,3.0,10.0,0.6,0.01,0.06,0.55,0.16,0.2,0.35,1.5,12,10.0,14.0,0.9,1.2,0.6,0.01,0.06,0.65,0.3,0.72,0.005,0.38,0.22,0.01,0.14,1.0,0.28
lqr,ground_truth,curvy,400.0,0.05,0.1,1.0,37.462673872709274,71.455078125,-56.01470947265625,14.657068202787865,0.8055083227043482,1.3003841874303474,-0.09952114815852742,1.3003841874303474,0.09952114815852742,0.09420527517795563,-0.004164271056652069,0.5455922484397888,0.0,15.462576525492214,95,89,5.673182964324951,RoadOption.STRAIGHT,81.81492614746094,-53.1785774230957,0.5038325276716218,2.8,1.2,4.5,3.0,10.0,0.6,0.01,0.06,0.55,0.16,0.2,0.35,1.5,12,10.0,14.0,0.9,1.2,0.6,0.01,0.06,0.65,0.3,0.72,0.005,0.38,0.22,0.01,0.14,1.0,0.28
lqr,ground_truth,curvy,400.0,0.05,0.1,1.0,37.51267387345433,72.16259765625,-55.82415008544922,14.656207581840777,0.8067002819964166,1.367793380047265,-0.10418544178120559,1.367793380047265,0.10418544178120559,0.085060715675354,-0.009144559502601624,0.5354505181312561,0.0,15.462907863837193,95,90,5.7899627685546875,RoadOption.STRAIGHT,81.81492614746094,-53.1785774230957,0.5038325276716218,2.8,1.2,4.5,3.0,10.0,0.6,0.01,0.06,0.55,0.16,0.2,0.35,1.5,12,10.0,14.0,0.9,1.2,0.6,0.01,0.06,0.65,0.3,0.72,0.005,0.38,0.22,0.01,0.14,1.0,0.28
lqr,ground_truth,curvy,400.0,0.05,0.1,1.0,37.56267387419939,72.86650085449219,-55.620086669921875,14.66060382703504,0.8023040368021537,1.2984185505466983,-0.08336632976232261,1.2984185505466983,0.08336632976232261,0.03936369717121124,-0.04569701850414276,0.5261069536209106,0.0,15.462907863837193,96,90,5.0657172203063965,RoadOption.STRAIGHT,82.56861877441406,-52.750518798828125,0.5292052623251337,2.8,1.2,4.5,3.0,10.0,0.6,0.01,0.06,0.55,0.16,0.2,0.35,1.5,12,10.0,14.0,0.9,1.2,0.6,0.01,0.06,0.65,0.3,0.72,0.005,0.38,0.22,0.01,0.14,1.0,0.28
lqr,ground_truth,curvy,400.0,0.05,0.1,1.0,37.61267387494445,73.56791687011719,-55.40577697753906,14.673586088326388,0.7863266815361278,1.3557602430840299,-0.09145508236219335,1.3557602430840299,0.09145508236219335,0.05420645698904991,0.014842759817838669,0.5026232004165649,0.0,15.459912769862516,97,91,5.17991828918457,RoadOption.STRAIGHT,83.31121826171875,-52.30347442626953,0.5545779969786456,2.8,1.2,4.5,3.0,10.0,0.6,0.01,0.06,0.55,0.16,0.2,0.35,1.5,12,10.0,14.0,0.9,1.2,0.6,0.01,0.06,0.65,0.3,0.72,0.005,0.38,0.22,0.01,0.14,1.0,0.28
lqr,ground_truth,curvy,400.0,0.05,0.1,1.0,37.66267387568951,74.2665023803711,-55.18117904663086,14.677038732051383,0.7839740637487331,1.4077461350776541,-0.1020824599816681,1.4077461350776541,0.1020824599816681,0.08206111937761307,0.027854662388563156,0.5175613164901733,0.0,15.461012795800116,98,92,5.291903972625732,RoadOption.STRAIGHT,84.04222106933594,-51.83773422241211,0.5799507316321575,2.8,1.2,4.5,3.0,10.0,0.6,0.01,0.06,0.55,0.16,0.2,0.35,1.5,12,10.0,14.0,0.9,1.2,0.6,0.01,0.06,0.65,0.3,0.72,0.005,0.38,0.22,0.01,0.14,1.0,0.28
lqr,ground_truth,curvy,400.0,0.05,0.1,1.0,37.712673876434565,74.96066284179688,-54.944007873535156,14.668760931823746,0.7912987636310103,1.4570834007532478,-0.11164663711495582,1.4570834007532478,0.11164663711495582,0.10254492610692978,0.02048380672931671,0.5335689187049866,0.0,15.460059695454756,99,93,5.402819633483887,RoadOption.STRAIGHT,84.76118469238281,-51.353599548339844,0.6053231999695604,2.8,1.2,4.5,3.0,10.0,0.6,0.01,0.06,0.55,0.16,0.2,0.35,1.5,12,10.0,14.0,0.9,1.2,0.6,0.01,0.06,0.65,0.3,0.72,0.005,0.38,0.22,0.01,0.14,1.0,0.28
lqr,ground_truth,curvy,400.0,0.05,0.1,1.0,37.76267387717962,75.64920043945312,-54.69266891479492,14.656599050402773,0.8059774750894402,1.5057068016556863,-0.11828699626647321,1.5057068016556863,0.11828699626647321,0.10739994794130325,0.004855021834373474,0.5512009263038635,0.0,15.462576525492214,100,94,5.513340950012207,RoadOption.STRAIGHT,85.4676284790039,-50.851383209228516,0.6306959346230724,2.8,1.2,4.5,3.0,10.0,0.6,0.01,0.06,0.55,0.16,0.2,0.35,1.5,12,10.0,14.0,0.9,1.2,0.6,0.01,0.06,0.65,0.3,0.72,0.005,0.38,0.22,0.01,0.14,1.0,0.28
lqr,ground_truth,curvy,400.0,0.05,0.1,1.0,37.81267387792468,76.3316879272461,-54.4266357421875,14.64981000813898,0.8130978556982136,1.5542542047512324,-0.12223879442901442,1.5542542047512324,0.12223879442901442,0.09994882345199585,-0.0074511244893074036,0.546403169631958,0.0,15.462907863837193,101,95,5.6234822273254395,RoadOption.STRAIGHT,86.16111755371094,-50.33140182495117,0.6560684029604753,2.8,1.2,4.5,3.0,10.0,0.6,0.01,0.06,0.55,0.16,0.2,0.35,1.5,12,10.0,14.0,0.9,1.2,0.6,0.01,0.06,0.65,0.3,0.72,0.005,0.38,0.22,0.01,0.14,1.0,0.28
lqr,ground_truth,curvy,400.0,0.05,0.1,1.0,37.86267387866974,77.00829315185547,-54.14614486694336,14.651532479362277,0.8075319640417309,1.602399983512885,-0.12496071151064347,1.602399983512885,0.12496071151064347,0.089152991771698,-0.010795831680297852,0.5278401374816895,0.0,15.459064443404008,102,96,5.732800006866455,RoadOption.STRAIGHT,86.84117126464844,-49.79399490356445,0.6814411376139872,2.8,1.2,4.5,3.0,10.0,0.6,0.01,0.06,0.55,0.16,0.2,0.35,1.5,12,10.0,14.0,0.9,1.2,0.6,0.01,0.06,0.65,0.3,0.72,0.005,0.38,0.22,0.01,0.14,1.0,0.28
lqr,ground_truth,curvy,400.0,0.05,0.1,1.0,37.9126738794148,77.67925262451172,-53.85179138183594,14.656966495748078,0.8040463000520379,1.6494468845432726,-0.12794997667620311,1.6494468845432726,0.12794997667620311,0.08280666172504425,-0.0063463300466537476,0.5282449722290039,0.0,15.461012795800116,102,97,5.840918064117432,RoadOption.STRAIGHT,86.84117126464844,-49.79399490356445,0.6814411376139872,2.8,1.2,4.5,3.0,10.0,0.6,0.01,0.06,0.55,0.16,0.2,0.35,1.5,12,10.0,14.0,0.9,1.2,0.6,0.01,0.06,0.65,0.3,0.72,0.005,0.38,0.22,0.01,0.14,1.0,0.28
lqr,ground_truth,curvy,400.0,0.05,0.1,1.0,37.962673880159855,78.34442901611328,-53.54402160644531,14.661352373406661,0.7996604223934547,1.5608173288619545,-0.10652261530910234,1.5608173288619545,0.10652261530910234,0.04383450001478195,-0.0389721617102623,0.524533212184906,0.0,15.461012795800116,103,97,5.119370460510254,RoadOption.STRAIGHT,87.50738525390625,-49.2395133972168,0.7068138722674991,2.8,1.2,4.5,3.0,10.0,0.6,0.01,0.06,0.55,0.16,0.2,0.35,1.5,12,10.0,14.0,0.9,1.2,0.6,0.01,0.06,0.65,0.3,0.72,0.005,0.38,0.22,0.01,0.14,1.0,0.28
lqr,ground_truth,curvy,400.0,0.05,0.1,1.0,38.01267388090491,79.00504302978516,-53.2254524230957,14.672352039080614,0.7876400390150469,1.599474637506762,-0.11399451322148346,1.599474637506762,0.11399451322148346,0.06355691701173782,0.01972241699695587,0.5081595778465271,0.0,15.459992078095661,104,98,5.224837779998779,RoadOption.STRAIGHT,88.15930938720703,-48.66830062866211,0.7321863406049021,2.8,1.2,4.5,3.0,10.0,0.6,0.01,0.06,0.55,0.16,0.2,0.35,1.5,12,10.0,14.0,0.9,1.2,0.6,0.01,0.06,0.65,0.3,0.72,0.005,0.38,0.22,0.01,0.14,1.0,0.28
lqr,ground_truth,curvy,400.0,0.05,0.1,1.0,38.06267388164997,79.66048431396484,-52.8958625793457,14.673046057818222,0.7905422463322882,1.63420971170065,-0.12344597206163366,1.63420971170065,0.12344597206163366,0.09222235530614853,0.028665438294410706,0.5278080105781555,0.0,15.46358830415051,105,99,5.328763961791992,RoadOption.STRAIGHT,88.79653930664062,-48.08073806762695,0.757559075258414,2.8,1.2,4.5,3.0,10.0,0.6,0.01,0.06,0.55,0.16,0.2,0.35,1.5,12,10.0,14.0,0.9,1.2,0.6,0.01,0.06,0.65,0.3,0.72,0.005,0.38,0.22,0.01,0.14,1.0,0.28
lqr,ground_truth,curvy,400.0,0.05,0.1,1.0,38.11267388239503,80.30882263183594,-52.55326461791992,14.663120251458313,0.7997876123788803,1.6677147802801937,-0.13136042076815846,1.6677147802801937,0.13136042076815846,0.11054781079292297,0.018325455486774445,0.5409669876098633,0.0,15.462907863837193,106,100,5.432281494140625,RoadOption.STRAIGHT,89.41865539550781,-47.477195739746094,0.782931543595817,2.8,1.2,4.5,3.0,10.0,0.6,0.01,0.06,0.55,0.16,0.2,0.35,1.5,12,10.0,14.0,0.9,1.2,0.6,0.01,0.06,0.65,0.3,0.72,0.005,0.38,0.22,0.01,0.14,1.0,0.28
lqr,ground_truth,curvy,400.0,0.05,0.1,1.0,38.16267388314009,80.94879150390625,-52.19648742675781,14.651523209837167,0.807541233566841,1.7016635767617012,-0.13622611594827383,1.7016635767617012,0.13622611594827383,0.11256232857704163,0.0020145177841186523,0.543829083442688,0.0,15.459064443404008,107,101,5.535963535308838,RoadOption.STRAIGHT,90.02526092529297,-46.85806655883789,0.8083042782493288,2.8,1.2,4.5,3.0,10.0,0.6,0.01,0.06,0.55,0.16,0.2,0.35,1.5,12,10.0,14.0,0.9,1.2,0.6,0.01,0.06,0.65,0.3,0.72,0.005,0.38,0.22,0.01,0.14,1.0,0.28
lqr,ground_truth,curvy,400.0,0.05,0.1,1.0,38.212673883885145,81.58000183105469,-51.82526779174805,14.645598454431182,0.8163659410315507,1.7364587614522407,-0.13858214798563973,1.7364587614522407,0.13858214798563973,0.10308563709259033,-0.009476691484451294,0.550409197807312,0.0,15.461964395462733,108,102,5.639678955078125,RoadOption.STRAIGHT,90.61595916748047,-46.2237434387207,0.8336770129028408,2.8,1.2,4.5,3.0,10.0,0.6,0.01,0.06,0.55,0.16,0.2,0.35,1.5,12,10.0,14.0,0.9,1.2,0.6,0.01,0.06,0.65,0.3,0.72,0.005,0.38,0.22,0.01,0.14,1.0,0.28
lqr,ground_truth,curvy,400.0,0.05,0.1,1.0,38.2626738846302,82.20270538330078,-51.44001770019531,14.64772629408097,0.8122657840146914,1.7715944299888577,-0.14002554800694922,1.7715944299888577,0.14002554800694922,0.09183839708566666,-0.011247240006923676,0.5324392914772034,0.0,15.459992078095661,109,103,5.742982864379883,RoadOption.STRAIGHT,91.19037628173828,-45.57463836669922,0.8590494812402437,2.8,1.2,4.5,3.0,10.0,0.6,0.01,0.06,0.55,0.16,0.2,0.35,1.5,12,10.0,14.0,0.9,1.2,0.6,0.01,0.06,0.65,0.3,0.72,0.005,0.38,0.22,0.01,0.14,1.0,0.28
lqr,ground_truth,curvy,400.0,0.05,0.1,1.0,38.31267388537526,82.81724548339844,-51.04135513305664,14.654099000659496,0.810644925370811,1.8062796767924971,-0.14200540854034127,1.8062796767924971,0.14200540854034127,0.08592516928911209,-0.005913227796554565,0.5344419479370117,0.0,15.464743926030307,110,104,5.845428943634033,RoadOption.STRAIGHT,91.7481460571289,-44.911170959472656,0.8844222158937556,2.8,1.2,4.5,3.0,10.0,0.6,0.01,0.06,0.55,0.16,0.2,0.35,1.5,12,10.0,14.0,0.9,1.2,0.6,0.01,0.06,0.65,0.3,0.72,0.005,0.38,0.22,0.01,0.14,1.0,0.28
lqr,ground_truth,curvy,400.0,0.05,0.1,1.0,38.36267388612032,83.42354583740234,-50.62974166870117,14.659767229604004,0.8031406342331895,1.8401626192806093,-0.1450759001191484,1.8401626192806093,0.1450759001191484,0.08711382001638412,0.0011886507272720337,0.5228792428970337,0.0,15.462907863837193,110,105,5.946972370147705,RoadOption.STRAIGHT,91.7481460571289,-44.911170959472656,0.8844222158937556,2.8,1.2,4.5,3.0,10.0,0.6,0.01,0.06,0.55,0.16,0.2,0.35,1.5,12,10.0,14.0,0.9,1.2,0.6,0.01,0.06,0.65,0.3,0.72,0.005,0.38,0.22,0.01,0.14,1.0,0.28
lqr,ground_truth,curvy,400.0,0.05,0.1,1.0,38.41267388686538,84.0211410522461,-50.205238342285156,14.66216231034641,0.800745553490783,1.7379332204733682,-0.12351967504480177,1.7379332204733682,0.12351967504480177,0.05331503972411156,-0.03379878029227257,0.5275732278823853,0.0,15.462907863837193,111,105,5.226655960083008,RoadOption.STRAIGHT,92.28890228271484,-44.23377227783203,0.909794817389213,2.8,1.2,4.5,3.0,10.0,0.6,0.01,0.06,0.55,0.16,0.2,0.35,1.5,12,10.0,14.0,0.9,1.2,0.6,0.01,0.06,0.65,0.3,0.72,0.005,0.38,0.22,0.01,0.14,1.0,0.28
lqr,ground_truth,curvy,400.0,0.05,0.1,1.0,38.462673887610435,84.61134338378906,-49.769920349121094,14.671429002998561,0.7876354404054471,1.7656927821788633,-0.13005334130514745,1.7656927821788633,0.13005334130514745,0.07223061472177505,0.018915574997663498,0.5068491101264954,0.0,15.459064443404008,112,106,5.326052665710449,RoadOption.STRAIGHT,92.81228637695312,-43.54286575317383,0.935167552042725,2.8,1.2,4.5,3.0,10.0,0.6,0.01,0.06,0.55,0.16,0.2,0.35,1.5,12,10.0,14.0,0.9,1.2,0.6,0.01,0.06,0.65,0.3,0.72,0.005,0.38,0.22,0.01,0.14,1.0,0.28
lqr,ground_truth,curvy,400.0,0.05,0.1,1.0,38.51267388835549,85.19361114501953,-49.32377243041992,14.670469543234276,0.7914948522284568,1.7907215425251188,-0.13802158586569213,1.7907215425251188,0.13802158586569213,0.09716229140758514,0.02493167668581009,0.5295282006263733,0.0,15.461964395462733,113,107,5.424439907073975,RoadOption.STRAIGHT,93.3179931640625,-42.838905334472656,0.9605401535381823,2.8,1.2,4.5,3.0,10.0,0.6,0.01,0.06,0.55,0.16,0.2,0.35,1.5,12,10.0,14.0,0.9,1.2,0.6,0.01,0.06,0.65,0.3,0.72,0.005,0.38,0.22,0.01,0.14,1.0,0.28
lqr,ground_truth,curvy,400.0,0.05,0.1,1.0,38.56267388910055,85.76589965820312,-48.86553955078125,14.659792620623822,0.8001994574718392,1.8153184772542248,-0.14447122939364565,1.8153184772542248,0.14447122939364565,0.11211436241865158,0.014952071011066437,0.5405651926994324,0.0,15.459992078095661,114,108,5.522876739501953,RoadOption.STRAIGHT,93.8056640625,-42.12234115600586,0.9859128881916943,2.8,1.2,4.5,3.0,10.0,0.6,0.01,0.06,0.55,0.16,0.2,0.35,1.5,12,10.0,14.0,0.9,1.2,0.6,0.01,0.06,0.65,0.3,0.72,0.005,0.38,0.22,0.01,0.14,1.0,0.28
lqr,ground_truth,curvy,400.0,0.05,0.1,1.0,38.61267388984561,86.32694244384766,-48.39452362060547,14.648526013901318,0.8120140790432053,1.840870171060864,-0.14823913628291718,1.840870171060864,0.14823913628291718,0.1126936599612236,0.0005792975425720215,0.5513859987258911,0.0,15.460540092944523,115,109,5.621809482574463,RoadOption.STRAIGHT,94.2750015258789,-41.39363479614258,1.0112856228452063,2.8,1.2,4.5,3.0,10.0,0.6,0.01,0.06,0.55,0.16,0.2,0.35,1.5,12,10.0,14.0,0.9,1.2,0.6,0.01,0.06,0.65,0.3,0.72,0.005,0.38,0.22,0.01,0.14,1.0,0.28
lqr,ground_truth,curvy,400.0,0.05,0.1,1.0,38.66267389059067,86.87640380859375,-47.91065216064453,14.643652366021975,0.8201964445141918,1.8676502445772192,-0.1499112019733233,1.8676502445772192,0.1499112019733233,0.10385694354772568,-0.008836716413497925,0.551936686038971,0.0,15.463848810536167,116,110,5.721080303192139,RoadOption.STRAIGHT,94.7257080078125,-40.65325927734375,1.036658091182609,2.8,1.2,4.5,3.0,10.0,0.6,0.01,0.06,0.55,0.16,0.2,0.35,1.5,12,10.0,14.0,0.9,1.2,0.6,0.01,0.06,0.65,0.3,0.72,0.005,0.38,0.22,0.01,0.14,1.0,0.28
lqr,ground_truth,curvy,400.0,0.05,0.1,1.0,38.712673891335726,87.4146499633789,-47.41426467895508,14.646962412008646,0.8121020313953622,1.8950976718336412,-0.15091421501887448,1.8950976718336412,0.15091421501887448,0.09404511004686356,-0.009811833500862122,0.5275478959083557,0.0,15.459064443404008,117,111,5.820126533508301,RoadOption.STRAIGHT,95.15748596191406,-39.90167999267578,1.062030825836121,2.8,1.2,4.5,3.0,10.0,0.6,0.01,0.06,0.55,0.16,0.2,0.35,1.5,12,10.0,14.0,0.9,1.2,0.6,0.01,0.06,0.65,0.3,0.72,0.005,0.38,0.22,0.01,0.14,1.0,0.28
lqr,ground_truth,curvy,400.0,0.05,0.1,1.0,38.762673892080784,87.9419937133789,-46.90589904785156,14.653206636015817,0.8062804774567063,1.9225397715186718,-0.15247116557116192,1.9225397715186718,0.15247116557116192,0.08911599963903427,-0.004929110407829285,0.5267823934555054,0.0,15.459487113472523,117,112,5.918593406677246,RoadOption.STRAIGHT,95.15748596191406,-39.90167999267578,1.062030825836121,2.8,1.2,4.5,3.0,10.0,0.6,0.01,0.06,0.55,0.16,0.2,0.35,1.5,12,10.0,14.0,0.9,1.2,0.6,0.01,0.06,0.65,0.3,0.72,0.005,0.38,0.22,0.01,0.14,1.0,0.28
lqr,ground_truth,curvy,400.0,0.05,0.1,1.0,38.81267389282584,88.4583511352539,-46.386009216308594,14.657091261828997,0.8023958516435261,1.8156777663185977,-0.12963609054135938,1.8156777663185977,0.12963609054135938,0.050815220922231674,-0.0383007787168026,0.5267759561538696,0.0,15.459487113472523,118,112,5.200021266937256,RoadOption.STRAIGHT,95.57005310058594,-39.13939666748047,1.0874032941735239,2.8,1.2,4.5,3.0,10.0,0.6,0.01,0.06,0.55,0.16,0.2,0.35,1.5,12,10.0,14.0,0.9,1.2,0.6,0.01,0.06,0.65,0.3,0.72,0.005,0.38,0.22,0.01,0.14,1.0,0.28
lqr,ground_truth,curvy,400.0,0.05,0.1,1.0,38.8626738935709,88.9656753540039,-45.85666275024414,14.668241274034562,0.791750804061099,1.8373212183953402,-0.13557720345916247,1.8373212183953402,0.13557720345916247,0.07001756876707077,0.019202347844839096,0.5122764110565186,0.0,15.459992078095661,119,113,5.2961812019348145,RoadOption.STRAIGHT,95.96314239501953,-38.36688995361328,1.1127760288270359,2.8,1.2,4.5,3.0,10.0,0.6,0.01,0.06,0.55,0.16,0.2,0.35,1.5,12,10.0,14.0,0.9,1.2,0.6,0.01,0.06,0.65,0.3,0.72,0.005,0.38,0.22,0.01,0.14,1.0,0.28
lqr,ground_truth,curvy,400.0,0.05,0.1,1.0,38.91267389431596,89.46337890625,-45.31794738769531,14.668859323948896,0.7916807689956276,1.8561938516556589,-0.14346175818245133,1.8561938516556589,0.14346175818245133,0.09749248623847961,0.027474917471408844,0.5249243974685669,0.0,15.460540092944523,120,114,5.391413688659668,RoadOption.STRAIGHT,96.33650970458984,-37.584659576416016,1.1381487634805478,2.8,1.2,4.5,3.0,10.0,0.6,0.01,0.06,0.55,0.16,0.2,0.35,1.5,12,10.0,14.0,0.9,1.2,0.6,0.01,0.06,0.65,0.3,0.72,0.005,0.38,0.22,0.01,0.14,1.0,0.28
lqr,ground_truth,curvy,400.0,0.05,0.1,1.0,38.962673895061016,89.94905853271484,-44.76884841918945,14.658480696345926,0.8042246027614102,1.8748337630531196,-0.14993031015414449,1.8748337630531196,0.14993031015414449,0.11496980488300323,0.01747731864452362,0.5475873351097107,0.0,15.462705299107336,121,115,5.486880302429199,RoadOption.STRAIGHT,96.68991088867188,-36.793209075927734,1.1635213649760052,2.8,1.2,4.5,3.0,10.0,0.6,0.01,0.06,0.55,0.16,0.2,0.35,1.5,12,10.0,14.0,0.9,1.2,0.6,0.01,0.06,0.65,0.3,0.72,0.005,0.38,0.22,0.01,0.14,1.0,0.28
lqr,ground_truth,curvy,400.0,0.05,0.1,1.0,39.012673895806074,90.42115783691406,-44.20885467529297,14.64652243628527,0.816187991250704,1.8948075152889585,-0.153533034476804,1.8948075152889585,0.153533034476804,0.11671042442321777,0.0017406195402145386,0.5540688633918762,0.0,15.462710427535974,122,116,5.583136558532715,RoadOption.STRAIGHT,97.02312469482422,-35.9930419921875,1.1888940996295172,2.8,1.2,4.5,3.0,10.0,0.6,0.01,0.06,0.55,0.16,0.2,0.35,1.5,12,10.0,14.0,0.9,1.2,0.6,0.01,0.06,0.65,0.3,0.72,0.005,0.38,0.22,0.01,0.14,1.0,0.28
lqr,ground_truth,curvy,400.0,0.05,0.1,1.0,39.06267389655113,90.87930297851562,-43.63790512084961,14.64168081248555,0.8178063009869732,1.916422830654252,-0.15477226991104498,1.916422830654252,0.15477226991104498,0.10739022493362427,-0.009320199489593506,0.5426257252693176,0.0,15.459487113472523,123,117,5.679985046386719,RoadOption.STRAIGHT,97.33592987060547,-35.18468475341797,1.2142667011249746,2.8,1.2,4.5,3.0,10.0,0.6,0.01,0.06,0.55,0.16,0.2,0.35,1.5,12,10.0,14.0,0.9,1.2,0.6,0.01,0.06,0.65,0.3,0.72,0.005,0.38,0.22,0.01,0.14,1.0,0.28
lqr,ground_truth,curvy,400.0,0.05,0.1,1.0,39.11267389729619,91.3238754272461,-43.05629348754883,14.644505407354908,0.8173652679379586,1.9391440705210028,-0.1551664843314038,1.9391440705210028,0.1551664843314038,0.09614568948745728,-0.011244535446166992,0.539889931678772,0.0,15.461870675292866,124,118,5.776860237121582,RoadOption.STRAIGHT,97.62812805175781,-34.36865234375,1.239639302620432,2.8,1.2,4.5,3.0,10.0,0.6,0.01,0.06,0.55,0.16,0.2,0.35,1.5,12,10.0,14.0,0.9,1.2,0.6,0.01,0.06,0.65,0.3,0.72,0.005,0.38,0.22,0.01,0.14,1.0,0.28
lqr,ground_truth,curvy,400.0,0.05,0.1,1.0,39.16267389804125,91.75537109375,-42.46455383300781,14.650966591377795,0.809573501566728,1.9621970928245962,-0.15611942994846162,1.9621970928245962,0.15611942994846162,0.0900098979473114,-0.006135791540145874,0.5263940095901489,0.0,15.460540092944523,124,119,5.873345851898193,RoadOption.STRAIGHT,97.62812805175781,-34.36865234375,1.239639302620432,2.8,1.2,4.5,3.0,10.0,0.6,0.01,0.06,0.55,0.16,0.2,0.35,1.5,12,10.0,14.0,0.9,1.2,0.6,0.01,0.06,0.65,0.3,0.72,0.005,0.38,0.22,0.01,0.14,1.0,0.28
lqr,ground_truth,curvy,400.0,0.05,0.1,1.0,39.212673898786306,92.17390441894531,-41.86318588256836,14.656496363187745,0.8040437297567777,1.8527110178997854,-0.1328087143479708,1.8527110178997854,0.1328087143479708,0.0506410077214241,-0.0393688902258873,0.5257905125617981,0.0,15.460540092944523,125,119,5.155813694000244,RoadOption.STRAIGHT,97.89952087402344,-33.54546356201172,1.2650119041158894,2.8,1.2,4.5,3.0,10.0,0.6,0.01,0.06,0.55,0.16,0.2,0.35,1.5,12,10.0,14.0,0.9,1.2,0.6,0.01,0.06,0.65,0.3,0.72,0.005,0.38,0.22,0.01,0.14,1.0,0.28
lqr,ground_truth,curvy,400.0,0.05,0.1,1.0,39.262673899531364,92.58183288574219,-41.253929138183594,14.668740391453092,0.7939649076542441,1.8702804314071146,-0.1384619395519362,1.8702804314071146,0.1384619395519362,0.07027164101600647,0.019630633294582367,0.5142843723297119,0.0,15.462705299107336,126,120,5.249870777130127,RoadOption.STRAIGHT,98.14994812011719,-32.71565628051758,1.2903845056113468,2.8,1.2,4.5,3.0,10.0,0.6,0.01,0.06,0.55,0.16,0.2,0.35,1.5,12,10.0,14.0,0.9,1.2,0.6,0.01,0.06,0.65,0.3,0.72,0.005,0.38,0.22,0.01,0.14,1.0,0.28
lqr,ground_truth,curvy,400.0,0.05,0.1,1.0,39.31267390027642,92.97854614257812,-40.63698959350586,14.669947423400021,0.7930544120351044,1.8852338692206836,-0.14617478696394226,1.8852338692206836,0.14617478696394226,0.098625048995018,0.028353407979011536,0.5247400403022766,0.0,15.463001835435126,127,121,5.343115329742432,RoadOption.STRAIGHT,98.3792495727539,-31.8797664642334,1.3157571071068044,2.8,1.2,4.5,3.0,10.0,0.6,0.01,0.06,0.55,0.16,0.2,0.35,1.5,12,10.0,14.0,0.9,1.2,0.6,0.01,0.06,0.65,0.3,0.72,0.005,0.38,0.22,0.01,0.14,1.0,0.28
lqr,ground_truth,curvy,400.0,0.05,0.1,1.0,39.36267390102148,93.3614273071289,-40.01178741455078,14.659709748849659,0.7997773646228641,1.9001676412190405,-0.1524681029359085,1.9001676412190405,0.1524681029359085,0.11675917357206345,0.01813412457704544,0.5379339456558228,0.0,15.459487113472523,128,122,5.436758995056152,RoadOption.STRAIGHT,98.5872573852539,-31.038328170776367,1.3411299749183707,2.8,1.2,4.5,3.0,10.0,0.6,0.01,0.06,0.55,0.16,0.2,0.35,1.5,12,10.0,14.0,0.9,1.2,0.6,0.01,0.06,0.65,0.3,0.72,0.005,0.38,0.22,0.01,0.14,1.0,0.28
lqr,ground_truth,curvy,400.0,0.05,0.1,1.0,39.41267390176654,93.72879791259766,-39.37811279296875,14.64648588855701,0.8181826061558422,1.9166849151766792,-0.15582867933645206,1.9166849151766792,0.15582867933645206,0.11857742071151733,0.001818247139453888,0.5629958510398865,0.0,15.464668494712852,129,123,5.5313873291015625,RoadOption.STRAIGHT,98.77385711669922,-30.19188117980957,1.366502576413828,2.8,1.2,4.5,3.0,10.0,0.6,0.01,0.06,0.55,0.16,0.2,0.35,1.5,12,10.0,14.0,0.9,1.2,0.6,0.01,0.06,0.65,0.3,0.72,0.005,0.38,0.22,0.01,0.14,1.0,0.28
lqr,ground_truth,curvy,400.0,0.05,0.1,1.0,39.4626739025116,94.08025360107422,-38.73601150512695,14.640496286738946,0.820043806205577,1.9351151995787885,-0.15675778966175358,1.9351151995787885,0.15675778966175358,0.10894785076379776,-0.009629569947719574,0.5442597270011902,0.0,15.460540092944523,130,124,5.626832485198975,RoadOption.STRAIGHT,98.93892669677734,-29.340972900390625,1.3918751779092855,2.8,1.2,4.5,3.0,10.0,0.6,0.01,0.06,0.55,0.16,0.2,0.35,1.5,12,10.0,14.0,0.9,1.2,0.6,0.01,0.06,0.65,0.3,0.72,0.005,0.38,0.22,0.01,0.14,1.0,0.28
lqr,ground_truth,curvy,400.0,0.05,0.1,1.0,39.512673903256655,94.41626739501953,-38.08567428588867,14.643719439940313,0.8189858591670234,1.954878242558258,-0.15681311683339993,1.954878242558258,0.15681311683339993,0.09712311625480652,-0.011824734508991241,0.5401219725608826,0.0,15.462705299107336,131,125,5.722461700439453,RoadOption.STRAIGHT,99.08235168457031,-28.48615074157715,1.417247779404743,2.8,1.2,4.5,3.0,10.0,0.6,0.01,0.06,0.55,0.16,0.2,0.35,1.5,12,10.0,14.0,0.9,1.2,0.6,0.01,0.06,0.65,0.3,0.72,0.005,0.38,0.22,0.01,0.14,1.0,0.28
lqr,ground_truth,curvy,400.0,0.05,0.1,1.0,39.56267390400171,94.73748016357422,-37.42755126953125,14.650750528994571,0.8122513064405545,1.975158666604262,-0.15745327418042798,1.975158666604262,0.15745327418042798,0.09059349447488785,-0.006529621779918671,0.5292693376541138,0.0,15.463001835435126,132,126,5.817808628082275,RoadOption.STRAIGHT,99.20404052734375,-27.627965927124023,1.4426203809002005,2.8,1.2,4.5,3.0,10.0,0.6,0.01,0.06,0.55,0.16,0.2,0.35,1.5,12,10.0,14.0,0.9,1.2,0.6,0.01,0.06,0.65,0.3,0.72,0.005,0.38,0.22,0.01,0.14,1.0,0.28
lqr,ground_truth,curvy,400.0,0.05,0.1,1.0,39.61267390474677,95.04410552978516,-36.76211166381836,14.656985341742491,0.8025017717300322,1.9955290280902536,-0.15926409056362711,1.9955290280902536,0.15926409056362711,0.09126896411180496,0.0006754696369171143,0.5198016166687012,0.0,15.459487113472523,132,127,5.912739276885986,RoadOption.STRAIGHT,99.20404052734375,-27.627965927124023,1.4426203809002005,2.8,1.2,4.5,3.0,10.0,0.6,0.01,0.06,0.55,0.16,0.2,0.35,1.5,12,10.0,14.0,0.9,1.2,0.6,0.01,0.06,0.65,0.3,0.72,0.005,0.38,0.22,0.01,0.14,1.0,0.28
lqr,ground_truth,curvy,400.0,0.05,0.1,1.0,39.66267390549183,95.3358383178711,-36.08980941772461,14.658594945249725,0.8008921682227985,1.8828434727443168,-0.13655318541964956,1.8828434727443168,0.13655318541964956,0.056320372968912125,-0.03494859114289284,0.5286037921905518,0.0,15.459487113472523,133,127,5.194883823394775,RoadOption.STRAIGHT,99.30391693115234,-26.766969680786133,1.4679931155537123,2.8,1.2,4.5,3.0,10.0,0.6,0.01,0.06,0.55,0.16,0.2,0.35,1.5,12,10.0,14.0,0.9,1.2,0.6,0.01,0.06,0.65,0.3,0.72,0.005,0.38,0.22,0.01,0.14,1.0,0.28
lqr,ground_truth,curvy,400.0,0.05,0.1,1.0,39.71267390623689,95.61490631103516,-35.41180419921875,14.667501077797372,0.7984772477025253,1.8986708810425466,-0.14207564941409245,1.8986708810425466,0.14207564941409245,0.0753277912735939,0.019007418304681778,0.5261884331703186,0.0,15.465978325499897,134,128,5.28792667388916,RoadOption.STRAIGHT,99.38192749023438,-25.903717041015625,1.4933657170491699,2.8,1.2,4.5,3.0,10.0,0.6,0.01,0.06,0.55,0.16,0.2,0.35,1.5,12,10.0,14.0,0.9,1.2,0.6,0.01,0.06,0.65,0.3,0.72,0.005,0.38,0.22,0.01,0.14,1.0,0.28
lqr,ground_truth,curvy,400.0,0.05,0.1,1.0,39.762673906981945,95.88089752197266,-34.72837829589844,14.667754533067333,0.7932149849388388,1.9124542902171857,-0.14915459790763208,1.9124542902171857,0.14915459790763208,0.10059531778097153,0.025267526507377625,0.5196142792701721,0.0,15.460969518006172,135,129,5.380429744720459,RoadOption.STRAIGHT,99.43800354003906,-25.038761138916016,1.5187384517026816,2.8,1.2,4.5,3.0,10.0,0.6,0.01,0.06,0.55,0.16,0.2,0.35,1.5,12,10.0,14.0,0.9,1.2,0.6,0.01,0.06,0.65,0.3,0.72,0.005,0.38,0.22,0.01,0.14,1.0,0.28
lqr,ground_truth,curvy,400.0,0.05,0.1,1.0,39.812673907727,96.13145446777344,-34.03948211669922,14.658319977575484,0.8043853215318517,1.9264699739267743,-0.1547783951815518,1.9264699739267743,0.1547783951815518,0.11591217666864395,0.015316858887672424,0.5460355877876282,0.0,15.462705299107336,136,130,5.4733805656433105,RoadOption.STRAIGHT,99.47212219238281,-24.172664642333984,1.544111053198139,2.8,1.2,4.5,3.0,10.0,0.6,0.01,0.06,0.55,0.16,0.2,0.35,1.5,12,10.0,14.0,0.9,1.2,0.6,0.01,0.06,0.65,0.3,0.72,0.005,0.38,0.22,0.01,0.14,1.0,0.28
lqr,ground_truth,curvy,400.0,0.05,0.1,1.0,39.86267390847206,96.3651123046875,-33.345306396484375,14.646736746069157,0.8162650893659684,1.9420820143024873,-0.15773490346570362,1.9420820143024873,0.15773490346570362,0.11658533662557602,0.0006731599569320679,0.5540148019790649,0.0,15.463001835435126,137,131,5.567296028137207,RoadOption.STRAIGHT,99.48426055908203,-23.305978775024414,1.5694836546935966,2.8,1.2,4.5,3.0,10.0,0.6,0.01,0.06,0.55,0.16,0.2,0.35,1.5,12,10.0,14.0,0.9,1.2,0.6,0.01,0.06,0.65,0.3,0.72,0.005,0.38,0.22,0.01,0.14,1.0,0.28
lqr,ground_truth,curvy,400.0,0.05,0.1,1.0,39.91267390921712,96.58155822753906,-32.64596939086914,14.642150533164033,0.8214877511865364,1.9595416758807593,-0.15858019079569496,1.9595416758807593,0.15858019079569496,0.10744968056678772,-0.0091356560587883,0.549159824848175,0.0,15.46363828435057,138,132,5.661958694458008,RoadOption.STRAIGHT,99.47518920898438,-22.386852264404297,7.868063897186604,2.8,1.2,4.5,3.0,10.0,0.6,0.01,0.06,0.55,0.16,0.2,0.35,1.5,12,10.0,14.0,0.9,1.2,0.6,0.01,0.06,0.65,0.3,0.72,0.005,0.38,0.22,0.01,0.14,1.0,0.28
lqr,ground_truth,curvy,400.0,0.05,0.1,1.0,39.96267390996218,96.78128814697266,-31.941633224487305,14.645538034948705,0.8219476980348173,1.9782748186194627,-0.1587497009990786,1.9782748186194627,0.1587497009990786,0.09698382019996643,-0.010465860366821289,0.543720543384552,0.0,15.467485732983523,139,133,5.756804943084717,RoadOption.STRAIGHT,99.46231079101562,-21.372220993041992,7.865261186455404,2.8,1.2,4.5,3.0,10.0,0.6,0.01,0.06,0.55,0.16,0.2,0.35,1.5,12,10.0,14.0,0.9,1.2,0.6,0.01,0.06,0.65,0.3,0.72,0.005,0.38,0.22,0.01,0.14,1.0,0.28
lqr,ground_truth,curvy,400.0,0.05,0.1,1.0,40.012673910707235,96.96491241455078,-31.23258399963379,14.653105729045853,0.8078637889603186,1.9975678553844547,-0.15951402823193117,1.9975678553844547,0.15951402823193117,0.09165171533823013,-0.005332104861736298,0.5178175568580627,0.0,15.460969518006172,139,134,5.851391792297363,RoadOption.STRAIGHT,99.46231079101562,-21.372220993041992,7.865261186455404,2.8,1.2,4.5,3.0,10.0,0.6,0.01,0.06,0.55,0.16,0.2,0.35,1.5,12,10.0,14.0,0.9,1.2,0.6,0.01,0.06,0.65,0.3,0.72,0.005,0.38,0.22,0.01,0.14,1.0,0.28
lqr,ground_truth,curvy,400.0,0.05,0.1,1.0,40.06267391145229,97.13265228271484,-30.519248962402344,14.658615391143801,0.8023541268623706,1.8855093690649476,-0.1359546399646545,1.8855093690649476,0.1359546399646545,0.05216819420456886,-0.03948352113366127,0.5248008966445923,0.0,15.460969518006172,140,134,5.134430408477783,RoadOption.STRAIGHT,99.45227813720703,-20.357559204101562,7.862459008356423,2.8,1.2,4.5,3.0,10.0,0.6,0.01,0.06,0.55,0.16,0.2,0.35,1.5,12,10.0,14.0,0.9,1.2,0.6,0.01,0.06,0.65,0.3,0.72,0.005,0.38,0.22,0.01,0.14,1.0,0.28
lqr,ground_truth,curvy,400.0,0.05,0.1,1.0,40.11267391219735,97.28732299804688,-29.80246353149414,14.670000038875923,0.7957107604292801,1.899890773515771,-0.141295609530808,1.899890773515771,0.141295609530808,0.07150065153837204,0.019332457333803177,0.5194544196128845,0.0,15.465710799305203,141,135,5.226690292358398,RoadOption.STRAIGHT,99.44512176513672,-19.34287452697754,7.85965736288966,2.8,1.2,4.5,3.0,10.0,0.6,0.01,0.06,0.55,0.16,0.2,0.35,1.5,12,10.0,14.0,0.9,1.2,0.6,0.01,0.06,0.65,0.3,0.72,0.005,0.38,0.22,0.01,0.14,1.0,0.28
lqr,ground_truth,curvy,400.0,0.05,0.1,1.0,40.16267391294241,97.42849731445312,-29.082651138305664,14.670925172039414,0.7943615371406096,1.911888501492965,-0.1486894768232494,1.911888501492965,0.1486894768232494,0.09950483590364456,0.028004184365272522,0.5249978303909302,0.0,15.465286709180024,142,136,5.318305492401123,RoadOption.STRAIGHT,99.44075775146484,-18.328170776367188,7.856854652158461,2.8,1.2,4.5,3.0,10.0,0.6,0.01,0.06,0.55,0.16,0.2,0.35,1.5,12,10.0,14.0,0.9,1.2,0.6,0.01,0.06,0.65,0.3,0.72,0.005,0.38,0.22,0.01,0.14,1.0,0.28
lqr,ground_truth,curvy,400.0,0.05,0.1,1.0,40.21267391368747,97.55358123779297,-28.360214233398438,14.661005535606066,0.9292811735739583,1.9240431059304988,-0.1547038266710299,1.9240431059304988,0.1547038266710299,0.11059961467981339,0.011094778776168823,0.7694722414016724,0.0,15.590286709180024,142,137,5.410436153411865,RoadOption.STRAIGHT,99.44075775146484,-18.328170776367188,7.856854652158461,2.8,1.2,4.5,3.0,10.0,0.6,0.01,0.06,0.55,0.16,0.2,0.35,1.5,12,10.0,14.0,0.9,1.2,0.6,0.01,0.06,0.65,0.3,0.72,0.005,0.38,0.22,0.01,0.14,1.0,0.28
lqr,ground_truth,curvy,400.0,0.05,0.1,1.0,40.262673914432526,97.66144561767578,-27.635358810424805,14.661804427207777,1.0534822819722471,1.8171303161966215,-0.13286177783269082,1.8171303161966215,0.13286177783269082,0.06575258076190948,-0.0448470339179039,0.8311306834220886,0.0,15.715286709180024,143,137,4.6974663734436035,RoadOption.STRAIGHT,99.43927001953125,-17.313461303710938,7.854052474059479,2.8,1.2,4.5,3.0,10.0,0.6,0.01,0.06,0.55,0.16,0.2,0.35,1.5,12,10.0,14.0,0.9,1.2,0.6,0.01,0.06,0.65,0.3,0.72,0.005,0.38,0.22,0.01,0.14,1.0,0.28
lqr,ground_truth,curvy,400.0,0.05,0.1,1.0,40.312673915177584,97.75555419921875,-26.90656280517578,14.727863608987994,1.1124231001920304,1.7831101518889123,-0.12753705354918665,1.7831101518889123,0.12753705354918665,-0.008754007518291473,-0.07450658828020096,0.7881828546524048,0.0,15.840286709180024,144,138,4.83579683303833,RoadOption.STRAIGHT,99.44063568115234,-16.298751831054688,7.851250295960497,2.8,1.2,4.5,3.0,10.0,0.6,0.01,0.06,0.55,0.16,0.2,0.35,1.5,12,10.0,14.0,0.9,1.2,0.6,0.01,0.06,0.65,0.3,0.72,0.005,0.38,0.22,0.01,0.14,1.0,0.28
lqr,ground_truth,curvy,400.0,0.05,0.1,1.0,40.36267391592264,97.8431625366211,-26.172170639038086,14.836145293291402,1.129141415888622,1.673185390637746,-0.11140681945879383,1.673185390637746,0.11140681945879383,-0.07033537328243256,-0.06158136576414108,0.7475468516349792,0.0,15.965286709180024,144,139,5.065684795379639,RoadOption.STRAIGHT,99.44063568115234,-16.298751831054688,7.851250295960497,2.8,1.2,4.5,3.0,10.0,0.6,0.01,0.06,0.55,0.16,0.2,0.35,1.5,12,10.0,14.0,0.9,1.2,0.6,0.01,0.06,0.65,0.3,0.72,0.005,0.38,0.22,0.01,0.14,1.0,0.28
lqr,ground_truth,curvy,400.0,0.05,0.1,1.0,40.4126739166677,97.93089294433594,-25.43207550048828,14.951075084229416,1.1392116249506081,1.5771127988177072,-0.10902768449897149,1.5771127988177072,0.10902768449897149,-0.05527850612998009,0.015056867152452469,0.7456112504005432,0.0,16.090286709180024,145,139,4.339085578918457,RoadOption.STRAIGHT,99.44406127929688,-15.29485034942627,1.5673213010465068,2.8,1.2,4.5,3.0,10.0,0.6,0.01,0.06,0.55,0.16,0.2,0.35,1.5,12,10.0,14.0,0.9,1.2,0.6,0.01,0.06,0.65,0.3,0.72,0.005,0.38,0.22,0.01,0.14,1.0,0.28
lqr,ground_truth,curvy,400.0,0.05,0.1,1.0,40.46267391741276,98.02117156982422,-24.68606185913086,15.075496602928855,1.1397901062511693,1.4677490418366264,-0.11191694796559926,1.4677490418366264,0.11191694796559926,-0.002130175242200494,0.05314833088777959,0.7346100211143494,0.0,16.215286709180024,146,140,4.558947563171387,RoadOption.STRAIGHT,99.4465103149414,-14.305353164672852,1.5693213350251562,2.8,1.2,4.5,3.0,10.0,0.6,0.01,0.06,0.55,0.16,0.2,0.35,1.5,12,10.0,14.0,0.9,1.2,0.6,0.01,0.06,0.65,0.3,0.72,0.005,0.38,0.22,0.01,0.14,1.0,0.28
lqr,ground_truth,curvy,400.0,0.05,0.1,1.0,40.512673918157816,98.10984802246094,-23.933584213256836,15.208936773772397,1.131349935407627,1.3613077193625824,-0.11501473694557962,1.3613077193625824,0.11501473694557962,0.045149870216846466,0.04728004545904696,0.718654215335846,0.0,16.340286709180024,147,141,4.780959606170654,RoadOption.STRAIGHT,99.44699096679688,-13.3158540725708,1.5713212358457511,2.8,1.2,4.5,3.0,10.0,0.6,0.01,0.06,0.55,0.16,0.2,0.35,1.5,12,10.0,14.0,0.9,1.2,0.6,0.01,0.06,0.65,0.3,0.72,0.005,0.38,0.22,0.01,0.14,1.0,0.28
lqr,ground_truth,curvy,400.0,0.05,0.1,1.0,40.562673918902874,98.19381713867188,-23.174041748046875,15.333689540033204,1.1315971691468203,1.2608577227929298,-0.11221974938154133,1.2608577227929298,0.11221974938154133,0.05674242228269577,0.011592552065849304,0.7292548418045044,0.0,16.465286709180024,148,142,5.003731727600098,RoadOption.STRAIGHT,99.44548034667969,-12.326355934143066,1.5733214029824552,2.8,1.2,4.5,3.0,10.0,0.6,0.01,0.06,0.55,0.16,0.2,0.35,1.5,12,10.0,14.0,0.9,1.2,0.6,0.01,0.06,0.65,0.3,0.72,0.005,0.38,0.22,0.01,0.14,1.0,0.28
lqr,ground_truth,curvy,400.0,0.05,0.1,1.0,40.61267391964793,98.27180480957031,-22.407617568969727,15.45787066973999,1.1324160394400344,1.1678260774940936,-0.10345315570521851,1.1678260774940936,0.10345315570521851,0.04869532212615013,-0.008047100156545639,0.7304322123527527,0.0,16.590286709180024,148,143,5.226222991943359,RoadOption.STRAIGHT,99.44548034667969,-12.326355934143066,1.5733214029824552,2.8,1.2,4.5,3.0,10.0,0.6,0.01,0.06,0.55,0.16,0.2,0.35,1.5,12,10.0,14.0,0.9,1.2,0.6,0.01,0.06,0.65,0.3,0.72,0.005,0.38,0.22,0.01,0.14,1.0,0.28
lqr,ground_truth,curvy,400.0,0.05,0.1,1.0,40.66267392039299,98.34477233886719,-21.634424209594727,15.588541568438364,1.1267451407416598,1.094803775297055,-0.09414767138231817,1.094803775297055,0.09414767138231817,0.017987284809350967,-0.030708037316799164,0.7192767262458801,0.0,16.715286709180024,149,143,4.45742654800415,RoadOption.STRAIGHT,99.44197845458984,-11.336862564086914,1.5753213038030502,2.8,1.2,4.5,3.0,10.0,0.6,0.01,0.06,0.55,0.16,0.2,0.35,1.5,12,10.0,14.0,0.9,1.2,0.6,0.01,0.06,0.65,0.3,0.72,0.005,0.38,0.22,0.01,0.14,1.0,0.28
lqr,ground_truth,curvy,400.0,0.05,0.1,1.0,40.71267392113805,98.41465759277344,-20.854143142700195,15.717600659440425,1.122686049739599,1.0135319633889384,-0.08243508890814866,1.0135319633889384,0.08243508890814866,-0.00711891520768404,-0.025106200017035007,0.7187179923057556,0.0,16.840286709180024,150,144,4.669499397277832,RoadOption.STRAIGHT,99.43651580810547,-10.347376823425293,1.5773213377816997,2.8,1.2,4.5,3.0,10.0,0.6,0.01,0.06,0.55,0.16,0.2,0.35,1.5,12,10.0,14.0,0.9,1.2,0.6,0.01,0.06,0.65,0.3,0.72,0.005,0.38,0.22,0.01,0.14,1.0,0.28
lqr,ground_truth,curvy,400.0,0.05,0.1,1.0,40.762673921883106,98.48358917236328,-20.067459106445312,15.843619963420236,1.1216667457597875,0.9438814027647559,-0.076646708278862,0.9438814027647559,0.076646708278862,0.003049002029001713,0.010167917236685753,0.7217766642570496,0.0,16.965286709180024,151,145,4.868295669555664,RoadOption.STRAIGHT,99.42973327636719,-9.348533630371094,1.5776161497143715,2.8,1.2,4.5,3.0,10.0,0.6,0.01,0.06,0.55,0.16,0.2,0.35,1.5,12,10.0,14.0,0.9,1.2,0.6,0.01,0.06,0.65,0.3,0.72,0.005,0.38,0.22,0.01,0.14,1.0,0.28
lqr,ground_truth,curvy,400.0,0.05,0.1,1.0,40.812673922628164,98.55081176757812,-19.274372100830078,15.968011000739327,1.1222757084406965,0.8883683136453303,-0.07595508534376849,0.8883683136453303,0.07595508534376849,0.03568732365965843,0.03263832163065672,0.7240961790084839,0.0,17.090286709180024,152,146,5.049101829528809,RoadOption.STRAIGHT,99.42291259765625,-8.348557472229004,1.5776161497143715,2.8,1.2,4.5,3.0,10.0,0.6,0.01,0.06,0.55,0.16,0.2,0.35,1.5,12,10.0,14.0,0.9,1.2,0.6,0.01,0.06,0.65,0.3,0.72,0.005,0.38,0.22,0.01,0.14,1.0,0.28
lqr,ground_truth,curvy,400.0,0.05,0.1,1.0,40.86267392337322,98.61328887939453,-18.4748592376709,16.086725168501168,1.1285615406788558,0.836409980927792,-0.07371270370592153,0.836409980927792,0.07371270370592153,0.04537513852119446,0.009687814861536026,0.7346799373626709,0.0,17.215286709180024,152,147,5.225934982299805,RoadOption.STRAIGHT,99.42291259765625,-8.348557472229004,1.5776161497143715,2.8,1.2,4.5,3.0,10.0,0.6,0.01,0.06,0.55,0.16,0.2,0.35,1.5,12,10.0,14.0,0.9,1.2,0.6,0.01,0.06,0.65,0.3,0.72,0.005,0.38,0.22,0.01,0.14,1.0,0.28
lqr,ground_truth,curvy,400.0,0.05,0.1,1.0,40.91267392411828,98.66937255859375,-17.668943405151367,16.20532677527736,1.134959933902664,0.7799032769596373,-0.0665033934770225,0.7799032769596373,0.0665033934770225,0.03144845366477966,-0.013926684856414795,0.7386540174484253,0.0,17.340286709180024,153,147,4.421999454498291,RoadOption.STRAIGHT,99.41609191894531,-7.348580360412598,1.5776161497143715,2.8,1.2,4.5,3.0,10.0,0.6,0.01,0.06,0.55,0.16,0.2,0.35,1.5,12,10.0,14.0,0.9,1.2,0.6,0.01,0.06,0.65,0.3,0.72,0.005,0.38,0.22,0.01,0.14,1.0,0.28
lqr,ground_truth,curvy,400.0,0.05,0.1,1.0,40.96267392486334,98.72003936767578,-16.85655403137207,16.329171518740786,1.136115190439238,0.7368777494800324,-0.06022871963268717,0.7368777494800324,0.06022871963268717,0.016116788610816002,-0.015331665053963661,0.7330554127693176,0.0,17.465286709180024,154,148,4.587914943695068,RoadOption.STRAIGHT,99.40927124023438,-6.348603248596191,1.5776161497143715,2.8,1.2,4.5,3.0,10.0,0.6,0.01,0.06,0.55,0.16,0.2,0.35,1.5,12,10.0,14.0,0.9,1.2,0.6,0.01,0.06,0.65,0.3,0.72,0.005,0.38,0.22,0.01,0.14,1.0,0.28
lqr,ground_truth,curvy,400.0,0.05,0.1,1.0,41.0126739256084,98.76675415039062,-16.037649154663086,16.454916129298176,1.1353705798818474,0.6964882701155101,-0.055056061847426285,0.6964882701155101,0.055056061847426285,0.007868989370763302,-0.0082477992400527,0.7303287982940674,0.0,17.590286709180024,155,149,4.7490339279174805,RoadOption.STRAIGHT,99.40245056152344,-5.348626613616943,1.5776161497143715,2.8,1.2,4.5,3.0,10.0,0.6,0.01,0.06,0.55,0.16,0.2,0.35,1.5,12,10.0,14.0,0.9,1.2,0.6,0.01,0.06,0.65,0.3,0.72,0.005,0.38,0.22,0.01,0.14,1.0,0.28
lqr,ground_truth,curvy,400.0,0.05,0.1,1.0,41.062673926353455,98.81031036376953,-15.212294578552246,16.57983422882406,1.1354524803559656,0.6579355303451759,-0.051753076305455004,0.6579355303451759,0.051753076305455004,0.012759310193359852,0.00489032082259655,0.7313697934150696,0.0,17.715286709180024,156,150,4.905054569244385,RoadOption.STRAIGHT,99.3956298828125,-4.348650932312012,1.5776161497143715,2.8,1.2,4.5,3.0,10.0,0.6,0.01,0.06,0.55,0.16,0.2,0.35,1.5,12,10.0,14.0,0.9,1.2,0.6,0.01,0.06,0.65,0.3,0.72,0.005,0.38,0.22,0.01,0.14,1.0,0.28
lqr,ground_truth,curvy,400.0,0.05,0.1,1.0,41.11267392709851,98.85035705566406,-14.38056468963623,16.703028708813903,1.1372580003661206,0.6136800420976792,-0.04774661676154013,0.6136800420976792,0.04774661676154013,0.008150172419846058,-0.004609137773513794,0.7345214486122131,0.0,17.840286709180024,156,151,5.065275192260742,RoadOption.STRAIGHT,99.3956298828125,-4.348650932312012,1.5776161497143715,2.8,1.2,4.5,3.0,10.0,0.6,0.01,0.06,0.55,0.16,0.2,0.35,1.5,12,10.0,14.0,0.9,1.2,0.6,0.01,0.06,0.65,0.3,0.72,0.005,0.38,0.22,0.01,0.14,1.0,0.28
lqr,ground_truth,curvy,400.0,0.05,0.1,1.0,41.16267392784357,98.88714599609375,-13.542526245117188,16.82604571637254,1.1392409928074834,0.5711767277026509,-0.0441482866546794,0.5711767277026509,0.0441482866546794,0.006525071337819099,-0.0016251010820269585,0.7359241843223572,0.0,17.965286709180024,157,151,4.228945255279541,RoadOption.STRAIGHT,99.38880920410156,-3.3486738204956055,1.5776161497143715,2.8,1.2,4.5,3.0,10.0,0.6,0.01,0.06,0.55,0.16,0.2,0.35,1.5,12,10.0,14.0,0.9,1.2,0.6,0.01,0.06,0.65,0.3,0.72,0.005,0.38,0.22,0.01,0.14,1.0,0.28
lqr,ground_truth,curvy,400.0,0.05,0.1,1.0,41.21267392858863,98.92121124267578,-12.698222160339355,16.94890240494025,1.141384304239775,0.5313534009521463,-0.041257824765561946,0.5313534009521463,0.041257824765561946,0.0078034973703324795,0.00127842603251338,0.7374025583267212,0.0,18.090286709180024,158,152,4.378503322601318,RoadOption.STRAIGHT,99.38198852539062,-2.348696708679199,1.5776161497143715,2.8,1.2,4.5,3.0,10.0,0.6,0.01,0.06,0.55,0.16,0.2,0.35,1.5,12,10.0,14.0,0.9,1.2,0.6,0.01,0.06,0.65,0.3,0.72,0.005,0.38,0.22,0.01,0.14,1.0,0.28
lqr,ground_truth,curvy,400.0,0.05,0.1,1.0,41.26267392933369,98.95269012451172,-11.847679138183594,17.071533250674502,1.1437534585055218,0.4940738371876132,-0.03873075120718594,0.4940738371876132,0.03873075120718594,0.009698287583887577,0.0018947902135550976,0.7390950322151184,0.0,18.215286709180024,159,153,4.5229010581970215,RoadOption.STRAIGHT,99.37516784667969,-1.3487194776535034,1.5776161497143715,2.8,1.2,4.5,3.0,10.0,0.6,0.01,0.06,0.55,0.16,0.2,0.35,1.5,12,10.0,14.0,0.9,1.2,0.6,0.01,0.06,0.65,0.3,0.72,0.005,0.38,0.22,0.01,0.14,1.0,0.28
lqr,ground_truth,curvy,400.0,0.05,0.1,1.0,41.312673930078745,98.98162078857422,-10.99091625213623,17.194036856734993,1.146249852445031,0.4593000138964507,-0.03620274554242808,0.4593000138964507,0.03620274554242808,0.014004754833877087,0.00430646724998951,0.7407456040382385,0.0,18.340286709180024,160,154,4.661969184875488,RoadOption.STRAIGHT,99.36834716796875,-0.34874236583709717,1.5776161497143715,2.8,1.2,4.5,3.0,10.0,0.6,0.01,0.06,0.55,0.16,0.2,0.35,1.5,12,10.0,14.0,0.9,1.2,0.6,0.01,0.06,0.65,0.3,0.72,0.005,0.38,0.22,0.01,0.14,1.0,0.28
lqr,ground_truth,curvy,400.0,0.05,0.1,1.0,41.3626739308238,99.00772094726562,-10.12794303894043,17.316290935411242,1.1489957737687817,0.4273142738982203,-0.03325489253181946,0.4273142738982203,0.03325489253181946,0.010027400217950344,-0.0039773546159267426,0.7426925897598267,0.0,18.465286709180024,161,155,4.795589447021484,RoadOption.STRAIGHT,99.36153411865234,0.6512347459793091,1.5776161497143715,2.8,1.2,4.5,3.0,10.0,0.6,0.01,0.06,0.55,0.16,0.2,0.35,1.5,12,10.0,14.0,0.9,1.2,0.6,0.01,0.06,0.65,0.3,0.72,0.005,0.38,0.22,0.01,0.14,1.0,0.28
lqr,ground_truth,curvy,400.0,0.05,0.1,1.0,41.41267393156886,99.03128814697266,-9.25876235961914,17.439151856329897,1.1511348528501273,0.3978190939852142,-0.030182936214413036,0.3978190939852142,0.030182936214413036,0.005061585456132889,-0.004965814761817455,0.7432478070259094,0.0,18.590286709180024,162,156,4.923610687255859,RoadOption.STRAIGHT,99.3547134399414,1.6512118577957153,1.5776161497143715,2.8,1.2,4.5,3.0,10.0,0.6,0.01,0.06,0.55,0.16,0.2,0.35,1.5,12,10.0,14.0,0.9,1.2,0.6,0.01,0.06,0.65,0.3,0.72,0.005,0.38,0.22,0.01,0.14,1.0,0.28
lqr,ground_truth,curvy,400.0,0.05,0.1,1.0,41.46267393231392,99.05289459228516,-8.38337516784668,17.562311902952796,1.1529748062272276,0.37024230563758886,-0.027586620467694445,0.37024230563758886,0.027586620467694445,0.002777084242552519,-0.00228450121358037,0.743992805480957,0.0,18.715286709180024,162,157,5.045895099639893,RoadOption.STRAIGHT,99.3547134399414,1.6512118577957153,1.5776161497143715,2.8,1.2,4.5,3.0,10.0,0.6,0.01,0.06,0.55,0.16,0.2,0.35,1.5,12,10.0,14.0,0.9,1.2,0.6,0.01,0.06,0.65,0.3,0.72,0.005,0.38,0.22,0.01,0.14,1.0,0.28
lqr,ground_truth,curvy,400.0,0.05,0.1,1.0,41.51267393305898,99.07294464111328,-7.5017924308776855,17.685407721007216,1.1548789881728077,0.3441805315211362,-0.025650236039098218,0.3441805315211362,0.025650236039098218,0.003762867534533143,0.0009857832919806242,0.7452124357223511,0.0,18.840286709180024,163,157,4.1651129722595215,RoadOption.STRAIGHT,99.34789276123047,2.651188850402832,1.5776161497143715,2.8,1.2,4.5,3.0,10.0,0.6,0.01,0.06,0.55,0.16,0.2,0.35,1.5,12,10.0,14.0,0.9,1.2,0.6,0.01,0.06,0.65,0.3,0.72,0.005,0.38,0.22,0.01,0.14,1.0,0.28
lqr,ground_truth,curvy,400.0,0.05,0.1,1.0,41.562673933804035,99.0914077758789,-6.614025592803955,17.80832107413062,1.1569656350494029,0.31966255428187434,-0.024111727877359268,0.31966255428187434,0.024111727877359268,0.008556799963116646,0.004793932428583503,0.7466833591461182,0.0,18.965286709180024,164,158,4.2752156257629395,RoadOption.STRAIGHT,99.34107208251953,3.6511659622192383,1.5776161497143715,2.8,1.2,4.5,3.0,10.0,0.6,0.01,0.06,0.55,0.16,0.2,0.35,1.5,12,10.0,14.0,0.9,1.2,0.6,0.01,0.06,0.65,0.3,0.72,0.005,0.38,0.22,0.01,0.14,1.0,0.28
lqr,ground_truth,curvy,400.0,0.05,0.1,1.0,41.61267393454909,99.10798645019531,-5.720087051391602,17.9309123738419,1.159374335338125,0.296986904884253,-0.022384135278224804,0.296986904884253,0.022384135278224804,0.007742662448436022,-0.000814137514680624,0.7485150694847107,0.0,19.090286709180024,165,159,4.379525184631348,RoadOption.STRAIGHT,99.3342514038086,4.651139259338379,1.5776161497143715,2.8,1.2,4.5,3.0,10.0,0.6,0.01,0.06,0.55,0.16,0.2,0.35,1.5,12,10.0,14.0,0.9,1.2,0.6,0.01,0.06,0.65,0.3,0.72,0.005,0.38,0.22,0.01,0.14,1.0,0.28
lqr,ground_truth,curvy,400.0,0.05,0.1,1.0,41.66267393529415,99.12266540527344,-4.8199782371521,18.05369284891483,1.1615938602651923,0.27616884989229246,-0.020398216053353124,0.27616884989229246,0.020398216053353124,0.00472251046448946,-0.003020151983946562,0.749619722366333,0.0,19.215286709180024,166,160,4.477980613708496,RoadOption.STRAIGHT,99.32743072509766,5.651116371154785,1.5776161497143715,2.8,1.2,4.5,3.0,10.0,0.6,0.01,0.06,0.55,0.16,0.2,0.35,1.5,12,10.0,14.0,0.9,1.2,0.6,0.01,0.06,0.65,0.3,0.72,0.005,0.38,0.22,0.01,0.14,1.0,0.28
lqr,ground_truth,curvy,400.0,0.05,0.1,1.0,41.71267393603921,99.13578796386719,-3.913698434829712,18.176696339515928,1.163590369664096,0.25687269968823423,-0.018527611703681224,0.25687269968823423,0.018527611703681224,0.002284155460074544,-0.002438355004414916,0.7505500316619873,0.0,19.340286709180024,167,161,4.570511817932129,RoadOption.STRAIGHT,99.32061004638672,6.651093482971191,1.5776161497143715,2.8,1.2,4.5,3.0,10.0,0.6,0.01,0.06,0.55,0.16,0.2,0.35,1.5,12,10.0,14.0,0.9,1.2,0.6,0.01,0.06,0.65,0.3,0.72,0.005,0.38,0.22,0.01,0.14,1.0,0.28
lqr,ground_truth,curvy,400.0,0.05,0.1,1.0,41.76267393678427,99.14768981933594,-3.001248598098755,18.29974997312278,1.1446944713216638,0.23874751678883824,-0.0170421004476351,0.23874751678883824,0.0170421004476351,0.0018753347685560584,-0.00040882069151848555,0.7141416072845459,0.0,19.444444444444443,168,162,4.657064437866211,RoadOption.STRAIGHT,99.31378936767578,7.651070594787598,1.5776161497143715,2.8,1.2,4.5,3.0,10.0,0.6,0.01,0.06,0.55,0.16,0.2,0.35,1.5,12,10.0,14.0,0.9,1.2,0.6,0.01,0.06,0.65,0.3,0.72,0.005,0.38,0.22,0.01,0.14,1.0,0.28
lqr,ground_truth,curvy,400.0,0.05,0.1,1.0,41.812673937529325,99.15849304199219,-2.082709312438965,18.4191435674081,1.0253008770363436,0.22167941169890973,-0.0159179801515128,0.22167941169890973,0.0159179801515128,0.0048236241564154625,0.002948289387859404,0.5219082236289978,0.0,19.444444444444443,169,163,4.737685680389404,RoadOption.STRAIGHT,99.30697631835938,8.651047706604004,1.5776161497143715,2.8,1.2,4.5,3.0,10.0,0.6,0.01,0.06,0.55,0.16,0.2,0.35,1.5,12,10.0,14.0,0.9,1.2,0.6,0.01,0.06,0.65,0.3,0.72,0.005,0.38,0.22,0.01,0.14,1.0,0.28
lqr,ground_truth,curvy,400.0,0.05,0.1,1.0,41.86267393827438,99.16800689697266,-1.158713459968567,18.51605692514549,0.9283875192989512,0.2058634325826872,-0.014792528274845118,0.2058634325826872,0.014792528274845118,0.004676419775933027,-0.00014720438048243523,0.4907364845275879,0.0,19.444444444444443,170,164,4.812992095947266,RoadOption.STRAIGHT,99.30015563964844,9.65102481842041,1.5776161497143715,2.8,1.2,4.5,3.0,10.0,0.6,0.01,0.06,0.55,0.16,0.2,0.35,1.5,12,10.0,14.0,0.9,1.2,0.6,0.01,0.06,0.65,0.3,0.72,0.005,0.38,0.22,0.01,0.14,1.0,0.28
lqr,ground_truth,curvy,400.0,0.05,0.1,1.0,41.91267393901944,99.17617797851562,-0.23122580349445343,18.56844036665249,0.8760040777919542,0.19136635636216034,-0.01355096257465016,0.19136635636216034,0.01355096257465016,0.0032166806049644947,-0.0014597391709685326,0.5127423405647278,0.0,19.444444444444443,171,165,4.884923458099365,RoadOption.STRAIGHT,99.2933349609375,10.651001930236816,1.5776161497143715,2.8,1.2,4.5,3.0,10.0,0.6,0.01,0.06,0.55,0.16,0.2,0.35,1.5,12,10.0,14.0,0.9,1.2,0.6,0.01,0.06,0.65,0.3,0.72,0.005,0.38,0.22,0.01,0.14,1.0,0.28
lqr,ground_truth,curvy,400.0,0.05,0.1,1.0,41.9626739397645,99.1832046508789,0.6978133916854858,18.587712950242555,0.8567314942018882,0.17800310758635107,-0.01236452430902002,0.17800310758635107,0.01236452430902002,0.0018051810329779983,-0.0014114995719864964,0.5409117937088013,0.0,19.444444444444443,172,166,4.955402374267578,RoadOption.STRAIGHT,99.28651428222656,11.650979042053223,1.5776161497143715,2.8,1.2,4.5,3.0,10.0,0.6,0.01,0.06,0.55,0.16,0.2,0.35,1.5,12,10.0,14.0,0.9,1.2,0.6,0.01,0.06,0.65,0.3,0.72,0.005,0.38,0.22,0.01,0.14,1.0,0.28
lqr,ground_truth,curvy,400.0,0.05,0.1,1.0,42.01267394050956,99.18926239013672,1.6272393465042114,18.589496141281344,0.8549483031630984,0.16560613177176303,-0.011386345240633755,0.16560613177176303,0.011386345240633755,0.0013986403355374932,-0.00040654069744050503,0.5608291625976562,0.0,19.444444444444443,172,167,5.025571346282959,RoadOption.STRAIGHT,99.28651428222656,11.650979042053223,1.5776161497143715,2.8,1.2,4.5,3.0,10.0,0.6,0.01,0.06,0.55,0.16,0.2,0.35,1.5,12,10.0,14.0,0.9,1.2,0.6,0.01,0.06,0.65,0.3,0.72,0.005,0.38,0.22,0.01,0.14,1.0,0.28
lqr,ground_truth,curvy,400.0,0.05,0.1,1.0,42.062673941254616,99.1944580078125,2.5565290451049805,18.58453957054951,0.8599048738949335,0.15407309286097712,-0.010624015378598806,0.15407309286097712,0.010624015378598806,0.0018795030191540718,0.0004808626836165786,0.5718908309936523,0.0,19.444444444444443,173,167,4.096507549285889,RoadOption.STRAIGHT,99.27969360351562,12.650954246520996,1.5776161497143715,2.8,1.2,4.5,3.0,10.0,0.6,0.01,0.06,0.55,0.16,0.2,0.35,1.5,12,10.0,14.0,0.9,1.2,0.6,0.01,0.06,0.65,0.3,0.72,0.005,0.38,0.22,0.01,0.14,1.0,0.28
lqr,ground_truth,curvy,400.0,0.05,0.1,1.0,42.112673941999674,99.19886779785156,3.4855315685272217,18.57838084573578,0.8660635987086636,0.14332691564699912,-0.009968345118220867,0.14332691564699912,0.009968345118220867,0.0024439289700239897,0.0005644259508699179,0.5770286321640015,0.0,19.444444444444443,174,168,4.167124271392822,RoadOption.STRAIGHT,99.27287292480469,13.650931358337402,1.5776161497143715,2.8,1.2,4.5,3.0,10.0,0.6,0.01,0.06,0.55,0.16,0.2,0.35,1.5,12,10.0,14.0,0.9,1.2,0.6,0.01,0.06,0.65,0.3,0.72,0.005,0.38,0.22,0.01,0.14,1.0,0.28
lqr,ground_truth,curvy,400.0,0.05,0.1,1.0,42.16267394274473,99.20244598388672,4.4142608642578125,18.573198491921122,0.8712459525233207,0.1334218156651976,-0.009309612222589969,0.1334218156651976,0.009309612222589969,0.002520708367228508,7.677939720451832e-05,0.5789663791656494,0.0,19.444444444444443,175,169,4.238076686859131,RoadOption.STRAIGHT,99.26605224609375,14.650908470153809,1.5776161497143715,2.8,1.2,4.5,3.0,10.0,0.6,0.01,0.06,0.55,0.16,0.2,0.35,1.5,12,10.0,14.0,0.9,1.2,0.6,0.01,0.06,0.65,0.3,0.72,0.005,0.38,0.22,0.01,0.14,1.0,0.28
lqr,ground_truth,curvy,400.0,0.05,0.1,1.0,42.21267394348979,99.20526885986328,5.342784881591797,18.56948668019189,0.874957764252553,0.12426577891167989,-0.008617722971387298,0.12426577891167989,0.008617722971387298,0.002001918852329254,-0.0005187895148992538,0.5794288516044617,0.0,19.444444444444443,176,170,4.3092851638793945,RoadOption.STRAIGHT,99.25923156738281,15.650885581970215,1.5776161497143715,2.8,1.2,4.5,3.0,10.0,0.6,0.01,0.06,0.55,0.16,0.2,0.35,1.5,12,10.0,14.0,0.9,1.2,0.6,0.01,0.06,0.65,0.3,0.72,0.005,0.38,0.22,0.01,0.14,1.0,0.28
lqr,ground_truth,curvy,400.0,0.05,0.1,1.0,42.26267394423485,99.20738983154297,6.271169185638428,18.56706807407908,0.8773763703653614,0.11581258294481475,-0.007945141638087794,0.11581258294481475,0.007945141638087794,0.00138030294328928,-0.0006216159090399742,0.5793281197547913,0.0,19.444444444444443,177,171,4.380676746368408,RoadOption.STRAIGHT,99.25241088867188,16.650863647460938,1.5776161497143715,2.8,1.2,4.5,3.0,10.0,0.6,0.01,0.06,0.55,0.16,0.2,0.35,1.5,12,10.0,14.0,0.9,1.2,0.6,0.01,0.06,0.65,0.3,0.72,0.005,0.38,0.22,0.01,0.14,1.0,0.28
lqr,ground_truth,curvy,400.0,0.05,0.1,1.0,42.312673944979906,99.20891571044922,7.199466228485107,18.565582214706165,0.878862229738278,0.10795506101388122,-0.0073551182985807095,0.10795506101388122,0.0073551182985807095,0.001093749306164682,-0.000286553637124598,0.5791003704071045,0.0,19.444444444444443,178,172,4.4521894454956055,RoadOption.STRAIGHT,99.24559783935547,17.65083885192871,1.5776161497143715,2.8,1.2,4.5,3.0,10.0,0.6,0.01,0.06,0.55,0.16,0.2,0.35,1.5,12,10.0,14.0,0.9,1.2,0.6,0.01,0.06,0.65,0.3,0.72,0.005,0.38,0.22,0.01,0.14,1.0,0.28
lqr,ground_truth,curvy,400.0,0.05,0.1,1.0,42.362673945724964,99.20992279052734,8.127711296081543,18.564701749303484,0.8797426951409584,0.1006166672980328,-0.006863232445243117,0.1006166672980328,0.006863232445243117,0.0011946421582251787,0.00010089285206049681,0.5789021849632263,0.0,19.444444444444443,179,173,4.5237812995910645,RoadOption.STRAIGHT,99.23877716064453,18.650815963745117,1.5776161497143715,2.8,1.2,4.5,3.0,10.0,0.6,0.01,0.06,0.55,0.16,0.2,0.35,1.5,12,10.0,14.0,0.9,1.2,0.6,0.01,0.06,0.65,0.3,0.72,0.005,0.38,0.22,0.01,0.14,1.0,0.28
lqr,ground_truth,curvy,400.0,0.05,0.1,1.0,42.41267394647002,99.2104263305664,9.055926322937012,18.564190242651023,0.8802542017934201,0.09378201979009726,-0.00643326508724984,0.09378201979009726,0.00643326508724984,0.0014014242915436625,0.00020678213331848383,0.5787663459777832,0.0,19.444444444444443,180,174,4.59542989730835,RoadOption.STRAIGHT,99.2319564819336,19.650793075561523,1.5776161497143715,2.8,1.2,4.5,3.0,10.0,0.6,0.01,0.06,0.55,0.16,0.2,0.35,1.5,12,10.0,14.0,0.9,1.2,0.6,0.01,0.06,0.65,0.3,0.72,0.005,0.38,0.22,0.01,0.14,1.0,0.28
lqr,ground_truth,curvy,400.0,0.05,0.1,1.0,42.46267394721508,99.21046447753906,9.984123229980469,18.563899069451683,0.8805453749927601,0.0874128780988491,-0.006019143537742799,0.0874128780988491,0.006019143537742799,0.0014435879420489073,4.216365050524473e-05,0.5786766409873962,0.0,19.444444444444443,181,175,4.667116641998291,RoadOption.STRAIGHT,99.22513580322266,20.65077018737793,1.5776161497143715,2.8,1.2,4.5,3.0,10.0,0.6,0.01,0.06,0.55,0.16,0.2,0.35,1.5,12,10.0,14.0,0.9,1.2,0.6,0.01,0.06,0.65,0.3,0.72,0.005,0.38,0.22,0.01,0.14,1.0,0.28
lqr,ground_truth,curvy,400.0,0.05,0.1,1.0,42.51267394796014,99.21003723144531,10.912311553955078,18.563738299131153,0.8807061453132903,0.08150917718589283,-0.00560142672076358,0.08150917718589283,0.00560142672076358,0.0012513188412413,-0.00019226910080760717,0.5786166191101074,0.0,19.444444444444443,182,176,4.738830089569092,RoadOption.STRAIGHT,99.21831512451172,21.650747299194336,1.5776161497143715,2.8,1.2,4.5,3.0,10.0,0.6,0.01,0.06,0.55,0.16,0.2,0.35,1.5,12,10.0,14.0,0.9,1.2,0.6,0.01,0.06,0.65,0.3,0.72,0.005,0.38,0.22,0.01,0.14,1.0,0.28
lqr,ground_truth,curvy,400.0,0.05,0.1,1.0,42.562673948705196,99.20919036865234,11.840494155883789,18.563649203782933,0.8807952406615094,0.07602512874088684,-0.005195028338417451,0.07602512874088684,0.005195028338417451,0.0009568828390911222,-0.00029443600215017796,0.5785840749740601,0.0,19.444444444444443,183,177,4.810564041137695,RoadOption.STRAIGHT,99.21149444580078,22.65072250366211,1.5776161497143715,2.8,1.2,4.5,3.0,10.0,0.6,0.01,0.06,0.55,0.16,0.2,0.35,1.5,12,10.0,14.0,0.9,1.2,0.6,0.01,0.06,0.65,0.3,0.72,0.005,0.38,0.22,0.01,0.14,1.0,0.28
lqr,ground_truth,curvy,400.0,0.05,0.1,1.0,42.612673949450254,99.20795440673828,12.768672943115234,18.563601550370592,0.8808428940738509,0.07093780608946257,-0.004826979475768489,0.07093780608946257,0.004826979475768489,0.0008324360242113471,-0.00012444681487977505,0.5785629153251648,0.0,19.444444444444443,184,178,4.8823113441467285,RoadOption.STRAIGHT,99.20467376708984,23.650699615478516,1.5776161497143715,2.8,1.2,4.5,3.0,10.0,0.6,0.01,0.06,0.55,0.16,0.2,0.35,1.5,12,10.0,14.0,0.9,1.2,0.6,0.01,0.06,0.65,0.3,0.72,0.005,0.38,0.22,0.01,0.14,1.0,0.28
lqr,ground_truth,curvy,400.0,0.05,0.1,1.0,42.66267395019531,99.2063980102539,13.696852684020996,18.563574397108983,0.8808700473354598,0.0661632878434053,-0.004504337509705358,0.0661632878434053,0.004504337509705358,0.0008250478422269225,-7.388181984424591e-06,0.578554630279541,0.0,19.444444444444443,185,179,4.9540696144104,RoadOption.STRAIGHT,99.1978530883789,24.650676727294922,1.5776161497143715,2.8,1.2,4.5,3.0,10.0,0.6,0.01,0.06,0.55,0.16,0.2,0.35,1.5,12,10.0,14.0,0.9,1.2,0.6,0.01,0.06,0.65,0.3,0.72,0.005,0.38,0.22,0.01,0.14,1.0,0.28
lqr,ground_truth,curvy,400.0,0.05,0.1,1.0,42.71267395094037,99.20450592041016,14.625025749206543,18.563558402313102,0.8808860421313405,0.06172450067708364,-0.004214585583104835,0.06172450067708364,0.004214585583104835,0.0008638329454697669,3.878510324284434e-05,0.5785508155822754,0.0,19.444444444444443,185,180,5.025842666625977,RoadOption.STRAIGHT,99.1978530883789,24.650676727294922,1.5776161497143715,2.8,1.2,4.5,3.0,10.0,0.6,0.01,0.06,0.55,0.16,0.2,0.35,1.5,12,10.0,14.0,0.9,1.2,0.6,0.01,0.06,0.65,0.3,0.72,0.005,0.38,0.22,0.01,0.14,1.0,0.28
lqr,ground_truth,curvy,400.0,0.05,0.1,1.0,42.76267395168543,99.20233154296875,15.55319881439209,18.56354973624753,0.8808947081969123,0.05756890067809675,-0.003940546306935744,0.05756890067809675,0.003940546306935744,0.0008618825231678784,-1.950422301888466e-06,0.5785472393035889,0.0,19.444444444444443,186,180,4.0977020263671875,RoadOption.STRAIGHT,99.1910400390625,25.650653839111328,1.5776161497143715,2.8,1.2,4.5,3.0,10.0,0.6,0.01,0.06,0.55,0.16,0.2,0.35,1.5,12,10.0,14.0,0.9,1.2,0.6,0.01,0.06,0.65,0.3,0.72,0.005,0.38,0.22,0.01,0.14,1.0,0.28
lqr,ground_truth,curvy,400.0,0.05,0.1,1.0,42.81267395243049,99.19985961914062,16.481372833251953,18.56354397713152,0.880900467312923,0.05370992750832794,-0.0036739638818188425,0.05370992750832794,0.0036739638818188425,0.0007777149439789355,-8.416757918894291e-05,0.5785471796989441,0.0,19.444444444444443,187,181,4.1694746017456055,RoadOption.STRAIGHT,99.18421936035156,26.6506290435791,1.5776161497143715,2.8,1.2,4.5,3.0,10.0,0.6,0.01,0.06,0.55,0.16,0.2,0.35,1.5,12,10.0,14.0,0.9,1.2,0.6,0.01,0.06,0.65,0.3,0.72,0.005,0.38,0.22,0.01,0.14,1.0,0.28
lqr,ground_truth,curvy,400.0,0.05,0.1,1.0,42.862673953175545,99.1971206665039,17.4095458984375,18.563540123903046,0.8809043205413971,0.050117983441263586,-0.003419365681607278,0.050117983441263586,0.003419365681607278,0.0006657929043285549,-0.00011192203965038061,0.5785472393035889,0.0,19.444444444444443,188,182,4.241254806518555,RoadOption.STRAIGHT,99.17739868164062,27.650606155395508,1.5776161497143715,2.8,1.2,4.5,3.0,10.0,0.6,0.01,0.06,0.55,0.16,0.2,0.35,1.5,12,10.0,14.0,0.9,1.2,0.6,0.01,0.06,0.65,0.3,0.72,0.005,0.38,0.22,0.01,0.14,1.0,0.28
lqr,ground_truth,curvy,400.0,0.05,0.1,1.0,42.9126739539206,99.19412994384766,18.33772087097168,18.563535805611522,0.8809086388329206,0.04677777752348513,-0.0031834096090261887,0.04677777752348513,0.0031834096090261887,0.00057973712682724,-8.605577750131488e-05,0.5785503387451172,0.0,19.444444444444443,189,183,4.313036918640137,RoadOption.STRAIGHT,99.17057800292969,28.650583267211914,1.5776161497143715,2.8,1.2,4.5,3.0,10.0,0.6,0.01,0.06,0.55,0.16,0.2,0.35,1.5,12,10.0,14.0,0.9,1.2,0.6,0.01,0.06,0.65,0.3,0.72,0.005,0.38,0.22,0.01,0.14,1.0,0.28
lqr,ground_truth,curvy,400.0,0.05,0.1,1.0,42.96267395466566,99.19092559814453,19.265893936157227,18.563538754209503,0.8809056902349397,0.043651215700156794,-0.002970756195983526,0.043651215700156794,0.002970756195983526,0.0005540266283787787,-2.5710498448461294e-05,0.5785398483276367,0.0,19.444444444444443,190,184,4.384827613830566,RoadOption.STRAIGHT,99.16375732421875,29.65056037902832,1.5776161497143715,2.8,1.2,4.5,3.0,10.0,0.6,0.01,0.06,0.55,0.16,0.2,0.35,1.5,12,10.0,14.0,0.9,1.2,0.6,0.01,0.06,0.65,0.3,0.72,0.005,0.38,0.22,0.01,0.14,1.0,0.28
lqr,ground_truth,curvy,400.0,0.05,0.1,1.0,43.01267395541072,99.18751525878906,20.19406509399414,18.563541850449962,0.880902593994481,0.040730655746489056,-0.0027775438588983903,0.040730655746489056,0.0027775438588983903,0.0005320230848155916,-2.2003543563187122e-05,0.5785378217697144,0.0,19.444444444444443,191,185,4.4566240310668945,RoadOption.STRAIGHT,99.15693664550781,30.650537490844727,1.5776161497143715,2.8,1.2,4.5,3.0,10.0,0.6,0.01,0.06,0.55,0.16,0.2,0.35,1.5,12,10.0,14.0,0.9,1.2,0.6,0.01,0.06,0.65,0.3,0.72,0.005,0.38,0.22,0.01,0.14,1.0,0.28
lqr,ground_truth,curvy,400.0,0.05,0.1,1.0,43.06267395615578,99.1839370727539,21.122238159179688,18.5635391454002,0.8809052990442439,0.03798555477868203,-0.002598179959480973,0.03798555477868203,0.002598179959480973,0.0005757603794336319,4.373729461804032e-05,0.578546404838562,0.0,19.444444444444443,192,186,4.528421401977539,RoadOption.STRAIGHT,99.15011596679688,31.650514602661133,1.5776161497143715,2.8,1.2,4.5,3.0,10.0,0.6,0.01,0.06,0.55,0.16,0.2,0.35,1.5,12,10.0,14.0,0.9,1.2,0.6,0.01,0.06,0.65,0.3,0.72,0.005,0.38,0.22,0.01,0.14,1.0,0.28
lqr,ground_truth,curvy,400.0,0.05,0.1,1.0,43.112673956900835,99.18014526367188,22.050411224365234,18.563537202080116,0.8809072423643265,0.035446429665177435,-0.0024242755402990035,0.035446429665177435,0.0024242755402990035,0.0005234759300947189,-5.2284449338912964e-05,0.5785467028617859,0.0,19.444444444444443,193,187,4.600220203399658,RoadOption.STRAIGHT,99.14329528808594,32.650489807128906,1.5776161497143715,2.8,1.2,4.5,3.0,10.0,0.6,0.01,0.06,0.55,0.16,0.2,0.35,1.5,12,10.0,14.0,0.9,1.2,0.6,0.01,0.06,0.65,0.3,0.72,0.005,0.38,0.22,0.01,0.14,1.0,0.28
lqr,ground_truth,curvy,400.0,0.05,0.1,1.0,43.16267395764589,99.17617797851562,22.978586196899414,18.563538268834968,0.8809061756094749,0.03308277654521265,-0.0022560969174607592,0.03308277654521265,0.0022560969174607592,0.0004411958798300475,-8.228005026467144e-05,0.5785424113273621,0.0,19.444444444444443,194,188,4.672020435333252,RoadOption.STRAIGHT,99.136474609375,33.65046691894531,1.5776161497143715,2.8,1.2,4.5,3.0,10.0,0.6,0.01,0.06,0.55,0.16,0.2,0.35,1.5,12,10.0,14.0,0.9,1.2,0.6,0.01,0.06,0.65,0.3,0.72,0.005,0.38,0.22,0.01,0.14,1.0,0.28
lqr,ground_truth,curvy,400.0,0.05,0.1,1.0,43.21267395839095,99.17205047607422,23.90675163269043,18.56354008263797,0.880904361806472,0.030879402022962254,-0.0021001688356365733,0.030879402022962254,0.0021001688356365733,0.0003794192161876708,-6.177666364237666e-05,0.5785404443740845,0.0,19.444444444444443,195,189,4.743832111358643,RoadOption.STRAIGHT,99.1296615600586,34.65044403076172,1.5776161497143715,2.8,1.2,4.5,3.0,10.0,0.6,0.01,0.06,0.55,0.16,0.2,0.35,1.5,12,10.0,14.0,0.9,1.2,0.6,0.01,0.06,0.65,0.3,0.72,0.005,0.38,0.22,0.01,0.14,1.0,0.28
lqr,ground_truth,curvy,400.0,0.05,0.1,1.0,43.26267395913601,99.16779327392578,24.83491325378418,18.56354107974209,0.8809033647023519,0.02880575020694729,-0.001959287613971128,0.02880575020694729,0.001959287613971128,0.00036268934491090477,-1.6729871276766062e-05,0.5785408020019531,0.0,19.444444444444443,196,190,4.815649032592773,RoadOption.STRAIGHT,99.12284088134766,35.650421142578125,1.5776161497143715,2.8,1.2,4.5,3.0,10.0,0.6,0.01,0.06,0.55,0.16,0.2,0.35,1.5,12,10.0,14.0,0.9,1.2,0.6,0.01,0.06,0.65,0.3,0.72,0.005,0.38,0.22,0.01,0.14,1.0,0.28
lqr,ground_truth,curvy,400.0,0.05,0.1,1.0,43.31267395988107,99.16338348388672,25.76307487487793,18.563539964180627,0.8809044802638155,0.02688468273314086,-0.0018318553558112072,0.02688468273314086,0.0018318553558112072,0.0003630233695730567,3.340246621519327e-07,0.578544020652771,0.0,19.444444444444443,197,191,4.887467384338379,RoadOption.STRAIGHT,99.11602020263672,36.650394439697266,1.5776161497143715,2.8,1.2,4.5,3.0,10.0,0.6,0.01,0.06,0.55,0.16,0.2,0.35,1.5,12,10.0,14.0,0.9,1.2,0.6,0.01,0.06,0.65,0.3,0.72,0.005,0.38,0.22,0.01,0.14,1.0,0.28
lqr,ground_truth,curvy,400.0,0.05,0.1,1.0,43.362673960626125,99.15884399414062,26.69123649597168,18.563540653423225,0.8809037910212183,0.025093311950211673,-0.0017129452131392497,0.025093311950211673,0.0017129452131392497,0.00035710225347429514,-5.9211160987615585e-06,0.5785414576530457,0.0,19.444444444444443,198,192,4.959286212921143,RoadOption.STRAIGHT,99.10919952392578,37.65037155151367,1.5776161497143715,2.8,1.2,4.5,3.0,10.0,0.6,0.01,0.06,0.55,0.16,0.2,0.35,1.5,12,10.0,14.0,0.9,1.2,0.6,0.01,0.06,0.65,0.3,0.72,0.005,0.38,0.22,0.01,0.14,1.0,0.28
lqr,ground_truth,curvy,400.0,0.05,0.1,1.0,43.41267396137118,99.15419006347656,27.61939811706543,18.56353912600233,0.8809053184421138,0.02341636641625979,-0.0015996277087557687,0.02341636641625979,0.0015996277087557687,0.0003353589272592217,-2.1743326215073466e-05,0.5785450339317322,0.0,19.444444444444443,198,193,5.03110408782959,RoadOption.STRAIGHT,99.10919952392578,37.65037155151367,1.5776161497143715,2.8,1.2,4.5,3.0,10.0,0.6,0.01,0.06,0.55,0.16,0.2,0.35,1.5,12,10.0,14.0,0.9,1.2,0.6,0.01,0.06,0.65,0.3,0.72,0.005,0.38,0.22,0.01,0.14,1.0,0.28
lqr,ground_truth,curvy,400.0,0.05,0.1,1.0,43.46267396211624,99.14942932128906,28.547563552856445,18.563538923320934,0.8809055211235091,0.02184712304842381,-0.0014909707362811275,0.02184712304842381,0.0014909707362811275,0.0003001958830282092,-3.5163044231012464e-05,0.5785435438156128,0.0,19.444444444444443,199,193,4.102931499481201,RoadOption.STRAIGHT,99.10237884521484,38.65034866333008,1.5776161497143715,2.8,1.2,4.5,3.0,10.0,0.6,0.01,0.06,0.55,0.16,0.2,0.35,1.5,12,10.0,14.0,0.9,1.2,0.6,0.01,0.06,0.65,0.3,0.72,0.005,0.38,0.22,0.01,0.14,1.0,0.28
lqr,ground_truth,curvy,400.0,0.05,0.1,1.0,43.5126739628613,99.14456939697266,29.475725173950195,18.563537952773903,0.8809064916705402,0.020376179384132533,-0.0013892379826399015,0.020376179384132533,0.0013892379826399015,0.00024488766212016344,-5.530822090804577e-05,0.5785450339317322,0.0,19.444444444444443,200,194,4.174749851226807,RoadOption.STRAIGHT,99.0955581665039,39.650325775146484,1.5776161497143715,2.8,1.2,4.5,3.0,10.0,0.6,0.01,0.06,0.55,0.16,0.2,0.35,1.5,12,10.0,14.0,0.9,1.2,0.6,0.01,0.06,0.65,0.3,0.72,0.005,0.38,0.22,0.01,0.14,1.0,0.28
lqr,ground_truth,curvy,400.0,0.05,0.1,1.0,43.56267396360636,99.13959503173828,30.403886795043945,18.56353966962107,0.8809047748233745,0.019027303193608076,-0.0012969594508684956,0.019027303193608076,0.0012969594508684956,0.00026360122137703,1.8713559256866574e-05,0.5785408020019531,0.0,19.444444444444443,201,195,4.246569633483887,RoadOption.STRAIGHT,99.08873748779297,40.65030288696289,1.5776161497143715,2.8,1.2,4.5,3.0,10.0,0.6,0.01,0.06,0.55,0.16,0.2,0.35,1.5,12,10.0,14.0,0.9,1.2,0.6,0.01,0.06,0.65,0.3,0.72,0.005,0.38,0.22,0.01,0.14,1.0,0.28
lqr,ground_truth,curvy,400.0,0.05,0.1,1.0,43.612673964351416,99.13453674316406,31.332048416137695,18.563539814788438,0.8809046296560048,0.01775471917418788,-0.0012114719798770324,0.01775471917418788,0.0012114719798770324,0.0002511954226065427,-1.2405798770487309e-05,0.5785425901412964,0.0,19.444444444444443,202,196,4.318388938903809,RoadOption.STRAIGHT,99.08191680908203,41.6502799987793,1.5776161497143715,2.8,1.2,4.5,3.0,10.0,0.6,0.01,0.06,0.55,0.16,0.2,0.35,1.5,12,10.0,14.0,0.9,1.2,0.6,0.01,0.06,0.65,0.3,0.72,0.005,0.38,0.22,0.01,0.14,1.0,0.28
lqr,ground_truth,curvy,400.0,0.05,0.1,1.0,43.662673965096474,99.12939453125,32.26020812988281,18.563539476456587,0.8809049679878562,0.01656604353530329,-0.0011302455666295508,0.01656604353530329,0.0011302455666295508,0.0002304097724845633,-2.0785650121979415e-05,0.5785433650016785,0.0,19.444444444444443,203,197,4.390207290649414,RoadOption.STRAIGHT,99.07510375976562,42.6502571105957,1.5776161497143715,2.8,1.2,4.5,3.0,10.0,0.6,0.01,0.06,0.55,0.16,0.2,0.35,1.5,12,10.0,14.0,0.9,1.2,0.6,0.01,0.06,0.65,0.3,0.72,0.005,0.38,0.22,0.01,0.14,1.0,0.28
lqr,ground_truth,curvy,400.0,0.05,0.1,1.0,43.71267396584153,99.1241683959961,33.18836975097656,18.563542347139187,0.8809020973052561,0.015461302292312478,-0.0010534133691808556,0.015461302292312478,0.0010534133691808556,0.0002048137685051188,-2.5596003979444504e-05,0.5785378217697144,0.0,19.444444444444443,204,198,4.462027072906494,RoadOption.STRAIGHT,99.06828308105469,43.65023422241211,1.5776161497143715,2.8,1.2,4.5,3.0,10.0,0.6,0.01,0.06,0.55,0.16,0.2,0.35,1.5,12,10.0,14.0,0.9,1.2,0.6,0.01,0.06,0.65,0.3,0.72,0.005,0.38,0.22,0.01,0.14,1.0,0.28
lqr,ground_truth,curvy,400.0,0.05,0.1,1.0,43.76267396658659,99.11886596679688,34.11653137207031,18.563544561984216,0.880899882460227,0.01443285322042593,-0.0009825732841846069,0.01443285322042593,0.0009825732841846069,0.0001866752136265859,-1.8138554878532887e-05,0.5785372853279114,0.0,19.444444444444443,205,199,4.533847808837891,RoadOption.STRAIGHT,99.06146240234375,44.65020751953125,1.5776161497143715,2.8,1.2,4.5,3.0,10.0,0.6,0.01,0.06,0.55,0.16,0.2,0.35,1.5,12,10.0,14.0,0.9,1.2,0.6,0.01,0.06,0.65,0.3,0.72,0.005,0.38,0.22,0.01,0.14,1.0,0.28
lqr,ground_truth,curvy,400.0,0.05,0.1,1.0,43.81267396733165,99.1135025024414,35.04469299316406,18.563546289374752,0.8808981550696906,0.013465437885422798,-0.000917192679423362,0.013465437885422798,0.000917192679423362,0.00017839964129962027,-8.27557232696563e-06,0.5785368084907532,0.0,19.444444444444443,206,200,4.605668067932129,RoadOption.STRAIGHT,99.05464172363281,45.650184631347656,1.5776161497143715,2.8,1.2,4.5,3.0,10.0,0.6,0.01,0.06,0.55,0.16,0.2,0.35,1.5,12,10.0,14.0,0.9,1.2,0.6,0.01,0.06,0.65,0.3,0.72,0.005,0.38,0.22,0.01,0.14,1.0,0.28
lqr,ground_truth,curvy,400.0,0.05,0.1,1.0,43.862673968076706,99.10807037353516,35.97285461425781,18.56354389643246,0.8809005480119829,0.012566685504413498,-0.0008566057646239855,0.012566685504413498,0.0008566057646239855,0.00017099062097258866,-7.409020327031612e-06,0.5785431861877441,0.0,19.444444444444443,207,201,4.677488803863525,RoadOption.STRAIGHT,99.04782104492188,46.65016174316406,1.5776161497143715,2.8,1.2,4.5,3.0,10.0,0.6,0.01,0.06,0.55,0.16,0.2,0.35,1.5,12,10.0,14.0,0.9,1.2,0.6,0.01,0.06,0.65,0.3,0.72,0.005,0.38,0.22,0.01,0.14,1.0,0.28
lqr,ground_truth,curvy,400.0,0.05,0.1,1.0,43.912673968821764,99.10258483886719,36.90101623535156,18.56354498575666,0.8808994586877823,0.011721337643177183,-0.0007996141172963434,0.011721337643177183,0.0007996141172963434,0.00013769195356871933,-3.329866740386933e-05,0.5785383582115173,0.0,19.444444444444443,208,202,4.749309062957764,RoadOption.STRAIGHT,99.04100036621094,47.65013885498047,1.5776161497143715,2.8,1.2,4.5,3.0,10.0,0.6,0.01,0.06,0.55,0.16,0.2,0.35,1.5,12,10.0,14.0,0.9,1.2,0.6,0.01,0.06,0.65,0.3,0.72,0.005,0.38,0.22,0.01,0.14,1.0,0.28
lqr,ground_truth,curvy,400.0,0.05,0.1,1.0,43.96267396956682,99.09703826904297,37.82917785644531,18.563545191247076,0.8808992531973665,0.010944652735934705,-0.000748481424366787,0.010944652735934705,0.000748481424366787,0.00017276853031944484,3.507657675072551e-05,0.5785393118858337,0.0,19.444444444444443,209,203,4.821129322052002,RoadOption.STRAIGHT,99.0341796875,48.650115966796875,1.5776161497143715,2.8,1.2,4.5,3.0,10.0,0.6,0.01,0.06,0.55,0.16,0.2,0.35,1.5,12,10.0,14.0,0.9,1.2,0.6,0.01,0.06,0.65,0.3,0.72,0.005,0.38,0.22,0.01,0.14,1.0,0.28
lqr,ground_truth,curvy,400.0,0.05,0.1,1.0,44.01267397031188,99.0914306640625,38.75733947753906,18.563544148383723,0.8809002960607195,0.010221372348465211,-0.0006985471539278088,0.010221372348465211,0.0006985471539278088,0.00015286781126633286,-1.990071905311197e-05,0.5785414576530457,0.0,19.444444444444443,210,204,4.892950057983398,RoadOption.STRAIGHT,99.0273666381836,49.65009307861328,1.5776161497143715,2.8,1.2,4.5,3.0,10.0,0.6,0.01,0.06,0.55,0.16,0.2,0.35,1.5,12,10.0,14.0,0.9,1.2,0.6,0.01,0.06,0.65,0.3,0.72,0.005,0.38,0.22,0.01,0.14,1.0,0.28
lqr,ground_truth,curvy,400.0,0.05,0.1,1.0,44.06267397105694,99.0857925415039,39.68550109863281,18.563544308881777,0.8809001355626656,0.009528582814079242,-0.0006496781479246039,0.009528582814079242,0.0006496781479246039,0.0001295032852794975,-2.336452598683536e-05,0.5785399079322815,0.0,19.444444444444443,211,205,4.964766502380371,RoadOption.STRAIGHT,99.02054595947266,50.65007019042969,1.5776161497143715,2.8,1.2,4.5,3.0,10.0,0.6,0.01,0.06,0.55,0.16,0.2,0.35,1.5,12,10.0,14.0,0.9,1.2,0.6,0.01,0.06,0.65,0.3,0.72,0.005,0.38,0.22,0.01,0.14,1.0,0.28
lqr,ground_truth,curvy,400.0,0.05,0.1,1.0,44.112673971801996,99.08009338378906,40.61366271972656,18.563543853412718,0.8809005910317254,0.008896853031934868,-0.0006045375674479381,0.008896853031934868,0.0006045375674479381,0.00010767255298560485,-2.1830732293892652e-05,0.5785409212112427,0.0,19.444444444444443,211,206,5.036586761474609,RoadOption.STRAIGHT,99.02054595947266,50.65007019042969,1.5776161497143715,2.8,1.2,4.5,3.0,10.0,0.6,0.01,0.06,0.55,0.16,0.2,0.35,1.5,12,10.0,14.0,0.9,1.2,0.6,0.01,0.06,0.65,0.3,0.72,0.005,0.38,0.22,0.01,0.14,1.0,0.28
lqr,ground_truth,curvy,400.0,0.05,0.1,1.0,44.162673972547054,99.07435607910156,41.54181671142578,18.56354287254871,0.880901571895734,0.008304227500307997,-0.0005637912027696146,0.008304227500307997,0.0005637912027696146,9.985959331970662e-05,-7.812959665898234e-06,0.5785421133041382,0.0,19.444444444444443,212,206,4.108415603637695,RoadOption.STRAIGHT,99.01372528076172,51.650047302246094,1.5776161497143715,2.8,1.2,4.5,3.0,10.0,0.6,0.01,0.06,0.55,0.16,0.2,0.35,1.5,12,10.0,14.0,0.9,1.2,0.6,0.01,0.06,0.65,0.3,0.72,0.005,0.38,0.22,0.01,0.14,1.0,0.28
lqr,ground_truth,curvy,400.0,0.05,0.1,1.0,44.21267397329211,99.06857299804688,42.46996307373047,18.563541649860294,0.8809027945841486,0.00775652316781103,-0.0005274390538900775,0.00775652316781103,0.0005274390538900775,0.00010039208427770063,5.32490957994014e-07,0.5785431265830994,0.0,19.444444444444443,213,207,4.180250644683838,RoadOption.STRAIGHT,99.00690460205078,52.6500244140625,1.5776161497143715,2.8,1.2,4.5,3.0,10.0,0.6,0.01,0.06,0.55,0.16,0.2,0.35,1.5,12,10.0,14.0,0.9,1.2,0.6,0.01,0.06,0.65,0.3,0.72,0.005,0.38,0.22,0.01,0.14,1.0,0.28
lqr,ground_truth,curvy,400.0,0.05,0.1,1.0,44.26267397403717,99.06277465820312,43.39811325073242,18.563538402275984,0.8809060421684585,0.0072240512541767304,-0.0004937500661004179,0.0072240512541767304,0.0004937500661004179,0.00010862419730983675,8.232113032136112e-06,0.5785475373268127,0.0,19.444444444444443,214,208,4.252081871032715,RoadOption.STRAIGHT,99.00008392333984,53.64999771118164,-4.705568624832996,2.8,1.2,4.5,3.0,10.0,0.6,0.01,0.06,0.55,0.16,0.2,0.35,1.5,12,10.0,14.0,0.9,1.2,0.6,0.01,0.06,0.65,0.3,0.72,0.005,0.38,0.22,0.01,0.14,1.0,0.28
lqr,ground_truth,curvy,400.0,0.05,0.1,1.0,44.31267397478223,99.05692291259766,44.326263427734375,18.563537084641553,0.8809073598028903,0.006744983860315423,-0.0004607268685834498,0.006744983860315423,0.0004607268685834498,7.272641232702881e-05,-3.5897784982807934e-05,0.5785459876060486,0.0,19.444444444444443,215,209,4.323912620544434,RoadOption.STRAIGHT,98.9932632446289,54.64997482299805,-4.705568624832996,2.8,1.2,4.5,3.0,10.0,0.6,0.01,0.06,0.55,0.16,0.2,0.35,1.5,12,10.0,14.0,0.9,1.2,0.6,0.01,0.06,0.65,0.3,0.72,0.005,0.38,0.22,0.01,0.14,1.0,0.28
lqr,ground_truth,curvy,400.0,0.05,0.1,1.0,44.36267397552729,99.05104064941406,45.25441360473633,18.563540497744114,0.8809039467003288,0.006304062552006242,-0.0004315652546473814,0.006304062552006242,0.0004315652546473814,0.00010635315265972167,3.362674033269286e-05,0.5785382986068726,0.0,19.444444444444443,216,210,4.3957438468933105,RoadOption.STRAIGHT,98.98644256591797,55.64995193481445,-4.705568624832996,2.8,1.2,4.5,3.0,10.0,0.6,0.01,0.06,0.55,0.16,0.2,0.35,1.5,12,10.0,14.0,0.9,1.2,0.6,0.01,0.06,0.65,0.3,0.72,0.005,0.38,0.22,0.01,0.14,1.0,0.28
lqr,ground_truth,curvy,400.0,0.05,0.1,1.0,44.412673976272345,99.0451431274414,46.18256378173828,18.56353892763927,0.8809055168051714,0.005870770460807494,-0.0004025367987656736,0.005870770460807494,0.0004025367987656736,9.722900722408667e-05,-9.124145435635e-06,0.5785452127456665,0.0,19.444444444444443,217,211,4.467574596405029,RoadOption.STRAIGHT,98.97962188720703,56.64992904663086,-4.705568624832996,2.8,1.2,4.5,3.0,10.0,0.6,0.01,0.06,0.55,0.16,0.2,0.35,1.5,12,10.0,14.0,0.9,1.2,0.6,0.01,0.06,0.65,0.3,0.72,0.005,0.38,0.22,0.01,0.14,1.0,0.28
lqr,ground_truth,curvy,400.0,0.05,0.1,1.0,44.4626739770174,99.03919982910156,47.11071014404297,18.563536940940406,0.8809075035040372,0.005483279687629478,-0.00037297571066563506,0.005483279687629478,0.00037297571066563506,6.956528523005545e-05,-2.766372199403122e-05,0.5785468816757202,0.0,19.444444444444443,218,212,4.539409160614014,RoadOption.STRAIGHT,98.97280883789062,57.649906158447266,-4.705568624832996,2.8,1.2,4.5,3.0,10.0,0.6,0.01,0.06,0.55,0.16,0.2,0.35,1.5,12,10.0,14.0,0.9,1.2,0.6,0.01,0.06,0.65,0.3,0.72,0.005,0.38,0.22,0.01,0.14,1.0,0.28
lqr,ground_truth,curvy,400.0,0.05,0.1,1.0,44.51267397776246,99.03324127197266,48.03886032104492,18.563539970890456,0.8809044735539864,0.0051110213333141336,-0.00034647725781944416,0.0051110213333141336,0.00034647725781944416,5.747541945311241e-05,-1.2089865776943043e-05,0.5785390734672546,0.0,19.444444444444443,219,213,4.611239910125732,RoadOption.STRAIGHT,98.96598815917969,58.64988327026367,-4.705568624832996,2.8,1.2,4.5,3.0,10.0,0.6,0.01,0.06,0.55,0.16,0.2,0.35,1.5,12,10.0,14.0,0.9,1.2,0.6,0.01,0.06,0.65,0.3,0.72,0.005,0.38,0.22,0.01,0.14,1.0,0.28
lqr,ground_truth,curvy,400.0,0.05,0.1,1.0,44.56267397850752,99.0272445678711,48.967010498046875,18.56354273523126,0.8809017092131839,0.004779377399715151,-0.00032397354660851363,0.004779377399715151,0.00032397354660851363,5.475204307003878e-05,-2.723376383073628e-06,0.5785377025604248,0.0,19.444444444444443,220,214,4.683066368103027,RoadOption.STRAIGHT,98.95916748046875,59.64986038208008,-4.705568624832996,2.8,1.2,4.5,3.0,10.0,0.6,0.01,0.06,0.55,0.16,0.2,0.35,1.5,12,10.0,14.0,0.9,1.2,0.6,0.01,0.06,0.65,0.3,0.72,0.005,0.38,0.22,0.01,0.14,1.0,0.28
lqr,ground_truth,curvy,400.0,0.05,0.1,1.0,44.61267397925258,99.021240234375,49.89516067504883,18.563543496972596,0.8809009474718472,0.0044529326074777,-0.00030360036426912984,0.0044529326074777,0.00030360036426912984,6.28273410256952e-05,8.075297955656424e-06,0.5785396695137024,0.0,19.444444444444443,221,215,4.754896640777588,RoadOption.STRAIGHT,98.95234680175781,60.649837493896484,-4.705568624832996,2.8,1.2,4.5,3.0,10.0,0.6,0.01,0.06,0.55,0.16,0.2,0.35,1.5,12,10.0,14.0,0.9,1.2,0.6,0.01,0.06,0.65,0.3,0.72,0.005,0.38,0.22,0.01,0.14,1.0,0.28
lqr,ground_truth,curvy,400.0,0.05,0.1,1.0,44.662673979997635,99.01520538330078,50.82331085205078,18.563538623826965,0.8809058206174782,0.004157004683571105,-0.00028415928831293513,0.004157004683571105,0.00028415928831293513,6.265920819714665e-05,-1.681328285485506e-07,0.578549325466156,0.0,19.444444444444443,222,216,4.826727390289307,RoadOption.STRAIGHT,98.94552612304688,61.64981460571289,-4.705568624832996,2.8,1.2,4.5,3.0,10.0,0.6,0.01,0.06,0.55,0.16,0.2,0.35,1.5,12,10.0,14.0,0.9,1.2,0.6,0.01,0.06,0.65,0.3,0.72,0.005,0.38,0.22,0.01,0.14,1.0,0.28
lqr,ground_truth,curvy,400.0,0.05,0.1,1.0,44.71267398074269,99.0091552734375,51.75145721435547,18.563539333490755,0.8809051109536874,0.003876361211219887,-0.00026498452846368536,0.003876361211219887,0.00026498452846368536,3.178037150064483e-05,-3.087883669650182e-05,0.5785422325134277,0.0,19.444444444444443,223,217,4.898561000823975,RoadOption.STRAIGHT,98.93870544433594,62.6497917175293,-4.705568624832996,2.8,1.2,4.5,3.0,10.0,0.6,0.01,0.06,0.55,0.16,0.2,0.35,1.5,12,10.0,14.0,0.9,1.2,0.6,0.01,0.06,0.65,0.3,0.72,0.005,0.38,0.22,0.01,0.14,1.0,0.28
lqr,ground_truth,curvy,400.0,0.05,0.1,1.0,44.76267398148775,99.00308990478516,52.67960739135742,18.563541123218375,0.880903321226068,0.0036185793727268496,-0.0002488724038691714,0.0036185793727268496,0.0002488724038691714,7.192333578132093e-05,4.01429642806761e-05,0.5785398483276367,0.0,19.444444444444443,224,218,4.970391750335693,RoadOption.STRAIGHT,98.93189239501953,63.6497688293457,-4.705568624832996,2.8,1.2,4.5,3.0,10.0,0.6,0.01,0.06,0.55,0.16,0.2,0.35,1.5,12,10.0,14.0,0.9,1.2,0.6,0.01,0.06,0.65,0.3,0.72,0.005,0.38,0.22,0.01,0.14,1.0,0.28
lqr,ground_truth,curvy,400.0,0.05,0.1,1.0,44.81267398223281,98.99700164794922,53.607757568359375,18.56354386544248,0.8809005790019633,0.0033760559683992386,-0.00023222764705543852,0.0033760559683992386,0.00023222764705543852,6.16209363215603e-05,-1.0302399459760636e-05,0.5785370469093323,0.0,19.444444444444443,224,219,5.042221546173096,RoadOption.STRAIGHT,98.93189239501953,63.6497688293457,-4.705568624832996,2.8,1.2,4.5,3.0,10.0,0.6,0.01,0.06,0.55,0.16,0.2,0.35,1.5,12,10.0,14.0,0.9,1.2,0.6,0.01,0.06,0.65,0.3,0.72,0.005,0.38,0.22,0.01,0.14,1.0,0.28
lqr,ground_truth,curvy,400.0,0.05,0.1,1.0,44.86267398297787,98.99090576171875,54.53590774536133,18.563544258349616,0.8809001860948271,0.003141535282986156,-0.00021425130969632278,0.003141535282986156,0.00021425130969632278,4.2678115278249606e-05,-1.8942821043310687e-05,0.5785396695137024,0.0,19.444444444444443,225,219,4.114051818847656,RoadOption.STRAIGHT,98.9250717163086,64.64974212646484,-4.705568624832996,2.8,1.2,4.5,3.0,10.0,0.6,0.01,0.06,0.55,0.16,0.2,0.35,1.5,12,10.0,14.0,0.9,1.2,0.6,0.01,0.06,0.65,0.3,0.72,0.005,0.38,0.22,0.01,0.14,1.0,0.28
lqr,ground_truth,curvy,400.0,0.05,0.1,1.0,44.912673983722925,98.98477935791016,55.46405792236328,18.56354607877012,0.880898365674323,0.002937157964072099,-0.00019800602704833636,0.002937157964072099,0.00019800602704833636,2.5700994228827767e-05,-1.697712104942184e-05,0.5785368084907532,0.0,19.444444444444443,226,220,4.1858811378479,RoadOption.STRAIGHT,98.91825103759766,65.64971923828125,-4.705568624832996,2.8,1.2,4.5,3.0,10.0,0.6,0.01,0.06,0.55,0.16,0.2,0.35,1.5,12,10.0,14.0,0.9,1.2,0.6,0.01,0.06,0.65,0.3,0.72,0.005,0.38,0.22,0.01,0.14,1.0,0.28
lqr,ground_truth,curvy,400.0,0.05,0.1,1.0,44.96267398446798,98.9786376953125,56.39220428466797,18.563545632732996,0.8808988117114467,0.0027480650967134333,-0.00018429074743409046,0.0027480650967134333,0.00018429074743409046,2.1413268768810667e-05,-4.2877254600171e-06,0.5785398483276367,0.0,19.444444444444443,227,221,4.257714748382568,RoadOption.STRAIGHT,98.91143035888672,66.64969635009766,-4.705568624832996,2.8,1.2,4.5,3.0,10.0,0.6,0.01,0.06,0.55,0.16,0.2,0.35,1.5,12,10.0,14.0,0.9,1.2,0.6,0.01,0.06,0.65,0.3,0.72,0.005,0.38,0.22,0.01,0.14,1.0,0.28
lqr,ground_truth,curvy,400.0,0.05,0.1,1.0,45.01267398521304,98.97248840332031,57.32035446166992,18.5635412910242,0.8809031534202418,0.0025665754290475178,-0.00017323862891061026,0.0025665754290475178,0.00017323862891061026,3.0042085199966095e-05,8.628816431155428e-06,0.5785471200942993,0.0,19.444444444444443,228,222,4.329544544219971,RoadOption.STRAIGHT,98.90460968017578,67.64967346191406,-4.705568624832996,2.8,1.2,4.5,3.0,10.0,0.6,0.01,0.06,0.55,0.16,0.2,0.35,1.5,12,10.0,14.0,0.9,1.2,0.6,0.01,0.06,0.65,0.3,0.72,0.005,0.38,0.22,0.01,0.14,1.0,0.28
lqr,ground_truth,curvy,400.0,0.05,0.1,1.0,45.0626739859581,98.96633911132812,58.248504638671875,18.56354091220872,0.8809035322357239,0.0023850857613815953,-0.0001640507231499555,0.0023850857613815953,0.0001640507231499555,2.0059804228367284e-05,-9.982280971598811e-06,0.5785425901412964,0.0,19.444444444444443,229,223,4.401374340057373,RoadOption.STRAIGHT,98.89778900146484,68.64965057373047,-4.705568624832996,2.8,1.2,4.5,3.0,10.0,0.6,0.01,0.06,0.55,0.16,0.2,0.35,1.5,12,10.0,14.0,0.9,1.2,0.6,0.01,0.06,0.65,0.3,0.72,0.005,0.38,0.22,0.01,0.14,1.0,0.28
lqr,ground_truth,curvy,400.0,0.05,0.1,1.0,45.11267398670316,98.96018981933594,59.17665481567383,18.563542076956576,0.8809023674878667,0.0022112253107983877,-0.00015579492377071347,0.0022112253107983877,0.00015579492377071347,7.153818296501413e-05,5.1478378736646846e-05,0.578540027141571,0.0,19.444444444444443,230,224,4.473204135894775,RoadOption.STRAIGHT,98.8909683227539,69.64962768554688,-4.705568624832996,2.8,1.2,4.5,3.0,10.0,0.6,0.01,0.06,0.55,0.16,0.2,0.35,1.5,12,10.0,14.0,0.9,1.2,0.6,0.01,0.06,0.65,0.3,0.72,0.005,0.38,0.22,0.01,0.14,1.0,0.28
lqr,ground_truth,curvy,400.0,0.05,0.1,1.0,45.162673987448215,98.95399475097656,60.10480499267578,18.56354440694014,0.8809000375043041,0.00207548492823878,-0.0001442101730280143,0.00207548492823878,0.0001442101730280143,4.63538417534437e-05,-2.5184341211570427e-05,0.5785372257232666,0.0,19.444444444444443,231,225,4.545029640197754,RoadOption.STRAIGHT,98.88414764404297,70.64960479736328,-4.705568624832996,2.8,1.2,4.5,3.0,10.0,0.6,0.01,0.06,0.55,0.16,0.2,0.35,1.5,12,10.0,14.0,0.9,1.2,0.6,0.01,0.06,0.65,0.3,0.72,0.005,0.38,0.22,0.01,0.14,1.0,0.28
lqr,ground_truth,curvy,400.0,0.05,0.1,1.0,45.21267398819327,98.94779205322266,61.03295135498047,18.56354591497438,0.8808985294700626,0.001947425797541813,-0.0001307612095224897,0.001947425797541813,0.0001307612095224897,1.2283366231713444e-05,-3.407047552173026e-05,0.5785372853279114,0.0,19.444444444444443,232,226,4.616862773895264,RoadOption.STRAIGHT,98.87732696533203,71.64958190917969,-4.705568624832996,2.8,1.2,4.5,3.0,10.0,0.6,0.01,0.06,0.55,0.16,0.2,0.35,1.5,12,10.0,14.0,0.9,1.2,0.6,0.01,0.06,0.65,0.3,0.72,0.005,0.38,0.22,0.01,0.14,1.0,0.28
lqr,ground_truth,curvy,400.0,0.05,0.1,1.0,45.26267398893833,98.94159698486328,61.96110153198242,18.563544764585064,0.8808996798593789,0.001811711432372163,-0.00011957593294553703,0.001811711432372163,0.00011957593294553703,1.7072582068067277e-06,-1.0576108024906716e-05,0.5785411596298218,0.0,19.444444444444443,233,227,4.688692092895508,RoadOption.STRAIGHT,98.87051391601562,72.6495590209961,-4.705568624832996,2.8,1.2,4.5,3.0,10.0,0.6,0.01,0.06,0.55,0.16,0.2,0.35,1.5,12,10.0,14.0,0.9,1.2,0.6,0.01,0.06,0.65,0.3,0.72,0.005,0.38,0.22,0.01,0.14,1.0,0.28
lqr,ground_truth,curvy,400.0,0.05,0.1,1.0,45.31267398968339,98.9354019165039,62.889251708984375,18.563545410905867,0.8808990335385758,0.0016759970672025198,-0.00011278487216515032,0.0016759970672025198,0.00011278487216515032,1.7729315004544333e-05,1.6022056797737605e-05,0.5785386562347412,0.0,19.444444444444443,234,228,4.76052188873291,RoadOption.STRAIGHT,98.86369323730469,73.6495361328125,-4.705568624832996,2.8,1.2,4.5,3.0,10.0,0.6,0.01,0.06,0.55,0.16,0.2,0.35,1.5,12,10.0,14.0,0.9,1.2,0.6,0.01,0.06,0.65,0.3,0.72,0.005,0.38,0.22,0.01,0.14,1.0,0.28
lqr,ground_truth,curvy,400.0,0.05,0.1,1.0,45.36267399042845,98.92919921875,63.81740188598633,18.563540741486655,0.880903702957788,0.0015479119191155882,-0.00010705907582142515,0.0015479119191155882,0.00010705907582142515,3.4196982596768066e-05,1.6467667592223734e-05,0.5785478353500366,0.0,19.444444444444443,235,229,4.832351207733154,RoadOption.STRAIGHT,98.85687255859375,74.6495132446289,-4.705568624832996,2.8,1.2,4.5,3.0,10.0,0.6,0.01,0.06,0.55,0.16,0.2,0.35,1.5,12,10.0,14.0,0.9,1.2,0.6,0.01,0.06,0.65,0.3,0.72,0.005,0.38,0.22,0.01,0.14,1.0,0.28
lqr,ground_truth,curvy,400.0,0.05,0.1,1.0,45.412673991173506,98.92296600341797,64.74555206298828,18.563540164729375,0.8809042797150681,0.0014503436393594957,-9.986854087884467e-05,0.0014503436393594957,9.986854087884467e-05,2.7785827114712447e-05,-6.411155482055619e-06,0.5785432457923889,0.0,19.444444444444443,236,230,4.904180526733398,RoadOption.STRAIGHT,98.85005187988281,75.64949035644531,-4.705568624832996,2.8,1.2,4.5,3.0,10.0,0.6,0.01,0.06,0.55,0.16,0.2,0.35,1.5,12,10.0,14.0,0.9,1.2,0.6,0.01,0.06,0.65,0.3,0.72,0.005,0.38,0.22,0.01,0.14,1.0,0.28
lqr,ground_truth,curvy,400.0,0.05,0.1,1.0,45.462673991918564,98.91671752929688,65.67369842529297,18.56354120566203,0.8809032387824125,0.0013680598111588047,-9.241168982576653e-05,0.0013680598111588047,9.241168982576653e-05,1.3947548723081127e-05,-1.383827839163132e-05,0.5785406827926636,0.0,19.444444444444443,237,231,4.97601318359375,RoadOption.STRAIGHT,98.84323120117188,76.64946746826172,-4.705568624832996,2.8,1.2,4.5,3.0,10.0,0.6,0.01,0.06,0.55,0.16,0.2,0.35,1.5,12,10.0,14.0,0.9,1.2,0.6,0.01,0.06,0.65,0.3,0.72,0.005,0.38,0.22,0.01,0.14,1.0,0.28
lqr,ground_truth,curvy,400.0,0.05,0.1,1.0,45.51267399266362,98.91046905517578,66.60185241699219,18.56354188757066,0.8809025568737816,0.0012857239481781774,-8.548747099190734e-05,0.0012857239481781774,8.548747099190734e-05,-1.9322529624332674e-05,-3.32700783474138e-05,0.5785407423973083,0.0,19.444444444444443,237,232,5.0478386878967285,RoadOption.STRAIGHT,98.84323120117188,76.64946746826172,-4.705568624832996,2.8,1.2,4.5,3.0,10.0,0.6,0.01,0.06,0.55,0.16,0.2,0.35,1.5,12,10.0,14.0,0.9,1.2,0.6,0.01,0.06,0.65,0.3,0.72,0.005,0.38,0.22,0.01,0.14,1.0,0.28
lqr,ground_truth,curvy,400.0,0.05,0.1,1.0,45.56267399340868,98.90421295166016,67.52999877929688,18.56354180106132,0.8809026433831235,0.001211442838892008,-8.2824309902918e-05,0.001211442838892008,8.2824309902918e-05,-1.9285051166662015e-05,3.747845767065883e-08,0.5785416960716248,0.0,19.444444444444443,238,232,4.11967134475708,RoadOption.STRAIGHT,98.83641052246094,77.6494369506836,-4.705568624832996,2.8,1.2,4.5,3.0,10.0,0.6,0.01,0.06,0.55,0.16,0.2,0.35,1.5,12,10.0,14.0,0.9,1.2,0.6,0.01,0.06,0.65,0.3,0.72,0.005,0.38,0.22,0.01,0.14,1.0,0.28
lqr,ground_truth,curvy,400.0,0.05,0.1,1.0,45.61267399415374,98.89796447753906,68.45814514160156,18.563541792841896,0.8809026516025469,0.0011367882277740216,-8.2824309902918e-05,0.0011367882277740216,8.2824309902918e-05,5.2935352869099006e-05,7.222040403576102e-05,0.5785415768623352,0.0,19.444444444444443,239,233,4.19150447845459,RoadOption.STRAIGHT,98.82958984375,78.6494140625,-4.705568624832996,2.8,1.2,4.5,3.0,10.0,0.6,0.01,0.06,0.55,0.16,0.2,0.35,1.5,12,10.0,14.0,0.9,1.2,0.6,0.01,0.06,0.65,0.3,0.72,0.005,0.38,0.22,0.01,0.14,1.0,0.28
lqr,ground_truth,curvy,400.0,0.05,0.1,1.0,45.662673994898796,98.89171600341797,69.38629913330078,18.563537733786298,0.8809067106581452,0.0010544523647933977,-8.002799075690348e-05,0.0010544523647933977,8.002799075690348e-05,6.076719000702724e-05,7.831837137928233e-06,0.5785489082336426,0.0,19.444444444444443,240,234,4.26332950592041,RoadOption.STRAIGHT,98.82276916503906,79.6493911743164,-4.705568624832996,2.8,1.2,4.5,3.0,10.0,0.6,0.01,0.06,0.55,0.16,0.2,0.35,1.5,12,10.0,14.0,0.9,1.2,0.6,0.01,0.06,0.65,0.3,0.72,0.005,0.38,0.22,0.01,0.14,1.0,0.28
lqr,ground_truth,curvy,400.0,0.05,0.1,1.0,45.712673995643854,98.8854751586914,70.31444549560547,18.563537352155336,0.8809070922891067,0.0009645393195099883,-7.163903332241262e-05,0.0009645393195099883,7.163903332241262e-05,3.640436625573784e-05,-2.4362823751289397e-05,0.5785447359085083,0.0,19.444444444444443,241,235,4.33516263961792,RoadOption.STRAIGHT,98.81594848632812,80.64936828613281,-4.705568624832996,2.8,1.2,4.5,3.0,10.0,0.6,0.01,0.06,0.55,0.16,0.2,0.35,1.5,12,10.0,14.0,0.9,1.2,0.6,0.01,0.06,0.65,0.3,0.72,0.005,0.38,0.22,0.01,0.14,1.0,0.28
lqr,ground_truth,curvy,400.0,0.05,0.1,1.0,45.76267399638891,98.87922668457031,71.24259948730469,18.56353824418495,0.8809062002594921,0.0008822034565293645,-6.0320598690211114e-05,0.0008822034565293645,6.0320598690211114e-05,-5.433895466921967e-07,-3.694775580243004e-05,0.5785426497459412,0.0,19.444444444444443,242,236,4.40698766708374,RoadOption.STRAIGHT,98.80912780761719,81.64934539794922,-4.705568624832996,2.8,1.2,4.5,3.0,10.0,0.6,0.01,0.06,0.55,0.16,0.2,0.35,1.5,12,10.0,14.0,0.9,1.2,0.6,0.01,0.06,0.65,0.3,0.72,0.005,0.38,0.22,0.01,0.14,1.0,0.28
lqr,ground_truth,curvy,400.0,0.05,0.1,1.0,45.81267399713397,98.87295532226562,72.17074584960938,18.563538399210582,0.8809060452338606,0.0008228072795767975,-5.286374763890933e-05,0.0008228072795767975,5.286374763890933e-05,-1.7324957298114896e-05,-1.67815677514227e-05,0.5785434246063232,0.0,19.444444444444443,243,237,4.478820323944092,RoadOption.STRAIGHT,98.80230712890625,82.64932250976562,-4.705568624832996,2.8,1.2,4.5,3.0,10.0,0.6,0.01,0.06,0.55,0.16,0.2,0.35,1.5,12,10.0,14.0,0.9,1.2,0.6,0.01,0.06,0.65,0.3,0.72,0.005,0.38,0.22,0.01,0.14,1.0,0.28
lqr,ground_truth,curvy,400.0,0.05,0.1,1.0,45.86267399787903,98.86666107177734,73.09889221191406,18.56353835589318,0.48090608855126504,0.0007862467190924462,-4.926848016673091e-05,0.0007862467190924462,4.926848016673091e-05,-1.5576064470224082e-05,1.7488928278908134e-06,0.0,0.14145629107952118,19.044444444444444,244,238,4.55064582824707,RoadOption.STRAIGHT,98.79549407958984,83.64929962158203,1.5776161497143715,2.8,1.2,4.5,3.0,10.0,0.6,0.01,0.06,0.55,0.16,0.2,0.35,1.5,12,10.0,14.0,0.9,1.2,0.6,0.01,0.06,0.65,0.3,0.72,0.005,0.38,0.22,0.01,0.14,1.0,0.28
lqr,ground_truth,curvy,400.0,0.05,0.1,1.0,45.912673998624086,98.86039733886719,74.02642059326172,18.53184138948935,0.1126030549550947,0.0007234361422311757,-4.9801112385949864e-05,0.0007234361422311757,4.9801112385949864e-05,1.6604210031800903e-05,3.2180274502024986e-05,0.0,0.3244017958641052,18.644444444444446,245,239,4.623096466064453,RoadOption.STRAIGHT,98.7886734008789,84.64927673339844,1.5776161497143715,2.8,1.2,4.5,3.0,10.0,0.6,0.01,0.06,0.55,0.16,0.2,0.35,1.5,12,10.0,14.0,0.9,1.2,0.6,0.01,0.06,0.65,0.3,0.72,0.005,0.38,0.22,0.01,0.14,1.0,0.28
lqr,ground_truth,curvy,400.0,0.05,0.1,1.0,45.962673999369144,98.85415649414062,74.94921875,18.39067032363922,-0.14622587919477326,0.0006699994776758478,-4.913532211148208e-05,0.0006699994776758478,4.913532211148208e-05,3.1844090699451044e-05,1.523988066765014e-05,0.0,0.34840336441993713,18.244444444444447,246,240,4.700277805328369,RoadOption.STRAIGHT,98.78185272216797,85.64925384521484,1.5776161497143715,2.8,1.2,4.5,3.0,10.0,0.6,0.01,0.06,0.55,0.16,0.2,0.35,1.5,12,10.0,14.0,0.9,1.2,0.6,0.01,0.06,0.65,0.3,0.72,0.005,0.38,0.22,0.01,0.14,1.0,0.28
lqr,ground_truth,curvy,400.0,0.05,0.1,1.0,46.0126740001142,98.84798431396484,75.86196899414062,18.15869607939589,-0.31425163495144304,0.0006164296645385647,-4.527373853235872e-05,0.0006164296645385647,4.527373853235872e-05,2.5077499230974354e-05,-6.76659146847669e-06,0.0,0.3404121398925781,17.84444444444445,247,241,4.787506580352783,RoadOption.STRAIGHT,98.77503204345703,86.64923095703125,1.5776161497143715,2.8,1.2,4.5,3.0,10.0,0.6,0.01,0.06,0.55,0.16,0.2,0.35,1.5,12,10.0,14.0,0.9,1.2,0.6,0.01,0.06,0.65,0.3,0.72,0.005,0.38,0.22,0.01,0.14,1.0,0.28
lqr,ground_truth,curvy,400.0,0.05,0.1,1.0,46.06267400085926,98.8418960571289,76.76143646240234,17.874203422842555,-0.4297589783981053,0.000569531015342517,-3.928162607991226e-05,0.000569531015342517,3.928162607991226e-05,8.399279067816678e-07,-2.4237571324192686e-05,0.0,0.3469093143939972,17.44444444444445,248,242,4.88801908493042,RoadOption.STRAIGHT,98.7682113647461,87.64920806884766,1.5776161497143715,2.8,1.2,4.5,3.0,10.0,0.6,0.01,0.06,0.55,0.16,0.2,0.35,1.5,12,10.0,14.0,0.9,1.2,0.6,0.01,0.06,0.65,0.3,0.72,0.005,0.38,0.22,0.01,0.14,1.0,0.28
lqr,ground_truth,curvy,400.0,0.05,0.1,1.0,46.11267400160432,98.83589935302734,77.64559173583984,17.55554504060185,-0.12538223179208785,0.0005355155644652804,-3.435477806235099e-05,0.0005355155644652804,3.435477806235099e-05,-3.7803205486852676e-05,-3.8643133393634344e-05,0.33951494097709656,0.0,17.43016280880976,248,243,5.003843784332275,RoadOption.STRAIGHT,98.7682113647461,87.64920806884766,1.5776161497143715,2.8,1.2,4.5,3.0,10.0,0.6,0.01,0.06,0.55,0.16,0.2,0.35,1.5,12,10.0,14.0,0.9,1.2,0.6,0.01,0.06,0.65,0.3,0.72,0.005,0.38,0.22,0.01,0.14,1.0,0.28
lqr,ground_truth,curvy,400.0,0.05,0.1,1.0,46.16267400234938,98.83001708984375,78.5137710571289,17.247080940259085,0.18308186855067632,0.0004963961883440969,-3.3289513627465794e-05,0.0004963961883440969,3.3289513627465794e-05,-4.200366674922407e-05,-4.200461262371391e-06,0.5295897722244263,0.0,17.43016280880976,249,243,4.135644912719727,RoadOption.STRAIGHT,98.76139068603516,88.64918518066406,1.5776161497143715,2.8,1.2,4.5,3.0,10.0,0.6,0.01,0.06,0.55,0.16,0.2,0.35,1.5,12,10.0,14.0,0.9,1.2,0.6,0.01,0.06,0.65,0.3,0.72,0.005,0.38,0.22,0.01,0.14,1.0,0.28
lqr,ground_truth,curvy,400.0,0.05,0.1,1.0,46.212674003094435,98.82422637939453,79.36833953857422,16.998554808575157,0.4380780831455553,0.0004635317412598032,-3.6218990825176434e-05,0.0004635317412598032,3.6218990825176434e-05,2.9144530344638042e-05,7.114819709386211e-05,0.6186450719833374,0.0,17.436632891720713,250,244,4.281056880950928,RoadOption.STRAIGHT,98.75457763671875,89.64916229248047,1.5776161497143715,2.8,1.2,4.5,3.0,10.0,0.6,0.01,0.06,0.55,0.16,0.2,0.35,1.5,12,10.0,14.0,0.9,1.2,0.6,0.01,0.06,0.65,0.3,0.72,0.005,0.38,0.22,0.01,0.14,1.0,0.28
lqr,ground_truth,curvy,400.0,0.05,0.1,1.0,46.26267400383949,98.8185043334961,80.2127685546875,16.826718918240147,0.6017048073962386,0.00042572672248793533,-3.6218990825176434e-05,0.00042572672248793533,3.6218990825176434e-05,4.099004218005575e-05,1.184551183541771e-05,0.6073749661445618,0.0,17.428423725636385,251,245,4.436609268188477,RoadOption.STRAIGHT,98.74775695800781,90.64913940429688,1.5776161497143715,2.8,1.2,4.5,3.0,10.0,0.6,0.01,0.06,0.55,0.16,0.2,0.35,1.5,12,10.0,14.0,0.9,1.2,0.6,0.01,0.06,0.65,0.3,0.72,0.005,0.38,0.22,0.01,0.14,1.0,0.28
lqr,ground_truth,curvy,400.0,0.05,0.1,1.0,46.31267400458455,98.81282043457031,81.0507583618164,16.721880119908555,0.7149987051133238,0.0003936895427710252,-3.328951362568944e-05,0.0003936895427710252,3.328951362568944e-05,2.537511863920372e-05,-1.5614923540852033e-05,0.6149519085884094,0.0,17.43687882502188,252,246,4.598600387573242,RoadOption.STRAIGHT,98.74093627929688,91.64911651611328,1.5776161497143715,2.8,1.2,4.5,3.0,10.0,0.6,0.01,0.06,0.55,0.16,0.2,0.35,1.5,12,10.0,14.0,0.9,1.2,0.6,0.01,0.06,0.65,0.3,0.72,0.005,0.38,0.22,0.01,0.14,1.0,0.28
lqr,ground_truth,curvy,400.0,0.05,0.1,1.0,46.36267400532961,98.80715942382812,81.88496398925781,16.663529697440836,0.7722353708737657,0.00036457194703695683,-2.769687533676901e-05,0.00036457194703695683,2.769687533676901e-05,2.3055815745465225e-06,-2.3069537064657197e-05,0.5820252299308777,0.0,17.435765068314602,253,247,4.764375686645508,RoadOption.STRAIGHT,98.73179626464844,92.59030151367188,1.5888104810404107,2.8,1.2,4.5,3.0,10.0,0.6,0.01,0.06,0.55,0.16,0.2,0.35,1.5,12,10.0,14.0,0.9,1.2,0.6,0.01,0.06,0.65,0.3,0.72,0.005,0.38,0.22,0.01,0.14,1.0,0.28
lqr,ground_truth,curvy,400.0,0.05,0.1,1.0,46.41267400607467,98.8014907836914,82.71724700927734,16.63482539442758,0.7917510457081818,0.00035619530893580414,-2.290318537490066e-05,0.00035619530893580414,2.290318537490066e-05,-1.8561022443464026e-05,-2.086660401801055e-05,0.5484694242477417,0.0,17.42657644013576,254,248,4.932073593139648,RoadOption.STRAIGHT,98.7065658569336,93.48206329345703,1.6093549046376088,2.8,1.2,4.5,3.0,10.0,0.6,0.01,0.06,0.55,0.16,0.2,0.35,1.5,12,10.0,14.0,0.9,1.2,0.6,0.01,0.06,0.65,0.3,0.72,0.005,0.38,0.22,0.01,0.14,1.0,0.28
lqr,ground_truth,curvy,400.0,0.05,0.1,1.0,46.462674006819725,98.79583740234375,83.54852294921875,16.619266468028385,0.8173664236923273,0.00033942829117320633,-2.2237395102209234e-05,0.00033942829117320633,2.2237395102209234e-05,-3.4973956644535065e-05,-1.641293420107104e-05,0.5711582899093628,0.0,17.436632891720713,255,249,5.100779056549072,RoadOption.STRAIGHT,98.66302490234375,94.37312316894531,1.6298991950767525,2.8,1.2,4.5,3.0,10.0,0.6,0.01,0.06,0.55,0.16,0.2,0.35,1.5,12,10.0,14.0,0.9,1.2,0.6,0.01,0.06,0.65,0.3,0.72,0.005,0.38,0.22,0.01,0.14,1.0,0.28
lqr,ground_truth,curvy,400.0,0.05,0.1,1.0,46.51267400756478,98.79019165039062,84.37922668457031,16.611165163699297,0.8172585619370878,0.00032656357713753414,-2.4900556192086754e-05,0.00032656357713753414,2.4900556192086754e-05,2.0512925402726978e-05,5.548688204726204e-05,0.5402256846427917,0.0,17.428423725636385,256,250,5.270056247711182,RoadOption.STRAIGHT,98.6011734008789,95.26311492919922,1.6504434855158965,2.8,1.2,4.5,3.0,10.0,0.6,0.01,0.06,0.55,0.16,0.2,0.35,1.5,12,10.0,14.0,0.9,1.2,0.6,0.01,0.06,0.65,0.3,0.72,0.005,0.38,0.22,0.01,0.14,1.0,0.28
lqr,ground_truth,curvy,400.0,0.05,0.1,1.0,46.56267400830984,98.7845458984375,85.20970153808594,16.607583845832142,0.8292949791897364,0.0003076305674822172,-2.6232136737469602e-05,0.0003076305674822172,2.6232136737469602e-05,2.960616984637454e-05,9.093244443647563e-06,0.5620206594467163,0.0,17.43687882502188,256,251,5.439562797546387,RoadOption.STRAIGHT,98.6011734008789,95.26311492919922,1.6504434855158965,2.8,1.2,4.5,3.0,10.0,0.6,0.01,0.06,0.55,0.16,0.2,0.35,1.5,12,10.0,14.0,0.9,1.2,0.6,0.01,0.06,0.65,0.3,0.72,0.005,0.38,0.22,0.01,0.14,1.0,0.28
lqr,ground_truth,curvy,400.0,0.05,0.1,1.0,46.6126740090549,98.77887725830078,86.04007720947266,16.60623470485808,0.8306441201638002,0.0003131677427198644,-3.0626352538476453e-06,0.0003131677427198644,3.0626352538476453e-06,-0.00011657196591841057,-0.0001461781357647851,0.5500062704086304,0.0,17.43687882502188,257,251,4.609167575836182,RoadOption.STRAIGHT,98.52106475830078,96.1516342163086,1.6709877759550402,2.8,1.2,4.5,3.0,10.0,0.6,0.01,0.06,0.55,0.16,0.2,0.35,1.5,12,10.0,14.0,0.9,1.2,0.6,0.01,0.06,0.65,0.3,0.72,0.005,0.38,0.22,0.01,0.14,1.0,0.28
lqr,ground_truth,curvy,400.0,0.05,0.1,1.0,46.66267400979996,98.77324676513672,86.87037658691406,16.606824880476516,0.8287874935038566,0.0002801730053199475,4.926848016673091e-06,0.0002801730053199475,4.926848016673091e-06,0.008865713141858578,0.008982285107776988,0.5450441837310791,0.0,17.435612373980373,258,252,4.7788496017456055,RoadOption.STRAIGHT,98.42272186279297,97.03832244873047,1.691532066394184,2.8,1.2,4.5,3.0,10.0,0.6,0.01,0.06,0.55,0.16,0.2,0.35,1.5,12,10.0,14.0,0.9,1.2,0.6,0.01,0.06,0.65,0.3,0.72,0.005,0.38,0.22,0.01,0.14,1.0,0.28
lqr,ground_truth,curvy,400.0,0.05,0.1,1.0,46.712674010545015,98.76680755615234,87.70071411132812,16.606920640019396,0.8196558001163652,0.05307140693575684,-0.010497248910710688,0.05307140693575684,0.010497248910710688,0.08775752782821655,0.07889181468635798,0.5308353900909424,0.0,17.42657644013576,259,253,4.889713287353516,RoadOption.STRAIGHT,98.3061752319336,97.92279815673828,1.712076489991382,2.8,1.2,4.5,3.0,10.0,0.6,0.01,0.06,0.55,0.16,0.2,0.35,1.5,12,10.0,14.0,0.9,1.2,0.6,0.01,0.06,0.65,0.3,0.72,0.005,0.38,0.22,0.01,0.14,1.0,0.28
lqr,ground_truth,curvy,400.0,0.05,0.1,1.0,46.76267401129007,98.7545166015625,88.53046417236328,16.592511487463398,0.8392449141162146,0.14296420987847916,-0.025427063139749517,0.14296420987847916,0.025427063139749517,0.1487734615802765,0.061015933752059937,0.5770552158355713,0.0,17.431756401579612,260,254,4.951831817626953,RoadOption.STRAIGHT,98.17149353027344,98.80470275878906,1.732620780430526,2.8,1.2,4.5,3.0,10.0,0.6,0.01,0.06,0.55,0.16,0.2,0.35,1.5,12,10.0,14.0,0.9,1.2,0.6,0.01,0.06,0.65,0.3,0.72,0.005,0.38,0.22,0.01,0.14,1.0,0.28
lqr,ground_truth,curvy,400.0,0.05,0.1,1.0,46.81267401203513,98.72921752929688,89.35858154296875,16.55609257316641,0.8723311524699753,0.23012422679553213,-0.03028054106836464,0.23012422679553213,0.03028054106836464,0.14181073009967804,-0.00696273148059845,0.6131015419960022,0.0,17.428423725636385,261,255,5.014978885650635,RoadOption.STRAIGHT,98.01871490478516,99.68364715576172,1.7531652040277241,2.8,1.2,4.5,3.0,10.0,0.6,0.01,0.06,0.55,0.16,0.2,0.35,1.5,12,10.0,14.0,0.9,1.2,0.6,0.01,0.06,0.65,0.3,0.72,0.005,0.38,0.22,0.01,0.14,1.0,0.28
lqr,ground_truth,curvy,400.0,0.05,0.1,1.0,46.86267401278019,98.68746185302734,90.18460845947266,16.5385607897754,0.8983180352464792,0.3180461853735551,-0.02679805846892247,0.3180461853735551,0.02679805846892247,0.08741583675146103,-0.05439489334821701,0.6201749444007874,0.0,17.43687882502188,262,256,5.079239845275879,RoadOption.STRAIGHT,97.84791564941406,100.55927276611328,1.7737094944668679,2.8,1.2,4.5,3.0,10.0,0.6,0.01,0.06,0.55,0.16,0.2,0.35,1.5,12,10.0,14.0,0.9,1.2,0.6,0.01,0.06,0.65,0.3,0.72,0.005,0.38,0.22,0.01,0.14,1.0,0.28
lqr,ground_truth,curvy,400.0,0.05,0.1,1.0,46.91267401352525,98.63170623779297,91.01005554199219,16.555015410030954,0.8751179306815082,0.40419417363053606,-0.021863220969005503,0.40419417363053606,0.021863220969005503,0.03289886564016342,-0.05451697111129761,0.54723060131073,0.0,17.430133340712462,263,257,5.1427693367004395,RoadOption.STRAIGHT,97.65917205810547,101.43120574951172,1.7942537849060116,2.8,1.2,4.5,3.0,10.0,0.6,0.01,0.06,0.55,0.16,0.2,0.35,1.5,12,10.0,14.0,0.9,1.2,0.6,0.01,0.06,0.65,0.3,0.72,0.005,0.38,0.22,0.01,0.14,1.0,0.28
lqr,ground_truth,curvy,400.0,0.05,0.1,1.0,46.962674014270306,98.56578063964844,91.83601379394531,16.579916128447937,0.846660311687824,0.48456235191218433,-0.02188772205103451,0.48456235191218433,0.02188772205103451,0.01518627256155014,-0.01771259307861328,0.5238470435142517,0.0,17.42657644013576,264,258,5.204275608062744,RoadOption.STRAIGHT,97.4525375366211,102.29907989501953,1.81479820850321,2.8,1.2,4.5,3.0,10.0,0.6,0.01,0.06,0.55,0.16,0.2,0.35,1.5,12,10.0,14.0,0.9,1.2,0.6,0.01,0.06,0.65,0.3,0.72,0.005,0.38,0.22,0.01,0.14,1.0,0.28
lqr,ground_truth,curvy,400.0,0.05,0.1,1.0,47.012674015015364,98.4910888671875,92.66216278076172,16.59324014135278,0.8385162602268323,0.557682166811435,-0.028211797533590932,0.557682166811435,0.028211797533590932,0.034972574561834335,0.019786302000284195,0.5433368682861328,0.0,17.431756401579612,265,259,5.263884544372559,RoadOption.STRAIGHT,97.22813415527344,103.16251373291016,1.8353424989423537,2.8,1.2,4.5,3.0,10.0,0.6,0.01,0.06,0.55,0.16,0.2,0.35,1.5,12,10.0,14.0,0.9,1.2,0.6,0.01,0.06,0.65,0.3,0.72,0.005,0.38,0.22,0.01,0.14,1.0,0.28
lqr,ground_truth,curvy,400.0,0.05,0.1,1.0,47.06267401576042,98.40584564208984,93.4875259399414,16.59426100386881,0.8360928629929987,0.625408400158357,-0.037395841710783806,0.625408400158357,0.037395841710783806,0.06653730571269989,0.031564731150865555,0.5487476587295532,0.0,17.430353866861807,266,260,5.322339057922363,RoadOption.STRAIGHT,96.98603057861328,104.02116394042969,1.855886922539552,2.8,1.2,4.5,3.0,10.0,0.6,0.01,0.06,0.55,0.16,0.2,0.35,1.5,12,10.0,14.0,0.9,1.2,0.6,0.01,0.06,0.65,0.3,0.72,0.005,0.38,0.22,0.01,0.14,1.0,0.28
lqr,ground_truth,curvy,400.0,0.05,0.1,1.0,47.11267401650548,98.30744171142578,94.31111145019531,16.585093064133016,0.8517857608888626,0.6904225213415516,-0.045307560677191105,0.6904225213415516,0.045307560677191105,0.08541063219308853,0.01887332648038864,0.5799029469490051,0.0,17.43687882502188,267,261,5.380288600921631,RoadOption.STRAIGHT,96.72634887695312,104.8746566772461,1.8764312129786958,2.8,1.2,4.5,3.0,10.0,0.6,0.01,0.06,0.55,0.16,0.2,0.35,1.5,12,10.0,14.0,0.9,1.2,0.6,0.01,0.06,0.65,0.3,0.72,0.005,0.38,0.22,0.01,0.14,1.0,0.28
lqr,ground_truth,curvy,400.0,0.05,0.1,1.0,47.16267401725054,98.19424438476562,95.1322250366211,16.574398780034766,0.8557345606776963,0.7544547599712692,-0.050029877922119326,0.7544547599712692,0.050029877922119326,0.08372210711240768,-0.0016885250806808472,0.5681793093681335,0.0,17.430133340712462,268,262,5.438087463378906,RoadOption.STRAIGHT,96.44918823242188,105.72264099121094,1.896975636575894,2.8,1.2,4.5,3.0,10.0,0.6,0.01,0.06,0.55,0.16,0.2,0.35,1.5,12,10.0,14.0,0.9,1.2,0.6,0.01,0.06,0.65,0.3,0.72,0.005,0.38,0.22,0.01,0.14,1.0,0.28
lqr,ground_truth,curvy,400.0,0.05,0.1,1.0,47.212674017995596,98.06614685058594,95.95084381103516,16.570856764896774,0.8557196752389871,0.8176053406053352,-0.0522329779338877,0.8176053406053352,0.0522329779338877,0.06904136389493942,-0.014680743217468262,0.5634139180183411,0.0,17.42657644013576,269,263,5.495452404022217,RoadOption.STRAIGHT,96.1546630859375,106.56475067138672,1.9175199270150378,2.8,1.2,4.5,3.0,10.0,0.6,0.01,0.06,0.55,0.16,0.2,0.35,1.5,12,10.0,14.0,0.9,1.2,0.6,0.01,0.06,0.65,0.3,0.72,0.005,0.38,0.22,0.01,0.14,1.0,0.28
lqr,ground_truth,curvy,400.0,0.05,0.1,1.0,47.262674018740654,97.92414093017578,96.76720428466797,16.573513095189963,0.8543652060030986,0.8788001673795829,-0.05394459156648157,0.8788001673795829,0.05394459156648157,0.05480198562145233,-0.014239378273487091,0.5609937310218811,0.0,17.42787830119306,270,264,5.551942348480225,RoadOption.STRAIGHT,95.8428955078125,107.40062713623047,1.9380642174541816,2.8,1.2,4.5,3.0,10.0,0.6,0.01,0.06,0.55,0.16,0.2,0.35,1.5,12,10.0,14.0,0.9,1.2,0.6,0.01,0.06,0.65,0.3,0.72,0.005,0.38,0.22,0.01,0.14,1.0,0.28
lqr,ground_truth,curvy,400.0,0.05,0.1,1.0,47.31267401948571,97.76929473876953,97.58147430419922,16.578766061578232,0.8525881789133543,0.9369470951074707,-0.05687846298136723,0.9369470951074707,0.05687846298136723,0.05072876438498497,-0.0040732212364673615,0.5594204664230347,0.0,17.431354240491586,270,265,5.60721492767334,RoadOption.STRAIGHT,95.8428955078125,107.40062713623047,1.9380642174541816,2.8,1.2,4.5,3.0,10.0,0.6,0.01,0.06,0.55,0.16,0.2,0.35,1.5,12,10.0,14.0,0.9,1.2,0.6,0.01,0.06,0.65,0.3,0.72,0.005,0.38,0.22,0.01,0.14,1.0,0.28
lqr,ground_truth,curvy,400.0,0.05,0.1,1.0,47.36267402023077,97.60201263427734,98.39352416992188,16.583020302481135,0.8483339380104518,0.8860819687113524,-0.040813343179627815,0.8860819687113524,0.040813343179627815,0.013745305128395557,-0.03698345925658941,0.5538952946662903,0.0,17.431354240491586,271,265,4.783623218536377,RoadOption.STRAIGHT,95.51402282714844,108.22992706298828,1.9586086410513799,2.8,1.2,4.5,3.0,10.0,0.6,0.01,0.06,0.55,0.16,0.2,0.35,1.5,12,10.0,14.0,0.9,1.2,0.6,0.01,0.06,0.65,0.3,0.72,0.005,0.38,0.22,0.01,0.14,1.0,0.28
lqr,ground_truth,curvy,400.0,0.05,0.1,1.0,47.41267402097583,97.4251937866211,99.20390319824219,16.591591722552316,0.842628556189652,0.9333906636341681,-0.04909670627615581,0.9333906636341681,0.04909670627615581,0.04267316311597824,0.028927857987582684,0.5487306714057922,0.0,17.434220278741968,272,266,4.83723783493042,RoadOption.STRAIGHT,95.16819763183594,109.05228424072266,1.9791529314905236,2.8,1.2,4.5,3.0,10.0,0.6,0.01,0.06,0.55,0.16,0.2,0.35,1.5,12,10.0,14.0,0.9,1.2,0.6,0.01,0.06,0.65,0.3,0.72,0.005,0.38,0.22,0.01,0.14,1.0,0.28
lqr,ground_truth,curvy,400.0,0.05,0.1,1.0,47.462674021720886,97.238037109375,100.01212310791016,16.591779555004862,0.8383537857076,0.975155415944255,-0.05894480967115978,0.975155415944255,0.05894480967115978,0.07746689766645432,0.034793734550476074,0.5478825569152832,0.0,17.430133340712462,273,267,4.889382362365723,RoadOption.STRAIGHT,94.80553436279297,109.86737823486328,1.999697355087722,2.8,1.2,4.5,3.0,10.0,0.6,0.01,0.06,0.55,0.16,0.2,0.35,1.5,12,10.0,14.0,0.9,1.2,0.6,0.01,0.06,0.65,0.3,0.72,0.005,0.38,0.22,0.01,0.14,1.0,0.28
lqr,ground_truth,curvy,400.0,0.05,0.1,1.0,47.512674022465944,97.03768157958984,100.81682586669922,16.581128286980032,0.8521853341378964,1.0144872359971382,-0.06630365639526659,1.0144872359971382,0.06630365639526659,0.09476827085018158,0.017301373183727264,0.5779090523719788,0.0,17.43331362111793,274,268,4.940986633300781,RoadOption.STRAIGHT,94.42620849609375,110.67485046386719,2.0202416455268657,2.8,1.2,4.5,3.0,10.0,0.6,0.01,0.06,0.55,0.16,0.2,0.35,1.5,12,10.0,14.0,0.9,1.2,0.6,0.01,0.06,0.65,0.3,0.72,0.005,0.38,0.22,0.01,0.14,1.0,0.28
lqr,ground_truth,curvy,400.0,0.05,0.1,1.0,47.562674023211,96.82254791259766,101.61702728271484,16.568843866125352,0.8590344350677093,1.0531867536870694,-0.06970131731398954,1.0531867536870694,0.06970131731398954,0.08930948376655579,-0.0054587870836257935,0.5736395716667175,0.0,17.42787830119306,275,269,4.992598533630371,RoadOption.STRAIGHT,94.03038024902344,111.47434997558594,2.040785935966009,2.8,1.2,4.5,3.0,10.0,0.6,0.01,0.06,0.55,0.16,0.2,0.35,1.5,12,10.0,14.0,0.9,1.2,0.6,0.01,0.06,0.65,0.3,0.72,0.005,0.38,0.22,0.01,0.14,1.0,0.28
lqr,ground_truth,curvy,400.0,0.05,0.1,1.0,47.61267402395606,96.59258270263672,102.41275024414062,16.56537004258711,0.647407227680759,1.0912893864925932,-0.07041065027033255,1.0912893864925932,0.07041065027033255,0.07170238345861435,-0.017607100307941437,0.18449169397354126,0.0,17.212777270267868,276,270,5.043902397155762,RoadOption.STRAIGHT,93.61820220947266,112.26555633544922,2.0613303595632075,2.8,1.2,4.5,3.0,10.0,0.6,0.01,0.06,0.55,0.16,0.2,0.35,1.5,12,10.0,14.0,0.9,1.2,0.6,0.01,0.06,0.65,0.3,0.72,0.005,0.38,0.22,0.01,0.14,1.0,0.28
lqr,ground_truth,curvy,400.0,0.05,0.1,1.0,47.66267402470112,96.348876953125,103.20410919189453,16.550087675208264,0.2626895950596051,1.1277272028547882,-0.07085353395961258,1.1277272028547882,0.07085353395961258,0.05724722892045975,-0.014455154538154602,0.0,0.2540473937988281,16.81277727026787,277,271,5.094686508178711,RoadOption.STRAIGHT,93.18987274169922,113.0481185913086,2.081874783160406,2.8,1.2,4.5,3.0,10.0,0.6,0.01,0.06,0.55,0.16,0.2,0.35,1.5,12,10.0,14.0,0.9,1.2,0.6,0.01,0.06,0.65,0.3,0.72,0.005,0.38,0.22,0.01,0.14,1.0,0.28
lqr,ground_truth,curvy,400.0,0.05,0.1,1.0,47.71267402544618,96.09349060058594,103.98836517333984,16.44236183575482,-0.029584565486949543,1.1616799187090825,-0.07281082420276608,1.1616799187090825,0.07281082420276608,0.05480454862117767,-0.002442680299282074,0.0,0.3184945285320282,16.41277727026787,278,272,5.147761344909668,RoadOption.STRAIGHT,92.74554443359375,113.82172393798828,2.102418940441495,2.8,1.2,4.5,3.0,10.0,0.6,0.01,0.06,0.55,0.16,0.2,0.35,1.5,12,10.0,14.0,0.9,1.2,0.6,0.01,0.06,0.65,0.3,0.72,0.005,0.38,0.22,0.01,0.14,1.0,0.28
lqr,ground_truth,curvy,400.0,0.05,0.1,1.0,47.762674026191235,95.82865142822266,104.76032257080078,16.233991802466306,-0.22121453219843445,1.1934330005334262,-0.07642566590838573,1.1934330005334262,0.07642566590838573,0.06214756518602371,0.007343016564846039,0.0,0.31281009316444397,16.012777270267872,279,273,5.208530426025391,RoadOption.STRAIGHT,92.2854232788086,114.58604431152344,2.1229633640386933,2.8,1.2,4.5,3.0,10.0,0.6,0.01,0.06,0.55,0.16,0.2,0.35,1.5,12,10.0,14.0,0.9,1.2,0.6,0.01,0.06,0.65,0.3,0.72,0.005,0.38,0.22,0.01,0.14,1.0,0.28
lqr,ground_truth,curvy,400.0,0.05,0.1,1.0,47.81267402693629,95.5552978515625,105.51631927490234,15.970528892321527,-0.3577516220536552,1.2242489486462744,-0.08067154363429907,1.2242489486462744,0.08067154363429907,0.05542018637061119,-0.006727378815412521,0.0,0.3287997543811798,15.612777270267872,280,274,5.2806525230407715,RoadOption.STRAIGHT,91.80968475341797,115.34074401855469,2.1435076544778373,2.8,1.2,4.5,3.0,10.0,0.6,0.01,0.06,0.55,0.16,0.2,0.35,1.5,12,10.0,14.0,0.9,1.2,0.6,0.01,0.06,0.65,0.3,0.72,0.005,0.38,0.22,0.01,0.14,1.0,0.28
lqr,ground_truth,curvy,400.0,0.05,0.1,1.0,47.86267402768135,95.27481842041016,106.2545166015625,15.674481626603322,-0.46170435633545104,1.2544351233732458,-0.08553247841396594,1.2544351233732458,0.08553247841396594,0.06723281741142273,0.011812631040811539,0.0,0.3523010313510895,15.212777270267871,281,275,5.366124153137207,RoadOption.STRAIGHT,91.31855773925781,116.08551025390625,2.164051944916981,2.8,1.2,4.5,3.0,10.0,0.6,0.01,0.06,0.55,0.16,0.2,0.35,1.5,12,10.0,14.0,0.9,1.2,0.6,0.01,0.06,0.65,0.3,0.72,0.005,0.38,0.22,0.01,0.14,1.0,0.28
lqr,ground_truth,curvy,400.0,0.05,0.1,1.0,47.91267402842641,94.98773193359375,106.97340393066406,15.353138805442276,-0.5403615351744051,1.2850805037955586,-0.0903240378472363,1.2850805037955586,0.0903240378472363,0.062005575746297836,-0.005227241665124893,0.0,0.36941084265708923,14.81277727026787,282,276,5.466488361358643,RoadOption.STRAIGHT,90.8122329711914,116.82003021240234,2.184596368514179,2.8,1.2,4.5,3.0,10.0,0.6,0.01,0.06,0.55,0.16,0.2,0.35,1.5,12,10.0,14.0,0.9,1.2,0.6,0.01,0.06,0.65,0.3,0.72,0.005,0.38,0.22,0.01,0.14,1.0,0.28
lqr,ground_truth,curvy,400.0,0.05,0.1,1.0,47.96267402917147,94.69493865966797,107.67217254638672,15.019730577016661,-0.2865749202765464,1.31672807758626,-0.09509948515591216,1.31672807758626,0.09509948515591216,0.06940153241157532,0.007395956665277481,0.18165038526058197,0.0,14.733155656740115,283,277,5.582653999328613,RoadOption.STRAIGHT,90.29092407226562,117.54399871826172,2.205140658953323,2.8,1.2,4.5,3.0,10.0,0.6,0.01,0.06,0.55,0.16,0.2,0.35,1.5,12,10.0,14.0,0.9,1.2,0.6,0.01,0.06,0.65,0.3,0.72,0.005,0.38,0.22,0.01,0.14,1.0,0.28
lqr,ground_truth,curvy,400.0,0.05,0.1,1.0,48.012674029916525,94.39664459228516,108.35093688964844,14.712395524463552,0.022700835256326712,1.3500960839902918,-0.09969010908493603,1.3500960839902918,0.09969010908493603,0.05848640948534012,-0.010915122926235199,0.4338141679763794,0.0,14.73509635971988,283,278,5.714511871337891,RoadOption.STRAIGHT,90.29092407226562,117.54399871826172,2.205140658953323,2.8,1.2,4.5,3.0,10.0,0.6,0.01,0.06,0.55,0.16,0.2,0.35,1.5,12,10.0,14.0,0.9,1.2,0.6,0.01,0.06,0.65,0.3,0.72,0.005,0.38,0.22,0.01,0.14,1.0,0.28
lqr,ground_truth,curvy,400.0,0.05,0.1,1.0,48.06267403066158,94.09261322021484,109.01235961914062,14.465608041617926,0.26948831810195273,1.2768699684905895,-0.08420675682332446,1.2768699684905895,0.08420675682332446,0.03342141956090927,-0.025064989924430847,0.507035493850708,0.0,14.73509635971988,284,278,4.994455337524414,RoadOption.STRAIGHT,89.75485229492188,118.2571029663086,2.2256849493924666,2.8,1.2,4.5,3.0,10.0,0.6,0.01,0.06,0.55,0.16,0.2,0.35,1.5,12,10.0,14.0,0.9,1.2,0.6,0.01,0.06,0.65,0.3,0.72,0.005,0.38,0.22,0.01,0.14,1.0,0.28
lqr,ground_truth,curvy,400.0,0.05,0.1,1.0,48.11267403140664,93.78398132324219,109.660400390625,14.29076603252981,0.44863230448650526,1.3078079206304496,-0.09179689908810484,1.3078079206304496,0.09179689908810484,0.051672596484422684,0.018251176923513412,0.5335739850997925,0.0,14.739398337016315,285,279,5.148558139801025,RoadOption.STRAIGHT,89.2042465209961,118.95904541015625,2.246229372989665,2.8,1.2,4.5,3.0,10.0,0.6,0.01,0.06,0.55,0.16,0.2,0.35,1.5,12,10.0,14.0,0.9,1.2,0.6,0.01,0.06,0.65,0.3,0.72,0.005,0.38,0.22,0.01,0.14,1.0,0.28
lqr,ground_truth,curvy,400.0,0.05,0.1,1.0,48.1626740321517,93.46915435791016,110.29771423339844,14.173078116988568,0.565309286044565,1.3382061037859596,-0.10048612793476108,1.3382061037859596,0.10048612793476108,0.06078413501381874,0.009111538529396057,0.5289024114608765,0.0,14.738387403033133,286,280,5.309048175811768,RoadOption.STRAIGHT,88.6477279663086,119.63875579833984,2.2693754386557616,2.8,1.2,4.5,3.0,10.0,0.6,0.01,0.06,0.55,0.16,0.2,0.35,1.5,12,10.0,14.0,0.9,1.2,0.6,0.01,0.06,0.65,0.3,0.72,0.005,0.38,0.22,0.01,0.14,1.0,0.28
lqr,ground_truth,curvy,400.0,0.05,0.1,1.0,48.21267403289676,93.14645385742188,110.92596435546875,14.097707844090529,0.6388529864530792,1.3689583999856942,-0.10849571807122826,1.3689583999856942,0.10849571807122826,0.07740379124879837,0.01661965623497963,0.521564245223999,0.0,14.736560830543608,287,281,5.473766803741455,RoadOption.STRAIGHT,88.08870697021484,120.28605651855469,2.2969354275125555,2.8,1.2,4.5,3.0,10.0,0.6,0.01,0.06,0.55,0.16,0.2,0.35,1.5,12,10.0,14.0,0.9,1.2,0.6,0.01,0.06,0.65,0.3,0.72,0.005,0.38,0.22,0.01,0.14,1.0,0.28
lqr,ground_truth,curvy,400.0,0.05,0.1,1.0,48.262674033641815,92.8145980834961,111.54603576660156,14.047294243633752,0.6858614131063625,1.4008410752006817,-0.11471526448099967,1.4008410752006817,0.11471526448099967,0.08417010307312012,0.006766311824321747,0.5179269313812256,0.0,14.733155656740115,288,282,5.641319751739502,RoadOption.STRAIGHT,87.51204681396484,120.91769409179688,2.32449541636935,2.8,1.2,4.5,3.0,10.0,0.6,0.01,0.06,0.55,0.16,0.2,0.35,1.5,12,10.0,14.0,0.9,1.2,0.6,0.01,0.06,0.65,0.3,0.72,0.005,0.38,0.22,0.01,0.14,1.0,0.28
lqr,ground_truth,curvy,400.0,0.05,0.1,1.0,48.31267403438687,92.4727554321289,112.15839385986328,14.014482677917414,0.7206136818024653,1.4343973026651915,-0.11892332531943417,1.4343973026651915,0.11892332531943417,0.08151612430810928,-0.0026539787650108337,0.5240709185600281,0.0,14.73509635971988,288,283,5.810777187347412,RoadOption.STRAIGHT,87.51204681396484,120.91769409179688,2.32449541636935,2.8,1.2,4.5,3.0,10.0,0.6,0.01,0.06,0.55,0.16,0.2,0.35,1.5,12,10.0,14.0,0.9,1.2,0.6,0.01,0.06,0.65,0.3,0.72,0.005,0.38,0.22,0.01,0.14,1.0,0.28
lqr,ground_truth,curvy,400.0,0.05,0.1,1.0,48.36267403513193,92.12088012695312,112.7636489868164,13.995893123324745,0.7392032363951344,1.3591147797374257,-0.10143514538921083,1.3591147797374257,0.10143514538921083,0.04713599383831024,-0.03438013046979904,0.5158293843269348,0.0,14.73509635971988,289,283,5.118641376495361,RoadOption.STRAIGHT,86.91819763183594,121.53321075439453,2.3520554052261438,2.8,1.2,4.5,3.0,10.0,0.6,0.01,0.06,0.55,0.16,0.2,0.35,1.5,12,10.0,14.0,0.9,1.2,0.6,0.01,0.06,0.65,0.3,0.72,0.005,0.38,0.22,0.01,0.14,1.0,0.28
lqr,ground_truth,curvy,400.0,0.05,0.1,1.0,48.41267403587699,91.76101684570312,113.36370086669922,13.992739033262671,0.7439608583350239,1.3893081373125176,-0.10640207398026247,1.3893081373125176,0.10640207398026247,0.052347373217344284,0.005211379379034042,0.5020856857299805,0.0,14.736699891597695,290,284,5.288675308227539,RoadOption.STRAIGHT,86.3076171875,122.13212585449219,2.379615127766829,2.8,1.2,4.5,3.0,10.0,0.6,0.01,0.06,0.55,0.16,0.2,0.35,1.5,12,10.0,14.0,0.9,1.2,0.6,0.01,0.06,0.65,0.3,0.72,0.005,0.38,0.22,0.01,0.14,1.0,0.28
lqr,ground_truth,curvy,400.0,0.05,0.1,1.0,48.46267403662205,91.3934326171875,113.9588851928711,13.989599155907177,0.7424978300490288,1.4177566469642966,-0.11325252325227364,1.4177566469642966,0.11325252325227364,0.06924749165773392,0.016900118440389633,0.49374306201934814,0.0,14.732096985956206,291,285,5.458401203155518,RoadOption.STRAIGHT,85.68077087402344,122.71399688720703,2.407175116623623,2.8,1.2,4.5,3.0,10.0,0.6,0.01,0.06,0.55,0.16,0.2,0.35,1.5,12,10.0,14.0,0.9,1.2,0.6,0.01,0.06,0.65,0.3,0.72,0.005,0.38,0.22,0.01,0.14,1.0,0.28
lqr,ground_truth,curvy,400.0,0.05,0.1,1.0,48.512674037367105,91.01692199707031,114.548095703125,13.981460343742278,0.7551004868013305,1.459731279987837,-0.12232564677006463,1.459731279987837,0.12232564677006463,0.10376524180173874,0.03451775014400482,0.5181834697723389,0.0,14.736560830543608,292,286,5.61497163772583,RoadOption.STRAIGHT,85.03812408447266,123.27836608886719,2.4347351054804167,2.8,1.2,4.5,3.0,10.0,0.6,0.01,0.06,0.55,0.16,0.2,0.35,1.5,12,10.0,14.0,0.9,1.2,0.6,0.01,0.06,0.65,0.3,0.72,0.005,0.38,0.22,0.01,0.14,1.0,0.28
lqr,ground_truth,curvy,400.0,0.05,0.1,1.0,48.56267403811216,90.62957000732422,115.12932586669922,13.964936602974433,0.7682190537656819,1.5240913873100075,-0.13283448043151713,1.5240913873100075,0.13283448043151713,0.12813591957092285,0.024370677769184113,0.5266737341880798,0.0,14.733155656740115,293,287,5.748726844787598,RoadOption.STRAIGHT,84.38017272949219,123.82482147216797,2.4622950943372106,2.8,1.2,4.5,3.0,10.0,0.6,0.01,0.06,0.55,0.16,0.2,0.35,1.5,12,10.0,14.0,0.9,1.2,0.6,0.01,0.06,0.65,0.3,0.72,0.005,0.38,0.22,0.01,0.14,1.0,0.28
lqr,ground_truth,curvy,400.0,0.05,0.1,1.0,48.61267403885722,90.22956085205078,115.70076751708984,13.946750360029611,0.7844653933167827,1.5886459148327035,-0.13893844564997915,1.5886459148327035,0.13893844564997915,0.12702158093452454,-0.0011143386363983154,0.5401748418807983,0.0,14.731215753346394,293,288,5.882278919219971,RoadOption.STRAIGHT,84.38017272949219,123.82482147216797,2.4622950943372106,2.8,1.2,4.5,3.0,10.0,0.6,0.01,0.06,0.55,0.16,0.2,0.35,1.5,12,10.0,14.0,0.9,1.2,0.6,0.01,0.06,0.65,0.3,0.72,0.005,0.38,0.22,0.01,0.14,1.0,0.28
lqr,ground_truth,curvy,400.0,0.05,0.1,1.0,48.66267403960228,89.81640625,116.26200103759766,13.938670240679993,0.7925455126664005,1.5058278015812356,-0.11426705446953944,1.5058278015812356,0.11426705446953944,0.07343125343322754,-0.053590327501297,0.5352234244346619,0.0,14.731215753346394,294,288,5.194762229919434,RoadOption.STRAIGHT,83.70740509033203,124.3529281616211,2.489855083194005,2.8,1.2,4.5,3.0,10.0,0.6,0.01,0.06,0.55,0.16,0.2,0.35,1.5,12,10.0,14.0,0.9,1.2,0.6,0.01,0.06,0.65,0.3,0.72,0.005,0.38,0.22,0.01,0.14,1.0,0.28
lqr,ground_truth,curvy,400.0,0.05,0.1,1.0,48.71267404034734,89.39260864257812,116.81571197509766,13.953277216651855,0.7834226749458395,1.565039943371891,-0.11898750750170484,1.565039943371891,0.11898750750170484,0.06863424181938171,-0.004797011613845825,0.5091062188148499,0.0,14.736699891597695,295,289,5.327054500579834,RoadOption.STRAIGHT,83.02034759521484,124.86229705810547,2.517415072050799,2.8,1.2,4.5,3.0,10.0,0.6,0.01,0.06,0.55,0.16,0.2,0.35,1.5,12,10.0,14.0,0.9,1.2,0.6,0.01,0.06,0.65,0.3,0.72,0.005,0.38,0.22,0.01,0.14,1.0,0.28
lqr,ground_truth,curvy,400.0,0.05,0.1,1.0,48.762674041092396,88.95909118652344,117.36273956298828,13.964578698960228,0.767518286995978,1.6200642572149364,-0.12686473853199587,1.6200642572149364,0.12686473853199587,0.0816512256860733,0.01301698386669159,0.49142569303512573,0.0,14.732096985956206,296,290,5.456863880157471,RoadOption.STRAIGHT,82.31951141357422,125.3525390625,2.5449750609075927,2.8,1.2,4.5,3.0,10.0,0.6,0.01,0.06,0.55,0.16,0.2,0.35,1.5,12,10.0,14.0,0.9,1.2,0.6,0.01,0.06,0.65,0.3,0.72,0.005,0.38,0.22,0.01,0.14,1.0,0.28
lqr,ground_truth,curvy,400.0,0.05,0.1,1.0,48.812674041837454,88.51510620117188,117.90162658691406,13.9652463096778,0.769213303703685,1.672399496555272,-0.13570643335105892,1.672399496555272,0.13570643335105892,0.09887770563364029,0.017226479947566986,0.513562023639679,0.0,14.734459613381485,297,291,5.585012912750244,RoadOption.STRAIGHT,81.60543060302734,125.82328033447266,2.572534783448278,2.8,1.2,4.5,3.0,10.0,0.6,0.01,0.06,0.55,0.16,0.2,0.35,1.5,12,10.0,14.0,0.9,1.2,0.6,0.01,0.06,0.65,0.3,0.72,0.005,0.38,0.22,0.01,0.14,1.0,0.28
lqr,ground_truth,curvy,400.0,0.05,0.1,1.0,48.86267404258251,88.05992889404297,118.43073272705078,13.957768781859347,0.7801986357809643,1.7236684424962208,-0.1434724774058389,1.7236684424962208,0.1434724774058389,0.10959061980247498,0.010712914168834686,0.5313015580177307,0.0,14.737967417640311,298,292,5.712342739105225,RoadOption.STRAIGHT,80.87864685058594,126.27416229248047,2.600094772305072,2.8,1.2,4.5,3.0,10.0,0.6,0.01,0.06,0.55,0.16,0.2,0.35,1.5,12,10.0,14.0,0.9,1.2,0.6,0.01,0.06,0.65,0.3,0.72,0.005,0.38,0.22,0.01,0.14,1.0,0.28
lqr,ground_truth,curvy,400.0,0.05,0.1,1.0,48.91267404332757,87.59308624267578,118.94902038574219,13.950615721727976,0.7806000316184178,1.7749403469336422,-0.14936711816261994,1.7749403469336422,0.14936711816261994,0.11104083061218262,0.0014502108097076416,0.5188416838645935,0.0,14.731215753346394,299,293,5.839199542999268,RoadOption.STRAIGHT,80.13971710205078,126.70486450195312,2.6276547611618657,2.8,1.2,4.5,3.0,10.0,0.6,0.01,0.06,0.55,0.16,0.2,0.35,1.5,12,10.0,14.0,0.9,1.2,0.6,0.01,0.06,0.65,0.3,0.72,0.005,0.38,0.22,0.01,0.14,1.0,0.28
lqr,ground_truth,curvy,400.0,0.05,0.1,1.0,48.96267404407263,87.11454772949219,119.45616912841797,13.947098127934954,0.7896017636627413,1.826409214967942,-0.15376080132903303,1.826409214967942,0.15376080132903303,0.10612025856971741,-0.00492057204246521,0.5345631241798401,0.0,14.736699891597695,299,294,5.965473175048828,RoadOption.STRAIGHT,80.13971710205078,126.70486450195312,2.6276547611618657,2.8,1.2,4.5,3.0,10.0,0.6,0.01,0.06,0.55,0.16,0.2,0.35,1.5,12,10.0,14.0,0.9,1.2,0.6,0.01,0.06,0.65,0.3,0.72,0.005,0.38,0.22,0.01,0.14,1.0,0.28
lqr,ground_truth,curvy,400.0,0.05,0.1,1.0,49.012674044817686,86.62456512451172,119.95222473144531,13.947901955085642,0.7887979365120525,1.7292377441818996,-0.13002591074591985,1.7292377441818996,0.13002591074591985,0.06332015991210938,-0.04280009865760803,0.522314190864563,0.0,14.736699891597695,300,294,5.279774188995361,RoadOption.STRAIGHT,79.38920593261719,127.11502838134766,2.6552147500186596,2.8,1.2,4.5,3.0,10.0,0.6,0.01,0.06,0.55,0.16,0.2,0.35,1.5,12,10.0,14.0,0.9,1.2,0.6,0.01,0.06,0.65,0.3,0.72,0.005,0.38,0.22,0.01,0.14,1.0,0.28
lqr,ground_truth,curvy,400.0,0.05,0.1,1.0,49.062674045562744,86.12519073486328,120.4395980834961,13.962100291543692,0.7699966944125141,1.7742088622054955,-0.13664226815811276,1.7742088622054955,0.13664226815811276,0.07280948013067245,0.00948932021856308,0.489436537027359,0.0,14.732096985956206,301,295,5.4037322998046875,RoadOption.STRAIGHT,78.62767028808594,127.50433349609375,2.682774738875454,2.8,1.2,4.5,3.0,10.0,0.6,0.01,0.06,0.55,0.16,0.2,0.35,1.5,12,10.0,14.0,0.9,1.2,0.6,0.01,0.06,0.65,0.3,0.72,0.005,0.38,0.22,0.01,0.14,1.0,0.28
lqr,ground_truth,curvy,400.0,0.05,0.1,1.0,49.1126740463078,85.6167984008789,120.91819763183594,13.966789024142422,0.7676705892390636,1.8156950193631067,-0.14560513680677412,1.8156950193631067,0.14560513680677412,0.09432081133127213,0.02151133120059967,0.5078110098838806,0.0,14.734459613381485,302,296,5.525892734527588,RoadOption.STRAIGHT,77.85569763183594,127.8725357055664,2.710334727732248,2.8,1.2,4.5,3.0,10.0,0.6,0.01,0.06,0.55,0.16,0.2,0.35,1.5,12,10.0,14.0,0.9,1.2,0.6,0.01,0.06,0.65,0.3,0.72,0.005,0.38,0.22,0.01,0.14,1.0,0.28
lqr,ground_truth,curvy,400.0,0.05,0.1,1.0,49.16267404705286,85.0986328125,121.38594818115234,13.96000984777293,0.7779575698673806,1.8557762732813832,-0.1540550806294867,1.8557762732813832,0.1540550806294867,0.11188923567533493,0.017568424344062805,0.5291188955307007,0.0,14.737967417640311,303,297,5.647334098815918,RoadOption.STRAIGHT,77.07386779785156,128.21932983398438,2.7378947165890417,2.8,1.2,4.5,3.0,10.0,0.6,0.01,0.06,0.55,0.16,0.2,0.35,1.5,12,10.0,14.0,0.9,1.2,0.6,0.01,0.06,0.65,0.3,0.72,0.005,0.38,0.22,0.01,0.14,1.0,0.28
lqr,ground_truth,curvy,400.0,0.05,0.1,1.0,49.21267404779792,84.57015228271484,121.84127044677734,13.950159101655535,0.781056651690859,1.8960353993301808,-0.16034839660145295,1.8960353993301808,0.16034839660145295,0.11795641481876373,0.0060671791434288025,0.5223528742790222,0.0,14.731215753346394,304,298,5.768686294555664,RoadOption.STRAIGHT,76.28278350830078,128.54441833496094,2.7654547054458356,2.8,1.2,4.5,3.0,10.0,0.6,0.01,0.06,0.55,0.16,0.2,0.35,1.5,12,10.0,14.0,0.9,1.2,0.6,0.01,0.06,0.65,0.3,0.72,0.005,0.38,0.22,0.01,0.14,1.0,0.28
lqr,ground_truth,curvy,400.0,0.05,0.1,1.0,49.262674048542976,84.03118133544922,122.28346252441406,13.943356210579013,0.7933436810186816,1.937141123684514,-0.1644632468017342,1.937141123684514,0.1644632468017342,0.11411552876234055,-0.0038408860564231873,0.5407506227493286,0.0,14.736699891597695,305,299,5.890016555786133,RoadOption.STRAIGHT,75.48303985595703,128.84759521484375,2.79301469430263,2.8,1.2,4.5,3.0,10.0,0.6,0.01,0.06,0.55,0.16,0.2,0.35,1.5,12,10.0,14.0,0.9,1.2,0.6,0.01,0.06,0.65,0.3,0.72,0.005,0.38,0.22,0.01,0.14,1.0,0.28
lqr,ground_truth,curvy,400.0,0.05,0.1,1.0,49.312674049288034,83.48191833496094,122.7125473022461,13.942612254769783,0.7894847311864233,1.978888992541916,-0.16739671874245632,1.978888992541916,0.16739671874245632,0.1063479408621788,-0.007767587900161743,0.5190600752830505,0.0,14.732096985956206,305,300,6.0110015869140625,RoadOption.STRAIGHT,75.48303985595703,128.84759521484375,2.79301469430263,2.8,1.2,4.5,3.0,10.0,0.6,0.01,0.06,0.55,0.16,0.2,0.35,1.5,12,10.0,14.0,0.9,1.2,0.6,0.01,0.06,0.65,0.3,0.72,0.005,0.38,0.22,0.01,0.14,1.0,0.28
lqr,ground_truth,curvy,400.0,0.05,0.1,1.0,49.36267405003309,82.9227066040039,123.12879943847656,13.94655947312138,0.7855375128348268,1.872299514139443,-0.1427350480999956,1.872299514139443,0.1427350480999956,0.06355734169483185,-0.042790599167346954,0.5165858268737793,0.0,14.732096985956206,306,300,5.326879978179932,RoadOption.STRAIGHT,74.67523956298828,129.12863159179688,2.820574683159424,2.8,1.2,4.5,3.0,10.0,0.6,0.01,0.06,0.55,0.16,0.2,0.35,1.5,12,10.0,14.0,0.9,1.2,0.6,0.01,0.06,0.65,0.3,0.72,0.005,0.38,0.22,0.01,0.14,1.0,0.28
lqr,ground_truth,curvy,400.0,0.05,0.1,1.0,49.41267405077815,82.35530853271484,123.53480529785156,13.960239305217469,0.7742203081640167,1.9080578840328735,-0.14882250171969913,1.9080578840328735,0.14882250171969913,0.07457075268030167,0.011013410985469818,0.5009515285491943,0.0,14.734459613381485,307,301,5.445405960083008,RoadOption.STRAIGHT,73.8600082397461,129.3872833251953,2.8481346720162177,2.8,1.2,4.5,3.0,10.0,0.6,0.01,0.06,0.55,0.16,0.2,0.35,1.5,12,10.0,14.0,0.9,1.2,0.6,0.01,0.06,0.65,0.3,0.72,0.005,0.38,0.22,0.01,0.14,1.0,0.28
lqr,ground_truth,curvy,400.0,0.05,0.1,1.0,49.46267405152321,81.78010559082031,123.93042755126953,13.964542596417608,0.7752521042932674,1.9407142344558108,-0.1573683193416544,1.9407142344558108,0.1573683193416544,0.09781751781702042,0.02324676513671875,0.5163894295692444,0.0,14.739794700710876,308,302,5.56248140335083,RoadOption.STRAIGHT,73.0379638671875,129.62338256835938,2.8756946608730116,2.8,1.2,4.5,3.0,10.0,0.6,0.01,0.06,0.55,0.16,0.2,0.35,1.5,12,10.0,14.0,0.9,1.2,0.6,0.01,0.06,0.65,0.3,0.72,0.005,0.38,0.22,0.01,0.14,1.0,0.28
lqr,ground_truth,curvy,400.0,0.05,0.1,1.0,49.51267405226827,81.19657897949219,124.31338500976562,13.958674465496125,0.7725412878502684,1.9724736980044877,-0.1653074688672893,1.9724736980044877,0.1653074688672893,0.11632023006677628,0.01850271224975586,0.5102717876434326,0.0,14.731215753346394,309,303,5.67918586730957,RoadOption.STRAIGHT,72.209716796875,129.8367462158203,2.903254383413697,2.8,1.2,4.5,3.0,10.0,0.6,0.01,0.06,0.55,0.16,0.2,0.35,1.5,12,10.0,14.0,0.9,1.2,0.6,0.01,0.06,0.65,0.3,0.72,0.005,0.38,0.22,0.01,0.14,1.0,0.28
lqr,ground_truth,curvy,400.0,0.05,0.1,1.0,49.562674053013325,80.60445404052734,124.68197631835938,13.947787360543137,0.7919333088062288,2.004935291830358,-0.17092993456066452,2.004935291830358,0.17092993456066452,0.12218520790338516,0.005864977836608887,0.5484303832054138,0.0,14.739720669349365,310,304,5.796144962310791,RoadOption.STRAIGHT,71.37590789794922,130.02720642089844,2.9308143722704907,2.8,1.2,4.5,3.0,10.0,0.6,0.01,0.06,0.55,0.16,0.2,0.35,1.5,12,10.0,14.0,0.9,1.2,0.6,0.01,0.06,0.65,0.3,0.72,0.005,0.38,0.22,0.01,0.14,1.0,0.28
lqr,ground_truth,curvy,400.0,0.05,0.1,1.0,49.61267405375838,80.00374603271484,125.03548431396484,13.940628306954494,0.791889701818107,2.038748385455137,-0.1742700711998424,2.038748385455137,0.1742700711998424,0.11740496754646301,-0.00478024035692215,0.5250815153121948,0.0,14.732518008772601,311,305,5.91345739364624,RoadOption.STRAIGHT,70.53717041015625,130.19459533691406,2.958374361127285,2.8,1.2,4.5,3.0,10.0,0.6,0.01,0.06,0.55,0.16,0.2,0.35,1.5,12,10.0,14.0,0.9,1.2,0.6,0.01,0.06,0.65,0.3,0.72,0.005,0.38,0.22,0.01,0.14,1.0,0.28
lqr,ground_truth,curvy,400.0,0.05,0.1,1.0,49.66267405450344,79.39459991455078,125.37403106689453,13.941039808821163,0.7934198045603225,2.073683184672302,-0.17642323694117135,2.073683184672302,0.17642323694117135,0.10869468003511429,-0.008710287511348724,0.5278880000114441,0.0,14.734459613381485,311,306,6.030704021453857,RoadOption.STRAIGHT,70.53717041015625,130.19459533691406,2.958374361127285,2.8,1.2,4.5,3.0,10.0,0.6,0.01,0.06,0.55,0.16,0.2,0.35,1.5,12,10.0,14.0,0.9,1.2,0.6,0.01,0.06,0.65,0.3,0.72,0.005,0.38,0.22,0.01,0.14,1.0,0.28
lqr,ground_truth,curvy,400.0,0.05,0.1,1.0,49.7126740552485,78.77741241455078,125.69800567626953,13.945019895586665,0.7894397177948207,1.9610017459468934,-0.1510688780991809,1.9610017459468934,0.1510688780991809,0.0652271956205368,-0.043467484414577484,0.5188876986503601,0.0,14.734459613381485,312,306,5.347618103027344,RoadOption.STRAIGHT,69.69412994384766,130.3388214111328,2.985934349984079,2.8,1.2,4.5,3.0,10.0,0.6,0.01,0.06,0.55,0.16,0.2,0.35,1.5,12,10.0,14.0,0.9,1.2,0.6,0.01,0.06,0.65,0.3,0.72,0.005,0.38,0.22,0.01,0.14,1.0,0.28
lqr,ground_truth,curvy,400.0,0.05,0.1,1.0,49.76267405599356,78.15352630615234,126.01029968261719,13.960123093242135,0.7796716074687406,1.9906546990535698,-0.15657576260124673,1.9906546990535698,0.15657576260124673,0.076240174472332,0.011012978851795197,0.506081223487854,0.0,14.739794700710876,313,307,5.462446212768555,RoadOption.STRAIGHT,68.84744262695312,130.4597625732422,3.013494338840873,2.8,1.2,4.5,3.0,10.0,0.6,0.01,0.06,0.55,0.16,0.2,0.35,1.5,12,10.0,14.0,0.9,1.2,0.6,0.01,0.06,0.65,0.3,0.72,0.005,0.38,0.22,0.01,0.14,1.0,0.28
lqr,ground_truth,curvy,400.0,0.05,0.1,1.0,49.812674056738615,77.52336120605469,126.31079864501953,13.965826148056005,0.7688238207884392,2.0175156067616618,-0.1646286291054282,2.0175156067616618,0.1646286291054282,0.09966053068637848,0.02342035621404648,0.498276948928833,0.0,14.734649968844444,314,308,5.57602071762085,RoadOption.STRAIGHT,67.99774169921875,130.55731201171875,3.0410543276976667,2.8,1.2,4.5,3.0,10.0,0.6,0.01,0.06,0.55,0.16,0.2,0.35,1.5,12,10.0,14.0,0.9,1.2,0.6,0.01,0.06,0.65,0.3,0.72,0.005,0.38,0.22,0.01,0.14,1.0,0.28
lqr,ground_truth,curvy,400.0,0.05,0.1,1.0,49.86267405748367,76.88678741455078,126.5971908569336,13.959303985378803,0.7804166839705626,2.0437772403390886,-0.1721195686196033,2.0437772403390886,0.1721195686196033,0.11828678101301193,0.018626250326633453,0.5321614742279053,0.0,14.739720669349365,315,309,5.689438819885254,RoadOption.STRAIGHT,67.14567565917969,130.63143920898438,3.068614316554461,2.8,1.2,4.5,3.0,10.0,0.6,0.01,0.06,0.55,0.16,0.2,0.35,1.5,12,10.0,14.0,0.9,1.2,0.6,0.01,0.06,0.65,0.3,0.72,0.005,0.38,0.22,0.01,0.14,1.0,0.28
lqr,ground_truth,curvy,400.0,0.05,0.1,1.0,49.91267405822873,76.243896484375,126.8676986694336,13.947901096500441,0.7846169122721598,2.071097183928238,-0.17731699380300148,2.071097183928238,0.17731699380300148,0.12442362308502197,0.00613684207201004,0.5258104205131531,0.0,14.732518008772601,316,310,5.803430557250977,RoadOption.STRAIGHT,66.2918930053711,130.68203735351562,3.096174305411255,2.8,1.2,4.5,3.0,10.0,0.6,0.01,0.06,0.55,0.16,0.2,0.35,1.5,12,10.0,14.0,0.9,1.2,0.6,0.01,0.06,0.65,0.3,0.72,0.005,0.38,0.22,0.01,0.14,1.0,0.28
lqr,ground_truth,curvy,400.0,0.05,0.1,1.0,49.96267405897379,75.59478759765625,127.12162017822266,13.940235333916632,0.7995007909485885,2.1000687718037727,-0.18021930675897035,2.1000687718037727,0.18021930675897035,0.11953038722276688,-0.0048932358622550964,0.5475611090660095,0.0,14.739736124865221,317,311,5.917995452880859,RoadOption.STRAIGHT,65.4370346069336,130.70909118652344,3.123734294268049,2.8,1.2,4.5,3.0,10.0,0.6,0.01,0.06,0.55,0.16,0.2,0.35,1.5,12,10.0,14.0,0.9,1.2,0.6,0.01,0.06,0.65,0.3,0.72,0.005,0.38,0.22,0.01,0.14,1.0,0.28
lqr,ground_truth,curvy,400.0,0.05,0.1,1.0,50.01267405971885,74.9396743774414,127.35910034179688,13.939985806528904,0.7998088941819717,2.1304760536249523,-0.18192559406938402,2.1304760536249523,0.18192559406938402,0.11048059910535812,-0.009049788117408752,0.5302550792694092,0.0,14.739794700710876,317,312,6.032783508300781,RoadOption.STRAIGHT,65.4370346069336,130.70909118652344,3.123734294268049,2.8,1.2,4.5,3.0,10.0,0.6,0.01,0.06,0.55,0.16,0.2,0.35,1.5,12,10.0,14.0,0.9,1.2,0.6,0.01,0.06,0.65,0.3,0.72,0.005,0.38,0.22,0.01,0.14,1.0,0.28
lqr,ground_truth,curvy,400.0,0.05,0.1,1.0,50.062674060463905,74.27874755859375,127.58064270019531,13.94617405160896,0.793620649101916,2.0140760117392076,-0.15613474312472952,2.0140760117392076,0.15613474312472952,0.06647780537605286,-0.04400279372930527,0.5187464952468872,0.0,14.739794700710876,318,312,5.350352764129639,RoadOption.STRAIGHT,64.56018829345703,130.71270751953125,3.1471855581950687,2.8,1.2,4.5,3.0,10.0,0.6,0.01,0.06,0.55,0.16,0.2,0.35,1.5,12,10.0,14.0,0.9,1.2,0.6,0.01,0.06,0.65,0.3,0.72,0.005,0.38,0.22,0.01,0.14,1.0,0.28
lqr,ground_truth,curvy,400.0,0.05,0.1,1.0,50.11267406120896,73.61290740966797,127.78935241699219,13.963153028149014,0.77149694069543,2.0397505964727727,-0.16124907768211783,2.0397505964727727,0.16124907768211783,0.07747567445039749,0.010997869074344635,0.4863497018814087,0.0,14.734649968844444,319,313,5.462668418884277,RoadOption.STRAIGHT,63.56019973754883,130.7071075439453,3.1471855581950687,2.8,1.2,4.5,3.0,10.0,0.6,0.01,0.06,0.55,0.16,0.2,0.35,1.5,12,10.0,14.0,0.9,1.2,0.6,0.01,0.06,0.65,0.3,0.72,0.005,0.38,0.22,0.01,0.14,1.0,0.28
lqr,ground_truth,curvy,400.0,0.05,0.1,1.0,50.16267406195402,72.94264221191406,127.98521423339844,13.967940672835402,0.7804053663356818,2.062794489352027,-0.16895520061237068,2.062794489352027,0.16895520061237068,0.1008015051484108,0.023325830698013306,0.5289333462715149,0.0,14.748346039171084,320,314,5.573843479156494,RoadOption.STRAIGHT,62.56021499633789,130.70152282714844,3.1471855581950687,2.8,1.2,4.5,3.0,10.0,0.6,0.01,0.06,0.55,0.16,0.2,0.35,1.5,12,10.0,14.0,0.9,1.2,0.6,0.01,0.06,0.65,0.3,0.72,0.005,0.38,0.22,0.01,0.14,1.0,0.28
lqr,ground_truth,curvy,400.0,0.05,0.1,1.0,50.21267406269908,72.26831817626953,128.16587829589844,13.961555410007104,0.7710656421258388,2.085488054334585,-0.17613881133675102,2.085488054334585,0.17613881133675102,0.11960902065038681,0.018807515501976013,0.5014317035675049,0.0,14.732621052132943,320,315,5.685108661651611,RoadOption.STRAIGHT,62.56021499633789,130.70152282714844,3.1471855581950687,2.8,1.2,4.5,3.0,10.0,0.6,0.01,0.06,0.55,0.16,0.2,0.35,1.5,12,10.0,14.0,0.9,1.2,0.6,0.01,0.06,0.65,0.3,0.72,0.005,0.38,0.22,0.01,0.14,1.0,0.28
lqr,ground_truth,curvy,400.0,0.05,0.1,1.0,50.26267406344414,71.5901870727539,128.3296356201172,13.95025941894541,0.7823616331875325,1.9716115727084427,-0.15348516415620983,1.9716115727084427,0.15348516415620983,0.0848114863038063,-0.034797534346580505,0.5329721570014954,0.0,14.732621052132943,321,315,5.005195617675781,RoadOption.STRAIGHT,61.56023025512695,130.6959228515625,3.1471855581950687,2.8,1.2,4.5,3.0,10.0,0.6,0.01,0.06,0.55,0.16,0.2,0.35,1.5,12,10.0,14.0,0.9,1.2,0.6,0.01,0.06,0.65,0.3,0.72,0.005,0.38,0.22,0.01,0.14,1.0,0.28
lqr,ground_truth,curvy,400.0,0.05,0.1,1.0,50.312674064189196,70.90876007080078,128.4786834716797,13.9546433216461,0.7850928032191202,1.9914633134437125,-0.15872493360094087,1.9914633134437125,0.15872493360094087,0.09299619495868683,0.008184708654880524,0.5243330597877502,0.0,14.739736124865221,322,316,5.115684986114502,RoadOption.STRAIGHT,60.560245513916016,130.69033813476562,3.1471855581950687,2.8,1.2,4.5,3.0,10.0,0.6,0.01,0.06,0.55,0.16,0.2,0.35,1.5,12,10.0,14.0,0.9,1.2,0.6,0.01,0.06,0.65,0.3,0.72,0.005,0.38,0.22,0.01,0.14,1.0,0.28
lqr,ground_truth,curvy,400.0,0.05,0.1,1.0,50.362674064934254,70.22419738769531,128.61351013183594,13.956977729435266,0.8876194594855153,2.009760572164136,-0.16478761982250578,2.009760572164136,0.16478761982250578,0.10529444366693497,0.012298248708248138,0.7056036591529846,0.0,14.844597188920782,323,317,5.225743293762207,RoadOption.STRAIGHT,59.56026077270508,130.6847381591797,3.1471855581950687,2.8,1.2,4.5,3.0,10.0,0.6,0.01,0.06,0.55,0.16,0.2,0.35,1.5,12,10.0,14.0,0.9,1.2,0.6,0.01,0.06,0.65,0.3,0.72,0.005,0.38,0.22,0.01,0.14,1.0,0.28
lqr,ground_truth,curvy,400.0,0.05,0.1,1.0,50.41267406567931,69.53652954101562,128.73269653320312,13.96707503452359,1.002522154397191,2.0078120752407904,-0.16610029192380615,2.0078120752407904,0.16610029192380615,0.053068727254867554,-0.05222571641206741,0.7893965244293213,0.0,14.969597188920782,323,318,5.355783462524414,RoadOption.STRAIGHT,59.56026077270508,130.6847381591797,3.1471855581950687,2.8,1.2,4.5,3.0,10.0,0.6,0.01,0.06,0.55,0.16,0.2,0.35,1.5,12,10.0,14.0,0.9,1.2,0.6,0.01,0.06,0.65,0.3,0.72,0.005,0.38,0.22,0.01,0.14,1.0,0.28
lqr,ground_truth,curvy,400.0,0.05,0.1,1.0,50.46267406642437,68.84468841552734,128.84011840820312,14.032780208130971,1.0618169807898106,1.8965224991017522,-0.14674763291441817,1.8965224991017522,0.14674763291441817,-0.0011205757036805153,-0.05418930295854807,0.758243978023529,0.0,15.094597188920782,324,318,4.675846099853516,RoadOption.STRAIGHT,58.56027603149414,130.6791534423828,3.1471855581950687,2.8,1.2,4.5,3.0,10.0,0.6,0.01,0.06,0.55,0.16,0.2,0.35,1.5,12,10.0,14.0,0.9,1.2,0.6,0.01,0.06,0.65,0.3,0.72,0.005,0.38,0.22,0.01,0.14,1.0,0.28
lqr,ground_truth,curvy,400.0,0.05,0.1,1.0,50.51267406716943,68.14749908447266,128.94203186035156,14.13304476834192,1.0865524205788617,1.790704271254371,-0.13475754905466353,1.790704271254371,0.13475754905466353,-0.03760435804724693,-0.03648378234356642,0.7316139936447144,0.0,15.219597188920782,325,319,4.915161609649658,RoadOption.STRAIGHT,57.560298919677734,130.67355346679688,3.1471855581950687,2.8,1.2,4.5,3.0,10.0,0.6,0.01,0.06,0.55,0.16,0.2,0.35,1.5,12,10.0,14.0,0.9,1.2,0.6,0.01,0.06,0.65,0.3,0.72,0.005,0.38,0.22,0.01,0.14,1.0,0.28
lqr,ground_truth,curvy,400.0,0.05,0.1,1.0,50.562674067914486,67.44464874267578,129.04281616210938,14.245969414834454,1.098627774086328,1.6859987520247188,-0.1313039617530487,1.6859987520247188,0.1313039617530487,-0.02075756900012493,0.016846789047122,0.7236670851707458,0.0,15.344597188920782,325,320,5.15839147567749,RoadOption.STRAIGHT,57.560298919677734,130.67355346679688,3.1471855581950687,2.8,1.2,4.5,3.0,10.0,0.6,0.01,0.06,0.55,0.16,0.2,0.35,1.5,12,10.0,14.0,0.9,1.2,0.6,0.01,0.06,0.65,0.3,0.72,0.005,0.38,0.22,0.01,0.14,1.0,0.28
lqr,ground_truth,curvy,400.0,0.05,0.1,1.0,50.612674068659544,66.73565673828125,129.1428680419922,14.369528259930114,1.1000689289906678,1.5819831330047696,-0.1326254222859462,1.5819831330047696,0.1326254222859462,0.020127959549427032,0.040885528549551964,0.71177077293396,0.0,15.469597188920782,326,320,4.456873416900635,RoadOption.STRAIGHT,56.5603141784668,130.66796875,3.1471855581950687,2.8,1.2,4.5,3.0,10.0,0.6,0.01,0.06,0.55,0.16,0.2,0.35,1.5,12,10.0,14.0,0.9,1.2,0.6,0.01,0.06,0.65,0.3,0.72,0.005,0.38,0.22,0.01,0.14,1.0,0.28
lqr,ground_truth,curvy,400.0,0.05,0.1,1.0,50.6626740694046,66.01996612548828,129.2392578125,14.49189660651276,1.102700582408021,1.48158500370675,-0.13267309286945883,1.48158500370675,0.13267309286945883,0.050417400896549225,0.030289441347122192,0.7147783041000366,0.0,15.594597188920782,327,321,4.691601276397705,RoadOption.STRAIGHT,55.56032943725586,130.66236877441406,3.1471855581950687,2.8,1.2,4.5,3.0,10.0,0.6,0.01,0.06,0.55,0.16,0.2,0.35,1.5,12,10.0,14.0,0.9,1.2,0.6,0.01,0.06,0.65,0.3,0.72,0.005,0.38,0.22,0.01,0.14,1.0,0.28
lqr,ground_truth,curvy,400.0,0.05,0.1,1.0,50.71267407014966,65.29747009277344,129.32957458496094,14.610078968689438,1.1095182202313438,1.3872369741568193,-0.128218689630192,1.3872369741568193,0.128218689630192,0.05591394752264023,0.005496546626091003,0.723892092704773,0.0,15.719597188920782,328,322,4.92879056930542,RoadOption.STRAIGHT,54.56034469604492,130.6567840576172,3.1471855581950687,2.8,1.2,4.5,3.0,10.0,0.6,0.01,0.06,0.55,0.16,0.2,0.35,1.5,12,10.0,14.0,0.9,1.2,0.6,0.01,0.06,0.65,0.3,0.72,0.005,0.38,0.22,0.01,0.14,1.0,0.28
lqr,ground_truth,curvy,400.0,0.05,0.1,1.0,50.76267407089472,64.56815338134766,129.41331481933594,14.731278621527983,1.113318567392799,1.2994119740772188,-0.11974983736374023,1.2994119740772188,0.11974983736374023,0.053681470453739166,-0.002232477068901062,0.7225515842437744,0.0,15.844597188920782,328,323,5.166769981384277,RoadOption.STRAIGHT,54.56034469604492,130.6567840576172,3.1471855581950687,2.8,1.2,4.5,3.0,10.0,0.6,0.01,0.06,0.55,0.16,0.2,0.35,1.5,12,10.0,14.0,0.9,1.2,0.6,0.01,0.06,0.65,0.3,0.72,0.005,0.38,0.22,0.01,0.14,1.0,0.28
lqr,ground_truth,curvy,400.0,0.05,0.1,1.0,50.812674071639776,63.83194351196289,129.4906463623047,14.855690010286672,1.1139071786341095,1.217964110490752,-0.1090332771372613,1.217964110490752,0.1090332771372613,0.028122853487730026,-0.02555861696600914,0.7190506458282471,0.0,15.969597188920782,329,323,4.4354400634765625,RoadOption.STRAIGHT,53.560359954833984,130.65118408203125,3.1471855581950687,2.8,1.2,4.5,3.0,10.0,0.6,0.01,0.06,0.55,0.16,0.2,0.35,1.5,12,10.0,14.0,0.9,1.2,0.6,0.01,0.06,0.65,0.3,0.72,0.005,0.38,0.22,0.01,0.14,1.0,0.28
lqr,ground_truth,curvy,400.0,0.05,0.1,1.0,50.862674072384834,63.088836669921875,129.56332397460938,14.98435712738185,1.1102400615389296,1.1411396915267678,-0.09906426622876774,1.1411396915267678,0.09906426622876774,0.010069126263260841,-0.018053727224469185,0.7117434740066528,0.0,16.09459718892078,330,324,4.664004802703857,RoadOption.STRAIGHT,52.56037521362305,130.6455841064453,3.1471855581950687,2.8,1.2,4.5,3.0,10.0,0.6,0.01,0.06,0.55,0.16,0.2,0.35,1.5,12,10.0,14.0,0.9,1.2,0.6,0.01,0.06,0.65,0.3,0.72,0.005,0.38,0.22,0.01,0.14,1.0,0.28
lqr,ground_truth,curvy,400.0,0.05,0.1,1.0,50.91267407312989,62.33902359008789,129.63307189941406,15.111631248853126,1.107965940067654,1.067192105868379,-0.09185908389955832,1.067192105868379,0.09185908389955832,0.007609798107296228,-0.002459328155964613,0.7120506167411804,0.0,16.21959718892078,331,325,4.890686511993408,RoadOption.STRAIGHT,51.56039047241211,130.63999938964844,3.1471855581950687,2.8,1.2,4.5,3.0,10.0,0.6,0.01,0.06,0.55,0.16,0.2,0.35,1.5,12,10.0,14.0,0.9,1.2,0.6,0.01,0.06,0.65,0.3,0.72,0.005,0.38,0.22,0.01,0.14,1.0,0.28
lqr,ground_truth,curvy,400.0,0.05,0.1,1.0,50.96267407387495,61.5826530456543,129.70021057128906,15.236409743779603,1.1081874451411764,0.9958323584682194,-0.08702544652106425,0.9958323584682194,0.08702544652106425,0.0229539405554533,0.015344142448157072,0.7151782512664795,0.0,16.34459718892078,331,326,5.1147284507751465,RoadOption.STRAIGHT,51.56039047241211,130.63999938964844,3.1471855581950687,2.8,1.2,4.5,3.0,10.0,0.6,0.01,0.06,0.55,0.16,0.2,0.35,1.5,12,10.0,14.0,0.9,1.2,0.6,0.01,0.06,0.65,0.3,0.72,0.005,0.38,0.22,0.01,0.14,1.0,0.28
lqr,ground_truth,curvy,400.0,0.05,0.1,1.0,51.01267407462001,60.81979751586914,129.76336669921875,15.357945645729629,1.111651543191151,0.9284106623539519,-0.0823710398839328,0.9284106623539519,0.0823710398839328,0.02745279297232628,0.004498852416872978,0.7211478352546692,0.0,16.46959718892078,332,326,4.354480743408203,RoadOption.STRAIGHT,50.56040573120117,130.6343994140625,3.1471855581950687,2.8,1.2,4.5,3.0,10.0,0.6,0.01,0.06,0.55,0.16,0.2,0.35,1.5,12,10.0,14.0,0.9,1.2,0.6,0.01,0.06,0.65,0.3,0.72,0.005,0.38,0.22,0.01,0.14,1.0,0.28
lqr,ground_truth,curvy,400.0,0.05,0.1,1.0,51.06267407536507,60.05049133300781,129.82183837890625,15.479034386098613,1.1155628028221667,0.8656301656223997,-0.07682793639104224,0.8656301656223997,0.07682793639104224,0.024761535227298737,-0.002691257745027542,0.7240312099456787,0.0,16.59459718892078,333,327,4.568155765533447,RoadOption.STRAIGHT,49.560420989990234,130.62881469726562,3.1471855581950687,2.8,1.2,4.5,3.0,10.0,0.6,0.01,0.06,0.55,0.16,0.2,0.35,1.5,12,10.0,14.0,0.9,1.2,0.6,0.01,0.06,0.65,0.3,0.72,0.005,0.38,0.22,0.01,0.14,1.0,0.28
lqr,ground_truth,curvy,400.0,0.05,0.1,1.0,51.112674076110125,59.27476501464844,129.87594604492188,15.601316393635772,1.118280795285008,0.807192965840674,-0.07080226810862866,0.807192965840674,0.07080226810862866,0.018508335575461388,-0.006253199651837349,0.7242300510406494,0.0,16.71959718892078,334,328,4.778647422790527,RoadOption.STRAIGHT,48.5604362487793,130.6232147216797,3.1471855581950687,2.8,1.2,4.5,3.0,10.0,0.6,0.01,0.06,0.55,0.16,0.2,0.35,1.5,12,10.0,14.0,0.9,1.2,0.6,0.01,0.06,0.65,0.3,0.72,0.005,0.38,0.22,0.01,0.14,1.0,0.28
lqr,ground_truth,curvy,400.0,0.05,0.1,1.0,51.16267407685518,58.49262237548828,129.9263458251953,15.724609633821592,1.119987555099188,0.7524124495753962,-0.06508020019048466,0.7524124495753962,0.06508020019048466,0.013242469169199467,-0.005265866406261921,0.7240406274795532,0.0,16.84459718892078,335,329,4.985239028930664,RoadOption.STRAIGHT,47.56045150756836,130.6176300048828,3.1471855581950687,2.8,1.2,4.5,3.0,10.0,0.6,0.01,0.06,0.55,0.16,0.2,0.35,1.5,12,10.0,14.0,0.9,1.2,0.6,0.01,0.06,0.65,0.3,0.72,0.005,0.38,0.22,0.01,0.14,1.0,0.28
lqr,ground_truth,curvy,400.0,0.05,0.1,1.0,51.21267407760024,57.70409393310547,129.9735870361328,15.848043762870853,1.1215534260499265,0.7007547382431875,-0.06016879850816048,0.7007547382431875,0.06016879850816048,0.01698349602520466,0.003741026856005192,0.7248110771179199,0.0,16.96959718892078,335,330,5.187429428100586,RoadOption.STRAIGHT,47.56045150756836,130.6176300048828,3.1471855581950687,2.8,1.2,4.5,3.0,10.0,0.6,0.01,0.06,0.55,0.16,0.2,0.35,1.5,12,10.0,14.0,0.9,1.2,0.6,0.01,0.06,0.65,0.3,0.72,0.005,0.38,0.22,0.01,0.14,1.0,0.28
lqr,ground_truth,curvy,400.0,0.05,0.1,1.0,51.2626740783453,56.90922164916992,130.01744079589844,15.970612467680061,1.1239847212407188,0.6524560426809315,-0.05561718988910602,0.6524560426809315,0.05561718988910602,0.014272022992372513,-0.0027114730328321457,0.7273083925247192,0.0,17.09459718892078,336,330,4.39397668838501,RoadOption.STRAIGHT,46.56046676635742,130.61203002929688,3.1471855581950687,2.8,1.2,4.5,3.0,10.0,0.6,0.01,0.06,0.55,0.16,0.2,0.35,1.5,12,10.0,14.0,0.9,1.2,0.6,0.01,0.06,0.65,0.3,0.72,0.005,0.38,0.22,0.01,0.14,1.0,0.28
lqr,ground_truth,curvy,400.0,0.05,0.1,1.0,51.31267407909036,56.108036041259766,130.0580291748047,16.09331756519478,1.126279623725999,0.6073955279281188,-0.051301803658741374,0.6073955279281188,0.051301803658741374,0.011727739125490189,-0.0025442838668823242,0.7285216450691223,0.0,17.21959718892078,337,331,4.584732532501221,RoadOption.STRAIGHT,45.560482025146484,130.6064453125,3.1471855581950687,2.8,1.2,4.5,3.0,10.0,0.6,0.01,0.06,0.55,0.16,0.2,0.35,1.5,12,10.0,14.0,0.9,1.2,0.6,0.01,0.06,0.65,0.3,0.72,0.005,0.38,0.22,0.01,0.14,1.0,0.28
lqr,ground_truth,curvy,400.0,0.05,0.1,1.0,51.362674079835415,55.300559997558594,130.09568786621094,16.216156625202743,1.128440563718037,0.565214214679962,-0.04741332215111704,0.565214214679962,0.04741332215111704,0.01023823581635952,-0.0014895033091306686,0.7296574711799622,0.0,17.34459718892078,338,332,4.770668029785156,RoadOption.STRAIGHT,44.56049728393555,130.60084533691406,3.1471855581950687,2.8,1.2,4.5,3.0,10.0,0.6,0.01,0.06,0.55,0.16,0.2,0.35,1.5,12,10.0,14.0,0.9,1.2,0.6,0.01,0.06,0.65,0.3,0.72,0.005,0.38,0.22,0.01,0.14,1.0,0.28
lqr,ground_truth,curvy,400.0,0.05,0.1,1.0,51.41267408058047,54.486820220947266,130.13070678710938,16.33897185795202,1.1306253309687584,0.5256528569253575,-0.043971719074407556,0.5256528569253575,0.043971719074407556,0.010020589455962181,-0.00021764636039733887,0.7309969067573547,0.0,17.46959718892078,339,333,4.951517105102539,RoadOption.STRAIGHT,43.56051254272461,130.5952606201172,3.1471855581950687,2.8,1.2,4.5,3.0,10.0,0.6,0.01,0.06,0.55,0.16,0.2,0.35,1.5,12,10.0,14.0,0.9,1.2,0.6,0.01,0.06,0.65,0.3,0.72,0.005,0.38,0.22,0.01,0.14,1.0,0.28
lqr,ground_truth,curvy,400.0,0.05,0.1,1.0,51.46267408132553,53.66684341430664,130.16317749023438,16.4616859277319,1.1329112611888803,0.48858953560690194,-0.040847831115744526,0.48858953560690194,0.040847831115744526,0.013901039958000183,0.003880450502038002,0.7324898838996887,0.0,17.59459718892078,339,334,5.127087593078613,RoadOption.STRAIGHT,43.56051254272461,130.5952606201172,3.1471855581950687,2.8,1.2,4.5,3.0,10.0,0.6,0.01,0.06,0.55,0.16,0.2,0.35,1.5,12,10.0,14.0,0.9,1.2,0.6,0.01,0.06,0.65,0.3,0.72,0.005,0.38,0.22,0.01,0.14,1.0,0.28
lqr,ground_truth,curvy,400.0,0.05,0.1,1.0,51.51267408207059,52.840614318847656,130.19285583496094,16.584032136646243,1.1355650522745364,0.45429065863540186,-0.03760223669526486,0.45429065863540186,0.03760223669526486,0.011005180887877941,-0.002895859070122242,0.734523594379425,0.0,17.71959718892078,340,334,4.301759243011475,RoadOption.STRAIGHT,42.56052780151367,130.58966064453125,3.1471855581950687,2.8,1.2,4.5,3.0,10.0,0.6,0.01,0.06,0.55,0.16,0.2,0.35,1.5,12,10.0,14.0,0.9,1.2,0.6,0.01,0.06,0.65,0.3,0.72,0.005,0.38,0.22,0.01,0.14,1.0,0.28
lqr,ground_truth,curvy,400.0,0.05,0.1,1.0,51.56267408281565,52.008182525634766,130.21994018554688,16.706772478476005,1.1378247104447752,0.4225592049739247,-0.0343401306760267,0.4225592049739247,0.0343401306760267,0.007379293907433748,-0.003625886980444193,0.7354063987731934,0.0,17.84459718892078,341,335,4.465475082397461,RoadOption.STRAIGHT,41.560543060302734,130.58407592773438,3.1471855581950687,2.8,1.2,4.5,3.0,10.0,0.6,0.01,0.06,0.55,0.16,0.2,0.35,1.5,12,10.0,14.0,0.9,1.2,0.6,0.01,0.06,0.65,0.3,0.72,0.005,0.38,0.22,0.01,0.14,1.0,0.28
lqr,ground_truth,curvy,400.0,0.05,0.1,1.0,51.612674083560705,51.16952133178711,130.244873046875,16.829762652708354,1.139834536212426,0.39292910810815823,-0.03146391669874138,0.39292910810815823,0.03146391669874138,0.005259673576802015,-0.002119620330631733,0.7363125085830688,0.0,17.96959718892078,342,336,4.623655319213867,RoadOption.STRAIGHT,40.5605583190918,130.57847595214844,3.1471855581950687,2.8,1.2,4.5,3.0,10.0,0.6,0.01,0.06,0.55,0.16,0.2,0.35,1.5,12,10.0,14.0,0.9,1.2,0.6,0.01,0.06,0.65,0.3,0.72,0.005,0.38,0.22,0.01,0.14,1.0,0.28
lqr,ground_truth,curvy,400.0,0.05,0.1,1.0,51.66267408430576,50.32466125488281,130.26795959472656,16.952735521710373,1.1418616672104065,0.36512588481171376,-0.029114209668964275,0.36512588481171376,0.029114209668964275,0.005411215126514435,0.0001515415497124195,0.7375495433807373,0.0,18.09459718892078,343,337,4.776188373565674,RoadOption.STRAIGHT,39.560577392578125,130.57289123535156,3.1471855581950687,2.8,1.2,4.5,3.0,10.0,0.6,0.01,0.06,0.55,0.16,0.2,0.35,1.5,12,10.0,14.0,0.9,1.2,0.6,0.01,0.06,0.65,0.3,0.72,0.005,0.38,0.22,0.01,0.14,1.0,0.28
lqr,ground_truth,curvy,400.0,0.05,0.1,1.0,51.71267408505082,49.473602294921875,130.28927612304688,17.075569961553416,1.1440272273673635,0.33904272523171286,-0.02713494834681729,0.33904272523171286,0.02713494834681729,0.009065544232726097,0.0036543291062116623,0.7390149831771851,0.0,18.21959718892078,344,338,4.922974586486816,RoadOption.STRAIGHT,38.56059265136719,130.56729125976562,3.1471855581950687,2.8,1.2,4.5,3.0,10.0,0.6,0.01,0.06,0.55,0.16,0.2,0.35,1.5,12,10.0,14.0,0.9,1.2,0.6,0.01,0.06,0.65,0.3,0.72,0.005,0.38,0.22,0.01,0.14,1.0,0.28
lqr,ground_truth,curvy,400.0,0.05,0.1,1.0,51.76267408579588,48.61636734008789,130.30862426757812,17.198132508461807,1.1464646804589727,0.31490863563508387,-0.02506993323757012,0.31490863563508387,0.02506993323757012,0.00790409091860056,-0.0011614533141255379,0.7408037781715393,0.0,18.34459718892078,344,339,5.063973903656006,RoadOption.STRAIGHT,38.56059265136719,130.56729125976562,3.1471855581950687,2.8,1.2,4.5,3.0,10.0,0.6,0.01,0.06,0.55,0.16,0.2,0.35,1.5,12,10.0,14.0,0.9,1.2,0.6,0.01,0.06,0.65,0.3,0.72,0.005,0.38,0.22,0.01,0.14,1.0,0.28
lqr,ground_truth,curvy,400.0,0.05,0.1,1.0,51.81267408654094,47.752952575683594,130.32601928710938,17.32086908507679,1.1487281038439896,0.2926849169297887,-0.022884543247051248,0.2926849169297887,0.022884543247051248,0.005330879706889391,-0.0025732112117111683,0.7419529557228088,0.0,18.46959718892078,345,339,4.201076984405518,RoadOption.STRAIGHT,37.56060791015625,130.5616912841797,3.1471855581950687,2.8,1.2,4.5,3.0,10.0,0.6,0.01,0.06,0.55,0.16,0.2,0.35,1.5,12,10.0,14.0,0.9,1.2,0.6,0.01,0.06,0.65,0.3,0.72,0.005,0.38,0.22,0.01,0.14,1.0,0.28
lqr,ground_truth,curvy,400.0,0.05,0.1,1.0,51.862674087285995,46.88336181640625,130.341796875,17.443786118618913,1.1508110703018666,0.27203696510367387,-0.020875454520695058,0.27203696510367387,0.020875454520695058,0.003296489827334881,-0.00203438987955451,0.7429862022399902,0.0,18.59459718892078,346,340,4.329934120178223,RoadOption.STRAIGHT,36.56062316894531,130.5561065673828,3.1471855581950687,2.8,1.2,4.5,3.0,10.0,0.6,0.01,0.06,0.55,0.16,0.2,0.35,1.5,12,10.0,14.0,0.9,1.2,0.6,0.01,0.06,0.65,0.3,0.72,0.005,0.38,0.22,0.01,0.14,1.0,0.28
lqr,ground_truth,curvy,400.0,0.05,0.1,1.0,51.91267408803105,46.00761032104492,130.35623168945312,17.566739154402175,1.152858034518605,0.2527125680345775,-0.01923041991535346,0.2527125680345775,0.01923041991535346,0.0030334321781992912,-0.0002630576491355896,0.7441712021827698,0.0,18.71959718892078,347,341,4.452900409698486,RoadOption.STRAIGHT,35.560638427734375,130.55050659179688,3.1471855581950687,2.8,1.2,4.5,3.0,10.0,0.6,0.01,0.06,0.55,0.16,0.2,0.35,1.5,12,10.0,14.0,0.9,1.2,0.6,0.01,0.06,0.65,0.3,0.72,0.005,0.38,0.22,0.01,0.14,1.0,0.28
lqr,ground_truth,curvy,400.0,0.05,0.1,1.0,51.96267408877611,45.12568664550781,130.36944580078125,17.689638592545986,1.1549585963747937,0.23455907621300737,-0.01790017095085883,0.23455907621300737,0.01790017095085883,0.005604839418083429,0.002571407239884138,0.7454958558082581,0.0,18.84459718892078,348,342,4.569911479949951,RoadOption.STRAIGHT,34.56065368652344,130.544921875,3.1471855581950687,2.8,1.2,4.5,3.0,10.0,0.6,0.01,0.06,0.55,0.16,0.2,0.35,1.5,12,10.0,14.0,0.9,1.2,0.6,0.01,0.06,0.65,0.3,0.72,0.005,0.38,0.22,0.01,0.14,1.0,0.28
lqr,ground_truth,curvy,400.0,0.05,0.1,1.0,52.01267408952117,44.237606048583984,130.38128662109375,17.81240290703073,1.1571942818900496,0.21775965624927823,-0.016558204077567584,0.21775965624927823,0.016558204077567584,0.0051076775416731834,-0.0004971618764102459,0.7469993829727173,0.0,18.96959718892078,349,343,4.680952072143555,RoadOption.STRAIGHT,33.560672760009766,130.53932189941406,3.1471855581950687,2.8,1.2,4.5,3.0,10.0,0.6,0.01,0.06,0.55,0.16,0.2,0.35,1.5,12,10.0,14.0,0.9,1.2,0.6,0.01,0.06,0.65,0.3,0.72,0.005,0.38,0.22,0.01,0.14,1.0,0.28
lqr,ground_truth,curvy,400.0,0.05,0.1,1.0,52.06267409026623,43.34336471557617,130.39173889160156,17.935233144963096,1.1593640439576838,0.20229907092810548,-0.01513421184270225,0.20229907092810548,0.01513421184270225,0.0035003346856683493,-0.0016073428560048342,0.7482221126556396,0.0,19.09459718892078,350,344,4.7859930992126465,RoadOption.STRAIGHT,32.56068801879883,130.5337371826172,3.1471855581950687,2.8,1.2,4.5,3.0,10.0,0.6,0.01,0.06,0.55,0.16,0.2,0.35,1.5,12,10.0,14.0,0.9,1.2,0.6,0.01,0.06,0.65,0.3,0.72,0.005,0.38,0.22,0.01,0.14,1.0,0.28
lqr,ground_truth,curvy,400.0,0.05,0.1,1.0,52.112674091011286,42.44295883178711,130.4010467529297,18.058155819172033,1.1614413697487471,0.18794839932306748,-0.013806359723188777,0.18794839932306748,0.013806359723188777,0.002132698893547058,-0.0013676357921212912,0.7493576407432556,0.0,19.21959718892078,351,345,4.884993076324463,RoadOption.STRAIGHT,31.56070327758789,130.52813720703125,3.1471855581950687,2.8,1.2,4.5,3.0,10.0,0.6,0.01,0.06,0.55,0.16,0.2,0.35,1.5,12,10.0,14.0,0.9,1.2,0.6,0.01,0.06,0.65,0.3,0.72,0.005,0.38,0.22,0.01,0.14,1.0,0.28
lqr,ground_truth,curvy,400.0,0.05,0.1,1.0,52.162674091756344,41.536399841308594,130.40936279296875,18.18110651274746,1.1634906761733212,0.17457037848584325,-0.012708338405749142,0.17457037848584325,0.012708338405749142,0.0019278654363006353,-0.00020483345724642277,0.750553548336029,0.0,19.34459718892078,352,346,4.977940559387207,RoadOption.STRAIGHT,30.560718536376953,130.52255249023438,3.1471855581950687,2.8,1.2,4.5,3.0,10.0,0.6,0.01,0.06,0.55,0.16,0.2,0.35,1.5,12,10.0,14.0,0.9,1.2,0.6,0.01,0.06,0.65,0.3,0.72,0.005,0.38,0.22,0.01,0.14,1.0,0.28
lqr,ground_truth,curvy,400.0,0.05,0.1,1.0,52.2126740925014,40.623687744140625,130.4168243408203,18.304044747976427,1.140399696468016,0.16199716436190933,-0.01181751102111761,0.16199716436190933,0.01181751102111761,0.003661961294710636,0.0017340958584100008,0.7065306305885315,0.0,19.444444444444443,352,347,5.06481409072876,RoadOption.STRAIGHT,30.560718536376953,130.52255249023438,3.1471855581950687,2.8,1.2,4.5,3.0,10.0,0.6,0.01,0.06,0.55,0.16,0.2,0.35,1.5,12,10.0,14.0,0.9,1.2,0.6,0.01,0.06,0.65,0.3,0.72,0.005,0.38,0.22,0.01,0.14,1.0,0.28
lqr,ground_truth,curvy,400.0,0.05,0.1,1.0,52.26267409324646,39.70491409301758,130.42330932617188,18.42257524024335,1.0218692042010922,0.15037369384232932,-0.010920558365979272,0.15037369384232932,0.010920558365979272,0.003195937257260084,-0.000466024037450552,0.5208849310874939,0.0,19.444444444444443,353,347,4.1462273597717285,RoadOption.STRAIGHT,29.560733795166016,130.51695251464844,3.1471855581950687,2.8,1.2,4.5,3.0,10.0,0.6,0.01,0.06,0.55,0.16,0.2,0.35,1.5,12,10.0,14.0,0.9,1.2,0.6,0.01,0.06,0.65,0.3,0.72,0.005,0.38,0.22,0.01,0.14,1.0,0.28
lqr,ground_truth,curvy,400.0,0.05,0.1,1.0,52.31267409399152,38.780765533447266,130.42881774902344,18.517749374010386,0.9266950704340573,0.13970487001167117,-0.009978598288418183,0.13970487001167117,0.009978598288418183,0.0021894092205911875,-0.0010065280366688967,0.49180808663368225,0.0,19.444444444444443,354,348,4.22170877456665,RoadOption.STRAIGHT,28.560749053955078,130.51136779785156,3.1471855581950687,2.8,1.2,4.5,3.0,10.0,0.6,0.01,0.06,0.55,0.16,0.2,0.35,1.5,12,10.0,14.0,0.9,1.2,0.6,0.01,0.06,0.65,0.3,0.72,0.005,0.38,0.22,0.01,0.14,1.0,0.28
lqr,ground_truth,curvy,400.0,0.05,0.1,1.0,52.362674094736576,37.85321044921875,130.4335174560547,18.568857571767346,0.875586872677097,0.1298104171991491,-0.009112271985815212,0.1298104171991491,0.009112271985815212,0.001299965544603765,-0.0008894436759874225,0.5140222907066345,0.0,19.444444444444443,355,349,4.29384183883667,RoadOption.STRAIGHT,27.56076431274414,130.50576782226562,3.1471855581950687,2.8,1.2,4.5,3.0,10.0,0.6,0.01,0.06,0.55,0.16,0.2,0.35,1.5,12,10.0,14.0,0.9,1.2,0.6,0.01,0.06,0.65,0.3,0.72,0.005,0.38,0.22,0.01,0.14,1.0,0.28
lqr,ground_truth,curvy,400.0,0.05,0.1,1.0,52.412674095481634,36.92415237426758,130.43748474121094,18.587472183048632,0.8569722613958106,0.12065524865199356,-0.008405735348617327,0.12065524865199356,0.008405735348617327,0.0012429275084286928,-5.703803617507219e-05,0.5418457984924316,0.0,19.444444444444443,356,350,4.364526271820068,RoadOption.STRAIGHT,26.560779571533203,130.50018310546875,3.1471855581950687,2.8,1.2,4.5,3.0,10.0,0.6,0.01,0.06,0.55,0.16,0.2,0.35,1.5,12,10.0,14.0,0.9,1.2,0.6,0.01,0.06,0.65,0.3,0.72,0.005,0.38,0.22,0.01,0.14,1.0,0.28
lqr,ground_truth,curvy,400.0,0.05,0.1,1.0,52.46267409622669,35.99473190307617,130.44082641601562,18.589026247824407,0.855418196620036,0.11210839528425276,-0.007836884139776235,0.11210839528425276,0.007836884139776235,0.0015423150034621358,0.000299387495033443,0.5613860487937927,0.0,19.444444444444443,357,351,4.43488883972168,RoadOption.STRAIGHT,25.560794830322266,130.4945831298828,3.1471855581950687,2.8,1.2,4.5,3.0,10.0,0.6,0.01,0.06,0.55,0.16,0.2,0.35,1.5,12,10.0,14.0,0.9,1.2,0.6,0.01,0.06,0.65,0.3,0.72,0.005,0.38,0.22,0.01,0.14,1.0,0.28
lqr,ground_truth,curvy,400.0,0.05,0.1,1.0,52.51267409697175,35.065460205078125,130.4435272216797,18.58407509877541,0.8603693456690316,0.10421849165413481,-0.007328753003789323,0.10421849165413481,0.007328753003789323,0.0019039006438106298,0.00036158564034849405,0.5721629858016968,0.0,19.444444444444443,358,352,4.505434989929199,RoadOption.STRAIGHT,24.56081199645996,130.48899841308594,3.1471855581950687,2.8,1.2,4.5,3.0,10.0,0.6,0.01,0.06,0.55,0.16,0.2,0.35,1.5,12,10.0,14.0,0.9,1.2,0.6,0.01,0.06,0.65,0.3,0.72,0.005,0.38,0.22,0.01,0.14,1.0,0.28
lqr,ground_truth,curvy,400.0,0.05,0.1,1.0,52.56267409771681,34.136470794677734,130.44561767578125,18.578017501039437,0.8664269434050063,0.09692525028942844,-0.0068126323845318915,0.09692525028942844,0.0068126323845318915,0.0017303185304626822,-0.0001735821133479476,0.5771253108978271,0.0,19.444444444444443,359,353,4.576293468475342,RoadOption.STRAIGHT,23.560827255249023,130.4833984375,3.1471855581950687,2.8,1.2,4.5,3.0,10.0,0.6,0.01,0.06,0.55,0.16,0.2,0.35,1.5,12,10.0,14.0,0.9,1.2,0.6,0.01,0.06,0.65,0.3,0.72,0.005,0.38,0.22,0.01,0.14,1.0,0.28
lqr,ground_truth,curvy,400.0,0.05,0.1,1.0,52.612674098461866,33.2077522277832,130.4471435546875,18.572956164735704,0.8714882797087391,0.09021334863434242,-0.00629118544309426,0.09021334863434242,0.00629118544309426,0.0013971361331641674,-0.00033318239729851484,0.5789665579795837,0.0,19.444444444444443,360,354,4.64744758605957,RoadOption.STRAIGHT,22.560842514038086,130.47779846191406,3.1471855581950687,2.8,1.2,4.5,3.0,10.0,0.6,0.01,0.06,0.55,0.16,0.2,0.35,1.5,12,10.0,14.0,0.9,1.2,0.6,0.01,0.06,0.65,0.3,0.72,0.005,0.38,0.22,0.01,0.14,1.0,0.28
lqr,ground_truth,curvy,400.0,0.05,0.1,1.0,52.662674099206924,32.279232025146484,130.44813537597656,18.569346210772185,0.8750982336722579,0.08402134711982504,-0.005799565905865833,0.08402134711982504,0.005799565905865833,0.0009467427735216916,-0.00045039335964247584,0.5793908834457397,0.0,19.444444444444443,361,355,4.718820095062256,RoadOption.STRAIGHT,21.56085777282715,130.4722137451172,3.1471855581950687,2.8,1.2,4.5,3.0,10.0,0.6,0.01,0.06,0.55,0.16,0.2,0.35,1.5,12,10.0,14.0,0.9,1.2,0.6,0.01,0.06,0.65,0.3,0.72,0.005,0.38,0.22,0.01,0.14,1.0,0.28
lqr,ground_truth,curvy,400.0,0.05,0.1,1.0,52.71267409995198,31.35085105895996,130.44873046875,18.566990695528617,0.8774537489158263,0.07824210519853426,-0.005376123292543333,0.07824210519853426,0.005376123292543333,0.0008994499803520739,-4.729279316961765e-05,0.5792988538742065,0.0,19.444444444444443,362,356,4.790348052978516,RoadOption.STRAIGHT,20.56087303161621,130.46661376953125,3.1471855581950687,2.8,1.2,4.5,3.0,10.0,0.6,0.01,0.06,0.55,0.16,0.2,0.35,1.5,12,10.0,14.0,0.9,1.2,0.6,0.01,0.06,0.65,0.3,0.72,0.005,0.38,0.22,0.01,0.14,1.0,0.28
lqr,ground_truth,curvy,400.0,0.05,0.1,1.0,52.76267410069704,30.422557830810547,130.44891357421875,18.5655385005639,0.8789059438805431,0.07286007629584877,-0.005015797597055283,0.07286007629584877,0.005015797597055283,0.0009229866554960608,2.353667514398694e-05,0.579086184501648,0.0,19.444444444444443,363,357,4.861978054046631,RoadOption.STRAIGHT,19.560890197753906,130.46102905273438,3.1471855581950687,2.8,1.2,4.5,3.0,10.0,0.6,0.01,0.06,0.55,0.16,0.2,0.35,1.5,12,10.0,14.0,0.9,1.2,0.6,0.01,0.06,0.65,0.3,0.72,0.005,0.38,0.22,0.01,0.14,1.0,0.28
lqr,ground_truth,curvy,400.0,0.05,0.1,1.0,52.8126741014421,29.494314193725586,130.44871520996094,18.56467843206868,0.8797660123757645,0.06787503639293847,-0.0046940877373735646,0.06787503639293847,0.0046940877373735646,0.0010932071600109339,0.00017022050451487303,0.5788916945457458,0.0,19.444444444444443,364,358,4.933667182922363,RoadOption.STRAIGHT,18.560895919799805,130.45542907714844,3.1471855581950687,2.8,1.2,4.5,3.0,10.0,0.6,0.01,0.06,0.55,0.16,0.2,0.35,1.5,12,10.0,14.0,0.9,1.2,0.6,0.01,0.06,0.65,0.3,0.72,0.005,0.38,0.22,0.01,0.14,1.0,0.28
lqr,ground_truth,curvy,400.0,0.05,0.1,1.0,52.86267410218716,28.566097259521484,130.4481658935547,18.564177878202038,0.8802665662424047,0.06322584461252512,-0.004377970515982099,0.06322584461252512,0.004377970515982099,0.0010428030509501696,-5.040410906076431e-05,0.5787606239318848,0.0,19.444444444444443,364,359,5.005394458770752,RoadOption.STRAIGHT,18.560895919799805,130.45542907714844,3.1471855581950687,2.8,1.2,4.5,3.0,10.0,0.6,0.01,0.06,0.55,0.16,0.2,0.35,1.5,12,10.0,14.0,0.9,1.2,0.6,0.01,0.06,0.65,0.3,0.72,0.005,0.38,0.22,0.01,0.14,1.0,0.28
lqr,ground_truth,curvy,400.0,0.05,0.1,1.0,52.912674102932215,27.63789939880371,130.447265625,18.563894884443616,0.8805495600008264,0.05893480406152554,-0.004063717507351683,0.05893480406152554,0.004063717507351683,0.0008551879436708987,-0.0001876151072792709,0.5786693096160889,0.0,19.444444444444443,365,359,4.077232360839844,RoadOption.STRAIGHT,17.56505584716797,130.44969177246094,3.14797438650995,2.8,1.2,4.5,3.0,10.0,0.6,0.01,0.06,0.55,0.16,0.2,0.35,1.5,12,10.0,14.0,0.9,1.2,0.6,0.01,0.06,0.65,0.3,0.72,0.005,0.38,0.22,0.01,0.14,1.0,0.28
lqr,ground_truth,curvy,400.0,0.05,0.1,1.0,52.96267410367727,26.709716796875,130.446044921875,18.563742485353625,0.8807019590908176,0.054957180515345996,-0.0037657097813728058,0.054957180515345996,0.0037657097813728058,0.0006151839043013752,-0.00024000403936952353,0.5786040425300598,0.0,19.444444444444443,366,360,4.148996353149414,RoadOption.STRAIGHT,16.57558250427246,130.4423828125,3.1499744204885998,2.8,1.2,4.5,3.0,10.0,0.6,0.01,0.06,0.55,0.16,0.2,0.35,1.5,12,10.0,14.0,0.9,1.2,0.6,0.01,0.06,0.65,0.3,0.72,0.005,0.38,0.22,0.01,0.14,1.0,0.28
lqr,ground_truth,curvy,400.0,0.05,0.1,1.0,53.01267410442233,25.781532287597656,130.444580078125,18.563656829040095,0.8807876154043477,0.051238941658593884,-0.0035060515750897636,0.051238941658593884,0.0035060515750897636,0.0006433140370063484,2.813013270497322e-05,0.5785753726959229,0.0,19.444444444444443,367,361,4.220765113830566,RoadOption.STRAIGHT,15.586126327514648,130.43312072753906,3.15197418815114,2.8,1.2,4.5,3.0,10.0,0.6,0.01,0.06,0.55,0.16,0.2,0.35,1.5,12,10.0,14.0,0.9,1.2,0.6,0.01,0.06,0.65,0.3,0.72,0.005,0.38,0.22,0.01,0.14,1.0,0.28
lqr,ground_truth,curvy,400.0,0.05,0.1,1.0,53.06267410516739,24.85335350036621,130.44285583496094,18.56360677801183,0.8808376664326119,0.04776487161111132,-0.0032764870891242026,0.04776487161111132,0.0032764870891242026,0.0006149022956378758,-2.8411741368472576e-05,0.5785626769065857,0.0,19.444444444444443,368,362,4.29254674911499,RoadOption.STRAIGHT,14.596691131591797,130.42184448242188,3.1539742221297895,2.8,1.2,4.5,3.0,10.0,0.6,0.01,0.06,0.55,0.16,0.2,0.35,1.5,12,10.0,14.0,0.9,1.2,0.6,0.01,0.06,0.65,0.3,0.72,0.005,0.38,0.22,0.01,0.14,1.0,0.28
lqr,ground_truth,curvy,400.0,0.05,0.1,1.0,53.11267410591245,23.925180435180664,130.44090270996094,18.563580102617394,0.8808643418270492,0.044534959705334984,-0.0030660973630087796,0.044534959705334984,0.0030660973630087796,0.0007094096508808434,9.45073552429676e-05,0.5785506367683411,0.0,19.444444444444443,369,363,4.364336967468262,RoadOption.STRAIGHT,13.607279777526855,130.40863037109375,3.155974256108439,2.8,1.2,4.5,3.0,10.0,0.6,0.01,0.06,0.55,0.16,0.2,0.35,1.5,12,10.0,14.0,0.9,1.2,0.6,0.01,0.06,0.65,0.3,0.72,0.005,0.38,0.22,0.01,0.14,1.0,0.28
lqr,ground_truth,curvy,400.0,0.05,0.1,1.0,53.162674106657505,22.997005462646484,130.438720703125,18.563562430499683,0.8808820139447597,0.04151872084313243,-0.0028597023785277287,0.04151872084313243,0.0028597023785277287,0.0011892674956470728,0.0004798578447662294,0.578550398349762,0.0,19.444444444444443,370,364,4.436141490936279,RoadOption.STRAIGHT,12.617897033691406,130.39340209960938,3.1579742900870884,2.8,1.2,4.5,3.0,10.0,0.6,0.01,0.06,0.55,0.16,0.2,0.35,1.5,12,10.0,14.0,0.9,1.2,0.6,0.01,0.06,0.65,0.3,0.72,0.005,0.38,0.22,0.01,0.14,1.0,0.28
lqr,ground_truth,curvy,400.0,0.05,0.1,1.0,53.21267410740256,22.068832397460938,130.436279296875,18.563550001217237,0.8808944432272057,0.04215390644870372,-0.0034027209247939894,0.04215390644870372,0.0034027209247939894,0.008273177780210972,0.007083910284563899,0.5785515904426575,0.0,19.444444444444443,371,365,4.503796577453613,RoadOption.STRAIGHT,11.628546714782715,130.37619018554688,3.1599743240657383,2.8,1.2,4.5,3.0,10.0,0.6,0.01,0.06,0.55,0.16,0.2,0.35,1.5,12,10.0,14.0,0.9,1.2,0.6,0.01,0.06,0.65,0.3,0.72,0.005,0.38,0.22,0.01,0.14,1.0,0.28
lqr,ground_truth,curvy,400.0,0.05,0.1,1.0,53.26267410814762,21.140668869018555,130.4329376220703,18.563357342043485,0.8810871024009579,0.04770790040683802,-0.0045572012573433796,0.04770790040683802,0.0045572012573433796,0.014234687201678753,0.005961509421467781,0.5788834691047668,0.0,19.444444444444443,372,366,4.565096378326416,RoadOption.STRAIGHT,10.639232635498047,130.3570098876953,3.1619743580443878,2.8,1.2,4.5,3.0,10.0,0.6,0.01,0.06,0.55,0.16,0.2,0.35,1.5,12,10.0,14.0,0.9,1.2,0.6,0.01,0.06,0.65,0.3,0.72,0.005,0.38,0.22,0.01,0.14,1.0,0.28
lqr,ground_truth,curvy,400.0,0.05,0.1,1.0,53.31267410889268,20.212528228759766,130.4279022216797,18.562937751150198,0.881506693294245,0.05324651314977091,-0.004589691822642905,0.05324651314977091,0.004589691822642905,0.012238123454153538,-0.001996563747525215,0.5794075131416321,0.0,19.444444444444443,373,367,4.626405239105225,RoadOption.STRAIGHT,9.640340805053711,130.3365020751953,3.1621453329863707,2.8,1.2,4.5,3.0,10.0,0.6,0.01,0.06,0.55,0.16,0.2,0.35,1.5,12,10.0,14.0,0.9,1.2,0.6,0.01,0.06,0.65,0.3,0.72,0.005,0.38,0.22,0.01,0.14,1.0,0.28
lqr,ground_truth,curvy,400.0,0.05,0.1,1.0,53.36267410963774,19.284414291381836,130.42100524902344,18.562844649077253,0.8815997953671904,0.05887905169326684,-0.003860252000070119,0.05887905169326684,0.003860252000070119,0.005620739888399839,-0.006617383565753698,0.579071581363678,0.0,19.444444444444443,374,368,4.687723636627197,RoadOption.STRAIGHT,8.640128135681152,130.31594848632812,3.162064639205341,2.8,1.2,4.5,3.0,10.0,0.6,0.01,0.06,0.55,0.16,0.2,0.35,1.5,12,10.0,14.0,0.9,1.2,0.6,0.01,0.06,0.65,0.3,0.72,0.005,0.38,0.22,0.01,0.14,1.0,0.28
lqr,ground_truth,curvy,400.0,0.05,0.1,1.0,53.412674110382795,18.356300354003906,130.41265869140625,18.56310028380937,0.8813441606350736,0.06426826820854317,-0.0032831449918493405,0.06426826820854317,0.0032831449918493405,0.0014339719200506806,-0.004186767968349159,0.5784997344017029,0.0,19.444444444444443,375,369,4.749022960662842,RoadOption.STRAIGHT,7.629819393157959,130.29627990722656,3.1600646052266916,2.8,1.2,4.5,3.0,10.0,0.6,0.01,0.06,0.55,0.16,0.2,0.35,1.5,12,10.0,14.0,0.9,1.2,0.6,0.01,0.06,0.65,0.3,0.72,0.005,0.38,0.22,0.01,0.14,1.0,0.28
lqr,ground_truth,curvy,400.0,0.05,0.1,1.0,53.46267411112785,17.428186416625977,130.4031982421875,18.563346474853603,0.8810979695908401,0.06900205954080096,-0.0034149714658084918,0.06900205954080096,0.0034149714658084918,0.0021293528843671083,0.0006953809643164277,0.5783633589744568,0.0,19.444444444444443,376,370,4.810299873352051,RoadOption.STRAIGHT,6.619473934173584,130.2786407470703,3.158064571248042,2.8,1.2,4.5,3.0,10.0,0.6,0.01,0.06,0.55,0.16,0.2,0.35,1.5,12,10.0,14.0,0.9,1.2,0.6,0.01,0.06,0.65,0.3,0.72,0.005,0.38,0.22,0.01,0.14,1.0,0.28
lqr,ground_truth,curvy,400.0,0.05,0.1,1.0,53.51267411187291,16.50007438659668,130.392578125,18.563454726879122,0.8809897175653205,0.07315660279151553,-0.004089017537708628,0.07315660279151553,0.004089017537708628,0.005788171663880348,0.00365881877951324,0.5784639120101929,0.0,19.444444444444443,377,371,4.871555805206299,RoadOption.STRAIGHT,5.609095096588135,130.26300048828125,3.1560645372693927,2.8,1.2,4.5,3.0,10.0,0.6,0.01,0.06,0.55,0.16,0.2,0.35,1.5,12,10.0,14.0,0.9,1.2,0.6,0.01,0.06,0.65,0.3,0.72,0.005,0.38,0.22,0.01,0.14,1.0,0.28
lqr,ground_truth,curvy,400.0,0.05,0.1,1.0,53.56267411261797,15.57198429107666,130.38043212890625,18.5633757568516,0.881068687592844,0.07711354931363368,-0.004765460454588144,0.07711354931363368,0.004765460454588144,0.00575468922033906,-3.3482443541288376e-05,0.5787359476089478,0.0,19.444444444444443,378,372,4.932807922363281,RoadOption.STRAIGHT,4.598687171936035,130.24937438964844,3.1540645032907433,2.8,1.2,4.5,3.0,10.0,0.6,0.01,0.06,0.55,0.16,0.2,0.35,1.5,12,10.0,14.0,0.9,1.2,0.6,0.01,0.06,0.65,0.3,0.72,0.005,0.38,0.22,0.01,0.14,1.0,0.28
lqr,ground_truth,curvy,400.0,0.05,0.1,1.0,53.61267411336303,14.643918991088867,130.36669921875,18.563318788610538,0.8811256558339053,0.07263893255749437,-0.0034557178304872593,0.07263893255749437,0.0034557178304872593,-0.0033791600726544857,-0.009133849292993546,0.5787437558174133,0.0,19.444444444444443,378,373,5.003669738769531,RoadOption.STRAIGHT,4.598687171936035,130.24937438964844,3.1540645032907433,2.8,1.2,4.5,3.0,10.0,0.6,0.01,0.06,0.55,0.16,0.2,0.35,1.5,12,10.0,14.0,0.9,1.2,0.6,0.01,0.06,0.65,0.3,0.72,0.005,0.38,0.22,0.01,0.14,1.0,0.28
lqr,ground_truth,curvy,400.0,0.05,0.1,1.0,53.662674114108086,13.715864181518555,130.3522491455078,18.56338451183861,0.881059932605833,0.0680132838191411,-0.002605636810534051,0.0680132838191411,0.002605636810534051,-0.007047871593385935,-0.003668711520731449,0.5785570740699768,0.0,19.444444444444443,379,373,4.075554370880127,RoadOption.STRAIGHT,3.5882537364959717,130.23777770996094,3.152064469312094,2.8,1.2,4.5,3.0,10.0,0.6,0.01,0.06,0.55,0.16,0.2,0.35,1.5,12,10.0,14.0,0.9,1.2,0.6,0.01,0.06,0.65,0.3,0.72,0.005,0.38,0.22,0.01,0.14,1.0,0.28
lqr,ground_truth,curvy,400.0,0.05,0.1,1.0,53.712674114853144,12.787806510925293,130.3378143310547,18.563394755132506,0.8810496893119364,0.06304401820615024,-0.002733734858965775,0.06304401820615024,0.002733734858965775,-0.0073899817653000355,-0.00034211017191410065,0.578617513179779,0.0,19.444444444444443,380,374,4.147736549377441,RoadOption.STRAIGHT,2.577799081802368,130.22821044921875,3.150064701649553,2.8,1.2,4.5,3.0,10.0,0.6,0.01,0.06,0.55,0.16,0.2,0.35,1.5,12,10.0,14.0,0.9,1.2,0.6,0.01,0.06,0.65,0.3,0.72,0.005,0.38,0.22,0.01,0.14,1.0,0.28
lqr,ground_truth,curvy,400.0,0.05,0.1,1.0,53.7626741155982,11.859745979309082,130.32366943359375,18.56340763755203,0.8810368068924141,0.05074570228774064,-0.00174996315229059,0.05074570228774064,0.00174996315229059,-0.010840170085430145,-0.00345018832013011,0.5786066055297852,0.0,19.444444444444443,381,375,4.230015754699707,RoadOption.STRAIGHT,1.567327618598938,130.2206573486328,3.1480646676709036,2.8,1.2,4.5,3.0,10.0,0.6,0.01,0.06,0.55,0.16,0.2,0.35,1.5,12,10.0,14.0,0.9,1.2,0.6,0.01,0.06,0.65,0.3,0.72,0.005,0.38,0.22,0.01,0.14,1.0,0.28
lqr,ground_truth,curvy,400.0,0.05,0.1,1.0,53.81267411634326,10.931675910949707,130.31036376953125,18.563294463599668,0.8811499808447749,0.039308304946866574,-0.0015217302468713,0.039308304946866574,0.0015217302468713,-0.008743238635361195,0.0020969314500689507,0.5788257718086243,0.0,19.444444444444443,382,376,4.312319278717041,RoadOption.STRAIGHT,0.5656337141990662,130.2144775390625,3.14773816412126,2.8,1.2,4.5,3.0,10.0,0.6,0.01,0.06,0.55,0.16,0.2,0.35,1.5,12,10.0,14.0,0.9,1.2,0.6,0.01,0.06,0.65,0.3,0.72,0.005,0.38,0.22,0.01,0.14,1.0,0.28
lqr,ground_truth,curvy,400.0,0.05,0.1,1.0,53.86267411708832,10.00359058380127,130.2981719970703,18.56329289528048,0.8811515491639632,0.028426581873482612,-0.001722798909172596,0.028426581873482612,0.001722798909172596,-0.004414910916239023,0.004328327719122171,0.5786927938461304,0.0,19.444444444444443,383,377,4.394636631011963,RoadOption.STRAIGHT,-0.4343474507331848,130.20834350585938,-3.1354468767422174,2.8,1.2,4.5,3.0,10.0,0.6,0.01,0.06,0.55,0.16,0.2,0.35,1.5,12,10.0,14.0,0.9,1.2,0.6,0.01,0.06,0.65,0.3,0.72,0.005,0.38,0.22,0.01,0.14,1.0,0.28
lqr,ground_truth,curvy,400.0,0.05,0.1,1.0,53.912674117833376,9.075490951538086,130.28692626953125,18.563399086287067,0.8810453581573761,0.0182836170427393,-0.0017419736690209575,0.0182836170427393,0.0017419736690209575,-0.002022235654294491,0.0023926752619445324,0.5784997940063477,0.0,19.444444444444443,384,378,4.476961612701416,RoadOption.STRAIGHT,-1.434328556060791,130.20217895507812,-3.1354468767422174,2.8,1.2,4.5,3.0,10.0,0.6,0.01,0.06,0.55,0.16,0.2,0.35,1.5,12,10.0,14.0,0.9,1.2,0.6,0.01,0.06,0.65,0.3,0.72,0.005,0.38,0.22,0.01,0.14,1.0,0.28
lqr,ground_truth,curvy,400.0,0.05,0.1,1.0,53.962674118578434,8.14737606048584,130.2765655517578,18.56348622885295,0.8809582155914946,0.008955701175890257,-0.001278317323238909,0.008955701175890257,0.001278317323238909,-0.0029324786737561226,-0.0009102430194616318,0.5784703493118286,0.0,19.444444444444443,385,379,4.5592875480651855,RoadOption.STRAIGHT,-2.434309959411621,130.196044921875,-3.1354468767422174,2.8,1.2,4.5,3.0,10.0,0.6,0.01,0.06,0.55,0.16,0.2,0.35,1.5,12,10.0,14.0,0.9,1.2,0.6,0.01,0.06,0.65,0.3,0.72,0.005,0.38,0.22,0.01,0.14,1.0,0.28
lqr,ground_truth,curvy,400.0,0.05,0.1,1.0,54.01267411932349,7.219247817993164,130.26719665527344,18.563493515207472,0.8809509292369704,0.00033729942743942337,-0.000497478491626957,0.00033729942743942337,0.000497478491626957,-0.005450258497148752,-0.0025177798233926296,0.5785618424415588,0.0,19.444444444444443,386,380,4.641613006591797,RoadOption.STRAIGHT,-3.434290885925293,130.18988037109375,-3.1354468767422174,2.8,1.2,4.5,3.0,10.0,0.6,0.01,0.06,0.55,0.16,0.2,0.35,1.5,12,10.0,14.0,0.9,1.2,0.6,0.01,0.06,0.65,0.3,0.72,0.005,0.38,0.22,0.01,0.14,1.0,0.28
lqr,ground_truth,curvy,400.0,0.05,0.1,1.0,54.06267412006855,6.291110038757324,130.25912475585938,18.56341049914604,0.8810339452984017,-0.007894428678818892,0.00023169501483621957,0.007894428678818892,0.00023169501483621957,-0.004856867250055075,0.0005933912470936775,0.578719973564148,0.0,19.444444444444443,387,381,4.723939418792725,RoadOption.STRAIGHT,-4.434271812438965,130.18374633789062,-3.1354468767422174,2.8,1.2,4.5,3.0,10.0,0.6,0.01,0.06,0.55,0.16,0.2,0.35,1.5,12,10.0,14.0,0.9,1.2,0.6,0.01,0.06,0.65,0.3,0.72,0.005,0.38,0.22,0.01,0.14,1.0,0.28
lqr,ground_truth,curvy,400.0,0.05,0.1,1.0,54.11267412081361,5.362965106964111,130.25238037109375,18.5633758542606,0.881068590183844,-0.008420251268410027,-0.0008064051780767301,0.008420251268410027,0.0008064051780767301,0.004544531460851431,0.009401398710906506,0.5786827206611633,0.0,19.444444444444443,388,382,4.797481536865234,RoadOption.STRAIGHT,-5.434253215789795,130.1776123046875,-3.1354468767422174,2.8,1.2,4.5,3.0,10.0,0.6,0.01,0.06,0.55,0.16,0.2,0.35,1.5,12,10.0,14.0,0.9,1.2,0.6,0.01,0.06,0.65,0.3,0.72,0.005,0.38,0.22,0.01,0.14,1.0,0.28
lqr,ground_truth,curvy,400.0,0.05,0.1,1.0,54.162674121558666,4.434816837310791,130.24609375,18.563393653458235,0.8810507909862082,-0.007824922449288667,-0.001458879645145128,0.007824922449288667,0.001458879645145128,0.008485536091029644,0.003941004630178213,0.5786091089248657,0.0,19.444444444444443,389,383,4.869311332702637,RoadOption.STRAIGHT,-6.434234142303467,130.17144775390625,-3.1354468767422174,2.8,1.2,4.5,3.0,10.0,0.6,0.01,0.06,0.55,0.16,0.2,0.35,1.5,12,10.0,14.0,0.9,1.2,0.6,0.01,0.06,0.65,0.3,0.72,0.005,0.38,0.22,0.01,0.14,1.0,0.28
lqr,ground_truth,curvy,400.0,0.05,0.1,1.0,54.212674122303724,3.5066728591918945,130.23951721191406,18.563340856796067,0.8811035876483757,-0.006971450751126981,-0.0009709885334427959,0.006971450751126981,0.0009709885334427959,0.004395580850541592,-0.004089955240488052,0.5787255167961121,0.0,19.444444444444443,390,384,4.941143035888672,RoadOption.STRAIGHT,-7.434215068817139,130.16531372070312,-3.1354468767422174,2.8,1.2,4.5,3.0,10.0,0.6,0.01,0.06,0.55,0.16,0.2,0.35,1.5,12,10.0,14.0,0.9,1.2,0.6,0.01,0.06,0.65,0.3,0.72,0.005,0.38,0.22,0.01,0.14,1.0,0.28
lqr,ground_truth,curvy,400.0,0.05,0.1,1.0,54.26267412304878,2.578528642654419,130.23275756835938,18.563416425733582,0.881028018710861,-0.005904359674095503,3.3555829735298914e-05,0.005904359674095503,3.3555829735298914e-05,-0.0018469279166311026,-0.006242508767172694,0.5785261392593384,0.0,19.444444444444443,390,385,5.012973308563232,RoadOption.STRAIGHT,-7.434215068817139,130.16531372070312,-3.1354468767422174,2.8,1.2,4.5,3.0,10.0,0.6,0.01,0.06,0.55,0.16,0.2,0.35,1.5,12,10.0,14.0,0.9,1.2,0.6,0.01,0.06,0.65,0.3,0.72,0.005,0.38,0.22,0.01,0.14,1.0,0.28
lqr,ground_truth,curvy,400.0,0.05,0.1,1.0,54.31267412379384,1.6503794193267822,130.2262420654297,18.56346239830063,0.8809820461438136,-0.005093141890579408,0.0006705839624818744,0.005093141890579408,0.0006705839624818744,-0.00471755163744092,-0.0028706237208098173,0.5785340666770935,0.0,19.444444444444443,391,385,4.084801197052002,RoadOption.STRAIGHT,-8.434196472167969,130.15914916992188,-3.1354468767422174,2.8,1.2,4.5,3.0,10.0,0.6,0.01,0.06,0.55,0.16,0.2,0.35,1.5,12,10.0,14.0,0.9,1.2,0.6,0.01,0.06,0.65,0.3,0.72,0.005,0.38,0.22,0.01,0.14,1.0,0.28
lqr,ground_truth,curvy,400.0,0.05,0.1,1.0,54.3626741245389,0.7222260236740112,130.22030639648438,18.56344810491217,0.880996339532274,-0.004880586206724383,0.0005890912331256715,0.004880586206724383,0.0005890912331256715,-0.0029812639113515615,0.0017362877260893583,0.5786149501800537,0.0,19.444444444444443,392,386,4.156628608703613,RoadOption.STRAIGHT,-9.43417739868164,130.15301513671875,-3.1354468767422174,2.8,1.2,4.5,3.0,10.0,0.6,0.01,0.06,0.55,0.16,0.2,0.35,1.5,12,10.0,14.0,0.9,1.2,0.6,0.01,0.06,0.65,0.3,0.72,0.005,0.38,0.22,0.01,0.14,1.0,0.28
lqr,ground_truth,curvy,400.0,0.05,0.1,1.0,54.41267412528396,-0.20593047142028809,130.21473693847656,18.563481855803314,0.880962588641129,-0.0050037365909551094,9.93359086600698e-05,0.0050037365909551094,9.93359086600698e-05,0.0008746821549721062,0.0038559460663236678,0.5785370469093323,0.0,19.444444444444443,393,387,4.228455066680908,RoadOption.STRAIGHT,-10.434158325195312,130.14688110351562,-3.1354468767422174,2.8,1.2,4.5,3.0,10.0,0.6,0.01,0.06,0.55,0.16,0.2,0.35,1.5,12,10.0,14.0,0.9,1.2,0.6,0.01,0.06,0.65,0.3,0.72,0.005,0.38,0.22,0.01,0.14,1.0,0.28
lqr,ground_truth,curvy,400.0,0.05,0.1,1.0,54.462674126029015,-1.1340887546539307,130.2091522216797,18.563514867261627,0.8809295771828154,-0.005111636533208907,-0.0002490055619221998,0.005111636533208907,0.0002490055619221998,0.0030941967852413654,0.002219514630269259,0.5785181522369385,0.0,19.444444444444443,394,388,4.300280570983887,RoadOption.STRAIGHT,-11.434139251708984,130.14071655273438,-3.1354468767422174,2.8,1.2,4.5,3.0,10.0,0.6,0.01,0.06,0.55,0.16,0.2,0.35,1.5,12,10.0,14.0,0.9,1.2,0.6,0.01,0.06,0.65,0.3,0.72,0.005,0.38,0.22,0.01,0.14,1.0,0.28
lqr,ground_truth,curvy,400.0,0.05,0.1,1.0,54.51267412677407,-2.062246084213257,130.20330810546875,18.563514398957135,0.8809300454873075,-0.004990656031494331,-0.0001685780970017703,0.004990656031494331,0.0001685780970017703,0.0020029509905725718,-0.0010912457946687937,0.5785585641860962,0.0,19.444444444444443,395,389,4.372105121612549,RoadOption.STRAIGHT,-12.434121131896973,130.13458251953125,-3.1354468767422174,2.8,1.2,4.5,3.0,10.0,0.6,0.01,0.06,0.55,0.16,0.2,0.35,1.5,12,10.0,14.0,0.9,1.2,0.6,0.01,0.06,0.65,0.3,0.72,0.005,0.38,0.22,0.01,0.14,1.0,0.28
lqr,ground_truth,curvy,400.0,0.05,0.1,1.0,54.56267412751913,-2.9904024600982666,130.19725036621094,18.563528025433488,0.8809164190109549,-0.004625533654398273,0.00017337178696408273,0.004625533654398273,0.00017337178696408273,-0.00025364934117533267,-0.0022566003317479044,0.5785334706306458,0.0,19.444444444444443,396,390,4.443927764892578,RoadOption.STRAIGHT,-13.434102058410645,130.12844848632812,-3.1354468767422174,2.8,1.2,4.5,3.0,10.0,0.6,0.01,0.06,0.55,0.16,0.2,0.35,1.5,12,10.0,14.0,0.9,1.2,0.6,0.01,0.06,0.65,0.3,0.72,0.005,0.38,0.22,0.01,0.14,1.0,0.28
lqr,ground_truth,curvy,400.0,0.05,0.1,1.0,54.61267412826419,-3.9185595512390137,130.19119262695312,18.56354071677538,0.8809037276690646,-0.004290929744353973,0.00044048684429931484,0.004290929744353973,0.00044048684429931484,-0.0018413387006148696,-0.001587689359439537,0.57852703332901,0.0,19.444444444444443,397,391,4.515750885009766,RoadOption.STRAIGHT,-14.434082984924316,130.12228393554688,-3.1354468767422174,2.8,1.2,4.5,3.0,10.0,0.6,0.01,0.06,0.55,0.16,0.2,0.35,1.5,12,10.0,14.0,0.9,1.2,0.6,0.01,0.06,0.65,0.3,0.72,0.005,0.38,0.22,0.01,0.14,1.0,0.28
lqr,ground_truth,curvy,400.0,0.05,0.1,1.0,54.66267412900925,-4.846717834472656,130.18527221679688,18.563535343010948,0.8809091014334953,-0.004063145597394412,0.00043995421208142815,0.004063145597394412,0.00043995421208142815,-0.0014078085077926517,0.00043353019282221794,0.5785518884658813,0.0,19.444444444444443,398,392,4.587573528289795,RoadOption.STRAIGHT,-15.434063911437988,130.11614990234375,-3.1354468767422174,2.8,1.2,4.5,3.0,10.0,0.6,0.01,0.06,0.55,0.16,0.2,0.35,1.5,12,10.0,14.0,0.9,1.2,0.6,0.01,0.06,0.65,0.3,0.72,0.005,0.38,0.22,0.01,0.14,1.0,0.28
lqr,ground_truth,curvy,400.0,0.05,0.1,1.0,54.712674129754305,-5.774876117706299,130.17950439453125,18.563536218609094,0.8809082258353484,-0.00398794645940289,0.000246076084723601,0.00398794645940289,0.000246076084723601,0.00016894954023882747,0.0015767580480314791,0.5785439014434814,0.0,19.444444444444443,399,393,4.659396648406982,RoadOption.STRAIGHT,-16.434045791625977,130.1099853515625,-3.1354468767422174,2.8,1.2,4.5,3.0,10.0,0.6,0.01,0.06,0.55,0.16,0.2,0.35,1.5,12,10.0,14.0,0.9,1.2,0.6,0.01,0.06,0.65,0.3,0.72,0.005,0.38,0.22,0.01,0.14,1.0,0.28
lqr,ground_truth,curvy,400.0,0.05,0.1,1.0,54.76267413049936,-6.703033924102783,130.17372131347656,18.56354065661811,0.8809037878263339,-0.003928002891791849,8.522115488274196e-05,0.003928002891791849,8.522115488274196e-05,0.0009720458183437586,0.0008030962781049311,0.5785369277000427,0.0,19.444444444444443,400,394,4.731220722198486,RoadOption.STRAIGHT,-17.43402671813965,130.10385131835938,-3.1354468767422174,2.8,1.2,4.5,3.0,10.0,0.6,0.01,0.06,0.55,0.16,0.2,0.35,1.5,12,10.0,14.0,0.9,1.2,0.6,0.01,0.06,0.65,0.3,0.72,0.005,0.38,0.22,0.01,0.14,1.0,0.28
lqr,ground_truth,curvy,400.0,0.05,0.1,1.0,54.81267413124442,-7.631192684173584,130.16786193847656,18.563543088576772,0.880901355867671,-0.0037612498179031874,7.510114274023039e-05,0.0037612498179031874,7.510114274023039e-05,0.000807963777333498,-0.00016408204101026058,0.5785378813743591,0.0,19.444444444444443,401,395,4.803044319152832,RoadOption.STRAIGHT,-18.43400764465332,130.09771728515625,-3.1354468767422174,2.8,1.2,4.5,3.0,10.0,0.6,0.01,0.06,0.55,0.16,0.2,0.35,1.5,12,10.0,14.0,0.9,1.2,0.6,0.01,0.06,0.65,0.3,0.72,0.005,0.38,0.22,0.01,0.14,1.0,0.28
lqr,ground_truth,curvy,400.0,0.05,0.1,1.0,54.86267413198948,-8.559350967407227,130.1619110107422,18.563542660354763,0.88090178408968,-0.003502948669150019,0.00017656758027229102,0.003502948669150019,0.00017656758027229102,9.612119902158156e-05,-0.0007118425783119164,0.5785415768623352,0.0,19.444444444444443,402,396,4.874866485595703,RoadOption.STRAIGHT,-19.433988571166992,130.091552734375,-3.1354468767422174,2.8,1.2,4.5,3.0,10.0,0.6,0.01,0.06,0.55,0.16,0.2,0.35,1.5,12,10.0,14.0,0.9,1.2,0.6,0.01,0.06,0.65,0.3,0.72,0.005,0.38,0.22,0.01,0.14,1.0,0.28
lqr,ground_truth,curvy,400.0,0.05,0.1,1.0,54.91267413273454,-9.487509727478027,130.1559295654297,18.56354203192731,0.8809024125171341,-0.0032446504509131766,0.00027883296613140374,0.0032446504509131766,0.00027883296613140374,-0.0007013540016487241,-0.0007974752006703056,0.578542172908783,0.0,19.444444444444443,403,397,4.946688175201416,RoadOption.STRAIGHT,-20.433969497680664,130.08541870117188,-3.1354468767422174,2.8,1.2,4.5,3.0,10.0,0.6,0.01,0.06,0.55,0.16,0.2,0.35,1.5,12,10.0,14.0,0.9,1.2,0.6,0.01,0.06,0.65,0.3,0.72,0.005,0.38,0.22,0.01,0.14,1.0,0.28
lqr,ground_truth,curvy,400.0,0.05,0.1,1.0,54.962674133479595,-10.415668487548828,130.1500244140625,18.563540955397464,0.4809034890469803,-0.0030321277353667353,0.00028762139772853246,0.0030321277353667353,0.00028762139772853246,-0.0005476691294461489,0.0001536848722025752,0.0,0.14145661890506744,19.044444444444444,403,398,5.018510341644287,RoadOption.STRAIGHT,-20.433969497680664,130.08541870117188,-3.1354468767422174,2.8,1.2,4.5,3.0,10.0,0.6,0.01,0.06,0.55,0.16,0.2,0.35,1.5,12,10.0,14.0,0.9,1.2,0.6,0.01,0.06,0.65,0.3,0.72,0.005,0.38,0.22,0.01,0.14,1.0,0.28
lqr,ground_truth,curvy,400.0,0.05,0.1,1.0,55.01267413422465,-11.3431978225708,130.14418029785156,18.53184310862226,0.11260133582218401,-0.0028884743200953134,0.0002175802610597799,0.0028884743200953134,0.0002175802610597799,1.6178679288714193e-05,0.0005638478087348631,0.0,0.3244017958641052,18.644444444444446,404,398,4.0909624099731445,RoadOption.STRAIGHT,-21.433950424194336,130.07928466796875,-3.1354468767422174,2.8,1.2,4.5,3.0,10.0,0.6,0.01,0.06,0.55,0.16,0.2,0.35,1.5,12,10.0,14.0,0.9,1.2,0.6,0.01,0.06,0.65,0.3,0.72,0.005,0.38,0.22,0.01,0.14,1.0,0.28
lqr,ground_truth,curvy,400.0,0.05,0.1,1.0,55.06267413496971,-12.266000747680664,130.13836669921875,18.390669351523982,-0.14622490707953517,-0.002765098191395806,0.00015393071100655575,0.002765098191395806,0.00015393071100655575,0.00020407729607541114,0.00018789861678669695,0.0,0.3483995497226715,18.244444444444447,405,399,4.168141841888428,RoadOption.STRAIGHT,-22.433931350708008,130.0731201171875,-3.1354468767422174,2.8,1.2,4.5,3.0,10.0,0.6,0.01,0.06,0.55,0.16,0.2,0.35,1.5,12,10.0,14.0,0.9,1.2,0.6,0.01,0.06,0.65,0.3,0.72,0.005,0.38,0.22,0.01,0.14,1.0,0.28
lqr,ground_truth,curvy,400.0,0.05,0.1,1.0,55.11267413571477,-13.178756713867188,130.13259887695312,18.158699247832217,-0.3142548033877688,-0.002595240445784675,0.00013315805450409002,0.002595240445784675,0.00013315805450409002,0.00022010634711477906,1.6029051039367914e-05,0.0,0.3404189944267273,17.84444444444445,406,400,4.255367279052734,RoadOption.STRAIGHT,-23.43391227722168,130.06698608398438,-3.1354468767422174,2.8,1.2,4.5,3.0,10.0,0.6,0.01,0.06,0.55,0.16,0.2,0.35,1.5,12,10.0,14.0,0.9,1.2,0.6,0.01,0.06,0.65,0.3,0.72,0.005,0.38,0.22,0.01,0.14,1.0,0.28
lqr,ground_truth,curvy,400.0,0.05,0.1,1.0,55.16267413645983,-14.078221321105957,130.1269073486328,17.87420409638202,-0.4297596519375695,-0.0024199899927821143,0.00014487596330026165,0.0024199899927821143,0.00014487596330026165,0.00014097205712459981,-7.913428999017924e-05,0.0,0.34690672159194946,17.44444444444445,407,401,4.355884552001953,RoadOption.STRAIGHT,-24.433895111083984,130.06082153320312,-3.1354468767422174,2.8,1.2,4.5,3.0,10.0,0.6,0.01,0.06,0.55,0.16,0.2,0.35,1.5,12,10.0,14.0,0.9,1.2,0.6,0.01,0.06,0.65,0.3,0.72,0.005,0.38,0.22,0.01,0.14,1.0,0.28
lqr,ground_truth,curvy,400.0,0.05,0.1,1.0,55.212674137204885,-14.962377548217773,130.1212921142578,17.55554574968246,-0.5111013052380073,-0.002257467750152415,0.00017150757420125728,0.002257467750152415,0.00017150757420125728,-0.0001892404252430424,-0.0003302124823676422,0.0,0.35497143864631653,17.04444444444445,408,402,4.471710681915283,RoadOption.STRAIGHT,-25.433876037597656,130.0546875,-3.1354468767422174,2.8,1.2,4.5,3.0,10.0,0.6,0.01,0.06,0.55,0.16,0.2,0.35,1.5,12,10.0,14.0,0.9,1.2,0.6,0.01,0.06,0.65,0.3,0.72,0.005,0.38,0.22,0.01,0.14,1.0,0.28
lqr,ground_truth,curvy,400.0,0.05,0.1,1.0,55.26267413794994,-15.829909324645996,130.11581420898438,17.214929164432423,-0.5704847199879701,-0.002099585492855171,0.00017923074136261263,0.002099585492855171,0.00017923074136261263,-0.0002481008123140782,-5.88603870710358e-05,0.0,0.364536851644516,16.644444444444453,409,403,4.604160785675049,RoadOption.STRAIGHT,-26.433856964111328,130.04855346679688,-3.1354468767422174,2.8,1.2,4.5,3.0,10.0,0.6,0.01,0.06,0.55,0.16,0.2,0.35,1.5,12,10.0,14.0,0.9,1.2,0.6,0.01,0.06,0.65,0.3,0.72,0.005,0.38,0.22,0.01,0.14,1.0,0.28
lqr,ground_truth,curvy,400.0,0.05,0.1,1.0,55.312674138695,-16.67998504638672,130.11045837402344,16.860726713691133,-0.6162822692466783,-0.001956490901326869,0.00015978966540508566,0.001956490901326869,0.00015978966540508566,-2.1733701942139305e-05,0.0002263671103719389,0.0,0.3760204613208771,16.244444444444454,410,404,4.754068374633789,RoadOption.STRAIGHT,-27.433837890625,130.04238891601562,-3.1354468767422174,2.8,1.2,4.5,3.0,10.0,0.6,0.01,0.06,0.55,0.16,0.2,0.35,1.5,12,10.0,14.0,0.9,1.2,0.6,0.01,0.06,0.65,0.3,0.72,0.005,0.38,0.22,0.01,0.14,1.0,0.28
lqr,ground_truth,curvy,400.0,0.05,0.1,1.0,55.36267413944006,-17.512107849121094,130.10523986816406,16.49856989105726,-0.6541254466128077,-0.0018709058802535393,0.00013715279613935039,0.0018709058802535393,0.00013715279613935039,-4.0615082980366424e-05,-1.888138103822712e-05,0.0,0.3895081877708435,15.844444444444454,411,405,4.921928882598877,RoadOption.STRAIGHT,-28.433818817138672,130.0362548828125,-3.1354468767422174,2.8,1.2,4.5,3.0,10.0,0.6,0.01,0.06,0.55,0.16,0.2,0.35,1.5,12,10.0,14.0,0.9,1.2,0.6,0.01,0.06,0.65,0.3,0.72,0.005,0.38,0.22,0.01,0.14,1.0,0.28
lqr,ground_truth,curvy,400.0,0.05,0.1,1.0,55.41267414018512,-18.32599639892578,130.10012817382812,16.13224613842841,-0.6878016939839569,-0.0017495504196261558,0.00012037488127170093,0.0017495504196261558,0.00012037488127170093,0.0001234214287251234,0.00016403651170548983,0.0,0.40505751967430115,15.444444444444454,411,406,5.1080241203308105,RoadOption.STRAIGHT,-28.433818817138672,130.0362548828125,-3.1354468767422174,2.8,1.2,4.5,3.0,10.0,0.6,0.01,0.06,0.55,0.16,0.2,0.35,1.5,12,10.0,14.0,0.9,1.2,0.6,0.01,0.06,0.65,0.3,0.72,0.005,0.38,0.22,0.01,0.14,1.0,0.28
lqr,ground_truth,curvy,400.0,0.05,0.1,1.0,55.462674140930176,-19.12152099609375,130.09512329101562,15.764261207887511,-0.7198167634430579,-0.0016338479990284233,0.00011877698461759678,0.0016338479990284233,0.00011877698461759678,0.00013832966214977205,1.4908233424648643e-05,0.0,0.4226330816745758,15.044444444444453,412,406,4.312483787536621,RoadOption.STRAIGHT,-29.43410873413086,130.0301055908203,-3.1354468767422174,2.8,1.2,4.5,3.0,10.0,0.6,0.01,0.06,0.55,0.16,0.2,0.35,1.5,12,10.0,14.0,0.9,1.2,0.6,0.01,0.06,0.65,0.3,0.72,0.005,0.38,0.22,0.01,0.14,1.0,0.28
lqr,ground_truth,curvy,400.0,0.05,0.1,1.0,55.512674141675234,-19.89864730834961,130.09024047851562,15.39625206295464,-0.7518076185101865,-0.0015459442454527905,0.0001334243706132554,0.0015459442454527905,0.0001334243706132554,-9.443057206226513e-05,-0.00023276023421203718,0.0,0.44217443466186523,14.644444444444453,413,407,4.535343647003174,RoadOption.STRAIGHT,-30.40340805053711,130.02146911621094,-3.117932597833311,2.8,1.2,4.5,3.0,10.0,0.6,0.01,0.06,0.55,0.16,0.2,0.35,1.5,12,10.0,14.0,0.9,1.2,0.6,0.01,0.06,0.65,0.3,0.72,0.005,0.38,0.22,0.01,0.14,1.0,0.28
lqr,ground_truth,curvy,400.0,0.05,0.1,1.0,55.56267414242029,-20.657411575317383,130.08546447753906,15.029244313163735,-0.7847998687192828,-0.0014214963960148853,0.0001400822733383933,0.0014214963960148853,0.0001400822733383933,-0.00015799594984855503,-6.35653777862899e-05,0.0,0.46356385946273804,14.244444444444452,414,408,4.776564121246338,RoadOption.STRAIGHT,-31.311279296875,129.97637939453125,-3.0659847112941168,2.8,1.2,4.5,3.0,10.0,0.6,0.01,0.06,0.55,0.16,0.2,0.35,1.5,12,10.0,14.0,0.9,1.2,0.6,0.01,0.06,0.65,0.3,0.72,0.005,0.38,0.22,0.01,0.14,1.0,0.28
lqr,ground_truth,curvy,400.0,0.05,0.1,1.0,55.61267414316535,-21.397872924804688,130.08082580566406,14.663850035970984,-0.8194055915265324,-0.001321890116260209,0.00012969594508716042,0.001321890116260209,0.00012969594508716042,-1.816828989831265e-05,0.00013982765995024238,0.0,0.48667314648628235,13.844444444444452,415,409,5.036087989807129,RoadOption.STRAIGHT,-32.215579986572266,129.8842010498047,-3.014037091071031,2.8,1.2,4.5,3.0,10.0,0.6,0.01,0.06,0.55,0.16,0.2,0.35,1.5,12,10.0,14.0,0.9,1.2,0.6,0.01,0.06,0.65,0.3,0.72,0.005,0.38,0.22,0.01,0.14,1.0,0.28
lqr,ground_truth,curvy,400.0,0.05,0.1,1.0,55.66267414391041,-22.120126724243164,130.07630920410156,14.300403715145135,-0.8559592707006836,-0.0012629700103493693,0.00011717908796349263,0.0012629700103493693,0.00011717908796349263,-8.148834604071453e-05,-6.332005614240188e-05,0.0,0.5113708972930908,13.444444444444452,415,410,5.313819885253906,RoadOption.STRAIGHT,-32.215579986572266,129.8842010498047,-3.014037091071031,2.8,1.2,4.5,3.0,10.0,0.6,0.01,0.06,0.55,0.16,0.2,0.35,1.5,12,10.0,14.0,0.9,1.2,0.6,0.01,0.06,0.65,0.3,0.72,0.005,0.38,0.22,0.01,0.14,1.0,0.28
lqr,ground_truth,curvy,400.0,0.05,0.1,1.0,55.712674144655466,-22.824275970458984,130.0718994140625,13.939049026402646,-0.8946045819581947,-0.0011807801435520932,0.00010492854694943432,0.0011807801435520932,0.00010492854694943432,-0.00010435414151288569,-2.2865795472171158e-05,0.0,0.5375153422355652,13.044444444444451,416,410,4.609656810760498,RoadOption.STRAIGHT,-33.11387634277344,129.7451934814453,-2.9620892045318366,2.8,1.2,4.5,3.0,10.0,0.6,0.01,0.06,0.55,0.16,0.2,0.35,1.5,12,10.0,14.0,0.9,1.2,0.6,0.01,0.06,0.65,0.3,0.72,0.005,0.38,0.22,0.01,0.14,1.0,0.28
pid,ground_truth,curvy,400.0,0.05,0.1,1.0,55.762674145400524,-9.875875473022461,-57.55167007446289,0.4899999797344208,18.954444464710022,0.04549653862999907,1.0194913535599426e-07,0.04549653862999907,1.0194913535599426e-07,-0.6499999761581421,-0.6499999761581421,1.0,0.0,19.444444444444443,11,0,0.5870656371116638,RoadOption.STRAIGHT,1.095213770866394,-57.46044921875,0.015969112844442135,2.8,1.2,4.5,3.0,10.0,0.6,0.01,0.06,0.55,0.16,0.2,0.35,1.5,12,10.0,14.0,0.9,1.2,0.6,0.01,0.06,0.65,0.3,0.72,0.005,0.38,0.22,0.01,0.14,1.0,0.28
pid,ground_truth,curvy,400.0,0.05,0.1,1.0,55.81267414614558,-9.875875473022461,-57.55167007446289,0.9800000786781311,18.46444436576631,0.050639856295309094,-0.000891353775065884,0.050639856295309094,0.000891353775065884,-0.550000011920929,0.09999996423721313,1.0,0.0,19.444444444444443,11,6,6.02096700668335,RoadOption.STRAIGHT,1.095213770866394,-57.46044921875,0.015969112844442135,2.8,1.2,4.5,3.0,10.0,0.6,0.01,0.06,0.55,0.16,0.2,0.35,1.5,12,10.0,14.0,0.9,1.2,0.6,0.01,0.06,0.65,0.3,0.72,0.005,0.38,0.22,0.01,0.14,1.0,0.28
pid,ground_truth,curvy,400.0,0.05,0.1,1.0,55.86267414689064,-9.875875473022461,-57.55167007446289,1.470000147819519,17.974444296624924,0.050639856295309094,-0.000891353775065884,0.050639856295309094,0.000891353775065884,-0.44999998807907104,0.10000002384185791,1.0,0.0,19.444444444444443,11,6,6.015523433685303,RoadOption.STRAIGHT,1.095213770866394,-57.46044921875,0.015969112844442135,2.8,1.2,4.5,3.0,10.0,0.6,0.01,0.06,0.55,0.16,0.2,0.35,1.5,12,10.0,14.0,0.9,1.2,0.6,0.01,0.06,0.65,0.3,0.72,0.005,0.38,0.22,0.01,0.14,1.0,0.28
pid,ground_truth,curvy,400.0,0.05,0.1,1.0,55.9126741476357,-9.875875473022461,-57.55167007446289,1.9600002765655518,17.48444416787889,0.050639856295309094,-0.000891353775065884,0.050639856295309094,0.000891353775065884,-0.3499999940395355,0.09999999403953552,1.0,0.0,19.444444444444443,11,6,6.009093761444092,RoadOption.STRAIGHT,1.095213770866394,-57.46044921875,0.015969112844442135,2.8,1.2,4.5,3.0,10.0,0.6,0.01,0.06,0.55,0.16,0.2,0.35,1.5,12,10.0,14.0,0.9,1.2,0.6,0.01,0.06,0.65,0.3,0.72,0.005,0.38,0.22,0.01,0.14,1.0,0.28
pid,ground_truth,curvy,400.0,0.05,0.1,1.0,55.962674148380756,-9.875875473022461,-57.55167007446289,2.450000286102295,16.994444158342148,0.050639856295309094,-0.000891353775065884,0.050639856295309094,0.000891353775065884,-0.25,0.09999999403953552,1.0,0.0,19.444444444444443,11,6,6.002754211425781,RoadOption.STRAIGHT,1.095213770866394,-57.46044921875,0.015969112844442135,2.8,1.2,4.5,3.0,10.0,0.6,0.01,0.06,0.55,0.16,0.2,0.35,1.5,12,10.0,14.0,0.9,1.2,0.6,0.01,0.06,0.65,0.3,0.72,0.005,0.38,0.22,0.01,0.14,1.0,0.28
pid,ground_truth,curvy,400.0,0.05,0.1,1.0,56.012674149125814,-9.875875473022461,-57.55167007446289,2.93999981880188,16.504444625642563,0.050639856295309094,-0.000891353775065884,0.050639856295309094,0.000891353775065884,-0.15000000596046448,0.09999999403953552,1.0,0.0,19.444444444444443,11,6,5.9978861808776855,RoadOption.STRAIGHT,1.095213770866394,-57.46044921875,0.015969112844442135,2.8,1.2,4.5,3.0,10.0,0.6,0.01,0.06,0.55,0.16,0.2,0.35,1.5,12,10.0,14.0,0.9,1.2,0.6,0.01,0.06,0.65,0.3,0.72,0.005,0.38,0.22,0.01,0.14,1.0,0.28
pid,ground_truth,curvy,400.0,0.05,0.1,1.0,56.06267414987087,-9.875874519348145,-57.55167007446289,2.0671517849109544,17.377292659533488,0.05063984551286746,-0.000891353775065884,0.05063984551286746,0.000891353775065884,-0.05000000074505806,0.10000000521540642,1.0,0.0,19.444444444444443,11,6,5.996154308319092,RoadOption.STRAIGHT,1.095213770866394,-57.46044921875,0.015969112844442135,2.8,1.2,4.5,3.0,10.0,0.6,0.01,0.06,0.55,0.16,0.2,0.35,1.5,12,10.0,14.0,0.9,1.2,0.6,0.01,0.06,0.65,0.3,0.72,0.005,0.38,0.22,0.01,0.14,1.0,0.28
pid,ground_truth,curvy,400.0,0.05,0.1,1.0,56.11267415061593,-9.875874519348145,-57.55167007446289,0.7392763495472272,18.705168094897214,0.05063984551286746,-0.000891353775065884,0.05063984551286746,0.000891353775065884,-0.0015166547382250428,0.04848334600683302,1.0,0.0,19.444444444444443,11,6,5.996372222900391,RoadOption.STRAIGHT,1.095213770866394,-57.46044921875,0.015969112844442135,2.8,1.2,4.5,3.0,10.0,0.6,0.01,0.06,0.55,0.16,0.2,0.35,1.5,12,10.0,14.0,0.9,1.2,0.6,0.01,0.06,0.65,0.3,0.72,0.005,0.38,0.22,0.01,0.14,1.0,0.28
pid,ground_truth,curvy,400.0,0.05,0.1,1.0,56.16267415136099,-9.875874519348145,-57.55167007446289,0.11258020251992869,19.331864241924514,0.05063984551286746,-0.000891353775065884,0.05063984551286746,0.000891353775065884,-0.0015171798877418041,-5.25149516761303e-07,1.0,0.0,19.444444444444443,11,6,5.9965338706970215,RoadOption.STRAIGHT,1.095213770866394,-57.46044921875,0.015969112844442135,2.8,1.2,4.5,3.0,10.0,0.6,0.01,0.06,0.55,0.16,0.2,0.35,1.5,12,10.0,14.0,0.9,1.2,0.6,0.01,0.06,0.65,0.3,0.72,0.005,0.38,0.22,0.01,0.14,1.0,0.28
pid,ground_truth,curvy,400.0,0.05,0.1,1.0,56.21267415210605,-9.870336532592773,-57.55161666870117,0.3639818405045597,19.080462603939882,0.0506306342224927,-0.0008996220580126391,0.0506306342224927,0.0008996220580126391,-0.0014544877922162414,6.269209552556276e-05,1.0,0.0,19.444444444444443,11,6,5.990961074829102,RoadOption.STRAIGHT,1.095213770866394,-57.46044921875,0.015969112844442135,2.8,1.2,4.5,3.0,10.0,0.6,0.01,0.06,0.55,0.16,0.2,0.35,1.5,12,10.0,14.0,0.9,1.2,0.6,0.01,0.06,0.65,0.3,0.72,0.005,0.38,0.22,0.01,0.14,1.0,0.28
pid,ground_truth,curvy,400.0,0.05,0.1,1.0,56.262674152851105,-9.825303077697754,-57.55117416381836,1.2388310347447296,18.205613409699712,0.05056395314541075,-0.0009428744988886351,0.05056395314541075,0.0009428744988886351,-0.0012042474700137973,0.0002502403222024441,1.0,0.0,19.444444444444443,11,6,5.945826053619385,RoadOption.STRAIGHT,1.095213770866394,-57.46044921875,0.015969112844442135,2.8,1.2,4.5,3.0,10.0,0.6,0.01,0.06,0.55,0.16,0.2,0.35,1.5,12,10.0,14.0,0.9,1.2,0.6,0.01,0.06,0.65,0.3,0.72,0.005,0.38,0.22,0.01,0.14,1.0,0.28
pid,ground_truth,curvy,400.0,0.05,0.1,1.0,56.31267415359616,-9.742670059204102,-57.550384521484375,1.9360080649613924,17.50843637948305,0.05041927878773372,-0.0009250926971255957,0.05041927878773372,0.0009250926971255957,-0.0017126853344962,-0.0005084378644824028,1.0,0.0,19.444444444444443,11,6,5.863097667694092,RoadOption.STRAIGHT,1.095213770866394,-57.46044921875,0.015969112844442135,2.8,1.2,4.5,3.0,10.0,0.6,0.01,0.06,0.55,0.16,0.2,0.35,1.5,12,10.0,14.0,0.9,1.2,0.6,0.01,0.06,0.65,0.3,0.72,0.005,0.38,0.22,0.01,0.14,1.0,0.28
pid,ground_truth,curvy,400.0,0.05,0.1,1.0,56.36267415434122,-9.628589630126953,-57.54928207397461,2.506299512084104,16.938144932360338,0.050231838599449845,-0.001013377527558923,0.050231838599449845,0.001013377527558923,-0.0008915271610021591,0.000821158173494041,1.0,0.0,19.444444444444443,11,6,5.748948574066162,RoadOption.STRAIGHT,1.095213770866394,-57.46044921875,0.015969112844442135,2.8,1.2,4.5,3.0,10.0,0.6,0.01,0.06,0.55,0.16,0.2,0.35,1.5,12,10.0,14.0,0.9,1.2,0.6,0.01,0.06,0.65,0.3,0.72,0.005,0.38,0.22,0.01,0.14,1.0,0.28
pid,ground_truth,curvy,400.0,0.05,0.1,1.0,56.41267415508628,-9.489124298095703,-57.54792404174805,2.9762814762749636,16.46816296816948,0.05001295976038958,-0.0010715675973771432,0.05001295976038958,0.0010715675973771432,-0.0011272728443145752,-0.00023574568331241608,1.0,0.0,19.444444444444443,11,6,5.609438896179199,RoadOption.STRAIGHT,1.095213770866394,-57.46044921875,0.015969112844442135,2.8,1.2,4.5,3.0,10.0,0.6,0.01,0.06,0.55,0.16,0.2,0.35,1.5,12,10.0,14.0,0.9,1.2,0.6,0.01,0.06,0.65,0.3,0.72,0.005,0.38,0.22,0.01,0.14,1.0,0.28
pid,ground_truth,curvy,400.0,0.05,0.1,1.0,56.46267415583134,-9.327776908874512,-57.54636001586914,3.3929730862610747,16.051471358183367,0.04975265828393009,-0.001140851397611442,0.04975265828393009,0.001140851397611442,-0.0010314976098015904,9.577523451298475e-05,1.0,0.0,19.444444444444443,11,6,5.448064804077148,RoadOption.STRAIGHT,1.095213770866394,-57.46044921875,0.015969112844442135,2.8,1.2,4.5,3.0,10.0,0.6,0.01,0.06,0.55,0.16,0.2,0.35,1.5,12,10.0,14.0,0.9,1.2,0.6,0.01,0.06,0.65,0.3,0.72,0.005,0.38,0.22,0.01,0.14,1.0,0.28
pid,ground_truth,curvy,400.0,0.05,0.1,1.0,56.512674156576395,-9.146566390991211,-57.54462432861328,3.7782233946782338,15.666221049766209,0.0494394305180353,-0.0012144191421303852,0.0494394305180353,0.0012144191421303852,-0.0009744337876327336,5.706382216885686e-05,1.0,0.0,19.444444444444443,11,6,5.266838550567627,RoadOption.STRAIGHT,1.095213770866394,-57.46044921875,0.015969112844442135,2.8,1.2,4.5,3.0,10.0,0.6,0.01,0.06,0.55,0.16,0.2,0.35,1.5,12,10.0,14.0,0.9,1.2,0.6,0.01,0.06,0.65,0.3,0.72,0.005,0.38,0.22,0.01,0.14,1.0,0.28
pid,ground_truth,curvy,400.0,0.05,0.1,1.0,56.56267415732145,-8.946657180786133,-57.54270935058594,4.145159027093681,15.299285417350763,0.04909407073081688,-0.0012905220911711979,0.04909407073081688,0.0012905220911711979,-0.0009460168075747788,2.8416980057954788e-05,1.0,0.0,19.444444444444443,11,6,5.066919803619385,RoadOption.STRAIGHT,1.095213770866394,-57.46044921875,0.015969112844442135,2.8,1.2,4.5,3.0,10.0,0.6,0.01,0.06,0.55,0.16,0.2,0.35,1.5,12,10.0,14.0,0.9,1.2,0.6,0.01,0.06,0.65,0.3,0.72,0.005,0.38,0.22,0.01,0.14,1.0,0.28
pid,ground_truth,curvy,400.0,0.05,0.1,1.0,56.61267415806651,-8.728737831115723,-57.54063415527344,4.501142125477696,14.943302318966747,0.048705291577927946,-0.0013697927454932035,0.048705291577927946,0.0013697927454932035,0.005096327047795057,0.006042343855369836,1.0,0.0,19.444444444444443,12,6,4.848994255065918,RoadOption.STRAIGHT,2.0950863361358643,-57.444480895996094,0.015969112844442135,2.8,1.2,4.5,3.0,10.0,0.6,0.01,0.06,0.55,0.16,0.2,0.35,1.5,12,10.0,14.0,0.9,1.2,0.6,0.01,0.06,0.65,0.3,0.72,0.005,0.38,0.22,0.01,0.14,1.0,0.28
pid,ground_truth,curvy,400.0,0.05,0.1,1.0,56.66267415881157,-8.493230819702148,-57.53802490234375,4.8503329379752325,14.594111506469211,0.05887575683064901,-0.003128465266786673,0.05887575683064901,0.003128465266786673,-0.0031774542294442654,-0.008273781277239323,1.0,0.0,19.444444444444443,12,7,5.602928161621094,RoadOption.STRAIGHT,2.0950863361358643,-57.444480895996094,0.015969112844442135,2.8,1.2,4.5,3.0,10.0,0.6,0.01,0.06,0.55,0.16,0.2,0.35,1.5,12,10.0,14.0,0.9,1.2,0.6,0.01,0.06,0.65,0.3,0.72,0.005,0.38,0.22,0.01,0.14,1.0,0.28
pid,ground_truth,curvy,400.0,0.05,0.1,1.0,56.71267415955663,-8.240385055541992,-57.535457611083984,5.194916326664622,14.249528117779821,0.0580784318818044,-0.0031558032395544444,0.0580784318818044,0.0031558032395544444,-0.0010127578862011433,0.002164696343243122,1.0,0.0,19.444444444444443,12,7,5.350075721740723,RoadOption.STRAIGHT,2.0950863361358643,-57.444480895996094,0.015969112844442135,2.8,1.2,4.5,3.0,10.0,0.6,0.01,0.06,0.55,0.16,0.2,0.35,1.5,12,10.0,14.0,0.9,1.2,0.6,0.01,0.06,0.65,0.3,0.72,0.005,0.38,0.22,0.01,0.14,1.0,0.28
pid,ground_truth,curvy,400.0,0.05,0.1,1.0,56.762674160301685,-7.9706645011901855,-57.53287887573242,5.5079894420873075,13.936455002357135,0.057068012505732915,-0.0032888031688687036,0.057068012505732915,0.0032888031688687036,-3.760707477340475e-05,0.0009751508114277385,1.0,0.0,19.444444444444443,12,7,5.080350399017334,RoadOption.STRAIGHT,2.0950863361358643,-57.444480895996094,0.015969112844442135,2.8,1.2,4.5,3.0,10.0,0.6,0.01,0.06,0.55,0.16,0.2,0.35,1.5,12,10.0,14.0,0.9,1.2,0.6,0.01,0.06,0.65,0.3,0.72,0.005,0.38,0.22,0.01,0.14,1.0,0.28
pid,ground_truth,curvy,400.0,0.05,0.1,1.0,56.81267416104674,-7.692673206329346,-57.53018569946289,5.620335306027932,13.82410913841651,0.05606197268445699,-0.003361055977599392,0.05606197268445699,0.003361055977599392,0.004600100684911013,0.004637707759684417,1.0,0.0,19.444444444444443,13,7,4.802354335784912,RoadOption.STRAIGHT,3.1059606075286865,-57.42900085449219,6.297060376458899,2.8,1.2,4.5,3.0,10.0,0.6,0.01,0.06,0.55,0.16,0.2,0.35,1.5,12,10.0,14.0,0.9,1.2,0.6,0.01,0.06,0.65,0.3,0.72,0.005,0.38,0.22,0.01,0.14,1.0,0.28
pid,ground_truth,curvy,400.0,0.05,0.1,1.0,56.8626741617918,-7.407703876495361,-57.527137756347656,5.76926559778551,13.675178846658934,0.06533182877056917,-0.005171792257906649,0.06533182877056917,0.005171792257906649,-0.0022895217407494783,-0.006889622425660491,1.0,0.0,19.444444444444443,13,8,5.506810188293457,RoadOption.STRAIGHT,3.1059606075286865,-57.42900085449219,6.297060376458899,2.8,1.2,4.5,3.0,10.0,0.6,0.01,0.06,0.55,0.16,0.2,0.35,1.5,12,10.0,14.0,0.9,1.2,0.6,0.01,0.06,0.65,0.3,0.72,0.005,0.38,0.22,0.01,0.14,1.0,0.28
pid,ground_truth,curvy,400.0,0.05,0.1,1.0,56.91267416253686,-7.111477375030518,-57.52408218383789,6.035793046796078,13.408651397648365,0.06385310290156554,-0.005105136248654496,0.06385310290156554,0.005105136248654496,-0.0013707150937989354,0.0009188066469505429,1.0,0.0,19.444444444444443,13,8,5.210576057434082,RoadOption.STRAIGHT,3.1059606075286865,-57.42900085449219,6.297060376458899,2.8,1.2,4.5,3.0,10.0,0.6,0.01,0.06,0.55,0.16,0.2,0.35,1.5,12,10.0,14.0,0.9,1.2,0.6,0.01,0.06,0.65,0.3,0.72,0.005,0.38,0.22,0.01,0.14,1.0,0.28
pid,ground_truth,curvy,400.0,0.05,0.1,1.0,56.96267416328192,-6.801680088043213,-57.521087646484375,6.306818974826683,13.13762546961776,0.06210563927280239,-0.005121209882249289,0.06210563927280239,0.005121209882249289,0.0016478367615491152,0.0030185518553480506,1.0,0.0,19.444444444444443,14,8,4.900771141052246,RoadOption.STRAIGHT,4.123607158660889,-57.41658020019531,6.293684553461115,2.8,1.2,4.5,3.0,10.0,0.6,0.01,0.06,0.55,0.16,0.2,0.35,1.5,12,10.0,14.0,0.9,1.2,0.6,0.01,0.06,0.65,0.3,0.72,0.005,0.38,0.22,0.01,0.14,1.0,0.28
pid,ground_truth,curvy,400.0,0.05,0.1,1.0,57.012674164026976,-6.475068092346191,-57.51774215698242,6.714401609679593,12.73004283476485,0.0635920626727191,-0.005853229642128088,0.0635920626727191,0.005853229642128088,-4.699655619333498e-05,-0.0016948333177424502,1.0,0.0,19.444444444444443,14,9,5.570594310760498,RoadOption.STRAIGHT,4.123607158660889,-57.41658020019531,6.293684553461115,2.8,1.2,4.5,3.0,10.0,0.6,0.01,0.06,0.55,0.16,0.2,0.35,1.5,12,10.0,14.0,0.9,1.2,0.6,0.01,0.06,0.65,0.3,0.72,0.005,0.38,0.22,0.01,0.14,1.0,0.28
pid,ground_truth,curvy,400.0,0.05,0.1,1.0,57.062674164772034,-6.130198001861572,-57.514198303222656,7.0116789665907655,12.432765477853678,0.06162842925434445,-0.005836062656070062,0.06162842925434445,0.005836062656070062,-0.0007610717439092696,-0.0007140751877159346,1.0,0.0,19.444444444444443,14,9,5.225712776184082,RoadOption.STRAIGHT,4.123607158660889,-57.41658020019531,6.293684553461115,2.8,1.2,4.5,3.0,10.0,0.6,0.01,0.06,0.55,0.16,0.2,0.35,1.5,12,10.0,14.0,0.9,1.2,0.6,0.01,0.06,0.65,0.3,0.72,0.005,0.38,0.22,0.01,0.14,1.0,0.28
pid,ground_truth,curvy,400.0,0.05,0.1,1.0,57.11267416551709,-5.76824426651001,-57.51058578491211,7.387732755675298,12.056711688769145,0.059460652573977126,-0.005777187030330477,0.059460652573977126,0.005777187030330477,-0.0016272178618237376,-0.000866146117914468,1.0,0.0,19.444444444444443,15,9,4.863747596740723,RoadOption.STRAIGHT,5.1412882804870605,-57.40763473510742,6.29030873046333,2.8,1.2,4.5,3.0,10.0,0.6,0.01,0.06,0.55,0.16,0.2,0.35,1.5,12,10.0,14.0,0.9,1.2,0.6,0.01,0.06,0.65,0.3,0.72,0.005,0.38,0.22,0.01,0.14,1.0,0.28
pid,ground_truth,curvy,400.0,0.05,0.1,1.0,57.16267416626215,-5.388430118560791,-57.506874084472656,7.737568989584803,11.70687545485964,0.057114581892946326,-0.005988653464152893,0.057114581892946326,0.005988653464152893,0.0011128037003800273,0.002740021562203765,1.0,0.0,19.444444444444443,15,10,5.483856201171875,RoadOption.STRAIGHT,5.1412882804870605,-57.40763473510742,6.29030873046333,2.8,1.2,4.5,3.0,10.0,0.6,0.01,0.06,0.55,0.16,0.2,0.35,1.5,12,10.0,14.0,0.9,1.2,0.6,0.01,0.06,0.65,0.3,0.72,0.005,0.38,0.22,0.01,0.14,1.0,0.28
pid,ground_truth,curvy,400.0,0.05,0.1,1.0,57.21267416700721,-4.989511966705322,-57.50289535522461,8.137563274401957,11.306881170042486,0.05472270560669233,-0.0061210240136002625,0.05472270560669233,0.0061210240136002625,0.0005193229299038649,-0.0005934807704761624,1.0,0.0,19.444444444444443,15,10,5.0849223136901855,RoadOption.STRAIGHT,5.1412882804870605,-57.40763473510742,6.29030873046333,2.8,1.2,4.5,3.0,10.0,0.6,0.01,0.06,0.55,0.16,0.2,0.35,1.5,12,10.0,14.0,0.9,1.2,0.6,0.01,0.06,0.65,0.3,0.72,0.005,0.38,0.22,0.01,0.14,1.0,0.28
pid,ground_truth,curvy,400.0,0.05,0.1,1.0,57.262674167752266,-4.572024345397949,-57.498695373535156,8.491583825385714,10.952860619058729,0.05225552820155224,-0.006016320170868283,0.05225552820155224,0.006016320170868283,-0.0045397598296403885,-0.005059082759544253,1.0,0.0,19.444444444444443,16,10,4.667418956756592,RoadOption.STRAIGHT,6.158995628356934,-57.40210723876953,6.286932907465546,2.8,1.2,4.5,3.0,10.0,0.6,0.01,0.06,0.55,0.16,0.2,0.35,1.5,12,10.0,14.0,0.9,1.2,0.6,0.01,0.06,0.65,0.3,0.72,0.005,0.38,0.22,0.01,0.14,1.0,0.28
pid,ground_truth,curvy,400.0,0.05,0.1,1.0,57.312674168497324,-4.135542392730713,-57.49464797973633,8.888867038795844,10.555577405648599,0.04933258473871358,-0.00625529934740543,0.04933258473871358,0.00625529934740543,0.0012050686636939645,0.005744828493334353,1.0,0.0,19.444444444444443,16,11,5.230868339538574,RoadOption.STRAIGHT,6.158995628356934,-57.40210723876953,6.286932907465546,2.8,1.2,4.5,3.0,10.0,0.6,0.01,0.06,0.55,0.16,0.2,0.35,1.5,12,10.0,14.0,0.9,1.2,0.6,0.01,0.06,0.65,0.3,0.72,0.005,0.38,0.22,0.01,0.14,1.0,0.28
pid,ground_truth,curvy,400.0,0.05,0.1,1.0,57.36267416924238,-3.6800148487091064,-57.49039077758789,9.262842533522361,10.181601910922081,0.046315182496482664,-0.006425611620007654,0.046315182496482664,0.006425611620007654,-0.0046220687218010426,-0.005827137385495007,1.0,0.0,19.444444444444443,17,11,4.775322437286377,RoadOption.STRAIGHT,7.176715850830078,-57.399993896484375,6.283557084467762,2.8,1.2,4.5,3.0,10.0,0.6,0.01,0.06,0.55,0.16,0.2,0.35,1.5,12,10.0,14.0,0.9,1.2,0.6,0.01,0.06,0.65,0.3,0.72,0.005,0.38,0.22,0.01,0.14,1.0,0.28
pid,ground_truth,curvy,400.0,0.05,0.1,1.0,57.41267416998744,-3.2042627334594727,-57.48622131347656,9.67803484393776,9.766409600506682,0.04288721113410133,-0.006777464093980612,0.04288721113410133,0.006777464093980612,0.0018822391284629703,0.006504307850264013,1.0,0.0,19.444444444444443,17,12,5.299513339996338,RoadOption.STRAIGHT,7.176715850830078,-57.399993896484375,6.283557084467762,2.8,1.2,4.5,3.0,10.0,0.6,0.01,0.06,0.55,0.16,0.2,0.35,1.5,12,10.0,14.0,0.9,1.2,0.6,0.01,0.06,0.65,0.3,0.72,0.005,0.38,0.22,0.01,0.14,1.0,0.28
pid,ground_truth,curvy,400.0,0.05,0.1,1.0,57.4626741707325,-2.708958148956299,-57.4818000793457,10.057494296990022,9.38695014745442,0.0393986429087184,-0.006941868518211436,0.0393986429087184,0.006941868518211436,-0.006125318352133036,-0.008007557480596006,1.0,0.0,19.444444444444443,18,12,4.804189682006836,RoadOption.STRAIGHT,8.181218147277832,-57.40031433105469,6.28277624563615,2.8,1.2,4.5,3.0,10.0,0.6,0.01,0.06,0.55,0.16,0.2,0.35,1.5,12,10.0,14.0,0.9,1.2,0.6,0.01,0.06,0.65,0.3,0.72,0.005,0.38,0.22,0.01,0.14,1.0,0.28
pid,ground_truth,curvy,400.0,0.05,0.1,1.0,57.512674171477556,-2.1949594020843506,-57.47761917114258,10.4261352839148,9.018309160529643,0.02493463564970179,-0.005297032089504938,0.02493463564970179,0.005297032089504938,0.002354353666305542,0.008479672018438578,1.0,0.0,19.444444444444443,18,13,5.301143169403076,RoadOption.STRAIGHT,8.181218147277832,-57.40031433105469,6.28277624563615,2.8,1.2,4.5,3.0,10.0,0.6,0.01,0.06,0.55,0.16,0.2,0.35,1.5,12,10.0,14.0,0.9,1.2,0.6,0.01,0.06,0.65,0.3,0.72,0.005,0.38,0.22,0.01,0.14,1.0,0.28
pid,ground_truth,curvy,400.0,0.05,0.1,1.0,57.562674172222614,-1.6630363464355469,-57.47325134277344,10.779689571281029,8.664754873163414,0.02192181114475447,-0.005535274215405117,0.02192181114475447,0.005535274215405117,-0.0051719085313379765,-0.0075262621976435184,0.9662940502166748,0.0,19.444444444444443,19,13,4.769202709197998,RoadOption.STRAIGHT,9.181218147277832,-57.40072250366211,6.28277624563615,2.8,1.2,4.5,3.0,10.0,0.6,0.01,0.06,0.55,0.16,0.2,0.35,1.5,12,10.0,14.0,0.9,1.2,0.6,0.01,0.06,0.65,0.3,0.72,0.005,0.38,0.22,0.01,0.14,1.0,0.28
pid,ground_truth,curvy,400.0,0.05,0.1,1.0,57.61267417296767,-1.1137497425079346,-57.469032287597656,11.121964391522694,8.32248005292175,0.002538093287569418,-0.0025605243180839565,0.002538093287569418,0.0025605243180839565,0.0017044567503035069,0.006876365281641483,0.9225761294364929,0.0,19.444444444444443,19,14,5.237619876861572,RoadOption.STRAIGHT,9.181218147277832,-57.40072250366211,6.28277624563615,2.8,1.2,4.5,3.0,10.0,0.6,0.01,0.06,0.55,0.16,0.2,0.35,1.5,12,10.0,14.0,0.9,1.2,0.6,0.01,0.06,0.65,0.3,0.72,0.005,0.38,0.22,0.01,0.14,1.0,0.28
pid,ground_truth,curvy,400.0,0.05,0.1,1.0,57.66267417371273,-0.54782634973526,-57.46469497680664,11.447958851163344,7.996485593281099,0.0009335051073808623,-0.002804175469798942,0.0009335051073808623,0.002804175469798942,-0.004827522207051516,-0.006531978957355022,0.8964423537254333,0.0,19.444444444444443,20,14,4.6716814041137695,RoadOption.STRAIGHT,10.181218147277832,-57.40113067626953,6.28277624563615,2.8,1.2,4.5,3.0,10.0,0.6,0.01,0.06,0.55,0.16,0.2,0.35,1.5,12,10.0,14.0,0.9,1.2,0.6,0.01,0.06,0.65,0.3,0.72,0.005,0.38,0.22,0.01,0.14,1.0,0.28
pid,ground_truth,curvy,400.0,0.05,0.1,1.0,57.71267417445779,0.03384120762348175,-57.460575103759766,11.755567165249241,7.688877279195202,-0.01655682577103254,0.00016298129752367885,0.01655682577103254,0.00016298129752367885,0.001569672953337431,0.0063971951603889465,0.8802497386932373,0.0,19.444444444444443,20,15,5.107721328735352,RoadOption.STRAIGHT,10.181218147277832,-57.40113067626953,6.28277624563615,2.8,1.2,4.5,3.0,10.0,0.6,0.01,0.06,0.55,0.16,0.2,0.35,1.5,12,10.0,14.0,0.9,1.2,0.6,0.01,0.06,0.65,0.3,0.72,0.005,0.38,0.22,0.01,0.14,1.0,0.28
pid,ground_truth,curvy,400.0,0.05,0.1,1.0,57.76267417520285,0.6303620934486389,-57.45637512207031,12.04601935342296,7.398425091021483,-0.016606185471812425,-9.06504664959229e-05,0.016606185471812425,9.06504664959229e-05,-0.004419091157615185,-0.005988764110952616,0.8643873929977417,0.0,19.444444444444443,21,15,4.511189937591553,RoadOption.STRAIGHT,11.181218147277832,-57.40153884887695,6.28277624563615,2.8,1.2,4.5,3.0,10.0,0.6,0.01,0.06,0.55,0.16,0.2,0.35,1.5,12,10.0,14.0,0.9,1.2,0.6,0.01,0.06,0.65,0.3,0.72,0.005,0.38,0.22,0.01,0.14,1.0,0.28
pid,ground_truth,curvy,400.0,0.05,0.1,1.0,57.812674175947905,1.2409378290176392,-57.452392578125,12.321097820938812,7.123346623505631,-0.03185411456644961,0.0028922298743800923,0.03185411456644961,0.0028922298743800923,-0.002934153424575925,0.00148493773303926,0.8469165563583374,0.0,19.444444444444443,22,16,4.918315410614014,RoadOption.STRAIGHT,12.181214332580566,-57.401947021484375,6.28277624563615,2.8,1.2,4.5,3.0,10.0,0.6,0.01,0.06,0.55,0.16,0.2,0.35,1.5,12,10.0,14.0,0.9,1.2,0.6,0.01,0.06,0.65,0.3,0.72,0.005,0.38,0.22,0.01,0.14,1.0,0.28
pid,ground_truth,curvy,400.0,0.05,0.1,1.0,57.86267417669296,1.8648415803909302,-57.448734283447266,12.582024083192504,6.862420361251939,-0.046765549428583957,0.005686744623294437,0.046765549428583957,0.005686744623294437,0.0027416881639510393,0.005675841588526964,0.8291389346122742,0.0,19.444444444444443,22,17,5.312098026275635,RoadOption.STRAIGHT,12.181214332580566,-57.401947021484375,6.28277624563615,2.8,1.2,4.5,3.0,10.0,0.6,0.01,0.06,0.55,0.16,0.2,0.35,1.5,12,10.0,14.0,0.9,1.2,0.6,0.01,0.06,0.65,0.3,0.72,0.005,0.38,0.22,0.01,0.14,1.0,0.28
pid,ground_truth,curvy,400.0,0.05,0.1,1.0,57.91267417743802,2.5013768672943115,-57.44485855102539,12.829239381843188,6.615205062601255,-0.043126466631898876,0.005502931372322273,0.043126466631898876,0.005502931372322273,-0.004192892927676439,-0.006934581091627479,0.8131422996520996,0.0,19.444444444444443,23,17,4.675554275512695,RoadOption.STRAIGHT,13.181214332580566,-57.4023551940918,6.28277624563615,2.8,1.2,4.5,3.0,10.0,0.6,0.01,0.06,0.55,0.16,0.2,0.35,1.5,12,10.0,14.0,0.9,1.2,0.6,0.01,0.06,0.65,0.3,0.72,0.005,0.38,0.22,0.01,0.14,1.0,0.28
pid,ground_truth,curvy,400.0,0.05,0.1,1.0,57.96267417818308,3.149876594543457,-57.441219329833984,13.06326836430231,6.381176080142133,-0.042963123640673145,0.005981889451103228,0.042963123640673145,0.005981889451103228,0.00026544209686107934,0.004458335024537519,0.798577606678009,0.0,19.444444444444443,23,18,5.031507968902588,RoadOption.STRAIGHT,13.181214332580566,-57.4023551940918,6.28277624563615,2.8,1.2,4.5,3.0,10.0,0.6,0.01,0.06,0.55,0.16,0.2,0.35,1.5,12,10.0,14.0,0.9,1.2,0.6,0.01,0.06,0.65,0.3,0.72,0.005,0.38,0.22,0.01,0.14,1.0,0.28
pid,ground_truth,curvy,400.0,0.05,0.1,1.0,58.01267417892814,3.8097033500671387,-57.43769073486328,13.284861294830518,6.159583149613924,-0.03916461922170434,0.005687745909447095,0.03916461922170434,0.005687745909447095,-0.0029952027834951878,-0.003260644880356267,0.784648060798645,0.0,19.444444444444443,24,18,4.371674537658691,RoadOption.STRAIGHT,14.181214332580566,-57.40276336669922,6.28277624563615,2.8,1.2,4.5,3.0,10.0,0.6,0.01,0.06,0.55,0.16,0.2,0.35,1.5,12,10.0,14.0,0.9,1.2,0.6,0.01,0.06,0.65,0.3,0.72,0.005,0.38,0.22,0.01,0.14,1.0,0.28
pid,ground_truth,curvy,400.0,0.05,0.1,1.0,58.062674179673195,4.480252742767334,-57.43436813354492,13.494570567800306,5.949873876644137,-0.03556861117821059,0.005322469959254228,0.03556861117821059,0.005322469959254228,-0.002107443520799279,0.0008877592626959085,0.7717862725257874,0.0,19.444444444444443,25,19,4.701086044311523,RoadOption.STRAIGHT,15.181214332580566,-57.403175354003906,6.28277624563615,2.8,1.2,4.5,3.0,10.0,0.6,0.01,0.06,0.55,0.16,0.2,0.35,1.5,12,10.0,14.0,0.9,1.2,0.6,0.01,0.06,0.65,0.3,0.72,0.005,0.38,0.22,0.01,0.14,1.0,0.28
pid,ground_truth,curvy,400.0,0.05,0.1,1.0,58.11267418041825,5.160950183868408,-57.431331634521484,13.693068351073325,5.7513760933711175,-0.03225455422947581,0.004857432098655856,0.03225455422947581,0.004857432098655856,0.0015520572196692228,0.003659500740468502,0.7595089673995972,0.0,19.444444444444443,25,20,5.020359039306641,RoadOption.STRAIGHT,15.181214332580566,-57.403175354003906,6.28277624563615,2.8,1.2,4.5,3.0,10.0,0.6,0.01,0.06,0.55,0.16,0.2,0.35,1.5,12,10.0,14.0,0.9,1.2,0.6,0.01,0.06,0.65,0.3,0.72,0.005,0.38,0.22,0.01,0.14,1.0,0.28
pid,ground_truth,curvy,400.0,0.05,0.1,1.0,58.16267418116331,5.851251125335693,-57.42823791503906,13.880912078641392,5.56353236580305,-0.028878459445214694,0.004659006051572767,0.028878459445214694,0.004659006051572767,-0.0030546272173523903,-0.004606684437021613,0.7480146884918213,0.0,19.444444444444443,26,20,4.330051898956299,RoadOption.STRAIGHT,16.181215286254883,-57.40358352661133,6.28277624563615,2.8,1.2,4.5,3.0,10.0,0.6,0.01,0.06,0.55,0.16,0.2,0.35,1.5,12,10.0,14.0,0.9,1.2,0.6,0.01,0.06,0.65,0.3,0.72,0.005,0.38,0.22,0.01,0.14,1.0,0.28
pid,ground_truth,curvy,400.0,0.05,0.1,1.0,58.21267418190837,6.5506415367126465,-57.42536163330078,14.058647072244305,5.3857973722001375,-0.025716973193172267,0.004385090310708328,0.025716973193172267,0.004385090310708328,-0.00219923909753561,0.0008553881198167801,0.7372174263000488,0.0,19.444444444444443,27,21,4.630638122558594,RoadOption.STRAIGHT,17.181215286254883,-57.40399169921875,6.28277624563615,2.8,1.2,4.5,3.0,10.0,0.6,0.01,0.06,0.55,0.16,0.2,0.35,1.5,12,10.0,14.0,0.9,1.2,0.6,0.01,0.06,0.65,0.3,0.72,0.005,0.38,0.22,0.01,0.14,1.0,0.28
pid,ground_truth,curvy,400.0,0.05,0.1,1.0,58.26267418265343,7.258632659912109,-57.422821044921875,14.226855812790742,5.217588631653701,-0.02288766049161827,0.003950442655158426,0.02288766049161827,0.003950442655158426,-0.0004969682777300477,0.0017022708198055625,0.7268850207328796,0.0,19.444444444444443,28,22,4.92262601852417,RoadOption.STRAIGHT,18.181215286254883,-57.40439987182617,6.28277624563615,2.8,1.2,4.5,3.0,10.0,0.6,0.01,0.06,0.55,0.16,0.2,0.35,1.5,12,10.0,14.0,0.9,1.2,0.6,0.01,0.06,0.65,0.3,0.72,0.005,0.38,0.22,0.01,0.14,1.0,0.28
pid,ground_truth,curvy,400.0,0.05,0.1,1.0,58.312674183398485,7.974762916564941,-57.420413970947266,14.38600270578864,5.058441738655803,-0.020188534337236663,0.0035993724847562802,0.020188534337236663,0.0035993724847562802,0.0006032768287695944,0.0011002451064996421,0.717245876789093,0.0,19.444444444444443,28,23,5.206482887268066,RoadOption.STRAIGHT,18.181215286254883,-57.40439987182617,6.28277624563615,2.8,1.2,4.5,3.0,10.0,0.6,0.01,0.06,0.55,0.16,0.2,0.35,1.5,12,10.0,14.0,0.9,1.2,0.6,0.01,0.06,0.65,0.3,0.72,0.005,0.38,0.22,0.01,0.14,1.0,0.28
pid,ground_truth,curvy,400.0,0.05,0.1,1.0,58.36267418414354,8.698590278625488,-57.41801452636719,14.536535839130778,4.907908605313665,-0.017493000028261006,0.003445219410201261,0.017493000028261006,0.003445219410201261,-0.0024616429582238197,-0.003064919786993414,0.7082471251487732,0.0,19.444444444444443,29,23,4.482651710510254,RoadOption.STRAIGHT,19.181215286254883,-57.404808044433594,6.28277624563615,2.8,1.2,4.5,3.0,10.0,0.6,0.01,0.06,0.55,0.16,0.2,0.35,1.5,12,10.0,14.0,0.9,1.2,0.6,0.01,0.06,0.65,0.3,0.72,0.005,0.38,0.22,0.01,0.14,1.0,0.28
pid,ground_truth,curvy,400.0,0.05,0.1,1.0,58.4126741848886,9.429698944091797,-57.41585922241211,14.678901045186944,4.765543399257499,-0.01503951678148955,0.00319846037030036,0.01503951678148955,0.00319846037030036,-0.0014763189246878028,0.000985324033536017,0.6997969746589661,0.0,19.444444444444443,30,24,4.751533508300781,RoadOption.STRAIGHT,20.181215286254883,-57.405216217041016,6.28277624563615,2.8,1.2,4.5,3.0,10.0,0.6,0.01,0.06,0.55,0.16,0.2,0.35,1.5,12,10.0,14.0,0.9,1.2,0.6,0.01,0.06,0.65,0.3,0.72,0.005,0.38,0.22,0.01,0.14,1.0,0.28
pid,ground_truth,curvy,400.0,0.05,0.1,1.0,58.46267418563366,10.167695045471191,-57.41397476196289,14.813591125021382,4.6308533194230606,-0.012850244935884342,0.0028531994800999883,0.012850244935884342,0.0028531994800999883,0.00061367719899863,0.002089996123686433,0.6916555166244507,0.0,19.444444444444443,30,25,5.01353120803833,RoadOption.STRAIGHT,20.181215286254883,-57.405216217041016,6.28277624563615,2.8,1.2,4.5,3.0,10.0,0.6,0.01,0.06,0.55,0.16,0.2,0.35,1.5,12,10.0,14.0,0.9,1.2,0.6,0.01,0.06,0.65,0.3,0.72,0.005,0.38,0.22,0.01,0.14,1.0,0.28
pid,ground_truth,curvy,400.0,0.05,0.1,1.0,58.51267418637872,10.912205696105957,-57.41212463378906,14.940986112263179,4.503458332181264,-0.010695566249488198,0.0026596154968041574,0.010695566249488198,0.0026596154968041574,-0.001534565002657473,-0.002148242201656103,0.6840548515319824,0.0,19.444444444444443,31,25,4.269018173217773,RoadOption.STRAIGHT,21.181215286254883,-57.40562438964844,6.28277624563615,2.8,1.2,4.5,3.0,10.0,0.6,0.01,0.06,0.55,0.16,0.2,0.35,1.5,12,10.0,14.0,0.9,1.2,0.6,0.01,0.06,0.65,0.3,0.72,0.005,0.38,0.22,0.01,0.14,1.0,0.28
pid,ground_truth,curvy,400.0,0.05,0.1,1.0,58.562674187123775,11.66287899017334,-57.41043472290039,15.061454097353007,4.382990347091436,-0.00869947328334792,0.0024636074907595784,0.00869947328334792,0.0024636074907595784,-0.0013226111186668277,0.0002119538839906454,0.6769475340843201,0.0,19.444444444444443,32,26,4.518342018127441,RoadOption.STRAIGHT,22.181215286254883,-57.40603256225586,6.28277624563615,2.8,1.2,4.5,3.0,10.0,0.6,0.01,0.06,0.55,0.16,0.2,0.35,1.5,12,10.0,14.0,0.9,1.2,0.6,0.01,0.06,0.65,0.3,0.72,0.005,0.38,0.22,0.01,0.14,1.0,0.28
pid,ground_truth,curvy,400.0,0.05,0.1,1.0,58.61267418786883,12.419379234313965,-57.40897750854492,15.17538206076851,4.269062383675934,-0.006933692859706566,0.002192977138808061,0.006933692859706566,0.002192977138808061,-0.00045152619713917375,0.0008710849215276539,0.6701954007148743,0.0,19.444444444444443,33,27,4.761838912963867,RoadOption.STRAIGHT,23.181215286254883,-57.40644073486328,6.28277624563615,2.8,1.2,4.5,3.0,10.0,0.6,0.01,0.06,0.55,0.16,0.2,0.35,1.5,12,10.0,14.0,0.9,1.2,0.6,0.01,0.06,0.65,0.3,0.72,0.005,0.38,0.22,0.01,0.14,1.0,0.28
pid,ground_truth,curvy,400.0,0.05,0.1,1.0,58.66267418861389,13.181391716003418,-57.40766525268555,15.283121999845818,4.161322444598625,-0.005310616075694282,0.001959387092401066,0.005310616075694282,0.001959387092401066,-0.0005191707168705761,-6.76445197314024e-05,0.6638191342353821,0.0,19.444444444444443,34,28,4.9998250007629395,RoadOption.STRAIGHT,24.181215286254883,-57.4068489074707,6.28277624563615,2.8,1.2,4.5,3.0,10.0,0.6,0.01,0.06,0.55,0.16,0.2,0.35,1.5,12,10.0,14.0,0.9,1.2,0.6,0.01,0.06,0.65,0.3,0.72,0.005,0.38,0.22,0.01,0.14,1.0,0.28
pid,ground_truth,curvy,400.0,0.05,0.1,1.0,58.71267418935895,13.948614120483398,-57.40645980834961,15.384991901236772,4.059452543207671,-0.0037922196271845962,0.0017759501689766921,0.0037922196271845962,0.0017759501689766921,-0.00047451589489355683,4.465482197701931e-05,0.657843828201294,0.0,19.444444444444443,34,29,5.232601642608643,RoadOption.STRAIGHT,24.181215286254883,-57.4068489074707,6.28277624563615,2.8,1.2,4.5,3.0,10.0,0.6,0.01,0.06,0.55,0.16,0.2,0.35,1.5,12,10.0,14.0,0.9,1.2,0.6,0.01,0.06,0.65,0.3,0.72,0.005,0.38,0.22,0.01,0.14,1.0,0.28
pid,ground_truth,curvy,400.0,0.05,0.1,1.0,58.76267419010401,14.7207612991333,-57.40538024902344,15.481311857048118,3.9631325873963252,-0.002396804683484719,0.0016193820442387263,0.002396804683484719,0.0016193820442387263,-0.0008923006826080382,-0.00041778478771448135,0.6521933078765869,0.0,19.444444444444443,35,29,4.460453987121582,RoadOption.STRAIGHT,25.181215286254883,-57.40726089477539,6.28277624563615,2.8,1.2,4.5,3.0,10.0,0.6,0.01,0.06,0.55,0.16,0.2,0.35,1.5,12,10.0,14.0,0.9,1.2,0.6,0.01,0.06,0.65,0.3,0.72,0.005,0.38,0.22,0.01,0.14,1.0,0.28
pid,ground_truth,curvy,400.0,0.05,0.1,1.0,58.812674190849066,15.497568130493164,-57.40444564819336,15.572383476870609,3.872060967573834,-0.001145331097831004,0.001445897905165694,0.001145331097831004,0.001445897905165694,-0.0005758266197517514,0.00031647406285628676,0.6468528509140015,0.0,19.444444444444443,36,30,4.683647155761719,RoadOption.STRAIGHT,26.181215286254883,-57.40766906738281,6.28277624563615,2.8,1.2,4.5,3.0,10.0,0.6,0.01,0.06,0.55,0.16,0.2,0.35,1.5,12,10.0,14.0,0.9,1.2,0.6,0.01,0.06,0.65,0.3,0.72,0.005,0.38,0.22,0.01,0.14,1.0,0.28
pid,ground_truth,curvy,400.0,0.05,0.1,1.0,58.862674191594124,16.278778076171875,-57.403656005859375,15.658489502473204,3.785954941971239,-3.7014851454024184e-05,0.0012703517668057884,3.7014851454024184e-05,0.0012703517668057884,-0.00037069024983793497,0.00020513636991381645,0.6418132185935974,0.0,19.444444444444443,37,31,4.902437686920166,RoadOption.STRAIGHT,27.181215286254883,-57.408077239990234,6.28277624563615,2.8,1.2,4.5,3.0,10.0,0.6,0.01,0.06,0.55,0.16,0.2,0.35,1.5,12,10.0,14.0,0.9,1.2,0.6,0.01,0.06,0.65,0.3,0.72,0.005,0.38,0.22,0.01,0.14,1.0,0.28
pid,ground_truth,curvy,400.0,0.05,0.1,1.0,58.91267419233918,17.064151763916016,-57.40296936035156,15.73989564692975,3.7045487975146933,0.0009700078040766357,0.0011228208997753342,0.0009700078040766357,0.0011228208997753342,-0.000514865096192807,-0.000144174846354872,0.6370635032653809,0.0,19.444444444444443,37,32,5.117064476013184,RoadOption.STRAIGHT,27.181215286254883,-57.408077239990234,6.28277624563615,2.8,1.2,4.5,3.0,10.0,0.6,0.01,0.06,0.55,0.16,0.2,0.35,1.5,12,10.0,14.0,0.9,1.2,0.6,0.01,0.06,0.65,0.3,0.72,0.005,0.38,0.22,0.01,0.14,1.0,0.28
pid,ground_truth,curvy,400.0,0.05,0.1,1.0,58.96267419308424,17.853464126586914,-57.40238571166992,15.816855531612273,3.62758891283217,0.0018765337612091412,0.0009873983781218953,0.0018765337612091412,0.0009873983781218953,-0.0004675346426665783,4.7330453526228666e-05,0.632581889629364,0.0,19.444444444444443,38,32,4.327753067016602,RoadOption.STRAIGHT,28.181215286254883,-57.408485412597656,6.28277624563615,2.8,1.2,4.5,3.0,10.0,0.6,0.01,0.06,0.55,0.16,0.2,0.35,1.5,12,10.0,14.0,0.9,1.2,0.6,0.01,0.06,0.65,0.3,0.72,0.005,0.38,0.22,0.01,0.14,1.0,0.28
pid,ground_truth,curvy,400.0,0.05,0.1,1.0,59.0126741938293,18.646495819091797,-57.40192413330078,15.889608287136289,3.554836157308154,0.0026616218920580306,0.0008559170227924184,0.0026616218920580306,0.0008559170227924184,-0.00034147052792832255,0.00012606411473825574,0.6283562183380127,0.0,19.444444444444443,39,33,4.534722328186035,RoadOption.STRAIGHT,29.181215286254883,-57.40889358520508,6.28277624563615,2.8,1.2,4.5,3.0,10.0,0.6,0.01,0.06,0.55,0.16,0.2,0.35,1.5,12,10.0,14.0,0.9,1.2,0.6,0.01,0.06,0.65,0.3,0.72,0.005,0.38,0.22,0.01,0.14,1.0,0.28
pid,ground_truth,curvy,400.0,0.05,0.1,1.0,59.062674194574356,19.44304656982422,-57.401546478271484,15.958380856186572,3.4860635882578705,0.0033642262014345276,0.0007382827397410807,0.0033642262014345276,0.0007382827397410807,-0.0003271701862104237,1.4300341717898846e-05,0.624370813369751,0.0,19.444444444444443,40,34,4.7381720542907715,RoadOption.STRAIGHT,30.181215286254883,-57.4093017578125,6.28277624563615,2.8,1.2,4.5,3.0,10.0,0.6,0.01,0.06,0.55,0.16,0.2,0.35,1.5,12,10.0,14.0,0.9,1.2,0.6,0.01,0.06,0.65,0.3,0.72,0.005,0.38,0.22,0.01,0.14,1.0,0.28
pid,ground_truth,curvy,400.0,0.05,0.1,1.0,59.112674195319414,20.242921829223633,-57.40126037597656,16.023390398477808,3.4210540459666348,0.003980452409650873,0.0006344279258980734,0.003980452409650873,0.0006344279258980734,-0.0003142182540614158,1.2951932149007916e-05,0.6206051707267761,0.0,19.444444444444443,41,35,4.938297271728516,RoadOption.STRAIGHT,31.181215286254883,-57.40970993041992,6.28277624563615,2.8,1.2,4.5,3.0,10.0,0.6,0.01,0.06,0.55,0.16,0.2,0.35,1.5,12,10.0,14.0,0.9,1.2,0.6,0.01,0.06,0.65,0.3,0.72,0.005,0.38,0.22,0.01,0.14,1.0,0.28
pid,ground_truth,curvy,400.0,0.05,0.1,1.0,59.16267419606447,21.045942306518555,-57.40105438232422,16.08484482335884,3.3595996210856036,0.004514041872695872,0.0005395245614909783,0.004514041872695872,0.0005395245614909783,-0.0006101428298279643,-0.0002959245757665485,0.6170395016670227,0.0,19.444444444444443,41,36,5.13527774810791,RoadOption.STRAIGHT,31.181215286254883,-57.40970993041992,6.28277624563615,2.8,1.2,4.5,3.0,10.0,0.6,0.01,0.06,0.55,0.16,0.2,0.35,1.5,12,10.0,14.0,0.9,1.2,0.6,0.01,0.06,0.65,0.3,0.72,0.005,0.38,0.22,0.01,0.14,1.0,0.28
pid,ground_truth,curvy,400.0,0.05,0.1,1.0,59.21267419680953,21.851930618286133,-57.400970458984375,16.14293289265099,3.3015115517934532,0.004927664019126877,0.00042661943136401703,0.004927664019126877,0.00042661943136401703,-3.521795952110551e-05,0.0005749248703068588,0.6136859655380249,0.0,19.444444444444443,42,36,4.329290390014648,RoadOption.STRAIGHT,32.18121337890625,-57.410118103027344,6.28277624563615,2.8,1.2,4.5,3.0,10.0,0.6,0.01,0.06,0.55,0.16,0.2,0.35,1.5,12,10.0,14.0,0.9,1.2,0.6,0.01,0.06,0.65,0.3,0.72,0.005,0.38,0.22,0.01,0.14,1.0,0.28
pid,ground_truth,curvy,400.0,0.05,0.1,1.0,59.26267419755459,22.660730361938477,-57.400936126708984,16.197839737987884,3.2466047064565586,0.005291956195131084,0.000336623561786098,0.005291956195131084,0.000336623561786098,-0.0001202683852170594,-8.505042569595389e-05,0.6105138659477234,0.0,19.444444444444443,43,37,4.520491123199463,RoadOption.STRAIGHT,33.18121337890625,-57.410526275634766,6.28277624563615,2.8,1.2,4.5,3.0,10.0,0.6,0.01,0.06,0.55,0.16,0.2,0.35,1.5,12,10.0,14.0,0.9,1.2,0.6,0.01,0.06,0.65,0.3,0.72,0.005,0.38,0.22,0.01,0.14,1.0,0.28
pid,ground_truth,curvy,400.0,0.05,0.1,1.0,59.312674198299646,23.47218132019043,-57.40095520019531,16.2497368259554,3.194707618489044,0.005603927123790621,0.0002764361211502475,0.005603927123790621,0.0002764361211502475,-0.00027476329705677927,-0.00015449491183971986,0.6075238585472107,0.0,19.444444444444443,44,38,4.709040641784668,RoadOption.STRAIGHT,34.18121337890625,-57.41093444824219,6.28277624563615,2.8,1.2,4.5,3.0,10.0,0.6,0.01,0.06,0.55,0.16,0.2,0.35,1.5,12,10.0,14.0,0.9,1.2,0.6,0.01,0.06,0.65,0.3,0.72,0.005,0.38,0.22,0.01,0.14,1.0,0.28
pid,ground_truth,curvy,400.0,0.05,0.1,1.0,59.362674199044704,24.28614616394043,-57.40103530883789,16.29878827995061,3.1456561644938326,0.005855891235159881,0.00021678131273272783,0.005855891235159881,0.00021678131273272783,-0.0001997134677367285,7.504982932005078e-05,0.6047002673149109,0.0,19.444444444444443,45,39,4.895075798034668,RoadOption.STRAIGHT,35.18121337890625,-57.41134262084961,6.28277624563615,2.8,1.2,4.5,3.0,10.0,0.6,0.01,0.06,0.55,0.16,0.2,0.35,1.5,12,10.0,14.0,0.9,1.2,0.6,0.01,0.06,0.65,0.3,0.72,0.005,0.38,0.22,0.01,0.14,1.0,0.28
pid,ground_truth,curvy,400.0,0.05,0.1,1.0,59.41267419978976,25.10248565673828,-57.40117645263672,16.345148495244853,3.0992959491995897,0.006047791572963234,0.00015712648806065488,0.006047791572963234,0.00015712648806065488,-0.0005697488086298108,-0.0003700353408930823,0.6020365357398987,0.0,19.444444444444443,45,40,5.078736782073975,RoadOption.STRAIGHT,35.18121337890625,-57.41134262084961,6.28277624563615,2.8,1.2,4.5,3.0,10.0,0.6,0.01,0.06,0.55,0.16,0.2,0.35,1.5,12,10.0,14.0,0.9,1.2,0.6,0.01,0.06,0.65,0.3,0.72,0.005,0.38,0.22,0.01,0.14,1.0,0.28
pid,ground_truth,curvy,400.0,0.05,0.1,1.0,59.46267420053482,25.921058654785156,-57.40140151977539,16.38896478941645,3.0554796550279946,0.006157571177780019,7.084008499624872e-05,0.006157571177780019,7.084008499624872e-05,0.0001676554820733145,0.0007374042907031253,0.5995199084281921,0.0,19.444444444444443,46,40,4.260164737701416,RoadOption.STRAIGHT,36.18121337890625,-57.4117546081543,6.28277624563615,2.8,1.2,4.5,3.0,10.0,0.6,0.01,0.06,0.55,0.16,0.2,0.35,1.5,12,10.0,14.0,0.9,1.2,0.6,0.01,0.06,0.65,0.3,0.72,0.005,0.38,0.22,0.01,0.14,1.0,0.28
pid,ground_truth,curvy,400.0,0.05,0.1,1.0,59.51267420127988,26.74175453186035,-57.40165710449219,16.430376959955648,3.0140674844887947,0.0062368126364159915,1.225057352360892e-05,0.0062368126364159915,1.225057352360892e-05,2.4957838832051493e-05,-0.000142697643241263,0.5971407890319824,0.0,19.444444444444443,47,41,4.4394683837890625,RoadOption.STRAIGHT,37.18121337890625,-57.41216278076172,6.28277624563615,2.8,1.2,4.5,3.0,10.0,0.6,0.01,0.06,0.55,0.16,0.2,0.35,1.5,12,10.0,14.0,0.9,1.2,0.6,0.01,0.06,0.65,0.3,0.72,0.005,0.38,0.22,0.01,0.14,1.0,0.28
pid,ground_truth,curvy,400.0,0.05,0.1,1.0,59.56267420202494,27.564453125,-57.40193557739258,16.469517796483267,2.9749266479611762,0.006293985927697667,-1.0652644360398256e-05,0.006293985927697667,1.0652644360398256e-05,-0.00021209698752500117,-0.00023705482635705266,0.5948895215988159,0.0,19.444444444444443,48,42,4.616767883300781,RoadOption.STRAIGHT,38.18121337890625,-57.41257095336914,6.28277624563615,2.8,1.2,4.5,3.0,10.0,0.6,0.01,0.06,0.55,0.16,0.2,0.35,1.5,12,10.0,14.0,0.9,1.2,0.6,0.01,0.06,0.65,0.3,0.72,0.005,0.38,0.22,0.01,0.14,1.0,0.28
pid,ground_truth,curvy,400.0,0.05,0.1,1.0,59.612674202769995,28.389041900634766,-57.402259826660156,16.506507471006604,2.9379369734378393,0.006306155276346068,-3.888215191505395e-05,0.006306155276346068,3.888215191505395e-05,-0.00011529200128279626,9.68049862422049e-05,0.5927750468254089,0.0,19.444444444444443,49,43,4.792179107666016,RoadOption.STRAIGHT,39.18121337890625,-57.41297912597656,6.28277624563615,2.8,1.2,4.5,3.0,10.0,0.6,0.01,0.06,0.55,0.16,0.2,0.35,1.5,12,10.0,14.0,0.9,1.2,0.6,0.01,0.06,0.65,0.3,0.72,0.005,0.38,0.22,0.01,0.14,1.0,0.28
pid,ground_truth,curvy,400.0,0.05,0.1,1.0,59.66267420351505,29.215421676635742,-57.40262222290039,16.541465631700177,2.9029788127442657,0.006280910284883475,-7.243794914035817e-05,0.006280910284883475,7.243794914035817e-05,-1.906600118672941e-05,9.622600009606685e-05,0.5907725095748901,0.0,19.444444444444443,50,44,4.965798854827881,RoadOption.STRAIGHT,40.18121337890625,-57.413387298583984,6.28277624563615,2.8,1.2,4.5,3.0,10.0,0.6,0.01,0.06,0.55,0.16,0.2,0.35,1.5,12,10.0,14.0,0.9,1.2,0.6,0.01,0.06,0.65,0.3,0.72,0.005,0.38,0.22,0.01,0.14,1.0,0.28
pid,ground_truth,curvy,400.0,0.05,0.1,1.0,59.71267420426011,30.04349136352539,-57.40299987792969,16.57450293826671,2.8699415061777316,0.0062410977831721315,-9.747163087769906e-05,0.0062410977831721315,9.747163087769906e-05,-0.0005107188480906188,-0.0004916528469038894,0.5888826847076416,0.0,19.444444444444443,50,45,5.137729167938232,RoadOption.STRAIGHT,40.18121337890625,-57.413387298583984,6.28277624563615,2.8,1.2,4.5,3.0,10.0,0.6,0.01,0.06,0.55,0.16,0.2,0.35,1.5,12,10.0,14.0,0.9,1.2,0.6,0.01,0.06,0.65,0.3,0.72,0.005,0.38,0.22,0.01,0.14,1.0,0.28
pid,ground_truth,curvy,400.0,0.05,0.1,1.0,59.76267420500517,30.87315559387207,-57.4034423828125,16.605725421456516,2.8387190229879273,0.006137976658517008,-0.00015233281435200752,0.006137976658517008,0.00015233281435200752,0.00025045120855793357,0.0007611700566485524,0.5870952606201172,0.0,19.444444444444443,51,45,4.308065414428711,RoadOption.STRAIGHT,41.18121337890625,-57.413795471191406,6.28277624563615,2.8,1.2,4.5,3.0,10.0,0.6,0.01,0.06,0.55,0.16,0.2,0.35,1.5,12,10.0,14.0,0.9,1.2,0.6,0.01,0.06,0.65,0.3,0.72,0.005,0.38,0.22,0.01,0.14,1.0,0.28
pid,ground_truth,curvy,400.0,0.05,0.1,1.0,59.81267420575023,31.704328536987305,-57.40389633178711,16.635233465311337,2.8092109791331055,0.006026954337568729,-0.00018429074743320228,0.006026954337568729,0.00018429074743320228,0.00011651465320028365,-0.00013393655535764992,0.5854039192199707,0.0,19.444444444444443,52,46,4.476891994476318,RoadOption.STRAIGHT,42.18121337890625,-57.41420364379883,6.28277624563615,2.8,1.2,4.5,3.0,10.0,0.6,0.01,0.06,0.55,0.16,0.2,0.35,1.5,12,10.0,14.0,0.9,1.2,0.6,0.01,0.06,0.65,0.3,0.72,0.005,0.38,0.22,0.01,0.14,1.0,0.28
pid,ground_truth,curvy,400.0,0.05,0.1,1.0,59.862674206495285,32.53692626953125,-57.404335021972656,16.66311886772242,2.781325576722022,0.0059279589340063745,-0.00018216015354255433,0.0059279589340063745,0.00018216015354255433,-0.0001476230245316401,-0.00026413767773192376,0.5838124752044678,0.0,19.444444444444443,53,47,4.644294261932373,RoadOption.STRAIGHT,43.18121337890625,-57.41461181640625,6.28277624563615,2.8,1.2,4.5,3.0,10.0,0.6,0.01,0.06,0.55,0.16,0.2,0.35,1.5,12,10.0,14.0,0.9,1.2,0.6,0.01,0.06,0.65,0.3,0.72,0.005,0.38,0.22,0.01,0.14,1.0,0.28
pid,ground_truth,curvy,400.0,0.05,0.1,1.0,59.91267420724034,33.37087631225586,-57.40480422973633,16.689467453850142,2.754976990594301,0.005798999132946573,-0.00018801917295974135,0.005798999132946573,0.00018801917295974135,-5.160025102668442e-05,9.60227735049557e-05,0.582318902015686,0.0,19.444444444444443,54,48,4.8103437423706055,RoadOption.STRAIGHT,44.18121337890625,-57.41501998901367,6.28277624563615,2.8,1.2,4.5,3.0,10.0,0.6,0.01,0.06,0.55,0.16,0.2,0.35,1.5,12,10.0,14.0,0.9,1.2,0.6,0.01,0.06,0.65,0.3,0.72,0.005,0.38,0.22,0.01,0.14,1.0,0.28
pid,ground_truth,curvy,400.0,0.05,0.1,1.0,59.9626742079854,34.20610046386719,-57.405296325683594,16.714369960868407,2.730074483576036,0.00564767233914115,-0.00020133491339091591,0.00564767233914115,0.00020133491339091591,4.0792747313389555e-05,9.239299834007397e-05,0.5808893442153931,0.0,19.444444444444443,55,49,4.975119113922119,RoadOption.STRAIGHT,45.18121337890625,-57.415428161621094,6.28277624563615,2.8,1.2,4.5,3.0,10.0,0.6,0.01,0.06,0.55,0.16,0.2,0.35,1.5,12,10.0,14.0,0.9,1.2,0.6,0.01,0.06,0.65,0.3,0.72,0.005,0.38,0.22,0.01,0.14,1.0,0.28
pid,ground_truth,curvy,400.0,0.05,0.1,1.0,60.01267420873046,35.04252624511719,-57.40580749511719,16.73790088162341,2.7065435628210324,0.005477763601064325,-0.0002077265000073325,0.005477763601064325,0.0002077265000073325,-0.0003872738452628255,-0.00042806659257621504,0.5795530080795288,0.0,19.444444444444443,55,50,5.138692855834961,RoadOption.STRAIGHT,45.18121337890625,-57.415428161621094,6.28277624563615,2.8,1.2,4.5,3.0,10.0,0.6,0.01,0.06,0.55,0.16,0.2,0.35,1.5,12,10.0,14.0,0.9,1.2,0.6,0.01,0.06,0.65,0.3,0.72,0.005,0.38,0.22,0.01,0.14,1.0,0.28
pid,ground_truth,curvy,400.0,0.05,0.1,1.0,60.06267420947552,35.88009262084961,-57.40635299682617,16.760139618641684,2.6843048258027586,0.0052748781225524285,-0.00024021719534328412,0.0052748781225524285,0.00024021719534328412,0.0002625164925120771,0.0006497903377749026,0.5782786011695862,0.0,19.444444444444443,56,50,4.301126956939697,RoadOption.STRAIGHT,46.18121337890625,-57.41584014892578,6.28277624563615,2.8,1.2,4.5,3.0,10.0,0.6,0.01,0.06,0.55,0.16,0.2,0.35,1.5,12,10.0,14.0,0.9,1.2,0.6,0.01,0.06,0.65,0.3,0.72,0.005,0.38,0.22,0.01,0.14,1.0,0.28
pid,ground_truth,curvy,400.0,0.05,0.1,1.0,60.112674210220575,36.71873474121094,-57.40688705444336,16.78115409409917,2.6632903503452745,0.005082987821869182,-0.00025406556799367763,0.005082987821869182,0.00025406556799367763,0.00013694398512598127,-0.00012557250738609582,0.5770833492279053,0.0,19.444444444444443,57,51,4.462484359741211,RoadOption.STRAIGHT,47.18121337890625,-57.4162483215332,6.28277624563615,2.8,1.2,4.5,3.0,10.0,0.6,0.01,0.06,0.55,0.16,0.2,0.35,1.5,12,10.0,14.0,0.9,1.2,0.6,0.01,0.06,0.65,0.3,0.72,0.005,0.38,0.22,0.01,0.14,1.0,0.28
pid,ground_truth,curvy,400.0,0.05,0.1,1.0,60.16267421096563,37.55839157104492,-57.40740203857422,16.80101134623322,2.643433098211222,0.004910586084529715,-0.0002396844981067403,0.004910586084529715,0.0002396844981067403,-9.125500946538523e-05,-0.0002281989945913665,0.5759549736976624,0.0,19.444444444444443,58,52,4.622827053070068,RoadOption.STRAIGHT,48.18121337890625,-57.416656494140625,6.28277624563615,2.8,1.2,4.5,3.0,10.0,0.6,0.01,0.06,0.55,0.16,0.2,0.35,1.5,12,10.0,14.0,0.9,1.2,0.6,0.01,0.06,0.65,0.3,0.72,0.005,0.38,0.22,0.01,0.14,1.0,0.28
pid,ground_truth,curvy,400.0,0.05,0.1,1.0,60.21267421171069,38.399009704589844,-57.40793228149414,16.819774264605062,2.624670179839381,0.004723318791773123,-0.00023329284647211068,0.004723318791773123,0.00023329284647211068,-1.2780562428815756e-05,7.847444703656947e-05,0.5748912692070007,0.0,19.444444444444443,59,53,4.7822089195251465,RoadOption.STRAIGHT,49.18121337890625,-57.41706466674805,6.28277624563615,2.8,1.2,4.5,3.0,10.0,0.6,0.01,0.06,0.55,0.16,0.2,0.35,1.5,12,10.0,14.0,0.9,1.2,0.6,0.01,0.06,0.65,0.3,0.72,0.005,0.38,0.22,0.01,0.14,1.0,0.28
pid,ground_truth,curvy,400.0,0.05,0.1,1.0,60.26267421245575,39.24052810668945,-57.408470153808594,16.837506923852406,2.6069375205920373,0.004528790370357819,-0.0002343582409451983,0.004528790370357819,0.0002343582409451983,6.152262358227745e-05,7.43031860110932e-05,0.573874831199646,0.0,19.444444444444443,60,54,4.940690040588379,RoadOption.STRAIGHT,50.18121337890625,-57.41747283935547,6.28277624563615,2.8,1.2,4.5,3.0,10.0,0.6,0.01,0.06,0.55,0.16,0.2,0.35,1.5,12,10.0,14.0,0.9,1.2,0.6,0.01,0.06,0.65,0.3,0.72,0.005,0.38,0.22,0.01,0.14,1.0,0.28
pid,ground_truth,curvy,400.0,0.05,0.1,1.0,60.31267421320081,40.082908630371094,-57.40900802612305,16.85426284758166,2.5901815968627844,0.0043346146097176545,-0.0002306298154195474,0.0043346146097176545,0.0002306298154195474,-0.0002888331073336303,-0.00035035573091590777,0.5729233622550964,0.0,19.444444444444443,60,55,5.098309516906738,RoadOption.STRAIGHT,50.18121337890625,-57.41747283935547,6.28277624563615,2.8,1.2,4.5,3.0,10.0,0.6,0.01,0.06,0.55,0.16,0.2,0.35,1.5,12,10.0,14.0,0.9,1.2,0.6,0.01,0.06,0.65,0.3,0.72,0.005,0.38,0.22,0.01,0.14,1.0,0.28
pid,ground_truth,curvy,400.0,0.05,0.1,1.0,60.362674213945866,40.92609405517578,-57.409568786621094,16.870096456514343,2.5743479879301,0.00411876888024194,-0.0002487392458130344,0.00411876888024194,0.0002487392458130344,0.00023754042922519147,0.0005263735365588218,0.5720224380493164,0.0,19.444444444444443,61,55,4.255124092102051,RoadOption.STRAIGHT,51.18121337890625,-57.41788101196289,6.28277624563615,2.8,1.2,4.5,3.0,10.0,0.6,0.01,0.06,0.55,0.16,0.2,0.35,1.5,12,10.0,14.0,0.9,1.2,0.6,0.01,0.06,0.65,0.3,0.72,0.005,0.38,0.22,0.01,0.14,1.0,0.28
pid,ground_truth,curvy,400.0,0.05,0.1,1.0,60.412674214690924,41.77005386352539,-57.41011428833008,16.885057041567972,2.559387402876471,0.003921424447261099,-0.0002530003035570161,0.003921424447261099,0.0002530003035570161,0.00013573886826634407,-0.0001018015609588474,0.5711755752563477,0.0,19.444444444444443,62,56,4.411163806915283,RoadOption.STRAIGHT,52.18121337890625,-57.41828918457031,6.28277624563615,2.8,1.2,4.5,3.0,10.0,0.6,0.01,0.06,0.55,0.16,0.2,0.35,1.5,12,10.0,14.0,0.9,1.2,0.6,0.01,0.06,0.65,0.3,0.72,0.005,0.38,0.22,0.01,0.14,1.0,0.28
pid,ground_truth,curvy,400.0,0.05,0.1,1.0,60.46267421543598,42.61473083496094,-57.41065216064453,16.899196007709868,2.5452484367345747,0.0037281880750573712,-0.0002338255437086545,0.0037281880750573712,0.0002338255437086545,-5.055019209976308e-05,-0.00018628906036610715,0.5703655481338501,0.0,19.444444444444443,63,57,4.566486358642578,RoadOption.STRAIGHT,53.18121337890625,-57.418697357177734,6.28277624563615,2.8,1.2,4.5,3.0,10.0,0.6,0.01,0.06,0.55,0.16,0.2,0.35,1.5,12,10.0,14.0,0.9,1.2,0.6,0.01,0.06,0.65,0.3,0.72,0.005,0.38,0.22,0.01,0.14,1.0,0.28
pid,ground_truth,curvy,400.0,0.05,0.1,1.0,60.51267421618104,43.46009826660156,-57.41118621826172,16.9125533605508,2.531891083893644,0.003539048840509403,-0.00022157493767593905,0.003539048840509403,0.00022157493767593905,1.36012158691301e-06,5.191031368667609e-05,0.5696154236793518,0.0,19.444444444444443,64,58,4.721118450164795,RoadOption.STRAIGHT,54.18121337890625,-57.419105529785156,6.28277624563615,2.8,1.2,4.5,3.0,10.0,0.6,0.01,0.06,0.55,0.16,0.2,0.35,1.5,12,10.0,14.0,0.9,1.2,0.6,0.01,0.06,0.65,0.3,0.72,0.005,0.38,0.22,0.01,0.14,1.0,0.28
pid,ground_truth,curvy,400.0,0.05,0.1,1.0,60.5626742169261,44.30610656738281,-57.41172790527344,16.92518189735546,2.5192625470889816,0.0033425423669809972,-0.0002167812477136266,0.0033425423669809972,0.0002167812477136266,7.109700527507812e-05,6.973688368816511e-05,0.5688778758049011,0.0,19.444444444444443,65,59,4.875110149383545,RoadOption.STRAIGHT,55.18121337890625,-57.41951370239258,6.28277624563615,2.8,1.2,4.5,3.0,10.0,0.6,0.01,0.06,0.55,0.16,0.2,0.35,1.5,12,10.0,14.0,0.9,1.2,0.6,0.01,0.06,0.65,0.3,0.72,0.005,0.38,0.22,0.01,0.14,1.0,0.28
pid,ground_truth,curvy,400.0,0.05,0.1,1.0,60.612674217671156,45.15272521972656,-57.412254333496094,16.93710646282325,2.507337981621191,0.003161544352583687,-0.00020879176444310588,0.003161544352583687,0.00020879176444310588,-0.00019782352319452912,-0.00026892052846960723,0.5682255625724792,0.0,19.444444444444443,65,60,5.028491020202637,RoadOption.STRAIGHT,55.18121337890625,-57.41951370239258,6.28277624563615,2.8,1.2,4.5,3.0,10.0,0.6,0.01,0.06,0.55,0.16,0.2,0.35,1.5,12,10.0,14.0,0.9,1.2,0.6,0.01,0.06,0.65,0.3,0.72,0.005,0.38,0.22,0.01,0.14,1.0,0.28
pid,ground_truth,curvy,400.0,0.05,0.1,1.0,60.662674218416214,45.99991989135742,-57.41279602050781,16.948377433661204,2.4960670107832392,0.002966412136489297,-0.0002167812477136266,0.002966412136489297,0.0002167812477136266,0.00018617707246448845,0.00038400059565901756,0.5675760507583618,0.0,19.444444444444443,66,60,4.181296348571777,RoadOption.STRAIGHT,56.18121337890625,-57.419925689697266,6.28277624563615,2.8,1.2,4.5,3.0,10.0,0.6,0.01,0.06,0.55,0.16,0.2,0.35,1.5,12,10.0,14.0,0.9,1.2,0.6,0.01,0.06,0.65,0.3,0.72,0.005,0.38,0.22,0.01,0.14,1.0,0.28
pid,ground_truth,curvy,400.0,0.05,0.1,1.0,60.71267421916127,46.84766387939453,-57.41332244873047,16.959029471147268,2.0854149732971763,0.002785874453634759,-0.0002151834160777355,0.002785874453634759,0.0002151834160777355,0.00011387408449081704,-7.23029879736714e-05,0.0,0.2800000011920929,19.044444444444444,67,61,4.333552360534668,RoadOption.STRAIGHT,57.18121337890625,-57.42033386230469,6.28277624563615,2.8,1.2,4.5,3.0,10.0,0.6,0.01,0.06,0.55,0.16,0.2,0.35,1.5,12,10.0,14.0,0.9,1.2,0.6,0.01,0.06,0.65,0.3,0.72,0.005,0.38,0.22,0.01,0.14,1.0,0.28
pid,ground_truth,curvy,400.0,0.05,0.1,1.0,60.76267421990633,47.695213317871094,-57.41383743286133,16.932841373461752,1.7116030709826937,0.002616701278878325,-0.00019707392066514728,0.002616701278878325,0.00019707392066514728,-2.3190092178992927e-05,-0.00013706417666980997,0.0,0.2800000011920929,18.644444444444446,68,62,4.486002445220947,RoadOption.STRAIGHT,58.18121337890625,-57.42074203491211,6.28277624563615,2.8,1.2,4.5,3.0,10.0,0.6,0.01,0.06,0.55,0.16,0.2,0.35,1.5,12,10.0,14.0,0.9,1.2,0.6,0.01,0.06,0.65,0.3,0.72,0.005,0.38,0.22,0.01,0.14,1.0,0.28
pid,ground_truth,curvy,400.0,0.05,0.1,1.0,60.81267422065139,48.53815460205078,-57.41434860229492,16.797917497799183,1.446526946645264,0.0024494577824118536,-0.00018375805019665847,0.0024494577824118536,0.00018375805019665847,1.2667155715462286e-05,3.585724789445521e-05,0.0,0.2800000011920929,18.244444444444447,69,63,4.64306116104126,RoadOption.STRAIGHT,59.18121337890625,-57.42115020751953,6.28277624563615,2.8,1.2,4.5,3.0,10.0,0.6,0.01,0.06,0.55,0.16,0.2,0.35,1.5,12,10.0,14.0,0.9,1.2,0.6,0.01,0.06,0.65,0.3,0.72,0.005,0.38,0.22,0.01,0.14,1.0,0.28
pid,ground_truth,curvy,400.0,0.05,0.1,1.0,60.862674221396446,49.37185287475586,-57.41484069824219,16.5856104335254,1.258834010919049,0.0022975068102433494,-0.00017576863194523895,0.0022975068102433494,0.00017576863194523895,4.642552084987983e-05,3.3758365134417545e-05,0.0,0.19859673082828522,17.84444444444445,70,64,4.809362888336182,RoadOption.STRAIGHT,60.181209564208984,-57.42155838012695,6.28277624563615,2.8,1.2,4.5,3.0,10.0,0.6,0.01,0.06,0.55,0.16,0.2,0.35,1.5,12,10.0,14.0,0.9,1.2,0.6,0.01,0.06,0.65,0.3,0.72,0.005,0.38,0.22,0.01,0.14,1.0,0.28
pid,ground_truth,curvy,400.0,0.05,0.1,1.0,60.912674222141504,50.19356155395508,-57.41532516479492,16.33188521752974,1.1125592269147084,0.002148280750479871,-0.0001667137542016306,0.002148280750479871,0.0001667137542016306,3.9776263292878866e-05,-6.649257557000965e-06,0.0,0.11480636894702911,17.44444444444445,71,65,4.987653732299805,RoadOption.STRAIGHT,61.181209564208984,-57.421966552734375,6.28277624563615,2.8,1.2,4.5,3.0,10.0,0.6,0.01,0.06,0.55,0.16,0.2,0.35,1.5,12,10.0,14.0,0.9,1.2,0.6,0.01,0.06,0.65,0.3,0.72,0.005,0.38,0.22,0.01,0.14,1.0,0.28
pid,ground_truth,curvy,400.0,0.05,0.1,1.0,60.96267422288656,51.00191116333008,-57.415794372558594,16.057497717073513,0.9869467273709382,0.00201266349387995,-0.00015659380707777615,0.00201266349387995,0.00015659380707777615,-0.0001208466273965314,-0.00016062289068941027,0.0,0.0845867171883583,17.04444444444445,71,66,5.179304122924805,RoadOption.STRAIGHT,61.181209564208984,-57.421966552734375,6.28277624563615,2.8,1.2,4.5,3.0,10.0,0.6,0.01,0.06,0.55,0.16,0.2,0.35,1.5,12,10.0,14.0,0.9,1.2,0.6,0.01,0.06,0.65,0.3,0.72,0.005,0.38,0.22,0.01,0.14,1.0,0.28
pid,ground_truth,curvy,400.0,0.05,0.1,1.0,61.01267422363162,51.79613494873047,-57.416259765625,15.770068068557114,0.8743763758873389,0.0018721568648405289,-0.00015765900649533648,0.0018721568648405289,0.00015765900649533648,0.00012523014447651803,0.00024607677187304944,0.0,0.07283417880535126,16.644444444444453,72,66,4.385080337524414,RoadOption.STRAIGHT,62.181209564208984,-57.4223747253418,6.28277624563615,2.8,1.2,4.5,3.0,10.0,0.6,0.01,0.06,0.55,0.16,0.2,0.35,1.5,12,10.0,14.0,0.9,1.2,0.6,0.01,0.06,0.65,0.3,0.72,0.005,0.38,0.22,0.01,0.14,1.0,0.28
pid,ground_truth,curvy,400.0,0.05,0.1,1.0,61.06267422437668,52.57575225830078,-57.41670227050781,15.474778672480566,0.7696657719638882,0.001747674511342593,-0.00015339801376956785,0.001747674511342593,0.00015339801376956785,7.725321484031156e-05,-4.797692963620648e-05,0.0,0.07386322319507599,16.244444444444454,73,67,4.605463027954102,RoadOption.STRAIGHT,63.181209564208984,-57.42278289794922,6.28277624563615,2.8,1.2,4.5,3.0,10.0,0.6,0.01,0.06,0.55,0.16,0.2,0.35,1.5,12,10.0,14.0,0.9,1.2,0.6,0.01,0.06,0.65,0.3,0.72,0.005,0.38,0.22,0.01,0.14,1.0,0.28
pid,ground_truth,curvy,400.0,0.05,0.1,1.0,61.11267422512174,53.340476989746094,-57.41712188720703,15.17515977294032,0.6692846715041334,0.001639988358699784,-0.00014008227333750511,0.001639988358699784,0.00014008227333750511,-6.407835826394148e-06,-8.36610506667057e-05,0.0,0.08382445573806763,15.844444444444454,74,68,4.840738296508789,RoadOption.STRAIGHT,64.18121337890625,-57.42319107055664,6.28277624563615,2.8,1.2,4.5,3.0,10.0,0.6,0.01,0.06,0.55,0.16,0.2,0.35,1.5,12,10.0,14.0,0.9,1.2,0.6,0.01,0.06,0.65,0.3,0.72,0.005,0.38,0.22,0.01,0.14,1.0,0.28
pid,ground_truth,curvy,400.0,0.05,0.1,1.0,61.162674225866795,54.09015655517578,-57.41754150390625,14.873381908055459,0.5877117726632921,0.0015261478073970007,-0.00012942959646800034,0.0015261478073970007,0.00012942959646800034,-9.64952923823148e-05,-9.008745655592065e-05,0.0,0.04910752549767494,15.46109368071875,74,69,5.091058731079102,RoadOption.STRAIGHT,64.18121337890625,-57.42319107055664,6.28277624563615,2.8,1.2,4.5,3.0,10.0,0.6,0.01,0.06,0.55,0.16,0.2,0.35,1.5,12,10.0,14.0,0.9,1.2,0.6,0.01,0.06,0.65,0.3,0.72,0.005,0.38,0.22,0.01,0.14,1.0,0.28
pid,ground_truth,curvy,400.0,0.05,0.1,1.0,61.21267422661185,54.82484817504883,-57.4179573059082,14.57581464525391,0.8852790354648405,0.0014108799198260416,-0.00013049479588556068,0.0014108799198260416,0.00013049479588556068,0.00011886708671227098,0.00021536237909458578,1.0,0.0,15.46109368071875,75,69,4.356367111206055,RoadOption.STRAIGHT,65.18121337890625,-57.42359924316406,6.28277624563615,2.8,1.2,4.5,3.0,10.0,0.6,0.01,0.06,0.55,0.16,0.2,0.35,1.5,12,10.0,14.0,0.9,1.2,0.6,0.01,0.06,0.65,0.3,0.72,0.005,0.38,0.22,0.01,0.14,1.0,0.28
pid,ground_truth,curvy,400.0,0.05,0.1,1.0,61.26267422735691,55.545101165771484,-57.41834259033203,14.29704292902458,1.165562297049357,0.0013193359217553464,-0.00012570110592324824,0.0013193359217553464,0.00012570110592324824,0.0066794296726584435,0.0065605625859461725,1.0,0.0,15.462605226073936,76,70,4.636110305786133,RoadOption.STRAIGHT,66.06481170654297,-57.41557312011719,0.02175243346765821,2.8,1.2,4.5,3.0,10.0,0.6,0.01,0.06,0.55,0.16,0.2,0.35,1.5,12,10.0,14.0,0.9,1.2,0.6,0.01,0.06,0.65,0.3,0.72,0.005,0.38,0.22,0.01,0.14,1.0,0.28
pid,ground_truth,curvy,400.0,0.05,0.1,1.0,61.31267422810197,56.25305938720703,-57.41816711425781,14.077607027223612,1.3834465358044739,0.001783521497208692,0.0003760383520150512,0.001783521497208692,0.0003760383520150512,0.019484084099531174,0.01280465442687273,0.9644340872764587,0.0,15.461053563028086,77,71,4.928152561187744,RoadOption.STRAIGHT,66.93106842041016,-57.3857307434082,0.047124901805061126,2.8,1.2,4.5,3.0,10.0,0.6,0.01,0.06,0.55,0.16,0.2,0.35,1.5,12,10.0,14.0,0.9,1.2,0.6,0.01,0.06,0.65,0.3,0.72,0.005,0.38,0.22,0.01,0.14,1.0,0.28
pid,ground_truth,curvy,400.0,0.05,0.1,1.0,61.36267422884703,56.95286560058594,-57.41616439819336,13.95581171167914,1.5063327545419405,0.004071612237114392,0.0023513816483573535,0.004071612237114392,0.0023513816483573535,0.02361197955906391,0.004127895459532738,0.7254745960235596,0.0,15.46214446622108,78,72,5.228348255157471,RoadOption.STRAIGHT,67.7962875366211,-57.33391571044922,0.07249763645857306,2.8,1.2,4.5,3.0,10.0,0.6,0.01,0.06,0.55,0.16,0.2,0.35,1.5,12,10.0,14.0,0.9,1.2,0.6,0.01,0.06,0.65,0.3,0.72,0.005,0.38,0.22,0.01,0.14,1.0,0.28
pid,ground_truth,curvy,400.0,0.05,0.1,1.0,61.412674229592085,57.649818420410156,-57.41154479980469,13.935085344986438,1.5274321271522595,0.008975417868756663,0.005904579237045127,0.008975417868756663,0.005904579237045127,-0.02495020255446434,-0.04856218211352825,0.44511330127716064,0.0,15.462517472138698,78,73,5.531403064727783,RoadOption.STRAIGHT,67.7962875366211,-57.33391571044922,0.07249763645857306,2.8,1.2,4.5,3.0,10.0,0.6,0.01,0.06,0.55,0.16,0.2,0.35,1.5,12,10.0,14.0,0.9,1.2,0.6,0.01,0.06,0.65,0.3,0.72,0.005,0.38,0.22,0.01,0.14,1.0,0.28
pid,ground_truth,curvy,400.0,0.05,0.1,1.0,61.46267423033714,58.3470344543457,-57.40816116333008,13.946970535808955,1.5155469363297431,0.012644258319268369,0.006770949232134171,0.012644258319268369,0.006770949232134171,0.05007953569293022,0.07502973824739456,0.3501417934894562,0.0,15.462517472138698,79,73,4.834197521209717,RoadOption.STRAIGHT,68.659912109375,-57.260169982910156,0.09787010479597598,2.8,1.2,4.5,3.0,10.0,0.6,0.01,0.06,0.55,0.16,0.2,0.35,1.5,12,10.0,14.0,0.9,1.2,0.6,0.01,0.06,0.65,0.3,0.72,0.005,0.38,0.22,0.01,0.14,1.0,0.28
pid,ground_truth,curvy,400.0,0.05,0.1,1.0,61.5126742310822,59.04404830932617,-57.4017219543457,13.930548496135962,1.5305451845827882,0.019367697801063437,0.009512168510031671,0.019367697801063437,0.009512168510031671,0.05188031867146492,0.0018007829785346985,0.4287150502204895,0.0,15.46109368071875,80,74,5.137210369110107,RoadOption.STRAIGHT,69.52140045166016,-57.1645393371582,0.1232428394494879,2.8,1.2,4.5,3.0,10.0,0.6,0.01,0.06,0.55,0.16,0.2,0.35,1.5,12,10.0,14.0,0.9,1.2,0.6,0.01,0.06,0.65,0.3,0.72,0.005,0.38,0.22,0.01,0.14,1.0,0.28
pid,ground_truth,curvy,400.0,0.05,0.1,1.0,61.56267423182726,59.73945999145508,-57.38890075683594,13.896410041762499,1.5661951843114377,0.032472471447460446,0.016609331569011232,0.032472471447460446,0.016609331569011232,0.02957073040306568,-0.02230958826839924,0.49438294768333435,0.0,15.462605226073936,81,75,5.441864490509033,RoadOption.STRAIGHT,70.38017272949219,-57.047080993652344,0.14861557410299983,2.8,1.2,4.5,3.0,10.0,0.6,0.01,0.06,0.55,0.16,0.2,0.35,1.5,12,10.0,14.0,0.9,1.2,0.6,0.01,0.06,0.65,0.3,0.72,0.005,0.38,0.22,0.01,0.14,1.0,0.28
pid,ground_truth,curvy,400.0,0.05,0.1,1.0,61.61267423257232,60.43320846557617,-57.37187957763672,13.868863865352825,1.592189697675261,0.16617462012555761,0.0022464804092119373,0.16617462012555761,0.0022464804092119373,0.03656517341732979,0.006994443014264107,0.4730663597583771,0.0,15.461053563028086,82,76,5.631772994995117,RoadOption.STRAIGHT,71.23568725585938,-56.907875061035156,0.17398830875651175,2.8,1.2,4.5,3.0,10.0,0.6,0.01,0.06,0.55,0.16,0.2,0.35,1.5,12,10.0,14.0,0.9,1.2,0.6,0.01,0.06,0.65,0.3,0.72,0.005,0.38,0.22,0.01,0.14,1.0,0.28
pid,ground_truth,curvy,400.0,0.05,0.1,1.0,61.662674233317375,61.12566375732422,-57.35045623779297,13.84706581165209,1.6150786545689897,0.3087132219872759,-0.01532051244452104,0.3087132219872759,0.01532051244452104,-0.044459156692028046,-0.08102433010935783,0.469406396150589,0.0,15.46214446622108,82,77,5.805512428283691,RoadOption.STRAIGHT,71.23568725585938,-56.907875061035156,0.17398830875651175,2.8,1.2,4.5,3.0,10.0,0.6,0.01,0.06,0.55,0.16,0.2,0.35,1.5,12,10.0,14.0,0.9,1.2,0.6,0.01,0.06,0.65,0.3,0.72,0.005,0.38,0.22,0.01,0.14,1.0,0.28
pid,ground_truth,curvy,400.0,0.05,0.1,1.0,61.71267423406243,61.816986083984375,-57.32996368408203,13.822262216537194,1.639882249683886,0.2966165854766738,-0.012675192453150519,0.2966165854766738,0.012675192453150519,0.055540841072797775,0.09999999776482582,0.4802241623401642,0.0,15.46214446622108,83,77,5.114386558532715,RoadOption.STRAIGHT,72.08740234375,-56.74700927734375,0.19936104341002367,2.8,1.2,4.5,3.0,10.0,0.6,0.01,0.06,0.55,0.16,0.2,0.35,1.5,12,10.0,14.0,0.9,1.2,0.6,0.01,0.06,0.65,0.3,0.72,0.005,0.38,0.22,0.01,0.14,1.0,0.28
pid,ground_truth,curvy,400.0,0.05,0.1,1.0,61.76267423480749,62.50700378417969,-57.30662536621094,13.798177515365811,1.6643399567728867,0.4103434112241833,-0.035496458576582235,0.4103434112241833,0.035496458576582235,0.11413557082414627,0.058594729751348495,0.4846363663673401,0.0,15.462517472138698,84,78,5.28935432434082,RoadOption.STRAIGHT,72.93476104736328,-56.56459045410156,0.2247335117474266,2.8,1.2,4.5,3.0,10.0,0.6,0.01,0.06,0.55,0.16,0.2,0.35,1.5,12,10.0,14.0,0.9,1.2,0.6,0.01,0.06,0.65,0.3,0.72,0.005,0.38,0.22,0.01,0.14,1.0,0.28
pid,ground_truth,curvy,400.0,0.05,0.1,1.0,61.81267423555255,63.19489288330078,-57.27216720581055,13.76104510876862,1.7000485719501306,0.5220687347742465,-0.0503754022676115,0.5220687347742465,0.0503754022676115,0.061019834131002426,-0.053115736693143845,0.5239948034286499,0.0,15.46109368071875,85,79,5.465032577514648,RoadOption.STRAIGHT,73.77721405029297,-56.36072540283203,0.25010624640093854,2.8,1.2,4.5,3.0,10.0,0.6,0.01,0.06,0.55,0.16,0.2,0.35,1.5,12,10.0,14.0,0.9,1.2,0.6,0.01,0.06,0.65,0.3,0.72,0.005,0.38,0.22,0.01,0.14,1.0,0.28
pid,ground_truth,curvy,400.0,0.05,0.1,1.0,61.86267423629761,63.88120651245117,-57.228729248046875,13.75218977615149,1.710415449922447,0.629652151758344,-0.06188665392455883,0.629652151758344,0.06188665392455883,0.04204696789383888,-0.018972866237163544,0.4553186595439911,0.0,15.462605226073936,86,80,5.640559673309326,RoadOption.STRAIGHT,74.61422729492188,-56.135562896728516,0.27547898105445046,2.8,1.2,4.5,3.0,10.0,0.6,0.01,0.06,0.55,0.16,0.2,0.35,1.5,12,10.0,14.0,0.9,1.2,0.6,0.01,0.06,0.65,0.3,0.72,0.005,0.38,0.22,0.01,0.14,1.0,0.28
pid,ground_truth,curvy,400.0,0.05,0.1,1.0,61.912674237042665,64.56688690185547,-57.17938232421875,13.746848503505618,1.7142050595224685,0.7299250801136675,-0.07476689105629442,0.7299250801136675,0.07476689105629442,-0.05795303359627724,-0.10000000149011612,0.43773603439331055,0.0,15.461053563028086,86,81,5.814791202545166,RoadOption.STRAIGHT,74.61422729492188,-56.135562896728516,0.27547898105445046,2.8,1.2,4.5,3.0,10.0,0.6,0.01,0.06,0.55,0.16,0.2,0.35,1.5,12,10.0,14.0,0.9,1.2,0.6,0.01,0.06,0.65,0.3,0.72,0.005,0.38,0.22,0.01,0.14,1.0,0.28
pid,ground_truth,curvy,400.0,0.05,0.1,1.0,61.96267423778772,65.25188446044922,-57.13058853149414,13.72450124374807,1.7365523192800154,0.6767540412055008,-0.0698686803437445,0.6767540412055008,0.0698686803437445,0.04204696789383888,0.10000000149011612,0.4946138262748718,0.0,15.461053563028086,87,81,5.128968715667725,RoadOption.STRAIGHT,75.44525909423828,-55.88922882080078,0.3008514493918534,2.8,1.2,4.5,3.0,10.0,0.6,0.01,0.06,0.55,0.16,0.2,0.35,1.5,12,10.0,14.0,0.9,1.2,0.6,0.01,0.06,0.65,0.3,0.72,0.005,0.38,0.22,0.01,0.14,1.0,0.28
pid,ground_truth,curvy,400.0,0.05,0.1,1.0,62.01267423853278,65.93561553955078,-57.07962417602539,13.70485693118427,1.7561558646158453,0.7483489274723596,-0.09284804044798056,0.7483489274723596,0.09284804044798056,0.1420469731092453,0.10000000521540642,0.49124422669410706,0.0,15.461012795800116,88,82,5.302854061126709,RoadOption.STRAIGHT,76.269775390625,-55.62189865112305,0.3262241840453653,2.8,1.2,4.5,3.0,10.0,0.6,0.01,0.06,0.55,0.16,0.2,0.35,1.5,12,10.0,14.0,0.9,1.2,0.6,0.01,0.06,0.65,0.3,0.72,0.005,0.38,0.22,0.01,0.14,1.0,0.28
pid,ground_truth,curvy,400.0,0.05,0.1,1.0,62.06267423927784,66.6168212890625,-57.01716613769531,13.663934739594048,1.7985827325446504,0.8186047187517389,-0.10831389907018174,0.8186047187517389,0.10831389907018174,0.12056194245815277,-0.02148503065109253,0.5644834041595459,0.0,15.462517472138698,89,83,5.477248191833496,RoadOption.STRAIGHT,77.08724212646484,-55.33373260498047,0.3515966523827682,2.8,1.2,4.5,3.0,10.0,0.6,0.01,0.06,0.55,0.16,0.2,0.35,1.5,12,10.0,14.0,0.9,1.2,0.6,0.01,0.06,0.65,0.3,0.72,0.005,0.38,0.22,0.01,0.14,1.0,0.28
pid,ground_truth,curvy,400.0,0.05,0.1,1.0,62.1126742400229,67.29485321044922,-56.94040298461914,13.643911272593,1.8171824081257508,0.8904720189647255,-0.11556781724733955,0.8904720189647255,0.11556781724733955,0.05935534089803696,-0.061206601560115814,0.5018592476844788,0.0,15.46109368071875,90,84,5.6524152755737305,RoadOption.STRAIGHT,77.89713287353516,-55.02491760253906,0.37696938703628013,2.8,1.2,4.5,3.0,10.0,0.6,0.01,0.06,0.55,0.16,0.2,0.35,1.5,12,10.0,14.0,0.9,1.2,0.6,0.01,0.06,0.65,0.3,0.72,0.005,0.38,0.22,0.01,0.14,1.0,0.28
pid,ground_truth,curvy,400.0,0.05,0.1,1.0,62.162674240767956,67.97186279296875,-56.85453414916992,13.65381800051155,1.8104906064872406,0.9584200553213083,-0.12302244622452685,0.9584200553213083,0.12302244622452685,-0.040644656866788864,-0.09999999776482582,0.42957088351249695,0.0,15.46430860699879,90,85,5.826315402984619,RoadOption.STRAIGHT,77.89713287353516,-55.02491760253906,0.37696938703628013,2.8,1.2,4.5,3.0,10.0,0.6,0.01,0.06,0.55,0.16,0.2,0.35,1.5,12,10.0,14.0,0.9,1.2,0.6,0.01,0.06,0.65,0.3,0.72,0.005,0.38,0.22,0.01,0.14,1.0,0.28
pid,ground_truth,curvy,400.0,0.05,0.1,1.0,62.212674241513014,68.64891815185547,-56.76731872558594,13.649163169630183,1.8151454373686065,0.8753459956970213,-0.11341550038860815,0.8753459956970213,0.11341550038860815,0.05935534089803696,0.09999999776482582,0.4623655080795288,0.0,15.46430860699879,91,85,5.1443891525268555,RoadOption.STRAIGHT,78.69892883300781,-54.69565963745117,0.40234185537368305,2.8,1.2,4.5,3.0,10.0,0.6,0.01,0.06,0.55,0.16,0.2,0.35,1.5,12,10.0,14.0,0.9,1.2,0.6,0.01,0.06,0.65,0.3,0.72,0.005,0.38,0.22,0.01,0.14,1.0,0.28
pid,ground_truth,curvy,400.0,0.05,0.1,1.0,62.26267424225807,69.3246841430664,-56.67551040649414,13.631936742475746,1.8279760273867698,0.9192086672389748,-0.1322569573043766,0.9192086672389748,0.1322569573043766,0.15935534238815308,0.10000000149011612,0.48808038234710693,0.0,15.459912769862516,92,86,5.317030429840088,RoadOption.STRAIGHT,79.49211120605469,-54.346160888671875,0.427714590027195,2.8,1.2,4.5,3.0,10.0,0.6,0.01,0.06,0.55,0.16,0.2,0.35,1.5,12,10.0,14.0,0.9,1.2,0.6,0.01,0.06,0.65,0.3,0.72,0.005,0.38,0.22,0.01,0.14,1.0,0.28
pid,ground_truth,curvy,400.0,0.05,0.1,1.0,62.31267424300313,69.9967041015625,-56.57007598876953,13.585097467037102,1.8759153287630141,0.9643228882967363,-0.1438387619242656,0.9643228882967363,0.1438387619242656,0.12683144211769104,-0.032523900270462036,0.5969313979148865,0.0,15.461012795800116,93,87,5.49092960357666,RoadOption.STRAIGHT,80.27617645263672,-53.976654052734375,0.4530873246807069,2.8,1.2,4.5,3.0,10.0,0.6,0.01,0.06,0.55,0.16,0.2,0.35,1.5,12,10.0,14.0,0.9,1.2,0.6,0.01,0.06,0.65,0.3,0.72,0.005,0.38,0.22,0.01,0.14,1.0,0.28
pid,ground_truth,curvy,400.0,0.05,0.1,1.0,62.36267424374819,70.66424560546875,-56.44895553588867,13.56753148108225,1.892528214372506,1.01295935598774,-0.14825629702719123,1.01295935598774,0.14825629702719123,0.07132025808095932,-0.05551118403673172,0.5128722786903381,0.0,15.460059695454756,94,88,5.666214942932129,RoadOption.STRAIGHT,81.05061340332031,-53.587379455566406,0.4784597930181098,2.8,1.2,4.5,3.0,10.0,0.6,0.01,0.06,0.55,0.16,0.2,0.35,1.5,12,10.0,14.0,0.9,1.2,0.6,0.01,0.06,0.65,0.3,0.72,0.005,0.38,0.22,0.01,0.14,1.0,0.28
pid,ground_truth,curvy,400.0,0.05,0.1,1.0,62.412674244493246,71.33004760742188,-56.31702423095703,13.582645624316616,1.879930901175598,1.0596239914353298,-0.15310870969137014,1.0596239914353298,0.15310870969137014,-0.02867974154651165,-0.09999999962747097,0.4283123314380646,0.0,15.462576525492214,94,89,5.840561389923096,RoadOption.STRAIGHT,81.05061340332031,-53.587379455566406,0.4784597930181098,2.8,1.2,4.5,3.0,10.0,0.6,0.01,0.06,0.55,0.16,0.2,0.35,1.5,12,10.0,14.0,0.9,1.2,0.6,0.01,0.06,0.65,0.3,0.72,0.005,0.38,0.22,0.01,0.14,1.0,0.28
pid,ground_truth,curvy,400.0,0.05,0.1,1.0,62.462674245238304,71.99576568603516,-56.18186950683594,13.585089409981835,1.8774871155103785,0.9572390372911895,-0.14116075371110925,0.9572390372911895,0.14116075371110925,0.07132025808095932,0.09999999962747097,0.4562045633792877,0.0,15.462576525492214,95,89,5.16163444519043,RoadOption.STRAIGHT,81.81492614746094,-53.1785774230957,0.5038325276716218,2.8,1.2,4.5,3.0,10.0,0.6,0.01,0.06,0.55,0.16,0.2,0.35,1.5,12,10.0,14.0,0.9,1.2,0.6,0.01,0.06,0.65,0.3,0.72,0.005,0.38,0.22,0.01,0.14,1.0,0.28
pid,ground_truth,curvy,400.0,0.05,0.1,1.0,62.51267424598336,72.65967559814453,-56.04041290283203,13.56878507585051,1.8941227879866833,0.9837390163105145,-0.15750964997175343,0.9837390163105145,0.15750964997175343,0.17132025957107544,0.10000000149011612,0.5132868885993958,0.0,15.462907863837193,96,90,5.334997177124023,RoadOption.STRAIGHT,82.56861877441406,-52.750518798828125,0.5292052623251337,2.8,1.2,4.5,3.0,10.0,0.6,0.01,0.06,0.55,0.16,0.2,0.35,1.5,12,10.0,14.0,0.9,1.2,0.6,0.01,0.06,0.65,0.3,0.72,0.005,0.38,0.22,0.01,0.14,1.0,0.28
pid,ground_truth,curvy,400.0,0.05,0.1,1.0,62.56267424672842,73.3183822631836,-55.88401794433594,13.521463216759296,1.9384495531032204,1.0134198177240288,-0.16680376592575064,1.0134198177240288,0.16680376592575064,0.1347326785326004,-0.03658758103847504,0.6005738377571106,0.0,15.459912769862516,97,91,5.510215759277344,RoadOption.STRAIGHT,83.31121826171875,-52.30347442626953,0.5545779969786456,2.8,1.2,4.5,3.0,10.0,0.6,0.01,0.06,0.55,0.16,0.2,0.35,1.5,12,10.0,14.0,0.9,1.2,0.6,0.01,0.06,0.65,0.3,0.72,0.005,0.38,0.22,0.01,0.14,1.0,0.28
pid,ground_truth,curvy,400.0,0.05,0.1,1.0,62.61267424747348,73.97123718261719,-55.711063385009766,13.508355708406617,1.952657087393499,1.048069593784487,-0.1691094475737569,1.048069593784487,0.1691094475737569,0.07865327596664429,-0.056079402565956116,0.519365668296814,0.0,15.461012795800116,98,92,5.68709135055542,RoadOption.STRAIGHT,84.04222106933594,-51.83773422241211,0.5799507316321575,2.8,1.2,4.5,3.0,10.0,0.6,0.01,0.06,0.55,0.16,0.2,0.35,1.5,12,10.0,14.0,0.9,1.2,0.6,0.01,0.06,0.65,0.3,0.72,0.005,0.38,0.22,0.01,0.14,1.0,0.28
pid,ground_truth,curvy,400.0,0.05,0.1,1.0,62.662674248218536,74.62140655517578,-55.52621078491211,13.528705580062933,1.931354115391823,1.0821320122737887,-0.17219623436948384,1.0821320122737887,0.17219623436948384,-0.021346721798181534,-0.09999999776482582,0.4152495861053467,0.0,15.460059695454756,98,93,5.863237380981445,RoadOption.STRAIGHT,84.04222106933594,-51.83773422241211,0.5799507316321575,2.8,1.2,4.5,3.0,10.0,0.6,0.01,0.06,0.55,0.16,0.2,0.35,1.5,12,10.0,14.0,0.9,1.2,0.6,0.01,0.06,0.65,0.3,0.72,0.005,0.38,0.22,0.01,0.14,1.0,0.28
pid,ground_truth,curvy,400.0,0.05,0.1,1.0,62.712674248963594,75.27120971679688,-55.33695983886719,13.537097301897914,1.9229623935568423,0.9678404609017077,-0.15850439057316823,0.9678404609017077,0.15850439057316823,0.07865327596664429,0.09999999776482582,0.4495549201965332,0.0,15.460059695454756,99,93,5.186533451080322,RoadOption.STRAIGHT,84.76118469238281,-51.353599548339844,0.6053231999695604,2.8,1.2,4.5,3.0,10.0,0.6,0.01,0.06,0.55,0.16,0.2,0.35,1.5,12,10.0,14.0,0.9,1.2,0.6,0.01,0.06,0.65,0.3,0.72,0.005,0.38,0.22,0.01,0.14,1.0,0.28
pid,ground_truth,curvy,400.0,0.05,0.1,1.0,62.76267424970865,75.91839599609375,-55.14044189453125,13.519075153967739,1.9435013715244747,0.9842754494060153,-0.17329701871655434,0.9842754494060153,0.17329701871655434,0.178653284907341,0.10000000894069672,0.5350794196128845,0.0,15.462576525492214,100,94,5.362057685852051,RoadOption.STRAIGHT,85.4676284790039,-50.851383209228516,0.6306959346230724,2.8,1.2,4.5,3.0,10.0,0.6,0.01,0.06,0.55,0.16,0.2,0.35,1.5,12,10.0,14.0,0.9,1.2,0.6,0.01,0.06,0.65,0.3,0.72,0.005,0.38,0.22,0.01,0.14,1.0,0.28
pid,ground_truth,curvy,400.0,0.05,0.1,1.0,62.81267425045371,76.55870056152344,-54.92856216430664,13.469817276273044,1.993090587564149,1.005099429119898,-0.1810448534073812,1.005099429119898,0.1810448534073812,0.1404772847890854,-0.038176000118255615,0.6273297071456909,0.0,15.462907863837193,101,95,5.53988790512085,RoadOption.STRAIGHT,86.16111755371094,-50.33140182495117,0.6560684029604753,2.8,1.2,4.5,3.0,10.0,0.6,0.01,0.06,0.55,0.16,0.2,0.35,1.5,12,10.0,14.0,0.9,1.2,0.6,0.01,0.06,0.65,0.3,0.72,0.005,0.38,0.22,0.01,0.14,1.0,0.28
pid,ground_truth,curvy,400.0,0.05,0.1,1.0,62.86267425119877,77.1915283203125,-54.69981384277344,13.461394038997376,1.997670404406632,1.0319623693684064,-0.1820803903077448,1.0319623693684064,0.1820803903077448,0.08516765385866165,-0.05530963093042374,0.5023109912872314,0.0,15.459064443404008,102,96,5.719515323638916,RoadOption.STRAIGHT,86.84117126464844,-49.79399490356445,0.6814411376139872,2.8,1.2,4.5,3.0,10.0,0.6,0.01,0.06,0.55,0.16,0.2,0.35,1.5,12,10.0,14.0,0.9,1.2,0.6,0.01,0.06,0.65,0.3,0.72,0.005,0.38,0.22,0.01,0.14,1.0,0.28
pid,ground_truth,curvy,400.0,0.05,0.1,1.0,62.91267425194383,77.82058715820312,-54.45851516723633,13.48725836998661,1.973754425813505,1.0592326120867626,-0.18380535303530277,1.0592326120867626,0.18380535303530277,-0.014832346700131893,-0.10000000055879354,0.4172612428665161,0.0,15.461012795800116,102,97,5.898409366607666,RoadOption.STRAIGHT,86.84117126464844,-49.79399490356445,0.6814411376139872,2.8,1.2,4.5,3.0,10.0,0.6,0.01,0.06,0.55,0.16,0.2,0.35,1.5,12,10.0,14.0,0.9,1.2,0.6,0.01,0.06,0.65,0.3,0.72,0.005,0.38,0.22,0.01,0.14,1.0,0.28
pid,ground_truth,curvy,400.0,0.05,0.1,1.0,62.962674252688885,78.4487075805664,-54.21189880371094,13.498365955978525,1.9626468398215913,0.9381282530494521,-0.1688009037167144,0.9381282530494521,0.1688009037167144,0.08516765385866165,0.10000000055879354,0.45068106055259705,0.0,15.461012795800116,103,97,5.223609924316406,RoadOption.STRAIGHT,87.50738525390625,-49.2395133972168,0.7068138722674991,2.8,1.2,4.5,3.0,10.0,0.6,0.01,0.06,0.55,0.16,0.2,0.35,1.5,12,10.0,14.0,0.9,1.2,0.6,0.01,0.06,0.65,0.3,0.72,0.005,0.38,0.22,0.01,0.14,1.0,0.28
pid,ground_truth,curvy,400.0,0.05,0.1,1.0,63.01267425343394,79.07333374023438,-53.957420349121094,13.481629554557507,1.978362523538154,0.9497689142778853,-0.1821874493835658,0.9497689142778853,0.1821874493835658,0.18516765534877777,0.10000000149011612,0.5292436480522156,0.0,15.459992078095661,104,98,5.402121543884277,RoadOption.STRAIGHT,88.15930938720703,-48.66830062866211,0.7321863406049021,2.8,1.2,4.5,3.0,10.0,0.6,0.01,0.06,0.55,0.16,0.2,0.35,1.5,12,10.0,14.0,0.9,1.2,0.6,0.01,0.06,0.65,0.3,0.72,0.005,0.38,0.22,0.01,0.14,1.0,0.28
pid,ground_truth,curvy,400.0,0.05,0.1,1.0,63.062674254179,79.6893310546875,-53.68750762939453,13.431382973835817,2.032205330314694,0.9668109550345307,-0.1886957157450153,0.9668109550345307,0.1886957157450153,0.1417880654335022,-0.043379589915275574,0.6478450298309326,0.0,15.46358830415051,105,99,5.5830841064453125,RoadOption.STRAIGHT,88.79653930664062,-48.08073806762695,0.757559075258414,2.8,1.2,4.5,3.0,10.0,0.6,0.01,0.06,0.55,0.16,0.2,0.35,1.5,12,10.0,14.0,0.9,1.2,0.6,0.01,0.06,0.65,0.3,0.72,0.005,0.38,0.22,0.01,0.14,1.0,0.28
pid,ground_truth,curvy,400.0,0.05,0.1,1.0,63.11267425492406,80.2961196899414,-53.401092529296875,13.424403411430047,2.038504452407146,0.9904852992873785,-0.18874651554280852,0.9904852992873785,0.18874651554280852,0.04178806394338608,-0.10000000149011612,0.516108512878418,0.0,15.462907863837193,105,100,5.765893459320068,RoadOption.STRAIGHT,88.79653930664062,-48.08073806762695,0.757559075258414,2.8,1.2,4.5,3.0,10.0,0.6,0.01,0.06,0.55,0.16,0.2,0.35,1.5,12,10.0,14.0,0.9,1.2,0.6,0.01,0.06,0.65,0.3,0.72,0.005,0.38,0.22,0.01,0.14,1.0,0.28
pid,ground_truth,curvy,400.0,0.05,0.1,1.0,63.16267425566912,80.89933776855469,-53.10437774658203,13.460231792244548,2.0026760715926457,0.8743953998323861,-0.16693402779256905,0.8743953998323861,0.16693402779256905,0.10705851763486862,0.06527045369148254,0.39026927947998047,0.0,15.462907863837193,106,100,5.093649864196777,RoadOption.STRAIGHT,89.41865539550781,-47.477195739746094,0.782931543595817,2.8,1.2,4.5,3.0,10.0,0.6,0.01,0.06,0.55,0.16,0.2,0.35,1.5,12,10.0,14.0,0.9,1.2,0.6,0.01,0.06,0.65,0.3,0.72,0.005,0.38,0.22,0.01,0.14,1.0,0.28
pid,ground_truth,curvy,400.0,0.05,0.1,1.0,63.212674256414175,81.4981460571289,-52.796913146972656,13.460913002734353,1.9981514406696554,0.8907785705466726,-0.17296195976190898,0.8907785705466726,0.17296195976190898,0.1305340677499771,0.02347555011510849,0.4769243597984314,0.0,15.459064443404008,107,101,5.274661540985107,RoadOption.STRAIGHT,90.02526092529297,-46.85806655883789,0.8083042782493288,2.8,1.2,4.5,3.0,10.0,0.6,0.01,0.06,0.55,0.16,0.2,0.35,1.5,12,10.0,14.0,0.9,1.2,0.6,0.01,0.06,0.65,0.3,0.72,0.005,0.38,0.22,0.01,0.14,1.0,0.28
pid,ground_truth,curvy,400.0,0.05,0.1,1.0,63.26267425715923,82.08797454833984,-52.47473907470703,13.434447267929746,2.0275171275329864,0.9120580726259551,-0.1756941965927621,0.9120580726259551,0.1756941965927621,0.1032935157418251,-0.027240552008152008,0.5782777070999146,0.0,15.461964395462733,108,102,5.457038879394531,RoadOption.STRAIGHT,90.61595916748047,-46.2237434387207,0.8336770129028408,2.8,1.2,4.5,3.0,10.0,0.6,0.01,0.06,0.55,0.16,0.2,0.35,1.5,12,10.0,14.0,0.9,1.2,0.6,0.01,0.06,0.65,0.3,0.72,0.005,0.38,0.22,0.01,0.14,1.0,0.28
pid,ground_truth,curvy,400.0,0.05,0.1,1.0,63.31267425790429,82.66960144042969,-52.13939666748047,13.430161472038856,2.029830606056805,0.9365533478015275,-0.17747422017585723,0.9365533478015275,0.17747422017585723,0.09435626119375229,-0.008937254548072815,0.5030404925346375,0.0,15.459992078095661,109,103,5.64034366607666,RoadOption.STRAIGHT,91.19037628173828,-45.57463836669922,0.8590494812402437,2.8,1.2,4.5,3.0,10.0,0.6,0.01,0.06,0.55,0.16,0.2,0.35,1.5,12,10.0,14.0,0.9,1.2,0.6,0.01,0.06,0.65,0.3,0.72,0.005,0.38,0.22,0.01,0.14,1.0,0.28
pid,ground_truth,curvy,400.0,0.05,0.1,1.0,63.36267425864935,83.24424743652344,-51.79180908203125,13.435919958318511,2.028823967711796,0.9627064753069856,-0.18027227037514937,0.9627064753069856,0.18027227037514937,-0.005643740762025118,-0.1000000019557774,0.49352267384529114,0.0,15.464743926030307,109,104,5.823585033416748,RoadOption.STRAIGHT,91.19037628173828,-45.57463836669922,0.8590494812402437,2.8,1.2,4.5,3.0,10.0,0.6,0.01,0.06,0.55,0.16,0.2,0.35,1.5,12,10.0,14.0,0.9,1.2,0.6,0.01,0.06,0.65,0.3,0.72,0.005,0.38,0.22,0.01,0.14,1.0,0.28
pid,ground_truth,curvy,400.0,0.05,0.1,1.0,63.41267425939441,83.8156509399414,-51.43775939941406,13.448922153320357,2.01582177270995,0.8440367321220279,-0.16484787384216926,0.8440367321220279,0.16484787384216926,0.09435626119375229,0.1000000019557774,0.4570746421813965,0.0,15.464743926030307,110,104,5.151433944702148,RoadOption.STRAIGHT,91.7481460571289,-44.911170959472656,0.8844222158937556,2.8,1.2,4.5,3.0,10.0,0.6,0.01,0.06,0.55,0.16,0.2,0.35,1.5,12,10.0,14.0,0.9,1.2,0.6,0.01,0.06,0.65,0.3,0.72,0.005,0.38,0.22,0.01,0.14,1.0,0.28
pid,ground_truth,curvy,400.0,0.05,0.1,1.0,63.462674260139465,84.38170623779297,-51.07539367675781,13.436313266760243,2.0265945970769508,0.8579895095065577,-0.17715773676981517,0.8579895095065577,0.17715773676981517,0.1852279007434845,0.09087163954973221,0.5260147452354431,0.0,15.462907863837193,111,105,5.3346710205078125,RoadOption.STRAIGHT,92.28890228271484,-44.23377227783203,0.909794817389213,2.8,1.2,4.5,3.0,10.0,0.6,0.01,0.06,0.55,0.16,0.2,0.35,1.5,12,10.0,14.0,0.9,1.2,0.6,0.01,0.06,0.65,0.3,0.72,0.005,0.38,0.22,0.01,0.14,1.0,0.28
pid,ground_truth,curvy,400.0,0.05,0.1,1.0,63.51267426088452,84.9361801147461,-50.698612213134766,13.390449315544778,2.06861512785923,0.8782636876528782,-0.1823363866675285,0.8782636876528782,0.1823363866675285,0.1296244114637375,-0.05560348927974701,0.6227527856826782,0.0,15.459064443404008,112,106,5.5199737548828125,RoadOption.STRAIGHT,92.81228637695312,-43.54286575317383,0.935167552042725,2.8,1.2,4.5,3.0,10.0,0.6,0.01,0.06,0.55,0.16,0.2,0.35,1.5,12,10.0,14.0,0.9,1.2,0.6,0.01,0.06,0.65,0.3,0.72,0.005,0.38,0.22,0.01,0.14,1.0,0.28
pid,ground_truth,curvy,400.0,0.05,0.1,1.0,63.56267426162958,85.47928619384766,-50.30752182006836,13.392322004125504,2.0696423913372293,0.9046441590144991,-0.18238498935742253,0.9046441590144991,0.18238498935742253,0.08548924326896667,-0.04413516819477081,0.5081976652145386,0.0,15.461964395462733,113,107,5.70654296875,RoadOption.STRAIGHT,93.3179931640625,-42.838905334472656,0.9605401535381823,2.8,1.2,4.5,3.0,10.0,0.6,0.01,0.06,0.55,0.16,0.2,0.35,1.5,12,10.0,14.0,0.9,1.2,0.6,0.01,0.06,0.65,0.3,0.72,0.005,0.38,0.22,0.01,0.14,1.0,0.28
pid,ground_truth,curvy,400.0,0.05,0.1,1.0,63.61267426237464,86.01545715332031,-49.9051513671875,13.420558043220012,2.039434034875649,0.9317609225049663,-0.1839657086224391,0.9317609225049663,0.1839657086224391,-0.01451075728982687,-0.10000000055879354,0.414092093706131,0.0,15.459992078095661,113,108,5.892146110534668,RoadOption.STRAIGHT,93.3179931640625,-42.838905334472656,0.9605401535381823,2.8,1.2,4.5,3.0,10.0,0.6,0.01,0.06,0.55,0.16,0.2,0.35,1.5,12,10.0,14.0,0.9,1.2,0.6,0.01,0.06,0.65,0.3,0.72,0.005,0.38,0.22,0.01,0.14,1.0,0.28
pid,ground_truth,curvy,400.0,0.05,0.1,1.0,63.6626742631197,86.54911041259766,-49.49752426147461,13.433379242157061,2.0266128359386,0.8106295784721786,-0.16888176394531218,0.8106295784721786,0.16888176394531218,0.08548924326896667,0.10000000055879354,0.45995545387268066,0.0,15.459992078095661,114,108,5.2208147048950195,RoadOption.STRAIGHT,93.8056640625,-42.12234115600586,0.9859128881916943,2.8,1.2,4.5,3.0,10.0,0.6,0.01,0.06,0.55,0.16,0.2,0.35,1.5,12,10.0,14.0,0.9,1.2,0.6,0.01,0.06,0.65,0.3,0.72,0.005,0.38,0.22,0.01,0.14,1.0,0.28
pid,ground_truth,curvy,400.0,0.05,0.1,1.0,63.712674263864756,87.07713317871094,-49.083045959472656,13.41876992574225,2.041770167202273,0.8230956512934102,-0.18223278970112444,0.8230956512934102,0.18223278970112444,0.1854892373085022,0.09999999403953552,0.5416299700737,0.0,15.460540092944523,115,109,5.406264305114746,RoadOption.STRAIGHT,94.2750015258789,-41.39363479614258,1.0112856228452063,2.8,1.2,4.5,3.0,10.0,0.6,0.01,0.06,0.55,0.16,0.2,0.35,1.5,12,10.0,14.0,0.9,1.2,0.6,0.01,0.06,0.65,0.3,0.72,0.005,0.38,0.22,0.01,0.14,1.0,0.28
pid,ground_truth,curvy,400.0,0.05,0.1,1.0,63.762674264609814,87.59264373779297,-48.655906677246094,13.371874694961425,2.0919741155747413,0.8413085696215132,-0.18871831932476724,0.8413085696215132,0.18871831932476724,0.14799903333187103,-0.037490203976631165,0.6508053541183472,0.0,15.463848810536167,116,110,5.593858242034912,RoadOption.STRAIGHT,94.7257080078125,-40.65325927734375,1.036658091182609,2.8,1.2,4.5,3.0,10.0,0.6,0.01,0.06,0.55,0.16,0.2,0.35,1.5,12,10.0,14.0,0.9,1.2,0.6,0.01,0.06,0.65,0.3,0.72,0.005,0.38,0.22,0.01,0.14,1.0,0.28
pid,ground_truth,curvy,400.0,0.05,0.1,1.0,63.81267426535487,88.0945816040039,-48.21502685546875,13.36679401604727,2.0922704273567376,0.8667806446288195,-0.18842450607750427,0.8667806446288195,0.18842450607750427,0.04799903556704521,-0.09999999776482582,0.5111291408538818,0.0,15.459064443404008,116,111,5.782967567443848,RoadOption.STRAIGHT,94.7257080078125,-40.65325927734375,1.036658091182609,2.8,1.2,4.5,3.0,10.0,0.6,0.01,0.06,0.55,0.16,0.2,0.35,1.5,12,10.0,14.0,0.9,1.2,0.6,0.01,0.06,0.65,0.3,0.72,0.005,0.38,0.22,0.01,0.14,1.0,0.28
pid,ground_truth,curvy,400.0,0.05,0.1,1.0,63.86267426609993,88.58988952636719,-47.76468276977539,13.40580886981164,2.0532555735923683,0.75226528488023,-0.16582425527681943,0.75226528488023,0.16582425527681943,0.10564311593770981,0.0576440803706646,0.39247462153434753,0.0,15.459064443404008,117,111,5.113709926605225,RoadOption.STRAIGHT,95.15748596191406,-39.90167999267578,1.062030825836121,2.8,1.2,4.5,3.0,10.0,0.6,0.01,0.06,0.55,0.16,0.2,0.35,1.5,12,10.0,14.0,0.9,1.2,0.6,0.01,0.06,0.65,0.3,0.72,0.005,0.38,0.22,0.01,0.14,1.0,0.28
pid,ground_truth,curvy,400.0,0.05,0.1,1.0,63.91267426684499,89.07789611816406,-47.304901123046875,13.409467769592894,2.0500193438796295,0.7715997487343484,-0.17107554289326465,0.7715997487343484,0.17107554289326465,0.12807166576385498,0.022428549826145172,0.491942822933197,0.0,15.459487113472523,118,112,5.300809860229492,RoadOption.STRAIGHT,95.57005310058594,-39.13939666748047,1.0874032941735239,2.8,1.2,4.5,3.0,10.0,0.6,0.01,0.06,0.55,0.16,0.2,0.35,1.5,12,10.0,14.0,0.9,1.2,0.6,0.01,0.06,0.65,0.3,0.72,0.005,0.38,0.22,0.01,0.14,1.0,0.28
pid,ground_truth,curvy,400.0,0.05,0.1,1.0,63.962674267590046,89.55350494384766,-46.833518981933594,13.387077120093524,2.072914958002137,0.7957798996751464,-0.17358217669027454,0.7957798996751464,0.17358217669027454,0.10472545772790909,-0.023346208035945892,0.5701490044593811,0.0,15.459992078095661,119,113,5.488926410675049,RoadOption.STRAIGHT,95.96314239501953,-38.36688995361328,1.1127760288270359,2.8,1.2,4.5,3.0,10.0,0.6,0.01,0.06,0.55,0.16,0.2,0.35,1.5,12,10.0,14.0,0.9,1.2,0.6,0.01,0.06,0.65,0.3,0.72,0.005,0.38,0.22,0.01,0.14,1.0,0.28
pid,ground_truth,curvy,400.0,0.05,0.1,1.0,64.0126742683351,90.01763153076172,-46.351566314697266,13.385929632605842,2.074610460338681,0.8234077850706965,-0.1752550413290077,0.8234077850706965,0.1752550413290077,0.09622415155172348,-0.008501306176185608,0.5111616849899292,0.0,15.460540092944523,120,114,5.6776347160339355,RoadOption.STRAIGHT,96.33650970458984,-37.584659576416016,1.1381487634805478,2.8,1.2,4.5,3.0,10.0,0.6,0.01,0.06,0.55,0.16,0.2,0.35,1.5,12,10.0,14.0,0.9,1.2,0.6,0.01,0.06,0.65,0.3,0.72,0.005,0.38,0.22,0.01,0.14,1.0,0.28
pid,ground_truth,curvy,400.0,0.05,0.1,1.0,64.06267426908016,90.4715805053711,-45.85956954956055,13.39342981187181,2.069275487235526,0.8530648237286842,-0.17784789496630893,0.8530648237286842,0.17784789496630893,-0.00377584807574749,-0.09999999962747097,0.4903026819229126,0.0,15.462705299107336,120,115,5.866053581237793,RoadOption.STRAIGHT,96.33650970458984,-37.584659576416016,1.1381487634805478,2.8,1.2,4.5,3.0,10.0,0.6,0.01,0.06,0.55,0.16,0.2,0.35,1.5,12,10.0,14.0,0.9,1.2,0.6,0.01,0.06,0.65,0.3,0.72,0.005,0.38,0.22,0.01,0.14,1.0,0.28
pid,ground_truth,curvy,400.0,0.05,0.1,1.0,64.11267426982522,90.9205551147461,-45.36203384399414,13.409257150437915,2.053448148669421,0.7366299554245934,-0.16214356691324827,0.7366299554245934,0.16214356691324827,0.09622415155172348,0.09999999962747097,0.457442045211792,0.0,15.462705299107336,121,115,5.196200847625732,RoadOption.STRAIGHT,96.68991088867188,-36.793209075927734,1.1635213649760052,2.8,1.2,4.5,3.0,10.0,0.6,0.01,0.06,0.55,0.16,0.2,0.35,1.5,12,10.0,14.0,0.9,1.2,0.6,0.01,0.06,0.65,0.3,0.72,0.005,0.38,0.22,0.01,0.14,1.0,0.28
pid,ground_truth,curvy,400.0,0.05,0.1,1.0,64.16267427057028,91.36200714111328,-44.85783767700195,13.397379691405487,2.0653307361304876,0.7546143778219467,-0.1741262605009779,0.7546143778219467,0.1741262605009779,0.18366187810897827,0.08743772655725479,0.5376440286636353,0.0,15.462710427535974,122,116,5.384511947631836,RoadOption.STRAIGHT,97.02312469482422,-35.9930419921875,1.1888940996295172,2.8,1.2,4.5,3.0,10.0,0.6,0.01,0.06,0.55,0.16,0.2,0.35,1.5,12,10.0,14.0,0.9,1.2,0.6,0.01,0.06,0.65,0.3,0.72,0.005,0.38,0.22,0.01,0.14,1.0,0.28
pid,ground_truth,curvy,400.0,0.05,0.1,1.0,64.21267427131534,91.78826904296875,-44.3428955078125,13.353983134593536,2.1055039788789873,0.7791800566483253,-0.179043254821591,0.7791800566483253,0.179043254821591,0.12793152034282684,-0.05573035776615143,0.6256959438323975,0.0,15.459487113472523,123,117,5.574587345123291,RoadOption.STRAIGHT,97.33592987060547,-35.18468475341797,1.2142667011249746,2.8,1.2,4.5,3.0,10.0,0.6,0.01,0.06,0.55,0.16,0.2,0.35,1.5,12,10.0,14.0,0.9,1.2,0.6,0.01,0.06,0.65,0.3,0.72,0.005,0.38,0.22,0.01,0.14,1.0,0.28
pid,ground_truth,curvy,400.0,0.05,0.1,1.0,64.2626742720604,92.19986724853516,-43.81733322143555,13.359786059784993,2.1020846155078736,0.8098000737680118,-0.1790925898807849,0.8098000737680118,0.1790925898807849,0.027931522578001022,-0.09999999776482582,0.5028843879699707,0.0,15.461870675292866,123,118,5.765522003173828,RoadOption.STRAIGHT,97.33592987060547,-35.18468475341797,1.2142667011249746,2.8,1.2,4.5,3.0,10.0,0.6,0.01,0.06,0.55,0.16,0.2,0.35,1.5,12,10.0,14.0,0.9,1.2,0.6,0.01,0.06,0.65,0.3,0.72,0.005,0.38,0.22,0.01,0.14,1.0,0.28
pid,ground_truth,curvy,400.0,0.05,0.1,1.0,64.31267427280545,92.6048583984375,-43.28477096557617,13.396568884296789,2.0653017909960774,0.6987391411847901,-0.15871514648393426,0.6987391411847901,0.15871514648393426,0.1180139109492302,0.09008238837122917,0.401374489068985,0.0,15.461870675292866,124,118,5.096715927124023,RoadOption.STRAIGHT,97.62812805175781,-34.36865234375,1.239639302620432,2.8,1.2,4.5,3.0,10.0,0.6,0.01,0.06,0.55,0.16,0.2,0.35,1.5,12,10.0,14.0,0.9,1.2,0.6,0.01,0.06,0.65,0.3,0.72,0.005,0.38,0.22,0.01,0.14,1.0,0.28
pid,ground_truth,curvy,400.0,0.05,0.1,1.0,64.36267427355051,93.00146484375,-42.744998931884766,13.391546127249189,2.0689939656953342,0.7205333508789082,-0.16638811305861623,0.7205333508789082,0.16638811305861623,0.14414182305335999,0.02612791210412979,0.5155167579650879,0.0,15.460540092944523,125,119,5.285771369934082,RoadOption.STRAIGHT,97.89952087402344,-33.54546356201172,1.2650119041158894,2.8,1.2,4.5,3.0,10.0,0.6,0.01,0.06,0.55,0.16,0.2,0.35,1.5,12,10.0,14.0,0.9,1.2,0.6,0.01,0.06,0.65,0.3,0.72,0.005,0.38,0.22,0.01,0.14,1.0,0.28
pid,ground_truth,curvy,400.0,0.05,0.1,1.0,64.41267427429557,93.38230895996094,-42.195640563964844,13.36200439463941,2.100700904467926,0.7487242349731513,-0.16896052693455132,0.7487242349731513,0.16896052693455132,0.1015661284327507,-0.04257569462060928,0.6009336113929749,0.0,15.462705299107336,126,120,5.476171493530273,RoadOption.STRAIGHT,98.14994812011719,-32.71565628051758,1.2903845056113468,2.8,1.2,4.5,3.0,10.0,0.6,0.01,0.06,0.55,0.16,0.2,0.35,1.5,12,10.0,14.0,0.9,1.2,0.6,0.01,0.06,0.65,0.3,0.72,0.005,0.38,0.22,0.01,0.14,1.0,0.28
pid,ground_truth,curvy,400.0,0.05,0.1,1.0,64.46267427504063,93.75010681152344,-41.637939453125,13.368082943181077,2.0949188922540483,0.7802991435942916,-0.17043591817845494,0.7802991435942916,0.17043591817845494,0.09077510237693787,-0.010791026055812836,0.49469253420829773,0.0,15.463001835435126,127,121,5.666909694671631,RoadOption.STRAIGHT,98.3792495727539,-31.8797664642334,1.3157571071068044,2.8,1.2,4.5,3.0,10.0,0.6,0.01,0.06,0.55,0.16,0.2,0.35,1.5,12,10.0,14.0,0.9,1.2,0.6,0.01,0.06,0.65,0.3,0.72,0.005,0.38,0.22,0.01,0.14,1.0,0.28
pid,ground_truth,curvy,400.0,0.05,0.1,1.0,64.51267427578568,94.10698699951172,-41.072269439697266,13.385153579744467,2.0743335337280566,0.8130928695703208,-0.17336426353407886,0.8130928695703208,0.17336426353407886,-0.009224897250533104,-0.09999999962747097,0.44871437549591064,0.0,15.459487113472523,127,122,5.856826305389404,RoadOption.STRAIGHT,98.3792495727539,-31.8797664642334,1.3157571071068044,2.8,1.2,4.5,3.0,10.0,0.6,0.01,0.06,0.55,0.16,0.2,0.35,1.5,12,10.0,14.0,0.9,1.2,0.6,0.01,0.06,0.65,0.3,0.72,0.005,0.38,0.22,0.01,0.14,1.0,0.28
pid,ground_truth,curvy,400.0,0.05,0.1,1.0,64.56267427653074,94.4585952758789,-40.50237274169922,13.395650929730648,2.0638361837418753,0.6992080822749656,-0.1584414401029015,0.6992080822749656,0.1584414401029015,0.09077510237693787,0.09999999962747097,0.47465136647224426,0.0,15.459487113472523,128,122,5.187569618225098,RoadOption.STRAIGHT,98.5872573852539,-31.038328170776367,1.3411299749183707,2.8,1.2,4.5,3.0,10.0,0.6,0.01,0.06,0.55,0.16,0.2,0.35,1.5,12,10.0,14.0,0.9,1.2,0.6,0.01,0.06,0.65,0.3,0.72,0.005,0.38,0.22,0.01,0.14,1.0,0.28
pid,ground_truth,curvy,400.0,0.05,0.1,1.0,64.6126742772758,94.80207061767578,-39.92774963378906,13.383202605894784,2.0814658888180677,0.7190697877528816,-0.171353776648151,0.7190697877528816,0.171353776648151,0.18932881951332092,0.09855371713638306,0.5572856664657593,0.0,15.464668494712852,129,123,5.377463340759277,RoadOption.STRAIGHT,98.77385711669922,-30.19188117980957,1.366502576413828,2.8,1.2,4.5,3.0,10.0,0.6,0.01,0.06,0.55,0.16,0.2,0.35,1.5,12,10.0,14.0,0.9,1.2,0.6,0.01,0.06,0.65,0.3,0.72,0.005,0.38,0.22,0.01,0.14,1.0,0.28
pid,ground_truth,curvy,400.0,0.05,0.1,1.0,64.66267427802086,95.1290512084961,-39.34549331665039,13.339935280318008,2.1206048126265156,0.745136803642884,-0.1771570044005153,0.745136803642884,0.1771570044005153,0.13410188257694244,-0.05522693693637848,0.6261220574378967,0.0,15.460540092944523,130,124,5.569051742553711,RoadOption.STRAIGHT,98.93892669677734,-29.340972900390625,1.3918751779092855,2.8,1.2,4.5,3.0,10.0,0.6,0.01,0.06,0.55,0.16,0.2,0.35,1.5,12,10.0,14.0,0.9,1.2,0.6,0.01,0.06,0.65,0.3,0.72,0.005,0.38,0.22,0.01,0.14,1.0,0.28
pid,ground_truth,curvy,400.0,0.05,0.1,1.0,64.71267427876592,95.43936920166016,-38.755245208740234,13.346463720536212,2.116241578571124,0.7776684985591469,-0.17719082654635931,0.7776684985591469,0.17719082654635931,0.034101881086826324,-0.10000000149011612,0.5033560991287231,0.0,15.462705299107336,130,125,5.761438846588135,RoadOption.STRAIGHT,98.93892669677734,-29.340972900390625,1.3918751779092855,2.8,1.2,4.5,3.0,10.0,0.6,0.01,0.06,0.55,0.16,0.2,0.35,1.5,12,10.0,14.0,0.9,1.2,0.6,0.01,0.06,0.65,0.3,0.72,0.005,0.38,0.22,0.01,0.14,1.0,0.28
pid,ground_truth,curvy,400.0,0.05,0.1,1.0,64.76267427951097,95.74153137207031,-38.15900421142578,13.384619044466255,2.0780862546410805,0.6690164642378114,-0.15621796690879464,0.6690164642378114,0.15621796690879464,0.11156844347715378,0.07746656239032745,0.4003440737724304,0.0,15.462705299107336,131,125,5.093297481536865,RoadOption.STRAIGHT,99.08235168457031,-28.48615074157715,1.417247779404743,2.8,1.2,4.5,3.0,10.0,0.6,0.01,0.06,0.55,0.16,0.2,0.35,1.5,12,10.0,14.0,0.9,1.2,0.6,0.01,0.06,0.65,0.3,0.72,0.005,0.38,0.22,0.01,0.14,1.0,0.28
pid,ground_truth,curvy,400.0,0.05,0.1,1.0,64.81267428025603,96.03412628173828,-37.55697250366211,13.385010246168665,2.0779915892664604,0.6933400302017725,-0.16321742004379525,0.6933400302017725,0.16321742004379525,0.13639388978481293,0.02482544630765915,0.5068930983543396,0.0,15.463001835435126,132,126,5.283469200134277,RoadOption.STRAIGHT,99.20404052734375,-27.627965927124023,1.4426203809002005,2.8,1.2,4.5,3.0,10.0,0.6,0.01,0.06,0.55,0.16,0.2,0.35,1.5,12,10.0,14.0,0.9,1.2,0.6,0.01,0.06,0.65,0.3,0.72,0.005,0.38,0.22,0.01,0.14,1.0,0.28
pid,ground_truth,curvy,400.0,0.05,0.1,1.0,64.86267428100109,96.31028747558594,-36.94842529296875,13.359535223770337,2.0999518897021865,0.7232999323822729,-0.16606873346488893,0.7232999323822729,0.16606873346488893,0.10173555463552475,-0.03465833514928818,0.5734782814979553,0.0,15.459487113472523,133,127,5.474660873413086,RoadOption.STRAIGHT,99.30391693115234,-26.766969680786133,1.4679931155537123,2.8,1.2,4.5,3.0,10.0,0.6,0.01,0.06,0.55,0.16,0.2,0.35,1.5,12,10.0,14.0,0.9,1.2,0.6,0.01,0.06,0.65,0.3,0.72,0.005,0.38,0.22,0.01,0.14,1.0,0.28
pid,ground_truth,curvy,400.0,0.05,0.1,1.0,64.91267428174615,96.572265625,-36.33407211303711,13.36332657462994,2.1026517508699563,0.7564927865711022,-0.16787275878730856,0.7564927865711022,0.16787275878730856,0.0915747731924057,-0.010160781443119049,0.5201429724693298,0.0,15.465978325499897,134,128,5.666136264801025,RoadOption.STRAIGHT,99.38192749023438,-25.903717041015625,1.4933657170491699,2.8,1.2,4.5,3.0,10.0,0.6,0.01,0.06,0.55,0.16,0.2,0.35,1.5,12,10.0,14.0,0.9,1.2,0.6,0.01,0.06,0.65,0.3,0.72,0.005,0.38,0.22,0.01,0.14,1.0,0.28
pid,ground_truth,curvy,400.0,0.05,0.1,1.0,64.96267428249121,96.82186126708984,-35.7139892578125,13.375736471256594,2.085233046749577,0.7911018853373337,-0.1709638898645629,0.7911018853373337,0.1709638898645629,-0.008425228297710419,-0.10000000149011612,0.4599789083003998,0.0,15.460969518006172,134,129,5.856959342956543,RoadOption.STRAIGHT,99.38192749023438,-25.903717041015625,1.4933657170491699,2.8,1.2,4.5,3.0,10.0,0.6,0.01,0.06,0.55,0.16,0.2,0.35,1.5,12,10.0,14.0,0.9,1.2,0.6,0.01,0.06,0.65,0.3,0.72,0.005,0.38,0.22,0.01,0.14,1.0,0.28
pid,ground_truth,curvy,400.0,0.05,0.1,1.0,65.01267428323627,97.06551361083984,-35.09060287475586,13.39130464930914,2.069664868697032,0.6789863278303755,-0.15602009403980155,0.6789863278303755,0.15602009403980155,0.0915747731924057,0.10000000149011612,0.4617353677749634,0.0,15.460969518006172,135,129,5.188055038452148,RoadOption.STRAIGHT,99.43800354003906,-25.038761138916016,1.5187384517026816,2.8,1.2,4.5,3.0,10.0,0.6,0.01,0.06,0.55,0.16,0.2,0.35,1.5,12,10.0,14.0,0.9,1.2,0.6,0.01,0.06,0.65,0.3,0.72,0.005,0.38,0.22,0.01,0.14,1.0,0.28
pid,ground_truth,curvy,400.0,0.05,0.1,1.0,65.06267428398132,97.30030059814453,-34.46393585205078,13.378140877915467,2.0845644211918692,0.7007437887515114,-0.1688831621048843,0.7007437887515114,0.1688831621048843,0.18681082129478455,0.09523604810237885,0.5503228902816772,0.0,15.462705299107336,136,130,5.378647327423096,RoadOption.STRAIGHT,99.47212219238281,-24.172664642333984,1.544111053198139,2.8,1.2,4.5,3.0,10.0,0.6,0.01,0.06,0.55,0.16,0.2,0.35,1.5,12,10.0,14.0,0.9,1.2,0.6,0.01,0.06,0.65,0.3,0.72,0.005,0.38,0.22,0.01,0.14,1.0,0.28
pid,ground_truth,curvy,400.0,0.05,0.1,1.0,65.11267428472638,97.51748657226562,-33.83272933959961,13.334151932333134,2.128849903101992,0.7287165973131454,-0.17457260629967486,0.7287165973131454,0.17457260629967486,0.13090883195400238,-0.055901989340782166,0.6423463225364685,0.0,15.463001835435126,137,131,5.57088041305542,RoadOption.STRAIGHT,99.48426055908203,-23.305978775024414,1.5694836546935966,2.8,1.2,4.5,3.0,10.0,0.6,0.01,0.06,0.55,0.16,0.2,0.35,1.5,12,10.0,14.0,0.9,1.2,0.6,0.01,0.06,0.65,0.3,0.72,0.005,0.38,0.22,0.01,0.14,1.0,0.28
pid,ground_truth,curvy,400.0,0.05,0.1,1.0,65.16267428547144,97.71711730957031,-33.19673538208008,13.341277340973045,2.122360943377524,0.7628961124251445,-0.17483785714424727,0.7628961124251445,0.17483785714424727,0.030908824875950813,-0.10000000707805157,0.49875032901763916,0.0,15.46363828435057,137,132,5.763864994049072,RoadOption.STRAIGHT,99.48426055908203,-23.305978775024414,1.5694836546935966,2.8,1.2,4.5,3.0,10.0,0.6,0.01,0.06,0.55,0.16,0.2,0.35,1.5,12,10.0,14.0,0.9,1.2,0.6,0.01,0.06,0.65,0.3,0.72,0.005,0.38,0.22,0.01,0.14,1.0,0.28
pid,ground_truth,curvy,400.0,0.05,0.1,1.0,65.2126742862165,97.90801239013672,-32.55632781982422,13.382114554469478,2.0815237298810914,0.6554272673857954,-0.15426653562003878,0.6554272673857954,0.15426653562003878,0.11887842416763306,0.08796959929168224,0.3935910165309906,0.0,15.46363828435057,138,132,5.095924377441406,RoadOption.STRAIGHT,99.47518920898438,-22.386852264404297,7.868063897186604,2.8,1.2,4.5,3.0,10.0,0.6,0.01,0.06,0.55,0.16,0.2,0.35,1.5,12,10.0,14.0,0.9,1.2,0.6,0.01,0.06,0.65,0.3,0.72,0.005,0.38,0.22,0.01,0.14,1.0,0.28
pid,ground_truth,curvy,400.0,0.05,0.1,1.0,65.26267428696156,98.08849334716797,-31.911983489990234,13.378772912362663,2.0887128206208594,0.6810138580256545,-0.16158863072110297,0.6810138580256545,0.16158863072110297,0.1371721774339676,0.018293753266334534,0.5296462774276733,0.0,15.467485732983523,139,133,5.286626815795898,RoadOption.STRAIGHT,99.46231079101562,-21.372220993041992,7.865261186455404,2.8,1.2,4.5,3.0,10.0,0.6,0.01,0.06,0.55,0.16,0.2,0.35,1.5,12,10.0,14.0,0.9,1.2,0.6,0.01,0.06,0.65,0.3,0.72,0.005,0.38,0.22,0.01,0.14,1.0,0.28
pid,ground_truth,curvy,400.0,0.05,0.1,1.0,65.31267428770661,98.25139617919922,-31.264188766479492,13.35362612940114,2.107343388605031,0.7124939888010408,-0.16431544136123488,0.7124939888010408,0.16431544136123488,0.07495279610157013,-0.06221938133239746,0.5657811164855957,0.0,15.460969518006172,140,134,5.478390693664551,RoadOption.STRAIGHT,99.45227813720703,-20.357559204101562,7.862459008356423,2.8,1.2,4.5,3.0,10.0,0.6,0.01,0.06,0.55,0.16,0.2,0.35,1.5,12,10.0,14.0,0.9,1.2,0.6,0.01,0.06,0.65,0.3,0.72,0.005,0.38,0.22,0.01,0.14,1.0,0.28
pid,ground_truth,curvy,400.0,0.05,0.1,1.0,65.36267428845167,98.40133666992188,-30.613365173339844,13.364757503993618,2.1009532953115855,0.7451915095170565,-0.16788860459579436,0.7451915095170565,0.16788860459579436,-0.023150889202952385,-0.09810368530452251,0.4943174719810486,0.0,15.465710799305203,140,135,5.670175552368164,RoadOption.STRAIGHT,99.45227813720703,-20.357559204101562,7.862459008356423,2.8,1.2,4.5,3.0,10.0,0.6,0.01,0.06,0.55,0.16,0.2,0.35,1.5,12,10.0,14.0,0.9,1.2,0.6,0.01,0.06,0.65,0.3,0.72,0.005,0.38,0.22,0.01,0.14,1.0,0.28
pid,ground_truth,curvy,400.0,0.05,0.1,1.0,65.41267428919673,98.54695892333984,-29.960601806640625,13.382041514605179,2.083669284700024,0.6337326587850954,-0.15486454844281639,0.6337326587850954,0.15486454844281639,0.07684911042451859,0.09999999962747097,0.4600120186805725,0.0,15.465710799305203,141,135,5.001847743988037,RoadOption.STRAIGHT,99.44512176513672,-19.34287452697754,7.85965736288966,2.8,1.2,4.5,3.0,10.0,0.6,0.01,0.06,0.55,0.16,0.2,0.35,1.5,12,10.0,14.0,0.9,1.2,0.6,0.01,0.06,0.65,0.3,0.72,0.005,0.38,0.22,0.01,0.14,1.0,0.28
pid,ground_truth,curvy,400.0,0.05,0.1,1.0,65.46267428994179,98.68496704101562,-29.305946350097656,13.378221341420932,2.0870653677590916,0.6499081301904696,-0.17023285214533646,0.6499081301904696,0.17023285214533646,0.13552957773208618,0.058680467307567596,0.5186634063720703,0.0,15.465286709180024,142,136,5.193284034729004,RoadOption.STRAIGHT,99.44075775146484,-18.328170776367188,7.856854652158461,2.8,1.2,4.5,3.0,10.0,0.6,0.01,0.06,0.55,0.16,0.2,0.35,1.5,12,10.0,14.0,0.9,1.2,0.6,0.01,0.06,0.65,0.3,0.72,0.005,0.38,0.22,0.01,0.14,1.0,0.28
pid,ground_truth,curvy,400.0,0.05,0.1,1.0,65.51267429068685,98.80730438232422,-28.649173736572266,13.353559474828467,2.236727234351557,0.6699417325800222,-0.17932674831962991,0.6699417325800222,0.17932674831962991,0.03552957624197006,-0.10000000149011612,0.9611332416534424,0.0,15.590286709180024,142,137,5.385908126831055,RoadOption.STRAIGHT,99.44075775146484,-18.328170776367188,7.856854652158461,2.8,1.2,4.5,3.0,10.0,0.6,0.01,0.06,0.55,0.16,0.2,0.35,1.5,12,10.0,14.0,0.9,1.2,0.6,0.01,0.06,0.65,0.3,0.72,0.005,0.38,0.22,0.01,0.14,1.0,0.28
pid,ground_truth,curvy,400.0,0.05,0.1,1.0,65.5626742914319,98.91934967041016,-27.990455627441406,13.377741653920545,2.337545055259479,0.5587612216632937,-0.16300556557907964,0.5587612216632937,0.16300556557907964,0.05562671646475792,0.020097140222787857,0.8465498089790344,0.0,15.715286709180024,143,137,4.718416213989258,RoadOption.STRAIGHT,99.43927001953125,-17.313461303710938,7.854052474059479,2.8,1.2,4.5,3.0,10.0,0.6,0.01,0.06,0.55,0.16,0.2,0.35,1.5,12,10.0,14.0,0.9,1.2,0.6,0.01,0.06,0.65,0.3,0.72,0.005,0.38,0.22,0.01,0.14,1.0,0.28
pid,ground_truth,curvy,400.0,0.05,0.1,1.0,65.61267429217696,99.0242919921875,-27.3277530670166,13.45483994260565,2.3854467665743737,0.5204292747157586,-0.16476218663409625,0.5204292747157586,0.16476218663409625,0.030367707833647728,-0.02525900863111019,0.7089231014251709,0.0,15.840286709180024,143,138,4.961432456970215,RoadOption.STRAIGHT,99.43927001953125,-17.313461303710938,7.854052474059479,2.8,1.2,4.5,3.0,10.0,0.6,0.01,0.06,0.55,0.16,0.2,0.35,1.5,12,10.0,14.0,0.9,1.2,0.6,0.01,0.06,0.65,0.3,0.72,0.005,0.38,0.22,0.01,0.14,1.0,0.28
pid,ground_truth,curvy,400.0,0.05,0.1,1.0,65.66267429292202,99.12300872802734,-26.65888786315918,13.56743092681476,2.397855782365264,0.4123035024399872,-0.15353243526555893,0.4123035024399872,0.15353243526555893,0.07511623948812485,0.04474853165447712,0.6122735142707825,0.0,15.965286709180024,144,138,4.28652811050415,RoadOption.STRAIGHT,99.44063568115234,-16.298751831054688,7.851250295960497,2.8,1.2,4.5,3.0,10.0,0.6,0.01,0.06,0.55,0.16,0.2,0.35,1.5,12,10.0,14.0,0.9,1.2,0.6,0.01,0.06,0.65,0.3,0.72,0.005,0.38,0.22,0.01,0.14,1.0,0.28
pid,ground_truth,curvy,400.0,0.05,0.1,1.0,65.71267429366708,99.2132339477539,-25.983455657958984,13.667145496862002,2.423141212318022,0.3010725591154859,-0.13877852282651926,0.3010725591154859,0.13877852282651926,0.054552871733903885,-0.020563367754220963,0.6538902521133423,0.0,16.090286709180024,145,139,4.61795711517334,RoadOption.STRAIGHT,99.44406127929688,-15.29485034942627,1.5673213010465068,2.8,1.2,4.5,3.0,10.0,0.6,0.01,0.06,0.55,0.16,0.2,0.35,1.5,12,10.0,14.0,0.9,1.2,0.6,0.01,0.06,0.65,0.3,0.72,0.005,0.38,0.22,0.01,0.14,1.0,0.28
pid,ground_truth,curvy,400.0,0.05,0.1,1.0,65.76267429441214,99.29464721679688,-25.302021026611328,13.764874556842098,2.4504121523379254,0.1995408082347263,-0.12303138445893591,0.1995408082347263,0.12303138445893591,0.02427438087761402,-0.030278490856289864,0.665449321269989,0.0,16.215286709180024,145,140,4.946974277496338,RoadOption.STRAIGHT,99.44406127929688,-15.29485034942627,1.5673213010465068,2.8,1.2,4.5,3.0,10.0,0.6,0.01,0.06,0.55,0.16,0.2,0.35,1.5,12,10.0,14.0,0.9,1.2,0.6,0.01,0.06,0.65,0.3,0.72,0.005,0.38,0.22,0.01,0.14,1.0,0.28
pid,ground_truth,curvy,400.0,0.05,0.1,1.0,65.8126742951572,99.3707275390625,-24.61493682861328,13.86614489243905,2.4741418167409748,0.11763861952948795,-0.11254598661507575,0.11763861952948795,0.11254598661507575,0.04782930016517639,0.02355491928756237,0.6607542634010315,0.0,16.340286709180024,146,140,4.258159160614014,RoadOption.STRAIGHT,99.4465103149414,-14.305353164672852,1.5693213350251562,2.8,1.2,4.5,3.0,10.0,0.6,0.01,0.06,0.55,0.16,0.2,0.35,1.5,12,10.0,14.0,0.9,1.2,0.6,0.01,0.06,0.65,0.3,0.72,0.005,0.38,0.22,0.01,0.14,1.0,0.28
pid,ground_truth,curvy,400.0,0.05,0.1,1.0,65.86267429590225,99.44025421142578,-23.92224884033203,13.961820408556164,2.5034663006238596,0.030858622966873788,-0.09990649092350523,0.030858622966873788,0.09990649092350523,0.04393310099840164,-0.0038961991667747498,0.6828711628913879,0.0,16.465286709180024,147,141,4.579377174377441,RoadOption.STRAIGHT,99.44699096679688,-13.3158540725708,1.5713212358457511,2.8,1.2,4.5,3.0,10.0,0.6,0.01,0.06,0.55,0.16,0.2,0.35,1.5,12,10.0,14.0,0.9,1.2,0.6,0.01,0.06,0.65,0.3,0.72,0.005,0.38,0.22,0.01,0.14,1.0,0.28
pid,ground_truth,curvy,400.0,0.05,0.1,1.0,65.91267429664731,99.50260162353516,-23.223995208740234,14.060676712935736,2.5296099962442877,-0.047777843564219574,-0.0869187869194068,0.047777843564219574,0.0869187869194068,0.031810637563467026,-0.012122463434934616,0.6797165274620056,0.0,16.590286709180024,148,142,4.896215438842773,RoadOption.STRAIGHT,99.44548034667969,-12.326355934143066,1.5733214029824552,2.8,1.2,4.5,3.0,10.0,0.6,0.01,0.06,0.55,0.16,0.2,0.35,1.5,12,10.0,14.0,0.9,1.2,0.6,0.01,0.06,0.65,0.3,0.72,0.005,0.38,0.22,0.01,0.14,1.0,0.28
pid,ground_truth,curvy,400.0,0.05,0.1,1.0,65.96267429739237,99.55912780761719,-22.52013397216797,14.164114593112336,2.551172116067688,-0.11948894665112422,-0.07476451917844873,0.11948894665112422,0.07476451917844873,0.035876985639333725,0.004066348075866699,0.6716318130493164,0.0,16.715286709180024,148,143,5.208052635192871,RoadOption.STRAIGHT,99.44548034667969,-12.326355934143066,1.5733214029824552,2.8,1.2,4.5,3.0,10.0,0.6,0.01,0.06,0.55,0.16,0.2,0.35,1.5,12,10.0,14.0,0.9,1.2,0.6,0.01,0.06,0.65,0.3,0.72,0.005,0.38,0.22,0.01,0.14,1.0,0.28
pid,ground_truth,curvy,400.0,0.05,0.1,1.0,66.01267429813743,99.60980987548828,-21.810665130615234,14.266623737692903,2.5736629714871206,-0.17022127322804417,-0.06598367759029422,0.17022127322804417,0.06598367759029422,0.02955048345029354,-0.006326502189040184,0.6791802644729614,0.0,16.840286709180024,149,143,4.500436782836914,RoadOption.STRAIGHT,99.44197845458984,-11.336862564086914,1.5753213038030502,2.8,1.2,4.5,3.0,10.0,0.6,0.01,0.06,0.55,0.16,0.2,0.35,1.5,12,10.0,14.0,0.9,1.2,0.6,0.01,0.06,0.65,0.3,0.72,0.005,0.38,0.22,0.01,0.14,1.0,0.28
pid,ground_truth,curvy,400.0,0.05,0.1,1.0,66.06267429888248,99.65499114990234,-21.09566879272461,14.369858378929441,2.5954283302505825,-0.227456654539116,-0.05498202596912183,0.227456654539116,0.05498202596912183,0.026796948164701462,-0.002753535285592079,0.6819372177124023,0.0,16.965286709180024,150,144,4.801704406738281,RoadOption.STRAIGHT,99.43651580810547,-10.347376823425293,1.5773213377816997,2.8,1.2,4.5,3.0,10.0,0.6,0.01,0.06,0.55,0.16,0.2,0.35,1.5,12,10.0,14.0,0.9,1.2,0.6,0.01,0.06,0.65,0.3,0.72,0.005,0.38,0.22,0.01,0.14,1.0,0.28
pid,ground_truth,curvy,400.0,0.05,0.1,1.0,66.11267429962754,99.69512176513672,-20.375181198120117,14.473803832915163,2.616482876264861,-0.2687132149407323,-0.046772432434789124,0.2687132149407323,0.046772432434789124,0.03972253575921059,0.012925587594509125,0.6845789551734924,0.0,17.090286709180024,150,145,5.086531162261963,RoadOption.STRAIGHT,99.43651580810547,-10.347376823425293,1.5773213377816997,2.8,1.2,4.5,3.0,10.0,0.6,0.01,0.06,0.55,0.16,0.2,0.35,1.5,12,10.0,14.0,0.9,1.2,0.6,0.01,0.06,0.65,0.3,0.72,0.005,0.38,0.22,0.01,0.14,1.0,0.28
pid,ground_truth,curvy,400.0,0.05,0.1,1.0,66.1626743003726,99.72925567626953,-19.649240493774414,14.57608853886322,2.6391981703168046,-0.3003242624143307,-0.03882209763257549,0.3003242624143307,0.03882209763257549,0.016157686710357666,-0.02356484904885292,0.6942264437675476,0.0,17.215286709180024,151,145,4.363719940185547,RoadOption.STRAIGHT,99.42973327636719,-9.348533630371094,1.5776161497143715,2.8,1.2,4.5,3.0,10.0,0.6,0.01,0.06,0.55,0.16,0.2,0.35,1.5,12,10.0,14.0,0.9,1.2,0.6,0.01,0.06,0.65,0.3,0.72,0.005,0.38,0.22,0.01,0.14,1.0,0.28
pid,ground_truth,curvy,400.0,0.05,0.1,1.0,66.21267430111766,99.75896453857422,-18.91782569885254,14.683418695458935,2.6568680137210894,-0.3192572403042271,-0.03385849799288598,0.3192572403042271,0.03385849799288598,0.01624409109354019,8.640438318252563e-05,0.6839865446090698,0.0,17.340286709180024,152,146,4.623044013977051,RoadOption.STRAIGHT,99.42291259765625,-8.348557472229004,1.5776161497143715,2.8,1.2,4.5,3.0,10.0,0.6,0.01,0.06,0.55,0.16,0.2,0.35,1.5,12,10.0,14.0,0.9,1.2,0.6,0.01,0.06,0.65,0.3,0.72,0.005,0.38,0.22,0.01,0.14,1.0,0.28
pid,ground_truth,curvy,400.0,0.05,0.1,1.0,66.26267430186272,99.78504943847656,-18.18088722229004,14.790827168100027,2.6744595410799974,-0.3355047252914209,-0.030318624271952643,0.3355047252914209,0.030318624271952643,0.021264713257551193,0.005020622164011002,0.6876373887062073,0.0,17.465286709180024,153,147,4.87676477432251,RoadOption.STRAIGHT,99.41609191894531,-7.348580360412598,1.5776161497143715,2.8,1.2,4.5,3.0,10.0,0.6,0.01,0.06,0.55,0.16,0.2,0.35,1.5,12,10.0,14.0,0.9,1.2,0.6,0.01,0.06,0.65,0.3,0.72,0.005,0.38,0.22,0.01,0.14,1.0,0.28
pid,ground_truth,curvy,400.0,0.05,0.1,1.0,66.31267430260777,99.8069839477539,-17.438488006591797,14.896904056396028,2.6933826527839955,-0.34859393935326716,-0.02711990148665855,0.34859393935326716,0.02711990148665855,0.04179045930504799,0.020525746047496796,0.6955289244651794,0.0,17.590286709180024,153,148,5.124898433685303,RoadOption.STRAIGHT,99.41609191894531,-7.348580360412598,1.5776161497143715,2.8,1.2,4.5,3.0,10.0,0.6,0.01,0.06,0.55,0.16,0.2,0.35,1.5,12,10.0,14.0,0.9,1.2,0.6,0.01,0.06,0.65,0.3,0.72,0.005,0.38,0.22,0.01,0.14,1.0,0.28
pid,ground_truth,curvy,400.0,0.05,0.1,1.0,66.36267430335283,99.82305145263672,-16.69074249267578,15.000139874130129,2.715146835049895,-0.36654950539792736,-0.02037424760354245,0.36654950539792736,0.02037424760354245,0.00018285040277987719,-0.04160760890226811,0.7082720398902893,0.0,17.715286709180024,154,148,4.380688667297363,RoadOption.STRAIGHT,99.40927124023438,-6.348603248596191,1.5776161497143715,2.8,1.2,4.5,3.0,10.0,0.6,0.01,0.06,0.55,0.16,0.2,0.35,1.5,12,10.0,14.0,0.9,1.2,0.6,0.01,0.06,0.65,0.3,0.72,0.005,0.38,0.22,0.01,0.14,1.0,0.28
pid,ground_truth,curvy,400.0,0.05,0.1,1.0,66.41267430409789,99.8361587524414,-15.9375581741333,15.110281595002867,2.730005114177157,-0.37335829154144573,-0.017118799487029435,0.37335829154144573,0.017118799487029435,0.00597968278452754,0.005796832381747663,0.6922042965888977,0.0,17.840286709180024,155,149,4.617551326751709,RoadOption.STRAIGHT,99.40245056152344,-5.348626613616943,1.5776161497143715,2.8,1.2,4.5,3.0,10.0,0.6,0.01,0.06,0.55,0.16,0.2,0.35,1.5,12,10.0,14.0,0.9,1.2,0.6,0.01,0.06,0.65,0.3,0.72,0.005,0.38,0.22,0.01,0.14,1.0,0.28
pid,ground_truth,curvy,400.0,0.05,0.1,1.0,66.46267430484295,99.84728240966797,-15.178786277770996,15.22121775246387,2.744068956716154,-0.37923308117003723,-0.01586857851329171,0.37923308117003723,0.01586857851329171,0.017850449308753014,0.011870766524225473,0.6930739283561707,0.0,17.965286709180024,156,150,4.848840236663818,RoadOption.STRAIGHT,99.3956298828125,-4.348650932312012,1.5776161497143715,2.8,1.2,4.5,3.0,10.0,0.6,0.01,0.06,0.55,0.16,0.2,0.35,1.5,12,10.0,14.0,0.9,1.2,0.6,0.01,0.06,0.65,0.3,0.72,0.005,0.38,0.22,0.01,0.14,1.0,0.28
pid,ground_truth,curvy,400.0,0.05,0.1,1.0,66.512674305588,99.85501098632812,-14.414507865905762,15.329675519771822,2.760611189408202,-0.3907190407804049,-0.012813400110752937,0.3907190407804049,0.012813400110752937,0.04169318079948425,0.02384273149073124,0.7036527395248413,0.0,18.090286709180024,156,151,5.083793640136719,RoadOption.STRAIGHT,99.3956298828125,-4.348650932312012,1.5776161497143715,2.8,1.2,4.5,3.0,10.0,0.6,0.01,0.06,0.55,0.16,0.2,0.35,1.5,12,10.0,14.0,0.9,1.2,0.6,0.01,0.06,0.65,0.3,0.72,0.005,0.38,0.22,0.01,0.14,1.0,0.28
pid,ground_truth,curvy,400.0,0.05,0.1,1.0,66.56267430633307,99.85722351074219,-13.64490795135498,15.434453511187174,2.78083319799285,-0.39818000819372107,-0.00715884332624217,0.39818000819372107,0.00715884332624217,-0.010938040912151337,-0.05263122171163559,0.7184049487113953,0.0,18.215286709180024,157,151,4.31758975982666,RoadOption.STRAIGHT,99.38880920410156,-3.3486738204956055,1.5776161497143715,2.8,1.2,4.5,3.0,10.0,0.6,0.01,0.06,0.55,0.16,0.2,0.35,1.5,12,10.0,14.0,0.9,1.2,0.6,0.01,0.06,0.65,0.3,0.72,0.005,0.38,0.22,0.01,0.14,1.0,0.28
pid,ground_truth,curvy,400.0,0.05,0.1,1.0,66.61267430707812,99.857666015625,-12.869868278503418,15.545716542177098,2.7945701670029255,-0.4039090077762709,-0.003265168654491557,0.4039090077762709,0.003265168654491557,-0.0016199668170884252,0.009318074095062912,0.7032689452171326,0.0,18.340286709180024,158,152,4.542165279388428,RoadOption.STRAIGHT,99.38198852539062,-2.348696708679199,1.5776161497143715,2.8,1.2,4.5,3.0,10.0,0.6,0.01,0.06,0.55,0.16,0.2,0.35,1.5,12,10.0,14.0,0.9,1.2,0.6,0.01,0.06,0.65,0.3,0.72,0.005,0.38,0.22,0.01,0.14,1.0,0.28
pid,ground_truth,curvy,400.0,0.05,0.1,1.0,66.66267430782318,99.8573989868164,-12.089164733886719,15.659339480971147,2.8059472282088773,-0.40896710996676855,-0.0017504957845089208,0.40896710996676855,0.0017504957845089208,0.014905005693435669,0.016524972510524094,0.6991641521453857,0.0,18.465286709180024,159,153,4.761081218719482,RoadOption.STRAIGHT,99.37516784667969,-1.3487194776535034,1.5776161497143715,2.8,1.2,4.5,3.0,10.0,0.6,0.01,0.06,0.55,0.16,0.2,0.35,1.5,12,10.0,14.0,0.9,1.2,0.6,0.01,0.06,0.65,0.3,0.72,0.005,0.38,0.22,0.01,0.14,1.0,0.28
pid,ground_truth,curvy,400.0,0.05,0.1,1.0,66.71267430856824,99.8544692993164,-11.30286693572998,15.7703445219541,2.8199421872259247,-0.4114007669084978,0.00014713965022661313,0.4114007669084978,0.00014713965022661313,0.008670122362673283,-0.006234883330762386,0.7095731496810913,0.0,18.590286709180024,160,154,4.974226951599121,RoadOption.STRAIGHT,99.36834716796875,-0.34874236583709717,1.5776161497143715,2.8,1.2,4.5,3.0,10.0,0.6,0.01,0.06,0.55,0.16,0.2,0.35,1.5,12,10.0,14.0,0.9,1.2,0.6,0.01,0.06,0.65,0.3,0.72,0.005,0.38,0.22,0.01,0.14,1.0,0.28
pid,ground_truth,curvy,400.0,0.05,0.1,1.0,66.7626743093133,99.84908294677734,-10.51103401184082,15.881535574351519,2.833751134828505,-0.41141556747730806,0.0024730113882478477,0.41141556747730806,0.0024730113882478477,0.0319930799305439,0.023322957567870617,0.7120903134346008,0.0,18.715286709180024,160,155,5.181692123413086,RoadOption.STRAIGHT,99.36834716796875,-0.34874236583709717,1.5776161497143715,2.8,1.2,4.5,3.0,10.0,0.6,0.01,0.06,0.55,0.16,0.2,0.35,1.5,12,10.0,14.0,0.9,1.2,0.6,0.01,0.06,0.65,0.3,0.72,0.005,0.38,0.22,0.01,0.14,1.0,0.28
pid,ground_truth,curvy,400.0,0.05,0.1,1.0,66.81267431005836,99.83978271484375,-9.713759422302246,15.99044794081634,2.849838768363684,-0.4075527811907439,0.006533533102291322,0.4075527811907439,0.006533533102291322,-0.016000505536794662,-0.04799358546733856,0.7220098972320557,0.0,18.840286709180024,161,155,4.386985778808594,RoadOption.STRAIGHT,99.36153411865234,0.6512347459793091,1.5776161497143715,2.8,1.2,4.5,3.0,10.0,0.6,0.01,0.06,0.55,0.16,0.2,0.35,1.5,12,10.0,14.0,0.9,1.2,0.6,0.01,0.06,0.65,0.3,0.72,0.005,0.38,0.22,0.01,0.14,1.0,0.28
pid,ground_truth,curvy,400.0,0.05,0.1,1.0,66.86267431080341,99.8297348022461,-8.910950660705566,16.102620742647947,2.8626659665320773,-0.4029809892982453,0.008861668527238464,0.4029809892982453,0.008861668527238464,-0.0053690276108682156,0.010631477925926447,0.7157026529312134,0.0,18.965286709180024,162,156,4.582906246185303,RoadOption.STRAIGHT,99.3547134399414,1.6512118577957153,1.5776161497143715,2.8,1.2,4.5,3.0,10.0,0.6,0.01,0.06,0.55,0.16,0.2,0.35,1.5,12,10.0,14.0,0.9,1.2,0.6,0.01,0.06,0.65,0.3,0.72,0.005,0.38,0.22,0.01,0.14,1.0,0.28
pid,ground_truth,curvy,400.0,0.05,0.1,1.0,66.91267431154847,99.81977081298828,-8.102433204650879,16.21743090494609,2.8728558042339323,-0.3985320410217178,0.009055014022378405,0.3985320410217178,0.009055014022378405,0.010482748039066792,0.015851775649935007,0.7105598449707031,0.0,19.090286709180024,163,157,4.77325439453125,RoadOption.STRAIGHT,99.34789276123047,2.651188850402832,1.5776161497143715,2.8,1.2,4.5,3.0,10.0,0.6,0.01,0.06,0.55,0.16,0.2,0.35,1.5,12,10.0,14.0,0.9,1.2,0.6,0.01,0.06,0.65,0.3,0.72,0.005,0.38,0.22,0.01,0.14,1.0,0.28
pid,ground_truth,curvy,400.0,0.05,0.1,1.0,66.96267431229353,99.8079833984375,-7.288241863250732,16.330788444188183,2.8844982649918407,-0.39229840444917063,0.00974477274470864,0.39229840444917063,0.00974477274470864,0.00453882897272706,-0.005943919066339731,0.7171885371208191,0.0,19.215286709180024,164,158,4.95788049697876,RoadOption.STRAIGHT,99.34107208251953,3.6511659622192383,1.5776161497143715,2.8,1.2,4.5,3.0,10.0,0.6,0.01,0.06,0.55,0.16,0.2,0.35,1.5,12,10.0,14.0,0.9,1.2,0.6,0.01,0.06,0.65,0.3,0.72,0.005,0.38,0.22,0.01,0.14,1.0,0.28
pid,ground_truth,curvy,400.0,0.05,0.1,1.0,67.01267431303859,99.79462432861328,-6.468413352966309,16.444054212310228,2.8962324968697963,-0.38453159253444563,0.01092335468512351,0.38453159253444563,0.01092335468512351,0.02681751921772957,0.022278690245002508,0.720026969909668,0.0,19.340286709180024,164,159,5.136847972869873,RoadOption.STRAIGHT,99.34107208251953,3.6511659622192383,1.5776161497143715,2.8,1.2,4.5,3.0,10.0,0.6,0.01,0.06,0.55,0.16,0.2,0.35,1.5,12,10.0,14.0,0.9,1.2,0.6,0.01,0.06,0.65,0.3,0.72,0.005,0.38,0.22,0.01,0.14,1.0,0.28
pid,ground_truth,curvy,400.0,0.05,0.1,1.0,67.06267431378365,99.77823638916016,-5.6430487632751465,16.55530415175926,2.889140292685184,-0.3737728308941703,0.013818077631984949,0.3737728308941703,0.013818077631984949,-0.01856094039976597,-0.04537845961749554,0.6657527089118958,0.0,19.444444444444443,165,159,4.313204288482666,RoadOption.STRAIGHT,99.3342514038086,4.651139259338379,1.5776161497143715,2.8,1.2,4.5,3.0,10.0,0.6,0.01,0.06,0.55,0.16,0.2,0.35,1.5,12,10.0,14.0,0.9,1.2,0.6,0.01,0.06,0.65,0.3,0.72,0.005,0.38,0.22,0.01,0.14,1.0,0.28
pid,ground_truth,curvy,400.0,0.05,0.1,1.0,67.1126743145287,99.76180267333984,-4.812197208404541,16.66227427100975,2.782170173434693,-0.36300661992630295,0.01514366606457207,0.36300661992630295,0.01514366606457207,-0.008199143223464489,0.01036179717630148,0.36256110668182373,0.0,19.444444444444443,166,160,4.480762958526611,RoadOption.STRAIGHT,99.32743072509766,5.651116371154785,1.5776161497143715,2.8,1.2,4.5,3.0,10.0,0.6,0.01,0.06,0.55,0.16,0.2,0.35,1.5,12,10.0,14.0,0.9,1.2,0.6,0.01,0.06,0.65,0.3,0.72,0.005,0.38,0.22,0.01,0.14,1.0,0.28
pid,ground_truth,curvy,400.0,0.05,0.1,1.0,67.16267431527376,99.74612426757812,-3.9766013622283936,16.74157962610496,2.7028648183394814,-0.3530204272110333,0.01446708998963775,0.3530204272110333,0.01446708998963775,0.0075021348893642426,0.01570127811282873,0.4225752651691437,0.0,19.444444444444443,167,161,4.643789291381836,RoadOption.STRAIGHT,99.32061004638672,6.651093482971191,1.5776161497143715,2.8,1.2,4.5,3.0,10.0,0.6,0.01,0.06,0.55,0.16,0.2,0.35,1.5,12,10.0,14.0,0.9,1.2,0.6,0.01,0.06,0.65,0.3,0.72,0.005,0.38,0.22,0.01,0.14,1.0,0.28
pid,ground_truth,curvy,400.0,0.05,0.1,1.0,67.21267431601882,99.72935485839844,-3.138902425765991,16.76329589262766,2.681148551816783,-0.34196522825823955,0.014322080868282683,0.34196522825823955,0.014322080868282683,0.002094634110108018,-0.005407500779256225,0.5790471434593201,0.0,19.444444444444443,168,162,4.80474328994751,RoadOption.STRAIGHT,99.31378936767578,7.651070594787598,1.5776161497143715,2.8,1.2,4.5,3.0,10.0,0.6,0.01,0.06,0.55,0.16,0.2,0.35,1.5,12,10.0,14.0,0.9,1.2,0.6,0.01,0.06,0.65,0.3,0.72,0.005,0.38,0.22,0.01,0.14,1.0,0.28
pid,ground_truth,curvy,400.0,0.05,0.1,1.0,67.26267431676388,99.71171569824219,-2.3010056018829346,16.762107739262163,2.68233670518228,-0.33004164891454263,0.01472182134790323,0.33004164891454263,0.01472182134790323,-0.003720255335792899,-0.005814889445900917,0.6434409022331238,0.0,19.444444444444443,169,163,4.965540885925293,RoadOption.STRAIGHT,99.30697631835938,8.651047706604004,1.5776161497143715,2.8,1.2,4.5,3.0,10.0,0.6,0.01,0.06,0.55,0.16,0.2,0.35,1.5,12,10.0,14.0,0.9,1.2,0.6,0.01,0.06,0.65,0.3,0.72,0.005,0.38,0.22,0.01,0.14,1.0,0.28
pid,ground_truth,curvy,400.0,0.05,0.1,1.0,67.31267431750894,99.69416046142578,-1.4628710746765137,16.772882344144914,2.6715621002995285,-0.318203611228087,0.014739664527207097,0.318203611228087,0.014739664527207097,0.02201513946056366,0.02573539479635656,0.6075747609138489,0.0,19.444444444444443,169,164,5.126212120056152,RoadOption.STRAIGHT,99.30697631835938,8.651047706604004,1.5776161497143715,2.8,1.2,4.5,3.0,10.0,0.6,0.01,0.06,0.55,0.16,0.2,0.35,1.5,12,10.0,14.0,0.9,1.2,0.6,0.01,0.06,0.65,0.3,0.72,0.005,0.38,0.22,0.01,0.14,1.0,0.28
pid,ground_truth,curvy,400.0,0.05,0.1,1.0,67.362674318254,99.67469787597656,-0.6238376498222351,16.794836062070917,2.6496083823735255,-0.30446349340503687,0.016271381628166104,0.30446349340503687,0.016271381628166104,-0.015870338305830956,-0.037885477766394615,0.5714434385299683,0.0,19.444444444444443,170,164,4.288002014160156,RoadOption.STRAIGHT,99.30015563964844,9.65102481842041,1.5776161497143715,2.8,1.2,4.5,3.0,10.0,0.6,0.01,0.06,0.55,0.16,0.2,0.35,1.5,12,10.0,14.0,0.9,1.2,0.6,0.01,0.06,0.65,0.3,0.72,0.005,0.38,0.22,0.01,0.14,1.0,0.28
pid,ground_truth,curvy,400.0,0.05,0.1,1.0,67.41267431899905,99.65553283691406,0.21638351678848267,16.817994523302147,2.626449921142296,-0.29102994732456366,0.01683197703762751,0.29102994732456366,0.01683197703762751,-0.00947599858045578,0.0063943397253751755,0.562975287437439,0.0,19.444444444444443,171,165,4.446378707885742,RoadOption.STRAIGHT,99.2933349609375,10.651001930236816,1.5776161497143715,2.8,1.2,4.5,3.0,10.0,0.6,0.01,0.06,0.55,0.16,0.2,0.35,1.5,12,10.0,14.0,0.9,1.2,0.6,0.01,0.06,0.65,0.3,0.72,0.005,0.38,0.22,0.01,0.14,1.0,0.28
pid,ground_truth,curvy,400.0,0.05,0.1,1.0,67.46267431974411,99.63762664794922,1.0576891899108887,16.83756127346218,2.6068831709822646,-0.27886259213698517,0.015735819932951145,0.27886259213698517,0.015735819932951145,0.004098237492144108,0.013574236072599888,0.5687273740768433,0.0,19.444444444444443,172,166,4.603889465332031,RoadOption.STRAIGHT,99.28651428222656,11.650979042053223,1.5776161497143715,2.8,1.2,4.5,3.0,10.0,0.6,0.01,0.06,0.55,0.16,0.2,0.35,1.5,12,10.0,14.0,0.9,1.2,0.6,0.01,0.06,0.65,0.3,0.72,0.005,0.38,0.22,0.01,0.14,1.0,0.28
pid,ground_truth,curvy,400.0,0.05,0.1,1.0,67.51267432048917,99.61940002441406,1.8998525142669678,16.85367679030248,2.5907676541419633,-0.2663806588149694,0.01504219962704001,0.2663806588149694,0.01504219962704001,0.0005644425400532782,-0.0035337949520908296,0.5748454332351685,0.0,19.444444444444443,173,167,4.760626792907715,RoadOption.STRAIGHT,99.27969360351562,12.650954246520996,1.5776161497143715,2.8,1.2,4.5,3.0,10.0,0.6,0.01,0.06,0.55,0.16,0.2,0.35,1.5,12,10.0,14.0,0.9,1.2,0.6,0.01,0.06,0.65,0.3,0.72,0.005,0.38,0.22,0.01,0.14,1.0,0.28
pid,ground_truth,curvy,400.0,0.05,0.1,1.0,67.56267432123423,99.60086822509766,2.742779493331909,16.86880749753023,2.575636946914212,-0.2535987647580522,0.01487588521696459,0.2535987647580522,0.01487588521696459,-0.004284616559743881,-0.004849059099797159,0.5742741227149963,0.0,19.444444444444443,174,168,4.916679382324219,RoadOption.STRAIGHT,99.27287292480469,13.650931358337402,1.5776161497143715,2.8,1.2,4.5,3.0,10.0,0.6,0.01,0.06,0.55,0.16,0.2,0.35,1.5,12,10.0,14.0,0.9,1.2,0.6,0.01,0.06,0.65,0.3,0.72,0.005,0.38,0.22,0.01,0.14,1.0,0.28
pid,ground_truth,curvy,400.0,0.05,0.1,1.0,67.61267432197928,99.58277130126953,3.5864667892456055,16.883684667165678,2.560759777278765,-0.24124929204539602,0.01447121788932737,0.24124929204539602,0.01447121788932737,0.015426878817379475,0.019711495377123356,0.5717110633850098,0.0,19.444444444444443,174,169,5.072084903717041,RoadOption.STRAIGHT,99.27287292480469,13.650931358337402,1.5776161497143715,2.8,1.2,4.5,3.0,10.0,0.6,0.01,0.06,0.55,0.16,0.2,0.35,1.5,12,10.0,14.0,0.9,1.2,0.6,0.01,0.06,0.65,0.3,0.72,0.005,0.38,0.22,0.01,0.14,1.0,0.28
pid,ground_truth,curvy,400.0,0.05,0.1,1.0,67.66267432272434,99.56359100341797,4.430840969085693,16.897399399922403,2.54704504452204,-0.22782787797635295,0.015253255143428568,0.22782787797635295,0.015253255143428568,-0.01359310932457447,-0.029019988141953945,0.5719486474990845,0.0,19.444444444444443,175,169,4.228001594543457,RoadOption.STRAIGHT,99.26605224609375,14.650908470153809,1.5776161497143715,2.8,1.2,4.5,3.0,10.0,0.6,0.01,0.06,0.55,0.16,0.2,0.35,1.5,12,10.0,14.0,0.9,1.2,0.6,0.01,0.06,0.65,0.3,0.72,0.005,0.38,0.22,0.01,0.14,1.0,0.28
pid,ground_truth,curvy,400.0,0.05,0.1,1.0,67.7126743234694,99.54502868652344,5.275894641876221,16.910487413843253,2.53395703060119,-0.2150299706131791,0.0152957325628158,0.2150299706131791,0.0152957325628158,-0.008285809308290482,0.005307300016283989,0.5708240866661072,0.0,19.444444444444443,176,170,4.3819780349731445,RoadOption.STRAIGHT,99.25923156738281,15.650885581970215,1.5776161497143715,2.8,1.2,4.5,3.0,10.0,0.6,0.01,0.06,0.55,0.16,0.2,0.35,1.5,12,10.0,14.0,0.9,1.2,0.6,0.01,0.06,0.65,0.3,0.72,0.005,0.38,0.22,0.01,0.14,1.0,0.28
pid,ground_truth,curvy,400.0,0.05,0.1,1.0,67.76267432421446,99.5277328491211,6.121636390686035,16.92364600208765,2.520798442356792,-0.20350320581056774,0.014096777440061992,0.20350320581056774,0.014096777440061992,0.002278303960338235,0.010564113268628716,0.5677316188812256,0.0,19.444444444444443,177,171,4.535427093505859,RoadOption.STRAIGHT,99.25241088867188,16.650863647460938,1.5776161497143715,2.8,1.2,4.5,3.0,10.0,0.6,0.01,0.06,0.55,0.16,0.2,0.35,1.5,12,10.0,14.0,0.9,1.2,0.6,0.01,0.06,0.65,0.3,0.72,0.005,0.38,0.22,0.01,0.14,1.0,0.28
pid,ground_truth,curvy,400.0,0.05,0.1,1.0,67.81267432495952,99.5104751586914,6.968015193939209,16.936002224968128,2.508442219476315,-0.19201893165832443,0.0132545527453245,0.19201893165832443,0.0132545527453245,-0.00046415257384069264,-0.0027424565341789275,0.5672598481178284,0.0,19.444444444444443,178,172,4.688316345214844,RoadOption.STRAIGHT,99.24559783935547,17.65083885192871,1.5776161497143715,2.8,1.2,4.5,3.0,10.0,0.6,0.01,0.06,0.55,0.16,0.2,0.35,1.5,12,10.0,14.0,0.9,1.2,0.6,0.01,0.06,0.65,0.3,0.72,0.005,0.38,0.22,0.01,0.14,1.0,0.28
pid,ground_truth,curvy,400.0,0.05,0.1,1.0,67.86267432570457,99.4932632446289,7.814982891082764,16.94737654569382,2.497067898750622,-0.18058446193734176,0.012847222256596957,0.18058446193734176,0.012847222256596957,-0.004082418978214264,-0.0036182664043735713,0.5675068497657776,0.0,19.444444444444443,179,173,4.8406853675842285,RoadOption.STRAIGHT,99.23877716064453,18.650815963745117,1.5776161497143715,2.8,1.2,4.5,3.0,10.0,0.6,0.01,0.06,0.55,0.16,0.2,0.35,1.5,12,10.0,14.0,0.9,1.2,0.6,0.01,0.06,0.65,0.3,0.72,0.005,0.38,0.22,0.01,0.14,1.0,0.28
pid,ground_truth,curvy,400.0,0.05,0.1,1.0,67.91267432644963,99.47663879394531,8.662506103515625,16.957928618591374,2.4865158258530684,-0.16974121741271775,0.012279835786355164,0.16974121741271775,0.012279835786355164,-0.002644650172442198,0.0014377688057720661,0.5674876570701599,0.0,19.444444444444443,180,174,4.9925856590271,RoadOption.STRAIGHT,99.2319564819336,19.650793075561523,1.5776161497143715,2.8,1.2,4.5,3.0,10.0,0.6,0.01,0.06,0.55,0.16,0.2,0.35,1.5,12,10.0,14.0,0.9,1.2,0.6,0.01,0.06,0.65,0.3,0.72,0.005,0.38,0.22,0.01,0.14,1.0,0.28
pid,ground_truth,curvy,400.0,0.05,0.1,1.0,67.96267432719469,99.4605941772461,9.510553359985352,16.96799923866341,2.476445205781033,-0.15948136724831602,0.011581022316318634,0.15948136724831602,0.011581022316318634,0.010436063632369041,0.01308071380481124,0.5666202306747437,0.0,19.444444444444443,180,175,5.144035339355469,RoadOption.STRAIGHT,99.2319564819336,19.650793075561523,1.5776161497143715,2.8,1.2,4.5,3.0,10.0,0.6,0.01,0.06,0.55,0.16,0.2,0.35,1.5,12,10.0,14.0,0.9,1.2,0.6,0.01,0.06,0.65,0.3,0.72,0.005,0.38,0.22,0.01,0.14,1.0,0.28
pid,ground_truth,curvy,400.0,0.05,0.1,1.0,68.01267432793975,99.44393157958984,10.359067916870117,16.97728017993715,2.467164264507293,-0.14860583124509774,0.011890348476931045,0.14860583124509774,0.011890348476931045,-0.01028948463499546,-0.020725548267364502,0.5667895078659058,0.0,19.444444444444443,181,175,4.295525550842285,RoadOption.STRAIGHT,99.22513580322266,20.65077018737793,1.5776161497143715,2.8,1.2,4.5,3.0,10.0,0.6,0.01,0.06,0.55,0.16,0.2,0.35,1.5,12,10.0,14.0,0.9,1.2,0.6,0.01,0.06,0.65,0.3,0.72,0.005,0.38,0.22,0.01,0.14,1.0,0.28
pid,ground_truth,curvy,400.0,0.05,0.1,1.0,68.0626743286848,99.42794799804688,11.208044052124023,16.986051164629718,2.458393279814725,-0.1384133495572962,0.011710718261405795,0.1384133495572962,0.011710718261405795,-0.006514179985970259,0.003775304649025202,0.5662877559661865,0.0,19.444444444444443,182,176,4.446044445037842,RoadOption.STRAIGHT,99.21831512451172,21.650747299194336,1.5776161497143715,2.8,1.2,4.5,3.0,10.0,0.6,0.01,0.06,0.55,0.16,0.2,0.35,1.5,12,10.0,14.0,0.9,1.2,0.6,0.01,0.06,0.65,0.3,0.72,0.005,0.38,0.22,0.01,0.14,1.0,0.28
pid,ground_truth,curvy,400.0,0.05,0.1,1.0,68.11267432942986,99.4130630493164,12.057479858398438,16.994821225452817,2.4496232189916256,-0.1293226034802171,0.010663430162731746,0.1293226034802171,0.010663430162731746,0.00112879928201437,0.007642979267984629,0.5643609166145325,0.0,19.444444444444443,183,177,4.596192836761475,RoadOption.STRAIGHT,99.21149444580078,22.65072250366211,1.5776161497143715,2.8,1.2,4.5,3.0,10.0,0.6,0.01,0.06,0.55,0.16,0.2,0.35,1.5,12,10.0,14.0,0.9,1.2,0.6,0.01,0.06,0.65,0.3,0.72,0.005,0.38,0.22,0.01,0.14,1.0,0.28
pid,ground_truth,curvy,400.0,0.05,0.1,1.0,68.16267433017492,99.39840698242188,12.907346725463867,17.00314119079871,2.4413032536457315,-0.12045606394633329,0.009889515549954986,0.12045606394633329,0.009889515549954986,-0.000719316303730011,-0.001848115585744381,0.5637907981872559,0.0,19.444444444444443,184,178,4.74595308303833,RoadOption.STRAIGHT,99.20467376708984,23.650699615478516,1.5776161497143715,2.8,1.2,4.5,3.0,10.0,0.6,0.01,0.06,0.55,0.16,0.2,0.35,1.5,12,10.0,14.0,0.9,1.2,0.6,0.01,0.06,0.65,0.3,0.72,0.005,0.38,0.22,0.01,0.14,1.0,0.28
pid,ground_truth,curvy,400.0,0.05,0.1,1.0,68.21267433091998,99.38394927978516,13.757613182067871,17.010816709906305,2.4336277345381383,-0.11179822537552123,0.00945036028620061,0.11179822537552123,0.00945036028620061,-0.0032800801564007998,-0.0025607638526707888,0.5639066696166992,0.0,19.444444444444443,185,179,4.895356178283691,RoadOption.STRAIGHT,99.1978530883789,24.650676727294922,1.5776161497143715,2.8,1.2,4.5,3.0,10.0,0.6,0.01,0.06,0.55,0.16,0.2,0.35,1.5,12,10.0,14.0,0.9,1.2,0.6,0.01,0.06,0.65,0.3,0.72,0.005,0.38,0.22,0.01,0.14,1.0,0.28
pid,ground_truth,curvy,400.0,0.05,0.1,1.0,68.26267433166504,99.37005615234375,14.608255386352539,17.01792478101133,2.426519663433112,-0.1037075113836614,0.00891666280374892,0.1037075113836614,0.00891666280374892,0.005560704041272402,0.008840784197673202,0.5639317035675049,0.0,19.444444444444443,185,180,5.044428825378418,RoadOption.STRAIGHT,99.1978530883789,24.650676727294922,1.5776161497143715,2.8,1.2,4.5,3.0,10.0,0.6,0.01,0.06,0.55,0.16,0.2,0.35,1.5,12,10.0,14.0,0.9,1.2,0.6,0.01,0.06,0.65,0.3,0.72,0.005,0.38,0.22,0.01,0.14,1.0,0.28
pid,ground_truth,curvy,400.0,0.05,0.1,1.0,68.3126743324101,99.35600280761719,15.459234237670898,17.024617266874827,2.4198271775696156,-0.09545797355359294,0.008915464381258342,0.09545797355359294,0.008915464381258342,-0.006964502856135368,-0.01252520689740777,0.5636230111122131,0.0,19.444444444444443,186,180,4.193394184112549,RoadOption.STRAIGHT,99.1910400390625,25.650653839111328,1.5776161497143715,2.8,1.2,4.5,3.0,10.0,0.6,0.01,0.06,0.55,0.16,0.2,0.35,1.5,12,10.0,14.0,0.9,1.2,0.6,0.01,0.06,0.65,0.3,0.72,0.005,0.38,0.22,0.01,0.14,1.0,0.28
pid,ground_truth,curvy,400.0,0.05,0.1,1.0,68.36267433315516,99.34253692626953,16.310550689697266,17.030929947487984,2.4135144969564593,-0.08779909393447523,0.008609866646171582,0.08779909393447523,0.008609866646171582,-0.004410299938172102,0.0025542029179632664,0.563297688961029,0.0,19.444444444444443,187,181,4.3418073654174805,RoadOption.STRAIGHT,99.18421936035156,26.6506290435791,1.5776161497143715,2.8,1.2,4.5,3.0,10.0,0.6,0.01,0.06,0.55,0.16,0.2,0.35,1.5,12,10.0,14.0,0.9,1.2,0.6,0.01,0.06,0.65,0.3,0.72,0.005,0.38,0.22,0.01,0.14,1.0,0.28
pid,ground_truth,curvy,400.0,0.05,0.1,1.0,68.41267433390021,99.32987213134766,17.162187576293945,17.037115092253377,2.4073293521910664,-0.08094346740203937,0.007794806194552972,0.08094346740203937,0.007794806194552972,0.0002620987070258707,0.004672398645197973,0.562294065952301,0.0,19.444444444444443,188,182,4.489946365356445,RoadOption.STRAIGHT,99.17739868164062,27.650606155395508,1.5776161497143715,2.8,1.2,4.5,3.0,10.0,0.6,0.01,0.06,0.55,0.16,0.2,0.35,1.5,12,10.0,14.0,0.9,1.2,0.6,0.01,0.06,0.65,0.3,0.72,0.005,0.38,0.22,0.01,0.14,1.0,0.28
pid,ground_truth,curvy,400.0,0.05,0.1,1.0,68.46267433464527,99.31749725341797,18.014131546020508,17.042983467710204,2.4014609767342385,-0.07437985836381225,0.007172558605855972,0.07437985836381225,0.007172558605855972,-0.0009034853428602219,-0.0011655840498860925,0.5618899464607239,0.0,19.444444444444443,189,183,4.637803077697754,RoadOption.STRAIGHT,99.17057800292969,28.650583267211914,1.5776161497143715,2.8,1.2,4.5,3.0,10.0,0.6,0.01,0.06,0.55,0.16,0.2,0.35,1.5,12,10.0,14.0,0.9,1.2,0.6,0.01,0.06,0.65,0.3,0.72,0.005,0.38,0.22,0.01,0.14,1.0,0.28
pid,ground_truth,curvy,400.0,0.05,0.1,1.0,68.51267433539033,99.30535888671875,18.866355895996094,17.048433566083286,2.3960108783611567,-0.06805465417715545,0.006765760749346317,0.06805465417715545,0.006765760749346317,-0.00242034369148314,-0.0015168583486229181,0.5618621110916138,0.0,19.444444444444443,190,184,4.785403251647949,RoadOption.STRAIGHT,99.16375732421875,29.65056037902832,1.5776161497143715,2.8,1.2,4.5,3.0,10.0,0.6,0.01,0.06,0.55,0.16,0.2,0.35,1.5,12,10.0,14.0,0.9,1.2,0.6,0.01,0.06,0.65,0.3,0.72,0.005,0.38,0.22,0.01,0.14,1.0,0.28
pid,ground_truth,curvy,400.0,0.05,0.1,1.0,68.56267433613539,99.29368591308594,19.71885108947754,17.053519160045337,2.3909252843991062,-0.06219667932466542,0.006309428096561209,0.06219667932466542,0.006309428096561209,-0.0016965846298262477,0.0007237590616568923,0.5617638826370239,0.0,19.444444444444443,191,185,4.9327569007873535,RoadOption.STRAIGHT,99.15693664550781,30.650537490844727,1.5776161497143715,2.8,1.2,4.5,3.0,10.0,0.6,0.01,0.06,0.55,0.16,0.2,0.35,1.5,12,10.0,14.0,0.9,1.2,0.6,0.01,0.06,0.65,0.3,0.72,0.005,0.38,0.22,0.01,0.14,1.0,0.28
pid,ground_truth,curvy,400.0,0.05,0.1,1.0,68.61267433688045,99.28245544433594,20.571596145629883,17.058358904709188,2.386085539735255,-0.05677527385343044,0.005817275927114451,0.05677527385343044,0.005817275927114451,0.003184298751875758,0.004880883381702006,0.5613875389099121,0.0,19.444444444444443,191,186,5.079880714416504,RoadOption.STRAIGHT,99.15693664550781,30.650537490844727,1.5776161497143715,2.8,1.2,4.5,3.0,10.0,0.6,0.01,0.06,0.55,0.16,0.2,0.35,1.5,12,10.0,14.0,0.9,1.2,0.6,0.01,0.06,0.65,0.3,0.72,0.005,0.38,0.22,0.01,0.14,1.0,0.28
pid,ground_truth,curvy,400.0,0.05,0.1,1.0,68.6626743376255,99.27120208740234,21.424577713012695,17.062935153106512,2.381509291337931,-0.05133931676593273,0.005721135811763034,0.05133931676593273,0.005721135811763034,-0.004428258165717125,-0.007612556917592883,0.5611185431480408,0.0,19.444444444444443,192,186,4.226836681365967,RoadOption.STRAIGHT,99.15011596679688,31.650514602661133,1.5776161497143715,2.8,1.2,4.5,3.0,10.0,0.6,0.01,0.06,0.55,0.16,0.2,0.35,1.5,12,10.0,14.0,0.9,1.2,0.6,0.01,0.06,0.65,0.3,0.72,0.005,0.38,0.22,0.01,0.14,1.0,0.28
pid,ground_truth,curvy,400.0,0.05,0.1,1.0,68.71267433837056,99.2603759765625,22.27778434753418,17.067215193402944,2.3772292510414985,-0.04633304988467961,0.0054570833896816495,0.04633304988467961,0.0054570833896816495,-0.0029139507096260786,0.0015143074560910463,0.5610063076019287,0.0,19.444444444444443,193,187,4.373508453369141,RoadOption.STRAIGHT,99.14329528808594,32.650489807128906,1.5776161497143715,2.8,1.2,4.5,3.0,10.0,0.6,0.01,0.06,0.55,0.16,0.2,0.35,1.5,12,10.0,14.0,0.9,1.2,0.6,0.01,0.06,0.65,0.3,0.72,0.005,0.38,0.22,0.01,0.14,1.0,0.28
pid,ground_truth,curvy,400.0,0.05,0.1,1.0,68.76267433911562,99.25013732910156,23.131210327148438,17.071329048968387,2.3731153954760558,-0.041915715596345535,0.004890362709712548,0.041915715596345535,0.004890362709712548,-9.876857802737504e-06,0.002904073851823341,0.5605666041374207,0.0,19.444444444444443,194,188,4.519981384277344,RoadOption.STRAIGHT,99.136474609375,33.65046691894531,1.5776161497143715,2.8,1.2,4.5,3.0,10.0,0.6,0.01,0.06,0.55,0.16,0.2,0.35,1.5,12,10.0,14.0,0.9,1.2,0.6,0.01,0.06,0.65,0.3,0.72,0.005,0.38,0.22,0.01,0.14,1.0,0.28
pid,ground_truth,curvy,400.0,0.05,0.1,1.0,68.81267433986068,99.24012756347656,23.98483657836914,17.07524173286379,2.3692027115806518,-0.037728623627628695,0.004448011652650408,0.037728623627628695,0.004448011652650408,-0.0006993890274316072,-0.0006895121696288697,0.5602690577507019,0.0,19.444444444444443,195,189,4.666265487670898,RoadOption.STRAIGHT,99.1296615600586,34.65044403076172,1.5776161497143715,2.8,1.2,4.5,3.0,10.0,0.6,0.01,0.06,0.55,0.16,0.2,0.35,1.5,12,10.0,14.0,0.9,1.2,0.6,0.01,0.06,0.65,0.3,0.72,0.005,0.38,0.22,0.01,0.14,1.0,0.28
pid,ground_truth,curvy,400.0,0.05,0.1,1.0,68.86267434060574,99.23036193847656,24.838653564453125,17.078910829508033,2.3655336149364103,-0.03378696737435446,0.004146674975308073,0.03378696737435446,0.004146674975308073,-0.001580897020176053,-0.0008815079927444458,0.5601439476013184,0.0,19.444444444444443,196,190,4.812368392944336,RoadOption.STRAIGHT,99.12284088134766,35.650421142578125,1.5776161497143715,2.8,1.2,4.5,3.0,10.0,0.6,0.01,0.06,0.55,0.16,0.2,0.35,1.5,12,10.0,14.0,0.9,1.2,0.6,0.01,0.06,0.65,0.3,0.72,0.005,0.38,0.22,0.01,0.14,1.0,0.28
pid,ground_truth,curvy,400.0,0.05,0.1,1.0,68.9126743413508,99.22089385986328,25.692649841308594,17.08234926596408,2.362095178480363,-0.0301440733102213,0.003823500377026612,0.0301440733102213,0.003823500377026612,-0.0011608313070610166,0.0004200657131150365,0.5600333213806152,0.0,19.444444444444443,197,191,4.958300590515137,RoadOption.STRAIGHT,99.11602020263672,36.650394439697266,1.5776161497143715,2.8,1.2,4.5,3.0,10.0,0.6,0.01,0.06,0.55,0.16,0.2,0.35,1.5,12,10.0,14.0,0.9,1.2,0.6,0.01,0.06,0.65,0.3,0.72,0.005,0.38,0.22,0.01,0.14,1.0,0.28
pid,ground_truth,curvy,400.0,0.05,0.1,1.0,68.96267434209585,99.21174621582031,26.546817779541016,17.085609876128263,2.3588345683161798,-0.026822777055844134,0.003483547863877945,0.026822777055844134,0.003483547863877945,0.001253439229913056,0.0024142705369740725,0.559813916683197,0.0,19.444444444444443,197,192,5.104069232940674,RoadOption.STRAIGHT,99.11602020263672,36.650394439697266,1.5776161497143715,2.8,1.2,4.5,3.0,10.0,0.6,0.01,0.06,0.55,0.16,0.2,0.35,1.5,12,10.0,14.0,0.9,1.2,0.6,0.01,0.06,0.65,0.3,0.72,0.005,0.38,0.22,0.01,0.14,1.0,0.28
pid,ground_truth,curvy,400.0,0.05,0.1,1.0,69.01267434284091,99.20267486572266,27.401140213012695,17.08869749395536,2.355746950489081,-0.02357792046032848,0.0033427998002677484,0.02357792046032848,0.0033427998002677484,-0.0023756911978125572,-0.003629130427725613,0.5596190094947815,0.0,19.444444444444443,198,192,4.249699592590332,RoadOption.STRAIGHT,99.10919952392578,37.65037155151367,1.5776161497143715,2.8,1.2,4.5,3.0,10.0,0.6,0.01,0.06,0.55,0.16,0.2,0.35,1.5,12,10.0,14.0,0.9,1.2,0.6,0.01,0.06,0.65,0.3,0.72,0.005,0.38,0.22,0.01,0.14,1.0,0.28
pid,ground_truth,curvy,400.0,0.05,0.1,1.0,69.06267434358597,99.19389343261719,28.255617141723633,17.09159578933499,2.3528486551094545,-0.02062494687894341,0.003132010599987467,0.02062494687894341,0.003132010599987467,-0.001630704035051167,0.0007449871627613902,0.5595114827156067,0.0,19.444444444444443,199,193,4.3951640129089355,RoadOption.STRAIGHT,99.10237884521484,38.65034866333008,1.5776161497143715,2.8,1.2,4.5,3.0,10.0,0.6,0.01,0.06,0.55,0.16,0.2,0.35,1.5,12,10.0,14.0,0.9,1.2,0.6,0.01,0.06,0.65,0.3,0.72,0.005,0.38,0.22,0.01,0.14,1.0,0.28
pid,ground_truth,curvy,400.0,0.05,0.1,1.0,69.11267434433103,99.18546295166016,29.1102352142334,17.09435593807341,2.3500885063710335,-0.018023866845211504,0.0027827370230237847,0.018023866845211504,0.0027827370230237847,-0.00020379007037263364,0.0014269139646785334,0.5592910647392273,0.0,19.444444444444443,200,194,4.540496349334717,RoadOption.STRAIGHT,99.0955581665039,39.650325775146484,1.5776161497143715,2.8,1.2,4.5,3.0,10.0,0.6,0.01,0.06,0.55,0.16,0.2,0.35,1.5,12,10.0,14.0,0.9,1.2,0.6,0.01,0.06,0.65,0.3,0.72,0.005,0.38,0.22,0.01,0.14,1.0,0.28
pid,ground_truth,curvy,400.0,0.05,0.1,1.0,69.16267434507608,99.1772232055664,29.964994430541992,17.096967568609998,2.3474768758344453,-0.01560685059038247,0.002502173002183916,0.01560685059038247,0.002502173002183916,-0.0005096055683679879,-0.00030581549799535424,0.5591323375701904,0.0,19.444444444444443,201,195,4.6856913566589355,RoadOption.STRAIGHT,99.08873748779297,40.65030288696289,1.5776161497143715,2.8,1.2,4.5,3.0,10.0,0.6,0.01,0.06,0.55,0.16,0.2,0.35,1.5,12,10.0,14.0,0.9,1.2,0.6,0.01,0.06,0.65,0.3,0.72,0.005,0.38,0.22,0.01,0.14,1.0,0.28
pid,ground_truth,curvy,400.0,0.05,0.1,1.0,69.21267434582114,99.16913604736328,30.819875717163086,17.099428738262414,2.3450157061820285,-0.013350880386334148,0.0022968432821386386,0.013350880386334148,0.0022968432821386386,-0.0009400283452123404,-0.0004304227768443525,0.5590121746063232,0.0,19.444444444444443,202,196,4.830767631530762,RoadOption.STRAIGHT,99.08191680908203,41.6502799987793,1.5776161497143715,2.8,1.2,4.5,3.0,10.0,0.6,0.01,0.06,0.55,0.16,0.2,0.35,1.5,12,10.0,14.0,0.9,1.2,0.6,0.01,0.06,0.65,0.3,0.72,0.005,0.38,0.22,0.01,0.14,1.0,0.28
pid,ground_truth,curvy,400.0,0.05,0.1,1.0,69.2626743465662,99.1612548828125,31.67487907409668,17.101749436551245,2.342695007893198,-0.011301757551087255,0.0020860540818592455,0.011301757551087255,0.0020860540818592455,-0.0007085152319632471,0.0002315131132490933,0.55889493227005,0.0,19.444444444444443,203,197,4.97572135925293,RoadOption.STRAIGHT,99.07510375976562,42.6502571105957,1.5776161497143715,2.8,1.2,4.5,3.0,10.0,0.6,0.01,0.06,0.55,0.16,0.2,0.35,1.5,12,10.0,14.0,0.9,1.2,0.6,0.01,0.06,0.65,0.3,0.72,0.005,0.38,0.22,0.01,0.14,1.0,0.28
pid,ground_truth,curvy,400.0,0.05,0.1,1.0,69.31267434731126,99.15357971191406,32.529998779296875,17.103944787843556,2.340499656600887,-0.009459391030888178,0.0018722022463260046,0.009459391030888178,0.0018722022463260046,0.00022352143423631787,0.0009320366661995649,0.5587629675865173,0.0,19.444444444444443,203,198,5.120565414428711,RoadOption.STRAIGHT,99.07510375976562,42.6502571105957,1.5776161497143715,2.8,1.2,4.5,3.0,10.0,0.6,0.01,0.06,0.55,0.16,0.2,0.35,1.5,12,10.0,14.0,0.9,1.2,0.6,0.01,0.06,0.65,0.3,0.72,0.005,0.38,0.22,0.01,0.14,1.0,0.28
pid,ground_truth,curvy,400.0,0.05,0.1,1.0,69.36267434805632,99.14601135253906,33.385223388671875,17.10602101130172,2.3384234331427223,-0.00772364283833598,0.0017399762982033273,0.00772364283833598,0.0017399762982033273,-0.0010926213581115007,-0.0013161427923478186,0.5586397051811218,0.0,19.444444444444443,204,198,4.265307426452637,RoadOption.STRAIGHT,99.06828308105469,43.65023422241211,1.5776161497143715,2.8,1.2,4.5,3.0,10.0,0.6,0.01,0.06,0.55,0.16,0.2,0.35,1.5,12,10.0,14.0,0.9,1.2,0.6,0.01,0.06,0.65,0.3,0.72,0.005,0.38,0.22,0.01,0.14,1.0,0.28
pid,ground_truth,curvy,400.0,0.05,0.1,1.0,69.41267434880137,99.13863372802734,34.24055480957031,17.10797699293333,2.336467451511112,-0.006180259637822497,0.0015897740127228666,0.006180259637822497,0.0015897740127228666,-0.000784475589171052,0.00030814576894044876,0.5585460662841797,0.0,19.444444444444443,205,199,4.409943103790283,RoadOption.STRAIGHT,99.06146240234375,44.65020751953125,1.5776161497143715,2.8,1.2,4.5,3.0,10.0,0.6,0.01,0.06,0.55,0.16,0.2,0.35,1.5,12,10.0,14.0,0.9,1.2,0.6,0.01,0.06,0.65,0.3,0.72,0.005,0.38,0.22,0.01,0.14,1.0,0.28
pid,ground_truth,curvy,400.0,0.05,0.1,1.0,69.46267434954643,99.13143157958984,35.09597396850586,17.109832219139104,2.3346122253053387,-0.004812946784086943,0.0013969611498012569,0.004812946784086943,0.0013969611498012569,-0.000261554290773347,0.000522921298397705,0.5584200620651245,0.0,19.444444444444443,206,200,4.554493427276611,RoadOption.STRAIGHT,99.05464172363281,45.650184631347656,1.5776161497143715,2.8,1.2,4.5,3.0,10.0,0.6,0.01,0.06,0.55,0.16,0.2,0.35,1.5,12,10.0,14.0,0.9,1.2,0.6,0.01,0.06,0.65,0.3,0.72,0.005,0.38,0.22,0.01,0.14,1.0,0.28
pid,ground_truth,curvy,400.0,0.05,0.1,1.0,69.51267435029149,99.12437438964844,35.95148849487305,17.111583323213157,2.3328611212312858,-0.0035912394394039815,0.0012350409555241804,0.0035912394394039815,0.0012350409555241804,-0.00033452961361035705,-7.297532283701003e-05,0.5583263635635376,0.0,19.444444444444443,207,201,4.698949813842773,RoadOption.STRAIGHT,99.04782104492188,46.65016174316406,1.5776161497143715,2.8,1.2,4.5,3.0,10.0,0.6,0.01,0.06,0.55,0.16,0.2,0.35,1.5,12,10.0,14.0,0.9,1.2,0.6,0.01,0.06,0.65,0.3,0.72,0.005,0.38,0.22,0.01,0.14,1.0,0.28
pid,ground_truth,curvy,400.0,0.05,0.1,1.0,69.56267435103655,99.11740112304688,36.807090759277344,17.113240446482614,2.331203997961829,-0.002454051836173844,0.0011068097490367634,0.002454051836173844,0.0011068097490367634,-0.0004927123663946986,-0.00015818275278434157,0.5582249164581299,0.0,19.444444444444443,208,202,4.843319416046143,RoadOption.STRAIGHT,99.04100036621094,47.65013885498047,1.5776161497143715,2.8,1.2,4.5,3.0,10.0,0.6,0.01,0.06,0.55,0.16,0.2,0.35,1.5,12,10.0,14.0,0.9,1.2,0.6,0.01,0.06,0.65,0.3,0.72,0.005,0.38,0.22,0.01,0.14,1.0,0.28
pid,ground_truth,curvy,400.0,0.05,0.1,1.0,69.6126743517816,99.11056518554688,37.66277313232422,17.114802215551943,2.3296422288924994,-0.00144710724634272,0.0009821738100210808,0.00144710724634272,0.0009821738100210808,-0.00038046619738452137,0.00011224616901017725,0.5581483244895935,0.0,19.444444444444443,209,203,4.987610340118408,RoadOption.STRAIGHT,99.0341796875,48.650115966796875,1.5776161497143715,2.8,1.2,4.5,3.0,10.0,0.6,0.01,0.06,0.55,0.16,0.2,0.35,1.5,12,10.0,14.0,0.9,1.2,0.6,0.01,0.06,0.65,0.3,0.72,0.005,0.38,0.22,0.01,0.14,1.0,0.28
pid,ground_truth,curvy,400.0,0.05,0.1,1.0,69.66267435252666,99.10383605957031,38.518531799316406,17.11627735492127,2.3281670895231734,-0.0005551212203315781,0.0008607336643136065,0.0005551212203315781,0.0008607336643136065,-0.0002449328894726932,0.00013553330791182816,0.5580663681030273,0.0,19.444444444444443,209,204,5.131825923919678,RoadOption.STRAIGHT,99.0341796875,48.650115966796875,1.5776161497143715,2.8,1.2,4.5,3.0,10.0,0.6,0.01,0.06,0.55,0.16,0.2,0.35,1.5,12,10.0,14.0,0.9,1.2,0.6,0.01,0.06,0.65,0.3,0.72,0.005,0.38,0.22,0.01,0.14,1.0,0.28
pid,ground_truth,curvy,400.0,0.05,0.1,1.0,69.71267435327172,99.09721374511719,39.37436294555664,17.117672757281998,2.326771687162445,0.00023046760857719367,0.0007580688042914119,0.00023046760857719367,0.0007580688042914119,-0.00037525201332755387,-0.00013031912385486066,0.5579826235771179,0.0,19.444444444444443,210,204,4.275969505310059,RoadOption.STRAIGHT,99.0273666381836,49.65009307861328,1.5776161497143715,2.8,1.2,4.5,3.0,10.0,0.6,0.01,0.06,0.55,0.16,0.2,0.35,1.5,12,10.0,14.0,0.9,1.2,0.6,0.01,0.06,0.65,0.3,0.72,0.005,0.38,0.22,0.01,0.14,1.0,0.28
pid,ground_truth,curvy,400.0,0.05,0.1,1.0,69.76267435401678,99.09068298339844,40.23025894165039,17.11899412166989,2.3254503227745538,0.0009231314214646,0.0006600644761762808,0.0009231314214646,0.0006600644761762808,-0.00029946729773655534,7.578471559099853e-05,0.5578992366790771,0.0,19.444444444444443,211,205,4.420045852661133,RoadOption.STRAIGHT,99.02054595947266,50.65007019042969,1.5776161497143715,2.8,1.2,4.5,3.0,10.0,0.6,0.01,0.06,0.55,0.16,0.2,0.35,1.5,12,10.0,14.0,0.9,1.2,0.6,0.01,0.06,0.65,0.3,0.72,0.005,0.38,0.22,0.01,0.14,1.0,0.28
pid,ground_truth,curvy,400.0,0.05,0.1,1.0,69.81267435476184,99.08424377441406,41.086219787597656,17.12023863184746,2.3242058125969827,0.0015238283832960144,0.0005659217316420495,0.0015238283832960144,0.0005659217316420495,-0.0002217726578237489,7.769463991280645e-05,0.5578406453132629,0.0,19.444444444444443,212,206,4.564061164855957,RoadOption.STRAIGHT,99.01372528076172,51.650047302246094,1.5776161497143715,2.8,1.2,4.5,3.0,10.0,0.6,0.01,0.06,0.55,0.16,0.2,0.35,1.5,12,10.0,14.0,0.9,1.2,0.6,0.01,0.06,0.65,0.3,0.72,0.005,0.38,0.22,0.01,0.14,1.0,0.28
pid,ground_truth,curvy,400.0,0.05,0.1,1.0,69.8626743555069,99.07788848876953,41.94224548339844,17.121416908902123,2.3230275355423196,0.002040161695823689,0.00048269794757693774,0.002040161695823689,0.00048269794757693774,-0.00020629455684684217,1.5478100976906717e-05,0.557766854763031,0.0,19.444444444444443,213,207,4.708012580871582,RoadOption.STRAIGHT,99.00690460205078,52.6500244140625,1.5776161497143715,2.8,1.2,4.5,3.0,10.0,0.6,0.01,0.06,0.55,0.16,0.2,0.35,1.5,12,10.0,14.0,0.9,1.2,0.6,0.01,0.06,0.65,0.3,0.72,0.005,0.38,0.22,0.01,0.14,1.0,0.28
pid,ground_truth,curvy,400.0,0.05,0.1,1.0,69.91267435625196,99.07158660888672,42.7983283996582,17.12252515899117,2.321919285453273,0.002502700258205686,0.000410659440090555,0.002502700258205686,0.000410659440090555,-0.00022039948089513928,-1.4104924048297107e-05,0.5577191710472107,0.0,19.444444444444443,214,208,4.851907253265381,RoadOption.STRAIGHT,99.00008392333984,53.64999771118164,-4.705568624832996,2.8,1.2,4.5,3.0,10.0,0.6,0.01,0.06,0.55,0.16,0.2,0.35,1.5,12,10.0,14.0,0.9,1.2,0.6,0.01,0.06,0.65,0.3,0.72,0.005,0.38,0.22,0.01,0.14,1.0,0.28
pid,ground_truth,curvy,400.0,0.05,0.1,1.0,69.96267435699701,99.06536865234375,43.65446090698242,17.123572414020536,2.3208720304239066,0.0028809792327166607,0.00034408041283828794,0.0028809792327166607,0.00034408041283828794,-0.00017140463751275092,4.899484338238835e-05,0.5576595067977905,0.0,19.444444444444443,215,209,4.995752811431885,RoadOption.STRAIGHT,98.9932632446289,54.64997482299805,-4.705568624832996,2.8,1.2,4.5,3.0,10.0,0.6,0.01,0.06,0.55,0.16,0.2,0.35,1.5,12,10.0,14.0,0.9,1.2,0.6,0.01,0.06,0.65,0.3,0.72,0.005,0.38,0.22,0.01,0.14,1.0,0.28
pid,ground_truth,curvy,400.0,0.05,0.1,1.0,70.01267435774207,99.0592041015625,44.51064682006836,17.124564266905004,2.3198801775394386,0.0032131186895505634,0.0002838929722024375,0.0032131186895505634,0.0002838929722024375,-0.000388732529245317,-0.00021732789173256606,0.5575964450836182,0.0,19.444444444444443,215,210,5.13954496383667,RoadOption.STRAIGHT,98.9932632446289,54.64997482299805,-4.705568624832996,2.8,1.2,4.5,3.0,10.0,0.6,0.01,0.06,0.55,0.16,0.2,0.35,1.5,12,10.0,14.0,0.9,1.2,0.6,0.01,0.06,0.65,0.3,0.72,0.005,0.38,0.22,0.01,0.14,1.0,0.28
pid,ground_truth,curvy,400.0,0.05,0.1,1.0,70.06267435848713,99.0531005859375,45.36688232421875,17.125503253503222,2.3189411909412208,0.0034771631269833077,0.00021198762277041538,0.0034771631269833077,0.00021198762277041538,-1.2016793334623799e-05,0.0003767157359106932,0.5575379133224487,0.0,19.444444444444443,216,210,4.283288478851318,RoadOption.STRAIGHT,98.98644256591797,55.64995193481445,-4.705568624832996,2.8,1.2,4.5,3.0,10.0,0.6,0.01,0.06,0.55,0.16,0.2,0.35,1.5,12,10.0,14.0,0.9,1.2,0.6,0.01,0.06,0.65,0.3,0.72,0.005,0.38,0.22,0.01,0.14,1.0,0.28
pid,ground_truth,curvy,400.0,0.05,0.1,1.0,70.11267435923219,99.04706573486328,46.223167419433594,17.126388033834626,2.3180564106098167,0.003671300276516864,0.00015419702711572114,0.003671300276516864,0.00015419702711572114,-3.2550175092183053e-05,-2.0533381757559255e-05,0.5574949979782104,0.0,19.444444444444443,217,211,4.426982402801514,RoadOption.STRAIGHT,98.97962188720703,56.64992904663086,-4.705568624832996,2.8,1.2,4.5,3.0,10.0,0.6,0.01,0.06,0.55,0.16,0.2,0.35,1.5,12,10.0,14.0,0.9,1.2,0.6,0.01,0.06,0.65,0.3,0.72,0.005,0.38,0.22,0.01,0.14,1.0,0.28
pid,ground_truth,curvy,400.0,0.05,0.1,1.0,70.16267435997725,99.04105377197266,47.079490661621094,17.127225316044388,2.3172191284000547,0.003842289621137345,0.00011904330072631808,0.003842289621137345,0.00011904330072631808,-0.00017398248019162565,-0.0001414323050994426,0.5574437975883484,0.0,19.444444444444443,218,212,4.570638656616211,RoadOption.STRAIGHT,98.97280883789062,57.649906158447266,-4.705568624832996,2.8,1.2,4.5,3.0,10.0,0.6,0.01,0.06,0.55,0.16,0.2,0.35,1.5,12,10.0,14.0,0.9,1.2,0.6,0.01,0.06,0.65,0.3,0.72,0.005,0.38,0.22,0.01,0.14,1.0,0.28
pid,ground_truth,curvy,400.0,0.05,0.1,1.0,70.2126743607223,99.03508758544922,47.93585205078125,17.12801729874761,2.3164271456968315,0.003967243509513472,8.455536461005053e-05,0.003967243509513472,8.455536461005053e-05,-0.00011889258894370869,5.508989124791697e-05,0.557396411895752,0.0,19.444444444444443,219,213,4.714256763458252,RoadOption.STRAIGHT,98.96598815917969,58.64988327026367,-4.705568624832996,2.8,1.2,4.5,3.0,10.0,0.6,0.01,0.06,0.55,0.16,0.2,0.35,1.5,12,10.0,14.0,0.9,1.2,0.6,0.01,0.06,0.65,0.3,0.72,0.005,0.38,0.22,0.01,0.14,1.0,0.28
pid,ground_truth,curvy,400.0,0.05,0.1,1.0,70.26267436146736,99.02915954589844,48.792259216308594,17.12876207390702,2.3156823705374237,0.004056300546158031,4.767058351262676e-05,0.004056300546158031,4.767058351262676e-05,-5.2073897677473724e-05,6.681869126623496e-05,0.5573647618293762,0.0,19.444444444444443,220,214,4.857825756072998,RoadOption.STRAIGHT,98.95916748046875,59.64986038208008,-4.705568624832996,2.8,1.2,4.5,3.0,10.0,0.6,0.01,0.06,0.55,0.16,0.2,0.35,1.5,12,10.0,14.0,0.9,1.2,0.6,0.01,0.06,0.65,0.3,0.72,0.005,0.38,0.22,0.01,0.14,1.0,0.28
pid,ground_truth,curvy,400.0,0.05,0.1,1.0,70.31267436221242,99.02324676513672,49.64869689941406,17.12946866651032,2.314975777934123,0.004127406062841895,1.797633735733939e-05,0.004127406062841895,1.797633735733939e-05,-0.00038403552025556564,-0.0003319616225780919,0.5573161840438843,0.0,19.444444444444443,220,215,5.001368045806885,RoadOption.STRAIGHT,98.95916748046875,59.64986038208008,-4.705568624832996,2.8,1.2,4.5,3.0,10.0,0.6,0.01,0.06,0.55,0.16,0.2,0.35,1.5,12,10.0,14.0,0.9,1.2,0.6,0.01,0.06,0.65,0.3,0.72,0.005,0.38,0.22,0.01,0.14,1.0,0.28
pid,ground_truth,curvy,400.0,0.05,0.1,1.0,70.36267436295748,99.01741027832031,50.50516891479492,17.13013668230184,2.3143077621426045,0.004122358754020786,-3.0892668645421395e-05,0.004122358754020786,3.0892668645421395e-05,0.0001479446655139327,0.0005319801857694983,0.557277262210846,0.0,19.444444444444443,221,215,4.144876956939697,RoadOption.STRAIGHT,98.95234680175781,60.649837493896484,-4.705568624832996,2.8,1.2,4.5,3.0,10.0,0.6,0.01,0.06,0.55,0.16,0.2,0.35,1.5,12,10.0,14.0,0.9,1.2,0.6,0.01,0.06,0.65,0.3,0.72,0.005,0.38,0.22,0.01,0.14,1.0,0.28
pid,ground_truth,curvy,400.0,0.05,0.1,1.0,70.41267436370254,99.01158142089844,51.36167526245117,17.13076744979292,2.313676994651523,0.0041090745697754845,-6.351639199841941e-05,0.0041090745697754845,6.351639199841941e-05,5.779173079645261e-05,-9.01529347174801e-05,0.5572428107261658,0.0,19.444444444444443,222,216,4.288350582122803,RoadOption.STRAIGHT,98.94552612304688,61.64981460571289,-4.705568624832996,2.8,1.2,4.5,3.0,10.0,0.6,0.01,0.06,0.55,0.16,0.2,0.35,1.5,12,10.0,14.0,0.9,1.2,0.6,0.01,0.06,0.65,0.3,0.72,0.005,0.38,0.22,0.01,0.14,1.0,0.28
pid,ground_truth,curvy,400.0,0.05,0.1,1.0,70.4626743644476,99.00576782226562,52.21820831298828,17.131363659853406,2.313080784591037,0.004080349829635014,-7.030745277880612e-05,0.004080349829635014,7.030745277880612e-05,-0.00011812212324002758,-0.0001759138540364802,0.5572083592414856,0.0,19.444444444444443,223,217,4.431797981262207,RoadOption.STRAIGHT,98.93870544433594,62.6497917175293,-4.705568624832996,2.8,1.2,4.5,3.0,10.0,0.6,0.01,0.06,0.55,0.16,0.2,0.35,1.5,12,10.0,14.0,0.9,1.2,0.6,0.01,0.06,0.65,0.3,0.72,0.005,0.38,0.22,0.01,0.14,1.0,0.28
pid,ground_truth,curvy,400.0,0.05,0.1,1.0,70.51267436519265,98.99996948242188,53.074764251708984,17.13192535237346,2.312519092070982,0.004043839768072054,-8.09600971383162e-05,0.004043839768072054,8.09600971383162e-05,-7.121648377506062e-05,4.690563946496695e-05,0.5571814775466919,0.0,19.444444444444443,224,218,4.575222969055176,RoadOption.STRAIGHT,98.93189239501953,63.6497688293457,-4.705568624832996,2.8,1.2,4.5,3.0,10.0,0.6,0.01,0.06,0.55,0.16,0.2,0.35,1.5,12,10.0,14.0,0.9,1.2,0.6,0.01,0.06,0.65,0.3,0.72,0.005,0.38,0.22,0.01,0.14,1.0,0.28
pid,ground_truth,curvy,400.0,0.05,0.1,1.0,70.56267436593771,98.99419403076172,53.93135452270508,17.132458755893605,2.3119856885508376,0.003976578681668581,-9.78711700607704e-05,0.003976578681668581,9.78711700607704e-05,1.7293939890805632e-05,8.851042366586626e-05,0.5571433305740356,0.0,19.444444444444443,225,219,4.718613147735596,RoadOption.STRAIGHT,98.9250717163086,64.64974212646484,-4.705568624832996,2.8,1.2,4.5,3.0,10.0,0.6,0.01,0.06,0.55,0.16,0.2,0.35,1.5,12,10.0,14.0,0.9,1.2,0.6,0.01,0.06,0.65,0.3,0.72,0.005,0.38,0.22,0.01,0.14,1.0,0.28
pid,ground_truth,curvy,400.0,0.05,0.1,1.0,70.61267436668277,98.98843383789062,54.78797912597656,17.132960140170194,2.3114843042742486,0.0038938250045900125,-0.00010905644663949943,0.0038938250045900125,0.00010905644663949943,-5.214919269747043e-07,-1.7815431817780336e-05,0.5571226477622986,0.0,19.444444444444443,226,220,4.861969947814941,RoadOption.STRAIGHT,98.91825103759766,65.64971923828125,-4.705568624832996,2.8,1.2,4.5,3.0,10.0,0.6,0.01,0.06,0.55,0.16,0.2,0.35,1.5,12,10.0,14.0,0.9,1.2,0.6,0.01,0.06,0.65,0.3,0.72,0.005,0.38,0.22,0.01,0.14,1.0,0.28
pid,ground_truth,curvy,400.0,0.05,0.1,1.0,70.66267436742783,98.982666015625,55.64461898803711,17.133436081139713,2.3110083633047296,0.003818596475034311,-0.00011438276881925447,0.003818596475034311,0.00011438276881925447,-0.00032963388366624713,-0.0003291123917392724,0.5570892095565796,0.0,19.444444444444443,226,221,5.005310535430908,RoadOption.STRAIGHT,98.91825103759766,65.64971923828125,-4.705568624832996,2.8,1.2,4.5,3.0,10.0,0.6,0.01,0.06,0.55,0.16,0.2,0.35,1.5,12,10.0,14.0,0.9,1.2,0.6,0.01,0.06,0.65,0.3,0.72,0.005,0.38,0.22,0.01,0.14,1.0,0.28
pid,ground_truth,curvy,400.0,0.05,0.1,1.0,70.71267436817288,98.97694396972656,56.50128173828125,17.133885299253194,2.310559145191249,0.0036978100404743766,-0.00014354438275532289,0.0036978100404743766,0.00014354438275532289,0.0001926285185618326,0.0005222624022280797,0.5570651888847351,0.0,19.444444444444443,227,221,4.148629188537598,RoadOption.STRAIGHT,98.91143035888672,66.64969635009766,-4.705568624832996,2.8,1.2,4.5,3.0,10.0,0.6,0.01,0.06,0.55,0.16,0.2,0.35,1.5,12,10.0,14.0,0.9,1.2,0.6,0.01,0.06,0.65,0.3,0.72,0.005,0.38,0.22,0.01,0.14,1.0,0.28
pid,ground_truth,curvy,400.0,0.05,0.1,1.0,70.76267436891794,98.97122192382812,57.35797119140625,17.134308168683464,2.3101362757609785,0.0035764679823528794,-0.00015832492680445398,0.0035764679823528794,0.00015832492680445398,0.000103214850241784,-8.94136683200486e-05,0.5570459365844727,0.0,19.444444444444443,228,222,4.2919206619262695,RoadOption.STRAIGHT,98.90460968017578,67.64967346191406,-4.705568624832996,2.8,1.2,4.5,3.0,10.0,0.6,0.01,0.06,0.55,0.16,0.2,0.35,1.5,12,10.0,14.0,0.9,1.2,0.6,0.01,0.06,0.65,0.3,0.72,0.005,0.38,0.22,0.01,0.14,1.0,0.28
pid,ground_truth,curvy,400.0,0.05,0.1,1.0,70.812674369663,98.9654769897461,58.21467971801758,17.13470796875933,2.3097364756851135,0.0034778834885297073,-0.00015046860158918207,0.0034778834885297073,0.00015046860158918207,-8.438593067694455e-05,-0.00018760078091872856,0.5570225715637207,0.0,19.444444444444443,229,223,4.435193061828613,RoadOption.STRAIGHT,98.89778900146484,68.64965057373047,-4.705568624832996,2.8,1.2,4.5,3.0,10.0,0.6,0.01,0.06,0.55,0.16,0.2,0.35,1.5,12,10.0,14.0,0.9,1.2,0.6,0.01,0.06,0.65,0.3,0.72,0.005,0.38,0.22,0.01,0.14,1.0,0.28
pid,ground_truth,curvy,400.0,0.05,0.1,1.0,70.86267437040806,98.95976257324219,59.0714111328125,17.13508626009665,2.3093581843477935,0.0033562552391186162,-0.00014807175660891403,0.0033562552391186162,0.00014807175660891403,-1.3217906598583795e-05,7.116802407836076e-05,0.5569995641708374,0.0,19.444444444444443,230,224,4.5784430503845215,RoadOption.STRAIGHT,98.8909683227539,69.64962768554688,-4.705568624832996,2.8,1.2,4.5,3.0,10.0,0.6,0.01,0.06,0.55,0.16,0.2,0.35,1.5,12,10.0,14.0,0.9,1.2,0.6,0.01,0.06,0.65,0.3,0.72,0.005,0.38,0.22,0.01,0.14,1.0,0.28
pid,ground_truth,curvy,400.0,0.05,0.1,1.0,70.91267437115312,98.95404815673828,59.92815399169922,17.135444367651502,2.309000076792941,0.003226893703064962,-0.00015153386602584362,0.003226893703064962,0.00015153386602584362,4.209903272567317e-05,5.5316939324256964e-05,0.5569773316383362,0.0,19.444444444444443,231,225,4.721677303314209,RoadOption.STRAIGHT,98.88414764404297,70.64960479736328,-4.705568624832996,2.8,1.2,4.5,3.0,10.0,0.6,0.01,0.06,0.55,0.16,0.2,0.35,1.5,12,10.0,14.0,0.9,1.2,0.6,0.01,0.06,0.65,0.3,0.72,0.005,0.38,0.22,0.01,0.14,1.0,0.28
pid,ground_truth,curvy,400.0,0.05,0.1,1.0,70.96267437189817,98.9483413696289,60.784915924072266,17.135782831223125,2.308661613221318,0.003089798880368748,-0.00015153386602584362,0.003089798880368748,0.00015153386602584362,2.997034607687965e-05,-1.2128686648793519e-05,0.5569578409194946,0.0,19.444444444444443,232,226,4.864896774291992,RoadOption.STRAIGHT,98.87732696533203,71.64958190917969,-4.705568624832996,2.8,1.2,4.5,3.0,10.0,0.6,0.01,0.06,0.55,0.16,0.2,0.35,1.5,12,10.0,14.0,0.9,1.2,0.6,0.01,0.06,0.65,0.3,0.72,0.005,0.38,0.22,0.01,0.14,1.0,0.28
pid,ground_truth,curvy,400.0,0.05,0.1,1.0,71.01267437264323,98.942626953125,61.64169692993164,17.13610366776733,2.308340776677113,0.0029602031878054255,-0.00014580806968211846,0.0029602031878054255,0.00014580806968211846,-0.00023861425870563835,-0.000268584604782518,0.5569366216659546,0.0,19.444444444444443,232,227,5.008097171783447,RoadOption.STRAIGHT,98.87732696533203,71.64958190917969,-4.705568624832996,2.8,1.2,4.5,3.0,10.0,0.6,0.01,0.06,0.55,0.16,0.2,0.35,1.5,12,10.0,14.0,0.9,1.2,0.6,0.01,0.06,0.65,0.3,0.72,0.005,0.38,0.22,0.01,0.14,1.0,0.28
pid,ground_truth,curvy,400.0,0.05,0.1,1.0,71.06267437338829,98.93692779541016,62.49848937988281,17.136404894882926,2.308039549561517,0.0028156445107386137,-0.0001613875620591898,0.0028156445107386137,0.0001613875620591898,0.00016883143689483404,0.0004074456956004724,0.5569252371788025,0.0,19.444444444444443,233,227,4.151285648345947,RoadOption.STRAIGHT,98.87051391601562,72.6495590209961,-4.705568624832996,2.8,1.2,4.5,3.0,10.0,0.6,0.01,0.06,0.55,0.16,0.2,0.35,1.5,12,10.0,14.0,0.9,1.2,0.6,0.01,0.06,0.65,0.3,0.72,0.005,0.38,0.22,0.01,0.14,1.0,0.28
pid,ground_truth,curvy,400.0,0.05,0.1,1.0,71.11267437413335,98.93120574951172,63.35530090332031,17.136690090888237,2.3077543535562057,0.002693469896138303,-0.00016631441007675107,0.002693469896138303,0.00016631441007675107,8.726655505597591e-05,-8.156488183885813e-05,0.5569074153900146,0.0,19.444444444444443,234,228,4.294455528259277,RoadOption.STRAIGHT,98.86369323730469,73.6495361328125,-4.705568624832996,2.8,1.2,4.5,3.0,10.0,0.6,0.01,0.06,0.55,0.16,0.2,0.35,1.5,12,10.0,14.0,0.9,1.2,0.6,0.01,0.06,0.65,0.3,0.72,0.005,0.38,0.22,0.01,0.14,1.0,0.28
pid,ground_truth,curvy,400.0,0.05,0.1,1.0,71.1626743748784,98.92550659179688,64.21212005615234,17.136958517332033,2.3074859271124097,0.0025483555955099317,-0.00015499597544277322,0.0025483555955099317,0.00015499597544277322,-1.804341809474863e-05,-0.00010530997315072455,0.5568953156471252,0.0,19.444444444444443,235,229,4.437617778778076,RoadOption.STRAIGHT,98.85687255859375,74.6495132446289,-4.705568624832996,2.8,1.2,4.5,3.0,10.0,0.6,0.01,0.06,0.55,0.16,0.2,0.35,1.5,12,10.0,14.0,0.9,1.2,0.6,0.01,0.06,0.65,0.3,0.72,0.005,0.38,0.22,0.01,0.14,1.0,0.28
pid,ground_truth,curvy,400.0,0.05,0.1,1.0,71.21267437562346,98.91979217529297,65.06896209716797,17.137213091496186,2.307231352948257,0.002418343624707206,-0.00014647385995480988,0.002418343624707206,0.00014647385995480988,-5.5728737606841605e-06,1.247054433406447e-05,0.5568780899047852,0.0,19.444444444444443,236,230,4.580756664276123,RoadOption.STRAIGHT,98.85005187988281,75.64949035644531,-4.705568624832996,2.8,1.2,4.5,3.0,10.0,0.6,0.01,0.06,0.55,0.16,0.2,0.35,1.5,12,10.0,14.0,0.9,1.2,0.6,0.01,0.06,0.65,0.3,0.72,0.005,0.38,0.22,0.01,0.14,1.0,0.28
pid,ground_truth,curvy,400.0,0.05,0.1,1.0,71.26267437636852,98.91407775878906,65.92581176757812,17.137451401822045,2.3069930426223983,0.002288279619124551,-0.0001424791183204377,0.002288279619124551,0.0001424791183204377,3.286394712631591e-05,3.843682088700007e-05,0.5568711757659912,0.0,19.444444444444443,237,231,4.723888397216797,RoadOption.STRAIGHT,98.84323120117188,76.64946746826172,-4.705568624832996,2.8,1.2,4.5,3.0,10.0,0.6,0.01,0.06,0.55,0.16,0.2,0.35,1.5,12,10.0,14.0,0.9,1.2,0.6,0.01,0.06,0.65,0.3,0.72,0.005,0.38,0.22,0.01,0.14,1.0,0.28
pid,ground_truth,curvy,400.0,0.05,0.1,1.0,71.31267437711358,98.90836334228516,66.78266906738281,17.137679319821736,2.306765124622707,0.002158163578761977,-0.00013848437668428915,0.002158163578761977,0.00013848437668428915,3.864784594043158e-05,5.783898814115673e-06,0.5568501353263855,0.0,19.444444444444443,238,232,4.867012023925781,RoadOption.STRAIGHT,98.83641052246094,77.6494369506836,-4.705568624832996,2.8,1.2,4.5,3.0,10.0,0.6,0.01,0.06,0.55,0.16,0.2,0.35,1.5,12,10.0,14.0,0.9,1.2,0.6,0.01,0.06,0.65,0.3,0.72,0.005,0.38,0.22,0.01,0.14,1.0,0.28
pid,ground_truth,curvy,400.0,0.05,0.1,1.0,71.36267437785864,98.90266418457031,67.63954162597656,17.137893904930383,2.3065505395140597,0.002020314251756826,-0.00013116068368645983,0.002020314251756826,0.00013116068368645983,-0.00012655009049922228,-0.00016519793643965386,0.5568403005599976,0.0,19.444444444444443,238,233,5.010120868682861,RoadOption.STRAIGHT,98.83641052246094,77.6494369506836,-4.705568624832996,2.8,1.2,4.5,3.0,10.0,0.6,0.01,0.06,0.55,0.16,0.2,0.35,1.5,12,10.0,14.0,0.9,1.2,0.6,0.01,0.06,0.65,0.3,0.72,0.005,0.38,0.22,0.01,0.14,1.0,0.28
pid,ground_truth,curvy,400.0,0.05,0.1,1.0,71.4126743786037,98.8969497680664,68.49642181396484,17.138096921343728,2.3063475231007153,0.001890415608886295,-0.00013555489948480215,0.001890415608886295,0.00013555489948480215,0.00011609138891799375,0.00024264147941721603,0.5568280220031738,0.0,19.444444444444443,239,233,4.153221607208252,RoadOption.STRAIGHT,98.82958984375,78.6494140625,-4.705568624832996,2.8,1.2,4.5,3.0,10.0,0.6,0.01,0.06,0.55,0.16,0.2,0.35,1.5,12,10.0,14.0,0.9,1.2,0.6,0.01,0.06,0.65,0.3,0.72,0.005,0.38,0.22,0.01,0.14,1.0,0.28
pid,ground_truth,curvy,400.0,0.05,0.1,1.0,71.46267437934875,98.8912353515625,69.35330963134766,17.138291047750872,2.3061533966935706,0.0017600914294040107,-0.00013555489948480215,0.0017600914294040107,0.00013555489948480215,9.029552165884525e-05,-2.579586725914851e-05,0.556810200214386,0.0,19.444444444444443,240,234,4.2963151931762695,RoadOption.STRAIGHT,98.82276916503906,79.6493911743164,-4.705568624832996,2.8,1.2,4.5,3.0,10.0,0.6,0.01,0.06,0.55,0.16,0.2,0.35,1.5,12,10.0,14.0,0.9,1.2,0.6,0.01,0.06,0.65,0.3,0.72,0.005,0.38,0.22,0.01,0.14,1.0,0.28
pid,ground_truth,curvy,400.0,0.05,0.1,1.0,71.51267438009381,98.8854751586914,70.21022033691406,17.138470320323382,2.305974124121061,0.0016753864480782248,-0.00012197277792580508,0.0016753864480782248,0.00012197277792580508,-5.1604019972728565e-05,-0.0001418995416315738,0.5568123459815979,0.0,19.444444444444443,241,235,4.439385414123535,RoadOption.STRAIGHT,98.81594848632812,80.64936828613281,-4.705568624832996,2.8,1.2,4.5,3.0,10.0,0.6,0.01,0.06,0.55,0.16,0.2,0.35,1.5,12,10.0,14.0,0.9,1.2,0.6,0.01,0.06,0.65,0.3,0.72,0.005,0.38,0.22,0.01,0.14,1.0,0.28
pid,ground_truth,curvy,400.0,0.05,0.1,1.0,71.56267438083887,98.87971496582031,71.06713104248047,17.13864045644156,2.305803988002882,0.0015906814667524388,-0.00011504855909194589,0.0015906814667524388,0.00011504855909194589,-6.563033139173058e-07,5.094771665881126e-05,0.5568004846572876,0.0,19.444444444444443,242,236,4.582455635070801,RoadOption.STRAIGHT,98.80912780761719,81.64934539794922,-4.705568624832996,2.8,1.2,4.5,3.0,10.0,0.6,0.01,0.06,0.55,0.16,0.2,0.35,1.5,12,10.0,14.0,0.9,1.2,0.6,0.01,0.06,0.65,0.3,0.72,0.005,0.38,0.22,0.01,0.14,1.0,0.28
pid,ground_truth,curvy,400.0,0.05,0.1,1.0,71.61267438158393,98.87395477294922,71.92403411865234,17.13880291662835,2.3056415278160927,0.0015060285202065718,-0.00011504855909194589,0.0015060285202065718,0.00011504855909194589,5.6936649343697354e-05,5.759295265761466e-05,0.5567862391471863,0.0,19.444444444444443,243,237,4.725533485412598,RoadOption.STRAIGHT,98.80230712890625,82.64932250976562,-4.705568624832996,2.8,1.2,4.5,3.0,10.0,0.6,0.01,0.06,0.55,0.16,0.2,0.35,1.5,12,10.0,14.0,0.9,1.2,0.6,0.01,0.06,0.65,0.3,0.72,0.005,0.38,0.22,0.01,0.14,1.0,0.28
pid,ground_truth,curvy,400.0,0.05,0.1,1.0,71.66267438232899,98.86819458007812,72.78096771240234,17.138953319219222,1.9054911252252218,0.001421115399761079,-0.00010785802414758905,0.001421115399761079,0.00010785802414758905,-3.2851469313754933e-06,-6.022179627507285e-05,0.0,0.2800000011920929,19.044444444444444,244,238,4.868573188781738,RoadOption.STRAIGHT,98.79549407958984,83.64929962158203,1.5776161497143715,2.8,1.2,4.5,3.0,10.0,0.6,0.01,0.06,0.55,0.16,0.2,0.35,1.5,12,10.0,14.0,0.9,1.2,0.6,0.01,0.06,0.65,0.3,0.72,0.005,0.38,0.22,0.01,0.14,1.0,0.28
pid,ground_truth,curvy,400.0,0.05,0.1,1.0,71.71267438307405,98.86244201660156,73.63720703125,17.103044685949744,1.541399758494702,0.0013333602619860635,-0.00010253170196783401,0.0013333602619860635,0.00010253170196783401,-8.234749839175493e-05,-7.906235146037943e-05,0.0,0.2800000011920929,18.644444444444446,244,239,5.012315273284912,RoadOption.STRAIGHT,98.79549407958984,83.64929962158203,1.5776161497143715,2.8,1.2,4.5,3.0,10.0,0.6,0.01,0.06,0.55,0.16,0.2,0.35,1.5,12,10.0,14.0,0.9,1.2,0.6,0.01,0.06,0.65,0.3,0.72,0.005,0.38,0.22,0.01,0.14,1.0,0.28
pid,ground_truth,curvy,400.0,0.05,0.1,1.0,71.7626743838191,98.85673522949219,74.48838806152344,16.96024039131391,1.2842040531305372,0.0012347023826374953,-0.00010612696944001243,0.0012347023826374953,0.00010612696944001243,0.00010454984294483438,0.0001868973413365893,0.0,0.2800000011920929,18.244444444444447,245,239,4.161114692687988,RoadOption.STRAIGHT,98.7886734008789,84.64927673339844,1.5776161497143715,2.8,1.2,4.5,3.0,10.0,0.6,0.01,0.06,0.55,0.16,0.2,0.35,1.5,12,10.0,14.0,0.9,1.2,0.6,0.01,0.06,0.65,0.3,0.72,0.005,0.38,0.22,0.01,0.14,1.0,0.28
pid,ground_truth,curvy,400.0,0.05,0.1,1.0,71.81267438456416,98.85108184814453,75.33000946044922,16.742161601104403,1.1022828433400456,0.0011474660611253164,-0.00010373012445796803,0.0011474660611253164,0.00010373012445796803,5.4512514907401055e-05,-5.0037328037433326e-05,0.0,0.21687716245651245,17.84444444444445,246,240,4.319474697113037,RoadOption.STRAIGHT,98.78185272216797,85.64925384521484,1.5776161497143715,2.8,1.2,4.5,3.0,10.0,0.6,0.01,0.06,0.55,0.16,0.2,0.35,1.5,12,10.0,14.0,0.9,1.2,0.6,0.01,0.06,0.65,0.3,0.72,0.005,0.38,0.22,0.01,0.14,1.0,0.28
pid,ground_truth,curvy,400.0,0.05,0.1,1.0,71.86267438530922,98.84549713134766,76.15934753417969,16.482141259225923,0.9623031852185271,0.0010753427815494918,-9.347695426242808e-05,0.0010753427815494918,9.347695426242808e-05,-1.881549360405188e-05,-7.332800851145294e-05,0.0,0.13023634254932404,17.44444444444445,247,241,4.490118503570557,RoadOption.STRAIGHT,98.77503204345703,86.64923095703125,1.5776161497143715,2.8,1.2,4.5,3.0,10.0,0.6,0.01,0.06,0.55,0.16,0.2,0.35,1.5,12,10.0,14.0,0.9,1.2,0.6,0.01,0.06,0.65,0.3,0.72,0.005,0.38,0.22,0.01,0.14,1.0,0.28
pid,ground_truth,curvy,400.0,0.05,0.1,1.0,71.91267438605428,98.84000396728516,76.97500610351562,16.201948697681647,1.2338163706329546,0.001004967257388325,-8.628641931807124e-05,0.001004967257388325,8.628641931807124e-05,3.196716079401085e-06,2.2012209683452966e-05,1.0,0.0,17.435765068314602,248,242,4.674441814422607,RoadOption.STRAIGHT,98.7682113647461,87.64920806884766,1.5776161497143715,2.8,1.2,4.5,3.0,10.0,0.6,0.01,0.06,0.55,0.16,0.2,0.35,1.5,12,10.0,14.0,0.9,1.2,0.6,0.01,0.06,0.65,0.3,0.72,0.005,0.38,0.22,0.01,0.14,1.0,0.28
pid,ground_truth,curvy,400.0,0.05,0.1,1.0,71.96267438679934,98.8346176147461,77.77667999267578,15.928252612515665,1.5019101962940962,0.0009231624456734408,-8.229167768369905e-05,0.0009231624456734408,8.229167768369905e-05,3.717406798386946e-05,3.397735190446838e-05,1.0,0.0,17.43016280880976,249,243,4.8727498054504395,RoadOption.STRAIGHT,98.76139068603516,88.64918518066406,1.5776161497143715,2.8,1.2,4.5,3.0,10.0,0.6,0.01,0.06,0.55,0.16,0.2,0.35,1.5,12,10.0,14.0,0.9,1.2,0.6,0.01,0.06,0.65,0.3,0.72,0.005,0.38,0.22,0.01,0.14,1.0,0.28
pid,ground_truth,curvy,400.0,0.05,0.1,1.0,72.0126743875444,98.82930755615234,78.5660171508789,15.703603973037,1.7330289186837131,0.0008541273394725366,-7.590009106728246e-05,0.0008541273394725366,7.590009106728246e-05,-4.582394831231795e-05,-8.299801629618742e-05,1.0,0.0,17.436632891720713,249,244,5.083395004272461,RoadOption.STRAIGHT,98.76139068603516,88.64918518066406,1.5776161497143715,2.8,1.2,4.5,3.0,10.0,0.6,0.01,0.06,0.55,0.16,0.2,0.35,1.5,12,10.0,14.0,0.9,1.2,0.6,0.01,0.06,0.65,0.3,0.72,0.005,0.38,0.22,0.01,0.14,1.0,0.28
pid,ground_truth,curvy,400.0,0.05,0.1,1.0,72.06267438828945,98.82405090332031,79.34672546386719,15.56954486556748,1.8670880261532332,0.0007864067542449685,-7.470166857670435e-05,0.0007864067542449685,7.470166857670435e-05,4.818936577066779e-05,9.401331408298574e-05,0.836124837398529,0.0,17.436632891720713,250,244,4.302669525146484,RoadOption.STRAIGHT,98.75457763671875,89.64916229248047,1.5776161497143715,2.8,1.2,4.5,3.0,10.0,0.6,0.01,0.06,0.55,0.16,0.2,0.35,1.5,12,10.0,14.0,0.9,1.2,0.6,0.01,0.06,0.65,0.3,0.72,0.005,0.38,0.22,0.01,0.14,1.0,0.28
pid,ground_truth,curvy,400.0,0.05,0.1,1.0,72.11267438903451,98.8188247680664,80.12406158447266,15.542193485776018,1.8862302398603674,0.0007102607429573977,-7.243798165035287e-05,0.0007102607429573977,7.243798165035287e-05,5.344914461602457e-05,5.259778845356777e-06,0.5185688734054565,0.0,17.428423725636385,251,245,4.52531623840332,RoadOption.STRAIGHT,98.74775695800781,90.64913940429688,1.5776161497143715,2.8,1.2,4.5,3.0,10.0,0.6,0.01,0.06,0.55,0.16,0.2,0.35,1.5,12,10.0,14.0,0.9,1.2,0.6,0.01,0.06,0.65,0.3,0.72,0.005,0.38,0.22,0.01,0.14,1.0,0.28
pid,ground_truth,curvy,400.0,0.05,0.1,1.0,72.16267438977957,98.81356048583984,80.90199279785156,15.568130544147767,1.8687482808741116,0.0006682024213459439,-6.471481448899752e-05,0.0006682024213459439,6.471481448899752e-05,-1.5898132915026508e-05,-6.934727753105108e-05,0.41217514872550964,0.0,17.43687882502188,252,246,4.7473673820495605,RoadOption.STRAIGHT,98.74093627929688,91.64911651611328,1.5776161497143715,2.8,1.2,4.5,3.0,10.0,0.6,0.01,0.06,0.55,0.16,0.2,0.35,1.5,12,10.0,14.0,0.9,1.2,0.6,0.01,0.06,0.65,0.3,0.72,0.005,0.38,0.22,0.01,0.14,1.0,0.28
pid,ground_truth,curvy,400.0,0.05,0.1,1.0,72.21267439052463,98.80828857421875,81.6807861328125,15.574932775540988,1.8608322927736136,0.0006278938458963504,-5.978796647232443e-05,0.0006278938458963504,5.978796647232443e-05,0.002073094714432955,0.0020889928473479813,0.4372183382511139,0.0,17.435765068314602,253,247,4.9685564041137695,RoadOption.STRAIGHT,98.73179626464844,92.59030151367188,1.5888104810404107,2.8,1.2,4.5,3.0,10.0,0.6,0.01,0.06,0.55,0.16,0.2,0.35,1.5,12,10.0,14.0,0.9,1.2,0.6,0.01,0.06,0.65,0.3,0.72,0.005,0.38,0.22,0.01,0.14,1.0,0.28
pid,ground_truth,curvy,400.0,0.05,0.1,1.0,72.26267439126968,98.8028564453125,82.4590835571289,15.557104828160861,1.8694716119749,0.000751180826329037,0.00010532802111296036,0.000751180826329037,0.00010532802111296036,-0.0011721511837095022,-0.003245245898142457,0.4854738414287567,0.0,17.42657644013576,253,248,5.190240383148193,RoadOption.STRAIGHT,98.73179626464844,92.59030151367188,1.5888104810404107,2.8,1.2,4.5,3.0,10.0,0.6,0.01,0.06,0.55,0.16,0.2,0.35,1.5,12,10.0,14.0,0.9,1.2,0.6,0.01,0.06,0.65,0.3,0.72,0.005,0.38,0.22,0.01,0.14,1.0,0.28
pid,ground_truth,curvy,400.0,0.05,0.1,1.0,72.31267439201474,98.7974624633789,83.23615264892578,15.530863975664175,1.8957124644715861,0.0008456048007924391,0.0001869539085235239,0.0008456048007924391,0.0001869539085235239,0.014838599599897861,0.016010750783607364,0.5405311584472656,0.0,17.42657644013576,254,248,4.413152694702148,RoadOption.STRAIGHT,98.7065658569336,93.48206329345703,1.6093549046376088,2.8,1.2,4.5,3.0,10.0,0.6,0.01,0.06,0.55,0.16,0.2,0.35,1.5,12,10.0,14.0,0.9,1.2,0.6,0.01,0.06,0.65,0.3,0.72,0.005,0.38,0.22,0.01,0.14,1.0,0.28
pid,ground_truth,curvy,400.0,0.05,0.1,1.0,72.3626743927598,98.79084014892578,84.01199340820312,15.509377994666082,1.927254897054631,0.002175803541119282,0.0013233247456603259,0.002175803541119282,0.0013233247456603259,0.020711613819003105,0.005873014219105244,0.5623148679733276,0.0,17.436632891720713,255,249,4.6372857093811035,RoadOption.STRAIGHT,98.66302490234375,94.37312316894531,1.6298991950767525,2.8,1.2,4.5,3.0,10.0,0.6,0.01,0.06,0.55,0.16,0.2,0.35,1.5,12,10.0,14.0,0.9,1.2,0.6,0.01,0.06,0.65,0.3,0.72,0.005,0.38,0.22,0.01,0.14,1.0,0.28
pid,ground_truth,curvy,400.0,0.05,0.1,1.0,72.41267439350486,98.7818832397461,84.78707885742188,15.499376016689073,1.9290477089473121,0.0058533229752665665,0.004130962324876641,0.0058533229752665665,0.004130962324876641,0.02053600363433361,-0.00017561018466949463,0.4794103801250458,0.0,17.428423725636385,256,250,4.8621602058410645,RoadOption.STRAIGHT,98.6011734008789,95.26311492919922,1.6504434855158965,2.8,1.2,4.5,3.0,10.0,0.6,0.01,0.06,0.55,0.16,0.2,0.35,1.5,12,10.0,14.0,0.9,1.2,0.6,0.01,0.06,0.65,0.3,0.72,0.005,0.38,0.22,0.01,0.14,1.0,0.28
pid,ground_truth,curvy,400.0,0.05,0.1,1.0,72.46267439424992,98.76988983154297,85.56206512451172,15.502199388666329,1.93467943635555,0.012560318001565797,0.00824168462546826,0.012560318001565797,0.00824168462546826,0.022293709218502045,0.0017577055841684341,0.49139830470085144,0.0,17.43687882502188,257,251,5.087122917175293,RoadOption.STRAIGHT,98.52106475830078,96.1516342163086,1.6709877759550402,2.8,1.2,4.5,3.0,10.0,0.6,0.01,0.06,0.55,0.16,0.2,0.35,1.5,12,10.0,14.0,0.9,1.2,0.6,0.01,0.06,0.65,0.3,0.72,0.005,0.38,0.22,0.01,0.14,1.0,0.28
pid,ground_truth,curvy,400.0,0.05,0.1,1.0,72.51267439499497,98.75505828857422,86.3365478515625,15.487651421912311,1.9479609520680619,0.022108815820223338,0.013180650025074847,0.022108815820223338,0.013180650025074847,0.027814831584692,0.005521122366189957,0.5157396793365479,0.0,17.435612373980373,258,252,5.312587738037109,RoadOption.STRAIGHT,98.42272186279297,97.03832244873047,1.691532066394184,2.8,1.2,4.5,3.0,10.0,0.6,0.01,0.06,0.55,0.16,0.2,0.35,1.5,12,10.0,14.0,0.9,1.2,0.6,0.01,0.06,0.65,0.3,0.72,0.005,0.38,0.22,0.01,0.14,1.0,0.28
pid,ground_truth,curvy,400.0,0.05,0.1,1.0,72.56267439574003,98.73629760742188,87.11018371582031,15.471015247168314,1.9555611929674477,0.09421373570211783,0.0076764286840989016,0.09421373570211783,0.0076764286840989016,0.033125072717666626,0.005310241132974625,0.501504123210907,0.0,17.42657644013576,259,253,5.4801201820373535,RoadOption.STRAIGHT,98.3061752319336,97.92279815673828,1.712076489991382,2.8,1.2,4.5,3.0,10.0,0.6,0.01,0.06,0.55,0.16,0.2,0.35,1.5,12,10.0,14.0,0.9,1.2,0.6,0.01,0.06,0.65,0.3,0.72,0.005,0.38,0.22,0.01,0.14,1.0,0.28
pid,ground_truth,curvy,400.0,0.05,0.1,1.0,72.61267439648509,98.71293640136719,87.8829116821289,15.455185629492485,1.9765707720871273,0.20947602039978677,-0.006176536358166285,0.20947602039978677,0.006176536358166285,-0.03942630812525749,-0.07255138084292412,0.5436723828315735,0.0,17.431756401579612,259,254,5.599155426025391,RoadOption.STRAIGHT,98.3061752319336,97.92279815673828,1.712076489991382,2.8,1.2,4.5,3.0,10.0,0.6,0.01,0.06,0.55,0.16,0.2,0.35,1.5,12,10.0,14.0,0.9,1.2,0.6,0.01,0.06,0.65,0.3,0.72,0.005,0.38,0.22,0.01,0.14,1.0,0.28
pid,ground_truth,curvy,400.0,0.05,0.1,1.0,72.66267439723015,98.69009399414062,88.65476989746094,15.440248996525556,1.9915074050540564,0.2025470682529209,-0.003878361495482263,0.2025470682529209,0.003878361495482263,0.06057368963956833,0.09999999776482582,0.529954195022583,0.0,17.431756401579612,260,254,4.827322006225586,RoadOption.STRAIGHT,98.17149353027344,98.80470275878906,1.732620780430526,2.8,1.2,4.5,3.0,10.0,0.6,0.01,0.06,0.55,0.16,0.2,0.35,1.5,12,10.0,14.0,0.9,1.2,0.6,0.01,0.06,0.65,0.3,0.72,0.005,0.38,0.22,0.01,0.14,1.0,0.28
pid,ground_truth,curvy,400.0,0.05,0.1,1.0,72.7126743979752,98.66390228271484,89.426025390625,15.4263987422852,2.002024983351186,0.29134162407417047,-0.02143152255630376,0.29134162407417047,0.02143152255630376,0.08481623977422714,0.024242550134658813,0.5198947191238403,0.0,17.428423725636385,261,255,4.947098255157471,RoadOption.STRAIGHT,98.01871490478516,99.68364715576172,1.7531652040277241,2.8,1.2,4.5,3.0,10.0,0.6,0.01,0.06,0.55,0.16,0.2,0.35,1.5,12,10.0,14.0,0.9,1.2,0.6,0.01,0.06,0.65,0.3,0.72,0.005,0.38,0.22,0.01,0.14,1.0,0.28
pid,ground_truth,curvy,400.0,0.05,0.1,1.0,72.76267439872026,98.62734985351562,90.19590759277344,15.40838256815666,2.0284962568652176,0.3770686276423561,-0.03210786905032226,0.3770686276423561,0.03210786905032226,0.03798361122608185,-0.046832628548145294,0.5703887343406677,0.0,17.43687882502188,262,256,5.067275047302246,RoadOption.STRAIGHT,97.84791564941406,100.55927276611328,1.7737094944668679,2.8,1.2,4.5,3.0,10.0,0.6,0.01,0.06,0.55,0.16,0.2,0.35,1.5,12,10.0,14.0,0.9,1.2,0.6,0.01,0.06,0.65,0.3,0.72,0.005,0.38,0.22,0.01,0.14,1.0,0.28
pid,ground_truth,curvy,400.0,0.05,0.1,1.0,72.81267439946532,98.5838623046875,90.9650650024414,15.409434390421366,2.020698950291097,0.4562983006067652,-0.041225733674426834,0.4562983006067652,0.041225733674426834,0.03338898345828056,-0.004594627767801285,0.47272130846977234,0.0,17.430133340712462,263,257,5.186949729919434,RoadOption.STRAIGHT,97.65917205810547,101.43120574951172,1.7942537849060116,2.8,1.2,4.5,3.0,10.0,0.6,0.01,0.06,0.55,0.16,0.2,0.35,1.5,12,10.0,14.0,0.9,1.2,0.6,0.01,0.06,0.65,0.3,0.72,0.005,0.38,0.22,0.01,0.14,1.0,0.28
pid,ground_truth,curvy,400.0,0.05,0.1,1.0,72.86267440021038,98.53487396240234,91.73402404785156,15.40902266426592,2.0175537758698407,0.5275279500997394,-0.05155440448813575,0.5275279500997394,0.05155440448813575,0.05224812775850296,0.018859144300222397,0.4850553274154663,0.0,17.42657644013576,264,258,5.305484294891357,RoadOption.STRAIGHT,97.4525375366211,102.29907989501953,1.81479820850321,2.8,1.2,4.5,3.0,10.0,0.6,0.01,0.06,0.55,0.16,0.2,0.35,1.5,12,10.0,14.0,0.9,1.2,0.6,0.01,0.06,0.65,0.3,0.72,0.005,0.38,0.22,0.01,0.14,1.0,0.28
pid,ground_truth,curvy,400.0,0.05,0.1,1.0,72.91267440095544,98.4782485961914,92.50196075439453,15.394273274214783,2.0374831273648297,0.59295265391627,-0.06136975100173103,0.59295265391627,0.06136975100173103,0.056314025074243546,0.004065897315740585,0.554048478603363,0.0,17.431756401579612,265,259,5.423568248748779,RoadOption.STRAIGHT,97.22813415527344,103.16251373291016,1.8353424989423537,2.8,1.2,4.5,3.0,10.0,0.6,0.01,0.06,0.55,0.16,0.2,0.35,1.5,12,10.0,14.0,0.9,1.2,0.6,0.01,0.06,0.65,0.3,0.72,0.005,0.38,0.22,0.01,0.14,1.0,0.28
pid,ground_truth,curvy,400.0,0.05,0.1,1.0,72.9626744017005,98.41270446777344,93.26838684082031,15.380443597005208,2.0499102698566,0.6539466776492628,-0.06987934963286158,0.6539466776492628,0.06987934963286158,0.052714839577674866,-0.00359918549656868,0.5357762575149536,0.0,17.430353866861807,266,260,5.541568279266357,RoadOption.STRAIGHT,96.98603057861328,104.02116394042969,1.855886922539552,2.8,1.2,4.5,3.0,10.0,0.6,0.01,0.06,0.55,0.16,0.2,0.35,1.5,12,10.0,14.0,0.9,1.2,0.6,0.01,0.06,0.65,0.3,0.72,0.005,0.38,0.22,0.01,0.14,1.0,0.28
pid,ground_truth,curvy,400.0,0.05,0.1,1.0,73.01267440244555,98.33821868896484,94.0335922241211,15.374633602471203,2.0622452225506755,0.7104867198692026,-0.07776070856284178,0.7104867198692026,0.07776070856284178,-0.047285161912441254,-0.10000000149011612,0.5382317900657654,0.0,17.43687882502188,266,261,5.659081935882568,RoadOption.STRAIGHT,96.98603057861328,104.02116394042969,1.855886922539552,2.8,1.2,4.5,3.0,10.0,0.6,0.01,0.06,0.55,0.16,0.2,0.35,1.5,12,10.0,14.0,0.9,1.2,0.6,0.01,0.06,0.65,0.3,0.72,0.005,0.38,0.22,0.01,0.14,1.0,0.28
pid,ground_truth,curvy,400.0,0.05,0.1,1.0,73.06267440319061,98.26155090332031,94.79837799072266,15.370465245623668,2.06641357939821,0.6471818136733457,-0.07120946543930184,0.6471818136733457,0.07120946543930184,0.052714839577674866,0.10000000149011612,0.5162823796272278,0.0,17.43687882502188,267,261,4.891301155090332,RoadOption.STRAIGHT,96.72634887695312,104.8746566772461,1.8764312129786958,2.8,1.2,4.5,3.0,10.0,0.6,0.01,0.06,0.55,0.16,0.2,0.35,1.5,12,10.0,14.0,0.9,1.2,0.6,0.01,0.06,0.65,0.3,0.72,0.005,0.38,0.22,0.01,0.14,1.0,0.28
pid,ground_truth,curvy,400.0,0.05,0.1,1.0,73.11267440393567,98.1803207397461,95.56243133544922,15.363903494211879,2.0662298465005833,0.6813960284484828,-0.08724981784290353,0.6813960284484828,0.08724981784290353,0.13759809732437134,0.08488325774669647,0.5040560960769653,0.0,17.430133340712462,268,262,5.007885932922363,RoadOption.STRAIGHT,96.44918823242188,105.72264099121094,1.896975636575894,2.8,1.2,4.5,3.0,10.0,0.6,0.01,0.06,0.55,0.16,0.2,0.35,1.5,12,10.0,14.0,0.9,1.2,0.6,0.01,0.06,0.65,0.3,0.72,0.005,0.38,0.22,0.01,0.14,1.0,0.28
pid,ground_truth,curvy,400.0,0.05,0.1,1.0,73.16267440468073,98.08576202392578,96.32377624511719,15.328812814815375,2.097763625320386,0.7158351213341614,-0.0957627454253962,0.7158351213341614,0.0957627454253962,0.08477780967950821,-0.05282028764486313,0.599802553653717,0.0,17.42657644013576,269,263,5.125214099884033,RoadOption.STRAIGHT,96.1546630859375,106.56475067138672,1.9175199270150378,2.8,1.2,4.5,3.0,10.0,0.6,0.01,0.06,0.55,0.16,0.2,0.35,1.5,12,10.0,14.0,0.9,1.2,0.6,0.01,0.06,0.65,0.3,0.72,0.005,0.38,0.22,0.01,0.14,1.0,0.28
pid,ground_truth,curvy,400.0,0.05,0.1,1.0,73.21267440542579,97.97798919677734,97.08226013183594,15.322534041753181,2.10534425943988,0.7504332653485144,-0.09884681912576276,0.7504332653485144,0.09884681912576276,0.04405256733298302,-0.04072524234652519,0.534401535987854,0.0,17.42787830119306,270,264,5.243216037750244,RoadOption.STRAIGHT,95.8428955078125,107.40062713623047,1.9380642174541816,2.8,1.2,4.5,3.0,10.0,0.6,0.01,0.06,0.55,0.16,0.2,0.35,1.5,12,10.0,14.0,0.9,1.2,0.6,0.01,0.06,0.65,0.3,0.72,0.005,0.38,0.22,0.01,0.14,1.0,0.28
pid,ground_truth,curvy,400.0,0.05,0.1,1.0,73.26267440617085,97.86146545410156,97.83980560302734,15.333651699563022,2.097702540928564,0.7804366735334364,-0.10332199502153161,0.7804366735334364,0.10332199502153161,0.05988470837473869,0.015832141041755676,0.4900977611541748,0.0,17.431354240491586,271,265,5.360255241394043,RoadOption.STRAIGHT,95.51402282714844,108.22992706298828,1.9586086410513799,2.8,1.2,4.5,3.0,10.0,0.6,0.01,0.06,0.55,0.16,0.2,0.35,1.5,12,10.0,14.0,0.9,1.2,0.6,0.01,0.06,0.65,0.3,0.72,0.005,0.38,0.22,0.01,0.14,1.0,0.28
pid,ground_truth,curvy,400.0,0.05,0.1,1.0,73.3126744069159,97.73528289794922,98.59603118896484,15.332874128231413,2.1013461505105546,0.8067785275946242,-0.10895617862370344,0.8067785275946242,0.10895617862370344,0.07427103072404861,0.014386322349309921,0.5224982500076294,0.0,17.434220278741968,272,266,5.476627349853516,RoadOption.STRAIGHT,95.16819763183594,109.05228424072266,1.9791529314905236,2.8,1.2,4.5,3.0,10.0,0.6,0.01,0.06,0.55,0.16,0.2,0.35,1.5,12,10.0,14.0,0.9,1.2,0.6,0.01,0.06,0.65,0.3,0.72,0.005,0.38,0.22,0.01,0.14,1.0,0.28
pid,ground_truth,curvy,400.0,0.05,0.1,1.0,73.36267440766096,97.5973129272461,99.34980010986328,15.32224387845086,2.1078894622616016,0.8318219660108508,-0.11364107845531635,0.8318219660108508,0.11364107845531635,-0.025728970766067505,-0.10000000149011612,0.5320569276809692,0.0,17.430133340712462,272,267,5.593087196350098,RoadOption.STRAIGHT,95.16819763183594,109.05228424072266,1.9791529314905236,2.8,1.2,4.5,3.0,10.0,0.6,0.01,0.06,0.55,0.16,0.2,0.35,1.5,12,10.0,14.0,0.9,1.2,0.6,0.01,0.06,0.65,0.3,0.72,0.005,0.38,0.22,0.01,0.14,1.0,0.28
pid,ground_truth,curvy,400.0,0.05,0.1,1.0,73.41267440840602,97.45388793945312,100.10232543945312,15.320577481940218,2.1095558587722447,0.7421661891480335,-0.10315408271480209,0.7421661891480335,0.10315408271480209,0.07427103072404861,0.10000000149011612,0.5187681913375854,0.0,17.430133340712462,273,267,4.827469348907471,RoadOption.STRAIGHT,94.80553436279297,109.86737823486328,1.999697355087722,2.8,1.2,4.5,3.0,10.0,0.6,0.01,0.06,0.55,0.16,0.2,0.35,1.5,12,10.0,14.0,0.9,1.2,0.6,0.01,0.06,0.65,0.3,0.72,0.005,0.38,0.22,0.01,0.14,1.0,0.28
pid,ground_truth,curvy,400.0,0.05,0.1,1.0,73.46267440915108,97.30270385742188,100.85292053222656,15.307508900024478,2.1258047210934503,0.7518729801047145,-0.11479555878786574,0.7518729801047145,0.11479555878786574,0.13787038624286652,0.0635993555188179,0.5631738305091858,0.0,17.43331362111793,274,268,4.943953037261963,RoadOption.STRAIGHT,94.42620849609375,110.67485046386719,2.0202416455268657,2.8,1.2,4.5,3.0,10.0,0.6,0.01,0.06,0.55,0.16,0.2,0.35,1.5,12,10.0,14.0,0.9,1.2,0.6,0.01,0.06,0.65,0.3,0.72,0.005,0.38,0.22,0.01,0.14,1.0,0.28
pid,ground_truth,curvy,400.0,0.05,0.1,1.0,73.51267440989614,97.13592529296875,101.598876953125,15.275902451686798,2.151975849506263,0.7646259167836593,-0.11931867158325637,0.7646259167836593,0.11931867158325637,0.0843653455376625,-0.05350504070520401,0.5967138409614563,0.0,17.42787830119306,275,269,5.06189489364624,RoadOption.STRAIGHT,94.03038024902344,111.47434997558594,2.040785935966009,2.8,1.2,4.5,3.0,10.0,0.6,0.01,0.06,0.55,0.16,0.2,0.35,1.5,12,10.0,14.0,0.9,1.2,0.6,0.01,0.06,0.65,0.3,0.72,0.005,0.38,0.22,0.01,0.14,1.0,0.28
pid,ground_truth,curvy,400.0,0.05,0.1,1.0,73.5626744106412,96.95503997802734,102.34099578857422,15.281866868232225,1.930910402035643,0.7787683681617705,-0.1200889909285614,0.7787683681617705,0.1200889909285614,0.05491110682487488,-0.029454238712787628,0.0,0.1441829651594162,17.212777270267868,276,270,5.180418968200684,RoadOption.STRAIGHT,93.61820220947266,112.26555633544922,2.0613303595632075,2.8,1.2,4.5,3.0,10.0,0.6,0.01,0.06,0.55,0.16,0.2,0.35,1.5,12,10.0,14.0,0.9,1.2,0.6,0.01,0.06,0.65,0.3,0.72,0.005,0.38,0.22,0.01,0.14,1.0,0.28
pid,ground_truth,curvy,400.0,0.05,0.1,1.0,73.61267441138625,96.76358032226562,103.0806884765625,15.271969879496487,1.5408073907713824,0.7904935786476448,-0.1224888985448862,0.7904935786476448,0.1224888985448862,0.07045423239469528,0.015543125569820404,0.0,0.2800000011920929,16.81277727026787,277,271,5.298684120178223,RoadOption.STRAIGHT,93.18987274169922,113.0481185913086,2.081874783160406,2.8,1.2,4.5,3.0,10.0,0.6,0.01,0.06,0.55,0.16,0.2,0.35,1.5,12,10.0,14.0,0.9,1.2,0.6,0.01,0.06,0.65,0.3,0.72,0.005,0.38,0.22,0.01,0.14,1.0,0.28
pid,ground_truth,curvy,400.0,0.05,0.1,1.0,73.66267441213131,96.56163024902344,103.8138427734375,15.153700936988457,1.2590763332794133,0.8013363374937787,-0.12587683892563106,0.8013363374937787,0.12587683892563106,0.08090243488550186,0.01044820249080658,0.0,0.2800000011920929,16.41277727026787,278,272,5.420601844787598,RoadOption.STRAIGHT,92.74554443359375,113.82172393798828,2.102418940441495,2.8,1.2,4.5,3.0,10.0,0.6,0.01,0.06,0.55,0.16,0.2,0.35,1.5,12,10.0,14.0,0.9,1.2,0.6,0.01,0.06,0.65,0.3,0.72,0.005,0.38,0.22,0.01,0.14,1.0,0.28
pid,ground_truth,curvy,400.0,0.05,0.1,1.0,73.71267441287637,96.34922790527344,104.53499603271484,14.951720884436371,1.0610563858315007,0.8137155204602555,-0.12862761801557365,0.8137155204602555,0.12862761801557365,0.07687679678201675,-0.004025638103485107,0.0,0.2710234522819519,16.012777270267872,279,273,5.551332473754883,RoadOption.STRAIGHT,92.2854232788086,114.58604431152344,2.1229633640386933,2.8,1.2,4.5,3.0,10.0,0.6,0.01,0.06,0.55,0.16,0.2,0.35,1.5,12,10.0,14.0,0.9,1.2,0.6,0.01,0.06,0.65,0.3,0.72,0.005,0.38,0.22,0.01,0.14,1.0,0.28
pid,ground_truth,curvy,400.0,0.05,0.1,1.0,73.76267441362143,96.12749481201172,105.24121856689453,14.704386593354291,0.9083906769135801,0.8283997864038968,-0.13098571400278436,0.8283997864038968,0.13098571400278436,-0.023123200982809067,-0.09999999776482582,0.0,0.17761804163455963,15.612777270267872,279,274,5.693745136260986,RoadOption.STRAIGHT,92.2854232788086,114.58604431152344,2.1229633640386933,2.8,1.2,4.5,3.0,10.0,0.6,0.01,0.06,0.55,0.16,0.2,0.35,1.5,12,10.0,14.0,0.9,1.2,0.6,0.01,0.06,0.65,0.3,0.72,0.005,0.38,0.22,0.01,0.14,1.0,0.28
pid,ground_truth,curvy,400.0,0.05,0.1,1.0,73.81267441436648,95.90361785888672,105.93338012695312,14.444516351955958,0.7682609183119133,0.7293224547247783,-0.11897645538318091,0.7293224547247783,0.11897645538318091,0.07687679678201675,0.09999999776482582,0.0,0.1733459234237671,15.212777270267871,280,274,4.966314792633057,RoadOption.STRAIGHT,91.80968475341797,115.34074401855469,2.1435076544778373,2.8,1.2,4.5,3.0,10.0,0.6,0.01,0.06,0.55,0.16,0.2,0.35,1.5,12,10.0,14.0,0.9,1.2,0.6,0.01,0.06,0.65,0.3,0.72,0.005,0.38,0.22,0.01,0.14,1.0,0.28
pid,ground_truth,curvy,400.0,0.05,0.1,1.0,73.86267441511154,95.67588806152344,106.60972595214844,14.158510360639202,0.6542669096286691,0.7359861100356835,-0.1296474755550192,0.7359861100356835,0.1296474755550192,0.14654424786567688,0.06966745108366013,0.0,0.12524449825286865,14.81277727026787,281,275,5.135393142700195,RoadOption.STRAIGHT,91.31855773925781,116.08551025390625,2.164051944916981,2.8,1.2,4.5,3.0,10.0,0.6,0.01,0.06,0.55,0.16,0.2,0.35,1.5,12,10.0,14.0,0.9,1.2,0.6,0.01,0.06,0.65,0.3,0.72,0.005,0.38,0.22,0.01,0.14,1.0,0.28
pid,ground_truth,curvy,400.0,0.05,0.1,1.0,73.9126744158566,95.43763732910156,107.26637268066406,13.847471256386946,0.889089574156662,0.7502106174190337,-0.13384022321718536,0.7502106174190337,0.13384022321718536,0.09485236555337906,-0.05169188231229782,0.9031031727790833,0.0,14.736560830543608,282,276,5.319979667663574,RoadOption.STRAIGHT,90.8122329711914,116.82003021240234,2.184596368514179,2.8,1.2,4.5,3.0,10.0,0.6,0.01,0.06,0.55,0.16,0.2,0.35,1.5,12,10.0,14.0,0.9,1.2,0.6,0.01,0.06,0.65,0.3,0.72,0.005,0.38,0.22,0.01,0.14,1.0,0.28
pid,ground_truth,curvy,400.0,0.05,0.1,1.0,73.96267441660166,95.1904296875,107.90413665771484,13.579473342724722,1.1536823140153931,0.7710942570565302,-0.13438723650508777,0.7710942570565302,0.13438723650508777,0.06257513910531998,-0.03227722644805908,1.0,0.0,14.733155656740115,283,277,5.519309997558594,RoadOption.STRAIGHT,90.29092407226562,117.54399871826172,2.205140658953323,2.8,1.2,4.5,3.0,10.0,0.6,0.01,0.06,0.55,0.16,0.2,0.35,1.5,12,10.0,14.0,0.9,1.2,0.6,0.01,0.06,0.65,0.3,0.72,0.005,0.38,0.22,0.01,0.14,1.0,0.28
pid,ground_truth,curvy,400.0,0.05,0.1,1.0,74.01267441734672,94.93733978271484,108.52727508544922,13.378412756357886,1.3566836033619936,0.7946329951906854,-0.13671723614279818,0.7946329951906854,0.13671723614279818,-0.03742486238479614,-0.10000000149011612,0.9168739914894104,0.0,14.73509635971988,283,278,5.730196952819824,RoadOption.STRAIGHT,90.29092407226562,117.54399871826172,2.205140658953323,2.8,1.2,4.5,3.0,10.0,0.6,0.01,0.06,0.55,0.16,0.2,0.35,1.5,12,10.0,14.0,0.9,1.2,0.6,0.01,0.06,0.65,0.3,0.72,0.005,0.38,0.22,0.01,0.14,1.0,0.28
pid,ground_truth,curvy,400.0,0.05,0.1,1.0,74.06267441809177,94.68370819091797,109.14234924316406,13.271129708887306,1.4639666508325728,0.7014585979396741,-0.12693730967170014,0.7014585979396741,0.12693730967170014,0.06257513910531998,0.10000000149011612,0.6724652051925659,0.0,14.73509635971988,284,278,5.064882278442383,RoadOption.STRAIGHT,89.75485229492188,118.2571029663086,2.2256849493924666,2.8,1.2,4.5,3.0,10.0,0.6,0.01,0.06,0.55,0.16,0.2,0.35,1.5,12,10.0,14.0,0.9,1.2,0.6,0.01,0.06,0.65,0.3,0.72,0.005,0.38,0.22,0.01,0.14,1.0,0.28
pid,ground_truth,curvy,400.0,0.05,0.1,1.0,74.11267441883683,94.42513275146484,109.75273132324219,13.253236336671176,1.4861620003451392,0.7135074468313831,-0.14062888715190658,0.7135074468313831,0.14062888715190658,0.1625751405954361,0.10000000149011612,0.4391026198863983,0.0,14.739398337016315,285,279,5.28576135635376,RoadOption.STRAIGHT,89.2042465209961,118.95904541015625,2.246229372989665,2.8,1.2,4.5,3.0,10.0,0.6,0.01,0.06,0.55,0.16,0.2,0.35,1.5,12,10.0,14.0,0.9,1.2,0.6,0.01,0.06,0.65,0.3,0.72,0.005,0.38,0.22,0.01,0.14,1.0,0.28
pid,ground_truth,curvy,400.0,0.05,0.1,1.0,74.16267441958189,94.15303802490234,110.35636138916016,13.22952287833079,1.508864524702343,0.7316648557264711,-0.1471175459898304,0.7316648557264711,0.1471175459898304,0.12021714448928833,-0.042357996106147766,0.44551727175712585,0.0,14.738387403033133,286,280,5.507756233215332,RoadOption.STRAIGHT,88.6477279663086,119.63875579833984,2.2693754386557616,2.8,1.2,4.5,3.0,10.0,0.6,0.01,0.06,0.55,0.16,0.2,0.35,1.5,12,10.0,14.0,0.9,1.2,0.6,0.01,0.06,0.65,0.3,0.72,0.005,0.38,0.22,0.01,0.14,1.0,0.28
pid,ground_truth,curvy,400.0,0.05,0.1,1.0,74.21267442032695,93.86683654785156,110.95217895507812,13.215688159418963,1.5208726711246445,0.7570154959776194,-0.1470289958835851,0.7570154959776194,0.1470289958835851,0.02021714486181736,-0.09999999962747097,0.4182147979736328,0.0,14.736560830543608,286,281,5.731040000915527,RoadOption.STRAIGHT,88.6477279663086,119.63875579833984,2.2693754386557616,2.8,1.2,4.5,3.0,10.0,0.6,0.01,0.06,0.55,0.16,0.2,0.35,1.5,12,10.0,14.0,0.9,1.2,0.6,0.01,0.06,0.65,0.3,0.72,0.005,0.38,0.22,0.01,0.14,1.0,0.28
pid,ground_truth,curvy,400.0,0.05,0.1,1.0,74.262674421072,93.5739517211914,111.54436492919922,13.21057089804279,1.5259899325008188,0.668784179856392,-0.1300952860923159,0.668784179856392,0.1300952860923159,0.08864142745733261,0.06842428259551525,0.40004611015319824,0.0,14.736560830543608,287,281,5.070385456085205,RoadOption.STRAIGHT,88.08870697021484,120.28605651855469,2.2969354275125555,2.8,1.2,4.5,3.0,10.0,0.6,0.01,0.06,0.55,0.16,0.2,0.35,1.5,12,10.0,14.0,0.9,1.2,0.6,0.01,0.06,0.65,0.3,0.72,0.005,0.38,0.22,0.01,0.14,1.0,0.28
pid,ground_truth,curvy,400.0,0.05,0.1,1.0,74.31267442181706,93.2740707397461,112.13194274902344,13.180334113614633,1.5528215431254822,0.6877686357392983,-0.1361891312986354,0.6877686357392983,0.1361891312986354,0.11712804436683655,0.028486616909503937,0.46674925088882446,0.0,14.733155656740115,288,282,5.295168876647949,RoadOption.STRAIGHT,87.51204681396484,120.91769409179688,2.32449541636935,2.8,1.2,4.5,3.0,10.0,0.6,0.01,0.06,0.55,0.16,0.2,0.35,1.5,12,10.0,14.0,0.9,1.2,0.6,0.01,0.06,0.65,0.3,0.72,0.005,0.38,0.22,0.01,0.14,1.0,0.28
pid,ground_truth,curvy,400.0,0.05,0.1,1.0,74.36267442256212,92.96221160888672,112.71084594726562,13.136783031364336,1.5983133283555429,0.7127492414417613,-0.1383024827816679,0.7127492414417613,0.1383024827816679,0.08879774808883667,-0.028330296277999878,0.5290059447288513,0.0,14.73509635971988,289,283,5.522241115570068,RoadOption.STRAIGHT,86.91819763183594,121.53321075439453,2.3520554052261438,2.8,1.2,4.5,3.0,10.0,0.6,0.01,0.06,0.55,0.16,0.2,0.35,1.5,12,10.0,14.0,0.9,1.2,0.6,0.01,0.06,0.65,0.3,0.72,0.005,0.38,0.22,0.01,0.14,1.0,0.28
pid,ground_truth,curvy,400.0,0.05,0.1,1.0,74.41267442330718,92.63985443115234,113.28231048583984,13.11870289576844,1.6179969958292553,0.7418607027303028,-0.13907040528199222,0.7418607027303028,0.13907040528199222,-0.0112022515386343,-0.09999999962747097,0.4610736072063446,0.0,14.736699891597695,289,284,5.7508087158203125,RoadOption.STRAIGHT,86.91819763183594,121.53321075439453,2.3520554052261438,2.8,1.2,4.5,3.0,10.0,0.6,0.01,0.06,0.55,0.16,0.2,0.35,1.5,12,10.0,14.0,0.9,1.2,0.6,0.01,0.06,0.65,0.3,0.72,0.005,0.38,0.22,0.01,0.14,1.0,0.28
pid,ground_truth,curvy,400.0,0.05,0.1,1.0,74.46267442405224,92.3133544921875,113.85103607177734,13.112392180975014,1.6243077106226806,0.6544187418813454,-0.12592504214136113,0.6544187418813454,0.12592504214136113,0.08879774808883667,0.09999999962747097,0.42501768469810486,0.0,14.736699891597695,290,284,5.095033168792725,RoadOption.STRAIGHT,86.3076171875,122.13212585449219,2.379615127766829,2.8,1.2,4.5,3.0,10.0,0.6,0.01,0.06,0.55,0.16,0.2,0.35,1.5,12,10.0,14.0,0.9,1.2,0.6,0.01,0.06,0.65,0.3,0.72,0.005,0.38,0.22,0.01,0.14,1.0,0.28
pid,ground_truth,curvy,400.0,0.05,0.1,1.0,74.5126744247973,91.98049926757812,114.41510772705078,13.088104379873027,1.643992606083179,0.6743420895435475,-0.13516128427591934,0.6743420895435475,0.13516128427591934,0.15879951417446136,0.0700017660856247,0.46679607033729553,0.0,14.732096985956206,291,285,5.324936866760254,RoadOption.STRAIGHT,85.68077087402344,122.71399688720703,2.407175116623623,2.8,1.2,4.5,3.0,10.0,0.6,0.01,0.06,0.55,0.16,0.2,0.35,1.5,12,10.0,14.0,0.9,1.2,0.6,0.01,0.06,0.65,0.3,0.72,0.005,0.38,0.22,0.01,0.14,1.0,0.28
pid,ground_truth,curvy,400.0,0.05,0.1,1.0,74.56267442554235,91.63490295410156,114.96879577636719,13.035091422266435,1.7014694082771733,0.7159432178149605,-0.14011409811319409,0.7159432178149605,0.14011409811319409,0.1078806221485138,-0.05091889202594757,0.5852583050727844,0.0,14.736560830543608,292,286,5.543622016906738,RoadOption.STRAIGHT,85.03812408447266,123.27836608886719,2.4347351054804167,2.8,1.2,4.5,3.0,10.0,0.6,0.01,0.06,0.55,0.16,0.2,0.35,1.5,12,10.0,14.0,0.9,1.2,0.6,0.01,0.06,0.65,0.3,0.72,0.005,0.38,0.22,0.01,0.14,1.0,0.28
pid,ground_truth,curvy,400.0,0.05,0.1,1.0,74.61267442628741,91.27753448486328,115.5130844116211,13.023470764566857,1.7096848921732573,0.7847691969649575,-0.1454944824634814,0.7847691969649575,0.1454944824634814,0.07706686854362488,-0.030813753604888916,0.4491340219974518,0.0,14.733155656740115,293,287,5.740199089050293,RoadOption.STRAIGHT,84.38017272949219,123.82482147216797,2.4622950943372106,2.8,1.2,4.5,3.0,10.0,0.6,0.01,0.06,0.55,0.16,0.2,0.35,1.5,12,10.0,14.0,0.9,1.2,0.6,0.01,0.06,0.65,0.3,0.72,0.005,0.38,0.22,0.01,0.14,1.0,0.28
pid,ground_truth,curvy,400.0,0.05,0.1,1.0,74.66267442703247,90.91096496582031,116.05137634277344,13.027417013579964,1.7037987397664303,0.8518557585216615,-0.1525328177503975,0.8518557585216615,0.1525328177503975,-0.02293313294649124,-0.10000000149011612,0.4083544909954071,0.0,14.731215753346394,293,288,5.935798168182373,RoadOption.STRAIGHT,84.38017272949219,123.82482147216797,2.4622950943372106,2.8,1.2,4.5,3.0,10.0,0.6,0.01,0.06,0.55,0.16,0.2,0.35,1.5,12,10.0,14.0,0.9,1.2,0.6,0.01,0.06,0.65,0.3,0.72,0.005,0.38,0.22,0.01,0.14,1.0,0.28
pid,ground_truth,curvy,400.0,0.05,0.1,1.0,74.71267442777753,90.54119110107422,116.58753967285156,13.022793800934895,1.7084219524114985,0.7545625926127322,-0.1401222207545194,0.7545625926127322,0.1401222207545194,0.07706686854362488,0.10000000149011612,0.43879783153533936,0.0,14.731215753346394,294,288,5.284501552581787,RoadOption.STRAIGHT,83.70740509033203,124.3529281616211,2.489855083194005,2.8,1.2,4.5,3.0,10.0,0.6,0.01,0.06,0.55,0.16,0.2,0.35,1.5,12,10.0,14.0,0.9,1.2,0.6,0.01,0.06,0.65,0.3,0.72,0.005,0.38,0.22,0.01,0.14,1.0,0.28
pid,ground_truth,curvy,400.0,0.05,0.1,1.0,74.76267442852259,90.16624450683594,117.1188735961914,12.993818219319065,1.7428816722786298,0.8022586934164151,-0.1580796496688146,0.8022586934164151,0.1580796496688146,0.1770668625831604,0.09999999403953552,0.5299211740493774,0.0,14.736699891597695,295,289,5.480527877807617,RoadOption.STRAIGHT,83.02034759521484,124.86229705810547,2.517415072050799,2.8,1.2,4.5,3.0,10.0,0.6,0.01,0.06,0.55,0.16,0.2,0.35,1.5,12,10.0,14.0,0.9,1.2,0.6,0.01,0.06,0.65,0.3,0.72,0.005,0.38,0.22,0.01,0.14,1.0,0.28
pid,ground_truth,curvy,400.0,0.05,0.1,1.0,74.81267442926764,89.77969360351562,117.63909149169922,12.941692446581028,1.790404539375178,0.8536255763768019,-0.16874947141816277,0.8536255763768019,0.16874947141816277,0.14251923561096191,-0.034547626972198486,0.5769530534744263,0.0,14.732096985956206,296,290,5.6782636642456055,RoadOption.STRAIGHT,82.31951141357422,125.3525390625,2.5449750609075927,2.8,1.2,4.5,3.0,10.0,0.6,0.01,0.06,0.55,0.16,0.2,0.35,1.5,12,10.0,14.0,0.9,1.2,0.6,0.01,0.06,0.65,0.3,0.72,0.005,0.38,0.22,0.01,0.14,1.0,0.28
pid,ground_truth,curvy,400.0,0.05,0.1,1.0,74.8626744300127,89.38017272949219,118.14710998535156,12.926408945542674,1.8080506678388115,0.9104678905756085,-0.17254407649736203,0.9104678905756085,0.17254407649736203,0.04251923784613609,-0.09999999776482582,0.497180312871933,0.0,14.734459613381485,296,291,5.877247333526611,RoadOption.STRAIGHT,82.31951141357422,125.3525390625,2.5449750609075927,2.8,1.2,4.5,3.0,10.0,0.6,0.01,0.06,0.55,0.16,0.2,0.35,1.5,12,10.0,14.0,0.9,1.2,0.6,0.01,0.06,0.65,0.3,0.72,0.005,0.38,0.22,0.01,0.14,1.0,0.28
pid,ground_truth,curvy,400.0,0.05,0.1,1.0,74.91267443075776,88.97259521484375,118.64950561523438,12.95087728711311,1.783582326268375,0.810719283495954,-0.1516752798793921,0.810719283495954,0.1516752798793921,0.10194256156682968,0.05942332372069359,0.37387675046920776,0.0,14.734459613381485,297,291,5.230315685272217,RoadOption.STRAIGHT,81.60543060302734,125.82328033447266,2.572534783448278,2.8,1.2,4.5,3.0,10.0,0.6,0.01,0.06,0.55,0.16,0.2,0.35,1.5,12,10.0,14.0,0.9,1.2,0.6,0.01,0.06,0.65,0.3,0.72,0.005,0.38,0.22,0.01,0.14,1.0,0.28
pid,ground_truth,curvy,400.0,0.05,0.1,1.0,74.96267443150282,88.55677795410156,119.1455307006836,12.940242444727106,1.7977249729132048,0.8574540777347082,-0.160822971907705,0.8574540777347082,0.160822971907705,0.12714679539203644,0.025204233825206757,0.4850988984107971,0.0,14.737967417640311,298,292,5.427822589874268,RoadOption.STRAIGHT,80.87864685058594,126.27416229248047,2.600094772305072,2.8,1.2,4.5,3.0,10.0,0.6,0.01,0.06,0.55,0.16,0.2,0.35,1.5,12,10.0,14.0,0.9,1.2,0.6,0.01,0.06,0.65,0.3,0.72,0.005,0.38,0.22,0.01,0.14,1.0,0.28
pid,ground_truth,curvy,400.0,0.05,0.1,1.0,75.01267443224788,88.12982940673828,119.63033294677734,12.912268696354772,1.8189470569916217,0.9076623828587986,-0.1667264010960836,0.9076623828587986,0.1667264010960836,0.1024722009897232,-0.024674594402313232,0.509590208530426,0.0,14.731215753346394,299,293,5.626158714294434,RoadOption.STRAIGHT,80.13971710205078,126.70486450195312,2.6276547611618657,2.8,1.2,4.5,3.0,10.0,0.6,0.01,0.06,0.55,0.16,0.2,0.35,1.5,12,10.0,14.0,0.9,1.2,0.6,0.01,0.06,0.65,0.3,0.72,0.005,0.38,0.22,0.01,0.14,1.0,0.28
pid,ground_truth,curvy,400.0,0.05,0.1,1.0,75.06267443299294,87.69287872314453,120.10484313964844,12.899333197509005,1.83736669408869,0.9598957351077346,-0.1717528513374993,0.9598957351077346,0.1717528513374993,0.002472199499607086,-0.10000000149011612,0.5057956576347351,0.0,14.736699891597695,299,294,5.824965953826904,RoadOption.STRAIGHT,80.13971710205078,126.70486450195312,2.6276547611618657,2.8,1.2,4.5,3.0,10.0,0.6,0.01,0.06,0.55,0.16,0.2,0.35,1.5,12,10.0,14.0,0.9,1.2,0.6,0.01,0.06,0.65,0.3,0.72,0.005,0.38,0.22,0.01,0.14,1.0,0.28
pid,ground_truth,curvy,400.0,0.05,0.1,1.0,75.112674433738,87.2508773803711,120.57491302490234,12.909689213807736,1.8270106777899588,0.854279782725651,-0.1557291436907109,0.854279782725651,0.1557291436907109,0.1024722009897232,0.10000000149011612,0.422945499420166,0.0,14.736699891597695,300,294,5.179729461669922,RoadOption.STRAIGHT,79.38920593261719,127.11502838134766,2.6552147500186596,2.8,1.2,4.5,3.0,10.0,0.6,0.01,0.06,0.55,0.16,0.2,0.35,1.5,12,10.0,14.0,0.9,1.2,0.6,0.01,0.06,0.65,0.3,0.72,0.005,0.38,0.22,0.01,0.14,1.0,0.28
pid,ground_truth,curvy,400.0,0.05,0.1,1.0,75.16267443448305,86.80303192138672,121.03923797607422,12.892916043998994,1.8391809419572116,0.8914838364685651,-0.17056907623295903,0.8914838364685651,0.17056907623295903,0.1824377477169037,0.07996554672718048,0.48869654536247253,0.0,14.732096985956206,301,295,5.378148555755615,RoadOption.STRAIGHT,78.62767028808594,127.50433349609375,2.682774738875454,2.8,1.2,4.5,3.0,10.0,0.6,0.01,0.06,0.55,0.16,0.2,0.35,1.5,12,10.0,14.0,0.9,1.2,0.6,0.01,0.06,0.65,0.3,0.72,0.005,0.38,0.22,0.01,0.14,1.0,0.28
pid,ground_truth,curvy,400.0,0.05,0.1,1.0,75.21267443522811,86.34383392333984,121.48939514160156,12.842541316755515,1.8919182966259704,0.9346939847407785,-0.17793111875037404,0.9346939847407785,0.17793111875037404,0.125076025724411,-0.057361721992492676,0.6138865947723389,0.0,14.734459613381485,302,296,5.578445911407471,RoadOption.STRAIGHT,77.85569763183594,127.8725357055664,2.710334727732248,2.8,1.2,4.5,3.0,10.0,0.6,0.01,0.06,0.55,0.16,0.2,0.35,1.5,12,10.0,14.0,0.9,1.2,0.6,0.01,0.06,0.65,0.3,0.72,0.005,0.38,0.22,0.01,0.14,1.0,0.28
pid,ground_truth,curvy,400.0,0.05,0.1,1.0,75.26267443597317,85.87388610839844,121.92630767822266,12.83781514800938,1.9001522696309312,0.9828361437259878,-0.18079694639940858,0.9828361437259878,0.18079694639940858,0.08784452825784683,-0.03723149746656418,0.4910886287689209,0.0,14.737967417640311,303,297,5.779802322387695,RoadOption.STRAIGHT,77.07386779785156,128.21932983398438,2.7378947165890417,2.8,1.2,4.5,3.0,10.0,0.6,0.01,0.06,0.55,0.16,0.2,0.35,1.5,12,10.0,14.0,0.9,1.2,0.6,0.01,0.06,0.65,0.3,0.72,0.005,0.38,0.22,0.01,0.14,1.0,0.28
pid,ground_truth,curvy,400.0,0.05,0.1,1.0,75.31267443671823,85.39502716064453,122.35468292236328,12.862074942126466,1.8691408112199284,1.03091580052608,-0.18522631592442806,1.03091580052608,0.18522631592442806,-0.012155472300946712,-0.10000000055879354,0.37437888979911804,0.0,14.731215753346394,303,298,5.9799675941467285,RoadOption.STRAIGHT,77.07386779785156,128.21932983398438,2.7378947165890417,2.8,1.2,4.5,3.0,10.0,0.6,0.01,0.06,0.55,0.16,0.2,0.35,1.5,12,10.0,14.0,0.9,1.2,0.6,0.01,0.06,0.65,0.3,0.72,0.005,0.38,0.22,0.01,0.14,1.0,0.28
pid,ground_truth,curvy,400.0,0.05,0.1,1.0,75.36267443746328,84.91216278076172,122.77974700927734,12.865196554411934,1.8660191989344597,0.9155404360369483,-0.17053978146096815,0.9155404360369483,0.17053978146096815,0.08784452825784683,0.10000000055879354,0.4517837166786194,0.0,14.731215753346394,304,298,5.336683750152588,RoadOption.STRAIGHT,76.28278350830078,128.54441833496094,2.7654547054458356,2.8,1.2,4.5,3.0,10.0,0.6,0.01,0.06,0.55,0.16,0.2,0.35,1.5,12,10.0,14.0,0.9,1.2,0.6,0.01,0.06,0.65,0.3,0.72,0.005,0.38,0.22,0.01,0.14,1.0,0.28
pid,ground_truth,curvy,400.0,0.05,0.1,1.0,75.41267443820834,84.42434692382812,123.19818878173828,12.84604339170072,1.8906564998969753,0.9472992278643177,-0.18618984760681867,0.9472992278643177,0.18618984760681867,0.18784452974796295,0.10000000149011612,0.5349288582801819,0.0,14.736699891597695,305,299,5.536680698394775,RoadOption.STRAIGHT,75.48303985595703,128.84759521484375,2.79301469430263,2.8,1.2,4.5,3.0,10.0,0.6,0.01,0.06,0.55,0.16,0.2,0.35,1.5,12,10.0,14.0,0.9,1.2,0.6,0.01,0.06,0.65,0.3,0.72,0.005,0.38,0.22,0.01,0.14,1.0,0.28
pid,ground_truth,curvy,400.0,0.05,0.1,1.0,75.4626744389534,83.92710876464844,123.6021728515625,12.79431960479874,1.9377773811574652,0.9843378002688179,-0.19490637385464815,0.9843378002688179,0.19490637385464815,0.15024134516716003,-0.03760318458080292,0.6082494854927063,0.0,14.732096985956206,306,300,5.738703727722168,RoadOption.STRAIGHT,74.67523956298828,129.12863159179688,2.820574683159424,2.8,1.2,4.5,3.0,10.0,0.6,0.01,0.06,0.55,0.16,0.2,0.35,1.5,12,10.0,14.0,0.9,1.2,0.6,0.01,0.06,0.65,0.3,0.72,0.005,0.38,0.22,0.01,0.14,1.0,0.28
pid,ground_truth,curvy,400.0,0.05,0.1,1.0,75.51267443969846,83.4195556640625,123.99058532714844,12.7872975646174,1.9471620487640848,1.0280732417811702,-0.19685207934706028,1.0280732417811702,0.19685207934706028,0.05024135112762451,-0.09999999403953552,0.504652738571167,0.0,14.734459613381485,306,301,5.942103862762451,RoadOption.STRAIGHT,74.67523956298828,129.12863159179688,2.820574683159424,2.8,1.2,4.5,3.0,10.0,0.6,0.01,0.06,0.55,0.16,0.2,0.35,1.5,12,10.0,14.0,0.9,1.2,0.6,0.01,0.06,0.65,0.3,0.72,0.005,0.38,0.22,0.01,0.14,1.0,0.28
pid,ground_truth,curvy,400.0,0.05,0.1,1.0,75.56267444044352,82.90467834472656,124.37104034423828,12.817362272104459,1.9170973412770262,0.9149994430597999,-0.17447007459770703,0.9149994430597999,0.17447007459770703,0.11059127748012543,0.060349926352500916,0.3875802457332611,0.0,14.734459613381485,307,301,5.30191707611084,RoadOption.STRAIGHT,73.8600082397461,129.3872833251953,2.8481346720162177,2.8,1.2,4.5,3.0,10.0,0.6,0.01,0.06,0.55,0.16,0.2,0.35,1.5,12,10.0,14.0,0.9,1.2,0.6,0.01,0.06,0.65,0.3,0.72,0.005,0.38,0.22,0.01,0.14,1.0,0.28
pid,ground_truth,curvy,400.0,0.05,0.1,1.0,75.61267444118857,82.38249969482422,124.7428207397461,12.820039463286852,1.9197552374240239,0.9508941489300964,-0.18198844467110975,0.9508941489300964,0.18198844467110975,0.13339543342590332,0.022804155945777893,0.47978827357292175,0.0,14.739794700710876,308,302,5.503367900848389,RoadOption.STRAIGHT,73.0379638671875,129.62338256835938,2.8756946608730116,2.8,1.2,4.5,3.0,10.0,0.6,0.01,0.06,0.55,0.16,0.2,0.35,1.5,12,10.0,14.0,0.9,1.2,0.6,0.01,0.06,0.65,0.3,0.72,0.005,0.38,0.22,0.01,0.14,1.0,0.28
pid,ground_truth,curvy,400.0,0.05,0.1,1.0,75.66267444193363,81.85171508789062,125.10044860839844,12.794401118477863,1.9368146348685311,0.9913267999750657,-0.186572810171572,0.9913267999750657,0.186572810171572,0.10986632853746414,-0.02352910488843918,0.5238655209541321,0.0,14.731215753346394,309,303,5.7057204246521,RoadOption.STRAIGHT,72.209716796875,129.8367462158203,2.903254383413697,2.8,1.2,4.5,3.0,10.0,0.6,0.01,0.06,0.55,0.16,0.2,0.35,1.5,12,10.0,14.0,0.9,1.2,0.6,0.01,0.06,0.65,0.3,0.72,0.005,0.38,0.22,0.01,0.14,1.0,0.28
pid,ground_truth,curvy,400.0,0.05,0.1,1.0,75.71267444267869,81.3131332397461,125.44514465332031,12.792331079311658,1.947389590037707,1.0347999338547038,-0.1902146829622553,1.0347999338547038,0.1902146829622553,0.009866329841315746,-0.0999999986961484,0.5080356001853943,0.0,14.739720669349365,309,304,5.908461570739746,RoadOption.STRAIGHT,72.209716796875,129.8367462158203,2.903254383413697,2.8,1.2,4.5,3.0,10.0,0.6,0.01,0.06,0.55,0.16,0.2,0.35,1.5,12,10.0,14.0,0.9,1.2,0.6,0.01,0.06,0.65,0.3,0.72,0.005,0.38,0.22,0.01,0.14,1.0,0.28
pid,ground_truth,curvy,400.0,0.05,0.1,1.0,75.76267444342375,80.77015686035156,125.7836685180664,12.80203107660781,1.937689592741556,0.9193943417959298,-0.17285060633882976,0.9193943417959298,0.17285060633882976,0.10986632853746414,0.0999999986961484,0.44913172721862793,0.0,14.739720669349365,310,304,5.268610954284668,RoadOption.STRAIGHT,71.37590789794922,130.02720642089844,2.9308143722704907,2.8,1.2,4.5,3.0,10.0,0.6,0.01,0.06,0.55,0.16,0.2,0.35,1.5,12,10.0,14.0,0.9,1.2,0.6,0.01,0.06,0.65,0.3,0.72,0.005,0.38,0.22,0.01,0.14,1.0,0.28
pid,ground_truth,curvy,400.0,0.05,0.1,1.0,75.8126744441688,80.22225952148438,126.11465454101562,12.797491738083115,1.9350262706894856,0.9498443031296546,-0.18621514763717473,0.9498443031296546,0.18621514763717473,0.1848497986793518,0.07498347014188766,0.46824848651885986,0.0,14.732518008772601,311,305,5.4707560539245605,RoadOption.STRAIGHT,70.53717041015625,130.19459533691406,2.958374361127285,2.8,1.2,4.5,3.0,10.0,0.6,0.01,0.06,0.55,0.16,0.2,0.35,1.5,12,10.0,14.0,0.9,1.2,0.6,0.01,0.06,0.65,0.3,0.72,0.005,0.38,0.22,0.01,0.14,1.0,0.28
pid,ground_truth,curvy,400.0,0.05,0.1,1.0,75.86267444491386,79.6664810180664,126.42860412597656,12.750453009569826,1.9840066038116593,0.9871959232221854,-0.19241232349378912,0.9871959232221854,0.19241232349378912,0.12871100008487701,-0.05613879859447479,0.6236264109611511,0.0,14.734459613381485,312,306,5.674737453460693,RoadOption.STRAIGHT,69.69412994384766,130.3388214111328,2.985934349984079,2.8,1.2,4.5,3.0,10.0,0.6,0.01,0.06,0.55,0.16,0.2,0.35,1.5,12,10.0,14.0,0.9,1.2,0.6,0.01,0.06,0.65,0.3,0.72,0.005,0.38,0.22,0.01,0.14,1.0,0.28
pid,ground_truth,curvy,400.0,0.05,0.1,1.0,75.91267444565892,79.10342407226562,126.72676849365234,12.749717176142266,1.9900775245686102,1.0300440881604673,-0.1942933141717118,1.0300440881604673,0.1942933141717118,0.028711004182696342,-0.09999999590218067,0.5048156380653381,0.0,14.739794700710876,312,307,5.879775047302246,RoadOption.STRAIGHT,69.69412994384766,130.3388214111328,2.985934349984079,2.8,1.2,4.5,3.0,10.0,0.6,0.01,0.06,0.55,0.16,0.2,0.35,1.5,12,10.0,14.0,0.9,1.2,0.6,0.01,0.06,0.65,0.3,0.72,0.005,0.38,0.22,0.01,0.14,1.0,0.28
pid,ground_truth,curvy,400.0,0.05,0.1,1.0,75.96267444640398,78.53530883789062,127.01766204833984,12.77676562074585,1.9630290799650254,0.9159217687242704,-0.17411214574720058,0.9159217687242704,0.17411214574720058,0.12871100008487701,0.09999999590218067,0.40613076090812683,0.0,14.739794700710876,313,307,5.24152135848999,RoadOption.STRAIGHT,68.84744262695312,130.4597625732422,3.013494338840873,2.8,1.2,4.5,3.0,10.0,0.6,0.01,0.06,0.55,0.16,0.2,0.35,1.5,12,10.0,14.0,0.9,1.2,0.6,0.01,0.06,0.65,0.3,0.72,0.005,0.38,0.22,0.01,0.14,1.0,0.28
pid,ground_truth,curvy,400.0,0.05,0.1,1.0,76.01267444714904,77.9619140625,127.29950714111328,12.773720244981769,1.9609297238626748,0.948312291847812,-0.18410459247328648,0.948312291847812,0.18410459247328648,0.1562757045030594,0.027564704418182373,0.4755263328552246,0.0,14.734649968844444,314,308,5.444785118103027,RoadOption.STRAIGHT,67.99774169921875,130.55731201171875,3.0410543276976667,2.8,1.2,4.5,3.0,10.0,0.6,0.01,0.06,0.55,0.16,0.2,0.35,1.5,12,10.0,14.0,0.9,1.2,0.6,0.01,0.06,0.65,0.3,0.72,0.005,0.38,0.22,0.01,0.14,1.0,0.28
pid,ground_truth,curvy,400.0,0.05,0.1,1.0,76.0626744478941,77.38191223144531,127.56390380859375,12.739827591571192,1.9998930777781734,0.9874985613468907,-0.18836724811406746,0.9874985613468907,0.18836724811406746,0.10963427275419235,-0.046641431748867035,0.5990738868713379,0.0,14.739720669349365,315,309,5.649550914764404,RoadOption.STRAIGHT,67.14567565917969,130.63143920898438,3.068614316554461,2.8,1.2,4.5,3.0,10.0,0.6,0.01,0.06,0.55,0.16,0.2,0.35,1.5,12,10.0,14.0,0.9,1.2,0.6,0.01,0.06,0.65,0.3,0.72,0.005,0.38,0.22,0.01,0.14,1.0,0.28
pid,ground_truth,curvy,400.0,0.05,0.1,1.0,76.11267444863915,76.79621124267578,127.81403350830078,12.745994069563611,1.9865239392089897,1.0301504129212549,-0.19118860097289758,1.0301504129212549,0.19118860097289758,0.009634272195398808,-0.10000000055879354,0.4496016800403595,0.0,14.732518008772601,315,310,5.854726791381836,RoadOption.STRAIGHT,67.14567565917969,130.63143920898438,3.068614316554461,2.8,1.2,4.5,3.0,10.0,0.6,0.01,0.06,0.55,0.16,0.2,0.35,1.5,12,10.0,14.0,0.9,1.2,0.6,0.01,0.06,0.65,0.3,0.72,0.005,0.38,0.22,0.01,0.14,1.0,0.28
pid,ground_truth,curvy,400.0,0.05,0.1,1.0,76.16267444938421,76.206787109375,128.05787658691406,12.7643780612478,1.9681399475248007,0.9150238954088334,-0.17345967128013084,0.9150238954088334,0.17345967128013084,0.10963427275419235,0.10000000055879354,0.4315156042575836,0.0,14.732518008772601,316,310,5.216862678527832,RoadOption.STRAIGHT,66.2918930053711,130.68203735351562,3.096174305411255,2.8,1.2,4.5,3.0,10.0,0.6,0.01,0.06,0.55,0.16,0.2,0.35,1.5,12,10.0,14.0,0.9,1.2,0.6,0.01,0.06,0.65,0.3,0.72,0.005,0.38,0.22,0.01,0.14,1.0,0.28
pid,ground_truth,curvy,400.0,0.05,0.1,1.0,76.21267445012927,75.61376953125,128.2936248779297,12.757886464194693,1.9818496606705285,0.9442221714997346,-0.18668093451182965,0.9442221714997346,0.18668093451182965,0.18518275022506714,0.07554847747087479,0.5243940949440002,0.0,14.739736124865221,317,311,5.420844078063965,RoadOption.STRAIGHT,65.4370346069336,130.70909118652344,3.123734294268049,2.8,1.2,4.5,3.0,10.0,0.6,0.01,0.06,0.55,0.16,0.2,0.35,1.5,12,10.0,14.0,0.9,1.2,0.6,0.01,0.06,0.65,0.3,0.72,0.005,0.38,0.22,0.01,0.14,1.0,0.28
pid,ground_truth,curvy,400.0,0.05,0.1,1.0,76.26267445087433,75.01583099365234,128.51132202148438,12.712067038964852,2.027727661746024,0.9803784972947643,-0.19281739029558986,0.9803784972947643,0.19281739029558986,0.13299286365509033,-0.05218988656997681,0.6245585083961487,0.0,14.739794700710876,318,312,5.626745223999023,RoadOption.STRAIGHT,64.56018829345703,130.71270751953125,3.1471855581950687,2.8,1.2,4.5,3.0,10.0,0.6,0.01,0.06,0.55,0.16,0.2,0.35,1.5,12,10.0,14.0,0.9,1.2,0.6,0.01,0.06,0.65,0.3,0.72,0.005,0.38,0.22,0.01,0.14,1.0,0.28
pid,ground_truth,curvy,400.0,0.05,0.1,1.0,76.31267445161939,74.41293334960938,128.7120819091797,12.719233126026714,2.0154168428177304,1.0223794436388776,-0.19439637850589797,1.0223794436388776,0.19439637850589797,0.03299286961555481,-0.09999999403953552,0.4589214026927948,0.0,14.734649968844444,318,313,5.833445072174072,RoadOption.STRAIGHT,64.56018829345703,130.71270751953125,3.1471855581950687,2.8,1.2,4.5,3.0,10.0,0.6,0.01,0.06,0.55,0.16,0.2,0.35,1.5,12,10.0,14.0,0.9,1.2,0.6,0.01,0.06,0.65,0.3,0.72,0.005,0.38,0.22,0.01,0.14,1.0,0.28
pid,ground_truth,curvy,400.0,0.05,0.1,1.0,76.36267445236444,73.8057861328125,128.904541015625,12.75134924400869,1.983300724835754,0.909059234045177,-0.17363251043487704,0.909059234045177,0.17363251043487704,0.13299286365509033,0.09999999403953552,0.3964010179042816,0.0,14.734649968844444,319,313,5.196526527404785,RoadOption.STRAIGHT,63.56019973754883,130.7071075439453,3.1471855581950687,2.8,1.2,4.5,3.0,10.0,0.6,0.01,0.06,0.55,0.16,0.2,0.35,1.5,12,10.0,14.0,0.9,1.2,0.6,0.01,0.06,0.65,0.3,0.72,0.005,0.38,0.22,0.01,0.14,1.0,0.28
pid,ground_truth,curvy,400.0,0.05,0.1,1.0,76.4126744531095,73.19487762451172,129.08682250976562,12.744732103856366,2.0036139353147178,0.9414324024411209,-0.18291602367878435,0.9414324024411209,0.18291602367878435,0.13539721071720123,0.002404347062110901,0.5476720333099365,0.0,14.748346039171084,320,314,5.401163578033447,RoadOption.STRAIGHT,62.56021499633789,130.70152282714844,3.1471855581950687,2.8,1.2,4.5,3.0,10.0,0.6,0.01,0.06,0.55,0.16,0.2,0.35,1.5,12,10.0,14.0,0.9,1.2,0.6,0.01,0.06,0.65,0.3,0.72,0.005,0.38,0.22,0.01,0.14,1.0,0.28
pid,ground_truth,curvy,400.0,0.05,0.1,1.0,76.46267445385456,72.58039855957031,129.25201416015625,12.72187332497695,2.0107477271559926,0.9794883016122844,-0.1878234306194737,0.9794883016122844,0.1878234306194737,0.03539721667766571,-0.09999999403953552,0.5123391151428223,0.0,14.732621052132943,320,315,5.607051849365234,RoadOption.STRAIGHT,62.56021499633789,130.70152282714844,3.1471855581950687,2.8,1.2,4.5,3.0,10.0,0.6,0.01,0.06,0.55,0.16,0.2,0.35,1.5,12,10.0,14.0,0.9,1.2,0.6,0.01,0.06,0.65,0.3,0.72,0.005,0.38,0.22,0.01,0.14,1.0,0.28
pid,ground_truth,curvy,400.0,0.05,0.1,1.0,76.51267445459962,71.963134765625,129.40748596191406,12.740562386671906,1.9920586654610375,0.869437235372458,-0.1684454715797301,0.869437235372458,0.1684454715797301,0.09346414357423782,0.05806692689657211,0.4359235465526581,0.0,14.732621052132943,321,315,4.970510959625244,RoadOption.STRAIGHT,61.56023025512695,130.6959228515625,3.1471855581950687,2.8,1.2,4.5,3.0,10.0,0.6,0.01,0.06,0.55,0.16,0.2,0.35,1.5,12,10.0,14.0,0.9,1.2,0.6,0.01,0.06,0.65,0.3,0.72,0.005,0.38,0.22,0.01,0.14,1.0,0.28
pid,ground_truth,curvy,400.0,0.05,0.1,1.0,76.56267445534468,71.34325408935547,129.55331420898438,12.733887995844512,2.005848129020709,0.89821355723927,-0.17923766558116716,0.89821355723927,0.17923766558116716,0.09707039594650269,0.003606252372264862,0.5298970937728882,0.0,14.739736124865221,322,316,5.175931453704834,RoadOption.STRAIGHT,60.560245513916016,130.69033813476562,3.1471855581950687,2.8,1.2,4.5,3.0,10.0,0.6,0.01,0.06,0.55,0.16,0.2,0.35,1.5,12,10.0,14.0,0.9,1.2,0.6,0.01,0.06,0.65,0.3,0.72,0.005,0.38,0.22,0.01,0.14,1.0,0.28
pid,ground_truth,curvy,400.0,0.05,0.1,1.0,76.61267445608974,70.72077178955078,129.6858673095703,12.730210094137266,2.114387094783515,0.9287068557553309,-0.18831718068557413,0.9287068557553309,0.18831718068557413,-0.0029296029824763536,-0.09999999892897904,0.819074273109436,0.0,14.844597188920782,322,317,5.38190221786499,RoadOption.STRAIGHT,60.560245513916016,130.69033813476562,3.1471855581950687,2.8,1.2,4.5,3.0,10.0,0.6,0.01,0.06,0.55,0.16,0.2,0.35,1.5,12,10.0,14.0,0.9,1.2,0.6,0.01,0.06,0.65,0.3,0.72,0.005,0.38,0.22,0.01,0.14,1.0,0.28
pid,ground_truth,curvy,400.0,0.05,0.1,1.0,76.6626744568348,70.09645080566406,129.8125457763672,12.754530109493706,2.090067079427076,0.8131973444780273,-0.17506395952079457,0.8131973444780273,0.17506395952079457,0.09707039594650269,0.09999999892897904,0.441718727350235,0.0,14.844597188920782,323,317,4.744887351989746,RoadOption.STRAIGHT,59.56026077270508,130.6847381591797,3.1471855581950687,2.8,1.2,4.5,3.0,10.0,0.6,0.01,0.06,0.55,0.16,0.2,0.35,1.5,12,10.0,14.0,0.9,1.2,0.6,0.01,0.06,0.65,0.3,0.72,0.005,0.38,0.22,0.01,0.14,1.0,0.28
pid,ground_truth,curvy,400.0,0.05,0.1,1.0,76.71267445757985,69.46842956542969,129.93121337890625,12.799762911872843,2.169834277047938,0.8089330999595887,-0.1864316626337983,0.8089330999595887,0.1864316626337983,0.09678637981414795,-0.00028401613235473633,0.7507116794586182,0.0,14.969597188920782,324,318,4.970067501068115,RoadOption.STRAIGHT,58.56027603149414,130.6791534423828,3.1471855581950687,2.8,1.2,4.5,3.0,10.0,0.6,0.01,0.06,0.55,0.16,0.2,0.35,1.5,12,10.0,14.0,0.9,1.2,0.6,0.01,0.06,0.65,0.3,0.72,0.005,0.38,0.22,0.01,0.14,1.0,0.28
pid,ground_truth,curvy,400.0,0.05,0.1,1.0,76.76267445832491,68.8363037109375,130.03701782226562,12.835505302360277,2.2590918865605047,0.6995878336779155,-0.17026307902370919,0.6995878336779155,0.17026307902370919,-0.0029618083499372005,-0.09974818816408515,0.7969215512275696,0.0,15.094597188920782,324,319,5.318486213684082,RoadOption.STRAIGHT,58.56027603149414,130.6791534423828,3.1471855581950687,2.8,1.2,4.5,3.0,10.0,0.6,0.01,0.06,0.55,0.16,0.2,0.35,1.5,12,10.0,14.0,0.9,1.2,0.6,0.01,0.06,0.65,0.3,0.72,0.005,0.38,0.22,0.01,0.14,1.0,0.28
pid,ground_truth,curvy,400.0,0.05,0.1,1.0,76.81267445906997,68.20006561279297,130.1379852294922,12.92253423169117,2.2970629572296115,0.5950636051692394,-0.15813024972952627,0.5950636051692394,0.15813024972952627,0.07375562936067581,0.07671743771061301,0.661672830581665,0.0,15.219597188920782,325,319,4.67464017868042,RoadOption.STRAIGHT,57.560298919677734,130.67355346679688,3.1471855581950687,2.8,1.2,4.5,3.0,10.0,0.6,0.01,0.06,0.55,0.16,0.2,0.35,1.5,12,10.0,14.0,0.9,1.2,0.6,0.01,0.06,0.65,0.3,0.72,0.005,0.38,0.22,0.01,0.14,1.0,0.28
pid,ground_truth,curvy,400.0,0.05,0.1,1.0,76.86267445981503,67.55794525146484,130.2327117919922,13.020967299568811,2.3236298893519702,0.49675538566950894,-0.14741342318693818,0.49675538566950894,0.14741342318693818,0.03654954954981804,-0.03720607981085777,0.6355859637260437,0.0,15.344597188920782,325,320,5.0196709632873535,RoadOption.STRAIGHT,57.560298919677734,130.67355346679688,3.1471855581950687,2.8,1.2,4.5,3.0,10.0,0.6,0.01,0.06,0.55,0.16,0.2,0.35,1.5,12,10.0,14.0,0.9,1.2,0.6,0.01,0.06,0.65,0.3,0.72,0.005,0.38,0.22,0.01,0.14,1.0,0.28
pid,ground_truth,curvy,400.0,0.05,0.1,1.0,76.91267446056008,66.90953826904297,130.32054138183594,13.12921339455497,2.3403837943658115,0.40530071001080115,-0.13671284192699984,0.40530071001080115,0.13671284192699984,0.06905309110879898,0.03250354155898094,0.6117953658103943,0.0,15.469597188920782,326,320,4.365977764129639,RoadOption.STRAIGHT,56.5603141784668,130.66796875,3.1471855581950687,2.8,1.2,4.5,3.0,10.0,0.6,0.01,0.06,0.55,0.16,0.2,0.35,1.5,12,10.0,14.0,0.9,1.2,0.6,0.01,0.06,0.65,0.3,0.72,0.005,0.38,0.22,0.01,0.14,1.0,0.28
pid,ground_truth,curvy,400.0,0.05,0.1,1.0,76.96267446130514,66.25526428222656,130.40065002441406,13.219476877223924,2.3751203116968576,0.32152694954102284,-0.1250798879694246,0.32152694954102284,0.1250798879694246,0.04936489835381508,-0.019688192754983902,0.6697887182235718,0.0,15.594597188920782,327,321,4.704310417175293,RoadOption.STRAIGHT,55.56032943725586,130.66236877441406,3.1471855581950687,2.8,1.2,4.5,3.0,10.0,0.6,0.01,0.06,0.55,0.16,0.2,0.35,1.5,12,10.0,14.0,0.9,1.2,0.6,0.01,0.06,0.65,0.3,0.72,0.005,0.38,0.22,0.01,0.14,1.0,0.28
pid,ground_truth,curvy,400.0,0.05,0.1,1.0,77.0126744620502,65.59545135498047,130.47337341308594,13.315456541667707,2.404140647253074,0.24512260741675482,-0.11307382514312936,0.24512260741675482,0.11307382514312936,0.015667999163269997,-0.03369689919054508,0.6601678729057312,0.0,15.719597188920782,327,322,5.0398783683776855,RoadOption.STRAIGHT,55.56032943725586,130.66236877441406,3.1471855581950687,2.8,1.2,4.5,3.0,10.0,0.6,0.01,0.06,0.55,0.16,0.2,0.35,1.5,12,10.0,14.0,0.9,1.2,0.6,0.01,0.06,0.65,0.3,0.72,0.005,0.38,0.22,0.01,0.14,1.0,0.28
pid,ground_truth,curvy,400.0,0.05,0.1,1.0,77.06267446279526,64.93023681640625,130.542236328125,13.415594392856343,2.429002796064438,0.17254030735106501,-0.10406914486535346,0.17254030735106501,0.10406914486535346,0.053934745490550995,0.038266746327281,0.653994619846344,0.0,15.844597188920782,328,322,4.372500896453857,RoadOption.STRAIGHT,54.56034469604492,130.6567840576172,3.1471855581950687,2.8,1.2,4.5,3.0,10.0,0.6,0.01,0.06,0.55,0.16,0.2,0.35,1.5,12,10.0,14.0,0.9,1.2,0.6,0.01,0.06,0.65,0.3,0.72,0.005,0.38,0.22,0.01,0.14,1.0,0.28
pid,ground_truth,curvy,400.0,0.05,0.1,1.0,77.11267446354032,64.25955200195312,130.60511779785156,13.510712760621075,2.458884428299706,0.10590166658059968,-0.09522611846574547,0.10590166658059968,0.09522611846574547,0.04569772630929947,-0.008237019181251526,0.6746231317520142,0.0,15.969597188920782,329,323,4.699965953826904,RoadOption.STRAIGHT,53.560359954833984,130.65118408203125,3.1471855581950687,2.8,1.2,4.5,3.0,10.0,0.6,0.01,0.06,0.55,0.16,0.2,0.35,1.5,12,10.0,14.0,0.9,1.2,0.6,0.01,0.06,0.65,0.3,0.72,0.005,0.38,0.22,0.01,0.14,1.0,0.28
pid,ground_truth,curvy,400.0,0.05,0.1,1.0,77.16267446428537,63.58340072631836,130.66099548339844,13.609238666352839,2.4853585225679407,0.046251385762770866,-0.08531276762403461,0.046251385762770866,0.08531276762403461,0.02316184528172016,-0.022535881027579308,0.6709063649177551,0.0,16.09459718892078,329,324,5.023158073425293,RoadOption.STRAIGHT,53.560359954833984,130.65118408203125,3.1471855581950687,2.8,1.2,4.5,3.0,10.0,0.6,0.01,0.06,0.55,0.16,0.2,0.35,1.5,12,10.0,14.0,0.9,1.2,0.6,0.01,0.06,0.65,0.3,0.72,0.005,0.38,0.22,0.01,0.14,1.0,0.28
pid,ground_truth,curvy,400.0,0.05,0.1,1.0,77.21267446503043,62.90174102783203,130.7123260498047,13.713702772274607,2.505894416646173,-0.008890815611521614,-0.07683965429983841,0.008890815611521614,0.07683965429983841,0.033386342227458954,0.010224496945738792,0.6587972640991211,0.0,16.21959718892078,330,324,4.341592311859131,RoadOption.STRAIGHT,52.56037521362305,130.6455841064453,3.1471855581950687,2.8,1.2,4.5,3.0,10.0,0.6,0.01,0.06,0.55,0.16,0.2,0.35,1.5,12,10.0,14.0,0.9,1.2,0.6,0.01,0.06,0.65,0.3,0.72,0.005,0.38,0.22,0.01,0.14,1.0,0.28
pid,ground_truth,curvy,400.0,0.05,0.1,1.0,77.26267446577549,62.21459197998047,130.75885009765625,13.815002287864841,2.5295949010559386,-0.0592644154181404,-0.06914897770390738,0.0592644154181404,0.06914897770390738,0.03129247948527336,-0.0020938627421855927,0.6728722453117371,0.0,16.34459718892078,331,325,4.655074596405029,RoadOption.STRAIGHT,51.56039047241211,130.63999938964844,3.1471855581950687,2.8,1.2,4.5,3.0,10.0,0.6,0.01,0.06,0.55,0.16,0.2,0.35,1.5,12,10.0,14.0,0.9,1.2,0.6,0.01,0.06,0.65,0.3,0.72,0.005,0.38,0.22,0.01,0.14,1.0,0.28
pid,ground_truth,curvy,400.0,0.05,0.1,1.0,77.31267446652055,61.52204895019531,130.8002166748047,13.916570504608192,2.553026684312588,-0.10449549183422029,-0.061588796001390556,0.10449549183422029,0.061588796001390556,0.024143826216459274,-0.007148653268814087,0.6772748827934265,0.0,16.46959718892078,332,326,4.963497638702393,RoadOption.STRAIGHT,50.56040573120117,130.6343994140625,3.1471855581950687,2.8,1.2,4.5,3.0,10.0,0.6,0.01,0.06,0.55,0.16,0.2,0.35,1.5,12,10.0,14.0,0.9,1.2,0.6,0.01,0.06,0.65,0.3,0.72,0.005,0.38,0.22,0.01,0.14,1.0,0.28
pid,ground_truth,curvy,400.0,0.05,0.1,1.0,77.3626744672656,60.824100494384766,130.83721923828125,14.020050098814453,2.5745470901063268,-0.14540811325760059,-0.054684550875360394,0.14540811325760059,0.054684550875360394,0.03251393511891365,0.008370108902454376,0.676657497882843,0.0,16.59459718892078,332,327,5.266674518585205,RoadOption.STRAIGHT,50.56040573120117,130.6343994140625,3.1471855581950687,2.8,1.2,4.5,3.0,10.0,0.6,0.01,0.06,0.55,0.16,0.2,0.35,1.5,12,10.0,14.0,0.9,1.2,0.6,0.01,0.06,0.65,0.3,0.72,0.005,0.38,0.22,0.01,0.14,1.0,0.28
pid,ground_truth,curvy,400.0,0.05,0.1,1.0,77.41267446801066,60.12075424194336,130.86936950683594,14.123141250251605,2.596455938669175,-0.18149160696013536,-0.047751010977338915,0.18149160696013536,0.047751010977338915,0.01718241162598133,-0.01533152349293232,0.6825650930404663,0.0,16.71959718892078,333,327,4.565120697021484,RoadOption.STRAIGHT,49.560420989990234,130.62881469726562,3.1471855581950687,2.8,1.2,4.5,3.0,10.0,0.6,0.01,0.06,0.55,0.16,0.2,0.35,1.5,12,10.0,14.0,0.9,1.2,0.6,0.01,0.06,0.65,0.3,0.72,0.005,0.38,0.22,0.01,0.14,1.0,0.28
pid,ground_truth,curvy,400.0,0.05,0.1,1.0,77.46267446875572,59.411991119384766,130.89764404296875,14.229034895378339,2.6155622935424407,-0.21372156408200954,-0.04160896255528934,0.21372156408200954,0.04160896255528934,0.01671515218913555,-0.0004672594368457794,0.6789215207099915,0.0,16.84459718892078,334,328,4.857622146606445,RoadOption.STRAIGHT,48.5604362487793,130.6232147216797,3.1471855581950687,2.8,1.2,4.5,3.0,10.0,0.6,0.01,0.06,0.55,0.16,0.2,0.35,1.5,12,10.0,14.0,0.9,1.2,0.6,0.01,0.06,0.65,0.3,0.72,0.005,0.38,0.22,0.01,0.14,1.0,0.28
pid,ground_truth,curvy,400.0,0.05,0.1,1.0,77.51267446950078,58.69779586791992,130.9226531982422,14.33510487304766,2.6344923158731195,-0.24273183118667885,-0.03649595957844598,0.24273183118667885,0.03649595957844598,0.037100695073604584,0.020385542884469032,0.6825923919677734,0.0,16.96959718892078,334,329,5.144603729248047,RoadOption.STRAIGHT,48.5604362487793,130.6232147216797,3.1471855581950687,2.8,1.2,4.5,3.0,10.0,0.6,0.01,0.06,0.55,0.16,0.2,0.35,1.5,12,10.0,14.0,0.9,1.2,0.6,0.01,0.06,0.65,0.3,0.72,0.005,0.38,0.22,0.01,0.14,1.0,0.28
pid,ground_truth,curvy,400.0,0.05,0.1,1.0,77.56267447024584,57.978240966796875,130.94264221191406,14.438138700121655,2.6564584887991245,-0.2667449131647123,-0.03039625541772839,0.2667449131647123,0.03039625541772839,0.00673313345760107,-0.030367561616003513,0.6959261298179626,0.0,17.09459718892078,335,329,4.42748498916626,RoadOption.STRAIGHT,47.56045150756836,130.6176300048828,3.1471855581950687,2.8,1.2,4.5,3.0,10.0,0.6,0.01,0.06,0.55,0.16,0.2,0.35,1.5,12,10.0,14.0,0.9,1.2,0.6,0.01,0.06,0.65,0.3,0.72,0.005,0.38,0.22,0.01,0.14,1.0,0.28
pid,ground_truth,curvy,400.0,0.05,0.1,1.0,77.6126744709909,57.25328826904297,130.95956420898438,14.546446209388147,2.6731509795326325,-0.2877283136086579,-0.025256887146093643,0.2877283136086579,0.025256887146093643,0.008557953871786594,0.001824820414185524,0.6848322153091431,0.0,17.21959718892078,336,330,4.703404903411865,RoadOption.STRAIGHT,46.56046676635742,130.61203002929688,3.1471855581950687,2.8,1.2,4.5,3.0,10.0,0.6,0.01,0.06,0.55,0.16,0.2,0.35,1.5,12,10.0,14.0,0.9,1.2,0.6,0.01,0.06,0.65,0.3,0.72,0.005,0.38,0.22,0.01,0.14,1.0,0.28
pid,ground_truth,curvy,400.0,0.05,0.1,1.0,77.66267447173595,56.52284622192383,130.974365234375,14.655385260813022,2.689211928107758,-0.3066062182423178,-0.021668011261102738,0.3066062182423178,0.021668011261102738,0.01666383445262909,0.008105880580842495,0.6865972876548767,0.0,17.34459718892078,337,331,4.973707675933838,RoadOption.STRAIGHT,45.560482025146484,130.6064453125,3.1471855581950687,2.8,1.2,4.5,3.0,10.0,0.6,0.01,0.06,0.55,0.16,0.2,0.35,1.5,12,10.0,14.0,0.9,1.2,0.6,0.01,0.06,0.65,0.3,0.72,0.005,0.38,0.22,0.01,0.14,1.0,0.28
pid,ground_truth,curvy,400.0,0.05,0.1,1.0,77.71267447248101,55.78694152832031,130.98611450195312,14.762898067638245,2.7066991212825346,-0.32247822324554337,-0.01817021548539266,0.32247822324554337,0.01817021548539266,0.03639783710241318,0.019734002649784088,0.6944379210472107,0.0,17.46959718892078,337,332,5.238356590270996,RoadOption.STRAIGHT,45.560482025146484,130.6064453125,3.1471855581950687,2.8,1.2,4.5,3.0,10.0,0.6,0.01,0.06,0.55,0.16,0.2,0.35,1.5,12,10.0,14.0,0.9,1.2,0.6,0.01,0.06,0.65,0.3,0.72,0.005,0.38,0.22,0.01,0.14,1.0,0.28
pid,ground_truth,curvy,400.0,0.05,0.1,1.0,77.76267447322607,55.04569625854492,130.99307250976562,14.867954189130277,2.726642999790503,-0.33358181470266807,-0.012913934441903585,0.33358181470266807,0.012913934441903585,-0.005475189536809921,-0.0418730266392231,0.7057043313980103,0.0,17.59459718892078,338,332,4.499608993530273,RoadOption.STRAIGHT,44.56049728393555,130.60084533691406,3.1471855581950687,2.8,1.2,4.5,3.0,10.0,0.6,0.01,0.06,0.55,0.16,0.2,0.35,1.5,12,10.0,14.0,0.9,1.2,0.6,0.01,0.06,0.65,0.3,0.72,0.005,0.38,0.22,0.01,0.14,1.0,0.28
pid,ground_truth,curvy,400.0,0.05,0.1,1.0,77.81267447397113,54.29902267456055,130.9982147216797,14.97820289333627,2.7413942955845094,-0.34289183789002714,-0.009110141456943222,0.34289183789002714,0.009110141456943222,0.0016502774087712169,0.007125466945581138,0.6944103837013245,0.0,17.71959718892078,339,333,4.752978324890137,RoadOption.STRAIGHT,43.56051254272461,130.5952606201172,3.1471855581950687,2.8,1.2,4.5,3.0,10.0,0.6,0.01,0.06,0.55,0.16,0.2,0.35,1.5,12,10.0,14.0,0.9,1.2,0.6,0.01,0.06,0.65,0.3,0.72,0.005,0.38,0.22,0.01,0.14,1.0,0.28
pid,ground_truth,curvy,400.0,0.05,0.1,1.0,77.86267447471619,53.54676055908203,131.0023956298828,15.089874878434342,2.7547223104864376,-0.35128708691246946,-0.007210774967498779,0.35128708691246946,0.007210774967498779,0.014230291359126568,0.012580013950355351,0.6933573484420776,0.0,17.84459718892078,340,334,5.000720977783203,RoadOption.STRAIGHT,42.56052780151367,130.58966064453125,3.1471855581950687,2.8,1.2,4.5,3.0,10.0,0.6,0.01,0.06,0.55,0.16,0.2,0.35,1.5,12,10.0,14.0,0.9,1.2,0.6,0.01,0.06,0.65,0.3,0.72,0.005,0.38,0.22,0.01,0.14,1.0,0.28
pid,ground_truth,curvy,400.0,0.05,0.1,1.0,77.91267447546124,52.78897476196289,131.0040740966797,15.199706338605283,2.7698908503154964,-0.35719556838048566,-0.0050410976274113395,0.35719556838048566,0.0050410976274113395,0.034758154302835464,0.020527862943708897,0.7018479108810425,0.0,17.96959718892078,340,335,5.242785453796387,RoadOption.STRAIGHT,42.56052780151367,130.58966064453125,3.1471855581950687,2.8,1.2,4.5,3.0,10.0,0.6,0.01,0.06,0.55,0.16,0.2,0.35,1.5,12,10.0,14.0,0.9,1.2,0.6,0.01,0.06,0.65,0.3,0.72,0.005,0.38,0.22,0.01,0.14,1.0,0.28
pid,ground_truth,curvy,400.0,0.05,0.1,1.0,77.9626744762063,52.02580261230469,131.0013427734375,15.306736213997404,2.787860974923376,-0.3587326146346129,-0.0006729808074634747,0.3587326146346129,0.0006729808074634747,-0.012818050570786,-0.047576204873621464,0.7136457562446594,0.0,18.09459718892078,341,335,4.481807231903076,RoadOption.STRAIGHT,41.560543060302734,130.58407592773438,3.1471855581950687,2.8,1.2,4.5,3.0,10.0,0.6,0.01,0.06,0.55,0.16,0.2,0.35,1.5,12,10.0,14.0,0.9,1.2,0.6,0.01,0.06,0.65,0.3,0.72,0.005,0.38,0.22,0.01,0.14,1.0,0.28
pid,ground_truth,curvy,400.0,0.05,0.1,1.0,78.01267447695136,51.25715255737305,130.99766540527344,15.41797956122036,2.80161762770042,-0.3593613658994721,0.0020972393584370863,0.3593613658994721,0.0020972393584370863,-0.003458283608779311,0.009359766962006688,0.7048745155334473,0.0,18.21959718892078,342,336,4.712491035461426,RoadOption.STRAIGHT,40.5605583190918,130.57847595214844,3.1471855581950687,2.8,1.2,4.5,3.0,10.0,0.6,0.01,0.06,0.55,0.16,0.2,0.35,1.5,12,10.0,14.0,0.9,1.2,0.6,0.01,0.06,0.65,0.3,0.72,0.005,0.38,0.22,0.01,0.14,1.0,0.28
pid,ground_truth,curvy,400.0,0.05,0.1,1.0,78.06267447769642,50.48285675048828,130.99386596679688,15.531658332231352,2.812938856689428,-0.35988436619810943,0.0027798075458242977,0.35988436619810943,0.0027798075458242977,0.011719726957380772,0.015178010566160083,0.7005459666252136,0.0,18.34459718892078,343,337,4.937597751617432,RoadOption.STRAIGHT,39.560577392578125,130.57289123535156,3.1471855581950687,2.8,1.2,4.5,3.0,10.0,0.6,0.01,0.06,0.55,0.16,0.2,0.35,1.5,12,10.0,14.0,0.9,1.2,0.6,0.01,0.06,0.65,0.3,0.72,0.005,0.38,0.22,0.01,0.14,1.0,0.28
pid,ground_truth,curvy,400.0,0.05,0.1,1.0,78.11267447844148,49.70293045043945,130.98812866210938,15.643686014370433,2.825911174550347,-0.3585162797919052,0.003906857319146084,0.3585162797919052,0.003906857319146084,0.03235146030783653,0.02063173335045576,0.708022952079773,0.0,18.46959718892078,343,338,5.156996250152588,RoadOption.STRAIGHT,39.560577392578125,130.57289123535156,3.1471855581950687,2.8,1.2,4.5,3.0,10.0,0.6,0.01,0.06,0.55,0.16,0.2,0.35,1.5,12,10.0,14.0,0.9,1.2,0.6,0.01,0.06,0.65,0.3,0.72,0.005,0.38,0.22,0.01,0.14,1.0,0.28
pid,ground_truth,curvy,400.0,0.05,0.1,1.0,78.16267447918653,48.91754913330078,130.9784393310547,15.75267826017459,2.841918928746189,-0.3532196401660176,0.007456052103893995,0.3532196401660176,0.007456052103893995,-0.017143310979008675,-0.04949477128684521,0.7200438976287842,0.0,18.59459718892078,344,338,4.373383045196533,RoadOption.STRAIGHT,38.56059265136719,130.56729125976562,3.1471855581950687,2.8,1.2,4.5,3.0,10.0,0.6,0.01,0.06,0.55,0.16,0.2,0.35,1.5,12,10.0,14.0,0.9,1.2,0.6,0.01,0.06,0.65,0.3,0.72,0.005,0.38,0.22,0.01,0.14,1.0,0.28
pid,ground_truth,curvy,400.0,0.05,0.1,1.0,78.2126744799316,48.12662887573242,130.96839904785156,15.86469820063875,2.854898988282029,-0.3475948718285152,0.009412410240667413,0.3475948718285152,0.009412410240667413,-0.00703429477289319,0.010109016206115484,0.7144219279289246,0.0,18.71959718892078,345,339,4.5813374519348145,RoadOption.STRAIGHT,37.56060791015625,130.5616912841797,3.1471855581950687,2.8,1.2,4.5,3.0,10.0,0.6,0.01,0.06,0.55,0.16,0.2,0.35,1.5,12,10.0,14.0,0.9,1.2,0.6,0.01,0.06,0.65,0.3,0.72,0.005,0.38,0.22,0.01,0.14,1.0,0.28
pid,ground_truth,curvy,400.0,0.05,0.1,1.0,78.26267448067665,47.32999801635742,130.9589080810547,15.97977229617396,2.864824892746819,-0.3425666085408605,0.009217999481091255,0.3425666085408605,0.009217999481091255,0.009541668929159641,0.01657596370205283,0.7080540060997009,0.0,18.84459718892078,346,340,4.783742427825928,RoadOption.STRAIGHT,36.56062316894531,130.5561065673828,3.1471855581950687,2.8,1.2,4.5,3.0,10.0,0.6,0.01,0.06,0.55,0.16,0.2,0.35,1.5,12,10.0,14.0,0.9,1.2,0.6,0.01,0.06,0.65,0.3,0.72,0.005,0.38,0.22,0.01,0.14,1.0,0.28
pid,ground_truth,curvy,400.0,0.05,0.1,1.0,78.31267448142171,46.52766036987305,130.9479522705078,16.09361790888951,2.8759792800312702,-0.3360901832128232,0.009554623042877353,0.3360901832128232,0.009554623042877353,0.003869399195536971,-0.00567226973362267,0.7139477133750916,0.0,18.96959718892078,347,341,4.9804277420043945,RoadOption.STRAIGHT,35.560638427734375,130.55050659179688,3.1471855581950687,2.8,1.2,4.5,3.0,10.0,0.6,0.01,0.06,0.55,0.16,0.2,0.35,1.5,12,10.0,14.0,0.9,1.2,0.6,0.01,0.06,0.65,0.3,0.72,0.005,0.38,0.22,0.01,0.14,1.0,0.28
pid,ground_truth,curvy,400.0,0.05,0.1,1.0,78.36267448216677,45.71966552734375,130.9357147216797,16.20714950728853,2.887447681632249,-0.32837893819351355,0.010442520950309842,0.32837893819351355,0.010442520950309842,0.021798625588417053,0.017929226392880082,0.7173500061035156,0.0,19.09459718892078,347,342,5.1714606285095215,RoadOption.STRAIGHT,35.560638427734375,130.55050659179688,3.1471855581950687,2.8,1.2,4.5,3.0,10.0,0.6,0.01,0.06,0.55,0.16,0.2,0.35,1.5,12,10.0,14.0,0.9,1.2,0.6,0.01,0.06,0.65,0.3,0.72,0.005,0.38,0.22,0.01,0.14,1.0,0.28
pid,ground_truth,curvy,400.0,0.05,0.1,1.0,78.41267448291183,44.90608596801758,130.9210662841797,16.319282515495605,2.900314673425175,-0.31828097894036095,0.012771189007475314,0.31828097894036095,0.012771189007475314,-0.016522271558642387,-0.03832089714705944,0.7240968346595764,0.0,19.21959718892078,348,342,4.359011173248291,RoadOption.STRAIGHT,34.56065368652344,130.544921875,3.1471855581950687,2.8,1.2,4.5,3.0,10.0,0.6,0.01,0.06,0.55,0.16,0.2,0.35,1.5,12,10.0,14.0,0.9,1.2,0.6,0.01,0.06,0.65,0.3,0.72,0.005,0.38,0.22,0.01,0.14,1.0,0.28
pid,ground_truth,curvy,400.0,0.05,0.1,1.0,78.46267448365688,44.08686447143555,130.90658569335938,16.432548238665508,2.912048950255272,-0.3083742790731219,0.01370968697561814,0.3083742790731219,0.01370968697561814,-0.007001146674156189,0.009521124884486198,0.7235067486763,0.0,19.34459718892078,349,343,4.538571357727051,RoadOption.STRAIGHT,33.560672760009766,130.53932189941406,3.1471855581950687,2.8,1.2,4.5,3.0,10.0,0.6,0.01,0.06,0.55,0.16,0.2,0.35,1.5,12,10.0,14.0,0.9,1.2,0.6,0.01,0.06,0.65,0.3,0.72,0.005,0.38,0.22,0.01,0.14,1.0,0.28
pid,ground_truth,curvy,400.0,0.05,0.1,1.0,78.51267448440194,43.26188278198242,130.89280700683594,16.548207990652354,2.8962364537920884,-0.29921692578136294,0.012992497694060745,0.29921692578136294,0.012992497694060745,0.0061314282938838005,0.01313257496803999,0.6428970098495483,0.0,19.444444444444443,350,344,4.712546348571777,RoadOption.STRAIGHT,32.56068801879883,130.5337371826172,3.1471855581950687,2.8,1.2,4.5,3.0,10.0,0.6,0.01,0.06,0.55,0.16,0.2,0.35,1.5,12,10.0,14.0,0.9,1.2,0.6,0.01,0.06,0.65,0.3,0.72,0.005,0.38,0.22,0.01,0.14,1.0,0.28
pid,ground_truth,curvy,400.0,0.05,0.1,1.0,78.562674485147,42.431297302246094,130.878173828125,16.656038680822107,2.788405763622336,-0.28923643496766116,0.012772520588019809,0.28923643496766116,0.012772520588019809,0.0013978061033412814,-0.004733622190542519,0.3615233302116394,0.0,19.444444444444443,351,345,4.880960941314697,RoadOption.STRAIGHT,31.56070327758789,130.52813720703125,3.1471855581950687,2.8,1.2,4.5,3.0,10.0,0.6,0.01,0.06,0.55,0.16,0.2,0.35,1.5,12,10.0,14.0,0.9,1.2,0.6,0.01,0.06,0.65,0.3,0.72,0.005,0.38,0.22,0.01,0.14,1.0,0.28
pid,ground_truth,curvy,400.0,0.05,0.1,1.0,78.61267448589206,41.59614181518555,130.86282348632812,16.730686690441555,2.713757754002888,-0.2785490932159775,0.01301966193717874,0.2785490932159775,0.01301966193717874,0.0175048615783453,0.016107055475004017,0.4380122721195221,0.0,19.444444444444443,351,346,5.044851303100586,RoadOption.STRAIGHT,31.56070327758789,130.52813720703125,3.1471855581950687,2.8,1.2,4.5,3.0,10.0,0.6,0.01,0.06,0.55,0.16,0.2,0.35,1.5,12,10.0,14.0,0.9,1.2,0.6,0.01,0.06,0.65,0.3,0.72,0.005,0.38,0.22,0.01,0.14,1.0,0.28
pid,ground_truth,curvy,400.0,0.05,0.1,1.0,78.66267448663712,40.759117126464844,130.8458251953125,16.749046153895282,2.6953982905491607,-0.26623244288804154,0.01456482800164327,0.26623244288804154,0.01456482800164327,-0.015939796343445778,-0.03344465792179108,0.5915811061859131,0.0,19.444444444444443,352,346,4.2084784507751465,RoadOption.STRAIGHT,30.560718536376953,130.52255249023438,3.1471855581950687,2.8,1.2,4.5,3.0,10.0,0.6,0.01,0.06,0.55,0.16,0.2,0.35,1.5,12,10.0,14.0,0.9,1.2,0.6,0.01,0.06,0.65,0.3,0.72,0.005,0.38,0.22,0.01,0.14,1.0,0.28
pid,ground_truth,curvy,400.0,0.05,0.1,1.0,78.71267448738217,39.921913146972656,130.82937622070312,16.748226676532777,2.6962177679116657,-0.25447320102018567,0.014941931611998527,0.25447320102018567,0.014941931611998527,-0.007638372015208006,0.008301424328237772,0.6454624533653259,0.0,19.444444444444443,353,347,4.370182037353516,RoadOption.STRAIGHT,29.560733795166016,130.51695251464844,3.1471855581950687,2.8,1.2,4.5,3.0,10.0,0.6,0.01,0.06,0.55,0.16,0.2,0.35,1.5,12,10.0,14.0,0.9,1.2,0.6,0.01,0.06,0.65,0.3,0.72,0.005,0.38,0.22,0.01,0.14,1.0,0.28
pid,ground_truth,curvy,400.0,0.05,0.1,1.0,78.76267448812723,39.084346771240234,130.81402587890625,16.761710719052864,2.6827337253915786,-0.24379934306856058,0.013884124027018885,0.24379934306856058,0.013884124027018885,0.0041750515811145306,0.011813423596322536,0.6024460792541504,0.0,19.444444444444443,354,348,4.53169059753418,RoadOption.STRAIGHT,28.560749053955078,130.51136779785156,3.1471855581950687,2.8,1.2,4.5,3.0,10.0,0.6,0.01,0.06,0.55,0.16,0.2,0.35,1.5,12,10.0,14.0,0.9,1.2,0.6,0.01,0.06,0.65,0.3,0.72,0.005,0.38,0.22,0.01,0.14,1.0,0.28
pid,ground_truth,curvy,400.0,0.05,0.1,1.0,78.81267448887229,38.24569320678711,130.7982940673828,16.786631813874212,2.6578126305702305,-0.2327653817532953,0.01329716332276476,0.2327653817532953,0.01329716332276476,0.00010297551489202306,-0.0040720760662225075,0.5649397373199463,0.0,19.444444444444443,355,349,4.692173004150391,RoadOption.STRAIGHT,27.56076431274414,130.50576782226562,3.1471855581950687,2.8,1.2,4.5,3.0,10.0,0.6,0.01,0.06,0.55,0.16,0.2,0.35,1.5,12,10.0,14.0,0.9,1.2,0.6,0.01,0.06,0.65,0.3,0.72,0.005,0.38,0.22,0.01,0.14,1.0,0.28
pid,ground_truth,curvy,400.0,0.05,0.1,1.0,78.86267448961735,37.40577697753906,130.78231811523438,16.810652070041094,2.633792374403349,-0.22147906567284198,0.013158146313863028,0.22147906567284198,0.013158146313863028,-0.004032493568956852,-0.004135469083848875,0.5621775984764099,0.0,19.444444444444443,356,350,4.851461887359619,RoadOption.STRAIGHT,26.560779571533203,130.50018310546875,3.1471855581950687,2.8,1.2,4.5,3.0,10.0,0.6,0.01,0.06,0.55,0.16,0.2,0.35,1.5,12,10.0,14.0,0.9,1.2,0.6,0.01,0.06,0.65,0.3,0.72,0.005,0.38,0.22,0.01,0.14,1.0,0.28
pid,ground_truth,curvy,400.0,0.05,0.1,1.0,78.9126744903624,36.5648193359375,130.7667694091797,16.82933643759216,2.6151080068522816,-0.2106410720438964,0.012768259530275827,0.2106410720438964,0.012768259530275827,0.013757554814219475,0.017790048383176327,0.5730075240135193,0.0,19.444444444444443,356,351,5.009803295135498,RoadOption.STRAIGHT,26.560779571533203,130.50018310546875,3.1471855581950687,2.8,1.2,4.5,3.0,10.0,0.6,0.01,0.06,0.55,0.16,0.2,0.35,1.5,12,10.0,14.0,0.9,1.2,0.6,0.01,0.06,0.65,0.3,0.72,0.005,0.38,0.22,0.01,0.14,1.0,0.28
pid,ground_truth,curvy,400.0,0.05,0.1,1.0,78.96267449110746,35.723060607910156,130.750244140625,16.84469936052893,2.5997450839155114,-0.19882391367091207,0.013443370866610849,0.19882391367091207,0.013443370866610849,-0.012016262859106064,-0.02577381767332554,0.578927755355835,0.0,19.444444444444443,357,351,4.168279647827148,RoadOption.STRAIGHT,25.560794830322266,130.4945831298828,3.1471855581950687,2.8,1.2,4.5,3.0,10.0,0.6,0.01,0.06,0.55,0.16,0.2,0.35,1.5,12,10.0,14.0,0.9,1.2,0.6,0.01,0.06,0.65,0.3,0.72,0.005,0.38,0.22,0.01,0.14,1.0,0.28
pid,ground_truth,curvy,400.0,0.05,0.1,1.0,79.01267449185252,34.880531311035156,130.73428344726562,16.859984489025187,2.5844599554192556,-0.18756747070264237,0.01347399721914666,0.18756747070264237,0.01347399721914666,-0.007380711380392313,0.004635551478713751,0.575782835483551,0.0,19.444444444444443,358,352,4.32499885559082,RoadOption.STRAIGHT,24.56081199645996,130.48899841308594,3.1471855581950687,2.8,1.2,4.5,3.0,10.0,0.6,0.01,0.06,0.55,0.16,0.2,0.35,1.5,12,10.0,14.0,0.9,1.2,0.6,0.01,0.06,0.65,0.3,0.72,0.005,0.38,0.22,0.01,0.14,1.0,0.28
pid,ground_truth,curvy,400.0,0.05,0.1,1.0,79.06267449259758,34.03718948364258,130.71946716308594,16.87600040803077,2.5684440364136734,-0.17747522194760731,0.012404471725370847,0.17747522194760731,0.012404471725370847,0.0020310699474066496,0.009411781327798963,0.5702131390571594,0.0,19.444444444444443,359,353,4.481034755706787,RoadOption.STRAIGHT,23.560827255249023,130.4833984375,3.1471855581950687,2.8,1.2,4.5,3.0,10.0,0.6,0.01,0.06,0.55,0.16,0.2,0.35,1.5,12,10.0,14.0,0.9,1.2,0.6,0.01,0.06,0.65,0.3,0.72,0.005,0.38,0.22,0.01,0.14,1.0,0.28
pid,ground_truth,curvy,400.0,0.05,0.1,1.0,79.11267449334264,33.19306182861328,130.70465087890625,16.891236863102435,2.553207581342008,-0.1673721096782561,0.011654259246295595,0.1673721096782561,0.011654259246295595,-0.00043126160744577646,-0.002462331554852426,0.5690435767173767,0.0,19.444444444444443,360,354,4.636343955993652,RoadOption.STRAIGHT,22.560842514038086,130.47779846191406,3.1471855581950687,2.8,1.2,4.5,3.0,10.0,0.6,0.01,0.06,0.55,0.16,0.2,0.35,1.5,12,10.0,14.0,0.9,1.2,0.6,0.01,0.06,0.65,0.3,0.72,0.005,0.38,0.22,0.01,0.14,1.0,0.28
pid,ground_truth,curvy,400.0,0.05,0.1,1.0,79.1626744940877,32.34820556640625,130.6898956298828,16.905150285988928,2.5392941584555153,-0.1573493651701559,0.011291004073608946,0.1573493651701559,0.011291004073608946,-0.003642263589426875,-0.0032110019819810987,0.5696871280670166,0.0,19.444444444444443,361,355,4.790981292724609,RoadOption.STRAIGHT,21.56085777282715,130.4722137451172,3.1471855581950687,2.8,1.2,4.5,3.0,10.0,0.6,0.01,0.06,0.55,0.16,0.2,0.35,1.5,12,10.0,14.0,0.9,1.2,0.6,0.01,0.06,0.65,0.3,0.72,0.005,0.38,0.22,0.01,0.14,1.0,0.28
pid,ground_truth,curvy,400.0,0.05,0.1,1.0,79.21267449483275,31.502685546875,130.67567443847656,16.917979145053586,2.526465299390857,-0.1478491236880787,0.010783671885948642,0.1478491236880787,0.010783671885948642,-0.0023155678063631058,0.0013266957830637693,0.5699015855789185,0.0,19.444444444444443,362,356,4.945021152496338,RoadOption.STRAIGHT,20.56087303161621,130.46661376953125,3.1471855581950687,2.8,1.2,4.5,3.0,10.0,0.6,0.01,0.06,0.55,0.16,0.2,0.35,1.5,12,10.0,14.0,0.9,1.2,0.6,0.01,0.06,0.65,0.3,0.72,0.005,0.38,0.22,0.01,0.14,1.0,0.28
pid,ground_truth,curvy,400.0,0.05,0.1,1.0,79.26267449557781,30.656532287597656,130.6619415283203,16.930209022162405,2.514235422282038,-0.13885595600059988,0.010163421668069716,0.13885595600059988,0.010163421668069716,0.009143897332251072,0.011459465138614178,0.5688881278038025,0.0,19.444444444444443,362,357,5.098485469818115,RoadOption.STRAIGHT,20.56087303161621,130.46661376953125,3.1471855581950687,2.8,1.2,4.5,3.0,10.0,0.6,0.01,0.06,0.55,0.16,0.2,0.35,1.5,12,10.0,14.0,0.9,1.2,0.6,0.01,0.06,0.65,0.3,0.72,0.005,0.38,0.22,0.01,0.14,1.0,0.28
pid,ground_truth,curvy,400.0,0.05,0.1,1.0,79.31267449632287,29.809799194335938,130.64767456054688,16.941631864049857,2.502812580394586,-0.12932488409366058,0.010433199886493938,0.12932488409366058,0.010433199886493938,-0.00910156313329935,-0.018245460465550423,0.5686348080635071,0.0,19.444444444444443,363,357,4.2517619132995605,RoadOption.STRAIGHT,19.560890197753906,130.46102905273438,3.1471855581950687,2.8,1.2,4.5,3.0,10.0,0.6,0.01,0.06,0.55,0.16,0.2,0.35,1.5,12,10.0,14.0,0.9,1.2,0.6,0.01,0.06,0.65,0.3,0.72,0.005,0.38,0.22,0.01,0.14,1.0,0.28
pid,ground_truth,curvy,400.0,0.05,0.1,1.0,79.36267449706793,28.96250343322754,130.63401794433594,16.952443356602263,2.49200108784218,-0.12039915114582912,0.010265687053927941,0.12039915114582912,0.010265687053927941,-0.0056894090957939625,0.0034121540375053883,0.5679680705070496,0.0,19.444444444444443,364,358,4.404079914093018,RoadOption.STRAIGHT,18.560895919799805,130.45542907714844,3.1471855581950687,2.8,1.2,4.5,3.0,10.0,0.6,0.01,0.06,0.55,0.16,0.2,0.35,1.5,12,10.0,14.0,0.9,1.2,0.6,0.01,0.06,0.65,0.3,0.72,0.005,0.38,0.22,0.01,0.14,1.0,0.28
pid,ground_truth,curvy,400.0,0.05,0.1,1.0,79.41267449781299,28.114660263061523,130.621337890625,16.963037935706296,2.4814065087381465,-0.11246827489784161,0.00933917331068912,0.11246827489784161,0.00933917331068912,0.0011821361258625984,0.006871545221656561,0.5662446022033691,0.0,19.444444444444443,365,359,4.555922031402588,RoadOption.STRAIGHT,17.56505584716797,130.44969177246094,3.14797438650995,2.8,1.2,4.5,3.0,10.0,0.6,0.01,0.06,0.55,0.16,0.2,0.35,1.5,12,10.0,14.0,0.9,1.2,0.6,0.01,0.06,0.65,0.3,0.72,0.005,0.38,0.22,0.01,0.14,1.0,0.28
pid,ground_truth,curvy,400.0,0.05,0.1,1.0,79.46267449855804,27.266300201416016,130.6088409423828,16.97305637537596,2.4713880690684817,-0.10472339216445323,0.00867258408984295,0.10472339216445323,0.00867258408984295,0.00069319928297773,-0.0004889368428848684,0.5656537413597107,0.0,19.444444444444443,366,360,4.707282543182373,RoadOption.STRAIGHT,16.57558250427246,130.4423828125,3.1499744204885998,2.8,1.2,4.5,3.0,10.0,0.6,0.01,0.06,0.55,0.16,0.2,0.35,1.5,12,10.0,14.0,0.9,1.2,0.6,0.01,0.06,0.65,0.3,0.72,0.005,0.38,0.22,0.01,0.14,1.0,0.28
pid,ground_truth,curvy,400.0,0.05,0.1,1.0,79.5126744993031,26.41745948791504,130.59637451171875,16.98237596212821,2.4620684823162335,-0.09699645620743713,0.008408398509706316,0.09699645620743713,0.008408398509706316,-0.0009993581334128976,-0.0016925574163906276,0.5655602216720581,0.0,19.444444444444443,367,361,4.858189105987549,RoadOption.STRAIGHT,15.586126327514648,130.43312072753906,3.15197418815114,2.8,1.2,4.5,3.0,10.0,0.6,0.01,0.06,0.55,0.16,0.2,0.35,1.5,12,10.0,14.0,0.9,1.2,0.6,0.01,0.06,0.65,0.3,0.72,0.005,0.38,0.22,0.01,0.14,1.0,0.28
pid,ground_truth,curvy,400.0,0.05,0.1,1.0,79.56267450004816,25.568166732788086,130.5841827392578,16.991098237616484,2.453346206827959,-0.08956196092074521,0.008212656169586552,0.08956196092074521,0.008212656169586552,0.00010883346112677827,0.0011081915945396759,0.5653138160705566,0.0,19.444444444444443,368,362,5.008674144744873,RoadOption.STRAIGHT,14.596691131591797,130.42184448242188,3.1539742221297895,2.8,1.2,4.5,3.0,10.0,0.6,0.01,0.06,0.55,0.16,0.2,0.35,1.5,12,10.0,14.0,0.9,1.2,0.6,0.01,0.06,0.65,0.3,0.72,0.005,0.38,0.22,0.01,0.14,1.0,0.28
pid,ground_truth,curvy,400.0,0.05,0.1,1.0,79.61267450079322,24.718446731567383,130.5721893310547,16.999367898531048,2.4450765459133947,-0.0823129684407389,0.00806937810293995,0.0823129684407389,0.00806937810293995,0.0023856922052800655,0.0022768587441532873,0.5647618174552917,0.0,19.444444444444443,368,363,5.158754825592041,RoadOption.STRAIGHT,14.596691131591797,130.42184448242188,3.1539742221297895,2.8,1.2,4.5,3.0,10.0,0.6,0.01,0.06,0.55,0.16,0.2,0.35,1.5,12,10.0,14.0,0.9,1.2,0.6,0.01,0.06,0.65,0.3,0.72,0.005,0.38,0.22,0.01,0.14,1.0,0.28
pid,ground_truth,curvy,400.0,0.05,0.1,1.0,79.66267450153828,23.868330001831055,130.56011962890625,17.007203067584022,2.4372413768604204,-0.07499805205037627,0.008183361397595235,0.07499805205037627,0.008183361397595235,-0.0008365455432794988,-0.0032222377485595644,0.564254641532898,0.0,19.444444444444443,369,363,4.308579921722412,RoadOption.STRAIGHT,13.607279777526855,130.40863037109375,3.155974256108439,2.8,1.2,4.5,3.0,10.0,0.6,0.01,0.06,0.55,0.16,0.2,0.35,1.5,12,10.0,14.0,0.9,1.2,0.6,0.01,0.06,0.65,0.3,0.72,0.005,0.38,0.22,0.01,0.14,1.0,0.28
pid,ground_truth,curvy,400.0,0.05,0.1,1.0,79.71267450228333,23.017831802368164,130.54812622070312,17.014621171213882,2.4298232732305607,-0.06776860648124286,0.008283229938473191,0.06776860648124286,0.008283229938473191,0.0008300310582853854,0.0016665766015648842,0.5637904405593872,0.0,19.444444444444443,370,364,4.457900047302246,RoadOption.STRAIGHT,12.617897033691406,130.39340209960938,3.1579742900870884,2.8,1.2,4.5,3.0,10.0,0.6,0.01,0.06,0.55,0.16,0.2,0.35,1.5,12,10.0,14.0,0.9,1.2,0.6,0.01,0.06,0.65,0.3,0.72,0.005,0.38,0.22,0.01,0.14,1.0,0.28
pid,ground_truth,curvy,400.0,0.05,0.1,1.0,79.76267450302839,22.166973114013672,130.53616333007812,17.02162817333296,2.4228162711114827,-0.057101789206614455,0.007579889094583514,0.057101789206614455,0.007579889094583514,0.0025279910769313574,0.001697960018645972,0.5633999705314636,0.0,19.444444444444443,371,365,4.602729797363281,RoadOption.STRAIGHT,11.628546714782715,130.37619018554688,3.1599743240657383,2.8,1.2,4.5,3.0,10.0,0.6,0.01,0.06,0.55,0.16,0.2,0.35,1.5,12,10.0,14.0,0.9,1.2,0.6,0.01,0.06,0.65,0.3,0.72,0.005,0.38,0.22,0.01,0.14,1.0,0.28
pid,ground_truth,curvy,400.0,0.05,0.1,1.0,79.81267450377345,21.315780639648438,130.5239715576172,17.02822664253543,2.4162178019090135,-0.04185510855208528,0.005863481772027335,0.04185510855208528,0.005863481772027335,0.002331918105483055,-0.00019607297144830227,0.5630922317504883,0.0,19.444444444444443,372,366,4.74090051651001,RoadOption.STRAIGHT,10.639232635498047,130.3570098876953,3.1619743580443878,2.8,1.2,4.5,3.0,10.0,0.6,0.01,0.06,0.55,0.16,0.2,0.35,1.5,12,10.0,14.0,0.9,1.2,0.6,0.01,0.06,0.65,0.3,0.72,0.005,0.38,0.22,0.01,0.14,1.0,0.28
pid,ground_truth,curvy,400.0,0.05,0.1,1.0,79.86267450451851,20.46427345275879,130.51145935058594,17.034471438711552,2.4099730057328905,-0.02769265826122204,0.00431405464981971,0.02769265826122204,0.00431405464981971,0.001631125807762146,-0.0007007922977209091,0.5627086162567139,0.0,19.444444444444443,373,367,4.878776550292969,RoadOption.STRAIGHT,9.640340805053711,130.3365020751953,3.1621453329863707,2.8,1.2,4.5,3.0,10.0,0.6,0.01,0.06,0.55,0.16,0.2,0.35,1.5,12,10.0,14.0,0.9,1.2,0.6,0.01,0.06,0.65,0.3,0.72,0.005,0.38,0.22,0.01,0.14,1.0,0.28
pid,ground_truth,curvy,400.0,0.05,0.1,1.0,79.91267450526357,19.61246681213379,130.49867248535156,17.04038475172151,2.4040596927229316,-0.014720530401547131,0.0027944549318199563,0.014720530401547131,0.0027944549318199563,0.001131419325247407,-0.000499706482514739,0.5623358488082886,0.0,19.444444444444443,374,368,5.016364574432373,RoadOption.STRAIGHT,8.640128135681152,130.31594848632812,3.162064639205341,2.8,1.2,4.5,3.0,10.0,0.6,0.01,0.06,0.55,0.16,0.2,0.35,1.5,12,10.0,14.0,0.9,1.2,0.6,0.01,0.06,0.65,0.3,0.72,0.005,0.38,0.22,0.01,0.14,1.0,0.28
pid,ground_truth,curvy,400.0,0.05,0.1,1.0,79.96267450600863,18.760377883911133,130.4856719970703,17.045965542701417,2.398478901743026,-0.0029264047978835306,0.0012218583081278211,0.0029264047978835306,0.0012218583081278211,-0.0015136022120714188,-0.0026450215373188257,0.5620391368865967,0.0,19.444444444444443,374,369,5.153674602508545,RoadOption.STRAIGHT,8.640128135681152,130.31594848632812,3.162064639205341,2.8,1.2,4.5,3.0,10.0,0.6,0.01,0.06,0.55,0.16,0.2,0.35,1.5,12,10.0,14.0,0.9,1.2,0.6,0.01,0.06,0.65,0.3,0.72,0.005,0.38,0.22,0.01,0.14,1.0,0.28
pid,ground_truth,curvy,400.0,0.05,0.1,1.0,80.01267450675368,17.908021926879883,130.47262573242188,17.051229226953307,2.393215217491136,-0.0021393113285224155,0.0013883058762580447,0.0021393113285224155,0.0013883058762580447,0.0026731695979833603,0.004186771810054779,0.5617690086364746,0.0,19.444444444444443,375,369,4.301218509674072,RoadOption.STRAIGHT,7.629819393157959,130.29627990722656,3.1600646052266916,2.8,1.2,4.5,3.0,10.0,0.6,0.01,0.06,0.55,0.16,0.2,0.35,1.5,12,10.0,14.0,0.9,1.2,0.6,0.01,0.06,0.65,0.3,0.72,0.005,0.38,0.22,0.01,0.14,1.0,0.28
pid,ground_truth,curvy,400.0,0.05,0.1,1.0,80.06267450749874,17.055418014526367,130.45925903320312,17.056184708814705,2.388259735629738,0.006842507197593314,-0.0003731088687199957,0.006842507197593314,0.0003731088687199957,0.00026337525923736393,-0.0024097943387459964,0.5615417957305908,0.0,19.444444444444443,376,370,4.438010215759277,RoadOption.STRAIGHT,6.619473934173584,130.2786407470703,3.158064571248042,2.8,1.2,4.5,3.0,10.0,0.6,0.01,0.06,0.55,0.16,0.2,0.35,1.5,12,10.0,14.0,0.9,1.2,0.6,0.01,0.06,0.65,0.3,0.72,0.005,0.38,0.22,0.01,0.14,1.0,0.28
pid,ground_truth,curvy,400.0,0.05,0.1,1.0,80.1126745082438,16.202573776245117,130.44564819335938,17.060909462957138,2.383534981487305,0.01462724975815248,-0.0021054951578172165,0.01462724975815248,0.0021054951578172165,-0.001837963005527854,-0.002101338264765218,0.5611484050750732,0.0,19.444444444444443,377,371,4.574554920196533,RoadOption.STRAIGHT,5.609095096588135,130.26300048828125,3.1560645372693927,2.8,1.2,4.5,3.0,10.0,0.6,0.01,0.06,0.55,0.16,0.2,0.35,1.5,12,10.0,14.0,0.9,1.2,0.6,0.01,0.06,0.65,0.3,0.72,0.005,0.38,0.22,0.01,0.14,1.0,0.28
pid,ground_truth,curvy,400.0,0.05,0.1,1.0,80.16267450898886,15.349502563476562,130.43206787109375,17.065363138450437,2.3790813059940064,0.02095428898472977,-0.004090349118253123,0.02095428898472977,0.004090349118253123,-0.001491535222157836,0.000346427783370018,0.5609275698661804,0.0,19.444444444444443,378,372,4.7108683586120605,RoadOption.STRAIGHT,4.598687171936035,130.24937438964844,3.1540645032907433,2.8,1.2,4.5,3.0,10.0,0.6,0.01,0.06,0.55,0.16,0.2,0.35,1.5,12,10.0,14.0,0.9,1.2,0.6,0.01,0.06,0.65,0.3,0.72,0.005,0.38,0.22,0.01,0.14,1.0,0.28
pid,ground_truth,curvy,400.0,0.05,0.1,1.0,80.21267450973392,14.496213912963867,130.41859436035156,17.06956449038635,2.374879954058091,0.01771922975342631,-0.004449875865413233,0.01771922975342631,0.004449875865413233,-0.0013930858112871647,9.844941087067127e-05,0.5607098340988159,0.0,19.444444444444443,379,373,4.8565673828125,RoadOption.STRAIGHT,3.5882537364959717,130.23777770996094,3.152064469312094,2.8,1.2,4.5,3.0,10.0,0.6,0.01,0.06,0.55,0.16,0.2,0.35,1.5,12,10.0,14.0,0.9,1.2,0.6,0.01,0.06,0.65,0.3,0.72,0.005,0.38,0.22,0.01,0.14,1.0,0.28
pid,ground_truth,curvy,400.0,0.05,0.1,1.0,80.26267451047897,13.642722129821777,130.40521240234375,17.07353259408981,2.3709118503546343,0.013160667533269915,-0.004648547682733373,0.013160667533269915,0.004648547682733373,0.003301225835457444,0.004694311646744609,0.5604898929595947,0.0,19.444444444444443,379,374,5.003390789031982,RoadOption.STRAIGHT,3.5882537364959717,130.23777770996094,3.152064469312094,2.8,1.2,4.5,3.0,10.0,0.6,0.01,0.06,0.55,0.16,0.2,0.35,1.5,12,10.0,14.0,0.9,1.2,0.6,0.01,0.06,0.65,0.3,0.72,0.005,0.38,0.22,0.01,0.14,1.0,0.28
pid,ground_truth,curvy,400.0,0.05,0.1,1.0,80.31267451122403,12.789042472839355,130.39157104492188,17.07724426085244,2.3672001835920042,0.009323869551101413,-0.004604871840856006,0.009323869551101413,0.004604871840856006,-0.005209858529269695,-0.00851108436472714,0.560391366481781,0.0,19.444444444444443,380,374,4.149603843688965,RoadOption.STRAIGHT,2.577799081802368,130.22821044921875,3.150064701649553,2.8,1.2,4.5,3.0,10.0,0.6,0.01,0.06,0.55,0.16,0.2,0.35,1.5,12,10.0,14.0,0.9,1.2,0.6,0.01,0.06,0.65,0.3,0.72,0.005,0.38,0.22,0.01,0.14,1.0,0.28
pid,ground_truth,curvy,400.0,0.05,0.1,1.0,80.36267451196909,11.9351806640625,130.37826538085938,17.08071483443815,2.363729610006292,-0.002447584211968709,-0.0028477181536210594,0.002447584211968709,0.0028477181536210594,-0.004508646205067635,0.0007012123242020607,0.5603029131889343,0.0,19.444444444444443,381,375,4.306142330169678,RoadOption.STRAIGHT,1.567327618598938,130.2206573486328,3.1480646676709036,2.8,1.2,4.5,3.0,10.0,0.6,0.01,0.06,0.55,0.16,0.2,0.35,1.5,12,10.0,14.0,0.9,1.2,0.6,0.01,0.06,0.65,0.3,0.72,0.005,0.38,0.22,0.01,0.14,1.0,0.28
pid,ground_truth,curvy,400.0,0.05,0.1,1.0,80.41267451271415,11.081138610839844,130.36557006835938,17.084078319427054,2.3603661250173893,-0.01342867869510829,-0.0015622102954404582,0.01342867869510829,0.0015622102954404582,-0.0012881795410066843,0.0032204666640609503,0.5598627924919128,0.0,19.444444444444443,382,376,4.462512016296387,RoadOption.STRAIGHT,0.5656337141990662,130.2144775390625,3.14773816412126,2.8,1.2,4.5,3.0,10.0,0.6,0.01,0.06,0.55,0.16,0.2,0.35,1.5,12,10.0,14.0,0.9,1.2,0.6,0.01,0.06,0.65,0.3,0.72,0.005,0.38,0.22,0.01,0.14,1.0,0.28
pid,ground_truth,curvy,400.0,0.05,0.1,1.0,80.4626745134592,10.226926803588867,130.3531951904297,17.08730883018414,2.3571356142603044,-0.023358866707557352,-0.0002553971485390605,0.023358866707557352,0.0002553971485390605,-0.0011263943742960691,0.00016178516671061516,0.559524416923523,0.0,19.444444444444443,383,377,4.618712902069092,RoadOption.STRAIGHT,-0.4343474507331848,130.20834350585938,-3.1354468767422174,2.8,1.2,4.5,3.0,10.0,0.6,0.01,0.06,0.55,0.16,0.2,0.35,1.5,12,10.0,14.0,0.9,1.2,0.6,0.01,0.06,0.65,0.3,0.72,0.005,0.38,0.22,0.01,0.14,1.0,0.28
pid,ground_truth,curvy,400.0,0.05,0.1,1.0,80.51267451420426,9.372556686401367,130.341064453125,17.090323571101077,2.3541208733433656,-0.03214549294059221,0.0012128035604224152,0.03214549294059221,0.0012128035604224152,-0.0021433974616229534,-0.0010170030873268843,0.5594652891159058,0.0,19.444444444444443,384,378,4.774750232696533,RoadOption.STRAIGHT,-1.434328556060791,130.20217895507812,-3.1354468767422174,2.8,1.2,4.5,3.0,10.0,0.6,0.01,0.06,0.55,0.16,0.2,0.35,1.5,12,10.0,14.0,0.9,1.2,0.6,0.01,0.06,0.65,0.3,0.72,0.005,0.38,0.22,0.01,0.14,1.0,0.28
pid,ground_truth,curvy,400.0,0.05,0.1,1.0,80.56267451494932,8.518035888671875,130.32936096191406,17.093128189484503,2.35131625495994,-0.03995540378589737,0.0026988474486859815,0.03995540378589737,0.0026988474486859815,-0.0019737521652132273,0.00016964529640972614,0.5594366192817688,0.0,19.444444444444443,385,379,4.930632591247559,RoadOption.STRAIGHT,-2.434309959411621,130.196044921875,-3.1354468767422174,2.8,1.2,4.5,3.0,10.0,0.6,0.01,0.06,0.55,0.16,0.2,0.35,1.5,12,10.0,14.0,0.9,1.2,0.6,0.01,0.06,0.65,0.3,0.72,0.005,0.38,0.22,0.01,0.14,1.0,0.28
pid,ground_truth,curvy,400.0,0.05,0.1,1.0,80.61267451569438,7.6633734703063965,130.31809997558594,17.095780790594443,2.34866365385,-0.046801585227841835,0.004163319732120918,0.046801585227841835,0.004163319732120918,0.003027023747563362,0.005000775912776589,0.5592787265777588,0.0,19.444444444444443,385,380,5.086368560791016,RoadOption.STRAIGHT,-2.434309959411621,130.196044921875,-3.1354468767422174,2.8,1.2,4.5,3.0,10.0,0.6,0.01,0.06,0.55,0.16,0.2,0.35,1.5,12,10.0,14.0,0.9,1.2,0.6,0.01,0.06,0.65,0.3,0.72,0.005,0.38,0.22,0.01,0.14,1.0,0.28
pid,ground_truth,curvy,400.0,0.05,0.1,1.0,80.66267451643944,6.808582782745361,130.3068389892578,17.09828241257379,2.3461620318706515,-0.04278274418459144,0.004018710084929822,0.04278274418459144,0.004018710084929822,-0.004758208990097046,-0.007785232737660408,0.5591511130332947,0.0,19.444444444444443,386,380,4.2315144538879395,RoadOption.STRAIGHT,-3.434290885925293,130.18988037109375,-3.1354468767422174,2.8,1.2,4.5,3.0,10.0,0.6,0.01,0.06,0.55,0.16,0.2,0.35,1.5,12,10.0,14.0,0.9,1.2,0.6,0.01,0.06,0.65,0.3,0.72,0.005,0.38,0.22,0.01,0.14,1.0,0.28
pid,ground_truth,curvy,400.0,0.05,0.1,1.0,80.7126745171845,5.953667640686035,130.2960662841797,17.100599413955713,2.3438450304887297,-0.047019100023089025,0.005695169991134286,0.047019100023089025,0.005695169991134286,-0.00312135205604136,0.001636856934055686,0.5591583251953125,0.0,19.444444444444443,387,381,4.386988639831543,RoadOption.STRAIGHT,-4.434271812438965,130.18374633789062,-3.1354468767422174,2.8,1.2,4.5,3.0,10.0,0.6,0.01,0.06,0.55,0.16,0.2,0.35,1.5,12,10.0,14.0,0.9,1.2,0.6,0.01,0.06,0.65,0.3,0.72,0.005,0.38,0.22,0.01,0.14,1.0,0.28
pid,ground_truth,curvy,400.0,0.05,0.1,1.0,80.76267451792955,5.098629474639893,130.28591918945312,17.10287833328786,2.3415661111565846,-0.043582903481431685,0.0053913033107564345,0.043582903481431685,0.0053913033107564345,-0.00014013619511388242,0.0029812158609274775,0.5587635636329651,0.0,19.444444444444443,388,382,4.5335588455200195,RoadOption.STRAIGHT,-5.434253215789795,130.1776123046875,-3.1354468767422174,2.8,1.2,4.5,3.0,10.0,0.6,0.01,0.06,0.55,0.16,0.2,0.35,1.5,12,10.0,14.0,0.9,1.2,0.6,0.01,0.06,0.65,0.3,0.72,0.005,0.38,0.22,0.01,0.14,1.0,0.28
pid,ground_truth,curvy,400.0,0.05,0.1,1.0,80.81267451867461,4.243476390838623,130.27603149414062,17.105061573479016,2.3393828709654265,-0.038938029492137066,0.004893824819129922,0.038938029492137066,0.004893824819129922,-0.0008305154042318463,-0.0006903792091179639,0.5585511326789856,0.0,19.444444444444443,389,383,4.678314208984375,RoadOption.STRAIGHT,-6.434234142303467,130.17144775390625,-3.1354468767422174,2.8,1.2,4.5,3.0,10.0,0.6,0.01,0.06,0.55,0.16,0.2,0.35,1.5,12,10.0,14.0,0.9,1.2,0.6,0.01,0.06,0.65,0.3,0.72,0.005,0.38,0.22,0.01,0.14,1.0,0.28
pid,ground_truth,curvy,400.0,0.05,0.1,1.0,80.86267451941967,3.388216495513916,130.2664031982422,17.10708328397507,2.3373611604693743,-0.03458493112577381,0.004545217032438487,0.03458493112577381,0.004545217032438487,-0.001774718752130866,-0.0009442033478990197,0.5585586428642273,0.0,19.444444444444443,390,384,4.822973251342773,RoadOption.STRAIGHT,-7.434215068817139,130.16531372070312,-3.1354468767422174,2.8,1.2,4.5,3.0,10.0,0.6,0.01,0.06,0.55,0.16,0.2,0.35,1.5,12,10.0,14.0,0.9,1.2,0.6,0.01,0.06,0.65,0.3,0.72,0.005,0.38,0.22,0.01,0.14,1.0,0.28
pid,ground_truth,curvy,400.0,0.05,0.1,1.0,80.91267452016473,2.532855987548828,130.2571563720703,17.108964694318892,2.3354797501255504,-0.030583394787407635,0.004175037640917534,0.030583394787407635,0.004175037640917534,-0.0012573745334520936,0.0005173442186787724,0.5585376024246216,0.0,19.444444444444443,391,385,4.9675421714782715,RoadOption.STRAIGHT,-8.434196472167969,130.15914916992188,-3.1354468767422174,2.8,1.2,4.5,3.0,10.0,0.6,0.01,0.06,0.55,0.16,0.2,0.35,1.5,12,10.0,14.0,0.9,1.2,0.6,0.01,0.06,0.65,0.3,0.72,0.005,0.38,0.22,0.01,0.14,1.0,0.28
pid,ground_truth,curvy,400.0,0.05,0.1,1.0,80.96267452090979,1.6774003505706787,130.2482452392578,17.110754328912932,2.3336901155315104,-0.02694865003908671,0.003792075076163748,0.02694865003908671,0.003792075076163748,0.0011441870592534542,0.002401561592705548,0.5584008693695068,0.0,19.444444444444443,391,386,5.112024784088135,RoadOption.STRAIGHT,-8.434196472167969,130.15914916992188,-3.1354468767422174,2.8,1.2,4.5,3.0,10.0,0.6,0.01,0.06,0.55,0.16,0.2,0.35,1.5,12,10.0,14.0,0.9,1.2,0.6,0.01,0.06,0.65,0.3,0.72,0.005,0.38,0.22,0.01,0.14,1.0,0.28
pid,ground_truth,curvy,400.0,0.05,0.1,1.0,81.01267452165484,0.8218564391136169,130.23947143554688,17.112458961551393,2.3319854828930495,-0.023432960887105815,0.003615773812000622,0.023432960887105815,0.003615773812000622,-0.0025200280360877514,-0.0036642150953412056,0.5582638382911682,0.0,19.444444444444443,392,386,4.256436347961426,RoadOption.STRAIGHT,-9.43417739868164,130.15301513671875,-3.1354468767422174,2.8,1.2,4.5,3.0,10.0,0.6,0.01,0.06,0.55,0.16,0.2,0.35,1.5,12,10.0,14.0,0.9,1.2,0.6,0.01,0.06,0.65,0.3,0.72,0.005,0.38,0.22,0.01,0.14,1.0,0.28
pid,ground_truth,curvy,400.0,0.05,0.1,1.0,81.0626745223999,-0.03377235308289528,130.23098754882812,17.114045648033322,2.330398796411121,-0.020196001328734767,0.0033675671984054745,0.020196001328734767,0.0033675671984054745,-0.001750077586621046,0.0007699504494667053,0.5582450032234192,0.0,19.444444444444443,393,387,4.400753498077393,RoadOption.STRAIGHT,-10.434158325195312,130.14688110351562,-3.1354468767422174,2.8,1.2,4.5,3.0,10.0,0.6,0.01,0.06,0.55,0.16,0.2,0.35,1.5,12,10.0,14.0,0.9,1.2,0.6,0.01,0.06,0.65,0.3,0.72,0.005,0.38,0.22,0.01,0.14,1.0,0.28
pid,ground_truth,curvy,400.0,0.05,0.1,1.0,81.11267452314496,-0.8894823789596558,130.22291564941406,17.115566641758246,2.328877802686197,-0.01737151760498963,0.002982740420888863,0.01737151760498963,0.002982740420888863,-0.00025412830291315913,0.001495949283707887,0.558094322681427,0.0,19.444444444444443,394,388,4.544997215270996,RoadOption.STRAIGHT,-11.434139251708984,130.14071655273438,-3.1354468767422174,2.8,1.2,4.5,3.0,10.0,0.6,0.01,0.06,0.55,0.16,0.2,0.35,1.5,12,10.0,14.0,0.9,1.2,0.6,0.01,0.06,0.65,0.3,0.72,0.005,0.38,0.22,0.01,0.14,1.0,0.28
pid,ground_truth,curvy,400.0,0.05,0.1,1.0,81.16267452389002,-1.7452681064605713,130.2150421142578,17.11701569144039,2.327428753004053,-0.014776379567573154,0.0026732811022216474,0.014776379567573154,0.0026732811022216474,-0.0006172939320094883,-0.0003631656290963292,0.5579769611358643,0.0,19.444444444444443,395,389,4.689168930053711,RoadOption.STRAIGHT,-12.434121131896973,130.13458251953125,-3.1354468767422174,2.8,1.2,4.5,3.0,10.0,0.6,0.01,0.06,0.55,0.16,0.2,0.35,1.5,12,10.0,14.0,0.9,1.2,0.6,0.01,0.06,0.65,0.3,0.72,0.005,0.38,0.22,0.01,0.14,1.0,0.28
pid,ground_truth,curvy,400.0,0.05,0.1,1.0,81.21267452463508,-2.6011252403259277,130.20736694335938,17.11837249183432,2.3260719526101212,-0.012349523884840282,0.0024405208229487663,0.012349523884840282,0.0024405208229487663,-0.0010140129597857594,-0.0003967190277762711,0.5579367876052856,0.0,19.444444444444443,396,390,4.833272933959961,RoadOption.STRAIGHT,-13.434102058410645,130.12844848632812,-3.1354468767422174,2.8,1.2,4.5,3.0,10.0,0.6,0.01,0.06,0.55,0.16,0.2,0.35,1.5,12,10.0,14.0,0.9,1.2,0.6,0.01,0.06,0.65,0.3,0.72,0.005,0.38,0.22,0.01,0.14,1.0,0.28
pid,ground_truth,curvy,400.0,0.05,0.1,1.0,81.26267452538013,-3.45704984664917,130.19992065429688,17.119646627475166,2.3247978169692765,-0.010182474454895896,0.0022034994859319035,0.010182474454895896,0.0022034994859319035,-0.0007353828987106681,0.00027863006107509136,0.5578879117965698,0.0,19.444444444444443,397,391,4.977313995361328,RoadOption.STRAIGHT,-14.434082984924316,130.12228393554688,-3.1354468767422174,2.8,1.2,4.5,3.0,10.0,0.6,0.01,0.06,0.55,0.16,0.2,0.35,1.5,12,10.0,14.0,0.9,1.2,0.6,0.01,0.06,0.65,0.3,0.72,0.005,0.38,0.22,0.01,0.14,1.0,0.28
pid,ground_truth,curvy,400.0,0.05,0.1,1.0,81.31267452612519,-4.313037872314453,130.1927032470703,17.120855553944246,2.323588890500197,-0.00821417822579669,0.0019702065744406916,0.00821417822579669,0.0019702065744406916,6.320264947135001e-05,0.0007985855481820181,0.5578045845031738,0.0,19.444444444444443,397,392,5.121293544769287,RoadOption.STRAIGHT,-14.434082984924316,130.12228393554688,-3.1354468767422174,2.8,1.2,4.5,3.0,10.0,0.6,0.01,0.06,0.55,0.16,0.2,0.35,1.5,12,10.0,14.0,0.9,1.2,0.6,0.01,0.06,0.65,0.3,0.72,0.005,0.38,0.22,0.01,0.14,1.0,0.28
pid,ground_truth,curvy,400.0,0.05,0.1,1.0,81.36267452687025,-5.16908597946167,130.1856231689453,17.1219987567625,2.3224456876819417,-0.006395281328053771,0.0018130800701259275,0.006395281328053771,0.0018130800701259275,-0.001108385855332017,-0.001171588504803367,0.5577371120452881,0.0,19.444444444444443,398,392,4.26521635055542,RoadOption.STRAIGHT,-15.434063911437988,130.11614990234375,-3.1354468767422174,2.8,1.2,4.5,3.0,10.0,0.6,0.01,0.06,0.55,0.16,0.2,0.35,1.5,12,10.0,14.0,0.9,1.2,0.6,0.01,0.06,0.65,0.3,0.72,0.005,0.38,0.22,0.01,0.14,1.0,0.28
pid,ground_truth,curvy,400.0,0.05,0.1,1.0,81.41267452761531,-6.025190830230713,130.17872619628906,17.12306985287824,2.3213745915662045,-0.004748131594285599,0.0016405072314888969,0.004748131594285599,0.0016405072314888969,-0.0007901634089648724,0.0003182224463671446,0.5577033162117004,0.0,19.444444444444443,399,393,4.409082889556885,RoadOption.STRAIGHT,-16.434045791625977,130.1099853515625,-3.1354468767422174,2.8,1.2,4.5,3.0,10.0,0.6,0.01,0.06,0.55,0.16,0.2,0.35,1.5,12,10.0,14.0,0.9,1.2,0.6,0.01,0.06,0.65,0.3,0.72,0.005,0.38,0.22,0.01,0.14,1.0,0.28
pid,ground_truth,curvy,400.0,0.05,0.1,1.0,81.46267452836037,-6.881348609924316,130.1720428466797,17.12408850935138,2.320355935093062,-0.0033454431621776845,0.0014343785631170114,0.0033454431621776845,0.0014343785631170114,-0.0003205680986866355,0.00046959531027823687,0.5576260685920715,0.0,19.444444444444443,400,394,4.55289888381958,RoadOption.STRAIGHT,-17.43402671813965,130.10385131835938,-3.1354468767422174,2.8,1.2,4.5,3.0,10.0,0.6,0.01,0.06,0.55,0.16,0.2,0.35,1.5,12,10.0,14.0,0.9,1.2,0.6,0.01,0.06,0.65,0.3,0.72,0.005,0.38,0.22,0.01,0.14,1.0,0.28
pid,ground_truth,curvy,400.0,0.05,0.1,1.0,81.51267452910542,-7.737557411193848,130.16551208496094,17.125057693908374,2.3193867505360686,-0.002065130441457688,0.0012599415117167112,0.002065130441457688,0.0012599415117167112,-0.0003874084504786879,-6.684035179205239e-05,0.557551383972168,0.0,19.444444444444443,401,395,4.696666240692139,RoadOption.STRAIGHT,-18.43400764465332,130.09771728515625,-3.1354468767422174,2.8,1.2,4.5,3.0,10.0,0.6,0.01,0.06,0.55,0.16,0.2,0.35,1.5,12,10.0,14.0,0.9,1.2,0.6,0.01,0.06,0.65,0.3,0.72,0.005,0.38,0.22,0.01,0.14,1.0,0.28
pid,ground_truth,curvy,400.0,0.05,0.1,1.0,81.56267452985048,-8.593812942504883,130.1591033935547,17.125968208038476,2.3184762364059672,-0.0009071787795440246,0.0011185276578333792,0.0009071787795440246,0.0011185276578333792,-0.00048193373368121684,-9.452528320252895e-05,0.5575153231620789,0.0,19.444444444444443,402,396,4.840386390686035,RoadOption.STRAIGHT,-19.433988571166992,130.091552734375,-3.1354468767422174,2.8,1.2,4.5,3.0,10.0,0.6,0.01,0.06,0.55,0.16,0.2,0.35,1.5,12,10.0,14.0,0.9,1.2,0.6,0.01,0.06,0.65,0.3,0.72,0.005,0.38,0.22,0.01,0.14,1.0,0.28
pid,ground_truth,curvy,400.0,0.05,0.1,1.0,81.61267453059554,-9.450114250183105,130.15281677246094,17.1268275262005,2.3176169182439423,9.790654383498576e-05,0.000984570655002237,9.790654383498576e-05,0.000984570655002237,-0.0004255044332239777,5.642930045723915e-05,0.5574696063995361,0.0,19.444444444444443,403,397,4.984062671661377,RoadOption.STRAIGHT,-20.433969497680664,130.08541870117188,-3.1354468767422174,2.8,1.2,4.5,3.0,10.0,0.6,0.01,0.06,0.55,0.16,0.2,0.35,1.5,12,10.0,14.0,0.9,1.2,0.6,0.01,0.06,0.65,0.3,0.72,0.005,0.38,0.22,0.01,0.14,1.0,0.28
pid,ground_truth,curvy,400.0,0.05,0.1,1.0,81.6626745313406,-10.30645751953125,130.1466522216797,17.127638346749713,1.9168060976947316,0.0010111829763971049,0.0008551410260246861,0.0010111829763971049,0.0008551410260246861,-0.00038908427814021707,3.642015508376062e-05,0.0,0.2800000011920929,19.044444444444444,403,398,5.127697467803955,RoadOption.STRAIGHT,-20.433969497680664,130.08541870117188,-3.1354468767422174,2.8,1.2,4.5,3.0,10.0,0.6,0.01,0.06,0.55,0.16,0.2,0.35,1.5,12,10.0,14.0,0.9,1.2,0.6,0.01,0.06,0.65,0.3,0.72,0.005,0.38,0.22,0.01,0.14,1.0,0.28
pid,ground_truth,curvy,400.0,0.05,0.1,1.0,81.71267453208566,-11.16214370727539,130.14060974121094,17.092338363735593,1.5521060807088531,0.0017947260750434922,0.0007342335125350985,0.0017947260750434922,0.0007342335125350985,-0.0003168545081280172,7.222977001219988e-05,0.0,0.2800000011920929,18.644444444444446,404,398,4.271990776062012,RoadOption.STRAIGHT,-21.433950424194336,130.07928466796875,-3.1354468767422174,2.8,1.2,4.5,3.0,10.0,0.6,0.01,0.06,0.55,0.16,0.2,0.35,1.5,12,10.0,14.0,0.9,1.2,0.6,0.01,0.06,0.65,0.3,0.72,0.005,0.38,0.22,0.01,0.14,1.0,0.28
pid,ground_truth,curvy,400.0,0.05,0.1,1.0,81.76267453283072,-12.012804985046387,130.13470458984375,16.950028725323033,1.2944157191214138,0.0024530168840560355,0.0006250439078416825,0.0024530168840560355,0.0006250439078416825,-0.0002537784166634083,6.307609146460891e-05,0.0,0.2800000011920929,18.244444444444447,405,399,4.4213104248046875,RoadOption.STRAIGHT,-22.433931350708008,130.0731201171875,-3.1354468767422174,2.8,1.2,4.5,3.0,10.0,0.6,0.01,0.06,0.55,0.16,0.2,0.35,1.5,12,10.0,14.0,0.9,1.2,0.6,0.01,0.06,0.65,0.3,0.72,0.005,0.38,0.22,0.01,0.14,1.0,0.28
pid,ground_truth,curvy,400.0,0.05,0.1,1.0,81.81267453357577,-12.853925704956055,130.1289520263672,16.732314257164433,1.112130187280016,0.0030478675953718067,0.0005299690569260385,0.0030478675953718067,0.0005299690569260385,-0.00027140567544847727,-1.762725878506899e-05,0.0,0.21573084592819214,17.84444444444445,406,400,4.580170154571533,RoadOption.STRAIGHT,-23.43391227722168,130.06698608398438,-3.1354468767422174,2.8,1.2,4.5,3.0,10.0,0.6,0.01,0.06,0.55,0.16,0.2,0.35,1.5,12,10.0,14.0,0.9,1.2,0.6,0.01,0.06,0.65,0.3,0.72,0.005,0.38,0.22,0.01,0.14,1.0,0.28
pid,ground_truth,curvy,400.0,0.05,0.1,1.0,81.86267453432083,-13.682780265808105,130.1233673095703,16.47269066689801,0.9717537775464393,0.003550259398612362,0.0004452805342611832,0.003550259398612362,0.0004452805342611832,-0.0002128651103703305,5.8540565078146756e-05,0.0,0.1292681097984314,17.44444444444445,407,401,4.7512969970703125,RoadOption.STRAIGHT,-24.433895111083984,130.06082153320312,-3.1354468767422174,2.8,1.2,4.5,3.0,10.0,0.6,0.01,0.06,0.55,0.16,0.2,0.35,1.5,12,10.0,14.0,0.9,1.2,0.6,0.01,0.06,0.65,0.3,0.72,0.005,0.38,0.22,0.01,0.14,1.0,0.28
pid,ground_truth,curvy,400.0,0.05,0.1,1.0,81.91267453506589,-14.497983932495117,130.11793518066406,16.192860330737773,0.8515841137066786,0.003953444012271247,0.0003701793915209528,0.003953444012271247,0.0003701793915209528,-0.00021816336084157228,-5.298250471241772e-06,0.0,0.09912655502557755,17.04444444444445,408,402,4.936075687408447,RoadOption.STRAIGHT,-25.433876037597656,130.0546875,-3.1354468767422174,2.8,1.2,4.5,3.0,10.0,0.6,0.01,0.06,0.55,0.16,0.2,0.35,1.5,12,10.0,14.0,0.9,1.2,0.6,0.01,0.06,0.65,0.3,0.72,0.005,0.38,0.22,0.01,0.14,1.0,0.28
pid,ground_truth,curvy,400.0,0.05,0.1,1.0,81.96267453581095,-15.298810958862305,130.1126708984375,15.900390156592865,0.7440542878515881,0.00430765718487636,0.0003020024676150257,0.00430765718487636,0.0003020024676150257,-0.0004816481377929449,-0.0002634847769513726,0.0,0.08739157021045685,16.644444444444453,408,403,5.135231018066406,RoadOption.STRAIGHT,-25.433876037597656,130.0546875,-3.1354468767422174,2.8,1.2,4.5,3.0,10.0,0.6,0.01,0.06,0.55,0.16,0.2,0.35,1.5,12,10.0,14.0,0.9,1.2,0.6,0.01,0.06,0.65,0.3,0.72,0.005,0.38,0.22,0.01,0.14,1.0,0.28
pid,ground_truth,curvy,400.0,0.05,0.1,1.0,82.012674536556,-16.08477783203125,130.1075897216797,15.600299038163698,0.6441454062807566,0.004558391379055889,0.00021997710604049203,0.004558391379055889,0.00021997710604049203,1.9137434719596058e-05,0.000500785572512541,0.0,0.08803287893533707,16.244444444444454,409,403,4.349248886108398,RoadOption.STRAIGHT,-26.433856964111328,130.04855346679688,-3.1354468767422174,2.8,1.2,4.5,3.0,10.0,0.6,0.01,0.06,0.55,0.16,0.2,0.35,1.5,12,10.0,14.0,0.9,1.2,0.6,0.01,0.06,0.65,0.3,0.72,0.005,0.38,0.22,0.01,0.14,1.0,0.28
pid,ground_truth,curvy,400.0,0.05,0.1,1.0,82.06267453730106,-16.855619430541992,130.10264587402344,15.296083888290553,0.5483605561539004,0.004776458621031321,0.00015659387209687736,0.004776458621031321,0.00015659387209687736,-2.0422114175744355e-05,-3.955954889534041e-05,0.0,0.09755825996398926,15.844444444444454,410,404,4.578391075134277,RoadOption.STRAIGHT,-27.433837890625,130.04238891601562,-3.1354468767422174,2.8,1.2,4.5,3.0,10.0,0.6,0.01,0.06,0.55,0.16,0.2,0.35,1.5,12,10.0,14.0,0.9,1.2,0.6,0.01,0.06,0.65,0.3,0.72,0.005,0.38,0.22,0.01,0.14,1.0,0.28
pid,ground_truth,curvy,400.0,0.05,0.1,1.0,82.11267453804612,-17.61119270324707,130.0978240966797,14.989892486670783,0.4545519577736705,0.004935775986572688,0.00012090751348958761,0.004935775986572688,0.00012090751348958761,-0.0002023270499194041,-0.00018190493574365973,0.0,0.11266264319419861,15.444444444444454,411,405,4.822802543640137,RoadOption.STRAIGHT,-28.433818817138672,130.0362548828125,-3.1354468767422174,2.8,1.2,4.5,3.0,10.0,0.6,0.01,0.06,0.55,0.16,0.2,0.35,1.5,12,10.0,14.0,0.9,1.2,0.6,0.01,0.06,0.65,0.3,0.72,0.005,0.38,0.22,0.01,0.14,1.0,0.28
pid,ground_truth,curvy,400.0,0.05,0.1,1.0,82.16267453879118,-18.3514404296875,130.09315490722656,14.683093030209596,0.36135141423485706,0.005067212139431874,8.575378710062864e-05,0.005067212139431874,8.575378710062864e-05,-0.0005022098775953054,-0.00029988282767590135,0.0,0.13146421313285828,15.044444444444453,411,406,5.0825395584106445,RoadOption.STRAIGHT,-28.433818817138672,130.0362548828125,-3.1354468767422174,2.8,1.2,4.5,3.0,10.0,0.6,0.01,0.06,0.55,0.16,0.2,0.35,1.5,12,10.0,14.0,0.9,1.2,0.6,0.01,0.06,0.65,0.3,0.72,0.005,0.38,0.22,0.01,0.14,1.0,0.28
pid,ground_truth,curvy,400.0,0.05,0.1,1.0,82.21267453953624,-19.07636070251465,130.08865356445312,14.376544621354052,0.26789982309040106,0.0051132997207548846,2.3169501483621957e-05,0.0051132997207548846,2.3169501483621957e-05,0.0001700565917417407,0.0006722664693370461,0.0,0.15272650122642517,14.644444444444453,412,406,4.357605934143066,RoadOption.STRAIGHT,-29.43410873413086,130.0301055908203,-3.1354468767422174,2.8,1.2,4.5,3.0,10.0,0.6,0.01,0.06,0.55,0.16,0.2,0.35,1.5,12,10.0,14.0,0.9,1.2,0.6,0.01,0.06,0.65,0.3,0.72,0.005,0.38,0.22,0.01,0.14,1.0,0.28
pid,ground_truth,curvy,400.0,0.05,0.1,1.0,82.2626745402813,-19.785982131958008,130.08425903320312,14.0707774073679,0.17366703707655162,0.005127798779879188,-1.757686319425744e-05,0.005127798779879188,1.757686319425744e-05,0.0021395408548414707,0.00196948426309973,0.0,0.17564505338668823,14.244444444444452,413,407,4.647972583770752,RoadOption.STRAIGHT,-30.40340805053711,130.02146911621094,-3.117932597833311,2.8,1.2,4.5,3.0,10.0,0.6,0.01,0.06,0.55,0.16,0.2,0.35,1.5,12,10.0,14.0,0.9,1.2,0.6,0.01,0.06,0.65,0.3,0.72,0.005,0.38,0.22,0.01,0.14,1.0,0.28
pid,ground_truth,curvy,400.0,0.05,0.1,1.0,82.31267454102635,-20.480348587036133,130.07981872558594,13.76609653593486,0.07834790850959195,0.005312331699499271,0.00012303804236157845,0.005312331699499271,0.00012303804236157845,0.028928639367222786,0.026789098512381315,0.0,0.19965702295303345,13.844444444444452,414,408,4.953591823577881,RoadOption.STRAIGHT,-31.311279296875,129.97637939453125,-3.0659847112941168,2.8,1.2,4.5,3.0,10.0,0.6,0.01,0.06,0.55,0.16,0.2,0.35,1.5,12,10.0,14.0,0.9,1.2,0.6,0.01,0.06,0.65,0.3,0.72,0.005,0.38,0.22,0.01,0.14,1.0,0.28
pid,ground_truth,curvy,400.0,0.05,0.1,1.0,82.36267454177141,-21.159461975097656,130.07313537597656,13.461290820885788,-0.01684637644133602,0.007833605606961225,0.002327336476620534,0.007833605606961225,0.002327336476620534,-0.016138290986418724,-0.04506693035364151,0.0,0.22025862336158752,13.444444444444452,414,409,5.2744526863098145,RoadOption.STRAIGHT,-31.311279296875,129.97637939453125,-3.0659847112941168,2.8,1.2,4.5,3.0,10.0,0.6,0.01,0.06,0.55,0.16,0.2,0.35,1.5,12,10.0,14.0,0.9,1.2,0.6,0.01,0.06,0.65,0.3,0.72,0.005,0.38,0.22,0.01,0.14,1.0,0.28
pid,ground_truth,curvy,400.0,0.05,0.1,1.0,82.41267454251647,-21.823408126831055,130.0670623779297,13.158776526726458,-0.1143320822820062,0.009826049763396523,0.003376355630002603,0.009826049763396523,0.003376355630002603,0.05912496894598007,0.0752632599323988,0.0,0.248178631067276,13.044444444444451,415,409,4.6104865074157715,RoadOption.STRAIGHT,-32.215579986572266,129.8842010498047,-3.014037091071031,2.8,1.2,4.5,3.0,10.0,0.6,0.01,0.06,0.55,0.16,0.2,0.35,1.5,12,10.0,14.0,0.9,1.2,0.6,0.01,0.06,0.65,0.3,0.72,0.005,0.38,0.22,0.01,0.14,1.0,0.28
pid,ground_truth,curvy,400.0,0.05,0.1,1.0,82.46267454326153,-22.472074508666992,130.05755615234375,12.852233632173087,-0.2077891877286362,0.015326748662973485,0.007016097891813899,0.015326748662973485,0.007016097891813899,0.07329392433166504,0.014168955385684967,0.0,0.2575629949569702,12.644444444444451,416,410,4.961787223815918,RoadOption.STRAIGHT,-33.11387634277344,129.7451934814453,-2.9620892045318366,2.8,1.2,4.5,3.0,10.0,0.6,0.01,0.06,0.55,0.16,0.2,0.35,1.5,12,10.0,14.0,0.9,1.2,0.6,0.01,0.06,0.65,0.3,0.72,0.005,0.38,0.22,0.01,0.14,1.0,0.28
mpc,ground_truth,curvy,400.0,0.05,0.1,1.0,82.51267454400659,-9.875875473022461,-57.55167007446289,0.4899999797344208,18.954444464710022,0.04549653862999907,1.0194913535599426e-07,0.04549653862999907,1.0194913535599426e-07,-0.012402249500155449,-0.012402249500155449,1.0,0.0,19.444444444444443,11,0,0.5870656371116638,RoadOption.STRAIGHT,1.095213770866394,-57.46044921875,0.015969112844442135,2.8,1.2,4.5,3.0,10.0,0.6,0.01,0.06,0.55,0.16,0.2,0.35,1.5,12,10.0,14.0,0.9,1.2,0.6,0.01,0.06,0.65,0.3,0.72,0.005,0.38,0.22,0.01,0.14,1.0,0.28
mpc,ground_truth,curvy,400.0,0.05,0.1,1.0,82.56267454475164,-9.875875473022461,-57.55167007446289,0.9800000786781311,18.46444436576631,0.050639856295309094,-0.000891353775065884,0.050639856295309094,0.000891353775065884,-0.014680956490337849,-0.0022787069901823997,1.0,0.0,19.444444444444443,11,6,6.02096700668335,RoadOption.STRAIGHT,1.095213770866394,-57.46044921875,0.015969112844442135,2.8,1.2,4.5,3.0,10.0,0.6,0.01,0.06,0.55,0.16,0.2,0.35,1.5,12,10.0,14.0,0.9,1.2,0.6,0.01,0.06,0.65,0.3,0.72,0.005,0.38,0.22,0.01,0.14,1.0,0.28
mpc,ground_truth,curvy,400.0,0.05,0.1,1.0,82.6126745454967,-9.875875473022461,-57.55167007446289,1.470000147819519,17.974444296624924,0.050639856295309094,-0.000891353775065884,0.050639856295309094,0.000891353775065884,-0.015621346421539783,-0.0009403899312019348,1.0,0.0,19.444444444444443,11,6,6.015523433685303,RoadOption.STRAIGHT,1.095213770866394,-57.46044921875,0.015969112844442135,2.8,1.2,4.5,3.0,10.0,0.6,0.01,0.06,0.55,0.16,0.2,0.35,1.5,12,10.0,14.0,0.9,1.2,0.6,0.01,0.06,0.65,0.3,0.72,0.005,0.38,0.22,0.01,0.14,1.0,0.28
mpc,ground_truth,curvy,400.0,0.05,0.1,1.0,82.66267454624176,-9.875875473022461,-57.55167007446289,1.9600002765655518,17.48444416787889,0.050639856295309094,-0.000891353775065884,0.050639856295309094,0.000891353775065884,-0.016009433194994926,-0.000388086773455143,1.0,0.0,19.444444444444443,11,6,6.009093761444092,RoadOption.STRAIGHT,1.095213770866394,-57.46044921875,0.015969112844442135,2.8,1.2,4.5,3.0,10.0,0.6,0.01,0.06,0.55,0.16,0.2,0.35,1.5,12,10.0,14.0,0.9,1.2,0.6,0.01,0.06,0.65,0.3,0.72,0.005,0.38,0.22,0.01,0.14,1.0,0.28
mpc,ground_truth,curvy,400.0,0.05,0.1,1.0,82.71267454698682,-9.875875473022461,-57.55167007446289,2.450000286102295,16.994444158342148,0.050639856295309094,-0.000891353775065884,0.050639856295309094,0.000891353775065884,-0.016169589012861252,-0.00016015581786632538,1.0,0.0,19.444444444444443,11,6,6.002754211425781,RoadOption.STRAIGHT,1.095213770866394,-57.46044921875,0.015969112844442135,2.8,1.2,4.5,3.0,10.0,0.6,0.01,0.06,0.55,0.16,0.2,0.35,1.5,12,10.0,14.0,0.9,1.2,0.6,0.01,0.06,0.65,0.3,0.72,0.005,0.38,0.22,0.01,0.14,1.0,0.28
mpc,ground_truth,curvy,400.0,0.05,0.1,1.0,82.76267454773188,-9.875875473022461,-57.55167007446289,2.93999981880188,16.504444625642563,0.050639856295309094,-0.000891353775065884,0.050639856295309094,0.000891353775065884,-0.016235684975981712,-6.609596312046051e-05,1.0,0.0,19.444444444444443,11,6,5.9978861808776855,RoadOption.STRAIGHT,1.095213770866394,-57.46044921875,0.015969112844442135,2.8,1.2,4.5,3.0,10.0,0.6,0.01,0.06,0.55,0.16,0.2,0.35,1.5,12,10.0,14.0,0.9,1.2,0.6,0.01,0.06,0.65,0.3,0.72,0.005,0.38,0.22,0.01,0.14,1.0,0.28
mpc,ground_truth,curvy,400.0,0.05,0.1,1.0,82.81267454847693,-9.875874519348145,-57.55167007446289,2.0671517849139636,17.37729265953048,0.05063984551286746,-0.000891353775065884,0.05063984551286746,0.000891353775065884,-0.016262957826256752,-2.7272850275039673e-05,1.0,0.0,19.444444444444443,11,6,5.996154308319092,RoadOption.STRAIGHT,1.095213770866394,-57.46044921875,0.015969112844442135,2.8,1.2,4.5,3.0,10.0,0.6,0.01,0.06,0.55,0.16,0.2,0.35,1.5,12,10.0,14.0,0.9,1.2,0.6,0.01,0.06,0.65,0.3,0.72,0.005,0.38,0.22,0.01,0.14,1.0,0.28
mpc,ground_truth,curvy,400.0,0.05,0.1,1.0,82.86267454922199,-9.875874519348145,-57.55167007446289,0.7392763495471287,18.705168094897314,0.05063984551286746,-0.000891353775065884,0.05063984551286746,0.000891353775065884,-0.016274213790893555,-1.1255964636802673e-05,1.0,0.0,19.444444444444443,11,6,5.996372222900391,RoadOption.STRAIGHT,1.095213770866394,-57.46044921875,0.015969112844442135,2.8,1.2,4.5,3.0,10.0,0.6,0.01,0.06,0.55,0.16,0.2,0.35,1.5,12,10.0,14.0,0.9,1.2,0.6,0.01,0.06,0.65,0.3,0.72,0.005,0.38,0.22,0.01,0.14,1.0,0.28
mpc,ground_truth,curvy,400.0,0.05,0.1,1.0,82.91267454996705,-9.875874519348145,-57.55167007446289,0.11258104443555403,19.33186340000889,0.05063984551286746,-0.000891353775065884,0.05063984551286746,0.000891353775065884,-0.016278859227895737,-4.645437002182007e-06,1.0,0.0,19.444444444444443,11,6,5.9965338706970215,RoadOption.STRAIGHT,1.095213770866394,-57.46044921875,0.015969112844442135,2.8,1.2,4.5,3.0,10.0,0.6,0.01,0.06,0.55,0.16,0.2,0.35,1.5,12,10.0,14.0,0.9,1.2,0.6,0.01,0.06,0.65,0.3,0.72,0.005,0.38,0.22,0.01,0.14,1.0,0.28
mpc,ground_truth,curvy,400.0,0.05,0.1,1.0,82.96267455071211,-9.870336532592773,-57.5516357421875,0.3639452252897554,19.08049921915469,0.05061156195528898,-0.0009337635751278661,0.05061156195528898,0.0009337635751278661,-0.01620858907699585,7.027015089988708e-05,1.0,0.0,19.444444444444443,11,6,5.990961074829102,RoadOption.STRAIGHT,1.095213770866394,-57.46044921875,0.015969112844442135,2.8,1.2,4.5,3.0,10.0,0.6,0.01,0.06,0.55,0.16,0.2,0.35,1.5,12,10.0,14.0,0.9,1.2,0.6,0.01,0.06,0.65,0.3,0.72,0.005,0.38,0.22,0.01,0.14,1.0,0.28
mpc,ground_truth,curvy,400.0,0.05,0.1,1.0,83.01267455145717,-9.826234817504883,-57.55144500732422,1.1769386967727968,18.267505747671645,0.05030366139659036,-0.0015103649988597034,0.05030366139659036,0.0015103649988597034,-0.018581656739115715,-0.0023730676621198654,1.0,0.0,19.444444444444443,11,6,5.946758270263672,RoadOption.STRAIGHT,1.095213770866394,-57.46044921875,0.015969112844442135,2.8,1.2,4.5,3.0,10.0,0.6,0.01,0.06,0.55,0.16,0.2,0.35,1.5,12,10.0,14.0,0.9,1.2,0.6,0.01,0.06,0.65,0.3,0.72,0.005,0.38,0.22,0.01,0.14,1.0,0.28
mpc,ground_truth,curvy,400.0,0.05,0.1,1.0,83.06267455220222,-9.744762420654297,-57.55134201049805,1.9099144227825318,17.53453002166191,0.04948550765104301,-0.002247331372403849,0.04948550765104301,0.002247331372403849,-0.034554023295640945,-0.01597236655652523,1.0,0.0,19.444444444444443,11,6,5.865192413330078,RoadOption.STRAIGHT,1.095213770866394,-57.46044921875,0.015969112844442135,2.8,1.2,4.5,3.0,10.0,0.6,0.01,0.06,0.55,0.16,0.2,0.35,1.5,12,10.0,14.0,0.9,1.2,0.6,0.01,0.06,0.65,0.3,0.72,0.005,0.38,0.22,0.01,0.14,1.0,0.28
mpc,ground_truth,curvy,400.0,0.05,0.1,1.0,83.11267455294728,-9.632081031799316,-57.55206298828125,2.48313474795067,16.96130969649377,0.047490576559954464,-0.003661484475398158,0.047490576559954464,0.003661484475398158,-0.046056825667619705,-0.01150280237197876,1.0,0.0,19.444444444444443,11,6,5.752447605133057,RoadOption.STRAIGHT,1.095213770866394,-57.46044921875,0.015969112844442135,2.8,1.2,4.5,3.0,10.0,0.6,0.01,0.06,0.55,0.16,0.2,0.35,1.5,12,10.0,14.0,0.9,1.2,0.6,0.01,0.06,0.65,0.3,0.72,0.005,0.38,0.22,0.01,0.14,1.0,0.28
mpc,ground_truth,curvy,400.0,0.05,0.1,1.0,83.16267455369234,-9.493508338928223,-57.55400848388672,2.9618780370619953,16.482566407382446,0.043978473406575194,-0.005934452414334768,0.043978473406575194,0.005934452414334768,-0.04605089873075485,5.926936864852905e-06,1.0,0.0,19.444444444444443,11,6,5.613840579986572,RoadOption.STRAIGHT,1.095213770866394,-57.46044921875,0.015969112844442135,2.8,1.2,4.5,3.0,10.0,0.6,0.01,0.06,0.55,0.16,0.2,0.35,1.5,12,10.0,14.0,0.9,1.2,0.6,0.01,0.06,0.65,0.3,0.72,0.005,0.38,0.22,0.01,0.14,1.0,0.28
mpc,ground_truth,curvy,400.0,0.05,0.1,1.0,83.2126745544374,-9.332770347595215,-57.556907653808594,3.383463543199536,16.060980901244907,0.039262151384646296,-0.008737204497351936,0.039262151384646296,0.008737204497351936,-0.035161860287189484,0.010889038443565369,1.0,0.0,19.444444444444443,11,6,5.453091621398926,RoadOption.STRAIGHT,1.095213770866394,-57.46044921875,0.015969112844442135,2.8,1.2,4.5,3.0,10.0,0.6,0.01,0.06,0.55,0.16,0.2,0.35,1.5,12,10.0,14.0,0.9,1.2,0.6,0.01,0.06,0.65,0.3,0.72,0.005,0.38,0.22,0.01,0.14,1.0,0.28
mpc,ground_truth,curvy,400.0,0.05,0.1,1.0,83.26267455518246,-9.151961326599121,-57.560096740722656,3.772088112733555,15.672356331710887,0.03402900363467669,-0.011378888373327012,0.03402900363467669,0.011378888373327012,-0.018199220299720764,0.01696263998746872,1.0,0.0,19.444444444444443,11,6,5.2722859382629395,RoadOption.STRAIGHT,1.095213770866394,-57.46044921875,0.015969112844442135,2.8,1.2,4.5,3.0,10.0,0.6,0.01,0.06,0.55,0.16,0.2,0.35,1.5,12,10.0,14.0,0.9,1.2,0.6,0.01,0.06,0.65,0.3,0.72,0.005,0.38,0.22,0.01,0.14,1.0,0.28
mpc,ground_truth,curvy,400.0,0.05,0.1,1.0,83.31267455592752,-8.952314376831055,-57.56277084350586,4.140977769995835,15.303466674448607,0.029097821529691002,-0.013222860738240971,0.029097821529691002,0.013222860738240971,-0.0010272711515426636,0.0171719491481781,1.0,0.0,19.444444444444443,11,6,5.072649002075195,RoadOption.STRAIGHT,1.095213770866394,-57.46044921875,0.015969112844442135,2.8,1.2,4.5,3.0,10.0,0.6,0.01,0.06,0.55,0.16,0.2,0.35,1.5,12,10.0,14.0,0.9,1.2,0.6,0.01,0.06,0.65,0.3,0.72,0.005,0.38,0.22,0.01,0.14,1.0,0.28
mpc,ground_truth,curvy,400.0,0.05,0.1,1.0,83.36267455667257,-8.734577178955078,-57.56435012817383,4.497838910544885,14.946605533899557,0.025056855426920245,-0.013899836157301948,0.025056855426920245,0.013899836157301948,0.011743918061256409,0.012771189212799072,1.0,0.0,19.444444444444443,12,6,4.854921340942383,RoadOption.STRAIGHT,2.0950863361358643,-57.444480895996094,0.015969112844442135,2.8,1.2,4.5,3.0,10.0,0.6,0.01,0.06,0.55,0.16,0.2,0.35,1.5,12,10.0,14.0,0.9,1.2,0.6,0.01,0.06,0.65,0.3,0.72,0.005,0.38,0.22,0.01,0.14,1.0,0.28
mpc,ground_truth,curvy,400.0,0.05,0.1,1.0,83.41267455741763,-8.499213218688965,-57.56455993652344,4.847393149688085,14.597051294756358,0.03242267414596342,-0.01541091375981285,0.03242267414596342,0.01541091375981285,0.010477571748197079,-0.00126634631305933,1.0,0.0,19.444444444444443,12,7,5.6090474128723145,RoadOption.STRAIGHT,2.0950863361358643,-57.444480895996094,0.015969112844442135,2.8,1.2,4.5,3.0,10.0,0.6,0.01,0.06,0.55,0.16,0.2,0.35,1.5,12,10.0,14.0,0.9,1.2,0.6,0.01,0.06,0.65,0.3,0.72,0.005,0.38,0.22,0.01,0.14,1.0,0.28
mpc,ground_truth,curvy,400.0,0.05,0.1,1.0,83.46267455816269,-8.24648666381836,-57.56399154663086,5.192468482294816,14.251975962149626,0.029628211002323004,-0.014485199355013023,0.029628211002323004,0.014485199355013023,0.01124508399516344,0.000767512246966362,1.0,0.0,19.444444444444443,12,7,5.3563232421875,RoadOption.STRAIGHT,2.0950863361358643,-57.444480895996094,0.015969112844442135,2.8,1.2,4.5,3.0,10.0,0.6,0.01,0.06,0.55,0.16,0.2,0.35,1.5,12,10.0,14.0,0.9,1.2,0.6,0.01,0.06,0.65,0.3,0.72,0.005,0.38,0.22,0.01,0.14,1.0,0.28
mpc,ground_truth,curvy,400.0,0.05,0.1,1.0,83.51267455890775,-7.976873397827148,-57.56296157836914,5.5057440719837984,13.938700372460644,0.027070589237457268,-0.013415141359056193,0.027070589237457268,0.013415141359056193,0.011831003241240978,0.0005859192460775375,1.0,0.0,19.444444444444443,12,7,5.086709976196289,RoadOption.STRAIGHT,2.0950863361358643,-57.444480895996094,0.015969112844442135,2.8,1.2,4.5,3.0,10.0,0.6,0.01,0.06,0.55,0.16,0.2,0.35,1.5,12,10.0,14.0,0.9,1.2,0.6,0.01,0.06,0.65,0.3,0.72,0.005,0.38,0.22,0.01,0.14,1.0,0.28
mpc,ground_truth,curvy,400.0,0.05,0.1,1.0,83.5626745596528,-7.698985576629639,-57.56156539916992,5.618180593039186,13.826263851405256,0.024769043999017658,-0.01223580006663072,0.024769043999017658,0.01223580006663072,0.011537467129528522,-0.00029353611171245575,1.0,0.0,19.444444444444443,13,7,4.8088202476501465,RoadOption.STRAIGHT,3.1059606075286865,-57.42900085449219,6.297060376458899,2.8,1.2,4.5,3.0,10.0,0.6,0.01,0.06,0.55,0.16,0.2,0.35,1.5,12,10.0,14.0,0.9,1.2,0.6,0.01,0.06,0.65,0.3,0.72,0.005,0.38,0.22,0.01,0.14,1.0,0.28
mpc,ground_truth,curvy,400.0,0.05,0.1,1.0,83.61267456039786,-7.414109706878662,-57.55982971191406,5.7672752189457634,13.67716922549868,0.03274174811312566,-0.013018723589014236,0.03274174811312566,0.013018723589014236,0.0017109840409830213,-0.009826483088545501,1.0,0.0,19.444444444444443,13,8,5.513425350189209,RoadOption.STRAIGHT,3.1059606075286865,-57.42900085449219,6.297060376458899,2.8,1.2,4.5,3.0,10.0,0.6,0.01,0.06,0.55,0.16,0.2,0.35,1.5,12,10.0,14.0,0.9,1.2,0.6,0.01,0.06,0.65,0.3,0.72,0.005,0.38,0.22,0.01,0.14,1.0,0.28
mpc,ground_truth,curvy,400.0,0.05,0.1,1.0,83.66267456114292,-7.1179094314575195,-57.55821990966797,6.037475593466414,13.406968850978028,0.029817822742410627,-0.01234652456497276,0.029817822742410627,0.01234652456497276,0.0014528298052027822,-0.0002581542357802391,1.0,0.0,19.444444444444443,13,8,5.217223644256592,RoadOption.STRAIGHT,3.1059606075286865,-57.42900085449219,6.297060376458899,2.8,1.2,4.5,3.0,10.0,0.6,0.01,0.06,0.55,0.16,0.2,0.35,1.5,12,10.0,14.0,0.9,1.2,0.6,0.01,0.06,0.65,0.3,0.72,0.005,0.38,0.22,0.01,0.14,1.0,0.28
mpc,ground_truth,curvy,400.0,0.05,0.1,1.0,83.71267456188798,-6.807997226715088,-57.55681610107422,6.286859730536813,13.15758471390763,0.026478057797842215,-0.012027950941578602,0.026478057797842215,0.012027950941578602,0.005331363994628191,0.003878534189425409,1.0,0.0,19.444444444444443,14,8,4.907312393188477,RoadOption.STRAIGHT,4.123607158660889,-57.41658020019531,6.293684553461115,2.8,1.2,4.5,3.0,10.0,0.6,0.01,0.06,0.55,0.16,0.2,0.35,1.5,12,10.0,14.0,0.9,1.2,0.6,0.01,0.06,0.65,0.3,0.72,0.005,0.38,0.22,0.01,0.14,1.0,0.28
mpc,ground_truth,curvy,400.0,0.05,0.1,1.0,83.76267456263304,-6.477349758148193,-57.55519104003906,6.7412248595396385,12.703219584904804,0.026184389112540632,-0.012017401026576557,0.026184389112540632,0.012017401026576557,0.003877827897667885,-0.0014535360969603062,1.0,0.0,19.444444444444443,14,9,5.5731730461120605,RoadOption.STRAIGHT,4.123607158660889,-57.41658020019531,6.293684553461115,2.8,1.2,4.5,3.0,10.0,0.6,0.01,0.06,0.55,0.16,0.2,0.35,1.5,12,10.0,14.0,0.9,1.2,0.6,0.01,0.06,0.65,0.3,0.72,0.005,0.38,0.22,0.01,0.14,1.0,0.28
mpc,ground_truth,curvy,400.0,0.05,0.1,1.0,83.8126745633781,-6.1318230628967285,-57.55324172973633,7.030879590913383,12.41356485353106,0.022615930597152292,-0.011445848165645423,0.022615930597152292,0.011445848165645423,0.006875652354210615,0.0029978244565427303,1.0,0.0,19.444444444444443,14,9,5.227646827697754,RoadOption.STRAIGHT,4.123607158660889,-57.41658020019531,6.293684553461115,2.8,1.2,4.5,3.0,10.0,0.6,0.01,0.06,0.55,0.16,0.2,0.35,1.5,12,10.0,14.0,0.9,1.2,0.6,0.01,0.06,0.65,0.3,0.72,0.005,0.38,0.22,0.01,0.14,1.0,0.28
mpc,ground_truth,curvy,400.0,0.05,0.1,1.0,83.86267456412315,-5.769608497619629,-57.55082702636719,7.391167665099645,12.053276779344799,0.019246326655577725,-0.010697434360603442,0.019246326655577725,0.010697434360603442,0.010004573501646519,0.0031289211474359035,1.0,0.0,19.444444444444443,15,9,4.865428447723389,RoadOption.STRAIGHT,5.1412882804870605,-57.40763473510742,6.29030873046333,2.8,1.2,4.5,3.0,10.0,0.6,0.01,0.06,0.55,0.16,0.2,0.35,1.5,12,10.0,14.0,0.9,1.2,0.6,0.01,0.06,0.65,0.3,0.72,0.005,0.38,0.22,0.01,0.14,1.0,0.28
mpc,ground_truth,curvy,400.0,0.05,0.1,1.0,83.91267456486821,-5.390074729919434,-57.54767990112305,7.725608441667267,11.718836002777177,0.01634022999812755,-0.009573602746982157,0.01634022999812755,0.009573602746982157,0.01096641831099987,0.0009618448093533516,1.0,0.0,19.444444444444443,15,10,5.485878944396973,RoadOption.STRAIGHT,5.1412882804870605,-57.40763473510742,6.29030873046333,2.8,1.2,4.5,3.0,10.0,0.6,0.01,0.06,0.55,0.16,0.2,0.35,1.5,12,10.0,14.0,0.9,1.2,0.6,0.01,0.06,0.65,0.3,0.72,0.005,0.38,0.22,0.01,0.14,1.0,0.28
mpc,ground_truth,curvy,400.0,0.05,0.1,1.0,83.96267456561327,-4.991894245147705,-57.54362106323242,8.123420928425965,11.321023516018478,0.014040231528551855,-0.008311861520934993,0.014040231528551855,0.008311861520934993,0.010339911095798016,-0.0006265072152018547,1.0,0.0,19.444444444444443,15,10,5.087679386138916,RoadOption.STRAIGHT,5.1412882804870605,-57.40763473510742,6.29030873046333,2.8,1.2,4.5,3.0,10.0,0.6,0.01,0.06,0.55,0.16,0.2,0.35,1.5,12,10.0,14.0,0.9,1.2,0.6,0.01,0.06,0.65,0.3,0.72,0.005,0.38,0.22,0.01,0.14,1.0,0.28
mpc,ground_truth,curvy,400.0,0.05,0.1,1.0,84.01267456635833,-4.575098991394043,-57.53877639770508,8.479444275300876,10.965000169143567,0.012228711787486482,-0.0068081466225704546,0.012228711787486482,0.0068081466225704546,0.007890383712947369,-0.002449527382850647,1.0,0.0,19.444444444444443,16,10,4.670856475830078,RoadOption.STRAIGHT,6.158995628356934,-57.40210723876953,6.286932907465546,2.8,1.2,4.5,3.0,10.0,0.6,0.01,0.06,0.55,0.16,0.2,0.35,1.5,12,10.0,14.0,0.9,1.2,0.6,0.01,0.06,0.65,0.3,0.72,0.005,0.38,0.22,0.01,0.14,1.0,0.28
mpc,ground_truth,curvy,400.0,0.05,0.1,1.0,84.06267456710339,-4.139062881469727,-57.53327560424805,8.882232471041334,10.562211973403109,0.010766102079675377,-0.005350080489914255,0.010766102079675377,0.005350080489914255,0.004738756455481052,-0.0031516272574663162,1.0,0.0,19.444444444444443,16,11,5.23478364944458,RoadOption.STRAIGHT,6.158995628356934,-57.40210723876953,6.286932907465546,2.8,1.2,4.5,3.0,10.0,0.6,0.01,0.06,0.55,0.16,0.2,0.35,1.5,12,10.0,14.0,0.9,1.2,0.6,0.01,0.06,0.65,0.3,0.72,0.005,0.38,0.22,0.01,0.14,1.0,0.28
mpc,ground_truth,curvy,400.0,0.05,0.1,1.0,84.11267456784844,-3.683743476867676,-57.52730941772461,9.261221929770008,10.183222514674435,0.009460789971442132,-0.0042248169070582264,0.009460789971442132,0.0042248169070582264,0.002320058410987258,-0.0024186980444937944,1.0,0.0,19.444444444444443,17,11,4.779425144195557,RoadOption.STRAIGHT,7.176715850830078,-57.399993896484375,6.283557084467762,2.8,1.2,4.5,3.0,10.0,0.6,0.01,0.06,0.55,0.16,0.2,0.35,1.5,12,10.0,14.0,0.9,1.2,0.6,0.01,0.06,0.65,0.3,0.72,0.005,0.38,0.22,0.01,0.14,1.0,0.28
mpc,ground_truth,curvy,400.0,0.05,0.1,1.0,84.1626745685935,-3.208065986633301,-57.52100372314453,9.676945966211676,9.767498478232767,0.008169968345434278,-0.0034598654958251096,0.008169968345434278,0.0034598654958251096,-0.00036701816134154797,-0.002687076572328806,1.0,0.0,19.444444444444443,17,12,5.303704261779785,RoadOption.STRAIGHT,7.176715850830078,-57.399993896484375,6.283557084467762,2.8,1.2,4.5,3.0,10.0,0.6,0.01,0.06,0.55,0.16,0.2,0.35,1.5,12,10.0,14.0,0.9,1.2,0.6,0.01,0.06,0.65,0.3,0.72,0.005,0.38,0.22,0.01,0.14,1.0,0.28
mpc,ground_truth,curvy,400.0,0.05,0.1,1.0,84.21267456933856,-2.71282958984375,-57.514549255371094,10.056590142060026,9.387854302384417,0.006715463369089125,-0.003101100246288624,0.006715463369089125,0.003101100246288624,-0.00010996460332535207,0.0002570535580161959,1.0,0.0,19.444444444444443,18,12,4.808426380157471,RoadOption.STRAIGHT,8.181218147277832,-57.40031433105469,6.28277624563615,2.8,1.2,4.5,3.0,10.0,0.6,0.01,0.06,0.55,0.16,0.2,0.35,1.5,12,10.0,14.0,0.9,1.2,0.6,0.01,0.06,0.65,0.3,0.72,0.005,0.38,0.22,0.01,0.14,1.0,0.28
mpc,ground_truth,curvy,400.0,0.05,0.1,1.0,84.26267457008362,-2.198903799057007,-57.507904052734375,10.425187099829087,9.019257344615356,-0.005292603778062371,-0.000882540376332841,0.005292603778062371,0.000882540376332841,0.0018176953308284283,0.0019276599341537803,1.0,0.0,19.444444444444443,18,13,5.305451393127441,RoadOption.STRAIGHT,8.181218147277832,-57.40031433105469,6.28277624563615,2.8,1.2,4.5,3.0,10.0,0.6,0.01,0.06,0.55,0.16,0.2,0.35,1.5,12,10.0,14.0,0.9,1.2,0.6,0.01,0.06,0.65,0.3,0.72,0.005,0.38,0.22,0.01,0.14,1.0,0.28
mpc,ground_truth,curvy,400.0,0.05,0.1,1.0,84.31267457082868,-1.667056679725647,-57.50086975097656,10.778722723943394,8.665721720501049,-0.005638157973819766,-0.0006990329727667444,0.005638157973819766,0.0006990329727667444,0.0018509435467422009,3.324821591377258e-05,1.0,0.0,19.444444444444443,19,13,4.773558616638184,RoadOption.STRAIGHT,9.181218147277832,-57.40072250366211,6.28277624563615,2.8,1.2,4.5,3.0,10.0,0.6,0.01,0.06,0.55,0.16,0.2,0.35,1.5,12,10.0,14.0,0.9,1.2,0.6,0.01,0.06,0.65,0.3,0.72,0.005,0.38,0.22,0.01,0.14,1.0,0.28
mpc,ground_truth,curvy,400.0,0.05,0.1,1.0,84.36267457157373,-1.117786169052124,-57.493377685546875,11.124152297756481,8.320292146687962,-0.021763584168798734,0.0029603292961368766,0.021763584168798734,0.0029603292961368766,0.00861721858382225,0.0067662750370800495,1.0,0.0,19.444444444444443,19,14,5.241955757141113,RoadOption.STRAIGHT,9.181218147277832,-57.40072250366211,6.28277624563615,2.8,1.2,4.5,3.0,10.0,0.6,0.01,0.06,0.55,0.16,0.2,0.35,1.5,12,10.0,14.0,0.9,1.2,0.6,0.01,0.06,0.65,0.3,0.72,0.005,0.38,0.22,0.01,0.14,1.0,0.28
mpc,ground_truth,curvy,400.0,0.05,0.1,1.0,84.41267457231879,-0.5514717698097229,-57.484901428222656,11.462900699994375,7.981543744450068,-0.019233559138161757,0.003798175379535529,0.019233559138161757,0.003798175379535529,0.0038338741287589073,-0.004783344455063343,1.0,0.0,19.444444444444443,20,14,4.6755781173706055,RoadOption.STRAIGHT,10.181218147277832,-57.40113067626953,6.28277624563615,2.8,1.2,4.5,3.0,10.0,0.6,0.01,0.06,0.55,0.16,0.2,0.35,1.5,12,10.0,14.0,0.9,1.2,0.6,0.01,0.06,0.65,0.3,0.72,0.005,0.38,0.22,0.01,0.14,1.0,0.28
mpc,ground_truth,curvy,400.0,0.05,0.1,1.0,84.46267457306385,0.031639937311410904,-57.47565460205078,11.797425556145178,7.6470188882992645,-0.031620261025392706,0.008167330416189778,0.031620261025392706,0.008167330416189778,0.003623177297413349,-0.00021069683134555817,1.0,0.0,19.444444444444443,20,15,5.110101222991943,RoadOption.STRAIGHT,10.181218147277832,-57.40113067626953,6.28277624563615,2.8,1.2,4.5,3.0,10.0,0.6,0.01,0.06,0.55,0.16,0.2,0.35,1.5,12,10.0,14.0,0.9,1.2,0.6,0.01,0.06,0.65,0.3,0.72,0.005,0.38,0.22,0.01,0.14,1.0,0.28
mpc,ground_truth,curvy,400.0,0.05,0.1,1.0,84.51267457380891,0.631367564201355,-57.46581268310547,12.128629686953,7.315814757491443,-0.026050669395347212,0.009047265888082023,0.026050669395347212,0.009047265888082023,-0.005848395638167858,-0.009471572935581207,1.0,0.0,19.444444444444443,21,15,4.51029634475708,RoadOption.STRAIGHT,11.181218147277832,-57.40153884887695,6.28277624563615,2.8,1.2,4.5,3.0,10.0,0.6,0.01,0.06,0.55,0.16,0.2,0.35,1.5,12,10.0,14.0,0.9,1.2,0.6,0.01,0.06,0.65,0.3,0.72,0.005,0.38,0.22,0.01,0.14,1.0,0.28
mpc,ground_truth,curvy,400.0,0.05,0.1,1.0,84.56267457455397,1.2475770711898804,-57.45608901977539,12.457182745385142,6.987261699059301,-0.03557541142714116,0.012538023012254484,0.03557541142714116,0.012538023012254484,-0.007622347678989172,-0.0017739520408213139,1.0,0.0,19.444444444444443,22,16,4.911715030670166,RoadOption.STRAIGHT,12.181214332580566,-57.401947021484375,6.28277624563615,2.8,1.2,4.5,3.0,10.0,0.6,0.01,0.06,0.55,0.16,0.2,0.35,1.5,12,10.0,14.0,0.9,1.2,0.6,0.01,0.06,0.65,0.3,0.72,0.005,0.38,0.22,0.01,0.14,1.0,0.28
mpc,ground_truth,curvy,400.0,0.05,0.1,1.0,84.61267457529902,1.8801679611206055,-57.44684600830078,12.783888222785905,6.660556221658538,-0.044882972412730676,0.015163589838476987,0.044882972412730676,0.015163589838476987,-0.003681969130411744,0.003940378548577428,1.0,0.0,19.444444444444443,22,17,5.296755313873291,RoadOption.STRAIGHT,12.181214332580566,-57.401947021484375,6.28277624563615,2.8,1.2,4.5,3.0,10.0,0.6,0.01,0.06,0.55,0.16,0.2,0.35,1.5,12,10.0,14.0,0.9,1.2,0.6,0.01,0.06,0.65,0.3,0.72,0.005,0.38,0.22,0.01,0.14,1.0,0.28
mpc,ground_truth,curvy,400.0,0.05,0.1,1.0,84.66267457604408,2.5290565490722656,-57.43775939941406,13.10920425970648,6.3352401847379625,-0.03603760618797917,0.014215048840190647,0.03603760618797917,0.014215048840190647,-0.010332482866942883,-0.006650513736531138,1.0,0.0,19.444444444444443,23,17,4.647812843322754,RoadOption.STRAIGHT,13.181214332580566,-57.4023551940918,6.28277624563615,2.8,1.2,4.5,3.0,10.0,0.6,0.01,0.06,0.55,0.16,0.2,0.35,1.5,12,10.0,14.0,0.9,1.2,0.6,0.01,0.06,0.65,0.3,0.72,0.005,0.38,0.22,0.01,0.14,1.0,0.28
mpc,ground_truth,curvy,400.0,0.05,0.1,1.0,84.71267457678914,3.1941750049591064,-57.429325103759766,13.43299698122458,6.011447463219863,-0.031050777785961752,0.013589614820862295,0.031050777785961752,0.013589614820862295,-0.009398946538567543,0.0009335363283753395,1.0,0.0,19.444444444444443,24,18,4.987127780914307,RoadOption.STRAIGHT,14.181214332580566,-57.40276336669922,6.28277624563615,2.8,1.2,4.5,3.0,10.0,0.6,0.01,0.06,0.55,0.16,0.2,0.35,1.5,12,10.0,14.0,0.9,1.2,0.6,0.01,0.06,0.65,0.3,0.72,0.005,0.38,0.22,0.01,0.14,1.0,0.28
mpc,ground_truth,curvy,400.0,0.05,0.1,1.0,84.7626745775342,3.87546706199646,-57.42181396484375,13.755839998825723,5.68860444561872,-0.023261838084516744,0.011744369798492471,0.023261838084516744,0.011744369798492471,-0.012002043426036835,-0.0026030968874692917,1.0,0.0,19.444444444444443,24,19,5.305792808532715,RoadOption.STRAIGHT,14.181214332580566,-57.40276336669922,6.28277624563615,2.8,1.2,4.5,3.0,10.0,0.6,0.01,0.06,0.55,0.16,0.2,0.35,1.5,12,10.0,14.0,0.9,1.2,0.6,0.01,0.06,0.65,0.3,0.72,0.005,0.38,0.22,0.01,0.14,1.0,0.28
mpc,ground_truth,curvy,400.0,0.05,0.1,1.0,84.81267457827926,4.572880744934082,-57.41550064086914,14.07758801911723,5.366856425327214,-0.016663229528515715,0.009496131286842235,0.016663229528515715,0.009496131286842235,-0.012670970521867275,-0.0006689270958304405,1.0,0.0,19.444444444444443,25,19,4.608361721038818,RoadOption.STRAIGHT,15.181214332580566,-57.403175354003906,6.28277624563615,2.8,1.2,4.5,3.0,10.0,0.6,0.01,0.06,0.55,0.16,0.2,0.35,1.5,12,10.0,14.0,0.9,1.2,0.6,0.01,0.06,0.65,0.3,0.72,0.005,0.38,0.22,0.01,0.14,1.0,0.28
mpc,ground_truth,curvy,400.0,0.05,0.1,1.0,84.86267457902431,5.286366939544678,-57.41067123413086,14.39846170468299,5.0459827397614525,-0.011542852397198109,0.006861567449413464,0.011542852397198109,0.006861567449413464,-0.010247300378978252,0.002423670142889023,1.0,0.0,19.444444444444443,26,20,4.894860744476318,RoadOption.STRAIGHT,16.181215286254883,-57.40358352661133,6.28277624563615,2.8,1.2,4.5,3.0,10.0,0.6,0.01,0.06,0.55,0.16,0.2,0.35,1.5,12,10.0,14.0,0.9,1.2,0.6,0.01,0.06,0.65,0.3,0.72,0.005,0.38,0.22,0.01,0.14,1.0,0.28
mpc,ground_truth,curvy,400.0,0.05,0.1,1.0,84.91267457976937,6.01588773727417,-57.40730285644531,14.718670023346768,4.725774421097675,-0.007876945057059614,0.004157165853437839,0.007876945057059614,0.004157165853437839,-0.005643629468977451,0.004603670910000801,1.0,0.0,19.444444444444443,26,21,5.1653337478637695,RoadOption.STRAIGHT,16.181215286254883,-57.40358352661133,6.28277624563615,2.8,1.2,4.5,3.0,10.0,0.6,0.01,0.06,0.55,0.16,0.2,0.35,1.5,12,10.0,14.0,0.9,1.2,0.6,0.01,0.06,0.65,0.3,0.72,0.005,0.38,0.22,0.01,0.14,1.0,0.28
mpc,ground_truth,curvy,400.0,0.05,0.1,1.0,84.96267458051443,6.761404991149902,-57.40510559082031,15.038217945431816,4.406226499012627,-0.005374717185871187,0.0018425476615062664,0.005374717185871187,0.0018425476615062664,-0.0007271852227859199,0.004916444246191531,1.0,0.0,19.444444444444443,27,21,4.4198150634765625,RoadOption.STRAIGHT,17.181215286254883,-57.40399169921875,6.28277624563615,2.8,1.2,4.5,3.0,10.0,0.6,0.01,0.06,0.55,0.16,0.2,0.35,1.5,12,10.0,14.0,0.9,1.2,0.6,0.01,0.06,0.65,0.3,0.72,0.005,0.38,0.22,0.01,0.14,1.0,0.28
mpc,ground_truth,curvy,400.0,0.05,0.1,1.0,85.01267458125949,7.522880554199219,-57.403656005859375,15.357029622637434,4.087414821807009,-0.0036145293841017357,0.00028549087698426234,0.0036145293841017357,0.00028549087698426234,0.0027057661209255457,0.0034329513437114656,1.0,0.0,19.444444444444443,28,22,4.658334255218506,RoadOption.STRAIGHT,18.181215286254883,-57.40439987182617,6.28277624563615,2.8,1.2,4.5,3.0,10.0,0.6,0.01,0.06,0.55,0.16,0.2,0.35,1.5,12,10.0,14.0,0.9,1.2,0.6,0.01,0.06,0.65,0.3,0.72,0.005,0.38,0.22,0.01,0.14,1.0,0.28
mpc,ground_truth,curvy,400.0,0.05,0.1,1.0,85.06267458200455,8.300273895263672,-57.40260696411133,15.675093814169278,3.7693506302751647,-0.0022483749714957376,-0.0004021373896199165,0.0022483749714957376,0.0004021373896199165,0.0037571429274976254,0.0010513768065720797,1.0,0.0,19.444444444444443,29,23,4.8809404373168945,RoadOption.STRAIGHT,19.181215286254883,-57.404808044433594,6.28277624563615,2.8,1.2,4.5,3.0,10.0,0.6,0.01,0.06,0.55,0.16,0.2,0.35,1.5,12,10.0,14.0,0.9,1.2,0.6,0.01,0.06,0.65,0.3,0.72,0.005,0.38,0.22,0.01,0.14,1.0,0.28
mpc,ground_truth,curvy,400.0,0.05,0.1,1.0,85.1126745827496,9.093549728393555,-57.40174865722656,15.992463977000241,3.4519804674442014,-0.0010664584896763131,-0.0003893542163879715,0.0010664584896763131,0.0003893542163879715,0.0026307133957743645,-0.0011264295317232609,1.0,0.0,19.444444444444443,29,24,5.08766508102417,RoadOption.STRAIGHT,19.181215286254883,-57.404808044433594,6.28277624563615,2.8,1.2,4.5,3.0,10.0,0.6,0.01,0.06,0.55,0.16,0.2,0.35,1.5,12,10.0,14.0,0.9,1.2,0.6,0.01,0.06,0.65,0.3,0.72,0.005,0.38,0.22,0.01,0.14,1.0,0.28
mpc,ground_truth,curvy,400.0,0.05,0.1,1.0,85.16267458349466,9.902673721313477,-57.40103530883789,16.309160466354392,3.135283978090051,-2.212866054232196e-05,-2.6098978682220775e-05,2.212866054232196e-05,2.6098978682220775e-05,0.0003886135818902403,-0.002242099813884124,1.0,0.0,19.444444444444443,30,24,4.278541088104248,RoadOption.STRAIGHT,20.181215286254883,-57.405216217041016,6.28277624563615,2.8,1.2,4.5,3.0,10.0,0.6,0.01,0.06,0.55,0.16,0.2,0.35,1.5,12,10.0,14.0,0.9,1.2,0.6,0.01,0.06,0.65,0.3,0.72,0.005,0.38,0.22,0.01,0.14,1.0,0.28
mpc,ground_truth,curvy,400.0,0.05,0.1,1.0,85.21267458423972,10.72761344909668,-57.40053939819336,16.62516708251834,2.819277361926101,0.0008141587895661964,0.0003195793308101713,0.0008141587895661964,0.0003195793308101713,-0.0016699957195669413,-0.0020586093014571816,1.0,0.0,19.444444444444443,31,25,4.453601837158203,RoadOption.STRAIGHT,21.181215286254883,-57.40562438964844,6.28277624563615,2.8,1.2,4.5,3.0,10.0,0.6,0.01,0.06,0.55,0.16,0.2,0.35,1.5,12,10.0,14.0,0.9,1.2,0.6,0.01,0.06,0.65,0.3,0.72,0.005,0.38,0.22,0.01,0.14,1.0,0.28
mpc,ground_truth,curvy,400.0,0.05,0.1,1.0,85.26267458498478,11.568330764770508,-57.400360107421875,16.940473580940168,2.503970863504275,0.001336465310334366,0.0004053331181639308,0.001336465310334366,0.0004053331181639308,-0.0026422441005706787,-0.0009722483810037374,1.0,0.0,19.444444444444443,32,26,4.61288595199585,RoadOption.STRAIGHT,22.181215286254883,-57.40603256225586,6.28277624563615,2.8,1.2,4.5,3.0,10.0,0.6,0.01,0.06,0.55,0.16,0.2,0.35,1.5,12,10.0,14.0,0.9,1.2,0.6,0.01,0.06,0.65,0.3,0.72,0.005,0.38,0.22,0.01,0.14,1.0,0.28
mpc,ground_truth,curvy,400.0,0.05,0.1,1.0,85.31267458572984,12.42479419708252,-57.40053939819336,17.255102412885204,2.1893420315592387,0.001506631838841744,0.00017949705747177802,0.001506631838841744,0.00017949705747177802,-0.0022258704993873835,0.00041637360118329525,0.9860506057739258,0.0,19.444444444444443,33,27,4.756422519683838,RoadOption.STRAIGHT,23.181215286254883,-57.40644073486328,6.28277624563615,2.8,1.2,4.5,3.0,10.0,0.6,0.01,0.06,0.55,0.16,0.2,0.35,1.5,12,10.0,14.0,0.9,1.2,0.6,0.01,0.06,0.65,0.3,0.72,0.005,0.38,0.22,0.01,0.14,1.0,0.28
mpc,ground_truth,curvy,400.0,0.05,0.1,1.0,85.3626745864749,13.29694652557373,-57.401039123535156,17.56785893329188,1.8765855111525624,0.001362781547752896,-0.00023861929868917997,0.001362781547752896,0.00023861929868917997,-0.0008100020932033658,0.0014158684061840177,0.8006435036659241,0.0,19.444444444444443,34,28,4.884270191192627,RoadOption.STRAIGHT,24.181215286254883,-57.4068489074707,6.28277624563615,2.8,1.2,4.5,3.0,10.0,0.6,0.01,0.06,0.55,0.16,0.2,0.35,1.5,12,10.0,14.0,0.9,1.2,0.6,0.01,0.06,0.65,0.3,0.72,0.005,0.38,0.22,0.01,0.14,1.0,0.28
mpc,ground_truth,curvy,400.0,0.05,0.1,1.0,85.41267458721995,14.184375762939453,-57.40175247192383,17.86401723399069,1.5804272104537525,0.0010115574234108313,-0.0006455501832167698,0.0010115574234108313,0.0006455501832167698,0.0008529775659553707,0.0016629796591587365,0.6428663730621338,0.0,19.444444444444443,35,29,4.996840476989746,RoadOption.STRAIGHT,25.181215286254883,-57.40726089477539,6.28277624563615,2.8,1.2,4.5,3.0,10.0,0.6,0.01,0.06,0.55,0.16,0.2,0.35,1.5,12,10.0,14.0,0.9,1.2,0.6,0.01,0.06,0.65,0.3,0.72,0.005,0.38,0.22,0.01,0.14,1.0,0.28
mpc,ground_truth,curvy,400.0,0.05,0.1,1.0,85.46267458796501,15.085237503051758,-57.40251922607422,18.111463465774225,1.3329809786702178,0.0006124222619707416,-0.0008575376109307697,0.0006124222619707416,0.0008575376109307697,0.0020018666982650757,0.001148889132309705,0.5528531074523926,0.0,19.444444444444443,35,30,5.095978736877441,RoadOption.STRAIGHT,25.181215286254883,-57.40726089477539,6.28277624563615,2.8,1.2,4.5,3.0,10.0,0.6,0.01,0.06,0.55,0.16,0.2,0.35,1.5,12,10.0,14.0,0.9,1.2,0.6,0.01,0.06,0.65,0.3,0.72,0.005,0.38,0.22,0.01,0.14,1.0,0.28
mpc,ground_truth,curvy,400.0,0.05,0.1,1.0,85.51267458871007,15.996504783630371,-57.40321731567383,18.293291306875187,1.1511531375692563,0.00028709711064848847,-0.0007909587137158169,0.00028709711064848847,0.0007909587137158169,0.0022172662429511547,0.00021539954468607903,0.5224984884262085,0.0,19.444444444444443,36,30,4.184711456298828,RoadOption.STRAIGHT,26.181215286254883,-57.40766906738281,6.28277624563615,2.8,1.2,4.5,3.0,10.0,0.6,0.01,0.06,0.55,0.16,0.2,0.35,1.5,12,10.0,14.0,0.9,1.2,0.6,0.01,0.06,0.65,0.3,0.72,0.005,0.38,0.22,0.01,0.14,1.0,0.28
mpc,ground_truth,curvy,400.0,0.05,0.1,1.0,85.56267458945513,16.914928436279297,-57.40377426147461,18.412990134573125,1.031454309871318,0.00010495418411159835,-0.0004905540777366824,0.00010495418411159835,0.0004905540777366824,0.001535156974568963,-0.0006821092683821917,0.5252339839935303,0.0,19.444444444444443,37,31,4.266287803649902,RoadOption.STRAIGHT,27.181215286254883,-57.408077239990234,6.28277624563615,2.8,1.2,4.5,3.0,10.0,0.6,0.01,0.06,0.55,0.16,0.2,0.35,1.5,12,10.0,14.0,0.9,1.2,0.6,0.01,0.06,0.65,0.3,0.72,0.005,0.38,0.22,0.01,0.14,1.0,0.28
mpc,ground_truth,curvy,400.0,0.05,0.1,1.0,85.61267459020019,17.83782196044922,-57.404178619384766,18.48473979298855,0.959704651455894,7.722758792568928e-05,-9.640636644192568e-05,7.722758792568928e-05,9.640636644192568e-05,0.00035785752697847784,-0.0011772994475904852,0.5397232174873352,0.0,19.444444444444443,38,32,4.3433942794799805,RoadOption.STRAIGHT,28.181215286254883,-57.408485412597656,6.28277624563615,2.8,1.2,4.5,3.0,10.0,0.6,0.01,0.06,0.55,0.16,0.2,0.35,1.5,12,10.0,14.0,0.9,1.2,0.6,0.01,0.06,0.65,0.3,0.72,0.005,0.38,0.22,0.01,0.14,1.0,0.28
mpc,ground_truth,curvy,400.0,0.05,0.1,1.0,85.66267459094524,18.763277053833008,-57.40449905395508,18.524408734519266,0.9200357099251768,0.00013447216398904918,0.00023062976665588764,0.00013447216398904918,0.00023062976665588764,-0.000749351573176682,-0.0011072091001551598,0.554418683052063,0.0,19.444444444444443,39,33,4.417939186096191,RoadOption.STRAIGHT,29.181215286254883,-57.40889358520508,6.28277624563615,2.8,1.2,4.5,3.0,10.0,0.6,0.01,0.06,0.55,0.16,0.2,0.35,1.5,12,10.0,14.0,0.9,1.2,0.6,0.01,0.06,0.65,0.3,0.72,0.005,0.38,0.22,0.01,0.14,1.0,0.28
mpc,ground_truth,curvy,400.0,0.05,0.1,1.0,85.7126745916903,19.69010353088379,-57.404808044433594,18.544861719096993,0.8995827253474502,0.00020372181119562524,0.00037816888088659795,0.00020372181119562524,0.00037816888088659795,-0.001353611471131444,-0.000604259897954762,0.5652060508728027,0.0,19.444444444444443,40,34,4.491112232208252,RoadOption.STRAIGHT,30.181215286254883,-57.4093017578125,6.28277624563615,2.8,1.2,4.5,3.0,10.0,0.6,0.01,0.06,0.55,0.16,0.2,0.35,1.5,12,10.0,14.0,0.9,1.2,0.6,0.01,0.06,0.65,0.3,0.72,0.005,0.38,0.22,0.01,0.14,1.0,0.28
mpc,ground_truth,curvy,400.0,0.05,0.1,1.0,85.76267459243536,20.617616653442383,-57.405174255371094,18.55480396298448,0.8896404814599634,0.0002198465814150668,0.0003238404129355388,0.0002198465814150668,0.0003238404129355388,-0.001250721514225006,0.00010288995690643787,0.5718535780906677,0.0,19.444444444444443,41,35,4.563599109649658,RoadOption.STRAIGHT,31.181215286254883,-57.40970993041992,6.28277624563615,2.8,1.2,4.5,3.0,10.0,0.6,0.01,0.06,0.55,0.16,0.2,0.35,1.5,12,10.0,14.0,0.9,1.2,0.6,0.01,0.06,0.65,0.3,0.72,0.005,0.38,0.22,0.01,0.14,1.0,0.28
mpc,ground_truth,curvy,400.0,0.05,0.1,1.0,85.81267459318042,21.545461654663086,-57.40562438964844,18.55942100294566,0.8850234414987845,0.00014836908065976508,0.0001331580219945394,0.00014836908065976508,0.0001331580219945394,-0.000638214813079685,0.0006125067011453211,0.5754736065864563,0.0,19.444444444444443,42,36,4.635754585266113,RoadOption.STRAIGHT,32.18121337890625,-57.410118103027344,6.28277624563615,2.8,1.2,4.5,3.0,10.0,0.6,0.01,0.06,0.55,0.16,0.2,0.35,1.5,12,10.0,14.0,0.9,1.2,0.6,0.01,0.06,0.65,0.3,0.72,0.005,0.38,0.22,0.01,0.14,1.0,0.28
mpc,ground_truth,curvy,400.0,0.05,0.1,1.0,85.86267459392548,22.47346305847168,-57.40612030029297,18.56150813740667,0.8829363070377738,3.1179194829089596e-05,-8.41558579365298e-05,3.1179194829089596e-05,8.41558579365298e-05,0.0001515399053459987,0.0007897547184256837,0.5772572159767151,0.0,19.444444444444443,43,37,4.7077531814575195,RoadOption.STRAIGHT,33.18121337890625,-57.410526275634766,6.28277624563615,2.8,1.2,4.5,3.0,10.0,0.6,0.01,0.06,0.55,0.16,0.2,0.35,1.5,12,10.0,14.0,0.9,1.2,0.6,0.01,0.06,0.65,0.3,0.72,0.005,0.38,0.22,0.01,0.14,1.0,0.28
mpc,ground_truth,curvy,400.0,0.05,0.1,1.0,85.91267459467053,23.40154457092285,-57.40663146972656,18.562449776660117,0.8819946677843262,-0.000101236709423387,-0.0002269013248747953,0.000101236709423387,0.0002269013248747953,0.0007579680532217026,0.0006064281478757039,0.5780668258666992,0.0,19.444444444444443,44,38,4.779671669006348,RoadOption.STRAIGHT,34.18121337890625,-57.41093444824219,6.28277624563615,2.8,1.2,4.5,3.0,10.0,0.6,0.01,0.06,0.55,0.16,0.2,0.35,1.5,12,10.0,14.0,0.9,1.2,0.6,0.01,0.06,0.65,0.3,0.72,0.005,0.38,0.22,0.01,0.14,1.0,0.28
mpc,ground_truth,curvy,400.0,0.05,0.1,1.0,85.96267459541559,24.32965850830078,-57.4070930480957,18.56289305361963,0.8815513908248143,-0.00018404828958159332,-0.00024394555585072197,0.00018404828958159332,0.00024394555585072197,0.0009406351600773633,0.00018266710685566068,0.5783988833427429,0.0,19.444444444444443,45,39,4.851557731628418,RoadOption.STRAIGHT,35.18121337890625,-57.41134262084961,6.28277624563615,2.8,1.2,4.5,3.0,10.0,0.6,0.01,0.06,0.55,0.16,0.2,0.35,1.5,12,10.0,14.0,0.9,1.2,0.6,0.01,0.06,0.65,0.3,0.72,0.005,0.38,0.22,0.01,0.14,1.0,0.28
mpc,ground_truth,curvy,400.0,0.05,0.1,1.0,86.01267459616065,25.257795333862305,-57.40748977661133,18.563124818073703,0.8813196263707397,-0.00020200065897443484,-0.00014540853049904712,0.00020200065897443484,0.00014540853049904712,0.0006914654513821006,-0.00024916970869526267,0.5785136818885803,0.0,19.444444444444443,46,40,4.9234209060668945,RoadOption.STRAIGHT,36.18121337890625,-57.4117546081543,6.28277624563615,2.8,1.2,4.5,3.0,10.0,0.6,0.01,0.06,0.55,0.16,0.2,0.35,1.5,12,10.0,14.0,0.9,1.2,0.6,0.01,0.06,0.65,0.3,0.72,0.005,0.38,0.22,0.01,0.14,1.0,0.28
mpc,ground_truth,curvy,400.0,0.05,0.1,1.0,86.06267459690571,26.185941696166992,-57.4078254699707,18.56325978792529,0.881184656519153,-0.00015891397610905415,9.054780215400626e-06,0.00015891397610905415,9.054780215400626e-06,0.00018453129450790584,-0.0005069341568741947,0.5785488486289978,0.0,19.444444444444443,47,41,4.995274543762207,RoadOption.STRAIGHT,37.18121337890625,-57.41216278076172,6.28277624563615,2.8,1.2,4.5,3.0,10.0,0.6,0.01,0.06,0.55,0.16,0.2,0.35,1.5,12,10.0,14.0,0.9,1.2,0.6,0.01,0.06,0.65,0.3,0.72,0.005,0.38,0.22,0.01,0.14,1.0,0.28
mpc,ground_truth,curvy,400.0,0.05,0.1,1.0,86.11267459765077,27.114093780517578,-57.40811538696289,18.563345567684568,0.8810988767598751,-7.004780899426888e-05,0.00014381066635493767,7.004780899426888e-05,0.00014381066635493767,-0.00033213343704119325,-0.0005166647315490991,0.5785564184188843,0.0,19.444444444444443,47,42,5.067120552062988,RoadOption.STRAIGHT,37.18121337890625,-57.41216278076172,6.28277624563615,2.8,1.2,4.5,3.0,10.0,0.6,0.01,0.06,0.55,0.16,0.2,0.35,1.5,12,10.0,14.0,0.9,1.2,0.6,0.01,0.06,0.65,0.3,0.72,0.005,0.38,0.22,0.01,0.14,1.0,0.28
mpc,ground_truth,curvy,400.0,0.05,0.1,1.0,86.16267459839582,28.04226303100586,-57.40840148925781,18.563404971073826,0.8810394733706168,2.35282556073327e-05,0.00020453077171822542,2.35282556073327e-05,0.00020453077171822542,-0.0006412541843019426,-0.00030912074726074934,0.5785524249076843,0.0,19.444444444444443,48,42,4.138951301574707,RoadOption.STRAIGHT,38.18121337890625,-57.41257095336914,6.28277624563615,2.8,1.2,4.5,3.0,10.0,0.6,0.01,0.06,0.55,0.16,0.2,0.35,1.5,12,10.0,14.0,0.9,1.2,0.6,0.01,0.06,0.65,0.3,0.72,0.005,0.38,0.22,0.01,0.14,1.0,0.28
mpc,ground_truth,curvy,400.0,0.05,0.1,1.0,86.21267459914088,28.970428466796875,-57.408729553222656,18.56344748585324,0.8809969585912043,7.425213459518343e-05,0.00017417075154568806,7.425213459518343e-05,0.00017417075154568806,-0.000629835354629904,1.1418829672038555e-05,0.5785471796989441,0.0,19.444444444444443,49,43,4.210785865783691,RoadOption.STRAIGHT,39.18121337890625,-57.41297912597656,6.28277624563615,2.8,1.2,4.5,3.0,10.0,0.6,0.01,0.06,0.55,0.16,0.2,0.35,1.5,12,10.0,14.0,0.9,1.2,0.6,0.01,0.06,0.65,0.3,0.72,0.005,0.38,0.22,0.01,0.14,1.0,0.28
mpc,ground_truth,curvy,400.0,0.05,0.1,1.0,86.26267459988594,29.89859962463379,-57.40910339355469,18.563476698396336,0.8809677460481069,7.920199089430594e-05,7.77643363401026e-05,7.920199089430594e-05,7.77643363401026e-05,-0.0003561688063200563,0.0002736665483098477,0.5785455703735352,0.0,19.444444444444443,50,44,4.282614707946777,RoadOption.STRAIGHT,40.18121337890625,-57.413387298583984,6.28277624563615,2.8,1.2,4.5,3.0,10.0,0.6,0.01,0.06,0.55,0.16,0.2,0.35,1.5,12,10.0,14.0,0.9,1.2,0.6,0.01,0.06,0.65,0.3,0.72,0.005,0.38,0.22,0.01,0.14,1.0,0.28
mpc,ground_truth,curvy,400.0,0.05,0.1,1.0,86.312674600631,30.82676887512207,-57.40952682495117,18.563496095622977,0.880948348821466,3.4560006666419256e-05,-3.408846195274151e-05,3.4560006666419256e-05,3.408846195274151e-05,2.21274713112507e-05,0.000378296277631307,0.5785457491874695,0.0,19.444444444444443,51,45,4.354445457458496,RoadOption.STRAIGHT,41.18121337890625,-57.413795471191406,6.28277624563615,2.8,1.2,4.5,3.0,10.0,0.6,0.01,0.06,0.55,0.16,0.2,0.35,1.5,12,10.0,14.0,0.9,1.2,0.6,0.01,0.06,0.65,0.3,0.72,0.005,0.38,0.22,0.01,0.14,1.0,0.28
mpc,ground_truth,curvy,400.0,0.05,0.1,1.0,86.36267460137606,31.75494384765625,-57.40995788574219,18.563509338602607,0.8809351058418358,-1.3894333839071377e-05,-0.00011345056490963401,1.3894333839071377e-05,0.00011345056490963401,0.0003506476932670921,0.0003285202219558414,0.5785451531410217,0.0,19.444444444444443,52,46,4.426270484924316,RoadOption.STRAIGHT,42.18121337890625,-57.41420364379883,6.28277624563615,2.8,1.2,4.5,3.0,10.0,0.6,0.01,0.06,0.55,0.16,0.2,0.35,1.5,12,10.0,14.0,0.9,1.2,0.6,0.01,0.06,0.65,0.3,0.72,0.005,0.38,0.22,0.01,0.14,1.0,0.28
mpc,ground_truth,curvy,400.0,0.05,0.1,1.0,86.41267460212111,32.68311309814453,-57.41038131713867,18.563516532538806,0.880927911905637,-5.8536318066957846e-05,-0.00013102739559478493,5.8536318066957846e-05,0.00013102739559478493,0.00046339555410668254,0.00011274786083959043,0.5785481333732605,0.0,19.444444444444443,53,47,4.498101234436035,RoadOption.STRAIGHT,43.18121337890625,-57.41461181640625,6.28277624563615,2.8,1.2,4.5,3.0,10.0,0.6,0.01,0.06,0.55,0.16,0.2,0.35,1.5,12,10.0,14.0,0.9,1.2,0.6,0.01,0.06,0.65,0.3,0.72,0.005,0.38,0.22,0.01,0.14,1.0,0.28
mpc,ground_truth,curvy,400.0,0.05,0.1,1.0,86.46267460286617,33.61128616333008,-57.410770416259766,18.563521813365774,0.8809226310786684,-6.88444693307446e-05,-8.89494828806292e-05,6.88444693307446e-05,8.89494828806292e-05,0.00036276085302233696,-0.00010063470108434558,0.5785472393035889,0.0,19.444444444444443,54,48,4.569928169250488,RoadOption.STRAIGHT,44.18121337890625,-57.41501998901367,6.28277624563615,2.8,1.2,4.5,3.0,10.0,0.6,0.01,0.06,0.55,0.16,0.2,0.35,1.5,12,10.0,14.0,0.9,1.2,0.6,0.01,0.06,0.65,0.3,0.72,0.005,0.38,0.22,0.01,0.14,1.0,0.28
mpc,ground_truth,curvy,400.0,0.05,0.1,1.0,86.51267460361123,34.539459228515625,-57.4111328125,18.56352917496189,0.8809152694825535,-5.244974196927073e-05,-1.4913702104379922e-05,5.244974196927073e-05,1.4913702104379922e-05,0.0001254511735169217,-0.00023730967950541526,0.5785403251647949,0.0,19.444444444444443,55,49,4.641755104064941,RoadOption.STRAIGHT,45.18121337890625,-57.415428161621094,6.28277624563615,2.8,1.2,4.5,3.0,10.0,0.6,0.01,0.06,0.55,0.16,0.2,0.35,1.5,12,10.0,14.0,0.9,1.2,0.6,0.01,0.06,0.65,0.3,0.72,0.005,0.38,0.22,0.01,0.14,1.0,0.28
mpc,ground_truth,curvy,400.0,0.05,0.1,1.0,86.56267460435629,35.46763229370117,-57.41147232055664,18.56353294088442,0.8809115035600215,-1.3166832929002248e-05,5.379588652942857e-05,1.3166832929002248e-05,5.379588652942857e-05,-0.00013049172412138432,-0.000255942897638306,0.5785424113273621,0.0,19.444444444444443,56,50,4.7135820388793945,RoadOption.STRAIGHT,46.18121337890625,-57.41584014892578,6.28277624563615,2.8,1.2,4.5,3.0,10.0,0.6,0.01,0.06,0.55,0.16,0.2,0.35,1.5,12,10.0,14.0,0.9,1.2,0.6,0.01,0.06,0.65,0.3,0.72,0.005,0.38,0.22,0.01,0.14,1.0,0.28
mpc,ground_truth,curvy,400.0,0.05,0.1,1.0,86.61267460510135,36.39580535888672,-57.41181945800781,18.56353309094784,0.8809113534966038,1.8486682218334625e-05,8.948224513627423e-05,1.8486682218334625e-05,8.948224513627423e-05,-0.0002864869311451912,-0.00015599520702380687,0.5785466432571411,0.0,19.444444444444443,57,51,4.785408973693848,RoadOption.STRAIGHT,47.18121337890625,-57.4162483215332,6.28277624563615,2.8,1.2,4.5,3.0,10.0,0.6,0.01,0.06,0.55,0.16,0.2,0.35,1.5,12,10.0,14.0,0.9,1.2,0.6,0.01,0.06,0.65,0.3,0.72,0.005,0.38,0.22,0.01,0.14,1.0,0.28
mpc,ground_truth,curvy,400.0,0.05,0.1,1.0,86.6626746058464,37.323978424072266,-57.41217041015625,18.56353336301508,0.8809110814293639,4.632550041920591e-05,8.149272935664698e-05,4.632550041920591e-05,8.149272935664698e-05,-0.00030381017131730914,-1.732324017211795e-05,0.5785463452339172,0.0,19.444444444444443,58,52,4.857235908508301,RoadOption.STRAIGHT,48.18121337890625,-57.416656494140625,6.28277624563615,2.8,1.2,4.5,3.0,10.0,0.6,0.01,0.06,0.55,0.16,0.2,0.35,1.5,12,10.0,14.0,0.9,1.2,0.6,0.01,0.06,0.65,0.3,0.72,0.005,0.38,0.22,0.01,0.14,1.0,0.28
mpc,ground_truth,curvy,400.0,0.05,0.1,1.0,86.71267460659146,38.25215148925781,-57.41255187988281,18.56353364881935,0.8809107956250912,4.364674304835076e-05,3.9947416351715503e-05,4.364674304835076e-05,3.9947416351715503e-05,-0.00018370820907875896,0.00012010196223855019,0.5785461068153381,0.0,19.444444444444443,59,53,4.929062366485596,RoadOption.STRAIGHT,49.18121337890625,-57.41706466674805,6.28277624563615,2.8,1.2,4.5,3.0,10.0,0.6,0.01,0.06,0.55,0.16,0.2,0.35,1.5,12,10.0,14.0,0.9,1.2,0.6,0.01,0.06,0.65,0.3,0.72,0.005,0.38,0.22,0.01,0.14,1.0,0.28
mpc,ground_truth,curvy,400.0,0.05,0.1,1.0,86.76267460733652,39.18032455444336,-57.41294860839844,18.563533802609083,0.88091064183536,2.5709197891632396e-05,-1.2250508504507707e-05,2.5709197891632396e-05,1.2250508504507707e-05,-5.860736564500257e-06,0.0001778474725142587,0.5785462260246277,0.0,19.444444444444443,59,54,5.000889301300049,RoadOption.STRAIGHT,49.18121337890625,-57.41706466674805,6.28277624563615,2.8,1.2,4.5,3.0,10.0,0.6,0.01,0.06,0.55,0.16,0.2,0.35,1.5,12,10.0,14.0,0.9,1.2,0.6,0.01,0.06,0.65,0.3,0.72,0.005,0.38,0.22,0.01,0.14,1.0,0.28
mpc,ground_truth,curvy,400.0,0.05,0.1,1.0,86.81267460808158,40.10850143432617,-57.41334915161133,18.56353376745007,0.8809106769943718,4.847474991076083e-06,-5.1132692929556356e-05,4.847474991076083e-06,5.1132692929556356e-05,0.00014198568533174694,0.0001478464218962472,0.5785464644432068,0.0,19.444444444444443,60,54,4.0727128982543945,RoadOption.STRAIGHT,50.18121337890625,-57.41747283935547,6.28277624563615,2.8,1.2,4.5,3.0,10.0,0.6,0.01,0.06,0.55,0.16,0.2,0.35,1.5,12,10.0,14.0,0.9,1.2,0.6,0.01,0.06,0.65,0.3,0.72,0.005,0.38,0.22,0.01,0.14,1.0,0.28
mpc,ground_truth,curvy,400.0,0.05,0.1,1.0,86.86267460882664,41.03667449951172,-57.41374969482422,18.56353359846928,0.880910845975162,-1.6904767112108088e-05,-6.285060172572798e-05,1.6904767112108088e-05,6.285060172572798e-05,0.0001996732607949525,5.7687575463205576e-05,0.5785467028617859,0.0,19.444444444444443,61,55,4.1445393562316895,RoadOption.STRAIGHT,51.18121337890625,-57.41788101196289,6.28277624563615,2.8,1.2,4.5,3.0,10.0,0.6,0.01,0.06,0.55,0.16,0.2,0.35,1.5,12,10.0,14.0,0.9,1.2,0.6,0.01,0.06,0.65,0.3,0.72,0.005,0.38,0.22,0.01,0.14,1.0,0.28
mpc,ground_truth,curvy,400.0,0.05,0.1,1.0,86.9126746095717,41.964847564697266,-57.41413879394531,18.56353340793005,0.8809110365143944,-2.339822142942904e-05,-4.7404267403017286e-05,2.339822142942904e-05,4.7404267403017286e-05,0.0001867303071776405,-1.2942953617312014e-05,0.5785468220710754,0.0,19.444444444444443,62,56,4.216366767883301,RoadOption.STRAIGHT,52.18121337890625,-57.41828918457031,6.28277624563615,2.8,1.2,4.5,3.0,10.0,0.6,0.01,0.06,0.55,0.16,0.2,0.35,1.5,12,10.0,14.0,0.9,1.2,0.6,0.01,0.06,0.65,0.3,0.72,0.005,0.38,0.22,0.01,0.14,1.0,0.28
mpc,ground_truth,curvy,400.0,0.05,0.1,1.0,86.96267461031675,42.89302062988281,-57.414520263671875,18.563537061617453,0.8809073828269902,-2.607697880028419e-05,-1.4913702104379922e-05,2.607697880028419e-05,1.4913702104379922e-05,8.45399554236792e-05,-0.0001021903517539613,0.578540027141571,0.0,19.444444444444443,63,57,4.288193702697754,RoadOption.STRAIGHT,53.18121337890625,-57.418697357177734,6.28277624563615,2.8,1.2,4.5,3.0,10.0,0.6,0.01,0.06,0.55,0.16,0.2,0.35,1.5,12,10.0,14.0,0.9,1.2,0.6,0.01,0.06,0.65,0.3,0.72,0.005,0.38,0.22,0.01,0.14,1.0,0.28
mpc,ground_truth,curvy,400.0,0.05,0.1,1.0,87.01267461106181,43.82119369506836,-57.41488265991211,18.56353700919665,0.8809074352477921,-9.682251438810317e-06,1.9174792358356285e-05,9.682251438810317e-06,1.9174792358356285e-05,-3.8136960938572884e-05,-0.00012267691636225209,0.5785444974899292,0.0,19.444444444444443,64,58,4.360020637512207,RoadOption.STRAIGHT,54.18121337890625,-57.419105529785156,6.28277624563615,2.8,1.2,4.5,3.0,10.0,0.6,0.01,0.06,0.55,0.16,0.2,0.35,1.5,12,10.0,14.0,0.9,1.2,0.6,0.01,0.06,0.65,0.3,0.72,0.005,0.38,0.22,0.01,0.14,1.0,0.28
mpc,ground_truth,curvy,400.0,0.05,0.1,1.0,87.06267461180687,44.74937057495117,-57.41524887084961,18.563537064710495,0.880907379733948,2.899339422105223e-06,3.9414816642491246e-05,2.899339422105223e-06,3.9414816642491246e-05,-0.00011958188406424597,-8.144492312567309e-05,0.5785443782806396,0.0,19.444444444444443,65,59,4.4318437576293945,RoadOption.STRAIGHT,55.18121337890625,-57.41951370239258,6.28277624563615,2.8,1.2,4.5,3.0,10.0,0.6,0.01,0.06,0.55,0.16,0.2,0.35,1.5,12,10.0,14.0,0.9,1.2,0.6,0.01,0.06,0.65,0.3,0.72,0.005,0.38,0.22,0.01,0.14,1.0,0.28
mpc,ground_truth,curvy,400.0,0.05,0.1,1.0,87.11267461255193,45.67754364013672,-57.41561508178711,18.56353718248617,0.8809072619582743,1.547936983711351e-05,3.9414816642491246e-05,1.547936983711351e-05,3.9414816642491246e-05,-0.00013885105727240443,-1.9269173208158463e-05,0.5785441994667053,0.0,19.444444444444443,66,60,4.503670692443848,RoadOption.STRAIGHT,56.18121337890625,-57.419925689697266,6.28277624563615,2.8,1.2,4.5,3.0,10.0,0.6,0.01,0.06,0.55,0.16,0.2,0.35,1.5,12,10.0,14.0,0.9,1.2,0.6,0.01,0.06,0.65,0.3,0.72,0.005,0.38,0.22,0.01,0.14,1.0,0.28
mpc,ground_truth,curvy,400.0,0.05,0.1,1.0,87.16267461329699,46.605716705322266,-57.41599655151367,18.5635373089204,0.4809071355240455,1.2800612466258143e-05,2.4501114538111324e-05,1.2800612466258143e-05,2.4501114538111324e-05,-9.546173532726243e-05,4.3389321945142e-05,0.0,0.14145587384700775,19.044444444444444,67,61,4.575497627258301,RoadOption.STRAIGHT,57.18121337890625,-57.42033386230469,6.28277624563615,2.8,1.2,4.5,3.0,10.0,0.6,0.01,0.06,0.55,0.16,0.2,0.35,1.5,12,10.0,14.0,0.9,1.2,0.6,0.01,0.06,0.65,0.3,0.72,0.005,0.38,0.22,0.01,0.14,1.0,0.28
mpc,ground_truth,curvy,400.0,0.05,0.1,1.0,87.21267461404204,47.533260345458984,-57.4163818359375,18.53184106232208,0.11260338212236576,6.04968457416661e-06,1.5979291632106651e-06,6.04968457416661e-06,1.5979291632106651e-06,-1.9370185327716172e-05,7.609154999954626e-05,0.0,0.32440248131752014,18.644444444444446,68,62,4.647953987121582,RoadOption.STRAIGHT,58.18121337890625,-57.42074203491211,6.28277624563615,2.8,1.2,4.5,3.0,10.0,0.6,0.01,0.06,0.55,0.16,0.2,0.35,1.5,12,10.0,14.0,0.9,1.2,0.6,0.01,0.06,0.65,0.3,0.72,0.005,0.38,0.22,0.01,0.14,1.0,0.28
mpc,ground_truth,curvy,400.0,0.05,0.1,1.0,87.2626746147871,48.456077575683594,-57.41676712036133,18.39066863927368,-0.14622419482923377,-2.6346357975676454e-06,-1.757686319425744e-05,2.6346357975676454e-06,1.757686319425744e-05,5.1082246500300243e-05,7.045243182801642e-05,0.0,0.34840071201324463,18.244444444444447,69,63,4.725136756896973,RoadOption.STRAIGHT,59.18121337890625,-57.42115020751953,6.28277624563615,2.8,1.2,4.5,3.0,10.0,0.6,0.01,0.06,0.55,0.16,0.2,0.35,1.5,12,10.0,14.0,0.9,1.2,0.6,0.01,0.06,0.65,0.3,0.72,0.005,0.38,0.22,0.01,0.14,1.0,0.28
mpc,ground_truth,curvy,400.0,0.05,0.1,1.0,87.31267461553216,49.36885070800781,-57.417152404785156,18.158696816935667,-0.31425237249121807,-1.542761024428017e-05,-2.556631395478348e-05,1.542761024428017e-05,2.556631395478348e-05,9.301216050516814e-05,4.1929914004867896e-05,0.0,0.34041547775268555,17.84444444444445,70,64,4.812363624572754,RoadOption.STRAIGHT,60.181209564208984,-57.42155838012695,6.28277624563615,2.8,1.2,4.5,3.0,10.0,0.6,0.01,0.06,0.55,0.16,0.2,0.35,1.5,12,10.0,14.0,0.9,1.2,0.6,0.01,0.06,0.65,0.3,0.72,0.005,0.38,0.22,0.01,0.14,1.0,0.28
mpc,ground_truth,curvy,400.0,0.05,0.1,1.0,87.36267461627722,50.26832580566406,-57.417518615722656,17.874206118583864,-0.4297616741394137,-1.4586814392912074e-05,-2.130532122990303e-05,1.4586814392912074e-05,2.130532122990303e-05,7.472743163816631e-05,-1.828472886700183e-05,0.0,0.34691327810287476,17.44444444444445,71,65,4.912888526916504,RoadOption.STRAIGHT,61.181209564208984,-57.421966552734375,6.28277624563615,2.8,1.2,4.5,3.0,10.0,0.6,0.01,0.06,0.55,0.16,0.2,0.35,1.5,12,10.0,14.0,0.9,1.2,0.6,0.01,0.06,0.65,0.3,0.72,0.005,0.38,0.22,0.01,0.14,1.0,0.28
mpc,ground_truth,curvy,400.0,0.05,0.1,1.0,87.41267461702228,51.15249252319336,-57.41788101196289,17.55554720994649,-0.5111027655020379,-1.2378694076220064e-05,-9.054682687192894e-06,1.2378694076220064e-05,9.054682687192894e-06,5.5577667808393016e-05,-1.9149763829773292e-05,0.0,0.35497164726257324,17.04444444444445,71,66,5.028721332550049,RoadOption.STRAIGHT,61.181209564208984,-57.421966552734375,6.28277624563615,2.8,1.2,4.5,3.0,10.0,0.6,0.01,0.06,0.55,0.16,0.2,0.35,1.5,12,10.0,14.0,0.9,1.2,0.6,0.01,0.06,0.65,0.3,0.72,0.005,0.38,0.22,0.01,0.14,1.0,0.28
mpc,ground_truth,curvy,400.0,0.05,0.1,1.0,87.46267461776733,52.020042419433594,-57.41822814941406,17.21493091495847,-0.570486470514016,-4.634826537358843e-06,5.859019417187028e-06,4.634826537358843e-06,5.859019417187028e-06,3.1099625630304217e-06,-5.2467705245362595e-05,0.0,0.3645382523536682,16.644444444444453,72,66,4.161171913146973,RoadOption.STRAIGHT,62.181209564208984,-57.4223747253418,6.28277624563615,2.8,1.2,4.5,3.0,10.0,0.6,0.01,0.06,0.55,0.16,0.2,0.35,1.5,12,10.0,14.0,0.9,1.2,0.6,0.01,0.06,0.65,0.3,0.72,0.005,0.38,0.22,0.01,0.14,1.0,0.28
mpc,ground_truth,curvy,400.0,0.05,0.1,1.0,87.51267461851239,52.87013626098633,-57.41857147216797,16.860726715731886,-0.6162822712874316,-1.1058212823946822e-06,1.7576895704252138e-05,1.1058212823946822e-06,1.7576895704252138e-05,-5.0077022024197504e-05,-5.3186984587227926e-05,0.0,0.37601837515830994,16.244444444444454,73,67,4.311078071594238,RoadOption.STRAIGHT,63.181209564208984,-57.42278289794922,6.28277624563615,2.8,1.2,4.5,3.0,10.0,0.6,0.01,0.06,0.55,0.16,0.2,0.35,1.5,12,10.0,14.0,0.9,1.2,0.6,0.01,0.06,0.65,0.3,0.72,0.005,0.38,0.22,0.01,0.14,1.0,0.28
mpc,ground_truth,curvy,400.0,0.05,0.1,1.0,87.56267461925745,53.702274322509766,-57.418914794921875,16.498570823395838,-0.6541263789513838,-4.921834914982815e-06,2.1837920939127287e-05,4.921834914982815e-06,2.1837920939127287e-05,-6.507766374852508e-05,-1.5000641724327579e-05,0.0,0.3895098865032196,15.844444444444454,74,68,4.478940010070801,RoadOption.STRAIGHT,64.18121337890625,-57.42319107055664,6.28277624563615,2.8,1.2,4.5,3.0,10.0,0.6,0.01,0.06,0.55,0.16,0.2,0.35,1.5,12,10.0,14.0,0.9,1.2,0.6,0.01,0.06,0.65,0.3,0.72,0.005,0.38,0.22,0.01,0.14,1.0,0.28
mpc,ground_truth,curvy,400.0,0.05,0.1,1.0,87.61267462000251,54.51618194580078,-57.41925811767578,16.132247373879864,-0.6711536931611128,-1.619521954047726e-05,1.81094629034817e-05,1.619521954047726e-05,1.81094629034817e-05,-4.5088614569976926e-05,1.9989049178548157e-05,0.0,0.3750816881656647,15.46109368071875,75,69,4.665032386779785,RoadOption.STRAIGHT,65.18121337890625,-57.42359924316406,6.28277624563615,2.8,1.2,4.5,3.0,10.0,0.6,0.01,0.06,0.55,0.16,0.2,0.35,1.5,12,10.0,14.0,0.9,1.2,0.6,0.01,0.06,0.65,0.3,0.72,0.005,0.38,0.22,0.01,0.14,1.0,0.28
mpc,ground_truth,curvy,400.0,0.05,0.1,1.0,87.66267462074757,55.31179428100586,-57.41957473754883,15.767052090187175,-0.3044468641132383,-8.248063668140834e-06,1.0652676869504774e-05,8.248063668140834e-06,1.0652676869504774e-05,-2.8719201509375125e-05,1.63694130606018e-05,0.3052711486816406,0.0,15.462605226073936,76,70,4.869416236877441,RoadOption.STRAIGHT,66.06481170654297,-57.41557312011719,0.02175243346765821,2.8,1.2,4.5,3.0,10.0,0.6,0.01,0.06,0.55,0.16,0.2,0.35,1.5,12,10.0,14.0,0.9,1.2,0.6,0.01,0.06,0.65,0.3,0.72,0.005,0.38,0.22,0.01,0.14,1.0,0.28
mpc,ground_truth,curvy,400.0,0.05,0.1,1.0,87.71267462149262,56.089900970458984,-57.419891357421875,15.437926667617576,0.023126895410509718,-7.463354512155396e-06,3.728393017432552e-06,7.463354512155396e-06,3.728393017432552e-06,-7.0697374212613795e-06,2.1649464088113746e-05,0.45486730337142944,0.0,15.461053563028086,77,71,5.091309547424316,RoadOption.STRAIGHT,66.93106842041016,-57.3857307434082,0.047124901805061126,2.8,1.2,4.5,3.0,10.0,0.6,0.01,0.06,0.55,0.16,0.2,0.35,1.5,12,10.0,14.0,0.9,1.2,0.6,0.01,0.06,0.65,0.3,0.72,0.005,0.38,0.22,0.01,0.14,1.0,0.28
mpc,ground_truth,curvy,400.0,0.05,0.1,1.0,87.76267462223768,56.85395431518555,-57.42020797729492,15.186336864040875,0.2758076021802047,-1.2427328080143532e-05,-1.5978966541041473e-06,1.2427328080143532e-05,1.5978966541041473e-06,1.6499247067258693e-05,2.3568984488520073e-05,0.516741931438446,0.0,15.46214446622108,77,72,5.327256202697754,RoadOption.STRAIGHT,66.93106842041016,-57.3857307434082,0.047124901805061126,2.8,1.2,4.5,3.0,10.0,0.6,0.01,0.06,0.55,0.16,0.2,0.35,1.5,12,10.0,14.0,0.9,1.2,0.6,0.01,0.06,0.65,0.3,0.72,0.005,0.38,0.22,0.01,0.14,1.0,0.28
mpc,ground_truth,curvy,400.0,0.05,0.1,1.0,87.81267462298274,57.60770034790039,-57.4205207824707,15.008463210411648,0.45368125580943186,-1.6903970787555348e-05,-3.1957607982135983e-06,1.6903970787555348e-05,3.1957607982135983e-06,2.8870348614873365e-05,1.2371101547614671e-05,0.5339245200157166,0.0,15.46214446622108,78,72,4.57351016998291,RoadOption.STRAIGHT,67.7962875366211,-57.33391571044922,0.07249763645857306,2.8,1.2,4.5,3.0,10.0,0.6,0.01,0.06,0.55,0.16,0.2,0.35,1.5,12,10.0,14.0,0.9,1.2,0.6,0.01,0.06,0.65,0.3,0.72,0.005,0.38,0.22,0.01,0.14,1.0,0.28
mpc,ground_truth,curvy,400.0,0.05,0.1,1.0,87.8626746237278,58.35443878173828,-57.42082214355469,14.890658639639431,0.5718588324992666,-1.3692020544738264e-05,-1.0651994175603363e-06,1.3692020544738264e-05,1.0651994175603363e-06,2.0865873011644e-05,-8.004475603229366e-06,0.5334817171096802,0.0,15.462517472138698,79,73,4.8267717361450195,RoadOption.STRAIGHT,68.659912109375,-57.260169982910156,0.09787010479597598,2.8,1.2,4.5,3.0,10.0,0.6,0.01,0.06,0.55,0.16,0.2,0.35,1.5,12,10.0,14.0,0.9,1.2,0.6,0.01,0.06,0.65,0.3,0.72,0.005,0.38,0.22,0.01,0.14,1.0,0.28
mpc,ground_truth,curvy,400.0,0.05,0.1,1.0,87.91267462447286,59.09665298461914,-57.42111587524414,14.815727471152504,0.6453662095662462,-4.702925701431399e-06,3.1958583273095087e-06,4.702925701431399e-06,3.1958583273095087e-06,-2.088828068735893e-06,-2.295470108037989e-05,0.5243045687675476,0.0,15.46109368071875,80,74,5.084561347961426,RoadOption.STRAIGHT,69.52140045166016,-57.1645393371582,0.1232428394494879,2.8,1.2,4.5,3.0,10.0,0.6,0.01,0.06,0.55,0.16,0.2,0.35,1.5,12,10.0,14.0,0.9,1.2,0.6,0.01,0.06,0.65,0.3,0.72,0.005,0.38,0.22,0.01,0.14,1.0,0.28
mpc,ground_truth,curvy,400.0,0.05,0.1,1.0,87.96267462521791,59.83601760864258,-57.421409606933594,14.768831497408478,0.6937737286654588,3.1220764947301888e-06,5.85898690808051e-06,3.1220764947301888e-06,5.85898690808051e-06,0.025485636666417122,0.025487725494485858,0.5235761404037476,0.0,15.462605226073936,81,75,5.345196723937988,RoadOption.STRAIGHT,70.38017272949219,-57.047080993652344,0.14861557410299983,2.8,1.2,4.5,3.0,10.0,0.6,0.01,0.06,0.55,0.16,0.2,0.35,1.5,12,10.0,14.0,0.9,1.2,0.6,0.01,0.06,0.65,0.3,0.72,0.005,0.38,0.22,0.01,0.14,1.0,0.28
mpc,ground_truth,curvy,400.0,0.05,0.1,1.0,88.01267462596297,60.573543548583984,-57.419578552246094,14.738160220202339,0.7228933428257474,0.11543454106667807,-0.020231288518056,0.11543454106667807,0.020231288518056,0.0181752759963274,-0.007310360670089722,0.5182638764381409,0.0,15.461053563028086,82,76,5.491270065307617,RoadOption.STRAIGHT,71.23568725585938,-56.907875061035156,0.17398830875651175,2.8,1.2,4.5,3.0,10.0,0.6,0.01,0.06,0.55,0.16,0.2,0.35,1.5,12,10.0,14.0,0.9,1.2,0.6,0.01,0.06,0.65,0.3,0.72,0.005,0.38,0.22,0.01,0.14,1.0,0.28
mpc,ground_truth,curvy,400.0,0.05,0.1,1.0,88.06267462670803,61.30990219116211,-57.41531753540039,14.71988400274159,0.7422604634794894,0.23524492667747585,-0.04219005650291452,0.23524492667747585,0.04219005650291452,-0.03981553763151169,-0.05799081362783909,0.518552303314209,0.0,15.46214446622108,83,77,5.621244430541992,RoadOption.STRAIGHT,72.08740234375,-56.74700927734375,0.19936104341002367,2.8,1.2,4.5,3.0,10.0,0.6,0.01,0.06,0.55,0.16,0.2,0.35,1.5,12,10.0,14.0,0.9,1.2,0.6,0.01,0.06,0.65,0.3,0.72,0.005,0.38,0.22,0.01,0.14,1.0,0.28
mpc,ground_truth,curvy,400.0,0.05,0.1,1.0,88.11267462745309,62.04542922973633,-57.41359329223633,14.704022944781203,0.7584945273574952,0.33709022767070485,-0.06794303802507606,0.33709022767070485,0.06794303802507606,-0.07529658824205399,-0.0354810506105423,0.5245776176452637,0.0,15.462517472138698,83,78,5.751410484313965,RoadOption.STRAIGHT,72.08740234375,-56.74700927734375,0.19936104341002367,2.8,1.2,4.5,3.0,10.0,0.6,0.01,0.06,0.55,0.16,0.2,0.35,1.5,12,10.0,14.0,0.9,1.2,0.6,0.01,0.06,0.65,0.3,0.72,0.005,0.38,0.22,0.01,0.14,1.0,0.28
mpc,ground_truth,curvy,400.0,0.05,0.1,1.0,88.16267462819815,62.78009796142578,-57.41875457763672,14.687591671474737,0.7749258006639614,0.27872739752939035,-0.07497703891328822,0.27872739752939035,0.07497703891328822,0.0013375290436670184,0.076634117285721,0.5346730351448059,0.0,15.462517472138698,84,78,5.016907215118408,RoadOption.STRAIGHT,72.93476104736328,-56.56459045410156,0.2247335117474266,2.8,1.2,4.5,3.0,10.0,0.6,0.01,0.06,0.55,0.16,0.2,0.35,1.5,12,10.0,14.0,0.9,1.2,0.6,0.01,0.06,0.65,0.3,0.72,0.005,0.38,0.22,0.01,0.14,1.0,0.28
mpc,ground_truth,curvy,400.0,0.05,0.1,1.0,88.2126746289432,63.51442337036133,-57.42620849609375,14.687331555357222,0.7737621253615288,0.33754202052376836,-0.10714216540689847,0.33754202052376836,0.10714216540689847,0.046847544610500336,0.04551001556683332,0.512860894203186,0.0,15.46109368071875,85,79,5.148167610168457,RoadOption.STRAIGHT,73.77721405029297,-56.36072540283203,0.25010624640093854,2.8,1.2,4.5,3.0,10.0,0.6,0.01,0.06,0.55,0.16,0.2,0.35,1.5,12,10.0,14.0,0.9,1.2,0.6,0.01,0.06,0.65,0.3,0.72,0.005,0.38,0.22,0.01,0.14,1.0,0.28
mpc,ground_truth,curvy,400.0,0.05,0.1,1.0,88.26267462968826,64.24869537353516,-57.43019485473633,14.683527657652803,0.7790775684211333,0.3845388129132959,-0.1329234289716288,0.3845388129132959,0.1329234289716288,0.08142391592264175,0.03457637131214142,0.5238250494003296,0.0,15.462605226073936,86,80,5.279393196105957,RoadOption.STRAIGHT,74.61422729492188,-56.135562896728516,0.27547898105445046,2.8,1.2,4.5,3.0,10.0,0.6,0.01,0.06,0.55,0.16,0.2,0.35,1.5,12,10.0,14.0,0.9,1.2,0.6,0.01,0.06,0.65,0.3,0.72,0.005,0.38,0.22,0.01,0.14,1.0,0.28
mpc,ground_truth,curvy,400.0,0.05,0.1,1.0,88.31267463043332,64.9825210571289,-57.42719268798828,14.673575196913662,0.7874783661144242,0.42330374672234,-0.15098099326305947,0.42330374672234,0.15098099326305947,0.0998297855257988,0.018405869603157043,0.5325679779052734,0.0,15.461053563028086,87,81,5.411019802093506,RoadOption.STRAIGHT,75.44525909423828,-55.88922882080078,0.3008514493918534,2.8,1.2,4.5,3.0,10.0,0.6,0.01,0.06,0.55,0.16,0.2,0.35,1.5,12,10.0,14.0,0.9,1.2,0.6,0.01,0.06,0.65,0.3,0.72,0.005,0.38,0.22,0.01,0.14,1.0,0.28
mpc,ground_truth,curvy,400.0,0.05,0.1,1.0,88.36267463117838,65.71570587158203,-57.41462707519531,14.664027763102052,0.7969850326980641,0.45647280277587615,-0.16231992539376305,0.45647280277587615,0.16231992539376305,0.10180887579917908,0.0019790902733802795,0.5395990014076233,0.0,15.461012795800116,88,82,5.543193817138672,RoadOption.STRAIGHT,76.269775390625,-55.62189865112305,0.3262241840453653,2.8,1.2,4.5,3.0,10.0,0.6,0.01,0.06,0.55,0.16,0.2,0.35,1.5,12,10.0,14.0,0.9,1.2,0.6,0.01,0.06,0.65,0.3,0.72,0.005,0.38,0.22,0.01,0.14,1.0,0.28
mpc,ground_truth,curvy,400.0,0.05,0.1,1.0,88.41267463192344,66.44828796386719,-57.39101028442383,14.660132317999432,0.8023851541392659,0.4855420410052611,-0.16920310137855976,0.4855420410052611,0.16920310137855976,0.09260528534650803,-0.009203590452671051,0.5379112362861633,0.0,15.462517472138698,89,83,5.675768852233887,RoadOption.STRAIGHT,77.08724212646484,-55.33373260498047,0.3515966523827682,2.8,1.2,4.5,3.0,10.0,0.6,0.01,0.06,0.55,0.16,0.2,0.35,1.5,12,10.0,14.0,0.9,1.2,0.6,0.01,0.06,0.65,0.3,0.72,0.005,0.38,0.22,0.01,0.14,1.0,0.28
mpc,ground_truth,curvy,400.0,0.05,0.1,1.0,88.4626746326685,67.180419921875,-57.35578536987305,14.662732721202453,0.7983609595162982,0.5110361027080604,-0.17418309402311571,0.5110361027080604,0.17418309402311571,0.08007991313934326,-0.012525372207164764,0.5241875648498535,0.0,15.46109368071875,89,84,5.808479309082031,RoadOption.STRAIGHT,77.08724212646484,-55.33373260498047,0.3515966523827682,2.8,1.2,4.5,3.0,10.0,0.6,0.01,0.06,0.55,0.16,0.2,0.35,1.5,12,10.0,14.0,0.9,1.2,0.6,0.01,0.06,0.65,0.3,0.72,0.005,0.38,0.22,0.01,0.14,1.0,0.28
mpc,ground_truth,curvy,400.0,0.05,0.1,1.0,88.51267463341355,67.91216278076172,-57.30892562866211,14.668129296552438,0.7929643841663125,0.3936510909708696,-0.1539283474511124,0.3936510909708696,0.1539283474511124,0.1391146034002304,0.059034690260887146,0.5193027257919312,0.0,15.46109368071875,90,84,5.07745361328125,RoadOption.STRAIGHT,77.89713287353516,-55.02491760253906,0.37696938703628013,2.8,1.2,4.5,3.0,10.0,0.6,0.01,0.06,0.55,0.16,0.2,0.35,1.5,12,10.0,14.0,0.9,1.2,0.6,0.01,0.06,0.65,0.3,0.72,0.005,0.38,0.22,0.01,0.14,1.0,0.28
mpc,ground_truth,curvy,400.0,0.05,0.1,1.0,88.56267463415861,68.64226531982422,-57.24644088745117,14.649062599918782,0.8152460070800078,0.41277780010996934,-0.15646184588561862,0.41277780010996934,0.15646184588561862,0.13426047563552856,-0.004854127764701843,0.5658855438232422,0.0,15.46430860699879,91,85,5.2107768058776855,RoadOption.STRAIGHT,78.69892883300781,-54.69565963745117,0.40234185537368305,2.8,1.2,4.5,3.0,10.0,0.6,0.01,0.06,0.55,0.16,0.2,0.35,1.5,12,10.0,14.0,0.9,1.2,0.6,0.01,0.06,0.65,0.3,0.72,0.005,0.38,0.22,0.01,0.14,1.0,0.28
mpc,ground_truth,curvy,400.0,0.05,0.1,1.0,88.61267463490367,69.36968994140625,-57.16548538208008,14.637619577384674,0.8222931924778418,0.4354662554157491,-0.15522370068294844,0.4354662554157491,0.15522370068294844,0.10640020668506622,-0.02786026895046234,0.5518325567245483,0.0,15.459912769862516,92,86,5.344709396362305,RoadOption.STRAIGHT,79.49211120605469,-54.346160888671875,0.427714590027195,2.8,1.2,4.5,3.0,10.0,0.6,0.01,0.06,0.55,0.16,0.2,0.35,1.5,12,10.0,14.0,0.9,1.2,0.6,0.01,0.06,0.65,0.3,0.72,0.005,0.38,0.22,0.01,0.14,1.0,0.28
mpc,ground_truth,curvy,400.0,0.05,0.1,1.0,88.66267463564873,70.09510040283203,-57.067630767822266,14.644494000329765,0.8165187954703512,0.459957897474502,-0.153681405839035,0.459957897474502,0.153681405839035,0.07288293540477753,-0.033517271280288696,0.5329819917678833,0.0,15.461012795800116,93,87,5.478396892547607,RoadOption.STRAIGHT,80.27617645263672,-53.976654052734375,0.4530873246807069,2.8,1.2,4.5,3.0,10.0,0.6,0.01,0.06,0.55,0.16,0.2,0.35,1.5,12,10.0,14.0,0.9,1.2,0.6,0.01,0.06,0.65,0.3,0.72,0.005,0.38,0.22,0.01,0.14,1.0,0.28
mpc,ground_truth,curvy,400.0,0.05,0.1,1.0,88.71267463639379,70.81910705566406,-56.95530319213867,14.659473722210208,0.8005859732445479,0.4836886797002138,-0.15516994644082116,0.4836886797002138,0.15516994644082116,0.04873835667967796,-0.024144578725099564,0.5112321972846985,0.0,15.460059695454756,94,88,5.611395359039307,RoadOption.STRAIGHT,81.05061340332031,-53.587379455566406,0.4784597930181098,2.8,1.2,4.5,3.0,10.0,0.6,0.01,0.06,0.55,0.16,0.2,0.35,1.5,12,10.0,14.0,0.9,1.2,0.6,0.01,0.06,0.65,0.3,0.72,0.005,0.38,0.22,0.01,0.14,1.0,0.28
mpc,ground_truth,curvy,400.0,0.05,0.1,1.0,88.76267463713884,71.54183197021484,-56.83060836791992,14.672161341415956,0.7904151840762577,0.5045209176260499,-0.1612639081604379,0.5045209176260499,0.1612639081604379,0.042556606233119965,-0.006181750446557999,0.5120441913604736,0.0,15.462576525492214,94,89,5.743885040283203,RoadOption.STRAIGHT,81.05061340332031,-53.587379455566406,0.4784597930181098,2.8,1.2,4.5,3.0,10.0,0.6,0.01,0.06,0.55,0.16,0.2,0.35,1.5,12,10.0,14.0,0.9,1.2,0.6,0.01,0.06,0.65,0.3,0.72,0.005,0.38,0.22,0.01,0.14,1.0,0.28
mpc,ground_truth,curvy,400.0,0.05,0.1,1.0,88.8126746378839,72.26293182373047,-56.69447708129883,14.678338029453807,0.784238496038407,0.3839794544269821,-0.14586000132309485,0.3839794544269821,0.14586000132309485,0.12018796801567078,0.07763136178255081,0.5131310820579529,0.0,15.462576525492214,95,89,5.01254415512085,RoadOption.STRAIGHT,81.81492614746094,-53.1785774230957,0.5038325276716218,2.8,1.2,4.5,3.0,10.0,0.6,0.01,0.06,0.55,0.16,0.2,0.35,1.5,12,10.0,14.0,0.9,1.2,0.6,0.01,0.06,0.65,0.3,0.72,0.005,0.38,0.22,0.01,0.14,1.0,0.28
mpc,ground_truth,curvy,400.0,0.05,0.1,1.0,88.86267463862896,72.9805679321289,-56.54347610473633,14.657969466168526,0.8049383976686677,0.39787679279810373,-0.15439564899863756,0.39787679279810373,0.15439564899863756,0.14114928245544434,0.02096131443977356,0.5578029155731201,0.0,15.462907863837193,96,90,5.145739555358887,RoadOption.STRAIGHT,82.56861877441406,-52.750518798828125,0.5292052623251337,2.8,1.2,4.5,3.0,10.0,0.6,0.01,0.06,0.55,0.16,0.2,0.35,1.5,12,10.0,14.0,0.9,1.2,0.6,0.01,0.06,0.65,0.3,0.72,0.005,0.38,0.22,0.01,0.14,1.0,0.28
mpc,ground_truth,curvy,400.0,0.05,0.1,1.0,88.91267463937402,73.6925048828125,-56.37350845336914,14.63253779765741,0.8273749722051065,0.4165200457981828,-0.1570310466343523,0.4165200457981828,0.1570310466343523,0.13224844634532928,-0.008900836110115051,0.573348879814148,0.0,15.459912769862516,97,91,5.280100345611572,RoadOption.STRAIGHT,83.31121826171875,-52.30347442626953,0.5545779969786456,2.8,1.2,4.5,3.0,10.0,0.6,0.01,0.06,0.55,0.16,0.2,0.35,1.5,12,10.0,14.0,0.9,1.2,0.6,0.01,0.06,0.65,0.3,0.72,0.005,0.38,0.22,0.01,0.14,1.0,0.28
mpc,ground_truth,curvy,400.0,0.05,0.1,1.0,88.96267464011908,74.39906311035156,-56.18511199951172,14.626117730658978,0.8348950651411382,0.4392662046965239,-0.15593647078157336,0.4392662046965239,0.15593647078157336,0.10417944192886353,-0.02806900441646576,0.5599611401557922,0.0,15.461012795800116,98,92,5.4148759841918945,RoadOption.STRAIGHT,84.04222106933594,-51.83773422241211,0.5799507316321575,2.8,1.2,4.5,3.0,10.0,0.6,0.01,0.06,0.55,0.16,0.2,0.35,1.5,12,10.0,14.0,0.9,1.2,0.6,0.01,0.06,0.65,0.3,0.72,0.005,0.38,0.22,0.01,0.14,1.0,0.28
mpc,ground_truth,curvy,400.0,0.05,0.1,1.0,89.01267464086413,75.10128021240234,-55.98001480102539,14.638171209845838,0.8218884856089179,0.4640553112970689,-0.15468771454643493,0.4640553112970689,0.15468771454643493,0.07131563127040863,-0.032863810658454895,0.5275251865386963,0.0,15.460059695454756,99,93,5.549144744873047,RoadOption.STRAIGHT,84.76118469238281,-51.353599548339844,0.6053231999695604,2.8,1.2,4.5,3.0,10.0,0.6,0.01,0.06,0.55,0.16,0.2,0.35,1.5,12,10.0,14.0,0.9,1.2,0.6,0.01,0.06,0.65,0.3,0.72,0.005,0.38,0.22,0.01,0.14,1.0,0.28
mpc,ground_truth,curvy,400.0,0.05,0.1,1.0,89.06267464160919,75.80012512207031,-55.76063537597656,14.656870619731343,0.8057059057608704,0.48817991480801326,-0.15652060187716854,0.48817991480801326,0.15652060187716854,0.04791026934981346,-0.02340536192059517,0.5140044689178467,0.0,15.462576525492214,100,94,5.682488441467285,RoadOption.STRAIGHT,85.4676284790039,-50.851383209228516,0.6306959346230724,2.8,1.2,4.5,3.0,10.0,0.6,0.01,0.06,0.55,0.16,0.2,0.35,1.5,12,10.0,14.0,0.9,1.2,0.6,0.01,0.06,0.65,0.3,0.72,0.005,0.38,0.22,0.01,0.14,1.0,0.28
mpc,ground_truth,curvy,400.0,0.05,0.1,1.0,89.11267464235425,76.49596405029297,-55.52913284301758,14.671665172541292,0.791242691295901,0.5094447075960269,-0.16291744823651166,0.5094447075960269,0.16291744823651166,0.04230145737528801,-0.005608811974525452,0.5073897838592529,0.0,15.462907863837193,100,95,5.815193176269531,RoadOption.STRAIGHT,85.4676284790039,-50.851383209228516,0.6306959346230724,2.8,1.2,4.5,3.0,10.0,0.6,0.01,0.06,0.55,0.16,0.2,0.35,1.5,12,10.0,14.0,0.9,1.2,0.6,0.01,0.06,0.65,0.3,0.72,0.005,0.38,0.22,0.01,0.14,1.0,0.28
mpc,ground_truth,curvy,400.0,0.05,0.1,1.0,89.16267464309931,77.18854522705078,-55.28651809692383,14.67907740645626,0.7838304573809332,0.38754377339898327,-0.14772661093113149,0.38754377339898327,0.14772661093113149,0.12206486612558365,0.07976340875029564,0.5114036202430725,0.0,15.462907863837193,101,95,5.0839762687683105,RoadOption.STRAIGHT,86.16111755371094,-50.33140182495117,0.6560684029604753,2.8,1.2,4.5,3.0,10.0,0.6,0.01,0.06,0.55,0.16,0.2,0.35,1.5,12,10.0,14.0,0.9,1.2,0.6,0.01,0.06,0.65,0.3,0.72,0.005,0.38,0.22,0.01,0.14,1.0,0.28
mpc,ground_truth,curvy,400.0,0.05,0.1,1.0,89.21267464384437,77.87548828125,-55.029685974121094,14.658298707019487,0.8007657363845215,0.40191846023798417,-0.15635635141693793,0.40191846023798417,0.15635635141693793,0.1431008130311966,0.021035946905612946,0.550781786441803,0.0,15.459064443404008,102,96,5.217286586761475,RoadOption.STRAIGHT,86.84117126464844,-49.79399490356445,0.6814411376139872,2.8,1.2,4.5,3.0,10.0,0.6,0.01,0.06,0.55,0.16,0.2,0.35,1.5,12,10.0,14.0,0.9,1.2,0.6,0.01,0.06,0.65,0.3,0.72,0.005,0.38,0.22,0.01,0.14,1.0,0.28
mpc,ground_truth,curvy,400.0,0.05,0.1,1.0,89.26267464458942,78.5538330078125,-54.75484848022461,14.631298823045842,0.8297139727542735,0.4211969581125974,-0.1588878857701399,0.4211969581125974,0.1588878857701399,0.1332278549671173,-0.009872958064079285,0.5825662612915039,0.0,15.461012795800116,103,97,5.351818084716797,RoadOption.STRAIGHT,87.50738525390625,-49.2395133972168,0.7068138722674991,2.8,1.2,4.5,3.0,10.0,0.6,0.01,0.06,0.55,0.16,0.2,0.35,1.5,12,10.0,14.0,0.9,1.2,0.6,0.01,0.06,0.65,0.3,0.72,0.005,0.38,0.22,0.01,0.14,1.0,0.28
mpc,ground_truth,curvy,400.0,0.05,0.1,1.0,89.31267464533448,79.22400665283203,-54.46253967285156,14.624394000060471,0.8355980780351899,0.4446756751687668,-0.1576142622683232,0.4446756751687668,0.1576142622683232,0.10371039807796478,-0.029517456889152527,0.5584197640419006,0.0,15.459992078095661,104,98,5.486783981323242,RoadOption.STRAIGHT,88.15930938720703,-48.66830062866211,0.7321863406049021,2.8,1.2,4.5,3.0,10.0,0.6,0.01,0.06,0.55,0.16,0.2,0.35,1.5,12,10.0,14.0,0.9,1.2,0.6,0.01,0.06,0.65,0.3,0.72,0.005,0.38,0.22,0.01,0.14,1.0,0.28
mpc,ground_truth,curvy,400.0,0.05,0.1,1.0,89.36267464607954,79.8874282836914,-54.15437698364258,14.637465239339248,0.826123064811263,0.470172927542865,-0.15626067735477678,0.470172927542865,0.15626067735477678,0.06965367496013641,-0.03405672311782837,0.5343038439750671,0.0,15.46358830415051,105,99,5.62119722366333,RoadOption.STRAIGHT,88.79653930664062,-48.08073806762695,0.757559075258414,2.8,1.2,4.5,3.0,10.0,0.6,0.01,0.06,0.55,0.16,0.2,0.35,1.5,12,10.0,14.0,0.9,1.2,0.6,0.01,0.06,0.65,0.3,0.72,0.005,0.38,0.22,0.01,0.14,1.0,0.28
mpc,ground_truth,curvy,400.0,0.05,0.1,1.0,89.4126746468246,80.54549407958984,-53.83272171020508,14.657513090824938,0.8053947730122548,0.49483629220815395,-0.15816979767171357,0.49483629220815395,0.15816979767171357,0.04573938623070717,-0.023914288729429245,0.508362889289856,0.0,15.462907863837193,105,100,5.754631996154785,RoadOption.STRAIGHT,88.79653930664062,-48.08073806762695,0.757559075258414,2.8,1.2,4.5,3.0,10.0,0.6,0.01,0.06,0.55,0.16,0.2,0.35,1.5,12,10.0,14.0,0.9,1.2,0.6,0.01,0.06,0.65,0.3,0.72,0.005,0.38,0.22,0.01,0.14,1.0,0.28
mpc,ground_truth,curvy,400.0,0.05,0.1,1.0,89.46267464756966,81.19892883300781,-53.49967956542969,14.673376822176738,0.7895310416604548,0.3784718769349409,-0.13945666350859476,0.3784718769349409,0.13945666350859476,0.10700653493404388,0.061267148703336716,0.5046821236610413,0.0,15.462907863837193,106,100,5.023472309112549,RoadOption.STRAIGHT,89.41865539550781,-47.477195739746094,0.782931543595817,2.8,1.2,4.5,3.0,10.0,0.6,0.01,0.06,0.55,0.16,0.2,0.35,1.5,12,10.0,14.0,0.9,1.2,0.6,0.01,0.06,0.65,0.3,0.72,0.005,0.38,0.22,0.01,0.14,1.0,0.28
mpc,ground_truth,curvy,400.0,0.05,0.1,1.0,89.51267464831471,81.8451156616211,-53.1529541015625,14.66155548389457,0.7975089595094378,0.39699930498882274,-0.14621513385445706,0.39699930498882274,0.14621513385445706,0.11591951549053192,0.008912980556488037,0.5380789041519165,0.0,15.459064443404008,107,101,5.1564555168151855,RoadOption.STRAIGHT,90.02526092529297,-46.85806655883789,0.8083042782493288,2.8,1.2,4.5,3.0,10.0,0.6,0.01,0.06,0.55,0.16,0.2,0.35,1.5,12,10.0,14.0,0.9,1.2,0.6,0.01,0.06,0.65,0.3,0.72,0.005,0.38,0.22,0.01,0.14,1.0,0.28
mpc,ground_truth,curvy,400.0,0.05,0.1,1.0,89.56267464905977,82.4816665649414,-52.79044723510742,14.647055823244605,0.814908572218128,0.4188666589060821,-0.14963253545476007,0.4188666589060821,0.14963253545476007,0.10447334498167038,-0.011446170508861542,0.5598247051239014,0.0,15.461964395462733,108,102,5.289991855621338,RoadOption.STRAIGHT,90.61595916748047,-46.2237434387207,0.8336770129028408,2.8,1.2,4.5,3.0,10.0,0.6,0.01,0.06,0.55,0.16,0.2,0.35,1.5,12,10.0,14.0,0.9,1.2,0.6,0.01,0.06,0.65,0.3,0.72,0.005,0.38,0.22,0.01,0.14,1.0,0.28
mpc,ground_truth,curvy,400.0,0.05,0.1,1.0,89.61267464980483,83.10917663574219,-52.41319274902344,14.645366379437338,0.8146256986583236,0.44288287944024063,-0.15149907848376953,0.44288287944024063,0.15149907848376953,0.08382553607225418,-0.0206478089094162,0.5384359955787659,0.0,15.459992078095661,109,103,5.423696517944336,RoadOption.STRAIGHT,91.19037628173828,-45.57463836669922,0.8590494812402437,2.8,1.2,4.5,3.0,10.0,0.6,0.01,0.06,0.55,0.16,0.2,0.35,1.5,12,10.0,14.0,0.9,1.2,0.6,0.01,0.06,0.65,0.3,0.72,0.005,0.38,0.22,0.01,0.14,1.0,0.28
mpc,ground_truth,curvy,400.0,0.05,0.1,1.0,89.66267465054989,83.72883605957031,-52.02260208129883,14.654213370200194,0.8105305558301126,0.4671161885163797,-0.15420648133745773,0.4671161885163797,0.15420648133745773,0.06427333503961563,-0.01955220103263855,0.5314041376113892,0.0,15.464743926030307,110,104,5.557016849517822,RoadOption.STRAIGHT,91.7481460571289,-44.911170959472656,0.8844222158937556,2.8,1.2,4.5,3.0,10.0,0.6,0.01,0.06,0.55,0.16,0.2,0.35,1.5,12,10.0,14.0,0.9,1.2,0.6,0.01,0.06,0.65,0.3,0.72,0.005,0.38,0.22,0.01,0.14,1.0,0.28
mpc,ground_truth,curvy,400.0,0.05,0.1,1.0,89.71267465129495,84.34159851074219,-51.62024688720703,14.665731435119172,0.7971764287180214,0.4897052609614625,-0.15945770237487622,0.4897052609614625,0.15945770237487622,0.05435429885983467,-0.00991903617978096,0.5122808814048767,0.0,15.462907863837193,111,105,5.689870357513428,RoadOption.STRAIGHT,92.28890228271484,-44.23377227783203,0.909794817389213,2.8,1.2,4.5,3.0,10.0,0.6,0.01,0.06,0.55,0.16,0.2,0.35,1.5,12,10.0,14.0,0.9,1.2,0.6,0.01,0.06,0.65,0.3,0.72,0.005,0.38,0.22,0.01,0.14,1.0,0.28
mpc,ground_truth,curvy,400.0,0.05,0.1,1.0,89.76267465204,84.94786071777344,-51.20723342895508,14.674201052454446,0.7848633909495621,0.5094891176561829,-0.1675312083775058,0.5094891176561829,0.1675312083775058,0.0569467693567276,0.002592470496892929,0.5061423778533936,0.0,15.459064443404008,111,106,5.82247257232666,RoadOption.STRAIGHT,92.28890228271484,-44.23377227783203,0.909794817389213,2.8,1.2,4.5,3.0,10.0,0.6,0.01,0.06,0.55,0.16,0.2,0.35,1.5,12,10.0,14.0,0.9,1.2,0.6,0.01,0.06,0.65,0.3,0.72,0.005,0.38,0.22,0.01,0.14,1.0,0.28
mpc,ground_truth,curvy,400.0,0.05,0.1,1.0,89.81267465278506,85.5472640991211,-50.78398895263672,14.67584830857731,0.7832161348266986,0.38671000362611885,-0.15197828103241573,0.38671000362611885,0.15197828103241573,0.13751357793807983,0.08056680858135223,0.5179529786109924,0.0,15.459064443404008,112,106,5.091419696807861,RoadOption.STRAIGHT,92.81228637695312,-43.54286575317383,0.935167552042725,2.8,1.2,4.5,3.0,10.0,0.6,0.01,0.06,0.55,0.16,0.2,0.35,1.5,12,10.0,14.0,0.9,1.2,0.6,0.01,0.06,0.65,0.3,0.72,0.005,0.38,0.22,0.01,0.14,1.0,0.28
mpc,ground_truth,curvy,400.0,0.05,0.1,1.0,89.86267465353012,86.13664245605469,-50.34815979003906,14.649107790507776,0.8128566049549573,0.4012290253237816,-0.15893412490456615,0.4012290253237816,0.15893412490456615,0.153469979763031,0.015956401824951172,0.5732825398445129,0.0,15.461964395462733,113,107,5.225142002105713,RoadOption.STRAIGHT,93.3179931640625,-42.838905334472656,0.9605401535381823,2.8,1.2,4.5,3.0,10.0,0.6,0.01,0.06,0.55,0.16,0.2,0.35,1.5,12,10.0,14.0,0.9,1.2,0.6,0.01,0.06,0.65,0.3,0.72,0.005,0.38,0.22,0.01,0.14,1.0,0.28
mpc,ground_truth,curvy,400.0,0.05,0.1,1.0,89.91267465427518,86.71229553222656,-49.89698791503906,14.621760103834225,0.8382319742614364,0.4213034072771098,-0.15940543783848327,0.4213034072771098,0.15940543783848327,0.13587439060211182,-0.01759558916091919,0.5833896398544312,0.0,15.459992078095661,114,108,5.3601603507995605,RoadOption.STRAIGHT,93.8056640625,-42.12234115600586,0.9859128881916943,2.8,1.2,4.5,3.0,10.0,0.6,0.01,0.06,0.55,0.16,0.2,0.35,1.5,12,10.0,14.0,0.9,1.2,0.6,0.01,0.06,0.65,0.3,0.72,0.005,0.38,0.22,0.01,0.14,1.0,0.28
mpc,ground_truth,curvy,400.0,0.05,0.1,1.0,89.96267465502024,87.27521514892578,-49.43094253540039,14.619795897580984,0.8407441953635395,0.44587234878490767,-0.15643681217137173,0.44587234878490767,0.15643681217137173,0.09923572838306427,-0.036638662219047546,0.5574612021446228,0.0,15.460540092944523,115,109,5.495413780212402,RoadOption.STRAIGHT,94.2750015258789,-41.39363479614258,1.0112856228452063,2.8,1.2,4.5,3.0,10.0,0.6,0.01,0.06,0.55,0.16,0.2,0.35,1.5,12,10.0,14.0,0.9,1.2,0.6,0.01,0.06,0.65,0.3,0.72,0.005,0.38,0.22,0.01,0.14,1.0,0.28
mpc,ground_truth,curvy,400.0,0.05,0.1,1.0,90.0126746557653,87.82758331298828,-48.95148468017578,14.637895380834395,0.8259534297017712,0.47225272283936226,-0.15432292805612136,0.47225272283936226,0.15432292805612136,0.06110753118991852,-0.03812819719314575,0.5278231501579285,0.0,15.463848810536167,116,110,5.62982702255249,RoadOption.STRAIGHT,94.7257080078125,-40.65325927734375,1.036658091182609,2.8,1.2,4.5,3.0,10.0,0.6,0.01,0.06,0.55,0.16,0.2,0.35,1.5,12,10.0,14.0,0.9,1.2,0.6,0.01,0.06,0.65,0.3,0.72,0.005,0.38,0.22,0.01,0.14,1.0,0.28
mpc,ground_truth,curvy,400.0,0.05,0.1,1.0,90.06267465651035,88.37158966064453,-48.4608154296875,14.660631426316048,0.7984330170879606,0.4972251307878559,-0.15657789313011872,0.4972251307878559,0.15657789313011872,0.0375063456594944,-0.023601185530424118,0.49603530764579773,0.0,15.459064443404008,116,111,5.763092517852783,RoadOption.STRAIGHT,94.7257080078125,-40.65325927734375,1.036658091182609,2.8,1.2,4.5,3.0,10.0,0.6,0.01,0.06,0.55,0.16,0.2,0.35,1.5,12,10.0,14.0,0.9,1.2,0.6,0.01,0.06,0.65,0.3,0.72,0.005,0.38,0.22,0.01,0.14,1.0,0.28
mpc,ground_truth,curvy,400.0,0.05,0.1,1.0,90.11267465725541,88.90846252441406,-47.96092224121094,14.675838556759173,0.7832258866448356,0.380317906484946,-0.13898258754504678,0.380317906484946,0.13898258754504678,0.10271233320236206,0.06520598754286766,0.5016869902610779,0.0,15.459064443404008,117,111,5.031801223754883,RoadOption.STRAIGHT,95.15748596191406,-39.90167999267578,1.062030825836121,2.8,1.2,4.5,3.0,10.0,0.6,0.01,0.06,0.55,0.16,0.2,0.35,1.5,12,10.0,14.0,0.9,1.2,0.6,0.01,0.06,0.65,0.3,0.72,0.005,0.38,0.22,0.01,0.14,1.0,0.28
mpc,ground_truth,curvy,400.0,0.05,0.1,1.0,90.16267465800047,89.43492126464844,-47.45028305053711,14.662487779018344,0.7969993344541795,0.39799125971713334,-0.14711028887585975,0.39799125971713334,0.14711028887585975,0.11694085597991943,0.014228522777557373,0.5447277426719666,0.0,15.459487113472523,118,112,5.164737224578857,RoadOption.STRAIGHT,95.57005310058594,-39.13939666748047,1.0874032941735239,2.8,1.2,4.5,3.0,10.0,0.6,0.01,0.06,0.55,0.16,0.2,0.35,1.5,12,10.0,14.0,0.9,1.2,0.6,0.01,0.06,0.65,0.3,0.72,0.005,0.38,0.22,0.01,0.14,1.0,0.28
mpc,ground_truth,curvy,400.0,0.05,0.1,1.0,90.21267465874553,89.94770050048828,-46.9272346496582,14.645138829831266,0.8148532482643951,0.41902982070385253,-0.15142694010774171,0.41902982070385253,0.15142694010774171,0.10987922549247742,-0.007061630487442017,0.5603366494178772,0.0,15.459992078095661,119,113,5.298425674438477,RoadOption.STRAIGHT,95.96314239501953,-38.36688995361328,1.1127760288270359,2.8,1.2,4.5,3.0,10.0,0.6,0.01,0.06,0.55,0.16,0.2,0.35,1.5,12,10.0,14.0,0.9,1.2,0.6,0.01,0.06,0.65,0.3,0.72,0.005,0.38,0.22,0.01,0.14,1.0,0.28
mpc,ground_truth,curvy,400.0,0.05,0.1,1.0,90.26267465949059,90.44745635986328,-46.39237594604492,14.64106385708953,0.8194762358549923,0.4424988796917262,-0.15344162147238682,0.4424988796917262,0.15344162147238682,0.09065017104148865,-0.01922905445098877,0.5472333431243896,0.0,15.460540092944523,120,114,5.432380676269531,RoadOption.STRAIGHT,96.33650970458984,-37.584659576416016,1.1381487634805478,2.8,1.2,4.5,3.0,10.0,0.6,0.01,0.06,0.55,0.16,0.2,0.35,1.5,12,10.0,14.0,0.9,1.2,0.6,0.01,0.06,0.65,0.3,0.72,0.005,0.38,0.22,0.01,0.14,1.0,0.28
mpc,ground_truth,curvy,400.0,0.05,0.1,1.0,90.31267466023564,90.93560028076172,-45.84661102294922,14.649163655308294,0.8135416437990415,0.46667915994202325,-0.15559358879122565,0.46667915994202325,0.15559358879122565,0.06970249861478806,-0.020947672426700592,0.531003475189209,0.0,15.462705299107336,121,115,5.566021919250488,RoadOption.STRAIGHT,96.68991088867188,-36.793209075927734,1.1635213649760052,2.8,1.2,4.5,3.0,10.0,0.6,0.01,0.06,0.55,0.16,0.2,0.35,1.5,12,10.0,14.0,0.9,1.2,0.6,0.01,0.06,0.65,0.3,0.72,0.005,0.38,0.22,0.01,0.14,1.0,0.28
mpc,ground_truth,curvy,400.0,0.05,0.1,1.0,90.3626746609807,91.41357421875,-45.29112243652344,14.661638761917319,0.8010716656186556,0.48964514343467025,-0.15991250371003396,0.48964514343467025,0.15991250371003396,0.056424036622047424,-0.013278461992740631,0.5156790018081665,0.0,15.462710427535974,121,116,5.699123382568359,RoadOption.STRAIGHT,96.68991088867188,-36.793209075927734,1.1635213649760052,2.8,1.2,4.5,3.0,10.0,0.6,0.01,0.06,0.55,0.16,0.2,0.35,1.5,12,10.0,14.0,0.9,1.2,0.6,0.01,0.06,0.65,0.3,0.72,0.005,0.38,0.22,0.01,0.14,1.0,0.28
mpc,ground_truth,curvy,400.0,0.05,0.1,1.0,90.41267466172576,91.8822250366211,-44.72697830200195,14.671633363637303,0.7910770638986708,0.3734792862729539,-0.141752474815811,0.3734792862729539,0.141752474815811,0.12043192237615585,0.06400788575410843,0.5126526951789856,0.0,15.462710427535974,122,116,4.967956066131592,RoadOption.STRAIGHT,97.02312469482422,-35.9930419921875,1.1888940996295172,2.8,1.2,4.5,3.0,10.0,0.6,0.01,0.06,0.55,0.16,0.2,0.35,1.5,12,10.0,14.0,0.9,1.2,0.6,0.01,0.06,0.65,0.3,0.72,0.005,0.38,0.22,0.01,0.14,1.0,0.28
mpc,ground_truth,curvy,400.0,0.05,0.1,1.0,90.46267466247082,92.3382339477539,-44.152976989746094,14.655321138357218,0.8041659751153052,0.39137934373189154,-0.14767747560901956,0.39137934373189154,0.14767747560901956,0.12773644924163818,0.00730452686548233,0.5482062697410583,0.0,15.459487113472523,123,117,5.1011481285095215,RoadOption.STRAIGHT,97.33592987060547,-35.18468475341797,1.2142667011249746,2.8,1.2,4.5,3.0,10.0,0.6,0.01,0.06,0.55,0.16,0.2,0.35,1.5,12,10.0,14.0,0.9,1.2,0.6,0.01,0.06,0.65,0.3,0.72,0.005,0.38,0.22,0.01,0.14,1.0,0.28
mpc,ground_truth,curvy,400.0,0.05,0.1,1.0,90.51267466321588,92.77854919433594,-43.56806564331055,14.63917491270766,0.8226957625852069,0.4132778851951495,-0.14946998275972412,0.4132778851951495,0.14946998275972412,0.11126506328582764,-0.016471385955810547,0.5658531785011292,0.0,15.461870675292866,124,118,5.235036373138428,RoadOption.STRAIGHT,97.62812805175781,-34.36865234375,1.239639302620432,2.8,1.2,4.5,3.0,10.0,0.6,0.01,0.06,0.55,0.16,0.2,0.35,1.5,12,10.0,14.0,0.9,1.2,0.6,0.01,0.06,0.65,0.3,0.72,0.005,0.38,0.22,0.01,0.14,1.0,0.28
mpc,ground_truth,curvy,400.0,0.05,0.1,1.0,90.56267466396093,93.20435333251953,-42.97285461425781,14.639595005863667,0.8209450870808563,0.4378049506942614,-0.14958343342216196,0.4378049506942614,0.14958343342216196,0.08409018069505692,-0.02717488259077072,0.5404662489891052,0.0,15.460540092944523,125,119,5.368969440460205,RoadOption.STRAIGHT,97.89952087402344,-33.54546356201172,1.2650119041158894,2.8,1.2,4.5,3.0,10.0,0.6,0.01,0.06,0.55,0.16,0.2,0.35,1.5,12,10.0,14.0,0.9,1.2,0.6,0.01,0.06,0.65,0.3,0.72,0.005,0.38,0.22,0.01,0.14,1.0,0.28
mpc,ground_truth,curvy,400.0,0.05,0.1,1.0,90.61267466470599,93.61764526367188,-42.368309020996094,14.652255490670107,0.8104498084372285,0.462676363641473,-0.15105263281653158,0.462676363641473,0.15105263281653158,0.05944636091589928,-0.02464381977915764,0.5236755609512329,0.0,15.462705299107336,126,120,5.502320289611816,RoadOption.STRAIGHT,98.14994812011719,-32.71565628051758,1.2903845056113468,2.8,1.2,4.5,3.0,10.0,0.6,0.01,0.06,0.55,0.16,0.2,0.35,1.5,12,10.0,14.0,0.9,1.2,0.6,0.01,0.06,0.65,0.3,0.72,0.005,0.38,0.22,0.01,0.14,1.0,0.28
mpc,ground_truth,curvy,400.0,0.05,0.1,1.0,90.66267466545105,94.02021026611328,-41.75569152832031,14.666430577982936,0.7965712574521895,0.48564655096317066,-0.15594938711285966,0.48564655096317066,0.15594938711285966,0.04739703983068466,-0.012049321085214615,0.5112884640693665,0.0,15.463001835435126,127,121,5.6350274085998535,RoadOption.STRAIGHT,98.3792495727539,-31.8797664642334,1.3157571071068044,2.8,1.2,4.5,3.0,10.0,0.6,0.01,0.06,0.55,0.16,0.2,0.35,1.5,12,10.0,14.0,0.9,1.2,0.6,0.01,0.06,0.65,0.3,0.72,0.005,0.38,0.22,0.01,0.14,1.0,0.28
mpc,ground_truth,curvy,400.0,0.05,0.1,1.0,90.71267466619611,94.41300201416016,-41.13605880737305,14.675887737239105,0.7835993762334184,0.5053505528524496,-0.16450665632750283,0.5053505528524496,0.16450665632750283,0.051289498805999756,0.003892458975315094,0.5045933723449707,0.0,15.459487113472523,127,122,5.767440319061279,RoadOption.STRAIGHT,98.3792495727539,-31.8797664642334,1.3157571071068044,2.8,1.2,4.5,3.0,10.0,0.6,0.01,0.06,0.55,0.16,0.2,0.35,1.5,12,10.0,14.0,0.9,1.2,0.6,0.01,0.06,0.65,0.3,0.72,0.005,0.38,0.22,0.01,0.14,1.0,0.28
mpc,ground_truth,curvy,400.0,0.05,0.1,1.0,90.76267466694117,94.7957992553711,-40.50992965698242,14.677828725566963,0.7816583879055603,0.38348080164669684,-0.14987871140802422,0.38348080164669684,0.14987871140802422,0.13385309278964996,0.08256359398365021,0.5166658759117126,0.0,15.459487113472523,128,122,5.036194801330566,RoadOption.STRAIGHT,98.5872573852539,-31.038328170776367,1.3411299749183707,2.8,1.2,4.5,3.0,10.0,0.6,0.01,0.06,0.55,0.16,0.2,0.35,1.5,12,10.0,14.0,0.9,1.2,0.6,0.01,0.06,0.65,0.3,0.72,0.005,0.38,0.22,0.01,0.14,1.0,0.28
mpc,ground_truth,curvy,400.0,0.05,0.1,1.0,90.81267466768622,95.16472625732422,-39.87638854980469,14.651482143376453,0.8131863513363982,0.3971464777762568,-0.15786559809619938,0.3971464777762568,0.15786559809619938,0.15401320159435272,0.02016010880470276,0.5757453441619873,0.0,15.464668494712852,129,123,5.169740200042725,RoadOption.STRAIGHT,98.77385711669922,-30.19188117980957,1.366502576413828,2.8,1.2,4.5,3.0,10.0,0.6,0.01,0.06,0.55,0.16,0.2,0.35,1.5,12,10.0,14.0,0.9,1.2,0.6,0.01,0.06,0.65,0.3,0.72,0.005,0.38,0.22,0.01,0.14,1.0,0.28
mpc,ground_truth,curvy,400.0,0.05,0.1,1.0,90.86267466843128,95.51506805419922,-39.23427200317383,14.622651126525117,0.8378889664194062,0.4162557035610841,-0.15904411345758662,0.4162557035610841,0.15904411345758662,0.14013200998306274,-0.013881191611289978,0.5823765397071838,0.0,15.460540092944523,130,124,5.304647445678711,RoadOption.STRAIGHT,98.93892669677734,-29.340972900390625,1.3918751779092855,2.8,1.2,4.5,3.0,10.0,0.6,0.01,0.06,0.55,0.16,0.2,0.35,1.5,12,10.0,14.0,0.9,1.2,0.6,0.01,0.06,0.65,0.3,0.72,0.005,0.38,0.22,0.01,0.14,1.0,0.28
mpc,ground_truth,curvy,400.0,0.05,0.1,1.0,90.91267466917634,95.84760284423828,-38.58353042602539,14.618519330668828,0.8441859684385076,0.4400656063903623,-0.15622415875832907,0.4400656063903623,0.15622415875832907,0.10513893514871597,-0.03499307483434677,0.5640679597854614,0.0,15.462705299107336,131,125,5.4398980140686035,RoadOption.STRAIGHT,99.08235168457031,-28.48615074157715,1.417247779404743,2.8,1.2,4.5,3.0,10.0,0.6,0.01,0.06,0.55,0.16,0.2,0.35,1.5,12,10.0,14.0,0.9,1.2,0.6,0.01,0.06,0.65,0.3,0.72,0.005,0.38,0.22,0.01,0.14,1.0,0.28
mpc,ground_truth,curvy,400.0,0.05,0.1,1.0,90.9626746699214,96.16475677490234,-37.924556732177734,14.635578004709915,0.8274238307252109,0.46608230908342785,-0.15366785700698893,0.46608230908342785,0.15366785700698893,0.06623706221580505,-0.03890187293291092,0.5263397097587585,0.0,15.463001835435126,132,126,5.5743727684021,RoadOption.STRAIGHT,99.20404052734375,-27.627965927124023,1.4426203809002005,2.8,1.2,4.5,3.0,10.0,0.6,0.01,0.06,0.55,0.16,0.2,0.35,1.5,12,10.0,14.0,0.9,1.2,0.6,0.01,0.06,0.65,0.3,0.72,0.005,0.38,0.22,0.01,0.14,1.0,0.28
mpc,ground_truth,curvy,400.0,0.05,0.1,1.0,91.01267467066646,96.46941375732422,-37.2584228515625,14.658808531856032,0.8006785816164914,0.49111361887662164,-0.1551002381992883,0.49111361887662164,0.1551002381992883,0.04002128168940544,-0.026215780526399612,0.4983128607273102,0.0,15.459487113472523,132,127,5.707663536071777,RoadOption.STRAIGHT,99.20404052734375,-27.627965927124023,1.4426203809002005,2.8,1.2,4.5,3.0,10.0,0.6,0.01,0.06,0.55,0.16,0.2,0.35,1.5,12,10.0,14.0,0.9,1.2,0.6,0.01,0.06,0.65,0.3,0.72,0.005,0.38,0.22,0.01,0.14,1.0,0.28
mpc,ground_truth,curvy,400.0,0.05,0.1,1.0,91.06267467141151,96.76360321044922,-36.58651351928711,14.674855306286958,0.7846318071855656,0.3759517376299206,-0.13667515819757536,0.3759517376299206,0.13667515819757536,0.1006120815873146,0.060590799897909164,0.501522958278656,0.0,15.459487113472523,133,127,4.976322174072266,RoadOption.STRAIGHT,99.30391693115234,-26.766969680786133,1.4679931155537123,2.8,1.2,4.5,3.0,10.0,0.6,0.01,0.06,0.55,0.16,0.2,0.35,1.5,12,10.0,14.0,0.9,1.2,0.6,0.01,0.06,0.65,0.3,0.72,0.005,0.38,0.22,0.01,0.14,1.0,0.28
mpc,ground_truth,curvy,400.0,0.05,0.1,1.0,91.11267467215657,97.04387664794922,-35.90876007080078,14.662959942433329,0.8030183830665685,0.39408854783963765,-0.14420844197308202,0.39408854783963765,0.14420844197308202,0.11204574257135391,0.011433660984039307,0.5538749098777771,0.0,15.465978325499897,134,128,5.1091227531433105,RoadOption.STRAIGHT,99.38192749023438,-25.903717041015625,1.4933657170491699,2.8,1.2,4.5,3.0,10.0,0.6,0.01,0.06,0.55,0.16,0.2,0.35,1.5,12,10.0,14.0,0.9,1.2,0.6,0.01,0.06,0.65,0.3,0.72,0.005,0.38,0.22,0.01,0.14,1.0,0.28
mpc,ground_truth,curvy,400.0,0.05,0.1,1.0,91.16267467290163,97.30695343017578,-35.22500991821289,14.649108957007611,0.8118605609985607,0.4152994519451474,-0.1485242276776102,0.4152994519451474,0.1485242276776102,0.10439004749059677,-0.007655695080757141,0.5477269291877747,0.0,15.460969518006172,135,129,5.242537021636963,RoadOption.STRAIGHT,99.43800354003906,-25.038761138916016,1.5187384517026816,2.8,1.2,4.5,3.0,10.0,0.6,0.01,0.06,0.55,0.16,0.2,0.35,1.5,12,10.0,14.0,0.9,1.2,0.6,0.01,0.06,0.65,0.3,0.72,0.005,0.38,0.22,0.01,0.14,1.0,0.28
mpc,ground_truth,curvy,400.0,0.05,0.1,1.0,91.21267467364669,97.55378723144531,-34.53557205200195,14.64724676756317,0.8154585315441665,0.4385547938107949,-0.15104011595940792,0.4385547938107949,0.15104011595940792,0.08691059052944183,-0.017479456961154938,0.5435926914215088,0.0,15.462705299107336,136,130,5.376102447509766,RoadOption.STRAIGHT,99.47212219238281,-24.172664642333984,1.544111053198139,2.8,1.2,4.5,3.0,10.0,0.6,0.01,0.06,0.55,0.16,0.2,0.35,1.5,12,10.0,14.0,0.9,1.2,0.6,0.01,0.06,0.65,0.3,0.72,0.005,0.38,0.22,0.01,0.14,1.0,0.28
mpc,ground_truth,curvy,400.0,0.05,0.1,1.0,91.26267467439175,97.78592681884766,-33.8408088684082,14.654460835407646,0.8085410000274802,0.4621989362196599,-0.15390993835007727,0.4621989362196599,0.15390993835007727,0.06890768557786942,-0.018002904951572418,0.5268235802650452,0.0,15.463001835435126,137,131,5.509363174438477,RoadOption.STRAIGHT,99.48426055908203,-23.305978775024414,1.5694836546935966,2.8,1.2,4.5,3.0,10.0,0.6,0.01,0.06,0.55,0.16,0.2,0.35,1.5,12,10.0,14.0,0.9,1.2,0.6,0.01,0.06,0.65,0.3,0.72,0.005,0.38,0.22,0.01,0.14,1.0,0.28
mpc,ground_truth,curvy,400.0,0.05,0.1,1.0,91.3126746751368,98.00493621826172,-33.141273498535156,14.664873479079805,0.7987648052707641,0.48452769750022884,-0.15881601371022125,0.48452769750022884,0.15881601371022125,0.058356888592243195,-0.01055079698562622,0.5175274610519409,0.0,15.46363828435057,138,132,5.642199516296387,RoadOption.STRAIGHT,99.47518920898438,-22.386852264404297,7.868063897186604,2.8,1.2,4.5,3.0,10.0,0.6,0.01,0.06,0.55,0.16,0.2,0.35,1.5,12,10.0,14.0,0.9,1.2,0.6,0.01,0.06,0.65,0.3,0.72,0.005,0.38,0.22,0.01,0.14,1.0,0.28
mpc,ground_truth,curvy,400.0,0.05,0.1,1.0,91.36267467588186,98.21184539794922,-32.43756866455078,14.672793879126038,0.7946918538574845,0.5043763350575321,-0.16624516788710597,0.5043763350575321,0.16624516788710597,0.05884188786149025,0.00048499926924705505,0.5219275951385498,0.0,15.467485732983523,138,133,5.7748003005981445,RoadOption.STRAIGHT,99.47518920898438,-22.386852264404297,7.868063897186604,2.8,1.2,4.5,3.0,10.0,0.6,0.01,0.06,0.55,0.16,0.2,0.35,1.5,12,10.0,14.0,0.9,1.2,0.6,0.01,0.06,0.65,0.3,0.72,0.005,0.38,0.22,0.01,0.14,1.0,0.28
mpc,ground_truth,curvy,400.0,0.05,0.1,1.0,91.41267467662692,98.40678405761719,-31.73019027709961,14.676505572971145,0.7909801600123778,0.3830596190067369,-0.1500520831949883,0.3830596190067369,0.1500520831949883,0.1357334703207016,0.07689158245921135,0.5201340913772583,0.0,15.467485732983523,139,133,5.0436506271362305,RoadOption.STRAIGHT,99.46231079101562,-21.372220993041992,7.865261186455404,2.8,1.2,4.5,3.0,10.0,0.6,0.01,0.06,0.55,0.16,0.2,0.35,1.5,12,10.0,14.0,0.9,1.2,0.6,0.01,0.06,0.65,0.3,0.72,0.005,0.38,0.22,0.01,0.14,1.0,0.28
mpc,ground_truth,curvy,400.0,0.05,0.1,1.0,91.46267467737198,98.5859146118164,-31.019262313842773,14.653681812255385,0.8072877057507863,0.39792371744918004,-0.15654180729734835,0.39792371744918004,0.15654180729734835,0.14953593909740448,0.01380246877670288,0.5539416670799255,0.0,15.460969518006172,140,134,5.177107810974121,RoadOption.STRAIGHT,99.45227813720703,-20.357559204101562,7.862459008356423,2.8,1.2,4.5,3.0,10.0,0.6,0.01,0.06,0.55,0.16,0.2,0.35,1.5,12,10.0,14.0,0.9,1.2,0.6,0.01,0.06,0.65,0.3,0.72,0.005,0.38,0.22,0.01,0.14,1.0,0.28
mpc,ground_truth,curvy,400.0,0.05,0.1,1.0,91.51267467811704,98.74494934082031,-30.305023193359375,14.62890125839996,0.836809540905243,0.4180887117065573,-0.15698775362188178,0.4180887117065573,0.15698775362188178,0.13150165975093842,-0.018034279346466064,0.5875118970870972,0.0,15.465710799305203,141,135,5.311670780181885,RoadOption.STRAIGHT,99.44512176513672,-19.34287452697754,7.85965736288966,2.8,1.2,4.5,3.0,10.0,0.6,0.01,0.06,0.55,0.16,0.2,0.35,1.5,12,10.0,14.0,0.9,1.2,0.6,0.01,0.06,0.65,0.3,0.72,0.005,0.38,0.22,0.01,0.14,1.0,0.28
mpc,ground_truth,curvy,400.0,0.05,0.1,1.0,91.5626746788621,98.88497161865234,-29.587377548217773,14.62701587132546,0.838270837854564,0.4424655831130804,-0.15438637786909215,0.4424655831130804,0.15438637786909215,0.09613393992185593,-0.03536771982908249,0.5547160506248474,0.0,15.465286709180024,141,136,5.4464545249938965,RoadOption.STRAIGHT,99.44512176513672,-19.34287452697754,7.85965736288966,2.8,1.2,4.5,3.0,10.0,0.6,0.01,0.06,0.55,0.16,0.2,0.35,1.5,12,10.0,14.0,0.9,1.2,0.6,0.01,0.06,0.65,0.3,0.72,0.005,0.38,0.22,0.01,0.14,1.0,0.28
mpc,ground_truth,curvy,400.0,0.05,0.1,1.0,91.61267467960715,99.00857543945312,-28.866090774536133,14.644733599988847,0.8205531091911773,0.338151219658804,-0.1274554276617752,0.338151219658804,0.1274554276617752,0.1188989207148552,0.022764980792999268,0.5210705995559692,0.0,15.465286709180024,142,136,4.716262340545654,RoadOption.STRAIGHT,99.44075775146484,-18.328170776367188,7.856854652158461,2.8,1.2,4.5,3.0,10.0,0.6,0.01,0.06,0.55,0.16,0.2,0.35,1.5,12,10.0,14.0,0.9,1.2,0.6,0.01,0.06,0.65,0.3,0.72,0.005,0.38,0.22,0.01,0.14,1.0,0.28
mpc,ground_truth,curvy,400.0,0.05,0.1,1.0,91.66267468035221,99.1143569946289,-28.141542434692383,14.646650637587806,0.9436360715922181,0.3635557380740678,-0.12625234463933221,0.3635557380740678,0.12625234463933221,0.08555163443088531,-0.03334728628396988,0.7638812065124512,0.0,15.590286709180024,143,137,4.849691390991211,RoadOption.STRAIGHT,99.43927001953125,-17.313461303710938,7.854052474059479,2.8,1.2,4.5,3.0,10.0,0.6,0.01,0.06,0.55,0.16,0.2,0.35,1.5,12,10.0,14.0,0.9,1.2,0.6,0.01,0.06,0.65,0.3,0.72,0.005,0.38,0.22,0.01,0.14,1.0,0.28
mpc,ground_truth,curvy,400.0,0.05,0.1,1.0,91.71267468109727,99.20328521728516,-27.41414451599121,14.66810574658927,1.0471809625907547,0.34267034432418925,-0.11662355256009604,0.34267034432418925,0.11662355256009604,0.013967741280794144,-0.07158389315009117,0.8025624752044678,0.0,15.715286709180024,143,138,5.034640312194824,RoadOption.STRAIGHT,99.43927001953125,-17.313461303710938,7.854052474059479,2.8,1.2,4.5,3.0,10.0,0.6,0.01,0.06,0.55,0.16,0.2,0.35,1.5,12,10.0,14.0,0.9,1.2,0.6,0.01,0.06,0.65,0.3,0.72,0.005,0.38,0.22,0.01,0.14,1.0,0.28
mpc,ground_truth,curvy,400.0,0.05,0.1,1.0,91.76267468184233,99.28176879882812,-26.682846069335938,14.741853139437314,1.09843356974271,0.2538965478591816,-0.09859728093162268,0.2538965478591816,0.09859728093162268,0.04293513298034668,0.028967391699552536,0.7705632448196411,0.0,15.840286709180024,144,138,4.300346374511719,RoadOption.STRAIGHT,99.44063568115234,-16.298751831054688,7.851250295960497,2.8,1.2,4.5,3.0,10.0,0.6,0.01,0.06,0.55,0.16,0.2,0.35,1.5,12,10.0,14.0,0.9,1.2,0.6,0.01,0.06,0.65,0.3,0.72,0.005,0.38,0.22,0.01,0.14,1.0,0.28
mpc,ground_truth,curvy,400.0,0.05,0.1,1.0,91.81267468258739,99.34983825683594,-25.945974349975586,14.840432820740055,1.1248538884399686,0.16405417649287382,-0.0823642488231533,0.16405417649287382,0.0823642488231533,0.07649759948253632,0.033562466502189636,0.7566167116165161,0.0,15.965286709180024,145,139,4.575136661529541,RoadOption.STRAIGHT,99.44406127929688,-15.29485034942627,1.5673213010465068,2.8,1.2,4.5,3.0,10.0,0.6,0.01,0.06,0.55,0.16,0.2,0.35,1.5,12,10.0,14.0,0.9,1.2,0.6,0.01,0.06,0.65,0.3,0.72,0.005,0.38,0.22,0.01,0.14,1.0,0.28
mpc,ground_truth,curvy,400.0,0.05,0.1,1.0,91.86267468333244,99.40420532226562,-25.202810287475586,14.94609811058451,1.1441885985955143,0.089145602982393,-0.0652020398103561,0.089145602982393,0.0652020398103561,0.1062779650092125,0.029780365526676178,0.7597147822380066,0.0,16.090286709180024,146,140,4.845489978790283,RoadOption.STRAIGHT,99.4465103149414,-14.305353164672852,1.5693213350251562,2.8,1.2,4.5,3.0,10.0,0.6,0.01,0.06,0.55,0.16,0.2,0.35,1.5,12,10.0,14.0,0.9,1.2,0.6,0.01,0.06,0.65,0.3,0.72,0.005,0.38,0.22,0.01,0.14,1.0,0.28
mpc,ground_truth,curvy,400.0,0.05,0.1,1.0,91.9126746840775,99.44258880615234,-24.453359603881836,15.053371938887418,1.161914770292606,0.031538490376795424,-0.04425601152077352,0.031538490376795424,0.04425601152077352,0.10639940202236176,0.00012143701314926147,0.7684202790260315,0.0,16.215286709180024,146,141,5.110486030578613,RoadOption.STRAIGHT,99.4465103149414,-14.305353164672852,1.5693213350251562,2.8,1.2,4.5,3.0,10.0,0.6,0.01,0.06,0.55,0.16,0.2,0.35,1.5,12,10.0,14.0,0.9,1.2,0.6,0.01,0.06,0.65,0.3,0.72,0.005,0.38,0.22,0.01,0.14,1.0,0.28
mpc,ground_truth,curvy,400.0,0.05,0.1,1.0,91.96267468482256,99.46456146240234,-23.6975040435791,15.173498544309446,1.166788164870578,0.005276179812067711,-0.022771092584614294,0.005276179812067711,0.022771092584614294,0.06882685422897339,-0.03757254779338837,0.755920946598053,0.0,16.340286709180024,147,141,4.354673385620117,RoadOption.STRAIGHT,99.44699096679688,-13.3158540725708,1.5713212358457511,2.8,1.2,4.5,3.0,10.0,0.6,0.01,0.06,0.55,0.16,0.2,0.35,1.5,12,10.0,14.0,0.9,1.2,0.6,0.01,0.06,0.65,0.3,0.72,0.005,0.38,0.22,0.01,0.14,1.0,0.28
mpc,ground_truth,curvy,400.0,0.05,0.1,1.0,92.01267468556762,99.47276306152344,-22.93468475341797,15.313364586874664,1.1519221223053595,-0.018770597755122687,0.0010157296397554916,0.018770597755122687,0.0010157296397554916,0.017242571339011192,-0.051584282889962196,0.7233140468597412,0.0,16.465286709180024,148,142,4.606625556945801,RoadOption.STRAIGHT,99.44548034667969,-12.326355934143066,1.5733214029824552,2.8,1.2,4.5,3.0,10.0,0.6,0.01,0.06,0.55,0.16,0.2,0.35,1.5,12,10.0,14.0,0.9,1.2,0.6,0.01,0.06,0.65,0.3,0.72,0.005,0.38,0.22,0.01,0.14,1.0,0.28
mpc,ground_truth,curvy,400.0,0.05,0.1,1.0,92.06267468631268,99.47197723388672,-22.164623260498047,15.457565599298771,1.1327211098812526,-0.0323635575483407,0.01938834536799483,0.0323635575483407,0.01938834536799483,-0.030117327347397804,-0.047359898686409,0.7065914273262024,0.0,16.590286709180024,149,143,4.8512725830078125,RoadOption.STRAIGHT,99.44197845458984,-11.336862564086914,1.5753213038030502,2.8,1.2,4.5,3.0,10.0,0.6,0.01,0.06,0.55,0.16,0.2,0.35,1.5,12,10.0,14.0,0.9,1.2,0.6,0.01,0.06,0.65,0.3,0.72,0.005,0.38,0.22,0.01,0.14,1.0,0.28
mpc,ground_truth,curvy,400.0,0.05,0.1,1.0,92.11267468705773,99.46715545654297,-21.3876953125,15.590939073155697,1.1243476360243267,-0.04041928396873108,0.029191041866413414,0.04041928396873108,0.029191041866413414,-0.055106017738580704,-0.0249886903911829,0.7145603895187378,0.0,16.715286709180024,149,144,5.08901309967041,RoadOption.STRAIGHT,99.44197845458984,-11.336862564086914,1.5753213038030502,2.8,1.2,4.5,3.0,10.0,0.6,0.01,0.06,0.55,0.16,0.2,0.35,1.5,12,10.0,14.0,0.9,1.2,0.6,0.01,0.06,0.65,0.3,0.72,0.005,0.38,0.22,0.01,0.14,1.0,0.28
mpc,ground_truth,curvy,400.0,0.05,0.1,1.0,92.16267468780279,99.46199798583984,-20.604408264160156,15.715948166580063,1.1243385425999612,-0.03312241347258842,0.027673040045067765,0.03312241347258842,0.027673040045067765,-0.06087593734264374,-0.005769919604063034,0.7245922088623047,0.0,16.840286709180024,150,144,4.305709362030029,RoadOption.STRAIGHT,99.43651580810547,-10.347376823425293,1.5773213377816997,2.8,1.2,4.5,3.0,10.0,0.6,0.01,0.06,0.55,0.16,0.2,0.35,1.5,12,10.0,14.0,0.9,1.2,0.6,0.01,0.06,0.65,0.3,0.72,0.005,0.38,0.22,0.01,0.14,1.0,0.28
mpc,ground_truth,curvy,400.0,0.05,0.1,1.0,92.21267468854785,99.45882415771484,-19.81494903564453,15.839339309461861,1.1259473997181626,-0.030470216987769673,0.02074629120782623,0.030470216987769673,0.02074629120782623,-0.03601139411330223,0.024864543229341507,0.7274990677833557,0.0,16.965286709180024,151,145,4.52012300491333,RoadOption.STRAIGHT,99.42973327636719,-9.348533630371094,1.5776161497143715,2.8,1.2,4.5,3.0,10.0,0.6,0.01,0.06,0.55,0.16,0.2,0.35,1.5,12,10.0,14.0,0.9,1.2,0.6,0.01,0.06,0.65,0.3,0.72,0.005,0.38,0.22,0.01,0.14,1.0,0.28
mpc,ground_truth,curvy,400.0,0.05,0.1,1.0,92.26267468929291,99.45759582519531,-19.01919174194336,15.966290749316139,1.1239959598638851,-0.018038368779332688,0.009289105882196225,0.018038368779332688,0.009289105882196225,-0.008732006885111332,0.0272793872281909,0.7220558524131775,0.0,17.090286709180024,152,146,4.7138519287109375,RoadOption.STRAIGHT,99.42291259765625,-8.348557472229004,1.5776161497143715,2.8,1.2,4.5,3.0,10.0,0.6,0.01,0.06,0.55,0.16,0.2,0.35,1.5,12,10.0,14.0,0.9,1.2,0.6,0.01,0.06,0.65,0.3,0.72,0.005,0.38,0.22,0.01,0.14,1.0,0.28
mpc,ground_truth,curvy,400.0,0.05,0.1,1.0,92.31267469003797,99.45707702636719,-18.21710777282715,16.091878917629334,1.1234077915506901,-0.007513345871153367,-7.896272632068602e-05,0.007513345871153367,7.896272632068602e-05,0.01181735098361969,0.020549357868731022,0.7233389019966125,0.0,17.215286709180024,153,147,4.901264190673828,RoadOption.STRAIGHT,99.41609191894531,-7.348580360412598,1.5776161497143715,2.8,1.2,4.5,3.0,10.0,0.6,0.01,0.06,0.55,0.16,0.2,0.35,1.5,12,10.0,14.0,0.9,1.2,0.6,0.01,0.06,0.65,0.3,0.72,0.005,0.38,0.22,0.01,0.14,1.0,0.28
mpc,ground_truth,curvy,400.0,0.05,0.1,1.0,92.36267469078302,99.45621490478516,-17.408830642700195,16.21454044945904,1.1257462597209837,0.002099098338889204,-0.005604356197962623,0.002099098338889204,0.005604356197962623,0.021054068580269814,0.009236717596650124,0.7282539010047913,0.0,17.340286709180024,153,148,5.082486152648926,RoadOption.STRAIGHT,99.41609191894531,-7.348580360412598,1.5776161497143715,2.8,1.2,4.5,3.0,10.0,0.6,0.01,0.06,0.55,0.16,0.2,0.35,1.5,12,10.0,14.0,0.9,1.2,0.6,0.01,0.06,0.65,0.3,0.72,0.005,0.38,0.22,0.01,0.14,1.0,0.28
mpc,ground_truth,curvy,400.0,0.05,0.1,1.0,92.41267469152808,99.45436096191406,-16.59446144104004,16.336208340290135,1.129078368889889,0.0018966932058252315,-0.005438174945942009,0.0018966932058252315,0.005438174945942009,0.02179383486509323,0.0007397662848234177,0.7314455509185791,0.0,17.465286709180024,154,148,4.268115043640137,RoadOption.STRAIGHT,99.40927124023438,-6.348603248596191,1.5776161497143715,2.8,1.2,4.5,3.0,10.0,0.6,0.01,0.06,0.55,0.16,0.2,0.35,1.5,12,10.0,14.0,0.9,1.2,0.6,0.01,0.06,0.65,0.3,0.72,0.005,0.38,0.22,0.01,0.14,1.0,0.28
mpc,ground_truth,curvy,400.0,0.05,0.1,1.0,92.46267469227314,99.45125579833984,-15.774002075195312,16.4583356387218,1.131951070458225,0.010800636980970108,-0.004773183621749055,0.010800636980970108,0.004773183621749055,0.011179130524396896,-0.010614704340696335,0.7326178550720215,0.0,17.590286709180024,155,149,4.437149524688721,RoadOption.STRAIGHT,99.40245056152344,-5.348626613616943,1.5776161497143715,2.8,1.2,4.5,3.0,10.0,0.6,0.01,0.06,0.55,0.16,0.2,0.35,1.5,12,10.0,14.0,0.9,1.2,0.6,0.01,0.06,0.65,0.3,0.72,0.005,0.38,0.22,0.01,0.14,1.0,0.28
mpc,ground_truth,curvy,400.0,0.05,0.1,1.0,92.5126746930182,99.44733428955078,-14.947409629821777,16.58134412072018,1.1339425884598455,0.019196800471136637,-0.0035001926206907896,0.019196800471136637,0.0035001926206907896,-0.003711623838171363,-0.01489075436256826,0.7327553629875183,0.0,17.715286709180024,156,150,4.600045680999756,RoadOption.STRAIGHT,99.3956298828125,-4.348650932312012,1.5776161497143715,2.8,1.2,4.5,3.0,10.0,0.6,0.01,0.06,0.55,0.16,0.2,0.35,1.5,12,10.0,14.0,0.9,1.2,0.6,0.01,0.06,0.65,0.3,0.72,0.005,0.38,0.22,0.01,0.14,1.0,0.28
mpc,ground_truth,curvy,400.0,0.05,0.1,1.0,92.56267469376326,99.44361877441406,-14.11467456817627,16.703957701169823,1.1363290080102004,0.018618810102772124,-0.001778991608173186,0.018618810102772124,0.001778991608173186,-0.013012160547077656,-0.009300536708906293,0.7346611022949219,0.0,17.840286709180024,157,151,4.7661614418029785,RoadOption.STRAIGHT,99.38880920410156,-3.3486738204956055,1.5776161497143715,2.8,1.2,4.5,3.0,10.0,0.6,0.01,0.06,0.55,0.16,0.2,0.35,1.5,12,10.0,14.0,0.9,1.2,0.6,0.01,0.06,0.65,0.3,0.72,0.005,0.38,0.22,0.01,0.14,1.0,0.28
mpc,ground_truth,curvy,400.0,0.05,0.1,1.0,92.61267469450831,99.44091796875,-13.275821685791016,16.826051735859753,1.1392349733202707,0.015597856554250826,-0.0018138790184529796,0.015597856554250826,0.0018138790184529796,-0.011046347208321095,0.0019658133387565613,0.7370281219482422,0.0,17.965286709180024,158,152,4.927297592163086,RoadOption.STRAIGHT,99.38198852539062,-2.348696708679199,1.5776161497143715,2.8,1.2,4.5,3.0,10.0,0.6,0.01,0.06,0.55,0.16,0.2,0.35,1.5,12,10.0,14.0,0.9,1.2,0.6,0.01,0.06,0.65,0.3,0.72,0.005,0.38,0.22,0.01,0.14,1.0,0.28
mpc,ground_truth,curvy,400.0,0.05,0.1,1.0,92.66267469525337,99.43917083740234,-12.430845260620117,16.94867192642302,1.141614782757003,0.01158149621704805,-0.0032475917912968555,0.01158149621704805,0.0032475917912968555,-0.0027403917629271746,0.00830595544539392,0.7378246188163757,0.0,18.090286709180024,158,153,5.082317352294922,RoadOption.STRAIGHT,99.38198852539062,-2.348696708679199,1.5776161497143715,2.8,1.2,4.5,3.0,10.0,0.6,0.01,0.06,0.55,0.16,0.2,0.35,1.5,12,10.0,14.0,0.9,1.2,0.6,0.01,0.06,0.65,0.3,0.72,0.005,0.38,0.22,0.01,0.14,1.0,0.28
mpc,ground_truth,curvy,400.0,0.05,0.1,1.0,92.71267469599843,99.43771362304688,-11.57972526550293,17.071616514930327,1.1436701942496974,0.007234234029549924,-0.0047441551658673475,0.007234234029549924,0.0047441551658673475,0.006700072903186083,0.009440464666113257,0.7386686205863953,0.0,18.215286709180024,159,153,4.231200218200684,RoadOption.STRAIGHT,99.37516784667969,-1.3487194776535034,1.5776161497143715,2.8,1.2,4.5,3.0,10.0,0.6,0.01,0.06,0.55,0.16,0.2,0.35,1.5,12,10.0,14.0,0.9,1.2,0.6,0.01,0.06,0.65,0.3,0.72,0.005,0.38,0.22,0.01,0.14,1.0,0.28
mpc,ground_truth,curvy,400.0,0.05,0.1,1.0,92.76267469674349,99.43569946289062,-10.722468376159668,17.194244192930896,1.1460425162491283,0.0034011463493925365,-0.005189568858182891,0.0034011463493925365,0.005189568858182891,0.012646172195672989,0.005946099292486906,0.7404723167419434,0.0,18.340286709180024,160,154,4.373945236206055,RoadOption.STRAIGHT,99.36834716796875,-0.34874236583709717,1.5776161497143715,2.8,1.2,4.5,3.0,10.0,0.6,0.01,0.06,0.55,0.16,0.2,0.35,1.5,12,10.0,14.0,0.9,1.2,0.6,0.01,0.06,0.65,0.3,0.72,0.005,0.38,0.22,0.01,0.14,1.0,0.28
mpc,ground_truth,curvy,400.0,0.05,0.1,1.0,92.81267469748855,99.43252563476562,-9.85909366607666,17.31663115692036,1.1486555522596653,0.0006859742874197293,-0.0041722413217728516,0.0006859742874197293,0.0041722413217728516,0.012855173088610172,0.00020900089293718338,0.7423290014266968,0.0,18.465286709180024,161,155,4.510567665100098,RoadOption.STRAIGHT,99.36153411865234,0.6512347459793091,1.5776161497143715,2.8,1.2,4.5,3.0,10.0,0.6,0.01,0.06,0.55,0.16,0.2,0.35,1.5,12,10.0,14.0,0.9,1.2,0.6,0.01,0.06,0.65,0.3,0.72,0.005,0.38,0.22,0.01,0.14,1.0,0.28
mpc,ground_truth,curvy,400.0,0.05,0.1,1.0,92.8626746982336,99.42794799804688,-8.98959732055664,17.439280728616062,1.151005980563962,-0.0006671764761128074,-0.002043976136635983,0.0006671764761128074,0.002043976136635983,0.007926670834422112,-0.004928502254188061,0.743424117565155,0.0,18.590286709180024,162,156,4.641059398651123,RoadOption.STRAIGHT,99.3547134399414,1.6512118577957153,1.5776161497143715,2.8,1.2,4.5,3.0,10.0,0.6,0.01,0.06,0.55,0.16,0.2,0.35,1.5,12,10.0,14.0,0.9,1.2,0.6,0.01,0.06,0.65,0.3,0.72,0.005,0.38,0.22,0.01,0.14,1.0,0.28
mpc,ground_truth,curvy,400.0,0.05,0.1,1.0,92.91267469897866,99.42216491699219,-8.113962173461914,17.562312365348347,1.1529743438316764,-0.0008567663955891189,0.0003530020024902214,0.0008567663955891189,0.0003530020024902214,0.0006011774530634284,-0.007325493381358683,0.7441466450691223,0.0,18.715286709180024,163,157,4.765405178070068,RoadOption.STRAIGHT,99.34789276123047,2.651188850402832,1.5776161497143715,2.8,1.2,4.5,3.0,10.0,0.6,0.01,0.06,0.55,0.16,0.2,0.35,1.5,12,10.0,14.0,0.9,1.2,0.6,0.01,0.06,0.65,0.3,0.72,0.005,0.38,0.22,0.01,0.14,1.0,0.28
mpc,ground_truth,curvy,400.0,0.05,0.1,1.0,92.96267469972372,99.41570281982422,-7.232177734375,17.68537996558206,1.1549067435979623,-0.00040929274962291096,0.0021245367596107734,0.00040929274962291096,0.0021245367596107734,-0.0057227471843361855,-0.006323924637399614,0.7452629208564758,0.0,18.840286709180024,164,158,4.883597373962402,RoadOption.STRAIGHT,99.34107208251953,3.6511659622192383,1.5776161497143715,2.8,1.2,4.5,3.0,10.0,0.6,0.01,0.06,0.55,0.16,0.2,0.35,1.5,12,10.0,14.0,0.9,1.2,0.6,0.01,0.06,0.65,0.3,0.72,0.005,0.38,0.22,0.01,0.14,1.0,0.28
mpc,ground_truth,curvy,400.0,0.05,0.1,1.0,93.01267470046878,99.40911102294922,-6.344247817993164,17.808234490277485,1.157052218902539,0.00012596765817320804,0.0027281422206772987,0.00012596765817320804,0.0027281422206772987,-0.00860984344035387,-0.002887096256017685,0.7468059062957764,0.0,18.965286709180024,165,159,4.995643615722656,RoadOption.STRAIGHT,99.3342514038086,4.651139259338379,1.5776161497143715,2.8,1.2,4.5,3.0,10.0,0.6,0.01,0.06,0.55,0.16,0.2,0.35,1.5,12,10.0,14.0,0.9,1.2,0.6,0.01,0.06,0.65,0.3,0.72,0.005,0.38,0.22,0.01,0.14,1.0,0.28
mpc,ground_truth,curvy,400.0,0.05,0.1,1.0,93.06267470121384,99.4028091430664,-5.450176239013672,17.93102057303493,1.1592661361450922,0.00032943227612410725,0.0021571604829642155,0.00032943227612410725,0.0021571604829642155,-0.007442221511155367,0.0011676219291985035,0.7482163906097412,0.0,19.090286709180024,165,160,5.101550579071045,RoadOption.STRAIGHT,99.3342514038086,4.651139259338379,1.5776161497143715,2.8,1.2,4.5,3.0,10.0,0.6,0.01,0.06,0.55,0.16,0.2,0.35,1.5,12,10.0,14.0,0.9,1.2,0.6,0.01,0.06,0.65,0.3,0.72,0.005,0.38,0.22,0.01,0.14,1.0,0.28
mpc,ground_truth,curvy,400.0,0.05,0.1,1.0,93.1126747019589,99.39693450927734,-4.549958229064941,18.05392884900996,1.1613578601700638,6.464962427334131e-05,0.0008675247250931051,6.464962427334131e-05,0.0008675247250931051,-0.0033372994512319565,0.00410492205992341,0.7493247985839844,0.0,19.215286709180024,166,160,4.201313018798828,RoadOption.STRAIGHT,99.32743072509766,5.651116371154785,1.5776161497143715,2.8,1.2,4.5,3.0,10.0,0.6,0.01,0.06,0.55,0.16,0.2,0.35,1.5,12,10.0,14.0,0.9,1.2,0.6,0.01,0.06,0.65,0.3,0.72,0.005,0.38,0.22,0.01,0.14,1.0,0.28
mpc,ground_truth,curvy,400.0,0.05,0.1,1.0,93.16267470270395,99.39130401611328,-3.643589496612549,18.176919539776392,1.1633671694036316,-0.00047949140539442145,-0.0004741758320885303,0.00047949140539442145,0.0004741758320885303,0.0014922720147296786,0.004829571465961635,0.750431478023529,0.0,19.340286709180024,167,161,4.294927597045898,RoadOption.STRAIGHT,99.32061004638672,6.651093482971191,1.5776161497143715,2.8,1.2,4.5,3.0,10.0,0.6,0.01,0.06,0.55,0.16,0.2,0.35,1.5,12,10.0,14.0,0.9,1.2,0.6,0.01,0.06,0.65,0.3,0.72,0.005,0.38,0.22,0.01,0.14,1.0,0.28
mpc,ground_truth,curvy,400.0,0.05,0.1,1.0,93.21267470344901,99.38567352294922,-2.7310729026794434,18.2998530961562,1.1445913482882446,-0.0010731886537987366,-0.001290168390088553,0.0010731886537987366,0.001290168390088553,0.004842063877731562,0.003349791863001883,0.7142238020896912,0.0,19.444444444444443,168,162,4.382394313812256,RoadOption.STRAIGHT,99.31378936767578,7.651070594787598,1.5776161497143715,2.8,1.2,4.5,3.0,10.0,0.6,0.01,0.06,0.55,0.16,0.2,0.35,1.5,12,10.0,14.0,0.9,1.2,0.6,0.01,0.06,0.65,0.3,0.72,0.005,0.38,0.22,0.01,0.14,1.0,0.28
mpc,ground_truth,curvy,400.0,0.05,0.1,1.0,93.26267470419407,99.37972259521484,-1.8124892711639404,18.419108883331635,1.0253355611128079,-0.0013878353977697828,-0.0013258547486958427,0.0013878353977697828,0.0013258547486958427,0.005549073219299316,0.0007070093415677547,0.5220943689346313,0.0,19.444444444444443,169,163,4.463792324066162,RoadOption.STRAIGHT,99.30697631835938,8.651047706604004,1.5776161497143715,2.8,1.2,4.5,3.0,10.0,0.6,0.01,0.06,0.55,0.16,0.2,0.35,1.5,12,10.0,14.0,0.9,1.2,0.6,0.01,0.06,0.65,0.3,0.72,0.005,0.38,0.22,0.01,0.14,1.0,0.28
mpc,ground_truth,curvy,400.0,0.05,0.1,1.0,93.31267470493913,99.37334442138672,-0.8884676694869995,18.516059652974388,0.9283847914700551,-0.0013123308766419088,-0.0007001450505814688,0.0013123308766419088,0.0007001450505814688,0.003739606123417616,-0.0018094670958817005,0.4906899631023407,0.0,19.444444444444443,170,164,4.539748668670654,RoadOption.STRAIGHT,99.30015563964844,9.65102481842041,1.5776161497143715,2.8,1.2,4.5,3.0,10.0,0.6,0.01,0.06,0.55,0.16,0.2,0.35,1.5,12,10.0,14.0,0.9,1.2,0.6,0.01,0.06,0.65,0.3,0.72,0.005,0.38,0.22,0.01,0.14,1.0,0.28
mpc,ground_truth,curvy,400.0,0.05,0.1,1.0,93.36267470568419,99.3666000366211,0.039033353328704834,18.568514777192277,0.8759296672521657,-0.0008943788016613011,0.00020626182642669022,0.0008943788016613011,0.00020626182642669022,0.000577261031139642,-0.003162345092277974,0.5126116275787354,0.0,19.444444444444443,171,165,4.61221981048584,RoadOption.STRAIGHT,99.2933349609375,10.651001930236816,1.5776161497143715,2.8,1.2,4.5,3.0,10.0,0.6,0.01,0.06,0.55,0.16,0.2,0.35,1.5,12,10.0,14.0,0.9,1.2,0.6,0.01,0.06,0.65,0.3,0.72,0.005,0.38,0.22,0.01,0.14,1.0,0.28
mpc,ground_truth,curvy,400.0,0.05,0.1,1.0,93.41267470642924,99.35966491699219,0.9680768847465515,18.58779094091162,0.8566535035328222,-0.00029618983753573747,0.0009483516641770606,0.00029618983753573747,0.0009483516641770606,-0.002401447854936123,-0.002978708886075765,0.5408607125282288,0.0,19.444444444444443,172,166,4.6831512451171875,RoadOption.STRAIGHT,99.28651428222656,11.650979042053223,1.5776161497143715,2.8,1.2,4.5,3.0,10.0,0.6,0.01,0.06,0.55,0.16,0.2,0.35,1.5,12,10.0,14.0,0.9,1.2,0.6,0.01,0.06,0.65,0.3,0.72,0.005,0.38,0.22,0.01,0.14,1.0,0.28
mpc,ground_truth,curvy,400.0,0.05,0.1,1.0,93.4626747071743,99.35279083251953,1.8974987268447876,18.589513630935457,0.8549308135089859,0.00023838539785694945,0.0012173309342751182,0.00023838539785694945,0.0012173309342751182,-0.003944969270378351,-0.0015435214154422283,0.5608912706375122,0.0,19.444444444444443,173,167,4.753704071044922,RoadOption.STRAIGHT,99.27969360351562,12.650954246520996,1.5776161497143715,2.8,1.2,4.5,3.0,10.0,0.6,0.01,0.06,0.55,0.16,0.2,0.35,1.5,12,10.0,14.0,0.9,1.2,0.6,0.01,0.06,0.65,0.3,0.72,0.005,0.38,0.22,0.01,0.14,1.0,0.28
mpc,ground_truth,curvy,400.0,0.05,0.1,1.0,93.51267470791936,99.34617614746094,2.8267784118652344,18.584502466661135,0.8599419777833077,0.0005145367300773002,0.0009563411474475814,0.0005145367300773002,0.0009563411474475814,-0.0036142985336482525,0.0003306707367300987,0.5719785690307617,0.0,19.444444444444443,174,168,4.824401378631592,RoadOption.STRAIGHT,99.27287292480469,13.650931358337402,1.5776161497143715,2.8,1.2,4.5,3.0,10.0,0.6,0.01,0.06,0.55,0.16,0.2,0.35,1.5,12,10.0,14.0,0.9,1.2,0.6,0.01,0.06,0.65,0.3,0.72,0.005,0.38,0.22,0.01,0.14,1.0,0.28
mpc,ground_truth,curvy,400.0,0.05,0.1,1.0,93.56267470866442,99.33985137939453,3.755767345428467,18.578337621891546,0.8661068225528972,0.0005103898872931209,0.00034408041283828794,0.0005103898872931209,0.00034408041283828794,-0.0017799213528633118,0.0018343771807849407,0.5770618915557861,0.0,19.444444444444443,175,169,4.89539098739624,RoadOption.STRAIGHT,99.26605224609375,14.650908470153809,1.5776161497143715,2.8,1.2,4.5,3.0,10.0,0.6,0.01,0.06,0.55,0.16,0.2,0.35,1.5,12,10.0,14.0,0.9,1.2,0.6,0.01,0.06,0.65,0.3,0.72,0.005,0.38,0.22,0.01,0.14,1.0,0.28
mpc,ground_truth,curvy,400.0,0.05,0.1,1.0,93.61267470940948,99.33375549316406,4.684482574462891,18.573188122290915,0.8712563221535277,0.00027160391603510414,-0.00031385353446555797,0.00027160391603510414,0.00031385353446555797,0.00048380348016507924,0.002263724833028391,0.5789331793785095,0.0,19.444444444444443,176,170,4.96665620803833,RoadOption.STRAIGHT,99.25923156738281,15.650885581970215,1.5776161497143715,2.8,1.2,4.5,3.0,10.0,0.6,0.01,0.06,0.55,0.16,0.2,0.35,1.5,12,10.0,14.0,0.9,1.2,0.6,0.01,0.06,0.65,0.3,0.72,0.005,0.38,0.22,0.01,0.14,1.0,0.28
mpc,ground_truth,curvy,400.0,0.05,0.1,1.0,93.66267471015453,99.32774353027344,5.6129913330078125,18.569505929104828,0.8749385153396148,-4.96953621761248e-05,-0.0007382282541699148,4.96953621761248e-05,0.0007382282541699148,0.0022129560820758343,0.001729152601910755,0.5793817639350891,0.0,19.444444444444443,176,171,5.03812837600708,RoadOption.STRAIGHT,99.25923156738281,15.650885581970215,1.5776161497143715,2.8,1.2,4.5,3.0,10.0,0.6,0.01,0.06,0.55,0.16,0.2,0.35,1.5,12,10.0,14.0,0.9,1.2,0.6,0.01,0.06,0.65,0.3,0.72,0.005,0.38,0.22,0.01,0.14,1.0,0.28
mpc,ground_truth,curvy,400.0,0.05,0.1,1.0,93.71267471089959,99.3216552734375,6.54135799407959,18.567085157821236,0.8773592866232072,-0.00029282726294189293,-0.0007892277890446664,0.00029282726294189293,0.0007892277890446664,0.002747013233602047,0.0005340571515262127,0.57932049036026,0.0,19.444444444444443,177,171,4.109742164611816,RoadOption.STRAIGHT,99.25241088867188,16.650863647460938,1.5776161497143715,2.8,1.2,4.5,3.0,10.0,0.6,0.01,0.06,0.55,0.16,0.2,0.35,1.5,12,10.0,14.0,0.9,1.2,0.6,0.01,0.06,0.65,0.3,0.72,0.005,0.38,0.22,0.01,0.14,1.0,0.28
mpc,ground_truth,curvy,400.0,0.05,0.1,1.0,93.76267471164465,99.31539154052734,7.469635486602783,18.565587813113257,0.8788566313311854,-0.0003607851954194191,-0.0005037369201881248,0.0003607851954194191,0.0005037369201881248,0.0020400267094373703,-0.0007069865241646767,0.5791108012199402,0.0,19.444444444444443,178,172,4.181443691253662,RoadOption.STRAIGHT,99.24559783935547,17.65083885192871,1.5776161497143715,2.8,1.2,4.5,3.0,10.0,0.6,0.01,0.06,0.55,0.16,0.2,0.35,1.5,12,10.0,14.0,0.9,1.2,0.6,0.01,0.06,0.65,0.3,0.72,0.005,0.38,0.22,0.01,0.14,1.0,0.28
mpc,ground_truth,curvy,400.0,0.05,0.1,1.0,93.81267471238971,99.30894470214844,8.397858619689941,18.564702707142853,0.8797417373015897,-0.00024528420607174833,-5.3929012073794524e-05,0.00024528420607174833,5.3929012073794524e-05,0.000574676610995084,-0.0014653500984422863,0.5789071917533875,0.0,19.444444444444443,179,173,4.253196716308594,RoadOption.STRAIGHT,99.23877716064453,18.650815963745117,1.5776161497143715,2.8,1.2,4.5,3.0,10.0,0.6,0.01,0.06,0.55,0.16,0.2,0.35,1.5,12,10.0,14.0,0.9,1.2,0.6,0.01,0.06,0.65,0.3,0.72,0.005,0.38,0.22,0.01,0.14,1.0,0.28
mpc,ground_truth,curvy,400.0,0.05,0.1,1.0,93.86267471313477,99.3023910522461,9.3260498046875,18.564198595046477,0.8802458493979657,-2.2743290874264327e-05,0.000344479887001814,2.2743290874264327e-05,0.000344479887001814,-0.0009133444982580841,-0.001488021109253168,0.5787524580955505,0.0,19.444444444444443,180,174,4.324982643127441,RoadOption.STRAIGHT,99.2319564819336,19.650793075561523,1.5776161497143715,2.8,1.2,4.5,3.0,10.0,0.6,0.01,0.06,0.55,0.16,0.2,0.35,1.5,12,10.0,14.0,0.9,1.2,0.6,0.01,0.06,0.65,0.3,0.72,0.005,0.38,0.22,0.01,0.14,1.0,0.28
mpc,ground_truth,curvy,400.0,0.05,0.1,1.0,93.91267471387982,99.29586029052734,10.254225730895996,18.563913399331977,0.8805310451124662,0.00017701403442466415,0.0005297027408168731,0.00017701403442466415,0.0005297027408168731,-0.0017705034697428346,-0.0008571589714847505,0.5786608457565308,0.0,19.444444444444443,181,175,4.39678430557251,RoadOption.STRAIGHT,99.22513580322266,20.65077018737793,1.5776161497143715,2.8,1.2,4.5,3.0,10.0,0.6,0.01,0.06,0.55,0.16,0.2,0.35,1.5,12,10.0,14.0,0.9,1.2,0.6,0.01,0.06,0.65,0.3,0.72,0.005,0.38,0.22,0.01,0.14,1.0,0.28
mpc,ground_truth,curvy,400.0,0.05,0.1,1.0,93.96267471462488,99.28941345214844,11.182393074035645,18.563749710430066,0.8806947340143765,0.0002929085060648026,0.0004569984430577989,0.0002929085060648026,0.0004569984430577989,-0.0017495258944109082,2.0977575331926346e-05,0.57861328125,0.0,19.444444444444443,182,176,4.468595027923584,RoadOption.STRAIGHT,99.21831512451172,21.650747299194336,1.5776161497143715,2.8,1.2,4.5,3.0,10.0,0.6,0.01,0.06,0.55,0.16,0.2,0.35,1.5,12,10.0,14.0,0.9,1.2,0.6,0.01,0.06,0.65,0.3,0.72,0.005,0.38,0.22,0.01,0.14,1.0,0.28
mpc,ground_truth,curvy,400.0,0.05,0.1,1.0,94.01267471536994,99.2831039428711,12.110553741455078,18.563657119432385,0.8807873250120579,0.0002715291004336262,0.0001972070787203961,0.0002715291004336262,0.0001972070787203961,-0.0010016593150794506,0.0007478665793314576,0.5785834789276123,0.0,19.444444444444443,183,177,4.540414333343506,RoadOption.STRAIGHT,99.21149444580078,22.65072250366211,1.5776161497143715,2.8,1.2,4.5,3.0,10.0,0.6,0.01,0.06,0.55,0.16,0.2,0.35,1.5,12,10.0,14.0,0.9,1.2,0.6,0.01,0.06,0.65,0.3,0.72,0.005,0.38,0.22,0.01,0.14,1.0,0.28
mpc,ground_truth,curvy,400.0,0.05,0.1,1.0,94.062674716115,99.27689361572266,13.038714408874512,18.56360882864797,0.8808356157964745,0.0001585795779587007,-0.00011105381745624143,0.0001585795779587007,0.00011105381745624143,9.857273107627407e-05,0.0011002320461557247,0.5785593390464783,0.0,19.444444444444443,184,178,4.612231254577637,RoadOption.STRAIGHT,99.20467376708984,23.650699615478516,1.5776161497143715,2.8,1.2,4.5,3.0,10.0,0.6,0.01,0.06,0.55,0.16,0.2,0.35,1.5,12,10.0,14.0,0.9,1.2,0.6,0.01,0.06,0.65,0.3,0.72,0.005,0.38,0.22,0.01,0.14,1.0,0.28
mpc,ground_truth,curvy,400.0,0.05,0.1,1.0,94.11267471686006,99.27072143554688,13.966875076293945,18.563581647676727,0.8808627967677154,-1.322394996977616e-07,-0.0003273024979706385,1.322394996977616e-07,0.0003273024979706385,0.0009501901222392917,0.0008516173911630176,0.5785502791404724,0.0,19.444444444444443,185,179,4.6840500831604,RoadOption.STRAIGHT,99.1978530883789,24.650676727294922,1.5776161497143715,2.8,1.2,4.5,3.0,10.0,0.6,0.01,0.06,0.55,0.16,0.2,0.35,1.5,12,10.0,14.0,0.9,1.2,0.6,0.01,0.06,0.65,0.3,0.72,0.005,0.38,0.22,0.01,0.14,1.0,0.28
mpc,ground_truth,curvy,400.0,0.05,0.1,1.0,94.16267471760511,99.2645263671875,14.895029067993164,18.56356219932585,0.8808822451185918,-0.00013591087874999935,-0.00037350834288352175,0.00013591087874999935,0.00037350834288352175,0.0012882607989013195,0.00033807067666202784,0.5785526633262634,0.0,19.444444444444443,186,180,4.755875587463379,RoadOption.STRAIGHT,99.1910400390625,25.650653839111328,1.5776161497143715,2.8,1.2,4.5,3.0,10.0,0.6,0.01,0.06,0.55,0.16,0.2,0.35,1.5,12,10.0,14.0,0.9,1.2,0.6,0.01,0.06,0.65,0.3,0.72,0.005,0.38,0.22,0.01,0.14,1.0,0.28
mpc,ground_truth,curvy,400.0,0.05,0.1,1.0,94.21267471835017,99.25823974609375,15.8231840133667,18.563550223805656,0.8808942206387869,-0.00018014541651473898,-0.00025579662270214243,0.00018014541651473898,0.00025579662270214243,0.0010228200117126107,-0.0002654407871887088,0.5785508751869202,0.0,19.444444444444443,187,181,4.827700138092041,RoadOption.STRAIGHT,99.18421936035156,26.6506290435791,1.5776161497143715,2.8,1.2,4.5,3.0,10.0,0.6,0.01,0.06,0.55,0.16,0.2,0.35,1.5,12,10.0,14.0,0.9,1.2,0.6,0.01,0.06,0.65,0.3,0.72,0.005,0.38,0.22,0.01,0.14,1.0,0.28
mpc,ground_truth,curvy,400.0,0.05,0.1,1.0,94.26267471909523,99.25186920166016,16.751340866088867,18.563545846267584,0.8808985981768593,-0.00014047157374386804,-4.980111238417351e-05,0.00014047157374386804,4.980111238417351e-05,0.00036930825444869697,-0.0006535117572639138,0.5785444378852844,0.0,19.444444444444443,188,182,4.899521827697754,RoadOption.STRAIGHT,99.17739868164062,27.650606155395508,1.5776161497143715,2.8,1.2,4.5,3.0,10.0,0.6,0.01,0.06,0.55,0.16,0.2,0.35,1.5,12,10.0,14.0,0.9,1.2,0.6,0.01,0.06,0.65,0.3,0.72,0.005,0.38,0.22,0.01,0.14,1.0,0.28
mpc,ground_truth,curvy,400.0,0.05,0.1,1.0,94.31267471984029,99.24544525146484,17.679494857788086,18.56354735463503,0.8808970898094124,-4.73867073604653e-05,0.00014500912135506638,4.73867073604653e-05,0.00014500912135506638,-0.00033799392986111343,-0.0007073021843098104,0.5785364508628845,0.0,19.444444444444443,189,183,4.971343994140625,RoadOption.STRAIGHT,99.17057800292969,28.650583267211914,1.5776161497143715,2.8,1.2,4.5,3.0,10.0,0.6,0.01,0.06,0.55,0.16,0.2,0.35,1.5,12,10.0,14.0,0.9,1.2,0.6,0.01,0.06,0.65,0.3,0.72,0.005,0.38,0.22,0.01,0.14,1.0,0.28
mpc,ground_truth,curvy,400.0,0.05,0.1,1.0,94.36267472058535,99.239013671875,18.607650756835938,18.563545452581863,0.8808989918625798,5.332737613335248e-05,0.0002484729297043131,5.332737613335248e-05,0.0002484729297043131,-0.0007949363207444549,-0.00045694239088334143,0.5785416960716248,0.0,19.444444444444443,189,184,5.043166160583496,RoadOption.STRAIGHT,99.17057800292969,28.650583267211914,1.5776161497143715,2.8,1.2,4.5,3.0,10.0,0.6,0.01,0.06,0.55,0.16,0.2,0.35,1.5,12,10.0,14.0,0.9,1.2,0.6,0.01,0.06,0.65,0.3,0.72,0.005,0.38,0.22,0.01,0.14,1.0,0.28
mpc,ground_truth,curvy,400.0,0.05,0.1,1.0,94.4126747213304,99.23262786865234,19.53580665588379,18.563541412261483,0.8809030321829603,0.00010917229121364114,0.00023049659234608555,0.00010917229121364114,0.00023049659234608555,-0.0008381157531403005,-4.317943239584565e-05,0.5785466432571411,0.0,19.444444444444443,190,184,4.114988327026367,RoadOption.STRAIGHT,99.16375732421875,29.65056037902832,1.5776161497143715,2.8,1.2,4.5,3.0,10.0,0.6,0.01,0.06,0.55,0.16,0.2,0.35,1.5,12,10.0,14.0,0.9,1.2,0.6,0.01,0.06,0.65,0.3,0.72,0.005,0.38,0.22,0.01,0.14,1.0,0.28
mpc,ground_truth,curvy,400.0,0.05,0.1,1.0,94.46267472207546,99.22628784179688,20.463964462280273,18.56354029497359,0.8809041494708545,0.00011832276170325659,0.00011877698461759678,0.00011832276170325659,0.00011877698461759678,-0.0005495221121236682,0.0002885936410166323,0.5785438418388367,0.0,19.444444444444443,191,185,4.186809062957764,RoadOption.STRAIGHT,99.15693664550781,30.650537490844727,1.5776161497143715,2.8,1.2,4.5,3.0,10.0,0.6,0.01,0.06,0.55,0.16,0.2,0.35,1.5,12,10.0,14.0,0.9,1.2,0.6,0.01,0.06,0.65,0.3,0.72,0.005,0.38,0.22,0.01,0.14,1.0,0.28
mpc,ground_truth,curvy,400.0,0.05,0.1,1.0,94.51267472282052,99.22001647949219,21.392126083374023,18.56353883057705,0.8809056138673945,6.641347995128485e-05,-2.769687533676901e-05,6.641347995128485e-05,2.769687533676901e-05,-1.3786629097012337e-05,0.0005357354830266559,0.5785451531410217,0.0,19.444444444444443,192,186,4.258626937866211,RoadOption.STRAIGHT,99.15011596679688,31.650514602661133,1.5776161497143715,2.8,1.2,4.5,3.0,10.0,0.6,0.01,0.06,0.55,0.16,0.2,0.35,1.5,12,10.0,14.0,0.9,1.2,0.6,0.01,0.06,0.65,0.3,0.72,0.005,0.38,0.22,0.01,0.14,1.0,0.28
mpc,ground_truth,curvy,400.0,0.05,0.1,1.0,94.56267472356558,99.21377563476562,22.320287704467773,18.563540630774053,0.8809038136703897,-2.3654895031907652e-05,-0.0001383512186294844,2.3654895031907652e-05,0.0001383512186294844,0.0004175076901447028,0.00043129431924171513,0.5785401463508606,0.0,19.444444444444443,193,187,4.330442428588867,RoadOption.STRAIGHT,99.14329528808594,32.650489807128906,1.5776161497143715,2.8,1.2,4.5,3.0,10.0,0.6,0.01,0.06,0.55,0.16,0.2,0.35,1.5,12,10.0,14.0,0.9,1.2,0.6,0.01,0.06,0.65,0.3,0.72,0.005,0.38,0.22,0.01,0.14,1.0,0.28
mpc,ground_truth,curvy,400.0,0.05,0.1,1.0,94.61267472431064,99.2074966430664,23.248449325561523,18.563540826496155,0.8809036179482881,-7.556417678387939e-05,-0.00017017599365587444,7.556417678387939e-05,0.00017017599365587444,0.0005977405235171318,0.000180232833372429,0.5785419344902039,0.0,19.444444444444443,194,188,4.4022603034973145,RoadOption.STRAIGHT,99.136474609375,33.65046691894531,1.5776161497143715,2.8,1.2,4.5,3.0,10.0,0.6,0.01,0.06,0.55,0.16,0.2,0.35,1.5,12,10.0,14.0,0.9,1.2,0.6,0.01,0.06,0.65,0.3,0.72,0.005,0.38,0.22,0.01,0.14,1.0,0.28
mpc,ground_truth,curvy,400.0,0.05,0.1,1.0,94.6626747250557,99.20120239257812,24.176603317260742,18.563538995736963,0.8809054487074803,-0.00011216299359863985,-0.00012250541014369176,0.00011216299359863985,0.00012250541014369176,0.0005112986546009779,-8.644186891615391e-05,0.5785454511642456,0.0,19.444444444444443,195,189,4.474085330963135,RoadOption.STRAIGHT,99.1296615600586,34.65044403076172,1.5776161497143715,2.8,1.2,4.5,3.0,10.0,0.6,0.01,0.06,0.55,0.16,0.2,0.35,1.5,12,10.0,14.0,0.9,1.2,0.6,0.01,0.06,0.65,0.3,0.72,0.005,0.38,0.22,0.01,0.14,1.0,0.28
mpc,ground_truth,curvy,400.0,0.05,0.1,1.0,94.71267472580075,99.19485473632812,25.104753494262695,18.563538856730055,0.8809055877143877,-9.533127528223509e-05,-2.8096349500295048e-05,9.533127528223509e-05,2.8096349500295048e-05,0.00021643754735123366,-0.00029486110724974424,0.5785435438156128,0.0,19.444444444444443,196,190,4.5459136962890625,RoadOption.STRAIGHT,99.12284088134766,35.650421142578125,1.5776161497143715,2.8,1.2,4.5,3.0,10.0,0.6,0.01,0.06,0.55,0.16,0.2,0.35,1.5,12,10.0,14.0,0.9,1.2,0.6,0.01,0.06,0.65,0.3,0.72,0.005,0.38,0.22,0.01,0.14,1.0,0.28
mpc,ground_truth,curvy,400.0,0.05,0.1,1.0,94.76267472654581,99.18848419189453,26.032901763916016,18.5635411603435,0.8809032841009419,-5.559889795546391e-05,6.67121853066277e-05,5.559889795546391e-05,6.67121853066277e-05,-0.00012050942314090207,-0.00033694697049213573,0.5785391926765442,0.0,19.444444444444443,197,191,4.617743968963623,RoadOption.STRAIGHT,99.11602020263672,36.650394439697266,1.5776161497143715,2.8,1.2,4.5,3.0,10.0,0.6,0.01,0.06,0.55,0.16,0.2,0.35,1.5,12,10.0,14.0,0.9,1.2,0.6,0.01,0.06,0.65,0.3,0.72,0.005,0.38,0.22,0.01,0.14,1.0,0.28
mpc,ground_truth,curvy,400.0,0.05,0.1,1.0,94.81267472729087,99.1821060180664,26.96105194091797,18.56354011665935,0.8809043277850925,-8.250311197353921e-06,0.00012237225208888702,8.250311197353921e-06,0.00012237225208888702,-0.0003559298347681761,-0.000235420411627274,0.5785438418388367,0.0,19.444444444444443,198,192,4.689572334289551,RoadOption.STRAIGHT,99.10919952392578,37.65037155151367,1.5776161497143715,2.8,1.2,4.5,3.0,10.0,0.6,0.01,0.06,0.55,0.16,0.2,0.35,1.5,12,10.0,14.0,0.9,1.2,0.6,0.01,0.06,0.65,0.3,0.72,0.005,0.38,0.22,0.01,0.14,1.0,0.28
mpc,ground_truth,curvy,400.0,0.05,0.1,1.0,94.86267472803593,99.17574310302734,27.88920021057129,18.563539697037918,0.8809047474065252,2.3839841339905188e-05,0.00012090751348958761,2.3839841339905188e-05,0.00012090751348958761,-0.00040356942918151617,-4.763959441334009e-05,0.5785433650016785,0.0,19.444444444444443,199,193,4.7614006996154785,RoadOption.STRAIGHT,99.10237884521484,38.65034866333008,1.5776161497143715,2.8,1.2,4.5,3.0,10.0,0.6,0.01,0.06,0.55,0.16,0.2,0.35,1.5,12,10.0,14.0,0.9,1.2,0.6,0.01,0.06,0.65,0.3,0.72,0.005,0.38,0.22,0.01,0.14,1.0,0.28
mpc,ground_truth,curvy,400.0,0.05,0.1,1.0,94.91267472878098,99.16940307617188,28.817352294921875,18.56353924914995,0.880905195294492,3.302933486679094e-05,7.203850748638274e-05,3.302933486679094e-05,7.203850748638274e-05,-0.0002960398851428181,0.00010752954403869808,0.5785436630249023,0.0,19.444444444444443,200,194,4.833227157592773,RoadOption.STRAIGHT,99.0955581665039,39.650325775146484,1.5776161497143715,2.8,1.2,4.5,3.0,10.0,0.6,0.01,0.06,0.55,0.16,0.2,0.35,1.5,12,10.0,14.0,0.9,1.2,0.6,0.01,0.06,0.65,0.3,0.72,0.005,0.38,0.22,0.01,0.14,1.0,0.28
mpc,ground_truth,curvy,400.0,0.05,0.1,1.0,94.96267472952604,99.16307067871094,29.745513916015625,18.5635427433775,0.8809017010669429,4.215378999822966e-05,2.6631610898775193e-06,4.215378999822966e-05,2.6631610898775193e-06,-5.4504398576682433e-05,0.00024153548656613566,0.5785368084907532,0.0,19.444444444444443,201,195,4.905044078826904,RoadOption.STRAIGHT,99.08873748779297,40.65030288696289,1.5776161497143715,2.8,1.2,4.5,3.0,10.0,0.6,0.01,0.06,0.55,0.16,0.2,0.35,1.5,12,10.0,14.0,0.9,1.2,0.6,0.01,0.06,0.65,0.3,0.72,0.005,0.38,0.22,0.01,0.14,1.0,0.28
mpc,ground_truth,curvy,400.0,0.05,0.1,1.0,95.0126747302711,99.15675354003906,30.673675537109375,18.5635427402525,0.8809017041919418,2.8390593798388597e-05,-5.539375067353802e-05,2.8390593798388597e-05,5.539375067353802e-05,0.00012827776663471013,0.00018278216521139257,0.5785410404205322,0.0,19.444444444444443,202,196,4.976861476898193,RoadOption.STRAIGHT,99.08191680908203,41.6502799987793,1.5776161497143715,2.8,1.2,4.5,3.0,10.0,0.6,0.01,0.06,0.55,0.16,0.2,0.35,1.5,12,10.0,14.0,0.9,1.2,0.6,0.01,0.06,0.65,0.3,0.72,0.005,0.38,0.22,0.01,0.14,1.0,0.28
mpc,ground_truth,curvy,400.0,0.05,0.1,1.0,95.06267473101616,99.15044403076172,31.601837158203125,18.563543149123255,0.8809012953211877,6.9721651299384235e-06,-8.175904546536827e-05,6.9721651299384235e-06,8.175904546536827e-05,0.0002411405585007742,0.00011286279186606407,0.5785402655601501,0.0,19.444444444444443,202,197,5.048675060272217,RoadOption.STRAIGHT,99.08191680908203,41.6502799987793,1.5776161497143715,2.8,1.2,4.5,3.0,10.0,0.6,0.01,0.06,0.55,0.16,0.2,0.35,1.5,12,10.0,14.0,0.9,1.2,0.6,0.01,0.06,0.65,0.3,0.72,0.005,0.38,0.22,0.01,0.14,1.0,0.28
mpc,ground_truth,curvy,400.0,0.05,0.1,1.0,95.11267473176122,99.14414978027344,32.529998779296875,18.563541161153715,0.8809032832907278,-2.8772548152158905e-05,-7.217166554118748e-05,2.8772548152158905e-05,7.217166554118748e-05,0.00025679392274469137,1.5653364243917167e-05,0.5785443782806396,0.0,19.444444444444443,203,197,4.120492458343506,RoadOption.STRAIGHT,99.07510375976562,42.6502571105957,1.5776161497143715,2.8,1.2,4.5,3.0,10.0,0.6,0.01,0.06,0.55,0.16,0.2,0.35,1.5,12,10.0,14.0,0.9,1.2,0.6,0.01,0.06,0.65,0.3,0.72,0.005,0.38,0.22,0.01,0.14,1.0,0.28
mpc,ground_truth,curvy,400.0,0.05,0.1,1.0,95.16267473250628,99.13780975341797,33.45814895629883,18.563539251839522,0.8809051926049207,-1.9570046946179587e-05,-3.502056833459832e-05,1.9570046946179587e-05,3.502056833459832e-05,0.00014327758981380612,-0.00011351633293088526,0.5785453915596008,0.0,19.444444444444443,204,198,4.192320823669434,RoadOption.STRAIGHT,99.06828308105469,43.65023422241211,1.5776161497143715,2.8,1.2,4.5,3.0,10.0,0.6,0.01,0.06,0.55,0.16,0.2,0.35,1.5,12,10.0,14.0,0.9,1.2,0.6,0.01,0.06,0.65,0.3,0.72,0.005,0.38,0.22,0.01,0.14,1.0,0.28
mpc,ground_truth,curvy,400.0,0.05,0.1,1.0,95.21267473325133,99.1314697265625,34.38629913330078,18.56354092988987,0.8809035145545714,-1.0367545740203737e-05,9.321063815015407e-06,1.0367545740203737e-05,9.321063815015407e-06,-3.4836623399314703e-06,-0.0001467612521537376,0.5785400867462158,0.0,19.444444444444443,205,199,4.264149188995361,RoadOption.STRAIGHT,99.06146240234375,44.65020751953125,1.5776161497143715,2.8,1.2,4.5,3.0,10.0,0.6,0.01,0.06,0.55,0.16,0.2,0.35,1.5,12,10.0,14.0,0.9,1.2,0.6,0.01,0.06,0.65,0.3,0.72,0.005,0.38,0.22,0.01,0.14,1.0,0.28
mpc,ground_truth,curvy,400.0,0.05,0.1,1.0,95.26267473399639,99.12513732910156,35.314449310302734,18.563540327130305,0.8809041173141381,-8.794261644653328e-06,4.074636467832349e-05,8.794261644653328e-06,4.074636467832349e-05,-0.00010949588613584638,-0.0001060122237959149,0.5785431861877441,0.0,19.444444444444443,206,200,4.335978031158447,RoadOption.STRAIGHT,99.05464172363281,45.650184631347656,1.5776161497143715,2.8,1.2,4.5,3.0,10.0,0.6,0.01,0.06,0.55,0.16,0.2,0.35,1.5,12,10.0,14.0,0.9,1.2,0.6,0.01,0.06,0.65,0.3,0.72,0.005,0.38,0.22,0.01,0.14,1.0,0.28
mpc,ground_truth,curvy,400.0,0.05,0.1,1.0,95.31267473474145,99.1187973022461,36.24259567260742,18.563538411938417,0.8809060325060258,4.3425491950618844e-07,5.033374460250428e-05,4.3425491950618844e-07,5.033374460250428e-05,-0.00015568693925160915,-4.619105311576277e-05,0.5785459280014038,0.0,19.444444444444443,207,201,4.407810211181641,RoadOption.STRAIGHT,99.04782104492188,46.65016174316406,1.5776161497143715,2.8,1.2,4.5,3.0,10.0,0.6,0.01,0.06,0.55,0.16,0.2,0.35,1.5,12,10.0,14.0,0.9,1.2,0.6,0.01,0.06,0.65,0.3,0.72,0.005,0.38,0.22,0.01,0.14,1.0,0.28
mpc,ground_truth,curvy,400.0,0.05,0.1,1.0,95.36267473548651,99.11244201660156,37.17074966430664,18.563537970601654,0.8809064738427885,2.486917498815619e-05,3.90153099694146e-05,2.486917498815619e-05,3.90153099694146e-05,-0.00016965017130132765,-1.39632320497185e-05,0.5785444378852844,0.0,19.444444444444443,208,202,4.479634761810303,RoadOption.STRAIGHT,99.04100036621094,47.65013885498047,1.5776161497143715,2.8,1.2,4.5,3.0,10.0,0.6,0.01,0.06,0.55,0.16,0.2,0.35,1.5,12,10.0,14.0,0.9,1.2,0.6,0.01,0.06,0.65,0.3,0.72,0.005,0.38,0.22,0.01,0.14,1.0,0.28
mpc,ground_truth,curvy,400.0,0.05,0.1,1.0,95.41267473623157,99.10613250732422,38.098899841308594,18.563541013744725,0.8809034306997177,1.1184024862855718e-05,1.1717908796171628e-05,1.1184024862855718e-05,1.1717908796171628e-05,-4.030510172015056e-05,0.00012934506958117709,0.5785384178161621,0.0,19.444444444444443,209,203,4.551463603973389,RoadOption.STRAIGHT,99.0341796875,48.650115966796875,1.5776161497143715,2.8,1.2,4.5,3.0,10.0,0.6,0.01,0.06,0.55,0.16,0.2,0.35,1.5,12,10.0,14.0,0.9,1.2,0.6,0.01,0.06,0.65,0.3,0.72,0.005,0.38,0.22,0.01,0.14,1.0,0.28
mpc,ground_truth,curvy,400.0,0.05,0.1,1.0,95.46267473697662,99.09982299804688,39.027061462402344,18.563541035012967,0.8809034094314754,-1.0208388447417727e-05,-1.4381069886493236e-05,1.0208388447417727e-05,1.4381069886493236e-05,4.6593868319178e-05,8.689897003932856e-05,0.5785419940948486,0.0,19.444444444444443,210,204,4.623281002044678,RoadOption.STRAIGHT,99.0273666381836,49.65009307861328,1.5776161497143715,2.8,1.2,4.5,3.0,10.0,0.6,0.01,0.06,0.55,0.16,0.2,0.35,1.5,12,10.0,14.0,0.9,1.2,0.6,0.01,0.06,0.65,0.3,0.72,0.005,0.38,0.22,0.01,0.14,1.0,0.28
mpc,ground_truth,curvy,400.0,0.05,0.1,1.0,95.51267473772168,99.09351348876953,39.955223083496094,18.563542161665733,0.8809022827787096,-3.162681711585402e-05,-2.783003339157375e-05,3.162681711585402e-05,2.783003339157375e-05,0.00011300206097075716,6.640819265157916e-05,0.578540027141571,0.0,19.444444444444443,211,205,4.695094585418701,RoadOption.STRAIGHT,99.02054595947266,50.65007019042969,1.5776161497143715,2.8,1.2,4.5,3.0,10.0,0.6,0.01,0.06,0.55,0.16,0.2,0.35,1.5,12,10.0,14.0,0.9,1.2,0.6,0.01,0.06,0.65,0.3,0.72,0.005,0.38,0.22,0.01,0.14,1.0,0.28
mpc,ground_truth,curvy,400.0,0.05,0.1,1.0,95.56267473846674,99.08717346191406,40.88338088989258,18.56354419066181,0.8809002537826345,-2.247634662624204e-05,-2.4767398137726104e-05,2.247634662624204e-05,2.4767398137726104e-05,0.00010242665302939713,-1.0575407941360027e-05,0.5785377025604248,0.0,19.444444444444443,212,206,4.766915321350098,RoadOption.STRAIGHT,99.01372528076172,51.650047302246094,1.5776161497143715,2.8,1.2,4.5,3.0,10.0,0.6,0.01,0.06,0.55,0.16,0.2,0.35,1.5,12,10.0,14.0,0.9,1.2,0.6,0.01,0.06,0.65,0.3,0.72,0.005,0.38,0.22,0.01,0.14,1.0,0.28
mpc,ground_truth,curvy,400.0,0.05,0.1,1.0,95.6126747392118,99.08084106445312,41.811527252197266,18.56354377300711,0.8809006714373346,-2.087704717251143e-05,-9.720537978985533e-06,2.087704717251143e-05,9.720537978985533e-06,5.671986946254037e-05,-4.570678356685676e-05,0.5785409212112427,0.0,19.444444444444443,213,207,4.838747501373291,RoadOption.STRAIGHT,99.00690460205078,52.6500244140625,1.5776161497143715,2.8,1.2,4.5,3.0,10.0,0.6,0.01,0.06,0.55,0.16,0.2,0.35,1.5,12,10.0,14.0,0.9,1.2,0.6,0.01,0.06,0.65,0.3,0.72,0.005,0.38,0.22,0.01,0.14,1.0,0.28
mpc,ground_truth,curvy,400.0,0.05,0.1,1.0,95.66267473995686,99.07449340820312,42.73967742919922,18.563544420962213,0.88090002348223,-4.045328856103203e-06,8.388957433602684e-06,4.045328856103203e-06,8.388957433602684e-06,-1.4934217688278295e-05,-7.165408715081867e-05,0.578539252281189,0.0,19.444444444444443,214,208,4.910575866699219,RoadOption.STRAIGHT,99.00008392333984,53.64999771118164,-4.705568624832996,2.8,1.2,4.5,3.0,10.0,0.6,0.01,0.06,0.55,0.16,0.2,0.35,1.5,12,10.0,14.0,0.9,1.2,0.6,0.01,0.06,0.65,0.3,0.72,0.005,0.38,0.22,0.01,0.14,1.0,0.28
mpc,ground_truth,curvy,400.0,0.05,0.1,1.0,95.71267474070191,99.06815338134766,43.66782760620117,18.563543857628364,0.8809005868160789,5.157172349869177e-06,1.9707392066692364e-05,5.157172349869177e-06,1.9707392066692364e-05,-8.269798127003014e-05,-6.776376358175185e-05,0.5785410404205322,0.0,19.444444444444443,215,209,4.9824042320251465,RoadOption.STRAIGHT,98.9932632446289,54.64997482299805,-4.705568624832996,2.8,1.2,4.5,3.0,10.0,0.6,0.01,0.06,0.55,0.16,0.2,0.35,1.5,12,10.0,14.0,0.9,1.2,0.6,0.01,0.06,0.65,0.3,0.72,0.005,0.38,0.22,0.01,0.14,1.0,0.28
mpc,ground_truth,curvy,400.0,0.05,0.1,1.0,95.76267474144697,99.06180572509766,44.59597396850586,18.563542193096605,0.8809022513478375,2.9644123134879574e-05,1.9707392066692364e-05,2.9644123134879574e-05,1.9707392066692364e-05,-7.142401591408998e-05,1.1273965355940163e-05,0.5785433650016785,0.0,19.444444444444443,215,210,5.054236888885498,RoadOption.STRAIGHT,98.9932632446289,54.64997482299805,-4.705568624832996,2.8,1.2,4.5,3.0,10.0,0.6,0.01,0.06,0.55,0.16,0.2,0.35,1.5,12,10.0,14.0,0.9,1.2,0.6,0.01,0.06,0.65,0.3,0.72,0.005,0.38,0.22,0.01,0.14,1.0,0.28
mpc,ground_truth,curvy,400.0,0.05,0.1,1.0,95.81267474219203,99.05545806884766,45.52412414550781,18.563541136891175,0.8809033075532682,4.738197570030092e-05,9.720537978985533e-06,4.738197570030092e-05,9.720537978985533e-06,-5.761166175943799e-05,1.3812354154651985e-05,0.5785432457923889,0.0,19.444444444444443,216,210,4.126064777374268,RoadOption.STRAIGHT,98.98644256591797,55.64995193481445,-4.705568624832996,2.8,1.2,4.5,3.0,10.0,0.6,0.01,0.06,0.55,0.16,0.2,0.35,1.5,12,10.0,14.0,0.9,1.2,0.6,0.01,0.06,0.65,0.3,0.72,0.005,0.38,0.22,0.01,0.14,1.0,0.28
mpc,ground_truth,curvy,400.0,0.05,0.1,1.0,95.86267474293709,99.04914855957031,46.452274322509766,18.56354026521239,0.8809041792320542,2.606760846457501e-05,-3.0626352538476453e-06,2.606760846457501e-05,3.0626352538476453e-06,-2.0299721654737368e-05,3.7311940104700625e-05,0.5785435438156128,0.0,19.444444444444443,217,211,4.1978936195373535,RoadOption.STRAIGHT,98.97962188720703,56.64992904663086,-4.705568624832996,2.8,1.2,4.5,3.0,10.0,0.6,0.01,0.06,0.55,0.16,0.2,0.35,1.5,12,10.0,14.0,0.9,1.2,0.6,0.01,0.06,0.65,0.3,0.72,0.005,0.38,0.22,0.01,0.14,1.0,0.28
mpc,ground_truth,curvy,400.0,0.05,0.1,1.0,95.91267474368215,99.0428466796875,47.38042449951172,18.563539994989718,0.8809044494547251,-2.875975881579812e-06,-1.531317626790596e-05,2.875975881579812e-06,1.531317626790596e-05,4.461446951609105e-05,6.491419117082842e-05,0.5785430073738098,0.0,19.444444444444443,218,212,4.2697224617004395,RoadOption.STRAIGHT,98.97280883789062,57.649906158447266,-4.705568624832996,2.8,1.2,4.5,3.0,10.0,0.6,0.01,0.06,0.55,0.16,0.2,0.35,1.5,12,10.0,14.0,0.9,1.2,0.6,0.01,0.06,0.65,0.3,0.72,0.005,0.38,0.22,0.01,0.14,1.0,0.28
mpc,ground_truth,curvy,400.0,0.05,0.1,1.0,95.9626747444272,99.03653717041016,48.30857467651367,18.563540937842166,0.8809035066022766,-2.4190343117305724e-05,-2.0106866229774312e-05,2.4190343117305724e-05,2.0106866229774312e-05,8.391715527977794e-05,3.9302685763686895e-05,0.5785409808158875,0.0,19.444444444444443,219,213,4.341551303863525,RoadOption.STRAIGHT,98.96598815917969,58.64988327026367,-4.705568624832996,2.8,1.2,4.5,3.0,10.0,0.6,0.01,0.06,0.55,0.16,0.2,0.35,1.5,12,10.0,14.0,0.9,1.2,0.6,0.01,0.06,0.65,0.3,0.72,0.005,0.38,0.22,0.01,0.14,1.0,0.28
mpc,ground_truth,curvy,400.0,0.05,0.1,1.0,96.01267474517226,99.03020477294922,49.23672103881836,18.563542481395515,0.8809019630489274,-2.026635092892276e-05,-1.39815957229672e-05,2.026635092892276e-05,1.39815957229672e-05,6.66101259412244e-05,-1.7307029338553548e-05,0.5785393118858337,0.0,19.444444444444443,220,214,4.413380146026611,RoadOption.STRAIGHT,98.95916748046875,59.64986038208008,-4.705568624832996,2.8,1.2,4.5,3.0,10.0,0.6,0.01,0.06,0.55,0.16,0.2,0.35,1.5,12,10.0,14.0,0.9,1.2,0.6,0.01,0.06,0.65,0.3,0.72,0.005,0.38,0.22,0.01,0.14,1.0,0.28
mpc,ground_truth,curvy,400.0,0.05,0.1,1.0,96.06267474591732,99.02385711669922,50.16487121582031,18.563543510133158,0.8809009343112848,-3.3963744443255006e-06,-1.3315805453828489e-06,3.3963744443255006e-06,1.3315805453828489e-06,1.3375488379097078e-05,-5.323463756212732e-05,0.5785393118858337,0.0,19.444444444444443,221,215,4.485208511352539,RoadOption.STRAIGHT,98.95234680175781,60.649837493896484,-4.705568624832996,2.8,1.2,4.5,3.0,10.0,0.6,0.01,0.06,0.55,0.16,0.2,0.35,1.5,12,10.0,14.0,0.9,1.2,0.6,0.01,0.06,0.65,0.3,0.72,0.005,0.38,0.22,0.01,0.14,1.0,0.28
mpc,ground_truth,curvy,400.0,0.05,0.1,1.0,96.11267474666238,99.01750946044922,51.093021392822266,18.563543491402985,0.8809009530414578,1.347360204026829e-05,9.587379924624884e-06,1.347360204026829e-05,9.587379924624884e-06,-3.83852056984324e-05,-5.176069407752948e-05,0.5785406231880188,0.0,19.444444444444443,222,216,4.557036876678467,RoadOption.STRAIGHT,98.94552612304688,61.64981460571289,-4.705568624832996,2.8,1.2,4.5,3.0,10.0,0.6,0.01,0.06,0.55,0.16,0.2,0.35,1.5,12,10.0,14.0,0.9,1.2,0.6,0.01,0.06,0.65,0.3,0.72,0.005,0.38,0.22,0.01,0.14,1.0,0.28
mpc,ground_truth,curvy,400.0,0.05,0.1,1.0,96.16267474740744,99.01116943359375,52.02117156982422,18.56354263768247,0.8809018067619725,2.2714361442147113e-05,1.3715279614245901e-05,2.2714361442147113e-05,1.3715279614245901e-05,-8.358420745935291e-05,-4.519900176092051e-05,0.5785421133041382,0.0,19.444444444444443,223,217,4.6288652420043945,RoadOption.STRAIGHT,98.93870544433594,62.6497917175293,-4.705568624832996,2.8,1.2,4.5,3.0,10.0,0.6,0.01,0.06,0.55,0.16,0.2,0.35,1.5,12,10.0,14.0,0.9,1.2,0.6,0.01,0.06,0.65,0.3,0.72,0.005,0.38,0.22,0.01,0.14,1.0,0.28
mpc,ground_truth,curvy,400.0,0.05,0.1,1.0,96.2126747481525,99.00482177734375,52.94932174682617,18.56354101660361,0.8809034278408312,4.721355500945934e-05,7.856325215271909e-06,4.721355500945934e-05,7.856325215271909e-06,-5.328794213710353e-05,3.0296265322249383e-05,0.578544020652771,0.0,19.444444444444443,224,218,4.700693607330322,RoadOption.STRAIGHT,98.93189239501953,63.6497688293457,-4.705568624832996,2.8,1.2,4.5,3.0,10.0,0.6,0.01,0.06,0.55,0.16,0.2,0.35,1.5,12,10.0,14.0,0.9,1.2,0.6,0.01,0.06,0.65,0.3,0.72,0.005,0.38,0.22,0.01,0.14,1.0,0.28
mpc,ground_truth,curvy,400.0,0.05,0.1,1.0,96.26267474889755,98.99851989746094,53.87746810913086,18.563540260344606,0.8809041840998368,1.8334246387738395e-05,-3.5952674721784206e-06,1.8334246387738395e-05,3.5952674721784206e-06,-1.1380153409845661e-05,4.1907788727257866e-05,0.5785434246063232,0.0,19.444444444444443,225,219,4.772526264190674,RoadOption.STRAIGHT,98.9250717163086,64.64974212646484,-4.705568624832996,2.8,1.2,4.5,3.0,10.0,0.6,0.01,0.06,0.55,0.16,0.2,0.35,1.5,12,10.0,14.0,0.9,1.2,0.6,0.01,0.06,0.65,0.3,0.72,0.005,0.38,0.22,0.01,0.14,1.0,0.28
mpc,ground_truth,curvy,400.0,0.05,0.1,1.0,96.31267474964261,98.99222564697266,54.80561828613281,18.563540250000617,0.8809041944438256,-1.82002967066483e-05,-1.3448963505524603e-05,1.82002967066483e-05,1.3448963505524603e-05,5.393426908995025e-05,6.531442249979591e-05,0.5785425305366516,0.0,19.444444444444443,226,220,4.844355583190918,RoadOption.STRAIGHT,98.91825103759766,65.64971923828125,-4.705568624832996,2.8,1.2,4.5,3.0,10.0,0.6,0.01,0.06,0.55,0.16,0.2,0.35,1.5,12,10.0,14.0,0.9,1.2,0.6,0.01,0.06,0.65,0.3,0.72,0.005,0.38,0.22,0.01,0.14,1.0,0.28
mpc,ground_truth,curvy,400.0,0.05,0.1,1.0,96.36267475038767,98.98590850830078,55.733768463134766,18.563541465661267,0.8809029787831761,-3.184718855289703e-05,-1.5845808485792645e-05,3.184718855289703e-05,1.5845808485792645e-05,7.948034181026742e-05,2.554607272031717e-05,0.5785403251647949,0.0,19.444444444444443,227,221,4.916183948516846,RoadOption.STRAIGHT,98.91143035888672,66.64969635009766,-4.705568624832996,2.8,1.2,4.5,3.0,10.0,0.6,0.01,0.06,0.55,0.16,0.2,0.35,1.5,12,10.0,14.0,0.9,1.2,0.6,0.01,0.06,0.65,0.3,0.72,0.005,0.38,0.22,0.01,0.14,1.0,0.28
mpc,ground_truth,curvy,400.0,0.05,0.1,1.0,96.41267475113273,98.97956085205078,56.66191864013672,18.563542966312404,0.8809014781320386,-1.4977212068306711e-05,-8.122641325769564e-06,1.4977212068306711e-05,8.122641325769564e-06,4.457721297512762e-05,-3.4903128835139796e-05,0.5785390734672546,0.0,19.444444444444443,228,222,4.988012313842773,RoadOption.STRAIGHT,98.90460968017578,67.64967346191406,-4.705568624832996,2.8,1.2,4.5,3.0,10.0,0.6,0.01,0.06,0.55,0.16,0.2,0.35,1.5,12,10.0,14.0,0.9,1.2,0.6,0.01,0.06,0.65,0.3,0.72,0.005,0.38,0.22,0.01,0.14,1.0,0.28
mpc,ground_truth,curvy,400.0,0.05,0.1,1.0,96.46267475187778,98.97321319580078,57.59006881713867,18.56354357284092,0.8809008716035223,1.8927644162905488e-06,3.462109416929593e-06,1.8927644162905488e-06,3.462109416929593e-06,-2.7280037102173083e-05,-7.18572500773007e-05,0.5785397887229919,0.0,19.444444444444443,228,223,5.059840679168701,RoadOption.STRAIGHT,98.90460968017578,67.64967346191406,-4.705568624832996,2.8,1.2,4.5,3.0,10.0,0.6,0.01,0.06,0.55,0.16,0.2,0.35,1.5,12,10.0,14.0,0.9,1.2,0.6,0.01,0.06,0.65,0.3,0.72,0.005,0.38,0.22,0.01,0.14,1.0,0.28
mpc,ground_truth,curvy,400.0,0.05,0.1,1.0,96.51267475262284,98.96686553955078,58.51821517944336,18.563542729108555,0.880901715335888,1.9162260122669583e-05,1.012001214206748e-05,1.9162260122669583e-05,1.012001214206748e-05,-6.897122511873022e-05,-4.1691188016557135e-05,0.5785420536994934,0.0,19.444444444444443,229,223,4.1316728591918945,RoadOption.STRAIGHT,98.89778900146484,68.64965057373047,-4.705568624832996,2.8,1.2,4.5,3.0,10.0,0.6,0.01,0.06,0.55,0.16,0.2,0.35,1.5,12,10.0,14.0,0.9,1.2,0.6,0.01,0.06,0.65,0.3,0.72,0.005,0.38,0.22,0.01,0.14,1.0,0.28
mpc,ground_truth,curvy,400.0,0.05,0.1,1.0,96.5626747533679,98.96051788330078,59.44636535644531,18.563541305728172,0.8809031387162705,4.366145368997487e-05,6.6579027251378875e-06,4.366145368997487e-05,6.6579027251378875e-06,-4.515216642175801e-05,2.3819058696972206e-05,0.5785436034202576,0.0,19.444444444444443,230,224,4.203501224517822,RoadOption.STRAIGHT,98.8909683227539,69.64962768554688,-4.705568624832996,2.8,1.2,4.5,3.0,10.0,0.6,0.01,0.06,0.55,0.16,0.2,0.35,1.5,12,10.0,14.0,0.9,1.2,0.6,0.01,0.06,0.65,0.3,0.72,0.005,0.38,0.22,0.01,0.14,1.0,0.28
mpc,ground_truth,curvy,400.0,0.05,0.1,1.0,96.61267475411296,98.95420837402344,60.374515533447266,18.563540662030768,0.8809037824136752,2.235932737104998e-05,-1.3315805453828489e-06,2.235932737104998e-05,1.3315805453828489e-06,-2.0718693122034892e-05,2.443347329972312e-05,0.5785430669784546,0.0,19.444444444444443,231,225,4.275326251983643,RoadOption.STRAIGHT,98.88414764404297,70.64960479736328,-4.705568624832996,2.8,1.2,4.5,3.0,10.0,0.6,0.01,0.06,0.55,0.16,0.2,0.35,1.5,12,10.0,14.0,0.9,1.2,0.6,0.01,0.06,0.65,0.3,0.72,0.005,0.38,0.22,0.01,0.14,1.0,0.28
mpc,ground_truth,curvy,400.0,0.05,0.1,1.0,96.66267475485802,98.94790649414062,61.30266571044922,18.56354042779244,0.8809040166520035,-6.545998640628686e-06,-1.012001214206748e-05,6.545998640628686e-06,1.012001214206748e-05,3.295840724604204e-05,5.3677100368076935e-05,0.5785427093505859,0.0,19.444444444444443,232,226,4.3471550941467285,RoadOption.STRAIGHT,98.87732696533203,71.64958190917969,-4.705568624832996,2.8,1.2,4.5,3.0,10.0,0.6,0.01,0.06,0.55,0.16,0.2,0.35,1.5,12,10.0,14.0,0.9,1.2,0.6,0.01,0.06,0.65,0.3,0.72,0.005,0.38,0.22,0.01,0.14,1.0,0.28
mpc,ground_truth,curvy,400.0,0.05,0.1,1.0,96.71267475560308,98.94159698486328,62.23081588745117,18.56354123617918,0.8809032082652628,-2.7822107569592386e-05,-1.3315805450275775e-05,2.7822107569592386e-05,1.3315805450275775e-05,6.654052413068712e-05,3.3582116884645075e-05,0.5785409808158875,0.0,19.444444444444443,233,227,4.4189839363098145,RoadOption.STRAIGHT,98.87051391601562,72.6495590209961,-4.705568624832996,2.8,1.2,4.5,3.0,10.0,0.6,0.01,0.06,0.55,0.16,0.2,0.35,1.5,12,10.0,14.0,0.9,1.2,0.6,0.01,0.06,0.65,0.3,0.72,0.005,0.38,0.22,0.01,0.14,1.0,0.28
mpc,ground_truth,curvy,400.0,0.05,0.1,1.0,96.76267475634813,98.93524932861328,63.15896224975586,18.563542565483903,0.8809018789605396,-1.0926113695033934e-05,-8.122641325769564e-06,1.0926113695033934e-05,8.122641325769564e-06,3.9666512748226523e-05,-2.6874011382460594e-05,0.5785395503044128,0.0,19.444444444444443,234,228,4.490816116333008,RoadOption.STRAIGHT,98.86369323730469,73.6495361328125,-4.705568624832996,2.8,1.2,4.5,3.0,10.0,0.6,0.01,0.06,0.55,0.16,0.2,0.35,1.5,12,10.0,14.0,0.9,1.2,0.6,0.01,0.06,0.65,0.3,0.72,0.005,0.38,0.22,0.01,0.14,1.0,0.28
mpc,ground_truth,curvy,400.0,0.05,0.1,1.0,96.81267475709319,98.92890167236328,64.08711242675781,18.563543129605883,0.8809013148385603,5.943862789559856e-06,9.321063814127228e-07,5.943862789559856e-06,9.321063814127228e-07,-4.169523890595883e-06,-4.3836036638822407e-05,0.5785400867462158,0.0,19.444444444444443,235,229,4.562644958496094,RoadOption.STRAIGHT,98.85687255859375,74.6495132446289,-4.705568624832996,2.8,1.2,4.5,3.0,10.0,0.6,0.01,0.06,0.55,0.16,0.2,0.35,1.5,12,10.0,14.0,0.9,1.2,0.6,0.01,0.06,0.65,0.3,0.72,0.005,0.38,0.22,0.01,0.14,1.0,0.28
mpc,ground_truth,curvy,400.0,0.05,0.1,1.0,96.86267475783825,98.92255401611328,65.0152587890625,18.563542841395915,0.8809016030485282,2.283985666411137e-05,7.190534942580484e-06,2.283985666411137e-05,7.190534942580484e-06,-4.164651545579545e-05,-3.747699156519957e-05,0.5785412788391113,0.0,19.444444444444443,236,230,4.634477138519287,RoadOption.STRAIGHT,98.85005187988281,75.64949035644531,-4.705568624832996,2.8,1.2,4.5,3.0,10.0,0.6,0.01,0.06,0.55,0.16,0.2,0.35,1.5,12,10.0,14.0,0.9,1.2,0.6,0.01,0.06,0.65,0.3,0.72,0.005,0.38,0.22,0.01,0.14,1.0,0.28
mpc,ground_truth,curvy,400.0,0.05,0.1,1.0,96.91267475858331,98.91620635986328,65.94341278076172,18.563541962201633,0.88090248224281,3.968381575874397e-05,7.190534942580484e-06,3.968381575874397e-05,7.190534942580484e-06,-6.0474209021776915e-05,-1.8827693565981463e-05,0.5785425305366516,0.0,19.444444444444443,237,231,4.706301689147949,RoadOption.STRAIGHT,98.84323120117188,76.64946746826172,-4.705568624832996,2.8,1.2,4.5,3.0,10.0,0.6,0.01,0.06,0.55,0.16,0.2,0.35,1.5,12,10.0,14.0,0.9,1.2,0.6,0.01,0.06,0.65,0.3,0.72,0.005,0.38,0.22,0.01,0.14,1.0,0.28
mpc,ground_truth,curvy,400.0,0.05,0.1,1.0,96.96267475932837,98.90988159179688,66.8715591430664,18.56354082194603,0.8809036224984119,3.3692158385174864e-05,1.4647385988553197e-06,3.3692158385174864e-05,1.4647385988553197e-06,-6.0426686104619876e-05,4.7522917157039046e-08,0.5785435438156128,0.0,19.444444444444443,238,232,4.778134346008301,RoadOption.STRAIGHT,98.83641052246094,77.6494369506836,-4.705568624832996,2.8,1.2,4.5,3.0,10.0,0.6,0.01,0.06,0.55,0.16,0.2,0.35,1.5,12,10.0,14.0,0.9,1.2,0.6,0.01,0.06,0.65,0.3,0.72,0.005,0.38,0.22,0.01,0.14,1.0,0.28
mpc,ground_truth,curvy,400.0,0.05,0.1,1.0,97.01267476007342,98.90357971191406,67.79971313476562,18.56353969657604,0.8809047478684029,1.2390032066246504e-05,-9.98685408859501e-06,1.2390032066246504e-05,9.98685408859501e-06,3.161509448545985e-05,9.204178059007972e-05,0.5785441994667053,0.0,19.444444444444443,239,233,4.849958896636963,RoadOption.STRAIGHT,98.82958984375,78.6494140625,-4.705568624832996,2.8,1.2,4.5,3.0,10.0,0.6,0.01,0.06,0.55,0.16,0.2,0.35,1.5,12,10.0,14.0,0.9,1.2,0.6,0.01,0.06,0.65,0.3,0.72,0.005,0.38,0.22,0.01,0.14,1.0,0.28
mpc,ground_truth,curvy,400.0,0.05,0.1,1.0,97.06267476081848,98.89728546142578,68.72785949707031,18.563540654827168,0.8809037896172747,-2.411849363818247e-05,-1.6112124594513944e-05,2.411849363818247e-05,1.6112124594513944e-05,7.11075626895763e-05,3.949246820411645e-05,0.578541100025177,0.0,19.444444444444443,240,234,4.9217915534973145,RoadOption.STRAIGHT,98.82276916503906,79.6493911743164,-4.705568624832996,2.8,1.2,4.5,3.0,10.0,0.6,0.01,0.06,0.55,0.16,0.2,0.35,1.5,12,10.0,14.0,0.9,1.2,0.6,0.01,0.06,0.65,0.3,0.72,0.005,0.38,0.22,0.01,0.14,1.0,0.28
mpc,ground_truth,curvy,400.0,0.05,0.1,1.0,97.11267476156354,98.89094543457031,69.656005859375,18.563542103048313,0.8809023413961299,-1.4851716846335516e-05,-1.3448963505524603e-05,1.4851716846335516e-05,1.3448963505524603e-05,5.895307913306169e-05,-1.2154483556514606e-05,0.5785396695137024,0.0,19.444444444444443,241,235,4.993624210357666,RoadOption.STRAIGHT,98.81594848632812,80.64936828613281,-4.705568624832996,2.8,1.2,4.5,3.0,10.0,0.6,0.01,0.06,0.55,0.16,0.2,0.35,1.5,12,10.0,14.0,0.9,1.2,0.6,0.01,0.06,0.65,0.3,0.72,0.005,0.38,0.22,0.01,0.14,1.0,0.28
mpc,ground_truth,curvy,400.0,0.05,0.1,1.0,97.1626747623086,98.88459777832031,70.58415985107422,18.563543060927316,0.8809013835171271,1.9922422482970825e-06,-3.5952674721784206e-06,1.9922422482970825e-06,3.5952674721784206e-06,1.4278766684583388e-05,-4.4674312448478304e-05,0.5785396695137024,0.0,19.444444444444443,241,236,5.065448760986328,RoadOption.STRAIGHT,98.81594848632812,80.64936828613281,-4.705568624832996,2.8,1.2,4.5,3.0,10.0,0.6,0.01,0.06,0.55,0.16,0.2,0.35,1.5,12,10.0,14.0,0.9,1.2,0.6,0.01,0.06,0.65,0.3,0.72,0.005,0.38,0.22,0.01,0.14,1.0,0.28
mpc,ground_truth,curvy,400.0,0.05,0.1,1.0,97.21267476305366,98.87825012207031,71.5123062133789,18.563543086871896,0.8809013575725473,1.9261737954672647e-05,5.459480235003866e-06,1.9261737954672647e-05,5.459480235003866e-06,-3.165134330629371e-05,-4.59301099908771e-05,0.5785408020019531,0.0,19.444444444444443,242,236,4.1372809410095215,RoadOption.STRAIGHT,98.80912780761719,81.64934539794922,-4.705568624832996,2.8,1.2,4.5,3.0,10.0,0.6,0.01,0.06,0.55,0.16,0.2,0.35,1.5,12,10.0,14.0,0.9,1.2,0.6,0.01,0.06,0.65,0.3,0.72,0.005,0.38,0.22,0.01,0.14,1.0,0.28
mpc,ground_truth,curvy,400.0,0.05,0.1,1.0,97.26267476379871,98.87190246582031,72.44046020507812,18.56354234262185,0.880902101822592,3.6105697049305246e-05,9.187905760654758e-06,3.6105697049305246e-05,9.187905760654758e-06,-6.201576616149396e-05,-3.0364422855200246e-05,0.578542172908783,0.0,19.444444444444443,243,237,4.209105491638184,RoadOption.STRAIGHT,98.80230712890625,82.64932250976562,-4.705568624832996,2.8,1.2,4.5,3.0,10.0,0.6,0.01,0.06,0.55,0.16,0.2,0.35,1.5,12,10.0,14.0,0.9,1.2,0.6,0.01,0.06,0.65,0.3,0.72,0.005,0.38,0.22,0.01,0.14,1.0,0.28
mpc,ground_truth,curvy,400.0,0.05,0.1,1.0,97.31267476454377,98.86555480957031,73.36860656738281,18.563541156077807,0.48090328836663687,5.2949656143937845e-05,5.326322179755039e-06,5.2949656143937845e-05,5.326322179755039e-06,-6.905470945639536e-05,-7.038943294901401e-06,0.0,0.14145660400390625,19.044444444444444,244,238,4.280930042266846,RoadOption.STRAIGHT,98.79549407958984,83.64929962158203,1.5776161497143715,2.8,1.2,4.5,3.0,10.0,0.6,0.01,0.06,0.55,0.16,0.2,0.35,1.5,12,10.0,14.0,0.9,1.2,0.6,0.01,0.06,0.65,0.3,0.72,0.005,0.38,0.22,0.01,0.14,1.0,0.28
mpc,ground_truth,curvy,400.0,0.05,0.1,1.0,97.36267476528883,98.8592529296875,74.29613494873047,18.531842856562346,0.11260158788210006,2.828516469622483e-05,-5.592638288476337e-06,2.828516469622483e-05,5.592638288476337e-06,-1.6179727026610635e-05,5.287498242978472e-05,0.0,0.3244010806083679,18.644444444444446,245,239,4.3533806800842285,RoadOption.STRAIGHT,98.7886734008789,84.64927673339844,1.5776161497143715,2.8,1.2,4.5,3.0,10.0,0.6,0.01,0.06,0.55,0.16,0.2,0.35,1.5,12,10.0,14.0,0.9,1.2,0.6,0.01,0.06,0.65,0.3,0.72,0.005,0.38,0.22,0.01,0.14,1.0,0.28
mpc,ground_truth,curvy,400.0,0.05,0.1,1.0,97.41267476603389,98.85297393798828,75.21893310546875,18.390670916104483,-0.14622647166003588,1.29945855544579e-05,-1.5845808485792645e-05,1.29945855544579e-05,1.5845808485792645e-05,3.2246578484773636e-05,4.842630551138427e-05,0.0,0.3484026789665222,18.244444444444447,246,240,4.430561065673828,RoadOption.STRAIGHT,98.78185272216797,85.64925384521484,1.5776161497143715,2.8,1.2,4.5,3.0,10.0,0.6,0.01,0.06,0.55,0.16,0.2,0.35,1.5,12,10.0,14.0,0.9,1.2,0.6,0.01,0.06,0.65,0.3,0.72,0.005,0.38,0.22,0.01,0.14,1.0,0.28
mpc,ground_truth,curvy,400.0,0.05,0.1,1.0,97.46267476677895,98.84675598144531,76.13168334960938,18.158696396987878,-0.3142519525434295,5.200074913450786e-06,-2.0506340394632616e-05,5.200074913450786e-06,2.0506340394632616e-05,5.7671502872835845e-05,2.542492438806221e-05,0.0,0.3404119908809662,17.84444444444445,247,241,4.5177903175354,RoadOption.STRAIGHT,98.77503204345703,86.64923095703125,1.5776161497143715,2.8,1.2,4.5,3.0,10.0,0.6,0.01,0.06,0.55,0.16,0.2,0.35,1.5,12,10.0,14.0,0.9,1.2,0.6,0.01,0.06,0.65,0.3,0.72,0.005,0.38,0.22,0.01,0.14,1.0,0.28
mpc,ground_truth,curvy,400.0,0.05,0.1,1.0,97.512674767524,98.84062194824219,77.03114318847656,17.874203998498814,-0.42975955405436395,4.128762993597934e-06,-1.7044230975926666e-05,4.128762993597934e-06,1.7044230975926666e-05,5.1439114031381905e-05,-6.23238884145394e-06,0.0,0.3469099700450897,17.44444444444445,248,242,4.61830997467041,RoadOption.STRAIGHT,98.7682113647461,87.64920806884766,1.5776161497143715,2.8,1.2,4.5,3.0,10.0,0.6,0.01,0.06,0.55,0.16,0.2,0.35,1.5,12,10.0,14.0,0.9,1.2,0.6,0.01,0.06,0.65,0.3,0.72,0.005,0.38,0.22,0.01,0.14,1.0,0.28
mpc,ground_truth,curvy,400.0,0.05,0.1,1.0,97.56267476826906,98.83458709716797,77.91529846191406,17.55554422494205,-0.1253814161322886,8.259397529922219e-06,-8.65527354321216e-06,8.259397529922219e-06,8.65527354321216e-06,3.0071817036514403e-06,-4.8431932327730465e-05,0.33951711654663086,0.0,17.43016280880976,249,243,4.734134674072266,RoadOption.STRAIGHT,98.76139068603516,88.64918518066406,1.5776161497143715,2.8,1.2,4.5,3.0,10.0,0.6,0.01,0.06,0.55,0.16,0.2,0.35,1.5,12,10.0,14.0,0.9,1.2,0.6,0.01,0.06,0.65,0.3,0.72,0.005,0.38,0.22,0.01,0.14,1.0,0.28
mpc,ground_truth,curvy,400.0,0.05,0.1,1.0,97.61267476901412,98.82866668701172,78.78347778320312,17.24708233250143,0.1895505592192812,1.1950068364650901e-05,-2.663161087212984e-07,1.1950068364650901e-05,2.663161087212984e-07,9.589754881744739e-06,6.582573178093298e-06,0.5412356853485107,0.0,17.436632891720713,250,244,4.865935325622559,RoadOption.STRAIGHT,98.75457763671875,89.64916229248047,1.5776161497143715,2.8,1.2,4.5,3.0,10.0,0.6,0.01,0.06,0.55,0.16,0.2,0.35,1.5,12,10.0,14.0,0.9,1.2,0.6,0.01,0.06,0.65,0.3,0.72,0.005,0.38,0.22,0.01,0.14,1.0,0.28
mpc,ground_truth,curvy,400.0,0.05,0.1,1.0,97.66267476975918,98.8228530883789,79.63804626464844,16.9986656512646,0.4297580743717866,-3.4531671233573036e-06,5.992112452446463e-06,3.4531671233573036e-06,5.992112452446463e-06,-1.3194679922889918e-05,-2.2784434804634657e-05,0.5959057211875916,0.0,17.428423725636385,250,245,5.01134729385376,RoadOption.STRAIGHT,98.75457763671875,89.64916229248047,1.5776161497143715,2.8,1.2,4.5,3.0,10.0,0.6,0.01,0.06,0.55,0.16,0.2,0.35,1.5,12,10.0,14.0,0.9,1.2,0.6,0.01,0.06,0.65,0.3,0.72,0.005,0.38,0.22,0.01,0.14,1.0,0.28
mpc,ground_truth,curvy,400.0,0.05,0.1,1.0,97.71267477050424,98.81708526611328,80.48249816894531,16.826557633208648,0.6018660924277377,5.267158867273275e-06,8.78843159757281e-06,5.267158867273275e-06,8.78843159757281e-06,-3.2239400752587244e-05,-1.9044720829697326e-05,0.617649257183075,0.0,17.428423725636385,251,245,4.166875839233398,RoadOption.STRAIGHT,98.74775695800781,90.64913940429688,1.5776161497143715,2.8,1.2,4.5,3.0,10.0,0.6,0.01,0.06,0.55,0.16,0.2,0.35,1.5,12,10.0,14.0,0.9,1.2,0.6,0.01,0.06,0.65,0.3,0.72,0.005,0.38,0.22,0.01,0.14,1.0,0.28
mpc,ground_truth,curvy,400.0,0.05,0.1,1.0,97.7626747712493,98.8113784790039,81.32041931152344,16.72020857652723,0.7166702484946477,-3.4140930711239192e-06,7.723167161355349e-06,3.4140930711239192e-06,7.723167161355349e-06,-2.294381738465745e-05,9.295583367929794e-06,0.6177671551704407,0.0,17.43687882502188,252,246,4.328935623168945,RoadOption.STRAIGHT,98.74093627929688,91.64911651611328,1.5776161497143715,2.8,1.2,4.5,3.0,10.0,0.6,0.01,0.06,0.55,0.16,0.2,0.35,1.5,12,10.0,14.0,0.9,1.2,0.6,0.01,0.06,0.65,0.3,0.72,0.005,0.38,0.22,0.01,0.14,1.0,0.28
mpc,ground_truth,curvy,400.0,0.05,0.1,1.0,97.81267477199435,98.80569458007812,82.15455627441406,16.6622560798569,0.7735089884577029,-9.175761026686269e-06,4.127899689621017e-06,9.175761026686269e-06,4.127899689621017e-06,-5.833528575749369e-06,1.711028880890808e-05,0.5823118686676025,0.0,17.435765068314602,253,247,4.494779586791992,RoadOption.STRAIGHT,98.73179626464844,92.59030151367188,1.5888104810404107,2.8,1.2,4.5,3.0,10.0,0.6,0.01,0.06,0.55,0.16,0.2,0.35,1.5,12,10.0,14.0,0.9,1.2,0.6,0.01,0.06,0.65,0.3,0.72,0.005,0.38,0.22,0.01,0.14,1.0,0.28
mpc,ground_truth,curvy,400.0,0.05,0.1,1.0,97.86267477273941,98.80001831054688,82.98678588867188,16.63415648592324,0.792419954212523,-9.558967002894214e-06,5.326322183307752e-07,9.558967002894214e-06,5.326322183307752e-07,6.997707714617718e-06,1.2831236290367087e-05,0.5481451153755188,0.0,17.42657644013576,254,248,4.662530899047852,RoadOption.STRAIGHT,98.7065658569336,93.48206329345703,1.6093549046376088,2.8,1.2,4.5,3.0,10.0,0.6,0.01,0.06,0.55,0.16,0.2,0.35,1.5,12,10.0,14.0,0.9,1.2,0.6,0.01,0.06,0.65,0.3,0.72,0.005,0.38,0.22,0.01,0.14,1.0,0.28
mpc,ground_truth,curvy,400.0,0.05,0.1,1.0,97.91267477348447,98.79434967041016,83.81803894042969,16.61900251034738,0.8176303813733341,-1.0911458395566898e-05,-9.321063814127228e-07,1.0911458395566898e-05,9.321063814127228e-07,-5.618505383608863e-06,-1.261621309822658e-05,0.570830762386322,0.0,17.436632891720713,255,249,4.831259250640869,RoadOption.STRAIGHT,98.66302490234375,94.37312316894531,1.6298991950767525,2.8,1.2,4.5,3.0,10.0,0.6,0.01,0.06,0.55,0.16,0.2,0.35,1.5,12,10.0,14.0,0.9,1.2,0.6,0.01,0.06,0.65,0.3,0.72,0.005,0.38,0.22,0.01,0.14,1.0,0.28
mpc,ground_truth,curvy,400.0,0.05,0.1,1.0,97.96267477422953,98.78868865966797,84.64872741699219,16.611103828019374,0.8173198976170113,-8.413676777653534e-06,-1.8642127628254457e-06,8.413676777653534e-06,1.8642127628254457e-06,3.261708116042428e-05,3.823558654403314e-05,0.5400193333625793,0.0,17.428423725636385,256,250,5.000551700592041,RoadOption.STRAIGHT,98.6011734008789,95.26311492919922,1.6504434855158965,2.8,1.2,4.5,3.0,10.0,0.6,0.01,0.06,0.55,0.16,0.2,0.35,1.5,12,10.0,14.0,0.9,1.2,0.6,0.01,0.06,0.65,0.3,0.72,0.005,0.38,0.22,0.01,0.14,1.0,0.28
mpc,ground_truth,curvy,400.0,0.05,0.1,1.0,98.01267477497458,98.78302764892578,85.47920989990234,16.607600721625634,0.8292781033962449,-1.2140282928486956e-05,0.0,1.2140282928486956e-05,0.0,1.5351439287769608e-05,-1.726564187265467e-05,0.561916708946228,0.0,17.43687882502188,257,251,5.170050144195557,RoadOption.STRAIGHT,98.52106475830078,96.1516342163086,1.6709877759550402,2.8,1.2,4.5,3.0,10.0,0.6,0.01,0.06,0.55,0.16,0.2,0.35,1.5,12,10.0,14.0,0.9,1.2,0.6,0.01,0.06,0.65,0.3,0.72,0.005,0.38,0.22,0.01,0.14,1.0,0.28
mpc,ground_truth,curvy,400.0,0.05,0.1,1.0,98.06267477571964,98.77735900878906,86.30951690673828,16.60575648010231,0.8298558938780616,-7.0409654926301135e-06,3.7284255260949806e-06,7.0409654926301135e-06,3.7284255260949806e-06,0.007668528240174055,0.0076531768008862855,0.5486068725585938,0.0,17.435612373980373,258,252,5.339724063873291,RoadOption.STRAIGHT,98.42272186279297,97.03832244873047,1.691532066394184,2.8,1.2,4.5,3.0,10.0,0.6,0.01,0.06,0.55,0.16,0.2,0.35,1.5,12,10.0,14.0,0.9,1.2,0.6,0.01,0.06,0.65,0.3,0.72,0.005,0.38,0.22,0.01,0.14,1.0,0.28
mpc,ground_truth,curvy,400.0,0.05,0.1,1.0,98.1126747764647,98.77102661132812,87.13981628417969,16.60603762828524,0.8205388118505219,0.058956589807001414,-0.010588861652209403,0.058956589807001414,0.010588861652209403,0.027283869683742523,0.019615341443568468,0.5311427712440491,0.0,17.42657644013576,259,253,5.450626850128174,RoadOption.STRAIGHT,98.3061752319336,97.92279815673828,1.712076489991382,2.8,1.2,4.5,3.0,10.0,0.6,0.01,0.06,0.55,0.16,0.2,0.35,1.5,12,10.0,14.0,0.9,1.2,0.6,0.01,0.06,0.65,0.3,0.72,0.005,0.38,0.22,0.01,0.14,1.0,0.28
mpc,ground_truth,curvy,400.0,0.05,0.1,1.0,98.16267477720976,98.76207733154297,87.97000885009766,16.60299838290205,0.8287580186775614,0.15701410536365562,-0.028400748812932086,0.15701410536365562,0.028400748812932086,-0.0057040550746023655,-0.03298792475834489,0.5571178793907166,0.0,17.431756401579612,260,254,5.51233434677124,RoadOption.STRAIGHT,98.17149353027344,98.80470275878906,1.732620780430526,2.8,1.2,4.5,3.0,10.0,0.6,0.01,0.06,0.55,0.16,0.2,0.35,1.5,12,10.0,14.0,0.9,1.2,0.6,0.01,0.06,0.65,0.3,0.72,0.005,0.38,0.22,0.01,0.14,1.0,0.28
mpc,ground_truth,curvy,400.0,0.05,0.1,1.0,98.21267477795482,98.7525405883789,88.8000259399414,16.600969878661253,0.827453846975132,0.2398349134633197,-0.046742605030580364,0.2398349134633197,0.046742605030580364,-0.0353766605257988,-0.029672605451196432,0.5449073314666748,0.0,17.428423725636385,260,255,5.573816299438477,RoadOption.STRAIGHT,98.17149353027344,98.80470275878906,1.732620780430526,2.8,1.2,4.5,3.0,10.0,0.6,0.01,0.06,0.55,0.16,0.2,0.35,1.5,12,10.0,14.0,0.9,1.2,0.6,0.01,0.06,0.65,0.3,0.72,0.005,0.38,0.22,0.01,0.14,1.0,0.28
mpc,ground_truth,curvy,400.0,0.05,0.1,1.0,98.26267477869987,98.74583435058594,89.62995147705078,16.597411764349008,0.831011961287377,0.19750701409438537,-0.048406548079661604,0.19750701409438537,0.048406548079661604,0.00701185455545783,0.04238851508125663,0.552876889705658,0.0,17.428423725636385,261,255,4.743894577026367,RoadOption.STRAIGHT,98.01871490478516,99.68364715576172,1.7531652040277241,2.8,1.2,4.5,3.0,10.0,0.6,0.01,0.06,0.55,0.16,0.2,0.35,1.5,12,10.0,14.0,0.9,1.2,0.6,0.01,0.06,0.65,0.3,0.72,0.005,0.38,0.22,0.01,0.14,1.0,0.28
mpc,ground_truth,curvy,400.0,0.05,0.1,1.0,98.31267477944493,98.7393569946289,90.45978546142578,16.596981842703663,0.8398969823182156,0.24442165833781548,-0.07078668861625204,0.24442165833781548,0.07078668861625204,0.03212753310799599,0.025115678552538157,0.5646002292633057,0.0,17.43687882502188,262,256,4.805316925048828,RoadOption.STRAIGHT,97.84791564941406,100.55927276611328,1.7737094944668679,2.8,1.2,4.5,3.0,10.0,0.6,0.01,0.06,0.55,0.16,0.2,0.35,1.5,12,10.0,14.0,0.9,1.2,0.6,0.01,0.06,0.65,0.3,0.72,0.005,0.38,0.22,0.01,0.14,1.0,0.28
mpc,ground_truth,curvy,400.0,0.05,0.1,1.0,98.36267478018999,98.72959899902344,91.28953552246094,16.59650388237793,0.8336294583345314,0.2788376615450774,-0.08964812756257423,0.2788376615450774,0.08964812756257423,0.05715149641036987,0.025023963302373886,0.542656660079956,0.0,17.430133340712462,263,257,4.8665690422058105,RoadOption.STRAIGHT,97.65917205810547,101.43120574951172,1.7942537849060116,2.8,1.2,4.5,3.0,10.0,0.6,0.01,0.06,0.55,0.16,0.2,0.35,1.5,12,10.0,14.0,0.9,1.2,0.6,0.01,0.06,0.65,0.3,0.72,0.005,0.38,0.22,0.01,0.14,1.0,0.28
mpc,ground_truth,curvy,400.0,0.05,0.1,1.0,98.41267478093505,98.71414184570312,92.11910247802734,16.5929866812448,0.8335897588909624,0.30318522861212815,-0.10373651604520262,0.30318522861212815,0.10373651604520262,0.07784633338451385,0.020694836974143982,0.5501062273979187,0.0,17.42657644013576,264,258,4.927844524383545,RoadOption.STRAIGHT,97.4525375366211,102.29907989501953,1.81479820850321,2.8,1.2,4.5,3.0,10.0,0.6,0.01,0.06,0.55,0.16,0.2,0.35,1.5,12,10.0,14.0,0.9,1.2,0.6,0.01,0.06,0.65,0.3,0.72,0.005,0.38,0.22,0.01,0.14,1.0,0.28
mpc,ground_truth,curvy,400.0,0.05,0.1,1.0,98.46267478168011,98.6903305053711,92.9480972290039,16.584543753980444,0.8472126475991679,0.320163051251692,-0.11272761420141908,0.320163051251692,0.11272761420141908,0.09005407989025116,0.012207746505737305,0.5746750831604004,0.0,17.431756401579612,265,259,4.989511966705322,RoadOption.STRAIGHT,97.22813415527344,103.16251373291016,1.8353424989423537,2.8,1.2,4.5,3.0,10.0,0.6,0.01,0.06,0.55,0.16,0.2,0.35,1.5,12,10.0,14.0,0.9,1.2,0.6,0.01,0.06,0.65,0.3,0.72,0.005,0.38,0.22,0.01,0.14,1.0,0.28
mpc,ground_truth,curvy,400.0,0.05,0.1,1.0,98.51267478242517,98.65580749511719,93.7762680053711,16.57654218605714,0.8538116808046681,0.332190446713443,-0.11719426798169996,0.332190446713443,0.11719426798169996,0.09293874353170395,0.0028846636414527893,0.5702058672904968,0.0,17.430353866861807,266,260,5.0517048835754395,RoadOption.STRAIGHT,96.98603057861328,104.02116394042969,1.855886922539552,2.8,1.2,4.5,3.0,10.0,0.6,0.01,0.06,0.55,0.16,0.2,0.35,1.5,12,10.0,14.0,0.9,1.2,0.6,0.01,0.06,0.65,0.3,0.72,0.005,0.38,0.22,0.01,0.14,1.0,0.28
mpc,ground_truth,curvy,400.0,0.05,0.1,1.0,98.56267478317022,98.60885620117188,94.60356140136719,16.572542790987107,0.8643360340347712,0.34096781045767277,-0.11838363572452959,0.34096781045767277,0.11838363572452959,0.08820542693138123,-0.004733316600322723,0.5812308192253113,0.0,17.43687882502188,267,261,5.114248752593994,RoadOption.STRAIGHT,96.72634887695312,104.8746566772461,1.8764312129786958,2.8,1.2,4.5,3.0,10.0,0.6,0.01,0.06,0.55,0.16,0.2,0.35,1.5,12,10.0,14.0,0.9,1.2,0.6,0.01,0.06,0.65,0.3,0.72,0.005,0.38,0.22,0.01,0.14,1.0,0.28
mpc,ground_truth,curvy,400.0,0.05,0.1,1.0,98.61267478391528,98.54839324951172,95.42994689941406,16.57319241960061,0.8569409211118533,0.347573756481832,-0.11785087034845887,0.347573756481832,0.11785087034845887,0.07972482591867447,-0.008480601012706757,0.5552904009819031,0.0,17.430133340712462,268,262,5.176935195922852,RoadOption.STRAIGHT,96.44918823242188,105.72264099121094,1.896975636575894,2.8,1.2,4.5,3.0,10.0,0.6,0.01,0.06,0.55,0.16,0.2,0.35,1.5,12,10.0,14.0,0.9,1.2,0.6,0.01,0.06,0.65,0.3,0.72,0.005,0.38,0.22,0.01,0.14,1.0,0.28
mpc,ground_truth,curvy,400.0,0.05,0.1,1.0,98.66267478466034,98.473876953125,96.2553482055664,16.5762980847547,0.8502783553810609,0.3525336758337291,-0.11703314673574994,0.3525336758337291,0.11703314673574994,0.07168985158205032,-0.008034974336624146,0.5521719455718994,0.0,17.42657644013576,269,263,5.239584922790527,RoadOption.STRAIGHT,96.1546630859375,106.56475067138672,1.9175199270150378,2.8,1.2,4.5,3.0,10.0,0.6,0.01,0.06,0.55,0.16,0.2,0.35,1.5,12,10.0,14.0,0.9,1.2,0.6,0.01,0.06,0.65,0.3,0.72,0.005,0.38,0.22,0.01,0.14,1.0,0.28
mpc,ground_truth,curvy,400.0,0.05,0.1,1.0,98.7126747854054,98.38506317138672,97.0794448852539,16.577594771060024,0.8502835301330371,0.3560973822054674,-0.11690065447151898,0.3560973822054674,0.11690065447151898,0.0668737068772316,-0.004816144704818726,0.5601763129234314,0.0,17.42787830119306,270,264,5.302282333374023,RoadOption.STRAIGHT,95.8428955078125,107.40062713623047,1.9380642174541816,2.8,1.2,4.5,3.0,10.0,0.6,0.01,0.06,0.55,0.16,0.2,0.35,1.5,12,10.0,14.0,0.9,1.2,0.6,0.01,0.06,0.65,0.3,0.72,0.005,0.38,0.22,0.01,0.14,1.0,0.28
mpc,ground_truth,curvy,400.0,0.05,0.1,1.0,98.76267478615046,98.28177642822266,97.90188598632812,16.57744193630003,0.8539123041915566,0.35851555150638115,-0.11779973765552931,0.35851555150638115,0.11779973765552931,0.06670485436916351,-0.00016885250806808472,0.5667018890380859,0.0,17.431354240491586,271,265,5.365106582641602,RoadOption.STRAIGHT,95.51402282714844,108.22992706298828,1.9586086410513799,2.8,1.2,4.5,3.0,10.0,0.6,0.01,0.06,0.55,0.16,0.2,0.35,1.5,12,10.0,14.0,0.9,1.2,0.6,0.01,0.06,0.65,0.3,0.72,0.005,0.38,0.22,0.01,0.14,1.0,0.28
mpc,ground_truth,curvy,400.0,0.05,0.1,1.0,98.81267478689551,98.16372680664062,98.72230529785156,16.57687877619218,0.8573415025497866,0.36011436807357056,-0.11950522601761637,0.36011436807357056,0.11950522601761637,0.07009527832269669,0.0033904239535331726,0.5685199499130249,0.0,17.434220278741968,272,266,5.428155899047852,RoadOption.STRAIGHT,95.16819763183594,109.05228424072266,1.9791529314905236,2.8,1.2,4.5,3.0,10.0,0.6,0.01,0.06,0.55,0.16,0.2,0.35,1.5,12,10.0,14.0,0.9,1.2,0.6,0.01,0.06,0.65,0.3,0.72,0.005,0.38,0.22,0.01,0.14,1.0,0.28
mpc,ground_truth,curvy,400.0,0.05,0.1,1.0,98.86267478764057,98.030517578125,99.54036712646484,16.576131897038383,0.854001443674079,0.3613523371843437,-0.12147489995983873,0.3613523371843437,0.12147489995983873,0.07508287578821182,0.004987597465515137,0.5583928227424622,0.0,17.430133340712462,273,267,5.491402626037598,RoadOption.STRAIGHT,94.80553436279297,109.86737823486328,1.999697355087722,2.8,1.2,4.5,3.0,10.0,0.6,0.01,0.06,0.55,0.16,0.2,0.35,1.5,12,10.0,14.0,0.9,1.2,0.6,0.01,0.06,0.65,0.3,0.72,0.005,0.38,0.22,0.01,0.14,1.0,0.28
mpc,ground_truth,curvy,400.0,0.05,0.1,1.0,98.91267478838563,97.8816909790039,100.35565185546875,16.573996700681025,0.8593169204369033,0.36275170224288544,-0.12315096039188012,0.36275170224288544,0.12315096039188012,0.07921149581670761,0.004128620028495789,0.5719687342643738,0.0,17.43331362111793,274,268,5.554875373840332,RoadOption.STRAIGHT,94.42620849609375,110.67485046386719,2.0202416455268657,2.8,1.2,4.5,3.0,10.0,0.6,0.01,0.06,0.55,0.16,0.2,0.35,1.5,12,10.0,14.0,0.9,1.2,0.6,0.01,0.06,0.65,0.3,0.72,0.005,0.38,0.22,0.01,0.14,1.0,0.28
mpc,ground_truth,curvy,400.0,0.05,0.1,1.0,98.96267478913069,97.71693420410156,101.167724609375,16.571192394134453,0.8566859070586084,0.36470560262180607,-0.12419811533249936,0.36470560262180607,0.12419811533249936,0.08085037022829056,0.0016388744115829468,0.5608543157577515,0.0,17.42787830119306,274,269,5.618592739105225,RoadOption.STRAIGHT,94.42620849609375,110.67485046386719,2.0202416455268657,2.8,1.2,4.5,3.0,10.0,0.6,0.01,0.06,0.55,0.16,0.2,0.35,1.5,12,10.0,14.0,0.9,1.2,0.6,0.01,0.06,0.65,0.3,0.72,0.005,0.38,0.22,0.01,0.14,1.0,0.28
mpc,ground_truth,curvy,400.0,0.05,0.1,1.0,99.01267478987575,97.53606414794922,101.97624969482422,16.568958013846977,0.8589202873460842,0.26006073892155834,-0.10406381854317326,0.26006073892155834,0.10406381854317326,0.12293365597724915,0.04208328574895859,0.5680334568023682,0.0,17.42787830119306,275,269,4.791932106018066,RoadOption.STRAIGHT,94.03038024902344,111.47434997558594,2.040785935966009,2.8,1.2,4.5,3.0,10.0,0.6,0.01,0.06,0.55,0.16,0.2,0.35,1.5,12,10.0,14.0,0.9,1.2,0.6,0.01,0.06,0.65,0.3,0.72,0.005,0.38,0.22,0.01,0.14,1.0,0.28
mpc,ground_truth,curvy,400.0,0.05,0.1,1.0,99.0626747906208,97.33667755126953,102.77972412109375,16.550075767865533,0.662701502402335,0.2650486963093919,-0.10170052939183716,0.2650486963093919,0.10170052939183716,0.1157556101679802,-0.007178045809268951,0.21215835213661194,0.0,17.212777270267868,276,270,4.856349945068359,RoadOption.STRAIGHT,93.61820220947266,112.26555633544922,2.0613303595632075,2.8,1.2,4.5,3.0,10.0,0.6,0.01,0.06,0.55,0.16,0.2,0.35,1.5,12,10.0,14.0,0.9,1.2,0.6,0.01,0.06,0.65,0.3,0.72,0.005,0.38,0.22,0.01,0.14,1.0,0.28
mpc,ground_truth,curvy,400.0,0.05,0.1,1.0,99.11267479136586,97.1177749633789,103.57695770263672,16.518887743832043,0.29388952643582655,0.27493073146538727,-0.09638978670405551,0.27493073146538727,0.09638978670405551,0.08958985656499863,-0.026165753602981567,0.0,0.21624065935611725,16.81277727026787,277,271,4.921600341796875,RoadOption.STRAIGHT,93.18987274169922,113.0481185913086,2.081874783160406,2.8,1.2,4.5,3.0,10.0,0.6,0.01,0.06,0.55,0.16,0.2,0.35,1.5,12,10.0,14.0,0.9,1.2,0.6,0.01,0.06,0.65,0.3,0.72,0.005,0.38,0.22,0.01,0.14,1.0,0.28
mpc,ground_truth,curvy,400.0,0.05,0.1,1.0,99.16267479211092,96.88188934326172,104.36557006835938,16.40860031025501,0.00417696001285961,0.2883188665438672,-0.09116905886111848,0.2883188665438672,0.09116905886111848,0.05766737833619118,-0.03192247822880745,0.0,0.29514890909194946,16.41277727026787,278,272,4.990193843841553,RoadOption.STRAIGHT,92.74554443359375,113.82172393798828,2.102418940441495,2.8,1.2,4.5,3.0,10.0,0.6,0.01,0.06,0.55,0.16,0.2,0.35,1.5,12,10.0,14.0,0.9,1.2,0.6,0.01,0.06,0.65,0.3,0.72,0.005,0.38,0.22,0.01,0.14,1.0,0.28
mpc,ground_truth,curvy,400.0,0.05,0.1,1.0,99.21267479285598,96.63333892822266,105.14143371582031,16.207472161559956,-0.19469489129208384,0.30313810423255605,-0.08909685321692784,0.30313810423255605,0.08909685321692784,0.03197544068098068,-0.025691937655210495,0.0,0.30556049942970276,16.012777270267872,279,273,5.067092418670654,RoadOption.STRAIGHT,92.2854232788086,114.58604431152344,2.1229633640386933,2.8,1.2,4.5,3.0,10.0,0.6,0.01,0.06,0.55,0.16,0.2,0.35,1.5,12,10.0,14.0,0.9,1.2,0.6,0.01,0.06,0.65,0.3,0.72,0.005,0.38,0.22,0.01,0.14,1.0,0.28
mpc,ground_truth,curvy,400.0,0.05,0.1,1.0,99.26267479360104,96.37590789794922,105.90194702148438,15.952904705045938,-0.34012743477806673,0.31759299068920765,-0.09188118813660573,0.31759299068920765,0.09188118813660573,0.020980389788746834,-0.010995050892233849,0.0,0.3288629353046417,15.612777270267872,280,274,5.155767440795898,RoadOption.STRAIGHT,91.80968475341797,115.34074401855469,2.1435076544778373,2.8,1.2,4.5,3.0,10.0,0.6,0.01,0.06,0.55,0.16,0.2,0.35,1.5,12,10.0,14.0,0.9,1.2,0.6,0.01,0.06,0.65,0.3,0.72,0.005,0.38,0.22,0.01,0.14,1.0,0.28
mpc,ground_truth,curvy,400.0,0.05,0.1,1.0,99.3126747943461,96.11213684082031,106.64557647705078,15.66226586965462,-0.4494885993867488,0.33080260081729707,-0.09930674704601916,0.33080260081729707,0.09930674704601916,0.026065919548273087,0.005085529759526253,0.0,0.35141870379447937,15.212777270267871,281,275,5.258399963378906,RoadOption.STRAIGHT,91.31855773925781,116.08551025390625,2.164051944916981,2.8,1.2,4.5,3.0,10.0,0.6,0.01,0.06,0.55,0.16,0.2,0.35,1.5,12,10.0,14.0,0.9,1.2,0.6,0.01,0.06,0.65,0.3,0.72,0.005,0.38,0.22,0.01,0.14,1.0,0.28
mpc,ground_truth,curvy,400.0,0.05,0.1,1.0,99.36267479509115,95.84329986572266,107.3710708618164,15.34705848388602,-0.534281213618149,0.343060237217117,-0.10956164829753279,0.343060237217117,0.10956164829753279,0.04196644946932793,0.01590052992105484,0.0,0.3730791509151459,14.81277727026787,282,276,5.376527786254883,RoadOption.STRAIGHT,90.8122329711914,116.82003021240234,2.184596368514179,2.8,1.2,4.5,3.0,10.0,0.6,0.01,0.06,0.55,0.16,0.2,0.35,1.5,12,10.0,14.0,0.9,1.2,0.6,0.01,0.06,0.65,0.3,0.72,0.005,0.38,0.22,0.01,0.14,1.0,0.28
mpc,ground_truth,curvy,400.0,0.05,0.1,1.0,99.41267479583621,95.5697021484375,108.07733154296875,15.01501612126726,-0.28186046452714564,0.35557340387405967,-0.12027168377934094,0.35557340387405967,0.12027168377934094,0.06014835089445114,0.018181901425123215,0.18288838863372803,0.0,14.733155656740115,283,277,5.5111083984375,RoadOption.STRAIGHT,90.29092407226562,117.54399871826172,2.205140658953323,2.8,1.2,4.5,3.0,10.0,0.6,0.01,0.06,0.55,0.16,0.2,0.35,1.5,12,10.0,14.0,0.9,1.2,0.6,0.01,0.06,0.65,0.3,0.72,0.005,0.38,0.22,0.01,0.14,1.0,0.28
mpc,ground_truth,curvy,400.0,0.05,0.1,1.0,99.46267479658127,95.29103088378906,108.76409912109375,14.707681016649682,0.02741534307019755,0.3697024991093856,-0.1295663822998261,0.3697024991093856,0.1295663822998261,0.07279001176357269,0.012641660869121552,0.4366936683654785,0.0,14.73509635971988,283,278,5.662073135375977,RoadOption.STRAIGHT,90.29092407226562,117.54399871826172,2.205140658953323,2.8,1.2,4.5,3.0,10.0,0.6,0.01,0.06,0.55,0.16,0.2,0.35,1.5,12,10.0,14.0,0.9,1.2,0.6,0.01,0.06,0.65,0.3,0.72,0.005,0.38,0.22,0.01,0.14,1.0,0.28
mpc,ground_truth,curvy,400.0,0.05,0.1,1.0,99.51267479732633,95.0059585571289,109.43350219726562,14.456936904155972,0.2781594555639071,0.2760884600226361,-0.1161307346003766,0.2760884600226361,0.1161307346003766,0.12909471988677979,0.05630470812320709,0.5170411467552185,0.0,14.73509635971988,284,278,4.936189651489258,RoadOption.STRAIGHT,89.75485229492188,118.2571029663086,2.2256849493924666,2.8,1.2,4.5,3.0,10.0,0.6,0.01,0.06,0.55,0.16,0.2,0.35,1.5,12,10.0,14.0,0.9,1.2,0.6,0.01,0.06,0.65,0.3,0.72,0.005,0.38,0.22,0.01,0.14,1.0,0.28
mpc,ground_truth,curvy,400.0,0.05,0.1,1.0,99.56267479807138,94.7110824584961,110.08660125732422,14.258638474853827,0.480759862162488,0.2949268227002402,-0.11876207091542934,0.2949268227002402,0.11876207091542934,0.12344414740800858,-0.00565057247877121,0.5810693502426147,0.0,14.739398337016315,285,279,5.111635208129883,RoadOption.STRAIGHT,89.2042465209961,118.95904541015625,2.246229372989665,2.8,1.2,4.5,3.0,10.0,0.6,0.01,0.06,0.55,0.16,0.2,0.35,1.5,12,10.0,14.0,0.9,1.2,0.6,0.01,0.06,0.65,0.3,0.72,0.005,0.38,0.22,0.01,0.14,1.0,0.28
mpc,ground_truth,curvy,400.0,0.05,0.1,1.0,99.61267479881644,94.40386199951172,110.72532653808594,14.13224720771122,0.6061401953219132,0.3209167562270423,-0.1168453938788998,0.3209167562270423,0.1168453938788998,0.0885767862200737,-0.034867361187934875,0.5639365315437317,0.0,14.738387403033133,286,280,5.2945098876953125,RoadOption.STRAIGHT,88.6477279663086,119.63875579833984,2.2693754386557616,2.8,1.2,4.5,3.0,10.0,0.6,0.01,0.06,0.55,0.16,0.2,0.35,1.5,12,10.0,14.0,0.9,1.2,0.6,0.01,0.06,0.65,0.3,0.72,0.005,0.38,0.22,0.01,0.14,1.0,0.28
mpc,ground_truth,curvy,400.0,0.05,0.1,1.0,99.6626747995615,94.08544921875,111.35382843017578,14.070294568599286,0.6662662619443225,0.3512107905883548,-0.11474802136240747,0.3512107905883548,0.11474802136240747,0.04513571038842201,-0.04344107583165169,0.5219110250473022,0.0,14.736560830543608,287,281,5.481287002563477,RoadOption.STRAIGHT,88.08870697021484,120.28605651855469,2.2969354275125555,2.8,1.2,4.5,3.0,10.0,0.6,0.01,0.06,0.55,0.16,0.2,0.35,1.5,12,10.0,14.0,0.9,1.2,0.6,0.01,0.06,0.65,0.3,0.72,0.005,0.38,0.22,0.01,0.14,1.0,0.28
mpc,ground_truth,curvy,400.0,0.05,0.1,1.0,99.71267480030656,93.75852966308594,111.9758071899414,14.043204592218853,0.6899510645212619,0.3816709815074826,-0.11684219808559115,0.3816709815074826,0.11684219808559115,0.013166136108338833,-0.03196957428008318,0.4923923909664154,0.0,14.733155656740115,287,282,5.669847011566162,RoadOption.STRAIGHT,88.08870697021484,120.28605651855469,2.2969354275125555,2.8,1.2,4.5,3.0,10.0,0.6,0.01,0.06,0.55,0.16,0.2,0.35,1.5,12,10.0,14.0,0.9,1.2,0.6,0.01,0.06,0.65,0.3,0.72,0.005,0.38,0.22,0.01,0.14,1.0,0.28
mpc,ground_truth,curvy,400.0,0.05,0.1,1.0,99.76267480105162,93.42578887939453,112.5936279296875,14.026964383073478,0.7061912736666365,0.29782382563910836,-0.10462441395263467,0.29782382563910836,0.10462441395263467,0.06048564985394478,0.047319513745605946,0.4932030141353607,0.0,14.733155656740115,288,282,4.9692206382751465,RoadOption.STRAIGHT,87.51204681396484,120.91769409179688,2.32449541636935,2.8,1.2,4.5,3.0,10.0,0.6,0.01,0.06,0.55,0.16,0.2,0.35,1.5,12,10.0,14.0,0.9,1.2,0.6,0.01,0.06,0.65,0.3,0.72,0.005,0.38,0.22,0.01,0.14,1.0,0.28
mpc,ground_truth,curvy,400.0,0.05,0.1,1.0,99.81267480179667,93.08504486083984,113.20597076416016,14.005971854047749,0.7291245056721305,0.3203764262769777,-0.1143996798918252,0.3203764262769777,0.1143996798918252,0.07232697308063507,0.011841323226690292,0.5149945616722107,0.0,14.73509635971988,289,283,5.160000324249268,RoadOption.STRAIGHT,86.91819763183594,121.53321075439453,2.3520554052261438,2.8,1.2,4.5,3.0,10.0,0.6,0.01,0.06,0.55,0.16,0.2,0.35,1.5,12,10.0,14.0,0.9,1.2,0.6,0.01,0.06,0.65,0.3,0.72,0.005,0.38,0.22,0.01,0.14,1.0,0.28
mpc,ground_truth,curvy,400.0,0.05,0.1,1.0,99.86267480254173,92.73432159423828,113.81146240234375,13.988483774097372,0.7482161175003235,0.3446462656264839,-0.12193322998344147,0.3446462656264839,0.12193322998344147,0.07080604881048203,-0.0015209242701530457,0.5218396186828613,0.0,14.736699891597695,290,284,5.351725101470947,RoadOption.STRAIGHT,86.3076171875,122.13212585449219,2.379615127766829,2.8,1.2,4.5,3.0,10.0,0.6,0.01,0.06,0.55,0.16,0.2,0.35,1.5,12,10.0,14.0,0.9,1.2,0.6,0.01,0.06,0.65,0.3,0.72,0.005,0.38,0.22,0.01,0.14,1.0,0.28
mpc,ground_truth,curvy,400.0,0.05,0.1,1.0,99.91267480328679,92.37416076660156,114.41068267822266,13.980220668205765,0.7518763177504404,0.3698810750904089,-0.12792094822032096,0.3698810750904089,0.12792094822032096,0.06338566541671753,-0.007420383393764496,0.5055180191993713,0.0,14.732096985956206,291,285,5.544002532958984,RoadOption.STRAIGHT,85.68077087402344,122.71399688720703,2.407175116623623,2.8,1.2,4.5,3.0,10.0,0.6,0.01,0.06,0.55,0.16,0.2,0.35,1.5,12,10.0,14.0,0.9,1.2,0.6,0.01,0.06,0.65,0.3,0.72,0.005,0.38,0.22,0.01,0.14,1.0,0.28
mpc,ground_truth,curvy,400.0,0.05,0.1,1.0,99.96267480403185,92.00527954101562,115.00433349609375,13.977898487450028,0.7586623430935795,0.4094694529384282,-0.13624479136541812,0.4094694529384282,0.13624479136541812,0.06232498586177826,-0.00106067955493927,0.5133406519889832,0.0,14.736560830543608,292,286,5.722851276397705,RoadOption.STRAIGHT,85.03812408447266,123.27836608886719,2.4347351054804167,2.8,1.2,4.5,3.0,10.0,0.6,0.01,0.06,0.55,0.16,0.2,0.35,1.5,12,10.0,14.0,0.9,1.2,0.6,0.01,0.06,0.65,0.3,0.72,0.005,0.38,0.22,0.01,0.14,1.0,0.28
mpc,ground_truth,curvy,400.0,0.05,0.1,1.0,100.0126748047769,91.62799835205078,115.59256744384766,13.976772237847094,0.7563834188930212,0.46993634772878856,-0.1491882868954213,0.46993634772878856,0.1491882868954213,0.042073458433151245,-0.020251527428627014,0.5010953545570374,0.0,14.733155656740115,292,287,5.878386497497559,RoadOption.STRAIGHT,85.03812408447266,123.27836608886719,2.4347351054804167,2.8,1.2,4.5,3.0,10.0,0.6,0.01,0.06,0.55,0.16,0.2,0.35,1.5,12,10.0,14.0,0.9,1.2,0.6,0.01,0.06,0.65,0.3,0.72,0.005,0.38,0.22,0.01,0.14,1.0,0.28
mpc,ground_truth,curvy,400.0,0.05,0.1,1.0,100.06267480552197,91.24359130859375,116.17627716064453,13.979579839580099,0.7535758171600158,0.36979820772381444,-0.1361796770767656,0.36979820772381444,0.1361796770767656,0.10618117451667786,0.06410771608352661,0.498776376247406,0.0,14.733155656740115,293,287,5.181079387664795,RoadOption.STRAIGHT,84.38017272949219,123.82482147216797,2.4622950943372106,2.8,1.2,4.5,3.0,10.0,0.6,0.01,0.06,0.55,0.16,0.2,0.35,1.5,12,10.0,14.0,0.9,1.2,0.6,0.01,0.06,0.65,0.3,0.72,0.005,0.38,0.22,0.01,0.14,1.0,0.28
mpc,ground_truth,curvy,400.0,0.05,0.1,1.0,100.11267480626702,90.84971618652344,116.75311279296875,13.963615403308873,0.7676003500375206,0.41628927241809555,-0.1488067890692677,0.41628927241809555,0.1488067890692677,0.10344427078962326,-0.002736903727054596,0.527389645576477,0.0,14.731215753346394,294,288,5.337019443511963,RoadOption.STRAIGHT,83.70740509033203,124.3529281616211,2.489855083194005,2.8,1.2,4.5,3.0,10.0,0.6,0.01,0.06,0.55,0.16,0.2,0.35,1.5,12,10.0,14.0,0.9,1.2,0.6,0.01,0.06,0.65,0.3,0.72,0.005,0.38,0.22,0.01,0.14,1.0,0.28
mpc,ground_truth,curvy,400.0,0.05,0.1,1.0,100.16267480701208,90.44444274902344,117.3210678100586,13.953400559378009,0.783299332219686,0.46235039382477616,-0.1574982816028503,0.46235039382477616,0.1574982816028503,0.08039090782403946,-0.0230533629655838,0.538818359375,0.0,14.736699891597695,295,289,5.493319034576416,RoadOption.STRAIGHT,83.02034759521484,124.86229705810547,2.517415072050799,2.8,1.2,4.5,3.0,10.0,0.6,0.01,0.06,0.55,0.16,0.2,0.35,1.5,12,10.0,14.0,0.9,1.2,0.6,0.01,0.06,0.65,0.3,0.72,0.005,0.38,0.22,0.01,0.14,1.0,0.28
mpc,ground_truth,curvy,400.0,0.05,0.1,1.0,100.21267480775714,90.0291748046875,117.88174438476562,13.958033819229723,0.7740631667264832,0.5058427304571134,-0.16562118924370095,0.5058427304571134,0.16562118924370095,0.05573438107967377,-0.024656526744365692,0.5033544898033142,0.0,14.732096985956206,296,290,5.649401664733887,RoadOption.STRAIGHT,82.31951141357422,125.3525390625,2.5449750609075927,2.8,1.2,4.5,3.0,10.0,0.6,0.01,0.06,0.55,0.16,0.2,0.35,1.5,12,10.0,14.0,0.9,1.2,0.6,0.01,0.06,0.65,0.3,0.72,0.005,0.38,0.22,0.01,0.14,1.0,0.28
mpc,ground_truth,curvy,400.0,0.05,0.1,1.0,100.2626748085022,89.6055679321289,118.4367446899414,13.968142185873623,0.7663174275078628,0.5444451554357617,-0.17599127221236044,0.5444451554357617,0.17599127221236044,0.04303521290421486,-0.012699168175458908,0.5004955530166626,0.0,14.734459613381485,296,291,5.805077075958252,RoadOption.STRAIGHT,82.31951141357422,125.3525390625,2.5449750609075927,2.8,1.2,4.5,3.0,10.0,0.6,0.01,0.06,0.55,0.16,0.2,0.35,1.5,12,10.0,14.0,0.9,1.2,0.6,0.01,0.06,0.65,0.3,0.72,0.005,0.38,0.22,0.01,0.14,1.0,0.28
mpc,ground_truth,curvy,400.0,0.05,0.1,1.0,100.31267480924726,89.17473602294922,118.9866943359375,13.974921829676717,0.7595377837047685,0.4249849961837122,-0.16180860782714346,0.4249849961837122,0.16180860782714346,0.12517207860946655,0.0821368657052517,0.49758708477020264,0.0,14.734459613381485,297,291,5.108872890472412,RoadOption.STRAIGHT,81.60543060302734,125.82328033447266,2.572534783448278,2.8,1.2,4.5,3.0,10.0,0.6,0.01,0.06,0.55,0.16,0.2,0.35,1.5,12,10.0,14.0,0.9,1.2,0.6,0.01,0.06,0.65,0.3,0.72,0.005,0.38,0.22,0.01,0.14,1.0,0.28
mpc,ground_truth,curvy,400.0,0.05,0.1,1.0,100.36267480999231,88.73403930664062,119.52823638916016,13.955624453434607,0.7823429642057036,0.4513202588114664,-0.1732815058032049,0.4513202588114664,0.1732815058032049,0.14270976185798645,0.017537683248519897,0.5467720031738281,0.0,14.737967417640311,298,292,5.265288829803467,RoadOption.STRAIGHT,80.87864685058594,126.27416229248047,2.600094772305072,2.8,1.2,4.5,3.0,10.0,0.6,0.01,0.06,0.55,0.16,0.2,0.35,1.5,12,10.0,14.0,0.9,1.2,0.6,0.01,0.06,0.65,0.3,0.72,0.005,0.38,0.22,0.01,0.14,1.0,0.28
mpc,ground_truth,curvy,400.0,0.05,0.1,1.0,100.41267481073737,88.28034210205078,120.05718231201172,13.932965899748389,0.7982498535980049,0.4810084086598754,-0.17849331205648955,0.4810084086598754,0.17849331205648955,0.12913937866687775,-0.013570383191108704,0.5480381846427917,0.0,14.731215753346394,299,293,5.422769546508789,RoadOption.STRAIGHT,80.13971710205078,126.70486450195312,2.6276547611618657,2.8,1.2,4.5,3.0,10.0,0.6,0.01,0.06,0.55,0.16,0.2,0.35,1.5,12,10.0,14.0,0.9,1.2,0.6,0.01,0.06,0.65,0.3,0.72,0.005,0.38,0.22,0.01,0.14,1.0,0.28
mpc,ground_truth,curvy,400.0,0.05,0.1,1.0,100.46267481148243,87.81400299072266,120.57432556152344,13.930157375978313,0.8065425156193822,0.5131724406666165,-0.1802976036950188,0.5131724406666165,0.1802976036950188,0.09852041304111481,-0.03061896562576294,0.5438767075538635,0.0,14.736699891597695,300,294,5.580500602722168,RoadOption.STRAIGHT,79.38920593261719,127.11502838134766,2.6552147500186596,2.8,1.2,4.5,3.0,10.0,0.6,0.01,0.06,0.55,0.16,0.2,0.35,1.5,12,10.0,14.0,0.9,1.2,0.6,0.01,0.06,0.65,0.3,0.72,0.005,0.38,0.22,0.01,0.14,1.0,0.28
mpc,ground_truth,curvy,400.0,0.05,0.1,1.0,100.51267481222749,87.33629608154297,121.08155059814453,13.943726449054713,0.7883705369014926,0.5454938721731937,-0.18259484645132096,0.5454938721731937,0.18259484645132096,0.06725301593542099,-0.03126739710569382,0.501215934753418,0.0,14.732096985956206,301,295,5.737722396850586,RoadOption.STRAIGHT,78.62767028808594,127.50433349609375,2.682774738875454,2.8,1.2,4.5,3.0,10.0,0.6,0.01,0.06,0.55,0.16,0.2,0.35,1.5,12,10.0,14.0,0.9,1.2,0.6,0.01,0.06,0.65,0.3,0.72,0.005,0.38,0.22,0.01,0.14,1.0,0.28
mpc,ground_truth,curvy,400.0,0.05,0.1,1.0,100.56267481297255,86.84888458251953,121.58075714111328,13.960857049978472,0.7736025634030135,0.5753541019208899,-0.1883685796946124,0.5753541019208899,0.1883685796946124,0.0490829274058342,-0.018170088529586792,0.49643996357917786,0.0,14.734459613381485,301,296,5.894197463989258,RoadOption.STRAIGHT,78.62767028808594,127.50433349609375,2.682774738875454,2.8,1.2,4.5,3.0,10.0,0.6,0.01,0.06,0.55,0.16,0.2,0.35,1.5,12,10.0,14.0,0.9,1.2,0.6,0.01,0.06,0.65,0.3,0.72,0.005,0.38,0.22,0.01,0.14,1.0,0.28
mpc,ground_truth,curvy,400.0,0.05,0.1,1.0,100.6126748137176,86.353271484375,122.07280731201172,13.971807482666833,0.7626521307146525,0.4467691973593766,-0.17086841553948373,0.4467691973593766,0.17086841553948373,0.13021567463874817,0.08113274723291397,0.49445074796676636,0.0,14.734459613381485,302,296,5.198832988739014,RoadOption.STRAIGHT,77.85569763183594,127.8725357055664,2.710334727732248,2.8,1.2,4.5,3.0,10.0,0.6,0.01,0.06,0.55,0.16,0.2,0.35,1.5,12,10.0,14.0,0.9,1.2,0.6,0.01,0.06,0.65,0.3,0.72,0.005,0.38,0.22,0.01,0.14,1.0,0.28
mpc,ground_truth,curvy,400.0,0.05,0.1,1.0,100.66267481446266,85.84757995605469,122.55400085449219,13.952376225185843,0.7855911924544685,0.46823653078520744,-0.17998734542802453,0.46823653078520744,0.17998734542802453,0.1457216739654541,0.015505999326705933,0.5488815903663635,0.0,14.737967417640311,303,297,5.355746746063232,RoadOption.STRAIGHT,77.07386779785156,128.21932983398438,2.7378947165890417,2.8,1.2,4.5,3.0,10.0,0.6,0.01,0.06,0.55,0.16,0.2,0.35,1.5,12,10.0,14.0,0.9,1.2,0.6,0.01,0.06,0.65,0.3,0.72,0.005,0.38,0.22,0.01,0.14,1.0,0.28
mpc,ground_truth,curvy,400.0,0.05,0.1,1.0,100.71267481520772,85.32960510253906,123.01992797851562,13.929430278081341,0.8017854752650528,0.49456214318747627,-0.18359299922788264,0.49456214318747627,0.18359299922788264,0.13042475283145905,-0.015296921133995056,0.5505044460296631,0.0,14.731215753346394,304,298,5.513716697692871,RoadOption.STRAIGHT,76.28278350830078,128.54441833496094,2.7654547054458356,2.8,1.2,4.5,3.0,10.0,0.6,0.01,0.06,0.55,0.16,0.2,0.35,1.5,12,10.0,14.0,0.9,1.2,0.6,0.01,0.06,0.65,0.3,0.72,0.005,0.38,0.22,0.01,0.14,1.0,0.28
mpc,ground_truth,curvy,400.0,0.05,0.1,1.0,100.76267481595278,84.79991149902344,123.47169494628906,13.927212717130688,0.8094871744670069,0.5244944736945345,-0.18434800539691976,0.5244944736945345,0.18434800539691976,0.0989248976111412,-0.03149985522031784,0.5449343323707581,0.0,14.736699891597695,305,299,5.67193078994751,RoadOption.STRAIGHT,75.48303985595703,128.84759521484375,2.79301469430263,2.8,1.2,4.5,3.0,10.0,0.6,0.01,0.06,0.55,0.16,0.2,0.35,1.5,12,10.0,14.0,0.9,1.2,0.6,0.01,0.06,0.65,0.3,0.72,0.005,0.38,0.22,0.01,0.14,1.0,0.28
mpc,ground_truth,curvy,400.0,0.05,0.1,1.0,100.81267481669784,84.25965881347656,123.91152954101562,13.941712711178821,0.7903842747773844,0.5554138313810721,-0.18599650211167873,0.5554138313810721,0.18599650211167873,0.06710181385278702,-0.03182308375835419,0.5013070702552795,0.0,14.732096985956206,305,300,5.829555511474609,RoadOption.STRAIGHT,75.48303985595703,128.84759521484375,2.79301469430263,2.8,1.2,4.5,3.0,10.0,0.6,0.01,0.06,0.55,0.16,0.2,0.35,1.5,12,10.0,14.0,0.9,1.2,0.6,0.01,0.06,0.65,0.3,0.72,0.005,0.38,0.22,0.01,0.14,1.0,0.28
mpc,ground_truth,curvy,400.0,0.05,0.1,1.0,100.8626748174429,83.71043395996094,124.3416748046875,13.95969811408261,0.7723988718735963,0.4318742523443304,-0.1638435292160727,0.4318742523443304,0.1638435292160727,0.1271335780620575,0.06003176420927048,0.4918568432331085,0.0,14.732096985956206,306,300,5.134637832641602,RoadOption.STRAIGHT,74.67523956298828,129.12863159179688,2.820574683159424,2.8,1.2,4.5,3.0,10.0,0.6,0.01,0.06,0.55,0.16,0.2,0.35,1.5,12,10.0,14.0,0.9,1.2,0.6,0.01,0.06,0.65,0.3,0.72,0.005,0.38,0.22,0.01,0.14,1.0,0.28
mpc,ground_truth,curvy,400.0,0.05,0.1,1.0,100.91267481818795,83.15133666992188,124.75883483886719,13.947240341451192,0.7872192719302937,0.4580697948815913,-0.1691450839980937,0.4580697948815913,0.1691450839980937,0.12315527349710464,-0.00397830456495285,0.5401160717010498,0.0,14.734459613381485,307,301,5.291627883911133,RoadOption.STRAIGHT,73.8600082397461,129.3872833251953,2.8481346720162177,2.8,1.2,4.5,3.0,10.0,0.6,0.01,0.06,0.55,0.16,0.2,0.35,1.5,12,10.0,14.0,0.9,1.2,0.6,0.01,0.06,0.65,0.3,0.72,0.005,0.38,0.22,0.01,0.14,1.0,0.28
mpc,ground_truth,curvy,400.0,0.05,0.1,1.0,100.96267481893301,82.581787109375,125.16051483154297,13.938390190956905,0.8014045097539704,0.4881389554987896,-0.17191956522173824,0.4881389554987896,0.17191956522173824,0.09907766431570053,-0.024077609181404114,0.5478649735450745,0.0,14.739794700710876,308,302,5.448943138122559,RoadOption.STRAIGHT,73.0379638671875,129.62338256835938,2.8756946608730116,2.8,1.2,4.5,3.0,10.0,0.6,0.01,0.06,0.55,0.16,0.2,0.35,1.5,12,10.0,14.0,0.9,1.2,0.6,0.01,0.06,0.65,0.3,0.72,0.005,0.38,0.22,0.01,0.14,1.0,0.28
mpc,ground_truth,curvy,400.0,0.05,0.1,1.0,101.01267481967807,82.00285339355469,125.5487060546875,13.946041840725911,0.7851739126204826,0.5197322772969604,-0.17490816459702518,0.5197322772969604,0.17490816459702518,0.07154043763875961,-0.027537226676940918,0.5016276240348816,0.0,14.731215753346394,309,303,5.605990886688232,RoadOption.STRAIGHT,72.209716796875,129.8367462158203,2.903254383413697,2.8,1.2,4.5,3.0,10.0,0.6,0.01,0.06,0.55,0.16,0.2,0.35,1.5,12,10.0,14.0,0.9,1.2,0.6,0.01,0.06,0.65,0.3,0.72,0.005,0.38,0.22,0.01,0.14,1.0,0.28
mpc,ground_truth,curvy,400.0,0.05,0.1,1.0,101.06267482042313,81.4157943725586,125.92572021484375,13.95977721973994,0.7799434496094246,0.5501106708050434,-0.18070293681292826,0.5501106708050434,0.18070293681292826,0.0532032810151577,-0.018337156623601913,0.5116895437240601,0.0,14.739720669349365,309,304,5.762411117553711,RoadOption.STRAIGHT,72.209716796875,129.8367462158203,2.903254383413697,2.8,1.2,4.5,3.0,10.0,0.6,0.01,0.06,0.55,0.16,0.2,0.35,1.5,12,10.0,14.0,0.9,1.2,0.6,0.01,0.06,0.65,0.3,0.72,0.005,0.38,0.22,0.01,0.14,1.0,0.28
mpc,ground_truth,curvy,400.0,0.05,0.1,1.0,101.11267482116818,80.82192993164062,126.29308319091797,13.970476949243789,0.7692437201055764,0.4265748740623938,-0.16273565420259972,0.4265748740623938,0.16273565420259972,0.12754425406455994,0.07434097304940224,0.49870654940605164,0.0,14.739720669349365,310,304,5.0667901039123535,RoadOption.STRAIGHT,71.37590789794922,130.02720642089844,2.9308143722704907,2.8,1.2,4.5,3.0,10.0,0.6,0.01,0.06,0.55,0.16,0.2,0.35,1.5,12,10.0,14.0,0.9,1.2,0.6,0.01,0.06,0.65,0.3,0.72,0.005,0.38,0.22,0.01,0.14,1.0,0.28
mpc,ground_truth,curvy,400.0,0.05,0.1,1.0,101.16267482191324,80.22037506103516,126.6471939086914,13.953971531411666,0.7785464773609352,0.4499758439098096,-0.1713472519034802,0.4499758439098096,0.1713472519034802,0.138589546084404,0.011045292019844055,0.5282911658287048,0.0,14.732518008772601,311,305,5.223419666290283,RoadOption.STRAIGHT,70.53717041015625,130.19459533691406,2.958374361127285,2.8,1.2,4.5,3.0,10.0,0.6,0.01,0.06,0.55,0.16,0.2,0.35,1.5,12,10.0,14.0,0.9,1.2,0.6,0.01,0.06,0.65,0.3,0.72,0.005,0.38,0.22,0.01,0.14,1.0,0.28
mpc,ground_truth,curvy,400.0,0.05,0.1,1.0,101.2126748226583,79.61028289794922,126.98404693603516,13.934475543259731,0.799984070121754,0.4778604160151241,-0.17512494590975747,0.4778604160151241,0.17512494590975747,0.12176857143640518,-0.01682097464799881,0.5557155609130859,0.0,14.734459613381485,312,306,5.380882740020752,RoadOption.STRAIGHT,69.69412994384766,130.3388214111328,2.985934349984079,2.8,1.2,4.5,3.0,10.0,0.6,0.01,0.06,0.55,0.16,0.2,0.35,1.5,12,10.0,14.0,0.9,1.2,0.6,0.01,0.06,0.65,0.3,0.72,0.005,0.38,0.22,0.01,0.14,1.0,0.28
mpc,ground_truth,curvy,400.0,0.05,0.1,1.0,101.26267482340336,78.99215698242188,127.30501556396484,13.933283997003922,0.8065107037069534,0.5087030415056653,-0.1767318973115115,0.5087030415056653,0.1767318973115115,0.09151435643434525,-0.030254215002059937,0.5417383909225464,0.0,14.739794700710876,313,307,5.538483142852783,RoadOption.STRAIGHT,68.84744262695312,130.4597625732422,3.013494338840873,2.8,1.2,4.5,3.0,10.0,0.6,0.01,0.06,0.55,0.16,0.2,0.35,1.5,12,10.0,14.0,0.9,1.2,0.6,0.01,0.06,0.65,0.3,0.72,0.005,0.38,0.22,0.01,0.14,1.0,0.28
mpc,ground_truth,curvy,400.0,0.05,0.1,1.0,101.31267482414842,78.3666763305664,127.61256408691406,13.94799664237951,0.7866533264649345,0.5398953993665798,-0.1796304818419534,0.5398953993665798,0.1796304818419534,0.06332939118146896,-0.028184965252876282,0.4981631338596344,0.0,14.734649968844444,314,308,5.695487022399902,RoadOption.STRAIGHT,67.99774169921875,130.55731201171875,3.0410543276976667,2.8,1.2,4.5,3.0,10.0,0.6,0.01,0.06,0.55,0.16,0.2,0.35,1.5,12,10.0,14.0,0.9,1.2,0.6,0.01,0.06,0.65,0.3,0.72,0.005,0.38,0.22,0.01,0.14,1.0,0.28
mpc,ground_truth,curvy,400.0,0.05,0.1,1.0,101.36267482489347,77.73487854003906,127.90902709960938,13.964548575488749,0.7751720938606166,0.5688001631886397,-0.18623645292589508,0.5688001631886397,0.18623645292589508,0.04910503700375557,-0.014224354177713394,0.501325786113739,0.0,14.739720669349365,314,309,5.8517961502075195,RoadOption.STRAIGHT,67.99774169921875,130.55731201171875,3.0410543276976667,2.8,1.2,4.5,3.0,10.0,0.6,0.01,0.06,0.55,0.16,0.2,0.35,1.5,12,10.0,14.0,0.9,1.2,0.6,0.01,0.06,0.65,0.3,0.72,0.005,0.38,0.22,0.01,0.14,1.0,0.28
mpc,ground_truth,curvy,400.0,0.05,0.1,1.0,101.41267482563853,77.09782409667969,128.1956024169922,13.974772516037847,0.7649481533115186,0.4407268979598038,-0.16930327576684423,0.4407268979598038,0.16930327576684423,0.13191425800323486,0.0828092209994793,0.4967001676559448,0.0,14.739720669349365,315,309,5.156253337860107,RoadOption.STRAIGHT,67.14567565917969,130.63143920898438,3.068614316554461,2.8,1.2,4.5,3.0,10.0,0.6,0.01,0.06,0.55,0.16,0.2,0.35,1.5,12,10.0,14.0,0.9,1.2,0.6,0.01,0.06,0.65,0.3,0.72,0.005,0.38,0.22,0.01,0.14,1.0,0.28
mpc,ground_truth,curvy,400.0,0.05,0.1,1.0,101.46267482638359,76.45507049560547,128.46824645996094,13.955029603756559,0.777488405016042,0.46179006996370253,-0.1786866575516295,0.46179006996370253,0.1786866575516295,0.14894820749759674,0.017033949494361877,0.5315413475036621,0.0,14.732518008772601,316,310,5.3130269050598145,RoadOption.STRAIGHT,66.2918930053711,130.68203735351562,3.096174305411255,2.8,1.2,4.5,3.0,10.0,0.6,0.01,0.06,0.55,0.16,0.2,0.35,1.5,12,10.0,14.0,0.9,1.2,0.6,0.01,0.06,0.65,0.3,0.72,0.005,0.38,0.22,0.01,0.14,1.0,0.28
mpc,ground_truth,curvy,400.0,0.05,0.1,1.0,101.51267482712865,75.80616760253906,128.72201538085938,13.929396886434166,0.8103392384310553,0.48794793034647654,-0.18222413442758212,0.48794793034647654,0.18222413442758212,0.1337650567293167,-0.01518315076828003,0.5756245255470276,0.0,14.739736124865221,317,311,5.470907211303711,RoadOption.STRAIGHT,65.4370346069336,130.70909118652344,3.123734294268049,2.8,1.2,4.5,3.0,10.0,0.6,0.01,0.06,0.55,0.16,0.2,0.35,1.5,12,10.0,14.0,0.9,1.2,0.6,0.01,0.06,0.65,0.3,0.72,0.005,0.38,0.22,0.01,0.14,1.0,0.28
mpc,ground_truth,curvy,400.0,0.05,0.1,1.0,101.5626748278737,75.15129089355469,128.95806884765625,13.926044607032065,0.8137500936788111,0.5180325668176614,-0.18264411493148724,0.5180325668176614,0.18264411493148724,0.1010357141494751,-0.032729342579841614,0.5423430800437927,0.0,14.739794700710876,318,312,5.629128456115723,RoadOption.STRAIGHT,64.56018829345703,130.71270751953125,3.1471855581950687,2.8,1.2,4.5,3.0,10.0,0.6,0.01,0.06,0.55,0.16,0.2,0.35,1.5,12,10.0,14.0,0.9,1.2,0.6,0.01,0.06,0.65,0.3,0.72,0.005,0.38,0.22,0.01,0.14,1.0,0.28
mpc,ground_truth,curvy,400.0,0.05,0.1,1.0,101.61267482861876,74.4905776977539,129.17904663085938,13.942779303308136,0.7918706655363081,0.5493218083153134,-0.1838553205952551,0.5493218083153134,0.1838553205952551,0.0673675686120987,-0.033668145537376404,0.49886709451675415,0.0,14.734649968844444,318,313,5.786640644073486,RoadOption.STRAIGHT,64.56018829345703,130.71270751953125,3.1471855581950687,2.8,1.2,4.5,3.0,10.0,0.6,0.01,0.06,0.55,0.16,0.2,0.35,1.5,12,10.0,14.0,0.9,1.2,0.6,0.01,0.06,0.65,0.3,0.72,0.005,0.38,0.22,0.01,0.14,1.0,0.28
mpc,ground_truth,curvy,400.0,0.05,0.1,1.0,101.66267482936382,73.8248062133789,129.38772583007812,13.96209533740599,0.772554631438453,0.42740355207318503,-0.16137131677615235,0.42740355207318503,0.16137131677615235,0.1244393140077591,0.0570717453956604,0.490353524684906,0.0,14.734649968844444,319,313,5.091504096984863,RoadOption.STRAIGHT,63.56019973754883,130.7071075439453,3.1471855581950687,2.8,1.2,4.5,3.0,10.0,0.6,0.01,0.06,0.55,0.16,0.2,0.35,1.5,12,10.0,14.0,0.9,1.2,0.6,0.01,0.06,0.65,0.3,0.72,0.005,0.38,0.22,0.01,0.14,1.0,0.28
mpc,ground_truth,curvy,400.0,0.05,0.1,1.0,101.71267483010888,73.15432739257812,129.5808563232422,13.951078774638935,0.7972672645321488,0.4539633100819773,-0.16658045986834713,0.4539633100819773,0.16658045986834713,0.11943735927343369,-0.005001954734325409,0.5580155253410339,0.0,14.748346039171084,320,314,5.248223304748535,RoadOption.STRAIGHT,62.56021499633789,130.70152282714844,3.1471855581950687,2.8,1.2,4.5,3.0,10.0,0.6,0.01,0.06,0.55,0.16,0.2,0.35,1.5,12,10.0,14.0,0.9,1.2,0.6,0.01,0.06,0.65,0.3,0.72,0.005,0.38,0.22,0.01,0.14,1.0,0.28
mpc,ground_truth,curvy,400.0,0.05,0.1,1.0,101.76267483085394,72.4795150756836,129.75608825683594,13.945047573986969,0.7875734781459744,0.4841116932545882,-0.16961007192442157,0.4841116932545882,0.16961007192442157,0.09603612869977951,-0.023401230573654175,0.5109115242958069,0.0,14.732621052132943,321,315,5.405190467834473,RoadOption.STRAIGHT,61.56023025512695,130.6959228515625,3.1471855581950687,2.8,1.2,4.5,3.0,10.0,0.6,0.01,0.06,0.55,0.16,0.2,0.35,1.5,12,10.0,14.0,0.9,1.2,0.6,0.01,0.06,0.65,0.3,0.72,0.005,0.38,0.22,0.01,0.14,1.0,0.28
mpc,ground_truth,curvy,400.0,0.05,0.1,1.0,101.812674831599,71.80062103271484,129.9156494140625,13.952449090919927,0.7872870339452938,0.5154862952092548,-0.17305726763941998,0.5154862952092548,0.17305726763941998,0.07003874331712723,-0.025997385382652283,0.5220285058021545,0.0,14.739736124865221,321,316,5.561783790588379,RoadOption.STRAIGHT,61.56023025512695,130.6959228515625,3.1471855581950687,2.8,1.2,4.5,3.0,10.0,0.6,0.01,0.06,0.55,0.16,0.2,0.35,1.5,12,10.0,14.0,0.9,1.2,0.6,0.01,0.06,0.65,0.3,0.72,0.005,0.38,0.22,0.01,0.14,1.0,0.28
mpc,ground_truth,curvy,400.0,0.05,0.1,1.0,101.86267483234406,71.11821746826172,130.06202697753906,13.963610095659737,0.7761260292054839,0.4002426695661263,-0.15175064733824106,0.4002426695661263,0.15175064733824106,0.12448644638061523,0.05444770306348801,0.502282440662384,0.0,14.739736124865221,322,316,4.865986347198486,RoadOption.STRAIGHT,60.560245513916016,130.69033813476562,3.1471855581950687,2.8,1.2,4.5,3.0,10.0,0.6,0.01,0.06,0.55,0.16,0.2,0.35,1.5,12,10.0,14.0,0.9,1.2,0.6,0.01,0.06,0.65,0.3,0.72,0.005,0.38,0.22,0.01,0.14,1.0,0.28
mpc,ground_truth,curvy,400.0,0.05,0.1,1.0,101.91267483308911,70.43273162841797,130.19236755371094,13.95177915153338,0.8928180373874017,0.4274310275331629,-0.15744315416828547,0.4274310275331629,0.15744315416828547,0.1189364343881607,-0.005550011992454529,0.7257212400436401,0.0,14.844597188920782,323,317,5.022349834442139,RoadOption.STRAIGHT,59.56026077270508,130.6847381591797,3.1471855581950687,2.8,1.2,4.5,3.0,10.0,0.6,0.01,0.06,0.55,0.16,0.2,0.35,1.5,12,10.0,14.0,0.9,1.2,0.6,0.01,0.06,0.65,0.3,0.72,0.005,0.38,0.22,0.01,0.14,1.0,0.28
mpc,ground_truth,curvy,400.0,0.05,0.1,1.0,101.96267483383417,69.74445343017578,130.30471801757812,13.953952823627745,1.0156443652930367,0.4369780700896633,-0.15665512480173138,0.4369780700896633,0.15665512480173138,0.05201197788119316,-0.06692445650696754,0.8067781925201416,0.0,14.969597188920782,323,318,5.200294494628906,RoadOption.STRAIGHT,59.56026077270508,130.6847381591797,3.1471855581950687,2.8,1.2,4.5,3.0,10.0,0.6,0.01,0.06,0.55,0.16,0.2,0.35,1.5,12,10.0,14.0,0.9,1.2,0.6,0.01,0.06,0.65,0.3,0.72,0.005,0.38,0.22,0.01,0.14,1.0,0.28
mpc,ground_truth,curvy,400.0,0.05,0.1,1.0,102.01267483457923,69.05217742919922,130.4048309326172,14.020645501080839,1.0739516878399424,0.33299490739315923,-0.13567527436630478,0.33299490739315923,0.13567527436630478,0.0904085785150528,0.038396600633859634,0.764339804649353,0.0,15.094597188920782,324,318,4.502528190612793,RoadOption.STRAIGHT,58.56027603149414,130.6791534423828,3.1471855581950687,2.8,1.2,4.5,3.0,10.0,0.6,0.01,0.06,0.55,0.16,0.2,0.35,1.5,12,10.0,14.0,0.9,1.2,0.6,0.01,0.06,0.65,0.3,0.72,0.005,0.38,0.22,0.01,0.14,1.0,0.28
mpc,ground_truth,curvy,400.0,0.05,0.1,1.0,102.06267483532429,68.35404968261719,130.49208068847656,14.108719012707859,1.110878176212923,0.24183489804979968,-0.11638360174588014,0.24183489804979968,0.11638360174588014,0.10811126977205276,0.01770269125699997,0.7608386874198914,0.0,15.219597188920782,325,319,4.798670291900635,RoadOption.STRAIGHT,57.560298919677734,130.67355346679688,3.1471855581950687,2.8,1.2,4.5,3.0,10.0,0.6,0.01,0.06,0.55,0.16,0.2,0.35,1.5,12,10.0,14.0,0.9,1.2,0.6,0.01,0.06,0.65,0.3,0.72,0.005,0.38,0.22,0.01,0.14,1.0,0.28
mpc,ground_truth,curvy,400.0,0.05,0.1,1.0,102.11267483606935,67.64930725097656,130.56349182128906,14.210297087317462,1.1343001016033192,0.16649150613891797,-0.09517578472114296,0.16649150613891797,0.09517578472114296,0.1262543946504593,0.018143124878406525,0.758686363697052,0.0,15.344597188920782,325,320,5.090964317321777,RoadOption.STRAIGHT,57.560298919677734,130.67355346679688,3.1471855581950687,2.8,1.2,4.5,3.0,10.0,0.6,0.01,0.06,0.55,0.16,0.2,0.35,1.5,12,10.0,14.0,0.9,1.2,0.6,0.01,0.06,0.65,0.3,0.72,0.005,0.38,0.22,0.01,0.14,1.0,0.28
mpc,ground_truth,curvy,400.0,0.05,0.1,1.0,102.1626748368144,66.937744140625,130.6175994873047,14.318906388735016,1.1506908001857656,0.10840500253177754,-0.07107684001701609,0.10840500253177754,0.07107684001701609,0.11713307350873947,-0.009121321141719818,0.7600833177566528,0.0,15.469597188920782,326,320,4.378334045410156,RoadOption.STRAIGHT,56.5603141784668,130.66796875,3.1471855581950687,2.8,1.2,4.5,3.0,10.0,0.6,0.01,0.06,0.55,0.16,0.2,0.35,1.5,12,10.0,14.0,0.9,1.2,0.6,0.01,0.06,0.65,0.3,0.72,0.005,0.38,0.22,0.01,0.14,1.0,0.28
mpc,ground_truth,curvy,400.0,0.05,0.1,1.0,102.21267483755946,66.21916198730469,130.65440368652344,14.442794550263526,1.151802638657255,0.0675753405635578,-0.04518798474424646,0.0675753405635578,0.04518798474424646,0.08065865188837051,-0.03647442162036896,0.7424157857894897,0.0,15.594597188920782,327,321,4.659117221832275,RoadOption.STRAIGHT,55.56032943725586,130.66236877441406,3.1471855581950687,2.8,1.2,4.5,3.0,10.0,0.6,0.01,0.06,0.55,0.16,0.2,0.35,1.5,12,10.0,14.0,0.9,1.2,0.6,0.01,0.06,0.65,0.3,0.72,0.005,0.38,0.22,0.01,0.14,1.0,0.28
mpc,ground_truth,curvy,400.0,0.05,0.1,1.0,102.26267483830452,65.49315643310547,130.67633056640625,14.583424099810422,1.1361730891103594,0.04159650564018053,-0.020937239857985013,0.04159650564018053,0.020937239857985013,0.03016780875623226,-0.05049084313213825,0.7129483819007874,0.0,15.719597188920782,328,322,4.932931423187256,RoadOption.STRAIGHT,54.56034469604492,130.6567840576172,3.1471855581950687,2.8,1.2,4.5,3.0,10.0,0.6,0.01,0.06,0.55,0.16,0.2,0.35,1.5,12,10.0,14.0,0.9,1.2,0.6,0.01,0.06,0.65,0.3,0.72,0.005,0.38,0.22,0.01,0.14,1.0,0.28
mpc,ground_truth,curvy,400.0,0.05,0.1,1.0,102.31267483904958,64.75965881347656,130.68785095214844,14.727959270182915,1.116637918737867,0.025966841358055284,-0.0025206819717604745,0.025966841358055284,0.0025206819717604745,-0.015411913394927979,-0.04557972215116024,0.6965405344963074,0.0,15.844597188920782,328,323,5.199399471282959,RoadOption.STRAIGHT,54.56034469604492,130.6567840576172,3.1471855581950687,2.8,1.2,4.5,3.0,10.0,0.6,0.01,0.06,0.55,0.16,0.2,0.35,1.5,12,10.0,14.0,0.9,1.2,0.6,0.01,0.06,0.65,0.3,0.72,0.005,0.38,0.22,0.01,0.14,1.0,0.28
mpc,ground_truth,curvy,400.0,0.05,0.1,1.0,102.36267483979464,64.0191650390625,130.69363403320312,14.862810395874419,1.1067867930463624,0.01604236130254958,0.007383880438353252,0.01604236130254958,0.007383880438353252,-0.04054855555295944,-0.025136642158031464,0.7022507190704346,0.0,15.969597188920782,329,323,4.458913326263428,RoadOption.STRAIGHT,53.560359954833984,130.65118408203125,3.1471855581950687,2.8,1.2,4.5,3.0,10.0,0.6,0.01,0.06,0.55,0.16,0.2,0.35,1.5,12,10.0,14.0,0.9,1.2,0.6,0.01,0.06,0.65,0.3,0.72,0.005,0.38,0.22,0.01,0.14,1.0,0.28
mpc,ground_truth,curvy,400.0,0.05,0.1,1.0,102.4126748405397,63.27220916748047,130.69720458984375,14.989079752888173,1.1055174360326063,0.008302390008172369,0.00897991287963773,0.008302390008172369,0.00897991287963773,-0.04036044701933861,0.00018810853362083435,0.711787223815918,0.0,16.09459718892078,330,324,4.711967945098877,RoadOption.STRAIGHT,52.56037521362305,130.6455841064453,3.1471855581950687,2.8,1.2,4.5,3.0,10.0,0.6,0.01,0.06,0.55,0.16,0.2,0.35,1.5,12,10.0,14.0,0.9,1.2,0.6,0.01,0.06,0.65,0.3,0.72,0.005,0.38,0.22,0.01,0.14,1.0,0.28
mpc,ground_truth,curvy,400.0,0.05,0.1,1.0,102.46267484128475,62.51901626586914,130.7002410888672,15.113827861923086,1.1057693269976934,0.0010462838254096385,0.00509302926866706,0.0010462838254096385,0.00509302926866706,-0.021314535290002823,0.019045911729335785,0.7137638926506042,0.0,16.21959718892078,331,325,4.958789348602295,RoadOption.STRAIGHT,51.56039047241211,130.63999938964844,3.1471855581950687,2.8,1.2,4.5,3.0,10.0,0.6,0.01,0.06,0.55,0.16,0.2,0.35,1.5,12,10.0,14.0,0.9,1.2,0.6,0.01,0.06,0.65,0.3,0.72,0.005,0.38,0.22,0.01,0.14,1.0,0.28
mpc,ground_truth,curvy,400.0,0.05,0.1,1.0,102.51267484202981,61.75958251953125,130.70265197753906,15.238809443086307,1.1057877458344727,-0.005603824837068817,-0.000270843482860883,0.005603824837068817,0.000270843482860883,0.003897921647876501,0.025212456937879324,0.7134947776794434,0.0,16.34459718892078,331,326,5.1993842124938965,RoadOption.STRAIGHT,51.56039047241211,130.63999938964844,3.1471855581950687,2.8,1.2,4.5,3.0,10.0,0.6,0.01,0.06,0.55,0.16,0.2,0.35,1.5,12,10.0,14.0,0.9,1.2,0.6,0.01,0.06,0.65,0.3,0.72,0.005,0.38,0.22,0.01,0.14,1.0,0.28
mpc,ground_truth,curvy,400.0,0.05,0.1,1.0,102.56267484277487,60.99396514892578,130.7033233642578,15.36137101782465,1.1082261710961294,-0.010557203649097173,-0.0037228328878224914,0.010557203649097173,0.0037228328878224914,0.02223929949104786,0.018341377843171358,0.7178618311882019,0.0,16.46959718892078,332,326,4.4337921142578125,RoadOption.STRAIGHT,50.56040573120117,130.6343994140625,3.1471855581950687,2.8,1.2,4.5,3.0,10.0,0.6,0.01,0.06,0.55,0.16,0.2,0.35,1.5,12,10.0,14.0,0.9,1.2,0.6,0.01,0.06,0.65,0.3,0.72,0.005,0.38,0.22,0.01,0.14,1.0,0.28
mpc,ground_truth,curvy,400.0,0.05,0.1,1.0,102.61267484351993,60.22229766845703,130.70126342773438,15.481794501680236,1.1128026872405439,-0.012820237342745837,-0.0037268276294568636,0.012820237342745837,0.0037268276294568636,0.026598619297146797,0.004359319806098938,0.7231734395027161,0.0,16.59459718892078,333,327,4.662130832672119,RoadOption.STRAIGHT,49.560420989990234,130.62881469726562,3.1471855581950687,2.8,1.2,4.5,3.0,10.0,0.6,0.01,0.06,0.55,0.16,0.2,0.35,1.5,12,10.0,14.0,0.9,1.2,0.6,0.01,0.06,0.65,0.3,0.72,0.005,0.38,0.22,0.01,0.14,1.0,0.28
mpc,ground_truth,curvy,400.0,0.05,0.1,1.0,102.66267484426498,59.44460678100586,130.69618225097656,15.602935903085006,1.1166612858357734,-0.012080507669581318,-0.0007752461933225874,0.012080507669581318,0.0007752461933225874,0.01760314404964447,-0.008995475247502327,0.7246270775794983,0.0,16.71959718892078,334,328,4.884421348571777,RoadOption.STRAIGHT,48.5604362487793,130.6232147216797,3.1471855581950687,2.8,1.2,4.5,3.0,10.0,0.6,0.01,0.06,0.55,0.16,0.2,0.35,1.5,12,10.0,14.0,0.9,1.2,0.6,0.01,0.06,0.65,0.3,0.72,0.005,0.38,0.22,0.01,0.14,1.0,0.28
mpc,ground_truth,curvy,400.0,0.05,0.1,1.0,102.71267484501004,58.66080856323242,130.68881225585938,15.725986553979824,1.1186106349409553,-0.00910141152295156,0.0032844765723947233,0.00910141152295156,0.0032844765723947233,0.0014095422811806202,-0.01619360176846385,0.7235056161880493,0.0,16.84459718892078,334,329,5.100587368011475,RoadOption.STRAIGHT,48.5604362487793,130.6232147216797,3.1471855581950687,2.8,1.2,4.5,3.0,10.0,0.6,0.01,0.06,0.55,0.16,0.2,0.35,1.5,12,10.0,14.0,0.9,1.2,0.6,0.01,0.06,0.65,0.3,0.72,0.005,0.38,0.22,0.01,0.14,1.0,0.28
mpc,ground_truth,curvy,400.0,0.05,0.1,1.0,102.7626748457551,57.870853424072266,130.68052673339844,15.849305342491194,1.120291846429586,-0.005234139351779715,0.00633006759500887,0.005234139351779715,0.00633006759500887,-0.013392768800258636,-0.014802311081439257,0.7241925597190857,0.0,16.96959718892078,335,329,4.310593605041504,RoadOption.STRAIGHT,47.56045150756836,130.6176300048828,3.1471855581950687,2.8,1.2,4.5,3.0,10.0,0.6,0.01,0.06,0.55,0.16,0.2,0.35,1.5,12,10.0,14.0,0.9,1.2,0.6,0.01,0.06,0.65,0.3,0.72,0.005,0.38,0.22,0.01,0.14,1.0,0.28
mpc,ground_truth,curvy,400.0,0.05,0.1,1.0,102.81267484650016,57.07476043701172,130.67271423339844,15.971536920192689,1.123060268728091,-0.0018813083564981972,0.007013434730723134,0.0018813083564981972,0.007013434730723134,-0.020487681031227112,-0.007094912230968475,0.72715824842453,0.0,17.09459718892078,336,330,4.514466762542725,RoadOption.STRAIGHT,46.56046676635742,130.61203002929688,3.1471855581950687,2.8,1.2,4.5,3.0,10.0,0.6,0.01,0.06,0.55,0.16,0.2,0.35,1.5,12,10.0,14.0,0.9,1.2,0.6,0.01,0.06,0.65,0.3,0.72,0.005,0.38,0.22,0.01,0.14,1.0,0.28
mpc,ground_truth,curvy,400.0,0.05,0.1,1.0,102.86267484724522,56.27255630493164,130.66632080078125,16.093421548284265,1.1261756406365144,3.3557128017530635e-05,0.005242166289711747,3.3557128017530635e-05,0.005242166289711747,-0.017847547307610512,0.0026401337236166,0.7294438481330872,0.0,17.21959718892078,337,331,4.7122392654418945,RoadOption.STRAIGHT,45.560482025146484,130.6064453125,3.1471855581950687,2.8,1.2,4.5,3.0,10.0,0.6,0.01,0.06,0.55,0.16,0.2,0.35,1.5,12,10.0,14.0,0.9,1.2,0.6,0.01,0.06,0.65,0.3,0.72,0.005,0.38,0.22,0.01,0.14,1.0,0.28
mpc,ground_truth,curvy,400.0,0.05,0.1,1.0,102.91267484799027,55.46422576904297,130.66148376464844,16.216060078870733,1.128537110050047,0.0003425277067373271,0.0020232034801335175,0.0003425277067373271,0.0020232034801335175,-0.008389711380004883,0.009457835927605629,0.7299560308456421,0.0,17.34459718892078,338,332,4.903894901275635,RoadOption.STRAIGHT,44.56049728393555,130.60084533691406,3.1471855581950687,2.8,1.2,4.5,3.0,10.0,0.6,0.01,0.06,0.55,0.16,0.2,0.35,1.5,12,10.0,14.0,0.9,1.2,0.6,0.01,0.06,0.65,0.3,0.72,0.005,0.38,0.22,0.01,0.14,1.0,0.28
mpc,ground_truth,curvy,400.0,0.05,0.1,1.0,102.96267484873533,54.64973449707031,130.65773010253906,16.33924855394542,1.130348634975359,-0.0004510564729085717,-0.0011592740225117026,0.0004510564729085717,0.0011592740225117026,0.0029384116642177105,0.011328123044222593,0.730383038520813,0.0,17.46959718892078,338,333,5.089395523071289,RoadOption.STRAIGHT,44.56049728393555,130.60084533691406,3.1471855581950687,2.8,1.2,4.5,3.0,10.0,0.6,0.01,0.06,0.55,0.16,0.2,0.35,1.5,12,10.0,14.0,0.9,1.2,0.6,0.01,0.06,0.65,0.3,0.72,0.005,0.38,0.22,0.01,0.14,1.0,0.28
mpc,ground_truth,curvy,400.0,0.05,0.1,1.0,103.01267484948039,53.8290901184082,130.65420532226562,16.46213388312866,1.1324633057921183,-0.0015160931241385393,-0.0030487868159223552,0.0015160931241385393,0.0030487868159223552,0.010808402672410011,0.0078699910081923,0.7320156097412109,0.0,17.59459718892078,339,333,4.268744945526123,RoadOption.STRAIGHT,43.56051254272461,130.5952606201172,3.1471855581950687,2.8,1.2,4.5,3.0,10.0,0.6,0.01,0.06,0.55,0.16,0.2,0.35,1.5,12,10.0,14.0,0.9,1.2,0.6,0.01,0.06,0.65,0.3,0.72,0.005,0.38,0.22,0.01,0.14,1.0,0.28
mpc,ground_truth,curvy,400.0,0.05,0.1,1.0,103.06267485022545,53.002323150634766,130.65017700195312,16.584601023381353,1.1349961655394267,-0.0021189383844339646,-0.003135073235242203,0.0021189383844339646,0.003135073235242203,0.012424089945852757,0.0016156872734427452,0.7340371012687683,0.0,17.71959718892078,340,334,4.44196891784668,RoadOption.STRAIGHT,42.56052780151367,130.58966064453125,3.1471855581950687,2.8,1.2,4.5,3.0,10.0,0.6,0.01,0.06,0.55,0.16,0.2,0.35,1.5,12,10.0,14.0,0.9,1.2,0.6,0.01,0.06,0.65,0.3,0.72,0.005,0.38,0.22,0.01,0.14,1.0,0.28
mpc,ground_truth,curvy,400.0,0.05,0.1,1.0,103.1126748509705,52.169437408447266,130.64529418945312,16.707167251977076,1.137429936943704,-0.0018862678144765388,-0.001757153687234947,0.0018862678144765388,0.001757153687234947,0.008384454995393753,-0.0040396349504590034,0.7353785037994385,0.0,17.84459718892078,341,335,4.609068870544434,RoadOption.STRAIGHT,41.560543060302734,130.58407592773438,3.1471855581950687,2.8,1.2,4.5,3.0,10.0,0.6,0.01,0.06,0.55,0.16,0.2,0.35,1.5,12,10.0,14.0,0.9,1.2,0.6,0.01,0.06,0.65,0.3,0.72,0.005,0.38,0.22,0.01,0.14,1.0,0.28
mpc,ground_truth,curvy,400.0,0.05,0.1,1.0,103.16267485171556,51.33041000366211,130.63967895507812,16.830050145754146,1.1395470431666332,-0.0009707949291385236,0.00019867181731925143,0.0009707949291385236,0.00019867181731925143,0.0012292279861867428,-0.00715522700920701,0.7362687587738037,0.0,17.96959718892078,342,336,4.770023822784424,RoadOption.STRAIGHT,40.5605583190918,130.57847595214844,3.1471855581950687,2.8,1.2,4.5,3.0,10.0,0.6,0.01,0.06,0.55,0.16,0.2,0.35,1.5,12,10.0,14.0,0.9,1.2,0.6,0.01,0.06,0.65,0.3,0.72,0.005,0.38,0.22,0.01,0.14,1.0,0.28
mpc,ground_truth,curvy,400.0,0.05,0.1,1.0,103.21267485246062,50.48524475097656,130.63375854492188,16.952957123993105,1.1416400649276746,0.00023077929601499417,0.001753691577816241,0.00023077929601499417,0.001753691577816241,-0.005177132785320282,-0.006406360771507025,0.7374956607818604,0.0,18.09459718892078,343,337,4.924838542938232,RoadOption.STRAIGHT,39.560577392578125,130.57289123535156,3.1471855581950687,2.8,1.2,4.5,3.0,10.0,0.6,0.01,0.06,0.55,0.16,0.2,0.35,1.5,12,10.0,14.0,0.9,1.2,0.6,0.01,0.06,0.65,0.3,0.72,0.005,0.38,0.22,0.01,0.14,1.0,0.28
mpc,ground_truth,curvy,400.0,0.05,0.1,1.0,103.26267485320568,49.63393020629883,130.62803649902344,17.07565581802094,1.1439413708998387,0.001184341591211245,0.0022815301058702886,0.001184341591211245,0.0022815301058702886,-0.00838830228894949,-0.0032111695036292076,0.7391263842582703,0.0,18.21959718892078,343,338,5.073505878448486,RoadOption.STRAIGHT,39.560577392578125,130.57289123535156,3.1471855581950687,2.8,1.2,4.5,3.0,10.0,0.6,0.01,0.06,0.55,0.16,0.2,0.35,1.5,12,10.0,14.0,0.9,1.2,0.6,0.01,0.06,0.65,0.3,0.72,0.005,0.38,0.22,0.01,0.14,1.0,0.28
mpc,ground_truth,curvy,400.0,0.05,0.1,1.0,103.31267485395074,48.7764892578125,130.62286376953125,17.19829029888366,1.1463068900371205,0.0015614297524857157,0.0017036241493233462,0.0015614297524857157,0.0017036241493233462,-0.007383780088275671,0.0010045222006738186,0.7406227588653564,0.0,18.34459718892078,344,338,4.216049671173096,RoadOption.STRAIGHT,38.56059265136719,130.56729125976562,3.1471855581950687,2.8,1.2,4.5,3.0,10.0,0.6,0.01,0.06,0.55,0.16,0.2,0.35,1.5,12,10.0,14.0,0.9,1.2,0.6,0.01,0.06,0.65,0.3,0.72,0.005,0.38,0.22,0.01,0.14,1.0,0.28
mpc,ground_truth,curvy,400.0,0.05,0.1,1.0,103.3626748546958,47.912899017333984,130.6182861328125,17.32108017328948,1.148517015631299,0.00131720287961129,0.0004359594704457237,0.00131720287961129,0.0004359594704457237,-0.003253949573263526,0.004129830515012145,0.7417623400688171,0.0,18.46959718892078,345,339,4.352447509765625,RoadOption.STRAIGHT,37.56060791015625,130.5616912841797,3.1471855581950687,2.8,1.2,4.5,3.0,10.0,0.6,0.01,0.06,0.55,0.16,0.2,0.35,1.5,12,10.0,14.0,0.9,1.2,0.6,0.01,0.06,0.65,0.3,0.72,0.005,0.38,0.22,0.01,0.14,1.0,0.28
mpc,ground_truth,curvy,400.0,0.05,0.1,1.0,103.41267485544086,47.04316711425781,130.61410522460938,17.443985541912863,1.150611647007917,0.0006266455916870625,-0.0008623315609685989,0.0006266455916870625,0.0008623315609685989,0.0015399596886709332,0.004793909261934459,0.7428805232048035,0.0,18.59459718892078,346,340,4.482706069946289,RoadOption.STRAIGHT,36.56062316894531,130.5561065673828,3.1471855581950687,2.8,1.2,4.5,3.0,10.0,0.6,0.01,0.06,0.55,0.16,0.2,0.35,1.5,12,10.0,14.0,0.9,1.2,0.6,0.01,0.06,0.65,0.3,0.72,0.005,0.38,0.22,0.01,0.14,1.0,0.28
mpc,ground_truth,curvy,400.0,0.05,0.1,1.0,103.46267485618591,46.16728973388672,130.60995483398438,17.56684324337296,1.1527539455478184,-0.0001135411357218799,-0.001628523006584004,0.0001135411357218799,0.001628523006584004,0.005038328468799591,0.003498368780128658,0.7442231178283691,0.0,18.71959718892078,347,341,4.6068196296691895,RoadOption.STRAIGHT,35.560638427734375,130.55050659179688,3.1471855581950687,2.8,1.2,4.5,3.0,10.0,0.6,0.01,0.06,0.55,0.16,0.2,0.35,1.5,12,10.0,14.0,0.9,1.2,0.6,0.01,0.06,0.65,0.3,0.72,0.005,0.38,0.22,0.01,0.14,1.0,0.28
mpc,ground_truth,curvy,400.0,0.05,0.1,1.0,103.51267485693097,45.28527069091797,130.6055450439453,17.689624056031032,1.1549731328897472,-0.0006439406104981026,-0.0016090819306260329,0.0006439406104981026,0.0016090819306260329,0.005749047268182039,0.0007107187993824482,0.7456468939781189,0.0,18.84459718892078,348,342,4.724790096282959,RoadOption.STRAIGHT,34.56065368652344,130.544921875,3.1471855581950687,2.8,1.2,4.5,3.0,10.0,0.6,0.01,0.06,0.55,0.16,0.2,0.35,1.5,12,10.0,14.0,0.9,1.2,0.6,0.01,0.06,0.65,0.3,0.72,0.005,0.38,0.22,0.01,0.14,1.0,0.28
mpc,ground_truth,curvy,400.0,0.05,0.1,1.0,103.56267485767603,44.39712142944336,130.60067749023438,17.81243893994544,1.157158248975339,-0.0007356319062199294,-0.0009286442721112564,0.0007356319062199294,0.0009286442721112564,0.004000902641564608,-0.0017481446266174316,0.7469170689582825,0.0,18.96959718892078,349,343,4.8366241455078125,RoadOption.STRAIGHT,33.560672760009766,130.53932189941406,3.1471855581950687,2.8,1.2,4.5,3.0,10.0,0.6,0.01,0.06,0.55,0.16,0.2,0.35,1.5,12,10.0,14.0,0.9,1.2,0.6,0.01,0.06,0.65,0.3,0.72,0.005,0.38,0.22,0.01,0.14,1.0,0.28
mpc,ground_truth,curvy,400.0,0.05,0.1,1.0,103.61267485842109,43.50282669067383,130.5954132080078,17.935336223225335,1.1592609656954451,-0.0004802089956080398,2.929477199042907e-05,0.0004802089956080398,2.929477199042907e-05,0.0007644997676834464,-0.003236402873881161,0.7480798363685608,0.0,19.09459718892078,350,344,4.942314147949219,RoadOption.STRAIGHT,32.56068801879883,130.5337371826172,3.1471855581950687,2.8,1.2,4.5,3.0,10.0,0.6,0.01,0.06,0.55,0.16,0.2,0.35,1.5,12,10.0,14.0,0.9,1.2,0.6,0.01,0.06,0.65,0.3,0.72,0.005,0.38,0.22,0.01,0.14,1.0,0.28
mpc,ground_truth,curvy,400.0,0.05,0.1,1.0,103.66267485916615,42.602386474609375,130.5899200439453,18.05825892795915,1.161338260961628,-3.027871790132336e-05,0.0008221178285072739,3.027871790132336e-05,0.0008221178285072739,-0.002310647629201412,-0.0030751473968848586,0.749295711517334,0.0,19.21959718892078,350,345,5.041857719421387,RoadOption.STRAIGHT,32.56068801879883,130.5337371826172,3.1471855581950687,2.8,1.2,4.5,3.0,10.0,0.6,0.01,0.06,0.55,0.16,0.2,0.35,1.5,12,10.0,14.0,0.9,1.2,0.6,0.01,0.06,0.65,0.3,0.72,0.005,0.38,0.22,0.01,0.14,1.0,0.28
mpc,ground_truth,curvy,400.0,0.05,0.1,1.0,103.7126748599112,41.695804595947266,130.5844268798828,18.181146066769724,1.1634511221510557,0.00039239990018088283,0.001137169785463854,0.00039239990018088283,0.001137169785463854,-0.003910870291292667,-0.0016002226620912552,0.750606119632721,0.0,19.34459718892078,351,345,4.135259628295898,RoadOption.STRAIGHT,31.56070327758789,130.52813720703125,3.1471855581950687,2.8,1.2,4.5,3.0,10.0,0.6,0.01,0.06,0.55,0.16,0.2,0.35,1.5,12,10.0,14.0,0.9,1.2,0.6,0.01,0.06,0.65,0.3,0.72,0.005,0.38,0.22,0.01,0.14,1.0,0.28
mpc,ground_truth,curvy,400.0,0.05,0.1,1.0,103.76267486065626,40.78307342529297,130.57913208007812,18.304024487653948,1.1404199567904953,0.0005904857948059519,0.0009147958344417617,0.0005904857948059519,0.0009147958344417617,-0.0035211313515901566,0.00038973893970251083,0.7066145539283752,0.0,19.444444444444443,352,346,4.222513198852539,RoadOption.STRAIGHT,30.560718536376953,130.52255249023438,3.1471855581950687,2.8,1.2,4.5,3.0,10.0,0.6,0.01,0.06,0.55,0.16,0.2,0.35,1.5,12,10.0,14.0,0.9,1.2,0.6,0.01,0.06,0.65,0.3,0.72,0.005,0.38,0.22,0.01,0.14,1.0,0.28
mpc,ground_truth,curvy,400.0,0.05,0.1,1.0,103.81267486140132,39.86429214477539,130.57406616210938,18.42259354938925,1.0218508950551914,0.0005105973719448584,0.00033582461345815773,0.0005105973719448584,0.00033582461345815773,-0.0018150730757042766,0.00170605827588588,0.5208276510238647,0.0,19.444444444444443,353,347,4.303718566894531,RoadOption.STRAIGHT,29.560733795166016,130.51695251464844,3.1471855581950687,2.8,1.2,4.5,3.0,10.0,0.6,0.01,0.06,0.55,0.16,0.2,0.35,1.5,12,10.0,14.0,0.9,1.2,0.6,0.01,0.06,0.65,0.3,0.72,0.005,0.38,0.22,0.01,0.14,1.0,0.28
mpc,ground_truth,curvy,400.0,0.05,0.1,1.0,103.86267486214638,38.94013977050781,130.56918334960938,18.51780574444826,0.9266386999961824,0.00023282503620186343,-0.00030253509983335647,0.00023282503620186343,0.00030253509983335647,0.0005222389590926468,0.0023373120347969234,0.4917285740375519,0.0,19.444444444444443,354,348,4.37955379486084,RoadOption.STRAIGHT,28.560749053955078,130.51136779785156,3.1471855581950687,2.8,1.2,4.5,3.0,10.0,0.6,0.01,0.06,0.55,0.16,0.2,0.35,1.5,12,10.0,14.0,0.9,1.2,0.6,0.01,0.06,0.65,0.3,0.72,0.005,0.38,0.22,0.01,0.14,1.0,0.28
mpc,ground_truth,curvy,400.0,0.05,0.1,1.0,103.91267486289144,38.0125846862793,130.56431579589844,18.56890880657734,0.8755356378671024,-9.451666848438525e-05,-0.0007166566493399529,9.451666848438525e-05,0.0007166566493399529,0.0021551172249019146,0.0016328782658092678,0.5139977335929871,0.0,19.444444444444443,355,349,4.451982498168945,RoadOption.STRAIGHT,27.56076431274414,130.50576782226562,3.1471855581950687,2.8,1.2,4.5,3.0,10.0,0.6,0.01,0.06,0.55,0.16,0.2,0.35,1.5,12,10.0,14.0,0.9,1.2,0.6,0.01,0.06,0.65,0.3,0.72,0.005,0.38,0.22,0.01,0.14,1.0,0.28
mpc,ground_truth,curvy,400.0,0.05,0.1,1.0,103.9626748636365,37.083534240722656,130.5593719482422,18.587489090304395,0.8569553541400481,-0.0003386491052332491,-0.0007659251295066838,0.0003386491052332491,0.0007659251295066838,0.0027546349447220564,0.0005995177198201418,0.5418768525123596,0.0,19.444444444444443,356,350,4.522919654846191,RoadOption.STRAIGHT,26.560779571533203,130.50018310546875,3.1471855581950687,2.8,1.2,4.5,3.0,10.0,0.6,0.01,0.06,0.55,0.16,0.2,0.35,1.5,12,10.0,14.0,0.9,1.2,0.6,0.01,0.06,0.65,0.3,0.72,0.005,0.38,0.22,0.01,0.14,1.0,0.28
mpc,ground_truth,curvy,400.0,0.05,0.1,1.0,104.01267486438155,36.15412139892578,130.5542449951172,18.589016292749296,0.855428151695147,-0.00041696432449280646,-0.0004812332089780824,0.00041696432449280646,0.0004812332089780824,0.0019856737926602364,-0.00076896115206182,0.5614242553710938,0.0,19.444444444444443,357,351,4.59349250793457,RoadOption.STRAIGHT,25.560794830322266,130.4945831298828,3.1471855581950687,2.8,1.2,4.5,3.0,10.0,0.6,0.01,0.06,0.55,0.16,0.2,0.35,1.5,12,10.0,14.0,0.9,1.2,0.6,0.01,0.06,0.65,0.3,0.72,0.005,0.38,0.22,0.01,0.14,1.0,0.28
mpc,ground_truth,curvy,400.0,0.05,0.1,1.0,104.06267486512661,35.22486114501953,130.54893493652344,18.584061232102634,0.8603832123418087,-0.0002960649833394814,-3.568635860773384e-05,0.0002960649833394814,3.568635860773384e-05,0.0006022032466717064,-0.00138347054598853,0.5721759796142578,0.0,19.444444444444443,358,352,4.664217472076416,RoadOption.STRAIGHT,24.56081199645996,130.48899841308594,3.1471855581950687,2.8,1.2,4.5,3.0,10.0,0.6,0.01,0.06,0.55,0.16,0.2,0.35,1.5,12,10.0,14.0,0.9,1.2,0.6,0.01,0.06,0.65,0.3,0.72,0.005,0.38,0.22,0.01,0.14,1.0,0.28
mpc,ground_truth,curvy,400.0,0.05,0.1,1.0,104.11267486587167,34.29588317871094,130.54351806640625,18.57801496519683,0.8664294792476142,-8.203554034487762e-05,0.00035926043105138916,8.203554034487762e-05,0.00035926043105138916,-0.0009395840461365879,-0.0015417872928082943,0.5771132111549377,0.0,19.444444444444443,359,353,4.73522424697876,RoadOption.STRAIGHT,23.560827255249023,130.4833984375,3.1471855581950687,2.8,1.2,4.5,3.0,10.0,0.6,0.01,0.06,0.55,0.16,0.2,0.35,1.5,12,10.0,14.0,0.9,1.2,0.6,0.01,0.06,0.65,0.3,0.72,0.005,0.38,0.22,0.01,0.14,1.0,0.28
mpc,ground_truth,curvy,400.0,0.05,0.1,1.0,104.16267486661673,33.3671760559082,130.53810119628906,18.57296251125137,0.8714819331930741,0.0001487672470548776,0.0005427522301584276,0.0001487672470548776,0.0005427522301584276,-0.0017449051374569535,-0.0008053210913203657,0.5789521336555481,0.0,19.444444444444443,360,354,4.806501865386963,RoadOption.STRAIGHT,22.560842514038086,130.47779846191406,3.1471855581950687,2.8,1.2,4.5,3.0,10.0,0.6,0.01,0.06,0.55,0.16,0.2,0.35,1.5,12,10.0,14.0,0.9,1.2,0.6,0.01,0.06,0.65,0.3,0.72,0.005,0.38,0.22,0.01,0.14,1.0,0.28
mpc,ground_truth,curvy,400.0,0.05,0.1,1.0,104.21267486736178,32.43867111206055,130.5327911376953,18.569350577950576,0.8750938664938666,0.00025863239287864104,0.00046951530018013443,0.00025863239287864104,0.00046951530018013443,-0.0017918593948706985,-4.6954257413744926e-05,0.5793906450271606,0.0,19.444444444444443,361,355,4.877982139587402,RoadOption.STRAIGHT,21.56085777282715,130.4722137451172,3.1471855581950687,2.8,1.2,4.5,3.0,10.0,0.6,0.01,0.06,0.55,0.16,0.2,0.35,1.5,12,10.0,14.0,0.9,1.2,0.6,0.01,0.06,0.65,0.3,0.72,0.005,0.38,0.22,0.01,0.14,1.0,0.28
mpc,ground_truth,curvy,400.0,0.05,0.1,1.0,104.26267486810684,31.51030158996582,130.52761840820312,18.566993970007626,0.8774504744368166,0.00024718653240959204,0.00020719393280810294,0.00024718653240959204,0.00020719393280810294,-0.0009525999776087701,0.0008392594172619283,0.579298198223114,0.0,19.444444444444443,362,356,4.94959831237793,RoadOption.STRAIGHT,20.56087303161621,130.46661376953125,3.1471855581950687,2.8,1.2,4.5,3.0,10.0,0.6,0.01,0.06,0.55,0.16,0.2,0.35,1.5,12,10.0,14.0,0.9,1.2,0.6,0.01,0.06,0.65,0.3,0.72,0.005,0.38,0.22,0.01,0.14,1.0,0.28
mpc,ground_truth,curvy,400.0,0.05,0.1,1.0,104.3126748688519,30.58202362060547,130.52252197265625,18.56554514951326,0.878899294931184,0.00014470141251342328,-0.00010040117309628727,0.00014470141251342328,0.00010040117309628727,2.541502908570692e-05,0.000978015006694477,0.5790781378746033,0.0,19.444444444444443,362,357,5.021306991577148,RoadOption.STRAIGHT,20.56087303161621,130.46661376953125,3.1471855581950687,2.8,1.2,4.5,3.0,10.0,0.6,0.01,0.06,0.55,0.16,0.2,0.35,1.5,12,10.0,14.0,0.9,1.2,0.6,0.01,0.06,0.65,0.3,0.72,0.005,0.38,0.22,0.01,0.14,1.0,0.28
mpc,ground_truth,curvy,400.0,0.05,0.1,1.0,104.36267486959696,29.653791427612305,130.51748657226562,18.564685774308586,0.8797586701358568,-1.1463993185221316e-05,-0.0003198456469188926,1.1463993185221316e-05,0.0003198456469188926,0.0008919232641346753,0.0008665082350489683,0.5788864493370056,0.0,19.444444444444443,363,357,4.0930609703063965,RoadOption.STRAIGHT,19.560890197753906,130.46102905273438,3.1471855581950687,2.8,1.2,4.5,3.0,10.0,0.6,0.01,0.06,0.55,0.16,0.2,0.35,1.5,12,10.0,14.0,0.9,1.2,0.6,0.01,0.06,0.65,0.3,0.72,0.005,0.38,0.22,0.01,0.14,1.0,0.28
mpc,ground_truth,curvy,400.0,0.05,0.1,1.0,104.41267487034202,28.72559356689453,130.51242065429688,18.56418731582824,0.8802571286162042,-0.0001287702933957767,-0.0003755057137020401,0.0001287702933957767,0.0003755057137020401,0.0013217873638495803,0.000429864099714905,0.5787523984909058,0.0,19.444444444444443,364,358,4.1648478507995605,RoadOption.STRAIGHT,18.560895919799805,130.45542907714844,3.1471855581950687,2.8,1.2,4.5,3.0,10.0,0.6,0.01,0.06,0.55,0.16,0.2,0.35,1.5,12,10.0,14.0,0.9,1.2,0.6,0.01,0.06,0.65,0.3,0.72,0.005,0.38,0.22,0.01,0.14,1.0,0.28
mpc,ground_truth,curvy,400.0,0.05,0.1,1.0,104.46267487108707,27.797409057617188,130.5072784423828,18.563903452546,0.8805409918984424,-0.00018495705145474967,-0.0002639192640270238,0.00018495705145474967,0.0002639192640270238,0.0010537528432905674,-0.0002680345205590129,0.5786652565002441,0.0,19.444444444444443,365,359,4.236649513244629,RoadOption.STRAIGHT,17.56505584716797,130.44969177246094,3.14797438650995,2.8,1.2,4.5,3.0,10.0,0.6,0.01,0.06,0.55,0.16,0.2,0.35,1.5,12,10.0,14.0,0.9,1.2,0.6,0.01,0.06,0.65,0.3,0.72,0.005,0.38,0.22,0.01,0.14,1.0,0.28
mpc,ground_truth,curvy,400.0,0.05,0.1,1.0,104.51267487183213,26.86923599243164,130.50204467773438,18.563748077092626,0.8806963673518169,-0.00014952850166636764,-5.672533121892087e-05,0.00014952850166636764,5.672533121892087e-05,0.000360436417395249,-0.0006933164258953184,0.5786042809486389,0.0,19.444444444444443,366,360,4.308462142944336,RoadOption.STRAIGHT,16.57558250427246,130.4423828125,3.1499744204885998,2.8,1.2,4.5,3.0,10.0,0.6,0.01,0.06,0.55,0.16,0.2,0.35,1.5,12,10.0,14.0,0.9,1.2,0.6,0.01,0.06,0.65,0.3,0.72,0.005,0.38,0.22,0.01,0.14,1.0,0.28
mpc,ground_truth,curvy,400.0,0.05,0.1,1.0,104.56267487257719,25.94106674194336,130.49676513671875,18.563662681414264,0.8807817630301784,-5.304441510642355e-05,0.00013875069279301044,5.304441510642355e-05,0.00013875069279301044,-0.00027583856717683375,-0.0006362749845720828,0.5785715579986572,0.0,19.444444444444443,367,361,4.38027811050415,RoadOption.STRAIGHT,15.586126327514648,130.43312072753906,3.15197418815114,2.8,1.2,4.5,3.0,10.0,0.6,0.01,0.06,0.55,0.16,0.2,0.35,1.5,12,10.0,14.0,0.9,1.2,0.6,0.01,0.06,0.65,0.3,0.72,0.005,0.38,0.22,0.01,0.14,1.0,0.28
mpc,ground_truth,curvy,400.0,0.05,0.1,1.0,104.61267487332225,25.01290512084961,130.49147033691406,18.563611781106225,0.880832663338218,4.348234170687207e-05,0.00024714134915893027,4.348234170687207e-05,0.00024714134915893027,-0.0008160948636941612,-0.0005402562965173274,0.5785606503486633,0.0,19.444444444444443,368,362,4.452101707458496,RoadOption.STRAIGHT,14.596691131591797,130.42184448242188,3.1539742221297895,2.8,1.2,4.5,3.0,10.0,0.6,0.01,0.06,0.55,0.16,0.2,0.35,1.5,12,10.0,14.0,0.9,1.2,0.6,0.01,0.06,0.65,0.3,0.72,0.005,0.38,0.22,0.01,0.14,1.0,0.28
mpc,ground_truth,curvy,400.0,0.05,0.1,1.0,104.6626748740673,24.08474349975586,130.48622131347656,18.563580882532786,0.8808635619116565,0.00010948133013438319,0.00023329291149032372,0.00010948133013438319,0.00023329291149032372,-0.0008087185560725629,7.376307621598244e-06,0.5785552263259888,0.0,19.444444444444443,369,363,4.523923873901367,RoadOption.STRAIGHT,13.607279777526855,130.40863037109375,3.155974256108439,2.8,1.2,4.5,3.0,10.0,0.6,0.01,0.06,0.55,0.16,0.2,0.35,1.5,12,10.0,14.0,0.9,1.2,0.6,0.01,0.06,0.65,0.3,0.72,0.005,0.38,0.22,0.01,0.14,1.0,0.28
mpc,ground_truth,curvy,400.0,0.05,0.1,1.0,104.71267487481236,23.156583786010742,130.48101806640625,18.56356169202553,0.8808827524189127,0.00011452078986037492,0.00012543488734273467,0.00011452078986037492,0.00012543488734273467,-0.00011942868150072172,0.0006892898745718412,0.5785526633262634,0.0,19.444444444444443,370,364,4.595759391784668,RoadOption.STRAIGHT,12.617897033691406,130.39340209960938,3.1579742900870884,2.8,1.2,4.5,3.0,10.0,0.6,0.01,0.06,0.55,0.16,0.2,0.35,1.5,12,10.0,14.0,0.9,1.2,0.6,0.01,0.06,0.65,0.3,0.72,0.005,0.38,0.22,0.01,0.14,1.0,0.28
mpc,ground_truth,curvy,400.0,0.05,0.1,1.0,104.76267487555742,22.228422164916992,130.47584533691406,18.563552833243776,0.8808916112006671,0.003607124460028678,-0.0007717840839047696,0.003607124460028678,0.0007717840839047696,0.003241695463657379,0.003361124145158101,0.5785455703735352,0.0,19.444444444444443,371,365,4.663440227508545,RoadOption.STRAIGHT,11.628546714782715,130.37619018554688,3.1599743240657383,2.8,1.2,4.5,3.0,10.0,0.6,0.01,0.06,0.55,0.16,0.2,0.35,1.5,12,10.0,14.0,0.9,1.2,0.6,0.01,0.06,0.65,0.3,0.72,0.005,0.38,0.22,0.01,0.14,1.0,0.28
mpc,ground_truth,curvy,400.0,0.05,0.1,1.0,104.81267487630248,21.300260543823242,130.4703826904297,18.563516396104262,0.8809280483401807,0.011601791927575635,-0.002583798889595812,0.011601791927575635,0.002583798889595812,0.002508200705051422,-0.000733494758605957,0.5786005258560181,0.0,19.444444444444443,372,366,4.724761486053467,RoadOption.STRAIGHT,10.639232635498047,130.3570098876953,3.1619743580443878,2.8,1.2,4.5,3.0,10.0,0.6,0.01,0.06,0.55,0.16,0.2,0.35,1.5,12,10.0,14.0,0.9,1.2,0.6,0.01,0.06,0.65,0.3,0.72,0.005,0.38,0.22,0.01,0.14,1.0,0.28
mpc,ground_truth,curvy,400.0,0.05,0.1,1.0,104.86267487704754,20.372100830078125,130.46458435058594,18.563509495805544,0.8809349486388989,0.01822293967570897,-0.004132693379585106,0.01822293967570897,0.004132693379585106,0.0010848150122910738,-0.0014233856927603483,0.578569233417511,0.0,19.444444444444443,373,367,4.786078453063965,RoadOption.STRAIGHT,9.640340805053711,130.3365020751953,3.1621453329863707,2.8,1.2,4.5,3.0,10.0,0.6,0.01,0.06,0.55,0.16,0.2,0.35,1.5,12,10.0,14.0,0.9,1.2,0.6,0.01,0.06,0.65,0.3,0.72,0.005,0.38,0.22,0.01,0.14,1.0,0.28
mpc,ground_truth,curvy,400.0,0.05,0.1,1.0,104.9126748777926,19.443944931030273,130.45855712890625,18.563521645057335,0.8809227993871076,0.023305239267086386,-0.005673598386304768,0.023305239267086386,0.005673598386304768,0.0005906798760406673,-0.0004941351362504065,0.5785390734672546,0.0,19.444444444444443,374,368,4.847393035888672,RoadOption.STRAIGHT,8.640128135681152,130.31594848632812,3.162064639205341,2.8,1.2,4.5,3.0,10.0,0.6,0.01,0.06,0.55,0.16,0.2,0.35,1.5,12,10.0,14.0,0.9,1.2,0.6,0.01,0.06,0.65,0.3,0.72,0.005,0.38,0.22,0.01,0.14,1.0,0.28
mpc,ground_truth,curvy,400.0,0.05,0.1,1.0,104.96267487853765,18.515789031982422,130.45236206054688,18.563533856574786,0.880910587869657,0.0268626286366001,-0.007310377192267126,0.0268626286366001,0.007310377192267126,0.0022444948554039,0.0016538149793632329,0.5785316824913025,0.0,19.444444444444443,375,369,4.90870475769043,RoadOption.STRAIGHT,7.629819393157959,130.29627990722656,3.1600646052266916,2.8,1.2,4.5,3.0,10.0,0.6,0.01,0.06,0.55,0.16,0.2,0.35,1.5,12,10.0,14.0,0.9,1.2,0.6,0.01,0.06,0.65,0.3,0.72,0.005,0.38,0.22,0.01,0.14,1.0,0.28
mpc,ground_truth,curvy,400.0,0.05,0.1,1.0,105.01267487928271,17.587636947631836,130.44580078125,18.563524183892728,0.880920260551715,0.02901718052876539,-0.00889415909253799,0.02901718052876539,0.00889415909253799,0.004933721385896206,0.0026892265304923058,0.5785637497901917,0.0,19.444444444444443,376,370,4.9700164794921875,RoadOption.STRAIGHT,6.619473934173584,130.2786407470703,3.158064571248042,2.8,1.2,4.5,3.0,10.0,0.6,0.01,0.06,0.55,0.16,0.2,0.35,1.5,12,10.0,14.0,0.9,1.2,0.6,0.01,0.06,0.65,0.3,0.72,0.005,0.38,0.22,0.01,0.14,1.0,0.28
mpc,ground_truth,curvy,400.0,0.05,0.1,1.0,105.06267488002777,16.65949058532715,130.43856811523438,18.563466542166932,0.880977902277511,0.03010455303746217,-0.010163421668069716,0.03010455303746217,0.010163421668069716,0.007822410203516483,0.0028886888176202774,0.5786558985710144,0.0,19.444444444444443,376,371,5.0313310623168945,RoadOption.STRAIGHT,6.619473934173584,130.2786407470703,3.158064571248042,2.8,1.2,4.5,3.0,10.0,0.6,0.01,0.06,0.55,0.16,0.2,0.35,1.5,12,10.0,14.0,0.9,1.2,0.6,0.01,0.06,0.65,0.3,0.72,0.005,0.38,0.22,0.01,0.14,1.0,0.28
mpc,ground_truth,curvy,400.0,0.05,0.1,1.0,105.11267488077283,15.731358528137207,130.43028259277344,18.56334468080404,0.8810997636404032,0.02132901886469009,-0.008904545420788779,0.02132901886469009,0.008904545420788779,0.012393459677696228,0.004571049474179745,0.5788061022758484,0.0,19.444444444444443,377,371,4.103168964385986,RoadOption.STRAIGHT,5.609095096588135,130.26300048828125,3.1560645372693927,2.8,1.2,4.5,3.0,10.0,0.6,0.01,0.06,0.55,0.16,0.2,0.35,1.5,12,10.0,14.0,0.9,1.2,0.6,0.01,0.06,0.65,0.3,0.72,0.005,0.38,0.22,0.01,0.14,1.0,0.28
mpc,ground_truth,curvy,400.0,0.05,0.1,1.0,105.16267488151789,14.803255081176758,130.4203643798828,18.563058839712085,0.8813856047323583,0.02152266545611306,-0.008855010624513326,0.02152266545611306,0.008855010624513326,0.010266824625432491,-0.0021266350522637367,0.5791743993759155,0.0,19.444444444444443,378,372,4.164504528045654,RoadOption.STRAIGHT,4.598687171936035,130.24937438964844,3.1540645032907433,2.8,1.2,4.5,3.0,10.0,0.6,0.01,0.06,0.55,0.16,0.2,0.35,1.5,12,10.0,14.0,0.9,1.2,0.6,0.01,0.06,0.65,0.3,0.72,0.005,0.38,0.22,0.01,0.14,1.0,0.28
mpc,ground_truth,curvy,400.0,0.05,0.1,1.0,105.21267488226295,13.875179290771484,130.40867614746094,18.56301672245941,0.8814277219850339,0.014872321032740513,-0.0064805361965989405,0.014872321032740513,0.0064805361965989405,0.006269826088100672,-0.0039969985373318195,0.5789071917533875,0.0,19.444444444444443,379,373,4.235454082489014,RoadOption.STRAIGHT,3.5882537364959717,130.23777770996094,3.152064469312094,2.8,1.2,4.5,3.0,10.0,0.6,0.01,0.06,0.55,0.16,0.2,0.35,1.5,12,10.0,14.0,0.9,1.2,0.6,0.01,0.06,0.65,0.3,0.72,0.005,0.38,0.22,0.01,0.14,1.0,0.28
mpc,ground_truth,curvy,400.0,0.05,0.1,1.0,105.262674883008,12.947117805480957,130.39544677734375,18.563169589779168,0.8812748546652749,0.008684839161711047,-0.003964381598692057,0.008684839161711047,0.003964381598692057,0.001362955546937883,-0.004906870541162789,0.5785814523696899,0.0,19.444444444444443,380,374,4.307723522186279,RoadOption.STRAIGHT,2.577799081802368,130.22821044921875,3.150064701649553,2.8,1.2,4.5,3.0,10.0,0.6,0.01,0.06,0.55,0.16,0.2,0.35,1.5,12,10.0,14.0,0.9,1.2,0.6,0.01,0.06,0.65,0.3,0.72,0.005,0.38,0.22,0.01,0.14,1.0,0.28
mpc,ground_truth,curvy,400.0,0.05,0.1,1.0,105.31267488375306,12.019062042236328,130.3810577392578,18.563360239908977,0.8810842045354654,-0.003690101582666236,-0.00015686018820559866,0.003690101582666236,0.00015686018820559866,-0.0012946291826665401,-0.002657584729604423,0.5784217715263367,0.0,19.444444444444443,381,375,4.390061855316162,RoadOption.STRAIGHT,1.567327618598938,130.2206573486328,3.1480646676709036,2.8,1.2,4.5,3.0,10.0,0.6,0.01,0.06,0.55,0.16,0.2,0.35,1.5,12,10.0,14.0,0.9,1.2,0.6,0.01,0.06,0.65,0.3,0.72,0.005,0.38,0.22,0.01,0.14,1.0,0.28
mpc,ground_truth,curvy,400.0,0.05,0.1,1.0,105.36267488449812,11.09101676940918,130.36578369140625,18.563476722710384,0.8809677217340592,-0.013479567905388859,0.002858370797982346,0.013479567905388859,0.002858370797982346,-0.0013186419382691383,-2.401275560259819e-05,0.5784408450126648,0.0,19.444444444444443,382,376,4.4723920822143555,RoadOption.STRAIGHT,0.5656337141990662,130.2144775390625,3.14773816412126,2.8,1.2,4.5,3.0,10.0,0.6,0.01,0.06,0.55,0.16,0.2,0.35,1.5,12,10.0,14.0,0.9,1.2,0.6,0.01,0.06,0.65,0.3,0.72,0.005,0.38,0.22,0.01,0.14,1.0,0.28
mpc,ground_truth,curvy,400.0,0.05,0.1,1.0,105.41267488524318,10.162979125976562,130.3497772216797,18.563529869256275,0.880914575188168,-0.020866666922054536,0.005289836873224374,0.020866666922054536,0.005289836873224374,-0.0016905897064134479,-0.0003719477681443095,0.5784849524497986,0.0,19.444444444444443,383,377,4.55471134185791,RoadOption.STRAIGHT,-0.4343474507331848,130.20834350585938,-3.1354468767422174,2.8,1.2,4.5,3.0,10.0,0.6,0.01,0.06,0.55,0.16,0.2,0.35,1.5,12,10.0,14.0,0.9,1.2,0.6,0.01,0.06,0.65,0.3,0.72,0.005,0.38,0.22,0.01,0.14,1.0,0.28
mpc,ground_truth,curvy,400.0,0.05,0.1,1.0,105.46267488598824,9.234950065612793,130.3331756591797,18.563551178555272,0.8808932658891706,-0.025973477127384847,0.007348993028073458,0.025973477127384847,0.007348993028073458,-0.003081263741478324,-0.001390674035064876,0.5785104036331177,0.0,19.444444444444443,384,378,4.637020587921143,RoadOption.STRAIGHT,-1.434328556060791,130.20217895507812,-3.1354468767422174,2.8,1.2,4.5,3.0,10.0,0.6,0.01,0.06,0.55,0.16,0.2,0.35,1.5,12,10.0,14.0,0.9,1.2,0.6,0.01,0.06,0.65,0.3,0.72,0.005,0.38,0.22,0.01,0.14,1.0,0.28
mpc,ground_truth,curvy,400.0,0.05,0.1,1.0,105.5126748867333,8.306923866271973,130.31631469726562,18.56355604951775,0.8808883949266928,-0.029120540241844323,0.009063536137865924,0.029120540241844323,0.009063536137865924,-0.005307616665959358,-0.0022263529244810343,0.5785272121429443,0.0,19.444444444444443,385,379,4.719324111938477,RoadOption.STRAIGHT,-2.434309959411621,130.196044921875,-3.1354468767422174,2.8,1.2,4.5,3.0,10.0,0.6,0.01,0.06,0.55,0.16,0.2,0.35,1.5,12,10.0,14.0,0.9,1.2,0.6,0.01,0.06,0.65,0.3,0.72,0.005,0.38,0.22,0.01,0.14,1.0,0.28
mpc,ground_truth,curvy,400.0,0.05,0.1,1.0,105.56267488747835,7.378896713256836,130.29965209960938,18.563519239574156,0.8809252048702874,-0.03076444322762875,0.010340255564450729,0.03076444322762875,0.010340255564450729,-0.007672599051147699,-0.002364982385188341,0.5785992741584778,0.0,19.444444444444443,386,380,4.801630020141602,RoadOption.STRAIGHT,-3.434290885925293,130.18988037109375,-3.1354468767422174,2.8,1.2,4.5,3.0,10.0,0.6,0.01,0.06,0.55,0.16,0.2,0.35,1.5,12,10.0,14.0,0.9,1.2,0.6,0.01,0.06,0.65,0.3,0.72,0.005,0.38,0.22,0.01,0.14,1.0,0.28
mpc,ground_truth,curvy,400.0,0.05,0.1,1.0,105.61267488822341,6.450860977172852,130.2836456298828,18.563430358049484,0.8810140863949592,-0.03138088604652093,0.011077951186402757,0.03138088604652093,0.011077951186402757,-0.007700134068727493,-2.753501757979393e-05,0.5787150859832764,0.0,19.444444444444443,387,381,4.88394021987915,RoadOption.STRAIGHT,-4.434271812438965,130.18374633789062,-3.1354468767422174,2.8,1.2,4.5,3.0,10.0,0.6,0.01,0.06,0.55,0.16,0.2,0.35,1.5,12,10.0,14.0,0.9,1.2,0.6,0.01,0.06,0.65,0.3,0.72,0.005,0.38,0.22,0.01,0.14,1.0,0.28
mpc,ground_truth,curvy,400.0,0.05,0.1,1.0,105.66267488896847,5.522815227508545,130.26861572265625,18.563369690352353,0.88107475409209,-0.023672941833425016,0.00972240219155207,0.023672941833425016,0.00972240219155207,-0.0074487184174358845,0.0002514156512916088,0.5787176489830017,0.0,19.444444444444443,388,382,4.957477569580078,RoadOption.STRAIGHT,-5.434253215789795,130.1776123046875,-3.1354468767422174,2.8,1.2,4.5,3.0,10.0,0.6,0.01,0.06,0.55,0.16,0.2,0.35,1.5,12,10.0,14.0,0.9,1.2,0.6,0.01,0.06,0.65,0.3,0.72,0.005,0.38,0.22,0.01,0.14,1.0,0.28
mpc,ground_truth,curvy,400.0,0.05,0.1,1.0,105.71267488971353,4.594752311706543,130.2547149658203,18.563336552809513,0.8811078916349295,-0.015463053907947458,0.007813182006074726,0.015463053907947458,0.007813182006074726,-0.009163602255284786,-0.0017148838378489017,0.5787044763565063,0.0,19.444444444444443,388,383,5.029314041137695,RoadOption.STRAIGHT,-5.434253215789795,130.1776123046875,-3.1354468767422174,2.8,1.2,4.5,3.0,10.0,0.6,0.01,0.06,0.55,0.16,0.2,0.35,1.5,12,10.0,14.0,0.9,1.2,0.6,0.01,0.06,0.65,0.3,0.72,0.005,0.38,0.22,0.01,0.14,1.0,0.28
mpc,ground_truth,curvy,400.0,0.05,0.1,1.0,105.76267489045858,3.6666712760925293,130.24232482910156,18.563239691332033,0.8812047531124101,-0.008776894215328415,0.00564803203983999,0.008776894215328415,0.00564803203983999,-0.009133711457252502,2.9890798032283783e-05,0.5788390636444092,0.0,19.444444444444443,389,383,4.101160049438477,RoadOption.STRAIGHT,-6.434234142303467,130.17144775390625,-3.1354468767422174,2.8,1.2,4.5,3.0,10.0,0.6,0.01,0.06,0.55,0.16,0.2,0.35,1.5,12,10.0,14.0,0.9,1.2,0.6,0.01,0.06,0.65,0.3,0.72,0.005,0.38,0.22,0.01,0.14,1.0,0.28
mpc,ground_truth,curvy,400.0,0.05,0.1,1.0,105.81267489120364,2.738572597503662,130.23167419433594,18.563165594382124,0.8812788500623192,-0.003849124378669893,0.00326263865145604,0.003849124378669893,0.00326263865145604,-0.006876419298350811,0.0022572921589016914,0.5788562297821045,0.0,19.444444444444443,390,384,4.1730055809021,RoadOption.STRAIGHT,-7.434215068817139,130.16531372070312,-3.1354468767422174,2.8,1.2,4.5,3.0,10.0,0.6,0.01,0.06,0.55,0.16,0.2,0.35,1.5,12,10.0,14.0,0.9,1.2,0.6,0.01,0.06,0.65,0.3,0.72,0.005,0.38,0.22,0.01,0.14,1.0,0.28
mpc,ground_truth,curvy,400.0,0.05,0.1,1.0,105.8626748919487,1.810455560684204,130.2227325439453,18.563205140672636,0.8812393037718067,-0.0005999006339653355,0.0009230516338214478,0.0005999006339653355,0.0009230516338214478,-0.002701802412047982,0.004174616886302829,0.5786961317062378,0.0,19.444444444444443,391,385,4.244849681854248,RoadOption.STRAIGHT,-8.434196472167969,130.15914916992188,-3.1354468767422174,2.8,1.2,4.5,3.0,10.0,0.6,0.01,0.06,0.55,0.16,0.2,0.35,1.5,12,10.0,14.0,0.9,1.2,0.6,0.01,0.06,0.65,0.3,0.72,0.005,0.38,0.22,0.01,0.14,1.0,0.28
mpc,ground_truth,curvy,400.0,0.05,0.1,1.0,105.91267489269376,0.8823210597038269,130.21519470214844,18.5633324765875,0.8811119678569419,0.001214913765763194,-0.0009614011535186151,0.001214913765763194,0.0009614011535186151,0.0013247330207377672,0.0040265354327857494,0.5785143971443176,0.0,19.444444444444443,392,386,4.316686630249023,RoadOption.STRAIGHT,-9.43417739868164,130.15301513671875,-3.1354468767422174,2.8,1.2,4.5,3.0,10.0,0.6,0.01,0.06,0.55,0.16,0.2,0.35,1.5,12,10.0,14.0,0.9,1.2,0.6,0.01,0.06,0.65,0.3,0.72,0.005,0.38,0.22,0.01,0.14,1.0,0.28
mpc,ground_truth,curvy,400.0,0.05,0.1,1.0,105.96267489343882,-0.04582679644227028,130.20863342285156,18.56344328014967,0.8810011642947728,0.002083619032538314,-0.002077531966370838,0.002083619032538314,0.002077531966370838,0.004221244715154171,0.0028965116944164038,0.5784677267074585,0.0,19.444444444444443,393,387,4.388515949249268,RoadOption.STRAIGHT,-10.434158325195312,130.14688110351562,-3.1354468767422174,2.8,1.2,4.5,3.0,10.0,0.6,0.01,0.06,0.55,0.16,0.2,0.35,1.5,12,10.0,14.0,0.9,1.2,0.6,0.01,0.06,0.65,0.3,0.72,0.005,0.38,0.22,0.01,0.14,1.0,0.28
mpc,ground_truth,curvy,400.0,0.05,0.1,1.0,106.01267489418387,-0.9739811420440674,130.2025909423828,18.563491370974962,0.880953073469481,0.0024334983168429122,-0.0023377228048713228,0.0024334983168429122,0.0023377228048713228,0.0050156912766397,0.000794446561485529,0.5785141587257385,0.0,19.444444444444443,394,388,4.460341930389404,RoadOption.STRAIGHT,-11.434139251708984,130.14071655273438,-3.1354468767422174,2.8,1.2,4.5,3.0,10.0,0.6,0.01,0.06,0.55,0.16,0.2,0.35,1.5,12,10.0,14.0,0.9,1.2,0.6,0.01,0.06,0.65,0.3,0.72,0.005,0.38,0.22,0.01,0.14,1.0,0.28
mpc,ground_truth,curvy,400.0,0.05,0.1,1.0,106.06267489492893,-1.9021378755569458,130.19676208496094,18.563508763850557,0.8809356805938862,0.002539223980806079,-0.001905491759951694,0.002539223980806079,0.001905491759951694,0.0035960921086370945,-0.0014195991680026054,0.578540563583374,0.0,19.444444444444443,395,389,4.532167434692383,RoadOption.STRAIGHT,-12.434121131896973,130.13458251953125,-3.1354468767422174,2.8,1.2,4.5,3.0,10.0,0.6,0.01,0.06,0.55,0.16,0.2,0.35,1.5,12,10.0,14.0,0.9,1.2,0.6,0.01,0.06,0.65,0.3,0.72,0.005,0.38,0.22,0.01,0.14,1.0,0.28
mpc,ground_truth,curvy,400.0,0.05,0.1,1.0,106.11267489567399,-2.8302955627441406,130.19102478027344,18.563534088015786,0.8809103564286573,0.0025839097801493953,-0.0011459582170609828,0.0025839097801493953,0.0011459582170609828,0.0013948417035862803,-0.002201250405050814,0.5785158276557922,0.0,19.444444444444443,396,390,4.603991985321045,RoadOption.STRAIGHT,-13.434102058410645,130.12844848632812,-3.1354468767422174,2.8,1.2,4.5,3.0,10.0,0.6,0.01,0.06,0.55,0.16,0.2,0.35,1.5,12,10.0,14.0,0.9,1.2,0.6,0.01,0.06,0.65,0.3,0.72,0.005,0.38,0.22,0.01,0.14,1.0,0.28
mpc,ground_truth,curvy,400.0,0.05,0.1,1.0,106.16267489641905,-3.758455514907837,130.18533325195312,18.563556393302974,0.8808880511414685,0.0025522920855724947,-0.0004327636771379595,0.0025522920855724947,0.0004327636771379595,-0.0010001424234360456,-0.002394984127022326,0.5785060524940491,0.0,19.444444444444443,397,391,4.675815105438232,RoadOption.STRAIGHT,-14.434082984924316,130.12228393554688,-3.1354468767422174,2.8,1.2,4.5,3.0,10.0,0.6,0.01,0.06,0.55,0.16,0.2,0.35,1.5,12,10.0,14.0,0.9,1.2,0.6,0.01,0.06,0.65,0.3,0.72,0.005,0.38,0.22,0.01,0.14,1.0,0.28
mpc,ground_truth,curvy,400.0,0.05,0.1,1.0,106.2126748971641,-4.68661642074585,130.17979431152344,18.563553020629865,0.8808914238145782,0.0023985975922722128,-3.3555829734854825e-05,0.0023985975922722128,3.3555829734854825e-05,-0.002162190619856119,-0.0011620481964200735,0.5785388946533203,0.0,19.444444444444443,398,392,4.747636795043945,RoadOption.STRAIGHT,-15.434063911437988,130.11614990234375,-3.1354468767422174,2.8,1.2,4.5,3.0,10.0,0.6,0.01,0.06,0.55,0.16,0.2,0.35,1.5,12,10.0,14.0,0.9,1.2,0.6,0.01,0.06,0.65,0.3,0.72,0.005,0.38,0.22,0.01,0.14,1.0,0.28
mpc,ground_truth,curvy,400.0,0.05,0.1,1.0,106.26267489790916,-5.614777565002441,130.17442321777344,18.563541314429028,0.8809031300154153,0.002077058123848931,-1.5446334322266608e-05,0.002077058123848931,1.5446334322266608e-05,-0.0019578435458242893,0.00020434707403182983,0.5785559415817261,0.0,19.444444444444443,399,393,4.819459915161133,RoadOption.STRAIGHT,-16.434045791625977,130.1099853515625,-3.1354468767422174,2.8,1.2,4.5,3.0,10.0,0.6,0.01,0.06,0.55,0.16,0.2,0.35,1.5,12,10.0,14.0,0.9,1.2,0.6,0.01,0.06,0.65,0.3,0.72,0.005,0.38,0.22,0.01,0.14,1.0,0.28
mpc,ground_truth,curvy,400.0,0.05,0.1,1.0,106.31267489865422,-6.542939186096191,130.16920471191406,18.563536167122916,0.8809082773215273,0.0015724137141476906,-0.0002559297807565031,0.0015724137141476906,0.0002559297807565031,-0.0009520106250420213,0.001005832920782268,0.5785511136054993,0.0,19.444444444444443,400,394,4.8912835121154785,RoadOption.STRAIGHT,-17.43402671813965,130.10385131835938,-3.1354468767422174,2.8,1.2,4.5,3.0,10.0,0.6,0.01,0.06,0.55,0.16,0.2,0.35,1.5,12,10.0,14.0,0.9,1.2,0.6,0.01,0.06,0.65,0.3,0.72,0.005,0.38,0.22,0.01,0.14,1.0,0.28
mpc,ground_truth,curvy,400.0,0.05,0.1,1.0,106.36267489939928,-7.471102714538574,130.16409301757812,18.56354091317764,0.880903531266803,0.0009914709389297963,-0.0005581985644806942,0.0009914709389297963,0.0005581985644806942,0.0006178466719575226,0.001569857296999544,0.5785364508628845,0.0,19.444444444444443,401,395,4.963106632232666,RoadOption.STRAIGHT,-18.43400764465332,130.09771728515625,-3.1354468767422174,2.8,1.2,4.5,3.0,10.0,0.6,0.01,0.06,0.55,0.16,0.2,0.35,1.5,12,10.0,14.0,0.9,1.2,0.6,0.01,0.06,0.65,0.3,0.72,0.005,0.38,0.22,0.01,0.14,1.0,0.28
mpc,ground_truth,curvy,400.0,0.05,0.1,1.0,106.41267490014434,-8.39926528930664,130.15895080566406,18.563543455596342,0.8809009888481008,0.00044104516550550615,-0.0007270429775916298,0.00044104516550550615,0.0007270429775916298,0.0018317587673664093,0.0012139120954088867,0.5785375237464905,0.0,19.444444444444443,401,396,5.0349297523498535,RoadOption.STRAIGHT,-18.43400764465332,130.09771728515625,-3.1354468767422174,2.8,1.2,4.5,3.0,10.0,0.6,0.01,0.06,0.55,0.16,0.2,0.35,1.5,12,10.0,14.0,0.9,1.2,0.6,0.01,0.06,0.65,0.3,0.72,0.005,0.38,0.22,0.01,0.14,1.0,0.28
mpc,ground_truth,curvy,400.0,0.05,0.1,1.0,106.4626749008894,-9.32742691040039,130.15367126464844,18.563535486809606,0.880908957634837,1.6248182956226515e-05,-0.0006538060476142249,1.6248182956226515e-05,0.0006538060476142249,0.0021223288495093584,0.0002905700821429491,0.5785549283027649,0.0,19.444444444444443,402,396,4.106753349304199,RoadOption.STRAIGHT,-19.433988571166992,130.091552734375,-3.1354468767422174,2.8,1.2,4.5,3.0,10.0,0.6,0.01,0.06,0.55,0.16,0.2,0.35,1.5,12,10.0,14.0,0.9,1.2,0.6,0.01,0.06,0.65,0.3,0.72,0.005,0.38,0.22,0.01,0.14,1.0,0.28
mpc,ground_truth,curvy,400.0,0.05,0.1,1.0,106.51267490163445,-10.25558853149414,130.14817810058594,18.56353044958285,0.8809139948615936,-0.0002137432106025551,-0.0003611246438146587,0.0002137432106025551,0.0003611246438146587,0.0013571184827014804,-0.000765210366807878,0.5785544514656067,0.0,19.444444444444443,403,397,4.178575038909912,RoadOption.STRAIGHT,-20.433969497680664,130.08541870117188,-3.1354468767422174,2.8,1.2,4.5,3.0,10.0,0.6,0.01,0.06,0.55,0.16,0.2,0.35,1.5,12,10.0,14.0,0.9,1.2,0.6,0.01,0.06,0.65,0.3,0.72,0.005,0.38,0.22,0.01,0.14,1.0,0.28
mpc,ground_truth,curvy,400.0,0.05,0.1,1.0,106.56267490237951,-11.183747291564941,130.1425018310547,18.563532694870037,0.48091174957440685,-0.00023009800850817136,1.012001214251157e-05,0.00023009800850817136,1.012001214251157e-05,0.0003903160977642983,-0.0009668023849371821,0.0,0.14145565032958984,19.044444444444444,404,398,4.250398635864258,RoadOption.STRAIGHT,-21.433950424194336,130.07928466796875,-3.1354468767422174,2.8,1.2,4.5,3.0,10.0,0.6,0.01,0.06,0.55,0.16,0.2,0.35,1.5,12,10.0,14.0,0.9,1.2,0.6,0.01,0.06,0.65,0.3,0.72,0.005,0.38,0.22,0.01,0.14,1.0,0.28
mpc,ground_truth,curvy,400.0,0.05,0.1,1.0,106.61267490312457,-12.11127758026123,130.13671875,18.53184127063091,0.11260317381353602,-0.00016629202038870652,0.0003177151180464577,0.00016629202038870652,0.0003177151180464577,-0.0008049869793467224,-0.0011953030771110207,0.0,0.3244083821773529,18.644444444444446,405,399,4.322851181030273,RoadOption.STRAIGHT,-22.433931350708008,130.0731201171875,-3.1354468767422174,2.8,1.2,4.5,3.0,10.0,0.6,0.01,0.06,0.55,0.16,0.2,0.35,1.5,12,10.0,14.0,0.9,1.2,0.6,0.01,0.06,0.65,0.3,0.72,0.005,0.38,0.22,0.01,0.14,1.0,0.28
mpc,ground_truth,curvy,400.0,0.05,0.1,1.0,106.66267490386963,-13.034080505371094,130.1309356689453,18.390673993413312,-0.14622954896886498,-4.29217527218341e-05,0.00045566686251286015,4.29217527218341e-05,0.00045566686251286015,-0.001352326013147831,-0.0005473390338011086,0.0,0.34841009974479675,18.244444444444447,406,400,4.400030136108398,RoadOption.STRAIGHT,-23.43391227722168,130.06698608398438,-3.1354468767422174,2.8,1.2,4.5,3.0,10.0,0.6,0.01,0.06,0.55,0.16,0.2,0.35,1.5,12,10.0,14.0,0.9,1.2,0.6,0.01,0.06,0.65,0.3,0.72,0.005,0.38,0.22,0.01,0.14,1.0,0.28
mpc,ground_truth,curvy,400.0,0.05,0.1,1.0,106.71267490461469,-13.946836471557617,130.12525939941406,18.158702466012613,-0.31425802156816474,3.5384987508473714e-05,0.0004037352212562517,3.5384987508473714e-05,0.0004037352212562517,-0.001253577065654099,9.874894749373198e-05,0.0,0.3404192328453064,17.84444444444445,407,401,4.487256050109863,RoadOption.STRAIGHT,-24.433895111083984,130.06082153320312,-3.1354468767422174,2.8,1.2,4.5,3.0,10.0,0.6,0.01,0.06,0.55,0.16,0.2,0.35,1.5,12,10.0,14.0,0.9,1.2,0.6,0.01,0.06,0.65,0.3,0.72,0.005,0.38,0.22,0.01,0.14,1.0,0.28
mpc,ground_truth,curvy,400.0,0.05,0.1,1.0,106.76267490535975,-14.846301078796387,130.11973571777344,17.87420916586464,-0.4297647214201916,1.2274928852591682e-05,0.00022583606043902194,1.2274928852591682e-05,0.00022583606043902194,-0.0008728436660021544,0.00038073339965194464,0.0,0.3469119966030121,17.44444444444445,408,402,4.587774276733398,RoadOption.STRAIGHT,-25.433876037597656,130.0546875,-3.1354468767422174,2.8,1.2,4.5,3.0,10.0,0.6,0.01,0.06,0.55,0.16,0.2,0.35,1.5,12,10.0,14.0,0.9,1.2,0.6,0.01,0.06,0.65,0.3,0.72,0.005,0.38,0.22,0.01,0.14,1.0,0.28
mpc,ground_truth,curvy,400.0,0.05,0.1,1.0,106.8126749061048,-15.730461120605469,130.11436462402344,17.555549968198928,-0.5111055237544768,-3.884528520350927e-05,6.1252705072512015e-06,3.884528520350927e-05,6.1252705072512015e-06,-7.274372910615057e-05,0.0008000999368960038,0.0,0.3549729585647583,17.04444444444445,409,403,4.7035980224609375,RoadOption.STRAIGHT,-26.433856964111328,130.04855346679688,-3.1354468767422174,2.8,1.2,4.5,3.0,10.0,0.6,0.01,0.06,0.55,0.16,0.2,0.35,1.5,12,10.0,14.0,0.9,1.2,0.6,0.01,0.06,0.65,0.3,0.72,0.005,0.38,0.22,0.01,0.14,1.0,0.28
mpc,ground_truth,curvy,400.0,0.05,0.1,1.0,106.86267490684986,-16.59799575805664,130.10911560058594,17.21493616633852,-0.5704917218940686,-0.00010985812445623092,-0.00016378440703990194,0.00010985812445623092,0.00016378440703990194,0.0006527578225359321,0.0007255015516420826,0.0,0.3645443916320801,16.644444444444453,410,404,4.836047172546387,RoadOption.STRAIGHT,-27.433837890625,130.04238891601562,-3.1354468767422174,2.8,1.2,4.5,3.0,10.0,0.6,0.01,0.06,0.55,0.16,0.2,0.35,1.5,12,10.0,14.0,0.9,1.2,0.6,0.01,0.06,0.65,0.3,0.72,0.005,0.38,0.22,0.01,0.14,1.0,0.28
mpc,ground_truth,curvy,400.0,0.05,0.1,1.0,106.91267490759492,-17.448076248168945,130.1039581298828,16.86072923006039,-0.6162847856159352,-0.00019567035154317153,-0.00022050973825837872,0.00019567035154317153,0.00022050973825837872,0.0008256404544226825,0.00017288263188675046,0.0,0.37601661682128906,16.244444444444454,411,405,4.985950946807861,RoadOption.STRAIGHT,-28.433818817138672,130.0362548828125,-3.1354468767422174,2.8,1.2,4.5,3.0,10.0,0.6,0.01,0.06,0.55,0.16,0.2,0.35,1.5,12,10.0,14.0,0.9,1.2,0.6,0.01,0.06,0.65,0.3,0.72,0.005,0.38,0.22,0.01,0.14,1.0,0.28
mpc,ground_truth,curvy,400.0,0.05,0.1,1.0,106.96267490833998,-18.28019905090332,130.09884643554688,16.498573369051176,-0.6541289246067219,-0.0001863778349538575,-0.00016937704532882236,0.0001863778349538575,0.00016937704532882236,0.0008498778333887458,2.423737896606326e-05,0.0,0.38951146602630615,15.844444444444454,411,406,5.153812408447266,RoadOption.STRAIGHT,-28.433818817138672,130.0362548828125,-3.1354468767422174,2.8,1.2,4.5,3.0,10.0,0.6,0.01,0.06,0.55,0.16,0.2,0.35,1.5,12,10.0,14.0,0.9,1.2,0.6,0.01,0.06,0.65,0.3,0.72,0.005,0.38,0.22,0.01,0.14,1.0,0.28
mpc,ground_truth,curvy,400.0,0.05,0.1,1.0,107.01267490908504,-19.09408950805664,130.0937957763672,16.13224758366108,-0.6878031392166264,-0.0001377716782078285,-4.713795129429599e-05,0.0001377716782078285,4.713795129429599e-05,0.00045066268648952246,-0.00039921514689922333,0.0,0.405055969953537,15.444444444444454,412,406,4.339906215667725,RoadOption.STRAIGHT,-29.43410873413086,130.0301055908203,-3.1354468767422174,2.8,1.2,4.5,3.0,10.0,0.6,0.01,0.06,0.55,0.16,0.2,0.35,1.5,12,10.0,14.0,0.9,1.2,0.6,0.01,0.06,0.65,0.3,0.72,0.005,0.38,0.22,0.01,0.14,1.0,0.28
mpc,ground_truth,curvy,400.0,0.05,0.1,1.0,107.0626749098301,-19.88961410522461,130.0888214111328,15.764264041889522,-0.7198195974450687,-7.138796090317215e-05,8.788431597261948e-05,7.138796090317215e-05,8.788431597261948e-05,-0.0002141172590199858,-0.0006647799455095083,0.0,0.4226364493370056,15.044444444444453,413,407,4.544367790222168,RoadOption.STRAIGHT,-30.40340805053711,130.02146911621094,-3.117932597833311,2.8,1.2,4.5,3.0,10.0,0.6,0.01,0.06,0.55,0.16,0.2,0.35,1.5,12,10.0,14.0,0.9,1.2,0.6,0.01,0.06,0.65,0.3,0.72,0.005,0.38,0.22,0.01,0.14,1.0,0.28
mpc,ground_truth,curvy,400.0,0.05,0.1,1.0,107.11267491057515,-20.6667423248291,130.08395385742188,15.396255956457708,-0.7518115120132549,3.175084943871434e-05,0.00016751283256599692,3.175084943871434e-05,0.00016751283256599692,-0.0005564898601733148,-0.000342372601153329,0.0,0.44217804074287415,14.644444444444453,414,408,4.767223834991455,RoadOption.STRAIGHT,-31.311279296875,129.97637939453125,-3.0659847112941168,2.8,1.2,4.5,3.0,10.0,0.6,0.01,0.06,0.55,0.16,0.2,0.35,1.5,12,10.0,14.0,0.9,1.2,0.6,0.01,0.06,0.65,0.3,0.72,0.005,0.38,0.22,0.01,0.14,1.0,0.28
mpc,ground_truth,curvy,400.0,0.05,0.1,1.0,107.16267491132021,-21.425504684448242,130.07923889160156,15.029247654675205,-0.7848032102307521,9.51764173546775e-05,0.000164583355366954,9.51764173546775e-05,0.000164583355366954,-0.0005808348068967462,-2.434494672343135e-05,0.0,0.4635652005672455,14.244444444444452,415,409,5.008447170257568,RoadOption.STRAIGHT,-32.215579986572266,129.8842010498047,-3.014037091071031,2.8,1.2,4.5,3.0,10.0,0.6,0.01,0.06,0.55,0.16,0.2,0.35,1.5,12,10.0,14.0,0.9,1.2,0.6,0.01,0.06,0.65,0.3,0.72,0.005,0.38,0.22,0.01,0.14,1.0,0.28
mpc,ground_truth,curvy,400.0,0.05,0.1,1.0,107.21267491206527,-22.16596794128418,130.07469177246094,14.663855105014594,-0.8194106605701421,7.270296786965336e-05,0.00010146643753206064,7.270296786965336e-05,0.00010146643753206064,-0.0005310802371241152,4.975456977263093e-05,0.0,0.4866783022880554,13.844444444444452,415,410,5.267969608306885,RoadOption.STRAIGHT,-32.215579986572266,129.8842010498047,-3.014037091071031,2.8,1.2,4.5,3.0,10.0,0.6,0.01,0.06,0.55,0.16,0.2,0.35,1.5,12,10.0,14.0,0.9,1.2,0.6,0.01,0.06,0.65,0.3,0.72,0.005,0.38,0.22,0.01,0.14,1.0,0.28
mpc,ground_truth,curvy,400.0,0.05,0.1,1.0,107.26267491281033,-22.88822364807129,130.07028198242188,14.300406524140156,-0.8559620796957041,4.3615269002341556e-05,8.255799379242035e-06,4.3615269002341556e-05,8.255799379242035e-06,-0.00021727925923187286,0.00031380097789224237,0.0,0.5113698840141296,13.444444444444452,416,410,4.545700550079346,RoadOption.STRAIGHT,-33.11387634277344,129.7451934814453,-2.9620892045318366,2.8,1.2,4.5,3.0,10.0,0.6,0.01,0.06,0.55,0.16,0.2,0.35,1.5,12,10.0,14.0,0.9,1.2,0.6,0.01,0.06,0.65,0.3,0.72,0.005,0.38,0.22,0.01,0.14,1.0,0.28
