controller,error_provider,route_shape,route_min_length_m,route_length_tolerance,noise_lateral_std,noise_heading_std_deg,time,x,y,speed,speed_error,e_y,e_psi,abs_e_y,abs_e_psi,steer,steer_delta,throttle,brake,target_speed,route_index,closest_route_index,route_error,road_option,target_x,target_y,target_yaw,lqr_q_ey,lqr_q_ey_dot,lqr_q_epsi,lqr_q_epsi_dot,lqr_r,lqr_kp_long,lqr_ki_long,lqr_kd_long,lqr_max_steer,lqr_max_steer_rate,lqr_derivative_alpha,lqr_curvature_alpha,lqr_feedforward_gain,mpc_horizon,mpc_q_y,mpc_q_psi,mpc_r_steer,mpc_r_steer_rate,mpc_kp_long,mpc_ki_long,mpc_kd_long,mpc_max_steer,mpc_max_steer_rate,pid_lat_kp,pid_lat_ki,pid_lat_kd,pid_long_kp,pid_long_ki,pid_long_kd,pid_max_throttle,pid_max_brake
lqr,ground_truth,curvy,400.0,0.05,0.1,1.0,34.34918923303485,-9.875875473022461,-57.55167007446289,0.4899999797344208,18.954444464710022,0.04549653862999907,1.0194913535599426e-07,0.04549653862999907,1.0194913535599426e-07,-0.023048147559165955,-0.023048147559165955,1.0,0.0,19.444444444444443,11,0,0.5870656371116638,RoadOption.STRAIGHT,1.095213770866394,-57.46044921875,0.015969112844442135,2.8,1.2,4.5,3.0,10.0,0.6,0.01,0.06,0.55,0.16,0.2,0.35,1.5,12,10.0,14.0,0.9,1.2,0.6,0.01,0.06,0.65,0.3,0.72,0.005,0.38,0.22,0.01,0.14,1.0,0.28
lqr,ground_truth,curvy,400.0,0.05,0.1,1.0,34.39918923377991,-9.875875473022461,-57.55167007446289,0.9800000786781311,18.46444436576631,0.050639856295309094,-0.000891353775065884,0.050639856295309094,0.000891353775065884,-0.02194344624876976,0.0011047013103961945,1.0,0.0,19.444444444444443,11,6,6.02096700668335,RoadOption.STRAIGHT,1.095213770866394,-57.46044921875,0.015969112844442135,2.8,1.2,4.5,3.0,10.0,0.6,0.01,0.06,0.55,0.16,0.2,0.35,1.5,12,10.0,14.0,0.9,1.2,0.6,0.01,0.06,0.65,0.3,0.72,0.005,0.38,0.22,0.01,0.14,1.0,0.28
lqr,ground_truth,curvy,400.0,0.05,0.1,1.0,34.449189234524965,-9.875875473022461,-57.55167007446289,1.470000147819519,17.974444296624924,0.050639856295309094,-0.000891353775065884,0.050639856295309094,0.000891353775065884,-0.020259499549865723,0.0016839466989040375,1.0,0.0,19.444444444444443,11,6,6.015523433685303,RoadOption.STRAIGHT,1.095213770866394,-57.46044921875,0.015969112844442135,2.8,1.2,4.5,3.0,10.0,0.6,0.01,0.06,0.55,0.16,0.2,0.35,1.5,12,10.0,14.0,0.9,1.2,0.6,0.01,0.06,0.65,0.3,0.72,0.005,0.38,0.22,0.01,0.14,1.0,0.28
lqr,ground_truth,curvy,400.0,0.05,0.1,1.0,34.49918923527002,-9.875875473022461,-57.55167007446289,1.9600002765655518,17.48444416787889,0.050639856295309094,-0.000891353775065884,0.050639856295309094,0.000891353775065884,-0.01916390098631382,0.0010955985635519028,1.0,0.0,19.444444444444443,11,6,6.009093761444092,RoadOption.STRAIGHT,1.095213770866394,-57.46044921875,0.015969112844442135,2.8,1.2,4.5,3.0,10.0,0.6,0.01,0.06,0.55,0.16,0.2,0.35,1.5,12,10.0,14.0,0.9,1.2,0.6,0.01,0.06,0.65,0.3,0.72,0.005,0.38,0.22,0.01,0.14,1.0,0.28
lqr,ground_truth,curvy,400.0,0.05,0.1,1.0,34.54918923601508,-9.875875473022461,-57.55167007446289,2.450000286102295,16.994444158342148,0.050639856295309094,-0.000891353775065884,0.050639856295309094,0.000891353775065884,-0.018450934439897537,0.0007129665464162827,1.0,0.0,19.444444444444443,11,6,6.002754211425781,RoadOption.STRAIGHT,1.095213770866394,-57.46044921875,0.015969112844442135,2.8,1.2,4.5,3.0,10.0,0.6,0.01,0.06,0.55,0.16,0.2,0.35,1.5,12,10.0,14.0,0.9,1.2,0.6,0.01,0.06,0.65,0.3,0.72,0.005,0.38,0.22,0.01,0.14,1.0,0.28
lqr,ground_truth,curvy,400.0,0.05,0.1,1.0,34.59918923676014,-9.875875473022461,-57.55167007446289,2.93999981880188,16.504444625642563,0.050639856295309094,-0.000891353775065884,0.050639856295309094,0.000891353775065884,-0.01798684149980545,0.0004640929400920868,1.0,0.0,19.444444444444443,11,6,5.9978861808776855,RoadOption.STRAIGHT,1.095213770866394,-57.46044921875,0.015969112844442135,2.8,1.2,4.5,3.0,10.0,0.6,0.01,0.06,0.55,0.16,0.2,0.35,1.5,12,10.0,14.0,0.9,1.2,0.6,0.01,0.06,0.65,0.3,0.72,0.005,0.38,0.22,0.01,0.14,1.0,0.28
lqr,ground_truth,curvy,400.0,0.05,0.1,1.0,34.6491892375052,-9.875874519348145,-57.55167007446289,2.0671517849139813,17.37729265953046,0.05063984551286746,-0.000891353775065884,0.05063984551286746,0.000891353775065884,-0.017684614285826683,0.0003022272139787674,1.0,0.0,19.444444444444443,11,6,5.996154308319092,RoadOption.STRAIGHT,1.095213770866394,-57.46044921875,0.015969112844442135,2.8,1.2,4.5,3.0,10.0,0.6,0.01,0.06,0.55,0.16,0.2,0.35,1.5,12,10.0,14.0,0.9,1.2,0.6,0.01,0.06,0.65,0.3,0.72,0.005,0.38,0.22,0.01,0.14,1.0,0.28
lqr,ground_truth,curvy,400.0,0.05,0.1,1.0,34.699189238250256,-9.875874519348145,-57.55167007446289,0.7392763495471336,18.70516809489731,0.05063984551286746,-0.000891353775065884,0.05063984551286746,0.000891353775065884,-0.01748776249587536,0.00019685178995132446,1.0,0.0,19.444444444444443,11,6,5.996372222900391,RoadOption.STRAIGHT,1.095213770866394,-57.46044921875,0.015969112844442135,2.8,1.2,4.5,3.0,10.0,0.6,0.01,0.06,0.55,0.16,0.2,0.35,1.5,12,10.0,14.0,0.9,1.2,0.6,0.01,0.06,0.65,0.3,0.72,0.005,0.38,0.22,0.01,0.14,1.0,0.28
lqr,ground_truth,curvy,400.0,0.05,0.1,1.0,34.749189238995314,-9.875874519348145,-57.55167007446289,0.1125810444355551,19.33186340000889,0.05063984551286746,-0.000891353775065884,0.05063984551286746,0.000891353775065884,-0.017359476536512375,0.0001282859593629837,1.0,0.0,19.444444444444443,11,6,5.9965338706970215,RoadOption.STRAIGHT,1.095213770866394,-57.46044921875,0.015969112844442135,2.8,1.2,4.5,3.0,10.0,0.6,0.01,0.06,0.55,0.16,0.2,0.35,1.5,12,10.0,14.0,0.9,1.2,0.6,0.01,0.06,0.65,0.3,0.72,0.005,0.38,0.22,0.01,0.14,1.0,0.28
lqr,ground_truth,curvy,400.0,0.05,0.1,1.0,34.79918923974037,-9.87033748626709,-57.5516357421875,0.36394233515056174,19.08050210929388,0.05061157273773061,-0.0009362155558658714,0.05061157273773061,0.0009362155558658714,-0.017175551503896713,0.00018392503261566162,1.0,0.0,19.444444444444443,11,6,5.990962028503418,RoadOption.STRAIGHT,1.095213770866394,-57.46044921875,0.015969112844442135,2.8,1.2,4.5,3.0,10.0,0.6,0.01,0.06,0.55,0.16,0.2,0.35,1.5,12,10.0,14.0,0.9,1.2,0.6,0.01,0.06,0.65,0.3,0.72,0.005,0.38,0.22,0.01,0.14,1.0,0.28
lqr,ground_truth,curvy,400.0,0.05,0.1,1.0,34.84918924048543,-9.826290130615234,-57.55146408081055,1.1743383567014931,18.27010608774295,0.050285214511001174,-0.001534756849672192,0.050285214511001174,0.001534756849672192,-0.016047941520810127,0.001127609983086586,1.0,0.0,19.444444444444443,11,6,5.946813583374023,RoadOption.STRAIGHT,1.095213770866394,-57.46044921875,0.015969112844442135,2.8,1.2,4.5,3.0,10.0,0.6,0.01,0.06,0.55,0.16,0.2,0.35,1.5,12,10.0,14.0,0.9,1.2,0.6,0.01,0.06,0.65,0.3,0.72,0.005,0.38,0.22,0.01,0.14,1.0,0.28
lqr,ground_truth,curvy,400.0,0.05,0.1,1.0,34.89918924123049,-9.745184898376465,-57.55127716064453,1.8854273513795643,17.559017093064877,0.049555129981177753,-0.0022685804850701707,0.049555129981177753,0.0022685804850701707,-0.012811178341507912,0.0032367631793022156,1.0,0.0,19.444444444444443,11,6,5.865614891052246,RoadOption.STRAIGHT,1.095213770866394,-57.46044921875,0.015969112844442135,2.8,1.2,4.5,3.0,10.0,0.6,0.01,0.06,0.55,0.16,0.2,0.35,1.5,12,10.0,14.0,0.9,1.2,0.6,0.01,0.06,0.65,0.3,0.72,0.005,0.38,0.22,0.01,0.14,1.0,0.28
lqr,ground_truth,curvy,400.0,0.05,0.1,1.0,34.949189241975546,-9.632451057434082,-57.55106735229492,2.4847076840763913,16.959736760368052,0.04849033249534117,-0.002878198344387073,0.04849033249534117,0.002878198344387073,-0.009938150644302368,0.0028730276972055435,1.0,0.0,19.444444444444443,11,6,5.752814769744873,RoadOption.STRAIGHT,1.095213770866394,-57.46044921875,0.015969112844442135,2.8,1.2,4.5,3.0,10.0,0.6,0.01,0.06,0.55,0.16,0.2,0.35,1.5,12,10.0,14.0,0.9,1.2,0.6,0.01,0.06,0.65,0.3,0.72,0.005,0.38,0.22,0.01,0.14,1.0,0.28
lqr,ground_truth,curvy,400.0,0.05,0.1,1.0,34.999189242720604,-9.493770599365234,-57.55070495605469,2.9635289112627263,16.480915533181715,0.047284755257708075,-0.0034556902626081687,0.047284755257708075,0.0034556902626081687,-0.008240094408392906,0.001698056235909462,1.0,0.0,19.444444444444443,11,6,5.6140923500061035,RoadOption.STRAIGHT,1.095213770866394,-57.46044921875,0.015969112844442135,2.8,1.2,4.5,3.0,10.0,0.6,0.01,0.06,0.55,0.16,0.2,0.35,1.5,12,10.0,14.0,0.9,1.2,0.6,0.01,0.06,0.65,0.3,0.72,0.005,0.38,0.22,0.01,0.14,1.0,0.28
lqr,ground_truth,curvy,400.0,0.05,0.1,1.0,35.04918924346566,-9.332891464233398,-57.550209045410156,3.3852120155640626,16.05923242888038,0.04596170099668047,-0.004000742590098749,0.04596170099668047,0.004000742590098749,-0.004644597880542278,0.003595496527850628,1.0,0.0,19.444444444444443,11,6,5.453188896179199,RoadOption.STRAIGHT,1.095213770866394,-57.46044921875,0.015969112844442135,2.8,1.2,4.5,3.0,10.0,0.6,0.01,0.06,0.55,0.16,0.2,0.35,1.5,12,10.0,14.0,0.9,1.2,0.6,0.01,0.06,0.65,0.3,0.72,0.005,0.38,0.22,0.01,0.14,1.0,0.28
lqr,ground_truth,curvy,400.0,0.05,0.1,1.0,35.09918924421072,-9.15196704864502,-57.54947280883789,3.7733850518344205,15.671059392610022,0.04465232116179963,-0.00440596491634615,0.04465232116179963,0.00440596491634615,-0.0032536115031689405,0.0013909863773733377,1.0,0.0,19.444444444444443,11,6,5.272250652313232,RoadOption.STRAIGHT,1.095213770866394,-57.46044921875,0.015969112844442135,2.8,1.2,4.5,3.0,10.0,0.6,0.01,0.06,0.55,0.16,0.2,0.35,1.5,12,10.0,14.0,0.9,1.2,0.6,0.01,0.06,0.65,0.3,0.72,0.005,0.38,0.22,0.01,0.14,1.0,0.28
lqr,ground_truth,curvy,400.0,0.05,0.1,1.0,35.14918924495578,-8.952237129211426,-57.54853057861328,4.142047445950914,15.302396998493528,0.043336302846217825,-0.004700955780153837,0.043336302846217825,0.004700955780153837,-0.0006142563070170581,0.0026393551961518824,1.0,0.0,19.444444444444443,11,6,5.072512149810791,RoadOption.STRAIGHT,1.095213770866394,-57.46044921875,0.015969112844442135,2.8,1.2,4.5,3.0,10.0,0.6,0.01,0.06,0.55,0.16,0.2,0.35,1.5,12,10.0,14.0,0.9,1.2,0.6,0.01,0.06,0.65,0.3,0.72,0.005,0.38,0.22,0.01,0.14,1.0,0.28
lqr,ground_truth,curvy,400.0,0.05,0.1,1.0,35.199189245700836,-8.734435081481934,-57.54731369018555,4.49905046658339,14.945393977861052,0.04209059790948188,-0.004839057847579653,0.04209059790948188,0.004839057847579653,0.00011602092126850039,0.0007302772282855585,1.0,0.0,19.444444444444443,12,6,4.854704856872559,RoadOption.STRAIGHT,2.0950863361358643,-57.444480895996094,0.015969112844442135,2.8,1.2,4.5,3.0,10.0,0.6,0.01,0.06,0.55,0.16,0.2,0.35,1.5,12,10.0,14.0,0.9,1.2,0.6,0.01,0.06,0.65,0.3,0.72,0.005,0.38,0.22,0.01,0.14,1.0,0.28
lqr,ground_truth,curvy,400.0,0.05,0.1,1.0,35.249189246445894,-8.499001502990723,-57.545867919921875,4.84891487981884,14.595529564625604,0.05111021883560127,-0.006869702054157045,0.05111021883560127,0.006869702054157045,0.001398994354531169,0.0012829734332626686,1.0,0.0,19.444444444444443,12,7,5.6087260246276855,RoadOption.STRAIGHT,2.0950863361358643,-57.444480895996094,0.015969112844442135,2.8,1.2,4.5,3.0,10.0,0.6,0.01,0.06,0.55,0.16,0.2,0.35,1.5,12,10.0,14.0,0.9,1.2,0.6,0.01,0.06,0.65,0.3,0.72,0.005,0.38,0.22,0.01,0.14,1.0,0.28
lqr,ground_truth,curvy,400.0,0.05,0.1,1.0,35.29918924719095,-8.24620532989502,-57.54416275024414,5.193917322923686,14.250527121520758,0.049451508491563656,-0.0067945853069573126,0.049451508491563656,0.0067945853069573126,0.002388239139690995,0.0009892447851598263,1.0,0.0,19.444444444444443,12,7,5.355924606323242,RoadOption.STRAIGHT,2.0950863361358643,-57.444480895996094,0.015969112844442135,2.8,1.2,4.5,3.0,10.0,0.6,0.01,0.06,0.55,0.16,0.2,0.35,1.5,12,10.0,14.0,0.9,1.2,0.6,0.01,0.06,0.65,0.3,0.72,0.005,0.38,0.22,0.01,0.14,1.0,0.28
lqr,ground_truth,curvy,400.0,0.05,0.1,1.0,35.34918924793601,-7.9765238761901855,-57.54218673706055,5.507141458080987,13.937302986363456,0.04783894058328562,-0.006605482144210306,0.04783894058328562,0.006605482144210306,0.004157431423664093,0.0017691922839730978,1.0,0.0,19.444444444444443,12,7,5.08623743057251,RoadOption.STRAIGHT,2.0950863361358643,-57.444480895996094,0.015969112844442135,2.8,1.2,4.5,3.0,10.0,0.6,0.01,0.06,0.55,0.16,0.2,0.35,1.5,12,10.0,14.0,0.9,1.2,0.6,0.01,0.06,0.65,0.3,0.72,0.005,0.38,0.22,0.01,0.14,1.0,0.28
lqr,ground_truth,curvy,400.0,0.05,0.1,1.0,35.39918924868107,-7.698573589324951,-57.53995895385742,5.619496261467904,13.824948182976538,0.04636809455298202,-0.006289063236600612,0.04636809455298202,0.006289063236600612,0.004121779929846525,-3.5651493817567825e-05,1.0,0.0,19.444444444444443,13,7,4.808280944824219,RoadOption.STRAIGHT,3.1059606075286865,-57.42900085449219,6.297060376458899,2.8,1.2,4.5,3.0,10.0,0.6,0.01,0.06,0.55,0.16,0.2,0.35,1.5,12,10.0,14.0,0.9,1.2,0.6,0.01,0.06,0.65,0.3,0.72,0.005,0.38,0.22,0.01,0.14,1.0,0.28
lqr,ground_truth,curvy,400.0,0.05,0.1,1.0,35.44918924942613,-7.413636684417725,-57.537498474121094,5.768534906963489,13.675909537480955,0.05506313014256871,-0.007893414935399523,0.05506313014256871,0.007893414935399523,0.0023649302311241627,-0.0017568496987223625,1.0,0.0,19.444444444444443,13,8,5.512788772583008,RoadOption.STRAIGHT,3.1059606075286865,-57.42900085449219,6.297060376458899,2.8,1.2,4.5,3.0,10.0,0.6,0.01,0.06,0.55,0.16,0.2,0.35,1.5,12,10.0,14.0,0.9,1.2,0.6,0.01,0.06,0.65,0.3,0.72,0.005,0.38,0.22,0.01,0.14,1.0,0.28
lqr,ground_truth,curvy,400.0,0.05,0.1,1.0,35.499189250171185,-7.117448806762695,-57.53489303588867,6.034692446209019,13.409751998235425,0.05313491388690978,-0.007554593225417072,0.05313491388690978,0.007554593225417072,0.0032151276245713234,0.0008501973934471607,1.0,0.0,19.444444444444443,13,8,5.2165913581848145,RoadOption.STRAIGHT,3.1059606075286865,-57.42900085449219,6.297060376458899,2.8,1.2,4.5,3.0,10.0,0.6,0.01,0.06,0.55,0.16,0.2,0.35,1.5,12,10.0,14.0,0.9,1.2,0.6,0.01,0.06,0.65,0.3,0.72,0.005,0.38,0.22,0.01,0.14,1.0,0.28
lqr,ground_truth,curvy,400.0,0.05,0.1,1.0,35.54918925091624,-6.807801246643066,-57.532073974609375,6.302636815571679,13.141807628872764,0.05121428640660275,-0.007237639604994683,0.05121428640660275,0.007237639604994683,0.0032313656993210316,1.6238074749708176e-05,1.0,0.0,19.444444444444443,14,8,4.906933307647705,RoadOption.STRAIGHT,4.123607158660889,-57.41658020019531,6.293684553461115,2.8,1.2,4.5,3.0,10.0,0.6,0.01,0.06,0.55,0.16,0.2,0.35,1.5,12,10.0,14.0,0.9,1.2,0.6,0.01,0.06,0.65,0.3,0.72,0.005,0.38,0.22,0.01,0.14,1.0,0.28
lqr,ground_truth,curvy,400.0,0.05,0.1,1.0,35.5991892516613,-6.482213020324707,-57.52903366088867,6.657309609757314,12.78713483468713,0.05241609178536593,-0.007423209918108409,0.05241609178536593,0.007423209918108409,0.0006407534820027649,-0.0025906122173182666,1.0,0.0,19.444444444444443,14,9,5.5778021812438965,RoadOption.STRAIGHT,4.123607158660889,-57.41658020019531,6.293684553461115,2.8,1.2,4.5,3.0,10.0,0.6,0.01,0.06,0.55,0.16,0.2,0.35,1.5,12,10.0,14.0,0.9,1.2,0.6,0.01,0.06,0.65,0.3,0.72,0.005,0.38,0.22,0.01,0.14,1.0,0.28
lqr,ground_truth,curvy,400.0,0.05,0.1,1.0,35.64918925240636,-6.13931131362915,-57.52584457397461,7.000849171387413,12.44359527305703,0.050129168762211386,-0.007176258943355052,0.050129168762211386,0.007176258943355052,-0.00024595335707999766,-0.0008867068390827626,1.0,0.0,19.444444444444443,14,9,5.234887599945068,RoadOption.STRAIGHT,4.123607158660889,-57.41658020019531,6.293684553461115,2.8,1.2,4.5,3.0,10.0,0.6,0.01,0.06,0.55,0.16,0.2,0.35,1.5,12,10.0,14.0,0.9,1.2,0.6,0.01,0.06,0.65,0.3,0.72,0.005,0.38,0.22,0.01,0.14,1.0,0.28
lqr,ground_truth,curvy,400.0,0.05,0.1,1.0,35.69918925315142,-5.777579307556152,-57.522552490234375,7.38323303649695,12.061211407947493,0.04764453903746412,-0.0071845365889773305,0.04764453903746412,0.0071845365889773305,0.0019401138415560126,0.0021860671986360103,1.0,0.0,19.444444444444443,15,9,4.873141288757324,RoadOption.STRAIGHT,5.1412882804870605,-57.40763473510742,6.29030873046333,2.8,1.2,4.5,3.0,10.0,0.6,0.01,0.06,0.55,0.16,0.2,0.35,1.5,12,10.0,14.0,0.9,1.2,0.6,0.01,0.06,0.65,0.3,0.72,0.005,0.38,0.22,0.01,0.14,1.0,0.28
lqr,ground_truth,curvy,400.0,0.05,0.1,1.0,35.749189253896475,-5.397911071777344,-57.51904296875,7.734718644673473,11.70972579977097,0.04509864516877663,-0.006974424622240516,0.04509864516877663,0.006974424622240516,0.0015426386380568147,-0.00039747520349919796,1.0,0.0,19.444444444444443,15,10,5.493417739868164,RoadOption.STRAIGHT,5.1412882804870605,-57.40763473510742,6.29030873046333,2.8,1.2,4.5,3.0,10.0,0.6,0.01,0.06,0.55,0.16,0.2,0.35,1.5,12,10.0,14.0,0.9,1.2,0.6,0.01,0.06,0.65,0.3,0.72,0.005,0.38,0.22,0.01,0.14,1.0,0.28
lqr,ground_truth,curvy,400.0,0.05,0.1,1.0,35.79918925464153,-4.999281406402588,-57.51523971557617,8.131190532345268,11.313253912099174,0.04253592185949565,-0.006648654482193983,0.04253592185949565,0.006648654482193983,0.0018256441690027714,0.0002830055309459567,1.0,0.0,19.444444444444443,15,10,5.094770431518555,RoadOption.STRAIGHT,5.1412882804870605,-57.40763473510742,6.29030873046333,2.8,1.2,4.5,3.0,10.0,0.6,0.01,0.06,0.55,0.16,0.2,0.35,1.5,12,10.0,14.0,0.9,1.2,0.6,0.01,0.06,0.65,0.3,0.72,0.005,0.38,0.22,0.01,0.14,1.0,0.28
lqr,ground_truth,curvy,400.0,0.05,0.1,1.0,35.84918925538659,-4.582071304321289,-57.5111083984375,8.48712584475408,10.957318599690362,0.040004520206031895,-0.006444906014046126,0.040004520206031895,0.006444906014046126,0.0022139863576740026,0.00038834218867123127,1.0,0.0,19.444444444444443,16,10,4.677541255950928,RoadOption.STRAIGHT,6.158995628356934,-57.40210723876953,6.286932907465546,2.8,1.2,4.5,3.0,10.0,0.6,0.01,0.06,0.55,0.16,0.2,0.35,1.5,12,10.0,14.0,0.9,1.2,0.6,0.01,0.06,0.65,0.3,0.72,0.005,0.38,0.22,0.01,0.14,1.0,0.28
lqr,ground_truth,curvy,400.0,0.05,0.1,1.0,35.89918925613165,-4.145732879638672,-57.50663757324219,8.886890003293132,10.55755444115131,0.03750724606783022,-0.006172695580531684,0.03750724606783022,0.006172695580531684,0.0031776921823620796,0.000963705824688077,1.0,0.0,19.444444444444443,16,11,5.241150379180908,RoadOption.STRAIGHT,6.158995628356934,-57.40210723876953,6.286932907465546,2.8,1.2,4.5,3.0,10.0,0.6,0.01,0.06,0.55,0.16,0.2,0.35,1.5,12,10.0,14.0,0.9,1.2,0.6,0.01,0.06,0.65,0.3,0.72,0.005,0.38,0.22,0.01,0.14,1.0,0.28
lqr,ground_truth,curvy,400.0,0.05,0.1,1.0,35.94918925687671,-3.690263271331787,-57.50175094604492,9.26252256973831,10.181921874706132,0.035120113763129276,-0.005760855403004861,0.035120113763129276,0.005760855403004861,0.0027626794762909412,-0.0004150127060711384,1.0,0.0,19.444444444444443,17,11,4.785655498504639,RoadOption.STRAIGHT,7.176715850830078,-57.399993896484375,6.283557084467762,2.8,1.2,4.5,3.0,10.0,0.6,0.01,0.06,0.55,0.16,0.2,0.35,1.5,12,10.0,14.0,0.9,1.2,0.6,0.01,0.06,0.65,0.3,0.72,0.005,0.38,0.22,0.01,0.14,1.0,0.28
lqr,ground_truth,curvy,400.0,0.05,0.1,1.0,35.999189257621765,-3.214533567428589,-57.49641418457031,9.677766723937351,9.766677720507092,0.03285964880355411,-0.0052977753819267726,0.03285964880355411,0.0052977753819267726,0.0014887377619743347,-0.0012739417143166065,1.0,0.0,19.444444444444443,17,12,5.309874057769775,RoadOption.STRAIGHT,7.176715850830078,-57.399993896484375,6.283557084467762,2.8,1.2,4.5,3.0,10.0,0.6,0.01,0.06,0.55,0.16,0.2,0.35,1.5,12,10.0,14.0,0.9,1.2,0.6,0.01,0.06,0.65,0.3,0.72,0.005,0.38,0.22,0.01,0.14,1.0,0.28
lqr,ground_truth,curvy,400.0,0.05,0.1,1.0,36.04918925836682,-2.7192556858062744,-57.490760803222656,10.057189791686028,9.387254652758415,0.030603497094989718,-0.004908520058800825,0.030603497094989718,0.004908520058800825,0.0003754712815862149,-0.0011132664803881198,1.0,0.0,19.444444444444443,18,12,4.8145647048950195,RoadOption.STRAIGHT,8.181218147277832,-57.40031433105469,6.28277624563615,2.8,1.2,4.5,3.0,10.0,0.6,0.01,0.06,0.55,0.16,0.2,0.35,1.5,12,10.0,14.0,0.9,1.2,0.6,0.01,0.06,0.65,0.3,0.72,0.005,0.38,0.22,0.01,0.14,1.0,0.28
lqr,ground_truth,curvy,400.0,0.05,0.1,1.0,36.09918925911188,-2.205288887023926,-57.484886169433594,10.425825688916973,9.01861875552747,0.017811654580331814,-0.0025747961567530453,0.017811654580331814,0.0025747961567530453,-0.005938318092375994,-0.006313789373962209,1.0,0.0,19.444444444444443,18,13,5.311543941497803,RoadOption.STRAIGHT,8.181218147277832,-57.40031433105469,6.28277624563615,2.8,1.2,4.5,3.0,10.0,0.6,0.01,0.06,0.55,0.16,0.2,0.35,1.5,12,10.0,14.0,0.9,1.2,0.6,0.01,0.06,0.65,0.3,0.72,0.005,0.38,0.22,0.01,0.14,1.0,0.28
lqr,ground_truth,curvy,400.0,0.05,0.1,1.0,36.14918925985694,-1.6733982563018799,-57.479305267333984,10.779217182292102,8.66522726215234,0.016012236922406546,-0.00289905370452459,0.016012236922406546,0.00289905370452459,-0.007454211357980967,-0.0015158932656049728,1.0,0.0,19.444444444444443,19,13,4.779623985290527,RoadOption.STRAIGHT,9.181218147277832,-57.40072250366211,6.28277624563615,2.8,1.2,4.5,3.0,10.0,0.6,0.01,0.06,0.55,0.16,0.2,0.35,1.5,12,10.0,14.0,0.9,1.2,0.6,0.01,0.06,0.65,0.3,0.72,0.005,0.38,0.22,0.01,0.14,1.0,0.28
lqr,ground_truth,curvy,400.0,0.05,0.1,1.0,36.199189260602,-1.1240781545639038,-57.474281311035156,11.124568140528712,8.31987630391573,-0.0026022022921359383,-0.00043692590663901854,0.0026022022921359383,0.00043692590663901854,-0.008815829642117023,-0.001361618284136057,1.0,0.0,19.444444444444443,19,14,5.248003005981445,RoadOption.STRAIGHT,9.181218147277832,-57.40072250366211,6.28277624563615,2.8,1.2,4.5,3.0,10.0,0.6,0.01,0.06,0.55,0.16,0.2,0.35,1.5,12,10.0,14.0,0.9,1.2,0.6,0.01,0.06,0.65,0.3,0.72,0.005,0.38,0.22,0.01,0.14,1.0,0.28
lqr,ground_truth,curvy,400.0,0.05,0.1,1.0,36.249189261347055,-0.5576927065849304,-57.46990966796875,11.46342432751046,7.981020116933983,-0.004177311231489983,-0.0017788485672944887,0.004177311231489983,0.0017788485672944887,-0.005571888294070959,0.0032439413480460644,1.0,0.0,19.444444444444443,20,14,4.68160343170166,RoadOption.STRAIGHT,10.181218147277832,-57.40113067626953,6.28277624563615,2.8,1.2,4.5,3.0,10.0,0.6,0.01,0.06,0.55,0.16,0.2,0.35,1.5,12,10.0,14.0,0.9,1.2,0.6,0.01,0.06,0.65,0.3,0.72,0.005,0.38,0.22,0.01,0.14,1.0,0.28
lqr,ground_truth,curvy,400.0,0.05,0.1,1.0,36.29918926209211,0.025504760444164276,-57.46601104736328,11.797940196277908,7.646504248166535,-0.021933247916935503,0.00023623539240613667,0.021933247916935503,0.00023623539240613667,-0.005352502688765526,0.00021938560530543327,1.0,0.0,19.444444444444443,20,15,5.116117000579834,RoadOption.STRAIGHT,10.181218147277832,-57.40113067626953,6.28277624563615,2.8,1.2,4.5,3.0,10.0,0.6,0.01,0.06,0.55,0.16,0.2,0.35,1.5,12,10.0,14.0,0.9,1.2,0.6,0.01,0.06,0.65,0.3,0.72,0.005,0.38,0.22,0.01,0.14,1.0,0.28
lqr,ground_truth,curvy,400.0,0.05,0.1,1.0,36.34918926283717,0.6253281831741333,-57.46251678466797,12.129134537090785,7.315309907353658,-0.022711833876051142,-0.0010117754697160919,0.022711833876051142,0.0010117754697160919,-0.0025422258768230677,0.002810276811942458,1.0,0.0,19.444444444444443,21,15,4.516294002532959,RoadOption.STRAIGHT,11.181218147277832,-57.40153884887695,6.28277624563615,2.8,1.2,4.5,3.0,10.0,0.6,0.01,0.06,0.55,0.16,0.2,0.35,1.5,12,10.0,14.0,0.9,1.2,0.6,0.01,0.06,0.65,0.3,0.72,0.005,0.38,0.22,0.01,0.14,1.0,0.28
lqr,ground_truth,curvy,400.0,0.05,0.1,1.0,36.39918926358223,1.24163818359375,-57.45933151245117,12.457876077007674,6.986568367436769,-0.03879562480858559,0.0013731112938826229,0.03879562480858559,0.0013731112938826229,-0.005122131202369928,-0.0025799053255468607,1.0,0.0,19.444444444444443,22,16,4.917690753936768,RoadOption.STRAIGHT,12.181214332580566,-57.401947021484375,6.28277624563615,2.8,1.2,4.5,3.0,10.0,0.6,0.01,0.06,0.55,0.16,0.2,0.35,1.5,12,10.0,14.0,0.9,1.2,0.6,0.01,0.06,0.65,0.3,0.72,0.005,0.38,0.22,0.01,0.14,1.0,0.28
lqr,ground_truth,curvy,400.0,0.05,0.1,1.0,36.44918926432729,1.8743280172348022,-57.456634521484375,12.78464666828891,6.659797776155532,-0.05466931376139741,0.003781914752500448,0.05466931376139741,0.003781914752500448,-0.005377839785069227,-0.00025570858269929886,1.0,0.0,19.444444444444443,22,17,5.302690505981445,RoadOption.STRAIGHT,12.181214332580566,-57.401947021484375,6.28277624563615,2.8,1.2,4.5,3.0,10.0,0.6,0.01,0.06,0.55,0.16,0.2,0.35,1.5,12,10.0,14.0,0.9,1.2,0.6,0.01,0.06,0.65,0.3,0.72,0.005,0.38,0.22,0.01,0.14,1.0,0.28
lqr,ground_truth,curvy,400.0,0.05,0.1,1.0,36.499189265072346,2.523313045501709,-57.45459747314453,13.10989315938361,6.334551285060833,-0.05287354345064964,0.0026946152591920125,0.05287354345064964,0.0026946152591920125,-0.00336949760094285,0.002008342184126377,1.0,0.0,19.444444444444443,23,17,4.653723239898682,RoadOption.STRAIGHT,13.181214332580566,-57.4023551940918,6.28277624563615,2.8,1.2,4.5,3.0,10.0,0.6,0.01,0.06,0.55,0.16,0.2,0.35,1.5,12,10.0,14.0,0.9,1.2,0.6,0.01,0.06,0.65,0.3,0.72,0.005,0.38,0.22,0.01,0.14,1.0,0.28
lqr,ground_truth,curvy,400.0,0.05,0.1,1.0,36.549189265817404,3.1885249614715576,-57.45307159423828,13.433911613692766,6.010532830751677,-0.05479957749315634,0.0024598377134159577,0.05479957749315634,0.0024598377134159577,0.00365371978841722,0.00702321738936007,1.0,0.0,19.444444444444443,24,18,4.992971897125244,RoadOption.STRAIGHT,14.181214332580566,-57.40276336669922,6.28277624563615,2.8,1.2,4.5,3.0,10.0,0.6,0.01,0.06,0.55,0.16,0.2,0.35,1.5,12,10.0,14.0,0.9,1.2,0.6,0.01,0.06,0.65,0.3,0.72,0.005,0.38,0.22,0.01,0.14,1.0,0.28
lqr,ground_truth,curvy,400.0,0.05,0.1,1.0,36.59918926656246,3.869903087615967,-57.45143127441406,13.756765745577729,5.687678698866714,-0.052881421184761385,0.0020859777500445986,0.052881421184761385,0.0020859777500445986,0.0060029164887964725,0.0023491967003792524,1.0,0.0,19.444444444444443,24,19,5.311557292938232,RoadOption.STRAIGHT,14.181214332580566,-57.40276336669922,6.28277624563615,2.8,1.2,4.5,3.0,10.0,0.6,0.01,0.06,0.55,0.16,0.2,0.35,1.5,12,10.0,14.0,0.9,1.2,0.6,0.01,0.06,0.65,0.3,0.72,0.005,0.38,0.22,0.01,0.14,1.0,0.28
lqr,ground_truth,curvy,400.0,0.05,0.1,1.0,36.64918926730752,4.5673933029174805,-57.449310302734375,14.078653322382506,5.365791122061937,-0.050475133266480246,0.0024975884119795566,0.050475133266480246,0.0024975884119795566,0.00402393052354455,-0.0019789859652519226,1.0,0.0,19.444444444444443,25,19,4.614080905914307,RoadOption.STRAIGHT,15.181214332580566,-57.403175354003906,6.28277624563615,2.8,1.2,4.5,3.0,10.0,0.6,0.01,0.06,0.55,0.16,0.2,0.35,1.5,12,10.0,14.0,0.9,1.2,0.6,0.01,0.06,0.65,0.3,0.72,0.005,0.38,0.22,0.01,0.14,1.0,0.28
lqr,ground_truth,curvy,400.0,0.05,0.1,1.0,36.69918926805258,5.2809553146362305,-57.446800231933594,14.399753573335131,5.044690871109312,-0.047674060864751414,0.00326357257835852,0.047674060864751414,0.00326357257835852,-0.0005279578035697341,-0.004551888327114284,1.0,0.0,19.444444444444443,26,20,4.900475978851318,RoadOption.STRAIGHT,16.181215286254883,-57.40358352661133,6.28277624563615,2.8,1.2,4.5,3.0,10.0,0.6,0.01,0.06,0.55,0.16,0.2,0.35,1.5,12,10.0,14.0,0.9,1.2,0.6,0.01,0.06,0.65,0.3,0.72,0.005,0.38,0.22,0.01,0.14,1.0,0.28
lqr,ground_truth,curvy,400.0,0.05,0.1,1.0,36.749189268797636,6.010546684265137,-57.44429016113281,14.720036039669148,4.724408404775295,-0.04486643146931844,0.0037934586715744345,0.04486643146931844,0.0037934586715744345,-0.0030334871262311935,-0.0025055293226614594,1.0,0.0,19.444444444444443,26,21,5.170848369598389,RoadOption.STRAIGHT,16.181215286254883,-57.40358352661133,6.28277624563615,2.8,1.2,4.5,3.0,10.0,0.6,0.01,0.06,0.55,0.16,0.2,0.35,1.5,12,10.0,14.0,0.9,1.2,0.6,0.01,0.06,0.65,0.3,0.72,0.005,0.38,0.22,0.01,0.14,1.0,0.28
lqr,ground_truth,curvy,400.0,0.05,0.1,1.0,36.799189269542694,6.756130218505859,-57.44200134277344,15.039522077665897,4.404922366778546,-0.04227262375866719,0.00382375524986589,0.04227262375866719,0.00382375524986589,-0.0036706191021949053,-0.0006371319759637117,1.0,0.0,19.444444444444443,27,21,4.4252729415893555,RoadOption.STRAIGHT,17.181215286254883,-57.40399169921875,6.28277624563615,2.8,1.2,4.5,3.0,10.0,0.6,0.01,0.06,0.55,0.16,0.2,0.35,1.5,12,10.0,14.0,0.9,1.2,0.6,0.01,0.06,0.65,0.3,0.72,0.005,0.38,0.22,0.01,0.14,1.0,0.28
lqr,ground_truth,curvy,400.0,0.05,0.1,1.0,36.84918927028775,7.517667293548584,-57.44000244140625,15.358280965506781,4.086163478937662,-0.039963094434416396,0.0034327504067537262,0.039963094434416396,0.0034327504067537262,-0.0016365657793357968,0.0020340533228591084,1.0,0.0,19.444444444444443,28,22,4.663702487945557,RoadOption.STRAIGHT,18.181215286254883,-57.40439987182617,6.28277624563615,2.8,1.2,4.5,3.0,10.0,0.6,0.01,0.06,0.55,0.16,0.2,0.35,1.5,12,10.0,14.0,0.9,1.2,0.6,0.01,0.06,0.65,0.3,0.72,0.005,0.38,0.22,0.01,0.14,1.0,0.28
lqr,ground_truth,curvy,400.0,0.05,0.1,1.0,36.89918927103281,8.295122146606445,-57.43815612792969,15.676349847780346,3.7680945966640973,-0.037799643197808784,0.0029381909893535507,0.037799643197808784,0.0029381909893535507,-5.8147907111560926e-05,0.001578417872224236,1.0,0.0,19.444444444444443,29,23,4.886223793029785,RoadOption.STRAIGHT,19.181215286254883,-57.404808044433594,6.28277624563615,2.8,1.2,4.5,3.0,10.0,0.6,0.01,0.06,0.55,0.16,0.2,0.35,1.5,12,10.0,14.0,0.9,1.2,0.6,0.01,0.06,0.65,0.3,0.72,0.005,0.38,0.22,0.01,0.14,1.0,0.28
lqr,ground_truth,curvy,400.0,0.05,0.1,1.0,36.94918927177787,9.088459014892578,-57.43631362915039,15.993713380187254,3.450731064257189,-0.03563350993666666,0.0025883860805429038,0.03563350993666666,0.0025883860805429038,0.0009023072198033333,0.0009604551269148942,1.0,0.0,19.444444444444443,29,24,5.092865943908691,RoadOption.STRAIGHT,19.181215286254883,-57.404808044433594,6.28277624563615,2.8,1.2,4.5,3.0,10.0,0.6,0.01,0.06,0.55,0.16,0.2,0.35,1.5,12,10.0,14.0,0.9,1.2,0.6,0.01,0.06,0.65,0.3,0.72,0.005,0.38,0.22,0.01,0.14,1.0,0.28
lqr,ground_truth,curvy,400.0,0.05,0.1,1.0,36.999189272522926,9.89764404296875,-57.43441390991211,16.310381629622825,3.1340628148216183,-0.03340278439004729,0.0024567410084257446,0.03340278439004729,0.0024567410084257446,0.0001506736734881997,-0.0007516335463151336,1.0,0.0,19.444444444444443,30,24,4.283687591552734,RoadOption.STRAIGHT,20.181215286254883,-57.405216217041016,6.28277624563615,2.8,1.2,4.5,3.0,10.0,0.6,0.01,0.06,0.55,0.16,0.2,0.35,1.5,12,10.0,14.0,0.9,1.2,0.6,0.01,0.06,0.65,0.3,0.72,0.005,0.38,0.22,0.01,0.14,1.0,0.28
lqr,ground_truth,curvy,400.0,0.05,0.1,1.0,37.049189273267984,10.72264289855957,-57.43251419067383,16.6263679959194,2.8180764485250442,-0.03116266427672779,0.0024299953549338227,0.03116266427672779,0.0024299953549338227,-0.0006459943251684308,-0.0007966679986566305,1.0,0.0,19.444444444444443,31,25,4.458668231964111,RoadOption.STRAIGHT,21.181215286254883,-57.40562438964844,6.28277624563615,2.8,1.2,4.5,3.0,10.0,0.6,0.01,0.06,0.55,0.16,0.2,0.35,1.5,12,10.0,14.0,0.9,1.2,0.6,0.01,0.06,0.65,0.3,0.72,0.005,0.38,0.22,0.01,0.14,1.0,0.28
lqr,ground_truth,curvy,400.0,0.05,0.1,1.0,37.09918927401304,11.563419342041016,-57.43070983886719,16.941678062248602,2.5027663821958406,-0.029015272669853626,0.0023700532944239683,0.029015272669853626,0.0023700532944239683,-0.0014559391420334578,-0.000809944816865027,1.0,0.0,19.444444444444443,32,26,4.617876052856445,RoadOption.STRAIGHT,22.181215286254883,-57.40603256225586,6.28277624563615,2.8,1.2,4.5,3.0,10.0,0.6,0.01,0.06,0.55,0.16,0.2,0.35,1.5,12,10.0,14.0,0.9,1.2,0.6,0.01,0.06,0.65,0.3,0.72,0.005,0.38,0.22,0.01,0.14,1.0,0.28
lqr,ground_truth,curvy,400.0,0.05,0.1,1.0,37.1491892747581,12.419940948486328,-57.42908477783203,17.256308099229955,2.188136345214488,-0.027040730688867837,0.0021944062472254444,0.027040730688867837,0.0021944062472254444,-0.0010969596914947033,0.00035897945053875446,0.9853257536888123,0.0,19.444444444444443,33,27,4.761340618133545,RoadOption.STRAIGHT,23.181215286254883,-57.40644073486328,6.28277624563615,2.8,1.2,4.5,3.0,10.0,0.6,0.01,0.06,0.55,0.16,0.2,0.35,1.5,12,10.0,14.0,0.9,1.2,0.6,0.01,0.06,0.65,0.3,0.72,0.005,0.38,0.22,0.01,0.14,1.0,0.28
lqr,ground_truth,curvy,400.0,0.05,0.1,1.0,37.19918927550316,13.292149543762207,-57.42761993408203,17.56899317841977,1.8754512660246725,-0.025219989035949665,0.0019432715868399342,0.025219989035949665,0.0019432715868399342,-0.0006175122689455748,0.00047944742254912853,0.8000486493110657,0.0,19.444444444444443,34,28,4.889121055603027,RoadOption.STRAIGHT,24.181215286254883,-57.4068489074707,6.28277624563615,2.8,1.2,4.5,3.0,10.0,0.6,0.01,0.06,0.55,0.16,0.2,0.35,1.5,12,10.0,14.0,0.9,1.2,0.6,0.01,0.06,0.65,0.3,0.72,0.005,0.38,0.22,0.01,0.14,1.0,0.28
lqr,ground_truth,curvy,400.0,0.05,0.1,1.0,37.24918927624822,14.179630279541016,-57.42627716064453,17.86494947390551,1.5794949705389314,-0.023515070440126913,0.001698505106380921,0.023515070440126913,0.001698505106380921,6.420486170100048e-05,0.0006817171306465752,0.642549455165863,0.0,19.444444444444443,34,29,5.001631259918213,RoadOption.STRAIGHT,24.181215286254883,-57.4068489074707,6.28277624563615,2.8,1.2,4.5,3.0,10.0,0.6,0.01,0.06,0.55,0.16,0.2,0.35,1.5,12,10.0,14.0,0.9,1.2,0.6,0.01,0.06,0.65,0.3,0.72,0.005,0.38,0.22,0.01,0.14,1.0,0.28
lqr,ground_truth,curvy,400.0,0.05,0.1,1.0,37.299189276993275,15.080531120300293,-57.42500686645508,18.11214116297514,1.3323032814693043,-0.021876252478826998,0.0015303612034651692,0.021876252478826998,0.0015303612034651692,4.1567116568330675e-05,-2.2637745132669806e-05,0.5527519583702087,0.0,19.444444444444443,35,29,4.100734233856201,RoadOption.STRAIGHT,25.181215286254883,-57.40726089477539,6.28277624563615,2.8,1.2,4.5,3.0,10.0,0.6,0.01,0.06,0.55,0.16,0.2,0.35,1.5,12,10.0,14.0,0.9,1.2,0.6,0.01,0.06,0.65,0.3,0.72,0.005,0.38,0.22,0.01,0.14,1.0,0.28
lqr,ground_truth,curvy,400.0,0.05,0.1,1.0,37.34918927773833,15.991822242736816,-57.42380905151367,18.29374014642338,1.1507042980210613,-0.02030655245372555,0.0014358631323840854,0.02030655245372555,0.0014358631323840854,-0.00017164704331662506,-0.00021321415988495573,0.5225037932395935,0.0,19.444444444444443,36,30,4.18943452835083,RoadOption.STRAIGHT,26.181215286254883,-57.40766906738281,6.28277624563615,2.8,1.2,4.5,3.0,10.0,0.6,0.01,0.06,0.55,0.16,0.2,0.35,1.5,12,10.0,14.0,0.9,1.2,0.6,0.01,0.06,0.65,0.3,0.72,0.005,0.38,0.22,0.01,0.14,1.0,0.28
lqr,ground_truth,curvy,400.0,0.05,0.1,1.0,37.39918927848339,16.910263061523438,-57.42270278930664,18.413257909769296,1.0311865346751468,-0.01882548048959677,0.0013679644229869226,0.01882548048959677,0.0013679644229869226,-0.0004403293423820287,-0.00026868229906540364,0.5252906084060669,0.0,19.444444444444443,37,31,4.270986557006836,RoadOption.STRAIGHT,27.181215286254883,-57.408077239990234,6.28277624563615,2.8,1.2,4.5,3.0,10.0,0.6,0.01,0.06,0.55,0.16,0.2,0.35,1.5,12,10.0,14.0,0.9,1.2,0.6,0.01,0.06,0.65,0.3,0.72,0.005,0.38,0.22,0.01,0.14,1.0,0.28
lqr,ground_truth,curvy,400.0,0.05,0.1,1.0,37.44918927922845,17.83316421508789,-57.42172622680664,18.484881697101894,0.9595627473425488,-0.017472283670270247,0.0012855926424117925,0.017472283670270247,0.0012855926424117925,-0.0005050928448326886,-6.476350245065987e-05,0.539789080619812,0.0,19.444444444444443,38,32,4.348079681396484,RoadOption.STRAIGHT,28.181215286254883,-57.408485412597656,6.28277624563615,2.8,1.2,4.5,3.0,10.0,0.6,0.01,0.06,0.55,0.16,0.2,0.35,1.5,12,10.0,14.0,0.9,1.2,0.6,0.01,0.06,0.65,0.3,0.72,0.005,0.38,0.22,0.01,0.14,1.0,0.28
lqr,ground_truth,curvy,400.0,0.05,0.1,1.0,37.49918927997351,18.758621215820312,-57.42086410522461,18.524472051949843,0.9199723924945999,-0.01623248226057954,0.00117793292493662,0.01623248226057954,0.00117793292493662,-0.00035507671418599784,0.00015001613064669073,0.5544750094413757,0.0,19.444444444444443,39,33,4.4226179122924805,RoadOption.STRAIGHT,29.181215286254883,-57.40889358520508,6.28277624563615,2.8,1.2,4.5,3.0,10.0,0.6,0.01,0.06,0.55,0.16,0.2,0.35,1.5,12,10.0,14.0,0.9,1.2,0.6,0.01,0.06,0.65,0.3,0.72,0.005,0.38,0.22,0.01,0.14,1.0,0.28
lqr,ground_truth,curvy,400.0,0.05,0.1,1.0,37.549189280718565,19.685447692871094,-57.42010498046875,18.544888693777146,0.8995557506672966,-0.015095117468362543,0.0010645726383273768,0.015095117468362543,0.0010645726383273768,-0.00016678647079970688,0.00018829024338629097,0.5652334690093994,0.0,19.444444444444443,40,34,4.495787143707275,RoadOption.STRAIGHT,30.181215286254883,-57.4093017578125,6.28277624563615,2.8,1.2,4.5,3.0,10.0,0.6,0.01,0.06,0.55,0.16,0.2,0.35,1.5,12,10.0,14.0,0.9,1.2,0.6,0.01,0.06,0.65,0.3,0.72,0.005,0.38,0.22,0.01,0.14,1.0,0.28
lqr,ground_truth,curvy,400.0,0.05,0.1,1.0,37.59918928146362,20.61296272277832,-57.41943359375,18.554817431001776,0.8896270134426665,-0.014041394348481452,0.0009694899851817596,0.014041394348481452,0.0009694899851817596,-5.247734225122258e-05,0.0001143091285484843,0.571861743927002,0.0,19.444444444444443,41,35,4.568268775939941,RoadOption.STRAIGHT,31.181215286254883,-57.40970993041992,6.28277624563615,2.8,1.2,4.5,3.0,10.0,0.6,0.01,0.06,0.55,0.16,0.2,0.35,1.5,12,10.0,14.0,0.9,1.2,0.6,0.01,0.06,0.65,0.3,0.72,0.005,0.38,0.22,0.01,0.14,1.0,0.28
lqr,ground_truth,curvy,400.0,0.05,0.1,1.0,37.64918928220868,21.540807723999023,-57.418827056884766,18.559426855009058,0.8850175894353853,-0.01305620079506573,0.0009025042016848062,0.01305620079506573,0.0009025042016848062,-0.0001029122358886525,-5.043489363742992e-05,0.57547926902771,0.0,19.444444444444443,42,36,4.640421390533447,RoadOption.STRAIGHT,32.18121337890625,-57.410118103027344,6.28277624563615,2.8,1.2,4.5,3.0,10.0,0.6,0.01,0.06,0.55,0.16,0.2,0.35,1.5,12,10.0,14.0,0.9,1.2,0.6,0.01,0.06,0.65,0.3,0.72,0.005,0.38,0.22,0.01,0.14,1.0,0.28
lqr,ground_truth,curvy,400.0,0.05,0.1,1.0,37.69918928295374,22.468812942504883,-57.41827392578125,18.561508990212488,0.882935454231955,-0.012124347460172406,0.0008529668696848347,0.012124347460172406,0.0008529668696848347,-0.00021239199850242585,-0.00010947976261377335,0.5772626996040344,0.0,19.444444444444443,43,37,4.712413787841797,RoadOption.STRAIGHT,33.18121337890625,-57.410526275634766,6.28277624563615,2.8,1.2,4.5,3.0,10.0,0.6,0.01,0.06,0.55,0.16,0.2,0.35,1.5,12,10.0,14.0,0.9,1.2,0.6,0.01,0.06,0.65,0.3,0.72,0.005,0.38,0.22,0.01,0.14,1.0,0.28
lqr,ground_truth,curvy,400.0,0.05,0.1,1.0,37.7491892836988,23.39689064025879,-57.41780090332031,18.56244857424816,0.8819958701962811,-0.011272573112682616,0.00080269310472314,0.011272573112682616,0.00080269310472314,-0.00025663975975476205,-4.4247761252336204e-05,0.5780700445175171,0.0,19.444444444444443,44,38,4.784334182739258,RoadOption.STRAIGHT,34.18121337890625,-57.41093444824219,6.28277624563615,2.8,1.2,4.5,3.0,10.0,0.6,0.01,0.06,0.55,0.16,0.2,0.35,1.5,12,10.0,14.0,0.9,1.2,0.6,0.01,0.06,0.65,0.3,0.72,0.005,0.38,0.22,0.01,0.14,1.0,0.28
lqr,ground_truth,curvy,400.0,0.05,0.1,1.0,37.799189284443855,24.32500648498535,-57.417396545410156,18.56289427504906,0.881550169395382,-0.010489447705770136,0.0007436470652821825,0.010489447705770136,0.0007436470652821825,-0.0002093748771585524,4.7264882596209645e-05,0.5783952474594116,0.0,19.444444444444443,45,39,4.8562164306640625,RoadOption.STRAIGHT,35.18121337890625,-57.41134262084961,6.28277624563615,2.8,1.2,4.5,3.0,10.0,0.6,0.01,0.06,0.55,0.16,0.2,0.35,1.5,12,10.0,14.0,0.9,1.2,0.6,0.01,0.06,0.65,0.3,0.72,0.005,0.38,0.22,0.01,0.14,1.0,0.28
lqr,ground_truth,curvy,400.0,0.05,0.1,1.0,37.84918928518891,25.253143310546875,-57.417049407958984,18.563124645512165,0.8813197989322781,-0.009763534170602148,0.0006812860697280598,0.009763534170602148,0.0006812860697280598,-0.00012673146557062864,8.264341158792377e-05,0.5785154104232788,0.0,19.444444444444443,46,40,4.9280781745910645,RoadOption.STRAIGHT,36.18121337890625,-57.4117546081543,6.28277624563615,2.8,1.2,4.5,3.0,10.0,0.6,0.01,0.06,0.55,0.16,0.2,0.35,1.5,12,10.0,14.0,0.9,1.2,0.6,0.01,0.06,0.65,0.3,0.72,0.005,0.38,0.22,0.01,0.14,1.0,0.28
lqr,ground_truth,curvy,400.0,0.05,0.1,1.0,37.89918928593397,26.181291580200195,-57.41676330566406,18.563259806023687,0.8811846384207556,-0.009098651105239889,0.0006256406971454354,0.009098651105239889,0.0006256406971454354,-7.28827144484967e-05,5.3848751122131944e-05,0.5785486102104187,0.0,19.444444444444443,47,41,4.999928951263428,RoadOption.STRAIGHT,37.18121337890625,-57.41216278076172,6.28277624563615,2.8,1.2,4.5,3.0,10.0,0.6,0.01,0.06,0.55,0.16,0.2,0.35,1.5,12,10.0,14.0,0.9,1.2,0.6,0.01,0.06,0.65,0.3,0.72,0.005,0.38,0.22,0.01,0.14,1.0,0.28
lqr,ground_truth,curvy,400.0,0.05,0.1,1.0,37.94918928667903,27.10944366455078,-57.41651916503906,18.563345455538453,0.8810989889059897,-0.008475727365619893,0.0005818356308369133,0.008475727365619893,0.0005818356308369133,-7.804087363183498e-05,-5.1581591833382845e-06,0.5785565972328186,0.0,19.444444444444443,47,42,5.071774005889893,RoadOption.STRAIGHT,37.18121337890625,-57.41216278076172,6.28277624563615,2.8,1.2,4.5,3.0,10.0,0.6,0.01,0.06,0.55,0.16,0.2,0.35,1.5,12,10.0,14.0,0.9,1.2,0.6,0.01,0.06,0.65,0.3,0.72,0.005,0.38,0.22,0.01,0.14,1.0,0.28
lqr,ground_truth,curvy,400.0,0.05,0.1,1.0,37.99918928742409,28.03761100769043,-57.41631317138672,18.56340442604352,0.8810400184009239,-0.007890056175147158,0.0005469006757197192,0.007890056175147158,0.0005469006757197192,-0.0001148064256994985,-3.676555206766352e-05,0.5785532593727112,0.0,19.444444444444443,48,42,4.1436076164245605,RoadOption.STRAIGHT,38.18121337890625,-57.41257095336914,6.28277624563615,2.8,1.2,4.5,3.0,10.0,0.6,0.01,0.06,0.55,0.16,0.2,0.35,1.5,12,10.0,14.0,0.9,1.2,0.6,0.01,0.06,0.65,0.3,0.72,0.005,0.38,0.22,0.01,0.14,1.0,0.28
lqr,ground_truth,curvy,400.0,0.05,0.1,1.0,38.049189288169146,28.965778350830078,-57.416141510009766,18.563446247380767,0.8809981970636755,-0.007339606215949335,0.0005139887493772477,0.007339606215949335,0.0005139887493772477,-0.00013872804993297905,-2.3921624233480543e-05,0.5785487294197083,0.0,19.444444444444443,49,43,4.215439319610596,RoadOption.STRAIGHT,39.18121337890625,-57.41297912597656,6.28277624563615,2.8,1.2,4.5,3.0,10.0,0.6,0.01,0.06,0.55,0.16,0.2,0.35,1.5,12,10.0,14.0,0.9,1.2,0.6,0.01,0.06,0.65,0.3,0.72,0.005,0.38,0.22,0.01,0.14,1.0,0.28
lqr,ground_truth,curvy,400.0,0.05,0.1,1.0,38.099189288914204,29.893949508666992,-57.416019439697266,18.56347475257465,0.8809696918697938,-0.00683874575660966,0.00047873264310460684,0.00683874575660966,0.00047873264310460684,-0.0001231227070093155,1.5605342923663557e-05,0.5785475969314575,0.0,19.444444444444443,50,44,4.287267684936523,RoadOption.STRAIGHT,40.18121337890625,-57.413387298583984,6.28277624563615,2.8,1.2,4.5,3.0,10.0,0.6,0.01,0.06,0.55,0.16,0.2,0.35,1.5,12,10.0,14.0,0.9,1.2,0.6,0.01,0.06,0.65,0.3,0.72,0.005,0.38,0.22,0.01,0.14,1.0,0.28
lqr,ground_truth,curvy,400.0,0.05,0.1,1.0,38.14918928965926,30.822118759155273,-57.415931701660156,18.563495673049033,0.8809487713954098,-0.006372218350011131,0.000442291717448029,0.006372218350011131,0.000442291717448029,-0.00010158147779293358,2.1541229216381907e-05,0.5785441398620605,0.0,19.444444444444443,51,45,4.359097480773926,RoadOption.STRAIGHT,41.18121337890625,-57.413795471191406,6.28277624563615,2.8,1.2,4.5,3.0,10.0,0.6,0.01,0.06,0.55,0.16,0.2,0.35,1.5,12,10.0,14.0,0.9,1.2,0.6,0.01,0.06,0.65,0.3,0.72,0.005,0.38,0.22,0.01,0.14,1.0,0.28
lqr,ground_truth,curvy,400.0,0.05,0.1,1.0,38.19918929040432,31.75029182434082,-57.4158821105957,18.5635089952425,0.8809354492019423,-0.005940021655484885,0.0004074636467823467,0.005940021655484885,0.0004074636467823467,-5.102632712805644e-05,5.0555150664877146e-05,0.5785452723503113,0.0,19.444444444444443,52,46,4.430923938751221,RoadOption.STRAIGHT,42.18121337890625,-57.41420364379883,6.28277624563615,2.8,1.2,4.5,3.0,10.0,0.6,0.01,0.06,0.55,0.16,0.2,0.35,1.5,12,10.0,14.0,0.9,1.2,0.6,0.01,0.06,0.65,0.3,0.72,0.005,0.38,0.22,0.01,0.14,1.0,0.28
lqr,ground_truth,curvy,400.0,0.05,0.1,1.0,38.24918929114938,32.678462982177734,-57.41585922241211,18.563518524376537,0.8809259200679058,-0.005538343316753321,0.00037870150904151245,0.005538343316753321,0.00037870150904151245,-4.853412974625826e-05,2.492197381798178e-06,0.5785441398620605,0.0,19.444444444444443,53,47,4.502752304077148,RoadOption.STRAIGHT,43.18121337890625,-57.41461181640625,6.28277624563615,2.8,1.2,4.5,3.0,10.0,0.6,0.01,0.06,0.55,0.16,0.2,0.35,1.5,12,10.0,14.0,0.9,1.2,0.6,0.01,0.06,0.65,0.3,0.72,0.005,0.38,0.22,0.01,0.14,1.0,0.28
lqr,ground_truth,curvy,400.0,0.05,0.1,1.0,38.299189291894436,33.60663604736328,-57.41585922241211,18.563524249809507,0.8809201946349354,-0.0051595523794775965,0.000355798325698764,0.0051595523794775965,0.000355798325698764,-6.943498010514304e-05,-2.090085035888478e-05,0.5785452723503113,0.0,19.444444444444443,54,48,4.574579238891602,RoadOption.STRAIGHT,44.18121337890625,-57.41501998901367,6.28277624563615,2.8,1.2,4.5,3.0,10.0,0.6,0.01,0.06,0.55,0.16,0.2,0.35,1.5,12,10.0,14.0,0.9,1.2,0.6,0.01,0.06,0.65,0.3,0.72,0.005,0.38,0.22,0.01,0.14,1.0,0.28
lqr,ground_truth,curvy,400.0,0.05,0.1,1.0,38.349189292639494,34.53480911254883,-57.41588592529297,18.563529988744126,0.8809144557003172,-0.004807464320827134,0.00033502566513199383,0.004807464320827134,0.00033502566513199383,-8.58746498124674e-05,-1.6439669707324356e-05,0.5785418152809143,0.0,19.444444444444443,55,49,4.6464056968688965,RoadOption.STRAIGHT,45.18121337890625,-57.415428161621094,6.28277624563615,2.8,1.2,4.5,3.0,10.0,0.6,0.01,0.06,0.55,0.16,0.2,0.35,1.5,12,10.0,14.0,0.9,1.2,0.6,0.01,0.06,0.65,0.3,0.72,0.005,0.38,0.22,0.01,0.14,1.0,0.28
lqr,ground_truth,curvy,400.0,0.05,0.1,1.0,38.39918929338455,35.462982177734375,-57.41593551635742,18.563531928181167,0.880912516263276,-0.004478264443855465,0.00031265512010314467,0.004478264443855465,0.00031265512010314467,-8.044917194638401e-05,5.4254778660833836e-06,0.5785451531410217,0.0,19.444444444444443,56,50,4.718232154846191,RoadOption.STRAIGHT,46.18121337890625,-57.41584014892578,6.28277624563615,2.8,1.2,4.5,3.0,10.0,0.6,0.01,0.06,0.55,0.16,0.2,0.35,1.5,12,10.0,14.0,0.9,1.2,0.6,0.01,0.06,0.65,0.3,0.72,0.005,0.38,0.22,0.01,0.14,1.0,0.28
lqr,ground_truth,curvy,400.0,0.05,0.1,1.0,38.44918929412961,36.39115524291992,-57.41600799560547,18.563531969617923,0.8809124748265198,-0.004171952748562592,0.000289751934728244,0.004171952748562592,0.000289751934728244,-6.262488022912294e-05,1.7824291717261076e-05,0.5785474181175232,0.0,19.444444444444443,57,51,4.7900590896606445,RoadOption.STRAIGHT,47.18121337890625,-57.4162483215332,6.28277624563615,2.8,1.2,4.5,3.0,10.0,0.6,0.01,0.06,0.55,0.16,0.2,0.35,1.5,12,10.0,14.0,0.9,1.2,0.6,0.01,0.06,0.65,0.3,0.72,0.005,0.38,0.22,0.01,0.14,1.0,0.28
lqr,ground_truth,curvy,400.0,0.05,0.1,1.0,38.49918929487467,37.31932830810547,-57.416107177734375,18.563532013443307,0.8809124310011356,-0.003892343931894978,0.0002679140056622842,0.003892343931894978,0.0002679140056622842,-4.378928497317247e-05,1.8835595255950466e-05,0.5785474181175232,0.0,19.444444444444443,58,52,4.861886024475098,RoadOption.STRAIGHT,48.18121337890625,-57.416656494140625,6.28277624563615,2.8,1.2,4.5,3.0,10.0,0.6,0.01,0.06,0.55,0.16,0.2,0.35,1.5,12,10.0,14.0,0.9,1.2,0.6,0.01,0.06,0.65,0.3,0.72,0.005,0.38,0.22,0.01,0.14,1.0,0.28
lqr,ground_truth,curvy,400.0,0.05,0.1,1.0,38.549189295619726,38.247501373291016,-57.41621780395508,18.56353205614322,0.8809123883012226,-0.0036241792060667617,0.00024873926206847585,0.0036241792060667617,0.00024873926206847585,-3.91419162042439e-05,4.6473687689285725e-06,0.5785473585128784,0.0,19.444444444444443,59,53,4.933712482452393,RoadOption.STRAIGHT,49.18121337890625,-57.41706466674805,6.28277624563615,2.8,1.2,4.5,3.0,10.0,0.6,0.01,0.06,0.55,0.16,0.2,0.35,1.5,12,10.0,14.0,0.9,1.2,0.6,0.01,0.06,0.65,0.3,0.72,0.005,0.38,0.22,0.01,0.14,1.0,0.28
lqr,ground_truth,curvy,400.0,0.05,0.1,1.0,38.599189296364784,39.17567443847656,-57.41635513305664,18.563532102192543,0.8809123422519001,-0.0033827173588638062,0.00023276027927288112,0.0033827173588638062,0.00023276027927288112,-4.2346677219029516e-05,-3.2047610147856176e-06,0.5785473585128784,0.0,19.444444444444443,59,54,5.005539417266846,RoadOption.STRAIGHT,49.18121337890625,-57.41706466674805,6.28277624563615,2.8,1.2,4.5,3.0,10.0,0.6,0.01,0.06,0.55,0.16,0.2,0.35,1.5,12,10.0,14.0,0.9,1.2,0.6,0.01,0.06,0.65,0.3,0.72,0.005,0.38,0.22,0.01,0.14,1.0,0.28
lqr,ground_truth,curvy,400.0,0.05,0.1,1.0,38.64918929710984,40.10384750366211,-57.41650390625,18.56353215372333,0.8809122907211133,-0.0031518106437435287,0.00021837922564138523,0.0031518106437435287,0.00021837922564138523,-4.900525891571306e-05,-6.658581696683541e-06,0.5785472989082336,0.0,19.444444444444443,60,54,4.077366352081299,RoadOption.STRAIGHT,50.18121337890625,-57.41747283935547,6.28277624563615,2.8,1.2,4.5,3.0,10.0,0.6,0.01,0.06,0.55,0.16,0.2,0.35,1.5,12,10.0,14.0,0.9,1.2,0.6,0.01,0.06,0.65,0.3,0.72,0.005,0.38,0.22,0.01,0.14,1.0,0.28
lqr,ground_truth,curvy,400.0,0.05,0.1,1.0,38.6991892978549,41.03202438354492,-57.41666793823242,18.563532211727427,0.8809122327170158,-0.0029370501147199255,0.00020399815575533609,0.0029370501147199255,0.00020399815575533609,-6.053414472262375e-05,-1.1528885806910694e-05,0.5785472989082336,0.0,19.444444444444443,61,55,4.149189472198486,RoadOption.STRAIGHT,51.18121337890625,-57.41788101196289,6.28277624563615,2.8,1.2,4.5,3.0,10.0,0.6,0.01,0.06,0.55,0.16,0.2,0.35,1.5,12,10.0,14.0,0.9,1.2,0.6,0.01,0.06,0.65,0.3,0.72,0.005,0.38,0.22,0.01,0.14,1.0,0.28
lqr,ground_truth,curvy,400.0,0.05,0.1,1.0,38.74918929859996,41.96019744873047,-57.41685485839844,18.563532279949715,0.8809121644947275,-0.0027413646308745597,0.0001885518214326254,0.0027413646308745597,0.0001885518214326254,-2.7551383027457632e-05,3.298276169516612e-05,0.5785472393035889,0.0,19.444444444444443,62,56,4.2210164070129395,RoadOption.STRAIGHT,52.18121337890625,-57.41828918457031,6.28277624563615,2.8,1.2,4.5,3.0,10.0,0.6,0.01,0.06,0.55,0.16,0.2,0.35,1.5,12,10.0,14.0,0.9,1.2,0.6,0.01,0.06,0.65,0.3,0.72,0.005,0.38,0.22,0.01,0.14,1.0,0.28
lqr,ground_truth,curvy,400.0,0.05,0.1,1.0,38.79918929934502,42.88837432861328,-57.41704559326172,18.563532324446033,0.8809121199984098,-0.0025533069804762176,0.00017470338376401884,0.0025533069804762176,0.00017470338376401884,-2.3072278054314665e-05,4.479104973142967e-06,0.5785472393035889,0.0,19.444444444444443,63,57,4.292839527130127,RoadOption.STRAIGHT,53.18121337890625,-57.418697357177734,6.28277624563615,2.8,1.2,4.5,3.0,10.0,0.6,0.01,0.06,0.55,0.16,0.2,0.35,1.5,12,10.0,14.0,0.9,1.2,0.6,0.01,0.06,0.65,0.3,0.72,0.005,0.38,0.22,0.01,0.14,1.0,0.28
lqr,ground_truth,curvy,400.0,0.05,0.1,1.0,38.849189300090075,43.81654739379883,-57.41725540161133,18.56353236966952,0.8809120747749226,-0.0023843243752561124,0.0001640506906399608,0.0023843243752561124,0.0001640506906399608,-2.9088467272231355e-05,-6.01618921791669e-06,0.5785471796989441,0.0,19.444444444444443,64,58,4.36466646194458,RoadOption.STRAIGHT,54.18121337890625,-57.419105529785156,6.28277624563615,2.8,1.2,4.5,3.0,10.0,0.6,0.01,0.06,0.55,0.16,0.2,0.35,1.5,12,10.0,14.0,0.9,1.2,0.6,0.01,0.06,0.65,0.3,0.72,0.005,0.38,0.22,0.01,0.14,1.0,0.28
lqr,ground_truth,curvy,400.0,0.05,0.1,1.0,38.89918930083513,44.744720458984375,-57.41747283935547,18.563532421277937,0.8809120231665055,-0.002222971163928939,0.00015393067849789333,0.002222971163928939,0.00015393067849789333,-3.446130358497612e-05,-5.3728363127447665e-06,0.5785471796989441,0.0,19.444444444444443,65,59,4.436493396759033,RoadOption.STRAIGHT,55.18121337890625,-57.41951370239258,6.28277624563615,2.8,1.2,4.5,3.0,10.0,0.6,0.01,0.06,0.55,0.16,0.2,0.35,1.5,12,10.0,14.0,0.9,1.2,0.6,0.01,0.06,0.65,0.3,0.72,0.005,0.38,0.22,0.01,0.14,1.0,0.28
lqr,ground_truth,curvy,400.0,0.05,0.1,1.0,38.94918930158019,45.67289352416992,-57.41769790649414,18.56353819883679,0.8809062456076546,-0.0020692473464946964,0.00014434333108237496,0.0020692473464946964,0.00014434333108237496,-3.7308087485143915e-05,-2.846783900167793e-06,0.5785368084907532,0.0,19.444444444444443,66,60,4.508320331573486,RoadOption.STRAIGHT,56.18121337890625,-57.419925689697266,6.28277624563615,2.8,1.2,4.5,3.0,10.0,0.6,0.01,0.06,0.55,0.16,0.2,0.35,1.5,12,10.0,14.0,0.9,1.2,0.6,0.01,0.06,0.65,0.3,0.72,0.005,0.38,0.22,0.01,0.14,1.0,0.28
lqr,ground_truth,curvy,400.0,0.05,0.1,1.0,38.99918930232525,46.60106658935547,-57.417938232421875,18.563538256007984,0.43090618843645956,-0.0019307823168463172,0.00013422331894030748,0.0019307823168463172,0.00013422331894030748,-3.0564078770112246e-05,6.7440087150316685e-06,0.0,0.23145635426044464,18.994444444444444,67,61,4.5801472663879395,RoadOption.STRAIGHT,57.18121337890625,-57.42033386230469,6.28277624563615,2.8,1.2,4.5,3.0,10.0,0.6,0.01,0.06,0.55,0.16,0.2,0.35,1.5,12,10.0,14.0,0.9,1.2,0.6,0.01,0.06,0.65,0.3,0.72,0.005,0.38,0.22,0.01,0.14,1.0,0.28
lqr,ground_truth,curvy,400.0,0.05,0.1,1.0,39.04918930307031,47.52857208251953,-57.418182373046875,18.528609029141606,0.015835415302838385,-0.0017964050621782517,0.00012410330679824,0.0017964050621782517,0.00012410330679824,-2.3497997972299345e-05,7.0660807978129014e-06,0.0,0.4385836720466614,18.544444444444444,68,62,4.652641773223877,RoadOption.STRAIGHT,58.18121337890625,-57.42074203491211,6.28277624563615,2.8,1.2,4.5,3.0,10.0,0.6,0.01,0.06,0.55,0.16,0.2,0.35,1.5,12,10.0,14.0,0.9,1.2,0.6,0.01,0.06,0.65,0.3,0.72,0.005,0.38,0.22,0.01,0.14,1.0,0.28
lqr,ground_truth,curvy,400.0,0.05,0.1,1.0,39.099189303815365,48.45091247558594,-57.4184455871582,18.376559047357823,-0.28211460291337787,-0.0016832141360015435,0.00011558119130938849,0.0016832141360015435,0.00011558119130938849,-1.7914273485075682e-05,5.5837244872236624e-06,0.0,0.4769498407840729,18.094444444444445,69,63,4.730301380157471,RoadOption.STRAIGHT,59.18121337890625,-57.42115020751953,6.28277624563615,2.8,1.2,4.5,3.0,10.0,0.6,0.01,0.06,0.55,0.16,0.2,0.35,1.5,12,10.0,14.0,0.9,1.2,0.6,0.01,0.06,0.65,0.3,0.72,0.005,0.38,0.22,0.01,0.14,1.0,0.28
lqr,ground_truth,curvy,400.0,0.05,0.1,1.0,39.14918930456042,49.3625373840332,-57.41870880126953,18.12969475532356,-0.11339973975454498,-0.0015744065023795691,0.00010812437276719322,0.0015744065023795691,0.00010812437276719322,-1.7885440684040077e-05,2.883280103560537e-08,0.18422023952007294,0.0,18.016295015569014,70,64,4.818676471710205,RoadOption.STRAIGHT,60.181209564208984,-57.42155838012695,6.28277624563615,2.8,1.2,4.5,3.0,10.0,0.6,0.01,0.06,0.55,0.16,0.2,0.35,1.5,12,10.0,14.0,0.9,1.2,0.6,0.01,0.06,0.65,0.3,0.72,0.005,0.38,0.22,0.01,0.14,1.0,0.28
lqr,ground_truth,curvy,400.0,0.05,0.1,1.0,39.19918930530548,50.26071548461914,-57.41897964477539,17.860895952730935,0.1524940018293961,-0.001478728834475175,0.00010173272113167542,0.001478728834475175,0.00010173272113167542,-3.094529529334977e-05,-1.3059854609309696e-05,0.46044737100601196,0.0,18.01338995456033,71,65,4.920498371124268,RoadOption.STRAIGHT,61.181209564208984,-57.421966552734375,6.28277624563615,2.8,1.2,4.5,3.0,10.0,0.6,0.01,0.06,0.55,0.16,0.2,0.35,1.5,12,10.0,14.0,0.9,1.2,0.6,0.01,0.06,0.65,0.3,0.72,0.005,0.38,0.22,0.01,0.14,1.0,0.28
lqr,ground_truth,curvy,400.0,0.05,0.1,1.0,39.24918930605054,51.146610260009766,-57.41924285888672,17.62893378799912,0.3866835898676655,-0.0013766317115541829,9.534119953436004e-05,0.0013766317115541829,9.534119953436004e-05,-1.4877587091177702e-05,1.606770820217207e-05,0.563037633895874,0.0,18.015617377866786,71,66,5.034603595733643,RoadOption.STRAIGHT,61.181209564208984,-57.421966552734375,6.28277624563615,2.8,1.2,4.5,3.0,10.0,0.6,0.01,0.06,0.55,0.16,0.2,0.35,1.5,12,10.0,14.0,0.9,1.2,0.6,0.01,0.06,0.65,0.3,0.72,0.005,0.38,0.22,0.01,0.14,1.0,0.28
lqr,ground_truth,curvy,400.0,0.05,0.1,1.0,39.2991893067956,52.02239990234375,-57.41950988769531,17.45015230025859,0.5654650776081951,-0.0012854086449789043,8.948231015448727e-05,0.0012854086449789043,8.948231015448727e-05,6.922127340658335e-06,2.1799714431836037e-05,0.60381680727005,0.0,18.015617377866786,72,66,4.158813953399658,RoadOption.STRAIGHT,62.181209564208984,-57.4223747253418,6.28277624563615,2.8,1.2,4.5,3.0,10.0,0.6,0.01,0.06,0.55,0.16,0.2,0.35,1.5,12,10.0,14.0,0.9,1.2,0.6,0.01,0.06,0.65,0.3,0.72,0.005,0.38,0.22,0.01,0.14,1.0,0.28
lqr,ground_truth,curvy,400.0,0.05,0.1,1.0,39.349189307540655,52.89112854003906,-57.41978073120117,17.331324481937273,0.6815287036385627,-0.0012017776194819677,8.628645182806594e-05,0.0012017776194819677,8.628645182806594e-05,-1.3343701539270114e-05,-2.026582887992845e-05,0.5981935858726501,0.0,18.012853185575835,73,67,4.290085315704346,RoadOption.STRAIGHT,63.181209564208984,-57.42278289794922,6.28277624563615,2.8,1.2,4.5,3.0,10.0,0.6,0.01,0.06,0.55,0.16,0.2,0.35,1.5,12,10.0,14.0,0.9,1.2,0.6,0.01,0.06,0.65,0.3,0.72,0.005,0.38,0.22,0.01,0.14,1.0,0.28
lqr,ground_truth,curvy,400.0,0.05,0.1,1.0,39.39918930828571,53.75539016723633,-57.420047760009766,17.258860520768508,0.7574267640588843,-0.0011161591791964836,8.362332324729493e-05,0.0011161591791964836,8.362332324729493e-05,-3.2657299016136676e-05,-1.9313597476866562e-05,0.5955337285995483,0.0,18.016287284827392,74,68,4.42582368850708,RoadOption.STRAIGHT,64.18121337890625,-57.42319107055664,6.28277624563615,2.8,1.2,4.5,3.0,10.0,0.6,0.01,0.06,0.55,0.16,0.2,0.35,1.5,12,10.0,14.0,0.9,1.2,0.6,0.01,0.06,0.65,0.3,0.72,0.005,0.38,0.22,0.01,0.14,1.0,0.28
lqr,ground_truth,curvy,400.0,0.05,0.1,1.0,39.44918930903077,54.617034912109375,-57.420326232910156,17.21773050139355,0.7938985561174903,-0.0010430552956430805,7.936226550331327e-05,0.0010430552956430805,7.936226550331327e-05,-3.3525811886647716e-05,-8.685128705110401e-07,0.570105254650116,0.0,18.01162905751104,75,69,4.564178943634033,RoadOption.STRAIGHT,65.18121337890625,-57.42359924316406,6.28277624563615,2.8,1.2,4.5,3.0,10.0,0.6,0.01,0.06,0.55,0.16,0.2,0.35,1.5,12,10.0,14.0,0.9,1.2,0.6,0.01,0.06,0.65,0.3,0.72,0.005,0.38,0.22,0.01,0.14,1.0,0.28
lqr,ground_truth,curvy,400.0,0.05,0.1,1.0,39.49918930977583,55.47724533081055,-57.42061996459961,17.195347808484954,0.8180421460753777,-0.0009857953670909286,7.297064637779016e-05,0.0009857953670909286,7.297064637779016e-05,-1.658510518609546e-05,1.6940706700552255e-05,0.5697975754737854,0.0,18.01338995456033,76,70,4.703964710235596,RoadOption.STRAIGHT,66.06481170654297,-57.41557312011719,0.02175243346765821,2.8,1.2,4.5,3.0,10.0,0.6,0.01,0.06,0.55,0.16,0.2,0.35,1.5,12,10.0,14.0,0.9,1.2,0.6,0.01,0.06,0.65,0.3,0.72,0.005,0.38,0.22,0.01,0.14,1.0,0.28
lqr,ground_truth,curvy,400.0,0.05,0.1,1.0,39.54918931052089,56.33664321899414,-57.42090606689453,17.182868049390066,0.8287142724256995,-0.0009212399800700931,6.657905976137357e-05,0.0009212399800700931,6.657905976137357e-05,-5.724696165998466e-06,1.0860409020096995e-05,0.5600351095199585,0.0,18.011582321815766,77,71,4.844566822052002,RoadOption.STRAIGHT,66.93106842041016,-57.3857307434082,0.047124901805061126,2.8,1.2,4.5,3.0,10.0,0.6,0.01,0.06,0.55,0.16,0.2,0.35,1.5,12,10.0,14.0,0.9,1.2,0.6,0.01,0.06,0.65,0.3,0.72,0.005,0.38,0.22,0.01,0.14,1.0,0.28
lqr,ground_truth,curvy,400.0,0.05,0.1,1.0,39.599189311265945,57.19560241699219,-57.421199798583984,17.176144659926422,0.8367085256494136,-0.0008644934382215749,6.178536979906113e-05,0.0008644934382215749,6.178536979906113e-05,-2.97694850814878e-06,2.7477476578496862e-06,0.5616182088851929,0.0,18.012853185575835,78,72,4.985607624053955,RoadOption.STRAIGHT,67.7962875366211,-57.33391571044922,0.07249763645857306,2.8,1.2,4.5,3.0,10.0,0.6,0.01,0.06,0.55,0.16,0.2,0.35,1.5,12,10.0,14.0,0.9,1.2,0.6,0.01,0.06,0.65,0.3,0.72,0.005,0.38,0.22,0.01,0.14,1.0,0.28
lqr,ground_truth,curvy,400.0,0.05,0.1,1.0,39.649189312011,58.0543098449707,-57.42149353027344,17.172381475685924,0.840906248633619,-0.0008078498858029651,5.858957649174101e-05,0.0008078498858029651,5.858957649174101e-05,-9.248336027667392e-06,-6.271387519518612e-06,0.5595810413360596,0.0,18.013287724319543,79,73,5.1269001960754395,RoadOption.STRAIGHT,68.659912109375,-57.260169982910156,0.09787010479597598,2.8,1.2,4.5,3.0,10.0,0.6,0.01,0.06,0.55,0.16,0.2,0.35,1.5,12,10.0,14.0,0.9,1.2,0.6,0.01,0.06,0.65,0.3,0.72,0.005,0.38,0.22,0.01,0.14,1.0,0.28
lqr,ground_truth,curvy,400.0,0.05,0.1,1.0,39.69918931275606,58.91289520263672,-57.42178726196289,17.170611478942313,0.8410175785687279,-0.0007512578280993096,5.59263828918688e-05,0.0007512578280993096,5.59263828918688e-05,-1.685591632849537e-05,-7.607580300827976e-06,0.5547441244125366,0.0,18.01162905751104,80,74,5.2683186531066895,RoadOption.STRAIGHT,69.52140045166016,-57.1645393371582,0.1232428394494879,2.8,1.2,4.5,3.0,10.0,0.6,0.01,0.06,0.55,0.16,0.2,0.35,1.5,12,10.0,14.0,0.9,1.2,0.6,0.01,0.06,0.65,0.3,0.72,0.005,0.38,0.22,0.01,0.14,1.0,0.28
lqr,ground_truth,curvy,400.0,0.05,0.1,1.0,39.74918931350112,59.77140808105469,-57.42207336425781,17.169465192309644,0.8439247622506869,-0.0006870644645290615,5.273062209276702e-05,0.0006870644645290615,5.273062209276702e-05,0.03155186399817467,0.03156871991450316,0.5598434805870056,0.0,18.01338995456033,81,75,5.409805774688721,RoadOption.STRAIGHT,70.38017272949219,-57.047080993652344,0.14861557410299983,2.8,1.2,4.5,3.0,10.0,0.6,0.01,0.06,0.55,0.16,0.2,0.35,1.5,12,10.0,14.0,0.9,1.2,0.6,0.01,0.06,0.65,0.3,0.72,0.005,0.38,0.22,0.01,0.14,1.0,0.28
lqr,ground_truth,curvy,400.0,0.05,0.1,1.0,39.79918931424618,60.629783630371094,-57.41975402832031,17.166166563043994,0.8454157587717717,0.11403584434188054,-0.01973423004646424,0.11403584434188054,0.01973423004646424,0.1460363268852234,0.11448446288704872,0.5590386390686035,0.0,18.011582321815766,82,76,5.435029983520508,RoadOption.STRAIGHT,71.23568725585938,-56.907875061035156,0.17398830875651175,2.8,1.2,4.5,3.0,10.0,0.6,0.01,0.06,0.55,0.16,0.2,0.35,1.5,12,10.0,14.0,0.9,1.2,0.6,0.01,0.06,0.65,0.3,0.72,0.005,0.38,0.22,0.01,0.14,1.0,0.28
lqr,ground_truth,curvy,400.0,0.05,0.1,1.0,39.849189314991236,61.48728561401367,-57.40861129760742,17.137538155446688,0.8753150301291477,0.233587636610039,-0.035519267094902496,0.233587636610039,0.035519267094902496,0.20392057299613953,0.05788424611091614,0.6110681295394897,0.0,18.012853185575835,83,77,5.443830966949463,RoadOption.STRAIGHT,72.08740234375,-56.74700927734375,0.19936104341002367,2.8,1.2,4.5,3.0,10.0,0.6,0.01,0.06,0.55,0.16,0.2,0.35,1.5,12,10.0,14.0,0.9,1.2,0.6,0.01,0.06,0.65,0.3,0.72,0.005,0.38,0.22,0.01,0.14,1.0,0.28
lqr,ground_truth,curvy,400.0,0.05,0.1,1.0,39.899189315736294,62.34174346923828,-57.379051208496094,17.08068566015832,0.9326020641612232,0.3500783071821625,-0.038235059946321925,0.3500783071821625,0.038235059946321925,0.17401468753814697,-0.029905885457992554,0.6783056855201721,0.0,18.013287724319543,84,78,5.454730987548828,RoadOption.STRAIGHT,72.93476104736328,-56.56459045410156,0.2247335117474266,2.8,1.2,4.5,3.0,10.0,0.6,0.01,0.06,0.55,0.16,0.2,0.35,1.5,12,10.0,14.0,0.9,1.2,0.6,0.01,0.06,0.65,0.3,0.72,0.005,0.38,0.22,0.01,0.14,1.0,0.28
lqr,ground_truth,curvy,400.0,0.05,0.1,1.0,39.94918931648135,63.19347381591797,-57.32892608642578,17.063727108868097,0.9479019486429436,0.4657201340061986,-0.03170845314345927,0.4657201340061986,0.03170845314345927,0.09279416501522064,-0.08122052252292633,0.6371010541915894,0.0,18.01162905751104,85,79,5.46687126159668,RoadOption.STRAIGHT,73.77721405029297,-56.36072540283203,0.25010624640093854,2.8,1.2,4.5,3.0,10.0,0.6,0.01,0.06,0.55,0.16,0.2,0.35,1.5,12,10.0,14.0,0.9,1.2,0.6,0.01,0.06,0.65,0.3,0.72,0.005,0.38,0.22,0.01,0.14,1.0,0.28
lqr,ground_truth,curvy,400.0,0.05,0.1,1.0,39.99918931722641,64.04485321044922,-57.261322021484375,17.095690082725277,0.9176998718350546,0.5771893205416762,-0.024715025410424918,0.5771893205416762,0.024715025410424918,0.02115630730986595,-0.07163785770535469,0.5643774271011353,0.0,18.01338995456033,86,80,5.477402687072754,RoadOption.STRAIGHT,74.61422729492188,-56.135562896728516,0.27547898105445046,2.8,1.2,4.5,3.0,10.0,0.6,0.01,0.06,0.55,0.16,0.2,0.35,1.5,12,10.0,14.0,0.9,1.2,0.6,0.01,0.06,0.65,0.3,0.72,0.005,0.38,0.22,0.01,0.14,1.0,0.28
lqr,ground_truth,curvy,400.0,0.05,0.1,1.0,40.04918931797147,64.8972396850586,-57.18163299560547,17.134337980583638,0.877244341232128,0.6787841754391579,-0.025527314510034316,0.6787841754391579,0.025527314510034316,0.007487324066460133,-0.013668983243405819,0.5277999639511108,0.0,18.011582321815766,87,81,5.484584331512451,RoadOption.STRAIGHT,75.44525909423828,-55.88922882080078,0.3008514493918534,2.8,1.2,4.5,3.0,10.0,0.6,0.01,0.06,0.55,0.16,0.2,0.35,1.5,12,10.0,14.0,0.9,1.2,0.6,0.01,0.06,0.65,0.3,0.72,0.005,0.38,0.22,0.01,0.14,1.0,0.28
lqr,ground_truth,curvy,400.0,0.05,0.1,1.0,40.099189318716526,65.75003051757812,-57.09126663208008,17.15628004727467,0.8552547821577576,0.7690092060993786,-0.0350019678188036,0.7690092060993786,0.0350019678188036,0.04600546136498451,0.03851813729852438,0.5367653965950012,0.0,18.011534829432428,88,82,5.48872184753418,RoadOption.STRAIGHT,76.269775390625,-55.62189865112305,0.3262241840453653,2.8,1.2,4.5,3.0,10.0,0.6,0.01,0.06,0.55,0.16,0.2,0.35,1.5,12,10.0,14.0,0.9,1.2,0.6,0.01,0.06,0.65,0.3,0.72,0.005,0.38,0.22,0.01,0.14,1.0,0.28
lqr,ground_truth,curvy,400.0,0.05,0.1,1.0,40.149189319461584,66.60159301757812,-56.987083435058594,17.156089800321105,0.857197923998438,0.8511074365290007,-0.04751605359016642,0.8511074365290007,0.04751605359016642,0.09475306421518326,0.048747602850198746,0.5666505098342896,0.0,18.013287724319543,89,83,5.491060256958008,RoadOption.STRAIGHT,77.08724212646484,-55.33373260498047,0.3515966523827682,2.8,1.2,4.5,3.0,10.0,0.6,0.01,0.06,0.55,0.16,0.2,0.35,1.5,12,10.0,14.0,0.9,1.2,0.6,0.01,0.06,0.65,0.3,0.72,0.005,0.38,0.22,0.01,0.14,1.0,0.28
lqr,ground_truth,curvy,400.0,0.05,0.1,1.0,40.19918932020664,67.4501724243164,-56.865501403808594,17.136706687883287,0.8749223696277539,0.9288777331567685,-0.057427590153384944,0.9288777331567685,0.057427590153384944,0.12073755264282227,0.025984488427639008,0.5962227582931519,0.0,18.01162905751104,90,84,5.492837429046631,RoadOption.STRAIGHT,77.89713287353516,-55.02491760253906,0.37696938703628013,2.8,1.2,4.5,3.0,10.0,0.6,0.01,0.06,0.55,0.16,0.2,0.35,1.5,12,10.0,14.0,0.9,1.2,0.6,0.01,0.06,0.65,0.3,0.72,0.005,0.38,0.22,0.01,0.14,1.0,0.28
lqr,ground_truth,curvy,400.0,0.05,0.1,1.0,40.2491893209517,68.29447937011719,-56.72418975830078,17.112940882416805,0.9024334508683225,1.0048590984948578,-0.0621053327395682,1.0048590984948578,0.0621053327395682,0.11297029256820679,-0.0077672600746154785,0.6244733929634094,0.0,18.015374333285127,91,85,5.494769096374512,RoadOption.STRAIGHT,78.69892883300781,-54.69565963745117,0.40234185537368305,2.8,1.2,4.5,3.0,10.0,0.6,0.01,0.06,0.55,0.16,0.2,0.35,1.5,12,10.0,14.0,0.9,1.2,0.6,0.01,0.06,0.65,0.3,0.72,0.005,0.38,0.22,0.01,0.14,1.0,0.28
lqr,ground_truth,curvy,400.0,0.05,0.1,1.0,40.29918932169676,69.13455963134766,-56.563201904296875,17.105928895237398,0.9043244427591155,1.0789979468861435,-0.0629977413760967,1.0789979468861435,0.0629977413760967,0.08577549457550049,-0.0271947979927063,0.5948638319969177,0.0,18.010253337996513,92,86,5.496329307556152,RoadOption.STRAIGHT,79.49211120605469,-54.346160888671875,0.427714590027195,2.8,1.2,4.5,3.0,10.0,0.6,0.01,0.06,0.55,0.16,0.2,0.35,1.5,12,10.0,14.0,0.9,1.2,0.6,0.01,0.06,0.65,0.3,0.72,0.005,0.38,0.22,0.01,0.14,1.0,0.28
lqr,ground_truth,curvy,400.0,0.05,0.1,1.0,40.349189322441816,69.97124481201172,-56.38407897949219,17.116667286308303,0.8948675431241249,1.149510193955447,-0.06342644373257222,1.149510193955447,0.06342644373257222,0.061811599880456924,-0.023963894695043564,0.5755722522735596,0.0,18.011534829432428,93,87,5.496336460113525,RoadOption.STRAIGHT,80.27617645263672,-53.976654052734375,0.4530873246807069,2.8,1.2,4.5,3.0,10.0,0.6,0.01,0.06,0.55,0.16,0.2,0.35,1.5,12,10.0,14.0,0.9,1.2,0.6,0.01,0.06,0.65,0.3,0.72,0.005,0.38,0.22,0.01,0.14,1.0,0.28
lqr,ground_truth,curvy,400.0,0.05,0.1,1.0,40.399189323186874,70.80499267578125,-56.18852996826172,17.13169663994972,0.8787278611818969,1.214544828028588,-0.0661069985935212,1.214544828028588,0.0661069985935212,0.05658869445323944,-0.0052229054272174835,0.5578690767288208,0.0,18.010424501131617,94,88,5.494081020355225,RoadOption.STRAIGHT,81.05061340332031,-53.587379455566406,0.4784597930181098,2.8,1.2,4.5,3.0,10.0,0.6,0.01,0.06,0.55,0.16,0.2,0.35,1.5,12,10.0,14.0,0.9,1.2,0.6,0.01,0.06,0.65,0.3,0.72,0.005,0.38,0.22,0.01,0.14,1.0,0.28
lqr,ground_truth,curvy,400.0,0.05,0.1,1.0,40.44918932393193,71.63546752929688,-55.97711181640625,17.140697227208886,0.8726592921855776,1.2735561608666102,-0.07140287751346897,1.2735561608666102,0.07140287751346897,0.06874895095825195,0.012160256505012512,0.5663132667541504,0.0,18.013356519394463,95,89,5.489606857299805,RoadOption.STRAIGHT,81.81492614746094,-53.1785774230957,0.5038325276716218,2.8,1.2,4.5,3.0,10.0,0.6,0.01,0.06,0.55,0.16,0.2,0.35,1.5,12,10.0,14.0,0.9,1.2,0.6,0.01,0.06,0.65,0.3,0.72,0.005,0.38,0.22,0.01,0.14,1.0,0.28
lqr,ground_truth,curvy,400.0,0.05,0.1,1.0,40.49918932467699,72.46166229248047,-55.74910354614258,17.139971279391524,0.8737712374935143,1.3274834952795782,-0.07769313085018137,1.3274834952795782,0.07769313085018137,0.08576436340808868,0.01701541244983673,0.5755970478057861,0.0,18.01374251688504,96,90,5.483501434326172,RoadOption.STRAIGHT,82.56861877441406,-52.750518798828125,0.5292052623251337,2.8,1.2,4.5,3.0,10.0,0.6,0.01,0.06,0.55,0.16,0.2,0.35,1.5,12,10.0,14.0,0.9,1.2,0.6,0.01,0.06,0.65,0.3,0.72,0.005,0.38,0.22,0.01,0.14,1.0,0.28
lqr,ground_truth,curvy,400.0,0.05,0.1,1.0,40.54918932542205,73.282470703125,-55.50339889526367,17.132372065439498,0.8778812725570155,1.3777071492030215,-0.0830669904557979,1.3777071492030215,0.0830669904557979,0.0959441214799881,0.010179758071899414,0.581660807132721,0.0,18.010253337996513,97,91,5.476355075836182,RoadOption.STRAIGHT,83.31121826171875,-52.30347442626953,0.5545779969786456,2.8,1.2,4.5,3.0,10.0,0.6,0.01,0.06,0.55,0.16,0.2,0.35,1.5,12,10.0,14.0,0.9,1.2,0.6,0.01,0.06,0.65,0.3,0.72,0.005,0.38,0.22,0.01,0.14,1.0,0.28
lqr,ground_truth,curvy,400.0,0.05,0.1,1.0,40.59918932616711,74.09707641601562,-55.23930358886719,17.123320411290717,0.8882144181417111,1.4251342734914645,-0.08662793643885625,1.4251342734914645,0.08662793643885625,0.09527787566184998,-0.0006662458181381226,0.5953284502029419,0.0,18.011534829432428,98,92,5.4684648513793945,RoadOption.STRAIGHT,84.04222106933594,-51.83773422241211,0.5799507316321575,2.8,1.2,4.5,3.0,10.0,0.6,0.01,0.06,0.55,0.16,0.2,0.35,1.5,12,10.0,14.0,0.9,1.2,0.6,0.01,0.06,0.65,0.3,0.72,0.005,0.38,0.22,0.01,0.14,1.0,0.28
lqr,ground_truth,curvy,400.0,0.05,0.1,1.0,40.649189326912165,74.9051284790039,-54.95676040649414,17.118710722166302,0.8917137789653147,1.4699274016334805,-0.08872770580032929,1.4699274016334805,0.08872770580032929,0.08770916610956192,-0.007568709552288055,0.5892274975776672,0.0,18.010424501131617,99,93,5.45974063873291,RoadOption.STRAIGHT,84.76118469238281,-51.353599548339844,0.6053231999695604,2.8,1.2,4.5,3.0,10.0,0.6,0.01,0.06,0.55,0.16,0.2,0.35,1.5,12,10.0,14.0,0.9,1.2,0.6,0.01,0.06,0.65,0.3,0.72,0.005,0.38,0.22,0.01,0.14,1.0,0.28
lqr,ground_truth,curvy,400.0,0.05,0.1,1.0,40.69918932765722,75.70663452148438,-54.65617370605469,17.12019530773524,0.8931612116592227,1.5116604170776826,-0.09039903912143599,1.5116604170776826,0.09039903912143599,0.08042119443416595,-0.007287971675395966,0.5876336693763733,0.0,18.013356519394463,100,94,5.44981050491333,RoadOption.STRAIGHT,85.4676284790039,-50.851383209228516,0.6306959346230724,2.8,1.2,4.5,3.0,10.0,0.6,0.01,0.06,0.55,0.16,0.2,0.35,1.5,12,10.0,14.0,0.9,1.2,0.6,0.01,0.06,0.65,0.3,0.72,0.005,0.38,0.22,0.01,0.14,1.0,0.28
lqr,ground_truth,curvy,400.0,0.05,0.1,1.0,40.74918932840228,76.50151824951172,-54.338016510009766,17.124686555438025,0.8890559614470135,1.5498699020114688,-0.09253163194334402,1.5498699020114688,0.09253163194334402,0.07841002941131592,-0.0020111650228500366,0.5785073041915894,0.0,18.01374251688504,101,95,5.4384379386901855,RoadOption.STRAIGHT,86.16111755371094,-50.33140182495117,0.6560684029604753,2.8,1.2,4.5,3.0,10.0,0.6,0.01,0.06,0.55,0.16,0.2,0.35,1.5,12,10.0,14.0,0.9,1.2,0.6,0.01,0.06,0.65,0.3,0.72,0.005,0.38,0.22,0.01,0.14,1.0,0.28
lqr,ground_truth,curvy,400.0,0.05,0.1,1.0,40.79918932914734,77.28947448730469,-54.00249481201172,17.1284922969894,0.8807727705906849,1.5844462536083446,-0.09534080084018681,1.5844462536083446,0.09534080084018681,0.0819518193602562,0.003541789948940277,0.5685238242149353,0.0,18.009265067580085,102,96,5.425570011138916,RoadOption.STRAIGHT,86.84117126464844,-49.79399490356445,0.6814411376139872,2.8,1.2,4.5,3.0,10.0,0.6,0.01,0.06,0.55,0.16,0.2,0.35,1.5,12,10.0,14.0,0.9,1.2,0.6,0.01,0.06,0.65,0.3,0.72,0.005,0.38,0.22,0.01,0.14,1.0,0.28
lqr,ground_truth,curvy,400.0,0.05,0.1,1.0,40.8491893298924,78.06983184814453,-53.64951705932617,17.128095541614016,0.8834392878184119,1.6157318836591934,-0.09842064677232276,1.6157318836591934,0.09842064677232276,0.08771234005689621,0.005760520696640015,0.5832633972167969,0.0,18.011534829432428,103,97,5.411466121673584,RoadOption.STRAIGHT,87.50738525390625,-49.2395133972168,0.7068138722674991,2.8,1.2,4.5,3.0,10.0,0.6,0.01,0.06,0.55,0.16,0.2,0.35,1.5,12,10.0,14.0,0.9,1.2,0.6,0.01,0.06,0.65,0.3,0.72,0.005,0.38,0.22,0.01,0.14,1.0,0.28
lqr,ground_truth,curvy,400.0,0.05,0.1,1.0,40.899189330637455,78.841796875,-53.278865814208984,17.124267056395194,0.8860786728969217,1.6442509614560015,-0.10118404258792957,1.6442509614560015,0.10118404258792957,0.09173673391342163,0.004024393856525421,0.5848144888877869,0.0,18.010345729292116,104,98,5.396413326263428,RoadOption.STRAIGHT,88.15930938720703,-48.66830062866211,0.7321863406049021,2.8,1.2,4.5,3.0,10.0,0.6,0.01,0.06,0.55,0.16,0.2,0.35,1.5,12,10.0,14.0,0.9,1.2,0.6,0.01,0.06,0.65,0.3,0.72,0.005,0.38,0.22,0.01,0.14,1.0,0.28
lqr,ground_truth,curvy,400.0,0.05,0.1,1.0,40.94918933138251,79.6047134399414,-52.89038848876953,17.12030051471128,0.8942346911498689,1.670446338345196,-0.10329469762035837,1.670446338345196,0.10329469762035837,0.09245987981557846,0.0007231459021568298,0.5963280200958252,0.0,18.014535205861147,105,99,5.380605697631836,RoadOption.STRAIGHT,88.79653930664062,-48.08073806762695,0.757559075258414,2.8,1.2,4.5,3.0,10.0,0.6,0.01,0.06,0.55,0.16,0.2,0.35,1.5,12,10.0,14.0,0.9,1.2,0.6,0.01,0.06,0.65,0.3,0.72,0.005,0.38,0.22,0.01,0.14,1.0,0.28
lqr,ground_truth,curvy,400.0,0.05,0.1,1.0,40.99918933212757,80.35814666748047,-52.48411560058594,17.11847192788635,0.895270588998688,1.6944739968028681,-0.10480727325098238,1.6944739968028681,0.10480727325098238,0.09065789729356766,-0.0018019825220108032,0.588405430316925,0.0,18.01374251688504,106,100,5.364011764526367,RoadOption.STRAIGHT,89.41865539550781,-47.477195739746094,0.782931543595817,2.8,1.2,4.5,3.0,10.0,0.6,0.01,0.06,0.55,0.16,0.2,0.35,1.5,12,10.0,14.0,0.9,1.2,0.6,0.01,0.06,0.65,0.3,0.72,0.005,0.38,0.22,0.01,0.14,1.0,0.28
lqr,ground_truth,curvy,400.0,0.05,0.1,1.0,41.04918933287263,81.10179901123047,-52.060184478759766,17.119388476861857,0.8898765907182273,1.7163340492537051,-0.10602633523996641,1.7163340492537051,0.10602633523996641,0.08857793360948563,-0.0020799636840820312,0.5774531364440918,0.0,18.009265067580085,107,101,5.346531391143799,RoadOption.STRAIGHT,90.02526092529297,-46.85806655883789,0.8083042782493288,2.8,1.2,4.5,3.0,10.0,0.6,0.01,0.06,0.55,0.16,0.2,0.35,1.5,12,10.0,14.0,0.9,1.2,0.6,0.01,0.06,0.65,0.3,0.72,0.005,0.38,0.22,0.01,0.14,1.0,0.28
lqr,ground_truth,curvy,400.0,0.05,0.1,1.0,41.09918933361769,81.8353271484375,-51.61886215209961,17.1202623344166,0.8923810750741481,1.7359342227131696,-0.10725348658076106,1.7359342227131696,0.10725348658076106,0.08777355402708054,-0.0008043795824050903,0.5884340405464172,0.0,18.01264340949075,108,102,5.328097343444824,RoadOption.STRAIGHT,90.61595916748047,-46.2237434387207,0.8336770129028408,2.8,1.2,4.5,3.0,10.0,0.6,0.01,0.06,0.55,0.16,0.2,0.35,1.5,12,10.0,14.0,0.9,1.2,0.6,0.01,0.06,0.65,0.3,0.72,0.005,0.38,0.22,0.01,0.14,1.0,0.28
lqr,ground_truth,curvy,400.0,0.05,0.1,1.0,41.149189334362745,82.55828857421875,-51.16038131713867,17.120444976250788,0.8899007530413279,1.7533188969878748,-0.10861083320934739,1.7533188969878748,0.10861083320934739,0.08888217806816101,0.0011086240410804749,0.5809640884399414,0.0,18.010345729292116,109,103,5.308794021606445,RoadOption.STRAIGHT,91.19037628173828,-45.57463836669922,0.8590494812402437,2.8,1.2,4.5,3.0,10.0,0.6,0.01,0.06,0.55,0.16,0.2,0.35,1.5,12,10.0,14.0,0.9,1.2,0.6,0.01,0.06,0.65,0.3,0.72,0.005,0.38,0.22,0.01,0.14,1.0,0.28
lqr,ground_truth,curvy,400.0,0.05,0.1,1.0,41.1991893351078,83.2701416015625,-50.68485641479492,17.11998505014827,0.895896414461415,1.7686531777613241,-0.11000959199288429,1.7686531777613241,0.11000959199288429,0.09079015254974365,0.0019079744815826416,0.5947326421737671,0.0,18.015881464609684,110,104,5.288711071014404,RoadOption.STRAIGHT,91.7481460571289,-44.911170959472656,0.8844222158937556,2.8,1.2,4.5,3.0,10.0,0.6,0.01,0.06,0.55,0.16,0.2,0.35,1.5,12,10.0,14.0,0.9,1.2,0.6,0.01,0.06,0.65,0.3,0.72,0.005,0.38,0.22,0.01,0.14,1.0,0.28
lqr,ground_truth,curvy,400.0,0.05,0.1,1.0,41.24918933585286,83.9703598022461,-50.192420959472656,17.119210843479582,0.8945316734054565,1.7821395894348375,-0.1112777893039798,1.7821395894348375,0.1112777893039798,0.09248241037130356,0.001692257821559906,0.5850813388824463,0.0,18.01374251688504,111,105,5.267942428588867,RoadOption.STRAIGHT,92.28890228271484,-44.23377227783203,0.909794817389213,2.8,1.2,4.5,3.0,10.0,0.6,0.01,0.06,0.55,0.16,0.2,0.35,1.5,12,10.0,14.0,0.9,1.2,0.6,0.01,0.06,0.65,0.3,0.72,0.005,0.38,0.22,0.01,0.14,1.0,0.28
lqr,ground_truth,curvy,400.0,0.05,0.1,1.0,41.29918933659792,84.65840911865234,-49.683162689208984,17.11884566477076,0.8904194028093251,1.7939925358139603,-0.1122908557826463,1.7939925358139603,0.1122908557826463,0.09314493089914322,0.0006625205278396606,0.5793169140815735,0.0,18.009265067580085,112,106,5.246545314788818,RoadOption.STRAIGHT,92.81228637695312,-43.54286575317383,0.935167552042725,2.8,1.2,4.5,3.0,10.0,0.6,0.01,0.06,0.55,0.16,0.2,0.35,1.5,12,10.0,14.0,0.9,1.2,0.6,0.01,0.06,0.65,0.3,0.72,0.005,0.38,0.22,0.01,0.14,1.0,0.28
lqr,ground_truth,curvy,400.0,0.05,0.1,1.0,41.34918933734298,85.33377838134766,-49.15729904174805,17.117403127809474,0.895240281681275,1.8043516764110834,-0.11304293247448438,1.8043516764110834,0.11304293247448438,0.09293723851442337,-0.00020769238471984863,0.5929292440414429,0.0,18.01264340949075,113,107,5.224603652954102,RoadOption.STRAIGHT,93.3179931640625,-42.838905334472656,0.9605401535381823,2.8,1.2,4.5,3.0,10.0,0.6,0.01,0.06,0.55,0.16,0.2,0.35,1.5,12,10.0,14.0,0.9,1.2,0.6,0.01,0.06,0.65,0.3,0.72,0.005,0.38,0.22,0.01,0.14,1.0,0.28
lqr,ground_truth,curvy,400.0,0.05,0.1,1.0,41.399189338088036,85.9959945678711,-48.61509704589844,17.116105068775237,0.8942406605168784,1.813291275801615,-0.11361964000854119,1.813291275801615,0.11361964000854119,0.09238025546073914,-0.0005569830536842346,0.5853448510169983,0.0,18.010345729292116,114,108,5.20217752456665,RoadOption.STRAIGHT,93.8056640625,-42.12234115600586,0.9859128881916943,2.8,1.2,4.5,3.0,10.0,0.6,0.01,0.06,0.55,0.16,0.2,0.35,1.5,12,10.0,14.0,0.9,1.2,0.6,0.01,0.06,0.65,0.3,0.72,0.005,0.38,0.22,0.01,0.14,1.0,0.28
lqr,ground_truth,curvy,400.0,0.05,0.1,1.0,41.449189338833094,86.64471435546875,-48.05683135986328,17.115780163387385,0.8952039838834054,1.8208125059411593,-0.11412757140744656,1.8208125059411593,0.11412757140744656,0.0921398177742958,-0.00024043768644332886,0.5882783532142639,0.0,18.01098414727079,115,109,5.179220676422119,RoadOption.STRAIGHT,94.2750015258789,-41.39363479614258,1.0112856228452063,2.8,1.2,4.5,3.0,10.0,0.6,0.01,0.06,0.55,0.16,0.2,0.35,1.5,12,10.0,14.0,0.9,1.2,0.6,0.01,0.06,0.65,0.3,0.72,0.005,0.38,0.22,0.01,0.14,1.0,0.28
lqr,ground_truth,curvy,400.0,0.05,0.1,1.0,41.49918933957815,87.27947998046875,-47.4827880859375,17.115393356736906,0.8994453298793808,1.8270041969289887,-0.11462851200849045,1.8270041969289887,0.11462851200849045,0.09249050170183182,0.00035068392753601074,0.5947568416595459,0.0,18.014838686616287,116,110,5.155792236328125,RoadOption.STRAIGHT,94.7257080078125,-40.65325927734375,1.036658091182609,2.8,1.2,4.5,3.0,10.0,0.6,0.01,0.06,0.55,0.16,0.2,0.35,1.5,12,10.0,14.0,0.9,1.2,0.6,0.01,0.06,0.65,0.3,0.72,0.005,0.38,0.22,0.01,0.14,1.0,0.28
lqr,ground_truth,curvy,400.0,0.05,0.1,1.0,41.54918934032321,87.8998794555664,-46.893245697021484,17.115657411835347,0.8936076557447379,1.8319258661039295,-0.1151061499499959,1.8319258661039295,0.1151061499499959,0.09327187389135361,0.0007813721895217896,0.5791593790054321,0.0,18.009265067580085,117,111,5.131892681121826,RoadOption.STRAIGHT,95.15748596191406,-39.90167999267578,1.062030825836121,2.8,1.2,4.5,3.0,10.0,0.6,0.01,0.06,0.55,0.16,0.2,0.35,1.5,12,10.0,14.0,0.9,1.2,0.6,0.01,0.06,0.65,0.3,0.72,0.005,0.38,0.22,0.01,0.14,1.0,0.28
lqr,ground_truth,curvy,400.0,0.05,0.1,1.0,41.59918934106827,88.5054702758789,-46.28847885131836,17.11542959158113,0.8943278717275476,1.835663240364847,-0.1155147454402412,1.835663240364847,0.1155147454402412,0.09389258921146393,0.000620715320110321,0.587460994720459,0.0,18.009757463308677,118,112,5.10754919052124,RoadOption.STRAIGHT,95.57005310058594,-39.13939666748047,1.0874032941735239,2.8,1.2,4.5,3.0,10.0,0.6,0.01,0.06,0.55,0.16,0.2,0.35,1.5,12,10.0,14.0,0.9,1.2,0.6,0.01,0.06,0.65,0.3,0.72,0.005,0.38,0.22,0.01,0.14,1.0,0.28
lqr,ground_truth,curvy,400.0,0.05,0.1,1.0,41.649189341813326,89.09573364257812,-45.66883850097656,17.113909925493953,0.8964358037981626,1.8383761248518686,-0.11581188763886718,1.8383761248518686,0.11581188763886718,0.09436816722154617,0.0004755780100822449,0.5903909802436829,0.0,18.010345729292116,119,113,5.082912445068359,RoadOption.STRAIGHT,95.96314239501953,-38.36688995361328,1.1127760288270359,2.8,1.2,4.5,3.0,10.0,0.6,0.01,0.06,0.55,0.16,0.2,0.35,1.5,12,10.0,14.0,0.9,1.2,0.6,0.01,0.06,0.65,0.3,0.72,0.005,0.38,0.22,0.01,0.14,1.0,0.28
lqr,ground_truth,curvy,400.0,0.05,0.1,1.0,41.699189342558384,89.67024230957031,-45.03464126586914,17.112727591321423,0.8982565559493665,1.840129951676284,-0.1159877228498396,1.840129951676284,0.1159877228498396,0.0944361761212349,6.80088996887207e-05,0.5911388397216797,0.0,18.01098414727079,121,114,5.057984828948975,RoadOption.STRAIGHT,96.68991088867188,-36.793209075927734,1.1635213649760052,2.8,1.2,4.5,3.0,10.0,0.6,0.01,0.06,0.55,0.16,0.2,0.35,1.5,12,10.0,14.0,0.9,1.2,0.6,0.01,0.06,0.65,0.3,0.72,0.005,0.38,0.22,0.01,0.14,1.0,0.28
lqr,ground_truth,curvy,400.0,0.05,0.1,1.0,41.74918934330344,90.22863006591797,-44.38624954223633,17.112270222363552,0.9012422881911775,1.9702060066802682,-0.14143902075550852,1.9702060066802682,0.14143902075550852,0.15270216763019562,0.058265991508960724,0.5943282246589661,0.0,18.01351251055473,122,116,5.844563961029053,RoadOption.STRAIGHT,97.02312469482422,-35.9930419921875,1.1888940996295172,2.8,1.2,4.5,3.0,10.0,0.6,0.01,0.06,0.55,0.16,0.2,0.35,1.5,12,10.0,14.0,0.9,1.2,0.6,0.01,0.06,0.65,0.3,0.72,0.005,0.38,0.22,0.01,0.14,1.0,0.28
lqr,ground_truth,curvy,400.0,0.05,0.1,1.0,41.7991893440485,90.7677001953125,-43.72276306152344,17.08565392773121,0.9241035355774656,1.9725564722244433,-0.1386958982537001,1.9725564722244433,0.1386958982537001,0.13590143620967865,-0.016800731420516968,0.6318956017494202,0.0,18.009757463308677,123,117,5.819870948791504,RoadOption.STRAIGHT,97.33592987060547,-35.18468475341797,1.2142667011249746,2.8,1.2,4.5,3.0,10.0,0.6,0.01,0.06,0.55,0.16,0.2,0.35,1.5,12,10.0,14.0,0.9,1.2,0.6,0.01,0.06,0.65,0.3,0.72,0.005,0.38,0.22,0.01,0.14,1.0,0.28
lqr,ground_truth,curvy,400.0,0.05,0.1,1.0,41.84918934479356,91.28580474853516,-43.0439453125,17.075271773012442,0.9372624557845164,1.9785919849258191,-0.13265391810961003,1.9785919849258191,0.13265391810961003,0.10045572370290756,-0.03544571250677109,0.6281481981277466,0.0,18.01253422879696,124,118,5.796575546264648,RoadOption.STRAIGHT,97.62812805175781,-34.36865234375,1.239639302620432,2.8,1.2,4.5,3.0,10.0,0.6,0.01,0.06,0.55,0.16,0.2,0.35,1.5,12,10.0,14.0,0.9,1.2,0.6,0.01,0.06,0.65,0.3,0.72,0.005,0.38,0.22,0.01,0.14,1.0,0.28
lqr,ground_truth,curvy,400.0,0.05,0.1,1.0,41.899189345538616,91.78516387939453,-42.3508186340332,17.08937787438475,0.9216062728860415,1.9857657314076895,-0.12701254397249517,1.9857657314076895,0.12701254397249517,0.07150853425264359,-0.028947189450263977,0.5841763615608215,0.0,18.01098414727079,125,119,5.772971153259277,RoadOption.STRAIGHT,97.89952087402344,-33.54546356201172,1.2650119041158894,2.8,1.2,4.5,3.0,10.0,0.6,0.01,0.06,0.55,0.16,0.2,0.35,1.5,12,10.0,14.0,0.9,1.2,0.6,0.01,0.06,0.65,0.3,0.72,0.005,0.38,0.22,0.01,0.14,1.0,0.28
lqr,ground_truth,curvy,400.0,0.05,0.1,1.0,41.949189346283674,92.26769256591797,-41.644615173339844,17.11160087668822,0.9019056594279498,1.9916702759028821,-0.12463274322240014,1.9916702759028821,0.12463274322240014,0.06518866121768951,-0.006319873034954071,0.5675026774406433,0.0,18.01350653611617,126,120,5.7479143142700195,RoadOption.STRAIGHT,98.14994812011719,-32.71565628051758,1.2903845056113468,2.8,1.2,4.5,3.0,10.0,0.6,0.01,0.06,0.55,0.16,0.2,0.35,1.5,12,10.0,14.0,0.9,1.2,0.6,0.01,0.06,0.65,0.3,0.72,0.005,0.38,0.22,0.01,0.14,1.0,0.28
lqr,ground_truth,curvy,400.0,0.05,0.1,1.0,41.99918934702873,92.73365783691406,-40.92633819580078,17.125770580330652,0.8880814101530099,1.9954777156914072,-0.12574421350334486,1.9954777156914072,0.12574421350334486,0.07901699841022491,0.0138283371925354,0.5662597417831421,0.0,18.013851990483662,127,121,5.721424579620361,RoadOption.STRAIGHT,98.3792495727539,-31.8797664642334,1.3157571071068044,2.8,1.2,4.5,3.0,10.0,0.6,0.01,0.06,0.55,0.16,0.2,0.35,1.5,12,10.0,14.0,0.9,1.2,0.6,0.01,0.06,0.65,0.3,0.72,0.005,0.38,0.22,0.01,0.14,1.0,0.28
lqr,ground_truth,curvy,400.0,0.05,0.1,1.0,42.04918934777379,93.18183135986328,-40.19651794433594,17.126576858634213,0.8831806046744646,1.9979784831704985,-0.1284057101177427,1.9979784831704985,0.1284057101177427,0.09844232350587845,0.019425325095653534,0.574027419090271,0.0,18.009757463308677,128,122,5.694272994995117,RoadOption.STRAIGHT,98.5872573852539,-31.038328170776367,1.3411299749183707,2.8,1.2,4.5,3.0,10.0,0.6,0.01,0.06,0.55,0.16,0.2,0.35,1.5,12,10.0,14.0,0.9,1.2,0.6,0.01,0.06,0.65,0.3,0.72,0.005,0.38,0.22,0.01,0.14,1.0,0.28
lqr,ground_truth,curvy,400.0,0.05,0.1,1.0,42.09918934851885,93.61055755615234,-39.455509185791016,17.11636264707858,0.899430942705596,2.0004763595869823,-0.13038204196269065,2.0004763595869823,0.13038204196269065,0.10989084094762802,0.011448517441749573,0.609158992767334,0.0,18.015793589784177,129,123,5.667304992675781,RoadOption.STRAIGHT,98.77385711669922,-30.19188117980957,1.366502576413828,2.8,1.2,4.5,3.0,10.0,0.6,0.01,0.06,0.55,0.16,0.2,0.35,1.5,12,10.0,14.0,0.9,1.2,0.6,0.01,0.06,0.65,0.3,0.72,0.005,0.38,0.22,0.01,0.14,1.0,0.28
lqr,ground_truth,curvy,400.0,0.05,0.1,1.0,42.14918934926391,94.01880645751953,-38.70370101928711,17.105177531640315,0.9058066156304747,2.0037290697806824,-0.1305771850915658,2.0037290697806824,0.1305771850915658,0.1086982935667038,-0.0011925473809242249,0.6011347770690918,0.0,18.01098414727079,130,124,5.640908718109131,RoadOption.STRAIGHT,98.93892669677734,-29.340972900390625,1.3918751779092855,2.8,1.2,4.5,3.0,10.0,0.6,0.01,0.06,0.55,0.16,0.2,0.35,1.5,12,10.0,14.0,0.9,1.2,0.6,0.01,0.06,0.65,0.3,0.72,0.005,0.38,0.22,0.01,0.14,1.0,0.28
lqr,ground_truth,curvy,400.0,0.05,0.1,1.0,42.199189350008965,94.40650939941406,-37.94144821166992,17.101218954525525,0.9122875815906468,2.007601580658908,-0.12929673723945623,2.007601580658908,0.12929673723945623,0.09883369505405426,-0.009864598512649536,0.6051496863365173,0.0,18.01350653611617,131,125,5.614785194396973,RoadOption.STRAIGHT,99.08235168457031,-28.48615074157715,1.417247779404743,2.8,1.2,4.5,3.0,10.0,0.6,0.01,0.06,0.55,0.16,0.2,0.35,1.5,12,10.0,14.0,0.9,1.2,0.6,0.01,0.06,0.65,0.3,0.72,0.005,0.38,0.22,0.01,0.14,1.0,0.28
lqr,ground_truth,curvy,400.0,0.05,0.1,1.0,42.24918935075402,94.77413940429688,-37.16926574707031,17.104862602545747,0.9089893879379147,2.011412161121024,-0.1276901853118657,2.011412161121024,0.1276901853118657,0.08863641321659088,-0.010197281837463379,0.5914357900619507,0.0,18.013851990483662,132,126,5.588445663452148,RoadOption.STRAIGHT,99.20404052734375,-27.627965927124023,1.4426203809002005,2.8,1.2,4.5,3.0,10.0,0.6,0.01,0.06,0.55,0.16,0.2,0.35,1.5,12,10.0,14.0,0.9,1.2,0.6,0.01,0.06,0.65,0.3,0.72,0.005,0.38,0.22,0.01,0.14,1.0,0.28
lqr,ground_truth,curvy,400.0,0.05,0.1,1.0,42.29918935149908,95.122314453125,-36.38774108886719,17.112818641519077,0.8969388217896004,2.0142973638507304,-0.1268349111277871,2.0142973638507304,0.1268349111277871,0.08463723212480545,-0.003999181091785431,0.5737026333808899,0.0,18.009757463308677,133,127,5.561426639556885,RoadOption.STRAIGHT,99.30391693115234,-26.766969680786133,1.4679931155537123,2.8,1.2,4.5,3.0,10.0,0.6,0.01,0.06,0.55,0.16,0.2,0.35,1.5,12,10.0,14.0,0.9,1.2,0.6,0.01,0.06,0.65,0.3,0.72,0.005,0.38,0.22,0.01,0.14,1.0,0.28
lqr,ground_truth,curvy,400.0,0.05,0.1,1.0,42.34918935224414,95.451171875,-35.597511291503906,17.118385130612253,0.8989343658607751,2.0158293331064945,-0.12706021455600736,2.0158293331064945,0.12706021455600736,0.08755819499492645,0.002920962870121002,0.5917552709579468,0.0,18.01731949647303,134,128,5.533641338348389,RoadOption.STRAIGHT,99.38192749023438,-25.903717041015625,1.4933657170491699,2.8,1.2,4.5,3.0,10.0,0.6,0.01,0.06,0.55,0.16,0.2,0.35,1.5,12,10.0,14.0,0.9,1.2,0.6,0.01,0.06,0.65,0.3,0.72,0.005,0.38,0.22,0.01,0.14,1.0,0.28
lqr,ground_truth,curvy,400.0,0.05,0.1,1.0,42.3991893529892,95.76029205322266,-34.799232482910156,17.119785057080282,0.8916993552479546,2.016177120009766,-0.12793213349689925,2.016177120009766,0.12793213349689925,0.0938166081905365,0.006258413195610046,0.5763375759124756,0.0,18.011484412328237,135,129,5.505384922027588,RoadOption.STRAIGHT,99.43800354003906,-25.038761138916016,1.5187384517026816,2.8,1.2,4.5,3.0,10.0,0.6,0.01,0.06,0.55,0.16,0.2,0.35,1.5,12,10.0,14.0,0.9,1.2,0.6,0.01,0.06,0.65,0.3,0.72,0.005,0.38,0.22,0.01,0.14,1.0,0.28
lqr,ground_truth,curvy,400.0,0.05,0.1,1.0,42.449189353734255,96.04905700683594,-33.9933967590332,17.117712211071034,0.8957943250451379,2.0157537849244065,-0.12872881813699655,2.0157537849244065,0.12872881813699655,0.09874901920557022,0.004932411015033722,0.5923905372619629,0.0,18.01350653611617,136,130,5.4768967628479,RoadOption.STRAIGHT,99.47212219238281,-24.172664642333984,1.544111053198139,2.8,1.2,4.5,3.0,10.0,0.6,0.01,0.06,0.55,0.16,0.2,0.35,1.5,12,10.0,14.0,0.9,1.2,0.6,0.01,0.06,0.65,0.3,0.72,0.005,0.38,0.22,0.01,0.14,1.0,0.28
lqr,ground_truth,curvy,400.0,0.05,0.1,1.0,42.49918935447931,96.31690979003906,-33.18058395385742,17.113386714785992,0.9004652756976697,2.014911025225727,-0.12896450789346847,2.014911025225727,0.12896450789346847,0.09977506846189499,0.001026049256324768,0.5958843231201172,0.0,18.013851990483662,137,131,5.448428630828857,RoadOption.STRAIGHT,99.48426055908203,-23.305978775024414,1.5694836546935966,2.8,1.2,4.5,3.0,10.0,0.6,0.01,0.06,0.55,0.16,0.2,0.35,1.5,12,10.0,14.0,0.9,1.2,0.6,0.01,0.06,0.65,0.3,0.72,0.005,0.38,0.22,0.01,0.14,1.0,0.28
lqr,ground_truth,curvy,400.0,0.05,0.1,1.0,42.54918935522437,96.56359100341797,-32.36125946044922,17.110984021833758,0.9036094091984026,2.0137546319634057,-0.1286084432557253,2.0137546319634057,0.1286084432557253,0.09741687774658203,-0.0023581907153129578,0.5959386229515076,0.0,18.01459343103216,138,132,5.419967174530029,RoadOption.STRAIGHT,99.47518920898438,-22.386852264404297,7.868063897186604,2.8,1.2,4.5,3.0,10.0,0.6,0.01,0.06,0.55,0.16,0.2,0.35,1.5,12,10.0,14.0,0.9,1.2,0.6,0.01,0.06,0.65,0.3,0.72,0.005,0.38,0.22,0.01,0.14,1.0,0.28
lqr,ground_truth,curvy,400.0,0.05,0.1,1.0,42.59918935596943,96.78909301757812,-31.535890579223633,17.111459757742715,0.9076158153051175,2.012149368685656,-0.12797993723846623,2.012149368685656,0.12797993723846623,0.09408234059810638,-0.003334537148475647,0.5993771553039551,0.0,18.019075573047832,139,133,5.3913774490356445,RoadOption.STRAIGHT,99.46231079101562,-21.372220993041992,7.865261186455404,2.8,1.2,4.5,3.0,10.0,0.6,0.01,0.06,0.55,0.16,0.2,0.35,1.5,12,10.0,14.0,0.9,1.2,0.6,0.01,0.06,0.65,0.3,0.72,0.005,0.38,0.22,0.01,0.14,1.0,0.28
lqr,ground_truth,curvy,400.0,0.05,0.1,1.0,42.64918935671449,96.9935302734375,-30.704938888549805,17.11455167046115,0.8969327418670865,2.009850812501761,-0.1274586234550834,2.009850812501761,0.1274586234550834,0.09228866547346115,-0.0017936751246452332,0.5753399729728699,0.0,18.011484412328237,140,134,5.362478733062744,RoadOption.STRAIGHT,99.45227813720703,-20.357559204101562,7.862459008356423,2.8,1.2,4.5,3.0,10.0,0.6,0.01,0.06,0.55,0.16,0.2,0.35,1.5,12,10.0,14.0,0.9,1.2,0.6,0.01,0.06,0.65,0.3,0.72,0.005,0.38,0.22,0.01,0.14,1.0,0.28
lqr,ground_truth,curvy,400.0,0.05,0.1,1.0,42.699189357459545,97.17691040039062,-29.868919372558594,17.11700008976096,0.9000077481268782,2.0066958071433056,-0.12723105633993592,2.0066958071433056,0.12723105633993592,0.09270188212394714,0.00041321665048599243,0.5936946272850037,0.0,18.01700783788784,141,135,5.333195686340332,RoadOption.STRAIGHT,99.44512176513672,-19.34287452697754,7.85965736288966,2.8,1.2,4.5,3.0,10.0,0.6,0.01,0.06,0.55,0.16,0.2,0.35,1.5,12,10.0,14.0,0.9,1.2,0.6,0.01,0.06,0.65,0.3,0.72,0.005,0.38,0.22,0.01,0.14,1.0,0.28
lqr,ground_truth,curvy,400.0,0.05,0.1,1.0,42.7491893582046,97.33905792236328,-29.028488159179688,17.117284964220275,0.8992288236230195,2.002741232788378,-0.1272290589691183,2.002741232788378,0.1272290589691183,0.09459949284791946,0.0018976107239723206,0.588602602481842,0.0,18.016513787843294,142,136,5.303677082061768,RoadOption.STRAIGHT,99.44075775146484,-18.328170776367188,7.856854652158461,2.8,1.2,4.5,3.0,10.0,0.6,0.01,0.06,0.55,0.16,0.2,0.35,1.5,12,10.0,14.0,0.9,1.2,0.6,0.01,0.06,0.65,0.3,0.72,0.005,0.38,0.22,0.01,0.14,1.0,0.28
lqr,ground_truth,curvy,400.0,0.05,0.1,1.0,42.79918935894966,97.4797134399414,-28.18419075012207,17.11712510671681,1.0743886811264858,1.9981419011902855,-0.12724064371986055,1.9981419011902855,0.12724064371986055,0.0885903462767601,-0.006009146571159363,0.9048250317573547,0.0,18.191513787843295,142,137,5.274008274078369,RoadOption.STRAIGHT,99.44075775146484,-18.328170776367188,7.856854652158461,2.8,1.2,4.5,3.0,10.0,0.6,0.01,0.06,0.55,0.16,0.2,0.35,1.5,12,10.0,14.0,0.9,1.2,0.6,0.01,0.06,0.65,0.3,0.72,0.005,0.38,0.22,0.01,0.14,1.0,0.28
lqr,ground_truth,curvy,400.0,0.05,0.1,1.0,42.84918935969472,97.59918975830078,-27.336355209350586,17.131157339447547,1.2353564483957484,1.8797786155074432,-0.1021846920780134,1.8797786155074432,0.1021846920780134,0.02312839776277542,-0.06546194851398468,0.9843751788139343,0.0,18.366513787843296,143,137,4.449430465698242,RoadOption.STRAIGHT,99.43927001953125,-17.313461303710938,7.854052474059479,2.8,1.2,4.5,3.0,10.0,0.6,0.01,0.06,0.55,0.16,0.2,0.35,1.5,12,10.0,14.0,0.9,1.2,0.6,0.01,0.06,0.65,0.3,0.72,0.005,0.38,0.22,0.01,0.14,1.0,0.28
lqr,ground_truth,curvy,400.0,0.05,0.1,1.0,42.89918936043978,97.70274353027344,-26.48343849182129,17.22295251367555,1.3185612741677453,1.8299572334612777,-0.09735984313111778,1.8299572334612777,0.09735984313111778,-0.04621480405330658,-0.069343201816082,0.9409825801849365,0.0,18.541513787843297,144,138,4.4635844230651855,RoadOption.STRAIGHT,99.44063568115234,-16.298751831054688,7.851250295960497,2.8,1.2,4.5,3.0,10.0,0.6,0.01,0.06,0.55,0.16,0.2,0.35,1.5,12,10.0,14.0,0.9,1.2,0.6,0.01,0.06,0.65,0.3,0.72,0.005,0.38,0.22,0.01,0.14,1.0,0.28
lqr,ground_truth,curvy,400.0,0.05,0.1,1.0,42.949189361184835,97.79844665527344,-25.623252868652344,17.369038839560904,1.3474749482823931,1.7117070119430733,-0.08483805915972731,1.7117070119430733,0.08483805915972731,-0.09642574936151505,-0.050210945308208466,0.8931813836097717,0.0,18.716513787843297,145,139,4.565054416656494,RoadOption.STRAIGHT,99.44406127929688,-15.29485034942627,1.5673213010465068,2.8,1.2,4.5,3.0,10.0,0.6,0.01,0.06,0.55,0.16,0.2,0.35,1.5,12,10.0,14.0,0.9,1.2,0.6,0.01,0.06,0.65,0.3,0.72,0.005,0.38,0.22,0.01,0.14,1.0,0.28
lqr,ground_truth,curvy,400.0,0.05,0.1,1.0,42.99918936192989,97.89308166503906,-24.754968643188477,17.536397427688836,1.3551163601544616,1.5964184856119255,-0.08478066803823658,1.5964184856119255,0.08478066803823658,-0.060573335736989975,0.03585241362452507,0.8722395300865173,0.0,18.891513787843298,146,140,4.665651798248291,RoadOption.STRAIGHT,99.4465103149414,-14.305353164672852,1.5693213350251562,2.8,1.2,4.5,3.0,10.0,0.6,0.01,0.06,0.55,0.16,0.2,0.35,1.5,12,10.0,14.0,0.9,1.2,0.6,0.01,0.06,0.65,0.3,0.72,0.005,0.38,0.22,0.01,0.14,1.0,0.28
lqr,ground_truth,curvy,400.0,0.05,0.1,1.0,43.04918936267495,97.98825073242188,-23.87753677368164,17.72980977188724,1.3367040159560588,1.482584942480016,-0.09209517313019422,1.482584942480016,0.09209517313019422,0.015290197916328907,0.07586353365331888,0.8299276232719421,0.0,19.0665137878433,147,141,4.762944221496582,RoadOption.STRAIGHT,99.44699096679688,-13.3158540725708,1.5713212358457511,2.8,1.2,4.5,3.0,10.0,0.6,0.01,0.06,0.55,0.16,0.2,0.35,1.5,12,10.0,14.0,0.9,1.2,0.6,0.01,0.06,0.65,0.3,0.72,0.005,0.38,0.22,0.01,0.14,1.0,0.28
lqr,ground_truth,curvy,400.0,0.05,0.1,1.0,43.09918936342001,98.08004760742188,-22.990018844604492,17.92147395987663,1.3200398279666707,1.3740980840825938,-0.09707848016195086,1.3740980840825938,0.09707848016195086,0.0658155009150505,0.0505253029987216,0.8220268487930298,0.0,19.2415137878433,148,142,4.856373310089111,RoadOption.STRAIGHT,99.44548034667969,-12.326355934143066,1.5733214029824552,2.8,1.2,4.5,3.0,10.0,0.6,0.01,0.06,0.55,0.16,0.2,0.35,1.5,12,10.0,14.0,0.9,1.2,0.6,0.01,0.06,0.65,0.3,0.72,0.005,0.38,0.22,0.01,0.14,1.0,0.28
lqr,ground_truth,curvy,400.0,0.05,0.1,1.0,43.14918936416507,98.16508483886719,-22.092607498168945,18.09927849230222,1.3172352955410815,1.2745237325892698,-0.09408095919701154,1.2745237325892698,0.09408095919701154,0.07835593074560165,0.012540429830551147,0.8369757533073425,0.0,19.4165137878433,149,143,4.9460883140563965,RoadOption.STRAIGHT,99.44197845458984,-11.336862564086914,1.5753213038030502,2.8,1.2,4.5,3.0,10.0,0.6,0.01,0.06,0.55,0.16,0.2,0.35,1.5,12,10.0,14.0,0.9,1.2,0.6,0.01,0.06,0.65,0.3,0.72,0.005,0.38,0.22,0.01,0.14,1.0,0.28
lqr,ground_truth,curvy,400.0,0.05,0.1,1.0,43.199189364910126,98.24191284179688,-21.185649871826172,18.275146079516432,1.1692983649280109,1.185370614204733,-0.08289381840591492,1.185370614204733,0.08289381840591492,0.028142830356955528,-0.050213100388646126,0.5740547180175781,0.0,19.444444444444443,150,144,5.0317702293396,RoadOption.STRAIGHT,99.43651580810547,-10.347376823425293,1.5773213377816997,2.8,1.2,4.5,3.0,10.0,0.6,0.01,0.06,0.55,0.16,0.2,0.35,1.5,12,10.0,14.0,0.9,1.2,0.6,0.01,0.06,0.65,0.3,0.72,0.005,0.38,0.22,0.01,0.14,1.0,0.28
lqr,ground_truth,curvy,400.0,0.05,0.1,1.0,43.249189365655184,98.3139419555664,-20.269325256347656,18.44821887988968,0.9962255645547629,1.112826106592599,-0.07178524086697724,1.112826106592599,0.07178524086697724,-0.009094788692891598,-0.037237619049847126,0.4400479793548584,0.0,19.444444444444443,151,145,5.101232528686523,RoadOption.STRAIGHT,99.42973327636719,-9.348533630371094,1.5776161497143715,2.8,1.2,4.5,3.0,10.0,0.6,0.01,0.06,0.55,0.16,0.2,0.35,1.5,12,10.0,14.0,0.9,1.2,0.6,0.01,0.06,0.65,0.3,0.72,0.005,0.38,0.22,0.01,0.14,1.0,0.28
lqr,ground_truth,curvy,400.0,0.05,0.1,1.0,43.29918936640024,98.38478088378906,-19.34604263305664,18.558185420487167,0.8862590239572761,1.0542933034191349,-0.06708462838493245,1.0542933034191349,0.06708462838493245,-0.007592234294861555,0.0015025543980300426,0.44979557394981384,0.0,19.444444444444443,151,146,5.1512932777404785,RoadOption.STRAIGHT,99.42973327636719,-9.348533630371094,1.5776161497143715,2.8,1.2,4.5,3.0,10.0,0.6,0.01,0.06,0.55,0.16,0.2,0.35,1.5,12,10.0,14.0,0.9,1.2,0.6,0.01,0.06,0.65,0.3,0.72,0.005,0.38,0.22,0.01,0.14,1.0,0.28
lqr,ground_truth,curvy,400.0,0.05,0.1,1.0,43.3491893671453,98.45427703857422,-18.41911506652832,18.606280995229227,0.8381634492152159,0.9861644342679313,-0.06409749374824525,0.9861644342679313,0.06409749374824525,0.016923479735851288,0.024515714030712843,0.49518337845802307,0.0,19.444444444444443,152,146,4.231733322143555,RoadOption.STRAIGHT,99.42291259765625,-8.348557472229004,1.5776161497143715,2.8,1.2,4.5,3.0,10.0,0.6,0.01,0.06,0.55,0.16,0.2,0.35,1.5,12,10.0,14.0,0.9,1.2,0.6,0.01,0.06,0.65,0.3,0.72,0.005,0.38,0.22,0.01,0.14,1.0,0.28
lqr,ground_truth,curvy,400.0,0.05,0.1,1.0,43.39918936789036,98.51982116699219,-17.490812301635742,18.614565841334482,0.829878603109961,0.9293611453341091,-0.06337417919617927,0.9293611453341091,0.06337417919617927,0.034150395542383194,0.017226915806531906,0.5379853248596191,0.0,19.444444444444443,153,147,4.276671886444092,RoadOption.STRAIGHT,99.41609191894531,-7.348580360412598,1.5776161497143715,2.8,1.2,4.5,3.0,10.0,0.6,0.01,0.06,0.55,0.16,0.2,0.35,1.5,12,10.0,14.0,0.9,1.2,0.6,0.01,0.06,0.65,0.3,0.72,0.005,0.38,0.22,0.01,0.14,1.0,0.28
lqr,ground_truth,curvy,400.0,0.05,0.1,1.0,43.449189368635416,98.57935333251953,-16.56232452392578,18.60412200586644,0.8403224385780028,0.876820384995336,-0.060483051516789565,0.876820384995336,0.060483051516789565,0.033407457172870636,-0.000742938369512558,0.5667260885238647,0.0,19.444444444444443,154,148,4.323610782623291,RoadOption.STRAIGHT,99.40927124023438,-6.348603248596191,1.5776161497143715,2.8,1.2,4.5,3.0,10.0,0.6,0.01,0.06,0.55,0.16,0.2,0.35,1.5,12,10.0,14.0,0.9,1.2,0.6,0.01,0.06,0.65,0.3,0.72,0.005,0.38,0.22,0.01,0.14,1.0,0.28
lqr,ground_truth,curvy,400.0,0.05,0.1,1.0,43.499189369380474,98.63258361816406,-15.6340913772583,18.590930529304558,0.8535139151398852,0.8288313453130565,-0.05561639094077897,0.8288313453130565,0.05561639094077897,0.019349483773112297,-0.014057973399758339,0.5779381394386292,0.0,19.444444444444443,155,149,4.372790813446045,RoadOption.STRAIGHT,99.40245056152344,-5.348626613616943,1.5776161497143715,2.8,1.2,4.5,3.0,10.0,0.6,0.01,0.06,0.55,0.16,0.2,0.35,1.5,12,10.0,14.0,0.9,1.2,0.6,0.01,0.06,0.65,0.3,0.72,0.005,0.38,0.22,0.01,0.14,1.0,0.28
lqr,ground_truth,curvy,400.0,0.05,0.1,1.0,43.54918937012553,98.68059539794922,-14.706109046936035,18.581540950430707,0.8629034940137359,0.7843448920999201,-0.050630953380150334,0.7843448920999201,0.050630953380150334,0.0037278844974935055,-0.015621599275618792,0.5790095925331116,0.0,19.444444444444443,156,150,4.423795223236084,RoadOption.STRAIGHT,99.3956298828125,-4.348650932312012,1.5776161497143715,2.8,1.2,4.5,3.0,10.0,0.6,0.01,0.06,0.55,0.16,0.2,0.35,1.5,12,10.0,14.0,0.9,1.2,0.6,0.01,0.06,0.65,0.3,0.72,0.005,0.38,0.22,0.01,0.14,1.0,0.28
lqr,ground_truth,curvy,400.0,0.05,0.1,1.0,43.59918937087059,98.72490692138672,-13.77829647064209,18.575485609427133,0.8689588350173096,0.7350199282796738,-0.04566575584380672,0.7350199282796738,0.04566575584380672,-0.008093112148344517,-0.011820996645838022,0.5786417126655579,0.0,19.444444444444443,157,151,4.485486030578613,RoadOption.STRAIGHT,99.38880920410156,-3.3486738204956055,1.5776161497143715,2.8,1.2,4.5,3.0,10.0,0.6,0.01,0.06,0.55,0.16,0.2,0.35,1.5,12,10.0,14.0,0.9,1.2,0.6,0.01,0.06,0.65,0.3,0.72,0.005,0.38,0.22,0.01,0.14,1.0,0.28
lqr,ground_truth,curvy,400.0,0.05,0.1,1.0,43.64918937161565,98.76688385009766,-12.850614547729492,18.57125574236985,0.873188702074593,0.6867164857019266,-0.0430309574193366,0.6867164857019266,0.0430309574193366,-0.003266522428020835,0.004826589720323682,0.5789890885353088,0.0,19.444444444444443,158,152,4.5496039390563965,RoadOption.STRAIGHT,99.38198852539062,-2.348696708679199,1.5776161497143715,2.8,1.2,4.5,3.0,10.0,0.6,0.01,0.06,0.55,0.16,0.2,0.35,1.5,12,10.0,14.0,0.9,1.2,0.6,0.01,0.06,0.65,0.3,0.72,0.005,0.38,0.22,0.01,0.14,1.0,0.28
lqr,ground_truth,curvy,400.0,0.05,0.1,1.0,43.699189372360706,98.80664825439453,-11.923006057739258,18.568351855211464,0.8760925892329787,0.6406260233856875,-0.042088065235394545,0.6406260233856875,0.042088065235394545,0.009830586612224579,0.013097109040245414,0.5791402459144592,0.0,19.444444444444443,159,153,4.614845275878906,RoadOption.STRAIGHT,99.37516784667969,-1.3487194776535034,1.5776161497143715,2.8,1.2,4.5,3.0,10.0,0.6,0.01,0.06,0.55,0.16,0.2,0.35,1.5,12,10.0,14.0,0.9,1.2,0.6,0.01,0.06,0.65,0.3,0.72,0.005,0.38,0.22,0.01,0.14,1.0,0.28
lqr,ground_truth,curvy,400.0,0.05,0.1,1.0,43.749189373105764,98.84336853027344,-10.995402336120605,18.56584912962882,0.8785953148156231,0.5975796512157062,-0.04091973646517655,0.5975796512157062,0.04091973646517655,0.017835509032011032,0.008004922419786453,0.5801604390144348,0.0,19.444444444444443,160,154,4.681131362915039,RoadOption.STRAIGHT,99.36834716796875,-0.34874236583709717,1.5776161497143715,2.8,1.2,4.5,3.0,10.0,0.6,0.01,0.06,0.55,0.16,0.2,0.35,1.5,12,10.0,14.0,0.9,1.2,0.6,0.01,0.06,0.65,0.3,0.72,0.005,0.38,0.22,0.01,0.14,1.0,0.28
lqr,ground_truth,curvy,400.0,0.05,0.1,1.0,43.79918937385082,98.87639617919922,-10.06777286529541,18.563728944584348,0.880715499860095,0.5582256412715838,-0.03844233086113036,0.5582256412715838,0.03844233086113036,0.01524608489125967,-0.002589424140751362,0.5809735059738159,0.0,19.444444444444443,161,155,4.748376369476318,RoadOption.STRAIGHT,99.36153411865234,0.6512347459793091,1.5776161497143715,2.8,1.2,4.5,3.0,10.0,0.6,0.01,0.06,0.55,0.16,0.2,0.35,1.5,12,10.0,14.0,0.9,1.2,0.6,0.01,0.06,0.65,0.3,0.72,0.005,0.38,0.22,0.01,0.14,1.0,0.28
lqr,ground_truth,curvy,400.0,0.05,0.1,1.0,43.84918937459588,98.90603637695312,-9.140090942382812,18.56289766337102,0.8815467810734212,0.5222586395094763,-0.035036147826918995,0.5222586395094763,0.035036147826918995,0.00660525169223547,-0.0086408331990242,0.5799255967140198,0.0,19.444444444444443,162,156,4.816389083862305,RoadOption.STRAIGHT,99.3547134399414,1.6512118577957153,1.5776161497143715,2.8,1.2,4.5,3.0,10.0,0.6,0.01,0.06,0.55,0.16,0.2,0.35,1.5,12,10.0,14.0,0.9,1.2,0.6,0.01,0.06,0.65,0.3,0.72,0.005,0.38,0.22,0.01,0.14,1.0,0.28
lqr,ground_truth,curvy,400.0,0.05,0.1,1.0,43.89918937534094,98.93317413330078,-8.212340354919434,18.563101464861923,0.8813429795825201,0.4887935624389006,-0.03185580085314621,0.4887935624389006,0.03185580085314621,0.0002581822918727994,-0.00634706940036267,0.5785612463951111,0.0,19.444444444444443,163,157,4.884962558746338,RoadOption.STRAIGHT,99.34789276123047,2.651188850402832,1.5776161497143715,2.8,1.2,4.5,3.0,10.0,0.6,0.01,0.06,0.55,0.16,0.2,0.35,1.5,12,10.0,14.0,0.9,1.2,0.6,0.01,0.06,0.65,0.3,0.72,0.005,0.38,0.22,0.01,0.14,1.0,0.28
lqr,ground_truth,curvy,400.0,0.05,0.1,1.0,43.949189376086,98.95860290527344,-7.284523963928223,18.56345729911079,0.880987145333652,0.45703698123613185,-0.02968066403282421,0.45703698123613185,0.02968066403282421,0.0005325881647877395,0.0002744058729149401,0.5781652927398682,0.0,19.444444444444443,164,158,4.953952789306641,RoadOption.STRAIGHT,99.34107208251953,3.6511659622192383,1.5776161497143715,2.8,1.2,4.5,3.0,10.0,0.6,0.01,0.06,0.55,0.16,0.2,0.35,1.5,12,10.0,14.0,0.9,1.2,0.6,0.01,0.06,0.65,0.3,0.72,0.005,0.38,0.22,0.01,0.14,1.0,0.28
lqr,ground_truth,curvy,400.0,0.05,0.1,1.0,43.999189376831055,98.9825210571289,-6.356653690338135,18.563623938329155,0.8808205061152883,0.42679061836727317,-0.028351613490819716,0.42679061836727317,0.028351613490819716,0.005100655369460583,0.004568067204672843,0.5782923102378845,0.0,19.444444444444443,164,159,5.023303508758545,RoadOption.STRAIGHT,99.34107208251953,3.6511659622192383,1.5776161497143715,2.8,1.2,4.5,3.0,10.0,0.6,0.01,0.06,0.55,0.16,0.2,0.35,1.5,12,10.0,14.0,0.9,1.2,0.6,0.01,0.06,0.65,0.3,0.72,0.005,0.38,0.22,0.01,0.14,1.0,0.28
lqr,ground_truth,curvy,400.0,0.05,0.1,1.0,44.04918937757611,99.00460815429688,-5.428739070892334,18.56352264469848,0.8809217997459626,0.3983758704976471,-0.027149063100594617,0.3983758704976471,0.027149063100594617,0.008702819235622883,0.0036021638661623,0.5786746144294739,0.0,19.444444444444443,165,159,4.096812725067139,RoadOption.STRAIGHT,99.3342514038086,4.651139259338379,1.5776161497143715,2.8,1.2,4.5,3.0,10.0,0.6,0.01,0.06,0.55,0.16,0.2,0.35,1.5,12,10.0,14.0,0.9,1.2,0.6,0.01,0.06,0.65,0.3,0.72,0.005,0.38,0.22,0.01,0.14,1.0,0.28
lqr,ground_truth,curvy,400.0,0.05,0.1,1.0,44.09918937832117,99.02462005615234,-4.500786781311035,18.563269575949214,0.8811748684952292,0.372035106646146,-0.025543176963276792,0.372035106646146,0.025543176963276792,0.008341432549059391,-0.0003613866865634918,0.5790085792541504,0.0,19.444444444444443,166,160,4.166248321533203,RoadOption.STRAIGHT,99.32743072509766,5.651116371154785,1.5776161497143715,2.8,1.2,4.5,3.0,10.0,0.6,0.01,0.06,0.55,0.16,0.2,0.35,1.5,12,10.0,14.0,0.9,1.2,0.6,0.01,0.06,0.65,0.3,0.72,0.005,0.38,0.22,0.01,0.14,1.0,0.28
lqr,ground_truth,curvy,400.0,0.05,0.1,1.0,44.14918937906623,99.04256439208984,-3.572801351547241,18.56315587342593,0.8812885710185121,0.34776926384025664,-0.02356870933109212,0.34776926384025664,0.02356870933109212,0.005160905420780182,-0.003180527128279209,0.5789095759391785,0.0,19.444444444444443,167,161,4.236062526702881,RoadOption.STRAIGHT,99.32061004638672,6.651093482971191,1.5776161497143715,2.8,1.2,4.5,3.0,10.0,0.6,0.01,0.06,0.55,0.16,0.2,0.35,1.5,12,10.0,14.0,0.9,1.2,0.6,0.01,0.06,0.65,0.3,0.72,0.005,0.38,0.22,0.01,0.14,1.0,0.28
lqr,ground_truth,curvy,400.0,0.05,0.1,1.0,44.19918937981129,99.05884552001953,-2.6447839736938477,18.563249490330445,0.8811949541139974,0.325158743268705,-0.021642178598528794,0.325158743268705,0.021642178598528794,0.002260001841932535,-0.0029009035788476467,0.5786046385765076,0.0,19.444444444444443,168,162,4.3061723709106445,RoadOption.STRAIGHT,99.31378936767578,7.651070594787598,1.5776161497143715,2.8,1.2,4.5,3.0,10.0,0.6,0.01,0.06,0.55,0.16,0.2,0.35,1.5,12,10.0,14.0,0.9,1.2,0.6,0.01,0.06,0.65,0.3,0.72,0.005,0.38,0.22,0.01,0.14,1.0,0.28
lqr,ground_truth,curvy,400.0,0.05,0.1,1.0,44.249189380556345,99.07378387451172,-1.7167372703552246,18.56339027036212,0.8810541740823226,0.30389076410254245,-0.02010926307507921,0.30389076410254245,0.02010926307507921,0.0017438898794353008,-0.0005161119624972343,0.5784635543823242,0.0,19.444444444444443,169,163,4.376519203186035,RoadOption.STRAIGHT,99.30697631835938,8.651047706604004,1.5776161497143715,2.8,1.2,4.5,3.0,10.0,0.6,0.01,0.06,0.55,0.16,0.2,0.35,1.5,12,10.0,14.0,0.9,1.2,0.6,0.01,0.06,0.65,0.3,0.72,0.005,0.38,0.22,0.01,0.14,1.0,0.28
lqr,ground_truth,curvy,400.0,0.05,0.1,1.0,44.2991893813014,99.08756256103516,-0.7886669635772705,18.563472391770407,0.8809720526740357,0.283782265780116,-0.018974756450705677,0.283782265780116,0.018974756450705677,0.0031823485624045134,0.0014384586829692125,0.5784847140312195,0.0,19.444444444444443,170,164,4.4470648765563965,RoadOption.STRAIGHT,99.30015563964844,9.65102481842041,1.5776161497143715,2.8,1.2,4.5,3.0,10.0,0.6,0.01,0.06,0.55,0.16,0.2,0.35,1.5,12,10.0,14.0,0.9,1.2,0.6,0.01,0.06,0.65,0.3,0.72,0.005,0.38,0.22,0.01,0.14,1.0,0.28
lqr,ground_truth,curvy,400.0,0.05,0.1,1.0,44.34918938204646,99.10011291503906,0.1394219994544983,18.56347330426919,0.8809711401752516,0.2649019181657489,-0.017983794209087023,0.2649019181657489,0.017983794209087023,0.004635705146938562,0.001453356584534049,0.5785815715789795,0.0,19.444444444444443,171,165,4.517788887023926,RoadOption.STRAIGHT,99.2933349609375,10.651001930236816,1.5776161497143715,2.8,1.2,4.5,3.0,10.0,0.6,0.01,0.06,0.55,0.16,0.2,0.35,1.5,12,10.0,14.0,0.9,1.2,0.6,0.01,0.06,0.65,0.3,0.72,0.005,0.38,0.22,0.01,0.14,1.0,0.28
lqr,ground_truth,curvy,400.0,0.05,0.1,1.0,44.39918938279152,99.11134338378906,1.06752610206604,18.563425847140092,0.881018597304351,0.24734134787839093,-0.01690002080347952,0.24734134787839093,0.01690002080347952,0.004692031070590019,5.632592365145683e-05,0.5786681175231934,0.0,19.444444444444443,172,166,4.588681697845459,RoadOption.STRAIGHT,99.28651428222656,11.650979042053223,1.5776161497143715,2.8,1.2,4.5,3.0,10.0,0.6,0.01,0.06,0.55,0.16,0.2,0.35,1.5,12,10.0,14.0,0.9,1.2,0.6,0.01,0.06,0.65,0.3,0.72,0.005,0.38,0.22,0.01,0.14,1.0,0.28
lqr,ground_truth,curvy,400.0,0.05,0.1,1.0,44.44918938353658,99.12129974365234,1.9956430196762085,18.56339735750765,0.8810470869367926,0.2310547694531303,-0.015693342513564357,0.2310547694531303,0.015693342513564357,0.003500267630442977,-0.0011917634401470423,0.5786624550819397,0.0,19.444444444444443,173,167,4.659715175628662,RoadOption.STRAIGHT,99.27969360351562,12.650954246520996,1.5776161497143715,2.8,1.2,4.5,3.0,10.0,0.6,0.01,0.06,0.55,0.16,0.2,0.35,1.5,12,10.0,14.0,0.9,1.2,0.6,0.01,0.06,0.65,0.3,0.72,0.005,0.38,0.22,0.01,0.14,1.0,0.28
lqr,ground_truth,curvy,400.0,0.05,0.1,1.0,44.499189384281635,99.130126953125,2.923771619796753,18.563419361833418,0.8810250826110249,0.21589723548817835,-0.014505838983497998,0.21589723548817835,0.014505838983497998,0.0021902306471019983,-0.0013100369833409786,0.5785886645317078,0.0,19.444444444444443,174,168,4.730865478515625,RoadOption.STRAIGHT,99.27287292480469,13.650931358337402,1.5776161497143715,2.8,1.2,4.5,3.0,10.0,0.6,0.01,0.06,0.55,0.16,0.2,0.35,1.5,12,10.0,14.0,0.9,1.2,0.6,0.01,0.06,0.65,0.3,0.72,0.005,0.38,0.22,0.01,0.14,1.0,0.28
lqr,ground_truth,curvy,400.0,0.05,0.1,1.0,44.54918938502669,99.13800811767578,3.851910352706909,18.563461446645658,0.8809829977987853,0.20169328455873453,-0.013484649863507059,0.20169328455873453,0.013484649863507059,0.001794777694158256,-0.0003954529529437423,0.5785393118858337,0.0,19.444444444444443,175,169,4.8021111488342285,RoadOption.STRAIGHT,99.26605224609375,14.650908470153809,1.5776161497143715,2.8,1.2,4.5,3.0,10.0,0.6,0.01,0.06,0.55,0.16,0.2,0.35,1.5,12,10.0,14.0,0.9,1.2,0.6,0.01,0.06,0.65,0.3,0.72,0.005,0.38,0.22,0.01,0.14,1.0,0.28
lqr,ground_truth,curvy,400.0,0.05,0.1,1.0,44.59918938577175,99.14503479003906,4.780057907104492,18.563492180081745,0.8809522643626977,0.18833611656803226,-0.012650281493985283,0.18833611656803226,0.012650281493985283,0.002182634547352791,0.0003878568531945348,0.5785344839096069,0.0,19.444444444444443,176,170,4.87343692779541,RoadOption.STRAIGHT,99.25923156738281,15.650885581970215,1.5776161497143715,2.8,1.2,4.5,3.0,10.0,0.6,0.01,0.06,0.55,0.16,0.2,0.35,1.5,12,10.0,14.0,0.9,1.2,0.6,0.01,0.06,0.65,0.3,0.72,0.005,0.38,0.22,0.01,0.14,1.0,0.28
lqr,ground_truth,curvy,400.0,0.05,0.1,1.0,44.64918938651681,99.1512222290039,5.708212375640869,18.56349676003519,0.8809476844092536,0.17581811530664015,-0.011911121133433955,0.17581811530664015,0.011911121133433955,0.0026879566721618176,0.0005053221248090267,0.5785630941390991,0.0,19.444444444444443,177,171,4.944832801818848,RoadOption.STRAIGHT,99.25241088867188,16.650863647460938,1.5776161497143715,2.8,1.2,4.5,3.0,10.0,0.6,0.01,0.06,0.55,0.16,0.2,0.35,1.5,12,10.0,14.0,0.9,1.2,0.6,0.01,0.06,0.65,0.3,0.72,0.005,0.38,0.22,0.01,0.14,1.0,0.28
lqr,ground_truth,curvy,400.0,0.05,0.1,1.0,44.69918938726187,99.15656280517578,6.63637113571167,18.563488864208058,0.8809555802363853,0.16414692787722746,-0.01117102866650077,0.16414692787722746,0.01117102866650077,0.0027235113084316254,3.5554636269807816e-05,0.5785828232765198,0.0,19.444444444444443,177,172,5.016291618347168,RoadOption.STRAIGHT,99.25241088867188,16.650863647460938,1.5776161497143715,2.8,1.2,4.5,3.0,10.0,0.6,0.01,0.06,0.55,0.16,0.2,0.35,1.5,12,10.0,14.0,0.9,1.2,0.6,0.01,0.06,0.65,0.3,0.72,0.005,0.38,0.22,0.01,0.14,1.0,0.28
lqr,ground_truth,curvy,400.0,0.05,0.1,1.0,44.749189388006926,99.16109466552734,7.564534664154053,18.56348554958871,0.8809588948557341,0.15328531107657123,-0.010406168801430304,0.15328531107657123,0.010406168801430304,0.002268061274662614,-0.0004554500337690115,0.578579306602478,0.0,19.444444444444443,178,172,4.088368892669678,RoadOption.STRAIGHT,99.24559783935547,17.65083885192871,1.5776161497143715,2.8,1.2,4.5,3.0,10.0,0.6,0.01,0.06,0.55,0.16,0.2,0.35,1.5,12,10.0,14.0,0.9,1.2,0.6,0.01,0.06,0.65,0.3,0.72,0.005,0.38,0.22,0.01,0.14,1.0,0.28
lqr,ground_truth,curvy,400.0,0.05,0.1,1.0,44.799189388751984,99.16487121582031,8.492701530456543,18.563492564947676,0.8809518794967666,0.1431780448644807,-0.009659951063989869,0.1431780448644807,0.009659951063989869,0.0017076595686376095,-0.0005604017060250044,0.5785627365112305,0.0,19.444444444444443,179,173,4.1598381996154785,RoadOption.STRAIGHT,99.23877716064453,18.650815963745117,1.5776161497143715,2.8,1.2,4.5,3.0,10.0,0.6,0.01,0.06,0.55,0.16,0.2,0.35,1.5,12,10.0,14.0,0.9,1.2,0.6,0.01,0.06,0.65,0.3,0.72,0.005,0.38,0.22,0.01,0.14,1.0,0.28
lqr,ground_truth,curvy,400.0,0.05,0.1,1.0,44.84918938949704,99.16799926757812,9.42087173461914,18.563504577031907,0.8809398674125362,0.13371925235101711,-0.008989500259562355,0.13371925235101711,0.008989500259562355,0.0014370365533977747,-0.0002706230152398348,0.5785495042800903,0.0,19.444444444444443,180,174,4.231359958648682,RoadOption.STRAIGHT,99.2319564819336,19.650793075561523,1.5776161497143715,2.8,1.2,4.5,3.0,10.0,0.6,0.01,0.06,0.55,0.16,0.2,0.35,1.5,12,10.0,14.0,0.9,1.2,0.6,0.01,0.06,0.65,0.3,0.72,0.005,0.38,0.22,0.01,0.14,1.0,0.28
lqr,ground_truth,curvy,400.0,0.05,0.1,1.0,44.8991893902421,99.17051696777344,10.349043846130371,18.56351486502004,0.8809295794244036,0.12487078419870856,-0.008408664825815926,0.12487078419870856,0.008408664825815926,0.001490769092924893,5.3732539527118206e-05,0.5785453915596008,0.0,19.444444444444443,181,175,4.3029255867004395,RoadOption.STRAIGHT,99.22513580322266,20.65077018737793,1.5776161497143715,2.8,1.2,4.5,3.0,10.0,0.6,0.01,0.06,0.55,0.16,0.2,0.35,1.5,12,10.0,14.0,0.9,1.2,0.6,0.01,0.06,0.65,0.3,0.72,0.005,0.38,0.22,0.01,0.14,1.0,0.28
lqr,ground_truth,curvy,400.0,0.05,0.1,1.0,44.94918939098716,99.17247772216797,11.277217864990234,18.563520141967278,0.8809243024771654,0.116579235887782,-0.007888815781032399,0.116579235887782,0.007888815781032399,0.001649696147069335,0.00015892705414444208,0.57854825258255,0.0,19.444444444444443,182,176,4.374528408050537,RoadOption.STRAIGHT,99.21831512451172,21.650747299194336,1.5776161497143715,2.8,1.2,4.5,3.0,10.0,0.6,0.01,0.06,0.55,0.16,0.2,0.35,1.5,12,10.0,14.0,0.9,1.2,0.6,0.01,0.06,0.65,0.3,0.72,0.005,0.38,0.22,0.01,0.14,1.0,0.28
lqr,ground_truth,curvy,400.0,0.05,0.1,1.0,44.999189391732216,99.17389678955078,12.205391883850098,18.563520219502326,0.8809242249421168,0.10882936849553529,-0.0073890736024795345,0.10882936849553529,0.0073890736024795345,0.0016363615868613124,-1.3334560208022594e-05,0.5785544514656067,0.0,19.444444444444443,183,177,4.446165561676025,RoadOption.STRAIGHT,99.21149444580078,22.65072250366211,1.5776161497143715,2.8,1.2,4.5,3.0,10.0,0.6,0.01,0.06,0.55,0.16,0.2,0.35,1.5,12,10.0,14.0,0.9,1.2,0.6,0.01,0.06,0.65,0.3,0.72,0.005,0.38,0.22,0.01,0.14,1.0,0.28
lqr,ground_truth,curvy,400.0,0.05,0.1,1.0,45.049189392477274,99.17477416992188,13.133563995361328,18.56352129112232,0.8809231533221222,0.10162879823139973,-0.006895856168596559,0.10162879823139973,0.006895856168596559,0.0014899318339303136,-0.0001464297529309988,0.5785526037216187,0.0,19.444444444444443,184,178,4.5178303718566895,RoadOption.STRAIGHT,99.20467376708984,23.650699615478516,1.5776161497143715,2.8,1.2,4.5,3.0,10.0,0.6,0.01,0.06,0.55,0.16,0.2,0.35,1.5,12,10.0,14.0,0.9,1.2,0.6,0.01,0.06,0.65,0.3,0.72,0.005,0.38,0.22,0.01,0.14,1.0,0.28
lqr,ground_truth,curvy,400.0,0.05,0.1,1.0,45.09918939322233,99.1751708984375,14.061738014221191,18.563520447125594,0.880923997318849,0.0949012394281106,-0.006417419278763603,0.0949012394281106,0.006417419278763603,0.001230175606906414,-0.00025975622702389956,0.5785554051399231,0.0,19.444444444444443,185,179,4.589519023895264,RoadOption.STRAIGHT,99.1978530883789,24.650676727294922,1.5776161497143715,2.8,1.2,4.5,3.0,10.0,0.6,0.01,0.06,0.55,0.16,0.2,0.35,1.5,12,10.0,14.0,0.9,1.2,0.6,0.01,0.06,0.65,0.3,0.72,0.005,0.38,0.22,0.01,0.14,1.0,0.28
lqr,ground_truth,curvy,400.0,0.05,0.1,1.0,45.14918939396739,99.17511749267578,14.989912986755371,18.563523842702182,0.8809206017422611,0.08862379793049707,-0.0059756008539197936,0.08862379793049707,0.0059756008539197936,0.00105011195410043,-0.00018006365280598402,0.5785483121871948,0.0,19.444444444444443,186,180,4.661227226257324,RoadOption.STRAIGHT,99.1910400390625,25.650653839111328,1.5776161497143715,2.8,1.2,4.5,3.0,10.0,0.6,0.01,0.06,0.55,0.16,0.2,0.35,1.5,12,10.0,14.0,0.9,1.2,0.6,0.01,0.06,0.65,0.3,0.72,0.005,0.38,0.22,0.01,0.14,1.0,0.28
lqr,ground_truth,curvy,400.0,0.05,0.1,1.0,45.19918939471245,99.1746597290039,15.918087005615234,18.563528362497575,0.880916081946868,0.08275071144357568,-0.00558052090620631,0.08275071144357568,0.00558052090620631,0.0010102589149028063,-3.985303919762373e-05,0.5785441994667053,0.0,19.444444444444443,187,181,4.732953071594238,RoadOption.STRAIGHT,99.18421936035156,26.6506290435791,1.5776161497143715,2.8,1.2,4.5,3.0,10.0,0.6,0.01,0.06,0.55,0.16,0.2,0.35,1.5,12,10.0,14.0,0.9,1.2,0.6,0.01,0.06,0.65,0.3,0.72,0.005,0.38,0.22,0.01,0.14,1.0,0.28
lqr,ground_truth,curvy,400.0,0.05,0.1,1.0,45.249189395457506,99.17381286621094,16.84626007080078,18.563531723646456,0.880912720797987,0.0772667215331256,-0.005223524162081716,0.0772667215331256,0.005223524162081716,0.001036832225508988,2.657331060618162e-05,0.5785436034202576,0.0,19.444444444444443,188,182,4.804693698883057,RoadOption.STRAIGHT,99.17739868164062,27.650606155395508,1.5776161497143715,2.8,1.2,4.5,3.0,10.0,0.6,0.01,0.06,0.55,0.16,0.2,0.35,1.5,12,10.0,14.0,0.9,1.2,0.6,0.01,0.06,0.65,0.3,0.72,0.005,0.38,0.22,0.01,0.14,1.0,0.28
lqr,ground_truth,curvy,400.0,0.05,0.1,1.0,45.299189396202564,99.172607421875,17.77443504333496,18.563533782411607,0.8809106620328357,0.07214127881150736,-0.00488916428722197,0.07214127881150736,0.00488916428722197,0.001036022324115038,-8.099013939499855e-07,0.5785439014434814,0.0,19.444444444444443,189,183,4.876442909240723,RoadOption.STRAIGHT,99.17057800292969,28.650583267211914,1.5776161497143715,2.8,1.2,4.5,3.0,10.0,0.6,0.01,0.06,0.55,0.16,0.2,0.35,1.5,12,10.0,14.0,0.9,1.2,0.6,0.01,0.06,0.65,0.3,0.72,0.005,0.38,0.22,0.01,0.14,1.0,0.28
lqr,ground_truth,curvy,400.0,0.05,0.1,1.0,45.34918939694762,99.17105865478516,18.702608108520508,18.563532169151067,0.880912275293376,0.0673591768752165,-0.004565590214776982,0.0673591768752165,0.004565590214776982,0.0009546034852974117,-8.141883881762624e-05,0.578549325466156,0.0,19.444444444444443,190,184,4.948205947875977,RoadOption.STRAIGHT,99.16375732421875,29.65056037902832,1.5776161497143715,2.8,1.2,4.5,3.0,10.0,0.6,0.01,0.06,0.55,0.16,0.2,0.35,1.5,12,10.0,14.0,0.9,1.2,0.6,0.01,0.06,0.65,0.3,0.72,0.005,0.38,0.22,0.01,0.14,1.0,0.28
lqr,ground_truth,curvy,400.0,0.05,0.1,1.0,45.39918939769268,99.169189453125,19.630781173706055,18.563533630943223,0.8809108135012202,0.06289750205756355,-0.004255997738055406,0.06289750205756355,0.004255997738055406,0.0008100905106402934,-0.00014451297465711832,0.5785447359085083,0.0,19.444444444444443,190,185,5.019978046417236,RoadOption.STRAIGHT,99.16375732421875,29.65056037902832,1.5776161497143715,2.8,1.2,4.5,3.0,10.0,0.6,0.01,0.06,0.55,0.16,0.2,0.35,1.5,12,10.0,14.0,0.9,1.2,0.6,0.01,0.06,0.65,0.3,0.72,0.005,0.38,0.22,0.01,0.14,1.0,0.28
lqr,ground_truth,curvy,400.0,0.05,0.1,1.0,45.44918939843774,99.16703033447266,20.558956146240234,18.563535360306464,0.8809090841379792,0.058726630616676725,-0.003969574762817452,0.058726630616676725,0.003969574762817452,0.0007138812798075378,-9.620923083275557e-05,0.5785433650016785,0.0,19.444444444444443,191,185,4.091837406158447,RoadOption.STRAIGHT,99.15693664550781,30.650537490844727,1.5776161497143715,2.8,1.2,4.5,3.0,10.0,0.6,0.01,0.06,0.55,0.16,0.2,0.35,1.5,12,10.0,14.0,0.9,1.2,0.6,0.01,0.06,0.65,0.3,0.72,0.005,0.38,0.22,0.01,0.14,1.0,0.28
lqr,ground_truth,curvy,400.0,0.05,0.1,1.0,45.4991893991828,99.16458129882812,21.487131118774414,18.5635355073531,0.8809089370913412,0.054852392508847506,-0.0037103160306983796,0.054852392508847506,0.0037103160306983796,0.0007287123007699847,1.4831020962446928e-05,0.5785452127456665,0.0,19.444444444444443,192,186,4.163607120513916,RoadOption.STRAIGHT,99.15011596679688,31.650514602661133,1.5776161497143715,2.8,1.2,4.5,3.0,10.0,0.6,0.01,0.06,0.55,0.16,0.2,0.35,1.5,12,10.0,14.0,0.9,1.2,0.6,0.01,0.06,0.65,0.3,0.72,0.005,0.38,0.22,0.01,0.14,1.0,0.28
lqr,ground_truth,curvy,400.0,0.05,0.1,1.0,45.549189399927855,99.16188049316406,22.41530418395996,18.563538683016727,0.8809057614277158,0.05122228934855194,-0.0034692999520462564,0.05122228934855194,0.0034692999520462564,0.0007094299071468413,-1.9282393623143435e-05,0.5785396695137024,0.0,19.444444444444443,193,187,4.235384464263916,RoadOption.STRAIGHT,99.14329528808594,32.650489807128906,1.5776161497143715,2.8,1.2,4.5,3.0,10.0,0.6,0.01,0.06,0.55,0.16,0.2,0.35,1.5,12,10.0,14.0,0.9,1.2,0.6,0.01,0.06,0.65,0.3,0.72,0.005,0.38,0.22,0.01,0.14,1.0,0.28
lqr,ground_truth,curvy,400.0,0.05,0.1,1.0,45.59918940067291,99.158935546875,23.34347915649414,18.563540390329564,0.8809040541148789,0.04783632113579002,-0.003240800730517357,0.04783632113579002,0.003240800730517357,0.0006622985820285976,-4.7131325118243694e-05,0.5785403847694397,0.0,19.444444444444443,194,188,4.307167053222656,RoadOption.STRAIGHT,99.136474609375,33.65046691894531,1.5776161497143715,2.8,1.2,4.5,3.0,10.0,0.6,0.01,0.06,0.55,0.16,0.2,0.35,1.5,12,10.0,14.0,0.9,1.2,0.6,0.01,0.06,0.65,0.3,0.72,0.005,0.38,0.22,0.01,0.14,1.0,0.28
lqr,ground_truth,curvy,400.0,0.05,0.1,1.0,45.64918940141797,99.15579223632812,24.27165412902832,18.563538246341587,0.8809061981028563,0.04464871256789917,-0.003023753101675908,0.04464871256789917,0.003023753101675908,0.0006061483873054385,-5.6150194723159075e-05,0.5785462856292725,0.0,19.444444444444443,195,189,4.3789544105529785,RoadOption.STRAIGHT,99.1296615600586,34.65044403076172,1.5776161497143715,2.8,1.2,4.5,3.0,10.0,0.6,0.01,0.06,0.55,0.16,0.2,0.35,1.5,12,10.0,14.0,0.9,1.2,0.6,0.01,0.06,0.65,0.3,0.72,0.005,0.38,0.22,0.01,0.14,1.0,0.28
lqr,ground_truth,curvy,400.0,0.05,0.1,1.0,45.69918940216303,99.15241241455078,25.1998291015625,18.563537762588027,0.8809066818564162,0.04169760973043155,-0.0028202875943939,0.04169760973043155,0.0028202875943939,0.0005424060509540141,-6.374233635142446e-05,0.5785446166992188,0.0,19.444444444444443,196,190,4.450746059417725,RoadOption.STRAIGHT,99.12284088134766,35.650421142578125,1.5776161497143715,2.8,1.2,4.5,3.0,10.0,0.6,0.01,0.06,0.55,0.16,0.2,0.35,1.5,12,10.0,14.0,0.9,1.2,0.6,0.01,0.06,0.65,0.3,0.72,0.005,0.38,0.22,0.01,0.14,1.0,0.28
lqr,ground_truth,curvy,400.0,0.05,0.1,1.0,45.74918940290809,99.14884185791016,26.128002166748047,18.56354061797862,0.880903826465822,0.03893725032840367,-0.002631336315052746,0.03893725032840367,0.002631336315052746,0.0004969012807123363,-4.550477024167776e-05,0.5785388946533203,0.0,19.444444444444443,197,191,4.522542953491211,RoadOption.STRAIGHT,99.11602020263672,36.650394439697266,1.5776161497143715,2.8,1.2,4.5,3.0,10.0,0.6,0.01,0.06,0.55,0.16,0.2,0.35,1.5,12,10.0,14.0,0.9,1.2,0.6,0.01,0.06,0.65,0.3,0.72,0.005,0.38,0.22,0.01,0.14,1.0,0.28
lqr,ground_truth,curvy,400.0,0.05,0.1,1.0,45.799189403653145,99.14509582519531,27.056175231933594,18.56354121538297,0.8809032290614738,0.036352362919915615,-0.002458364002252189,0.036352362919915615,0.002458364002252189,0.0004781198804266751,-1.878140028566122e-05,0.5785412192344666,0.0,19.444444444444443,198,192,4.594342231750488,RoadOption.STRAIGHT,99.10919952392578,37.65037155151367,1.5776161497143715,2.8,1.2,4.5,3.0,10.0,0.6,0.01,0.06,0.55,0.16,0.2,0.35,1.5,12,10.0,14.0,0.9,1.2,0.6,0.01,0.06,0.65,0.3,0.72,0.005,0.38,0.22,0.01,0.14,1.0,0.28
lqr,ground_truth,curvy,400.0,0.05,0.1,1.0,45.8491894043982,99.14116668701172,27.984350204467773,18.563539801979427,0.8809046424650155,0.033950550706719596,-0.0022969764401929993,0.033950550706719596,0.0022969764401929993,0.00045538280392065644,-2.273707650601864e-05,0.5785444974899292,0.0,19.444444444444443,199,193,4.666140556335449,RoadOption.STRAIGHT,99.10237884521484,38.65034866333008,1.5776161497143715,2.8,1.2,4.5,3.0,10.0,0.6,0.01,0.06,0.55,0.16,0.2,0.35,1.5,12,10.0,14.0,0.9,1.2,0.6,0.01,0.06,0.65,0.3,0.72,0.005,0.38,0.22,0.01,0.14,1.0,0.28
lqr,ground_truth,curvy,400.0,0.05,0.1,1.0,45.89918940514326,99.13710021972656,28.912521362304688,18.56354189566497,0.8809025487794742,0.03168610342454853,-0.0021463746805494566,0.03168610342454853,0.0021463746805494566,0.0004131381865590811,-4.2244617361575365e-05,0.5785390138626099,0.0,19.444444444444443,200,194,4.737946033477783,RoadOption.STRAIGHT,99.0955581665039,39.650325775146484,1.5776161497143715,2.8,1.2,4.5,3.0,10.0,0.6,0.01,0.06,0.55,0.16,0.2,0.35,1.5,12,10.0,14.0,0.9,1.2,0.6,0.01,0.06,0.65,0.3,0.72,0.005,0.38,0.22,0.01,0.14,1.0,0.28
lqr,ground_truth,curvy,400.0,0.05,0.1,1.0,45.94918940588832,99.13286590576172,29.840682983398438,18.56354138367028,0.8809030607741626,0.029597193174312714,-0.0020057597749931766,0.029597193174312714,0.0020057597749931766,0.0004228825564496219,9.744369890540838e-06,0.5785424709320068,0.0,19.444444444444443,201,195,4.809762477874756,RoadOption.STRAIGHT,99.08873748779297,40.65030288696289,1.5776161497143715,2.8,1.2,4.5,3.0,10.0,0.6,0.01,0.06,0.55,0.16,0.2,0.35,1.5,12,10.0,14.0,0.9,1.2,0.6,0.01,0.06,0.65,0.3,0.72,0.005,0.38,0.22,0.01,0.14,1.0,0.28
lqr,ground_truth,curvy,400.0,0.05,0.1,1.0,45.99918940663338,99.12850189208984,30.768844604492188,18.563542953723154,0.8809014907212891,0.02763035039784372,-0.0018716696141076739,0.02763035039784372,0.0018716696141076739,0.0003834717790596187,-3.9410777390003204e-05,0.5785390138626099,0.0,19.444444444444443,202,196,4.881580352783203,RoadOption.STRAIGHT,99.08191680908203,41.6502799987793,1.5776161497143715,2.8,1.2,4.5,3.0,10.0,0.6,0.01,0.06,0.55,0.16,0.2,0.35,1.5,12,10.0,14.0,0.9,1.2,0.6,0.01,0.06,0.65,0.3,0.72,0.005,0.38,0.22,0.01,0.14,1.0,0.28
lqr,ground_truth,curvy,400.0,0.05,0.1,1.0,46.049189407378435,99.12399291992188,31.697006225585938,18.563541831913984,0.8809026125304591,0.025808436731114652,-0.0017449031462195563,0.025808436731114652,0.0017449031462195563,0.00033417140366509557,-4.9300375394523144e-05,0.5785428881645203,0.0,19.444444444444443,203,197,4.953394889831543,RoadOption.STRAIGHT,99.07510375976562,42.6502571105957,1.5776161497143715,2.8,1.2,4.5,3.0,10.0,0.6,0.01,0.06,0.55,0.16,0.2,0.35,1.5,12,10.0,14.0,0.9,1.2,0.6,0.01,0.06,0.65,0.3,0.72,0.005,0.38,0.22,0.01,0.14,1.0,0.28
lqr,ground_truth,curvy,400.0,0.05,0.1,1.0,46.09918940812349,99.11936950683594,32.62516784667969,18.56354172227939,0.8809027221650538,0.024100987336400155,-0.0016269251099294557,0.024100987336400155,0.0016269251099294557,0.0002993158414028585,-3.485556226223707e-05,0.5785417556762695,0.0,19.444444444444443,203,198,5.025214195251465,RoadOption.STRAIGHT,99.07510375976562,42.6502571105957,1.5776161497143715,2.8,1.2,4.5,3.0,10.0,0.6,0.01,0.06,0.55,0.16,0.2,0.35,1.5,12,10.0,14.0,0.9,1.2,0.6,0.01,0.06,0.65,0.3,0.72,0.005,0.38,0.22,0.01,0.14,1.0,0.28
lqr,ground_truth,curvy,400.0,0.05,0.1,1.0,46.14918940886855,99.11463928222656,33.55332946777344,18.563540971218547,0.8809034732258958,0.022501253115480645,-0.0015199991921628353,0.022501253115480645,0.0015199991921628353,0.0002895874495152384,-9.728391887620091e-06,0.5785430073738098,0.0,19.444444444444443,204,198,4.097046375274658,RoadOption.STRAIGHT,99.06828308105469,43.65023422241211,1.5776161497143715,2.8,1.2,4.5,3.0,10.0,0.6,0.01,0.06,0.55,0.16,0.2,0.35,1.5,12,10.0,14.0,0.9,1.2,0.6,0.01,0.06,0.65,0.3,0.72,0.005,0.38,0.22,0.01,0.14,1.0,0.28
lqr,ground_truth,curvy,400.0,0.05,0.1,1.0,46.19918940961361,99.10980224609375,34.48149490356445,18.563538060988492,0.880906383455951,0.021007395784499908,-0.0014218617059933436,0.021007395784499908,0.0014218617059933436,0.00028784360620193183,-1.74384331330657e-06,0.5785472989082336,0.0,19.444444444444443,205,199,4.168860912322998,RoadOption.STRAIGHT,99.06146240234375,44.65020751953125,1.5776161497143715,2.8,1.2,4.5,3.0,10.0,0.6,0.01,0.06,0.55,0.16,0.2,0.35,1.5,12,10.0,14.0,0.9,1.2,0.6,0.01,0.06,0.65,0.3,0.72,0.005,0.38,0.22,0.01,0.14,1.0,0.28
lqr,ground_truth,curvy,400.0,0.05,0.1,1.0,46.24918941035867,99.1048583984375,35.4096565246582,18.563536847020167,0.8809075974242759,0.01962037350842332,-0.0013289173839492463,0.01962037350842332,0.0013289173839492463,0.0002725331869442016,-1.5310419257730246e-05,0.5785459876060486,0.0,19.444444444444443,206,200,4.240679740905762,RoadOption.STRAIGHT,99.05464172363281,45.650184631347656,1.5776161497143715,2.8,1.2,4.5,3.0,10.0,0.6,0.01,0.06,0.55,0.16,0.2,0.35,1.5,12,10.0,14.0,0.9,1.2,0.6,0.01,0.06,0.65,0.3,0.72,0.005,0.38,0.22,0.01,0.14,1.0,0.28
lqr,ground_truth,curvy,400.0,0.05,0.1,1.0,46.299189411103725,99.0998306274414,36.33781814575195,18.56354084754924,0.8809035968952017,0.018317272620561424,-0.0012401009615956582,0.018317272620561424,0.0012401009615956582,0.0002489997132215649,-2.35334737226367e-05,0.5785373449325562,0.0,19.444444444444443,207,201,4.312499523162842,RoadOption.STRAIGHT,99.04782104492188,46.65016174316406,1.5776161497143715,2.8,1.2,4.5,3.0,10.0,0.6,0.01,0.06,0.55,0.16,0.2,0.35,1.5,12,10.0,14.0,0.9,1.2,0.6,0.01,0.06,0.65,0.3,0.72,0.005,0.38,0.22,0.01,0.14,1.0,0.28
lqr,ground_truth,curvy,400.0,0.05,0.1,1.0,46.34918941184878,99.09471130371094,37.2659797668457,18.56354231572522,0.8809021287192245,0.01710572233802464,-0.0011571434936392677,0.01710572233802464,0.0011571434936392677,0.00019948444969486445,-4.951526352670044e-05,0.5785394906997681,0.0,19.444444444444443,208,202,4.384319305419922,RoadOption.STRAIGHT,99.04100036621094,47.65013885498047,1.5776161497143715,2.8,1.2,4.5,3.0,10.0,0.6,0.01,0.06,0.55,0.16,0.2,0.35,1.5,12,10.0,14.0,0.9,1.2,0.6,0.01,0.06,0.65,0.3,0.72,0.005,0.38,0.22,0.01,0.14,1.0,0.28
lqr,ground_truth,curvy,400.0,0.05,0.1,1.0,46.39918941259384,99.08951568603516,38.19414138793945,18.563542673357688,0.880901771086755,0.015978093443702553,-0.001081776034790316,0.015978093443702553,0.001081776034790316,0.00022731514764018357,2.7830697945319116e-05,0.5785406231880188,0.0,19.444444444444443,209,203,4.45613956451416,RoadOption.STRAIGHT,99.0341796875,48.650115966796875,1.5776161497143715,2.8,1.2,4.5,3.0,10.0,0.6,0.01,0.06,0.55,0.16,0.2,0.35,1.5,12,10.0,14.0,0.9,1.2,0.6,0.01,0.06,0.65,0.3,0.72,0.005,0.38,0.22,0.01,0.14,1.0,0.28
lqr,ground_truth,curvy,400.0,0.05,0.1,1.0,46.4491894133389,99.08424377441406,39.1223030090332,18.56353973010254,0.8809047143419022,0.014919127503374298,-0.001010669633685346,0.014919127503374298,0.001010669633685346,0.00021221897623036057,-1.5096171409823e-05,0.5785463452339172,0.0,19.444444444444443,210,204,4.527959823608398,RoadOption.STRAIGHT,99.0273666381836,49.65009307861328,1.5776161497143715,2.8,1.2,4.5,3.0,10.0,0.6,0.01,0.06,0.55,0.16,0.2,0.35,1.5,12,10.0,14.0,0.9,1.2,0.6,0.01,0.06,0.65,0.3,0.72,0.005,0.38,0.22,0.01,0.14,1.0,0.28
lqr,ground_truth,curvy,400.0,0.05,0.1,1.0,46.49918941408396,99.07891082763672,40.05046463012695,18.56354193288545,0.8809025115589932,0.013921169284571277,-0.0009430253419973056,0.013921169284571277,0.0009430253419973056,0.00019305673777125776,-1.916223845910281e-05,0.5785388350486755,0.0,19.444444444444443,211,205,4.599776268005371,RoadOption.STRAIGHT,99.02054595947266,50.65007019042969,1.5776161497143715,2.8,1.2,4.5,3.0,10.0,0.6,0.01,0.06,0.55,0.16,0.2,0.35,1.5,12,10.0,14.0,0.9,1.2,0.6,0.01,0.06,0.65,0.3,0.72,0.005,0.38,0.22,0.01,0.14,1.0,0.28
lqr,ground_truth,curvy,400.0,0.05,0.1,1.0,46.549189414829016,99.07350158691406,40.97862243652344,18.56354357970429,0.880900864740152,0.012999555267588878,-0.0008781773694535033,0.012999555267588878,0.0008781773694535033,0.00016477798635605723,-2.827875141520053e-05,0.5785385370254517,0.0,19.444444444444443,212,206,4.671600818634033,RoadOption.STRAIGHT,99.01372528076172,51.650047302246094,1.5776161497143715,2.8,1.2,4.5,3.0,10.0,0.6,0.01,0.06,0.55,0.16,0.2,0.35,1.5,12,10.0,14.0,0.9,1.2,0.6,0.01,0.06,0.65,0.3,0.72,0.005,0.38,0.22,0.01,0.14,1.0,0.28
lqr,ground_truth,curvy,400.0,0.05,0.1,1.0,46.599189415574074,99.06803131103516,41.90677261352539,18.563542612798486,0.8809018316459571,0.012139027018206246,-0.0008190551932538703,0.012139027018206246,0.0008190551932538703,0.00014940492110326886,-1.5373065252788365e-05,0.5785422325134277,0.0,19.444444444444443,213,207,4.743432521820068,RoadOption.STRAIGHT,99.00690460205078,52.6500244140625,1.5776161497143715,2.8,1.2,4.5,3.0,10.0,0.6,0.01,0.06,0.55,0.16,0.2,0.35,1.5,12,10.0,14.0,0.9,1.2,0.6,0.01,0.06,0.65,0.3,0.72,0.005,0.38,0.22,0.01,0.14,1.0,0.28
lqr,ground_truth,curvy,400.0,0.05,0.1,1.0,46.64918941631913,99.06250762939453,42.834922790527344,18.563543149532048,0.8809012949123947,0.011331903288596602,-0.0007655256553431578,0.011331903288596602,0.0007655256553431578,0.0001471012074034661,-2.3037136998027563e-06,0.5785401463508606,0.0,19.444444444444443,214,208,4.815264701843262,RoadOption.STRAIGHT,99.00008392333984,53.64999771118164,-4.705568624832996,2.8,1.2,4.5,3.0,10.0,0.6,0.01,0.06,0.55,0.16,0.2,0.35,1.5,12,10.0,14.0,0.9,1.2,0.6,0.01,0.06,0.65,0.3,0.72,0.005,0.38,0.22,0.01,0.14,1.0,0.28
lqr,ground_truth,curvy,400.0,0.05,0.1,1.0,46.69918941706419,99.05693054199219,43.76306915283203,18.56354350691824,0.8809009375262029,0.010578210094118124,-0.0007163903332312316,0.010578210094118124,0.0007163903332312316,0.00012221344513818622,-2.488776226527989e-05,0.5785401463508606,0.0,19.444444444444443,215,209,4.8871002197265625,RoadOption.STRAIGHT,98.9932632446289,54.64997482299805,-4.705568624832996,2.8,1.2,4.5,3.0,10.0,0.6,0.01,0.06,0.55,0.16,0.2,0.35,1.5,12,10.0,14.0,0.9,1.2,0.6,0.01,0.06,0.65,0.3,0.72,0.005,0.38,0.22,0.01,0.14,1.0,0.28
lqr,ground_truth,curvy,400.0,0.05,0.1,1.0,46.74918941780925,99.05130004882812,44.691219329833984,18.56354313964039,0.8809013048040519,0.00988552462116487,-0.0006716492269180918,0.00988552462116487,0.0006716492269180918,0.00016038058674894273,3.8167141610756516e-05,0.5785412192344666,0.0,19.444444444444443,216,210,4.958931922912598,RoadOption.STRAIGHT,98.98644256591797,55.64995193481445,-4.705568624832996,2.8,1.2,4.5,3.0,10.0,0.6,0.01,0.06,0.55,0.16,0.2,0.35,1.5,12,10.0,14.0,0.9,1.2,0.6,0.01,0.06,0.65,0.3,0.72,0.005,0.38,0.22,0.01,0.14,1.0,0.28
lqr,ground_truth,curvy,400.0,0.05,0.1,1.0,46.799189418554306,99.04562377929688,45.61936950683594,18.56354348543173,0.8809009590127133,0.009230985233763755,-0.0006271744367136733,0.009230985233763755,0.0006271744367136733,0.00014296159497462213,-1.7418991774320602e-05,0.5785401463508606,0.0,19.444444444444443,216,211,5.030763626098633,RoadOption.STRAIGHT,98.98644256591797,55.64995193481445,-4.705568624832996,2.8,1.2,4.5,3.0,10.0,0.6,0.01,0.06,0.55,0.16,0.2,0.35,1.5,12,10.0,14.0,0.9,1.2,0.6,0.01,0.06,0.65,0.3,0.72,0.005,0.38,0.22,0.01,0.14,1.0,0.28
lqr,ground_truth,curvy,400.0,0.05,0.1,1.0,46.849189419299364,99.03990173339844,46.54751968383789,18.563541262744973,0.8809031816994697,0.008623127283274214,-0.0005830991206727809,0.008623127283274214,0.0005830991206727809,0.00011186658957740292,-3.109500539721921e-05,0.578544557094574,0.0,19.444444444444443,217,211,4.102596759796143,RoadOption.STRAIGHT,98.97962188720703,56.64992904663086,-4.705568624832996,2.8,1.2,4.5,3.0,10.0,0.6,0.01,0.06,0.55,0.16,0.2,0.35,1.5,12,10.0,14.0,0.9,1.2,0.6,0.01,0.06,0.65,0.3,0.72,0.005,0.38,0.22,0.01,0.14,1.0,0.28
lqr,ground_truth,curvy,400.0,0.05,0.1,1.0,46.89918942004442,99.03414916992188,47.47566604614258,18.563540165564852,0.8809042788795907,0.008044906082335542,-0.0005419532818313755,0.008044906082335542,0.0005419532818313755,9.228344424627721e-05,-1.9583145331125706e-05,0.5785439014434814,0.0,19.444444444444443,218,212,4.174431800842285,RoadOption.STRAIGHT,98.97280883789062,57.649906158447266,-4.705568624832996,2.8,1.2,4.5,3.0,10.0,0.6,0.01,0.06,0.55,0.16,0.2,0.35,1.5,12,10.0,14.0,0.9,1.2,0.6,0.01,0.06,0.65,0.3,0.72,0.005,0.38,0.22,0.01,0.14,1.0,0.28
lqr,ground_truth,curvy,400.0,0.05,0.1,1.0,46.94918942078948,99.02835083007812,48.40381622314453,18.563538632663807,0.8809058117806359,0.007512434168701246,-0.0005056011329518384,0.007512434168701246,0.0005056011329518384,8.641501335659996e-05,-5.868430889677256e-06,0.578545331954956,0.0,19.444444444444443,219,213,4.246263027191162,RoadOption.STRAIGHT,98.96598815917969,58.64988327026367,-4.705568624832996,2.8,1.2,4.5,3.0,10.0,0.6,0.01,0.06,0.55,0.16,0.2,0.35,1.5,12,10.0,14.0,0.9,1.2,0.6,0.01,0.06,0.65,0.3,0.72,0.005,0.38,0.22,0.01,0.14,1.0,0.28
lqr,ground_truth,curvy,400.0,0.05,0.1,1.0,46.99918942153454,99.02250671386719,49.331966400146484,18.563536930583563,0.8809075138608797,0.007028011492932133,-0.0004741758320889744,0.007028011492932133,0.0004741758320889744,8.984375017462298e-05,3.428736818023026e-06,0.5785465240478516,0.0,19.444444444444443,220,214,4.318089962005615,RoadOption.STRAIGHT,98.95916748046875,59.64986038208008,-4.705568624832996,2.8,1.2,4.5,3.0,10.0,0.6,0.01,0.06,0.55,0.16,0.2,0.35,1.5,12,10.0,14.0,0.9,1.2,0.6,0.01,0.06,0.65,0.3,0.72,0.005,0.38,0.22,0.01,0.14,1.0,0.28
lqr,ground_truth,curvy,400.0,0.05,0.1,1.0,47.049189422279596,99.01664733886719,50.26011657714844,18.563538997216014,0.8809054472284288,0.0065566115761231565,-0.00044461474398893586,0.0065566115761231565,0.00044461474398893586,9.73828646237962e-05,7.539114449173212e-06,0.5785408020019531,0.0,19.444444444444443,221,215,4.389921188354492,RoadOption.STRAIGHT,98.95234680175781,60.649837493896484,-4.705568624832996,2.8,1.2,4.5,3.0,10.0,0.6,0.01,0.06,0.55,0.16,0.2,0.35,1.5,12,10.0,14.0,0.9,1.2,0.6,0.01,0.06,0.65,0.3,0.72,0.005,0.38,0.22,0.01,0.14,1.0,0.28
lqr,ground_truth,curvy,400.0,0.05,0.1,1.0,47.099189423024654,99.01074981689453,51.18826675415039,18.56354296183015,0.8809014826142914,0.006123357744727741,-0.0004155862881063399,0.006123357744727741,0.0004155862881063399,9.101392060983926e-05,-6.368944013956934e-06,0.5785361528396606,0.0,19.444444444444443,222,216,4.461751937866211,RoadOption.STRAIGHT,98.94552612304688,61.64981460571289,-4.705568624832996,2.8,1.2,4.5,3.0,10.0,0.6,0.01,0.06,0.55,0.16,0.2,0.35,1.5,12,10.0,14.0,0.9,1.2,0.6,0.01,0.06,0.65,0.3,0.72,0.005,0.38,0.22,0.01,0.14,1.0,0.28
lqr,ground_truth,curvy,400.0,0.05,0.1,1.0,47.14918942376971,99.00482177734375,52.11641311645508,18.56354088343327,0.8809035610111735,0.0057206467990531355,-0.0003870904644429629,0.0057206467990531355,0.0003870904644429629,5.070030965725891e-05,-4.031361095258035e-05,0.5785446166992188,0.0,19.444444444444443,223,217,4.533586502075195,RoadOption.STRAIGHT,98.93870544433594,62.6497917175293,-4.705568624832996,2.8,1.2,4.5,3.0,10.0,0.6,0.01,0.06,0.55,0.16,0.2,0.35,1.5,12,10.0,14.0,0.9,1.2,0.6,0.01,0.06,0.65,0.3,0.72,0.005,0.38,0.22,0.01,0.14,1.0,0.28
lqr,ground_truth,curvy,400.0,0.05,0.1,1.0,47.19918942451477,98.9988784790039,53.04456329345703,18.563541604850005,0.8809028395944374,0.005340797487236704,-0.00036298885657792823,0.005340797487236704,0.00036298885657792823,9.082687756745145e-05,4.0126567910192534e-05,0.5785408616065979,0.0,19.444444444444443,224,218,4.605416774749756,RoadOption.STRAIGHT,98.93189239501953,63.6497688293457,-4.705568624832996,2.8,1.2,4.5,3.0,10.0,0.6,0.01,0.06,0.55,0.16,0.2,0.35,1.5,12,10.0,14.0,0.9,1.2,0.6,0.01,0.06,0.65,0.3,0.72,0.005,0.38,0.22,0.01,0.14,1.0,0.28
lqr,ground_truth,curvy,400.0,0.05,0.1,1.0,47.24918942525983,98.9928970336914,53.972713470458984,18.563539470983336,0.8809049734611065,0.004991465043751125,-0.00033888724871289355,0.004991465043751125,0.00033888724871289355,7.845448999432847e-05,-1.2372387573122978e-05,0.5785455703735352,0.0,19.444444444444443,225,219,4.677247524261475,RoadOption.STRAIGHT,98.9250717163086,64.64974212646484,-4.705568624832996,2.8,1.2,4.5,3.0,10.0,0.6,0.01,0.06,0.55,0.16,0.2,0.35,1.5,12,10.0,14.0,0.9,1.2,0.6,0.01,0.06,0.65,0.3,0.72,0.005,0.38,0.22,0.01,0.14,1.0,0.28
lqr,ground_truth,curvy,400.0,0.05,0.1,1.0,47.29918942600489,98.98690032958984,54.90086364746094,18.563538747419354,0.8809056970250886,0.004657391034430958,-0.00031505195695658017,0.004657391034430958,0.00031505195695658017,6.252514867810532e-05,-1.5929341316223145e-05,0.5785442590713501,0.0,19.444444444444443,226,220,4.749078273773193,RoadOption.STRAIGHT,98.91825103759766,65.64971923828125,-4.705568624832996,2.8,1.2,4.5,3.0,10.0,0.6,0.01,0.06,0.55,0.16,0.2,0.35,1.5,12,10.0,14.0,0.9,1.2,0.6,0.01,0.06,0.65,0.3,0.72,0.005,0.38,0.22,0.01,0.14,1.0,0.28
lqr,ground_truth,curvy,400.0,0.05,0.1,1.0,47.349189426749945,98.98087310791016,55.82901382446289,18.563541406945795,0.8809030374986477,0.004353833893441652,-0.00029241508769217717,0.004353833893441652,0.00029241508769217717,4.578917287290096e-05,-1.673597580520436e-05,0.5785386562347412,0.0,19.444444444444443,227,221,4.820908546447754,RoadOption.STRAIGHT,98.91143035888672,66.64969635009766,-4.705568624832996,2.8,1.2,4.5,3.0,10.0,0.6,0.01,0.06,0.55,0.16,0.2,0.35,1.5,12,10.0,14.0,0.9,1.2,0.6,0.01,0.06,0.65,0.3,0.72,0.005,0.38,0.22,0.01,0.14,1.0,0.28
lqr,ground_truth,curvy,400.0,0.05,0.1,1.0,47.399189427495,98.97482299804688,56.75716018676758,18.56354367267762,0.8809007717668216,0.004073190421090434,-0.000272574537570236,0.004073190421090434,0.000272574537570236,3.981185727752745e-05,-5.977315595373511e-06,0.5785377621650696,0.0,19.444444444444443,228,222,4.89274263381958,RoadOption.STRAIGHT,98.90460968017578,67.64967346191406,-4.705568624832996,2.8,1.2,4.5,3.0,10.0,0.6,0.01,0.06,0.55,0.16,0.2,0.35,1.5,12,10.0,14.0,0.9,1.2,0.6,0.01,0.06,0.65,0.3,0.72,0.005,0.38,0.22,0.01,0.14,1.0,0.28
lqr,ground_truth,curvy,400.0,0.05,0.1,1.0,47.44918942824006,98.96878051757812,57.68531036376953,18.563541970702587,0.8809024737418554,0.0037848917142665507,-0.0002563292549204732,0.0037848917142665507,0.0002563292549204732,3.088485755142756e-05,-8.926999726099893e-06,0.5785435438156128,0.0,19.444444444444443,229,223,4.964572906494141,RoadOption.STRAIGHT,98.89778900146484,68.64965057373047,-4.705568624832996,2.8,1.2,4.5,3.0,10.0,0.6,0.01,0.06,0.55,0.16,0.2,0.35,1.5,12,10.0,14.0,0.9,1.2,0.6,0.01,0.06,0.65,0.3,0.72,0.005,0.38,0.22,0.01,0.14,1.0,0.28
lqr,ground_truth,curvy,400.0,0.05,0.1,1.0,47.49918942898512,98.96269989013672,58.613460540771484,18.563543802184693,0.8809006422597498,0.0035423683099389362,-0.0002426139753062273,0.0035423683099389362,0.0002426139753062273,7.881391502451152e-05,4.792905747308396e-05,0.578538179397583,0.0,19.444444444444443,229,224,5.036402702331543,RoadOption.STRAIGHT,98.89778900146484,68.64965057373047,-4.705568624832996,2.8,1.2,4.5,3.0,10.0,0.6,0.01,0.06,0.55,0.16,0.2,0.35,1.5,12,10.0,14.0,0.9,1.2,0.6,0.01,0.06,0.65,0.3,0.72,0.005,0.38,0.22,0.01,0.14,1.0,0.28
lqr,ground_truth,curvy,400.0,0.05,0.1,1.0,47.54918942973018,98.95659637451172,59.54161071777344,18.563540953541477,0.8809034909029663,0.0033154768416085653,-0.00022676816682043466,0.0033154768416085653,0.00022676816682043466,9.045464685186744e-05,1.1640731827355921e-05,0.5785455107688904,0.0,19.444444444444443,230,224,4.1082329750061035,RoadOption.STRAIGHT,98.8909683227539,69.64962768554688,-4.705568624832996,2.8,1.2,4.5,3.0,10.0,0.6,0.01,0.06,0.55,0.16,0.2,0.35,1.5,12,10.0,14.0,0.9,1.2,0.6,0.01,0.06,0.65,0.3,0.72,0.005,0.38,0.22,0.01,0.14,1.0,0.28
lqr,ground_truth,curvy,400.0,0.05,0.1,1.0,47.599189430475235,98.95049285888672,60.46976089477539,18.563540041851056,0.8809044025933872,0.0030881858540564126,-0.0002070607747537423,0.0030881858540564126,0.0002070607747537423,4.455163798411377e-05,-4.590300886775367e-05,0.5785437226295471,0.0,19.444444444444443,231,225,4.18005895614624,RoadOption.STRAIGHT,98.88414764404297,70.64960479736328,-4.705568624832996,2.8,1.2,4.5,3.0,10.0,0.6,0.01,0.06,0.55,0.16,0.2,0.35,1.5,12,10.0,14.0,0.9,1.2,0.6,0.01,0.06,0.65,0.3,0.72,0.005,0.38,0.22,0.01,0.14,1.0,0.28
lqr,ground_truth,curvy,400.0,0.05,0.1,1.0,47.64918943122029,98.94434356689453,61.39790725708008,18.563541761998742,0.8809026824457007,0.002906722203780455,-0.00018801917295974135,0.002906722203780455,0.00018801917295974135,-2.8908314106956823e-06,-4.744246939480945e-05,0.5785395503044128,0.0,19.444444444444443,232,226,4.251892566680908,RoadOption.STRAIGHT,98.87732696533203,71.64958190917969,-4.705568624832996,2.8,1.2,4.5,3.0,10.0,0.6,0.01,0.06,0.55,0.16,0.2,0.35,1.5,12,10.0,14.0,0.9,1.2,0.6,0.01,0.06,0.65,0.3,0.72,0.005,0.38,0.22,0.01,0.14,1.0,0.28
lqr,ground_truth,curvy,400.0,0.05,0.1,1.0,47.69918943196535,98.93820190429688,62.32605743408203,18.563542522320912,0.880901922123531,0.0027176033190318277,-0.00017523599972690818,0.0027176033190318277,0.00017523599972690818,-7.332931204473425e-07,2.1575382902483398e-06,0.5785402655601501,0.0,19.444444444444443,233,227,4.3237223625183105,RoadOption.STRAIGHT,98.87051391601562,72.6495590209961,-4.705568624832996,2.8,1.2,4.5,3.0,10.0,0.6,0.01,0.06,0.55,0.16,0.2,0.35,1.5,12,10.0,14.0,0.9,1.2,0.6,0.01,0.06,0.65,0.3,0.72,0.005,0.38,0.22,0.01,0.14,1.0,0.28
lqr,ground_truth,curvy,400.0,0.05,0.1,1.0,47.74918943271041,98.93204498291016,63.254207611083984,18.563543498196466,0.8809009462479764,0.00254374286844862,-0.00016751283256510874,0.00254374286844862,0.00016751283256510874,2.590755138953682e-05,2.6640844509984163e-05,0.5785393714904785,0.0,19.444444444444443,234,228,4.395552158355713,RoadOption.STRAIGHT,98.86369323730469,73.6495361328125,-4.705568624832996,2.8,1.2,4.5,3.0,10.0,0.6,0.01,0.06,0.55,0.16,0.2,0.35,1.5,12,10.0,14.0,0.9,1.2,0.6,0.01,0.06,0.65,0.3,0.72,0.005,0.38,0.22,0.01,0.14,1.0,0.28
lqr,ground_truth,curvy,400.0,0.05,0.1,1.0,47.79918943345547,98.92589569091797,64.18235778808594,18.563545017296693,0.8808994271477495,0.002362253200782701,-0.0001613875620591898,0.002362253200782701,0.0001613875620591898,5.756355676567182e-05,3.1656005376135e-05,0.5785378217697144,0.0,19.444444444444443,235,229,4.467381477355957,RoadOption.STRAIGHT,98.85687255859375,74.6495132446289,-4.705568624832996,2.8,1.2,4.5,3.0,10.0,0.6,0.01,0.06,0.55,0.16,0.2,0.35,1.5,12,10.0,14.0,0.9,1.2,0.6,0.01,0.06,0.65,0.3,0.72,0.005,0.38,0.22,0.01,0.14,1.0,0.28
lqr,ground_truth,curvy,400.0,0.05,0.1,1.0,47.849189434200525,98.91972351074219,65.11050415039062,18.56354132771351,0.8809031167309342,0.0022036772017548813,-0.00015166702408109245,0.0022036772017548813,0.00015166702408109245,5.4022737458581105e-05,-3.5408193070907146e-06,0.5785462856292725,0.0,19.444444444444443,236,230,4.539215087890625,RoadOption.STRAIGHT,98.85005187988281,75.64949035644531,-4.705568624832996,2.8,1.2,4.5,3.0,10.0,0.6,0.01,0.06,0.55,0.16,0.2,0.35,1.5,12,10.0,14.0,0.9,1.2,0.6,0.01,0.06,0.65,0.3,0.72,0.005,0.38,0.22,0.01,0.14,1.0,0.28
lqr,ground_truth,curvy,400.0,0.05,0.1,1.0,47.89918943494558,98.91352081298828,66.03865814208984,18.56354114138529,0.8809033030591529,0.0020755660362779885,-0.00013941648306570187,0.0020755660362779885,0.00013941648306570187,2.460904943291098e-05,-2.9413688025670126e-05,0.5785422325134277,0.0,19.444444444444443,237,231,4.6110405921936035,RoadOption.STRAIGHT,98.84323120117188,76.64946746826172,-4.705568624832996,2.8,1.2,4.5,3.0,10.0,0.6,0.01,0.06,0.55,0.16,0.2,0.35,1.5,12,10.0,14.0,0.9,1.2,0.6,0.01,0.06,0.65,0.3,0.72,0.005,0.38,0.22,0.01,0.14,1.0,0.28
lqr,ground_truth,curvy,400.0,0.05,0.1,1.0,47.94918943569064,98.90733337402344,66.96680450439453,18.563542133326656,0.8809023111177865,0.0019322484714155881,-0.0001275654162142814,0.0019322484714155881,0.0001275654162142814,-1.6016907466109842e-05,-4.062595689902082e-05,0.5785402059555054,0.0,19.444444444444443,238,232,4.682873725891113,RoadOption.STRAIGHT,98.83641052246094,77.6494369506836,-4.705568624832996,2.8,1.2,4.5,3.0,10.0,0.6,0.01,0.06,0.55,0.16,0.2,0.35,1.5,12,10.0,14.0,0.9,1.2,0.6,0.01,0.06,0.65,0.3,0.72,0.005,0.38,0.22,0.01,0.14,1.0,0.28
lqr,ground_truth,curvy,400.0,0.05,0.1,1.0,47.9991894364357,98.90113067626953,67.89495086669922,18.563542271323076,0.8809021731213669,0.0018118185578013327,-0.00012144014570836248,0.0018118185578013327,0.00012144014570836248,3.2946409191936255e-05,4.8963316658046097e-05,0.5785411596298218,0.0,19.444444444444443,239,233,4.754706859588623,RoadOption.STRAIGHT,98.82958984375,78.6494140625,-4.705568624832996,2.8,1.2,4.5,3.0,10.0,0.6,0.01,0.06,0.55,0.16,0.2,0.35,1.5,12,10.0,14.0,0.9,1.2,0.6,0.01,0.06,0.65,0.3,0.72,0.005,0.38,0.22,0.01,0.14,1.0,0.28
lqr,ground_truth,curvy,400.0,0.05,0.1,1.0,48.04918943718076,98.89492797851562,68.82310485839844,18.56354371226725,0.8809007321771922,0.0016837073923244295,-0.00011558119130938849,0.0016837073923244295,0.00011558119130938849,4.3454627302708104e-05,1.050821811077185e-05,0.578538715839386,0.0,19.444444444444443,240,234,4.82653284072876,RoadOption.STRAIGHT,98.82276916503906,79.6493911743164,-4.705568624832996,2.8,1.2,4.5,3.0,10.0,0.6,0.01,0.06,0.55,0.16,0.2,0.35,1.5,12,10.0,14.0,0.9,1.2,0.6,0.01,0.06,0.65,0.3,0.72,0.005,0.38,0.22,0.01,0.14,1.0,0.28
lqr,ground_truth,curvy,400.0,0.05,0.1,1.0,48.099189437925816,98.88871765136719,69.75125122070312,18.56354137723251,0.880903067211932,0.0015632774787101775,-0.00010719223387667398,0.0015632774787101775,0.00010719223387667398,3.423724410822615e-05,-9.217383194481954e-06,0.5785446166992188,0.0,19.444444444444443,241,235,4.8983659744262695,RoadOption.STRAIGHT,98.81594848632812,80.64936828613281,-4.705568624832996,2.8,1.2,4.5,3.0,10.0,0.6,0.01,0.06,0.55,0.16,0.2,0.35,1.5,12,10.0,14.0,0.9,1.2,0.6,0.01,0.06,0.65,0.3,0.72,0.005,0.38,0.22,0.01,0.14,1.0,0.28
lqr,ground_truth,curvy,400.0,0.05,0.1,1.0,48.149189438670874,98.88247680664062,70.67940521240234,18.563542519792332,0.880901924652111,0.0014733123986468422,-9.78711700607704e-05,0.0014733123986468422,9.78711700607704e-05,1.020236868498614e-05,-2.403487542324001e-05,0.5785397887229919,0.0,19.444444444444443,242,236,4.97019100189209,RoadOption.STRAIGHT,98.80912780761719,81.64934539794922,-4.705568624832996,2.8,1.2,4.5,3.0,10.0,0.6,0.01,0.06,0.55,0.16,0.2,0.35,1.5,12,10.0,14.0,0.9,1.2,0.6,0.01,0.06,0.65,0.3,0.72,0.005,0.38,0.22,0.01,0.14,1.0,0.28
lqr,ground_truth,curvy,400.0,0.05,0.1,1.0,48.19918943941593,98.87622833251953,71.60755157470703,18.56354310305118,0.8809013413932618,0.0013910285704461373,-9.001484484549849e-05,0.0013910285704461373,9.001484484549849e-05,-2.9084092147968477e-06,-1.3110777899782988e-05,0.5785400867462158,0.0,19.444444444444443,242,237,5.0420241355896,RoadOption.STRAIGHT,98.80912780761719,81.64934539794922,-4.705568624832996,2.8,1.2,4.5,3.0,10.0,0.6,0.01,0.06,0.55,0.16,0.2,0.35,1.5,12,10.0,14.0,0.9,1.2,0.6,0.01,0.06,0.65,0.3,0.72,0.005,0.38,0.22,0.01,0.14,1.0,0.28
lqr,ground_truth,curvy,400.0,0.05,0.1,1.0,48.24918944016099,98.86997985839844,72.53569793701172,18.563543467180242,0.8809009772642007,0.0013091182440772599,-8.535431293665852e-05,0.0013091182440772599,8.535431293665852e-05,4.691260528488783e-06,7.599669743285631e-06,0.5785401463508606,0.0,19.444444444444443,243,237,4.113856792449951,RoadOption.STRAIGHT,98.80230712890625,82.64932250976562,-4.705568624832996,2.8,1.2,4.5,3.0,10.0,0.6,0.01,0.06,0.55,0.16,0.2,0.35,1.5,12,10.0,14.0,0.9,1.2,0.6,0.01,0.06,0.65,0.3,0.72,0.005,0.38,0.22,0.01,0.14,1.0,0.28
lqr,ground_truth,curvy,400.0,0.05,0.1,1.0,48.29918944090605,98.86373138427734,73.46385192871094,18.563544043677567,0.8809004007668761,0.0012267303463167102,-8.229167768369905e-05,0.0012267303463167102,8.229167768369905e-05,2.0086999938939698e-05,1.5395739410450915e-05,0.5785395503044128,0.0,19.444444444444443,244,238,4.185674667358398,RoadOption.STRAIGHT,98.79549407958984,83.64929962158203,1.5776161497143715,2.8,1.2,4.5,3.0,10.0,0.6,0.01,0.06,0.55,0.16,0.2,0.35,1.5,12,10.0,14.0,0.9,1.2,0.6,0.01,0.06,0.65,0.3,0.72,0.005,0.38,0.22,0.01,0.14,1.0,0.28
lqr,ground_truth,curvy,400.0,0.05,0.1,1.0,48.349189441651106,98.85747528076172,74.39199829101562,18.563544910369878,0.8808995340745653,0.0011520757351987237,-7.869641021329699e-05,0.0011520757351987237,7.869641021329699e-05,2.5977986297220923e-05,5.890986358281225e-06,0.5785386562347412,0.0,19.444444444444443,245,239,4.257507801055908,RoadOption.STRAIGHT,98.7886734008789,84.64927673339844,1.5776161497143715,2.8,1.2,4.5,3.0,10.0,0.6,0.01,0.06,0.55,0.16,0.2,0.35,1.5,12,10.0,14.0,0.9,1.2,0.6,0.01,0.06,0.65,0.3,0.72,0.005,0.38,0.22,0.01,0.14,1.0,0.28
lqr,ground_truth,curvy,400.0,0.05,0.1,1.0,48.399189442396164,98.85123443603516,75.32015228271484,18.56354389240453,0.8809005520399111,0.0010621106551353884,-7.390272024920819e-05,0.0010621106551353884,7.390272024920819e-05,2.8431839382392354e-05,2.4538530851714313e-06,0.5785415768623352,0.0,19.444444444444443,246,240,4.3293328285217285,RoadOption.STRAIGHT,98.78185272216797,85.64925384521484,1.5776161497143715,2.8,1.2,4.5,3.0,10.0,0.6,0.01,0.06,0.55,0.16,0.2,0.35,1.5,12,10.0,14.0,0.9,1.2,0.6,0.01,0.06,0.65,0.3,0.72,0.005,0.38,0.22,0.01,0.14,1.0,0.28
lqr,ground_truth,curvy,400.0,0.05,0.1,1.0,48.44918944314122,98.84498596191406,76.24829864501953,18.563540964651892,0.8809034797925506,0.0009798268269346905,-6.737797557931913e-05,0.0009798268269346905,6.737797557931913e-05,1.8385015209787525e-05,-1.0046824172604829e-05,0.5785456299781799,0.0,19.444444444444443,247,241,4.401165962219238,RoadOption.STRAIGHT,98.77503204345703,86.64923095703125,1.5776161497143715,2.8,1.2,4.5,3.0,10.0,0.6,0.01,0.06,0.55,0.16,0.2,0.35,1.5,12,10.0,14.0,0.9,1.2,0.6,0.01,0.06,0.65,0.3,0.72,0.005,0.38,0.22,0.01,0.14,1.0,0.28
lqr,ground_truth,curvy,400.0,0.05,0.1,1.0,48.49918944388628,98.83873748779297,77.17644500732422,18.56354159942506,0.8809028450193814,0.0008975429987339925,-6.058691479893241e-05,0.0008975429987339925,6.058691479893241e-05,9.271164344681893e-06,-9.113850865105633e-06,0.5785409212112427,0.0,19.444444444444443,248,242,4.472999095916748,RoadOption.STRAIGHT,98.7682113647461,87.64920806884766,1.5776161497143715,2.8,1.2,4.5,3.0,10.0,0.6,0.01,0.06,0.55,0.16,0.2,0.35,1.5,12,10.0,14.0,0.9,1.2,0.6,0.01,0.06,0.65,0.3,0.72,0.005,0.38,0.22,0.01,0.14,1.0,0.28
lqr,ground_truth,curvy,400.0,0.05,0.1,1.0,48.54918944463134,98.83248901367188,78.10459899902344,18.563542061917477,0.8809023825269655,0.0008152071357533687,-5.53937506744262e-05,0.0008152071357533687,5.53937506744262e-05,-1.4978441868152004e-05,-2.4249606212833896e-05,0.5785408616065979,0.0,19.444444444444443,249,243,4.544824123382568,RoadOption.STRAIGHT,98.76139068603516,88.64918518066406,1.5776161497143715,2.8,1.2,4.5,3.0,10.0,0.6,0.01,0.06,0.55,0.16,0.2,0.35,1.5,12,10.0,14.0,0.9,1.2,0.6,0.01,0.06,0.65,0.3,0.72,0.005,0.38,0.22,0.01,0.14,1.0,0.28
lqr,ground_truth,curvy,400.0,0.05,0.1,1.0,48.599189445376396,98.82624053955078,79.03274536132812,18.563541994033255,0.8809024504111882,0.0007380935445954022,-5.2331115420134466e-05,0.0007380935445954022,5.2331115420134466e-05,3.4852269891416654e-05,4.983071175956866e-05,0.5785415768623352,0.0,19.444444444444443,250,244,4.616657257080078,RoadOption.STRAIGHT,98.75457763671875,89.64916229248047,1.5776161497143715,2.8,1.2,4.5,3.0,10.0,0.6,0.01,0.06,0.55,0.16,0.2,0.35,1.5,12,10.0,14.0,0.9,1.2,0.6,0.01,0.06,0.65,0.3,0.72,0.005,0.38,0.22,0.01,0.14,1.0,0.28
lqr,ground_truth,curvy,400.0,0.05,0.1,1.0,48.649189446121454,98.81993865966797,79.96089935302734,18.56353937756204,0.8809050668824021,0.0007091239448910672,-4.8735847948400135e-05,0.0007091239448910672,4.8735847948400135e-05,1.9412016627029516e-05,-1.5440253264387138e-05,0.5785461664199829,0.0,19.444444444444443,251,245,4.688482284545898,RoadOption.STRAIGHT,98.74775695800781,90.64913940429688,1.5776161497143715,2.8,1.2,4.5,3.0,10.0,0.6,0.01,0.06,0.55,0.16,0.2,0.35,1.5,12,10.0,14.0,0.9,1.2,0.6,0.01,0.06,0.65,0.3,0.72,0.005,0.38,0.22,0.01,0.14,1.0,0.28
lqr,ground_truth,curvy,400.0,0.05,0.1,1.0,48.69918944686651,98.81365203857422,80.88904571533203,18.563540003607937,0.8809044408365061,0.0006649479416822451,-4.420847409525308e-05,0.0006649479416822451,4.420847409525308e-05,5.697036158380797e-06,-1.3714980468648719e-05,0.5785419344902039,0.0,19.444444444444443,252,246,4.76031494140625,RoadOption.STRAIGHT,98.74093627929688,91.64911651611328,1.5776161497143715,2.8,1.2,4.5,3.0,10.0,0.6,0.01,0.06,0.55,0.16,0.2,0.35,1.5,12,10.0,14.0,0.9,1.2,0.6,0.01,0.06,0.65,0.3,0.72,0.005,0.38,0.22,0.01,0.14,1.0,0.28
lqr,ground_truth,curvy,400.0,0.05,0.1,1.0,48.74918944761157,98.8073501586914,81.81720733642578,18.563540311098862,0.8809041333455809,0.0006359263112615532,-3.9947416350827325e-05,0.0006359263112615532,3.9947416350827325e-05,-7.91596085036872e-06,-1.3612997008749517e-05,0.5785421133041382,0.0,19.444444444444443,253,247,4.832132339477539,RoadOption.STRAIGHT,98.73179626464844,92.59030151367188,1.5888104810404107,2.8,1.2,4.5,3.0,10.0,0.6,0.01,0.06,0.55,0.16,0.2,0.35,1.5,12,10.0,14.0,0.9,1.2,0.6,0.01,0.06,0.65,0.3,0.72,0.005,0.38,0.22,0.01,0.14,1.0,0.28
lqr,ground_truth,curvy,400.0,0.05,0.1,1.0,48.79918944835663,98.80105590820312,82.74537658691406,18.563540344115815,0.8809041003286282,0.0005992234330140719,-3.781688747928058e-05,0.0005992234330140719,3.781688747928058e-05,-3.575691152946092e-06,4.340269697422627e-06,0.5785424113273621,0.0,19.444444444444443,254,248,4.903942108154297,RoadOption.STRAIGHT,98.7065658569336,93.48206329345703,1.6093549046376088,2.8,1.2,4.5,3.0,10.0,0.6,0.01,0.06,0.55,0.16,0.2,0.35,1.5,12,10.0,14.0,0.9,1.2,0.6,0.01,0.06,0.65,0.3,0.72,0.005,0.38,0.22,0.01,0.14,1.0,0.28
lqr,ground_truth,curvy,400.0,0.05,0.1,1.0,48.84918944910169,98.79475402832031,83.67355346679688,18.563540517299103,0.88090392714534,0.0005700977411606592,-3.781688747928058e-05,0.0005700977411606592,3.781688747928058e-05,-1.7234486222150736e-05,-1.3658795069204643e-05,0.578542172908783,0.0,19.444444444444443,255,249,4.975743770599365,RoadOption.STRAIGHT,98.66302490234375,94.37312316894531,1.6298991950767525,2.8,1.2,4.5,3.0,10.0,0.6,0.01,0.06,0.55,0.16,0.2,0.35,1.5,12,10.0,14.0,0.9,1.2,0.6,0.01,0.06,0.65,0.3,0.72,0.005,0.38,0.22,0.01,0.14,1.0,0.28
lqr,ground_truth,curvy,400.0,0.05,0.1,1.0,48.899189449846745,98.7884521484375,84.60173034667969,18.563540311199876,0.8809041332445666,0.0005486012664176754,-3.781688747928058e-05,0.0005486012664176754,3.781688747928058e-05,2.9186621759436093e-05,4.642110798158683e-05,0.5785427093505859,0.0,19.444444444444443,256,250,5.04754638671875,RoadOption.STRAIGHT,98.6011734008789,95.26311492919922,1.6504434855158965,2.8,1.2,4.5,3.0,10.0,0.6,0.01,0.06,0.55,0.16,0.2,0.35,1.5,12,10.0,14.0,0.9,1.2,0.6,0.01,0.06,0.65,0.3,0.72,0.005,0.38,0.22,0.01,0.14,1.0,0.28
lqr,ground_truth,curvy,400.0,0.05,0.1,1.0,48.9491894505918,98.78189849853516,85.5300064086914,18.56361439674548,0.8808300476989643,0.0007705633398956621,-3.169161697158529e-05,0.0007705633398956621,3.169161697158529e-05,-0.00010065808601211756,-0.00012984470777155366,0.5784112215042114,0.0,19.444444444444443,257,251,5.119246959686279,RoadOption.STRAIGHT,98.52106475830078,96.1516342163086,1.6709877759550402,2.8,1.2,4.5,3.0,10.0,0.6,0.01,0.06,0.55,0.16,0.2,0.35,1.5,12,10.0,14.0,0.9,1.2,0.6,0.01,0.06,0.65,0.3,0.72,0.005,0.38,0.22,0.01,0.14,1.0,0.28
lqr,ground_truth,curvy,400.0,0.05,0.1,1.0,48.99918945133686,98.77584838867188,86.4581069946289,18.564066764334957,0.8803776801094862,0.0004901937905617756,-1.664475681284472e-05,0.0004901937905617756,1.664475681284472e-05,0.009923349134624004,0.010024007220636122,0.5776828527450562,0.0,19.444444444444443,258,252,5.191127300262451,RoadOption.STRAIGHT,98.42272186279297,97.03832244873047,1.691532066394184,2.8,1.2,4.5,3.0,10.0,0.6,0.01,0.06,0.55,0.16,0.2,0.35,1.5,12,10.0,14.0,0.9,1.2,0.6,0.01,0.06,0.65,0.3,0.72,0.005,0.38,0.22,0.01,0.14,1.0,0.28
lqr,ground_truth,curvy,400.0,0.05,0.1,1.0,49.04918945208192,98.7686767578125,87.38626098632812,18.563691350497844,0.8807530939465984,0.05686680928614681,-0.01042694145793277,0.05686680928614681,0.01042694145793277,0.09873654693365097,0.08881319779902697,0.5789021253585815,0.0,19.444444444444443,259,253,5.204171657562256,RoadOption.STRAIGHT,98.3061752319336,97.92279815673828,1.712076489991382,2.8,1.2,4.5,3.0,10.0,0.6,0.01,0.06,0.55,0.16,0.2,0.35,1.5,12,10.0,14.0,0.9,1.2,0.6,0.01,0.06,0.65,0.3,0.72,0.005,0.38,0.22,0.01,0.14,1.0,0.28
lqr,ground_truth,curvy,400.0,0.05,0.1,1.0,49.09918945282698,98.75535583496094,88.31389617919922,18.547164248767096,0.8972801956773466,0.15047408503316356,-0.024858345088962785,0.15047408503316356,0.024858345088962785,0.16725268959999084,0.06851614266633987,0.6082006096839905,0.0,19.444444444444443,260,254,5.168397903442383,RoadOption.STRAIGHT,98.17149353027344,98.80470275878906,1.732620780430526,2.8,1.2,4.5,3.0,10.0,0.6,0.01,0.06,0.55,0.16,0.2,0.35,1.5,12,10.0,14.0,0.9,1.2,0.6,0.01,0.06,0.65,0.3,0.72,0.005,0.38,0.22,0.01,0.14,1.0,0.28
lqr,ground_truth,curvy,400.0,0.05,0.1,1.0,49.149189453572035,98.72718811035156,89.239501953125,18.505357863287802,0.9390865811566407,0.23918395083829824,-0.028007932552145398,0.23918395083829824,0.028007932552145398,0.15358015894889832,-0.01367253065109253,0.6636195778846741,0.0,19.444444444444443,261,255,5.134022235870361,RoadOption.STRAIGHT,98.01871490478516,99.68364715576172,1.7531652040277241,2.8,1.2,4.5,3.0,10.0,0.6,0.01,0.06,0.55,0.16,0.2,0.35,1.5,12,10.0,14.0,0.9,1.2,0.6,0.01,0.06,0.65,0.3,0.72,0.005,0.38,0.22,0.01,0.14,1.0,0.28
lqr,ground_truth,curvy,400.0,0.05,0.1,1.0,49.19918945431709,98.68077087402344,90.16275024414062,18.484507314939574,0.9599371295048691,0.32645505757972054,-0.02165243176872611,0.32645505757972054,0.02165243176872611,0.08191483467817307,-0.07166532427072525,0.6509829163551331,0.0,19.444444444444443,262,256,5.100986003875732,RoadOption.STRAIGHT,97.84791564941406,100.55927276611328,1.7737094944668679,2.8,1.2,4.5,3.0,10.0,0.6,0.01,0.06,0.55,0.16,0.2,0.35,1.5,12,10.0,14.0,0.9,1.2,0.6,0.01,0.06,0.65,0.3,0.72,0.005,0.38,0.22,0.01,0.14,1.0,0.28
lqr,ground_truth,curvy,400.0,0.05,0.1,1.0,49.24918945506215,98.61858367919922,91.08546447753906,18.505603403236115,0.9388410412083275,0.40970822664344675,-0.013799834978518,0.40970822664344675,0.013799834978518,0.012672819197177887,-0.06924201548099518,0.587989330291748,0.0,19.444444444444443,263,257,5.067108631134033,RoadOption.STRAIGHT,97.65917205810547,101.43120574951172,1.7942537849060116,2.8,1.2,4.5,3.0,10.0,0.6,0.01,0.06,0.55,0.16,0.2,0.35,1.5,12,10.0,14.0,0.9,1.2,0.6,0.01,0.06,0.65,0.3,0.72,0.005,0.38,0.22,0.01,0.14,1.0,0.28
lqr,ground_truth,curvy,400.0,0.05,0.1,1.0,49.29918945580721,98.5455093383789,92.00890350341797,18.5357609623252,0.908683482119244,0.48386279381359165,-0.012585966153659811,0.48386279381359165,0.012585966153659811,-0.002573657315224409,-0.015246476512402296,0.55902099609375,0.0,19.444444444444443,264,258,5.030918121337891,RoadOption.STRAIGHT,97.4525375366211,102.29907989501953,1.81479820850321,2.8,1.2,4.5,3.0,10.0,0.6,0.01,0.06,0.55,0.16,0.2,0.35,1.5,12,10.0,14.0,0.9,1.2,0.6,0.01,0.06,0.65,0.3,0.72,0.005,0.38,0.22,0.01,0.14,1.0,0.28
lqr,ground_truth,curvy,400.0,0.05,0.1,1.0,49.34918945655227,98.46305084228516,92.93273162841797,18.55394923136199,0.8904952130824526,0.5473418640983929,-0.019520305000008342,0.5473418640983929,0.019520305000008342,0.03485157713294029,0.0374252344481647,0.5624712109565735,0.0,19.444444444444443,265,259,4.992532253265381,RoadOption.STRAIGHT,97.22813415527344,103.16251373291016,1.8353424989423537,2.8,1.2,4.5,3.0,10.0,0.6,0.01,0.06,0.55,0.16,0.2,0.35,1.5,12,10.0,14.0,0.9,1.2,0.6,0.01,0.06,0.65,0.3,0.72,0.005,0.38,0.22,0.01,0.14,1.0,0.28
lqr,ground_truth,curvy,400.0,0.05,0.1,1.0,49.399189457297325,98.36796569824219,93.85562896728516,18.554444086516185,0.8900003579282583,0.6034850163608398,-0.02930995200908537,0.6034850163608398,0.02930995200908537,0.0823667049407959,0.047515127807855606,0.583406388759613,0.0,19.444444444444443,266,260,4.952972412109375,RoadOption.STRAIGHT,96.98603057861328,104.02116394042969,1.855886922539552,2.8,1.2,4.5,3.0,10.0,0.6,0.01,0.06,0.55,0.16,0.2,0.35,1.5,12,10.0,14.0,0.9,1.2,0.6,0.01,0.06,0.65,0.3,0.72,0.005,0.38,0.22,0.01,0.14,1.0,0.28
lqr,ground_truth,curvy,400.0,0.05,0.1,1.0,49.44918945804238,98.25666809082031,94.77617645263672,18.537716063653736,0.9067283807907067,0.6560101173876556,-0.03656839756009589,0.6560101173876556,0.03656839756009589,0.10611843317747116,0.023751728236675262,0.6141106486320496,0.0,19.444444444444443,267,261,4.913236618041992,RoadOption.STRAIGHT,96.72634887695312,104.8746566772461,1.8764312129786958,2.8,1.2,4.5,3.0,10.0,0.6,0.01,0.06,0.55,0.16,0.2,0.35,1.5,12,10.0,14.0,0.9,1.2,0.6,0.01,0.06,0.65,0.3,0.72,0.005,0.38,0.22,0.01,0.14,1.0,0.28
lqr,ground_truth,curvy,400.0,0.05,0.1,1.0,49.49918945878744,98.126708984375,95.6932373046875,18.51674555975079,0.9276988846936511,0.7075473795034015,-0.03869679590328712,0.7075473795034015,0.03869679590328712,0.09477246552705765,-0.011345967650413513,0.6317839622497559,0.0,19.444444444444443,268,262,4.874015808105469,RoadOption.STRAIGHT,96.44918823242188,105.72264099121094,1.896975636575894,2.8,1.2,4.5,3.0,10.0,0.6,0.01,0.06,0.55,0.16,0.2,0.35,1.5,12,10.0,14.0,0.9,1.2,0.6,0.01,0.06,0.65,0.3,0.72,0.005,0.38,0.22,0.01,0.14,1.0,0.28
lqr,ground_truth,curvy,400.0,0.05,0.1,1.0,49.5491894595325,97.97827911376953,96.6069107055664,18.511376976094876,0.9330674683495666,0.757902408133382,-0.037305027917612144,0.757902408133382,0.037305027917612144,0.0645454004406929,-0.030227065086364746,0.6162827610969543,0.0,19.444444444444443,269,263,4.834837913513184,RoadOption.STRAIGHT,96.1546630859375,106.56475067138672,1.9175199270150378,2.8,1.2,4.5,3.0,10.0,0.6,0.01,0.06,0.55,0.16,0.2,0.35,1.5,12,10.0,14.0,0.9,1.2,0.6,0.01,0.06,0.65,0.3,0.72,0.005,0.38,0.22,0.01,0.14,1.0,0.28
lqr,ground_truth,curvy,400.0,0.05,0.1,1.0,49.59918946027756,97.81317901611328,97.51803588867188,18.522312516252487,0.9221319281919556,0.8050834474077795,-0.03595746840603198,0.8050834474077795,0.03595746840603198,0.040809545665979385,-0.023735854774713516,0.5901564955711365,0.0,19.444444444444443,270,264,4.794626712799072,RoadOption.STRAIGHT,95.8428955078125,107.40062713623047,1.9380642174541816,2.8,1.2,4.5,3.0,10.0,0.6,0.01,0.06,0.55,0.16,0.2,0.35,1.5,12,10.0,14.0,0.9,1.2,0.6,0.01,0.06,0.65,0.3,0.72,0.005,0.38,0.22,0.01,0.14,1.0,0.28
lqr,ground_truth,curvy,400.0,0.05,0.1,1.0,49.649189461022615,97.63327026367188,98.42708587646484,18.536788822063976,0.9076556223804673,0.8471363312174081,-0.037374270105953844,0.8471363312174081,0.037374270105953844,0.03962012752890587,-0.0011894181370735168,0.5772218108177185,0.0,19.444444444444443,271,265,4.752727031707764,RoadOption.STRAIGHT,95.51402282714844,108.22992706298828,1.9586086410513799,2.8,1.2,4.5,3.0,10.0,0.6,0.01,0.06,0.55,0.16,0.2,0.35,1.5,12,10.0,14.0,0.9,1.2,0.6,0.01,0.06,0.65,0.3,0.72,0.005,0.38,0.22,0.01,0.14,1.0,0.28
lqr,ground_truth,curvy,400.0,0.05,0.1,1.0,49.69918946176767,97.4388427734375,99.33364868164062,18.544515263711,0.8999291807334444,0.8838024125893255,-0.04152800245815058,0.8838024125893255,0.04152800245815058,0.056322794407606125,0.016702666878700256,0.5806857943534851,0.0,19.444444444444443,273,266,4.7093353271484375,RoadOption.STRAIGHT,94.80553436279297,109.86737823486328,1.999697355087722,2.8,1.2,4.5,3.0,10.0,0.6,0.01,0.06,0.55,0.16,0.2,0.35,1.5,12,10.0,14.0,0.9,1.2,0.6,0.01,0.06,0.65,0.3,0.72,0.005,0.38,0.22,0.01,0.14,1.0,0.28
lqr,ground_truth,curvy,400.0,0.05,0.1,1.0,49.74918946251273,97.22879791259766,100.23678588867188,18.542149302117465,0.9022951423269774,1.0193077672980064,-0.0668690454946903,1.0193077672980064,0.0668690454946903,0.12948085367679596,0.07315805926918983,0.5942162275314331,0.0,19.444444444444443,274,268,5.5409746170043945,RoadOption.STRAIGHT,94.42620849609375,110.67485046386719,2.0202416455268657,2.8,1.2,4.5,3.0,10.0,0.6,0.01,0.06,0.55,0.16,0.2,0.35,1.5,12,10.0,14.0,0.9,1.2,0.6,0.01,0.06,0.65,0.3,0.72,0.005,0.38,0.22,0.01,0.14,1.0,0.28
lqr,ground_truth,curvy,400.0,0.05,0.1,1.0,49.79918946325779,96.99966430664062,101.13431549072266,18.51236252698237,0.9320819174620745,1.0506446125300517,-0.06801859897922302,1.0506446125300517,0.06801859897922302,0.12212597578763962,-0.0073548778891563416,0.6449933052062988,0.0,19.444444444444443,275,269,5.495785236358643,RoadOption.STRAIGHT,94.03038024902344,111.47434997558594,2.040785935966009,2.8,1.2,4.5,3.0,10.0,0.6,0.01,0.06,0.55,0.16,0.2,0.35,1.5,12,10.0,14.0,0.9,1.2,0.6,0.01,0.06,0.65,0.3,0.72,0.005,0.38,0.22,0.01,0.14,1.0,0.28
lqr,ground_truth,curvy,400.0,0.05,0.1,1.0,49.84918946400285,96.7490234375,102.02469635009766,18.493005562106763,0.9514388823376798,1.0846186920421768,-0.06377125651471038,1.0846186920421768,0.06377125651471038,0.08123710751533508,-0.040888868272304535,0.6440916657447815,0.0,19.444444444444443,276,270,5.451761245727539,RoadOption.STRAIGHT,93.61820220947266,112.26555633544922,2.0613303595632075,2.8,1.2,4.5,3.0,10.0,0.6,0.01,0.06,0.55,0.16,0.2,0.35,1.5,12,10.0,14.0,0.9,1.2,0.6,0.01,0.06,0.65,0.3,0.72,0.005,0.38,0.22,0.01,0.14,1.0,0.28
lqr,ground_truth,curvy,400.0,0.05,0.1,1.0,49.899189464747906,96.47911834716797,102.90943145751953,18.502900274767992,0.49154416967645176,1.1185942590530868,-0.05857396448936658,1.1185942590530868,0.05857396448936658,0.040710609406232834,-0.04052649810910225,0.0,0.20694714784622192,18.994444444444444,277,271,5.407318115234375,RoadOption.STRAIGHT,93.18987274169922,113.0481185913086,2.081874783160406,2.8,1.2,4.5,3.0,10.0,0.6,0.01,0.06,0.55,0.16,0.2,0.35,1.5,12,10.0,14.0,0.9,1.2,0.6,0.01,0.06,0.65,0.3,0.72,0.005,0.38,0.22,0.01,0.14,1.0,0.28
lqr,ground_truth,curvy,400.0,0.05,0.1,1.0,49.949189465492964,96.19309997558594,103.78953552246094,18.496157498183205,0.048286946261239194,1.1492165309189102,-0.05690842354363079,1.1492165309189102,0.05690842354363079,0.029018685221672058,-0.011691924184560776,0.0,0.4529365003108978,18.544444444444444,278,272,5.361618518829346,RoadOption.STRAIGHT,92.74554443359375,113.82172393798828,2.102418940441495,2.8,1.2,4.5,3.0,10.0,0.6,0.01,0.06,0.55,0.16,0.2,0.35,1.5,12,10.0,14.0,0.9,1.2,0.6,0.01,0.06,0.65,0.3,0.72,0.005,0.38,0.22,0.01,0.14,1.0,0.28
lqr,ground_truth,curvy,400.0,0.05,0.1,1.0,49.99918946623802,95.89385223388672,104.66138458251953,18.372682841596188,-0.2782383971517426,1.1752833685219413,-0.059856542870348584,1.1752833685219413,0.059856542870348584,0.047001004219055176,0.017982318997383118,0.0,0.5089125633239746,18.094444444444445,279,273,5.3185343742370605,RoadOption.STRAIGHT,92.2854232788086,114.58604431152344,2.1229633640386933,2.8,1.2,4.5,3.0,10.0,0.6,0.01,0.06,0.55,0.16,0.2,0.35,1.5,12,10.0,14.0,0.9,1.2,0.6,0.01,0.06,0.65,0.3,0.72,0.005,0.38,0.22,0.01,0.14,1.0,0.28
lqr,ground_truth,curvy,400.0,0.05,0.1,1.0,50.04918946698308,95.58297729492188,105.51856994628906,18.13415631500746,-0.48971187056301346,1.198340559561982,-0.06495729530617744,1.198340559561982,0.06495729530617744,0.07374405115842819,0.026743046939373016,0.0,0.4979792535305023,17.644444444444446,280,274,5.2844438552856445,RoadOption.STRAIGHT,91.80968475341797,115.34074401855469,2.1435076544778373,2.8,1.2,4.5,3.0,10.0,0.6,0.01,0.06,0.55,0.16,0.2,0.35,1.5,12,10.0,14.0,0.9,1.2,0.6,0.01,0.06,0.65,0.3,0.72,0.005,0.38,0.22,0.01,0.14,1.0,0.28
lqr,ground_truth,curvy,400.0,0.05,0.1,1.0,50.09918946772814,95.26068878173828,106.35641479492188,17.82762858930575,-0.6331841448613034,1.2208853773518198,-0.06910144027844911,1.2208853773518198,0.06910144027844911,0.07291640341281891,-0.0008276477456092834,0.0,0.5027777552604675,17.194444444444446,281,275,5.263736724853516,RoadOption.STRAIGHT,91.31855773925781,116.08551025390625,2.164051944916981,2.8,1.2,4.5,3.0,10.0,0.6,0.01,0.06,0.55,0.16,0.2,0.35,1.5,12,10.0,14.0,0.9,1.2,0.6,0.01,0.06,0.65,0.3,0.72,0.005,0.38,0.22,0.01,0.14,1.0,0.28
lqr,ground_truth,curvy,400.0,0.05,0.1,1.0,50.149189468473196,94.9283218383789,107.1724853515625,17.483676926142593,-0.31610309569549244,1.2436983806781985,-0.07177791717397897,1.2436983806781985,0.07177791717397897,0.07654967904090881,0.003633275628089905,0.23997677862644196,0.0,17.1675738304471,282,276,5.258877277374268,RoadOption.STRAIGHT,90.8122329711914,116.82003021240234,2.184596368514179,2.8,1.2,4.5,3.0,10.0,0.6,0.01,0.06,0.55,0.16,0.2,0.35,1.5,12,10.0,14.0,0.9,1.2,0.6,0.01,0.06,0.65,0.3,0.72,0.005,0.38,0.22,0.01,0.14,1.0,0.28
lqr,ground_truth,curvy,400.0,0.05,0.1,1.0,50.199189469218254,94.5868911743164,107.9659423828125,17.147118842067567,0.01648808094779497,1.2672808199195555,-0.07340058122616444,1.2672808199195555,0.07340058122616444,0.05853023752570152,-0.01801944151520729,0.4581518769264221,0.0,17.16360692301536,283,277,5.270690441131592,RoadOption.STRAIGHT,90.29092407226562,117.54399871826172,2.205140658953323,2.8,1.2,4.5,3.0,10.0,0.6,0.01,0.06,0.55,0.16,0.2,0.35,1.5,12,10.0,14.0,0.9,1.2,0.6,0.01,0.06,0.65,0.3,0.72,0.005,0.38,0.22,0.01,0.14,1.0,0.28
lqr,ground_truth,curvy,400.0,0.05,0.1,1.0,50.24918946996331,94.23661041259766,108.73954010009766,16.882114176095758,0.2837535974715877,1.291047584346997,-0.07546652844179302,1.291047584346997,0.07546652844179302,0.058263424783945084,-0.0002668127417564392,0.5402622818946838,0.0,17.165867773567346,284,278,5.2964019775390625,RoadOption.STRAIGHT,89.75485229492188,118.2571029663086,2.2256849493924666,2.8,1.2,4.5,3.0,10.0,0.6,0.01,0.06,0.55,0.16,0.2,0.35,1.5,12,10.0,14.0,0.9,1.2,0.6,0.01,0.06,0.65,0.3,0.72,0.005,0.38,0.22,0.01,0.14,1.0,0.28
lqr,ground_truth,curvy,400.0,0.05,0.1,1.0,50.29918947070837,93.87689971923828,109.49625396728516,16.68162951906114,0.48924990639043386,1.31479843263435,-0.07858828587158406,1.31479843263435,0.07858828587158406,0.06357304006814957,0.005309615284204483,0.5896816253662109,0.0,17.170879425451574,285,279,5.33280086517334,RoadOption.STRAIGHT,89.2042465209961,118.95904541015625,2.246229372989665,2.8,1.2,4.5,3.0,10.0,0.6,0.01,0.06,0.55,0.16,0.2,0.35,1.5,12,10.0,14.0,0.9,1.2,0.6,0.01,0.06,0.65,0.3,0.72,0.005,0.38,0.22,0.01,0.14,1.0,0.28
lqr,ground_truth,curvy,400.0,0.05,0.1,1.0,50.34918947145343,93.50638580322266,110.2386474609375,16.54231122973847,0.6273904932631531,1.3389245388909312,-0.08212496379920964,1.3389245388909312,0.08212496379920964,0.05660303309559822,-0.006970006972551346,0.5920528173446655,0.0,17.169701723001623,286,280,5.376819610595703,RoadOption.STRAIGHT,88.6477279663086,119.63875579833984,2.2693754386557616,2.8,1.2,4.5,3.0,10.0,0.6,0.01,0.06,0.55,0.16,0.2,0.35,1.5,12,10.0,14.0,0.9,1.2,0.6,0.01,0.06,0.65,0.3,0.72,0.005,0.38,0.22,0.01,0.14,1.0,0.28
lqr,ground_truth,curvy,400.0,0.05,0.1,1.0,50.399189472198486,93.12467193603516,110.9693832397461,16.455277147716615,0.7122966827304857,1.3627444305940408,-0.08624314295085345,1.3627444305940408,0.08624314295085345,0.06625021249055862,0.009647179394960403,0.5792654156684875,0.0,17.1675738304471,287,281,5.425570011138916,RoadOption.STRAIGHT,88.08870697021484,120.28605651855469,2.2969354275125555,2.8,1.2,4.5,3.0,10.0,0.6,0.01,0.06,0.55,0.16,0.2,0.35,1.5,12,10.0,14.0,0.9,1.2,0.6,0.01,0.06,0.65,0.3,0.72,0.005,0.38,0.22,0.01,0.14,1.0,0.28
lqr,ground_truth,curvy,400.0,0.05,0.1,1.0,50.449189472943544,92.7310791015625,111.68995666503906,16.399204632855287,0.7644022901600742,1.386219662083467,-0.09036012368000712,1.386219662083467,0.09036012368000712,0.07469774782657623,0.008447535336017609,0.5711681246757507,0.0,17.16360692301536,288,282,5.47719144821167,RoadOption.STRAIGHT,87.51204681396484,120.91769409179688,2.32449541636935,2.8,1.2,4.5,3.0,10.0,0.6,0.01,0.06,0.55,0.16,0.2,0.35,1.5,12,10.0,14.0,0.9,1.2,0.6,0.01,0.06,0.65,0.3,0.72,0.005,0.38,0.22,0.01,0.14,1.0,0.28
lqr,ground_truth,curvy,400.0,0.05,0.1,1.0,50.4991894736886,92.3248291015625,112.40091705322266,16.362332317246967,0.8035354563203789,1.4098148556746586,-0.09358454596982035,1.4098148556746586,0.09358454596982035,0.07745829969644547,0.002760551869869232,0.5790810585021973,0.0,17.165867773567346,289,283,5.5306477546691895,RoadOption.STRAIGHT,86.91819763183594,121.53321075439453,2.3520554052261438,2.8,1.2,4.5,3.0,10.0,0.6,0.01,0.06,0.55,0.16,0.2,0.35,1.5,12,10.0,14.0,0.9,1.2,0.6,0.01,0.06,0.65,0.3,0.72,0.005,0.38,0.22,0.01,0.14,1.0,0.28
lqr,ground_truth,curvy,400.0,0.05,0.1,1.0,50.54918947443366,91.90563201904297,113.10269165039062,16.339992679580842,0.8277431520916778,1.4335846841905782,-0.09578511597855277,1.4335846841905782,0.09578511597855277,0.07488033920526505,-0.00257796049118042,0.5756950974464417,0.0,17.16773583167252,290,284,5.585142135620117,RoadOption.STRAIGHT,86.3076171875,122.13212585449219,2.379615127766829,2.8,1.2,4.5,3.0,10.0,0.6,0.01,0.06,0.55,0.16,0.2,0.35,1.5,12,10.0,14.0,0.9,1.2,0.6,0.01,0.06,0.65,0.3,0.72,0.005,0.38,0.22,0.01,0.14,1.0,0.28
lqr,ground_truth,curvy,400.0,0.05,0.1,1.0,50.59918947517872,91.47357940673828,113.79573822021484,16.32952220571561,0.8328514031599141,1.45721243855975,-0.09743774059300137,1.45721243855975,0.09743774059300137,0.07235179841518402,-0.002528540790081024,0.5558407306671143,0.0,17.162373608875523,291,285,5.64000129699707,RoadOption.STRAIGHT,85.68077087402344,122.71399688720703,2.407175116623623,2.8,1.2,4.5,3.0,10.0,0.6,0.01,0.06,0.55,0.16,0.2,0.35,1.5,12,10.0,14.0,0.9,1.2,0.6,0.01,0.06,0.65,0.3,0.72,0.005,0.38,0.22,0.01,0.14,1.0,0.28
lqr,ground_truth,curvy,400.0,0.05,0.1,1.0,50.64918947592378,91.02884674072266,114.48033142089844,16.324588980694795,0.8429848497523054,1.4941810886765365,-0.10162356403633366,1.4941810886765365,0.10162356403633366,0.09528504312038422,0.022933244705200195,0.5679510235786438,0.0,17.1675738304471,292,286,5.681467533111572,RoadOption.STRAIGHT,85.03812408447266,123.27836608886719,2.4347351054804167,2.8,1.2,4.5,3.0,10.0,0.6,0.01,0.06,0.55,0.16,0.2,0.35,1.5,12,10.0,14.0,0.9,1.2,0.6,0.01,0.06,0.65,0.3,0.72,0.005,0.38,0.22,0.01,0.14,1.0,0.28
lqr,ground_truth,curvy,400.0,0.05,0.1,1.0,50.699189476668835,90.57036590576172,115.15520477294922,16.31332163420257,0.8502852888127919,1.5511775992993166,-0.10881756108896434,1.5511775992993166,0.10881756108896434,0.11903690546751022,0.023751862347126007,0.5689316987991333,0.0,17.16360692301536,293,287,5.699497699737549,RoadOption.STRAIGHT,84.38017272949219,123.82482147216797,2.4622950943372106,2.8,1.2,4.5,3.0,10.0,0.6,0.01,0.06,0.55,0.16,0.2,0.35,1.5,12,10.0,14.0,0.9,1.2,0.6,0.01,0.06,0.65,0.3,0.72,0.005,0.38,0.22,0.01,0.14,1.0,0.28
lqr,ground_truth,curvy,400.0,0.05,0.1,1.0,50.74918947741389,90.09658813476562,115.8184814453125,16.2966158617077,0.8647311422452297,1.6050481950791144,-0.11291816337741434,1.6050481950791144,0.11291816337741434,0.12125049531459808,0.00221358984708786,0.5861737132072449,0.0,17.16134700395293,294,288,5.71680212020874,RoadOption.STRAIGHT,83.70740509033203,124.3529281616211,2.489855083194005,2.8,1.2,4.5,3.0,10.0,0.6,0.01,0.06,0.55,0.16,0.2,0.35,1.5,12,10.0,14.0,0.9,1.2,0.6,0.01,0.06,0.65,0.3,0.72,0.005,0.38,0.22,0.01,0.14,1.0,0.28
lqr,ground_truth,curvy,400.0,0.05,0.1,1.0,50.79918947815895,89.60686492919922,116.46922302246094,16.28543510211218,0.8823007295603382,1.6569005867743571,-0.11416865066726078,1.6569005867743571,0.11416865066726078,0.10741966962814331,-0.013830825686454773,0.6004639267921448,0.0,17.16773583167252,295,289,5.733489990234375,RoadOption.STRAIGHT,83.02034759521484,124.86229705810547,2.517415072050799,2.8,1.2,4.5,3.0,10.0,0.6,0.01,0.06,0.55,0.16,0.2,0.35,1.5,12,10.0,14.0,0.9,1.2,0.6,0.01,0.06,0.65,0.3,0.72,0.005,0.38,0.22,0.01,0.14,1.0,0.28
lqr,ground_truth,curvy,400.0,0.05,0.1,1.0,50.84918947890401,89.10145568847656,117.10768127441406,16.286970586198702,0.8754030226768208,1.7063100179364903,-0.11441525938420227,1.7063100179364903,0.11441525938420227,0.09060703963041306,-0.016812629997730255,0.5669645667076111,0.0,17.162373608875523,296,290,5.748963356018066,RoadOption.STRAIGHT,82.31951141357422,125.3525390625,2.5449750609075927,2.8,1.2,4.5,3.0,10.0,0.6,0.01,0.06,0.55,0.16,0.2,0.35,1.5,12,10.0,14.0,0.9,1.2,0.6,0.01,0.06,0.65,0.3,0.72,0.005,0.38,0.22,0.01,0.14,1.0,0.28
lqr,ground_truth,curvy,400.0,0.05,0.1,1.0,50.89918947964907,88.58100128173828,117.73441314697266,16.295980487895083,0.869145498636513,1.7523489452962289,-0.11556654392344345,1.7523489452962289,0.11556654392344345,0.0822000727057457,-0.008406966924667358,0.5639782547950745,0.0,17.165125986531596,297,291,5.762603282928467,RoadOption.STRAIGHT,81.60543060302734,125.82328033447266,2.572534783448278,2.8,1.2,4.5,3.0,10.0,0.6,0.01,0.06,0.55,0.16,0.2,0.35,1.5,12,10.0,14.0,0.9,1.2,0.6,0.01,0.06,0.65,0.3,0.72,0.005,0.38,0.22,0.01,0.14,1.0,0.28
lqr,ground_truth,curvy,400.0,0.05,0.1,1.0,50.949189480394125,88.04608917236328,118.34941101074219,16.303162018939844,0.8660504358857182,1.794494174732255,-0.11840014732328763,1.794494174732255,0.11840014732328763,0.08498398959636688,0.0027839168906211853,0.5659161806106567,0.0,17.169212454825562,298,292,5.774292945861816,RoadOption.STRAIGHT,80.87864685058594,126.27416229248047,2.600094772305072,2.8,1.2,4.5,3.0,10.0,0.6,0.01,0.06,0.55,0.16,0.2,0.35,1.5,12,10.0,14.0,0.9,1.2,0.6,0.01,0.06,0.65,0.3,0.72,0.005,0.38,0.22,0.01,0.14,1.0,0.28
lqr,ground_truth,curvy,400.0,0.05,0.1,1.0,50.99918948113918,87.49690246582031,118.95197296142578,16.305697794157368,0.8556492097955619,1.833070338609801,-0.12237944262408407,1.833070338609801,0.12237944262408407,0.09431187063455582,0.009327881038188934,0.5509080290794373,0.0,17.16134700395293,299,293,5.784346103668213,RoadOption.STRAIGHT,80.13971710205078,126.70486450195312,2.6276547611618657,2.8,1.2,4.5,3.0,10.0,0.6,0.01,0.06,0.55,0.16,0.2,0.35,1.5,12,10.0,14.0,0.9,1.2,0.6,0.01,0.06,0.65,0.3,0.72,0.005,0.38,0.22,0.01,0.14,1.0,0.28
lqr,ground_truth,curvy,400.0,0.05,0.1,1.0,51.04918948188424,86.9333267211914,119.541015625,16.301714612860675,0.866021218811845,1.8688766154954772,-0.12637072214978629,1.8688766154954772,0.12637072214978629,0.10273226350545883,0.008420392870903015,0.5820591449737549,0.0,17.16773583167252,300,294,5.793192386627197,RoadOption.STRAIGHT,79.38920593261719,127.11502838134766,2.6552147500186596,2.8,1.2,4.5,3.0,10.0,0.6,0.01,0.06,0.55,0.16,0.2,0.35,1.5,12,10.0,14.0,0.9,1.2,0.6,0.01,0.06,0.65,0.3,0.72,0.005,0.38,0.22,0.01,0.14,1.0,0.28
lqr,ground_truth,curvy,400.0,0.05,0.1,1.0,51.0991894826293,86.35539245605469,120.115478515625,16.294702152976047,0.867671455899476,1.9026769333150306,-0.12953429120869098,1.9026769333150306,0.12953429120869098,0.10596603900194168,0.003233775496482849,0.5725831389427185,0.0,17.162373608875523,301,295,5.801276683807373,RoadOption.STRAIGHT,78.62767028808594,127.50433349609375,2.682774738875454,2.8,1.2,4.5,3.0,10.0,0.6,0.01,0.06,0.55,0.16,0.2,0.35,1.5,12,10.0,14.0,0.9,1.2,0.6,0.01,0.06,0.65,0.3,0.72,0.005,0.38,0.22,0.01,0.14,1.0,0.28
lqr,ground_truth,curvy,400.0,0.05,0.1,1.0,51.14918948337436,85.76316833496094,120.67478942871094,16.289833681485153,0.8752923050464432,1.9348146014501681,-0.13169331590441846,1.9348146014501681,0.13169331590441846,0.10392787307500839,-0.0020381659269332886,0.5843204259872437,0.0,17.165125986531596,302,296,5.808624744415283,RoadOption.STRAIGHT,77.85569763183594,127.8725357055664,2.710334727732248,2.8,1.2,4.5,3.0,10.0,0.6,0.01,0.06,0.55,0.16,0.2,0.35,1.5,12,10.0,14.0,0.9,1.2,0.6,0.01,0.06,0.65,0.3,0.72,0.005,0.38,0.22,0.01,0.14,1.0,0.28
lqr,ground_truth,curvy,400.0,0.05,0.1,1.0,51.199189484119415,85.15699005126953,121.21871185302734,16.288228166525005,0.8809842883005565,1.965212527493444,-0.1332392809172096,1.965212527493444,0.1332392809172096,0.09968222677707672,-0.004245646297931671,0.5854209661483765,0.0,17.169212454825562,303,297,5.815121173858643,RoadOption.STRAIGHT,77.07386779785156,128.21932983398438,2.7378947165890417,2.8,1.2,4.5,3.0,10.0,0.6,0.01,0.06,0.55,0.16,0.2,0.35,1.5,12,10.0,14.0,0.9,1.2,0.6,0.01,0.06,0.65,0.3,0.72,0.005,0.38,0.22,0.01,0.14,1.0,0.28
lqr,ground_truth,curvy,400.0,0.05,0.1,1.0,51.24918948486447,84.53721618652344,121.74717712402344,16.290906073351564,0.8704409306013652,1.9936434339309517,-0.13473677639816106,1.9936434339309517,0.13473677639816106,0.09660068899393082,-0.0030815377831459045,0.559612512588501,0.0,17.16134700395293,304,298,5.8205437660217285,RoadOption.STRAIGHT,76.28278350830078,128.54441833496094,2.7654547054458356,2.8,1.2,4.5,3.0,10.0,0.6,0.01,0.06,0.55,0.16,0.2,0.35,1.5,12,10.0,14.0,0.9,1.2,0.6,0.01,0.06,0.65,0.3,0.72,0.005,0.38,0.22,0.01,0.14,1.0,0.28
lqr,ground_truth,curvy,400.0,0.05,0.1,1.0,51.29918948560953,83.90422821044922,122.26004791259766,16.293674227783704,0.8740616038888156,2.019942381804869,-0.13653893750781743,2.019942381804869,0.13653893750781743,0.09662098437547684,2.0295381546020508e-05,0.57878178358078,0.0,17.16773583167252,305,299,5.824769973754883,RoadOption.STRAIGHT,75.48303985595703,128.84759521484375,2.79301469430263,2.8,1.2,4.5,3.0,10.0,0.6,0.01,0.06,0.55,0.16,0.2,0.35,1.5,12,10.0,14.0,0.9,1.2,0.6,0.01,0.06,0.65,0.3,0.72,0.005,0.38,0.22,0.01,0.14,1.0,0.28
lqr,ground_truth,curvy,400.0,0.05,0.1,1.0,51.34918948635459,83.25851440429688,122.7568588256836,16.29437292669741,0.8680006821781134,2.0441412100120298,-0.13863697581458156,2.0441412100120298,0.13863697581458156,0.09906032681465149,0.002439342439174652,0.5635272860527039,0.0,17.162373608875523,306,300,5.827966690063477,RoadOption.STRAIGHT,74.67523956298828,129.12863159179688,2.820574683159424,2.8,1.2,4.5,3.0,10.0,0.6,0.01,0.06,0.55,0.16,0.2,0.35,1.5,12,10.0,14.0,0.9,1.2,0.6,0.01,0.06,0.65,0.3,0.72,0.005,0.38,0.22,0.01,0.14,1.0,0.28
lqr,ground_truth,curvy,400.0,0.05,0.1,1.0,51.39918948709965,82.60037994384766,123.23711395263672,16.29348369546821,0.8716422910633845,2.0664216639276423,-0.14076643942220946,2.0664216639276423,0.14076643942220946,0.10177280008792877,0.0027124732732772827,0.5773553252220154,0.0,17.165125986531596,307,301,5.830230712890625,RoadOption.STRAIGHT,73.8600082397461,129.3872833251953,2.8481346720162177,2.8,1.2,4.5,3.0,10.0,0.6,0.01,0.06,0.55,0.16,0.2,0.35,1.5,12,10.0,14.0,0.9,1.2,0.6,0.01,0.06,0.65,0.3,0.72,0.005,0.38,0.22,0.01,0.14,1.0,0.28
lqr,ground_truth,curvy,400.0,0.05,0.1,1.0,51.449189487844706,81.93019104003906,123.7001953125,16.290986432824305,0.880354742357639,2.087128754818622,-0.14266687117608967,2.087128754818622,0.14266687117608967,0.10358375310897827,0.0018109530210494995,0.5886678099632263,0.0,17.171341175181944,308,302,5.831802845001221,RoadOption.STRAIGHT,73.0379638671875,129.62338256835938,2.8756946608730116,2.8,1.2,4.5,3.0,10.0,0.6,0.01,0.06,0.55,0.16,0.2,0.35,1.5,12,10.0,14.0,0.9,1.2,0.6,0.01,0.06,0.65,0.3,0.72,0.005,0.38,0.22,0.01,0.14,1.0,0.28
lqr,ground_truth,curvy,400.0,0.05,0.1,1.0,51.499189488589764,81.2482681274414,124.1456527709961,16.290234905077575,0.8711120988753542,2.1064181040811834,-0.1442208256721509,2.1064181040811834,0.1442208256721509,0.10397689789533615,0.00039314478635787964,0.5615760684013367,0.0,17.16134700395293,309,303,5.832706451416016,RoadOption.STRAIGHT,72.209716796875,129.8367462158203,2.903254383413697,2.8,1.2,4.5,3.0,10.0,0.6,0.01,0.06,0.55,0.16,0.2,0.35,1.5,12,10.0,14.0,0.9,1.2,0.6,0.01,0.06,0.65,0.3,0.72,0.005,0.38,0.22,0.01,0.14,1.0,0.28
lqr,ground_truth,curvy,400.0,0.05,0.1,1.0,51.54918948933482,80.55492401123047,124.57313537597656,16.289758303125588,0.8814966281301722,2.124361111090943,-0.1454701145395072,2.124361111090943,0.1454701145395072,0.10312385112047195,-0.0008530467748641968,0.5913594365119934,0.0,17.17125493125576,310,304,5.83286190032959,RoadOption.STRAIGHT,71.37590789794922,130.02720642089844,2.9308143722704907,2.8,1.2,4.5,3.0,10.0,0.6,0.01,0.06,0.55,0.16,0.2,0.35,1.5,12,10.0,14.0,0.9,1.2,0.6,0.01,0.06,0.65,0.3,0.72,0.005,0.38,0.22,0.01,0.14,1.0,0.28
lqr,ground_truth,curvy,400.0,0.05,0.1,1.0,51.59918949007988,79.8506851196289,124.98233032226562,16.28968506980572,0.8731790158077537,2.140985398728633,-0.14657266323079998,2.140985398728633,0.14657266323079998,0.1022299975156784,-0.0008938536047935486,0.5639262795448303,0.0,17.162864085613474,311,305,5.832375526428223,RoadOption.STRAIGHT,70.53717041015625,130.19459533691406,2.958374361127285,2.8,1.2,4.5,3.0,10.0,0.6,0.01,0.06,0.55,0.16,0.2,0.35,1.5,12,10.0,14.0,0.9,1.2,0.6,0.01,0.06,0.65,0.3,0.72,0.005,0.38,0.22,0.01,0.14,1.0,0.28
lqr,ground_truth,curvy,400.0,0.05,0.1,1.0,51.64918949082494,79.13594055175781,125.37301635742188,16.290547345518455,0.8745786410131409,2.1562615422212597,-0.14766402664551448,2.1562615422212597,0.14766402664551448,0.10213038325309753,-9.961426258087158e-05,0.5764267444610596,0.0,17.165125986531596,312,306,5.8311662673950195,RoadOption.STRAIGHT,69.69412994384766,130.3388214111328,2.985934349984079,2.8,1.2,4.5,3.0,10.0,0.6,0.01,0.06,0.55,0.16,0.2,0.35,1.5,12,10.0,14.0,0.9,1.2,0.6,0.01,0.06,0.65,0.3,0.72,0.005,0.38,0.22,0.01,0.14,1.0,0.28
lqr,ground_truth,curvy,400.0,0.05,0.1,1.0,51.699189491569996,78.4112319946289,125.74485778808594,16.289848684846334,0.8814924903356101,2.170203771300989,-0.14878841325774594,2.170203771300989,0.14878841325774594,0.10266223549842834,0.0005318522453308105,0.5871921181678772,0.0,17.171341175181944,313,307,5.829314708709717,RoadOption.STRAIGHT,68.84744262695312,130.4597625732422,3.013494338840873,2.8,1.2,4.5,3.0,10.0,0.6,0.01,0.06,0.55,0.16,0.2,0.35,1.5,12,10.0,14.0,0.9,1.2,0.6,0.01,0.06,0.65,0.3,0.72,0.005,0.38,0.22,0.01,0.14,1.0,0.28
lqr,ground_truth,curvy,400.0,0.05,0.1,1.0,51.749189492315054,77.677001953125,126.09749603271484,16.290247737157376,0.8751000067775863,2.1829490365971056,-0.14990347880616195,2.1829490365971056,0.14990347880616195,0.10360809415578842,0.0009458586573600769,0.5673890113830566,0.0,17.165347743934962,314,308,5.8268818855285645,RoadOption.STRAIGHT,67.99774169921875,130.55731201171875,3.0410543276976667,2.8,1.2,4.5,3.0,10.0,0.6,0.01,0.06,0.55,0.16,0.2,0.35,1.5,12,10.0,14.0,0.9,1.2,0.6,0.01,0.06,0.65,0.3,0.72,0.005,0.38,0.22,0.01,0.14,1.0,0.28
lqr,ground_truth,curvy,400.0,0.05,0.1,1.0,51.79918949306011,76.93367004394531,126.43060302734375,16.29050631897654,0.8807486122792199,2.194587468233041,-0.15093651899300387,2.194587468233041,0.15093651899300387,0.10445224493741989,0.0008441507816314697,0.5852274894714355,0.0,17.17125493125576,315,309,5.823877334594727,RoadOption.STRAIGHT,67.14567565917969,130.63143920898438,3.068614316554461,2.8,1.2,4.5,3.0,10.0,0.6,0.01,0.06,0.55,0.16,0.2,0.35,1.5,12,10.0,14.0,0.9,1.2,0.6,0.01,0.06,0.65,0.3,0.72,0.005,0.38,0.22,0.01,0.14,1.0,0.28
lqr,ground_truth,curvy,400.0,0.05,0.1,1.0,51.84918949380517,76.18177032470703,126.74383544921875,16.290154930400984,0.8727091552124904,2.205217208667978,-0.15183533586090547,2.205217208667978,0.15183533586090547,0.10497972369194031,0.0005274787545204163,0.5639781355857849,0.0,17.162864085613474,316,310,5.8203816413879395,RoadOption.STRAIGHT,66.2918930053711,130.68203735351562,3.096174305411255,2.8,1.2,4.5,3.0,10.0,0.6,0.01,0.06,0.55,0.16,0.2,0.35,1.5,12,10.0,14.0,0.9,1.2,0.6,0.01,0.06,0.65,0.3,0.72,0.005,0.38,0.22,0.01,0.14,1.0,0.28
lqr,ground_truth,curvy,400.0,0.05,0.1,1.0,51.89918949455023,75.42179107666016,127.03687286376953,16.289426726704587,0.8818462096822586,2.2149167124244142,-0.15258874413328938,2.2149167124244142,0.15258874413328938,0.10490970313549042,-7.002055644989014e-05,0.5900722146034241,0.0,17.171272936386845,317,311,5.81641960144043,RoadOption.STRAIGHT,65.4370346069336,130.70909118652344,3.123734294268049,2.8,1.2,4.5,3.0,10.0,0.6,0.01,0.06,0.55,0.16,0.2,0.35,1.5,12,10.0,14.0,0.9,1.2,0.6,0.01,0.06,0.65,0.3,0.72,0.005,0.38,0.22,0.01,0.14,1.0,0.28
lqr,ground_truth,curvy,400.0,0.05,0.1,1.0,51.949189495295286,74.654296875,127.30948638916016,16.288728857828083,0.8826123173538605,2.2237323685082204,-0.1532409522842495,2.2237323685082204,0.1532409522842495,0.10475726425647736,-0.00015243887901306152,0.5804867148399353,0.0,17.171341175181944,318,312,5.812067985534668,RoadOption.STRAIGHT,64.56018829345703,130.71270751953125,3.1471855581950687,2.8,1.2,4.5,3.0,10.0,0.6,0.01,0.06,0.55,0.16,0.2,0.35,1.5,12,10.0,14.0,0.9,1.2,0.6,0.01,0.06,0.65,0.3,0.72,0.005,0.38,0.22,0.01,0.14,1.0,0.28
lqr,ground_truth,curvy,400.0,0.05,0.1,1.0,51.999189496040344,73.87975311279297,127.56143951416016,16.290028031605413,0.8753197123295493,2.2317070460631507,-0.15383803300064525,2.2317070460631507,0.15383803300064525,0.10478801280260086,3.074854612350464e-05,0.5664407014846802,0.0,17.165347743934962,319,313,5.807273864746094,RoadOption.STRAIGHT,63.56019973754883,130.7071075439453,3.1471855581950687,2.8,1.2,4.5,3.0,10.0,0.6,0.01,0.06,0.55,0.16,0.2,0.35,1.5,12,10.0,14.0,0.9,1.2,0.6,0.01,0.06,0.65,0.3,0.72,0.005,0.38,0.22,0.01,0.14,1.0,0.28
lqr,ground_truth,curvy,400.0,0.05,0.1,1.0,52.0491894967854,73.09867095947266,127.79255676269531,16.290177507651972,0.891125675358861,2.2388186380284356,-0.1544031557839598,2.2388186380284356,0.1544031557839598,0.10483352094888687,4.550814628601074e-05,0.6036425828933716,0.0,17.181303183010833,320,314,5.802013397216797,RoadOption.STRAIGHT,62.56021499633789,130.70152282714844,3.1471855581950687,2.8,1.2,4.5,3.0,10.0,0.6,0.01,0.06,0.55,0.16,0.2,0.35,1.5,12,10.0,14.0,0.9,1.2,0.6,0.01,0.06,0.65,0.3,0.72,0.005,0.38,0.22,0.01,0.14,1.0,0.28
lqr,ground_truth,curvy,400.0,0.05,0.1,1.0,52.09918949753046,72.31165313720703,128.0025634765625,16.29149376441626,0.8714903630792215,2.245208465581923,-0.15494697327855445,2.245208465581923,0.15494697327855445,0.10531219094991684,0.00047867000102996826,0.5493318438529968,0.0,17.16298412749548,320,315,5.79640531539917,RoadOption.STRAIGHT,62.56021499633789,130.70152282714844,3.1471855581950687,2.8,1.2,4.5,3.0,10.0,0.6,0.01,0.06,0.55,0.16,0.2,0.35,1.5,12,10.0,14.0,0.9,1.2,0.6,0.01,0.06,0.65,0.3,0.72,0.005,0.38,0.22,0.01,0.14,1.0,0.28
lqr,ground_truth,curvy,400.0,0.05,0.1,1.0,52.14918949827552,71.51915740966797,128.19131469726562,16.292381518859752,0.8706026086357284,2.114743348340141,-0.12788259870062424,2.114743348340141,0.12788259870062424,0.04757705703377724,-0.0577351339161396,0.5712962746620178,0.0,17.16298412749548,321,315,5.008148670196533,RoadOption.STRAIGHT,61.56023025512695,130.6959228515625,3.1471855581950687,2.8,1.2,4.5,3.0,10.0,0.6,0.01,0.06,0.55,0.16,0.2,0.35,1.5,12,10.0,14.0,0.9,1.2,0.6,0.01,0.06,0.65,0.3,0.72,0.005,0.38,0.22,0.01,0.14,1.0,0.28
lqr,ground_truth,curvy,400.0,0.05,0.1,1.0,52.19918949902058,70.72216796875,128.36276245117188,16.3091101883194,0.8621627480674441,2.115736583753269,-0.13217721227448598,2.115736583753269,0.13217721227448598,0.07087962329387665,0.02330256626009941,0.5571697950363159,0.0,17.171272936386845,322,316,5.000637531280518,RoadOption.STRAIGHT,60.560245513916016,130.69033813476562,3.1471855581950687,2.8,1.2,4.5,3.0,10.0,0.6,0.01,0.06,0.55,0.16,0.2,0.35,1.5,12,10.0,14.0,0.9,1.2,0.6,0.01,0.06,0.65,0.3,0.72,0.005,0.38,0.22,0.01,0.14,1.0,0.28
lqr,ground_truth,curvy,400.0,0.05,0.1,1.0,52.249189499765635,69.92122650146484,128.51690673828125,16.312903753573867,0.9805286255631422,2.111758837067455,-0.13925323129082612,2.111758837067455,0.13925323129082612,0.10659919679164886,0.03571957349777222,0.780356228351593,0.0,17.29343237913701,323,317,4.991357803344727,RoadOption.STRAIGHT,59.56026077270508,130.6847381591797,3.1471855581950687,2.8,1.2,4.5,3.0,10.0,0.6,0.01,0.06,0.55,0.16,0.2,0.35,1.5,12,10.0,14.0,0.9,1.2,0.6,0.01,0.06,0.65,0.3,0.72,0.005,0.38,0.22,0.01,0.14,1.0,0.28
lqr,ground_truth,curvy,400.0,0.05,0.1,1.0,52.29918950051069,69.11678314208984,128.65074157714844,16.311969784924333,1.1564625942126767,2.0874181601708988,-0.14091451117881792,2.0874181601708988,0.14091451117881792,0.05879494920372963,-0.047804247587919235,0.9549983143806458,0.0,17.46843237913701,324,318,5.0014262199401855,RoadOption.STRAIGHT,58.56027603149414,130.6791534423828,3.1471855581950687,2.8,1.2,4.5,3.0,10.0,0.6,0.01,0.06,0.55,0.16,0.2,0.35,1.5,12,10.0,14.0,0.9,1.2,0.6,0.01,0.06,0.65,0.3,0.72,0.005,0.38,0.22,0.01,0.14,1.0,0.28
lqr,ground_truth,curvy,400.0,0.05,0.1,1.0,52.34918950125575,68.30764770507812,128.76727294921875,16.381345885845928,1.2620864932910827,1.9663561404021617,-0.11999431555180928,1.9663561404021617,0.11999431555180928,-0.04888803884387016,-0.10768298804759979,0.934000551700592,0.0,17.64343237913701,325,319,5.128471851348877,RoadOption.STRAIGHT,57.560298919677734,130.67355346679688,3.1471855581950687,2.8,1.2,4.5,3.0,10.0,0.6,0.01,0.06,0.55,0.16,0.2,0.35,1.5,12,10.0,14.0,0.9,1.2,0.6,0.01,0.06,0.65,0.3,0.72,0.005,0.38,0.22,0.01,0.14,1.0,0.28
lqr,ground_truth,curvy,400.0,0.05,0.1,1.0,52.39918950200081,67.49190521240234,128.87596130371094,16.51293652537231,1.3054958537647003,1.8531153003206757,-0.10785988836097227,1.8531153003206757,0.10785988836097227,-0.08282026648521423,-0.03393222764134407,0.8853887319564819,0.0,17.81843237913701,325,320,5.258730411529541,RoadOption.STRAIGHT,57.560298919677734,130.67355346679688,3.1471855581950687,2.8,1.2,4.5,3.0,10.0,0.6,0.01,0.06,0.55,0.16,0.2,0.35,1.5,12,10.0,14.0,0.9,1.2,0.6,0.01,0.06,0.65,0.3,0.72,0.005,0.38,0.22,0.01,0.14,1.0,0.28
lqr,ground_truth,curvy,400.0,0.05,0.1,1.0,52.44918950274587,66.66874694824219,128.985107421875,16.671896997450755,1.3215353816862567,1.7393670675845077,-0.10875870522887388,1.7393670675845077,0.10875870522887388,-0.034839652478694916,0.04798061400651932,0.8621686697006226,0.0,17.993432379137012,326,320,4.452653408050537,RoadOption.STRAIGHT,56.5603141784668,130.66796875,3.1471855581950687,2.8,1.2,4.5,3.0,10.0,0.6,0.01,0.06,0.55,0.16,0.2,0.35,1.5,12,10.0,14.0,0.9,1.2,0.6,0.01,0.06,0.65,0.3,0.72,0.005,0.38,0.22,0.01,0.14,1.0,0.28
lqr,ground_truth,curvy,400.0,0.05,0.1,1.0,52.499189503490925,65.83656311035156,129.09332275390625,16.859075849099643,1.3093565300373697,1.6264920296193888,-0.11525388881146847,1.6264920296193888,0.11525388881146847,0.037777435034513474,0.07261708751320839,0.8209993243217468,0.0,18.168432379137013,327,321,4.566766262054443,RoadOption.STRAIGHT,55.56032943725586,130.66236877441406,3.1471855581950687,2.8,1.2,4.5,3.0,10.0,0.6,0.01,0.06,0.55,0.16,0.2,0.35,1.5,12,10.0,14.0,0.9,1.2,0.6,0.01,0.06,0.65,0.3,0.72,0.005,0.38,0.22,0.01,0.14,1.0,0.28
lqr,ground_truth,curvy,400.0,0.05,0.1,1.0,52.54918950423598,64.99442291259766,129.19593811035156,17.03929165082299,1.3041407283140245,1.5191764535249777,-0.11804035426001835,1.5191764535249777,0.11804035426001835,0.0789073258638382,0.04112989082932472,0.8262254595756531,0.0,18.343432379137013,328,322,4.679226875305176,RoadOption.STRAIGHT,54.56034469604492,130.6567840576172,3.1471855581950687,2.8,1.2,4.5,3.0,10.0,0.6,0.01,0.06,0.55,0.16,0.2,0.35,1.5,12,10.0,14.0,0.9,1.2,0.6,0.01,0.06,0.65,0.3,0.72,0.005,0.38,0.22,0.01,0.14,1.0,0.28
lqr,ground_truth,curvy,400.0,0.05,0.1,1.0,52.59918950498104,64.14248657226562,129.28968811035156,17.21004443532775,1.3083879438092652,1.4206560480637733,-0.11284585855381879,1.4206560480637733,0.11284585855381879,0.08725006878376007,0.008342742919921875,0.8401294350624084,0.0,18.518432379137014,329,323,4.789881229400635,RoadOption.STRAIGHT,53.560359954833984,130.65118408203125,3.1471855581950687,2.8,1.2,4.5,3.0,10.0,0.6,0.01,0.06,0.55,0.16,0.2,0.35,1.5,12,10.0,14.0,0.9,1.2,0.6,0.01,0.06,0.65,0.3,0.72,0.005,0.38,0.22,0.01,0.14,1.0,0.28
lqr,ground_truth,curvy,400.0,0.05,0.1,1.0,52.6491895057261,63.28089141845703,129.37344360351562,17.383745598910476,1.3096867802265386,1.3320912311315891,-0.1004483110472818,1.3320912311315891,0.1004483110472818,0.03629711642861366,-0.05095295235514641,0.8373706936836243,0.0,18.693432379137015,330,324,4.8978657722473145,RoadOption.STRAIGHT,52.56037521362305,130.6455841064453,3.1471855581950687,2.8,1.2,4.5,3.0,10.0,0.6,0.01,0.06,0.55,0.16,0.2,0.35,1.5,12,10.0,14.0,0.9,1.2,0.6,0.01,0.06,0.65,0.3,0.72,0.005,0.38,0.22,0.01,0.14,1.0,0.28
lqr,ground_truth,curvy,400.0,0.05,0.1,1.0,52.69918950647116,62.409358978271484,129.4504852294922,17.574952043738843,1.293480335398172,1.2501692971546892,-0.08692264850298725,1.2501692971546892,0.08692264850298725,-0.012068684212863445,-0.04836580064147711,0.8066404461860657,0.0,18.868432379137015,331,325,5.000927925109863,RoadOption.STRAIGHT,51.56039047241211,130.63999938964844,3.1471855581950687,2.8,1.2,4.5,3.0,10.0,0.6,0.01,0.06,0.55,0.16,0.2,0.35,1.5,12,10.0,14.0,0.9,1.2,0.6,0.01,0.06,0.65,0.3,0.72,0.005,0.38,0.22,0.01,0.14,1.0,0.28
lqr,ground_truth,curvy,400.0,0.05,0.1,1.0,52.749189507216215,61.52812957763672,129.525390625,17.76212938938487,1.2813029897521453,1.170344627564017,-0.07834407399962418,1.170344627564017,0.07834407399962418,-0.01465674676001072,-0.002588062547147274,0.8041689991950989,0.0,19.043432379137016,331,326,5.0975165367126465,RoadOption.STRAIGHT,51.56039047241211,130.63999938964844,3.1471855581950687,2.8,1.2,4.5,3.0,10.0,0.6,0.01,0.06,0.55,0.16,0.2,0.35,1.5,12,10.0,14.0,0.9,1.2,0.6,0.01,0.06,0.65,0.3,0.72,0.005,0.38,0.22,0.01,0.14,1.0,0.28
lqr,ground_truth,curvy,400.0,0.05,0.1,1.0,52.79918950796127,60.63755798339844,129.59898376464844,17.943737403524494,1.2746949756125225,1.0917717829273936,-0.07493016779825146,1.0917717829273936,0.07493016779825146,0.002603437751531601,0.01726018451154232,0.8068873882293701,0.0,19.218432379137017,332,326,4.215050220489502,RoadOption.STRAIGHT,50.56040573120117,130.6343994140625,3.1471855581950687,2.8,1.2,4.5,3.0,10.0,0.6,0.01,0.06,0.55,0.16,0.2,0.35,1.5,12,10.0,14.0,0.9,1.2,0.6,0.01,0.06,0.65,0.3,0.72,0.005,0.38,0.22,0.01,0.14,1.0,0.28
lqr,ground_truth,curvy,400.0,0.05,0.1,1.0,52.84918950870633,59.737831115722656,129.66966247558594,18.120232035433858,1.2732003437031594,1.0160550192209712,-0.07333173851198582,1.0160550192209712,0.07333173851198582,0.025286532938480377,0.022683095186948776,0.812126636505127,0.0,19.393432379137018,333,327,4.2938313484191895,RoadOption.STRAIGHT,49.560420989990234,130.62881469726562,3.1471855581950687,2.8,1.2,4.5,3.0,10.0,0.6,0.01,0.06,0.55,0.16,0.2,0.35,1.5,12,10.0,14.0,0.9,1.2,0.6,0.01,0.06,0.65,0.3,0.72,0.005,0.38,0.22,0.01,0.14,1.0,0.28
lqr,ground_truth,curvy,400.0,0.05,0.1,1.0,52.89918950945139,58.82908630371094,129.7355194091797,18.29079158029263,1.1536528641518125,0.9451247797554461,-0.07035139493607812,0.9451247797554461,0.07035139493607812,0.041975025087594986,0.01668849214911461,0.5987347364425659,0.0,19.444444444444443,334,328,4.367022514343262,RoadOption.STRAIGHT,48.5604362487793,130.6232147216797,3.1471855581950687,2.8,1.2,4.5,3.0,10.0,0.6,0.01,0.06,0.55,0.16,0.2,0.35,1.5,12,10.0,14.0,0.9,1.2,0.6,0.01,0.06,0.65,0.3,0.72,0.005,0.38,0.22,0.01,0.14,1.0,0.28
lqr,ground_truth,curvy,400.0,0.05,0.1,1.0,52.94918951019645,57.91178512573242,129.79498291015625,18.441603750087893,1.00284069435655,0.8805247596726794,-0.06435582037398291,0.8805247596726794,0.06435582037398291,0.027390744537115097,-0.014584280550479889,0.470729798078537,0.0,19.444444444444443,335,329,4.434859752655029,RoadOption.STRAIGHT,47.56045150756836,130.6176300048828,3.1471855581950687,2.8,1.2,4.5,3.0,10.0,0.6,0.01,0.06,0.55,0.16,0.2,0.35,1.5,12,10.0,14.0,0.9,1.2,0.6,0.01,0.06,0.65,0.3,0.72,0.005,0.38,0.22,0.01,0.14,1.0,0.28
lqr,ground_truth,curvy,400.0,0.05,0.1,1.0,52.999189510941505,56.98795700073242,129.84872436523438,18.543828677172755,0.9006157672716881,0.8216101915923798,-0.05691175249499336,0.8216101915923798,0.05691175249499336,0.005022289231419563,-0.022368455305695534,0.4676995575428009,0.0,19.444444444444443,336,330,4.498718738555908,RoadOption.STRAIGHT,46.56046676635742,130.61203002929688,3.1471855581950687,2.8,1.2,4.5,3.0,10.0,0.6,0.01,0.06,0.55,0.16,0.2,0.35,1.5,12,10.0,14.0,0.9,1.2,0.6,0.01,0.06,0.65,0.3,0.72,0.005,0.38,0.22,0.01,0.14,1.0,0.28
lqr,ground_truth,curvy,400.0,0.05,0.1,1.0,53.04918951168656,56.06049728393555,129.89874267578125,18.59268468749277,0.8517597569516724,0.7664136573222349,-0.050928961106130544,0.7664136573222349,0.050928961106130544,-0.005796929821372032,-0.010819219052791595,0.5024286508560181,0.0,19.444444444444443,337,331,4.560748100280762,RoadOption.STRAIGHT,45.560482025146484,130.6064453125,3.1471855581950687,2.8,1.2,4.5,3.0,10.0,0.6,0.01,0.06,0.55,0.16,0.2,0.35,1.5,12,10.0,14.0,0.9,1.2,0.6,0.01,0.06,0.65,0.3,0.72,0.005,0.38,0.22,0.01,0.14,1.0,0.28
lqr,ground_truth,curvy,400.0,0.05,0.1,1.0,53.09918951243162,55.13163375854492,129.94631958007812,18.605694919015257,0.8387495254291863,0.7136353812408577,-0.047627972934977336,0.7136353812408577,0.047627972934977336,-0.0002779016213025898,0.005519028200069442,0.5376374125480652,0.0,19.444444444444443,338,332,4.622724533081055,RoadOption.STRAIGHT,44.56049728393555,130.60084533691406,3.1471855581950687,2.8,1.2,4.5,3.0,10.0,0.6,0.01,0.06,0.55,0.16,0.2,0.35,1.5,12,10.0,14.0,0.9,1.2,0.6,0.01,0.06,0.65,0.3,0.72,0.005,0.38,0.22,0.01,0.14,1.0,0.28
lqr,ground_truth,curvy,400.0,0.05,0.1,1.0,53.14918951317668,54.20256805419922,129.9912872314453,18.601541346615303,0.8429030978291401,0.6634804450684968,-0.045953909873753584,0.6634804450684968,0.045953909873753584,0.012137450277805328,0.012415351899107918,0.5607261657714844,0.0,19.444444444444443,339,333,4.685720443725586,RoadOption.STRAIGHT,43.56051254272461,130.5952606201172,3.1471855581950687,2.8,1.2,4.5,3.0,10.0,0.6,0.01,0.06,0.55,0.16,0.2,0.35,1.5,12,10.0,14.0,0.9,1.2,0.6,0.01,0.06,0.65,0.3,0.72,0.005,0.38,0.22,0.01,0.14,1.0,0.28
lqr,ground_truth,curvy,400.0,0.05,0.1,1.0,53.19918951392174,53.27375793457031,130.03269958496094,18.591409254562862,0.8530351898815809,0.6168669220450265,-0.04404522232049368,0.6168669220450265,0.04404522232049368,0.018789388239383698,0.006651937961578369,0.5739796161651611,0.0,19.444444444444443,340,334,4.75016975402832,RoadOption.STRAIGHT,42.56052780151367,130.58966064453125,3.1471855581950687,2.8,1.2,4.5,3.0,10.0,0.6,0.01,0.06,0.55,0.16,0.2,0.35,1.5,12,10.0,14.0,0.9,1.2,0.6,0.01,0.06,0.65,0.3,0.72,0.005,0.38,0.22,0.01,0.14,1.0,0.28
lqr,ground_truth,curvy,400.0,0.05,0.1,1.0,53.249189514666796,52.34528350830078,130.07003784179688,18.58130614180687,0.863138302637573,0.574344568022911,-0.04095755335265583,0.574344568022911,0.04095755335265583,0.0155771654099226,-0.0032122228294610977,0.5800067186355591,0.0,19.444444444444443,341,335,4.816064834594727,RoadOption.STRAIGHT,41.560543060302734,130.58407592773438,3.1471855581950687,2.8,1.2,4.5,3.0,10.0,0.6,0.01,0.06,0.55,0.16,0.2,0.35,1.5,12,10.0,14.0,0.9,1.2,0.6,0.01,0.06,0.65,0.3,0.72,0.005,0.38,0.22,0.01,0.14,1.0,0.28
lqr,ground_truth,curvy,400.0,0.05,0.1,1.0,53.299189515411854,51.41707229614258,130.10360717773438,18.57415298841812,0.8702914560263224,0.5355772895256966,-0.03712419927959587,0.5355772895256966,0.03712419927959587,0.007001889403909445,-0.008575276006013155,0.5807586312294006,0.0,19.444444444444443,342,336,4.883145809173584,RoadOption.STRAIGHT,40.5605583190918,130.57847595214844,3.1471855581950687,2.8,1.2,4.5,3.0,10.0,0.6,0.01,0.06,0.55,0.16,0.2,0.35,1.5,12,10.0,14.0,0.9,1.2,0.6,0.01,0.06,0.65,0.3,0.72,0.005,0.38,0.22,0.01,0.14,1.0,0.28
lqr,ground_truth,curvy,400.0,0.05,0.1,1.0,53.34918951615691,50.48903274536133,130.13433837890625,18.569950117665435,0.8744943267790077,0.49966432003608086,-0.0336447793154071,0.49966432003608086,0.0336447793154071,0.001126425457186997,-0.005875463946722448,0.579740047454834,0.0,19.444444444444443,343,337,4.95111083984375,RoadOption.STRAIGHT,39.560577392578125,130.57289123535156,3.1471855581950687,2.8,1.2,4.5,3.0,10.0,0.6,0.01,0.06,0.55,0.16,0.2,0.35,1.5,12,10.0,14.0,0.9,1.2,0.6,0.01,0.06,0.65,0.3,0.72,0.005,0.38,0.22,0.01,0.14,1.0,0.28
lqr,ground_truth,curvy,400.0,0.05,0.1,1.0,53.39918951690197,49.56106185913086,130.16299438476562,18.567477926377215,0.8769665180672277,0.46581163888426025,-0.031204791124676667,0.46581163888426025,0.031204791124676667,0.0014049883466213942,0.0002785628894343972,0.5791465640068054,0.0,19.444444444444443,343,338,5.019697666168213,RoadOption.STRAIGHT,39.560577392578125,130.57289123535156,3.1471855581950687,2.8,1.2,4.5,3.0,10.0,0.6,0.01,0.06,0.55,0.16,0.2,0.35,1.5,12,10.0,14.0,0.9,1.2,0.6,0.01,0.06,0.65,0.3,0.72,0.005,0.38,0.22,0.01,0.14,1.0,0.28
lqr,ground_truth,curvy,400.0,0.05,0.1,1.0,53.44918951764703,48.63312911987305,130.18978881835938,18.565917055392593,0.8785273890518503,0.43382781212819765,-0.029611954476700397,0.43382781212819765,0.029611954476700397,0.00561485392972827,0.004209865583106875,0.5789895057678223,0.0,19.444444444444443,344,338,4.093324184417725,RoadOption.STRAIGHT,38.56059265136719,130.56729125976562,3.1471855581950687,2.8,1.2,4.5,3.0,10.0,0.6,0.01,0.06,0.55,0.16,0.2,0.35,1.5,12,10.0,14.0,0.9,1.2,0.6,0.01,0.06,0.65,0.3,0.72,0.005,0.38,0.22,0.01,0.14,1.0,0.28
lqr,ground_truth,curvy,400.0,0.05,0.1,1.0,53.499189518392086,47.70519256591797,130.21446228027344,18.564789263064718,0.8796551813797251,0.40397306320025705,-0.028176244333038447,0.40397306320025705,0.028176244333038447,0.008976711891591549,0.0033618579618632793,0.5791464447975159,0.0,19.444444444444443,345,339,4.162137031555176,RoadOption.STRAIGHT,37.56060791015625,130.5616912841797,3.1471855581950687,2.8,1.2,4.5,3.0,10.0,0.6,0.01,0.06,0.55,0.16,0.2,0.35,1.5,12,10.0,14.0,0.9,1.2,0.6,0.01,0.06,0.65,0.3,0.72,0.005,0.38,0.22,0.01,0.14,1.0,0.28
lqr,ground_truth,curvy,400.0,0.05,0.1,1.0,53.549189519137144,46.77725601196289,130.2368621826172,18.5639528664749,0.8804915779695435,0.3763765797331773,-0.026388464293268132,0.3763765797331773,0.026388464293268132,0.008503415621817112,-0.00047329626977443695,0.5792986154556274,0.0,19.444444444444443,346,340,4.231461524963379,RoadOption.STRAIGHT,36.56062316894531,130.5561065673828,3.1471855581950687,2.8,1.2,4.5,3.0,10.0,0.6,0.01,0.06,0.55,0.16,0.2,0.35,1.5,12,10.0,14.0,0.9,1.2,0.6,0.01,0.06,0.65,0.3,0.72,0.005,0.38,0.22,0.01,0.14,1.0,0.28
lqr,ground_truth,curvy,400.0,0.05,0.1,1.0,53.5991895198822,45.84929656982422,130.2570037841797,18.563521491719953,0.8809229527244895,0.3510534922666095,-0.024284300715996743,0.3510534922666095,0.024284300715996743,0.005464364308863878,-0.0030390513129532337,0.5790714025497437,0.0,19.444444444444443,347,341,4.301207542419434,RoadOption.STRAIGHT,35.560638427734375,130.55050659179688,3.1471855581950687,2.8,1.2,4.5,3.0,10.0,0.6,0.01,0.06,0.55,0.16,0.2,0.35,1.5,12,10.0,14.0,0.9,1.2,0.6,0.01,0.06,0.65,0.3,0.72,0.005,0.38,0.22,0.01,0.14,1.0,0.28
lqr,ground_truth,curvy,400.0,0.05,0.1,1.0,53.64918952062726,44.921302795410156,130.2753143310547,18.56343811870751,0.8810063257369336,0.32754598028283693,-0.02224964564317622,0.32754598028283693,0.02224964564317622,0.002581207547336817,-0.0028831567615270615,0.5787038207054138,0.0,19.444444444444443,348,342,4.371270179748535,RoadOption.STRAIGHT,34.56065368652344,130.544921875,3.1471855581950687,2.8,1.2,4.5,3.0,10.0,0.6,0.01,0.06,0.55,0.16,0.2,0.35,1.5,12,10.0,14.0,0.9,1.2,0.6,0.01,0.06,0.65,0.3,0.72,0.005,0.38,0.22,0.01,0.14,1.0,0.28
lqr,ground_truth,curvy,400.0,0.05,0.1,1.0,53.69918952137232,43.9932861328125,130.29212951660156,18.563490555014404,0.8809538894300388,0.3055489154438885,-0.020614997366085408,0.3055489154438885,0.020614997366085408,0.0020692984107881784,-0.0005119091365486383,0.5785093903541565,0.0,19.444444444444443,349,343,4.441591739654541,RoadOption.STRAIGHT,33.560672760009766,130.53932189941406,3.1471855581950687,2.8,1.2,4.5,3.0,10.0,0.6,0.01,0.06,0.55,0.16,0.2,0.35,1.5,12,10.0,14.0,0.9,1.2,0.6,0.01,0.06,0.65,0.3,0.72,0.005,0.38,0.22,0.01,0.14,1.0,0.28
lqr,ground_truth,curvy,400.0,0.05,0.1,1.0,53.749189522117376,43.06523895263672,130.30764770507812,18.563527343441777,0.880917101002666,0.28483341949359603,-0.01938088851694264,0.28483341949359603,0.01938088851694264,0.0033326807897537947,0.0012633823789656162,0.5785061120986938,0.0,19.444444444444443,350,344,4.512123107910156,RoadOption.STRAIGHT,32.56068801879883,130.5337371826172,3.1471855581950687,2.8,1.2,4.5,3.0,10.0,0.6,0.01,0.06,0.55,0.16,0.2,0.35,1.5,12,10.0,14.0,0.9,1.2,0.6,0.01,0.06,0.65,0.3,0.72,0.005,0.38,0.22,0.01,0.14,1.0,0.28
lqr,ground_truth,curvy,400.0,0.05,0.1,1.0,53.799189522862434,42.137168884277344,130.32183837890625,18.56350143313679,0.8809430113076537,0.2654452894183198,-0.01830550406876874,0.2654452894183198,0.01830550406876874,0.00460484204813838,0.0012721612583845854,0.5785968899726868,0.0,19.444444444444443,351,345,4.5828423500061035,RoadOption.STRAIGHT,31.56070327758789,130.52813720703125,3.1471855581950687,2.8,1.2,4.5,3.0,10.0,0.6,0.01,0.06,0.55,0.16,0.2,0.35,1.5,12,10.0,14.0,0.9,1.2,0.6,0.01,0.06,0.65,0.3,0.72,0.005,0.38,0.22,0.01,0.14,1.0,0.28
lqr,ground_truth,curvy,400.0,0.05,0.1,1.0,53.84918952360749,41.20908737182617,130.3346405029297,18.56344042121871,0.8810040232257315,0.24746088197549584,-0.017168334283304887,0.24746088197549584,0.017168334283304887,0.004764929413795471,0.00016008736565709114,0.5786756277084351,0.0,19.444444444444443,352,346,4.6537370681762695,RoadOption.STRAIGHT,30.560718536376953,130.52255249023438,3.1471855581950687,2.8,1.2,4.5,3.0,10.0,0.6,0.01,0.06,0.55,0.16,0.2,0.35,1.5,12,10.0,14.0,0.9,1.2,0.6,0.01,0.06,0.65,0.3,0.72,0.005,0.38,0.22,0.01,0.14,1.0,0.28
lqr,ground_truth,curvy,400.0,0.05,0.1,1.0,53.89918952435255,40.280982971191406,130.34608459472656,18.56340304301393,0.8810414014305117,0.23081909895809935,-0.015925703318674156,0.23081909895809935,0.015925703318674156,0.0036064679734408855,-0.0011584614403545856,0.5786696672439575,0.0,19.444444444444443,353,347,4.724769115447998,RoadOption.STRAIGHT,29.560733795166016,130.51695251464844,3.1471855581950687,2.8,1.2,4.5,3.0,10.0,0.6,0.01,0.06,0.55,0.16,0.2,0.35,1.5,12,10.0,14.0,0.9,1.2,0.6,0.01,0.06,0.65,0.3,0.72,0.005,0.38,0.22,0.01,0.14,1.0,0.28
lqr,ground_truth,curvy,400.0,0.05,0.1,1.0,53.94918952509761,39.35287094116211,130.3563690185547,18.563420818725547,0.8810236257188961,0.21535218165211356,-0.014705709223308716,0.21535218165211356,0.014705709223308716,0.0024448742624372244,-0.0011615937110036612,0.578592836856842,0.0,19.444444444444443,354,348,4.795925617218018,RoadOption.STRAIGHT,28.560749053955078,130.51136779785156,3.1471855581950687,2.8,1.2,4.5,3.0,10.0,0.6,0.01,0.06,0.55,0.16,0.2,0.35,1.5,12,10.0,14.0,0.9,1.2,0.6,0.01,0.06,0.65,0.3,0.72,0.005,0.38,0.22,0.01,0.14,1.0,0.28
lqr,ground_truth,curvy,400.0,0.05,0.1,1.0,53.99918952584267,38.42474365234375,130.3656005859375,18.563458821374056,0.8809856230703872,0.20092273909845743,-0.013641243735603936,0.20092273909845743,0.013641243735603936,0.001870041829533875,-0.0005748324329033494,0.5785457491874695,0.0,19.444444444444443,355,349,4.867172718048096,RoadOption.STRAIGHT,27.56076431274414,130.50576782226562,3.1471855581950687,2.8,1.2,4.5,3.0,10.0,0.6,0.01,0.06,0.55,0.16,0.2,0.35,1.5,12,10.0,14.0,0.9,1.2,0.6,0.01,0.06,0.65,0.3,0.72,0.005,0.38,0.22,0.01,0.14,1.0,0.28
lqr,ground_truth,curvy,400.0,0.05,0.1,1.0,54.049189526587725,37.49660873413086,130.3739471435547,18.563488797749645,0.8809556466947974,0.18739352968393674,-0.012764264788641011,0.18739352968393674,0.012764264788641011,0.0022209028247743845,0.0003508609952405095,0.5785374045372009,0.0,19.444444444444443,356,350,4.938507080078125,RoadOption.STRAIGHT,26.560779571533203,130.50018310546875,3.1471855581950687,2.8,1.2,4.5,3.0,10.0,0.6,0.01,0.06,0.55,0.16,0.2,0.35,1.5,12,10.0,14.0,0.9,1.2,0.6,0.01,0.06,0.65,0.3,0.72,0.005,0.38,0.22,0.01,0.14,1.0,0.28
lqr,ground_truth,curvy,400.0,0.05,0.1,1.0,54.09918952733278,36.56846237182617,130.3814239501953,18.56349699689633,0.8809474475481132,0.17471873508706437,-0.011993013336954128,0.17471873508706437,0.011993013336954128,0.0026223650202155113,0.0004014621954411268,0.578558623790741,0.0,19.444444444444443,356,351,5.009908199310303,RoadOption.STRAIGHT,26.560779571533203,130.50018310546875,3.1471855581950687,2.8,1.2,4.5,3.0,10.0,0.6,0.01,0.06,0.55,0.16,0.2,0.35,1.5,12,10.0,14.0,0.9,1.2,0.6,0.01,0.06,0.65,0.3,0.72,0.005,0.38,0.22,0.01,0.14,1.0,0.28
lqr,ground_truth,curvy,400.0,0.05,0.1,1.0,54.14918952807784,35.640316009521484,130.38803100585938,18.56348944768206,0.8809549967623838,0.16292077575795397,-0.011239072432352337,0.16292077575795397,0.011239072432352337,0.002674870425835252,5.2505405619740486e-05,0.5785820484161377,0.0,19.444444444444443,357,351,4.0820183753967285,RoadOption.STRAIGHT,25.560794830322266,130.4945831298828,3.1471855581950687,2.8,1.2,4.5,3.0,10.0,0.6,0.01,0.06,0.55,0.16,0.2,0.35,1.5,12,10.0,14.0,0.9,1.2,0.6,0.01,0.06,0.65,0.3,0.72,0.005,0.38,0.22,0.01,0.14,1.0,0.28
lqr,ground_truth,curvy,400.0,0.05,0.1,1.0,54.1991895288229,34.712154388427734,130.393798828125,18.563485872708643,0.8809585717357997,0.15197011201704294,-0.010471016773973663,0.15197011201704294,0.010471016773973663,0.002393328119069338,-0.00028154230676591396,0.5785794258117676,0.0,19.444444444444443,358,352,4.153432369232178,RoadOption.STRAIGHT,24.56081199645996,130.48899841308594,3.1471855581950687,2.8,1.2,4.5,3.0,10.0,0.6,0.01,0.06,0.55,0.16,0.2,0.35,1.5,12,10.0,14.0,0.9,1.2,0.6,0.01,0.06,0.65,0.3,0.72,0.005,0.38,0.22,0.01,0.14,1.0,0.28
lqr,ground_truth,curvy,400.0,0.05,0.1,1.0,54.24918952956796,33.78399658203125,130.39878845214844,18.563489604766904,0.8809548396775391,0.14178239713181967,-0.009716276921045264,0.14178239713181967,0.009716276921045264,0.0018094166880473495,-0.0005839114310219884,0.5785683989524841,0.0,19.444444444444443,359,353,4.224915981292725,RoadOption.STRAIGHT,23.560827255249023,130.4833984375,3.1471855581950687,2.8,1.2,4.5,3.0,10.0,0.6,0.01,0.06,0.55,0.16,0.2,0.35,1.5,12,10.0,14.0,0.9,1.2,0.6,0.01,0.06,0.65,0.3,0.72,0.005,0.38,0.22,0.01,0.14,1.0,0.28
lqr,ground_truth,curvy,400.0,0.05,0.1,1.0,54.299189530313015,32.8558349609375,130.4031219482422,18.563501282623566,0.880943161820877,0.13226603712956345,-0.009027050830932914,0.13226603712956345,0.009027050830932914,0.0015561440959572792,-0.00025327259209007025,0.5785518884658813,0.0,19.444444444444443,360,354,4.296450138092041,RoadOption.STRAIGHT,22.560842514038086,130.47779846191406,3.1471855581950687,2.8,1.2,4.5,3.0,10.0,0.6,0.01,0.06,0.55,0.16,0.2,0.35,1.5,12,10.0,14.0,0.9,1.2,0.6,0.01,0.06,0.65,0.3,0.72,0.005,0.38,0.22,0.01,0.14,1.0,0.28
lqr,ground_truth,curvy,400.0,0.05,0.1,1.0,54.34918953105807,31.927663803100586,130.4068145751953,18.563511118659957,0.8809333257844862,0.12337522435635064,-0.008421714315157924,0.12337522435635064,0.008421714315157924,0.0014579470735043287,-9.819702245295048e-05,0.5785481929779053,0.0,19.444444444444443,361,355,4.368021011352539,RoadOption.STRAIGHT,21.56085777282715,130.4722137451172,3.1471855581950687,2.8,1.2,4.5,3.0,10.0,0.6,0.01,0.06,0.55,0.16,0.2,0.35,1.5,12,10.0,14.0,0.9,1.2,0.6,0.01,0.06,0.65,0.3,0.72,0.005,0.38,0.22,0.01,0.14,1.0,0.28
lqr,ground_truth,curvy,400.0,0.05,0.1,1.0,54.39918953180313,30.99949073791504,130.40994262695312,18.56351824018451,0.8809262042599322,0.11506422583120089,-0.007884554723288861,0.11506422583120089,0.007884554723288861,0.001638422952964902,0.0001804758794605732,0.5785471796989441,0.0,19.444444444444443,362,356,4.439628601074219,RoadOption.STRAIGHT,20.56087303161621,130.46661376953125,3.1471855581950687,2.8,1.2,4.5,3.0,10.0,0.6,0.01,0.06,0.55,0.16,0.2,0.35,1.5,12,10.0,14.0,0.9,1.2,0.6,0.01,0.06,0.65,0.3,0.72,0.005,0.38,0.22,0.01,0.14,1.0,0.28
lqr,ground_truth,curvy,400.0,0.05,0.1,1.0,54.44918953254819,30.071317672729492,130.41250610351562,18.56351968783216,0.8809247566122842,0.10730253512085512,-0.007377755167846445,0.10730253512085512,0.007377755167846445,0.0016043742652982473,-3.404868766665459e-05,0.5785531401634216,0.0,19.444444444444443,363,357,4.511270046234131,RoadOption.STRAIGHT,19.560890197753906,130.46102905273438,3.1471855581950687,2.8,1.2,4.5,3.0,10.0,0.6,0.01,0.06,0.55,0.16,0.2,0.35,1.5,12,10.0,14.0,0.9,1.2,0.6,0.01,0.06,0.65,0.3,0.72,0.005,0.38,0.22,0.01,0.14,1.0,0.28
lqr,ground_truth,curvy,400.0,0.05,0.1,1.0,54.49918953329325,29.143144607543945,130.41453552246094,18.563519379225582,0.8809250652188609,0.10009014155774999,-0.006882673521201088,0.10009014155774999,0.006882673521201088,0.0015289155999198556,-7.545866537839174e-05,0.5785554051399231,0.0,19.444444444444443,364,358,4.582938194274902,RoadOption.STRAIGHT,18.560895919799805,130.45542907714844,3.1471855581950687,2.8,1.2,4.5,3.0,10.0,0.6,0.01,0.06,0.55,0.16,0.2,0.35,1.5,12,10.0,14.0,0.9,1.2,0.6,0.01,0.06,0.65,0.3,0.72,0.005,0.38,0.22,0.01,0.14,1.0,0.28
lqr,ground_truth,curvy,400.0,0.05,0.1,1.0,54.549189534038305,28.214969635009766,130.4160614013672,18.56352185461914,0.8809225898253032,0.09336602160780394,-0.006402239260550502,0.09336602160780394,0.006402239260550502,0.0012832448119297624,-0.00024567078799009323,0.5785505771636963,0.0,19.444444444444443,365,359,4.654629707336426,RoadOption.STRAIGHT,17.56505584716797,130.44969177246094,3.14797438650995,2.8,1.2,4.5,3.0,10.0,0.6,0.01,0.06,0.55,0.16,0.2,0.35,1.5,12,10.0,14.0,0.9,1.2,0.6,0.01,0.06,0.65,0.3,0.72,0.005,0.38,0.22,0.01,0.14,1.0,0.28
lqr,ground_truth,curvy,400.0,0.05,0.1,1.0,54.59918953478336,27.28679656982422,130.41712951660156,18.563524523882144,0.8809199205622988,0.08709966883775787,-0.005952431352436172,0.08709966883775787,0.005952431352436172,0.001024710014462471,-0.00025853479746729136,0.5785487294197083,0.0,19.444444444444443,366,360,4.726344108581543,RoadOption.STRAIGHT,16.57558250427246,130.4423828125,3.1499744204885998,2.8,1.2,4.5,3.0,10.0,0.6,0.01,0.06,0.55,0.16,0.2,0.35,1.5,12,10.0,14.0,0.9,1.2,0.6,0.01,0.06,0.65,0.3,0.72,0.005,0.38,0.22,0.01,0.14,1.0,0.28
lqr,ground_truth,curvy,400.0,0.05,0.1,1.0,54.64918953552842,26.35862159729004,130.41778564453125,18.563529572397986,0.880914872046457,0.08126054481166266,-0.005552424556706015,0.08126054481166266,0.005552424556706015,0.0010408310918137431,1.6121077351272106e-05,0.5785428881645203,0.0,19.444444444444443,367,361,4.798072814941406,RoadOption.STRAIGHT,15.586126327514648,130.43312072753906,3.15197418815114,2.8,1.2,4.5,3.0,10.0,0.6,0.01,0.06,0.55,0.16,0.2,0.35,1.5,12,10.0,14.0,0.9,1.2,0.6,0.01,0.06,0.65,0.3,0.72,0.005,0.38,0.22,0.01,0.14,1.0,0.28
lqr,ground_truth,curvy,400.0,0.05,0.1,1.0,54.69918953627348,25.430448532104492,130.41807556152344,18.563531876052586,0.8809125683918566,0.07577237811258888,-0.00519156622900141,0.07577237811258888,0.00519156622900141,0.001011310494504869,-2.952059730887413e-05,0.5785447955131531,0.0,19.444444444444443,368,362,4.869817733764648,RoadOption.STRAIGHT,14.596691131591797,130.42184448242188,3.1539742221297895,2.8,1.2,4.5,3.0,10.0,0.6,0.01,0.06,0.55,0.16,0.2,0.35,1.5,12,10.0,14.0,0.9,1.2,0.6,0.01,0.06,0.65,0.3,0.72,0.005,0.38,0.22,0.01,0.14,1.0,0.28
lqr,ground_truth,curvy,400.0,0.05,0.1,1.0,54.74918953701854,24.502275466918945,130.41798400878906,18.56353313411421,0.8809113103302337,0.07068092305664353,-0.004855475299432754,0.07068092305664353,0.004855475299432754,0.0010776357958093286,6.632530130445957e-05,0.5785452723503113,0.0,19.444444444444443,369,363,4.941573143005371,RoadOption.STRAIGHT,13.607279777526855,130.40863037109375,3.155974256108439,2.8,1.2,4.5,3.0,10.0,0.6,0.01,0.06,0.55,0.16,0.2,0.35,1.5,12,10.0,14.0,0.9,1.2,0.6,0.01,0.06,0.65,0.3,0.72,0.005,0.38,0.22,0.01,0.14,1.0,0.28
lqr,ground_truth,curvy,400.0,0.05,0.1,1.0,54.799189537763596,23.574100494384766,130.4175567626953,18.563533149273017,0.8809112951714262,0.06590995089715052,-0.004528971749788724,0.06590995089715052,0.004528971749788724,0.0015237341867759824,0.0004460983909666538,0.5785467624664307,0.0,19.444444444444443,370,364,5.01334810256958,RoadOption.STRAIGHT,12.617897033691406,130.39340209960938,3.1579742900870884,2.8,1.2,4.5,3.0,10.0,0.6,0.01,0.06,0.55,0.16,0.2,0.35,1.5,12,10.0,14.0,0.9,1.2,0.6,0.01,0.06,0.65,0.3,0.72,0.005,0.38,0.22,0.01,0.14,1.0,0.28
lqr,ground_truth,curvy,400.0,0.05,0.1,1.0,54.849189538508654,22.64592742919922,130.41673278808594,18.56352767764263,0.8809167668018141,0.0653828585722933,-0.0049596048980546925,0.0653828585722933,0.0049596048980546925,0.008401026949286461,0.0068772927625104785,0.5785565972328186,0.0,19.444444444444443,370,365,5.080978870391846,RoadOption.STRAIGHT,12.617897033691406,130.39340209960938,3.1579742900870884,2.8,1.2,4.5,3.0,10.0,0.6,0.01,0.06,0.55,0.16,0.2,0.35,1.5,12,10.0,14.0,0.9,1.2,0.6,0.01,0.06,0.65,0.3,0.72,0.005,0.38,0.22,0.01,0.14,1.0,0.28
lqr,ground_truth,curvy,400.0,0.05,0.1,1.0,54.89918953925371,21.717758178710938,130.41494750976562,18.563339430580175,0.8811050138642678,0.0612448124833332,-0.004024036407109577,0.0612448124833332,0.004024036407109577,0.007429031189531088,-0.000971995759755373,0.5788888931274414,0.0,19.444444444444443,371,365,4.152848243713379,RoadOption.STRAIGHT,11.628546714782715,130.37619018554688,3.1599743240657383,2.8,1.2,4.5,3.0,10.0,0.6,0.01,0.06,0.55,0.16,0.2,0.35,1.5,12,10.0,14.0,0.9,1.2,0.6,0.01,0.06,0.65,0.3,0.72,0.005,0.38,0.22,0.01,0.14,1.0,0.28
lqr,ground_truth,curvy,400.0,0.05,0.1,1.0,54.94918953999877,20.789596557617188,130.41197204589844,18.563277249529573,0.8811671949148696,0.06573016830113149,-0.004524977008154352,0.06573016830113149,0.004524977008154352,0.009305245243012905,0.0018762140534818172,0.5787749290466309,0.0,19.444444444444443,372,366,4.2141242027282715,RoadOption.STRAIGHT,10.639232635498047,130.3570098876953,3.1619743580443878,2.8,1.2,4.5,3.0,10.0,0.6,0.01,0.06,0.55,0.16,0.2,0.35,1.5,12,10.0,14.0,0.9,1.2,0.6,0.01,0.06,0.65,0.3,0.72,0.005,0.38,0.22,0.01,0.14,1.0,0.28
lqr,ground_truth,curvy,400.0,0.05,0.1,1.0,54.99918954074383,19.861446380615234,130.40760803222656,18.563193914416352,0.8812505300280904,0.06989490612598992,-0.004589958138751626,0.06989490612598992,0.004589958138751626,0.008362113498151302,-0.0009431317448616028,0.5788503289222717,0.0,19.444444444444443,373,367,4.275396823883057,RoadOption.STRAIGHT,9.640340805053711,130.3365020751953,3.1621453329863707,2.8,1.2,4.5,3.0,10.0,0.6,0.01,0.06,0.55,0.16,0.2,0.35,1.5,12,10.0,14.0,0.9,1.2,0.6,0.01,0.06,0.65,0.3,0.72,0.005,0.38,0.22,0.01,0.14,1.0,0.28
lqr,ground_truth,curvy,400.0,0.05,0.1,1.0,55.049189541488886,18.933305740356445,130.40170288085938,18.563188201851833,0.8812562425926096,0.07383277680330799,-0.0043931505341952,0.07383277680330799,0.0043931505341952,0.005727763753384352,-0.0026343497447669506,0.5787606239318848,0.0,19.444444444444443,374,368,4.3366618156433105,RoadOption.STRAIGHT,8.640128135681152,130.31594848632812,3.162064639205341,2.8,1.2,4.5,3.0,10.0,0.6,0.01,0.06,0.55,0.16,0.2,0.35,1.5,12,10.0,14.0,0.9,1.2,0.6,0.01,0.06,0.65,0.3,0.72,0.005,0.38,0.22,0.01,0.14,1.0,0.28
lqr,ground_truth,curvy,400.0,0.05,0.1,1.0,55.099189542233944,18.005172729492188,130.3943634033203,18.56327659889669,0.8811678455477541,0.07751206045921272,-0.004288488303354043,0.07751206045921272,0.004288488303354043,0.00444882083684206,-0.0012789429165422916,0.5785946249961853,0.0,19.444444444444443,375,369,4.397916793823242,RoadOption.STRAIGHT,7.629819393157959,130.29627990722656,3.1600646052266916,2.8,1.2,4.5,3.0,10.0,0.6,0.01,0.06,0.55,0.16,0.2,0.35,1.5,12,10.0,14.0,0.9,1.2,0.6,0.01,0.06,0.65,0.3,0.72,0.005,0.38,0.22,0.01,0.14,1.0,0.28
lqr,ground_truth,curvy,400.0,0.05,0.1,1.0,55.149189542979,17.07704734802246,130.38563537597656,18.56335615233198,0.8810882921124623,0.08081059392745911,-0.004454136923158103,0.08081059392745911,0.004454136923158103,0.004901025909930468,0.0004522050730884075,0.5785574913024902,0.0,19.444444444444443,376,370,4.459157466888428,RoadOption.STRAIGHT,6.619473934173584,130.2786407470703,3.158064571248042,2.8,1.2,4.5,3.0,10.0,0.6,0.01,0.06,0.55,0.16,0.2,0.35,1.5,12,10.0,14.0,0.9,1.2,0.6,0.01,0.06,0.65,0.3,0.72,0.005,0.38,0.22,0.01,0.14,1.0,0.28
lqr,ground_truth,curvy,400.0,0.05,0.1,1.0,55.19918954372406,16.148935317993164,130.3754425048828,18.563368083495718,0.8810763609487253,0.08383516887427253,-0.004798749968214722,0.08383516887427253,0.004798749968214722,0.00625337939709425,0.0013523534871637821,0.5786315202713013,0.0,19.444444444444443,377,371,4.520389080047607,RoadOption.STRAIGHT,5.609095096588135,130.26300048828125,3.1560645372693927,2.8,1.2,4.5,3.0,10.0,0.6,0.01,0.06,0.55,0.16,0.2,0.35,1.5,12,10.0,14.0,0.9,1.2,0.6,0.01,0.06,0.65,0.3,0.72,0.005,0.38,0.22,0.01,0.14,1.0,0.28
lqr,ground_truth,curvy,400.0,0.05,0.1,1.0,55.24918954446912,15.220844268798828,130.36363220214844,18.563310482422164,0.8811339620222789,0.08675365007225236,-0.005122057724549656,0.08675365007225236,0.005122057724549656,0.0043122111819684505,-0.0019411682151257992,0.5787494778633118,0.0,19.444444444444443,378,372,4.5816168785095215,RoadOption.STRAIGHT,4.598687171936035,130.24937438964844,3.1540645032907433,2.8,1.2,4.5,3.0,10.0,0.6,0.01,0.06,0.55,0.16,0.2,0.35,1.5,12,10.0,14.0,0.9,1.2,0.6,0.01,0.06,0.65,0.3,0.72,0.005,0.38,0.22,0.01,0.14,1.0,0.28
lqr,ground_truth,curvy,400.0,0.05,0.1,1.0,55.299189545214176,14.292773246765137,130.350341796875,18.563333234052664,0.8811112103917793,0.08177642193901531,-0.0036980654896847653,0.08177642193901531,0.0036980654896847653,-0.005086331162601709,-0.00939854234457016,0.5786394476890564,0.0,19.444444444444443,379,373,4.652453422546387,RoadOption.STRAIGHT,3.5882537364959717,130.23777770996094,3.152064469312094,2.8,1.2,4.5,3.0,10.0,0.6,0.01,0.06,0.55,0.16,0.2,0.35,1.5,12,10.0,14.0,0.9,1.2,0.6,0.01,0.06,0.65,0.3,0.72,0.005,0.38,0.22,0.01,0.14,1.0,0.28
lqr,ground_truth,curvy,400.0,0.05,0.1,1.0,55.349189545959234,13.36470890045166,130.33645629882812,18.563375222459566,0.8810692219848768,0.07621127834636433,-0.0028969866337877903,0.07621127834636433,0.0028969866337877903,-0.011383560486137867,-0.006297229323536158,0.5785911679267883,0.0,19.444444444444443,380,374,4.724625587463379,RoadOption.STRAIGHT,2.577799081802368,130.22821044921875,3.150064701649553,2.8,1.2,4.5,3.0,10.0,0.6,0.01,0.06,0.55,0.16,0.2,0.35,1.5,12,10.0,14.0,0.9,1.2,0.6,0.01,0.06,0.65,0.3,0.72,0.005,0.38,0.22,0.01,0.14,1.0,0.28
lqr,ground_truth,curvy,400.0,0.05,0.1,1.0,55.39918954670429,12.436643600463867,130.32296752929688,18.563229263803507,0.8812151806409361,0.06210330578788806,-0.0015933692801946009,0.06210330578788806,0.0015933692801946009,-0.015451811254024506,-0.004068250767886639,0.5789042711257935,0.0,19.444444444444443,381,375,4.806898593902588,RoadOption.STRAIGHT,1.567327618598938,130.2206573486328,3.1480646676709036,2.8,1.2,4.5,3.0,10.0,0.6,0.01,0.06,0.55,0.16,0.2,0.35,1.5,12,10.0,14.0,0.9,1.2,0.6,0.01,0.06,0.65,0.3,0.72,0.005,0.38,0.22,0.01,0.14,1.0,0.28
lqr,ground_truth,curvy,400.0,0.05,0.1,1.0,55.44918954744935,11.508575439453125,130.31060791015625,18.56295821758212,0.8814862268623216,0.04856640926225431,-0.0017081515231769373,0.04856640926225431,0.0017081515231769373,-0.009843728505074978,0.005608082748949528,0.5792170166969299,0.0,19.444444444444443,382,376,4.889206409454346,RoadOption.STRAIGHT,0.5656337141990662,130.2144775390625,3.14773816412126,2.8,1.2,4.5,3.0,10.0,0.6,0.01,0.06,0.55,0.16,0.2,0.35,1.5,12,10.0,14.0,0.9,1.2,0.6,0.01,0.06,0.65,0.3,0.72,0.005,0.38,0.22,0.01,0.14,1.0,0.28
lqr,ground_truth,curvy,400.0,0.05,0.1,1.0,55.49918954819441,10.580492973327637,130.29942321777344,18.563085067391462,0.8813593770529806,0.03552406504715065,-0.0023957797166351824,0.03552406504715065,0.0023957797166351824,-0.00184320705011487,0.008000521454960108,0.5786634087562561,0.0,19.444444444444443,382,377,4.971531867980957,RoadOption.STRAIGHT,0.5656337141990662,130.2144775390625,3.14773816412126,2.8,1.2,4.5,3.0,10.0,0.6,0.01,0.06,0.55,0.16,0.2,0.35,1.5,12,10.0,14.0,0.9,1.2,0.6,0.01,0.06,0.65,0.3,0.72,0.005,0.38,0.22,0.01,0.14,1.0,0.28
lqr,ground_truth,curvy,400.0,0.05,0.1,1.0,55.54918954893947,9.652390480041504,130.28890991210938,18.563338078878967,0.8811063655654756,0.032605347305496704,-0.004545749664655929,0.032605347305496704,0.004545749664655929,0.006865496281534433,0.008708703331649303,0.5783601999282837,0.0,19.444444444444443,383,377,4.043378829956055,RoadOption.STRAIGHT,-0.4343474507331848,130.20834350585938,-3.1354468767422174,2.8,1.2,4.5,3.0,10.0,0.6,0.01,0.06,0.55,0.16,0.2,0.35,1.5,12,10.0,14.0,0.9,1.2,0.6,0.01,0.06,0.65,0.3,0.72,0.005,0.38,0.22,0.01,0.14,1.0,0.28
lqr,ground_truth,curvy,400.0,0.05,0.1,1.0,55.599189549684525,8.724282264709473,130.27838134765625,18.56335682181154,0.8810876226329043,0.0224477659561347,-0.0033459955935750685,0.0224477659561347,0.0033459955935750685,0.0008182384772226214,-0.006047257804311812,0.5786300897598267,0.0,19.444444444444443,384,378,4.125697612762451,RoadOption.STRAIGHT,-1.434328556060791,130.20217895507812,-3.1354468767422174,2.8,1.2,4.5,3.0,10.0,0.6,0.01,0.06,0.55,0.16,0.2,0.35,1.5,12,10.0,14.0,0.9,1.2,0.6,0.01,0.06,0.65,0.3,0.72,0.005,0.38,0.22,0.01,0.14,1.0,0.28
lqr,ground_truth,curvy,400.0,0.05,0.1,1.0,55.64918955042958,7.796167850494385,130.26817321777344,18.563444760470222,0.8809996839742205,0.013669854578792398,-0.0014495585813305567,0.013669854578792398,0.0014495585813305567,-0.008325597271323204,-0.009143835748545825,0.5784943103790283,0.0,19.444444444444443,385,379,4.208024501800537,RoadOption.STRAIGHT,-2.434309959411621,130.196044921875,-3.1354468767422174,2.8,1.2,4.5,3.0,10.0,0.6,0.01,0.06,0.55,0.16,0.2,0.35,1.5,12,10.0,14.0,0.9,1.2,0.6,0.01,0.06,0.65,0.3,0.72,0.005,0.38,0.22,0.01,0.14,1.0,0.28
lqr,ground_truth,curvy,400.0,0.05,0.1,1.0,55.69918955117464,6.868044853210449,130.25927734375,18.5632522718144,0.881192172630044,0.0052809539430379755,-0.00012410330679735182,0.0052809539430379755,0.00012410330679735182,-0.012253602035343647,-0.003928004764020443,0.5789462924003601,0.0,19.444444444444443,386,380,4.290359020233154,RoadOption.STRAIGHT,-3.434290885925293,130.18988037109375,-3.1354468767422174,2.8,1.2,4.5,3.0,10.0,0.6,0.01,0.06,0.55,0.16,0.2,0.35,1.5,12,10.0,14.0,0.9,1.2,0.6,0.01,0.06,0.65,0.3,0.72,0.005,0.38,0.22,0.01,0.14,1.0,0.28
lqr,ground_truth,curvy,400.0,0.05,0.1,1.0,55.7491895519197,5.939919948577881,130.25222778320312,18.562957982828227,0.8814864616162161,-0.003270491809984944,0.00016351809093073655,0.003270491809984944,0.00016351809093073655,-0.007052955217659473,0.005200646817684174,0.5792450308799744,0.0,19.444444444444443,387,381,4.372706890106201,RoadOption.STRAIGHT,-4.434271812438965,130.18374633789062,-3.1354468767422174,2.8,1.2,4.5,3.0,10.0,0.6,0.01,0.06,0.55,0.16,0.2,0.35,1.5,12,10.0,14.0,0.9,1.2,0.6,0.01,0.06,0.65,0.3,0.72,0.005,0.38,0.22,0.01,0.14,1.0,0.28
lqr,ground_truth,curvy,400.0,0.05,0.1,1.0,55.79918955266476,5.011785507202148,130.24667358398438,18.563075728855114,0.8813687155893284,-0.004871736267705713,-0.0016005598151380696,0.004871736267705713,0.0016005598151380696,0.007754223886877298,0.014807179104536772,0.5786799192428589,0.0,19.444444444444443,388,382,4.446268558502197,RoadOption.STRAIGHT,-5.434253215789795,130.1776123046875,-3.1354468767422174,2.8,1.2,4.5,3.0,10.0,0.6,0.01,0.06,0.55,0.16,0.2,0.35,1.5,12,10.0,14.0,0.9,1.2,0.6,0.01,0.06,0.65,0.3,0.72,0.005,0.38,0.22,0.01,0.14,1.0,0.28
lqr,ground_truth,curvy,400.0,0.05,0.1,1.0,55.849189553409815,4.083646297454834,130.24127197265625,18.563125910995733,0.8813185334487095,-0.005161438353147439,-0.002527073558376003,0.005161438353147439,0.002527073558376003,0.013200419023633003,0.005446195136755705,0.5787308812141418,0.0,19.444444444444443,389,383,4.51811408996582,RoadOption.STRAIGHT,-6.434234142303467,130.17144775390625,-3.1354468767422174,2.8,1.2,4.5,3.0,10.0,0.6,0.01,0.06,0.55,0.16,0.2,0.35,1.5,12,10.0,14.0,0.9,1.2,0.6,0.01,0.06,0.65,0.3,0.72,0.005,0.38,0.22,0.01,0.14,1.0,0.28
lqr,ground_truth,curvy,400.0,0.05,0.1,1.0,55.89918955415487,3.155515670776367,130.23509216308594,18.562990475779145,0.8814539686652978,-0.004704605623845705,-0.001697498878816539,0.004704605623845705,0.001697498878816539,0.006533864885568619,-0.0066665541380643845,0.5790349245071411,0.0,19.444444444444443,390,384,4.589962482452393,RoadOption.STRAIGHT,-7.434215068817139,130.16531372070312,-3.1354468767422174,2.8,1.2,4.5,3.0,10.0,0.6,0.01,0.06,0.55,0.16,0.2,0.35,1.5,12,10.0,14.0,0.9,1.2,0.6,0.01,0.06,0.65,0.3,0.72,0.005,0.38,0.22,0.01,0.14,1.0,0.28
lqr,ground_truth,curvy,400.0,0.05,0.1,1.0,55.94918955489993,2.2273848056793213,130.22840881347656,18.563201045981298,0.8812433984631447,-0.0037137249968413125,-0.00012010856516253554,0.0037137249968413125,0.00012010856516253554,-0.00321944709867239,-0.009753311984241009,0.5784933567047119,0.0,19.444444444444443,391,385,4.661807060241699,RoadOption.STRAIGHT,-8.434196472167969,130.15914916992188,-3.1354468767422174,2.8,1.2,4.5,3.0,10.0,0.6,0.01,0.06,0.55,0.16,0.2,0.35,1.5,12,10.0,14.0,0.9,1.2,0.6,0.01,0.06,0.65,0.3,0.72,0.005,0.38,0.22,0.01,0.14,1.0,0.28
lqr,ground_truth,curvy,400.0,0.05,0.1,1.0,55.99918955564499,1.2992429733276367,130.22201538085938,18.56333638043484,0.8811080640096023,-0.0030433432210614474,0.0008380967950478713,0.0030433432210614474,0.0008380967950478713,-0.007620080374181271,-0.004400633275508881,0.5785024166107178,0.0,19.444444444444443,392,386,4.733643531799316,RoadOption.STRAIGHT,-9.43417739868164,130.15301513671875,-3.1354468767422174,2.8,1.2,4.5,3.0,10.0,0.6,0.01,0.06,0.55,0.16,0.2,0.35,1.5,12,10.0,14.0,0.9,1.2,0.6,0.01,0.06,0.65,0.3,0.72,0.005,0.38,0.22,0.01,0.14,1.0,0.28
lqr,ground_truth,curvy,400.0,0.05,0.1,1.0,56.04918955639005,0.3710941970348358,130.21640014648438,18.56331483238948,0.8811296120549628,-0.0031206706648688534,0.0006593986859035894,0.0031206706648688534,0.0006593986859035894,-0.004315173719078302,0.003304906655102968,0.5787036418914795,0.0,19.444444444444443,393,387,4.805477619171143,RoadOption.STRAIGHT,-10.434158325195312,130.14688110351562,-3.1354468767422174,2.8,1.2,4.5,3.0,10.0,0.6,0.01,0.06,0.55,0.16,0.2,0.35,1.5,12,10.0,14.0,0.9,1.2,0.6,0.01,0.06,0.65,0.3,0.72,0.005,0.38,0.22,0.01,0.14,1.0,0.28
lqr,ground_truth,curvy,400.0,0.05,0.1,1.0,56.099189557135105,-0.5570599436759949,130.2112579345703,18.563409386471843,0.8810350579725998,-0.003671041674269432,-0.00011930961683548347,0.003671041674269432,0.00011930961683548347,0.0018575694411993027,0.006172743160277605,0.5785075426101685,0.0,19.444444444444443,394,388,4.877309799194336,RoadOption.STRAIGHT,-11.434139251708984,130.14071655273438,-3.1354468767422174,2.8,1.2,4.5,3.0,10.0,0.6,0.01,0.06,0.55,0.16,0.2,0.35,1.5,12,10.0,14.0,0.9,1.2,0.6,0.01,0.06,0.65,0.3,0.72,0.005,0.38,0.22,0.01,0.14,1.0,0.28
lqr,ground_truth,curvy,400.0,0.05,0.1,1.0,56.14918955788016,-1.4852176904678345,130.2060089111328,18.563481234070537,0.8809632103739062,-0.004145145271731973,-0.0006173207406803272,0.004145145271731973,0.0006173207406803272,0.004718915559351444,0.0028613461181521416,0.5784916877746582,0.0,19.444444444444443,395,389,4.9491376876831055,RoadOption.STRAIGHT,-12.434121131896973,130.13458251953125,-3.1354468767422174,2.8,1.2,4.5,3.0,10.0,0.6,0.01,0.06,0.55,0.16,0.2,0.35,1.5,12,10.0,14.0,0.9,1.2,0.6,0.01,0.06,0.65,0.3,0.72,0.005,0.38,0.22,0.01,0.14,1.0,0.28
lqr,ground_truth,curvy,400.0,0.05,0.1,1.0,56.19918955862522,-2.413374185562134,130.20033264160156,18.563478830573946,0.8809656138704973,-0.004161486149685072,-0.0004538026497495906,0.004161486149685072,0.0004538026497495906,0.0031540431082248688,-0.0015648724511265755,0.578582227230072,0.0,19.444444444444443,395,390,5.020963191986084,RoadOption.STRAIGHT,-12.434121131896973,130.13458251953125,-3.1354468767422174,2.8,1.2,4.5,3.0,10.0,0.6,0.01,0.06,0.55,0.16,0.2,0.35,1.5,12,10.0,14.0,0.9,1.2,0.6,0.01,0.06,0.65,0.3,0.72,0.005,0.38,0.22,0.01,0.14,1.0,0.28
lqr,ground_truth,curvy,400.0,0.05,0.1,1.0,56.24918955937028,-3.341529130935669,130.1942901611328,18.56350643650725,0.8809380079371927,-0.003823317060165716,9.773801200596566e-05,0.003823317060165716,9.773801200596566e-05,-0.0005096508539281785,-0.0036636939621530473,0.5785296559333801,0.0,19.444444444444443,396,390,4.0927886962890625,RoadOption.STRAIGHT,-13.434102058410645,130.12844848632812,-3.1354468767422174,2.8,1.2,4.5,3.0,10.0,0.6,0.01,0.06,0.55,0.16,0.2,0.35,1.5,12,10.0,14.0,0.9,1.2,0.6,0.01,0.06,0.65,0.3,0.72,0.005,0.38,0.22,0.01,0.14,1.0,0.28
lqr,ground_truth,curvy,400.0,0.05,0.1,1.0,56.29918956011534,-4.269685745239258,130.18821716308594,18.563536956588734,0.8809074878557084,-0.003473451718708293,0.0005182511481294227,0.003473451718708293,0.0005182511481294227,-0.0028954739682376385,-0.00238582311430946,0.5785078406333923,0.0,19.444444444444443,397,391,4.164612770080566,RoadOption.STRAIGHT,-14.434082984924316,130.12228393554688,-3.1354468767422174,2.8,1.2,4.5,3.0,10.0,0.6,0.01,0.06,0.55,0.16,0.2,0.35,1.5,12,10.0,14.0,0.9,1.2,0.6,0.01,0.06,0.65,0.3,0.72,0.005,0.38,0.22,0.01,0.14,1.0,0.28
lqr,ground_truth,curvy,400.0,0.05,0.1,1.0,56.349189560860395,-5.197843551635742,130.182373046875,18.563530609993983,0.8809138344504603,-0.0033219571457164324,0.0005123921937313369,0.0033219571457164324,0.0005123921937313369,-0.0021520243026316166,0.0007434496656060219,0.5785559415817261,0.0,19.444444444444443,398,392,4.236435890197754,RoadOption.STRAIGHT,-15.434063911437988,130.11614990234375,-3.1354468767422174,2.8,1.2,4.5,3.0,10.0,0.6,0.01,0.06,0.55,0.16,0.2,0.35,1.5,12,10.0,14.0,0.9,1.2,0.6,0.01,0.06,0.65,0.3,0.72,0.005,0.38,0.22,0.01,0.14,1.0,0.28
lqr,ground_truth,curvy,400.0,0.05,0.1,1.0,56.39918956160545,-6.126003265380859,130.17674255371094,18.56353287697898,0.8809115674654642,-0.0033840933073450985,0.00021065604222547663,0.0033840933073450985,0.00021065604222547663,0.00027250684797763824,0.002424531150609255,0.5785441994667053,0.0,19.444444444444443,399,393,4.308259010314941,RoadOption.STRAIGHT,-16.434045791625977,130.1099853515625,-3.1354468767422174,2.8,1.2,4.5,3.0,10.0,0.6,0.01,0.06,0.55,0.16,0.2,0.35,1.5,12,10.0,14.0,0.9,1.2,0.6,0.01,0.06,0.65,0.3,0.72,0.005,0.38,0.22,0.01,0.14,1.0,0.28
lqr,ground_truth,curvy,400.0,0.05,0.1,1.0,56.44918956235051,-7.054164409637451,130.1710968017578,18.56354044320309,0.8809040012413512,-0.0034614967614195226,-3.755057137011519e-05,0.0034614967614195226,3.755057137011519e-05,0.0016169633017852902,0.001344456453807652,0.5785332918167114,0.0,19.444444444444443,400,394,4.380080699920654,RoadOption.STRAIGHT,-17.43402671813965,130.10385131835938,-3.1354468767422174,2.8,1.2,4.5,3.0,10.0,0.6,0.01,0.06,0.55,0.16,0.2,0.35,1.5,12,10.0,14.0,0.9,1.2,0.6,0.01,0.06,0.65,0.3,0.72,0.005,0.38,0.22,0.01,0.14,1.0,0.28
lqr,ground_truth,curvy,400.0,0.05,0.1,1.0,56.49918956309557,-7.982322692871094,130.165283203125,18.563539885278452,0.880904559165991,-0.0033405162597049502,-4.340952576820101e-05,0.0033405162597049502,4.340952576820101e-05,0.001314904191531241,-0.0003020591102540493,0.5785434246063232,0.0,19.444444444444443,401,395,4.451904773712158,RoadOption.STRAIGHT,-18.43400764465332,130.09771728515625,-3.1354468767422174,2.8,1.2,4.5,3.0,10.0,0.6,0.01,0.06,0.55,0.16,0.2,0.35,1.5,12,10.0,14.0,0.9,1.2,0.6,0.01,0.06,0.65,0.3,0.72,0.005,0.38,0.22,0.01,0.14,1.0,0.28
lqr,ground_truth,curvy,400.0,0.05,0.1,1.0,56.54918956384063,-8.910481452941895,130.15936279296875,18.563542313202674,0.8809021312417684,-0.003112735043261712,0.00012889699676010835,0.003112735043261712,0.00012889699676010835,0.00010576024214969948,-0.0012091439493815415,0.5785383582115173,0.0,19.444444444444443,402,396,4.523726940155029,RoadOption.STRAIGHT,-19.433988571166992,130.091552734375,-3.1354468767422174,2.8,1.2,4.5,3.0,10.0,0.6,0.01,0.06,0.55,0.16,0.2,0.35,1.5,12,10.0,14.0,0.9,1.2,0.6,0.01,0.06,0.65,0.3,0.72,0.005,0.38,0.22,0.01,0.14,1.0,0.28
lqr,ground_truth,curvy,400.0,0.05,0.1,1.0,56.599189564585686,-9.838640213012695,130.1533966064453,18.563545160831882,0.8808992836125604,-0.00286969532592167,0.00029640982932610527,0.00286969532592167,0.00029640982932610527,-0.0010532293235883117,-0.0011589895657380112,0.5785361528396606,0.0,19.444444444444443,403,397,4.595548629760742,RoadOption.STRAIGHT,-20.433969497680664,130.08541870117188,-3.1354468767422174,2.8,1.2,4.5,3.0,10.0,0.6,0.01,0.06,0.55,0.16,0.2,0.35,1.5,12,10.0,14.0,0.9,1.2,0.6,0.01,0.06,0.65,0.3,0.72,0.005,0.38,0.22,0.01,0.14,1.0,0.28
lqr,ground_truth,curvy,400.0,0.05,0.1,1.0,56.649189565330744,-10.76679801940918,130.14749145507812,18.563542233248818,0.430902211195626,-0.002657166749342594,0.0003145193247386935,0.002657166749342594,0.0003145193247386935,-0.0008714763098396361,0.00018175301374867558,0.0,0.23145516216754913,18.994444444444444,404,398,4.66737174987793,RoadOption.STRAIGHT,-21.433950424194336,130.07928466796875,-3.1354468767422174,2.8,1.2,4.5,3.0,10.0,0.6,0.01,0.06,0.55,0.16,0.2,0.35,1.5,12,10.0,14.0,0.9,1.2,0.6,0.01,0.06,0.65,0.3,0.72,0.005,0.38,0.22,0.01,0.14,1.0,0.28
lqr,ground_truth,curvy,400.0,0.05,0.1,1.0,56.6991895660758,-11.694287300109863,130.14169311523438,18.528610517624006,0.015833926820437938,-0.0025778502359228954,0.00021065604222547663,0.0025778502359228954,0.00021065604222547663,-0.00021736948110628873,0.0006541068287333474,0.0,0.43858158588409424,18.544444444444444,405,399,4.739864826202393,RoadOption.STRAIGHT,-22.433931350708008,130.0731201171875,-3.1354468767422174,2.8,1.2,4.5,3.0,10.0,0.6,0.01,0.06,0.55,0.16,0.2,0.35,1.5,12,10.0,14.0,0.9,1.2,0.6,0.01,0.06,0.65,0.3,0.72,0.005,0.38,0.22,0.01,0.14,1.0,0.28
lqr,ground_truth,curvy,400.0,0.05,0.1,1.0,56.74918956682086,-12.616616249084473,130.13595581054688,18.376557972433872,-0.2821135279894271,-0.002497342537725364,9.427590258903606e-05,0.002497342537725364,9.427590258903606e-05,0.0004874643054790795,0.0007048337865853682,0.0,0.4769461154937744,18.094444444444445,406,400,4.8175177574157715,RoadOption.STRAIGHT,-23.43391227722168,130.06698608398438,-3.1354468767422174,2.8,1.2,4.5,3.0,10.0,0.6,0.01,0.06,0.55,0.16,0.2,0.35,1.5,12,10.0,14.0,0.9,1.2,0.6,0.01,0.06,0.65,0.3,0.72,0.005,0.38,0.22,0.01,0.14,1.0,0.28
lqr,ground_truth,curvy,400.0,0.05,0.1,1.0,56.79918956756592,-13.52822494506836,130.13023376464844,18.12969422350172,-0.4852497790572734,-0.00236620947254116,5.1399009038721744e-05,0.00236620947254116,5.1399009038721744e-05,0.0006982500199228525,0.00021078571444377303,0.0,0.4852970540523529,17.644444444444446,407,401,4.905890941619873,RoadOption.STRAIGHT,-24.433895111083984,130.06082153320312,-3.1354468767422174,2.8,1.2,4.5,3.0,10.0,0.6,0.01,0.06,0.55,0.16,0.2,0.35,1.5,12,10.0,14.0,0.9,1.2,0.6,0.01,0.06,0.65,0.3,0.72,0.005,0.38,0.22,0.01,0.14,1.0,0.28
lqr,ground_truth,curvy,400.0,0.05,0.1,1.0,56.849189568310976,-14.4257173538208,130.1245574951172,17.8278066163727,-0.6333621719282547,-0.002224613906733678,9.773801200596566e-05,0.002224613906733678,9.773801200596566e-05,0.000125867358292453,-0.0005723826616303995,0.0,0.5084525346755981,17.194444444444446,407,402,5.00838041305542,RoadOption.STRAIGHT,-24.433895111083984,130.06082153320312,-3.1354468767422174,2.8,1.2,4.5,3.0,10.0,0.6,0.01,0.06,0.55,0.16,0.2,0.35,1.5,12,10.0,14.0,0.9,1.2,0.6,0.01,0.06,0.65,0.3,0.72,0.005,0.38,0.22,0.01,0.14,1.0,0.28
lqr,ground_truth,curvy,400.0,0.05,0.1,1.0,56.899189569056034,-15.306962966918945,130.11898803710938,17.489278423663986,-0.7448339792195391,-0.002071165871618541,0.00016298545871284986,0.002071165871618541,0.00016298545871284986,-0.0003733724297489971,-0.0004992397880414501,0.0,0.531739354133606,16.744444444444447,408,402,4.12711763381958,RoadOption.STRAIGHT,-25.433876037597656,130.0546875,-3.1354468767422174,2.8,1.2,4.5,3.0,10.0,0.6,0.01,0.06,0.55,0.16,0.2,0.35,1.5,12,10.0,14.0,0.9,1.2,0.6,0.01,0.06,0.65,0.3,0.72,0.005,0.38,0.22,0.01,0.14,1.0,0.28
lqr,ground_truth,curvy,400.0,0.05,0.1,1.0,56.94918956980109,-16.17051887512207,130.113525390625,17.126488332165895,-0.8320438877214471,-0.001904107470150386,0.00018082863801671678,0.001904107470150386,0.00018082863801671678,-0.00042500789277255535,-5.163546302355826e-05,0.0,0.5553670525550842,16.294444444444448,409,403,4.263543605804443,RoadOption.STRAIGHT,-26.433856964111328,130.04855346679688,-3.1354468767422174,2.8,1.2,4.5,3.0,10.0,0.6,0.01,0.06,0.55,0.16,0.2,0.35,1.5,12,10.0,14.0,0.9,1.2,0.6,0.01,0.06,0.65,0.3,0.72,0.005,0.38,0.22,0.01,0.14,1.0,0.28
lqr,ground_truth,curvy,400.0,0.05,0.1,1.0,56.99918957054615,-17.015451431274414,130.10824584960938,16.747992879085594,-0.9035484346411451,-0.0018056968340895083,0.00014674017606353118,0.0018056968340895083,0.00014674017606353118,-4.492906737141311e-05,0.00038007882540114224,0.0,0.579875111579895,15.844444444444449,410,404,4.418594837188721,RoadOption.STRAIGHT,-27.433837890625,130.04238891601562,-3.1354468767422174,2.8,1.2,4.5,3.0,10.0,0.6,0.01,0.06,0.55,0.16,0.2,0.35,1.5,12,10.0,14.0,0.9,1.2,0.6,0.01,0.06,0.65,0.3,0.72,0.005,0.38,0.22,0.01,0.14,1.0,0.28
lqr,ground_truth,curvy,400.0,0.05,0.1,1.0,57.04918957129121,-17.84115219116211,130.1031036376953,16.3596102310265,-0.9651657865820518,-0.0017569361237160762,0.00010732539193014645,0.0017569361237160762,0.00010732539193014645,5.8166446251561865e-05,0.00010309551362297498,0.0,0.605463445186615,15.39444444444445,411,405,4.592877388000488,RoadOption.STRAIGHT,-28.433818817138672,130.0362548828125,-3.1354468767422174,2.8,1.2,4.5,3.0,10.0,0.6,0.01,0.06,0.55,0.16,0.2,0.35,1.5,12,10.0,14.0,0.9,1.2,0.6,0.01,0.06,0.65,0.3,0.72,0.005,0.38,0.22,0.01,0.14,1.0,0.28
lqr,ground_truth,curvy,400.0,0.05,0.1,1.0,57.099189572036266,-18.647254943847656,130.0980682373047,15.96529898571309,-1.0208545412686405,-0.0016640236971162854,8.788431597261948e-05,0.0016640236971162854,8.788431597261948e-05,0.00023725589562673122,0.00017908944937516935,0.0,0.6322728395462036,14.94444444444445,412,406,4.786758899688721,RoadOption.STRAIGHT,-29.43410873413086,130.0301055908203,-3.1354468767422174,2.8,1.2,4.5,3.0,10.0,0.6,0.01,0.06,0.55,0.16,0.2,0.35,1.5,12,10.0,14.0,0.9,1.2,0.6,0.01,0.06,0.65,0.3,0.72,0.005,0.38,0.22,0.01,0.14,1.0,0.28
lqr,ground_truth,curvy,400.0,0.05,0.1,1.0,57.149189572781324,-19.43354606628418,130.0931396484375,15.567740068673997,-1.0732956242295462,-0.0015866689645011763,9.64064314610269e-05,0.0015866689645011763,9.64064314610269e-05,2.777520967356395e-05,-0.00020948068595316727,0.0,0.6603769063949585,14.49444444444445,412,407,5.000453948974609,RoadOption.STRAIGHT,-29.43410873413086,130.0301055908203,-3.1354468767422174,2.8,1.2,4.5,3.0,10.0,0.6,0.01,0.06,0.55,0.16,0.2,0.35,1.5,12,10.0,14.0,0.9,1.2,0.6,0.01,0.06,0.65,0.3,0.72,0.005,0.38,0.22,0.01,0.14,1.0,0.28
lqr,ground_truth,curvy,400.0,0.05,0.1,1.0,57.19918957352638,-20.199918746948242,130.08831787109375,15.168730318967508,-1.124285874523057,-0.0014749085089874846,0.00011265171411034558,0.0014749085089874846,0.00011265171411034558,-0.0001475028257118538,-0.00017527803538541775,0.0,0.6897922158241272,14.044444444444451,413,407,4.234066009521484,RoadOption.STRAIGHT,-30.40340805053711,130.02146911621094,-3.117932597833311,2.8,1.2,4.5,3.0,10.0,0.6,0.01,0.06,0.55,0.16,0.2,0.35,1.5,12,10.0,14.0,0.9,1.2,0.6,0.01,0.06,0.65,0.3,0.72,0.005,0.38,0.22,0.01,0.14,1.0,0.28
lqr,ground_truth,curvy,400.0,0.05,0.1,1.0,57.24918957427144,-20.94633674621582,130.08364868164062,14.76944133673542,-1.1749968922909684,-0.00138139323729599,0.00011265171411034558,0.00138139323729599,0.00011265171411034558,-0.00012188609252916649,2.5616733182687312e-05,0.0,0.720471203327179,13.594444444444452,414,408,4.487633228302002,RoadOption.STRAIGHT,-31.311279296875,129.97637939453125,-3.0659847112941168,2.8,1.2,4.5,3.0,10.0,0.6,0.01,0.06,0.55,0.16,0.2,0.35,1.5,12,10.0,14.0,0.9,1.2,0.6,0.01,0.06,0.65,0.3,0.72,0.005,0.38,0.22,0.01,0.14,1.0,0.28
lqr,ground_truth,curvy,400.0,0.05,0.1,1.0,57.2991895750165,-21.672809600830078,130.07911682128906,14.370626025242482,-1.2261815807980287,-0.0013026268370851316,9.93359086600698e-05,0.0013026268370851316,9.93359086600698e-05,5.735245576943271e-05,0.0001792385482985992,0.0,0.7523635625839233,13.144444444444453,415,409,4.761146068572998,RoadOption.STRAIGHT,-32.215579986572266,129.8842010498047,-3.014037091071031,2.8,1.2,4.5,3.0,10.0,0.6,0.01,0.06,0.55,0.16,0.2,0.35,1.5,12,10.0,14.0,0.9,1.2,0.6,0.01,0.06,0.65,0.3,0.72,0.005,0.38,0.22,0.01,0.14,1.0,0.28
lqr,ground_truth,curvy,400.0,0.05,0.1,1.0,57.34918957576156,-22.379371643066406,130.07470703125,13.972731849953053,-1.0797430921652484,-0.0012540788064266811,9.161274149871446e-05,0.0012540788064266811,9.161274149871446e-05,-1.739315121085383e-05,-7.474560698028654e-05,0.0,0.4278925061225891,12.892988757787805,416,410,5.054570198059082,RoadOption.STRAIGHT,-33.11387634277344,129.7451934814453,-2.9620892045318366,2.8,1.2,4.5,3.0,10.0,0.6,0.01,0.06,0.55,0.16,0.2,0.35,1.5,12,10.0,14.0,0.9,1.2,0.6,0.01,0.06,0.65,0.3,0.72,0.005,0.38,0.22,0.01,0.14,1.0,0.28
pid,ground_truth,curvy,400.0,0.05,0.1,1.0,57.399189576506615,-9.875875473022461,-57.55167007446289,0.4899999797344208,18.954444464710022,0.04549653862999907,1.0194913535599426e-07,0.04549653862999907,1.0194913535599426e-07,0.6499999761581421,0.6499999761581421,1.0,0.0,19.444444444444443,11,0,0.5870656371116638,RoadOption.STRAIGHT,1.095213770866394,-57.46044921875,0.015969112844442135,2.8,1.2,4.5,3.0,10.0,0.6,0.01,0.06,0.55,0.16,0.2,0.35,1.5,12,10.0,14.0,0.9,1.2,0.6,0.01,0.06,0.65,0.3,0.72,0.005,0.38,0.22,0.01,0.14,1.0,0.28
pid,ground_truth,curvy,400.0,0.05,0.1,1.0,57.44918957725167,-9.875875473022461,-57.55167007446289,0.9800000786781311,18.46444436576631,0.050639856295309094,-0.000891353775065884,0.050639856295309094,0.000891353775065884,0.550000011920929,-0.09999996423721313,1.0,0.0,19.444444444444443,11,6,6.02096700668335,RoadOption.STRAIGHT,1.095213770866394,-57.46044921875,0.015969112844442135,2.8,1.2,4.5,3.0,10.0,0.6,0.01,0.06,0.55,0.16,0.2,0.35,1.5,12,10.0,14.0,0.9,1.2,0.6,0.01,0.06,0.65,0.3,0.72,0.005,0.38,0.22,0.01,0.14,1.0,0.28
pid,ground_truth,curvy,400.0,0.05,0.1,1.0,57.49918957799673,-9.875875473022461,-57.55167007446289,1.470000147819519,17.974444296624924,0.050639856295309094,-0.000891353775065884,0.050639856295309094,0.000891353775065884,0.44999998807907104,-0.10000002384185791,1.0,0.0,19.444444444444443,11,6,6.015523433685303,RoadOption.STRAIGHT,1.095213770866394,-57.46044921875,0.015969112844442135,2.8,1.2,4.5,3.0,10.0,0.6,0.01,0.06,0.55,0.16,0.2,0.35,1.5,12,10.0,14.0,0.9,1.2,0.6,0.01,0.06,0.65,0.3,0.72,0.005,0.38,0.22,0.01,0.14,1.0,0.28
pid,ground_truth,curvy,400.0,0.05,0.1,1.0,57.54918957874179,-9.875875473022461,-57.55167007446289,1.9600002765655518,17.48444416787889,0.050639856295309094,-0.000891353775065884,0.050639856295309094,0.000891353775065884,0.3499999940395355,-0.09999999403953552,1.0,0.0,19.444444444444443,11,6,6.009093761444092,RoadOption.STRAIGHT,1.095213770866394,-57.46044921875,0.015969112844442135,2.8,1.2,4.5,3.0,10.0,0.6,0.01,0.06,0.55,0.16,0.2,0.35,1.5,12,10.0,14.0,0.9,1.2,0.6,0.01,0.06,0.65,0.3,0.72,0.005,0.38,0.22,0.01,0.14,1.0,0.28
pid,ground_truth,curvy,400.0,0.05,0.1,1.0,57.59918957948685,-9.875875473022461,-57.55167007446289,2.450000286102295,16.994444158342148,0.050639856295309094,-0.000891353775065884,0.050639856295309094,0.000891353775065884,0.25,-0.09999999403953552,1.0,0.0,19.444444444444443,11,6,6.002754211425781,RoadOption.STRAIGHT,1.095213770866394,-57.46044921875,0.015969112844442135,2.8,1.2,4.5,3.0,10.0,0.6,0.01,0.06,0.55,0.16,0.2,0.35,1.5,12,10.0,14.0,0.9,1.2,0.6,0.01,0.06,0.65,0.3,0.72,0.005,0.38,0.22,0.01,0.14,1.0,0.28
pid,ground_truth,curvy,400.0,0.05,0.1,1.0,57.649189580231905,-9.875875473022461,-57.55167007446289,2.93999981880188,16.504444625642563,0.050639856295309094,-0.000891353775065884,0.050639856295309094,0.000891353775065884,0.15000000596046448,-0.09999999403953552,1.0,0.0,19.444444444444443,11,6,5.9978861808776855,RoadOption.STRAIGHT,1.095213770866394,-57.46044921875,0.015969112844442135,2.8,1.2,4.5,3.0,10.0,0.6,0.01,0.06,0.55,0.16,0.2,0.35,1.5,12,10.0,14.0,0.9,1.2,0.6,0.01,0.06,0.65,0.3,0.72,0.005,0.38,0.22,0.01,0.14,1.0,0.28
pid,ground_truth,curvy,400.0,0.05,0.1,1.0,57.69918958097696,-9.875874519348145,-57.55167007446289,2.0671517849072982,17.377292659537144,0.05063984551286746,-0.000891353775065884,0.05063984551286746,0.000891353775065884,0.05000000074505806,-0.10000000521540642,1.0,0.0,19.444444444444443,11,6,5.996154308319092,RoadOption.STRAIGHT,1.095213770866394,-57.46044921875,0.015969112844442135,2.8,1.2,4.5,3.0,10.0,0.6,0.01,0.06,0.55,0.16,0.2,0.35,1.5,12,10.0,14.0,0.9,1.2,0.6,0.01,0.06,0.65,0.3,0.72,0.005,0.38,0.22,0.01,0.14,1.0,0.28
pid,ground_truth,curvy,400.0,0.05,0.1,1.0,57.74918958172202,-9.875874519348145,-57.55167007446289,0.7392763495469044,18.705168094897537,0.05063984551286746,-0.000891353775065884,0.05063984551286746,0.000891353775065884,-0.0015166547382250428,-0.0515166554832831,1.0,0.0,19.444444444444443,11,6,5.996372222900391,RoadOption.STRAIGHT,1.095213770866394,-57.46044921875,0.015969112844442135,2.8,1.2,4.5,3.0,10.0,0.6,0.01,0.06,0.55,0.16,0.2,0.35,1.5,12,10.0,14.0,0.9,1.2,0.6,0.01,0.06,0.65,0.3,0.72,0.005,0.38,0.22,0.01,0.14,1.0,0.28
pid,ground_truth,curvy,400.0,0.05,0.1,1.0,57.79918958246708,-9.875874519348145,-57.55167007446289,0.11258020251995848,19.331864241924485,0.05063984551286746,-0.000891353775065884,0.05063984551286746,0.000891353775065884,-0.0015171798877418041,-5.25149516761303e-07,1.0,0.0,19.444444444444443,11,6,5.9965338706970215,RoadOption.STRAIGHT,1.095213770866394,-57.46044921875,0.015969112844442135,2.8,1.2,4.5,3.0,10.0,0.6,0.01,0.06,0.55,0.16,0.2,0.35,1.5,12,10.0,14.0,0.9,1.2,0.6,0.01,0.06,0.65,0.3,0.72,0.005,0.38,0.22,0.01,0.14,1.0,0.28
pid,ground_truth,curvy,400.0,0.05,0.1,1.0,57.84918958321214,-9.870336532592773,-57.55161666870117,0.3639852055514756,19.080459238892967,0.0506306342224927,-0.0008996033326611474,0.0506306342224927,0.0008996033326611474,-0.001454642741009593,6.253714673221111e-05,1.0,0.0,19.444444444444443,11,6,5.990961074829102,RoadOption.STRAIGHT,1.095213770866394,-57.46044921875,0.015969112844442135,2.8,1.2,4.5,3.0,10.0,0.6,0.01,0.06,0.55,0.16,0.2,0.35,1.5,12,10.0,14.0,0.9,1.2,0.6,0.01,0.06,0.65,0.3,0.72,0.005,0.38,0.22,0.01,0.14,1.0,0.28
pid,ground_truth,curvy,400.0,0.05,0.1,1.0,57.899189583957195,-9.825262069702148,-57.55118179321289,1.2428085925915633,18.20163585185288,0.050555860593539156,-0.0009288544121655029,0.050555860593539156,0.0009288544121655029,-0.0013146812561899424,0.00013996148481965065,1.0,0.0,19.444444444444443,11,6,5.945785045623779,RoadOption.STRAIGHT,1.095213770866394,-57.46044921875,0.015969112844442135,2.8,1.2,4.5,3.0,10.0,0.6,0.01,0.06,0.55,0.16,0.2,0.35,1.5,12,10.0,14.0,0.9,1.2,0.6,0.01,0.06,0.65,0.3,0.72,0.005,0.38,0.22,0.01,0.14,1.0,0.28
pid,ground_truth,curvy,400.0,0.05,0.1,1.0,57.94918958470225,-9.743999481201172,-57.55038833618164,1.9154856926275017,17.52895875181694,0.05043049505792515,-0.0009763367018664759,0.05043049505792515,0.0009763367018664759,-0.001190862851217389,0.00012381840497255325,1.0,0.0,19.444444444444443,11,6,5.864427089691162,RoadOption.STRAIGHT,1.095213770866394,-57.46044921875,0.015969112844442135,2.8,1.2,4.5,3.0,10.0,0.6,0.01,0.06,0.55,0.16,0.2,0.35,1.5,12,10.0,14.0,0.9,1.2,0.6,0.01,0.06,0.65,0.3,0.72,0.005,0.38,0.22,0.01,0.14,1.0,0.28
pid,ground_truth,curvy,400.0,0.05,0.1,1.0,57.99918958544731,-9.631292343139648,-57.549320220947266,2.48486785325363,16.959576591190814,0.0502242515046217,-0.0009543937109004474,0.0502242515046217,0.0009543937109004474,-0.0017544355941936374,-0.0005635727429762483,1.0,0.0,19.444444444444443,11,6,5.751650810241699,RoadOption.STRAIGHT,1.095213770866394,-57.46044921875,0.015969112844442135,2.8,1.2,4.5,3.0,10.0,0.6,0.01,0.06,0.55,0.16,0.2,0.35,1.5,12,10.0,14.0,0.9,1.2,0.6,0.01,0.06,0.65,0.3,0.72,0.005,0.38,0.22,0.01,0.14,1.0,0.28
pid,ground_truth,curvy,400.0,0.05,0.1,1.0,58.04918958619237,-9.492607116699219,-57.54800033569336,2.9634663138959856,16.480978130548458,0.0499760481684073,-0.0010515886877153768,0.0499760481684073,0.0010515886877153768,-0.0008190672961063683,0.0009353682980872691,1.0,0.0,19.444444444444443,11,6,5.612921714782715,RoadOption.STRAIGHT,1.095213770866394,-57.46044921875,0.015969112844442135,2.8,1.2,4.5,3.0,10.0,0.6,0.01,0.06,0.55,0.16,0.2,0.35,1.5,12,10.0,14.0,0.9,1.2,0.6,0.01,0.06,0.65,0.3,0.72,0.005,0.38,0.22,0.01,0.14,1.0,0.28
pid,ground_truth,curvy,400.0,0.05,0.1,1.0,58.09918958693743,-9.331741333007812,-57.546443939208984,3.3850948845829696,16.059349559861474,0.049713562918089454,-0.0011157167745263763,0.049713562918089454,0.0011157167745263763,-0.0010820042807608843,-0.000262936984654516,1.0,0.0,19.444444444444443,11,6,5.452029705047607,RoadOption.STRAIGHT,1.095213770866394,-57.46044921875,0.015969112844442135,2.8,1.2,4.5,3.0,10.0,0.6,0.01,0.06,0.55,0.16,0.2,0.35,1.5,12,10.0,14.0,0.9,1.2,0.6,0.01,0.06,0.65,0.3,0.72,0.005,0.38,0.22,0.01,0.14,1.0,0.28
pid,ground_truth,curvy,400.0,0.05,0.1,1.0,58.149189587682486,-9.150826454162598,-57.54469680786133,3.7733304622321695,15.671113982212272,0.04941512106942218,-0.0011872767452545396,0.04941512106942218,0.0011872767452545396,-0.0010161965619772673,6.580771878361702e-05,1.0,0.0,19.444444444444443,11,6,5.271098613739014,RoadOption.STRAIGHT,1.095213770866394,-57.46044921875,0.015969112844442135,2.8,1.2,4.5,3.0,10.0,0.6,0.01,0.06,0.55,0.16,0.2,0.35,1.5,12,10.0,14.0,0.9,1.2,0.6,0.01,0.06,0.65,0.3,0.72,0.005,0.38,0.22,0.01,0.14,1.0,0.28
pid,ground_truth,curvy,400.0,0.05,0.1,1.0,58.199189588427544,-8.951104164123535,-57.542781829833984,4.142028034850217,15.302416409594226,0.04907187464076324,-0.0012659034555473347,0.04907187464076324,0.0012659034555473347,-0.0009425145690329373,7.368199294432998e-05,1.0,0.0,19.444444444444443,11,6,5.071366786956787,RoadOption.STRAIGHT,1.095213770866394,-57.46044921875,0.015969112844442135,2.8,1.2,4.5,3.0,10.0,0.6,0.01,0.06,0.55,0.16,0.2,0.35,1.5,12,10.0,14.0,0.9,1.2,0.6,0.01,0.06,0.65,0.3,0.72,0.005,0.38,0.22,0.01,0.14,1.0,0.28
pid,ground_truth,curvy,400.0,0.05,0.1,1.0,58.2491895891726,-8.733308792114258,-57.54070281982422,4.499058297540632,14.945386146903811,0.048688311658726946,-0.0013461249416022447,0.048688311658726946,0.0013461249416022447,0.0050807613879442215,0.006023275956977159,1.0,0.0,19.444444444444443,12,6,4.853565216064453,RoadOption.STRAIGHT,2.0950863361358643,-57.444480895996094,0.015969112844442135,2.8,1.2,4.5,3.0,10.0,0.6,0.01,0.06,0.55,0.16,0.2,0.35,1.5,12,10.0,14.0,0.9,1.2,0.6,0.01,0.06,0.65,0.3,0.72,0.005,0.38,0.22,0.01,0.14,1.0,0.28
pid,ground_truth,curvy,400.0,0.05,0.1,1.0,58.29918958991766,-8.497886657714844,-57.5380859375,4.8488784897769355,14.595565954667507,0.05887667808542307,-0.003105775342358452,0.05887667808542307,0.003105775342358452,-0.0031904515344649553,-0.008271212922409177,1.0,0.0,19.444444444444443,12,7,5.607583999633789,RoadOption.STRAIGHT,2.0950863361358643,-57.444480895996094,0.015969112844442135,2.8,1.2,4.5,3.0,10.0,0.6,0.01,0.06,0.55,0.16,0.2,0.35,1.5,12,10.0,14.0,0.9,1.2,0.6,0.01,0.06,0.65,0.3,0.72,0.005,0.38,0.22,0.01,0.14,1.0,0.28
pid,ground_truth,curvy,400.0,0.05,0.1,1.0,58.34918959066272,-8.245100975036621,-57.5355224609375,5.193840769259849,14.250603675184593,0.0580763382267365,-0.003134369994266084,0.0580763382267365,0.003134369994266084,-0.001014183508232236,0.0021762680262327194,1.0,0.0,19.444444444444443,12,7,5.354791641235352,RoadOption.STRAIGHT,2.0950863361358643,-57.444480895996094,0.015969112844442135,2.8,1.2,4.5,3.0,10.0,0.6,0.01,0.06,0.55,0.16,0.2,0.35,1.5,12,10.0,14.0,0.9,1.2,0.6,0.01,0.06,0.65,0.3,0.72,0.005,0.38,0.22,0.01,0.14,1.0,0.28
pid,ground_truth,curvy,400.0,0.05,0.1,1.0,58.399189591407776,-7.975427150726318,-57.53293228149414,5.507151142343978,13.937293302100464,0.0570779837235348,-0.0032677267455545334,0.0570779837235348,0.0032677267455545334,-5.7695044233696535e-05,0.0009564884639985394,1.0,0.0,19.444444444444443,12,7,5.085113048553467,RoadOption.STRAIGHT,2.0950863361358643,-57.444480895996094,0.015969112844442135,2.8,1.2,4.5,3.0,10.0,0.6,0.01,0.06,0.55,0.16,0.2,0.35,1.5,12,10.0,14.0,0.9,1.2,0.6,0.01,0.06,0.65,0.3,0.72,0.005,0.38,0.22,0.01,0.14,1.0,0.28
pid,ground_truth,curvy,400.0,0.05,0.1,1.0,58.449189592152834,-7.697476863861084,-57.53022766113281,5.619593051671762,13.82485139277268,0.05608393263706118,-0.00334127888561353,0.05608393263706118,0.00334127888561353,0.00458458811044693,0.0046422831546806265,1.0,0.0,19.444444444444443,13,7,4.807158470153809,RoadOption.STRAIGHT,3.1059606075286865,-57.42900085449219,6.297060376458899,2.8,1.2,4.5,3.0,10.0,0.6,0.01,0.06,0.55,0.16,0.2,0.35,1.5,12,10.0,14.0,0.9,1.2,0.6,0.01,0.06,0.65,0.3,0.72,0.005,0.38,0.22,0.01,0.14,1.0,0.28
pid,ground_truth,curvy,400.0,0.05,0.1,1.0,58.49918959289789,-7.412543296813965,-57.52717590332031,5.7685786982828375,13.675865746161605,0.06536775676125436,-0.005153778469845882,0.06536775676125436,0.005153778469845882,-0.002292547607794404,-0.006877135718241334,1.0,0.0,19.444444444444443,13,8,5.511650085449219,RoadOption.STRAIGHT,3.1059606075286865,-57.42900085449219,6.297060376458899,2.8,1.2,4.5,3.0,10.0,0.6,0.01,0.06,0.55,0.16,0.2,0.35,1.5,12,10.0,14.0,0.9,1.2,0.6,0.01,0.06,0.65,0.3,0.72,0.005,0.38,0.22,0.01,0.14,1.0,0.28
pid,ground_truth,curvy,400.0,0.05,0.1,1.0,58.54918959364295,-7.1163506507873535,-57.52412033081055,6.035169643634485,13.409274800809957,0.0638895490718877,-0.005087955738731331,0.0638895490718877,0.005087955738731331,-0.0013775870902463794,0.0009149605175480247,1.0,0.0,19.444444444444443,13,8,5.21544885635376,RoadOption.STRAIGHT,3.1059606075286865,-57.42900085449219,6.297060376458899,2.8,1.2,4.5,3.0,10.0,0.6,0.01,0.06,0.55,0.16,0.2,0.35,1.5,12,10.0,14.0,0.9,1.2,0.6,0.01,0.06,0.65,0.3,0.72,0.005,0.38,0.22,0.01,0.14,1.0,0.28
pid,ground_truth,curvy,400.0,0.05,0.1,1.0,58.59918959438801,-6.806581497192383,-57.521121978759766,6.3062822716320435,13.1381621728124,0.06214633029352268,-0.005103409355135202,0.06214633029352268,0.005103409355135202,0.0016260567354038358,0.003003643825650215,1.0,0.0,19.444444444444443,14,8,4.905672550201416,RoadOption.STRAIGHT,4.123607158660889,-57.41658020019531,6.293684553461115,2.8,1.2,4.5,3.0,10.0,0.6,0.01,0.06,0.55,0.16,0.2,0.35,1.5,12,10.0,14.0,0.9,1.2,0.6,0.01,0.06,0.65,0.3,0.72,0.005,0.38,0.22,0.01,0.14,1.0,0.28
pid,ground_truth,curvy,400.0,0.05,0.1,1.0,58.649189595133066,-6.479969501495361,-57.51777648925781,6.714336297642766,12.730108146801676,0.06363600260397051,-0.005833865548170447,0.06363600260397051,0.005833865548170447,-7.39174647605978e-05,-0.0016999742001644336,1.0,0.0,19.444444444444443,14,9,5.575496673583984,RoadOption.STRAIGHT,4.123607158660889,-57.41658020019531,6.293684553461115,2.8,1.2,4.5,3.0,10.0,0.6,0.01,0.06,0.55,0.16,0.2,0.35,1.5,12,10.0,14.0,0.9,1.2,0.6,0.01,0.06,0.65,0.3,0.72,0.005,0.38,0.22,0.01,0.14,1.0,0.28
pid,ground_truth,curvy,400.0,0.05,0.1,1.0,58.699189595878124,-6.1351752281188965,-57.51422882080078,7.01082954504505,12.433614899399393,0.06167739407697162,-0.0058160681419483495,0.06167739407697162,0.0058160681419483495,-0.000785064185038209,-0.0007111467202776112,1.0,0.0,19.444444444444443,14,9,5.230690002441406,RoadOption.STRAIGHT,4.123607158660889,-57.41658020019531,6.293684553461115,2.8,1.2,4.5,3.0,10.0,0.6,0.01,0.06,0.55,0.16,0.2,0.35,1.5,12,10.0,14.0,0.9,1.2,0.6,0.01,0.06,0.65,0.3,0.72,0.005,0.38,0.22,0.01,0.14,1.0,0.28
pid,ground_truth,curvy,400.0,0.05,0.1,1.0,58.74918959662318,-5.773270606994629,-57.51061248779297,7.387074129406362,12.057370315038082,0.059514215884785907,-0.005755567571824827,0.059514215884785907,0.005755567571824827,-0.0016584839904680848,-0.0008734198054298759,1.0,0.0,19.444444444444443,15,9,4.868773460388184,RoadOption.STRAIGHT,5.1412882804870605,-57.40763473510742,6.29030873046333,2.8,1.2,4.5,3.0,10.0,0.6,0.01,0.06,0.55,0.16,0.2,0.35,1.5,12,10.0,14.0,0.9,1.2,0.6,0.01,0.06,0.65,0.3,0.72,0.005,0.38,0.22,0.01,0.14,1.0,0.28
pid,ground_truth,curvy,400.0,0.05,0.1,1.0,58.79918959736824,-5.393487453460693,-57.50689697265625,7.736927456224949,11.707516988219494,0.05717245434691212,-0.005965917766643791,0.05717245434691212,0.005965917766643791,0.001082769245840609,0.002741253236308694,1.0,0.0,19.444444444444443,15,10,5.488913536071777,RoadOption.STRAIGHT,5.1412882804870605,-57.40763473510742,6.29030873046333,2.8,1.2,4.5,3.0,10.0,0.6,0.01,0.06,0.55,0.16,0.2,0.35,1.5,12,10.0,14.0,0.9,1.2,0.6,0.01,0.06,0.65,0.3,0.72,0.005,0.38,0.22,0.01,0.14,1.0,0.28
pid,ground_truth,curvy,400.0,0.05,0.1,1.0,58.8491895981133,-4.994614601135254,-57.5029182434082,8.136586922790702,11.307857521653741,0.054781301423219644,-0.006102444303807797,0.054781301423219644,0.006102444303807797,0.0005347513942979276,-0.0005480178515426815,1.0,0.0,19.444444444444443,15,10,5.090024948120117,RoadOption.STRAIGHT,5.1412882804870605,-57.40763473510742,6.29030873046333,2.8,1.2,4.5,3.0,10.0,0.6,0.01,0.06,0.55,0.16,0.2,0.35,1.5,12,10.0,14.0,0.9,1.2,0.6,0.01,0.06,0.65,0.3,0.72,0.005,0.38,0.22,0.01,0.14,1.0,0.28
pid,ground_truth,curvy,400.0,0.05,0.1,1.0,58.89918959885836,-4.5771708488464355,-57.49872589111328,8.490818427028666,10.953626017415777,0.0523071961158566,-0.005999103250539761,0.0523071961158566,0.005999103250539761,-0.004535279702395201,-0.005070031096693128,1.0,0.0,19.444444444444443,16,10,4.672565460205078,RoadOption.STRAIGHT,6.158995628356934,-57.40210723876953,6.286932907465546,2.8,1.2,4.5,3.0,10.0,0.6,0.01,0.06,0.55,0.16,0.2,0.35,1.5,12,10.0,14.0,0.9,1.2,0.6,0.01,0.06,0.65,0.3,0.72,0.005,0.38,0.22,0.01,0.14,1.0,0.28
pid,ground_truth,curvy,400.0,0.05,0.1,1.0,58.949189599603415,-4.140720844268799,-57.494667053222656,8.888289512601887,10.556154931842556,0.049396205446616645,-0.006237630938048522,0.049396205446616645,0.006237630938048522,0.001177861588075757,0.005713141290470958,1.0,0.0,19.444444444444443,16,11,5.23604679107666,RoadOption.STRAIGHT,6.158995628356934,-57.40210723876953,6.286932907465546,2.8,1.2,4.5,3.0,10.0,0.6,0.01,0.06,0.55,0.16,0.2,0.35,1.5,12,10.0,14.0,0.9,1.2,0.6,0.01,0.06,0.65,0.3,0.72,0.005,0.38,0.22,0.01,0.14,1.0,0.28
pid,ground_truth,curvy,400.0,0.05,0.1,1.0,58.99918960034847,-3.6852195262908936,-57.490394592285156,9.262346443953382,10.182098000491061,0.046394478836749506,-0.006409542147602032,0.046394478836749506,0.006409542147602032,-0.0046315547078847885,-0.0058094162959605455,1.0,0.0,19.444444444444443,17,11,4.780527114868164,RoadOption.STRAIGHT,7.176715850830078,-57.399993896484375,6.283557084467762,2.8,1.2,4.5,3.0,10.0,0.6,0.01,0.06,0.55,0.16,0.2,0.35,1.5,12,10.0,14.0,0.9,1.2,0.6,0.01,0.06,0.65,0.3,0.72,0.005,0.38,0.22,0.01,0.14,1.0,0.28
pid,ground_truth,curvy,400.0,0.05,0.1,1.0,59.04918960109353,-3.209491491317749,-57.48622512817383,9.67755488936253,9.766889555081914,0.042966891998677155,-0.006763619817501176,0.042966891998677155,0.006763619817501176,0.0018850644119083881,0.006516619119793177,1.0,0.0,19.444444444444443,17,12,5.304742336273193,RoadOption.STRAIGHT,7.176715850830078,-57.399993896484375,6.283557084467762,2.8,1.2,4.5,3.0,10.0,0.6,0.01,0.06,0.55,0.16,0.2,0.35,1.5,12,10.0,14.0,0.9,1.2,0.6,0.01,0.06,0.65,0.3,0.72,0.005,0.38,0.22,0.01,0.14,1.0,0.28
pid,ground_truth,curvy,400.0,0.05,0.1,1.0,59.09918960183859,-2.7142107486724854,-57.4818000793457,10.05701951661423,9.387424927830212,0.03948251870130997,-0.006929029168925016,0.03948251870130997,0.006929029168925016,-0.006128007546067238,-0.008013071957975626,1.0,0.0,19.444444444444443,18,12,4.809442043304443,RoadOption.STRAIGHT,8.181218147277832,-57.40031433105469,6.28277624563615,2.8,1.2,4.5,3.0,10.0,0.6,0.01,0.06,0.55,0.16,0.2,0.35,1.5,12,10.0,14.0,0.9,1.2,0.6,0.01,0.06,0.65,0.3,0.72,0.005,0.38,0.22,0.01,0.14,1.0,0.28
pid,ground_truth,curvy,400.0,0.05,0.1,1.0,59.14918960258365,-2.2002358436584473,-57.47761154174805,10.425667882376139,9.018776562068304,0.02501547295319332,-0.005284696764261021,0.02501547295319332,0.005284696764261021,0.002339047146961093,0.00846705469302833,1.0,0.0,19.444444444444443,18,13,5.3064188957214355,RoadOption.STRAIGHT,8.181218147277832,-57.40031433105469,6.28277624563615,2.8,1.2,4.5,3.0,10.0,0.6,0.01,0.06,0.55,0.16,0.2,0.35,1.5,12,10.0,14.0,0.9,1.2,0.6,0.01,0.06,0.65,0.3,0.72,0.005,0.38,0.22,0.01,0.14,1.0,0.28
pid,ground_truth,curvy,400.0,0.05,0.1,1.0,59.199189603328705,-1.668336033821106,-57.47322463989258,10.779222920235034,8.665221524209409,0.02202204262550877,-0.005524365137759446,0.02202204262550877,0.005524365137759446,-0.005182263907045126,-0.007521311054006219,0.9663946032524109,0.0,19.444444444444443,19,13,4.774501800537109,RoadOption.STRAIGHT,9.181218147277832,-57.40072250366211,6.28277624563615,2.8,1.2,4.5,3.0,10.0,0.6,0.01,0.06,0.55,0.16,0.2,0.35,1.5,12,10.0,14.0,0.9,1.2,0.6,0.01,0.06,0.65,0.3,0.72,0.005,0.38,0.22,0.01,0.14,1.0,0.28
pid,ground_truth,curvy,400.0,0.05,0.1,1.0,59.24918960407376,-1.119072437286377,-57.46900939941406,11.12151086353313,8.322933580911313,0.002616863466284411,-0.0025515673583242915,0.002616863466284411,0.0025515673583242915,0.0017093191854655743,0.0068915830925107,0.9226391315460205,0.0,19.444444444444443,19,14,5.242941856384277,RoadOption.STRAIGHT,9.181218147277832,-57.40072250366211,6.28277624563615,2.8,1.2,4.5,3.0,10.0,0.6,0.01,0.06,0.55,0.16,0.2,0.35,1.5,12,10.0,14.0,0.9,1.2,0.6,0.01,0.06,0.65,0.3,0.72,0.005,0.38,0.22,0.01,0.14,1.0,0.28
pid,ground_truth,curvy,400.0,0.05,0.1,1.0,59.29918960481882,-0.5531712174415588,-57.46467208862305,11.447531382865717,7.996913061578725,0.001012508080849149,-0.0027960902791770437,0.001012508080849149,0.0027960902791770437,-0.004826095886528492,-0.006535415071994066,0.8964633941650391,0.0,19.444444444444443,20,14,4.67702579498291,RoadOption.STRAIGHT,10.181218147277832,-57.40113067626953,6.28277624563615,2.8,1.2,4.5,3.0,10.0,0.6,0.01,0.06,0.55,0.16,0.2,0.35,1.5,12,10.0,14.0,0.9,1.2,0.6,0.01,0.06,0.65,0.3,0.72,0.005,0.38,0.22,0.01,0.14,1.0,0.28
pid,ground_truth,curvy,400.0,0.05,0.1,1.0,59.34918960556388,0.028475837782025337,-57.46055603027344,11.755165343950425,7.6892791004940175,-0.016499533291403738,0.0001709603778206059,0.016499533291403738,0.0001709603778206059,0.0015619266778230667,0.006388022564351559,0.8802663087844849,0.0,19.444444444444443,20,15,5.113086700439453,RoadOption.STRAIGHT,10.181218147277832,-57.40113067626953,6.28277624563615,2.8,1.2,4.5,3.0,10.0,0.6,0.01,0.06,0.55,0.16,0.2,0.35,1.5,12,10.0,14.0,0.9,1.2,0.6,0.01,0.06,0.65,0.3,0.72,0.005,0.38,0.22,0.01,0.14,1.0,0.28
pid,ground_truth,curvy,400.0,0.05,0.1,1.0,59.39918960630894,0.6249772310256958,-57.45634460449219,12.04564030931185,7.398804135132593,-0.016537310338005692,-8.324042882179583e-05,0.016537310338005692,8.324042882179583e-05,-0.004428443033248186,-0.005990369711071253,0.8644070029258728,0.0,19.444444444444443,21,15,4.516573905944824,RoadOption.STRAIGHT,11.181218147277832,-57.40153884887695,6.28277624563615,2.8,1.2,4.5,3.0,10.0,0.6,0.01,0.06,0.55,0.16,0.2,0.35,1.5,12,10.0,14.0,0.9,1.2,0.6,0.01,0.06,0.65,0.3,0.72,0.005,0.38,0.22,0.01,0.14,1.0,0.28
pid,ground_truth,curvy,400.0,0.05,0.1,1.0,59.449189607053995,1.2355341911315918,-57.452362060546875,12.320736662864599,7.123707781579844,-0.03180334657514135,0.002898370749346846,0.03180334657514135,0.002898370749346846,-0.0029289887752383947,0.0014994542580097914,0.8469459414482117,0.0,19.444444444444443,22,16,4.923717975616455,RoadOption.STRAIGHT,12.181214332580566,-57.401947021484375,6.28277624563615,2.8,1.2,4.5,3.0,10.0,0.6,0.01,0.06,0.55,0.16,0.2,0.35,1.5,12,10.0,14.0,0.9,1.2,0.6,0.01,0.06,0.65,0.3,0.72,0.005,0.38,0.22,0.01,0.14,1.0,0.28
pid,ground_truth,curvy,400.0,0.05,0.1,1.0,59.49918960779905,1.8594205379486084,-57.44871139526367,12.581682121442743,6.8627623230017,-0.046740645826160124,0.005692323217570738,0.046740645826160124,0.005692323217570738,0.002742133103311062,0.005671121878549457,0.8291604518890381,0.0,19.444444444444443,22,17,5.31751823425293,RoadOption.STRAIGHT,12.181214332580566,-57.401947021484375,6.28277624563615,2.8,1.2,4.5,3.0,10.0,0.6,0.01,0.06,0.55,0.16,0.2,0.35,1.5,12,10.0,14.0,0.9,1.2,0.6,0.01,0.06,0.65,0.3,0.72,0.005,0.38,0.22,0.01,0.14,1.0,0.28
pid,ground_truth,curvy,400.0,0.05,0.1,1.0,59.54918960854411,2.4959394931793213,-57.44482421875,12.828918471154262,6.615525973290181,-0.04309011286672423,0.005508483439016665,0.04309011286672423,0.005508483439016665,-0.004205349367111921,-0.006947482470422983,0.8131539225578308,0.0,19.444444444444443,23,17,4.6809916496276855,RoadOption.STRAIGHT,13.181214332580566,-57.4023551940918,6.28277624563615,2.8,1.2,4.5,3.0,10.0,0.6,0.01,0.06,0.55,0.16,0.2,0.35,1.5,12,10.0,14.0,0.9,1.2,0.6,0.01,0.06,0.65,0.3,0.72,0.005,0.38,0.22,0.01,0.14,1.0,0.28
pid,ground_truth,curvy,400.0,0.05,0.1,1.0,59.59918960928917,3.1444239616394043,-57.44117736816406,13.062965258623594,6.381479185820849,-0.04292339243663133,0.005986494847253887,0.04292339243663133,0.005986494847253887,0.00025680329417809844,0.00446215266129002,0.7985944151878357,0.0,19.444444444444443,23,18,5.036960124969482,RoadOption.STRAIGHT,13.181214332580566,-57.4023551940918,6.28277624563615,2.8,1.2,4.5,3.0,10.0,0.6,0.01,0.06,0.55,0.16,0.2,0.35,1.5,12,10.0,14.0,0.9,1.2,0.6,0.01,0.06,0.65,0.3,0.72,0.005,0.38,0.22,0.01,0.14,1.0,0.28
pid,ground_truth,curvy,400.0,0.05,0.1,1.0,59.64918961003423,3.8042361736297607,-57.437644958496094,13.28457239759491,6.159872046849532,-0.03912107926991609,0.005690727401511886,0.03912107926991609,0.005690727401511886,-0.0029887338168919086,-0.003245537111070007,0.7846718430519104,0.0,19.444444444444443,24,18,4.377140998840332,RoadOption.STRAIGHT,14.181214332580566,-57.40276336669922,6.28277624563615,2.8,1.2,4.5,3.0,10.0,0.6,0.01,0.06,0.55,0.16,0.2,0.35,1.5,12,10.0,14.0,0.9,1.2,0.6,0.01,0.06,0.65,0.3,0.72,0.005,0.38,0.22,0.01,0.14,1.0,0.28
pid,ground_truth,curvy,400.0,0.05,0.1,1.0,59.699189610779285,4.474771022796631,-57.434326171875,13.494295148231268,5.950149296213175,-0.03552889187256884,0.005324807507288476,0.03552889187256884,0.005324807507288476,-0.0021022723522037268,0.0008864614646881819,0.7718091607093811,0.0,19.444444444444443,25,19,4.706567287445068,RoadOption.STRAIGHT,15.181214332580566,-57.403175354003906,6.28277624563615,2.8,1.2,4.5,3.0,10.0,0.6,0.01,0.06,0.55,0.16,0.2,0.35,1.5,12,10.0,14.0,0.9,1.2,0.6,0.01,0.06,0.65,0.3,0.72,0.005,0.38,0.22,0.01,0.14,1.0,0.28
pid,ground_truth,curvy,400.0,0.05,0.1,1.0,59.74918961152434,5.155455589294434,-57.43129348754883,13.692810132984178,5.751634311460265,-0.03221865488728546,0.004860111384354049,0.03221865488728546,0.004860111384354049,0.0015441600698977709,0.0036464324221014977,0.7595176100730896,0.0,19.444444444444443,25,20,5.025853157043457,RoadOption.STRAIGHT,15.181214332580566,-57.403175354003906,6.28277624563615,2.8,1.2,4.5,3.0,10.0,0.6,0.01,0.06,0.55,0.16,0.2,0.35,1.5,12,10.0,14.0,0.9,1.2,0.6,0.01,0.06,0.65,0.3,0.72,0.005,0.38,0.22,0.01,0.14,1.0,0.28
pid,ground_truth,curvy,400.0,0.05,0.1,1.0,59.7991896122694,5.845744609832764,-57.42818832397461,13.880667085408847,5.563777359035596,-0.028831120888578407,0.004661452830824864,0.028831120888578407,0.004661452830824864,-0.0030645239166915417,-0.0046086839865893126,0.7480315566062927,0.0,19.444444444444443,26,20,4.3355584144592285,RoadOption.STRAIGHT,16.181215286254883,-57.40358352661133,6.28277624563615,2.8,1.2,4.5,3.0,10.0,0.6,0.01,0.06,0.55,0.16,0.2,0.35,1.5,12,10.0,14.0,0.9,1.2,0.6,0.01,0.06,0.65,0.3,0.72,0.005,0.38,0.22,0.01,0.14,1.0,0.28
pid,ground_truth,curvy,400.0,0.05,0.1,1.0,59.84918961301446,6.54512357711792,-57.42530822753906,14.05841529947273,5.3860291449717135,-0.025665824620927237,0.004386335026429045,0.025665824620927237,0.004386335026429045,-0.0021953447721898556,0.0008691791445016861,0.737231433391571,0.0,19.444444444444443,27,21,4.636155605316162,RoadOption.STRAIGHT,17.181215286254883,-57.40399169921875,6.28277624563615,2.8,1.2,4.5,3.0,10.0,0.6,0.01,0.06,0.55,0.16,0.2,0.35,1.5,12,10.0,14.0,0.9,1.2,0.6,0.01,0.06,0.65,0.3,0.72,0.005,0.38,0.22,0.01,0.14,1.0,0.28
pid,ground_truth,curvy,400.0,0.05,0.1,1.0,59.89918961375952,7.253104209899902,-57.422767639160156,14.226636508585102,5.217807935859341,-0.022836516210599487,0.003950978408268746,0.022836516210599487,0.003950978408268746,-0.0004936634795740247,0.001701681292615831,0.7268983721733093,0.0,19.444444444444443,28,22,4.928154468536377,RoadOption.STRAIGHT,18.181215286254883,-57.40439987182617,6.28277624563615,2.8,1.2,4.5,3.0,10.0,0.6,0.01,0.06,0.55,0.16,0.2,0.35,1.5,12,10.0,14.0,0.9,1.2,0.6,0.01,0.06,0.65,0.3,0.72,0.005,0.38,0.22,0.01,0.14,1.0,0.28
pid,ground_truth,curvy,400.0,0.05,0.1,1.0,59.949189614504576,7.9692230224609375,-57.42036056518555,14.385794872312037,5.058649572132406,-0.020137394737555603,0.003599964934069,0.020137394737555603,0.003599964934069,0.0005954296211712062,0.001089093100745231,0.7172594666481018,0.0,19.444444444444443,28,23,5.21202278137207,RoadOption.STRAIGHT,18.181215286254883,-57.40439987182617,6.28277624563615,2.8,1.2,4.5,3.0,10.0,0.6,0.01,0.06,0.55,0.16,0.2,0.35,1.5,12,10.0,14.0,0.9,1.2,0.6,0.01,0.06,0.65,0.3,0.72,0.005,0.38,0.22,0.01,0.14,1.0,0.28
pid,ground_truth,curvy,400.0,0.05,0.1,1.0,59.999189615249634,8.693039894104004,-57.41796112060547,14.536339347828694,4.908105096615749,-0.017441864719806188,0.003445366092121205,0.017441864719806188,0.003445366092121205,-0.002460078103467822,-0.0030555077246390283,0.7082585692405701,0.0,19.444444444444443,29,23,4.48820161819458,RoadOption.STRAIGHT,19.181215286254883,-57.404808044433594,6.28277624563615,2.8,1.2,4.5,3.0,10.0,0.6,0.01,0.06,0.55,0.16,0.2,0.35,1.5,12,10.0,14.0,0.9,1.2,0.6,0.01,0.06,0.65,0.3,0.72,0.005,0.38,0.22,0.01,0.14,1.0,0.28
pid,ground_truth,curvy,400.0,0.05,0.1,1.0,60.04918961599469,9.424139022827148,-57.41580581665039,14.678716027636813,4.7657284168076295,-0.014988385374149503,0.0031981761090627003,0.014988385374149503,0.0031981761090627003,-0.0014746548840776086,0.0009854232193902135,0.6998055577278137,0.0,19.444444444444443,30,24,4.75709342956543,RoadOption.STRAIGHT,20.181215286254883,-57.405216217041016,6.28277624563615,2.8,1.2,4.5,3.0,10.0,0.6,0.01,0.06,0.55,0.16,0.2,0.35,1.5,12,10.0,14.0,0.9,1.2,0.6,0.01,0.06,0.65,0.3,0.72,0.005,0.38,0.22,0.01,0.14,1.0,0.28
pid,ground_truth,curvy,400.0,0.05,0.1,1.0,60.09918961673975,10.162126541137695,-57.41392135620117,14.81341470064051,4.631029743803932,-0.01279911703954759,0.0028528860905376874,0.01279911703954759,0.0028528860905376874,0.0006073332042433321,0.0020819880883209407,0.6916702389717102,0.0,19.444444444444443,30,25,5.019099712371826,RoadOption.STRAIGHT,20.181215286254883,-57.405216217041016,6.28277624563615,2.8,1.2,4.5,3.0,10.0,0.6,0.01,0.06,0.55,0.16,0.2,0.35,1.5,12,10.0,14.0,0.9,1.2,0.6,0.01,0.06,0.65,0.3,0.72,0.005,0.38,0.22,0.01,0.14,1.0,0.28
pid,ground_truth,curvy,400.0,0.05,0.1,1.0,60.14918961748481,10.90662956237793,-57.41207504272461,14.94081916486632,4.503625279578124,-0.010648256170989726,0.0026588605010378075,0.010648256170989726,0.0026588605010378075,-0.0015294905751943588,-0.002136823779437691,0.684065043926239,0.0,19.444444444444443,31,25,4.274594306945801,RoadOption.STRAIGHT,21.181215286254883,-57.40562438964844,6.28277624563615,2.8,1.2,4.5,3.0,10.0,0.6,0.01,0.06,0.55,0.16,0.2,0.35,1.5,12,10.0,14.0,0.9,1.2,0.6,0.01,0.06,0.65,0.3,0.72,0.005,0.38,0.22,0.01,0.14,1.0,0.28
pid,ground_truth,curvy,400.0,0.05,0.1,1.0,60.199189618229866,11.657297134399414,-57.4103889465332,15.061298644605865,4.383145799838578,-0.008655980242464776,0.002462756267493482,0.008655980242464776,0.002462756267493482,-0.0013200266985222697,0.0002094638766720891,0.6769495606422424,0.0,19.444444444444443,32,26,4.523923397064209,RoadOption.STRAIGHT,22.181215286254883,-57.40603256225586,6.28277624563615,2.8,1.2,4.5,3.0,10.0,0.6,0.01,0.06,0.55,0.16,0.2,0.35,1.5,12,10.0,14.0,0.9,1.2,0.6,0.01,0.06,0.65,0.3,0.72,0.005,0.38,0.22,0.01,0.14,1.0,0.28
pid,ground_truth,curvy,400.0,0.05,0.1,1.0,60.249189618974924,12.413788795471191,-57.408935546875,15.175233292647096,4.269211151797347,-0.006894018026773179,0.0021924884591513205,0.006894018026773179,0.0021924884591513205,-0.000452640641015023,0.0008673860575072467,0.6702094674110413,0.0,19.444444444444443,33,27,4.767429351806641,RoadOption.STRAIGHT,23.181215286254883,-57.40644073486328,6.28277624563615,2.8,1.2,4.5,3.0,10.0,0.6,0.01,0.06,0.55,0.16,0.2,0.35,1.5,12,10.0,14.0,0.9,1.2,0.6,0.01,0.06,0.65,0.3,0.72,0.005,0.38,0.22,0.01,0.14,1.0,0.28
pid,ground_truth,curvy,400.0,0.05,0.1,1.0,60.29918961971998,13.175792694091797,-57.40761947631836,15.282978942163709,4.161465502280734,-0.005267130056817722,0.00195911206380206,0.005267130056817722,0.00195911206380206,-0.00012733167386613786,0.00032530896714888513,0.6638345718383789,0.0,19.444444444444443,33,28,5.005423545837402,RoadOption.STRAIGHT,23.181215286254883,-57.40644073486328,6.28277624563615,2.8,1.2,4.5,3.0,10.0,0.6,0.01,0.06,0.55,0.16,0.2,0.35,1.5,12,10.0,14.0,0.9,1.2,0.6,0.01,0.06,0.65,0.3,0.72,0.005,0.38,0.22,0.01,0.14,1.0,0.28
pid,ground_truth,curvy,400.0,0.05,0.1,1.0,60.34918962046504,13.943007469177246,-57.40638732910156,15.38485943477311,4.059585009671332,-0.0037211448918178713,0.0018064410227900396,0.0037211448918178713,0.0018064410227900396,-0.0011203535832464695,-0.0009930219093803316,0.6578433513641357,0.0,19.444444444444443,34,28,4.238208770751953,RoadOption.STRAIGHT,24.181215286254883,-57.4068489074707,6.28277624563615,2.8,1.2,4.5,3.0,10.0,0.6,0.01,0.06,0.55,0.16,0.2,0.35,1.5,12,10.0,14.0,0.9,1.2,0.6,0.01,0.06,0.65,0.3,0.72,0.005,0.38,0.22,0.01,0.14,1.0,0.28
pid,ground_truth,curvy,400.0,0.05,0.1,1.0,60.3991896212101,14.715147018432617,-57.40531539916992,15.481183615818518,3.963260828625925,-0.0023342514216594607,0.001632026857929958,0.0023342514216594607,0.001632026857929958,-0.0007628935272805393,0.0003574600559659302,0.6522096991539001,0.0,19.444444444444443,35,29,4.466068744659424,RoadOption.STRAIGHT,25.181215286254883,-57.40726089477539,6.28277624563615,2.8,1.2,4.5,3.0,10.0,0.6,0.01,0.06,0.55,0.16,0.2,0.35,1.5,12,10.0,14.0,0.9,1.2,0.6,0.01,0.06,0.65,0.3,0.72,0.005,0.38,0.22,0.01,0.14,1.0,0.28
pid,ground_truth,curvy,400.0,0.05,0.1,1.0,60.449189621955156,15.491948127746582,-57.4044075012207,15.572262075988661,3.872182368455782,-0.0011094830552998674,0.0014320747597258432,0.0011094830552998674,0.0014320747597258432,-0.0003467393689788878,0.0004161541583016515,0.6468604207038879,0.0,19.444444444444443,36,30,4.689267635345459,RoadOption.STRAIGHT,26.181215286254883,-57.40766906738281,6.28277624563615,2.8,1.2,4.5,3.0,10.0,0.6,0.01,0.06,0.55,0.16,0.2,0.35,1.5,12,10.0,14.0,0.9,1.2,0.6,0.01,0.06,0.65,0.3,0.72,0.005,0.38,0.22,0.01,0.14,1.0,0.28
pid,ground_truth,curvy,400.0,0.05,0.1,1.0,60.499189622700214,16.273151397705078,-57.40360641479492,15.658376476858258,3.7860679675861846,1.027455113617121e-05,0.0012657984505386466,1.027455113617121e-05,0.0012657984505386466,-0.0004480358911678195,-0.0001012965221889317,0.641814649105072,0.0,19.444444444444443,37,31,4.908064365386963,RoadOption.STRAIGHT,27.181215286254883,-57.408077239990234,6.28277624563615,2.8,1.2,4.5,3.0,10.0,0.6,0.01,0.06,0.55,0.16,0.2,0.35,1.5,12,10.0,14.0,0.9,1.2,0.6,0.01,0.06,0.65,0.3,0.72,0.005,0.38,0.22,0.01,0.14,1.0,0.28
pid,ground_truth,curvy,400.0,0.05,0.1,1.0,60.54918962344527,17.05851936340332,-57.40291213989258,15.739787931654165,3.7046565127902777,0.0010249242598909013,0.0011268134957971299,0.0010249242598909013,0.0011268134957971299,-0.0005944271106272936,-0.0001463912194594741,0.6370723843574524,0.0,19.444444444444443,37,32,5.122696876525879,RoadOption.STRAIGHT,27.181215286254883,-57.408077239990234,6.28277624563615,2.8,1.2,4.5,3.0,10.0,0.6,0.01,0.06,0.55,0.16,0.2,0.35,1.5,12,10.0,14.0,0.9,1.2,0.6,0.01,0.06,0.65,0.3,0.72,0.005,0.38,0.22,0.01,0.14,1.0,0.28
pid,ground_truth,curvy,400.0,0.05,0.1,1.0,60.59918962419033,17.84782600402832,-57.40234375,15.816753361883382,3.6276910825610607,0.001916189088568682,0.0009864709530784666,0.001916189088568682,0.0009864709530784666,-0.00041976000647991896,0.00017466710414737463,0.632588803768158,0.0,19.444444444444443,38,32,4.333391189575195,RoadOption.STRAIGHT,28.181215286254883,-57.408485412597656,6.28277624563615,2.8,1.2,4.5,3.0,10.0,0.6,0.01,0.06,0.55,0.16,0.2,0.35,1.5,12,10.0,14.0,0.9,1.2,0.6,0.01,0.06,0.65,0.3,0.72,0.005,0.38,0.22,0.01,0.14,1.0,0.28
pid,ground_truth,curvy,400.0,0.05,0.1,1.0,60.64918962493539,18.640853881835938,-57.40187454223633,15.889511972851622,3.5549324715928208,0.0027089050528645957,0.0008527346233124788,0.0027089050528645957,0.0008527346233124788,-0.0003298324882052839,8.992751827463508e-05,0.6283610463142395,0.0,19.444444444444443,39,33,4.5403642654418945,RoadOption.STRAIGHT,29.181215286254883,-57.40889358520508,6.28277624563615,2.8,1.2,4.5,3.0,10.0,0.6,0.01,0.06,0.55,0.16,0.2,0.35,1.5,12,10.0,14.0,0.9,1.2,0.6,0.01,0.06,0.65,0.3,0.72,0.005,0.38,0.22,0.01,0.14,1.0,0.28
pid,ground_truth,curvy,400.0,0.05,0.1,1.0,60.69918962568045,19.43739891052246,-57.40150451660156,15.958290269290446,3.486154175153997,0.0034038776276792988,0.0007368184237623865,0.0034038776276792988,0.0007368184237623865,-0.00033544920734129846,-5.616719136014581e-06,0.6243746876716614,0.0,19.444444444444443,40,34,4.743819713592529,RoadOption.STRAIGHT,30.181215286254883,-57.4093017578125,6.28277624563615,2.8,1.2,4.5,3.0,10.0,0.6,0.01,0.06,0.55,0.16,0.2,0.35,1.5,12,10.0,14.0,0.9,1.2,0.6,0.01,0.06,0.65,0.3,0.72,0.005,0.38,0.22,0.01,0.14,1.0,0.28
pid,ground_truth,curvy,400.0,0.05,0.1,1.0,60.749189626425505,20.23727035522461,-57.401214599609375,16.023306471529732,3.4211379729147104,0.004023916972396202,0.0006337354292433872,0.004023916972396202,0.0006337354292433872,-0.0003242747625336051,1.1174444807693362e-05,0.6206049919128418,0.0,19.444444444444443,41,35,4.943948745727539,RoadOption.STRAIGHT,31.181215286254883,-57.40970993041992,6.28277624563615,2.8,1.2,4.5,3.0,10.0,0.6,0.01,0.06,0.55,0.16,0.2,0.35,1.5,12,10.0,14.0,0.9,1.2,0.6,0.01,0.06,0.65,0.3,0.72,0.005,0.38,0.22,0.01,0.14,1.0,0.28
pid,ground_truth,curvy,400.0,0.05,0.1,1.0,60.79918962717056,21.040285110473633,-57.40101623535156,16.084764706658845,3.359679737785598,0.004549874700879409,0.0005381086599731688,0.004549874700879409,0.0005381086599731688,-0.0006022178567945957,-0.0002779430942609906,0.6170464754104614,0.0,19.444444444444443,41,36,5.140934944152832,RoadOption.STRAIGHT,31.181215286254883,-57.40970993041992,6.28277624563615,2.8,1.2,4.5,3.0,10.0,0.6,0.01,0.06,0.55,0.16,0.2,0.35,1.5,12,10.0,14.0,0.9,1.2,0.6,0.01,0.06,0.65,0.3,0.72,0.005,0.38,0.22,0.01,0.14,1.0,0.28
pid,ground_truth,curvy,400.0,0.05,0.1,1.0,60.84918962791562,21.84627342224121,-57.40093231201172,16.142854691231133,3.3015897532133103,0.004963496847310414,0.0004250074856173569,0.004963496847310414,0.0004250074856173569,-3.4283297281945124e-05,0.0005679345595126506,0.6136977672576904,0.0,19.444444444444443,42,36,4.33494758605957,RoadOption.STRAIGHT,32.18121337890625,-57.410118103027344,6.28277624563615,2.8,1.2,4.5,3.0,10.0,0.6,0.01,0.06,0.55,0.16,0.2,0.35,1.5,12,10.0,14.0,0.9,1.2,0.6,0.01,0.06,0.65,0.3,0.72,0.005,0.38,0.22,0.01,0.14,1.0,0.28
pid,ground_truth,curvy,400.0,0.05,0.1,1.0,60.89918962866068,22.65506935119629,-57.40089797973633,16.197767258906694,3.2466771855377488,0.005327787462868713,0.0003350256570051613,0.005327787462868713,0.0003350256570051613,-0.00012093289842596278,-8.664960114401765e-05,0.6105138063430786,0.0,19.444444444444443,43,37,4.52615213394165,RoadOption.STRAIGHT,33.18121337890625,-57.410526275634766,6.28277624563615,2.8,1.2,4.5,3.0,10.0,0.6,0.01,0.06,0.55,0.16,0.2,0.35,1.5,12,10.0,14.0,0.9,1.2,0.6,0.01,0.06,0.65,0.3,0.72,0.005,0.38,0.22,0.01,0.14,1.0,0.28
pid,ground_truth,curvy,400.0,0.05,0.1,1.0,60.94918962940574,23.466522216796875,-57.400917053222656,16.249668162713483,3.1947762817309595,0.005639759171751203,0.0002753708485867534,0.005639759171751203,0.0002753708485867534,-0.00027976039564237,-0.0001588274972164072,0.6075282692909241,0.0,19.444444444444443,44,38,4.714699745178223,RoadOption.STRAIGHT,34.18121337890625,-57.41093444824219,6.28277624563615,2.8,1.2,4.5,3.0,10.0,0.6,0.01,0.06,0.55,0.16,0.2,0.35,1.5,12,10.0,14.0,0.9,1.2,0.6,0.01,0.06,0.65,0.3,0.72,0.005,0.38,0.22,0.01,0.14,1.0,0.28
pid,ground_truth,curvy,400.0,0.05,0.1,1.0,60.999189630150795,24.28048324584961,-57.40099334716797,16.29872152858085,3.145722915863594,0.005895536419621023,0.00021518341607862368,0.005895536419621023,0.00021518341607862368,-0.0001991427707253024,8.061762491706759e-05,0.6047096252441406,0.0,19.444444444444443,45,39,4.900738716125488,RoadOption.STRAIGHT,35.18121337890625,-57.41134262084961,6.28277624563615,2.8,1.2,4.5,3.0,10.0,0.6,0.01,0.06,0.55,0.16,0.2,0.35,1.5,12,10.0,14.0,0.9,1.2,0.6,0.01,0.06,0.65,0.3,0.72,0.005,0.38,0.22,0.01,0.14,1.0,0.28
pid,ground_truth,curvy,400.0,0.05,0.1,1.0,61.04918963089585,25.096813201904297,-57.40114212036133,16.34508555969395,3.099358884750494,0.0060798034624166735,0.00015499597544277322,0.0060798034624166735,0.00015499597544277322,-0.0005622560274787247,-0.0003631132567534223,0.6020396947860718,0.0,19.444444444444443,45,40,5.084409236907959,RoadOption.STRAIGHT,35.18121337890625,-57.41134262084961,6.28277624563615,2.8,1.2,4.5,3.0,10.0,0.6,0.01,0.06,0.55,0.16,0.2,0.35,1.5,12,10.0,14.0,0.9,1.2,0.6,0.01,0.06,0.65,0.3,0.72,0.005,0.38,0.22,0.01,0.14,1.0,0.28
pid,ground_truth,curvy,400.0,0.05,0.1,1.0,61.09918963164091,25.91538429260254,-57.4013671875,16.388907570739686,3.0555368737047566,0.006189582287010504,6.924222085125109e-05,0.006189582287010504,6.924222085125109e-05,0.0001631314808037132,0.0007253875082824379,0.5995165109634399,0.0,19.444444444444443,46,40,4.265838623046875,RoadOption.STRAIGHT,36.18121337890625,-57.4117546081543,6.28277624563615,2.8,1.2,4.5,3.0,10.0,0.6,0.01,0.06,0.55,0.16,0.2,0.35,1.5,12,10.0,14.0,0.9,1.2,0.6,0.01,0.06,0.65,0.3,0.72,0.005,0.38,0.22,0.01,0.14,1.0,0.28
pid,ground_truth,curvy,400.0,0.05,0.1,1.0,61.14918963238597,26.7360782623291,-57.40162658691406,16.430323562909184,3.014120881535259,0.006265008268477057,1.1185309087835549e-05,0.006265008268477057,1.1185309087835549e-05,2.3092274204827845e-05,-0.00014003920659888536,0.5971418023109436,0.0,19.444444444444443,47,41,4.4451446533203125,RoadOption.STRAIGHT,37.18121337890625,-57.41216278076172,6.28277624563615,2.8,1.2,4.5,3.0,10.0,0.6,0.01,0.06,0.55,0.16,0.2,0.35,1.5,12,10.0,14.0,0.9,1.2,0.6,0.01,0.06,0.65,0.3,0.72,0.005,0.38,0.22,0.01,0.14,1.0,0.28
pid,ground_truth,curvy,400.0,0.05,0.1,1.0,61.19918963313103,27.558773040771484,-57.40190124511719,16.469466309055004,2.9749781353894384,0.006325994696259293,-1.1717908796171628e-05,0.006325994696259293,1.1717908796171628e-05,-0.00021571951219812036,-0.0002388117864029482,0.5948954820632935,0.0,19.444444444444443,48,42,4.622447967529297,RoadOption.STRAIGHT,38.18121337890625,-57.41257095336914,6.28277624563615,2.8,1.2,4.5,3.0,10.0,0.6,0.01,0.06,0.55,0.16,0.2,0.35,1.5,12,10.0,14.0,0.9,1.2,0.6,0.01,0.06,0.65,0.3,0.72,0.005,0.38,0.22,0.01,0.14,1.0,0.28
pid,ground_truth,curvy,400.0,0.05,0.1,1.0,61.249189633876085,28.38336181640625,-57.40222930908203,16.506457897870586,2.937986546573857,0.006334349347961226,-4.04800485691581e-05,0.006334349347961226,4.04800485691581e-05,-0.00010877198656089604,0.00010694752563722432,0.592780590057373,0.0,19.444444444444443,49,43,4.797859191894531,RoadOption.STRAIGHT,39.18121337890625,-57.41297912597656,6.28277624563615,2.8,1.2,4.5,3.0,10.0,0.6,0.01,0.06,0.55,0.16,0.2,0.35,1.5,12,10.0,14.0,0.9,1.2,0.6,0.01,0.06,0.65,0.3,0.72,0.005,0.38,0.22,0.01,0.14,1.0,0.28
pid,ground_truth,curvy,400.0,0.05,0.1,1.0,61.29918963462114,29.20973777770996,-57.40259552001953,16.541417955764075,2.903026488680368,0.006305288099106259,-7.403584579446232e-05,0.006305288099106259,7.403584579446232e-05,-1.6427989976364188e-05,9.234399658453185e-05,0.5907776951789856,0.0,19.444444444444443,50,44,4.971482753753662,RoadOption.STRAIGHT,40.18121337890625,-57.413387298583984,6.28277624563615,2.8,1.2,4.5,3.0,10.0,0.6,0.01,0.06,0.55,0.16,0.2,0.35,1.5,12,10.0,14.0,0.9,1.2,0.6,0.01,0.06,0.65,0.3,0.72,0.005,0.38,0.22,0.01,0.14,1.0,0.28
pid,ground_truth,curvy,400.0,0.05,0.1,1.0,61.3491896353662,30.037803649902344,-57.402976989746094,16.5744628895923,2.869981554852142,0.006261659340002542,-9.85368953143606e-05,0.006261659340002542,9.85368953143606e-05,-0.0005133645609021187,-0.0004969365709257545,0.588870108127594,0.0,19.444444444444443,50,45,5.143416881561279,RoadOption.STRAIGHT,40.18121337890625,-57.413387298583984,6.28277624563615,2.8,1.2,4.5,3.0,10.0,0.6,0.01,0.06,0.55,0.16,0.2,0.35,1.5,12,10.0,14.0,0.9,1.2,0.6,0.01,0.06,0.65,0.3,0.72,0.005,0.38,0.22,0.01,0.14,1.0,0.28
pid,ground_truth,curvy,400.0,0.05,0.1,1.0,61.39918963611126,30.867469787597656,-57.40341567993164,16.605685381417956,2.8387590630264867,0.006162353692516838,-0.00015339807878866907,0.006162353692516838,0.00015339807878866907,0.00024706372641958296,0.0007604282873217016,0.5871040225028992,0.0,19.444444444444443,51,45,4.313751220703125,RoadOption.STRAIGHT,41.18121337890625,-57.413795471191406,6.28277624563615,2.8,1.2,4.5,3.0,10.0,0.6,0.01,0.06,0.55,0.16,0.2,0.35,1.5,12,10.0,14.0,0.9,1.2,0.6,0.01,0.06,0.65,0.3,0.72,0.005,0.38,0.22,0.01,0.14,1.0,0.28
pid,ground_truth,curvy,400.0,0.05,0.1,1.0,61.44918963685632,31.69864273071289,-57.40388107299805,16.635193429447227,2.8092510149972156,0.006039887280729163,-0.0001858885790690934,0.006039887280729163,0.0001858885790690934,0.00012950791278854012,-0.00011755581363104284,0.5854126811027527,0.0,19.444444444444443,52,46,4.482577800750732,RoadOption.STRAIGHT,42.18121337890625,-57.41420364379883,6.28277624563615,2.8,1.2,4.5,3.0,10.0,0.6,0.01,0.06,0.55,0.16,0.2,0.35,1.5,12,10.0,14.0,0.9,1.2,0.6,0.01,0.06,0.65,0.3,0.72,0.005,0.38,0.22,0.01,0.14,1.0,0.28
pid,ground_truth,curvy,400.0,0.05,0.1,1.0,61.499189637601376,32.53124237060547,-57.404319763183594,16.66307880538601,2.781365639058432,0.005940892657389762,-0.0001832254829974289,0.005940892657389762,0.0001832254829974289,-0.0001515302137704566,-0.00028103812655899674,0.5838214159011841,0.0,19.444444444444443,53,47,4.649978160858154,RoadOption.STRAIGHT,43.18121337890625,-57.41461181640625,6.28277624563615,2.8,1.2,4.5,3.0,10.0,0.6,0.01,0.06,0.55,0.16,0.2,0.35,1.5,12,10.0,14.0,0.9,1.2,0.6,0.01,0.06,0.65,0.3,0.72,0.005,0.38,0.22,0.01,0.14,1.0,0.28
pid,ground_truth,curvy,400.0,0.05,0.1,1.0,61.549189638346434,33.36518859863281,-57.404788970947266,16.689433124897263,2.7550113195471795,0.005811931295884053,-0.00018801917295974135,0.005811931295884053,0.00018801917295974135,-6.0328955441946164e-05,9.120125832851045e-05,0.5823103785514832,0.0,19.444444444444443,54,48,4.816031455993652,RoadOption.STRAIGHT,44.18121337890625,-57.41501998901367,6.28277624563615,2.8,1.2,4.5,3.0,10.0,0.6,0.01,0.06,0.55,0.16,0.2,0.35,1.5,12,10.0,14.0,0.9,1.2,0.6,0.01,0.06,0.65,0.3,0.72,0.005,0.38,0.22,0.01,0.14,1.0,0.28
pid,ground_truth,curvy,400.0,0.05,0.1,1.0,61.59918963909149,34.200408935546875,-57.40528106689453,16.714335649167,2.7301087952774417,0.005660602941632722,-0.00020186761062745973,0.005660602941632722,0.00020186761062745973,4.458815965335816e-05,0.00010491711509530433,0.5808968544006348,0.0,19.444444444444443,55,49,4.980810642242432,RoadOption.STRAIGHT,45.18121337890625,-57.415428161621094,6.28277624563615,2.8,1.2,4.5,3.0,10.0,0.6,0.01,0.06,0.55,0.16,0.2,0.35,1.5,12,10.0,14.0,0.9,1.2,0.6,0.01,0.06,0.65,0.3,0.72,0.005,0.38,0.22,0.01,0.14,1.0,0.28
pid,ground_truth,curvy,400.0,0.05,0.1,1.0,61.64918963983655,35.03683090209961,-57.40579605102539,16.737870372048597,2.7065740723958456,0.005486877946163523,-0.00020879176444310588,0.005486877946163523,0.00020879176444310588,-0.00038048982969485223,-0.0004250779893482104,0.5795490741729736,0.0,19.444444444444443,55,50,5.144388198852539,RoadOption.STRAIGHT,45.18121337890625,-57.415428161621094,6.28277624563615,2.8,1.2,4.5,3.0,10.0,0.6,0.01,0.06,0.55,0.16,0.2,0.35,1.5,12,10.0,14.0,0.9,1.2,0.6,0.01,0.06,0.65,0.3,0.72,0.005,0.38,0.22,0.01,0.14,1.0,0.28
pid,ground_truth,curvy,400.0,0.05,0.1,1.0,61.69918964058161,35.874393463134766,-57.40633010864258,16.76010909417362,2.684335350270821,0.005295434998045117,-0.00024074976254251368,0.005295434998045117,0.00024074976254251368,0.00024913615197874606,0.0006296259816735983,0.5782853364944458,0.0,19.444444444444443,56,50,4.306826114654541,RoadOption.STRAIGHT,46.18121337890625,-57.41584014892578,6.28277624563615,2.8,1.2,4.5,3.0,10.0,0.6,0.01,0.06,0.55,0.16,0.2,0.35,1.5,12,10.0,14.0,0.9,1.2,0.6,0.01,0.06,0.65,0.3,0.72,0.005,0.38,0.22,0.01,0.14,1.0,0.28
pid,ground_truth,curvy,400.0,0.05,0.1,1.0,61.749189641326666,36.71303176879883,-57.40687561035156,16.78112550988728,2.6633189345571644,0.005092099046076565,-0.000255130832429451,0.005092099046076565,0.000255130832429451,0.00014972573262639344,-9.941041935235262e-05,0.5770841836929321,0.0,19.444444444444443,57,51,4.46818733215332,RoadOption.STRAIGHT,47.18121337890625,-57.4162483215332,6.28277624563615,2.8,1.2,4.5,3.0,10.0,0.6,0.01,0.06,0.55,0.16,0.2,0.35,1.5,12,10.0,14.0,0.9,1.2,0.6,0.01,0.06,0.65,0.3,0.72,0.005,0.38,0.22,0.01,0.14,1.0,0.28
pid,ground_truth,curvy,400.0,0.05,0.1,1.0,61.799189642071724,37.55268859863281,-57.407386779785156,16.80098463663387,2.643459807810572,0.0049235120056835635,-0.00024021719534328412,0.0049235120056835635,0.00024021719534328412,-9.837091056397185e-05,-0.0002480966431903653,0.5759556293487549,0.0,19.444444444444443,58,52,4.628530025482178,RoadOption.STRAIGHT,48.18121337890625,-57.416656494140625,6.28277624563615,2.8,1.2,4.5,3.0,10.0,0.6,0.01,0.06,0.55,0.16,0.2,0.35,1.5,12,10.0,14.0,0.9,1.2,0.6,0.01,0.06,0.65,0.3,0.72,0.005,0.38,0.22,0.01,0.14,1.0,0.28
pid,ground_truth,curvy,400.0,0.05,0.1,1.0,61.84918964281678,38.39330291748047,-57.40791702270508,16.819753296969896,2.6246911474745467,0.0047362431524810645,-0.0002338255437086545,0.0047362431524810645,0.0002338255437086545,-1.3079667951387819e-05,8.529124261258403e-05,0.5748798251152039,0.0,19.444444444444443,59,53,4.7879157066345215,RoadOption.STRAIGHT,49.18121337890625,-57.41706466674805,6.28277624563615,2.8,1.2,4.5,3.0,10.0,0.6,0.01,0.06,0.55,0.16,0.2,0.35,1.5,12,10.0,14.0,0.9,1.2,0.6,0.01,0.06,0.65,0.3,0.72,0.005,0.38,0.22,0.01,0.14,1.0,0.28
pid,ground_truth,curvy,400.0,0.05,0.1,1.0,61.89918964356184,39.234825134277344,-57.40845489501953,16.837485954985098,2.6069584894593447,0.0045417162915116676,-0.00023542350538097168,0.0045417162915116676,0.00023542350538097168,6.565013609360904e-05,7.872980404499685e-05,0.5738794207572937,0.0,19.444444444444443,60,54,4.946393013000488,RoadOption.STRAIGHT,50.18121337890625,-57.41747283935547,6.28277624563615,2.8,1.2,4.5,3.0,10.0,0.6,0.01,0.06,0.55,0.16,0.2,0.35,1.5,12,10.0,14.0,0.9,1.2,0.6,0.01,0.06,0.65,0.3,0.72,0.005,0.38,0.22,0.01,0.14,1.0,0.28
pid,ground_truth,curvy,400.0,0.05,0.1,1.0,61.9491896443069,40.07720184326172,-57.408992767333984,16.854239961461904,2.5902044829825392,0.0043475389704255955,-0.00023169501483621957,0.0043475389704255955,0.00023169501483621957,-0.0002893568016588688,-0.0003550069377524778,0.5729337930679321,0.0,19.444444444444443,60,55,5.104015827178955,RoadOption.STRAIGHT,50.18121337890625,-57.41747283935547,6.28277624563615,2.8,1.2,4.5,3.0,10.0,0.6,0.01,0.06,0.55,0.16,0.2,0.35,1.5,12,10.0,14.0,0.9,1.2,0.6,0.01,0.06,0.65,0.3,0.72,0.005,0.38,0.22,0.01,0.14,1.0,0.28
pid,ground_truth,curvy,400.0,0.05,0.1,1.0,61.999189645051956,40.92039108276367,-57.40955352783203,16.87007548103851,2.5743689634059344,0.004131694801395789,-0.0002492718780313652,0.004131694801395789,0.0002492718780313652,0.0002331306313863024,0.0005224874330451712,0.5720217227935791,0.0,19.444444444444443,61,55,4.260826587677002,RoadOption.STRAIGHT,51.18121337890625,-57.41788101196289,6.28277624563615,2.8,1.2,4.5,3.0,10.0,0.6,0.01,0.06,0.55,0.16,0.2,0.35,1.5,12,10.0,14.0,0.9,1.2,0.6,0.01,0.06,0.65,0.3,0.72,0.005,0.38,0.22,0.01,0.14,1.0,0.28
pid,ground_truth,curvy,400.0,0.05,0.1,1.0,62.049189645797014,41.76434326171875,-57.41010665893555,16.885037982983466,2.559406461460977,0.003926717853630201,-0.00025353293577534686,0.003926717853630201,0.00025353293577534686,0.00014148734044283628,-9.164329094346613e-05,0.5711744427680969,0.0,19.444444444444443,62,56,4.416874408721924,RoadOption.STRAIGHT,52.18121337890625,-57.41828918457031,6.28277624563615,2.8,1.2,4.5,3.0,10.0,0.6,0.01,0.06,0.55,0.16,0.2,0.35,1.5,12,10.0,14.0,0.9,1.2,0.6,0.01,0.06,0.65,0.3,0.72,0.005,0.38,0.22,0.01,0.14,1.0,0.28
pid,ground_truth,curvy,400.0,0.05,0.1,1.0,62.09918964654207,42.60901641845703,-57.41064453125,16.899176934413923,2.54526751003052,0.0037334799209805653,-0.0002343582409451983,0.0037334799209805653,0.0002343582409451983,-5.0451279093977064e-05,-0.00019193861953681335,0.5703697800636292,0.0,19.444444444444443,63,57,4.572200775146484,RoadOption.STRAIGHT,53.18121337890625,-57.418697357177734,6.28277624563615,2.8,1.2,4.5,3.0,10.0,0.6,0.01,0.06,0.55,0.16,0.2,0.35,1.5,12,10.0,14.0,0.9,1.2,0.6,0.01,0.06,0.65,0.3,0.72,0.005,0.38,0.22,0.01,0.14,1.0,0.28
pid,ground_truth,curvy,400.0,0.05,0.1,1.0,62.14918964728713,43.454383850097656,-57.41117477416992,16.912538103540584,2.531906340903859,0.0035481553833790636,-0.00022210763491248287,0.0035481553833790636,0.00022210763491248287,-1.5022943671283429e-06,4.894898472684872e-05,0.5696080923080444,0.0,19.444444444444443,64,58,4.726832866668701,RoadOption.STRAIGHT,54.18121337890625,-57.419105529785156,6.28277624563615,2.8,1.2,4.5,3.0,10.0,0.6,0.01,0.06,0.55,0.16,0.2,0.35,1.5,12,10.0,14.0,0.9,1.2,0.6,0.01,0.06,0.65,0.3,0.72,0.005,0.38,0.22,0.01,0.14,1.0,0.28
pid,ground_truth,curvy,400.0,0.05,0.1,1.0,62.19918964803219,44.30039596557617,-57.41171646118164,16.92516283233127,2.519281612113172,0.0033516504702965654,-0.00021731394495017042,0.0033516504702965654,0.00021731394495017042,7.097342313500121e-05,7.247571750212956e-05,0.5688927173614502,0.0,19.444444444444443,65,59,4.8808207511901855,RoadOption.STRAIGHT,55.18121337890625,-57.41951370239258,6.28277624563615,2.8,1.2,4.5,3.0,10.0,0.6,0.01,0.06,0.55,0.16,0.2,0.35,1.5,12,10.0,14.0,0.9,1.2,0.6,0.01,0.06,0.65,0.3,0.72,0.005,0.38,0.22,0.01,0.14,1.0,0.28
pid,ground_truth,curvy,400.0,0.05,0.1,1.0,62.24918964877725,45.147010803222656,-57.41224670410156,16.937089303804356,2.5073551406400867,0.0031668361985068816,-0.0002093244616796497,0.0031668361985068816,0.0002093244616796497,-0.00019519857596606016,-0.0002661719991010614,0.5682240128517151,0.0,19.444444444444443,65,60,5.034205436706543,RoadOption.STRAIGHT,55.18121337890625,-57.41951370239258,6.28277624563615,2.8,1.2,4.5,3.0,10.0,0.6,0.01,0.06,0.55,0.16,0.2,0.35,1.5,12,10.0,14.0,0.9,1.2,0.6,0.01,0.06,0.65,0.3,0.72,0.005,0.38,0.22,0.01,0.14,1.0,0.28
pid,ground_truth,curvy,400.0,0.05,0.1,1.0,62.299189649522305,45.99420928955078,-57.41279220581055,16.948360268544025,2.4960841759004175,0.002967890845911933,-0.00021731394495017042,0.002967890845911933,0.00021731394495017042,0.00018935669504571706,0.0003845552710117772,0.5675798058509827,0.0,19.444444444444443,66,60,4.187006950378418,RoadOption.STRAIGHT,56.18121337890625,-57.419925689697266,6.28277624563615,2.8,1.2,4.5,3.0,10.0,0.6,0.01,0.06,0.55,0.16,0.2,0.35,1.5,12,10.0,14.0,0.9,1.2,0.6,0.01,0.06,0.65,0.3,0.72,0.005,0.38,0.22,0.01,0.14,1.0,0.28
pid,ground_truth,curvy,400.0,0.05,0.1,1.0,62.34918965026736,46.84194564819336,-57.4133186340332,16.95901229996509,2.035432144479355,0.0027873500421655793,-0.0002151834160777355,0.0027873500421655793,0.0002151834160777355,0.00010974056203849614,-7.961613300722092e-05,0.0,0.2800000011920929,18.994444444444444,67,61,4.33927059173584,RoadOption.STRAIGHT,57.18121337890625,-57.42033386230469,6.28277624563615,2.8,1.2,4.5,3.0,10.0,0.6,0.01,0.06,0.55,0.16,0.2,0.35,1.5,12,10.0,14.0,0.9,1.2,0.6,0.01,0.06,0.65,0.3,0.72,0.005,0.38,0.22,0.01,0.14,1.0,0.28
pid,ground_truth,curvy,400.0,0.05,0.1,1.0,62.39918965101242,47.68949508666992,-57.41383361816406,16.932824212026503,1.6116202324179412,0.002618176867409146,-0.00019707392066514728,0.002618176867409146,0.00019707392066514728,-2.327715264982544e-05,-0.00013301771468832158,0.0,0.2800000011920929,18.544444444444444,68,62,4.491720676422119,RoadOption.STRAIGHT,58.18121337890625,-57.42074203491211,6.28277624563615,2.8,1.2,4.5,3.0,10.0,0.6,0.01,0.06,0.55,0.16,0.2,0.35,1.5,12,10.0,14.0,0.9,1.2,0.6,0.01,0.06,0.65,0.3,0.72,0.005,0.38,0.22,0.01,0.14,1.0,0.28
pid,ground_truth,curvy,400.0,0.05,0.1,1.0,62.44918965175748,48.53242874145508,-57.414344787597656,16.797900334899836,1.2965441095446089,0.0024509302500508594,-0.00018375805019665847,0.0024509302500508594,0.00018375805019665847,1.25815959108877e-05,3.585874856071314e-05,0.0,0.2800000011920929,18.094444444444445,69,63,4.648787021636963,RoadOption.STRAIGHT,59.18121337890625,-57.42115020751953,6.28277624563615,2.8,1.2,4.5,3.0,10.0,0.6,0.01,0.06,0.55,0.16,0.2,0.35,1.5,12,10.0,14.0,0.9,1.2,0.6,0.01,0.06,0.65,0.3,0.72,0.005,0.38,0.22,0.01,0.14,1.0,0.28
pid,ground_truth,curvy,400.0,0.05,0.1,1.0,62.49918965250254,49.36613082885742,-57.414833068847656,16.585595177436076,1.4306998381329379,0.0023027955352747285,-0.00017576863194523895,0.0023027955352747285,0.00017576863194523895,4.340302984928712e-05,3.082143393839942e-05,0.7403900027275085,0.0,18.016295015569014,70,64,4.815084934234619,RoadOption.STRAIGHT,60.181209564208984,-57.42155838012695,6.28277624563615,2.8,1.2,4.5,3.0,10.0,0.6,0.01,0.06,0.55,0.16,0.2,0.35,1.5,12,10.0,14.0,0.9,1.2,0.6,0.01,0.06,0.65,0.3,0.72,0.005,0.38,0.22,0.01,0.14,1.0,0.28
pid,ground_truth,curvy,400.0,0.05,0.1,1.0,62.549189653247595,50.18829345703125,-57.415321350097656,16.355349431531504,1.658040523028827,0.0021499404716278005,-0.0001672464514381744,0.0021499404716278005,0.0001672464514381744,4.659387195715681e-05,3.1908421078696847e-06,1.0,0.0,18.01338995456033,71,65,4.992921829223633,RoadOption.STRAIGHT,61.181209564208984,-57.421966552734375,6.28277624563615,2.8,1.2,4.5,3.0,10.0,0.6,0.01,0.06,0.55,0.16,0.2,0.35,1.5,12,10.0,14.0,0.9,1.2,0.6,0.01,0.06,0.65,0.3,0.72,0.005,0.38,0.22,0.01,0.14,1.0,0.28
pid,ground_truth,curvy,400.0,0.05,0.1,1.0,62.59918965399265,51.00001907348633,-57.41579055786133,16.16302751029671,1.8525898675700745,0.0020157042096561953,-0.00015712643929610692,0.0020157042096561953,0.00015712643929610692,-0.00012220749340485781,-0.00016880136536201462,1.0,0.0,18.015617377866786,71,66,5.181196212768555,RoadOption.STRAIGHT,61.181209564208984,-57.421966552734375,6.28277624563615,2.8,1.2,4.5,3.0,10.0,0.6,0.01,0.06,0.55,0.16,0.2,0.35,1.5,12,10.0,14.0,0.9,1.2,0.6,0.01,0.06,0.65,0.3,0.72,0.005,0.38,0.22,0.01,0.14,1.0,0.28
pid,ground_truth,curvy,400.0,0.05,0.1,1.0,62.64918965473771,51.80434036254883,-57.41625213623047,16.049185705687908,1.966431672178878,0.0018831427778809267,-0.00015872433595021107,0.0018831427778809267,0.00015872433595021107,0.00012204593076603487,0.0002442534241708927,0.8013719916343689,0.0,18.015617377866786,72,66,4.376874923706055,RoadOption.STRAIGHT,62.181209564208984,-57.4223747253418,6.28277624563615,2.8,1.2,4.5,3.0,10.0,0.6,0.01,0.06,0.55,0.16,0.2,0.35,1.5,12,10.0,14.0,0.9,1.2,0.6,0.01,0.06,0.65,0.3,0.72,0.005,0.38,0.22,0.01,0.14,1.0,0.28
pid,ground_truth,curvy,400.0,0.05,0.1,1.0,62.69918965548277,52.60596466064453,-57.41670608520508,16.03048764109286,1.982365544482974,0.0017562185459851247,-0.00015446327820534123,0.0017562185459851247,0.00015446327820534123,7.651949272258207e-05,-4.55264380434528e-05,0.5307352542877197,0.0,18.012853185575835,73,67,4.575250625610352,RoadOption.STRAIGHT,63.181209564208984,-57.42278289794922,6.28277624563615,2.8,1.2,4.5,3.0,10.0,0.6,0.01,0.06,0.55,0.16,0.2,0.35,1.5,12,10.0,14.0,0.9,1.2,0.6,0.01,0.06,0.65,0.3,0.72,0.005,0.38,0.22,0.01,0.14,1.0,0.28
pid,ground_truth,curvy,400.0,0.05,0.1,1.0,62.74918965622783,53.40826416015625,-57.417152404785156,16.054531543920586,1.9617557409068063,0.001637199906907918,-0.00014168010497339623,0.001637199906907918,0.00014168010497339623,2.756534058789839e-06,-7.376295866379223e-05,0.42387881875038147,0.0,18.016287284827392,74,68,4.772951126098633,RoadOption.STRAIGHT,64.18121337890625,-57.42319107055664,6.28277624563615,2.8,1.2,4.5,3.0,10.0,0.6,0.01,0.06,0.55,0.16,0.2,0.35,1.5,12,10.0,14.0,0.9,1.2,0.6,0.01,0.06,0.65,0.3,0.72,0.005,0.38,0.22,0.01,0.14,1.0,0.28
pid,ground_truth,curvy,400.0,0.05,0.1,1.0,62.799189656972885,54.211326599121094,-57.41759490966797,16.059820629478626,1.9518084280324146,0.0015223080539587168,-0.00013102746061299797,0.0015223080539587168,0.00013102746061299797,1.4002004718349781e-05,1.1245470659559942e-05,0.451545387506485,0.0,18.01162905751104,75,69,4.969888210296631,RoadOption.STRAIGHT,65.18121337890625,-57.42359924316406,6.28277624563615,2.8,1.2,4.5,3.0,10.0,0.6,0.01,0.06,0.55,0.16,0.2,0.35,1.5,12,10.0,14.0,0.9,1.2,0.6,0.01,0.06,0.65,0.3,0.72,0.005,0.38,0.22,0.01,0.14,1.0,0.28
pid,ground_truth,curvy,400.0,0.05,0.1,1.0,62.84918965771794,55.01386260986328,-57.41803741455078,16.04186670990956,1.971523244650772,0.0014072024199201605,-0.00012410324177913878,0.0014072024199201605,0.00012410324177913878,-6.025115726515651e-05,-7.425316198350629e-05,0.5389366149902344,0.0,18.01338995456033,75,70,5.167348384857178,RoadOption.STRAIGHT,65.18121337890625,-57.42359924316406,6.28277624563615,2.8,1.2,4.5,3.0,10.0,0.6,0.01,0.06,0.55,0.16,0.2,0.35,1.5,12,10.0,14.0,0.9,1.2,0.6,0.01,0.06,0.65,0.3,0.72,0.005,0.38,0.22,0.01,0.14,1.0,0.28
pid,ground_truth,curvy,400.0,0.05,0.1,1.0,62.899189658463,55.81526184082031,-57.41847610473633,16.01951648934796,1.9938734652123706,0.001296333868258387,-0.00012410324177913878,0.001296333868258387,0.00012410324177913878,0.0068979207426309586,0.006958171899896115,0.5512327551841736,0.0,18.01338995456033,76,70,4.3659491539001465,RoadOption.STRAIGHT,66.06481170654297,-57.41557312011719,0.02175243346765821,2.8,1.2,4.5,3.0,10.0,0.6,0.01,0.06,0.55,0.16,0.2,0.35,1.5,12,10.0,14.0,0.9,1.2,0.6,0.01,0.06,0.65,0.3,0.72,0.005,0.38,0.22,0.01,0.14,1.0,0.28
pid,ground_truth,curvy,400.0,0.05,0.1,1.0,62.94918965920806,56.61580276489258,-57.41830825805664,16.00593164039709,2.0056506814186754,0.0017907620719987217,0.0004114723084898131,0.0017907620719987217,0.0004114723084898131,0.02005229890346527,0.013154378160834312,0.5242193341255188,0.0,18.011582321815766,77,71,4.565408706665039,RoadOption.STRAIGHT,66.93106842041016,-57.3857307434082,0.047124901805061126,2.8,1.2,4.5,3.0,10.0,0.6,0.01,0.06,0.55,0.16,0.2,0.35,1.5,12,10.0,14.0,0.9,1.2,0.6,0.01,0.06,0.65,0.3,0.72,0.005,0.38,0.22,0.01,0.14,1.0,0.28
pid,ground_truth,curvy,400.0,0.05,0.1,1.0,62.99918965995312,57.41581726074219,-57.416175842285156,15.996217416810952,2.0166357687648837,0.004249543861633676,0.002531055036221197,0.004249543861633676,0.002531055036221197,0.024294158443808556,0.004241859540343285,0.5244181156158447,0.0,18.012853185575835,78,72,4.765396595001221,RoadOption.STRAIGHT,67.7962875366211,-57.33391571044922,0.07249763645857306,2.8,1.2,4.5,3.0,10.0,0.6,0.01,0.06,0.55,0.16,0.2,0.35,1.5,12,10.0,14.0,0.9,1.2,0.6,0.01,0.06,0.65,0.3,0.72,0.005,0.38,0.22,0.01,0.14,1.0,0.28
pid,ground_truth,curvy,400.0,0.05,0.1,1.0,63.049189660698175,58.2153205871582,-57.41120147705078,15.98653828885691,2.0267494354626336,0.00955006577663401,0.006375251867972942,0.00955006577663401,0.006375251867972942,0.0265689454972744,0.002274787053465843,0.5242031216621399,0.0,18.013287724319543,79,73,4.965902805328369,RoadOption.STRAIGHT,68.659912109375,-57.260169982910156,0.09787010479597598,2.8,1.2,4.5,3.0,10.0,0.6,0.01,0.06,0.55,0.16,0.2,0.35,1.5,12,10.0,14.0,0.9,1.2,0.6,0.01,0.06,0.65,0.3,0.72,0.005,0.38,0.22,0.01,0.14,1.0,0.28
pid,ground_truth,curvy,400.0,0.05,0.1,1.0,63.09918966144323,59.01431655883789,-57.402854919433594,15.976989546852963,2.034639510658078,0.018222570692558473,0.011503241367731398,0.018222570692558473,0.011503241367731398,0.031833674758672714,0.005264729261398315,0.5197129249572754,0.0,18.01162905751104,80,74,5.166937351226807,RoadOption.STRAIGHT,69.52140045166016,-57.1645393371582,0.1232428394494879,2.8,1.2,4.5,3.0,10.0,0.6,0.01,0.06,0.55,0.16,0.2,0.35,1.5,12,10.0,14.0,0.9,1.2,0.6,0.01,0.06,0.65,0.3,0.72,0.005,0.38,0.22,0.01,0.14,1.0,0.28
pid,ground_truth,curvy,400.0,0.05,0.1,1.0,63.14918966218829,59.81276321411133,-57.39031982421875,15.966583635055967,2.0468063195043644,0.031083389711937567,0.017813739930215178,0.031083389711937567,0.017813739930215178,0.037316836416721344,0.00548316165804863,0.5343644618988037,0.0,18.01338995456033,81,75,5.368553638458252,RoadOption.STRAIGHT,70.38017272949219,-57.047080993652344,0.14861557410299983,2.8,1.2,4.5,3.0,10.0,0.6,0.01,0.06,0.55,0.16,0.2,0.35,1.5,12,10.0,14.0,0.9,1.2,0.6,0.01,0.06,0.65,0.3,0.72,0.005,0.38,0.22,0.01,0.14,1.0,0.28
pid,ground_truth,curvy,400.0,0.05,0.1,1.0,63.19918966293335,60.61056900024414,-57.37256622314453,15.95633313809351,2.055249183722255,0.16163041807254208,0.003223748177162644,0.16163041807254208,0.003223748177162644,0.04136636108160019,0.004049524664878845,0.5257948637008667,0.0,18.011582321815766,82,76,5.454412937164307,RoadOption.STRAIGHT,71.23568725585938,-56.907875061035156,0.17398830875651175,2.8,1.2,4.5,3.0,10.0,0.6,0.01,0.06,0.55,0.16,0.2,0.35,1.5,12,10.0,14.0,0.9,1.2,0.6,0.01,0.06,0.65,0.3,0.72,0.005,0.38,0.22,0.01,0.14,1.0,0.28
pid,ground_truth,curvy,400.0,0.05,0.1,1.0,63.24918966367841,61.407737731933594,-57.348724365234375,15.946942906199546,2.06591027937629,0.2971553829445053,-0.013369780235551687,0.2971553829445053,0.013369780235551687,0.04509393125772476,0.0037275701761245728,0.5343513488769531,0.0,18.012853185575835,83,77,5.5234551429748535,RoadOption.STRAIGHT,72.08740234375,-56.74700927734375,0.19936104341002367,2.8,1.2,4.5,3.0,10.0,0.6,0.01,0.06,0.55,0.16,0.2,0.35,1.5,12,10.0,14.0,0.9,1.2,0.6,0.01,0.06,0.65,0.3,0.72,0.005,0.38,0.22,0.01,0.14,1.0,0.28
pid,ground_truth,curvy,400.0,0.05,0.1,1.0,63.299189664423466,62.20419692993164,-57.317962646484375,15.937848912949887,2.075438811369656,0.42096946774286365,-0.02886728470164357,0.42096946774286365,0.02886728470164357,0.04898875579237938,0.0038948245346546173,0.5332764387130737,0.0,18.013287724319543,84,78,5.592113494873047,RoadOption.STRAIGHT,72.93476104736328,-56.56459045410156,0.2247335117474266,2.8,1.2,4.5,3.0,10.0,0.6,0.01,0.06,0.55,0.16,0.2,0.35,1.5,12,10.0,14.0,0.9,1.2,0.6,0.01,0.06,0.65,0.3,0.72,0.005,0.38,0.22,0.01,0.14,1.0,0.28
pid,ground_truth,curvy,400.0,0.05,0.1,1.0,63.349189665168524,62.999900817871094,-57.27946090698242,15.92954394450367,2.08208511300737,0.533863379732979,-0.043331137286080956,0.533863379732979,0.043331137286080956,0.05270092934370041,0.0037121735513210297,0.52666836977005,0.0,18.01162905751104,85,79,5.6600446701049805,RoadOption.STRAIGHT,73.77721405029297,-56.36072540283203,0.25010624640093854,2.8,1.2,4.5,3.0,10.0,0.6,0.01,0.06,0.55,0.16,0.2,0.35,1.5,12,10.0,14.0,0.9,1.2,0.6,0.01,0.06,0.65,0.3,0.72,0.005,0.38,0.22,0.01,0.14,1.0,0.28
pid,ground_truth,curvy,400.0,0.05,0.1,1.0,63.39918966591358,63.794715881347656,-57.232421875,15.920781791293438,2.0926081632668936,0.6366199202703106,-0.05680451032684708,0.6366199202703106,0.05680451032684708,-0.04729906842112541,-0.09999999776482582,0.5398383140563965,0.0,18.01338995456033,85,80,5.727087497711182,RoadOption.STRAIGHT,73.77721405029297,-56.36072540283203,0.25010624640093854,2.8,1.2,4.5,3.0,10.0,0.6,0.01,0.06,0.55,0.16,0.2,0.35,1.5,12,10.0,14.0,0.9,1.2,0.6,0.01,0.06,0.65,0.3,0.72,0.005,0.38,0.22,0.01,0.14,1.0,0.28
pid,ground_truth,curvy,400.0,0.05,0.1,1.0,63.44918966665864,64.58900451660156,-57.18329620361328,15.912287959534291,2.10110199502604,0.5877302150337123,-0.05055250664129085,0.5877302150337123,0.05055250664129085,0.05270092934370041,0.09999999776482582,0.5360251665115356,0.0,18.01338995456033,86,80,4.932431697845459,RoadOption.STRAIGHT,74.61422729492188,-56.135562896728516,0.27547898105445046,2.8,1.2,4.5,3.0,10.0,0.6,0.01,0.06,0.55,0.16,0.2,0.35,1.5,12,10.0,14.0,0.9,1.2,0.6,0.01,0.06,0.65,0.3,0.72,0.005,0.38,0.22,0.01,0.14,1.0,0.28
pid,ground_truth,curvy,400.0,0.05,0.1,1.0,63.4991896674037,65.3825454711914,-57.129676818847656,15.902896062566853,2.1086862592489126,0.6583088445624874,-0.07151830890196686,0.6583088445624874,0.07151830890196686,0.14012648165225983,0.08742555230855942,0.5351468920707703,0.0,18.011582321815766,87,81,4.998310089111328,RoadOption.STRAIGHT,75.44525909423828,-55.88922882080078,0.3008514493918534,2.8,1.2,4.5,3.0,10.0,0.6,0.01,0.06,0.55,0.16,0.2,0.35,1.5,12,10.0,14.0,0.9,1.2,0.6,0.01,0.06,0.65,0.3,0.72,0.005,0.38,0.22,0.01,0.14,1.0,0.28
pid,ground_truth,curvy,400.0,0.05,0.1,1.0,63.549189668148756,66.1738510131836,-57.062591552734375,15.868137088442948,2.1433977409894798,0.7238830213444649,-0.08478934827891438,0.7238830213444649,0.08478934827891438,0.09101614356040955,-0.04911033809185028,0.618739664554596,0.0,18.011534829432428,88,82,5.064200401306152,RoadOption.STRAIGHT,76.269775390625,-55.62189865112305,0.3262241840453653,2.8,1.2,4.5,3.0,10.0,0.6,0.01,0.06,0.55,0.16,0.2,0.35,1.5,12,10.0,14.0,0.9,1.2,0.6,0.01,0.06,0.65,0.3,0.72,0.005,0.38,0.22,0.01,0.14,1.0,0.28
pid,ground_truth,curvy,400.0,0.05,0.1,1.0,63.599189668893814,66.96282196044922,-56.98151397705078,15.864062945615315,2.1492247787042285,0.7850276931361407,-0.09202397518292615,0.7850276931361407,0.09202397518292615,0.05003327131271362,-0.04098287224769592,0.5391451716423035,0.0,18.013287724319543,89,83,5.129943370819092,RoadOption.STRAIGHT,77.08724212646484,-55.33373260498047,0.3515966523827682,2.8,1.2,4.5,3.0,10.0,0.6,0.01,0.06,0.55,0.16,0.2,0.35,1.5,12,10.0,14.0,0.9,1.2,0.6,0.01,0.06,0.65,0.3,0.72,0.005,0.38,0.22,0.01,0.14,1.0,0.28
pid,ground_truth,curvy,400.0,0.05,0.1,1.0,63.64918966963887,67.751220703125,-56.89061737060547,15.878062120870595,2.1335669366404453,0.837305764062818,-0.10004279483704659,0.837305764062818,0.10004279483704659,0.06528738141059875,0.015254110097885132,0.47554275393486023,0.0,18.01162905751104,90,84,5.193783760070801,RoadOption.STRAIGHT,77.89713287353516,-55.02491760253906,0.37696938703628013,2.8,1.2,4.5,3.0,10.0,0.6,0.01,0.06,0.55,0.16,0.2,0.35,1.5,12,10.0,14.0,0.9,1.2,0.6,0.01,0.06,0.65,0.3,0.72,0.005,0.38,0.22,0.01,0.14,1.0,0.28
pid,ground_truth,curvy,400.0,0.05,0.1,1.0,63.69918967038393,68.53858184814453,-56.788978576660156,15.875640046201626,2.1397342870835008,0.881669063037452,-0.10895840902111642,0.881669063037452,0.10895840902111642,0.0818014144897461,0.01651403307914734,0.5380101203918457,0.0,18.015374333285127,91,85,5.256108283996582,RoadOption.STRAIGHT,78.69892883300781,-54.69565963745117,0.40234185537368305,2.8,1.2,4.5,3.0,10.0,0.6,0.01,0.06,0.55,0.16,0.2,0.35,1.5,12,10.0,14.0,0.9,1.2,0.6,0.01,0.06,0.65,0.3,0.72,0.005,0.38,0.22,0.01,0.14,1.0,0.28
pid,ground_truth,curvy,400.0,0.05,0.1,1.0,63.74918967112899,69.32350158691406,-56.67416000366211,15.860086194150735,2.1501671438457777,0.9208298177640035,-0.11670281489203926,0.9208298177640035,0.11670281489203926,0.08011894673109055,-0.001682467758655548,0.5522487759590149,0.0,18.010253337996513,92,86,5.318069934844971,RoadOption.STRAIGHT,79.49211120605469,-54.346160888671875,0.427714590027195,2.8,1.2,4.5,3.0,10.0,0.6,0.01,0.06,0.55,0.16,0.2,0.35,1.5,12,10.0,14.0,0.9,1.2,0.6,0.01,0.06,0.65,0.3,0.72,0.005,0.38,0.22,0.01,0.14,1.0,0.28
pid,ground_truth,curvy,400.0,0.05,0.1,1.0,63.799189671874046,70.1056137084961,-56.54547882080078,15.849246887625315,2.1622879418071133,0.9555416955207022,-0.12326630855659415,0.9555416955207022,0.12326630855659415,0.07721804082393646,-0.0029009059071540833,0.5596415996551514,0.0,18.011534829432428,93,87,5.37982177734375,RoadOption.STRAIGHT,80.27617645263672,-53.976654052734375,0.4530873246807069,2.8,1.2,4.5,3.0,10.0,0.6,0.01,0.06,0.55,0.16,0.2,0.35,1.5,12,10.0,14.0,0.9,1.2,0.6,0.01,0.06,0.65,0.3,0.72,0.005,0.38,0.22,0.01,0.14,1.0,0.28
pid,ground_truth,curvy,400.0,0.05,0.1,1.0,63.849189672619104,70.88494110107422,-56.40291213989258,15.843825554435394,2.1665989466962223,0.98584839645187,-0.1293936763031347,0.98584839645187,0.1293936763031347,0.0799049511551857,0.002686910331249237,0.538722574710846,0.0,18.010424501131617,94,88,5.441178798675537,RoadOption.STRAIGHT,81.05061340332031,-53.587379455566406,0.4784597930181098,2.8,1.2,4.5,3.0,10.0,0.6,0.01,0.06,0.55,0.16,0.2,0.35,1.5,12,10.0,14.0,0.9,1.2,0.6,0.01,0.06,0.65,0.3,0.72,0.005,0.38,0.22,0.01,0.14,1.0,0.28
pid,ground_truth,curvy,400.0,0.05,0.1,1.0,63.89918967336416,71.66128540039062,-56.246028900146484,15.838911924489894,2.1744445949045694,1.0121987382836775,-0.13519618833095626,1.0121987382836775,0.13519618833095626,0.08311717957258224,0.0032122284173965454,0.5503455996513367,0.0,18.013356519394463,95,89,5.502117156982422,RoadOption.STRAIGHT,81.81492614746094,-53.1785774230957,0.5038325276716218,2.8,1.2,4.5,3.0,10.0,0.6,0.01,0.06,0.55,0.16,0.2,0.35,1.5,12,10.0,14.0,0.9,1.2,0.6,0.01,0.06,0.65,0.3,0.72,0.005,0.38,0.22,0.01,0.14,1.0,0.28
pid,ground_truth,curvy,400.0,0.05,0.1,1.0,63.94918967410922,72.43416595458984,-56.07427978515625,15.832856128072399,2.18088638881264,1.0352611946933497,-0.14050473391083873,1.0352611946933497,0.14050473391083873,0.08439992368221283,0.0012827441096305847,0.5478320121765137,0.0,18.01374251688504,96,90,5.562838554382324,RoadOption.STRAIGHT,82.56861877441406,-52.750518798828125,0.5292052623251337,2.8,1.2,4.5,3.0,10.0,0.6,0.01,0.06,0.55,0.16,0.2,0.35,1.5,12,10.0,14.0,0.9,1.2,0.6,0.01,0.06,0.65,0.3,0.72,0.005,0.38,0.22,0.01,0.14,1.0,0.28
pid,ground_truth,curvy,400.0,0.05,0.1,1.0,63.99918967485428,73.2032241821289,-55.88731384277344,15.82755436187782,2.1826989761186937,1.0554800491351486,-0.14532482245728673,1.0554800491351486,0.14532482245728673,0.08523073047399521,0.0008308067917823792,0.535269021987915,0.0,18.010253337996513,97,91,5.623416423797607,RoadOption.STRAIGHT,83.31121826171875,-52.30347442626953,0.5545779969786456,2.8,1.2,4.5,3.0,10.0,0.6,0.01,0.06,0.55,0.16,0.2,0.35,1.5,12,10.0,14.0,0.9,1.2,0.6,0.01,0.06,0.65,0.3,0.72,0.005,0.38,0.22,0.01,0.14,1.0,0.28
pid,ground_truth,curvy,400.0,0.05,0.1,1.0,64.04918967559934,73.96807861328125,-55.68490219116211,15.821251357391073,2.1902834720413544,1.0731842355668806,-0.14976003429194762,1.0731842355668806,0.14976003429194762,0.0864824652671814,0.0012517347931861877,0.5530989766120911,0.0,18.011534829432428,98,92,5.683939456939697,RoadOption.STRAIGHT,84.04222106933594,-51.83773422241211,0.5799507316321575,2.8,1.2,4.5,3.0,10.0,0.6,0.01,0.06,0.55,0.16,0.2,0.35,1.5,12,10.0,14.0,0.9,1.2,0.6,0.01,0.06,0.65,0.3,0.72,0.005,0.38,0.22,0.01,0.14,1.0,0.28
pid,ground_truth,curvy,400.0,0.05,0.1,1.0,64.0991896763444,74.7282485961914,-55.46685028076172,15.81435049352397,2.1960740076076473,1.088733636169076,-0.15386140223921085,1.088733636169076,0.15386140223921085,0.08776026964187622,0.0012778043746948242,0.5493497848510742,0.0,18.010424501131617,99,93,5.744579315185547,RoadOption.STRAIGHT,84.76118469238281,-51.353599548339844,0.6053231999695604,2.8,1.2,4.5,3.0,10.0,0.6,0.01,0.06,0.55,0.16,0.2,0.35,1.5,12,10.0,14.0,0.9,1.2,0.6,0.01,0.06,0.65,0.3,0.72,0.005,0.38,0.22,0.01,0.14,1.0,0.28
pid,ground_truth,curvy,400.0,0.05,0.1,1.0,64.14918967708945,75.4833755493164,-55.23295593261719,15.808525332195691,2.2048311871987725,1.1024391049524571,-0.15763969545673318,1.1024391049524571,0.15763969545673318,-0.012239731848239899,-0.10000000149011612,0.5595829486846924,0.0,18.013356519394463,99,94,5.805347442626953,RoadOption.STRAIGHT,84.76118469238281,-51.353599548339844,0.6053231999695604,2.8,1.2,4.5,3.0,10.0,0.6,0.01,0.06,0.55,0.16,0.2,0.35,1.5,12,10.0,14.0,0.9,1.2,0.6,0.01,0.06,0.65,0.3,0.72,0.005,0.38,0.22,0.01,0.14,1.0,0.28
pid,ground_truth,curvy,400.0,0.05,0.1,1.0,64.19918967783451,76.23576354980469,-54.989559173583984,15.819079597419341,2.1942769219751224,0.9720948310651649,-0.14219945311526727,0.9720948310651649,0.14219945311526727,0.08776026964187622,0.10000000149011612,0.503188967704773,0.0,18.013356519394463,100,94,5.014866828918457,RoadOption.STRAIGHT,85.4676284790039,-50.851383209228516,0.6306959346230724,2.8,1.2,4.5,3.0,10.0,0.6,0.01,0.06,0.55,0.16,0.2,0.35,1.5,12,10.0,14.0,0.9,1.2,0.6,0.01,0.06,0.65,0.3,0.72,0.005,0.38,0.22,0.01,0.14,1.0,0.28
pid,ground_truth,curvy,400.0,0.05,0.1,1.0,64.24918967857957,76.98421478271484,-54.734657287597656,15.80619255059253,2.2075499662925093,0.9694773954136593,-0.15433088424987806,0.9694773954136593,0.15433088424987806,0.1674572080373764,0.07969693839550018,0.5728254914283752,0.0,18.01374251688504,101,95,5.075151443481445,RoadOption.STRAIGHT,86.16111755371094,-50.33140182495117,0.6560684029604753,2.8,1.2,4.5,3.0,10.0,0.6,0.01,0.06,0.55,0.16,0.2,0.35,1.5,12,10.0,14.0,0.9,1.2,0.6,0.01,0.06,0.65,0.3,0.72,0.005,0.38,0.22,0.01,0.14,1.0,0.28
pid,ground_truth,curvy,400.0,0.05,0.1,1.0,64.29918967932463,77.72425842285156,-54.46119689941406,15.76143664876913,2.247828418810954,0.9689911106454663,-0.1596029445228262,0.9689911106454663,0.1596029445228262,0.11785922944545746,-0.049597978591918945,0.6573019027709961,0.0,18.009265067580085,102,96,5.137533664703369,RoadOption.STRAIGHT,86.84117126464844,-49.79399490356445,0.6814411376139872,2.8,1.2,4.5,3.0,10.0,0.6,0.01,0.06,0.55,0.16,0.2,0.35,1.5,12,10.0,14.0,0.9,1.2,0.6,0.01,0.06,0.65,0.3,0.72,0.005,0.38,0.22,0.01,0.14,1.0,0.28
pid,ground_truth,curvy,400.0,0.05,0.1,1.0,64.34918968006968,78.4560546875,-54.169403076171875,15.759853488419525,2.251681341012903,0.9703859639114576,-0.15974775390709928,0.9703859639114576,0.15974775390709928,0.07777679711580276,-0.040082432329654694,0.5561580657958984,0.0,18.011534829432428,103,97,5.201375484466553,RoadOption.STRAIGHT,87.50738525390625,-49.2395133972168,0.7068138722674991,2.8,1.2,4.5,3.0,10.0,0.6,0.01,0.06,0.55,0.16,0.2,0.35,1.5,12,10.0,14.0,0.9,1.2,0.6,0.01,0.06,0.65,0.3,0.72,0.005,0.38,0.22,0.01,0.14,1.0,0.28
pid,ground_truth,curvy,400.0,0.05,0.1,1.0,64.39918968081474,79.18260192871094,-53.86252212524414,15.783069316653217,2.227276412638899,0.9692732165984765,-0.16076827723681753,0.9692732165984765,0.16076827723681753,0.08730830252170563,0.009531505405902863,0.47166702151298523,0.0,18.010345729292116,104,98,5.2645673751831055,RoadOption.STRAIGHT,88.15930938720703,-48.66830062866211,0.7321863406049021,2.8,1.2,4.5,3.0,10.0,0.6,0.01,0.06,0.55,0.16,0.2,0.35,1.5,12,10.0,14.0,0.9,1.2,0.6,0.01,0.06,0.65,0.3,0.72,0.005,0.38,0.22,0.01,0.14,1.0,0.28
pid,ground_truth,curvy,400.0,0.05,0.1,1.0,64.4491896815598,79.90324401855469,-53.54046630859375,15.78641766842836,2.2281175374327873,0.9660032736456443,-0.1630791686937063,0.9660032736456443,0.1630791686937063,0.10078728199005127,0.013478979468345642,0.5425410270690918,0.0,18.014535205861147,105,99,5.327474117279053,RoadOption.STRAIGHT,88.79653930664062,-48.08073806762695,0.757559075258414,2.8,1.2,4.5,3.0,10.0,0.6,0.01,0.06,0.55,0.16,0.2,0.35,1.5,12,10.0,14.0,0.9,1.2,0.6,0.01,0.06,0.65,0.3,0.72,0.005,0.38,0.22,0.01,0.14,1.0,0.28
pid,ground_truth,curvy,400.0,0.05,0.1,1.0,64.49918968230486,80.61587524414062,-53.20210647583008,15.772231997387053,2.241510519497986,0.9626278073389052,-0.16496332187542384,0.9626278073389052,0.16496332187542384,0.09943294525146484,-0.0013543367385864258,0.5806326866149902,0.0,18.01374251688504,106,100,5.391234874725342,RoadOption.STRAIGHT,89.41865539550781,-47.477195739746094,0.782931543595817,2.8,1.2,4.5,3.0,10.0,0.6,0.01,0.06,0.55,0.16,0.2,0.35,1.5,12,10.0,14.0,0.9,1.2,0.6,0.01,0.06,0.65,0.3,0.72,0.005,0.38,0.22,0.01,0.14,1.0,0.28
pid,ground_truth,curvy,400.0,0.05,0.1,1.0,64.54918968304992,81.31976318359375,-52.84723663330078,15.763501935459228,2.2457631321208567,0.9597170657524723,-0.16620102599203834,0.9597170657524723,0.16620102599203834,0.09550154954195023,-0.003931395709514618,0.5559751987457275,0.0,18.009265067580085,107,101,5.456018924713135,RoadOption.STRAIGHT,90.02526092529297,-46.85806655883789,0.8083042782493288,2.8,1.2,4.5,3.0,10.0,0.6,0.01,0.06,0.55,0.16,0.2,0.35,1.5,12,10.0,14.0,0.9,1.2,0.6,0.01,0.06,0.65,0.3,0.72,0.005,0.38,0.22,0.01,0.14,1.0,0.28
pid,ground_truth,curvy,400.0,0.05,0.1,1.0,64.59918968379498,82.01496124267578,-52.47602844238281,15.761006093612714,2.2516373158780354,0.9570486924205595,-0.16734062591199672,0.9570486924205595,0.16734062591199672,0.09578783810138702,0.0002862885594367981,0.5618079304695129,0.0,18.01264340949075,108,102,5.5213775634765625,RoadOption.STRAIGHT,90.61595916748047,-46.2237434387207,0.8336770129028408,2.8,1.2,4.5,3.0,10.0,0.6,0.01,0.06,0.55,0.16,0.2,0.35,1.5,12,10.0,14.0,0.9,1.2,0.6,0.01,0.06,0.65,0.3,0.72,0.005,0.38,0.22,0.01,0.14,1.0,0.28
pid,ground_truth,curvy,400.0,0.05,0.1,1.0,64.64918968454003,82.70110321044922,-52.08859634399414,15.758897157511159,2.2514485717809567,0.9547259864337994,-0.16854211103778605,0.9547259864337994,0.16854211103778605,0.09725305438041687,0.0014652162790298462,0.5447902083396912,0.0,18.010345729292116,109,103,5.587273597717285,RoadOption.STRAIGHT,91.19037628173828,-45.57463836669922,0.8590494812402437,2.8,1.2,4.5,3.0,10.0,0.6,0.01,0.06,0.55,0.16,0.2,0.35,1.5,12,10.0,14.0,0.9,1.2,0.6,0.01,0.06,0.65,0.3,0.72,0.005,0.38,0.22,0.01,0.14,1.0,0.28
pid,ground_truth,curvy,400.0,0.05,0.1,1.0,64.69918968528509,83.37769317626953,-51.68494415283203,15.755662778305966,2.260218686303718,0.9529753759754467,-0.16968051253525385,0.9529753759754467,0.16968051253525385,0.09750306606292725,0.000250011682510376,0.571804404258728,0.0,18.015881464609684,110,104,5.653670787811279,RoadOption.STRAIGHT,91.7481460571289,-44.911170959472656,0.8844222158937556,2.8,1.2,4.5,3.0,10.0,0.6,0.01,0.06,0.55,0.16,0.2,0.35,1.5,12,10.0,14.0,0.9,1.2,0.6,0.01,0.06,0.65,0.3,0.72,0.005,0.38,0.22,0.01,0.14,1.0,0.28
pid,ground_truth,curvy,400.0,0.05,0.1,1.0,64.74918968603015,84.04419708251953,-51.26519012451172,15.752854844839096,2.2608876720459428,0.9520189149073399,-0.1707164821992948,0.9520189149073399,0.1707164821992948,0.09718788415193558,-0.0003151819109916687,0.5492684245109558,0.0,18.01374251688504,111,105,5.720620155334473,RoadOption.STRAIGHT,92.28890228271484,-44.23377227783203,0.909794817389213,2.8,1.2,4.5,3.0,10.0,0.6,0.01,0.06,0.55,0.16,0.2,0.35,1.5,12,10.0,14.0,0.9,1.2,0.6,0.01,0.06,0.65,0.3,0.72,0.005,0.38,0.22,0.01,0.14,1.0,0.28
pid,ground_truth,curvy,400.0,0.05,0.1,1.0,64.79918968677521,84.70030975341797,-50.82949447631836,15.75133861561995,2.2579264519601345,0.9518615820306304,-0.17170125259137903,0.9518615820306304,0.17170125259137903,-0.0028121192008256912,-0.10000000335276127,0.5384523868560791,0.0,18.009265067580085,111,106,5.787978649139404,RoadOption.STRAIGHT,92.28890228271484,-44.23377227783203,0.909794817389213,2.8,1.2,4.5,3.0,10.0,0.6,0.01,0.06,0.55,0.16,0.2,0.35,1.5,12,10.0,14.0,0.9,1.2,0.6,0.01,0.06,0.65,0.3,0.72,0.005,0.38,0.22,0.01,0.14,1.0,0.28
pid,ground_truth,curvy,400.0,0.05,0.1,1.0,64.84918968752027,85.34999084472656,-50.38337707519531,15.766199698130206,2.2430653694498783,0.8098320040741114,-0.1536008119265464,0.8098320040741114,0.1536008119265464,0.09718788415193558,0.10000000335276127,0.5018633604049683,0.0,18.009265067580085,112,106,4.999992370605469,RoadOption.STRAIGHT,92.81228637695312,-43.54286575317383,0.935167552042725,2.8,1.2,4.5,3.0,10.0,0.6,0.01,0.06,0.55,0.16,0.2,0.35,1.5,12,10.0,14.0,0.9,1.2,0.6,0.01,0.06,0.65,0.3,0.72,0.005,0.38,0.22,0.01,0.14,1.0,0.28
pid,ground_truth,curvy,400.0,0.05,0.1,1.0,64.89918968826532,85.99127960205078,-49.92558670043945,15.749384596490577,2.2632588130001725,0.7982254307070407,-0.16322534294803814,0.7982254307070407,0.16322534294803814,0.1732708215713501,0.07608293741941452,0.6044585704803467,0.0,18.01264340949075,113,107,5.067809104919434,RoadOption.STRAIGHT,93.3179931640625,-42.838905334472656,0.9605401535381823,2.8,1.2,4.5,3.0,10.0,0.6,0.01,0.06,0.55,0.16,0.2,0.35,1.5,12,10.0,14.0,0.9,1.2,0.6,0.01,0.06,0.65,0.3,0.72,0.005,0.38,0.22,0.01,0.14,1.0,0.28
pid,ground_truth,curvy,400.0,0.05,0.1,1.0,64.94918968901038,86.61788940429688,-49.45107650756836,15.702385909630964,2.3079598196611517,0.7909252904434125,-0.16632512929883614,0.7909252904434125,0.16632512929883614,0.12335097044706345,-0.04991985112428665,0.6829139590263367,0.0,18.010345729292116,114,108,5.138116836547852,RoadOption.STRAIGHT,93.8056640625,-42.12234115600586,0.9859128881916943,2.8,1.2,4.5,3.0,10.0,0.6,0.01,0.06,0.55,0.16,0.2,0.35,1.5,12,10.0,14.0,0.9,1.2,0.6,0.01,0.06,0.65,0.3,0.72,0.005,0.38,0.22,0.01,0.14,1.0,0.28
pid,ground_truth,curvy,400.0,0.05,0.1,1.0,64.99918968975544,87.23045349121094,-48.960140228271484,15.70588409284671,2.3051000544240807,0.7872749296160784,-0.16470253182567784,0.7872749296160784,0.16470253182567784,0.08398447185754776,-0.039366498589515686,0.5491146445274353,0.0,18.01098414727079,115,109,5.20985746383667,RoadOption.STRAIGHT,94.2750015258789,-41.39363479614258,1.0112856228452063,2.8,1.2,4.5,3.0,10.0,0.6,0.01,0.06,0.55,0.16,0.2,0.35,1.5,12,10.0,14.0,0.9,1.2,0.6,0.01,0.06,0.65,0.3,0.72,0.005,0.38,0.22,0.01,0.14,1.0,0.28
pid,ground_truth,curvy,400.0,0.05,0.1,1.0,65.0491896905005,87.83284759521484,-48.45489501953125,15.735934491220362,2.278904195395924,0.7828875618979776,-0.1640800844998993,0.7828875618979776,0.1640800844998993,0.09208488464355469,0.008100412786006927,0.47801050543785095,0.0,18.014838686616287,116,110,5.2808661460876465,RoadOption.STRAIGHT,94.7257080078125,-40.65325927734375,1.036658091182609,2.8,1.2,4.5,3.0,10.0,0.6,0.01,0.06,0.55,0.16,0.2,0.35,1.5,12,10.0,14.0,0.9,1.2,0.6,0.01,0.06,0.65,0.3,0.72,0.005,0.38,0.22,0.01,0.14,1.0,0.28
pid,ground_truth,curvy,400.0,0.05,0.1,1.0,65.09918969124556,88.4244384765625,-47.93568420410156,15.743638185343737,2.2656268822363472,0.7778895672397743,-0.1648868225731115,0.7778895672397743,0.1648868225731115,0.10442453622817993,0.012339651584625244,0.5112614631652832,0.0,18.009265067580085,117,111,5.351470470428467,RoadOption.STRAIGHT,95.15748596191406,-39.90167999267578,1.062030825836121,2.8,1.2,4.5,3.0,10.0,0.6,0.01,0.06,0.55,0.16,0.2,0.35,1.5,12,10.0,14.0,0.9,1.2,0.6,0.01,0.06,0.65,0.3,0.72,0.005,0.38,0.22,0.01,0.14,1.0,0.28
pid,ground_truth,curvy,400.0,0.05,0.1,1.0,65.14918969199061,89.00289154052734,-47.40235137939453,15.730242707230586,2.2795147560780915,0.7741012049485372,-0.16549602067246694,0.7741012049485372,0.16549602067246694,0.1028599888086319,-0.0015645474195480347,0.5903792977333069,0.0,18.009757463308677,118,112,5.422833442687988,RoadOption.STRAIGHT,95.57005310058594,-39.13939666748047,1.0874032941735239,2.8,1.2,4.5,3.0,10.0,0.6,0.01,0.06,0.55,0.16,0.2,0.35,1.5,12,10.0,14.0,0.9,1.2,0.6,0.01,0.06,0.65,0.3,0.72,0.005,0.38,0.22,0.01,0.14,1.0,0.28
pid,ground_truth,curvy,400.0,0.05,0.1,1.0,65.19918969273567,89.56731414794922,-46.85520553588867,15.718652889076852,2.291692840215264,0.7720351655813702,-0.16565188217526394,0.7720351655813702,0.16565188217526394,0.09859265387058258,-0.004267334938049316,0.5882710814476013,0.0,18.010345729292116,119,113,5.495294570922852,RoadOption.STRAIGHT,95.96314239501953,-38.36688995361328,1.1127760288270359,2.8,1.2,4.5,3.0,10.0,0.6,0.01,0.06,0.55,0.16,0.2,0.35,1.5,12,10.0,14.0,0.9,1.2,0.6,0.01,0.06,0.65,0.3,0.72,0.005,0.38,0.22,0.01,0.14,1.0,0.28
pid,ground_truth,curvy,400.0,0.05,0.1,1.0,65.24918969348073,90.11790466308594,-46.29445266723633,15.718183513164679,2.2928006341061113,0.7713349796462761,-0.1658530839956196,0.7713349796462761,0.1658530839956196,0.09829047322273254,-0.0003021806478500366,0.557517945766449,0.0,18.01098414727079,120,114,5.5683112144470215,RoadOption.STRAIGHT,96.33650970458984,-37.584659576416016,1.1381487634805478,2.8,1.2,4.5,3.0,10.0,0.6,0.01,0.06,0.55,0.16,0.2,0.35,1.5,12,10.0,14.0,0.9,1.2,0.6,0.01,0.06,0.65,0.3,0.72,0.005,0.38,0.22,0.01,0.14,1.0,0.28
pid,ground_truth,curvy,400.0,0.05,0.1,1.0,65.29918969422579,90.65459442138672,-45.72023010253906,15.720533478797936,2.2929730573182354,0.7719152177696738,-0.1662394420907627,0.7719152177696738,0.1662394420907627,0.09918434172868729,0.0008938685059547424,0.5549368858337402,0.0,18.01350653611617,121,115,5.6415228843688965,RoadOption.STRAIGHT,96.68991088867188,-36.793209075927734,1.1635213649760052,2.8,1.2,4.5,3.0,10.0,0.6,0.01,0.06,0.55,0.16,0.2,0.35,1.5,12,10.0,14.0,0.9,1.2,0.6,0.01,0.06,0.65,0.3,0.72,0.005,0.38,0.22,0.01,0.14,1.0,0.28
pid,ground_truth,curvy,400.0,0.05,0.1,1.0,65.34918969497085,91.17691802978516,-45.132835388183594,15.720800171653336,2.292712338901394,0.7739207984319911,-0.1666927121082944,0.7739207984319911,0.1666927121082944,0.09905055165290833,-0.00013379007577896118,0.5536667108535767,0.0,18.01351251055473,122,116,5.714938163757324,RoadOption.STRAIGHT,97.02312469482422,-35.9930419921875,1.1888940996295172,2.8,1.2,4.5,3.0,10.0,0.6,0.01,0.06,0.55,0.16,0.2,0.35,1.5,12,10.0,14.0,0.9,1.2,0.6,0.01,0.06,0.65,0.3,0.72,0.005,0.38,0.22,0.01,0.14,1.0,0.28
pid,ground_truth,curvy,400.0,0.05,0.1,1.0,65.3991896957159,91.6844482421875,-44.53266906738281,15.719738692080368,2.2900187712283095,0.77741298846757,-0.16716782004676434,0.77741298846757,0.16716782004676434,-0.0009494471596553922,-0.09999999881256372,0.5462621450424194,0.0,18.009757463308677,122,117,5.788614273071289,RoadOption.STRAIGHT,97.02312469482422,-35.9930419921875,1.1888940996295172,2.8,1.2,4.5,3.0,10.0,0.6,0.01,0.06,0.55,0.16,0.2,0.35,1.5,12,10.0,14.0,0.9,1.2,0.6,0.01,0.06,0.65,0.3,0.72,0.005,0.38,0.22,0.01,0.14,1.0,0.28
pid,ground_truth,curvy,400.0,0.05,0.1,1.0,65.44918969646096,92.18257904052734,-43.92391586303711,15.736970723715515,2.272786739593162,0.6388955657537405,-0.1485720314191772,0.6388955657537405,0.1485720314191772,0.09905055165290833,0.09999999881256372,0.5017634034156799,0.0,18.009757463308677,123,117,5.00284481048584,RoadOption.STRAIGHT,97.33592987060547,-35.18468475341797,1.2142667011249746,2.8,1.2,4.5,3.0,10.0,0.6,0.01,0.06,0.55,0.16,0.2,0.35,1.5,12,10.0,14.0,0.9,1.2,0.6,0.01,0.06,0.65,0.3,0.72,0.005,0.38,0.22,0.01,0.14,1.0,0.28
pid,ground_truth,curvy,400.0,0.05,0.1,1.0,65.49918969720602,92.6690902709961,-43.30595016479492,15.721763964969835,2.290770263827124,0.6320229669405499,-0.1577247834535611,0.6320229669405499,0.1577247834535611,0.1732121706008911,0.07416161894798279,0.6043233275413513,0.0,18.01253422879696,124,118,5.0769829750061035,RoadOption.STRAIGHT,97.62812805175781,-34.36865234375,1.239639302620432,2.8,1.2,4.5,3.0,10.0,0.6,0.01,0.06,0.55,0.16,0.2,0.35,1.5,12,10.0,14.0,0.9,1.2,0.6,0.01,0.06,0.65,0.3,0.72,0.005,0.38,0.22,0.01,0.14,1.0,0.28
pid,ground_truth,curvy,400.0,0.05,0.1,1.0,65.54918969795108,93.13663482666016,-42.675804138183594,15.676089628273255,2.334894518997535,0.6298914804010145,-0.16043581486423486,0.6298914804010145,0.16043581486423486,0.1229187473654747,-0.05029342323541641,0.6872246861457825,0.0,18.01098414727079,125,119,5.15324068069458,RoadOption.STRAIGHT,97.89952087402344,-33.54546356201172,1.2650119041158894,2.8,1.2,4.5,3.0,10.0,0.6,0.01,0.06,0.55,0.16,0.2,0.35,1.5,12,10.0,14.0,0.9,1.2,0.6,0.01,0.06,0.65,0.3,0.72,0.005,0.38,0.22,0.01,0.14,1.0,0.28
pid,ground_truth,curvy,400.0,0.05,0.1,1.0,65.59918969869614,93.58599090576172,-42.03366470336914,15.681262310141888,2.332244225974284,0.6317223450968343,-0.158613813204457,0.6317223450968343,0.158613813204457,0.08421574532985687,-0.03870300203561783,0.5556728839874268,0.0,18.01350653611617,126,120,5.230583667755127,RoadOption.STRAIGHT,98.14994812011719,-32.71565628051758,1.2903845056113468,2.8,1.2,4.5,3.0,10.0,0.6,0.01,0.06,0.55,0.16,0.2,0.35,1.5,12,10.0,14.0,0.9,1.2,0.6,0.01,0.06,0.65,0.3,0.72,0.005,0.38,0.22,0.01,0.14,1.0,0.28
pid,ground_truth,curvy,400.0,0.05,0.1,1.0,65.6491896994412,94.02149963378906,-41.38048553466797,15.713255189681723,2.300596800801939,0.6330849929186173,-0.15788210969495786,0.6330849929186173,0.15788210969495786,0.09232201427221298,0.00810626894235611,0.46751850843429565,0.0,18.013851990483662,127,121,5.306931972503662,RoadOption.STRAIGHT,98.3792495727539,-31.8797664642334,1.3157571071068044,2.8,1.2,4.5,3.0,10.0,0.6,0.01,0.06,0.55,0.16,0.2,0.35,1.5,12,10.0,14.0,0.9,1.2,0.6,0.01,0.06,0.65,0.3,0.72,0.005,0.38,0.22,0.01,0.14,1.0,0.28
pid,ground_truth,curvy,400.0,0.05,0.1,1.0,65.69918970018625,94.44264221191406,-40.71678924560547,15.721987414296994,2.2877700490116837,0.6341017461468259,-0.15860835372422244,0.6341017461468259,0.15860835372422244,0.10422150045633316,0.011899486184120178,0.517394483089447,0.0,18.009757463308677,128,122,5.382627487182617,RoadOption.STRAIGHT,98.5872573852539,-31.038328170776367,1.3411299749183707,2.8,1.2,4.5,3.0,10.0,0.6,0.01,0.06,0.55,0.16,0.2,0.35,1.5,12,10.0,14.0,0.9,1.2,0.6,0.01,0.06,0.65,0.3,0.72,0.005,0.38,0.22,0.01,0.14,1.0,0.28
pid,ground_truth,curvy,400.0,0.05,0.1,1.0,65.74918970093131,94.84713745117188,-40.04319381713867,15.708959467177696,2.3068341226064817,0.636544225813356,-0.15918206520205302,0.636544225813356,0.15918206520205302,0.10240448266267776,-0.0018170177936553955,0.6108829379081726,0.0,18.015793589784177,129,123,5.458864688873291,RoadOption.STRAIGHT,98.77385711669922,-30.19188117980957,1.366502576413828,2.8,1.2,4.5,3.0,10.0,0.6,0.01,0.06,0.55,0.16,0.2,0.35,1.5,12,10.0,14.0,0.9,1.2,0.6,0.01,0.06,0.65,0.3,0.72,0.005,0.38,0.22,0.01,0.14,1.0,0.28
pid,ground_truth,curvy,400.0,0.05,0.1,1.0,65.79918970167637,95.23429107666016,-39.360198974609375,15.69993595312474,2.31104819414605,0.6408335964184566,-0.1593638259464507,0.6408335964184566,0.1593638259464507,0.0980878472328186,-0.004316635429859161,0.5702300071716309,0.0,18.01098414727079,130,124,5.535882472991943,RoadOption.STRAIGHT,98.93892669677734,-29.340972900390625,1.3918751779092855,2.8,1.2,4.5,3.0,10.0,0.6,0.01,0.06,0.55,0.16,0.2,0.35,1.5,12,10.0,14.0,0.9,1.2,0.6,0.01,0.06,0.65,0.3,0.72,0.005,0.38,0.22,0.01,0.14,1.0,0.28
pid,ground_truth,curvy,400.0,0.05,0.1,1.0,65.84918970242143,95.60446166992188,-38.66790771484375,15.70175228678759,2.3117542493285814,0.646526680779189,-0.1596310741618403,0.646526680779189,0.1596310741618403,0.09769871085882187,-0.0003891363739967346,0.5605629086494446,0.0,18.01350653611617,131,125,5.613085746765137,RoadOption.STRAIGHT,99.08235168457031,-28.48615074157715,1.417247779404743,2.8,1.2,4.5,3.0,10.0,0.6,0.01,0.06,0.55,0.16,0.2,0.35,1.5,12,10.0,14.0,0.9,1.2,0.6,0.01,0.06,0.65,0.3,0.72,0.005,0.38,0.22,0.01,0.14,1.0,0.28
pid,ground_truth,curvy,400.0,0.05,0.1,1.0,65.89918970316648,95.95753479003906,-37.96661376953125,15.704096219048065,2.309755771435597,0.6535711796286607,-0.16012176159268687,0.6535711796286607,0.16012176159268687,0.09850172698497772,0.0008030161261558533,0.5525505542755127,0.0,18.013851990483662,132,126,5.690275192260742,RoadOption.STRAIGHT,99.20404052734375,-27.627965927124023,1.4426203809002005,2.8,1.2,4.5,3.0,10.0,0.6,0.01,0.06,0.55,0.16,0.2,0.35,1.5,12,10.0,14.0,0.9,1.2,0.6,0.01,0.06,0.65,0.3,0.72,0.005,0.38,0.22,0.01,0.14,1.0,0.28
pid,ground_truth,curvy,400.0,0.05,0.1,1.0,65.94918970391154,96.2931900024414,-37.25674057006836,15.704646482186288,2.3051109811223895,0.662061546422434,-0.16071191809024876,0.662061546422434,0.16071191809024876,-0.0014982697321102023,-0.09999999671708792,0.5441190004348755,0.0,18.009757463308677,132,127,5.767451763153076,RoadOption.STRAIGHT,99.20404052734375,-27.627965927124023,1.4426203809002005,2.8,1.2,4.5,3.0,10.0,0.6,0.01,0.06,0.55,0.16,0.2,0.35,1.5,12,10.0,14.0,0.9,1.2,0.6,0.01,0.06,0.65,0.3,0.72,0.005,0.38,0.22,0.01,0.14,1.0,0.28
pid,ground_truth,curvy,400.0,0.05,0.1,1.0,65.9991897046566,96.61762237548828,-36.540992736816406,15.72253224930377,2.2872252140049074,0.528694725147224,-0.14225261646852783,0.528694725147224,0.14225261646852783,0.09850172698497772,0.09999999671708792,0.5031093955039978,0.0,18.009757463308677,133,127,4.983007431030273,RoadOption.STRAIGHT,99.30391693115234,-26.766969680786133,1.4679931155537123,2.8,1.2,4.5,3.0,10.0,0.6,0.01,0.06,0.55,0.16,0.2,0.35,1.5,12,10.0,14.0,0.9,1.2,0.6,0.01,0.06,0.65,0.3,0.72,0.005,0.38,0.22,0.01,0.14,1.0,0.28
pid,ground_truth,curvy,400.0,0.05,0.1,1.0,66.04918970540166,96.92860412597656,-35.81934356689453,15.707949412323579,2.3093700841494496,0.5266901945935789,-0.15154611656652328,0.5266901945935789,0.15154611656652328,0.17305250465869904,0.07455077767372131,0.6200670599937439,0.0,18.01731949647303,134,128,5.060557842254639,RoadOption.STRAIGHT,99.38192749023438,-25.903717041015625,1.4933657170491699,2.8,1.2,4.5,3.0,10.0,0.6,0.01,0.06,0.55,0.16,0.2,0.35,1.5,12,10.0,14.0,0.9,1.2,0.6,0.01,0.06,0.65,0.3,0.72,0.005,0.38,0.22,0.01,0.14,1.0,0.28
pid,ground_truth,curvy,400.0,0.05,0.1,1.0,66.09918970614672,97.21820068359375,-35.090782165527344,15.66389073187491,2.3475936804533273,0.5294380839061504,-0.15438185049523945,0.5294380839061504,0.15438185049523945,0.12237832695245743,-0.05067417770624161,0.673496663570404,0.0,18.011484412328237,135,129,5.139970779418945,RoadOption.STRAIGHT,99.43800354003906,-25.038761138916016,1.5187384517026816,2.8,1.2,4.5,3.0,10.0,0.6,0.01,0.06,0.55,0.16,0.2,0.35,1.5,12,10.0,14.0,0.9,1.2,0.6,0.01,0.06,0.65,0.3,0.72,0.005,0.38,0.22,0.01,0.14,1.0,0.28
pid,ground_truth,curvy,400.0,0.05,0.1,1.0,66.14918970689178,97.4872817993164,-34.355220794677734,15.671533728517533,2.341972807598639,0.5360953122662576,-0.15267316633984418,0.5360953122662576,0.15267316633984418,0.08338099718093872,-0.03899732977151871,0.5494955778121948,0.0,18.01350653611617,136,130,5.220149040222168,RoadOption.STRAIGHT,99.47212219238281,-24.172664642333984,1.544111053198139,2.8,1.2,4.5,3.0,10.0,0.6,0.01,0.06,0.55,0.16,0.2,0.35,1.5,12,10.0,14.0,0.9,1.2,0.6,0.01,0.06,0.65,0.3,0.72,0.005,0.38,0.22,0.01,0.14,1.0,0.28
pid,ground_truth,curvy,400.0,0.05,0.1,1.0,66.19918970763683,97.74028778076172,-33.612571716308594,15.703053839832807,2.3107981506508555,0.5422089444638136,-0.15209113248360762,0.5422089444638136,0.15209113248360762,0.09161941707134247,0.008238419890403748,0.4710865616798401,0.0,18.013851990483662,137,131,5.299181938171387,RoadOption.STRAIGHT,99.48426055908203,-23.305978775024414,1.5694836546935966,2.8,1.2,4.5,3.0,10.0,0.6,0.01,0.06,0.55,0.16,0.2,0.35,1.5,12,10.0,14.0,0.9,1.2,0.6,0.01,0.06,0.65,0.3,0.72,0.005,0.38,0.22,0.01,0.14,1.0,0.28
pid,ground_truth,curvy,400.0,0.05,0.1,1.0,66.24918970838189,97.976806640625,-32.863525390625,15.711189412402444,2.303404018629717,0.5479297454916272,-0.15299021566761883,0.5479297454916272,0.15299021566761883,0.10878639668226242,0.017166979610919952,0.5360453128814697,0.0,18.01459343103216,138,132,5.37747049331665,RoadOption.STRAIGHT,99.47518920898438,-22.386852264404297,7.868063897186604,2.8,1.2,4.5,3.0,10.0,0.6,0.01,0.06,0.55,0.16,0.2,0.35,1.5,12,10.0,14.0,0.9,1.2,0.6,0.01,0.06,0.65,0.3,0.72,0.005,0.38,0.22,0.01,0.14,1.0,0.28
pid,ground_truth,curvy,400.0,0.05,0.1,1.0,66.29918970912695,98.19447326660156,-32.10917282104492,15.697669305060009,2.3214062679878236,0.5553574615358915,-0.15342204723837494,0.5553574615358915,0.15342204723837494,0.09699694812297821,-0.01178944855928421,0.6111156940460205,0.0,18.019075573047832,139,133,5.4561896324157715,RoadOption.STRAIGHT,99.46231079101562,-21.372220993041992,7.865261186455404,2.8,1.2,4.5,3.0,10.0,0.6,0.01,0.06,0.55,0.16,0.2,0.35,1.5,12,10.0,14.0,0.9,1.2,0.6,0.01,0.06,0.65,0.3,0.72,0.005,0.38,0.22,0.01,0.14,1.0,0.28
pid,ground_truth,curvy,400.0,0.05,0.1,1.0,66.34918970987201,98.39332580566406,-31.350053787231445,15.694995799030798,2.316488613297439,0.5643476799831593,-0.15370234494310608,0.5643476799831593,0.15370234494310608,-0.003003055229783058,-0.10000000335276127,0.5458580851554871,0.0,18.011484412328237,139,134,5.53533411026001,RoadOption.STRAIGHT,99.46231079101562,-21.372220993041992,7.865261186455404,2.8,1.2,4.5,3.0,10.0,0.6,0.01,0.06,0.55,0.16,0.2,0.35,1.5,12,10.0,14.0,0.9,1.2,0.6,0.01,0.06,0.65,0.3,0.72,0.005,0.38,0.22,0.01,0.14,1.0,0.28
pid,ground_truth,curvy,400.0,0.05,0.1,1.0,66.39918971061707,98.58050537109375,-30.58720588684082,15.716220652683168,2.295263759645069,0.43673772403148303,-0.13523425488978802,0.43673772403148303,0.13523425488978802,0.09699694812297821,0.10000000335276127,0.4955284297466278,0.0,18.011484412328237,140,134,4.751562595367432,RoadOption.STRAIGHT,99.45227813720703,-20.357559204101562,7.862459008356423,2.8,1.2,4.5,3.0,10.0,0.6,0.01,0.06,0.55,0.16,0.2,0.35,1.5,12,10.0,14.0,0.9,1.2,0.6,0.01,0.06,0.65,0.3,0.72,0.005,0.38,0.22,0.01,0.14,1.0,0.28
pid,ground_truth,curvy,400.0,0.05,0.1,1.0,66.44918971136212,98.75362396240234,-29.820959091186523,15.703897997293186,2.3131098405946524,0.4346138099894848,-0.14468008780213548,0.4346138099894848,0.14468008780213548,0.11877497285604477,0.02177802473306656,0.6088532209396362,0.0,18.01700783788784,141,135,4.830921173095703,RoadOption.STRAIGHT,99.44512176513672,-19.34287452697754,7.85965736288966,2.8,1.2,4.5,3.0,10.0,0.6,0.01,0.06,0.55,0.16,0.2,0.35,1.5,12,10.0,14.0,0.9,1.2,0.6,0.01,0.06,0.65,0.3,0.72,0.005,0.38,0.22,0.01,0.14,1.0,0.28
pid,ground_truth,curvy,400.0,0.05,0.1,1.0,66.49918971210718,98.90668487548828,-29.051605224609375,15.682640357610564,2.33387343023273,0.4350555911143421,-0.1495669884024302,0.4350555911143421,0.1495669884024302,0.05835070088505745,-0.06042427197098732,0.6215901970863342,0.0,18.016513787843294,142,136,4.911596775054932,RoadOption.STRAIGHT,99.44075775146484,-18.328170776367188,7.856854652158461,2.8,1.2,4.5,3.0,10.0,0.6,0.01,0.06,0.55,0.16,0.2,0.35,1.5,12,10.0,14.0,0.9,1.2,0.6,0.01,0.06,0.65,0.3,0.72,0.005,0.38,0.22,0.01,0.14,1.0,0.28
pid,ground_truth,curvy,400.0,0.05,0.1,1.0,66.54918971285224,99.04447937011719,-28.27911376953125,15.702617230173294,2.4888965576700013,0.4332527163811267,-0.15478305571345974,0.4332527163811267,0.15478305571345974,0.038318708539009094,-0.020031992346048355,1.0,0.0,18.191513787843295,143,137,4.992542743682861,RoadOption.STRAIGHT,99.43927001953125,-17.313461303710938,7.854052474059479,2.8,1.2,4.5,3.0,10.0,0.6,0.01,0.06,0.55,0.16,0.2,0.35,1.5,12,10.0,14.0,0.9,1.2,0.6,0.01,0.06,0.65,0.3,0.72,0.005,0.38,0.22,0.01,0.14,1.0,0.28
pid,ground_truth,curvy,400.0,0.05,0.1,1.0,66.5991897135973,99.17076873779297,-27.502973556518555,15.747782723305153,2.6187310645381423,0.3764344722810817,-0.1537223186512815,0.3764344722810817,0.1537223186512815,0.030115604400634766,-0.008203104138374329,0.989657461643219,0.0,18.366513787843296,143,138,5.125170707702637,RoadOption.STRAIGHT,99.43927001953125,-17.313461303710938,7.854052474059479,2.8,1.2,4.5,3.0,10.0,0.6,0.01,0.06,0.55,0.16,0.2,0.35,1.5,12,10.0,14.0,0.9,1.2,0.6,0.01,0.06,0.65,0.3,0.72,0.005,0.38,0.22,0.01,0.14,1.0,0.28
pid,ground_truth,curvy,400.0,0.05,0.1,1.0,66.64918971434236,99.2869873046875,-26.721126556396484,15.856787751189119,2.684726036654178,0.24921761751004434,-0.14070345566242892,0.24921761751004434,0.14070345566242892,0.07011502236127853,0.03999941796064377,0.8254256248474121,0.0,18.541513787843297,144,138,4.3383588790893555,RoadOption.STRAIGHT,99.44063568115234,-16.298751831054688,7.851250295960497,2.8,1.2,4.5,3.0,10.0,0.6,0.01,0.06,0.55,0.16,0.2,0.35,1.5,12,10.0,14.0,0.9,1.2,0.6,0.01,0.06,0.65,0.3,0.72,0.005,0.38,0.22,0.01,0.14,1.0,0.28
pid,ground_truth,curvy,400.0,0.05,0.1,1.0,66.69918971508741,99.39119720458984,-25.93087387084961,15.998990399090479,2.7175233887528183,0.12252753669038213,-0.12449678884875137,0.12252753669038213,0.12449678884875137,0.0506359301507473,-0.019479092210531235,0.7396877408027649,0.0,18.716513787843297,145,139,4.559207916259766,RoadOption.STRAIGHT,99.44406127929688,-15.29485034942627,1.5673213010465068,2.8,1.2,4.5,3.0,10.0,0.6,0.01,0.06,0.55,0.16,0.2,0.35,1.5,12,10.0,14.0,0.9,1.2,0.6,0.01,0.06,0.65,0.3,0.72,0.005,0.38,0.22,0.01,0.14,1.0,0.28
pid,ground_truth,curvy,400.0,0.05,0.1,1.0,66.74918971583247,99.48380279541016,-25.13156509399414,16.152798632276653,2.738715155566645,0.008947025047899577,-0.10759676804527274,0.008947025047899577,0.10759676804527274,0.030956901609897614,-0.019679028540849686,0.7118542790412903,0.0,18.891513787843298,146,140,4.774110317230225,RoadOption.STRAIGHT,99.4465103149414,-14.305353164672852,1.5693213350251562,2.8,1.2,4.5,3.0,10.0,0.6,0.01,0.06,0.55,0.16,0.2,0.35,1.5,12,10.0,14.0,0.9,1.2,0.6,0.01,0.06,0.65,0.3,0.72,0.005,0.38,0.22,0.01,0.14,1.0,0.28
pid,ground_truth,curvy,400.0,0.05,0.1,1.0,66.79918971657753,99.56745147705078,-24.32373809814453,16.29945876470946,2.767055023133839,-0.09405786194853008,-0.09242274194427402,0.09405786194853008,0.09242274194427402,0.04297312721610069,0.01201622560620308,0.7381037473678589,0.0,19.0665137878433,146,141,4.98236608505249,RoadOption.STRAIGHT,99.4465103149414,-14.305353164672852,1.5693213350251562,2.8,1.2,4.5,3.0,10.0,0.6,0.01,0.06,0.55,0.16,0.2,0.35,1.5,12,10.0,14.0,0.9,1.2,0.6,0.01,0.06,0.65,0.3,0.72,0.005,0.38,0.22,0.01,0.14,1.0,0.28
pid,ground_truth,curvy,400.0,0.05,0.1,1.0,66.84918971732259,99.64175415039062,-23.50808334350586,16.433438423778792,2.808075364064507,-0.17298874892257426,-0.0809173534029135,0.17298874892257426,0.0809173534029135,0.03424208238720894,-0.008731044828891754,0.7826335430145264,0.0,19.2415137878433,147,141,4.1698479652404785,RoadOption.STRAIGHT,99.44699096679688,-13.3158540725708,1.5713212358457511,2.8,1.2,4.5,3.0,10.0,0.6,0.01,0.06,0.55,0.16,0.2,0.35,1.5,12,10.0,14.0,0.9,1.2,0.6,0.01,0.06,0.65,0.3,0.72,0.005,0.38,0.22,0.01,0.14,1.0,0.28
pid,ground_truth,curvy,400.0,0.05,0.1,1.0,66.89918971806765,99.70706176757812,-22.68488311767578,16.57073555524222,2.8457782326010808,-0.25378602048691506,-0.06722843908379694,0.25378602048691506,0.06722843908379694,0.028722593560814857,-0.005519488826394081,0.7816392183303833,0.0,19.4165137878433,148,142,4.364843845367432,RoadOption.STRAIGHT,99.44548034667969,-12.326355934143066,1.5733214029824552,2.8,1.2,4.5,3.0,10.0,0.6,0.01,0.06,0.55,0.16,0.2,0.35,1.5,12,10.0,14.0,0.9,1.2,0.6,0.01,0.06,0.65,0.3,0.72,0.005,0.38,0.22,0.01,0.14,1.0,0.28
pid,ground_truth,curvy,400.0,0.05,0.1,1.0,66.9491897188127,99.76435089111328,-21.854013442993164,16.714000851353326,2.730443593091117,-0.3247592176671455,-0.054617306057835435,0.3247592176671455,0.054617306057835435,0.028052721172571182,-0.0006698723882436752,0.32776060700416565,0.0,19.444444444444443,149,143,4.5521745681762695,RoadOption.STRAIGHT,99.44197845458984,-11.336862564086914,1.5753213038030502,2.8,1.2,4.5,3.0,10.0,0.6,0.01,0.06,0.55,0.16,0.2,0.35,1.5,12,10.0,14.0,0.9,1.2,0.6,0.01,0.06,0.65,0.3,0.72,0.005,0.38,0.22,0.01,0.14,1.0,0.28
pid,ground_truth,curvy,400.0,0.05,0.1,1.0,66.99918971955776,99.81400299072266,-21.015743255615234,16.840234639024963,2.6042098054194796,-0.38624959884278226,-0.04287582828583947,0.38624959884278226,0.04287582828583947,0.026537524536252022,-0.0015151966363191605,0.26947155594825745,0.0,19.444444444444443,150,144,4.73174524307251,RoadOption.STRAIGHT,99.43651580810547,-10.347376823425293,1.5773213377816997,2.8,1.2,4.5,3.0,10.0,0.6,0.01,0.06,0.55,0.16,0.2,0.35,1.5,12,10.0,14.0,0.9,1.2,0.6,0.01,0.06,0.65,0.3,0.72,0.005,0.38,0.22,0.01,0.14,1.0,0.28
pid,ground_truth,curvy,400.0,0.05,0.1,1.0,67.04918972030282,99.85613250732422,-20.173147201538086,16.883113287827538,2.5613311566169052,-0.4290209130349753,-0.03385423693514156,0.4290209130349753,0.03385423693514156,0.022969912737607956,-0.003567611798644066,0.4934326410293579,0.0,19.444444444444443,151,145,4.895670413970947,RoadOption.STRAIGHT,99.42973327636719,-9.348533630371094,1.5776161497143715,2.8,1.2,4.5,3.0,10.0,0.6,0.01,0.06,0.55,0.16,0.2,0.35,1.5,12,10.0,14.0,0.9,1.2,0.6,0.01,0.06,0.65,0.3,0.72,0.005,0.38,0.22,0.01,0.14,1.0,0.28
pid,ground_truth,curvy,400.0,0.05,0.1,1.0,67.09918972104788,99.89118957519531,-19.330215454101562,16.864659851697215,2.5797845927472274,-0.45209040436526265,-0.028306073436179524,0.45209040436526265,0.028306073436179524,0.019648846238851547,-0.0033210664987564087,0.6692222356796265,0.0,19.444444444444443,152,146,5.044500350952148,RoadOption.STRAIGHT,99.42291259765625,-8.348557472229004,1.5776161497143715,2.8,1.2,4.5,3.0,10.0,0.6,0.01,0.06,0.55,0.16,0.2,0.35,1.5,12,10.0,14.0,0.9,1.2,0.6,0.01,0.06,0.65,0.3,0.72,0.005,0.38,0.22,0.01,0.14,1.0,0.28
pid,ground_truth,curvy,400.0,0.05,0.1,1.0,67.14918972179294,99.91983795166016,-18.48811149597168,16.848415897687836,2.5960285467566067,-0.47013195511141626,-0.02357483460159937,0.47013195511141626,0.02357483460159937,0.049203984439373016,0.02955513820052147,0.6666093468666077,0.0,19.444444444444443,152,147,5.193826675415039,RoadOption.STRAIGHT,99.42291259765625,-8.348557472229004,1.5776161497143715,2.8,1.2,4.5,3.0,10.0,0.6,0.01,0.06,0.55,0.16,0.2,0.35,1.5,12,10.0,14.0,0.9,1.2,0.6,0.01,0.06,0.65,0.3,0.72,0.005,0.38,0.22,0.01,0.14,1.0,0.28
pid,ground_truth,curvy,400.0,0.05,0.1,1.0,67.199189722538,99.94017028808594,-17.645877838134766,16.854891500396434,2.589552944048009,-0.4909063847857494,-0.015329288392550211,0.4909063847857494,0.015329288392550211,-0.0008851245511323214,-0.05008910899050534,0.6015699505805969,0.0,19.444444444444443,153,147,4.3580193519592285,RoadOption.STRAIGHT,99.41609191894531,-7.348580360412598,1.5776161497143715,2.8,1.2,4.5,3.0,10.0,0.6,0.01,0.06,0.55,0.16,0.2,0.35,1.5,12,10.0,14.0,0.9,1.2,0.6,0.01,0.06,0.65,0.3,0.72,0.005,0.38,0.22,0.01,0.14,1.0,0.28
pid,ground_truth,curvy,400.0,0.05,0.1,1.0,67.24918972328305,99.95549774169922,-16.80247688293457,16.8819851300148,2.562459314429642,-0.49871323467288126,-0.01076383133582759,0.49871323467288126,0.01076383133582759,0.004099306184798479,0.0049844307359308004,0.5378788709640503,0.0,19.444444444444443,154,148,4.505084037780762,RoadOption.STRAIGHT,99.40927124023438,-6.348603248596191,1.5776161497143715,2.8,1.2,4.5,3.0,10.0,0.6,0.01,0.06,0.55,0.16,0.2,0.35,1.5,12,10.0,14.0,0.9,1.2,0.6,0.01,0.06,0.65,0.3,0.72,0.005,0.38,0.22,0.01,0.14,1.0,0.28
pid,ground_truth,curvy,400.0,0.05,0.1,1.0,67.29918972402811,99.9673843383789,-15.957751274108887,16.903977036519848,2.540467407924595,-0.5044911610306511,-0.008787100016716565,0.5044911610306511,0.008787100016716565,0.018908090889453888,0.014808784704655409,0.5473254919052124,0.0,19.444444444444443,155,149,4.650662899017334,RoadOption.STRAIGHT,99.40245056152344,-5.348626613616943,1.5776161497143715,2.8,1.2,4.5,3.0,10.0,0.6,0.01,0.06,0.55,0.16,0.2,0.35,1.5,12,10.0,14.0,0.9,1.2,0.6,0.01,0.06,0.65,0.3,0.72,0.005,0.38,0.22,0.01,0.14,1.0,0.28
pid,ground_truth,curvy,400.0,0.05,0.1,1.0,67.34918972477317,99.97441101074219,-15.112232208251953,16.915112978666844,2.5293314657775987,-0.5067932389082208,-0.006934338846348531,0.5067932389082208,0.006934338846348531,0.0138291260227561,-0.005078964866697788,0.575272262096405,0.0,19.444444444444443,156,150,4.795120716094971,RoadOption.STRAIGHT,99.3956298828125,-4.348650932312012,1.5776161497143715,2.8,1.2,4.5,3.0,10.0,0.6,0.01,0.06,0.55,0.16,0.2,0.35,1.5,12,10.0,14.0,0.9,1.2,0.6,0.01,0.06,0.65,0.3,0.72,0.005,0.38,0.22,0.01,0.14,1.0,0.28
pid,ground_truth,curvy,400.0,0.05,0.1,1.0,67.39918972551823,99.97694396972656,-14.26620864868164,16.924698483825882,2.519745960618561,-0.5136605551999881,-0.0032067122685646154,0.5136605551999881,0.0032067122685646154,0.006493216846138239,-0.007335909176617861,0.5775046944618225,0.0,19.444444444444443,157,151,4.94802713394165,RoadOption.STRAIGHT,99.38880920410156,-3.3486738204956055,1.5776161497143715,2.8,1.2,4.5,3.0,10.0,0.6,0.01,0.06,0.55,0.16,0.2,0.35,1.5,12,10.0,14.0,0.9,1.2,0.6,0.01,0.06,0.65,0.3,0.72,0.005,0.38,0.22,0.01,0.14,1.0,0.28
pid,ground_truth,curvy,400.0,0.05,0.1,1.0,67.44918972626328,99.97618865966797,-13.419631004333496,16.936445005006657,2.5079994394377856,-0.5186796402119817,0.00014021543139275394,0.5186796402119817,0.00014021543139275394,0.04539729654788971,0.03890407970175147,0.5688695907592773,0.0,19.444444444444443,157,152,5.101166725158691,RoadOption.STRAIGHT,99.38880920410156,-3.3486738204956055,1.5776161497143715,2.8,1.2,4.5,3.0,10.0,0.6,0.01,0.06,0.55,0.16,0.2,0.35,1.5,12,10.0,14.0,0.9,1.2,0.6,0.01,0.06,0.65,0.3,0.72,0.005,0.38,0.22,0.01,0.14,1.0,0.28
pid,ground_truth,curvy,400.0,0.05,0.1,1.0,67.49918972700834,99.96969604492188,-12.572638511657715,16.943302192790398,2.501142251654045,-0.5179634704890481,0.005476790781747898,0.5179634704890481,0.005476790781747898,-0.014284668490290642,-0.05968196503818035,0.5810511708259583,0.0,19.444444444444443,158,152,4.259323596954346,RoadOption.STRAIGHT,99.38198852539062,-2.348696708679199,1.5776161497143715,2.8,1.2,4.5,3.0,10.0,0.6,0.01,0.06,0.55,0.16,0.2,0.35,1.5,12,10.0,14.0,0.9,1.2,0.6,0.01,0.06,0.65,0.3,0.72,0.005,0.38,0.22,0.01,0.14,1.0,0.28
pid,ground_truth,curvy,400.0,0.05,0.1,1.0,67.5491897277534,99.96089935302734,-11.725171089172363,16.955452198714184,2.488992245730259,-0.5149474222451083,0.009232380550977748,0.5149474222451083,0.009232380550977748,-0.007200909778475761,0.00708375871181488,0.5635582804679871,0.0,19.444444444444443,159,153,4.410370349884033,RoadOption.STRAIGHT,99.37516784667969,-1.3487194776535034,1.5776161497143715,2.8,1.2,4.5,3.0,10.0,0.6,0.01,0.06,0.55,0.16,0.2,0.35,1.5,12,10.0,14.0,0.9,1.2,0.6,0.01,0.06,0.65,0.3,0.72,0.005,0.38,0.22,0.01,0.14,1.0,0.28
pid,ground_truth,curvy,400.0,0.05,0.1,1.0,67.59918972849846,99.9515151977539,-10.877055168151855,16.96830386723304,2.476140577211403,-0.5113483468945559,0.010170745361067102,0.5113483468945559,0.010170745361067102,0.01259553525596857,0.019796445034444332,0.55876624584198,0.0,19.444444444444443,160,154,4.5608015060424805,RoadOption.STRAIGHT,99.36834716796875,-0.34874236583709717,1.5776161497143715,2.8,1.2,4.5,3.0,10.0,0.6,0.01,0.06,0.55,0.16,0.2,0.35,1.5,12,10.0,14.0,0.9,1.2,0.6,0.01,0.06,0.65,0.3,0.72,0.005,0.38,0.22,0.01,0.14,1.0,0.28
pid,ground_truth,curvy,400.0,0.05,0.1,1.0,67.64918972924352,99.93952941894531,-10.028433799743652,16.977734227674777,2.466710216769666,-0.5051511587962269,0.011349194143427166,0.5051511587962269,0.011349194143427166,0.0073982286266982555,-0.005197306629270315,0.5662712454795837,0.0,19.444444444444443,161,155,4.7105255126953125,RoadOption.STRAIGHT,99.36153411865234,0.6512347459793091,1.5776161497143715,2.8,1.2,4.5,3.0,10.0,0.6,0.01,0.06,0.55,0.16,0.2,0.35,1.5,12,10.0,14.0,0.9,1.2,0.6,0.01,0.06,0.65,0.3,0.72,0.005,0.38,0.22,0.01,0.14,1.0,0.28
pid,ground_truth,curvy,400.0,0.05,0.1,1.0,67.69918972998857,99.92507934570312,-9.179414749145508,16.98627642671465,2.4581680177297933,-0.49649245217615984,0.013112872575332446,0.49649245217615984,0.013112872575332446,-0.000812447746284306,-0.008210676372982562,0.5668787956237793,0.0,19.444444444444443,162,156,4.859691143035889,RoadOption.STRAIGHT,99.3547134399414,1.6512118577957153,1.5776161497143715,2.8,1.2,4.5,3.0,10.0,0.6,0.01,0.06,0.55,0.16,0.2,0.35,1.5,12,10.0,14.0,0.9,1.2,0.6,0.01,0.06,0.65,0.3,0.72,0.005,0.38,0.22,0.01,0.14,1.0,0.28
pid,ground_truth,curvy,400.0,0.05,0.1,1.0,67.74918973073363,99.90943145751953,-8.32999038696289,16.99483624664849,2.4496081977959534,-0.48663871284580307,0.01434698142447477,0.48663871284580307,0.01434698142447477,0.0007098950445652008,0.0015223427908495069,0.5649462938308716,0.0,19.444444444444443,163,157,5.008449554443359,RoadOption.STRAIGHT,99.34789276123047,2.651188850402832,1.5776161497143715,2.8,1.2,4.5,3.0,10.0,0.6,0.01,0.06,0.55,0.16,0.2,0.35,1.5,12,10.0,14.0,0.9,1.2,0.6,0.01,0.06,0.65,0.3,0.72,0.005,0.38,0.22,0.01,0.14,1.0,0.28
pid,ground_truth,curvy,400.0,0.05,0.1,1.0,67.79918973147869,99.89287567138672,-7.480161666870117,17.003077096419837,2.441367348024606,-0.4758798543072727,0.015055382274435924,0.4758798543072727,0.015055382274435924,0.03778630867600441,0.03707641363143921,0.564026415348053,0.0,19.444444444444443,163,158,5.156834602355957,RoadOption.STRAIGHT,99.34789276123047,2.651188850402832,1.5776161497143715,2.8,1.2,4.5,3.0,10.0,0.6,0.01,0.06,0.55,0.16,0.2,0.35,1.5,12,10.0,14.0,0.9,1.2,0.6,0.01,0.06,0.65,0.3,0.72,0.005,0.38,0.22,0.01,0.14,1.0,0.28
pid,ground_truth,curvy,400.0,0.05,0.1,1.0,67.84918973222375,99.87256622314453,-6.630138874053955,17.007045530455798,2.4373989139886447,-0.4613678383475109,0.01816635390181176,0.4613678383475109,0.01816635390181176,-0.020240096375346184,-0.058026405051350594,0.5751161575317383,0.0,19.444444444444443,164,158,4.309456825256348,RoadOption.STRAIGHT,99.34107208251953,3.6511659622192383,1.5776161497143715,2.8,1.2,4.5,3.0,10.0,0.6,0.01,0.06,0.55,0.16,0.2,0.35,1.5,12,10.0,14.0,0.9,1.2,0.6,0.01,0.06,0.65,0.3,0.72,0.005,0.38,0.22,0.01,0.14,1.0,0.28
pid,ground_truth,curvy,400.0,0.05,0.1,1.0,67.89918973296881,99.85184478759766,-5.779849529266357,17.013902638075038,2.430541806369405,-0.44644656780820785,0.019939220239477695,0.44644656780820785,0.019939220239477695,-0.012679577805101871,0.007560518570244312,0.5655192732810974,0.0,19.444444444444443,165,159,4.456695556640625,RoadOption.STRAIGHT,99.3342514038086,4.651139259338379,1.5776161497143715,2.8,1.2,4.5,3.0,10.0,0.6,0.01,0.06,0.55,0.16,0.2,0.35,1.5,12,10.0,14.0,0.9,1.2,0.6,0.01,0.06,0.65,0.3,0.72,0.005,0.38,0.22,0.01,0.14,1.0,0.28
pid,ground_truth,curvy,400.0,0.05,0.1,1.0,67.94918973371387,99.83234405517578,-4.929107666015625,17.02286067375008,2.4215837706943617,-0.43274905889141707,0.01909939238972136,0.43274905889141707,0.01909939238972136,0.0077427285723388195,0.02042230637744069,0.5576659440994263,0.0,19.444444444444443,166,160,4.60380744934082,RoadOption.STRAIGHT,99.32743072509766,5.651116371154785,1.5776161497143715,2.8,1.2,4.5,3.0,10.0,0.6,0.01,0.06,0.55,0.16,0.2,0.35,1.5,12,10.0,14.0,0.9,1.2,0.6,0.01,0.06,0.65,0.3,0.72,0.005,0.38,0.22,0.01,0.14,1.0,0.28
pid,ground_truth,curvy,400.0,0.05,0.1,1.0,67.99918973445892,99.81181335449219,-4.077983379364014,17.03021660340162,2.4142278410428233,-0.41801658448726586,0.01868353978550541,0.41801658448726586,0.01868353978550541,0.00310280523262918,-0.0046399233397096395,0.5605335235595703,0.0,19.444444444444443,167,161,4.750606060028076,RoadOption.STRAIGHT,99.32061004638672,6.651093482971191,1.5776161497143715,2.8,1.2,4.5,3.0,10.0,0.6,0.01,0.06,0.55,0.16,0.2,0.35,1.5,12,10.0,14.0,0.9,1.2,0.6,0.01,0.06,0.65,0.3,0.72,0.005,0.38,0.22,0.01,0.14,1.0,0.28
pid,ground_truth,curvy,400.0,0.05,0.1,1.0,68.04918973520398,99.79025268554688,-3.226560354232788,17.036303629092476,2.408140815351967,-0.40226383231805485,0.019021761243945612,0.40226383231805485,0.019021761243945612,-0.0046095289289951324,-0.007712334161624312,0.5627472996711731,0.0,19.444444444444443,168,162,4.897179126739502,RoadOption.STRAIGHT,99.31378936767578,7.651070594787598,1.5776161497143715,2.8,1.2,4.5,3.0,10.0,0.6,0.01,0.06,0.55,0.16,0.2,0.35,1.5,12,10.0,14.0,0.9,1.2,0.6,0.01,0.06,0.65,0.3,0.72,0.005,0.38,0.22,0.01,0.14,1.0,0.28
pid,ground_truth,curvy,400.0,0.05,0.1,1.0,68.09918973594904,99.76878356933594,-2.374851942062378,17.041785102022146,2.4026593424222966,-0.3866045778411328,0.018980615405103762,0.3866045778411328,0.018980615405103762,0.02643514797091484,0.031044676899909973,0.5632369518280029,0.0,19.444444444444443,168,163,5.043633937835693,RoadOption.STRAIGHT,99.31378936767578,7.651070594787598,1.5776161497143715,2.8,1.2,4.5,3.0,10.0,0.6,0.01,0.06,0.55,0.16,0.2,0.35,1.5,12,10.0,14.0,0.9,1.2,0.6,0.01,0.06,0.65,0.3,0.72,0.005,0.38,0.22,0.01,0.14,1.0,0.28
pid,ground_truth,curvy,400.0,0.05,0.1,1.0,68.1491897366941,99.7451171875,-1.5229952335357666,17.045240107450407,2.3992043369940355,-0.36874821323622814,0.020760805435767082,0.36874821323622814,0.020760805435767082,-0.019917400553822517,-0.04635254852473736,0.5681509375572205,0.0,19.444444444444443,169,163,4.193042278289795,RoadOption.STRAIGHT,99.30697631835938,8.651047706604004,1.5776161497143715,2.8,1.2,4.5,3.0,10.0,0.6,0.01,0.06,0.55,0.16,0.2,0.35,1.5,12,10.0,14.0,0.9,1.2,0.6,0.01,0.06,0.65,0.3,0.72,0.005,0.38,0.22,0.01,0.14,1.0,0.28
pid,ground_truth,curvy,400.0,0.05,0.1,1.0,68.19918973743916,99.72193908691406,-0.6709246635437012,17.049714505624934,2.394729938819509,-0.35138248314665776,0.021354956674963788,0.35138248314665776,0.021354956674963788,-0.012046078220009804,0.007871322333812714,0.5643122792243958,0.0,19.444444444444443,170,164,4.338840007781982,RoadOption.STRAIGHT,99.30015563964844,9.65102481842041,1.5776161497143715,2.8,1.2,4.5,3.0,10.0,0.6,0.01,0.06,0.55,0.16,0.2,0.35,1.5,12,10.0,14.0,0.9,1.2,0.6,0.01,0.06,0.65,0.3,0.72,0.005,0.38,0.22,0.01,0.14,1.0,0.28
pid,ground_truth,curvy,400.0,0.05,0.1,1.0,68.24918973818421,99.70037841796875,0.18147429823875427,17.055945905877763,2.3884985385666795,-0.33563641265635424,0.019915651263830547,0.33563641265635424,0.019915651263830547,0.004664689302444458,0.016710767522454262,0.5580217838287354,0.0,19.444444444444443,171,165,4.484635829925537,RoadOption.STRAIGHT,99.2933349609375,10.651001930236816,1.5776161497143715,2.8,1.2,4.5,3.0,10.0,0.6,0.01,0.06,0.55,0.16,0.2,0.35,1.5,12,10.0,14.0,0.9,1.2,0.6,0.01,0.06,0.65,0.3,0.72,0.005,0.38,0.22,0.01,0.14,1.0,0.28
pid,ground_truth,curvy,400.0,0.05,0.1,1.0,68.29918973892927,99.67852020263672,1.0341624021530151,17.061460662096447,2.3829837823479956,-0.319594748566238,0.018958244851947192,0.319594748566238,0.018958244851947192,0.0004909781855531037,-0.004173711116891354,0.5588151216506958,0.0,19.444444444444443,172,166,4.630284309387207,RoadOption.STRAIGHT,99.28651428222656,11.650979042053223,1.5776161497143715,2.8,1.2,4.5,3.0,10.0,0.6,0.01,0.06,0.55,0.16,0.2,0.35,1.5,12,10.0,14.0,0.9,1.2,0.6,0.01,0.06,0.65,0.3,0.72,0.005,0.38,0.22,0.01,0.14,1.0,0.28
pid,ground_truth,curvy,400.0,0.05,0.1,1.0,68.34918973967433,99.65640258789062,1.887086033821106,17.065940751292143,2.3785036931523003,-0.30329529733948973,0.01866050344207615,0.30329529733948973,0.01866050344207615,-0.005469298921525478,-0.005960277107078582,0.5607265830039978,0.0,19.444444444444443,173,167,4.775827407836914,RoadOption.STRAIGHT,99.27969360351562,12.650954246520996,1.5776161497143715,2.8,1.2,4.5,3.0,10.0,0.6,0.01,0.06,0.55,0.16,0.2,0.35,1.5,12,10.0,14.0,0.9,1.2,0.6,0.01,0.06,0.65,0.3,0.72,0.005,0.38,0.22,0.01,0.14,1.0,0.28
pid,ground_truth,curvy,400.0,0.05,0.1,1.0,68.39918974041939,99.63488006591797,2.7402262687683105,17.069780680710938,2.374663763733505,-0.28759240223191146,0.018086858543273188,0.28759240223191146,0.018086858543273188,-0.003460172563791275,0.0020091263577342033,0.5616742372512817,0.0,19.444444444444443,174,168,4.92133092880249,RoadOption.STRAIGHT,99.27287292480469,13.650931358337402,1.5776161497143715,2.8,1.2,4.5,3.0,10.0,0.6,0.01,0.06,0.55,0.16,0.2,0.35,1.5,12,10.0,14.0,0.9,1.2,0.6,0.01,0.06,0.65,0.3,0.72,0.005,0.38,0.22,0.01,0.14,1.0,0.28
pid,ground_truth,curvy,400.0,0.05,0.1,1.0,68.44918974116445,99.61399841308594,3.5935747623443604,17.07362715805724,2.3708172863872043,-0.27252415242045913,0.017259547550640075,0.27252415242045913,0.017259547550640075,0.019005754962563515,0.02246592752635479,0.5608096718788147,0.0,19.444444444444443,174,169,5.066784381866455,RoadOption.STRAIGHT,99.27287292480469,13.650931358337402,1.5776161497143715,2.8,1.2,4.5,3.0,10.0,0.6,0.01,0.06,0.55,0.16,0.2,0.35,1.5,12,10.0,14.0,0.9,1.2,0.6,0.01,0.06,0.65,0.3,0.72,0.005,0.38,0.22,0.01,0.14,1.0,0.28
pid,ground_truth,curvy,400.0,0.05,0.1,1.0,68.4991897419095,99.59180450439453,4.447048664093018,17.076435373899496,2.3680090705449466,-0.25615125560377505,0.01810590014506719,0.25615125560377505,0.01810590014506719,-0.01650533452630043,-0.035511089488863945,0.5630989670753479,0.0,19.444444444444443,175,169,4.213637351989746,RoadOption.STRAIGHT,99.26605224609375,14.650908470153809,1.5776161497143715,2.8,1.2,4.5,3.0,10.0,0.6,0.01,0.06,0.55,0.16,0.2,0.35,1.5,12,10.0,14.0,0.9,1.2,0.6,0.01,0.06,0.65,0.3,0.72,0.005,0.38,0.22,0.01,0.14,1.0,0.28
pid,ground_truth,curvy,400.0,0.05,0.1,1.0,68.54918974265456,99.57044982910156,5.300684928894043,17.079357561762478,2.3650868826819647,-0.24061958608216943,0.01812214542771695,0.24061958608216943,0.01812214542771695,-0.010499763302505016,0.006005571223795414,0.5621370077133179,0.0,19.444444444444443,176,170,4.358729362487793,RoadOption.STRAIGHT,99.25923156738281,15.650885581970215,1.5776161497143715,2.8,1.2,4.5,3.0,10.0,0.6,0.01,0.06,0.55,0.16,0.2,0.35,1.5,12,10.0,14.0,0.9,1.2,0.6,0.01,0.06,0.65,0.3,0.72,0.005,0.38,0.22,0.01,0.14,1.0,0.28
pid,ground_truth,curvy,400.0,0.05,0.1,1.0,68.59918974339962,99.55075073242188,6.154544353485107,17.083361450917767,2.3610829935266757,-0.2267449785719798,0.01661812520209427,0.2267449785719798,0.01661812520209427,0.002543507143855095,0.013043270446360111,0.5582273602485657,0.0,19.444444444444443,177,171,4.503820419311523,RoadOption.STRAIGHT,99.25241088867188,16.650863647460938,1.5776161497143715,2.8,1.2,4.5,3.0,10.0,0.6,0.01,0.06,0.55,0.16,0.2,0.35,1.5,12,10.0,14.0,0.9,1.2,0.6,0.01,0.06,0.65,0.3,0.72,0.005,0.38,0.22,0.01,0.14,1.0,0.28
pid,ground_truth,curvy,400.0,0.05,0.1,1.0,68.64918974414468,99.53121948242188,7.008606433868408,17.08713466129824,2.357309783146203,-0.21303959590412286,0.015527294419598103,0.21303959590412286,0.015527294419598103,-0.0004948633722960949,-0.00303837051615119,0.5580431818962097,0.0,19.444444444444443,178,172,4.648818016052246,RoadOption.STRAIGHT,99.24559783935547,17.65083885192871,1.5776161497143715,2.8,1.2,4.5,3.0,10.0,0.6,0.01,0.06,0.55,0.16,0.2,0.35,1.5,12,10.0,14.0,0.9,1.2,0.6,0.01,0.06,0.65,0.3,0.72,0.005,0.38,0.22,0.01,0.14,1.0,0.28
pid,ground_truth,curvy,400.0,0.05,0.1,1.0,68.69918974488974,99.51180267333984,7.862836837768555,17.09022305357151,2.354221390872933,-0.19944981242828105,0.01498827061496577,0.19944981242828105,0.01498827061496577,-0.004989449866116047,-0.004494586493819952,0.5592812299728394,0.0,19.444444444444443,179,173,4.793740272521973,RoadOption.STRAIGHT,99.23877716064453,18.650815963745117,1.5776161497143715,2.8,1.2,4.5,3.0,10.0,0.6,0.01,0.06,0.55,0.16,0.2,0.35,1.5,12,10.0,14.0,0.9,1.2,0.6,0.01,0.06,0.65,0.3,0.72,0.005,0.38,0.22,0.01,0.14,1.0,0.28
pid,ground_truth,curvy,400.0,0.05,0.1,1.0,68.7491897456348,99.49313354492188,8.717223167419434,17.09282213777958,2.3516223066648614,-0.18660874259934757,0.014274410284770056,0.18660874259934757,0.014274410284770056,-0.003340980736538768,0.001648469129577279,0.5600794553756714,0.0,19.444444444444443,180,174,4.938622951507568,RoadOption.STRAIGHT,99.2319564819336,19.650793075561523,1.5776161497143715,2.8,1.2,4.5,3.0,10.0,0.6,0.01,0.06,0.55,0.16,0.2,0.35,1.5,12,10.0,14.0,0.9,1.2,0.6,0.01,0.06,0.65,0.3,0.72,0.005,0.38,0.22,0.01,0.14,1.0,0.28
pid,ground_truth,curvy,400.0,0.05,0.1,1.0,68.79918974637985,99.47523498535156,9.57175350189209,17.09542204667848,2.349022397765964,-0.17453920577833837,0.01339876291835207,0.17453920577833837,0.01339876291835207,0.01138290110975504,0.014723881846293807,0.5595051646232605,0.0,19.444444444444443,180,175,5.083460807800293,RoadOption.STRAIGHT,99.2319564819336,19.650793075561523,1.5776161497143715,2.8,1.2,4.5,3.0,10.0,0.6,0.01,0.06,0.55,0.16,0.2,0.35,1.5,12,10.0,14.0,0.9,1.2,0.6,0.01,0.06,0.65,0.3,0.72,0.005,0.38,0.22,0.01,0.14,1.0,0.28
pid,ground_truth,curvy,400.0,0.05,0.1,1.0,68.84918974712491,99.45675659179688,10.426392555236816,17.09765248123728,2.3467919632071634,-0.16188968376039592,0.01365029848331023,0.16188968376039592,0.01365029848331023,-0.011596009135246277,-0.022978910245001316,0.5600489974021912,0.0,19.444444444444443,181,175,4.228818416595459,RoadOption.STRAIGHT,99.22513580322266,20.65077018737793,1.5776161497143715,2.8,1.2,4.5,3.0,10.0,0.6,0.01,0.06,0.55,0.16,0.2,0.35,1.5,12,10.0,14.0,0.9,1.2,0.6,0.01,0.06,0.65,0.3,0.72,0.005,0.38,0.22,0.01,0.14,1.0,0.28
pid,ground_truth,curvy,400.0,0.05,0.1,1.0,68.89918974786997,99.43910217285156,11.281150817871094,17.0997201308885,2.3447243135559432,-0.15006583630457163,0.013380919739048647,0.15006583630457163,0.013380919739048647,-0.007505232468247414,0.004090776666998863,0.5600499510765076,0.0,19.444444444444443,182,176,4.3734354972839355,RoadOption.STRAIGHT,99.21831512451172,21.650747299194336,1.5776161497143715,2.8,1.2,4.5,3.0,10.0,0.6,0.01,0.06,0.55,0.16,0.2,0.35,1.5,12,10.0,14.0,0.9,1.2,0.6,0.01,0.06,0.65,0.3,0.72,0.005,0.38,0.22,0.01,0.14,1.0,0.28
pid,ground_truth,curvy,400.0,0.05,0.1,1.0,68.94918974861503,99.42274475097656,12.136056900024414,17.1022419193938,2.3422025250506415,-0.13953995734880972,0.01215080563154114,0.13953995734880972,0.01215080563154114,0.0010408435482531786,0.008546076016500592,0.5582235455513,0.0,19.444444444444443,183,177,4.518019199371338,RoadOption.STRAIGHT,99.21149444580078,22.65072250366211,1.5776161497143715,2.8,1.2,4.5,3.0,10.0,0.6,0.01,0.06,0.55,0.16,0.2,0.35,1.5,12,10.0,14.0,0.9,1.2,0.6,0.01,0.06,0.65,0.3,0.72,0.005,0.38,0.22,0.01,0.14,1.0,0.28
pid,ground_truth,curvy,400.0,0.05,0.1,1.0,68.99918974936008,99.4067153930664,12.991093635559082,17.104690733234094,2.3397537112103493,-0.12933541604922202,0.011223492939975266,0.12933541604922202,0.011223492939975266,-0.0009291708120144904,-0.001970014360267669,0.5578891634941101,0.0,19.444444444444443,184,178,4.662530422210693,RoadOption.STRAIGHT,99.20467376708984,23.650699615478516,1.5776161497143715,2.8,1.2,4.5,3.0,10.0,0.6,0.01,0.06,0.55,0.16,0.2,0.35,1.5,12,10.0,14.0,0.9,1.2,0.6,0.01,0.06,0.65,0.3,0.72,0.005,0.38,0.22,0.01,0.14,1.0,0.28
pid,ground_truth,curvy,400.0,0.05,0.1,1.0,69.04918975010514,99.39095306396484,13.846247673034668,17.106778374157212,2.3376660702872307,-0.1194063135301946,0.010677544916509518,0.1194063135301946,0.010677544916509518,-0.003793387906625867,-0.0028642170946113765,0.558441162109375,0.0,19.444444444444443,185,179,4.80697774887085,RoadOption.STRAIGHT,99.1978530883789,24.650676727294922,1.5776161497143715,2.8,1.2,4.5,3.0,10.0,0.6,0.01,0.06,0.55,0.16,0.2,0.35,1.5,12,10.0,14.0,0.9,1.2,0.6,0.01,0.06,0.65,0.3,0.72,0.005,0.38,0.22,0.01,0.14,1.0,0.28
pid,ground_truth,curvy,400.0,0.05,0.1,1.0,69.0991897508502,99.3758773803711,14.701507568359375,17.108578602779048,2.3358658416653952,-0.11016456247729503,0.010034391513254803,0.11016456247729503,0.010034391513254803,-0.002616897691041231,0.0011764902155846357,0.5588498711585999,0.0,19.444444444444443,186,180,4.951377868652344,RoadOption.STRAIGHT,99.1910400390625,25.650653839111328,1.5776161497143715,2.8,1.2,4.5,3.0,10.0,0.6,0.01,0.06,0.55,0.16,0.2,0.35,1.5,12,10.0,14.0,0.9,1.2,0.6,0.01,0.06,0.65,0.3,0.72,0.005,0.38,0.22,0.01,0.14,1.0,0.28
pid,ground_truth,curvy,400.0,0.05,0.1,1.0,69.14918975159526,99.36144256591797,15.556865692138672,17.110350968441345,2.3340934760030976,-0.10156433555714442,0.009305883797063874,0.10156433555714442,0.009305883797063874,0.006087643094360828,0.00870454078540206,0.5585379600524902,0.0,19.444444444444443,186,181,5.095728397369385,RoadOption.STRAIGHT,99.1910400390625,25.650653839111328,1.5776161497143715,2.8,1.2,4.5,3.0,10.0,0.6,0.01,0.06,0.55,0.16,0.2,0.35,1.5,12,10.0,14.0,0.9,1.2,0.6,0.01,0.06,0.65,0.3,0.72,0.005,0.38,0.22,0.01,0.14,1.0,0.28
pid,ground_truth,curvy,400.0,0.05,0.1,1.0,69.19918975234032,99.34685516357422,16.412307739257812,17.1119973753496,2.332447069094844,-0.09281119049841619,0.009263805851840612,0.09281119049841619,0.009263805851840612,-0.007395439315587282,-0.01348308240994811,0.5585284233093262,0.0,19.444444444444443,187,181,4.24021053314209,RoadOption.STRAIGHT,99.18421936035156,26.6506290435791,1.5776161497143715,2.8,1.2,4.5,3.0,10.0,0.6,0.01,0.06,0.55,0.16,0.2,0.35,1.5,12,10.0,14.0,0.9,1.2,0.6,0.01,0.06,0.65,0.3,0.72,0.005,0.38,0.22,0.01,0.14,1.0,0.28
pid,ground_truth,curvy,400.0,0.05,0.1,1.0,69.24918975308537,99.3329086303711,17.267839431762695,17.11347829902411,2.3309661454203336,-0.08470041717213,0.008925051761182523,0.08470041717213,0.008925051761182523,-0.004869877826422453,0.0025255614891648293,0.5586659908294678,0.0,19.444444444444443,188,182,4.384406089782715,RoadOption.STRAIGHT,99.17739868164062,27.650606155395508,1.5776161497143715,2.8,1.2,4.5,3.0,10.0,0.6,0.01,0.06,0.55,0.16,0.2,0.35,1.5,12,10.0,14.0,0.9,1.2,0.6,0.01,0.06,0.65,0.3,0.72,0.005,0.38,0.22,0.01,0.14,1.0,0.28
pid,ground_truth,curvy,400.0,0.05,0.1,1.0,69.29918975383043,99.31990814208984,18.12346076965332,17.115092928554795,2.3293515158896483,-0.07753629113613301,0.008037819644022726,0.07753629113613301,0.008037819644022726,0.00023861195950303227,0.005108489785925485,0.5579363703727722,0.0,19.444444444444443,189,183,4.528560161590576,RoadOption.STRAIGHT,99.17057800292969,28.650583267211914,1.5776161497143715,2.8,1.2,4.5,3.0,10.0,0.6,0.01,0.06,0.55,0.16,0.2,0.35,1.5,12,10.0,14.0,0.9,1.2,0.6,0.01,0.06,0.65,0.3,0.72,0.005,0.38,0.22,0.01,0.14,1.0,0.28
pid,ground_truth,curvy,400.0,0.05,0.1,1.0,69.34918975457549,99.3072280883789,18.979169845581055,17.116669042134745,2.3277754023096975,-0.07069317756433297,0.007351789347218585,0.07069317756433297,0.007351789347218585,-0.0009399912669323385,-0.0011786032264353707,0.5576974749565125,0.0,19.444444444444443,190,184,4.6726555824279785,RoadOption.STRAIGHT,99.16375732421875,29.65056037902832,1.5776161497143715,2.8,1.2,4.5,3.0,10.0,0.6,0.01,0.06,0.55,0.16,0.2,0.35,1.5,12,10.0,14.0,0.9,1.2,0.6,0.01,0.06,0.65,0.3,0.72,0.005,0.38,0.22,0.01,0.14,1.0,0.28
pid,ground_truth,curvy,400.0,0.05,0.1,1.0,69.39918975532055,99.29483032226562,19.8349552154541,17.118064447493772,2.3263799969506707,-0.0641328653327823,0.006905044074357214,0.0641328653327823,0.006905044074357214,-0.002587375696748495,-0.0016473844298161566,0.5578964352607727,0.0,19.444444444444443,191,185,4.81669807434082,RoadOption.STRAIGHT,99.15693664550781,30.650537490844727,1.5776161497143715,2.8,1.2,4.5,3.0,10.0,0.6,0.01,0.06,0.55,0.16,0.2,0.35,1.5,12,10.0,14.0,0.9,1.2,0.6,0.01,0.06,0.65,0.3,0.72,0.005,0.38,0.22,0.01,0.14,1.0,0.28
pid,ground_truth,curvy,400.0,0.05,0.1,1.0,69.4491897560656,99.282958984375,20.690813064575195,17.119312212762487,2.3251322316819554,-0.058091834156546035,0.006410761376038465,0.058091834156546035,0.006410761376038465,-0.0018194906879216433,0.0007678850088268518,0.5580353736877441,0.0,19.444444444444443,192,186,4.960692882537842,RoadOption.STRAIGHT,99.15011596679688,31.650514602661133,1.5776161497143715,2.8,1.2,4.5,3.0,10.0,0.6,0.01,0.06,0.55,0.16,0.2,0.35,1.5,12,10.0,14.0,0.9,1.2,0.6,0.01,0.06,0.65,0.3,0.72,0.005,0.38,0.22,0.01,0.14,1.0,0.28
pid,ground_truth,curvy,400.0,0.05,0.1,1.0,69.49918975681067,99.27156829833984,21.546743392944336,17.120523792025292,2.323920652419151,-0.05253958017486155,0.005880392844949789,0.05253958017486155,0.005880392844949789,0.0027758616488426924,0.004595352336764336,0.5578701496124268,0.0,19.444444444444443,192,187,5.104633331298828,RoadOption.STRAIGHT,99.15011596679688,31.650514602661133,1.5776161497143715,2.8,1.2,4.5,3.0,10.0,0.6,0.01,0.06,0.55,0.16,0.2,0.35,1.5,12,10.0,14.0,0.9,1.2,0.6,0.01,0.06,0.65,0.3,0.72,0.005,0.38,0.22,0.01,0.14,1.0,0.28
pid,ground_truth,curvy,400.0,0.05,0.1,1.0,69.54918975755572,99.26021575927734,22.402727127075195,17.12167639085429,2.3227680535901527,-0.04702491735181561,0.005725263711452655,0.04702491735181561,0.005725263711452655,-0.00428376067429781,-0.007059622323140502,0.5577816963195801,0.0,19.444444444444443,193,187,4.248581886291504,RoadOption.STRAIGHT,99.14329528808594,32.650489807128906,1.5776161497143715,2.8,1.2,4.5,3.0,10.0,0.6,0.01,0.06,0.55,0.16,0.2,0.35,1.5,12,10.0,14.0,0.9,1.2,0.6,0.01,0.06,0.65,0.3,0.72,0.005,0.38,0.22,0.01,0.14,1.0,0.28
pid,ground_truth,curvy,400.0,0.05,0.1,1.0,69.59918975830078,99.24932098388672,23.25876808166504,17.122718393635004,2.3217260508094384,-0.04196930392001695,0.005421663347183525,0.04196930392001695,0.005421663347183525,-0.0028707250021398067,0.0014130356721580029,0.5578621029853821,0.0,19.444444444444443,194,188,4.392427444458008,RoadOption.STRAIGHT,99.136474609375,33.65046691894531,1.5776161497143715,2.8,1.2,4.5,3.0,10.0,0.6,0.01,0.06,0.55,0.16,0.2,0.35,1.5,12,10.0,14.0,0.9,1.2,0.6,0.01,0.06,0.65,0.3,0.72,0.005,0.38,0.22,0.01,0.14,1.0,0.28
pid,ground_truth,curvy,400.0,0.05,0.1,1.0,69.64918975904584,99.23904418945312,24.114870071411133,17.123769341686035,2.3206751027584076,-0.03753207331989372,0.004841893177872869,0.03753207331989372,0.004841893177872869,-0.00014224808546714485,0.002728476916672662,0.5576058626174927,0.0,19.444444444444443,195,189,4.536230564117432,RoadOption.STRAIGHT,99.1296615600586,34.65044403076172,1.5776161497143715,2.8,1.2,4.5,3.0,10.0,0.6,0.01,0.06,0.55,0.16,0.2,0.35,1.5,12,10.0,14.0,0.9,1.2,0.6,0.01,0.06,0.65,0.3,0.72,0.005,0.38,0.22,0.01,0.14,1.0,0.28
pid,ground_truth,curvy,400.0,0.05,0.1,1.0,69.6991897597909,99.22903442382812,24.971033096313477,17.124788212975872,2.3196562314685707,-0.033362281564366277,0.004384362102597628,0.033362281564366277,0.004384362102597628,-0.0007647622260265052,-0.0006225141405593604,0.557471513748169,0.0,19.444444444444443,196,190,4.679983139038086,RoadOption.STRAIGHT,99.12284088134766,35.650421142578125,1.5776161497143715,2.8,1.2,4.5,3.0,10.0,0.6,0.01,0.06,0.55,0.16,0.2,0.35,1.5,12,10.0,14.0,0.9,1.2,0.6,0.01,0.06,0.65,0.3,0.72,0.005,0.38,0.22,0.01,0.14,1.0,0.28
pid,ground_truth,curvy,400.0,0.05,0.1,1.0,69.74918976053596,99.21924591064453,25.82724380493164,17.12572115181031,2.3187232926341323,-0.029414062297018442,0.0040618532945888575,0.029414062297018442,0.0040618532945888575,-0.0016075182938948274,-0.0008427560678683221,0.5575069189071655,0.0,19.444444444444443,197,191,4.823696613311768,RoadOption.STRAIGHT,99.11602020263672,36.650394439697266,1.5776161497143715,2.8,1.2,4.5,3.0,10.0,0.6,0.01,0.06,0.55,0.16,0.2,0.35,1.5,12,10.0,14.0,0.9,1.2,0.6,0.01,0.06,0.65,0.3,0.72,0.005,0.38,0.22,0.01,0.14,1.0,0.28
pid,ground_truth,curvy,400.0,0.05,0.1,1.0,69.79918976128101,99.2098159790039,26.683502197265625,17.126578333647235,2.3178661107972083,-0.02582474142583789,0.0037223002556037166,0.02582474142583789,0.0037223002556037166,-0.0011642943136394024,0.000443223980255425,0.5575304627418518,0.0,19.444444444444443,198,192,4.967371940612793,RoadOption.STRAIGHT,99.10919952392578,37.65037155151367,1.5776161497143715,2.8,1.2,4.5,3.0,10.0,0.6,0.01,0.06,0.55,0.16,0.2,0.35,1.5,12,10.0,14.0,0.9,1.2,0.6,0.01,0.06,0.65,0.3,0.72,0.005,0.38,0.22,0.01,0.14,1.0,0.28
pid,ground_truth,curvy,400.0,0.05,0.1,1.0,69.84918976202607,99.20071411132812,27.539806365966797,17.12739781707309,2.3170466273713544,-0.022563802082382914,0.0033715619400402908,0.022563802082382914,0.0033715619400402908,0.0009052818641066551,0.0020695761777460575,0.5574557185173035,0.0,19.444444444444443,198,193,5.111006259918213,RoadOption.STRAIGHT,99.10919952392578,37.65037155151367,1.5776161497143715,2.8,1.2,4.5,3.0,10.0,0.6,0.01,0.06,0.55,0.16,0.2,0.35,1.5,12,10.0,14.0,0.9,1.2,0.6,0.01,0.06,0.65,0.3,0.72,0.005,0.38,0.22,0.01,0.14,1.0,0.28
pid,ground_truth,curvy,400.0,0.05,0.1,1.0,69.89918976277113,99.19172668457031,28.396154403686523,17.128183513949477,2.316260930494966,-0.0194166810302753,0.003197391204749156,0.0194166810302753,0.003197391204749156,-0.0021875607781112194,-0.0030928426422178745,0.5573774576187134,0.0,19.444444444444443,199,193,4.254611492156982,RoadOption.STRAIGHT,99.10237884521484,38.65034866333008,1.5776161497143715,2.8,1.2,4.5,3.0,10.0,0.6,0.01,0.06,0.55,0.16,0.2,0.35,1.5,12,10.0,14.0,0.9,1.2,0.6,0.01,0.06,0.65,0.3,0.72,0.005,0.38,0.22,0.01,0.14,1.0,0.28
pid,ground_truth,curvy,400.0,0.05,0.1,1.0,69.94918976351619,99.18305206298828,29.25254249572754,17.128908535722097,2.315535908722346,-0.01658353717520506,0.002967027770456987,0.01658353717520506,0.002967027770456987,-0.0015102417673915625,0.0006773190107196569,0.5573878288269043,0.0,19.444444444444443,200,194,4.398171424865723,RoadOption.STRAIGHT,99.0955581665039,39.650325775146484,1.5776161497143715,2.8,1.2,4.5,3.0,10.0,0.6,0.01,0.06,0.55,0.16,0.2,0.35,1.5,12,10.0,14.0,0.9,1.2,0.6,0.01,0.06,0.65,0.3,0.72,0.005,0.38,0.22,0.01,0.14,1.0,0.28
pid,ground_truth,curvy,400.0,0.05,0.1,1.0,69.99918976426125,99.17471313476562,30.10896873474121,17.129609301228914,2.3148351432155287,-0.014078709809464962,0.0026249447284367733,0.014078709809464962,0.0026249447284367733,-0.0002963911974802613,0.0012138505699113011,0.5573015809059143,0.0,19.444444444444443,201,195,4.541698932647705,RoadOption.STRAIGHT,99.08873748779297,40.65030288696289,1.5776161497143715,2.8,1.2,4.5,3.0,10.0,0.6,0.01,0.06,0.55,0.16,0.2,0.35,1.5,12,10.0,14.0,0.9,1.2,0.6,0.01,0.06,0.65,0.3,0.72,0.005,0.38,0.22,0.01,0.14,1.0,0.28
pid,ground_truth,curvy,400.0,0.05,0.1,1.0,70.0491897650063,99.16657257080078,30.965431213378906,17.130275960247367,2.3141684841970758,-0.011780118451609076,0.0023457122881418435,0.011780118451609076,0.0023457122881418435,-0.0005474821082316339,-0.0002510909107513726,0.557250440120697,0.0,19.444444444444443,202,196,4.685194492340088,RoadOption.STRAIGHT,99.08191680908203,41.6502799987793,1.5776161497143715,2.8,1.2,4.5,3.0,10.0,0.6,0.01,0.06,0.55,0.16,0.2,0.35,1.5,12,10.0,14.0,0.9,1.2,0.6,0.01,0.06,0.65,0.3,0.72,0.005,0.38,0.22,0.01,0.14,1.0,0.28
pid,ground_truth,curvy,400.0,0.05,0.1,1.0,70.09918976575136,99.15860748291016,31.82192611694336,17.13090090254079,2.313543541903652,-0.0096572462331957,0.0021334583492622627,0.0096572462331957,0.0021334583492622627,-0.0008900969987735152,-0.0003426148905418813,0.55722975730896,0.0,19.444444444444443,203,197,4.8286566734313965,RoadOption.STRAIGHT,99.07510375976562,42.6502571105957,1.5776161497143715,2.8,1.2,4.5,3.0,10.0,0.6,0.01,0.06,0.55,0.16,0.2,0.35,1.5,12,10.0,14.0,0.9,1.2,0.6,0.01,0.06,0.65,0.3,0.72,0.005,0.38,0.22,0.01,0.14,1.0,0.28
pid,ground_truth,curvy,400.0,0.05,0.1,1.0,70.14918976649642,99.15086364746094,32.6784553527832,17.131484020248045,2.3129604241963975,-0.007755829433850121,0.0019213375684374867,0.007755829433850121,0.0019213375684374867,-0.0006716519710607827,0.00021844502771273255,0.5572185516357422,0.0,19.444444444444443,204,198,4.972091197967529,RoadOption.STRAIGHT,99.06828308105469,43.65023422241211,1.5776161497143715,2.8,1.2,4.5,3.0,10.0,0.6,0.01,0.06,0.55,0.16,0.2,0.35,1.5,12,10.0,14.0,0.9,1.2,0.6,0.01,0.06,0.65,0.3,0.72,0.005,0.38,0.22,0.01,0.14,1.0,0.28
pid,ground_truth,curvy,400.0,0.05,0.1,1.0,70.19918976724148,99.14331817626953,33.535011291503906,17.132038070075932,2.3124063743685106,-0.006052954386882886,0.0017118799487030323,0.006052954386882886,0.0017118799487030323,-3.859269054373726e-05,0.0006330592805170454,0.5571780800819397,0.0,19.444444444444443,204,199,5.115501403808594,RoadOption.STRAIGHT,99.06828308105469,43.65023422241211,1.5776161497143715,2.8,1.2,4.5,3.0,10.0,0.6,0.01,0.06,0.55,0.16,0.2,0.35,1.5,12,10.0,14.0,0.9,1.2,0.6,0.01,0.06,0.65,0.3,0.72,0.005,0.38,0.22,0.01,0.14,1.0,0.28
pid,ground_truth,curvy,400.0,0.05,0.1,1.0,70.24918976798654,99.1358871459961,34.391597747802734,17.132566478732585,2.311877965711858,-0.004463819585188471,0.0015630092437675103,0.004463819585188471,0.0015630092437675103,-0.0009238620987161994,-0.0008852694081724621,0.5571336150169373,0.0,19.444444444444443,205,199,4.258882999420166,RoadOption.STRAIGHT,99.06146240234375,44.65020751953125,1.5776161497143715,2.8,1.2,4.5,3.0,10.0,0.6,0.01,0.06,0.55,0.16,0.2,0.35,1.5,12,10.0,14.0,0.9,1.2,0.6,0.01,0.06,0.65,0.3,0.72,0.005,0.38,0.22,0.01,0.14,1.0,0.28
pid,ground_truth,curvy,400.0,0.05,0.1,1.0,70.2991897687316,99.12864685058594,35.24821090698242,17.133060751368827,2.3113836930756158,-0.003066503453010988,0.0014048174750165288,0.003066503453010988,0.0014048174750165288,-0.0006666058907285333,0.00025725620798766613,0.5571204423904419,0.0,19.444444444444443,206,200,4.4022393226623535,RoadOption.STRAIGHT,99.05464172363281,45.650184631347656,1.5776161497143715,2.8,1.2,4.5,3.0,10.0,0.6,0.01,0.06,0.55,0.16,0.2,0.35,1.5,12,10.0,14.0,0.9,1.2,0.6,0.01,0.06,0.65,0.3,0.72,0.005,0.38,0.22,0.01,0.14,1.0,0.28
pid,ground_truth,curvy,400.0,0.05,0.1,1.0,70.34918976947665,99.12158203125,36.1048469543457,17.133528459828995,2.3109159846154483,-0.0018448154065223918,0.0012246546272729475,0.0018448154065223918,0.0012246546272729475,-0.0002999366552103311,0.0003666692355182022,0.5570919513702393,0.0,19.444444444444443,207,201,4.545575141906738,RoadOption.STRAIGHT,99.04782104492188,46.65016174316406,1.5776161497143715,2.8,1.2,4.5,3.0,10.0,0.6,0.01,0.06,0.55,0.16,0.2,0.35,1.5,12,10.0,14.0,0.9,1.2,0.6,0.01,0.06,0.65,0.3,0.72,0.005,0.38,0.22,0.01,0.14,1.0,0.28
pid,ground_truth,curvy,400.0,0.05,0.1,1.0,70.39918977022171,99.1146240234375,36.961509704589844,17.13397304626975,2.310471398174691,-0.00073011850708702,0.0010712565484842784,0.00073011850708702,0.0010712565484842784,-0.00037049606908112764,-7.055941387079656e-05,0.5570588707923889,0.0,19.444444444444443,208,202,4.688884735107422,RoadOption.STRAIGHT,99.04100036621094,47.65013885498047,1.5776161497143715,2.8,1.2,4.5,3.0,10.0,0.6,0.01,0.06,0.55,0.16,0.2,0.35,1.5,12,10.0,14.0,0.9,1.2,0.6,0.01,0.06,0.65,0.3,0.72,0.005,0.38,0.22,0.01,0.14,1.0,0.28
pid,ground_truth,curvy,400.0,0.05,0.1,1.0,70.44918977096677,99.1078109741211,37.81819534301758,17.134393503807026,2.3100509406374172,0.00024709639221159874,0.0009439574483787183,0.00024709639221159874,0.0009439574483787183,-0.00041807975503616035,-4.7583685955032706e-05,0.557033896446228,0.0,19.444444444444443,209,203,4.832172870635986,RoadOption.STRAIGHT,99.0341796875,48.650115966796875,1.5776161497143715,2.8,1.2,4.5,3.0,10.0,0.6,0.01,0.06,0.55,0.16,0.2,0.35,1.5,12,10.0,14.0,0.9,1.2,0.6,0.01,0.06,0.65,0.3,0.72,0.005,0.38,0.22,0.01,0.14,1.0,0.28
pid,ground_truth,curvy,400.0,0.05,0.1,1.0,70.49918977171183,99.10108184814453,38.67490005493164,17.134790678215456,2.309653766228987,0.0011326306093942043,0.000823715725161378,0.0011326306093942043,0.000823715725161378,-0.0003723619447555393,4.571781028062105e-05,0.5570117235183716,0.0,19.444444444444443,210,204,4.975442886352539,RoadOption.STRAIGHT,99.0273666381836,49.65009307861328,1.5776161497143715,2.8,1.2,4.5,3.0,10.0,0.6,0.01,0.06,0.55,0.16,0.2,0.35,1.5,12,10.0,14.0,0.9,1.2,0.6,0.01,0.06,0.65,0.3,0.72,0.005,0.38,0.22,0.01,0.14,1.0,0.28
pid,ground_truth,curvy,400.0,0.05,0.1,1.0,70.54918977245688,99.09449005126953,39.5316276550293,17.135163672373075,2.309280772071368,0.0018806568110818836,0.0007093329563425677,0.0018806568110818836,0.0007093329563425677,-0.000407663726946339,-3.530178219079971e-05,0.5569973587989807,0.0,19.444444444444443,210,205,5.118686676025391,RoadOption.STRAIGHT,99.0273666381836,49.65009307861328,1.5776161497143715,2.8,1.2,4.5,3.0,10.0,0.6,0.01,0.06,0.55,0.16,0.2,0.35,1.5,12,10.0,14.0,0.9,1.2,0.6,0.01,0.06,0.65,0.3,0.72,0.005,0.38,0.22,0.01,0.14,1.0,0.28
pid,ground_truth,curvy,400.0,0.05,0.1,1.0,70.59918977320194,99.08799743652344,40.388370513916016,17.135515499048005,2.3089289453964383,0.002530331278508491,0.0005969475583413875,0.002530331278508491,0.0005969475583413875,-0.00021643142099492252,0.0001912323059514165,0.556979238986969,0.0,19.444444444444443,211,205,4.261919975280762,RoadOption.STRAIGHT,99.02054595947266,50.65007019042969,1.5776161497143715,2.8,1.2,4.5,3.0,10.0,0.6,0.01,0.06,0.55,0.16,0.2,0.35,1.5,12,10.0,14.0,0.9,1.2,0.6,0.01,0.06,0.65,0.3,0.72,0.005,0.38,0.22,0.01,0.14,1.0,0.28
pid,ground_truth,curvy,400.0,0.05,0.1,1.0,70.649189773947,99.08159637451172,41.24513244628906,17.135848433601197,2.308596010843246,0.0030874189295700717,0.0004994758624441431,0.0030874189295700717,0.0004994758624441431,-0.00021582793851848692,6.034824764356017e-07,0.5569589138031006,0.0,19.444444444444443,212,206,4.405135154724121,RoadOption.STRAIGHT,99.01372528076172,51.650047302246094,1.5776161497143715,2.8,1.2,4.5,3.0,10.0,0.6,0.01,0.06,0.55,0.16,0.2,0.35,1.5,12,10.0,14.0,0.9,1.2,0.6,0.01,0.06,0.65,0.3,0.72,0.005,0.38,0.22,0.01,0.14,1.0,0.28
pid,ground_truth,curvy,400.0,0.05,0.1,1.0,70.69918977469206,99.07527923583984,42.10191345214844,17.13616780511087,2.308276639333574,0.0035604551156260614,0.0004187820814149923,0.0035604551156260614,0.0004187820814149923,-0.00024385936558246613,-2.803142706397921e-05,0.5569266080856323,0.0,19.444444444444443,213,207,4.548331260681152,RoadOption.STRAIGHT,99.00690460205078,52.6500244140625,1.5776161497143715,2.8,1.2,4.5,3.0,10.0,0.6,0.01,0.06,0.55,0.16,0.2,0.35,1.5,12,10.0,14.0,0.9,1.2,0.6,0.01,0.06,0.65,0.3,0.72,0.005,0.38,0.22,0.01,0.14,1.0,0.28
pid,ground_truth,curvy,400.0,0.05,0.1,1.0,70.74918977543712,99.06903076171875,42.95870590209961,17.136464063496376,2.3079803809480666,0.003964750301613678,0.00034527883532886605,0.003964750301613678,0.00034527883532886605,-0.000212929182453081,3.0930183129385114e-05,0.5569261312484741,0.0,19.444444444444443,214,208,4.691516876220703,RoadOption.STRAIGHT,99.00008392333984,53.64999771118164,-4.705568624832996,2.8,1.2,4.5,3.0,10.0,0.6,0.01,0.06,0.55,0.16,0.2,0.35,1.5,12,10.0,14.0,0.9,1.2,0.6,0.01,0.06,0.65,0.3,0.72,0.005,0.38,0.22,0.01,0.14,1.0,0.28
pid,ground_truth,curvy,400.0,0.05,0.1,1.0,70.79918977618217,99.06285858154297,43.81551742553711,17.13674663178008,2.3076978126643617,0.004292623239706129,0.0002769687533685783,0.004292623239706129,0.0002769687533685783,-0.0001605828874744475,5.234629497863352e-05,0.5569023489952087,0.0,19.444444444444443,215,209,4.834683895111084,RoadOption.STRAIGHT,98.9932632446289,54.64997482299805,-4.705568624832996,2.8,1.2,4.5,3.0,10.0,0.6,0.01,0.06,0.55,0.16,0.2,0.35,1.5,12,10.0,14.0,0.9,1.2,0.6,0.01,0.06,0.65,0.3,0.72,0.005,0.38,0.22,0.01,0.14,1.0,0.28
pid,ground_truth,curvy,400.0,0.05,0.1,1.0,70.84918977692723,99.05674743652344,44.672332763671875,17.137013839260646,2.3074306051837965,0.004567065642667421,0.00021678131273272783,0.004567065642667421,0.00021678131273272783,-0.0001452223805245012,1.5360506949946284e-05,0.5568865537643433,0.0,19.444444444444443,216,210,4.977847576141357,RoadOption.STRAIGHT,98.98644256591797,55.64995193481445,-4.705568624832996,2.8,1.2,4.5,3.0,10.0,0.6,0.01,0.06,0.55,0.16,0.2,0.35,1.5,12,10.0,14.0,0.9,1.2,0.6,0.01,0.06,0.65,0.3,0.72,0.005,0.38,0.22,0.01,0.14,1.0,0.28
pid,ground_truth,curvy,400.0,0.05,0.1,1.0,70.89918977767229,99.0506820678711,45.52916717529297,17.137264524476656,2.307179919967787,0.004787973449064821,0.00016524914563920134,0.004787973449064821,0.00016524914563920134,-0.0005037964438088238,-0.0003585740632843226,0.5568776726722717,0.0,19.444444444444443,216,211,5.120992183685303,RoadOption.STRAIGHT,98.98644256591797,55.64995193481445,-4.705568624832996,2.8,1.2,4.5,3.0,10.0,0.6,0.01,0.06,0.55,0.16,0.2,0.35,1.5,12,10.0,14.0,0.9,1.2,0.6,0.01,0.06,0.65,0.3,0.72,0.005,0.38,0.22,0.01,0.14,1.0,0.28
pid,ground_truth,curvy,400.0,0.05,0.1,1.0,70.94918977841735,99.04469299316406,46.38602066040039,17.137501018820224,2.306943425624219,0.004933365141816089,9.014800289897096e-05,0.004933365141816089,9.014800289897096e-05,0.00010139851656276733,0.0006051949603715912,0.556865394115448,0.0,19.444444444444443,217,211,4.264118194580078,RoadOption.STRAIGHT,98.97962188720703,56.64992904663086,-4.705568624832996,2.8,1.2,4.5,3.0,10.0,0.6,0.01,0.06,0.55,0.16,0.2,0.35,1.5,12,10.0,14.0,0.9,1.2,0.6,0.01,0.06,0.65,0.3,0.72,0.005,0.38,0.22,0.01,0.14,1.0,0.28
pid,ground_truth,curvy,400.0,0.05,0.1,1.0,70.9991897791624,99.03876495361328,47.24287796020508,17.137725537217904,2.3067189072265393,0.005016790948076742,3.448793611671164e-05,0.005016790948076742,3.448793611671164e-05,3.2947984436759725e-05,-6.84505321260076e-05,0.556849479675293,0.0,19.444444444444443,218,212,4.407240867614746,RoadOption.STRAIGHT,98.97280883789062,57.649906158447266,-4.705568624832996,2.8,1.2,4.5,3.0,10.0,0.6,0.01,0.06,0.55,0.16,0.2,0.35,1.5,12,10.0,14.0,0.9,1.2,0.6,0.01,0.06,0.65,0.3,0.72,0.005,0.38,0.22,0.01,0.14,1.0,0.28
pid,ground_truth,curvy,400.0,0.05,0.1,1.0,71.04918977990746,99.03285217285156,48.09975051879883,17.137938646211335,2.3065057982331076,0.005084854258683824,1.012001214206748e-05,0.005084854258683824,1.012001214206748e-05,-0.00016966060502454638,-0.0002026085894613061,0.5568345785140991,0.0,19.444444444444443,219,213,4.550348281860352,RoadOption.STRAIGHT,98.96598815917969,58.64988327026367,-4.705568624832996,2.8,1.2,4.5,3.0,10.0,0.6,0.01,0.06,0.55,0.16,0.2,0.35,1.5,12,10.0,14.0,0.9,1.2,0.6,0.01,0.06,0.65,0.3,0.72,0.005,0.38,0.22,0.01,0.14,1.0,0.28
pid,ground_truth,curvy,400.0,0.05,0.1,1.0,71.09918978065252,99.02696228027344,48.956634521484375,17.138139378535215,2.3063050659092283,0.005132425732474768,-1.5845808485792645e-05,0.005132425732474768,1.5845808485792645e-05,-0.0001261270372197032,4.353356780484319e-05,0.5568250417709351,0.0,19.444444444444443,220,214,4.6934404373168945,RoadOption.STRAIGHT,98.95916748046875,59.64986038208008,-4.705568624832996,2.8,1.2,4.5,3.0,10.0,0.6,0.01,0.06,0.55,0.16,0.2,0.35,1.5,12,10.0,14.0,0.9,1.2,0.6,0.01,0.06,0.65,0.3,0.72,0.005,0.38,0.22,0.01,0.14,1.0,0.28
pid,ground_truth,curvy,400.0,0.05,0.1,1.0,71.14918978139758,99.0211181640625,49.81351852416992,17.13832917551212,2.3061152689323237,0.005131824260788561,-4.687163518468651e-05,0.005131824260788561,4.687163518468651e-05,-2.4878851036191918e-05,0.00010124818618351128,0.5568139553070068,0.0,19.444444444444443,221,215,4.836536884307861,RoadOption.STRAIGHT,98.95234680175781,60.649837493896484,-4.705568624832996,2.8,1.2,4.5,3.0,10.0,0.6,0.01,0.06,0.55,0.16,0.2,0.35,1.5,12,10.0,14.0,0.9,1.2,0.6,0.01,0.06,0.65,0.3,0.72,0.005,0.38,0.22,0.01,0.14,1.0,0.28
pid,ground_truth,curvy,400.0,0.05,0.1,1.0,71.19918978214264,99.01529693603516,50.67042922973633,17.138506522332868,2.305937922111575,0.0051081530161244705,-7.190534943291027e-05,0.0051081530161244705,7.190534943291027e-05,-3.136637678835541e-05,-6.487525752163492e-06,0.5568097829818726,0.0,19.444444444444443,222,216,4.979606628417969,RoadOption.STRAIGHT,98.94552612304688,61.64981460571289,-4.705568624832996,2.8,1.2,4.5,3.0,10.0,0.6,0.01,0.06,0.55,0.16,0.2,0.35,1.5,12,10.0,14.0,0.9,1.2,0.6,0.01,0.06,0.65,0.3,0.72,0.005,0.38,0.22,0.01,0.14,1.0,0.28
pid,ground_truth,curvy,400.0,0.05,0.1,1.0,71.2491897828877,99.00949096679688,51.52733612060547,17.13867781866427,2.3057666257801728,0.005069249354684911,-8.934905457280706e-05,0.005069249354684911,8.934905457280706e-05,-0.00043544088839553297,-0.00040407451160717756,0.5567890405654907,0.0,19.444444444444443,222,217,5.1226806640625,RoadOption.STRAIGHT,98.94552612304688,61.64981460571289,-4.705568624832996,2.8,1.2,4.5,3.0,10.0,0.6,0.01,0.06,0.55,0.16,0.2,0.35,1.5,12,10.0,14.0,0.9,1.2,0.6,0.01,0.06,0.65,0.3,0.72,0.005,0.38,0.22,0.01,0.14,1.0,0.28
pid,ground_truth,curvy,400.0,0.05,0.1,1.0,71.29918978363276,99.00373840332031,52.38425064086914,17.138835891798003,2.30560855264644,0.004977262640718273,-0.0001344896350481406,0.004977262640718273,0.0001344896350481406,0.0002100643323501572,0.0006455052207456902,0.5567913055419922,0.0,19.444444444444443,223,217,4.2657470703125,RoadOption.STRAIGHT,98.93870544433594,62.6497917175293,-4.705568624832996,2.8,1.2,4.5,3.0,10.0,0.6,0.01,0.06,0.55,0.16,0.2,0.35,1.5,12,10.0,14.0,0.9,1.2,0.6,0.01,0.06,0.65,0.3,0.72,0.005,0.38,0.22,0.01,0.14,1.0,0.28
pid,ground_truth,curvy,400.0,0.05,0.1,1.0,71.34918978437781,98.99800872802734,53.24118423461914,17.138986167963015,2.3054582764814278,0.004869513903804568,-0.0001619201942766324,0.004869513903804568,0.0001619201942766324,0.00011594678653636947,-9.411754581378773e-05,0.5567800402641296,0.0,19.444444444444443,224,218,4.408794403076172,RoadOption.STRAIGHT,98.93189239501953,63.6497688293457,-4.705568624832996,2.8,1.2,4.5,3.0,10.0,0.6,0.01,0.06,0.55,0.16,0.2,0.35,1.5,12,10.0,14.0,0.9,1.2,0.6,0.01,0.06,0.65,0.3,0.72,0.005,0.38,0.22,0.01,0.14,1.0,0.28
pid,ground_truth,curvy,400.0,0.05,0.1,1.0,71.39918978512287,98.99224090576172,54.09811782836914,17.139130017240284,2.3053144272041592,0.004792282035221716,-0.00015912387513239423,0.004792282035221716,0.00015912387513239423,-0.0001307848287979141,-0.00024673161533428356,0.5567663908004761,0.0,19.444444444444443,225,219,4.551841735839844,RoadOption.STRAIGHT,98.9250717163086,64.64974212646484,-4.705568624832996,2.8,1.2,4.5,3.0,10.0,0.6,0.01,0.06,0.55,0.16,0.2,0.35,1.5,12,10.0,14.0,0.9,1.2,0.6,0.01,0.06,0.65,0.3,0.72,0.005,0.38,0.22,0.01,0.14,1.0,0.28
pid,ground_truth,curvy,400.0,0.05,0.1,1.0,71.44918978586793,98.98651885986328,54.95505142211914,17.139266221649375,2.3051782227950675,0.004669274864142588,-0.00016298545871329395,0.004669274864142588,0.00016298545871329395,-3.574379297788255e-05,9.504103582003154e-05,0.5567578077316284,0.0,19.444444444444443,226,220,4.694889068603516,RoadOption.STRAIGHT,98.91825103759766,65.64971923828125,-4.705568624832996,2.8,1.2,4.5,3.0,10.0,0.6,0.01,0.06,0.55,0.16,0.2,0.35,1.5,12,10.0,14.0,0.9,1.2,0.6,0.01,0.06,0.65,0.3,0.72,0.005,0.38,0.22,0.01,0.14,1.0,0.28
pid,ground_truth,curvy,400.0,0.05,0.1,1.0,71.49918978661299,98.98079681396484,55.81200408935547,17.139392674102545,2.3050517703418976,0.004546137606113651,-0.00017323862891061026,0.004546137606113651,0.00017323862891061026,2.951853457489051e-05,6.526232755277306e-05,0.5567573308944702,0.0,19.444444444444443,227,221,4.837917327880859,RoadOption.STRAIGHT,98.91143035888672,66.64969635009766,-4.705568624832996,2.8,1.2,4.5,3.0,10.0,0.6,0.01,0.06,0.55,0.16,0.2,0.35,1.5,12,10.0,14.0,0.9,1.2,0.6,0.01,0.06,0.65,0.3,0.72,0.005,0.38,0.22,0.01,0.14,1.0,0.28
pid,ground_truth,curvy,400.0,0.05,0.1,1.0,71.54918978735805,98.97508239746094,56.66896438598633,17.139513085434,2.3049313590104425,0.004415319096222073,-0.0001785649510903653,0.004415319096222073,0.0001785649510903653,1.074537885870086e-05,-1.877315571618965e-05,0.5567477345466614,0.0,19.444444444444443,228,222,4.98093843460083,RoadOption.STRAIGHT,98.90460968017578,67.64967346191406,-4.705568624832996,2.8,1.2,4.5,3.0,10.0,0.6,0.01,0.06,0.55,0.16,0.2,0.35,1.5,12,10.0,14.0,0.9,1.2,0.6,0.01,0.06,0.65,0.3,0.72,0.005,0.38,0.22,0.01,0.14,1.0,0.28
pid,ground_truth,curvy,400.0,0.05,0.1,1.0,71.5991897881031,98.96937561035156,57.52592086791992,17.13962524295252,2.3048192014919238,0.004276897386637744,-0.0001785649510903653,0.004276897386637744,0.0001785649510903653,-0.0003321572730783373,-0.00034290265193703817,0.5567461848258972,0.0,19.444444444444443,228,223,5.123962879180908,RoadOption.STRAIGHT,98.90460968017578,67.64967346191406,-4.705568624832996,2.8,1.2,4.5,3.0,10.0,0.6,0.01,0.06,0.55,0.16,0.2,0.35,1.5,12,10.0,14.0,0.9,1.2,0.6,0.01,0.06,0.65,0.3,0.72,0.005,0.38,0.22,0.01,0.14,1.0,0.28
pid,ground_truth,curvy,400.0,0.05,0.1,1.0,71.64918978884816,98.96370697021484,58.38288116455078,17.139735217667372,2.304709226777071,0.004100677076081711,-0.00020519656199091685,0.004100677076081711,0.00020519656199091685,0.0002365683321841061,0.0005687256052624434,0.5567281246185303,0.0,19.444444444444443,229,223,4.266984462738037,RoadOption.STRAIGHT,98.89778900146484,68.64965057373047,-4.705568624832996,2.8,1.2,4.5,3.0,10.0,0.6,0.01,0.06,0.55,0.16,0.2,0.35,1.5,12,10.0,14.0,0.9,1.2,0.6,0.01,0.06,0.65,0.3,0.72,0.005,0.38,0.22,0.01,0.14,1.0,0.28
pid,ground_truth,curvy,400.0,0.05,0.1,1.0,71.69918978959322,98.95804595947266,59.23985290527344,17.13983698765925,2.3046074567851917,0.003924005211523973,-0.00021558289024170563,0.003924005211523973,0.00021558289024170563,0.0001393713610013947,-9.719697118271142e-05,0.5567286610603333,0.0,19.444444444444443,230,224,4.409994125366211,RoadOption.STRAIGHT,98.8909683227539,69.64962768554688,-4.705568624832996,2.8,1.2,4.5,3.0,10.0,0.6,0.01,0.06,0.55,0.16,0.2,0.35,1.5,12,10.0,14.0,0.9,1.2,0.6,0.01,0.06,0.65,0.3,0.72,0.005,0.38,0.22,0.01,0.14,1.0,0.28
pid,ground_truth,curvy,400.0,0.05,0.1,1.0,71.74918979033828,98.95233154296875,60.09683609008789,17.13993061110311,2.304513833341332,0.0037930045799026493,-0.00020000339786463428,0.0037930045799026493,0.00020000339786463428,-0.00010079314961330965,-0.00024016451061470434,0.5567309260368347,0.0,19.444444444444443,231,225,4.552988052368164,RoadOption.STRAIGHT,98.88414764404297,70.64960479736328,-4.705568624832996,2.8,1.2,4.5,3.0,10.0,0.6,0.01,0.06,0.55,0.16,0.2,0.35,1.5,12,10.0,14.0,0.9,1.2,0.6,0.01,0.06,0.65,0.3,0.72,0.005,0.38,0.22,0.01,0.14,1.0,0.28
pid,ground_truth,curvy,400.0,0.05,0.1,1.0,71.79918979108334,98.9466552734375,60.95381546020508,17.14002250366955,2.304421940774894,0.0036239098976476973,-0.00019347865319474522,0.0036239098976476973,0.00019347865319474522,1.7619687469050405e-06,0.00010255511836021469,0.5567155480384827,0.0,19.444444444444443,232,226,4.695990085601807,RoadOption.STRAIGHT,98.87732696533203,71.64958190917969,-4.705568624832996,2.8,1.2,4.5,3.0,10.0,0.6,0.01,0.06,0.55,0.16,0.2,0.35,1.5,12,10.0,14.0,0.9,1.2,0.6,0.01,0.06,0.65,0.3,0.72,0.005,0.38,0.22,0.01,0.14,1.0,0.28
pid,ground_truth,curvy,400.0,0.05,0.1,1.0,71.8491897918284,98.94099426269531,61.81079864501953,17.14010849440494,2.3043359500395013,0.003439530763837361,-0.00019347865319474522,0.003439530763837361,0.00019347865319474522,6.782653508707881e-05,6.606456634017377e-05,0.5567131638526917,0.0,19.444444444444443,233,227,4.838988304138184,RoadOption.STRAIGHT,98.87051391601562,72.6495590209961,-4.705568624832996,2.8,1.2,4.5,3.0,10.0,0.6,0.01,0.06,0.55,0.16,0.2,0.35,1.5,12,10.0,14.0,0.9,1.2,0.6,0.01,0.06,0.65,0.3,0.72,0.005,0.38,0.22,0.01,0.14,1.0,0.28
pid,ground_truth,curvy,400.0,0.05,0.1,1.0,71.89918979257345,98.93531799316406,62.667781829833984,17.140190237929623,2.3042542065148197,0.0032704100641924375,-0.00018855180517718395,0.0032704100641924375,0.00018855180517718395,3.1885996577329934e-05,-3.5940538509748876e-05,0.5567070245742798,0.0,19.444444444444443,234,228,4.9819865226745605,RoadOption.STRAIGHT,98.86369323730469,73.6495361328125,-4.705568624832996,2.8,1.2,4.5,3.0,10.0,0.6,0.01,0.06,0.55,0.16,0.2,0.35,1.5,12,10.0,14.0,0.9,1.2,0.6,0.01,0.06,0.65,0.3,0.72,0.005,0.38,0.22,0.01,0.14,1.0,0.28
pid,ground_truth,curvy,400.0,0.05,0.1,1.0,71.94918979331851,98.92960357666016,63.52476501464844,17.14026515928743,2.304179285157012,0.003139435449961085,-0.00018002968968922062,0.003139435449961085,0.00018002968968922062,-0.0002535808307584375,-0.00028546682733576745,0.5567096471786499,0.0,19.444444444444443,234,229,5.1249847412109375,RoadOption.STRAIGHT,98.86369323730469,73.6495361328125,-4.705568624832996,2.8,1.2,4.5,3.0,10.0,0.6,0.01,0.06,0.55,0.16,0.2,0.35,1.5,12,10.0,14.0,0.9,1.2,0.6,0.01,0.06,0.65,0.3,0.72,0.005,0.38,0.22,0.01,0.14,1.0,0.28
pid,ground_truth,curvy,400.0,0.05,0.1,1.0,71.99918979406357,98.92394256591797,64.38176727294922,17.140335442496436,2.3041090019480066,0.0029552997310327497,-0.00019454391762963041,0.0029552997310327497,0.00019454391762963041,0.0002120384742738679,0.0004656193050323054,0.5567072033882141,0.0,19.444444444444443,235,229,4.267963886260986,RoadOption.STRAIGHT,98.85687255859375,74.6495132446289,-4.705568624832996,2.8,1.2,4.5,3.0,10.0,0.6,0.01,0.06,0.55,0.16,0.2,0.35,1.5,12,10.0,14.0,0.9,1.2,0.6,0.01,0.06,0.65,0.3,0.72,0.005,0.38,0.22,0.01,0.14,1.0,0.28
pid,ground_truth,curvy,400.0,0.05,0.1,1.0,72.04918979480863,98.91825866699219,65.23877716064453,17.140402503079383,2.3040419413650604,0.0027936261267408023,-0.0001962749723389834,0.0027936261267408023,0.0001962749723389834,0.00010912885772995651,-0.0001029096165439114,0.5567014813423157,0.0,19.444444444444443,236,230,4.410935401916504,RoadOption.STRAIGHT,98.85005187988281,75.64949035644531,-4.705568624832996,2.8,1.2,4.5,3.0,10.0,0.6,0.01,0.06,0.55,0.16,0.2,0.35,1.5,12,10.0,14.0,0.9,1.2,0.6,0.01,0.06,0.65,0.3,0.72,0.005,0.38,0.22,0.01,0.14,1.0,0.28
pid,ground_truth,curvy,400.0,0.05,0.1,1.0,72.09918979555368,98.91255950927734,66.09578704833984,17.140469242442524,2.3039752020019186,0.0026472109566142814,-0.0001793638994165292,0.0026472109566142814,0.0001793638994165292,-4.7645680751884356e-05,-0.00015677453848184086,0.5566876530647278,0.0,19.444444444444443,237,231,4.5539069175720215,RoadOption.STRAIGHT,98.84323120117188,76.64946746826172,-4.705568624832996,2.8,1.2,4.5,3.0,10.0,0.6,0.01,0.06,0.55,0.16,0.2,0.35,1.5,12,10.0,14.0,0.9,1.2,0.6,0.01,0.06,0.65,0.3,0.72,0.005,0.38,0.22,0.01,0.14,1.0,0.28
pid,ground_truth,curvy,400.0,0.05,0.1,1.0,72.14918979629874,98.90684509277344,66.95278930664062,17.140530511048908,2.3039139333955347,0.0025161062554331093,-0.00016964336143843184,0.0025161062554331093,0.00016964336143843184,-3.446547907515196e-06,4.419913284436916e-05,0.5566895008087158,0.0,19.444444444444443,238,232,4.696885585784912,RoadOption.STRAIGHT,98.83641052246094,77.6494369506836,-4.705568624832996,2.8,1.2,4.5,3.0,10.0,0.6,0.01,0.06,0.55,0.16,0.2,0.35,1.5,12,10.0,14.0,0.9,1.2,0.6,0.01,0.06,0.65,0.3,0.72,0.005,0.38,0.22,0.01,0.14,1.0,0.28
pid,ground_truth,curvy,400.0,0.05,0.1,1.0,72.1991897970438,98.90113067626953,67.80979919433594,17.140587922042094,2.3038565224023486,0.0023925787365547194,-0.00016631441007675107,0.0023925787365547194,0.00016631441007675107,5.092472201795317e-05,5.437126992546837e-05,0.5566877126693726,0.0,19.444444444444443,239,233,4.83985710144043,RoadOption.STRAIGHT,98.82958984375,78.6494140625,-4.705568624832996,2.8,1.2,4.5,3.0,10.0,0.6,0.01,0.06,0.55,0.16,0.2,0.35,1.5,12,10.0,14.0,0.9,1.2,0.6,0.01,0.06,0.65,0.3,0.72,0.005,0.38,0.22,0.01,0.14,1.0,0.28
pid,ground_truth,curvy,400.0,0.05,0.1,1.0,72.24918979778886,98.89542388916016,68.66680145263672,17.14064282905417,2.303801615390274,0.0022538448182908358,-0.00016045545567777708,0.0022538448182908358,0.00016045545567777708,4.1112551116384566e-05,-9.812170901568606e-06,0.5566825866699219,0.0,19.444444444444443,240,234,4.9828362464904785,RoadOption.STRAIGHT,98.82276916503906,79.6493911743164,-4.705568624832996,2.8,1.2,4.5,3.0,10.0,0.6,0.01,0.06,0.55,0.16,0.2,0.35,1.5,12,10.0,14.0,0.9,1.2,0.6,0.01,0.06,0.65,0.3,0.72,0.005,0.38,0.22,0.01,0.14,1.0,0.28
pid,ground_truth,curvy,400.0,0.05,0.1,1.0,72.29918979853392,98.88971710205078,69.52381134033203,17.140691550445545,2.3037528939988974,0.0021150588652470367,-0.00015153386602584362,0.0021150588652470367,0.00015153386602584362,-0.00013731261424254626,-0.00017842516535893083,0.5566892027854919,0.0,19.444444444444443,240,235,5.125807762145996,RoadOption.STRAIGHT,98.82276916503906,79.6493911743164,-4.705568624832996,2.8,1.2,4.5,3.0,10.0,0.6,0.01,0.06,0.55,0.16,0.2,0.35,1.5,12,10.0,14.0,0.9,1.2,0.6,0.01,0.06,0.65,0.3,0.72,0.005,0.38,0.22,0.01,0.14,1.0,0.28
pid,ground_truth,curvy,400.0,0.05,0.1,1.0,72.34918979927897,98.88400268554688,70.38082122802734,17.14073987787116,2.303704566573284,0.0019842756311177524,-0.00015606123987943477,0.0019842756311177524,0.00015606123987943477,0.00012677272025030106,0.0002640853344928473,0.5566796660423279,0.0,19.444444444444443,241,235,4.2687788009643555,RoadOption.STRAIGHT,98.81594848632812,80.64936828613281,-4.705568624832996,2.8,1.2,4.5,3.0,10.0,0.6,0.01,0.06,0.55,0.16,0.2,0.35,1.5,12,10.0,14.0,0.9,1.2,0.6,0.01,0.06,0.65,0.3,0.72,0.005,0.38,0.22,0.01,0.14,1.0,0.28
pid,ground_truth,curvy,400.0,0.05,0.1,1.0,72.39918980002403,98.87828826904297,71.23783874511719,17.140787483564797,2.303656960879646,0.001853066860376732,-0.0001537975529526392,0.001853066860376732,0.0001537975529526392,8.126944157993421e-05,-4.5503278670366853e-05,0.5566712617874146,0.0,19.444444444444443,242,236,4.411742210388184,RoadOption.STRAIGHT,98.80912780761719,81.64934539794922,-4.705568624832996,2.8,1.2,4.5,3.0,10.0,0.6,0.01,0.06,0.55,0.16,0.2,0.35,1.5,12,10.0,14.0,0.9,1.2,0.6,0.01,0.06,0.65,0.3,0.72,0.005,0.38,0.22,0.01,0.14,1.0,0.28
pid,ground_truth,curvy,400.0,0.05,0.1,1.0,72.44918980076909,98.87257385253906,72.0948715209961,17.140831125835614,2.3036133186088286,0.0017217540200758531,-0.00014128069582852731,0.0017217540200758531,0.00014128069582852731,1.9955800780735444e-06,-7.927386150186067e-05,0.5566727519035339,0.0,19.444444444444443,243,237,4.554690837860107,RoadOption.STRAIGHT,98.80230712890625,82.64932250976562,-4.705568624832996,2.8,1.2,4.5,3.0,10.0,0.6,0.01,0.06,0.55,0.16,0.2,0.35,1.5,12,10.0,14.0,0.9,1.2,0.6,0.01,0.06,0.65,0.3,0.72,0.005,0.38,0.22,0.01,0.14,1.0,0.28
pid,ground_truth,curvy,400.0,0.05,0.1,1.0,72.49918980151415,98.86687469482422,72.951904296875,17.140872915586478,2.3035715288579652,0.0015751307108296322,-0.0001307612095224897,0.0015751307108296322,0.0001307612095224897,2.318265978829004e-05,2.1187079710216494e-05,0.5566686987876892,0.0,19.444444444444443,244,238,4.6976318359375,RoadOption.STRAIGHT,98.79549407958984,83.64929962158203,1.5776161497143715,2.8,1.2,4.5,3.0,10.0,0.6,0.01,0.06,0.55,0.16,0.2,0.35,1.5,12,10.0,14.0,0.9,1.2,0.6,0.01,0.06,0.65,0.3,0.72,0.005,0.38,0.22,0.01,0.14,1.0,0.28
pid,ground_truth,curvy,400.0,0.05,0.1,1.0,72.5491898022592,98.86115264892578,73.8089370727539,17.140911809843487,2.3035326346009555,0.0014514470876114682,-0.0001223722520897752,0.0014514470876114682,0.0001223722520897752,2.9381342756096274e-05,6.198682967806235e-06,0.5566682815551758,0.0,19.444444444444443,245,239,4.840580463409424,RoadOption.STRAIGHT,98.7886734008789,84.64927673339844,1.5776161497143715,2.8,1.2,4.5,3.0,10.0,0.6,0.01,0.06,0.55,0.16,0.2,0.35,1.5,12,10.0,14.0,0.9,1.2,0.6,0.01,0.06,0.65,0.3,0.72,0.005,0.38,0.22,0.01,0.14,1.0,0.28
pid,ground_truth,curvy,400.0,0.05,0.1,1.0,72.59918980300426,98.85538482666016,74.66596221923828,17.140948981717415,2.303495462727028,0.0013735908016695025,-0.00011504855909194589,0.0013735908016695025,0.00011504855909194589,3.330534127599094e-06,-2.605080862849718e-05,0.5566649436950684,0.0,19.444444444444443,246,240,4.983536243438721,RoadOption.STRAIGHT,98.78185272216797,85.64925384521484,1.5776161497143715,2.8,1.2,4.5,3.0,10.0,0.6,0.01,0.06,0.55,0.16,0.2,0.35,1.5,12,10.0,14.0,0.9,1.2,0.6,0.01,0.06,0.65,0.3,0.72,0.005,0.38,0.22,0.01,0.14,1.0,0.28
pid,ground_truth,curvy,400.0,0.05,0.1,1.0,72.64918980374932,98.84962463378906,75.52299499511719,17.140983609606057,2.3034608348383863,0.0012880532638648995,-0.0001091896046929719,0.0012880532638648995,0.0001091896046929719,-7.468702096957713e-05,-7.801755509717623e-05,0.5566644072532654,0.0,19.444444444444443,246,241,5.126484394073486,RoadOption.STRAIGHT,98.78185272216797,85.64925384521484,1.5776161497143715,2.8,1.2,4.5,3.0,10.0,0.6,0.01,0.06,0.55,0.16,0.2,0.35,1.5,12,10.0,14.0,0.9,1.2,0.6,0.01,0.06,0.65,0.3,0.72,0.005,0.38,0.22,0.01,0.14,1.0,0.28
pid,ground_truth,curvy,400.0,0.05,0.1,1.0,72.69918980449438,98.8438720703125,76.3800277709961,17.14101647334457,2.3034279710998717,0.001195260010809402,-0.0001118527657837376,0.001195260010809402,0.0001118527657837376,9.865875472314656e-05,0.0001733457756927237,0.5566621422767639,0.0,19.444444444444443,247,241,4.269432067871094,RoadOption.STRAIGHT,98.77503204345703,86.64923095703125,1.5776161497143715,2.8,1.2,4.5,3.0,10.0,0.6,0.01,0.06,0.55,0.16,0.2,0.35,1.5,12,10.0,14.0,0.9,1.2,0.6,0.01,0.06,0.65,0.3,0.72,0.005,0.38,0.22,0.01,0.14,1.0,0.28
pid,ground_truth,curvy,400.0,0.05,0.1,1.0,72.74918980523944,98.8381118774414,77.237060546875,17.141046090179866,2.3033983542645764,0.0011097224730048025,-0.00010825749831155917,0.0011097224730048025,0.00010825749831155917,4.8222449549939483e-05,-5.0436305173207074e-05,0.5566647052764893,0.0,19.444444444444443,248,242,4.412380218505859,RoadOption.STRAIGHT,98.7682113647461,87.64920806884766,1.5776161497143715,2.8,1.2,4.5,3.0,10.0,0.6,0.01,0.06,0.55,0.16,0.2,0.35,1.5,12,10.0,14.0,0.9,1.2,0.6,0.01,0.06,0.65,0.3,0.72,0.005,0.38,0.22,0.01,0.14,1.0,0.28
pid,ground_truth,curvy,400.0,0.05,0.1,1.0,72.7991898059845,98.83235931396484,78.0940933227539,17.141073804376852,2.303370640067591,0.0010165557181174845,-9.867011838693429e-05,0.0010165557181174845,9.867011838693429e-05,6.943356765987119e-06,-4.1279092783952365e-05,0.5566639304161072,0.0,19.444444444444443,249,243,4.555328845977783,RoadOption.STRAIGHT,98.76139068603516,88.64918518066406,1.5776161497143715,2.8,1.2,4.5,3.0,10.0,0.6,0.01,0.06,0.55,0.16,0.2,0.35,1.5,12,10.0,14.0,0.9,1.2,0.6,0.01,0.06,0.65,0.3,0.72,0.005,0.38,0.22,0.01,0.14,1.0,0.28
pid,ground_truth,curvy,400.0,0.05,0.1,1.0,72.84918980672956,98.82659912109375,78.95111846923828,17.141102524621356,2.3033419198230867,0.0009361969747314798,-9.001484484461031e-05,0.0009361969747314798,9.001484484461031e-05,5.193423930904828e-06,-1.7499328350822907e-06,0.5566548109054565,0.0,19.444444444444443,250,244,4.69828462600708,RoadOption.STRAIGHT,98.75457763671875,89.64916229248047,1.5776161497143715,2.8,1.2,4.5,3.0,10.0,0.6,0.01,0.06,0.55,0.16,0.2,0.35,1.5,12,10.0,14.0,0.9,1.2,0.6,0.01,0.06,0.65,0.3,0.72,0.005,0.38,0.22,0.01,0.14,1.0,0.28
pid,ground_truth,curvy,400.0,0.05,0.1,1.0,72.89918980747461,98.82083892822266,79.80815124511719,17.14112763587852,2.303316808565924,0.000850583298086495,-8.482168071921592e-05,0.000850583298086495,8.482168071921592e-05,3.335207293275744e-05,2.815864900185261e-05,0.5566594004631042,0.0,19.444444444444443,251,245,4.841232776641846,RoadOption.STRAIGHT,98.74775695800781,90.64913940429688,1.5776161497143715,2.8,1.2,4.5,3.0,10.0,0.6,0.01,0.06,0.55,0.16,0.2,0.35,1.5,12,10.0,14.0,0.9,1.2,0.6,0.01,0.06,0.65,0.3,0.72,0.005,0.38,0.22,0.01,0.14,1.0,0.28
pid,ground_truth,curvy,400.0,0.05,0.1,1.0,72.94918980821967,98.81507873535156,80.6651840209961,17.141153486014957,2.3032909584294856,0.0007649696214415067,-7.936220048421205e-05,0.0007649696214415067,7.936220048421205e-05,3.216477853129618e-05,-1.1872944014612585e-06,0.5566516518592834,0.0,19.444444444444443,252,246,4.984180927276611,RoadOption.STRAIGHT,98.74093627929688,91.64911651611328,1.5776161497143715,2.8,1.2,4.5,3.0,10.0,0.6,0.01,0.06,0.55,0.16,0.2,0.35,1.5,12,10.0,14.0,0.9,1.2,0.6,0.01,0.06,0.65,0.3,0.72,0.005,0.38,0.22,0.01,0.14,1.0,0.28
pid,ground_truth,curvy,400.0,0.05,0.1,1.0,72.99918980896473,98.809326171875,81.522216796875,17.1411791979688,2.303265246475643,0.0006717267276860964,-7.203850748638274e-05,0.0006717267276860964,7.203850748638274e-05,-2.6995588996214792e-05,-5.916036752751097e-05,0.5566463470458984,0.0,19.444444444444443,252,247,5.127129077911377,RoadOption.STRAIGHT,98.74093627929688,91.64911651611328,1.5776161497143715,2.8,1.2,4.5,3.0,10.0,0.6,0.01,0.06,0.55,0.16,0.2,0.35,1.5,12,10.0,14.0,0.9,1.2,0.6,0.01,0.06,0.65,0.3,0.72,0.005,0.38,0.22,0.01,0.14,1.0,0.28
pid,ground_truth,curvy,400.0,0.05,0.1,1.0,73.04918980970979,98.8035659790039,82.3792495727539,17.141199665542537,2.303244778901906,0.0005870191852901316,-6.884271417861854e-05,0.0005870191852901316,6.884271417861854e-05,0.0022679173853248358,0.0022949129743210506,0.556656539440155,0.0,19.444444444444443,253,247,4.270077228546143,RoadOption.STRAIGHT,98.73179626464844,92.59030151367188,1.5888104810404107,2.8,1.2,4.5,3.0,10.0,0.6,0.01,0.06,0.55,0.16,0.2,0.35,1.5,12,10.0,14.0,0.9,1.2,0.6,0.01,0.06,0.65,0.3,0.72,0.005,0.38,0.22,0.01,0.14,1.0,0.28
pid,ground_truth,curvy,400.0,0.05,0.1,1.0,73.09918981045485,98.79757690429688,83.23627471923828,17.141204546863694,2.303239897580749,0.0007303340526742981,0.00011105381745624143,0.0007303340526742981,0.00011105381745624143,0.01412922888994217,0.011861311504617333,0.5566990971565247,0.0,19.444444444444443,254,248,4.413031578063965,RoadOption.STRAIGHT,98.7065658569336,93.48206329345703,1.6093549046376088,2.8,1.2,4.5,3.0,10.0,0.6,0.01,0.06,0.55,0.16,0.2,0.35,1.5,12,10.0,14.0,0.9,1.2,0.6,0.01,0.06,0.65,0.3,0.72,0.005,0.38,0.22,0.01,0.14,1.0,0.28
pid,ground_truth,curvy,400.0,0.05,0.1,1.0,73.1491898111999,98.790283203125,84.09329223632812,17.140729685747747,2.303714758696696,0.002178297076657728,0.001406015897507551,0.002178297076657728,0.001406015897507551,0.019721373915672302,0.005592145025730133,0.5581468343734741,0.0,19.444444444444443,255,249,4.555984973907471,RoadOption.STRAIGHT,98.66302490234375,94.37312316894531,1.6298991950767525,2.8,1.2,4.5,3.0,10.0,0.6,0.01,0.06,0.55,0.16,0.2,0.35,1.5,12,10.0,14.0,0.9,1.2,0.6,0.01,0.06,0.65,0.3,0.72,0.005,0.38,0.22,0.01,0.14,1.0,0.28
pid,ground_truth,curvy,400.0,0.05,0.1,1.0,73.19918981194496,98.78072357177734,84.95024871826172,17.14015707721187,2.304287367232572,0.005900183045279096,0.004259060373309254,0.005900183045279096,0.004259060373309254,0.02110368385910988,0.0013823099434375763,0.5585465431213379,0.0,19.444444444444443,256,250,4.698986530303955,RoadOption.STRAIGHT,98.6011734008789,95.26311492919922,1.6504434855158965,2.8,1.2,4.5,3.0,10.0,0.6,0.01,0.06,0.55,0.16,0.2,0.35,1.5,12,10.0,14.0,0.9,1.2,0.6,0.01,0.06,0.65,0.3,0.72,0.005,0.38,0.22,0.01,0.14,1.0,0.28
pid,ground_truth,curvy,400.0,0.05,0.1,1.0,73.24918981269002,98.76836395263672,85.80724334716797,17.140416760512263,2.30402768393218,0.012414102322734724,0.008325840515914784,0.012414102322734724,0.008325840515914784,0.024752652272582054,0.0036489684134721756,0.5561589598655701,0.0,19.444444444444443,257,251,4.841940402984619,RoadOption.STRAIGHT,98.52106475830078,96.1516342163086,1.6709877759550402,2.8,1.2,4.5,3.0,10.0,0.6,0.01,0.06,0.55,0.16,0.2,0.35,1.5,12,10.0,14.0,0.9,1.2,0.6,0.01,0.06,0.65,0.3,0.72,0.005,0.38,0.22,0.01,0.14,1.0,0.28
pid,ground_truth,curvy,400.0,0.05,0.1,1.0,73.29918981343508,98.75276947021484,86.6640625,17.139975236930336,2.3044692075141064,0.02216400636148739,0.013414741884892667,0.02216400636148739,0.013414741884892667,0.02971290796995163,0.0049602556973695755,0.5582194924354553,0.0,19.444444444444443,258,252,4.985068321228027,RoadOption.STRAIGHT,98.42272186279297,97.03832244873047,1.691532066394184,2.8,1.2,4.5,3.0,10.0,0.6,0.01,0.06,0.55,0.16,0.2,0.35,1.5,12,10.0,14.0,0.9,1.2,0.6,0.01,0.06,0.65,0.3,0.72,0.005,0.38,0.22,0.01,0.14,1.0,0.28
pid,ground_truth,curvy,400.0,0.05,0.1,1.0,73.34918981418014,98.73271942138672,87.52076721191406,17.138854712683653,2.30558973176079,0.09039542676841643,0.00842158115710312,0.09039542676841643,0.00842158115710312,0.03312067314982414,0.003407765179872513,0.560367226600647,0.0,19.444444444444443,259,253,5.069534778594971,RoadOption.STRAIGHT,98.3061752319336,97.92279815673828,1.712076489991382,2.8,1.2,4.5,3.0,10.0,0.6,0.01,0.06,0.55,0.16,0.2,0.35,1.5,12,10.0,14.0,0.9,1.2,0.6,0.01,0.06,0.65,0.3,0.72,0.005,0.38,0.22,0.01,0.14,1.0,0.28
pid,ground_truth,curvy,400.0,0.05,0.1,1.0,73.3991898149252,98.70711517333984,88.37714385986328,17.13823864207257,2.306205802371874,0.19624075350150716,-0.00485534214137795,0.19624075350150716,0.00485534214137795,0.036036718636751175,0.0029160454869270325,0.559090256690979,0.0,19.444444444444443,260,254,5.104919910430908,RoadOption.STRAIGHT,98.17149353027344,98.80470275878906,1.732620780430526,2.8,1.2,4.5,3.0,10.0,0.6,0.01,0.06,0.55,0.16,0.2,0.35,1.5,12,10.0,14.0,0.9,1.2,0.6,0.01,0.06,0.65,0.3,0.72,0.005,0.38,0.22,0.01,0.14,1.0,0.28
pid,ground_truth,curvy,400.0,0.05,0.1,1.0,73.44918981567025,98.67628479003906,89.23355865478516,17.137091202780518,2.3073532416639253,0.29034945209643864,-0.017108413158777758,0.29034945209643864,0.017108413158777758,0.03957856819033623,0.0035418495535850525,0.5608305335044861,0.0,19.444444444444443,261,255,5.139581680297852,RoadOption.STRAIGHT,98.01871490478516,99.68364715576172,1.7531652040277241,2.8,1.2,4.5,3.0,10.0,0.6,0.01,0.06,0.55,0.16,0.2,0.35,1.5,12,10.0,14.0,0.9,1.2,0.6,0.01,0.06,0.65,0.3,0.72,0.005,0.38,0.22,0.01,0.14,1.0,0.28
pid,ground_truth,curvy,400.0,0.05,0.1,1.0,73.49918981641531,98.6383285522461,90.08954620361328,17.13565720528319,2.3087872391612514,0.3745871618032004,-0.028456275721659985,0.3745871618032004,0.028456275721659985,0.04260840266942978,0.0030298344790935516,0.5619483590126038,0.0,19.444444444444443,262,256,5.173702716827393,RoadOption.STRAIGHT,97.84791564941406,100.55927276611328,1.7737094944668679,2.8,1.2,4.5,3.0,10.0,0.6,0.01,0.06,0.55,0.16,0.2,0.35,1.5,12,10.0,14.0,0.9,1.2,0.6,0.01,0.06,0.65,0.3,0.72,0.005,0.38,0.22,0.01,0.14,1.0,0.28
pid,ground_truth,curvy,400.0,0.05,0.1,1.0,73.54918981716037,98.5927734375,90.94507598876953,17.134273018653545,2.310171425790898,0.449431236077256,-0.03890745194551304,0.449431236077256,0.03890745194551304,0.04532459378242493,0.0027161911129951477,0.5621134638786316,0.0,19.444444444444443,263,257,5.207052230834961,RoadOption.STRAIGHT,97.65917205810547,101.43120574951172,1.7942537849060116,2.8,1.2,4.5,3.0,10.0,0.6,0.01,0.06,0.55,0.16,0.2,0.35,1.5,12,10.0,14.0,0.9,1.2,0.6,0.01,0.06,0.65,0.3,0.72,0.005,0.38,0.22,0.01,0.14,1.0,0.28
pid,ground_truth,curvy,400.0,0.05,0.1,1.0,73.59918981790543,98.53893280029297,91.800048828125,17.132881871374956,2.3115625730694873,0.5155464616224786,-0.04851906663571759,0.5155464616224786,0.04851906663571759,0.04795842617750168,0.0026338323950767517,0.56243896484375,0.0,19.444444444444443,264,258,5.23956298828125,RoadOption.STRAIGHT,97.4525375366211,102.29907989501953,1.81479820850321,2.8,1.2,4.5,3.0,10.0,0.6,0.01,0.06,0.55,0.16,0.2,0.35,1.5,12,10.0,14.0,0.9,1.2,0.6,0.01,0.06,0.65,0.3,0.72,0.005,0.38,0.22,0.01,0.14,1.0,0.28
pid,ground_truth,curvy,400.0,0.05,0.1,1.0,73.64918981865048,98.47612762451172,92.65433502197266,17.131325572087796,2.3131188723566467,0.573596575557082,-0.05734691301711248,0.573596575557082,0.05734691301711248,0.0504537969827652,0.0024953708052635193,0.5632438063621521,0.0,19.444444444444443,265,259,5.271203994750977,RoadOption.STRAIGHT,97.22813415527344,103.16251373291016,1.8353424989423537,2.8,1.2,4.5,3.0,10.0,0.6,0.01,0.06,0.55,0.16,0.2,0.35,1.5,12,10.0,14.0,0.9,1.2,0.6,0.01,0.06,0.65,0.3,0.72,0.005,0.38,0.22,0.01,0.14,1.0,0.28
pid,ground_truth,curvy,400.0,0.05,0.1,1.0,73.69918981939554,98.4037094116211,93.50777435302734,17.129586204202568,2.3148582402418754,0.6242543148079087,-0.06543493324768335,0.6242543148079087,0.06543493324768335,0.05277556926012039,0.002321772277355194,0.5641390681266785,0.0,19.444444444444443,266,260,5.302016735076904,RoadOption.STRAIGHT,96.98603057861328,104.02116394042969,1.855886922539552,2.8,1.2,4.5,3.0,10.0,0.6,0.01,0.06,0.55,0.16,0.2,0.35,1.5,12,10.0,14.0,0.9,1.2,0.6,0.01,0.06,0.65,0.3,0.72,0.005,0.38,0.22,0.01,0.14,1.0,0.28
pid,ground_truth,curvy,400.0,0.05,0.1,1.0,73.7491898201406,98.32106018066406,94.36019134521484,17.127734453388843,2.3167099910555997,0.6681287756907122,-0.07282840106596078,0.6681287756907122,0.07282840106596078,0.054905958473682404,0.0021303892135620117,0.5648611187934875,0.0,19.444444444444443,267,261,5.332035064697266,RoadOption.STRAIGHT,96.72634887695312,104.8746566772461,1.8764312129786958,2.8,1.2,4.5,3.0,10.0,0.6,0.01,0.06,0.55,0.16,0.2,0.35,1.5,12,10.0,14.0,0.9,1.2,0.6,0.01,0.06,0.65,0.3,0.72,0.005,0.38,0.22,0.01,0.14,1.0,0.28
pid,ground_truth,curvy,400.0,0.05,0.1,1.0,73.79918982088566,98.22758483886719,95.2114028930664,17.125809113751618,2.3186353306928247,0.705842124617559,-0.07957338915880463,0.705842124617559,0.07957338915880463,0.056888435035943985,0.0019824765622615814,0.56549072265625,0.0,19.444444444444443,268,262,5.361330509185791,RoadOption.STRAIGHT,96.44918823242188,105.72264099121094,1.896975636575894,2.8,1.2,4.5,3.0,10.0,0.6,0.01,0.06,0.55,0.16,0.2,0.35,1.5,12,10.0,14.0,0.9,1.2,0.6,0.01,0.06,0.65,0.3,0.72,0.005,0.38,0.22,0.01,0.14,1.0,0.28
pid,ground_truth,curvy,400.0,0.05,0.1,1.0,73.84918982163072,98.12274169921875,96.06118774414062,17.123821782792508,2.320622661651935,0.7379651197066122,-0.08571463863252715,0.7379651197066122,0.08571463863252715,0.058732472360134125,0.0018440373241901398,0.5661014914512634,0.0,19.444444444444443,269,263,5.389990329742432,RoadOption.STRAIGHT,96.1546630859375,106.56475067138672,1.9175199270150378,2.8,1.2,4.5,3.0,10.0,0.6,0.01,0.06,0.55,0.16,0.2,0.35,1.5,12,10.0,14.0,0.9,1.2,0.6,0.01,0.06,0.65,0.3,0.72,0.005,0.38,0.22,0.01,0.14,1.0,0.28
pid,ground_truth,curvy,400.0,0.05,0.1,1.0,73.89918982237577,98.00606536865234,96.9093246459961,17.121761641080624,2.3226828033638185,0.7649678589314753,-0.09129449374846121,0.7649678589314753,0.09129449374846121,0.060468804091215134,0.001736331731081009,0.5667586326599121,0.0,19.444444444444443,270,264,5.418104648590088,RoadOption.STRAIGHT,95.8428955078125,107.40062713623047,1.9380642174541816,2.8,1.2,4.5,3.0,10.0,0.6,0.01,0.06,0.55,0.16,0.2,0.35,1.5,12,10.0,14.0,0.9,1.2,0.6,0.01,0.06,0.65,0.3,0.72,0.005,0.38,0.22,0.01,0.14,1.0,0.28
pid,ground_truth,curvy,400.0,0.05,0.1,1.0,73.94918982312083,97.87705993652344,97.75558471679688,17.119636676290767,2.3248077681536756,0.7874060443040584,-0.09635010560381296,0.7874060443040584,0.09635010560381296,0.06202498450875282,0.0015561804175376892,0.5674076080322266,0.0,19.444444444444443,271,265,5.445731163024902,RoadOption.STRAIGHT,95.51402282714844,108.22992706298828,1.9586086410513799,2.8,1.2,4.5,3.0,10.0,0.6,0.01,0.06,0.55,0.16,0.2,0.35,1.5,12,10.0,14.0,0.9,1.2,0.6,0.01,0.06,0.65,0.3,0.72,0.005,0.38,0.22,0.01,0.14,1.0,0.28
pid,ground_truth,curvy,400.0,0.05,0.1,1.0,73.99918982386589,97.73532104492188,98.59968566894531,17.11748143173919,2.326963012705253,0.8057141183816156,-0.10092088898271623,0.8057141183816156,0.10092088898271623,0.0634629875421524,0.001438003033399582,0.5679665207862854,0.0,19.444444444444443,272,266,5.473012447357178,RoadOption.STRAIGHT,95.16819763183594,109.05228424072266,1.9791529314905236,2.8,1.2,4.5,3.0,10.0,0.6,0.01,0.06,0.55,0.16,0.2,0.35,1.5,12,10.0,14.0,0.9,1.2,0.6,0.01,0.06,0.65,0.3,0.72,0.005,0.38,0.22,0.01,0.14,1.0,0.28
pid,ground_truth,curvy,400.0,0.05,0.1,1.0,74.04918982461095,97.5804672241211,99.44136810302734,17.115301266309896,2.3291431781345473,0.8203342836916597,-0.10504372866626799,0.8203342836916597,0.10504372866626799,0.06481242179870605,0.00134943425655365,0.568515956401825,0.0,19.444444444444443,273,267,5.50001335144043,RoadOption.STRAIGHT,94.80553436279297,109.86737823486328,1.999697355087722,2.8,1.2,4.5,3.0,10.0,0.6,0.01,0.06,0.55,0.16,0.2,0.35,1.5,12,10.0,14.0,0.9,1.2,0.6,0.01,0.06,0.65,0.3,0.72,0.005,0.38,0.22,0.01,0.14,1.0,0.28
pid,ground_truth,curvy,400.0,0.05,0.1,1.0,74.099189825356,97.41214752197266,100.28034973144531,17.11309047467507,2.331353969769374,0.8316665465847775,-0.10875324574863932,0.8316665465847775,0.10875324574863932,0.06603231281042099,0.0012198910117149353,0.5690881013870239,0.0,19.444444444444443,274,268,5.526827812194824,RoadOption.STRAIGHT,94.42620849609375,110.67485046386719,2.0202416455268657,2.8,1.2,4.5,3.0,10.0,0.6,0.01,0.06,0.55,0.16,0.2,0.35,1.5,12,10.0,14.0,0.9,1.2,0.6,0.01,0.06,0.65,0.3,0.72,0.005,0.38,0.22,0.01,0.14,1.0,0.28
pid,ground_truth,curvy,400.0,0.05,0.1,1.0,74.14918982610106,97.23004913330078,101.11634826660156,17.110870825117203,2.3335736193272396,0.8400753144346953,-0.11207993342431166,0.8400753144346953,0.11207993342431166,0.0671364814043045,0.0011041685938835144,0.5696012377738953,0.0,19.444444444444443,275,269,5.553516864776611,RoadOption.STRAIGHT,94.03038024902344,111.47434997558594,2.040785935966009,2.8,1.2,4.5,3.0,10.0,0.6,0.01,0.06,0.55,0.16,0.2,0.35,1.5,12,10.0,14.0,0.9,1.2,0.6,0.01,0.06,0.65,0.3,0.72,0.005,0.38,0.22,0.01,0.14,1.0,0.28
pid,ground_truth,curvy,400.0,0.05,0.1,1.0,74.19918982684612,97.03388214111328,101.94902801513672,17.108656079120504,2.335788365323939,0.845926683740027,-0.11505761383912905,0.845926683740027,0.11505761383912905,0.06815117597579956,0.0010146945714950562,0.570074737071991,0.0,19.444444444444443,276,270,5.5801777839660645,RoadOption.STRAIGHT,93.61820220947266,112.26555633544922,2.0613303595632075,2.8,1.2,4.5,3.0,10.0,0.6,0.01,0.06,0.55,0.16,0.2,0.35,1.5,12,10.0,14.0,0.9,1.2,0.6,0.01,0.06,0.65,0.3,0.72,0.005,0.38,0.22,0.01,0.14,1.0,0.28
pid,ground_truth,curvy,400.0,0.05,0.1,1.0,74.24918982759118,96.82342529296875,102.77812194824219,17.106454894813627,1.8879895496308166,0.8495125783680404,-0.11771398386842868,0.8495125783680404,0.11771398386842868,-0.03184882178902626,-0.09999999776482582,0.0,0.2800000011920929,18.994444444444444,276,271,5.606845855712891,RoadOption.STRAIGHT,93.61820220947266,112.26555633544922,2.0613303595632075,2.8,1.2,4.5,3.0,10.0,0.6,0.01,0.06,0.55,0.16,0.2,0.35,1.5,12,10.0,14.0,0.9,1.2,0.6,0.01,0.06,0.65,0.3,0.72,0.005,0.38,0.22,0.01,0.14,1.0,0.28
pid,ground_truth,curvy,400.0,0.05,0.1,1.0,74.29918982833624,96.60543823242188,103.60480499267578,17.078832252074893,1.4656121923695515,0.7386897633057046,-0.10607929885614542,0.7386897633057046,0.10607929885614542,0.06815117597579956,0.09999999776482582,0.0,0.2800000011920929,18.544444444444444,277,271,4.7521514892578125,RoadOption.STRAIGHT,93.18987274169922,113.0481185913086,2.081874783160406,2.8,1.2,4.5,3.0,10.0,0.6,0.01,0.06,0.55,0.16,0.2,0.35,1.5,12,10.0,14.0,0.9,1.2,0.6,0.01,0.06,0.65,0.3,0.72,0.005,0.38,0.22,0.01,0.14,1.0,0.28
pid,ground_truth,curvy,400.0,0.05,0.1,1.0,74.3491898290813,96.37920379638672,104.42405700683594,16.93169523638944,1.1627492080550041,0.7264456650362507,-0.1173700366136452,0.7264456650362507,0.1173700366136452,0.15238189697265625,0.08423072099685669,0.0,0.2800000011920929,18.094444444444445,278,272,4.784038543701172,RoadOption.STRAIGHT,92.74554443359375,113.82172393798828,2.102418940441495,2.8,1.2,4.5,3.0,10.0,0.6,0.01,0.06,0.55,0.16,0.2,0.35,1.5,12,10.0,14.0,0.9,1.2,0.6,0.01,0.06,0.65,0.3,0.72,0.005,0.38,0.22,0.01,0.14,1.0,0.28
pid,ground_truth,curvy,400.0,0.05,0.1,1.0,74.39918982982635,96.13871002197266,105.22818756103516,16.681423744934854,0.9630206995095918,0.716886708788028,-0.12181312141827894,0.716886708788028,0.12181312141827894,0.10255951434373856,-0.049822382628917694,0.0,0.2800000011920929,17.644444444444446,279,273,4.826950550079346,RoadOption.STRAIGHT,92.2854232788086,114.58604431152344,2.1229633640386933,2.8,1.2,4.5,3.0,10.0,0.6,0.01,0.06,0.55,0.16,0.2,0.35,1.5,12,10.0,14.0,0.9,1.2,0.6,0.01,0.06,0.65,0.3,0.72,0.005,0.38,0.22,0.01,0.14,1.0,0.28
pid,ground_truth,curvy,400.0,0.05,0.1,1.0,74.44918983057141,95.88528442382812,106.0140609741211,16.403042541625933,0.7914019028185137,0.7107820784803673,-0.12087102818266349,0.7107820784803673,0.12087102818266349,0.05929262563586235,-0.043266888707876205,0.0,0.256424218416214,17.194444444444446,280,274,4.8838372230529785,RoadOption.STRAIGHT,91.80968475341797,115.34074401855469,2.1435076544778373,2.8,1.2,4.5,3.0,10.0,0.6,0.01,0.06,0.55,0.16,0.2,0.35,1.5,12,10.0,14.0,0.9,1.2,0.6,0.01,0.06,0.65,0.3,0.72,0.005,0.38,0.22,0.01,0.14,1.0,0.28
pid,ground_truth,curvy,400.0,0.05,0.1,1.0,74.49918983131647,95.62374114990234,106.78205871582031,16.108381546077403,1.0660744437794385,0.7044333394876163,-0.12084266551705358,0.7044333394876163,0.12084266551705358,0.06736589223146439,0.008073266595602036,1.0,0.0,17.174455989856842,281,275,4.955441474914551,RoadOption.STRAIGHT,91.31855773925781,116.08551025390625,2.164051944916981,2.8,1.2,4.5,3.0,10.0,0.6,0.01,0.06,0.55,0.16,0.2,0.35,1.5,12,10.0,14.0,0.9,1.2,0.6,0.01,0.06,0.65,0.3,0.72,0.005,0.38,0.22,0.01,0.14,1.0,0.28
pid,ground_truth,curvy,400.0,0.05,0.1,1.0,74.54918983206153,95.35440063476562,107.53170013427734,15.821380666957424,1.3461931634896764,0.698637185973086,-0.12241965635654406,0.698637185973086,0.12241965635654406,0.08122992515563965,0.013864032924175262,1.0,0.0,17.1675738304471,282,276,5.042200565338135,RoadOption.STRAIGHT,90.8122329711914,116.82003021240234,2.184596368514179,2.8,1.2,4.5,3.0,10.0,0.6,0.01,0.06,0.55,0.16,0.2,0.35,1.5,12,10.0,14.0,0.9,1.2,0.6,0.01,0.06,0.65,0.3,0.72,0.005,0.38,0.22,0.01,0.14,1.0,0.28
pid,ground_truth,curvy,400.0,0.05,0.1,1.0,74.59918983280659,95.07506561279297,108.26387786865234,15.584559240378955,1.579047682636407,0.6957608582175003,-0.1238804002144529,0.6957608582175003,0.1238804002144529,0.07995336502790451,-0.001276560127735138,1.0,0.0,17.16360692301536,283,277,5.14226770401001,RoadOption.STRAIGHT,90.29092407226562,117.54399871826172,2.205140658953323,2.8,1.2,4.5,3.0,10.0,0.6,0.01,0.06,0.55,0.16,0.2,0.35,1.5,12,10.0,14.0,0.9,1.2,0.6,0.01,0.06,0.65,0.3,0.72,0.005,0.38,0.22,0.01,0.14,1.0,0.28
pid,ground_truth,curvy,400.0,0.05,0.1,1.0,74.64918983355165,94.7841796875,108.98159790039062,15.438433739166245,1.7274340344011012,0.6963437182998284,-0.124961110984807,0.6963437182998284,0.124961110984807,0.07571668177843094,-0.004236683249473572,0.8455172777175903,0.0,17.165867773567346,284,278,5.251938819885254,RoadOption.STRAIGHT,89.75485229492188,118.2571029663086,2.2256849493924666,2.8,1.2,4.5,3.0,10.0,0.6,0.01,0.06,0.55,0.16,0.2,0.35,1.5,12,10.0,14.0,0.9,1.2,0.6,0.01,0.06,0.65,0.3,0.72,0.005,0.38,0.22,0.01,0.14,1.0,0.28
pid,ground_truth,curvy,400.0,0.05,0.1,1.0,74.6991898342967,94.48027801513672,109.68959045410156,15.400193123500035,1.7706863019515389,0.6996768277894776,-0.1261765777063193,0.6996768277894776,0.1261765777063193,0.07575659453868866,3.991276025772095e-05,0.5606573224067688,0.0,17.170879425451574,285,279,5.365878105163574,RoadOption.STRAIGHT,89.2042465209961,118.95904541015625,2.246229372989665,2.8,1.2,4.5,3.0,10.0,0.6,0.01,0.06,0.55,0.16,0.2,0.35,1.5,12,10.0,14.0,0.9,1.2,0.6,0.01,0.06,0.65,0.3,0.72,0.005,0.38,0.22,0.01,0.14,1.0,0.28
pid,ground_truth,curvy,400.0,0.05,0.1,1.0,74.74918983504176,94.16219329833984,110.39143371582031,15.417751674832402,1.7519500481692205,0.7049643053106824,-0.12760216783783873,0.7049643053106824,0.12760216783783873,0.07559723407030106,-0.00015936046838760376,0.3829675018787384,0.0,17.169701723001623,286,280,5.479960918426514,RoadOption.STRAIGHT,88.6477279663086,119.63875579833984,2.2693754386557616,2.8,1.2,4.5,3.0,10.0,0.6,0.01,0.06,0.55,0.16,0.2,0.35,1.5,12,10.0,14.0,0.9,1.2,0.6,0.01,0.06,0.65,0.3,0.72,0.005,0.38,0.22,0.01,0.14,1.0,0.28
pid,ground_truth,curvy,400.0,0.05,0.1,1.0,74.79918983578682,93.83004760742188,111.08741760253906,15.42052325757449,1.7470505728726096,0.7119111615732718,-0.12916091602386182,0.7119111615732718,0.12916091602386182,0.07759150117635727,0.0019942671060562134,0.42063260078430176,0.0,17.1675738304471,287,281,5.593613624572754,RoadOption.STRAIGHT,88.08870697021484,120.28605651855469,2.2969354275125555,2.8,1.2,4.5,3.0,10.0,0.6,0.01,0.06,0.55,0.16,0.2,0.35,1.5,12,10.0,14.0,0.9,1.2,0.6,0.01,0.06,0.65,0.3,0.72,0.005,0.38,0.22,0.01,0.14,1.0,0.28
pid,ground_truth,curvy,400.0,0.05,0.1,1.0,74.84918983653188,93.48470306396484,111.77596282958984,15.39302417095789,1.7705827520574715,0.7206206505764796,-0.1307028862950177,0.7206206505764796,0.1307028862950177,-0.02240849658846855,-0.09999999776482582,0.5054183006286621,0.0,17.16360692301536,287,282,5.7083024978637695,RoadOption.STRAIGHT,88.08870697021484,120.28605651855469,2.2969354275125555,2.8,1.2,4.5,3.0,10.0,0.6,0.01,0.06,0.55,0.16,0.2,0.35,1.5,12,10.0,14.0,0.9,1.2,0.6,0.01,0.06,0.65,0.3,0.72,0.005,0.38,0.22,0.01,0.14,1.0,0.28
pid,ground_truth,curvy,400.0,0.05,0.1,1.0,74.89918983727694,93.13285827636719,112.45965576171875,15.367345984613829,1.7962609384015327,0.6144494183070373,-0.11805047427216042,0.6144494183070373,0.11805047427216042,0.07759150117635727,0.09999999776482582,0.517076313495636,0.0,17.16360692301536,288,282,4.939450263977051,RoadOption.STRAIGHT,87.51204681396484,120.91769409179688,2.32449541636935,2.8,1.2,4.5,3.0,10.0,0.6,0.01,0.06,0.55,0.16,0.2,0.35,1.5,12,10.0,14.0,0.9,1.2,0.6,0.01,0.06,0.65,0.3,0.72,0.005,0.38,0.22,0.01,0.14,1.0,0.28
pid,ground_truth,curvy,400.0,0.05,0.1,1.0,74.949189838022,92.77278137207031,113.13728332519531,15.332236778040304,1.8336309955270416,0.6125998949464042,-0.12814585217437857,0.6125998949464042,0.12814585217437857,0.16487863659858704,0.08728713542222977,0.5580349564552307,0.0,17.165867773567346,289,283,5.057544708251953,RoadOption.STRAIGHT,86.91819763183594,121.53321075439453,2.3520554052261438,2.8,1.2,4.5,3.0,10.0,0.6,0.01,0.06,0.55,0.16,0.2,0.35,1.5,12,10.0,14.0,0.9,1.2,0.6,0.01,0.06,0.65,0.3,0.72,0.005,0.38,0.22,0.01,0.14,1.0,0.28
pid,ground_truth,curvy,400.0,0.05,0.1,1.0,74.99918983876705,92.39771270751953,113.80391693115234,15.275791588358377,1.8919442433141427,0.6162118089429383,-0.1310747967412471,0.6162118089429383,0.1310747967412471,0.1146659106016159,-0.05021272599697113,0.6295047998428345,0.0,17.16773583167252,290,284,5.178376197814941,RoadOption.STRAIGHT,86.3076171875,122.13212585449219,2.379615127766829,2.8,1.2,4.5,3.0,10.0,0.6,0.01,0.06,0.55,0.16,0.2,0.35,1.5,12,10.0,14.0,0.9,1.2,0.6,0.01,0.06,0.65,0.3,0.72,0.005,0.38,0.22,0.01,0.14,1.0,0.28
pid,ground_truth,curvy,400.0,0.05,0.1,1.0,75.04918983951211,92.00743865966797,114.45983123779297,15.26434625306548,1.8980273558100436,0.6253548914461682,-0.1283501166299872,0.6253548914461682,0.1283501166299872,0.07185294479131699,-0.04281296581029892,0.48459872603416443,0.0,17.162373608875523,291,285,5.301020622253418,RoadOption.STRAIGHT,85.68077087402344,122.71399688720703,2.407175116623623,2.8,1.2,4.5,3.0,10.0,0.6,0.01,0.06,0.55,0.16,0.2,0.35,1.5,12,10.0,14.0,0.9,1.2,0.6,0.01,0.06,0.65,0.3,0.72,0.005,0.38,0.22,0.01,0.14,1.0,0.28
pid,ground_truth,curvy,400.0,0.05,0.1,1.0,75.09918984025717,91.60508728027344,115.10880279541016,15.275148902289152,1.8924249281579488,0.6487320184320393,-0.12910245963793487,0.6487320184320393,0.12910245963793487,0.08313541114330292,0.011282466351985931,0.45064669847488403,0.0,17.1675738304471,292,286,5.409847736358643,RoadOption.STRAIGHT,85.03812408447266,123.27836608886719,2.4347351054804167,2.8,1.2,4.5,3.0,10.0,0.6,0.01,0.06,0.55,0.16,0.2,0.35,1.5,12,10.0,14.0,0.9,1.2,0.6,0.01,0.06,0.65,0.3,0.72,0.005,0.38,0.22,0.01,0.14,1.0,0.28
pid,ground_truth,curvy,400.0,0.05,0.1,1.0,75.14918984100223,91.19070434570312,115.74998474121094,15.263142706094524,1.9004642169208381,0.6923969861714756,-0.1355309310352224,0.6923969861714756,0.1355309310352224,0.09818542003631592,0.015050008893013,0.4906121492385864,0.0,17.16360692301536,293,287,5.495301246643066,RoadOption.STRAIGHT,84.38017272949219,123.82482147216797,2.4622950943372106,2.8,1.2,4.5,3.0,10.0,0.6,0.01,0.06,0.55,0.16,0.2,0.35,1.5,12,10.0,14.0,0.9,1.2,0.6,0.01,0.06,0.65,0.3,0.72,0.005,0.38,0.22,0.01,0.14,1.0,0.28
pid,ground_truth,curvy,400.0,0.05,0.1,1.0,75.19918984174728,90.7632827758789,116.38114929199219,15.234673206569937,1.9266737973829926,0.733863020388656,-0.14131278691983917,0.733863020388656,0.14131278691983917,0.09681499749422073,-0.0013704225420951843,0.5472550392150879,0.0,17.16134700395293,294,288,5.5812883377075195,RoadOption.STRAIGHT,83.70740509033203,124.3529281616211,2.489855083194005,2.8,1.2,4.5,3.0,10.0,0.6,0.01,0.06,0.55,0.16,0.2,0.35,1.5,12,10.0,14.0,0.9,1.2,0.6,0.01,0.06,0.65,0.3,0.72,0.005,0.38,0.22,0.01,0.14,1.0,0.28
pid,ground_truth,curvy,400.0,0.05,0.1,1.0,75.24918984249234,90.32269287109375,117.00154113769531,15.210673267645204,1.957062564027316,0.7737985155355327,-0.146279049720619,0.7737985155355327,0.146279049720619,0.0932140052318573,-0.003600992262363434,0.5656422972679138,0.0,17.16773583167252,295,289,5.66803503036499,RoadOption.STRAIGHT,83.02034759521484,124.86229705810547,2.517415072050799,2.8,1.2,4.5,3.0,10.0,0.6,0.01,0.06,0.55,0.16,0.2,0.35,1.5,12,10.0,14.0,0.9,1.2,0.6,0.01,0.06,0.65,0.3,0.72,0.005,0.38,0.22,0.01,0.14,1.0,0.28
pid,ground_truth,curvy,400.0,0.05,0.1,1.0,75.2991898432374,89.86907958984375,117.61140441894531,15.198098197435531,1.964275411439992,0.8119484781259194,-0.15104930386516902,0.8119484781259194,0.15104930386516902,0.09448466449975967,0.0012706592679023743,0.5023365616798401,0.0,17.162373608875523,296,290,5.755079746246338,RoadOption.STRAIGHT,82.31951141357422,125.3525390625,2.5449750609075927,2.8,1.2,4.5,3.0,10.0,0.6,0.01,0.06,0.55,0.16,0.2,0.35,1.5,12,10.0,14.0,0.9,1.2,0.6,0.01,0.06,0.65,0.3,0.72,0.005,0.38,0.22,0.01,0.14,1.0,0.28
pid,ground_truth,curvy,400.0,0.05,0.1,1.0,75.34918984398246,89.40228271484375,118.21062469482422,15.187181371777918,1.977944614753678,0.8485088092450837,-0.1557507152955404,0.8485088092450837,0.1557507152955404,-0.0055153327994048595,-0.09999999729916453,0.523421585559845,0.0,17.165125986531596,296,291,5.842090129852295,RoadOption.STRAIGHT,82.31951141357422,125.3525390625,2.5449750609075927,2.8,1.2,4.5,3.0,10.0,0.6,0.01,0.06,0.55,0.16,0.2,0.35,1.5,12,10.0,14.0,0.9,1.2,0.6,0.01,0.06,0.65,0.3,0.72,0.005,0.38,0.22,0.01,0.14,1.0,0.28
pid,ground_truth,curvy,400.0,0.05,0.1,1.0,75.39918984472752,88.92756652832031,118.80342864990234,15.188699076786568,1.9764269097450278,0.7266505382508632,-0.1391648143426356,0.7266505382508632,0.1391648143426356,0.09448466449975967,0.09999999729916453,0.4805643558502197,0.0,17.165125986531596,297,291,5.082738399505615,RoadOption.STRAIGHT,81.60543060302734,125.82328033447266,2.572534783448278,2.8,1.2,4.5,3.0,10.0,0.6,0.01,0.06,0.55,0.16,0.2,0.35,1.5,12,10.0,14.0,0.9,1.2,0.6,0.01,0.06,0.65,0.3,0.72,0.005,0.38,0.22,0.01,0.14,1.0,0.28
pid,ground_truth,curvy,400.0,0.05,0.1,1.0,75.44918984547257,88.44357299804688,119.3878173828125,15.16461982171345,2.0045926331121127,0.7467383825380494,-0.1523482606868547,0.7467383825380494,0.1523482606868547,0.17438748478889465,0.07990282028913498,0.5698744058609009,0.0,17.169212454825562,298,292,5.170440673828125,RoadOption.STRAIGHT,80.87864685058594,126.27416229248047,2.600094772305072,2.8,1.2,4.5,3.0,10.0,0.6,0.01,0.06,0.55,0.16,0.2,0.35,1.5,12,10.0,14.0,0.9,1.2,0.6,0.01,0.06,0.65,0.3,0.72,0.005,0.38,0.22,0.01,0.14,1.0,0.28
pid,ground_truth,curvy,400.0,0.05,0.1,1.0,75.49918984621763,87.94534301757812,119.9571533203125,15.110684924653686,2.0506620792992436,0.7692944456164019,-0.15873052623922979,0.7692944456164019,0.15873052623922979,0.12435305118560791,-0.05003443360328674,0.6301401257514954,0.0,17.16134700395293,299,293,5.260161399841309,RoadOption.STRAIGHT,80.13971710205078,126.70486450195312,2.6276547611618657,2.8,1.2,4.5,3.0,10.0,0.6,0.01,0.06,0.55,0.16,0.2,0.35,1.5,12,10.0,14.0,0.9,1.2,0.6,0.01,0.06,0.65,0.3,0.72,0.005,0.38,0.22,0.01,0.14,1.0,0.28
pid,ground_truth,curvy,400.0,0.05,0.1,1.0,75.54918984696269,87.43299865722656,120.51185607910156,15.103784093585697,2.063951738086823,0.7939429381407526,-0.16012282685712353,0.7939429381407526,0.16012282685712353,0.08467250317335129,-0.03968054801225662,0.5412804484367371,0.0,17.16773583167252,300,294,5.351064205169678,RoadOption.STRAIGHT,79.38920593261719,127.11502838134766,2.6552147500186596,2.8,1.2,4.5,3.0,10.0,0.6,0.01,0.06,0.55,0.16,0.2,0.35,1.5,12,10.0,14.0,0.9,1.2,0.6,0.01,0.06,0.65,0.3,0.72,0.005,0.38,0.22,0.01,0.14,1.0,0.28
pid,ground_truth,curvy,400.0,0.05,0.1,1.0,75.59918984770775,86.90855407714844,121.05595397949219,15.121482146952982,2.0408914619225413,0.816249408535084,-0.16248611600845964,0.816249408535084,0.16248611600845964,0.09441405534744263,0.009741552174091339,0.4344273507595062,0.0,17.162373608875523,301,295,5.441176414489746,RoadOption.STRAIGHT,78.62767028808594,127.50433349609375,2.682774738875454,2.8,1.2,4.5,3.0,10.0,0.6,0.01,0.06,0.55,0.16,0.2,0.35,1.5,12,10.0,14.0,0.9,1.2,0.6,0.01,0.06,0.65,0.3,0.72,0.005,0.38,0.22,0.01,0.14,1.0,0.28
pid,ground_truth,curvy,400.0,0.05,0.1,1.0,75.6491898484528,86.3721923828125,121.58880615234375,15.118184924802053,2.0469410617295427,0.8365240133844432,-0.1661450330301193,0.8365240133844432,0.1661450330301193,0.10741028189659119,0.01299622654914856,0.5172659158706665,0.0,17.165125986531596,302,296,5.5308146476745605,RoadOption.STRAIGHT,77.85569763183594,127.8725357055664,2.710334727732248,2.8,1.2,4.5,3.0,10.0,0.6,0.01,0.06,0.55,0.16,0.2,0.35,1.5,12,10.0,14.0,0.9,1.2,0.6,0.01,0.06,0.65,0.3,0.72,0.005,0.38,0.22,0.01,0.14,1.0,0.28
pid,ground_truth,curvy,400.0,0.05,0.1,1.0,75.69918984919786,85.82381439208984,122.10799407958984,15.095329741160588,2.0738827136649736,0.856762458127049,-0.16940314430772263,0.856762458127049,0.16940314430772263,0.10582762211561203,-0.0015826597809791565,0.5816908478736877,0.0,17.169212454825562,303,297,5.621220111846924,RoadOption.STRAIGHT,77.07386779785156,128.21932983398438,2.7378947165890417,2.8,1.2,4.5,3.0,10.0,0.6,0.01,0.06,0.55,0.16,0.2,0.35,1.5,12,10.0,14.0,0.9,1.2,0.6,0.01,0.06,0.65,0.3,0.72,0.005,0.38,0.22,0.01,0.14,1.0,0.28
pid,ground_truth,curvy,400.0,0.05,0.1,1.0,75.74918984994292,85.26351165771484,122.61288452148438,15.080675683859088,2.080671320093842,0.8774388822131676,-0.17207589277772595,0.8774388822131676,0.17207589277772595,0.10209361463785172,-0.003734007477760315,0.5267558097839355,0.0,17.16134700395293,304,298,5.712442398071289,RoadOption.STRAIGHT,76.28278350830078,128.54441833496094,2.7654547054458356,2.8,1.2,4.5,3.0,10.0,0.6,0.01,0.06,0.55,0.16,0.2,0.35,1.5,12,10.0,14.0,0.9,1.2,0.6,0.01,0.06,0.65,0.3,0.72,0.005,0.38,0.22,0.01,0.14,1.0,0.28
pid,ground_truth,curvy,400.0,0.05,0.1,1.0,75.79918985068798,84.69141387939453,123.10370635986328,15.073987407069364,2.093748424603156,0.8982831251082382,-0.1746881874909847,0.8982831251082382,0.1746881874909847,0.0020936147775501013,-0.09999999986030161,0.5472405552864075,0.0,17.16773583167252,304,299,5.803988933563232,RoadOption.STRAIGHT,76.28278350830078,128.54441833496094,2.7654547054458356,2.8,1.2,4.5,3.0,10.0,0.6,0.01,0.06,0.55,0.16,0.2,0.35,1.5,12,10.0,14.0,0.9,1.2,0.6,0.01,0.06,0.65,0.3,0.72,0.005,0.38,0.22,0.01,0.14,1.0,0.28
pid,ground_truth,curvy,400.0,0.05,0.1,1.0,75.84918985143304,84.11162567138672,123.58587646484375,15.085673146531011,2.0820626851415085,0.7634318058345557,-0.1561350094408387,0.7634318058345557,0.1561350094408387,0.10209361463785172,0.09999999986030161,0.47533372044563293,0.0,17.16773583167252,305,299,5.0501627922058105,RoadOption.STRAIGHT,75.48303985595703,128.84759521484375,2.79301469430263,2.8,1.2,4.5,3.0,10.0,0.6,0.01,0.06,0.55,0.16,0.2,0.35,1.5,12,10.0,14.0,0.9,1.2,0.6,0.01,0.06,0.65,0.3,0.72,0.005,0.38,0.22,0.01,0.14,1.0,0.28
pid,ground_truth,curvy,400.0,0.05,0.1,1.0,75.8991898521781,83.52399444580078,124.05840301513672,15.071659243389565,2.090714365485958,0.7694423461087094,-0.1687117876887374,0.7694423461087094,0.1687117876887374,0.19075803458690643,0.08866441994905472,0.5341818928718567,0.0,17.162373608875523,306,300,5.141929626464844,RoadOption.STRAIGHT,74.67523956298828,129.12863159179688,2.820574683159424,2.8,1.2,4.5,3.0,10.0,0.6,0.01,0.06,0.55,0.16,0.2,0.35,1.5,12,10.0,14.0,0.9,1.2,0.6,0.01,0.06,0.65,0.3,0.72,0.005,0.38,0.22,0.01,0.14,1.0,0.28
pid,ground_truth,curvy,400.0,0.05,0.1,1.0,75.94918985292315,82.92466735839844,124.51229095458984,15.012520160071597,2.1526058264599985,0.7795045371763625,-0.17415688685351371,0.7795045371763625,0.17415688685351371,0.13708558678627014,-0.05367244780063629,0.6968693733215332,0.0,17.165125986531596,307,301,5.236077308654785,RoadOption.STRAIGHT,73.8600082397461,129.3872833251953,2.8481346720162177,2.8,1.2,4.5,3.0,10.0,0.6,0.01,0.06,0.55,0.16,0.2,0.35,1.5,12,10.0,14.0,0.9,1.2,0.6,0.01,0.06,0.65,0.3,0.72,0.005,0.38,0.22,0.01,0.14,1.0,0.28
pid,ground_truth,curvy,400.0,0.05,0.1,1.0,75.99918985366821,82.3138427734375,124.94749450683594,15.00107365121149,2.1702675239704536,0.7936597277153712,-0.17391347392988044,0.7936597277153712,0.17391347392988044,0.0900728777050972,-0.04701270908117294,0.5769116282463074,0.0,17.171341175181944,308,302,5.332066059112549,RoadOption.STRAIGHT,73.0379638671875,129.62338256835938,2.8756946608730116,2.8,1.2,4.5,3.0,10.0,0.6,0.01,0.06,0.55,0.16,0.2,0.35,1.5,12,10.0,14.0,0.9,1.2,0.6,0.01,0.06,0.65,0.3,0.72,0.005,0.38,0.22,0.01,0.14,1.0,0.28
pid,ground_truth,curvy,400.0,0.05,0.1,1.0,76.04918985441327,81.69255828857422,125.36914825439453,15.029596345928429,2.131750658024501,0.8067469117536057,-0.17460509686497394,0.8067469117536057,0.17460509686497394,0.09791656583547592,0.007843688130378723,0.4111379086971283,0.0,17.16134700395293,309,303,5.427323341369629,RoadOption.STRAIGHT,72.209716796875,129.8367462158203,2.903254383413697,2.8,1.2,4.5,3.0,10.0,0.6,0.01,0.06,0.55,0.16,0.2,0.35,1.5,12,10.0,14.0,0.9,1.2,0.6,0.01,0.06,0.65,0.3,0.72,0.005,0.38,0.22,0.01,0.14,1.0,0.28
pid,ground_truth,curvy,400.0,0.05,0.1,1.0,76.09918985515833,81.06103515625,125.77708435058594,15.037453181083501,2.1338017501722586,0.818669549398753,-0.17690873120789252,0.818669549398753,0.17690873120789252,0.11217545717954636,0.014258891344070435,0.5251794457435608,0.0,17.17125493125576,310,304,5.521759510040283,RoadOption.STRAIGHT,71.37590789794922,130.02720642089844,2.9308143722704907,2.8,1.2,4.5,3.0,10.0,0.6,0.01,0.06,0.55,0.16,0.2,0.35,1.5,12,10.0,14.0,0.9,1.2,0.6,0.01,0.06,0.65,0.3,0.72,0.005,0.38,0.22,0.01,0.14,1.0,0.28
pid,ground_truth,curvy,400.0,0.05,0.1,1.0,76.14918985590339,80.41991424560547,126.16867065429688,15.018565577504443,2.1442985081090313,0.8315654817964722,-0.1789974484508421,0.8315654817964722,0.1789974484508421,0.11086983978748322,-0.0013056173920631409,0.5511366128921509,0.0,17.162864085613474,311,305,5.616882801055908,RoadOption.STRAIGHT,70.53717041015625,130.19459533691406,2.958374361127285,2.8,1.2,4.5,3.0,10.0,0.6,0.01,0.06,0.55,0.16,0.2,0.35,1.5,12,10.0,14.0,0.9,1.2,0.6,0.01,0.06,0.65,0.3,0.72,0.005,0.38,0.22,0.01,0.14,1.0,0.28
pid,ground_truth,curvy,400.0,0.05,0.1,1.0,76.19918985664845,79.76961517333984,126.5431137084961,15.00422495220901,2.1609010343225865,0.8459938987414428,-0.18055060399857625,0.8459938987414428,0.18055060399857625,0.10625690221786499,-0.004612937569618225,0.5718852877616882,0.0,17.165125986531596,312,306,5.712930202484131,RoadOption.STRAIGHT,69.69412994384766,130.3388214111328,2.985934349984079,2.8,1.2,4.5,3.0,10.0,0.6,0.01,0.06,0.55,0.16,0.2,0.35,1.5,12,10.0,14.0,0.9,1.2,0.6,0.01,0.06,0.65,0.3,0.72,0.005,0.38,0.22,0.01,0.14,1.0,0.28
pid,ground_truth,curvy,400.0,0.05,0.1,1.0,76.2491898573935,79.11036682128906,126.90067291259766,14.999028746629941,2.1723124285520026,0.8615659114648482,-0.18211760798397858,0.8615659114648482,0.18211760798397858,0.006256904453039169,-0.09999999776482582,0.5598606467247009,0.0,17.171341175181944,312,307,5.809432029724121,RoadOption.STRAIGHT,69.69412994384766,130.3388214111328,2.985934349984079,2.8,1.2,4.5,3.0,10.0,0.6,0.01,0.06,0.55,0.16,0.2,0.35,1.5,12,10.0,14.0,0.9,1.2,0.6,0.01,0.06,0.65,0.3,0.72,0.005,0.38,0.22,0.01,0.14,1.0,0.28
pid,ground_truth,curvy,400.0,0.05,0.1,1.0,76.29918985813856,78.4448013305664,127.24766540527344,15.019294335121439,2.152046840060505,0.721931781732966,-0.16254896661018536,0.721931781732966,0.16254896661018536,0.10625690221786499,0.09999999776482582,0.46670666337013245,0.0,17.171341175181944,313,307,5.059475898742676,RoadOption.STRAIGHT,68.84744262695312,130.4597625732422,3.013494338840873,2.8,1.2,4.5,3.0,10.0,0.6,0.01,0.06,0.55,0.16,0.2,0.35,1.5,12,10.0,14.0,0.9,1.2,0.6,0.01,0.06,0.65,0.3,0.72,0.005,0.38,0.22,0.01,0.14,1.0,0.28
pid,ground_truth,curvy,400.0,0.05,0.1,1.0,76.34918985888362,77.77296447753906,127.58308410644531,15.010156958203599,2.1551907857313637,0.724352474676081,-0.17413291840370304,0.724352474676081,0.17413291840370304,0.19288498163223267,0.08662807941436768,0.5329450368881226,0.0,17.165347743934962,314,308,5.1558756828308105,RoadOption.STRAIGHT,67.99774169921875,130.55731201171875,3.0410543276976667,2.8,1.2,4.5,3.0,10.0,0.6,0.01,0.06,0.55,0.16,0.2,0.35,1.5,12,10.0,14.0,0.9,1.2,0.6,0.01,0.06,0.65,0.3,0.72,0.005,0.38,0.22,0.01,0.14,1.0,0.28
pid,ground_truth,curvy,400.0,0.05,0.1,1.0,76.39918985962868,77.09331512451172,127.89729309082031,14.952770232882994,2.218484698372766,0.7316680211699227,-0.1787098270531131,0.7316680211699227,0.1787098270531131,0.13902942836284637,-0.05385555326938629,0.7152895927429199,0.0,17.17125493125576,315,309,5.2546186447143555,RoadOption.STRAIGHT,67.14567565917969,130.63143920898438,3.068614316554461,2.8,1.2,4.5,3.0,10.0,0.6,0.01,0.06,0.55,0.16,0.2,0.35,1.5,12,10.0,14.0,0.9,1.2,0.6,0.01,0.06,0.65,0.3,0.72,0.005,0.38,0.22,0.01,0.14,1.0,0.28
pid,ground_truth,curvy,400.0,0.05,0.1,1.0,76.44918986037374,76.40618133544922,128.19046020507812,14.943383581553409,2.2194805040600656,0.7436571044272191,-0.17780674912746708,0.7436571044272191,0.17780674912746708,0.09280448406934738,-0.04622494429349899,0.5410739779472351,0.0,17.162864085613474,316,310,5.355118274688721,RoadOption.STRAIGHT,66.2918930053711,130.68203735351562,3.096174305411255,2.8,1.2,4.5,3.0,10.0,0.6,0.01,0.06,0.55,0.16,0.2,0.35,1.5,12,10.0,14.0,0.9,1.2,0.6,0.01,0.06,0.65,0.3,0.72,0.005,0.38,0.22,0.01,0.14,1.0,0.28
pid,ground_truth,curvy,400.0,0.05,0.1,1.0,76.4991898611188,75.71142578125,128.4677276611328,14.973337648532967,2.1979352878538787,0.7552409715812797,-0.17789995976562034,0.7552409715812797,0.17789995976562034,0.1002458930015564,0.007441408932209015,0.4732191562652588,0.0,17.171272936386845,317,311,5.4548139572143555,RoadOption.STRAIGHT,65.4370346069336,130.70909118652344,3.123734294268049,2.8,1.2,4.5,3.0,10.0,0.6,0.01,0.06,0.55,0.16,0.2,0.35,1.5,12,10.0,14.0,0.9,1.2,0.6,0.01,0.06,0.65,0.3,0.72,0.005,0.38,0.22,0.01,0.14,1.0,0.28
pid,ground_truth,curvy,400.0,0.05,0.1,1.0,76.54918986186385,75.00949096679688,128.72898864746094,14.982209531919658,2.189131643262286,0.7663264261886692,-0.17964113448631425,0.7663264261886692,0.17964113448631425,0.11700332909822464,0.016757436096668243,0.5069587826728821,0.0,17.171341175181944,318,312,5.553793907165527,RoadOption.STRAIGHT,64.56018829345703,130.71270751953125,3.1471855581950687,2.8,1.2,4.5,3.0,10.0,0.6,0.01,0.06,0.55,0.16,0.2,0.35,1.5,12,10.0,14.0,0.9,1.2,0.6,0.01,0.06,0.65,0.3,0.72,0.005,0.38,0.22,0.01,0.14,1.0,0.28
pid,ground_truth,curvy,400.0,0.05,0.1,1.0,76.59918986260891,74.30126953125,128.97178649902344,14.969331674062708,2.196016069872254,0.7790675708571883,-0.1810478161740936,0.7790675708571883,0.1810478161740936,0.11735004186630249,0.00034671276807785034,0.5523999333381653,0.0,17.165347743934962,319,313,5.653167724609375,RoadOption.STRAIGHT,63.56019973754883,130.7071075439453,3.1471855581950687,2.8,1.2,4.5,3.0,10.0,0.6,0.01,0.06,0.55,0.16,0.2,0.35,1.5,12,10.0,14.0,0.9,1.2,0.6,0.01,0.06,0.65,0.3,0.72,0.005,0.38,0.22,0.01,0.14,1.0,0.28
pid,ground_truth,curvy,400.0,0.05,0.1,1.0,76.64918986335397,73.58743286132812,129.1952362060547,14.956583445575413,2.2247197374354197,0.7941657734179445,-0.18166833270808214,0.7941657734179445,0.18166833270808214,0.01735004037618637,-0.10000000149011612,0.6198086142539978,0.0,17.181303183010833,319,314,5.753251552581787,RoadOption.STRAIGHT,63.56019973754883,130.7071075439453,3.1471855581950687,2.8,1.2,4.5,3.0,10.0,0.6,0.01,0.06,0.55,0.16,0.2,0.35,1.5,12,10.0,14.0,0.9,1.2,0.6,0.01,0.06,0.65,0.3,0.72,0.005,0.38,0.22,0.01,0.14,1.0,0.28
pid,ground_truth,curvy,400.0,0.05,0.1,1.0,76.69918986409903,72.86925506591797,129.40589904785156,14.978596464783582,2.202706718227251,0.6566495352794866,-0.1603947356044202,0.6566495352794866,0.1603947356044202,0.11735004186630249,0.10000000149011612,0.4729590117931366,0.0,17.181303183010833,320,314,5.005736351013184,RoadOption.STRAIGHT,62.56021499633789,130.70152282714844,3.1471855581950687,2.8,1.2,4.5,3.0,10.0,0.6,0.01,0.06,0.55,0.16,0.2,0.35,1.5,12,10.0,14.0,0.9,1.2,0.6,0.01,0.06,0.65,0.3,0.72,0.005,0.38,0.22,0.01,0.14,1.0,0.28
pid,ground_truth,curvy,400.0,0.05,0.1,1.0,76.74918986484408,72.14653015136719,129.6028594970703,14.976202925540944,2.1867812019545365,0.6612117198576387,-0.1698521532675099,0.6612117198576387,0.1698521532675099,0.13175970315933228,0.014409661293029785,0.48650041222572327,0.0,17.16298412749548,321,315,5.105538845062256,RoadOption.STRAIGHT,61.56023025512695,130.6959228515625,3.1471855581950687,2.8,1.2,4.5,3.0,10.0,0.6,0.01,0.06,0.55,0.16,0.2,0.35,1.5,12,10.0,14.0,0.9,1.2,0.6,0.01,0.06,0.65,0.3,0.72,0.005,0.38,0.22,0.01,0.14,1.0,0.28
pid,ground_truth,curvy,400.0,0.05,0.1,1.0,76.79918986558914,71.41963958740234,129.77908325195312,14.949496472413816,2.221776463973029,0.669209224902052,-0.17461841267042466,0.669209224902052,0.17461841267042466,0.0709693655371666,-0.06079033762216568,0.6367775797843933,0.0,17.171272936386845,322,316,5.206641674041748,RoadOption.STRAIGHT,60.560245513916016,130.69033813476562,3.1471855581950687,2.8,1.2,4.5,3.0,10.0,0.6,0.01,0.06,0.55,0.16,0.2,0.35,1.5,12,10.0,14.0,0.9,1.2,0.6,0.01,0.06,0.65,0.3,0.72,0.005,0.38,0.22,0.01,0.14,1.0,0.28
pid,ground_truth,curvy,400.0,0.05,0.1,1.0,76.8491898663342,70.68952178955078,129.93927001953125,14.953823121364367,2.3396092577726417,0.6759025965087405,-0.17977482517303578,0.6759025965087405,0.17977482517303578,-0.007151622325181961,-0.07812098786234856,0.8946458697319031,0.0,17.29343237913701,322,317,5.308601379394531,RoadOption.STRAIGHT,60.560245513916016,130.69033813476562,3.1471855581950687,2.8,1.2,4.5,3.0,10.0,0.6,0.01,0.06,0.55,0.16,0.2,0.35,1.5,12,10.0,14.0,0.9,1.2,0.6,0.01,0.06,0.65,0.3,0.72,0.005,0.38,0.22,0.01,0.14,1.0,0.28
pid,ground_truth,curvy,400.0,0.05,0.1,1.0,76.89918986707926,69.9563217163086,130.09146118164062,14.997414339785278,2.296018039351731,0.5368287566281544,-0.1650315653783574,0.5368287566281544,0.1650315653783574,0.09284837543964386,0.09999999776482582,0.43306854367256165,0.0,17.29343237913701,323,317,4.561296463012695,RoadOption.STRAIGHT,59.56026077270508,130.6847381591797,3.1471855581950687,2.8,1.2,4.5,3.0,10.0,0.6,0.01,0.06,0.55,0.16,0.2,0.35,1.5,12,10.0,14.0,0.9,1.2,0.6,0.01,0.06,0.65,0.3,0.72,0.005,0.38,0.22,0.01,0.14,1.0,0.28
pid,ground_truth,curvy,400.0,0.05,0.1,1.0,76.94918986782432,69.21785736083984,130.23216247558594,15.05685857070176,2.41157380843525,0.5065872910682915,-0.17533080826202063,0.5065872910682915,0.17533080826202063,0.10709545016288757,0.014247074723243713,0.9041023850440979,0.0,17.46843237913701,324,318,4.682393550872803,RoadOption.STRAIGHT,58.56027603149414,130.6791534423828,3.1471855581950687,2.8,1.2,4.5,3.0,10.0,0.6,0.01,0.06,0.55,0.16,0.2,0.35,1.5,12,10.0,14.0,0.9,1.2,0.6,0.01,0.06,0.65,0.3,0.72,0.005,0.38,0.22,0.01,0.14,1.0,0.28
pid,ground_truth,curvy,400.0,0.05,0.1,1.0,76.99918986856937,68.47425079345703,130.35595703125,15.091829643821475,2.5516027353155355,0.37862869610983674,-0.15736805302554524,0.37862869610983674,0.15736805302554524,0.04961884766817093,-0.057476602494716644,1.0,0.0,17.64343237913701,325,319,4.926581859588623,RoadOption.STRAIGHT,57.560298919677734,130.67355346679688,3.1471855581950687,2.8,1.2,4.5,3.0,10.0,0.6,0.01,0.06,0.55,0.16,0.2,0.35,1.5,12,10.0,14.0,0.9,1.2,0.6,0.01,0.06,0.65,0.3,0.72,0.005,0.38,0.22,0.01,0.14,1.0,0.28
pid,ground_truth,curvy,400.0,0.05,0.1,1.0,77.04918986931443,67.72557830810547,130.46780395507812,15.179268345097288,2.639164034039723,0.2626044502904284,-0.13989478679742628,0.2626044502904284,0.13989478679742628,0.01694655232131481,-0.03267229534685612,0.8757877349853516,0.0,17.81843237913701,325,320,5.170648574829102,RoadOption.STRAIGHT,57.560298919677734,130.67355346679688,3.1471855581950687,2.8,1.2,4.5,3.0,10.0,0.6,0.01,0.06,0.55,0.16,0.2,0.35,1.5,12,10.0,14.0,0.9,1.2,0.6,0.01,0.06,0.65,0.3,0.72,0.005,0.38,0.22,0.01,0.14,1.0,0.28
pid,ground_truth,curvy,400.0,0.05,0.1,1.0,77.09918987005949,66.9696273803711,130.57261657714844,15.322292441141787,2.6711399379952248,0.15356552813280835,-0.1271217335771886,0.15356552813280835,0.1271217335771886,0.0683383047580719,0.05139175243675709,0.7271833419799805,0.0,17.993432379137012,326,320,4.411296367645264,RoadOption.STRAIGHT,56.5603141784668,130.66796875,3.1471855581950687,2.8,1.2,4.5,3.0,10.0,0.6,0.01,0.06,0.55,0.16,0.2,0.35,1.5,12,10.0,14.0,0.9,1.2,0.6,0.01,0.06,0.65,0.3,0.72,0.005,0.38,0.22,0.01,0.14,1.0,0.28
pid,ground_truth,curvy,400.0,0.05,0.1,1.0,77.14918987080455,66.20501708984375,130.66775512695312,15.466212049826728,2.7022203293102844,0.054144998304027976,-0.11492791789404277,0.054144998304027976,0.11492791789404277,0.060187555849552155,-0.008150748908519745,0.7315135598182678,0.0,18.168432379137013,327,321,4.644872665405273,RoadOption.STRAIGHT,55.56032943725586,130.66236877441406,3.1471855581950687,2.8,1.2,4.5,3.0,10.0,0.6,0.01,0.06,0.55,0.16,0.2,0.35,1.5,12,10.0,14.0,0.9,1.2,0.6,0.01,0.06,0.65,0.3,0.72,0.005,0.38,0.22,0.01,0.14,1.0,0.28
pid,ground_truth,curvy,400.0,0.05,0.1,1.0,77.1991898715496,65.4319839477539,130.75149536132812,15.6068226207198,2.736609758417213,-0.03390924377685725,-0.10108187707061189,0.03390924377685725,0.10108187707061189,0.032459843903779984,-0.02772771194577217,0.7483445405960083,0.0,18.343432379137013,328,322,4.872122764587402,RoadOption.STRAIGHT,54.56034469604492,130.6567840576172,3.1471855581950687,2.8,1.2,4.5,3.0,10.0,0.6,0.01,0.06,0.55,0.16,0.2,0.35,1.5,12,10.0,14.0,0.9,1.2,0.6,0.01,0.06,0.65,0.3,0.72,0.005,0.38,0.22,0.01,0.14,1.0,0.28
pid,ground_truth,curvy,400.0,0.05,0.1,1.0,77.24918987229466,64.65091705322266,130.82676696777344,15.750304144412091,2.768128234724923,-0.11355518070670344,-0.08856528626334814,0.11355518070670344,0.08856528626334814,0.038844283670186996,0.006384439766407013,0.7472399473190308,0.0,18.518432379137014,328,323,5.092637538909912,RoadOption.STRAIGHT,54.56034469604492,130.6567840576172,3.1471855581950687,2.8,1.2,4.5,3.0,10.0,0.6,0.01,0.06,0.55,0.16,0.2,0.35,1.5,12,10.0,14.0,0.9,1.2,0.6,0.01,0.06,0.65,0.3,0.72,0.005,0.38,0.22,0.01,0.14,1.0,0.28
pid,ground_truth,curvy,400.0,0.05,0.1,1.0,77.29918987303972,63.8620491027832,130.89393615722656,15.88962440129844,2.8038079778385754,-0.18513535980791923,-0.07736376440236592,0.18513535980791923,0.07736376440236592,0.03482988849282265,-0.004014395177364349,0.7667410373687744,0.0,18.693432379137015,329,323,4.306872367858887,RoadOption.STRAIGHT,53.560359954833984,130.65118408203125,3.1471855581950687,2.8,1.2,4.5,3.0,10.0,0.6,0.01,0.06,0.55,0.16,0.2,0.35,1.5,12,10.0,14.0,0.9,1.2,0.6,0.01,0.06,0.65,0.3,0.72,0.005,0.38,0.22,0.01,0.14,1.0,0.28
pid,ground_truth,curvy,400.0,0.05,0.1,1.0,77.34918987378478,63.06553268432617,130.95289611816406,16.030147988607684,2.8382843905293313,-0.24854105506079238,-0.06690180237609855,0.24854105506079238,0.06690180237609855,0.02917209267616272,-0.005657795816659927,0.7709565162658691,0.0,18.868432379137015,330,324,4.513565540313721,RoadOption.STRAIGHT,52.56037521362305,130.6455841064453,3.1471855581950687,2.8,1.2,4.5,3.0,10.0,0.6,0.01,0.06,0.55,0.16,0.2,0.35,1.5,12,10.0,14.0,0.9,1.2,0.6,0.01,0.06,0.65,0.3,0.72,0.005,0.38,0.22,0.01,0.14,1.0,0.28
pid,ground_truth,curvy,400.0,0.05,0.1,1.0,77.39918987452984,62.2613525390625,131.0044403076172,16.17408561375549,2.8693467653815254,-0.30458925830396666,-0.05740390466444012,0.30458925830396666,0.05740390466444012,0.02636641636490822,-0.0028056763112545013,0.7682309150695801,0.0,19.043432379137016,331,325,4.712684154510498,RoadOption.STRAIGHT,51.56039047241211,130.63999938964844,3.1471855581950687,2.8,1.2,4.5,3.0,10.0,0.6,0.01,0.06,0.55,0.16,0.2,0.35,1.5,12,10.0,14.0,0.9,1.2,0.6,0.01,0.06,0.65,0.3,0.72,0.005,0.38,0.22,0.01,0.14,1.0,0.28
pid,ground_truth,curvy,400.0,0.05,0.1,1.0,77.4491898752749,61.449485778808594,131.049072265625,16.319837145883916,2.8985952332531006,-0.35375302727044333,-0.04885755441026696,0.35375302727044333,0.04885755441026696,0.024405745789408684,-0.0019606705754995346,0.7695866823196411,0.0,19.218432379137017,332,326,4.904002666473389,RoadOption.STRAIGHT,50.56040573120117,130.6343994140625,3.1471855581950687,2.8,1.2,4.5,3.0,10.0,0.6,0.01,0.06,0.55,0.16,0.2,0.35,1.5,12,10.0,14.0,0.9,1.2,0.6,0.01,0.06,0.65,0.3,0.72,0.005,0.38,0.22,0.01,0.14,1.0,0.28
pid,ground_truth,curvy,400.0,0.05,0.1,1.0,77.49918987601995,60.629974365234375,131.08718872070312,16.466370736931033,2.9270616422059845,-0.3964594093555964,-0.0410843198205435,0.3964594093555964,0.0410843198205435,0.05130571126937866,0.02689996547996998,0.7736595273017883,0.0,19.393432379137018,332,327,5.087413311004639,RoadOption.STRAIGHT,50.56040573120117,130.6343994140625,3.1471855581950687,2.8,1.2,4.5,3.0,10.0,0.6,0.01,0.06,0.55,0.16,0.2,0.35,1.5,12,10.0,14.0,0.9,1.2,0.6,0.01,0.06,0.65,0.3,0.72,0.005,0.38,0.22,0.01,0.14,1.0,0.28
pid,ground_truth,curvy,400.0,0.05,0.1,1.0,77.54918987676501,59.802978515625,131.1168975830078,16.607382518045505,2.8370619263989383,-0.43079309178838066,-0.03187111402941456,0.43079309178838066,0.03187111402941456,0.003789534792304039,-0.04751617647707462,0.42215442657470703,0.0,19.444444444444443,333,327,4.266927242279053,RoadOption.STRAIGHT,49.560420989990234,130.62881469726562,3.1471855581950687,2.8,1.2,4.5,3.0,10.0,0.6,0.01,0.06,0.55,0.16,0.2,0.35,1.5,12,10.0,14.0,0.9,1.2,0.6,0.01,0.06,0.65,0.3,0.72,0.005,0.38,0.22,0.01,0.14,1.0,0.28
pid,ground_truth,curvy,400.0,0.05,0.1,1.0,77.59918987751007,58.96879577636719,131.14122009277344,16.738257907977054,2.7061865364673885,-0.4597725406485706,-0.024279773342143596,0.4597725406485706,0.024279773342143596,0.007828819565474987,0.004039284773170948,0.27890995144844055,0.0,19.444444444444443,334,328,4.434988021850586,RoadOption.STRAIGHT,48.5604362487793,130.6232147216797,3.1471855581950687,2.8,1.2,4.5,3.0,10.0,0.6,0.01,0.06,0.55,0.16,0.2,0.35,1.5,12,10.0,14.0,0.9,1.2,0.6,0.01,0.06,0.65,0.3,0.72,0.005,0.38,0.22,0.01,0.14,1.0,0.28
pid,ground_truth,curvy,400.0,0.05,0.1,1.0,77.64918987825513,58.130184173583984,131.16151428222656,16.79162666380259,2.652817780641854,-0.4847637608326789,-0.01923148517978923,0.4847637608326789,0.01923148517978923,0.021480662748217583,0.013651843182742596,0.48418739438056946,0.0,19.444444444444443,335,329,4.598231315612793,RoadOption.STRAIGHT,47.56045150756836,130.6176300048828,3.1471855581950687,2.8,1.2,4.5,3.0,10.0,0.6,0.01,0.06,0.55,0.16,0.2,0.35,1.5,12,10.0,14.0,0.9,1.2,0.6,0.01,0.06,0.65,0.3,0.72,0.005,0.38,0.22,0.01,0.14,1.0,0.28
pid,ground_truth,curvy,400.0,0.05,0.1,1.0,77.69918987900019,57.2910041809082,131.17633056640625,16.780818757425134,2.6636256870193087,-0.5042803403530335,-0.014434865740447833,0.5042803403530335,0.014434865740447833,0.016516460105776787,-0.004964202642440796,0.666259765625,0.0,19.444444444444443,336,330,4.760309219360352,RoadOption.STRAIGHT,46.56046676635742,130.61203002929688,3.1471855581950687,2.8,1.2,4.5,3.0,10.0,0.6,0.01,0.06,0.55,0.16,0.2,0.35,1.5,12,10.0,14.0,0.9,1.2,0.6,0.01,0.06,0.65,0.3,0.72,0.005,0.38,0.22,0.01,0.14,1.0,0.28
pid,ground_truth,curvy,400.0,0.05,0.1,1.0,77.74918987974524,56.4525032043457,131.18601989746094,16.76952163628835,2.6749228081560936,-0.5186509907322582,-0.009584983079304443,0.5186509907322582,0.009584983079304443,0.00919944979250431,-0.007317010313272476,0.6701149344444275,0.0,19.444444444444443,337,331,4.922490119934082,RoadOption.STRAIGHT,45.560482025146484,130.6064453125,3.1471855581950687,2.8,1.2,4.5,3.0,10.0,0.6,0.01,0.06,0.55,0.16,0.2,0.35,1.5,12,10.0,14.0,0.9,1.2,0.6,0.01,0.06,0.65,0.3,0.72,0.005,0.38,0.22,0.01,0.14,1.0,0.28
pid,ground_truth,curvy,400.0,0.05,0.1,1.0,77.7991898804903,55.61368179321289,131.19175720214844,16.78581499998513,2.6586294444593115,-0.5290867272560283,-0.005462676027971014,0.5290867272560283,0.005462676027971014,0.048591263592243195,0.039391813799738884,0.5892770886421204,0.0,19.444444444444443,337,332,5.083920955657959,RoadOption.STRAIGHT,45.560482025146484,130.6064453125,3.1471855581950687,2.8,1.2,4.5,3.0,10.0,0.6,0.01,0.06,0.55,0.16,0.2,0.35,1.5,12,10.0,14.0,0.9,1.2,0.6,0.01,0.06,0.65,0.3,0.72,0.005,0.38,0.22,0.01,0.14,1.0,0.28
pid,ground_truth,curvy,400.0,0.05,0.1,1.0,77.84918988123536,54.77374267578125,131.19113159179688,16.807864568606913,2.63657987583753,-0.5331588015561128,0.0006351639199841941,0.5331588015561128,0.0006351639199841941,-0.012311196886003017,-0.06090246047824621,0.5683087706565857,0.0,19.444444444444443,338,332,4.249960422515869,RoadOption.STRAIGHT,44.56049728393555,130.60084533691406,3.1471855581950687,2.8,1.2,4.5,3.0,10.0,0.6,0.01,0.06,0.55,0.16,0.2,0.35,1.5,12,10.0,14.0,0.9,1.2,0.6,0.01,0.06,0.65,0.3,0.72,0.005,0.38,0.22,0.01,0.14,1.0,0.28
pid,ground_truth,curvy,400.0,0.05,0.1,1.0,77.89918988198042,53.93260955810547,131.18763732910156,16.832475095613407,2.6119693488310354,-0.534360785617448,0.005078914514889732,0.534360785617448,0.005078914514889732,-0.005396497435867786,0.006914699450135231,0.5557237863540649,0.0,19.444444444444443,339,333,4.407756805419922,RoadOption.STRAIGHT,43.56051254272461,130.5952606201172,3.1471855581950687,2.8,1.2,4.5,3.0,10.0,0.6,0.01,0.06,0.55,0.16,0.2,0.35,1.5,12,10.0,14.0,0.9,1.2,0.6,0.01,0.06,0.65,0.3,0.72,0.005,0.38,0.22,0.01,0.14,1.0,0.28
pid,ground_truth,curvy,400.0,0.05,0.1,1.0,77.94918988272548,53.09040069580078,131.18309020996094,16.85182127711633,2.5926231673281137,-0.5345312047565425,0.006619819521610282,0.5345312047565425,0.006619819521610282,0.014456226490437984,0.01985272392630577,0.566207766532898,0.0,19.444444444444443,340,334,4.564432621002197,RoadOption.STRAIGHT,42.56052780151367,130.58966064453125,3.1471855581950687,2.8,1.2,4.5,3.0,10.0,0.6,0.01,0.06,0.55,0.16,0.2,0.35,1.5,12,10.0,14.0,0.9,1.2,0.6,0.01,0.06,0.65,0.3,0.72,0.005,0.38,0.22,0.01,0.14,1.0,0.28
pid,ground_truth,curvy,400.0,0.05,0.1,1.0,77.99918988347054,52.2474365234375,131.17539978027344,16.865652515950345,2.5787919284940983,-0.5315473283155958,0.008351406862379562,0.5315473283155958,0.008351406862379562,0.008973358199000359,-0.005482868291437626,0.5786067843437195,0.0,19.444444444444443,341,335,4.720057010650635,RoadOption.STRAIGHT,41.560543060302734,130.58407592773438,3.1471855581950687,2.8,1.2,4.5,3.0,10.0,0.6,0.01,0.06,0.55,0.16,0.2,0.35,1.5,12,10.0,14.0,0.9,1.2,0.6,0.01,0.06,0.65,0.3,0.72,0.005,0.38,0.22,0.01,0.14,1.0,0.28
pid,ground_truth,curvy,400.0,0.05,0.1,1.0,78.0491898842156,51.403812408447266,131.16477966308594,16.87970127394455,2.5647431704998915,-0.5256527597230205,0.010620686427236237,0.5256527597230205,0.010620686427236237,0.0005517367972061038,-0.008421621401794255,0.5749070048332214,0.0,19.444444444444443,342,336,4.874785423278809,RoadOption.STRAIGHT,40.5605583190918,130.57847595214844,3.1471855581950687,2.8,1.2,4.5,3.0,10.0,0.6,0.01,0.06,0.55,0.16,0.2,0.35,1.5,12,10.0,14.0,0.9,1.2,0.6,0.01,0.06,0.65,0.3,0.72,0.005,0.38,0.22,0.01,0.14,1.0,0.28
pid,ground_truth,curvy,400.0,0.05,0.1,1.0,78.09918988496065,50.559471130371094,131.1525421142578,16.894600222741005,2.549844221703438,-0.5181295372402596,0.012307532661692377,0.5181295372402596,0.012307532661692377,0.041030168533325195,0.04047843173611909,0.5692486763000488,0.0,19.444444444444443,342,337,5.028729438781738,RoadOption.STRAIGHT,40.5605583190918,130.57847595214844,3.1471855581950687,2.8,1.2,4.5,3.0,10.0,0.6,0.01,0.06,0.55,0.16,0.2,0.35,1.5,12,10.0,14.0,0.9,1.2,0.6,0.01,0.06,0.65,0.3,0.72,0.005,0.38,0.22,0.01,0.14,1.0,0.28
pid,ground_truth,curvy,400.0,0.05,0.1,1.0,78.14918988570571,49.71460723876953,131.13604736328125,16.90440785822031,2.540036586224133,-0.5063602627612112,0.016111591962761018,0.5063602627612112,0.016111591962761018,-0.01931469328701496,-0.06034486182034016,0.5813466906547546,0.0,19.444444444444443,343,337,4.187748432159424,RoadOption.STRAIGHT,39.560577392578125,130.57289123535156,3.1471855581950687,2.8,1.2,4.5,3.0,10.0,0.6,0.01,0.06,0.55,0.16,0.2,0.35,1.5,12,10.0,14.0,0.9,1.2,0.6,0.01,0.06,0.65,0.3,0.72,0.005,0.38,0.22,0.01,0.14,1.0,0.28
pid,ground_truth,curvy,400.0,0.05,0.1,1.0,78.19918988645077,48.86920166015625,131.1186065673828,16.917326564035235,2.5271178804092074,-0.4936550856389772,0.018460233728101905,0.4936550856389772,0.018460233728101905,-0.011594392359256744,0.007720300927758217,0.5697935819625854,0.0,19.444444444444443,344,338,4.339702129364014,RoadOption.STRAIGHT,38.56059265136719,130.56729125976562,3.1471855581950687,2.8,1.2,4.5,3.0,10.0,0.6,0.01,0.06,0.55,0.16,0.2,0.35,1.5,12,10.0,14.0,0.9,1.2,0.6,0.01,0.06,0.65,0.3,0.72,0.005,0.38,0.22,0.01,0.14,1.0,0.28
pid,ground_truth,curvy,400.0,0.05,0.1,1.0,78.24918988719583,48.02306365966797,131.1018829345703,16.93182144031283,2.512623004131612,-0.4816558981799811,0.018061025880699688,0.4816558981799811,0.018061025880699688,0.009229947812855244,0.020824340172111988,0.5621914267539978,0.0,19.444444444444443,345,339,4.491217136383057,RoadOption.STRAIGHT,37.56060791015625,130.5616912841797,3.1471855581950687,2.8,1.2,4.5,3.0,10.0,0.6,0.01,0.06,0.55,0.16,0.2,0.35,1.5,12,10.0,14.0,0.9,1.2,0.6,0.01,0.06,0.65,0.3,0.72,0.005,0.38,0.22,0.01,0.14,1.0,0.28
pid,ground_truth,curvy,400.0,0.05,0.1,1.0,78.29918988794088,47.17629623413086,131.0836944580078,16.943960218287526,2.5004842261569173,-0.46821066872782025,0.01804984060412096,0.46821066872782025,0.01804984060412096,0.004261392168700695,-0.004968555644154549,0.5661179423332214,0.0,19.444444444444443,346,340,4.64213228225708,RoadOption.STRAIGHT,36.56062316894531,130.5561065673828,3.1471855581950687,2.8,1.2,4.5,3.0,10.0,0.6,0.01,0.06,0.55,0.16,0.2,0.35,1.5,12,10.0,14.0,0.9,1.2,0.6,0.01,0.06,0.65,0.3,0.72,0.005,0.38,0.22,0.01,0.14,1.0,0.28
pid,ground_truth,curvy,400.0,0.05,0.1,1.0,78.34918988868594,46.329002380371094,131.06405639648438,16.954705362697922,2.489739081746521,-0.45330356268366334,0.018766497253460912,0.45330356268366334,0.018766497253460912,-0.0038143391720950603,-0.008075731340795755,0.5676562190055847,0.0,19.444444444444443,347,341,4.792555809020996,RoadOption.STRAIGHT,35.560638427734375,130.55050659179688,3.1471855581950687,2.8,1.2,4.5,3.0,10.0,0.6,0.01,0.06,0.55,0.16,0.2,0.35,1.5,12,10.0,14.0,0.9,1.2,0.6,0.01,0.06,0.65,0.3,0.72,0.005,0.38,0.22,0.01,0.14,1.0,0.28
pid,ground_truth,curvy,400.0,0.05,0.1,1.0,78.399189889431,45.481201171875,131.04415893554688,16.964770355090348,2.479674089354095,-0.4381551574047747,0.01904586285180976,0.4381551574047747,0.01904586285180976,-0.0018693815218284726,0.0019449576502665877,0.5673463344573975,0.0,19.444444444444443,348,342,4.942629814147949,RoadOption.STRAIGHT,34.56065368652344,130.544921875,3.1471855581950687,2.8,1.2,4.5,3.0,10.0,0.6,0.01,0.06,0.55,0.16,0.2,0.35,1.5,12,10.0,14.0,0.9,1.2,0.6,0.01,0.06,0.65,0.3,0.72,0.005,0.38,0.22,0.01,0.14,1.0,0.28
pid,ground_truth,curvy,400.0,0.05,0.1,1.0,78.44918989017606,44.63291549682617,131.0242156982422,16.9745030303565,2.469941414087941,-0.4229484488204555,0.01888953529582338,0.4229484488204555,0.01888953529582338,0.03205497935414314,0.033924360875971615,0.5661356449127197,0.0,19.444444444444443,348,343,5.092377662658691,RoadOption.STRAIGHT,34.56065368652344,130.544921875,3.1471855581950687,2.8,1.2,4.5,3.0,10.0,0.6,0.01,0.06,0.55,0.16,0.2,0.35,1.5,12,10.0,14.0,0.9,1.2,0.6,0.01,0.06,0.65,0.3,0.72,0.005,0.38,0.22,0.01,0.14,1.0,0.28
pid,ground_truth,curvy,400.0,0.05,0.1,1.0,78.49918989092112,43.78430938720703,131.00140380859375,16.980915020555685,2.463529423888758,-0.40488306423042963,0.02112685692759797,0.40488306423042963,0.02112685692759797,-0.021762439981102943,-0.053817419335246086,0.5740228891372681,0.0,19.444444444444443,349,343,4.245413780212402,RoadOption.STRAIGHT,33.560672760009766,130.53932189941406,3.1471855581950687,2.8,1.2,4.5,3.0,10.0,0.6,0.01,0.06,0.55,0.16,0.2,0.35,1.5,12,10.0,14.0,0.9,1.2,0.6,0.01,0.06,0.65,0.3,0.72,0.005,0.38,0.22,0.01,0.14,1.0,0.28
pid,ground_truth,curvy,400.0,0.05,0.1,1.0,78.54918989166617,42.935340881347656,130.9789581298828,16.988803385803003,2.45564105864144,-0.3871930095816295,0.022070148585704885,0.3871930095816295,0.022070148585704885,-0.01346177514642477,0.008300664834678173,0.5681536197662354,0.0,19.444444444444443,350,344,4.3940749168396,RoadOption.STRAIGHT,32.56068801879883,130.5337371826172,3.1471855581950687,2.8,1.2,4.5,3.0,10.0,0.6,0.01,0.06,0.55,0.16,0.2,0.35,1.5,12,10.0,14.0,0.9,1.2,0.6,0.01,0.06,0.65,0.3,0.72,0.005,0.38,0.22,0.01,0.14,1.0,0.28
pid,ground_truth,curvy,400.0,0.05,0.1,1.0,78.59918989241123,42.085853576660156,130.95823669433594,16.99877456235245,2.445669882091991,-0.37123007270652525,0.020644558454185002,0.37123007270652525,0.020644558454185002,0.0058534531854093075,0.019315228331834078,0.5601280927658081,0.0,19.444444444444443,351,345,4.5425872802734375,RoadOption.STRAIGHT,31.56070327758789,130.52813720703125,3.1471855581950687,2.8,1.2,4.5,3.0,10.0,0.6,0.01,0.06,0.55,0.16,0.2,0.35,1.5,12,10.0,14.0,0.9,1.2,0.6,0.01,0.06,0.65,0.3,0.72,0.005,0.38,0.22,0.01,0.14,1.0,0.28
pid,ground_truth,curvy,400.0,0.05,0.1,1.0,78.64918989315629,41.23590850830078,130.93704223632812,17.007619271019546,2.4368251734248965,-0.3547814224334629,0.019727099458652475,0.3547814224334629,0.019727099458652475,0.0012833969667553902,-0.004570056218653917,0.56133633852005,0.0,19.444444444444443,352,346,4.690779209136963,RoadOption.STRAIGHT,30.560718536376953,130.52255249023438,3.1471855581950687,2.8,1.2,4.5,3.0,10.0,0.6,0.01,0.06,0.55,0.16,0.2,0.35,1.5,12,10.0,14.0,0.9,1.2,0.6,0.01,0.06,0.65,0.3,0.72,0.005,0.38,0.22,0.01,0.14,1.0,0.28
pid,ground_truth,curvy,400.0,0.05,0.1,1.0,78.69918989390135,40.38557815551758,130.91537475585938,17.015070366453706,2.4293740779907367,-0.33787717049585814,0.0195646466321584,0.33787717049585814,0.0195646466321584,-0.005680739413946867,-0.006964136380702257,0.5635992288589478,0.0,19.444444444444443,353,347,4.838716506958008,RoadOption.STRAIGHT,29.560733795166016,130.51695251464844,3.1471855581950687,2.8,1.2,4.5,3.0,10.0,0.6,0.01,0.06,0.55,0.16,0.2,0.35,1.5,12,10.0,14.0,0.9,1.2,0.6,0.01,0.06,0.65,0.3,0.72,0.005,0.38,0.22,0.01,0.14,1.0,0.28
pid,ground_truth,curvy,400.0,0.05,0.1,1.0,78.7491898946464,39.534889221191406,130.8942413330078,17.02164818263714,2.422796261807303,-0.3214937147741423,0.01908421237150737,0.3214937147741423,0.01908421237150737,-0.0035173504147678614,0.0021633889991790056,0.5645973086357117,0.0,19.444444444444443,354,348,4.986486434936523,RoadOption.STRAIGHT,28.560749053955078,130.51136779785156,3.1471855581950687,2.8,1.2,4.5,3.0,10.0,0.6,0.01,0.06,0.55,0.16,0.2,0.35,1.5,12,10.0,14.0,0.9,1.2,0.6,0.01,0.06,0.65,0.3,0.72,0.005,0.38,0.22,0.01,0.14,1.0,0.28
pid,ground_truth,curvy,400.0,0.05,0.1,1.0,78.79918989539146,38.683860778808594,130.87371826171875,17.028133690477503,2.4163107539669397,-0.30573777978068734,0.018295384056626673,0.30573777978068734,0.018295384056626673,0.021472478285431862,0.024989828700199723,0.5634289383888245,0.0,19.444444444444443,354,349,5.134089946746826,RoadOption.STRAIGHT,28.560749053955078,130.51136779785156,3.1471855581950687,2.8,1.2,4.5,3.0,10.0,0.6,0.01,0.06,0.55,0.16,0.2,0.35,1.5,12,10.0,14.0,0.9,1.2,0.6,0.01,0.06,0.65,0.3,0.72,0.005,0.38,0.22,0.01,0.14,1.0,0.28
pid,ground_truth,curvy,400.0,0.05,0.1,1.0,78.84918989613652,37.83259201049805,130.8516387939453,17.03317487941742,2.4112695650270233,-0.2884196975288193,0.01934333794557208,0.2884196975288193,0.01934333794557208,-0.017760125920176506,-0.03923260420560837,0.5663639903068542,0.0,19.444444444444443,355,349,4.283320903778076,RoadOption.STRAIGHT,27.56076431274414,130.50576782226562,3.1471855581950687,2.8,1.2,4.5,3.0,10.0,0.6,0.01,0.06,0.55,0.16,0.2,0.35,1.5,12,10.0,14.0,0.9,1.2,0.6,0.01,0.06,0.65,0.3,0.72,0.005,0.38,0.22,0.01,0.14,1.0,0.28
pid,ground_truth,curvy,400.0,0.05,0.1,1.0,78.89918989688158,36.98105239868164,130.83035278320312,17.038404193416483,2.40604025102796,-0.27188841403623976,0.01948155600614676,0.27188841403623976,0.01948155600614676,-0.011344592086970806,0.0064155338332057,0.5646867752075195,0.0,19.444444444444443,356,350,4.430305480957031,RoadOption.STRAIGHT,26.560779571533203,130.50018310546875,3.1471855581950687,2.8,1.2,4.5,3.0,10.0,0.6,0.01,0.06,0.55,0.16,0.2,0.35,1.5,12,10.0,14.0,0.9,1.2,0.6,0.01,0.06,0.65,0.3,0.72,0.005,0.38,0.22,0.01,0.14,1.0,0.28
pid,ground_truth,curvy,400.0,0.05,0.1,1.0,78.94918989762664,36.1291618347168,130.810791015625,17.04481641269242,2.399628031752023,-0.25709856812219356,0.0179299983550667,0.25709856812219356,0.0179299983550667,0.0030174136627465487,0.014362005749717355,0.5599639415740967,0.0,19.444444444444443,357,351,4.577194690704346,RoadOption.STRAIGHT,25.560794830322266,130.4945831298828,3.1471855581950687,2.8,1.2,4.5,3.0,10.0,0.6,0.01,0.06,0.55,0.16,0.2,0.35,1.5,12,10.0,14.0,0.9,1.2,0.6,0.01,0.06,0.65,0.3,0.72,0.005,0.38,0.22,0.01,0.14,1.0,0.28
pid,ground_truth,curvy,400.0,0.05,0.1,1.0,78.9991898983717,35.27695846557617,130.79135131835938,17.050808695169373,2.39363574927507,-0.24241728154141334,0.016813867542214922,0.24241728154141334,0.016813867542214922,-0.0002647984947543591,-0.0032822121575009078,0.5598214864730835,0.0,19.444444444444443,358,352,4.723894119262695,RoadOption.STRAIGHT,24.56081199645996,130.48899841308594,3.1471855581950687,2.8,1.2,4.5,3.0,10.0,0.6,0.01,0.06,0.55,0.16,0.2,0.35,1.5,12,10.0,14.0,0.9,1.2,0.6,0.01,0.06,0.65,0.3,0.72,0.005,0.38,0.22,0.01,0.14,1.0,0.28
pid,ground_truth,curvy,400.0,0.05,0.1,1.0,79.04918989911675,34.42448806762695,130.77194213867188,17.055902661683806,2.388541782760637,-0.22778326407073402,0.01629987745182948,0.22778326407073402,0.01629987745182948,-0.005276511888951063,-0.005011713394196704,0.5612160563468933,0.0,19.444444444444443,359,353,4.870434284210205,RoadOption.STRAIGHT,23.560827255249023,130.4833984375,3.1471855581950687,2.8,1.2,4.5,3.0,10.0,0.6,0.01,0.06,0.55,0.16,0.2,0.35,1.5,12,10.0,14.0,0.9,1.2,0.6,0.01,0.06,0.65,0.3,0.72,0.005,0.38,0.22,0.01,0.14,1.0,0.28
pid,ground_truth,curvy,400.0,0.05,0.1,1.0,79.09918989986181,33.57175827026367,130.75328063964844,17.060356841598303,2.38408760284614,-0.2138831078084072,0.015587748176342231,0.2138831078084072,0.015587748176342231,0.012612234801054,0.017888746690005064,0.5620275735855103,0.0,19.444444444444443,359,354,5.016845703125,RoadOption.STRAIGHT,23.560827255249023,130.4833984375,3.1471855581950687,2.8,1.2,4.5,3.0,10.0,0.6,0.01,0.06,0.55,0.16,0.2,0.35,1.5,12,10.0,14.0,0.9,1.2,0.6,0.01,0.06,0.65,0.3,0.72,0.005,0.38,0.22,0.01,0.14,1.0,0.28
pid,ground_truth,curvy,400.0,0.05,0.1,1.0,79.14918990060687,32.718841552734375,130.7340087890625,17.064297182471588,2.380147261972855,-0.1993818156069275,0.015941948601323475,0.1993818156069275,0.015941948601323475,-0.013207047246396542,-0.025819282047450542,0.5625994205474854,0.0,19.444444444444443,360,354,4.16404914855957,RoadOption.STRAIGHT,22.560842514038086,130.47779846191406,3.1471855581950687,2.8,1.2,4.5,3.0,10.0,0.6,0.01,0.06,0.55,0.16,0.2,0.35,1.5,12,10.0,14.0,0.9,1.2,0.6,0.01,0.06,0.65,0.3,0.72,0.005,0.38,0.22,0.01,0.14,1.0,0.28
pid,ground_truth,curvy,400.0,0.05,0.1,1.0,79.19918990135193,31.8657169342041,130.71559143066406,17.06810401808777,2.3763404263566734,-0.18574326288720233,0.01565965352577514,0.18574326288720233,0.01565965352577514,-0.008327212184667587,0.004879835061728954,0.5621357560157776,0.0,19.444444444444443,361,355,4.310063362121582,RoadOption.STRAIGHT,21.56085777282715,130.4722137451172,3.1471855581950687,2.8,1.2,4.5,3.0,10.0,0.6,0.01,0.06,0.55,0.16,0.2,0.35,1.5,12,10.0,14.0,0.9,1.2,0.6,0.01,0.06,0.65,0.3,0.72,0.005,0.38,0.22,0.01,0.14,1.0,0.28
pid,ground_truth,curvy,400.0,0.05,0.1,1.0,79.24918990209699,31.012346267700195,130.69859313964844,17.07247613293018,2.3719683115142622,-0.17350987292098008,0.014291853989909953,0.17350987292098008,0.014291853989909953,0.001270438195206225,0.009597650379873812,0.5595911145210266,0.0,19.444444444444443,362,356,4.455986499786377,RoadOption.STRAIGHT,20.56087303161621,130.46661376953125,3.1471855581950687,2.8,1.2,4.5,3.0,10.0,0.6,0.01,0.06,0.55,0.16,0.2,0.35,1.5,12,10.0,14.0,0.9,1.2,0.6,0.01,0.06,0.65,0.3,0.72,0.005,0.38,0.22,0.01,0.14,1.0,0.28
pid,ground_truth,curvy,400.0,0.05,0.1,1.0,79.29918990284204,30.158754348754883,130.68191528320312,17.076654718704415,2.367789725740028,-0.16161340850115186,0.013271330660192149,0.16161340850115186,0.013271330660192149,-0.0010910414857789874,-0.0023614796809852123,0.5592136979103088,0.0,19.444444444444443,363,357,4.6017746925354,RoadOption.STRAIGHT,19.560890197753906,130.46102905273438,3.1471855581950687,2.8,1.2,4.5,3.0,10.0,0.6,0.01,0.06,0.55,0.16,0.2,0.35,1.5,12,10.0,14.0,0.9,1.2,0.6,0.01,0.06,0.65,0.3,0.72,0.005,0.38,0.22,0.01,0.14,1.0,0.28
pid,ground_truth,curvy,400.0,0.05,0.1,1.0,79.3491899035871,29.304967880249023,130.66549682617188,17.080290900488137,2.3641535439563057,-0.1499621796469269,0.012669456253833644,0.1499621796469269,0.012669456253833644,-0.004292000085115433,-0.0032009585993364453,0.5599324703216553,0.0,19.444444444444443,364,358,4.747438430786133,RoadOption.STRAIGHT,18.560895919799805,130.45542907714844,3.1471855581950687,2.8,1.2,4.5,3.0,10.0,0.6,0.01,0.06,0.55,0.16,0.2,0.35,1.5,12,10.0,14.0,0.9,1.2,0.6,0.01,0.06,0.65,0.3,0.72,0.005,0.38,0.22,0.01,0.14,1.0,0.28
pid,ground_truth,curvy,400.0,0.05,0.1,1.0,79.39918990433216,28.451000213623047,130.6498260498047,17.083514844307306,2.360929600137137,-0.13907488106421678,0.011950136443402926,0.13907488106421678,0.011950136443402926,-0.0027884053997695446,0.0015035946853458881,0.5603774785995483,0.0,19.444444444444443,365,359,4.893004417419434,RoadOption.STRAIGHT,17.56505584716797,130.44969177246094,3.14797438650995,2.8,1.2,4.5,3.0,10.0,0.6,0.01,0.06,0.55,0.16,0.2,0.35,1.5,12,10.0,14.0,0.9,1.2,0.6,0.01,0.06,0.65,0.3,0.72,0.005,0.38,0.22,0.01,0.14,1.0,0.28
pid,ground_truth,curvy,400.0,0.05,0.1,1.0,79.44918990507722,27.59686279296875,130.63485717773438,17.086659924777948,2.3577845196664953,-0.1288904252135599,0.011144530213654136,0.1288904252135599,0.011144530213654136,0.007923495024442673,0.010711900424212217,0.5599063634872437,0.0,19.444444444444443,365,360,5.038469314575195,RoadOption.STRAIGHT,17.56505584716797,130.44969177246094,3.14797438650995,2.8,1.2,4.5,3.0,10.0,0.6,0.01,0.06,0.55,0.16,0.2,0.35,1.5,12,10.0,14.0,0.9,1.2,0.6,0.01,0.06,0.65,0.3,0.72,0.005,0.38,0.22,0.01,0.14,1.0,0.28
pid,ground_truth,curvy,400.0,0.05,0.1,1.0,79.49918990582228,26.74258041381836,130.6195831298828,17.089551737047035,2.3548927073974077,-0.11839451119516989,0.011194597642147919,0.11839451119516989,0.011194597642147919,-0.007730390876531601,-0.015653885900974274,0.5599793195724487,0.0,19.444444444444443,366,360,4.184141635894775,RoadOption.STRAIGHT,16.57558250427246,130.4423828125,3.1499744204885998,2.8,1.2,4.5,3.0,10.0,0.6,0.01,0.06,0.55,0.16,0.2,0.35,1.5,12,10.0,14.0,0.9,1.2,0.6,0.01,0.06,0.65,0.3,0.72,0.005,0.38,0.22,0.01,0.14,1.0,0.28
pid,ground_truth,curvy,400.0,0.05,0.1,1.0,79.54918990656734,25.88814353942871,130.60494995117188,17.09226834861902,2.352176095825424,-0.10853215971059262,0.010959706834002603,0.10853215971059262,0.010959706834002603,-0.003816725919023156,0.003913664957508445,0.5598722100257874,0.0,19.444444444444443,367,361,4.329321384429932,RoadOption.STRAIGHT,15.586126327514648,130.43312072753906,3.15197418815114,2.8,1.2,4.5,3.0,10.0,0.6,0.01,0.06,0.55,0.16,0.2,0.35,1.5,12,10.0,14.0,0.9,1.2,0.6,0.01,0.06,0.65,0.3,0.72,0.005,0.38,0.22,0.01,0.14,1.0,0.28
pid,ground_truth,curvy,400.0,0.05,0.1,1.0,79.5991899073124,25.03355598449707,130.59117126464844,17.09511753471371,2.349326909730731,-0.09954038833695862,0.010199640658894005,0.09954038833695862,0.010199640658894005,0.002630889182910323,0.006447615101933479,0.5588741898536682,0.0,19.444444444444443,368,362,4.474417209625244,RoadOption.STRAIGHT,14.596691131591797,130.42184448242188,3.1539742221297895,2.8,1.2,4.5,3.0,10.0,0.6,0.01,0.06,0.55,0.16,0.2,0.35,1.5,12,10.0,14.0,0.9,1.2,0.6,0.01,0.06,0.65,0.3,0.72,0.005,0.38,0.22,0.01,0.14,1.0,0.28
pid,ground_truth,curvy,400.0,0.05,0.1,1.0,79.64918990805745,24.178834915161133,130.5774688720703,17.09777433472465,2.346670109719792,-0.0906104085619665,0.009817477042467715,0.0906104085619665,0.009817477042467715,0.0013888892717659473,-0.0012419999111443758,0.5588284134864807,0.0,19.444444444444443,369,363,4.619412899017334,RoadOption.STRAIGHT,13.607279777526855,130.40863037109375,3.155974256108439,2.8,1.2,4.5,3.0,10.0,0.6,0.01,0.06,0.55,0.16,0.2,0.35,1.5,12,10.0,14.0,0.9,1.2,0.6,0.01,0.06,0.65,0.3,0.72,0.005,0.38,0.22,0.01,0.14,1.0,0.28
pid,ground_truth,curvy,400.0,0.05,0.1,1.0,79.69918990880251,23.32398223876953,130.563720703125,17.100203001345786,2.3442414430986567,-0.0816505837426422,0.009828129686828113,0.0816505837426422,0.009828129686828113,-0.0002033248165389523,-0.0015922140883048996,0.5589328408241272,0.0,19.444444444444443,370,364,4.764317512512207,RoadOption.STRAIGHT,12.617897033691406,130.39340209960938,3.1579742900870884,2.8,1.2,4.5,3.0,10.0,0.6,0.01,0.06,0.55,0.16,0.2,0.35,1.5,12,10.0,14.0,0.9,1.2,0.6,0.01,0.06,0.65,0.3,0.72,0.005,0.38,0.22,0.01,0.14,1.0,0.28
pid,ground_truth,curvy,400.0,0.05,0.1,1.0,79.74918990954757,22.469013214111328,130.5501251220703,17.102458007697404,2.341986436747039,-0.06913577072583305,0.00908910248433159,0.06913577072583305,0.00908910248433159,0.0010720898862928152,0.0012754147028317675,0.5589230060577393,0.0,19.444444444444443,371,365,4.9049859046936035,RoadOption.STRAIGHT,11.628546714782715,130.37619018554688,3.1599743240657383,2.8,1.2,4.5,3.0,10.0,0.6,0.01,0.06,0.55,0.16,0.2,0.35,1.5,12,10.0,14.0,0.9,1.2,0.6,0.01,0.06,0.65,0.3,0.72,0.005,0.38,0.22,0.01,0.14,1.0,0.28
pid,ground_truth,curvy,400.0,0.05,0.1,1.0,79.79918991029263,21.613933563232422,130.5365753173828,17.104600851993556,2.3398435924508867,-0.05195940654351195,0.007193464420412354,0.05195940654351195,0.007193464420412354,0.0021803888957947493,0.001108299009501934,0.5587656497955322,0.0,19.444444444444443,372,366,5.039231777191162,RoadOption.STRAIGHT,10.639232635498047,130.3570098876953,3.1619743580443878,2.8,1.2,4.5,3.0,10.0,0.6,0.01,0.06,0.55,0.16,0.2,0.35,1.5,12,10.0,14.0,0.9,1.2,0.6,0.01,0.06,0.65,0.3,0.72,0.005,0.38,0.22,0.01,0.14,1.0,0.28
pid,ground_truth,curvy,400.0,0.05,0.1,1.0,79.84918991103768,20.758752822875977,130.52285766601562,17.10663597270176,2.337808471742683,-0.03603326661841076,0.005470399195131037,0.03603326661841076,0.005470399195131037,-0.0015084558399394155,-0.0036888447357341647,0.558619499206543,0.0,19.444444444444443,372,367,5.173405170440674,RoadOption.STRAIGHT,10.639232635498047,130.3570098876953,3.1619743580443878,2.8,1.2,4.5,3.0,10.0,0.6,0.01,0.06,0.55,0.16,0.2,0.35,1.5,12,10.0,14.0,0.9,1.2,0.6,0.01,0.06,0.65,0.3,0.72,0.005,0.38,0.22,0.01,0.14,1.0,0.28
pid,ground_truth,curvy,400.0,0.05,0.1,1.0,79.89918991178274,19.903472900390625,130.5092315673828,17.108558746236433,2.33588569820801,-0.03128686084672127,0.005600095140218642,0.03128686084672127,0.005600095140218642,0.0029779260512441397,0.004486381891183555,0.5585110783576965,0.0,19.444444444444443,373,367,4.318017482757568,RoadOption.STRAIGHT,9.640340805053711,130.3365020751953,3.1621453329863707,2.8,1.2,4.5,3.0,10.0,0.6,0.01,0.06,0.55,0.16,0.2,0.35,1.5,12,10.0,14.0,0.9,1.2,0.6,0.01,0.06,0.65,0.3,0.72,0.005,0.38,0.22,0.01,0.14,1.0,0.28
pid,ground_truth,curvy,400.0,0.05,0.1,1.0,79.9491899125278,19.04810333251953,130.49539184570312,17.110362369399407,2.3340820750450355,-0.018427668782285023,0.0038429414529836947,0.018427668782285023,0.0038429414529836947,0.002007249975576997,-0.0009706760756671429,0.5584478974342346,0.0,19.444444444444443,374,368,4.452020168304443,RoadOption.STRAIGHT,8.640128135681152,130.31594848632812,3.162064639205341,2.8,1.2,4.5,3.0,10.0,0.6,0.01,0.06,0.55,0.16,0.2,0.35,1.5,12,10.0,14.0,0.9,1.2,0.6,0.01,0.06,0.65,0.3,0.72,0.005,0.38,0.22,0.01,0.14,1.0,0.28
pid,ground_truth,curvy,400.0,0.05,0.1,1.0,79.99918991327286,18.192651748657227,130.481201171875,17.112089619357377,2.332354825087066,-0.006620572110333858,0.0022642195587856406,0.006620572110333858,0.0022642195587856406,-0.0005618275026790798,-0.0025690774782560766,0.5582817792892456,0.0,19.444444444444443,375,369,4.585946559906006,RoadOption.STRAIGHT,7.629819393157959,130.29627990722656,3.1600646052266916,2.8,1.2,4.5,3.0,10.0,0.6,0.01,0.06,0.55,0.16,0.2,0.35,1.5,12,10.0,14.0,0.9,1.2,0.6,0.01,0.06,0.65,0.3,0.72,0.005,0.38,0.22,0.01,0.14,1.0,0.28
pid,ground_truth,curvy,400.0,0.05,0.1,1.0,80.04918991401792,17.337116241455078,130.4669647216797,17.113726192598243,2.3307182518462,0.0037523242001507306,0.000541686965721766,0.0037523242001507306,0.000541686965721766,-0.0011512612691149116,-0.0005894337664358318,0.5581756234169006,0.0,19.444444444444443,376,370,4.71979284286499,RoadOption.STRAIGHT,6.619473934173584,130.2786407470703,3.158064571248042,2.8,1.2,4.5,3.0,10.0,0.6,0.01,0.06,0.55,0.16,0.2,0.35,1.5,12,10.0,14.0,0.9,1.2,0.6,0.01,0.06,0.65,0.3,0.72,0.005,0.38,0.22,0.01,0.14,1.0,0.28
pid,ground_truth,curvy,400.0,0.05,0.1,1.0,80.09918991476297,16.48150062561035,130.45274353027344,17.11526434131505,2.329180103129392,0.012659964222580908,-0.0014189322287947448,0.012659964222580908,0.0014189322287947448,-0.0008550747879780829,0.00029618648113682866,0.5581128001213074,0.0,19.444444444444443,377,371,4.85355806350708,RoadOption.STRAIGHT,5.609095096588135,130.26300048828125,3.1560645372693927,2.8,1.2,4.5,3.0,10.0,0.6,0.01,0.06,0.55,0.16,0.2,0.35,1.5,12,10.0,14.0,0.9,1.2,0.6,0.01,0.06,0.65,0.3,0.72,0.005,0.38,0.22,0.01,0.14,1.0,0.28
pid,ground_truth,curvy,400.0,0.05,0.1,1.0,80.14918991550803,15.625812530517578,130.43856811523438,17.11671444628199,2.3277299981624537,0.020086673125183502,-0.003514573690577727,0.020086673125183502,0.003514573690577727,0.0017773653380572796,0.0026324401260353625,0.5580403208732605,0.0,19.444444444444443,377,372,4.987246990203857,RoadOption.STRAIGHT,5.609095096588135,130.26300048828125,3.1560645372693927,2.8,1.2,4.5,3.0,10.0,0.6,0.01,0.06,0.55,0.16,0.2,0.35,1.5,12,10.0,14.0,0.9,1.2,0.6,0.01,0.06,0.65,0.3,0.72,0.005,0.38,0.22,0.01,0.14,1.0,0.28
pid,ground_truth,curvy,400.0,0.05,0.1,1.0,80.19918991625309,14.77005672454834,130.42416381835938,17.11807391342979,2.3263705310146534,0.017047423875357667,-0.0034647725781935534,0.017047423875357667,0.0034647725781935534,-0.002791694598272443,-0.004569059936329722,0.5579950213432312,0.0,19.444444444444443,378,372,4.1313700675964355,RoadOption.STRAIGHT,4.598687171936035,130.24937438964844,3.1540645032907433,2.8,1.2,4.5,3.0,10.0,0.6,0.01,0.06,0.55,0.16,0.2,0.35,1.5,12,10.0,14.0,0.9,1.2,0.6,0.01,0.06,0.65,0.3,0.72,0.005,0.38,0.22,0.01,0.14,1.0,0.28
pid,ground_truth,curvy,400.0,0.05,0.1,1.0,80.24918991699815,13.914234161376953,130.40989685058594,17.11934893384514,2.3250955105993043,0.0144545014439776,-0.0037515950275945897,0.0144545014439776,0.0037515950275945897,-0.0031341135036200285,-0.0003424189053475857,0.5579509735107422,0.0,19.444444444444443,379,373,4.274523735046387,RoadOption.STRAIGHT,3.5882537364959717,130.23777770996094,3.152064469312094,2.8,1.2,4.5,3.0,10.0,0.6,0.01,0.06,0.55,0.16,0.2,0.35,1.5,12,10.0,14.0,0.9,1.2,0.6,0.01,0.06,0.65,0.3,0.72,0.005,0.38,0.22,0.01,0.14,1.0,0.28
pid,ground_truth,curvy,400.0,0.05,0.1,1.0,80.2991899177432,13.058341979980469,130.39598083496094,17.120569093757407,2.323875350687036,0.010427714108897784,-0.004103398607593789,0.010427714108897784,0.004103398607593789,-0.0019929958507418633,0.0011411176528781652,0.55783611536026,0.0,19.444444444444443,380,374,4.418939113616943,RoadOption.STRAIGHT,2.577799081802368,130.22821044921875,3.150064701649553,2.8,1.2,4.5,3.0,10.0,0.6,0.01,0.06,0.55,0.16,0.2,0.35,1.5,12,10.0,14.0,0.9,1.2,0.6,0.01,0.06,0.65,0.3,0.72,0.005,0.38,0.22,0.01,0.14,1.0,0.28
pid,ground_truth,curvy,400.0,0.05,0.1,1.0,80.34918991848826,12.202388763427734,130.38238525390625,17.121745074901337,2.3226993695431055,-0.0016311800047811853,-0.0026373284275056363,0.0016311800047811853,0.0026373284275056363,-0.0024790028110146523,-0.000486006960272789,0.5577011108398438,0.0,19.444444444444443,381,375,4.573380470275879,RoadOption.STRAIGHT,1.567327618598938,130.2206573486328,3.1480646676709036,2.8,1.2,4.5,3.0,10.0,0.6,0.01,0.06,0.55,0.16,0.2,0.35,1.5,12,10.0,14.0,0.9,1.2,0.6,0.01,0.06,0.65,0.3,0.72,0.005,0.38,0.22,0.01,0.14,1.0,0.28
pid,ground_truth,curvy,400.0,0.05,0.1,1.0,80.39918991923332,11.346372604370117,130.36911010742188,17.1228361718499,2.321608272594542,-0.012599522580469716,-0.0012167983020567874,0.012599522580469716,0.0012167983020567874,-0.002813965082168579,-0.00033496227115392685,0.5576987266540527,0.0,19.444444444444443,382,376,4.72776460647583,RoadOption.STRAIGHT,0.5656337141990662,130.2144775390625,3.14773816412126,2.8,1.2,4.5,3.0,10.0,0.6,0.01,0.06,0.55,0.16,0.2,0.35,1.5,12,10.0,14.0,0.9,1.2,0.6,0.01,0.06,0.65,0.3,0.72,0.005,0.38,0.22,0.01,0.14,1.0,0.28
pid,ground_truth,curvy,400.0,0.05,0.1,1.0,80.44918991997838,10.490297317504883,130.35629272460938,17.12385238958709,2.3205920548573538,-0.022644742125514525,0.0001304948934137684,0.022644742125514525,0.0001304948934137684,-0.001886572688817978,0.0009273923933506012,0.5576848387718201,0.0,19.444444444444443,383,377,4.882093906402588,RoadOption.STRAIGHT,-0.4343474507331848,130.20834350585938,-3.1354468767422174,2.8,1.2,4.5,3.0,10.0,0.6,0.01,0.06,0.55,0.16,0.2,0.35,1.5,12,10.0,14.0,0.9,1.2,0.6,0.01,0.06,0.65,0.3,0.72,0.005,0.38,0.22,0.01,0.14,1.0,0.28
pid,ground_truth,curvy,400.0,0.05,0.1,1.0,80.49918992072344,9.63416576385498,130.34390258789062,17.124827571171398,2.319616873273045,-0.031720742467448965,0.0014956312681881911,0.031720742467448965,0.0014956312681881911,0.0038610512856394053,0.005747623974457383,0.5575851798057556,0.0,19.444444444444443,383,378,5.036365985870361,RoadOption.STRAIGHT,-0.4343474507331848,130.20834350585938,-3.1354468767422174,2.8,1.2,4.5,3.0,10.0,0.6,0.01,0.06,0.55,0.16,0.2,0.35,1.5,12,10.0,14.0,0.9,1.2,0.6,0.01,0.06,0.65,0.3,0.72,0.005,0.38,0.22,0.01,0.14,1.0,0.28
pid,ground_truth,curvy,400.0,0.05,0.1,1.0,80.5491899214685,8.77798843383789,130.33143615722656,17.12571416944724,2.318730274997204,-0.029933119503614915,0.0013635384781203186,0.029933119503614915,0.0013635384781203186,-0.005975584965199232,-0.009836636250838637,0.5576381683349609,0.0,19.444444444444443,384,378,4.180107116699219,RoadOption.STRAIGHT,-1.434328556060791,130.20217895507812,-3.1354468767422174,2.8,1.2,4.5,3.0,10.0,0.6,0.01,0.06,0.55,0.16,0.2,0.35,1.5,12,10.0,14.0,0.9,1.2,0.6,0.01,0.06,0.65,0.3,0.72,0.005,0.38,0.22,0.01,0.14,1.0,0.28
pid,ground_truth,curvy,400.0,0.05,0.1,1.0,80.59918992221355,7.921763896942139,130.3195343017578,17.126474193141785,2.3179702513026577,-0.03637321871429571,0.002988066743068174,0.03637321871429571,0.002988066743068174,-0.0038207208272069693,0.002154864137992263,0.5578253865242004,0.0,19.444444444444443,385,379,4.334281921386719,RoadOption.STRAIGHT,-2.434309959411621,130.196044921875,-3.1354468767422174,2.8,1.2,4.5,3.0,10.0,0.6,0.01,0.06,0.55,0.16,0.2,0.35,1.5,12,10.0,14.0,0.9,1.2,0.6,0.01,0.06,0.65,0.3,0.72,0.005,0.38,0.22,0.01,0.14,1.0,0.28
pid,ground_truth,curvy,400.0,0.05,0.1,1.0,80.64918992295861,7.065486907958984,130.30838012695312,17.127335504622305,2.3171089398221376,-0.04214734851318812,0.004221909276102664,0.04214734851318812,0.004221909276102664,-4.724697646452114e-05,0.003773473850742448,0.5573523044586182,0.0,19.444444444444443,386,380,4.488404273986816,RoadOption.STRAIGHT,-3.434290885925293,130.18988037109375,-3.1354468767422174,2.8,1.2,4.5,3.0,10.0,0.6,0.01,0.06,0.55,0.16,0.2,0.35,1.5,12,10.0,14.0,0.9,1.2,0.6,0.01,0.06,0.65,0.3,0.72,0.005,0.38,0.22,0.01,0.14,1.0,0.28
pid,ground_truth,curvy,400.0,0.05,0.1,1.0,80.69918992370367,6.209163188934326,130.2975311279297,17.128191616206745,2.3162528282376975,-0.046830353852161555,0.005626194118901751,0.046830353852161555,0.005626194118901751,-0.0010118191130459309,-0.0009645721365814097,0.5571784973144531,0.0,19.444444444444443,387,381,4.642472743988037,RoadOption.STRAIGHT,-4.434271812438965,130.18374633789062,-3.1354468767422174,2.8,1.2,4.5,3.0,10.0,0.6,0.01,0.06,0.55,0.16,0.2,0.35,1.5,12,10.0,14.0,0.9,1.2,0.6,0.01,0.06,0.65,0.3,0.72,0.005,0.38,0.22,0.01,0.14,1.0,0.28
pid,ground_truth,curvy,400.0,0.05,0.1,1.0,80.74918992444873,5.3527960777282715,130.28695678710938,17.128945266649538,2.315499177794905,-0.04305850784005057,0.005537777170710356,0.04305850784005057,0.005537777170710356,-0.0021733553148806095,-0.0011615362018346786,0.5572996139526367,0.0,19.444444444444443,388,382,4.787711143493652,RoadOption.STRAIGHT,-5.434253215789795,130.1776123046875,-3.1354468767422174,2.8,1.2,4.5,3.0,10.0,0.6,0.01,0.06,0.55,0.16,0.2,0.35,1.5,12,10.0,14.0,0.9,1.2,0.6,0.01,0.06,0.65,0.3,0.72,0.005,0.38,0.22,0.01,0.14,1.0,0.28
pid,ground_truth,curvy,400.0,0.05,0.1,1.0,80.79918992519379,4.496387958526611,130.27684020996094,17.129612137377222,2.3148323070672205,-0.038192401767174755,0.005091165055904678,0.038192401767174755,0.005091165055904678,-0.001518955803476274,0.0006543995114043355,0.557395875453949,0.0,19.444444444444443,389,383,4.931211471557617,RoadOption.STRAIGHT,-6.434234142303467,130.17144775390625,-3.1354468767422174,2.8,1.2,4.5,3.0,10.0,0.6,0.01,0.06,0.55,0.16,0.2,0.35,1.5,12,10.0,14.0,0.9,1.2,0.6,0.01,0.06,0.65,0.3,0.72,0.005,0.38,0.22,0.01,0.14,1.0,0.28
pid,ground_truth,curvy,400.0,0.05,0.1,1.0,80.84918992593884,3.6399431228637695,130.26715087890625,17.13025923151023,2.3141852129342126,-0.033785551730276975,0.004628573974557959,0.033785551730276975,0.004628573974557959,0.0015162854688242078,0.003035241272300482,0.5573089122772217,0.0,19.444444444444443,389,384,5.074687957763672,RoadOption.STRAIGHT,-6.434234142303467,130.17144775390625,-3.1354468767422174,2.8,1.2,4.5,3.0,10.0,0.6,0.01,0.06,0.55,0.16,0.2,0.35,1.5,12,10.0,14.0,0.9,1.2,0.6,0.01,0.06,0.65,0.3,0.72,0.005,0.38,0.22,0.01,0.14,1.0,0.28
pid,ground_truth,curvy,400.0,0.05,0.1,1.0,80.8991899266839,2.7834651470184326,130.257568359375,17.13088562009684,2.313558824347602,-0.02946690254591985,0.004424842151166786,0.02946690254591985,0.004424842151166786,-0.003144782269373536,-0.004661067738197744,0.5572290420532227,0.0,19.444444444444443,390,384,4.218157768249512,RoadOption.STRAIGHT,-7.434215068817139,130.16531372070312,-3.1354468767422174,2.8,1.2,4.5,3.0,10.0,0.6,0.01,0.06,0.55,0.16,0.2,0.35,1.5,12,10.0,14.0,0.9,1.2,0.6,0.01,0.06,0.65,0.3,0.72,0.005,0.38,0.22,0.01,0.14,1.0,0.28
pid,ground_truth,curvy,400.0,0.05,0.1,1.0,80.94918992742896,1.9269534349441528,130.24838256835938,17.13144529525059,2.3129991491938533,-0.02553347521016401,0.004128964954059011,0.02553347521016401,0.004128964954059011,-0.0021179283503443003,0.0010268539190292358,0.5572926998138428,0.0,19.444444444444443,391,385,4.36157751083374,RoadOption.STRAIGHT,-8.434196472167969,130.15914916992188,-3.1354468767422174,2.8,1.2,4.5,3.0,10.0,0.6,0.01,0.06,0.55,0.16,0.2,0.35,1.5,12,10.0,14.0,0.9,1.2,0.6,0.01,0.06,0.65,0.3,0.72,0.005,0.38,0.22,0.01,0.14,1.0,0.28
pid,ground_truth,curvy,400.0,0.05,0.1,1.0,80.99918992817402,1.0704084634780884,130.2396697998047,17.132006763417518,2.3124376810269247,-0.022103785738032254,0.0036610475505320927,0.022103785738032254,0.0036610475505320927,-0.0003275788330938667,0.0017903495172504336,0.557164192199707,0.0,19.444444444444443,392,386,4.504974842071533,RoadOption.STRAIGHT,-9.43417739868164,130.15301513671875,-3.1354468767422174,2.8,1.2,4.5,3.0,10.0,0.6,0.01,0.06,0.55,0.16,0.2,0.35,1.5,12,10.0,14.0,0.9,1.2,0.6,0.01,0.06,0.65,0.3,0.72,0.005,0.38,0.22,0.01,0.14,1.0,0.28
pid,ground_truth,curvy,400.0,0.05,0.1,1.0,81.04918992891908,0.2138333022594452,130.231201171875,17.132556161211234,2.311888283233209,-0.018887900816770192,0.00328341130795895,0.018887900816770192,0.00328341130795895,-0.0007315968978218734,-0.0004040180647280067,0.5570771098136902,0.0,19.444444444444443,393,387,4.648347854614258,RoadOption.STRAIGHT,-10.434158325195312,130.14688110351562,-3.1354468767422174,2.8,1.2,4.5,3.0,10.0,0.6,0.01,0.06,0.55,0.16,0.2,0.35,1.5,12,10.0,14.0,0.9,1.2,0.6,0.01,0.06,0.65,0.3,0.72,0.005,0.38,0.22,0.01,0.14,1.0,0.28
pid,ground_truth,curvy,400.0,0.05,0.1,1.0,81.09918992966413,-0.6427700519561768,130.22296142578125,17.133056325697275,2.3113881187471677,-0.01590106374522122,0.0030011162324106166,0.01590106374522122,0.0030011162324106166,-0.0012177970493212342,-0.0004862001514993608,0.5571049451828003,0.0,19.444444444444443,394,388,4.791697978973389,RoadOption.STRAIGHT,-11.434139251708984,130.14071655273438,-3.1354468767422174,2.8,1.2,4.5,3.0,10.0,0.6,0.01,0.06,0.55,0.16,0.2,0.35,1.5,12,10.0,14.0,0.9,1.2,0.6,0.01,0.06,0.65,0.3,0.72,0.005,0.38,0.22,0.01,0.14,1.0,0.28
pid,ground_truth,curvy,400.0,0.05,0.1,1.0,81.1491899304092,-1.499400019645691,130.2150115966797,17.13351631210101,2.3109281323434345,-0.0132348216824635,0.002715625363554075,0.0132348216824635,0.002715625363554075,-0.0009405871387571096,0.0002772099105641246,0.5571162104606628,0.0,19.444444444444443,395,389,4.9350266456604,RoadOption.STRAIGHT,-12.434121131896973,130.13458251953125,-3.1354468767422174,2.8,1.2,4.5,3.0,10.0,0.6,0.01,0.06,0.55,0.16,0.2,0.35,1.5,12,10.0,14.0,0.9,1.2,0.6,0.01,0.06,0.65,0.3,0.72,0.005,0.38,0.22,0.01,0.14,1.0,0.28
pid,ground_truth,curvy,400.0,0.05,0.1,1.0,81.19918993115425,-2.3560545444488525,130.2073516845703,17.13395698775627,2.310487456688172,-0.010828125056541859,0.0024296018624792026,0.010828125056541859,0.0024296018624792026,0.0001703635061858222,0.0011109506449429318,0.5570733547210693,0.0,19.444444444444443,395,390,5.078334808349609,RoadOption.STRAIGHT,-12.434121131896973,130.13458251953125,-3.1354468767422174,2.8,1.2,4.5,3.0,10.0,0.6,0.01,0.06,0.55,0.16,0.2,0.35,1.5,12,10.0,14.0,0.9,1.2,0.6,0.01,0.06,0.65,0.3,0.72,0.005,0.38,0.22,0.01,0.14,1.0,0.28
pid,ground_truth,curvy,400.0,0.05,0.1,1.0,81.24918993189931,-3.2127320766448975,130.1998291015625,17.134381676681677,2.3100627677627656,-0.008570599914332701,0.0022431805861740095,0.008570599914332701,0.0022431805861740095,-0.0014004739932715893,-0.0015708374994574115,0.5570246577262878,0.0,19.444444444444443,396,390,4.221624851226807,RoadOption.STRAIGHT,-13.434102058410645,130.12844848632812,-3.1354468767422174,2.8,1.2,4.5,3.0,10.0,0.6,0.01,0.06,0.55,0.16,0.2,0.35,1.5,12,10.0,14.0,0.9,1.2,0.6,0.01,0.06,0.65,0.3,0.72,0.005,0.38,0.22,0.01,0.14,1.0,0.28
pid,ground_truth,curvy,400.0,0.05,0.1,1.0,81.29918993264437,-4.069431781768799,130.1925506591797,17.13477242953515,2.3096720149092924,-0.006576157548529665,0.0020351877050388545,0.006576157548529665,0.0020351877050388545,-0.0009832315845414996,0.00041724240873008966,0.5570337176322937,0.0,19.444444444444443,397,391,4.364892959594727,RoadOption.STRAIGHT,-14.434082984924316,130.12228393554688,-3.1354468767422174,2.8,1.2,4.5,3.0,10.0,0.6,0.01,0.06,0.55,0.16,0.2,0.35,1.5,12,10.0,14.0,0.9,1.2,0.6,0.01,0.06,0.65,0.3,0.72,0.005,0.38,0.22,0.01,0.14,1.0,0.28
pid,ground_truth,curvy,400.0,0.05,0.1,1.0,81.34918993338943,-4.926153182983398,130.18553161621094,17.135147635923275,2.309296808521168,-0.00481072896518751,0.0017813884531543422,0.00481072896518751,0.0017813884531543422,-0.0003699804365169257,0.0006132511480245739,0.5569947361946106,0.0,19.444444444444443,398,392,4.508141994476318,RoadOption.STRAIGHT,-15.434063911437988,130.11614990234375,-3.1354468767422174,2.8,1.2,4.5,3.0,10.0,0.6,0.01,0.06,0.55,0.16,0.2,0.35,1.5,12,10.0,14.0,0.9,1.2,0.6,0.01,0.06,0.65,0.3,0.72,0.005,0.38,0.22,0.01,0.14,1.0,0.28
pid,ground_truth,curvy,400.0,0.05,0.1,1.0,81.39918993413448,-5.782893657684326,130.17868041992188,17.13550500734005,2.3089394371043923,-0.0032132611123629543,0.0015683355659477094,0.0032132611123629543,0.0015683355659477094,-0.0004608935269061476,-9.09130903892219e-05,0.5569660067558289,0.0,19.444444444444443,399,393,4.651373863220215,RoadOption.STRAIGHT,-16.434045791625977,130.1099853515625,-3.1354468767422174,2.8,1.2,4.5,3.0,10.0,0.6,0.01,0.06,0.55,0.16,0.2,0.35,1.5,12,10.0,14.0,0.9,1.2,0.6,0.01,0.06,0.65,0.3,0.72,0.005,0.38,0.22,0.01,0.14,1.0,0.28
pid,ground_truth,curvy,400.0,0.05,0.1,1.0,81.44918993487954,-6.639653205871582,130.17196655273438,17.135838569675403,2.3086058747690394,-0.001783753990055991,0.0013976269400735042,0.001783753990055991,0.0013976269400735042,-0.0006526836659759283,-0.0001917901390697807,0.556959331035614,0.0,19.444444444444443,400,394,4.794588088989258,RoadOption.STRAIGHT,-17.43402671813965,130.10385131835938,-3.1354468767422174,2.8,1.2,4.5,3.0,10.0,0.6,0.01,0.06,0.55,0.16,0.2,0.35,1.5,12,10.0,14.0,0.9,1.2,0.6,0.01,0.06,0.65,0.3,0.72,0.005,0.38,0.22,0.01,0.14,1.0,0.28
pid,ground_truth,curvy,400.0,0.05,0.1,1.0,81.4991899356246,-7.496429920196533,130.16543579101562,17.13615477639391,2.3082896680505343,-0.0005069315142719154,0.0012303804236166727,0.0005069315142719154,0.0012303804236166727,-0.0004880288033746183,0.00016465486260131001,0.5569383502006531,0.0,19.444444444444443,401,395,4.937788009643555,RoadOption.STRAIGHT,-18.43400764465332,130.09771728515625,-3.1354468767422174,2.8,1.2,4.5,3.0,10.0,0.6,0.01,0.06,0.55,0.16,0.2,0.35,1.5,12,10.0,14.0,0.9,1.2,0.6,0.01,0.06,0.65,0.3,0.72,0.005,0.38,0.22,0.01,0.14,1.0,0.28
pid,ground_truth,curvy,400.0,0.05,0.1,1.0,81.54918993636966,-8.353222846984863,130.15904235839844,17.136452947782658,2.307991496661785,0.0006324589548534487,0.0010708570743211965,0.0006324589548534487,0.0010708570743211965,-0.000427871011197567,6.0157792177051306e-05,0.5569232702255249,0.0,19.444444444444443,401,396,5.080971717834473,RoadOption.STRAIGHT,-18.43400764465332,130.09771728515625,-3.1354468767422174,2.8,1.2,4.5,3.0,10.0,0.6,0.01,0.06,0.55,0.16,0.2,0.35,1.5,12,10.0,14.0,0.9,1.2,0.6,0.01,0.06,0.65,0.3,0.72,0.005,0.38,0.22,0.01,0.14,1.0,0.28
pid,ground_truth,curvy,400.0,0.05,0.1,1.0,81.59918993711472,-9.210030555725098,130.15281677246094,17.136736187783505,2.3077082566609377,0.001592211489879227,0.0009262474271296561,0.001592211489879227,0.0009262474271296561,-0.00037554281880147755,5.2328192396089435e-05,0.5569027662277222,0.0,19.444444444444443,402,396,4.224142074584961,RoadOption.STRAIGHT,-19.433988571166992,130.091552734375,-3.1354468767422174,2.8,1.2,4.5,3.0,10.0,0.6,0.01,0.06,0.55,0.16,0.2,0.35,1.5,12,10.0,14.0,0.9,1.2,0.6,0.01,0.06,0.65,0.3,0.72,0.005,0.38,0.22,0.01,0.14,1.0,0.28
pid,ground_truth,curvy,400.0,0.05,0.1,1.0,81.64918993785977,-10.066854476928711,130.1466827392578,17.137004264280694,2.3074401801637485,0.0024414999584045916,0.0007978830625878786,0.0024414999584045916,0.0007978830625878786,-0.00039992175879888237,-2.4378939997404814e-05,0.5568861961364746,0.0,19.444444444444443,403,397,4.367297172546387,RoadOption.STRAIGHT,-20.433969497680664,130.08541870117188,-3.1354468767422174,2.8,1.2,4.5,3.0,10.0,0.6,0.01,0.06,0.55,0.16,0.2,0.35,1.5,12,10.0,14.0,0.9,1.2,0.6,0.01,0.06,0.65,0.3,0.72,0.005,0.38,0.22,0.01,0.14,1.0,0.28
pid,ground_truth,curvy,400.0,0.05,0.1,1.0,81.69918993860483,-10.923690795898438,130.14068603515625,17.137255277993287,1.8571891664511568,0.003183902727228037,0.0006783071296432297,0.003183902727228037,0.0006783071296432297,-0.0003147506795357913,8.517107926309109e-05,0.0,0.2800000011920929,18.994444444444444,404,398,4.510440349578857,RoadOption.STRAIGHT,-21.433950424194336,130.07928466796875,-3.1354468767422174,2.8,1.2,4.5,3.0,10.0,0.6,0.01,0.06,0.55,0.16,0.2,0.35,1.5,12,10.0,14.0,0.9,1.2,0.6,0.01,0.06,0.65,0.3,0.72,0.005,0.38,0.22,0.01,0.14,1.0,0.28
pid,ground_truth,curvy,400.0,0.05,0.1,1.0,81.74918993934989,-11.7798433303833,130.13478088378906,17.101436875487824,1.4430075689566202,0.003808445710311123,0.0005696501571681445,0.003808445710311123,0.0005696501571681445,-0.0002591104421298951,5.564023740589619e-05,0.0,0.2800000011920929,18.544444444444444,405,399,4.654268741607666,RoadOption.STRAIGHT,-22.433931350708008,130.0731201171875,-3.1354468767422174,2.8,1.2,4.5,3.0,10.0,0.6,0.01,0.06,0.55,0.16,0.2,0.35,1.5,12,10.0,14.0,0.9,1.2,0.6,0.01,0.06,0.65,0.3,0.72,0.005,0.38,0.22,0.01,0.14,1.0,0.28
pid,ground_truth,curvy,400.0,0.05,0.1,1.0,81.79918994009495,-12.63094711303711,130.12901306152344,16.95870746673322,1.1357369777112254,0.00435720163286938,0.00047484162236122174,0.00435720163286938,0.00047484162236122174,-0.00026296358555555344,-3.853143425658345e-06,0.0,0.2800000011920929,18.094444444444445,406,400,4.803145885467529,RoadOption.STRAIGHT,-23.43391227722168,130.06698608398438,-3.1354468767422174,2.8,1.2,4.5,3.0,10.0,0.6,0.01,0.06,0.55,0.16,0.2,0.35,1.5,12,10.0,14.0,0.9,1.2,0.6,0.01,0.06,0.65,0.3,0.72,0.005,0.38,0.22,0.01,0.14,1.0,0.28
pid,ground_truth,curvy,400.0,0.05,0.1,1.0,81.84918994084,-13.472495079040527,130.12338256835938,16.740682451835998,0.9037619926084481,0.00482735859438891,0.00039041941580553186,0.00482735859438891,0.00039041941580553186,-0.0002183732867706567,4.459029878489673e-05,0.0,0.2800000011920929,17.644444444444446,407,401,4.961579322814941,RoadOption.STRAIGHT,-24.433895111083984,130.06082153320312,-3.1354468767422174,2.8,1.2,4.5,3.0,10.0,0.6,0.01,0.06,0.55,0.16,0.2,0.35,1.5,12,10.0,14.0,0.9,1.2,0.6,0.01,0.06,0.65,0.3,0.72,0.005,0.38,0.22,0.01,0.14,1.0,0.28
pid,ground_truth,curvy,400.0,0.05,0.1,1.0,81.89918994158506,-14.301606178283691,130.11790466308594,16.47475890724661,0.7196855371978366,0.005190847271778619,0.0003145193247386935,0.005190847271778619,0.0003145193247386935,-0.0005809037247672677,-0.000362530437996611,0.0,0.2800000011920929,17.194444444444446,407,402,5.132450580596924,RoadOption.STRAIGHT,-24.433895111083984,130.06082153320312,-3.1354468767422174,2.8,1.2,4.5,3.0,10.0,0.6,0.01,0.06,0.55,0.16,0.2,0.35,1.5,12,10.0,14.0,0.9,1.2,0.6,0.01,0.06,0.65,0.3,0.72,0.005,0.38,0.22,0.01,0.14,1.0,0.28
pid,ground_truth,curvy,400.0,0.05,0.1,1.0,81.94918994233012,-15.116461753845215,130.1126251220703,16.17872406848142,0.5657203759630285,0.005462399576947073,0.00021944447382260535,0.005462399576947073,0.00021944447382260535,4.192679261905141e-05,0.0006228305173863191,0.0,0.25664398074150085,16.744444444444447,408,402,4.3175787925720215,RoadOption.STRAIGHT,-25.433876037597656,130.0546875,-3.1354468767422174,2.8,1.2,4.5,3.0,10.0,0.6,0.01,0.06,0.55,0.16,0.2,0.35,1.5,12,10.0,14.0,0.9,1.2,0.6,0.01,0.06,0.65,0.3,0.72,0.005,0.38,0.22,0.01,0.14,1.0,0.28
pid,ground_truth,curvy,400.0,0.05,0.1,1.0,81.99918994307518,-15.91599178314209,130.10748291015625,15.866559105456842,0.42788533898760583,0.005702515746765408,0.0001459412277364791,0.005702515746765408,0.0001459412277364791,-3.698887303471565e-05,-7.891566565376706e-05,0.0,0.2418033331632614,16.294444444444448,409,403,4.518032073974609,RoadOption.STRAIGHT,-26.433856964111328,130.04855346679688,-3.1354468767422174,2.8,1.2,4.5,3.0,10.0,0.6,0.01,0.06,0.55,0.16,0.2,0.35,1.5,12,10.0,14.0,0.9,1.2,0.6,0.01,0.06,0.65,0.3,0.72,0.005,0.38,0.22,0.01,0.14,1.0,0.28
pid,ground_truth,curvy,400.0,0.05,0.1,1.0,82.04918994382024,-16.69965362548828,130.10250854492188,15.54602889522423,0.29841554922021807,0.005872310128782157,0.0001027980180769994,0.005872310128782157,0.0001027980180769994,-0.0001561343960929662,-0.00011914552305825055,0.0,0.24686399102210999,15.844444444444449,410,404,4.734354019165039,RoadOption.STRAIGHT,-27.433837890625,130.04238891601562,-3.1354468767422174,2.8,1.2,4.5,3.0,10.0,0.6,0.01,0.06,0.55,0.16,0.2,0.35,1.5,12,10.0,14.0,0.9,1.2,0.6,0.01,0.06,0.65,0.3,0.72,0.005,0.38,0.22,0.01,0.14,1.0,0.28
pid,ground_truth,curvy,400.0,0.05,0.1,1.0,82.0991899445653,-17.467140197753906,130.09765625,15.220503112803572,0.17394133164087755,0.005988928476403553,6.49811305981629e-05,0.005988928476403553,6.49811305981629e-05,-0.00016863328346516937,-1.2498887372203171e-05,0.0,0.2602607309818268,15.39444444444445,411,405,4.966852188110352,RoadOption.STRAIGHT,-28.433818817138672,130.0362548828125,-3.1354468767422174,2.8,1.2,4.5,3.0,10.0,0.6,0.01,0.06,0.55,0.16,0.2,0.35,1.5,12,10.0,14.0,0.9,1.2,0.6,0.01,0.06,0.65,0.3,0.72,0.005,0.38,0.22,0.01,0.14,1.0,0.28
pid,ground_truth,curvy,400.0,0.05,0.1,1.0,82.14918994531035,-18.218273162841797,130.0929718017578,14.892257385411297,0.05218705903315346,0.006068725303629709,2.636529479183025e-05,0.006068725303629709,2.636529479183025e-05,-0.0005111832870170474,-0.00034255000355187804,0.0,0.2794308066368103,14.94444444444445,411,406,5.215704441070557,RoadOption.STRAIGHT,-28.433818817138672,130.0362548828125,-3.1354468767422174,2.8,1.2,4.5,3.0,10.0,0.6,0.01,0.06,0.55,0.16,0.2,0.35,1.5,12,10.0,14.0,0.9,1.2,0.6,0.01,0.06,0.65,0.3,0.72,0.005,0.38,0.22,0.01,0.14,1.0,0.28
pid,ground_truth,curvy,400.0,0.05,0.1,1.0,82.19918994605541,-18.952957153320312,130.08843994140625,14.562807995253953,-0.06836355080950263,0.006085324634598745,-3.7284255260949806e-05,0.006085324634598745,3.7284255260949806e-05,0.00019464414799585938,0.0007058274350129068,0.0,0.2800000011920929,14.49444444444445,412,406,4.481007099151611,RoadOption.STRAIGHT,-29.43410873413086,130.0301055908203,-3.1354468767422174,2.8,1.2,4.5,3.0,10.0,0.6,0.01,0.06,0.55,0.16,0.2,0.35,1.5,12,10.0,14.0,0.9,1.2,0.6,0.01,0.06,0.65,0.3,0.72,0.005,0.38,0.22,0.01,0.14,1.0,0.28
pid,ground_truth,curvy,400.0,0.05,0.1,1.0,82.24918994680047,-19.671226501464844,130.08404541015625,14.235328501127684,-0.19088405668323283,0.006046675849761894,-7.80306199392733e-05,0.006046675849761894,7.80306199392733e-05,0.0021520229056477547,0.0019573787576518953,0.0,0.2800000011920929,14.044444444444451,413,407,4.762725830078125,RoadOption.STRAIGHT,-30.40340805053711,130.02146911621094,-3.117932597833311,2.8,1.2,4.5,3.0,10.0,0.6,0.01,0.06,0.55,0.16,0.2,0.35,1.5,12,10.0,14.0,0.9,1.2,0.6,0.01,0.06,0.65,0.3,0.72,0.005,0.38,0.22,0.01,0.14,1.0,0.28
pid,ground_truth,curvy,400.0,0.05,0.1,1.0,82.29918994754553,-20.373228073120117,130.07958984375,13.911379743481556,-0.3169352990371035,0.0061995438429791536,6.391586616194544e-05,0.0061995438429791536,6.391586616194544e-05,-0.0016550422878935933,-0.003807065193541348,0.0,0.2800000011920929,13.594444444444452,413,408,5.060709476470947,RoadOption.STRAIGHT,-30.40340805053711,130.02146911621094,-3.117932597833311,2.8,1.2,4.5,3.0,10.0,0.6,0.01,0.06,0.55,0.16,0.2,0.35,1.5,12,10.0,14.0,0.9,1.2,0.6,0.01,0.06,0.65,0.3,0.72,0.005,0.38,0.22,0.01,0.14,1.0,0.28
pid,ground_truth,curvy,400.0,0.05,0.1,1.0,82.34918994829059,-21.05916976928711,130.07530212402344,13.591763205173645,-0.44731876072919263,0.006271564537726208,9.93359086600698e-05,0.006271564537726208,9.93359086600698e-05,0.03147384896874428,0.03312889125663787,0.0,0.2800000011920929,13.144444444444453,414,408,4.374755859375,RoadOption.STRAIGHT,-31.311279296875,129.97637939453125,-3.0659847112941168,2.8,1.2,4.5,3.0,10.0,0.6,0.01,0.06,0.55,0.16,0.2,0.35,1.5,12,10.0,14.0,0.9,1.2,0.6,0.01,0.06,0.65,0.3,0.72,0.005,0.38,0.22,0.01,0.14,1.0,0.28
pid,ground_truth,curvy,400.0,0.05,0.1,1.0,82.39918994903564,-21.729198455810547,130.06874084472656,13.275254547109942,-0.38267901731967413,0.00872660263492308,0.002268214300420457,0.00872660263492308,0.002268214300420457,0.050530772656202316,0.01905692368745804,0.1460988074541092,0.0,12.892575529790268,415,409,4.704702377319336,RoadOption.STRAIGHT,-32.215579986572266,129.8842010498047,-3.014037091071031,2.8,1.2,4.5,3.0,10.0,0.6,0.01,0.06,0.55,0.16,0.2,0.35,1.5,12,10.0,14.0,0.9,1.2,0.6,0.01,0.06,0.65,0.3,0.72,0.005,0.38,0.22,0.01,0.14,1.0,0.28
pid,ground_truth,curvy,400.0,0.05,0.1,1.0,82.4491899497807,-22.38410758972168,130.05751037597656,12.993755083112587,-0.10076632532478236,0.01591314581619065,0.00805286650418191,0.01591314581619065,0.00805286650418191,0.054193612188100815,0.0036628395318984985,0.8164334893226624,0.0,12.892988757787805,416,410,5.049753665924072,RoadOption.STRAIGHT,-33.11387634277344,129.7451934814453,-2.9620892045318366,2.8,1.2,4.5,3.0,10.0,0.6,0.01,0.06,0.55,0.16,0.2,0.35,1.5,12,10.0,14.0,0.9,1.2,0.6,0.01,0.06,0.65,0.3,0.72,0.005,0.38,0.22,0.01,0.14,1.0,0.28
mpc,ground_truth,curvy,400.0,0.05,0.1,1.0,82.49918995052576,-9.875875473022461,-57.55167007446289,0.4899999797344208,18.954444464710022,0.04549653862999907,1.0194913535599426e-07,0.04549653862999907,1.0194913535599426e-07,-0.012402249500155449,-0.012402249500155449,1.0,0.0,19.444444444444443,11,0,0.5870656371116638,RoadOption.STRAIGHT,1.095213770866394,-57.46044921875,0.015969112844442135,2.8,1.2,4.5,3.0,10.0,0.6,0.01,0.06,0.55,0.16,0.2,0.35,1.5,12,10.0,14.0,0.9,1.2,0.6,0.01,0.06,0.65,0.3,0.72,0.005,0.38,0.22,0.01,0.14,1.0,0.28
mpc,ground_truth,curvy,400.0,0.05,0.1,1.0,82.54918995127082,-9.875875473022461,-57.55167007446289,0.9800000786781311,18.46444436576631,0.050639856295309094,-0.000891353775065884,0.050639856295309094,0.000891353775065884,-0.014680956490337849,-0.0022787069901823997,1.0,0.0,19.444444444444443,11,6,6.02096700668335,RoadOption.STRAIGHT,1.095213770866394,-57.46044921875,0.015969112844442135,2.8,1.2,4.5,3.0,10.0,0.6,0.01,0.06,0.55,0.16,0.2,0.35,1.5,12,10.0,14.0,0.9,1.2,0.6,0.01,0.06,0.65,0.3,0.72,0.005,0.38,0.22,0.01,0.14,1.0,0.28
mpc,ground_truth,curvy,400.0,0.05,0.1,1.0,82.59918995201588,-9.875875473022461,-57.55167007446289,1.470000147819519,17.974444296624924,0.050639856295309094,-0.000891353775065884,0.050639856295309094,0.000891353775065884,-0.015621346421539783,-0.0009403899312019348,1.0,0.0,19.444444444444443,11,6,6.015523433685303,RoadOption.STRAIGHT,1.095213770866394,-57.46044921875,0.015969112844442135,2.8,1.2,4.5,3.0,10.0,0.6,0.01,0.06,0.55,0.16,0.2,0.35,1.5,12,10.0,14.0,0.9,1.2,0.6,0.01,0.06,0.65,0.3,0.72,0.005,0.38,0.22,0.01,0.14,1.0,0.28
mpc,ground_truth,curvy,400.0,0.05,0.1,1.0,82.64918995276093,-9.875875473022461,-57.55167007446289,1.9600002765655518,17.48444416787889,0.050639856295309094,-0.000891353775065884,0.050639856295309094,0.000891353775065884,-0.016009433194994926,-0.000388086773455143,1.0,0.0,19.444444444444443,11,6,6.009093761444092,RoadOption.STRAIGHT,1.095213770866394,-57.46044921875,0.015969112844442135,2.8,1.2,4.5,3.0,10.0,0.6,0.01,0.06,0.55,0.16,0.2,0.35,1.5,12,10.0,14.0,0.9,1.2,0.6,0.01,0.06,0.65,0.3,0.72,0.005,0.38,0.22,0.01,0.14,1.0,0.28
mpc,ground_truth,curvy,400.0,0.05,0.1,1.0,82.69918995350599,-9.875875473022461,-57.55167007446289,2.450000286102295,16.994444158342148,0.050639856295309094,-0.000891353775065884,0.050639856295309094,0.000891353775065884,-0.016169589012861252,-0.00016015581786632538,1.0,0.0,19.444444444444443,11,6,6.002754211425781,RoadOption.STRAIGHT,1.095213770866394,-57.46044921875,0.015969112844442135,2.8,1.2,4.5,3.0,10.0,0.6,0.01,0.06,0.55,0.16,0.2,0.35,1.5,12,10.0,14.0,0.9,1.2,0.6,0.01,0.06,0.65,0.3,0.72,0.005,0.38,0.22,0.01,0.14,1.0,0.28
mpc,ground_truth,curvy,400.0,0.05,0.1,1.0,82.74918995425105,-9.875875473022461,-57.55167007446289,2.93999981880188,16.504444625642563,0.050639856295309094,-0.000891353775065884,0.050639856295309094,0.000891353775065884,-0.016235684975981712,-6.609596312046051e-05,1.0,0.0,19.444444444444443,11,6,5.9978861808776855,RoadOption.STRAIGHT,1.095213770866394,-57.46044921875,0.015969112844442135,2.8,1.2,4.5,3.0,10.0,0.6,0.01,0.06,0.55,0.16,0.2,0.35,1.5,12,10.0,14.0,0.9,1.2,0.6,0.01,0.06,0.65,0.3,0.72,0.005,0.38,0.22,0.01,0.14,1.0,0.28
mpc,ground_truth,curvy,400.0,0.05,0.1,1.0,82.79918995499611,-9.875874519348145,-57.55167007446289,2.0671517849139636,17.37729265953048,0.05063984551286746,-0.000891353775065884,0.05063984551286746,0.000891353775065884,-0.016262957826256752,-2.7272850275039673e-05,1.0,0.0,19.444444444444443,11,6,5.996154308319092,RoadOption.STRAIGHT,1.095213770866394,-57.46044921875,0.015969112844442135,2.8,1.2,4.5,3.0,10.0,0.6,0.01,0.06,0.55,0.16,0.2,0.35,1.5,12,10.0,14.0,0.9,1.2,0.6,0.01,0.06,0.65,0.3,0.72,0.005,0.38,0.22,0.01,0.14,1.0,0.28
mpc,ground_truth,curvy,400.0,0.05,0.1,1.0,82.84918995574117,-9.875874519348145,-57.55167007446289,0.7392763495471287,18.705168094897314,0.05063984551286746,-0.000891353775065884,0.05063984551286746,0.000891353775065884,-0.016274213790893555,-1.1255964636802673e-05,1.0,0.0,19.444444444444443,11,6,5.996372222900391,RoadOption.STRAIGHT,1.095213770866394,-57.46044921875,0.015969112844442135,2.8,1.2,4.5,3.0,10.0,0.6,0.01,0.06,0.55,0.16,0.2,0.35,1.5,12,10.0,14.0,0.9,1.2,0.6,0.01,0.06,0.65,0.3,0.72,0.005,0.38,0.22,0.01,0.14,1.0,0.28
mpc,ground_truth,curvy,400.0,0.05,0.1,1.0,82.89918995648623,-9.875874519348145,-57.55167007446289,0.11258104443555403,19.33186340000889,0.05063984551286746,-0.000891353775065884,0.05063984551286746,0.000891353775065884,-0.016278859227895737,-4.645437002182007e-06,1.0,0.0,19.444444444444443,11,6,5.9965338706970215,RoadOption.STRAIGHT,1.095213770866394,-57.46044921875,0.015969112844442135,2.8,1.2,4.5,3.0,10.0,0.6,0.01,0.06,0.55,0.16,0.2,0.35,1.5,12,10.0,14.0,0.9,1.2,0.6,0.01,0.06,0.65,0.3,0.72,0.005,0.38,0.22,0.01,0.14,1.0,0.28
mpc,ground_truth,curvy,400.0,0.05,0.1,1.0,82.94918995723128,-9.870336532592773,-57.5516357421875,0.3639452252897554,19.08049921915469,0.05061156195528898,-0.0009337635751278661,0.05061156195528898,0.0009337635751278661,-0.01620858907699585,7.027015089988708e-05,1.0,0.0,19.444444444444443,11,6,5.990961074829102,RoadOption.STRAIGHT,1.095213770866394,-57.46044921875,0.015969112844442135,2.8,1.2,4.5,3.0,10.0,0.6,0.01,0.06,0.55,0.16,0.2,0.35,1.5,12,10.0,14.0,0.9,1.2,0.6,0.01,0.06,0.65,0.3,0.72,0.005,0.38,0.22,0.01,0.14,1.0,0.28
mpc,ground_truth,curvy,400.0,0.05,0.1,1.0,82.99918995797634,-9.826234817504883,-57.55144500732422,1.1769386967727968,18.267505747671645,0.05030366139659036,-0.0015103649988597034,0.05030366139659036,0.0015103649988597034,-0.018581656739115715,-0.0023730676621198654,1.0,0.0,19.444444444444443,11,6,5.946758270263672,RoadOption.STRAIGHT,1.095213770866394,-57.46044921875,0.015969112844442135,2.8,1.2,4.5,3.0,10.0,0.6,0.01,0.06,0.55,0.16,0.2,0.35,1.5,12,10.0,14.0,0.9,1.2,0.6,0.01,0.06,0.65,0.3,0.72,0.005,0.38,0.22,0.01,0.14,1.0,0.28
mpc,ground_truth,curvy,400.0,0.05,0.1,1.0,83.0491899587214,-9.744762420654297,-57.55134201049805,1.9099144227825318,17.53453002166191,0.04948550765104301,-0.002247331372403849,0.04948550765104301,0.002247331372403849,-0.034554023295640945,-0.01597236655652523,1.0,0.0,19.444444444444443,11,6,5.865192413330078,RoadOption.STRAIGHT,1.095213770866394,-57.46044921875,0.015969112844442135,2.8,1.2,4.5,3.0,10.0,0.6,0.01,0.06,0.55,0.16,0.2,0.35,1.5,12,10.0,14.0,0.9,1.2,0.6,0.01,0.06,0.65,0.3,0.72,0.005,0.38,0.22,0.01,0.14,1.0,0.28
mpc,ground_truth,curvy,400.0,0.05,0.1,1.0,83.09918995946646,-9.632081031799316,-57.55206298828125,2.48313474795067,16.96130969649377,0.047490576559954464,-0.003661484475398158,0.047490576559954464,0.003661484475398158,-0.046056825667619705,-0.01150280237197876,1.0,0.0,19.444444444444443,11,6,5.752447605133057,RoadOption.STRAIGHT,1.095213770866394,-57.46044921875,0.015969112844442135,2.8,1.2,4.5,3.0,10.0,0.6,0.01,0.06,0.55,0.16,0.2,0.35,1.5,12,10.0,14.0,0.9,1.2,0.6,0.01,0.06,0.65,0.3,0.72,0.005,0.38,0.22,0.01,0.14,1.0,0.28
mpc,ground_truth,curvy,400.0,0.05,0.1,1.0,83.14918996021152,-9.493508338928223,-57.55400848388672,2.9618780370619953,16.482566407382446,0.043978473406575194,-0.005934452414334768,0.043978473406575194,0.005934452414334768,-0.04605089873075485,5.926936864852905e-06,1.0,0.0,19.444444444444443,11,6,5.613840579986572,RoadOption.STRAIGHT,1.095213770866394,-57.46044921875,0.015969112844442135,2.8,1.2,4.5,3.0,10.0,0.6,0.01,0.06,0.55,0.16,0.2,0.35,1.5,12,10.0,14.0,0.9,1.2,0.6,0.01,0.06,0.65,0.3,0.72,0.005,0.38,0.22,0.01,0.14,1.0,0.28
mpc,ground_truth,curvy,400.0,0.05,0.1,1.0,83.19918996095657,-9.332770347595215,-57.556907653808594,3.383463543199536,16.060980901244907,0.039262151384646296,-0.008737204497351936,0.039262151384646296,0.008737204497351936,-0.035161860287189484,0.010889038443565369,1.0,0.0,19.444444444444443,11,6,5.453091621398926,RoadOption.STRAIGHT,1.095213770866394,-57.46044921875,0.015969112844442135,2.8,1.2,4.5,3.0,10.0,0.6,0.01,0.06,0.55,0.16,0.2,0.35,1.5,12,10.0,14.0,0.9,1.2,0.6,0.01,0.06,0.65,0.3,0.72,0.005,0.38,0.22,0.01,0.14,1.0,0.28
mpc,ground_truth,curvy,400.0,0.05,0.1,1.0,83.24918996170163,-9.151961326599121,-57.560096740722656,3.772088112733555,15.672356331710887,0.03402900363467669,-0.011378888373327012,0.03402900363467669,0.011378888373327012,-0.018199220299720764,0.01696263998746872,1.0,0.0,19.444444444444443,11,6,5.2722859382629395,RoadOption.STRAIGHT,1.095213770866394,-57.46044921875,0.015969112844442135,2.8,1.2,4.5,3.0,10.0,0.6,0.01,0.06,0.55,0.16,0.2,0.35,1.5,12,10.0,14.0,0.9,1.2,0.6,0.01,0.06,0.65,0.3,0.72,0.005,0.38,0.22,0.01,0.14,1.0,0.28
mpc,ground_truth,curvy,400.0,0.05,0.1,1.0,83.29918996244669,-8.952314376831055,-57.56277084350586,4.140977769995835,15.303466674448607,0.029097821529691002,-0.013222860738240971,0.029097821529691002,0.013222860738240971,-0.0010272711515426636,0.0171719491481781,1.0,0.0,19.444444444444443,11,6,5.072649002075195,RoadOption.STRAIGHT,1.095213770866394,-57.46044921875,0.015969112844442135,2.8,1.2,4.5,3.0,10.0,0.6,0.01,0.06,0.55,0.16,0.2,0.35,1.5,12,10.0,14.0,0.9,1.2,0.6,0.01,0.06,0.65,0.3,0.72,0.005,0.38,0.22,0.01,0.14,1.0,0.28
mpc,ground_truth,curvy,400.0,0.05,0.1,1.0,83.34918996319175,-8.734577178955078,-57.56435012817383,4.497838910544885,14.946605533899557,0.025056855426920245,-0.013899836157301948,0.025056855426920245,0.013899836157301948,0.011743918061256409,0.012771189212799072,1.0,0.0,19.444444444444443,12,6,4.854921340942383,RoadOption.STRAIGHT,2.0950863361358643,-57.444480895996094,0.015969112844442135,2.8,1.2,4.5,3.0,10.0,0.6,0.01,0.06,0.55,0.16,0.2,0.35,1.5,12,10.0,14.0,0.9,1.2,0.6,0.01,0.06,0.65,0.3,0.72,0.005,0.38,0.22,0.01,0.14,1.0,0.28
mpc,ground_truth,curvy,400.0,0.05,0.1,1.0,83.3991899639368,-8.499213218688965,-57.56455993652344,4.847393149688085,14.597051294756358,0.03242267414596342,-0.01541091375981285,0.03242267414596342,0.01541091375981285,0.010477571748197079,-0.00126634631305933,1.0,0.0,19.444444444444443,12,7,5.6090474128723145,RoadOption.STRAIGHT,2.0950863361358643,-57.444480895996094,0.015969112844442135,2.8,1.2,4.5,3.0,10.0,0.6,0.01,0.06,0.55,0.16,0.2,0.35,1.5,12,10.0,14.0,0.9,1.2,0.6,0.01,0.06,0.65,0.3,0.72,0.005,0.38,0.22,0.01,0.14,1.0,0.28
mpc,ground_truth,curvy,400.0,0.05,0.1,1.0,83.44918996468186,-8.24648666381836,-57.56399154663086,5.192468482294816,14.251975962149626,0.029628211002323004,-0.014485199355013023,0.029628211002323004,0.014485199355013023,0.01124508399516344,0.000767512246966362,1.0,0.0,19.444444444444443,12,7,5.3563232421875,RoadOption.STRAIGHT,2.0950863361358643,-57.444480895996094,0.015969112844442135,2.8,1.2,4.5,3.0,10.0,0.6,0.01,0.06,0.55,0.16,0.2,0.35,1.5,12,10.0,14.0,0.9,1.2,0.6,0.01,0.06,0.65,0.3,0.72,0.005,0.38,0.22,0.01,0.14,1.0,0.28
mpc,ground_truth,curvy,400.0,0.05,0.1,1.0,83.49918996542692,-7.976873397827148,-57.56296157836914,5.5057440719837984,13.938700372460644,0.027070589237457268,-0.013415141359056193,0.027070589237457268,0.013415141359056193,0.011831003241240978,0.0005859192460775375,1.0,0.0,19.444444444444443,12,7,5.086709976196289,RoadOption.STRAIGHT,2.0950863361358643,-57.444480895996094,0.015969112844442135,2.8,1.2,4.5,3.0,10.0,0.6,0.01,0.06,0.55,0.16,0.2,0.35,1.5,12,10.0,14.0,0.9,1.2,0.6,0.01,0.06,0.65,0.3,0.72,0.005,0.38,0.22,0.01,0.14,1.0,0.28
mpc,ground_truth,curvy,400.0,0.05,0.1,1.0,83.54918996617198,-7.698985576629639,-57.56156539916992,5.618180593039186,13.826263851405256,0.024769043999017658,-0.01223580006663072,0.024769043999017658,0.01223580006663072,0.011537467129528522,-0.00029353611171245575,1.0,0.0,19.444444444444443,13,7,4.8088202476501465,RoadOption.STRAIGHT,3.1059606075286865,-57.42900085449219,6.297060376458899,2.8,1.2,4.5,3.0,10.0,0.6,0.01,0.06,0.55,0.16,0.2,0.35,1.5,12,10.0,14.0,0.9,1.2,0.6,0.01,0.06,0.65,0.3,0.72,0.005,0.38,0.22,0.01,0.14,1.0,0.28
mpc,ground_truth,curvy,400.0,0.05,0.1,1.0,83.59918996691704,-7.414109706878662,-57.55982971191406,5.7672752189457634,13.67716922549868,0.03274174811312566,-0.013018723589014236,0.03274174811312566,0.013018723589014236,0.0017109840409830213,-0.009826483088545501,1.0,0.0,19.444444444444443,13,8,5.513425350189209,RoadOption.STRAIGHT,3.1059606075286865,-57.42900085449219,6.297060376458899,2.8,1.2,4.5,3.0,10.0,0.6,0.01,0.06,0.55,0.16,0.2,0.35,1.5,12,10.0,14.0,0.9,1.2,0.6,0.01,0.06,0.65,0.3,0.72,0.005,0.38,0.22,0.01,0.14,1.0,0.28
mpc,ground_truth,curvy,400.0,0.05,0.1,1.0,83.6491899676621,-7.1179094314575195,-57.55821990966797,6.037475593466414,13.406968850978028,0.029817822742410627,-0.01234652456497276,0.029817822742410627,0.01234652456497276,0.0014528298052027822,-0.0002581542357802391,1.0,0.0,19.444444444444443,13,8,5.217223644256592,RoadOption.STRAIGHT,3.1059606075286865,-57.42900085449219,6.297060376458899,2.8,1.2,4.5,3.0,10.0,0.6,0.01,0.06,0.55,0.16,0.2,0.35,1.5,12,10.0,14.0,0.9,1.2,0.6,0.01,0.06,0.65,0.3,0.72,0.005,0.38,0.22,0.01,0.14,1.0,0.28
mpc,ground_truth,curvy,400.0,0.05,0.1,1.0,83.69918996840715,-6.807997226715088,-57.55681610107422,6.286859730536813,13.15758471390763,0.026478057797842215,-0.012027950941578602,0.026478057797842215,0.012027950941578602,0.005331363994628191,0.003878534189425409,1.0,0.0,19.444444444444443,14,8,4.907312393188477,RoadOption.STRAIGHT,4.123607158660889,-57.41658020019531,6.293684553461115,2.8,1.2,4.5,3.0,10.0,0.6,0.01,0.06,0.55,0.16,0.2,0.35,1.5,12,10.0,14.0,0.9,1.2,0.6,0.01,0.06,0.65,0.3,0.72,0.005,0.38,0.22,0.01,0.14,1.0,0.28
mpc,ground_truth,curvy,400.0,0.05,0.1,1.0,83.74918996915221,-6.477349758148193,-57.55519104003906,6.7412248595396385,12.703219584904804,0.026184389112540632,-0.012017401026576557,0.026184389112540632,0.012017401026576557,0.003877827897667885,-0.0014535360969603062,1.0,0.0,19.444444444444443,14,9,5.5731730461120605,RoadOption.STRAIGHT,4.123607158660889,-57.41658020019531,6.293684553461115,2.8,1.2,4.5,3.0,10.0,0.6,0.01,0.06,0.55,0.16,0.2,0.35,1.5,12,10.0,14.0,0.9,1.2,0.6,0.01,0.06,0.65,0.3,0.72,0.005,0.38,0.22,0.01,0.14,1.0,0.28
mpc,ground_truth,curvy,400.0,0.05,0.1,1.0,83.79918996989727,-6.1318230628967285,-57.55324172973633,7.030879590913383,12.41356485353106,0.022615930597152292,-0.011445848165645423,0.022615930597152292,0.011445848165645423,0.006875652354210615,0.0029978244565427303,1.0,0.0,19.444444444444443,14,9,5.227646827697754,RoadOption.STRAIGHT,4.123607158660889,-57.41658020019531,6.293684553461115,2.8,1.2,4.5,3.0,10.0,0.6,0.01,0.06,0.55,0.16,0.2,0.35,1.5,12,10.0,14.0,0.9,1.2,0.6,0.01,0.06,0.65,0.3,0.72,0.005,0.38,0.22,0.01,0.14,1.0,0.28
mpc,ground_truth,curvy,400.0,0.05,0.1,1.0,83.84918997064233,-5.769608497619629,-57.55082702636719,7.391167665099645,12.053276779344799,0.019246326655577725,-0.010697434360603442,0.019246326655577725,0.010697434360603442,0.010004573501646519,0.0031289211474359035,1.0,0.0,19.444444444444443,15,9,4.865428447723389,RoadOption.STRAIGHT,5.1412882804870605,-57.40763473510742,6.29030873046333,2.8,1.2,4.5,3.0,10.0,0.6,0.01,0.06,0.55,0.16,0.2,0.35,1.5,12,10.0,14.0,0.9,1.2,0.6,0.01,0.06,0.65,0.3,0.72,0.005,0.38,0.22,0.01,0.14,1.0,0.28
mpc,ground_truth,curvy,400.0,0.05,0.1,1.0,83.89918997138739,-5.390074729919434,-57.54767990112305,7.725608441667267,11.718836002777177,0.01634022999812755,-0.009573602746982157,0.01634022999812755,0.009573602746982157,0.01096641831099987,0.0009618448093533516,1.0,0.0,19.444444444444443,15,10,5.485878944396973,RoadOption.STRAIGHT,5.1412882804870605,-57.40763473510742,6.29030873046333,2.8,1.2,4.5,3.0,10.0,0.6,0.01,0.06,0.55,0.16,0.2,0.35,1.5,12,10.0,14.0,0.9,1.2,0.6,0.01,0.06,0.65,0.3,0.72,0.005,0.38,0.22,0.01,0.14,1.0,0.28
mpc,ground_truth,curvy,400.0,0.05,0.1,1.0,83.94918997213244,-4.991894245147705,-57.54362106323242,8.123420928425965,11.321023516018478,0.014040231528551855,-0.008311861520934993,0.014040231528551855,0.008311861520934993,0.010339911095798016,-0.0006265072152018547,1.0,0.0,19.444444444444443,15,10,5.087679386138916,RoadOption.STRAIGHT,5.1412882804870605,-57.40763473510742,6.29030873046333,2.8,1.2,4.5,3.0,10.0,0.6,0.01,0.06,0.55,0.16,0.2,0.35,1.5,12,10.0,14.0,0.9,1.2,0.6,0.01,0.06,0.65,0.3,0.72,0.005,0.38,0.22,0.01,0.14,1.0,0.28
mpc,ground_truth,curvy,400.0,0.05,0.1,1.0,83.9991899728775,-4.575098991394043,-57.53877639770508,8.479444275300876,10.965000169143567,0.012228711787486482,-0.0068081466225704546,0.012228711787486482,0.0068081466225704546,0.007890383712947369,-0.002449527382850647,1.0,0.0,19.444444444444443,16,10,4.670856475830078,RoadOption.STRAIGHT,6.158995628356934,-57.40210723876953,6.286932907465546,2.8,1.2,4.5,3.0,10.0,0.6,0.01,0.06,0.55,0.16,0.2,0.35,1.5,12,10.0,14.0,0.9,1.2,0.6,0.01,0.06,0.65,0.3,0.72,0.005,0.38,0.22,0.01,0.14,1.0,0.28
mpc,ground_truth,curvy,400.0,0.05,0.1,1.0,84.04918997362256,-4.139062881469727,-57.53327560424805,8.882232471041334,10.562211973403109,0.010766102079675377,-0.005350080489914255,0.010766102079675377,0.005350080489914255,0.004738756455481052,-0.0031516272574663162,1.0,0.0,19.444444444444443,16,11,5.23478364944458,RoadOption.STRAIGHT,6.158995628356934,-57.40210723876953,6.286932907465546,2.8,1.2,4.5,3.0,10.0,0.6,0.01,0.06,0.55,0.16,0.2,0.35,1.5,12,10.0,14.0,0.9,1.2,0.6,0.01,0.06,0.65,0.3,0.72,0.005,0.38,0.22,0.01,0.14,1.0,0.28
mpc,ground_truth,curvy,400.0,0.05,0.1,1.0,84.09918997436762,-3.683743476867676,-57.52730941772461,9.261221929770008,10.183222514674435,0.009460789971442132,-0.0042248169070582264,0.009460789971442132,0.0042248169070582264,0.002320058410987258,-0.0024186980444937944,1.0,0.0,19.444444444444443,17,11,4.779425144195557,RoadOption.STRAIGHT,7.176715850830078,-57.399993896484375,6.283557084467762,2.8,1.2,4.5,3.0,10.0,0.6,0.01,0.06,0.55,0.16,0.2,0.35,1.5,12,10.0,14.0,0.9,1.2,0.6,0.01,0.06,0.65,0.3,0.72,0.005,0.38,0.22,0.01,0.14,1.0,0.28
mpc,ground_truth,curvy,400.0,0.05,0.1,1.0,84.14918997511268,-3.208065986633301,-57.52100372314453,9.676945966211676,9.767498478232767,0.008169968345434278,-0.0034598654958251096,0.008169968345434278,0.0034598654958251096,-0.00036701816134154797,-0.002687076572328806,1.0,0.0,19.444444444444443,17,12,5.303704261779785,RoadOption.STRAIGHT,7.176715850830078,-57.399993896484375,6.283557084467762,2.8,1.2,4.5,3.0,10.0,0.6,0.01,0.06,0.55,0.16,0.2,0.35,1.5,12,10.0,14.0,0.9,1.2,0.6,0.01,0.06,0.65,0.3,0.72,0.005,0.38,0.22,0.01,0.14,1.0,0.28
mpc,ground_truth,curvy,400.0,0.05,0.1,1.0,84.19918997585773,-2.71282958984375,-57.514549255371094,10.056590142060026,9.387854302384417,0.006715463369089125,-0.003101100246288624,0.006715463369089125,0.003101100246288624,-0.00010996460332535207,0.0002570535580161959,1.0,0.0,19.444444444444443,18,12,4.808426380157471,RoadOption.STRAIGHT,8.181218147277832,-57.40031433105469,6.28277624563615,2.8,1.2,4.5,3.0,10.0,0.6,0.01,0.06,0.55,0.16,0.2,0.35,1.5,12,10.0,14.0,0.9,1.2,0.6,0.01,0.06,0.65,0.3,0.72,0.005,0.38,0.22,0.01,0.14,1.0,0.28
mpc,ground_truth,curvy,400.0,0.05,0.1,1.0,84.24918997660279,-2.198903799057007,-57.507904052734375,10.425187099829087,9.019257344615356,-0.005292603778062371,-0.000882540376332841,0.005292603778062371,0.000882540376332841,0.0018176953308284283,0.0019276599341537803,1.0,0.0,19.444444444444443,18,13,5.305451393127441,RoadOption.STRAIGHT,8.181218147277832,-57.40031433105469,6.28277624563615,2.8,1.2,4.5,3.0,10.0,0.6,0.01,0.06,0.55,0.16,0.2,0.35,1.5,12,10.0,14.0,0.9,1.2,0.6,0.01,0.06,0.65,0.3,0.72,0.005,0.38,0.22,0.01,0.14,1.0,0.28
mpc,ground_truth,curvy,400.0,0.05,0.1,1.0,84.29918997734785,-1.667056679725647,-57.50086975097656,10.778722723943394,8.665721720501049,-0.005638157973819766,-0.0006990329727667444,0.005638157973819766,0.0006990329727667444,0.0018509435467422009,3.324821591377258e-05,1.0,0.0,19.444444444444443,19,13,4.773558616638184,RoadOption.STRAIGHT,9.181218147277832,-57.40072250366211,6.28277624563615,2.8,1.2,4.5,3.0,10.0,0.6,0.01,0.06,0.55,0.16,0.2,0.35,1.5,12,10.0,14.0,0.9,1.2,0.6,0.01,0.06,0.65,0.3,0.72,0.005,0.38,0.22,0.01,0.14,1.0,0.28
mpc,ground_truth,curvy,400.0,0.05,0.1,1.0,84.34918997809291,-1.117786169052124,-57.493377685546875,11.124152297756481,8.320292146687962,-0.021763584168798734,0.0029603292961368766,0.021763584168798734,0.0029603292961368766,0.00861721858382225,0.0067662750370800495,1.0,0.0,19.444444444444443,19,14,5.241955757141113,RoadOption.STRAIGHT,9.181218147277832,-57.40072250366211,6.28277624563615,2.8,1.2,4.5,3.0,10.0,0.6,0.01,0.06,0.55,0.16,0.2,0.35,1.5,12,10.0,14.0,0.9,1.2,0.6,0.01,0.06,0.65,0.3,0.72,0.005,0.38,0.22,0.01,0.14,1.0,0.28
mpc,ground_truth,curvy,400.0,0.05,0.1,1.0,84.39918997883797,-0.5514717698097229,-57.484901428222656,11.462900699994375,7.981543744450068,-0.019233559138161757,0.003798175379535529,0.019233559138161757,0.003798175379535529,0.0038338741287589073,-0.004783344455063343,1.0,0.0,19.444444444444443,20,14,4.6755781173706055,RoadOption.STRAIGHT,10.181218147277832,-57.40113067626953,6.28277624563615,2.8,1.2,4.5,3.0,10.0,0.6,0.01,0.06,0.55,0.16,0.2,0.35,1.5,12,10.0,14.0,0.9,1.2,0.6,0.01,0.06,0.65,0.3,0.72,0.005,0.38,0.22,0.01,0.14,1.0,0.28
mpc,ground_truth,curvy,400.0,0.05,0.1,1.0,84.44918997958302,0.031639937311410904,-57.47565460205078,11.797425556145178,7.6470188882992645,-0.031620261025392706,0.008167330416189778,0.031620261025392706,0.008167330416189778,0.003623177297413349,-0.00021069683134555817,1.0,0.0,19.444444444444443,20,15,5.110101222991943,RoadOption.STRAIGHT,10.181218147277832,-57.40113067626953,6.28277624563615,2.8,1.2,4.5,3.0,10.0,0.6,0.01,0.06,0.55,0.16,0.2,0.35,1.5,12,10.0,14.0,0.9,1.2,0.6,0.01,0.06,0.65,0.3,0.72,0.005,0.38,0.22,0.01,0.14,1.0,0.28
mpc,ground_truth,curvy,400.0,0.05,0.1,1.0,84.49918998032808,0.631367564201355,-57.46581268310547,12.128629686953,7.315814757491443,-0.026050669395347212,0.009047265888082023,0.026050669395347212,0.009047265888082023,-0.005848395638167858,-0.009471572935581207,1.0,0.0,19.444444444444443,21,15,4.51029634475708,RoadOption.STRAIGHT,11.181218147277832,-57.40153884887695,6.28277624563615,2.8,1.2,4.5,3.0,10.0,0.6,0.01,0.06,0.55,0.16,0.2,0.35,1.5,12,10.0,14.0,0.9,1.2,0.6,0.01,0.06,0.65,0.3,0.72,0.005,0.38,0.22,0.01,0.14,1.0,0.28
mpc,ground_truth,curvy,400.0,0.05,0.1,1.0,84.54918998107314,1.2475770711898804,-57.45608901977539,12.457182745385142,6.987261699059301,-0.03557541142714116,0.012538023012254484,0.03557541142714116,0.012538023012254484,-0.007622347678989172,-0.0017739520408213139,1.0,0.0,19.444444444444443,22,16,4.911715030670166,RoadOption.STRAIGHT,12.181214332580566,-57.401947021484375,6.28277624563615,2.8,1.2,4.5,3.0,10.0,0.6,0.01,0.06,0.55,0.16,0.2,0.35,1.5,12,10.0,14.0,0.9,1.2,0.6,0.01,0.06,0.65,0.3,0.72,0.005,0.38,0.22,0.01,0.14,1.0,0.28
mpc,ground_truth,curvy,400.0,0.05,0.1,1.0,84.5991899818182,1.8801679611206055,-57.44684600830078,12.783888222785905,6.660556221658538,-0.044882972412730676,0.015163589838476987,0.044882972412730676,0.015163589838476987,-0.003681969130411744,0.003940378548577428,1.0,0.0,19.444444444444443,22,17,5.296755313873291,RoadOption.STRAIGHT,12.181214332580566,-57.401947021484375,6.28277624563615,2.8,1.2,4.5,3.0,10.0,0.6,0.01,0.06,0.55,0.16,0.2,0.35,1.5,12,10.0,14.0,0.9,1.2,0.6,0.01,0.06,0.65,0.3,0.72,0.005,0.38,0.22,0.01,0.14,1.0,0.28
mpc,ground_truth,curvy,400.0,0.05,0.1,1.0,84.64918998256326,2.5290565490722656,-57.43775939941406,13.10920425970648,6.3352401847379625,-0.03603760618797917,0.014215048840190647,0.03603760618797917,0.014215048840190647,-0.010332482866942883,-0.006650513736531138,1.0,0.0,19.444444444444443,23,17,4.647812843322754,RoadOption.STRAIGHT,13.181214332580566,-57.4023551940918,6.28277624563615,2.8,1.2,4.5,3.0,10.0,0.6,0.01,0.06,0.55,0.16,0.2,0.35,1.5,12,10.0,14.0,0.9,1.2,0.6,0.01,0.06,0.65,0.3,0.72,0.005,0.38,0.22,0.01,0.14,1.0,0.28
mpc,ground_truth,curvy,400.0,0.05,0.1,1.0,84.69918998330832,3.1941750049591064,-57.429325103759766,13.43299698122458,6.011447463219863,-0.031050777785961752,0.013589614820862295,0.031050777785961752,0.013589614820862295,-0.009398946538567543,0.0009335363283753395,1.0,0.0,19.444444444444443,24,18,4.987127780914307,RoadOption.STRAIGHT,14.181214332580566,-57.40276336669922,6.28277624563615,2.8,1.2,4.5,3.0,10.0,0.6,0.01,0.06,0.55,0.16,0.2,0.35,1.5,12,10.0,14.0,0.9,1.2,0.6,0.01,0.06,0.65,0.3,0.72,0.005,0.38,0.22,0.01,0.14,1.0,0.28
mpc,ground_truth,curvy,400.0,0.05,0.1,1.0,84.74918998405337,3.87546706199646,-57.42181396484375,13.755839998825723,5.68860444561872,-0.023261838084516744,0.011744369798492471,0.023261838084516744,0.011744369798492471,-0.012002043426036835,-0.0026030968874692917,1.0,0.0,19.444444444444443,24,19,5.305792808532715,RoadOption.STRAIGHT,14.181214332580566,-57.40276336669922,6.28277624563615,2.8,1.2,4.5,3.0,10.0,0.6,0.01,0.06,0.55,0.16,0.2,0.35,1.5,12,10.0,14.0,0.9,1.2,0.6,0.01,0.06,0.65,0.3,0.72,0.005,0.38,0.22,0.01,0.14,1.0,0.28
mpc,ground_truth,curvy,400.0,0.05,0.1,1.0,84.79918998479843,4.572880744934082,-57.41550064086914,14.07758801911723,5.366856425327214,-0.016663229528515715,0.009496131286842235,0.016663229528515715,0.009496131286842235,-0.012670970521867275,-0.0006689270958304405,1.0,0.0,19.444444444444443,25,19,4.608361721038818,RoadOption.STRAIGHT,15.181214332580566,-57.403175354003906,6.28277624563615,2.8,1.2,4.5,3.0,10.0,0.6,0.01,0.06,0.55,0.16,0.2,0.35,1.5,12,10.0,14.0,0.9,1.2,0.6,0.01,0.06,0.65,0.3,0.72,0.005,0.38,0.22,0.01,0.14,1.0,0.28
mpc,ground_truth,curvy,400.0,0.05,0.1,1.0,84.84918998554349,5.286366939544678,-57.41067123413086,14.39846170468299,5.0459827397614525,-0.011542852397198109,0.006861567449413464,0.011542852397198109,0.006861567449413464,-0.010247300378978252,0.002423670142889023,1.0,0.0,19.444444444444443,26,20,4.894860744476318,RoadOption.STRAIGHT,16.181215286254883,-57.40358352661133,6.28277624563615,2.8,1.2,4.5,3.0,10.0,0.6,0.01,0.06,0.55,0.16,0.2,0.35,1.5,12,10.0,14.0,0.9,1.2,0.6,0.01,0.06,0.65,0.3,0.72,0.005,0.38,0.22,0.01,0.14,1.0,0.28
mpc,ground_truth,curvy,400.0,0.05,0.1,1.0,84.89918998628855,6.01588773727417,-57.40730285644531,14.718670023346768,4.725774421097675,-0.007876945057059614,0.004157165853437839,0.007876945057059614,0.004157165853437839,-0.005643629468977451,0.004603670910000801,1.0,0.0,19.444444444444443,26,21,5.1653337478637695,RoadOption.STRAIGHT,16.181215286254883,-57.40358352661133,6.28277624563615,2.8,1.2,4.5,3.0,10.0,0.6,0.01,0.06,0.55,0.16,0.2,0.35,1.5,12,10.0,14.0,0.9,1.2,0.6,0.01,0.06,0.65,0.3,0.72,0.005,0.38,0.22,0.01,0.14,1.0,0.28
mpc,ground_truth,curvy,400.0,0.05,0.1,1.0,84.9491899870336,6.761404991149902,-57.40510559082031,15.038217945431816,4.406226499012627,-0.005374717185871187,0.0018425476615062664,0.005374717185871187,0.0018425476615062664,-0.0007271852227859199,0.004916444246191531,1.0,0.0,19.444444444444443,27,21,4.4198150634765625,RoadOption.STRAIGHT,17.181215286254883,-57.40399169921875,6.28277624563615,2.8,1.2,4.5,3.0,10.0,0.6,0.01,0.06,0.55,0.16,0.2,0.35,1.5,12,10.0,14.0,0.9,1.2,0.6,0.01,0.06,0.65,0.3,0.72,0.005,0.38,0.22,0.01,0.14,1.0,0.28
mpc,ground_truth,curvy,400.0,0.05,0.1,1.0,84.99918998777866,7.522880554199219,-57.403656005859375,15.357029622637434,4.087414821807009,-0.0036145293841017357,0.00028549087698426234,0.0036145293841017357,0.00028549087698426234,0.0027057661209255457,0.0034329513437114656,1.0,0.0,19.444444444444443,28,22,4.658334255218506,RoadOption.STRAIGHT,18.181215286254883,-57.40439987182617,6.28277624563615,2.8,1.2,4.5,3.0,10.0,0.6,0.01,0.06,0.55,0.16,0.2,0.35,1.5,12,10.0,14.0,0.9,1.2,0.6,0.01,0.06,0.65,0.3,0.72,0.005,0.38,0.22,0.01,0.14,1.0,0.28
mpc,ground_truth,curvy,400.0,0.05,0.1,1.0,85.04918998852372,8.300273895263672,-57.40260696411133,15.675093814169278,3.7693506302751647,-0.0022483749714957376,-0.0004021373896199165,0.0022483749714957376,0.0004021373896199165,0.0037571429274976254,0.0010513768065720797,1.0,0.0,19.444444444444443,29,23,4.8809404373168945,RoadOption.STRAIGHT,19.181215286254883,-57.404808044433594,6.28277624563615,2.8,1.2,4.5,3.0,10.0,0.6,0.01,0.06,0.55,0.16,0.2,0.35,1.5,12,10.0,14.0,0.9,1.2,0.6,0.01,0.06,0.65,0.3,0.72,0.005,0.38,0.22,0.01,0.14,1.0,0.28
mpc,ground_truth,curvy,400.0,0.05,0.1,1.0,85.09918998926878,9.093549728393555,-57.40174865722656,15.992463977000241,3.4519804674442014,-0.0010664584896763131,-0.0003893542163879715,0.0010664584896763131,0.0003893542163879715,0.0026307133957743645,-0.0011264295317232609,1.0,0.0,19.444444444444443,29,24,5.08766508102417,RoadOption.STRAIGHT,19.181215286254883,-57.404808044433594,6.28277624563615,2.8,1.2,4.5,3.0,10.0,0.6,0.01,0.06,0.55,0.16,0.2,0.35,1.5,12,10.0,14.0,0.9,1.2,0.6,0.01,0.06,0.65,0.3,0.72,0.005,0.38,0.22,0.01,0.14,1.0,0.28
mpc,ground_truth,curvy,400.0,0.05,0.1,1.0,85.14918999001384,9.902673721313477,-57.40103530883789,16.309160466354392,3.135283978090051,-2.212866054232196e-05,-2.6098978682220775e-05,2.212866054232196e-05,2.6098978682220775e-05,0.0003886135818902403,-0.002242099813884124,1.0,0.0,19.444444444444443,30,24,4.278541088104248,RoadOption.STRAIGHT,20.181215286254883,-57.405216217041016,6.28277624563615,2.8,1.2,4.5,3.0,10.0,0.6,0.01,0.06,0.55,0.16,0.2,0.35,1.5,12,10.0,14.0,0.9,1.2,0.6,0.01,0.06,0.65,0.3,0.72,0.005,0.38,0.22,0.01,0.14,1.0,0.28
mpc,ground_truth,curvy,400.0,0.05,0.1,1.0,85.1991899907589,10.72761344909668,-57.40053939819336,16.62516708251834,2.819277361926101,0.0008141587895661964,0.0003195793308101713,0.0008141587895661964,0.0003195793308101713,-0.0016699957195669413,-0.0020586093014571816,1.0,0.0,19.444444444444443,31,25,4.453601837158203,RoadOption.STRAIGHT,21.181215286254883,-57.40562438964844,6.28277624563615,2.8,1.2,4.5,3.0,10.0,0.6,0.01,0.06,0.55,0.16,0.2,0.35,1.5,12,10.0,14.0,0.9,1.2,0.6,0.01,0.06,0.65,0.3,0.72,0.005,0.38,0.22,0.01,0.14,1.0,0.28
mpc,ground_truth,curvy,400.0,0.05,0.1,1.0,85.24918999150395,11.568330764770508,-57.400360107421875,16.940473580940168,2.503970863504275,0.001336465310334366,0.0004053331181639308,0.001336465310334366,0.0004053331181639308,-0.0026422441005706787,-0.0009722483810037374,1.0,0.0,19.444444444444443,32,26,4.61288595199585,RoadOption.STRAIGHT,22.181215286254883,-57.40603256225586,6.28277624563615,2.8,1.2,4.5,3.0,10.0,0.6,0.01,0.06,0.55,0.16,0.2,0.35,1.5,12,10.0,14.0,0.9,1.2,0.6,0.01,0.06,0.65,0.3,0.72,0.005,0.38,0.22,0.01,0.14,1.0,0.28
mpc,ground_truth,curvy,400.0,0.05,0.1,1.0,85.29918999224901,12.42479419708252,-57.40053939819336,17.255102412885204,2.1893420315592387,0.001506631838841744,0.00017949705747177802,0.001506631838841744,0.00017949705747177802,-0.0022258704993873835,0.00041637360118329525,0.9860506057739258,0.0,19.444444444444443,33,27,4.756422519683838,RoadOption.STRAIGHT,23.181215286254883,-57.40644073486328,6.28277624563615,2.8,1.2,4.5,3.0,10.0,0.6,0.01,0.06,0.55,0.16,0.2,0.35,1.5,12,10.0,14.0,0.9,1.2,0.6,0.01,0.06,0.65,0.3,0.72,0.005,0.38,0.22,0.01,0.14,1.0,0.28
mpc,ground_truth,curvy,400.0,0.05,0.1,1.0,85.34918999299407,13.29694652557373,-57.401039123535156,17.56785893329188,1.8765855111525624,0.001362781547752896,-0.00023861929868917997,0.001362781547752896,0.00023861929868917997,-0.0008100020932033658,0.0014158684061840177,0.8006435036659241,0.0,19.444444444444443,34,28,4.884270191192627,RoadOption.STRAIGHT,24.181215286254883,-57.4068489074707,6.28277624563615,2.8,1.2,4.5,3.0,10.0,0.6,0.01,0.06,0.55,0.16,0.2,0.35,1.5,12,10.0,14.0,0.9,1.2,0.6,0.01,0.06,0.65,0.3,0.72,0.005,0.38,0.22,0.01,0.14,1.0,0.28
mpc,ground_truth,curvy,400.0,0.05,0.1,1.0,85.39918999373913,14.184375762939453,-57.40175247192383,17.86401723399069,1.5804272104537525,0.0010115574234108313,-0.0006455501832167698,0.0010115574234108313,0.0006455501832167698,0.0008529775659553707,0.0016629796591587365,0.6428663730621338,0.0,19.444444444444443,35,29,4.996840476989746,RoadOption.STRAIGHT,25.181215286254883,-57.40726089477539,6.28277624563615,2.8,1.2,4.5,3.0,10.0,0.6,0.01,0.06,0.55,0.16,0.2,0.35,1.5,12,10.0,14.0,0.9,1.2,0.6,0.01,0.06,0.65,0.3,0.72,0.005,0.38,0.22,0.01,0.14,1.0,0.28
mpc,ground_truth,curvy,400.0,0.05,0.1,1.0,85.44918999448419,15.085237503051758,-57.40251922607422,18.111463465774225,1.3329809786702178,0.0006124222619707416,-0.0008575376109307697,0.0006124222619707416,0.0008575376109307697,0.0020018666982650757,0.001148889132309705,0.5528531074523926,0.0,19.444444444444443,35,30,5.095978736877441,RoadOption.STRAIGHT,25.181215286254883,-57.40726089477539,6.28277624563615,2.8,1.2,4.5,3.0,10.0,0.6,0.01,0.06,0.55,0.16,0.2,0.35,1.5,12,10.0,14.0,0.9,1.2,0.6,0.01,0.06,0.65,0.3,0.72,0.005,0.38,0.22,0.01,0.14,1.0,0.28
mpc,ground_truth,curvy,400.0,0.05,0.1,1.0,85.49918999522924,15.996504783630371,-57.40321731567383,18.293291306875187,1.1511531375692563,0.00028709711064848847,-0.0007909587137158169,0.00028709711064848847,0.0007909587137158169,0.0022172662429511547,0.00021539954468607903,0.5224984884262085,0.0,19.444444444444443,36,30,4.184711456298828,RoadOption.STRAIGHT,26.181215286254883,-57.40766906738281,6.28277624563615,2.8,1.2,4.5,3.0,10.0,0.6,0.01,0.06,0.55,0.16,0.2,0.35,1.5,12,10.0,14.0,0.9,1.2,0.6,0.01,0.06,0.65,0.3,0.72,0.005,0.38,0.22,0.01,0.14,1.0,0.28
mpc,ground_truth,curvy,400.0,0.05,0.1,1.0,85.5491899959743,16.914928436279297,-57.40377426147461,18.412990134573125,1.031454309871318,0.00010495418411159835,-0.0004905540777366824,0.00010495418411159835,0.0004905540777366824,0.001535156974568963,-0.0006821092683821917,0.5252339839935303,0.0,19.444444444444443,37,31,4.266287803649902,RoadOption.STRAIGHT,27.181215286254883,-57.408077239990234,6.28277624563615,2.8,1.2,4.5,3.0,10.0,0.6,0.01,0.06,0.55,0.16,0.2,0.35,1.5,12,10.0,14.0,0.9,1.2,0.6,0.01,0.06,0.65,0.3,0.72,0.005,0.38,0.22,0.01,0.14,1.0,0.28
mpc,ground_truth,curvy,400.0,0.05,0.1,1.0,85.59918999671936,17.83782196044922,-57.404178619384766,18.48473979298855,0.959704651455894,7.722758792568928e-05,-9.640636644192568e-05,7.722758792568928e-05,9.640636644192568e-05,0.00035785752697847784,-0.0011772994475904852,0.5397232174873352,0.0,19.444444444444443,38,32,4.3433942794799805,RoadOption.STRAIGHT,28.181215286254883,-57.408485412597656,6.28277624563615,2.8,1.2,4.5,3.0,10.0,0.6,0.01,0.06,0.55,0.16,0.2,0.35,1.5,12,10.0,14.0,0.9,1.2,0.6,0.01,0.06,0.65,0.3,0.72,0.005,0.38,0.22,0.01,0.14,1.0,0.28
mpc,ground_truth,curvy,400.0,0.05,0.1,1.0,85.64918999746442,18.763277053833008,-57.40449905395508,18.524408734519266,0.9200357099251768,0.00013447216398904918,0.00023062976665588764,0.00013447216398904918,0.00023062976665588764,-0.000749351573176682,-0.0011072091001551598,0.554418683052063,0.0,19.444444444444443,39,33,4.417939186096191,RoadOption.STRAIGHT,29.181215286254883,-57.40889358520508,6.28277624563615,2.8,1.2,4.5,3.0,10.0,0.6,0.01,0.06,0.55,0.16,0.2,0.35,1.5,12,10.0,14.0,0.9,1.2,0.6,0.01,0.06,0.65,0.3,0.72,0.005,0.38,0.22,0.01,0.14,1.0,0.28
mpc,ground_truth,curvy,400.0,0.05,0.1,1.0,85.69918999820948,19.69010353088379,-57.404808044433594,18.544861719096993,0.8995827253474502,0.00020372181119562524,0.00037816888088659795,0.00020372181119562524,0.00037816888088659795,-0.001353611471131444,-0.000604259897954762,0.5652060508728027,0.0,19.444444444444443,40,34,4.491112232208252,RoadOption.STRAIGHT,30.181215286254883,-57.4093017578125,6.28277624563615,2.8,1.2,4.5,3.0,10.0,0.6,0.01,0.06,0.55,0.16,0.2,0.35,1.5,12,10.0,14.0,0.9,1.2,0.6,0.01,0.06,0.65,0.3,0.72,0.005,0.38,0.22,0.01,0.14,1.0,0.28
mpc,ground_truth,curvy,400.0,0.05,0.1,1.0,85.74918999895453,20.617616653442383,-57.405174255371094,18.55480396298448,0.8896404814599634,0.0002198465814150668,0.0003238404129355388,0.0002198465814150668,0.0003238404129355388,-0.001250721514225006,0.00010288995690643787,0.5718535780906677,0.0,19.444444444444443,41,35,4.563599109649658,RoadOption.STRAIGHT,31.181215286254883,-57.40970993041992,6.28277624563615,2.8,1.2,4.5,3.0,10.0,0.6,0.01,0.06,0.55,0.16,0.2,0.35,1.5,12,10.0,14.0,0.9,1.2,0.6,0.01,0.06,0.65,0.3,0.72,0.005,0.38,0.22,0.01,0.14,1.0,0.28
mpc,ground_truth,curvy,400.0,0.05,0.1,1.0,85.79918999969959,21.545461654663086,-57.40562438964844,18.55942100294566,0.8850234414987845,0.00014836908065976508,0.0001331580219945394,0.00014836908065976508,0.0001331580219945394,-0.000638214813079685,0.0006125067011453211,0.5754736065864563,0.0,19.444444444444443,42,36,4.635754585266113,RoadOption.STRAIGHT,32.18121337890625,-57.410118103027344,6.28277624563615,2.8,1.2,4.5,3.0,10.0,0.6,0.01,0.06,0.55,0.16,0.2,0.35,1.5,12,10.0,14.0,0.9,1.2,0.6,0.01,0.06,0.65,0.3,0.72,0.005,0.38,0.22,0.01,0.14,1.0,0.28
mpc,ground_truth,curvy,400.0,0.05,0.1,1.0,85.84919000044465,22.47346305847168,-57.40612030029297,18.56150813740667,0.8829363070377738,3.1179194829089596e-05,-8.41558579365298e-05,3.1179194829089596e-05,8.41558579365298e-05,0.0001515399053459987,0.0007897547184256837,0.5772572159767151,0.0,19.444444444444443,43,37,4.7077531814575195,RoadOption.STRAIGHT,33.18121337890625,-57.410526275634766,6.28277624563615,2.8,1.2,4.5,3.0,10.0,0.6,0.01,0.06,0.55,0.16,0.2,0.35,1.5,12,10.0,14.0,0.9,1.2,0.6,0.01,0.06,0.65,0.3,0.72,0.005,0.38,0.22,0.01,0.14,1.0,0.28
mpc,ground_truth,curvy,400.0,0.05,0.1,1.0,85.89919000118971,23.40154457092285,-57.40663146972656,18.562449776660117,0.8819946677843262,-0.000101236709423387,-0.0002269013248747953,0.000101236709423387,0.0002269013248747953,0.0007579680532217026,0.0006064281478757039,0.5780668258666992,0.0,19.444444444444443,44,38,4.779671669006348,RoadOption.STRAIGHT,34.18121337890625,-57.41093444824219,6.28277624563615,2.8,1.2,4.5,3.0,10.0,0.6,0.01,0.06,0.55,0.16,0.2,0.35,1.5,12,10.0,14.0,0.9,1.2,0.6,0.01,0.06,0.65,0.3,0.72,0.005,0.38,0.22,0.01,0.14,1.0,0.28
mpc,ground_truth,curvy,400.0,0.05,0.1,1.0,85.94919000193477,24.32965850830078,-57.4070930480957,18.56289305361963,0.8815513908248143,-0.00018404828958159332,-0.00024394555585072197,0.00018404828958159332,0.00024394555585072197,0.0009406351600773633,0.00018266710685566068,0.5783988833427429,0.0,19.444444444444443,45,39,4.851557731628418,RoadOption.STRAIGHT,35.18121337890625,-57.41134262084961,6.28277624563615,2.8,1.2,4.5,3.0,10.0,0.6,0.01,0.06,0.55,0.16,0.2,0.35,1.5,12,10.0,14.0,0.9,1.2,0.6,0.01,0.06,0.65,0.3,0.72,0.005,0.38,0.22,0.01,0.14,1.0,0.28
mpc,ground_truth,curvy,400.0,0.05,0.1,1.0,85.99919000267982,25.257795333862305,-57.40748977661133,18.563124818073703,0.8813196263707397,-0.00020200065897443484,-0.00014540853049904712,0.00020200065897443484,0.00014540853049904712,0.0006914654513821006,-0.00024916970869526267,0.5785136818885803,0.0,19.444444444444443,46,40,4.9234209060668945,RoadOption.STRAIGHT,36.18121337890625,-57.4117546081543,6.28277624563615,2.8,1.2,4.5,3.0,10.0,0.6,0.01,0.06,0.55,0.16,0.2,0.35,1.5,12,10.0,14.0,0.9,1.2,0.6,0.01,0.06,0.65,0.3,0.72,0.005,0.38,0.22,0.01,0.14,1.0,0.28
mpc,ground_truth,curvy,400.0,0.05,0.1,1.0,86.04919000342488,26.185941696166992,-57.4078254699707,18.56325978792529,0.881184656519153,-0.00015891397610905415,9.054780215400626e-06,0.00015891397610905415,9.054780215400626e-06,0.00018453129450790584,-0.0005069341568741947,0.5785488486289978,0.0,19.444444444444443,47,41,4.995274543762207,RoadOption.STRAIGHT,37.18121337890625,-57.41216278076172,6.28277624563615,2.8,1.2,4.5,3.0,10.0,0.6,0.01,0.06,0.55,0.16,0.2,0.35,1.5,12,10.0,14.0,0.9,1.2,0.6,0.01,0.06,0.65,0.3,0.72,0.005,0.38,0.22,0.01,0.14,1.0,0.28
mpc,ground_truth,curvy,400.0,0.05,0.1,1.0,86.09919000416994,27.114093780517578,-57.40811538696289,18.563345567684568,0.8810988767598751,-7.004780899426888e-05,0.00014381066635493767,7.004780899426888e-05,0.00014381066635493767,-0.00033213343704119325,-0.0005166647315490991,0.5785564184188843,0.0,19.444444444444443,47,42,5.067120552062988,RoadOption.STRAIGHT,37.18121337890625,-57.41216278076172,6.28277624563615,2.8,1.2,4.5,3.0,10.0,0.6,0.01,0.06,0.55,0.16,0.2,0.35,1.5,12,10.0,14.0,0.9,1.2,0.6,0.01,0.06,0.65,0.3,0.72,0.005,0.38,0.22,0.01,0.14,1.0,0.28
mpc,ground_truth,curvy,400.0,0.05,0.1,1.0,86.149190004915,28.04226303100586,-57.40840148925781,18.563404971073826,0.8810394733706168,2.35282556073327e-05,0.00020453077171822542,2.35282556073327e-05,0.00020453077171822542,-0.0006412541843019426,-0.00030912074726074934,0.5785524249076843,0.0,19.444444444444443,48,42,4.138951301574707,RoadOption.STRAIGHT,38.18121337890625,-57.41257095336914,6.28277624563615,2.8,1.2,4.5,3.0,10.0,0.6,0.01,0.06,0.55,0.16,0.2,0.35,1.5,12,10.0,14.0,0.9,1.2,0.6,0.01,0.06,0.65,0.3,0.72,0.005,0.38,0.22,0.01,0.14,1.0,0.28
mpc,ground_truth,curvy,400.0,0.05,0.1,1.0,86.19919000566006,28.970428466796875,-57.408729553222656,18.56344748585324,0.8809969585912043,7.425213459518343e-05,0.00017417075154568806,7.425213459518343e-05,0.00017417075154568806,-0.000629835354629904,1.1418829672038555e-05,0.5785471796989441,0.0,19.444444444444443,49,43,4.210785865783691,RoadOption.STRAIGHT,39.18121337890625,-57.41297912597656,6.28277624563615,2.8,1.2,4.5,3.0,10.0,0.6,0.01,0.06,0.55,0.16,0.2,0.35,1.5,12,10.0,14.0,0.9,1.2,0.6,0.01,0.06,0.65,0.3,0.72,0.005,0.38,0.22,0.01,0.14,1.0,0.28
mpc,ground_truth,curvy,400.0,0.05,0.1,1.0,86.24919000640512,29.89859962463379,-57.40910339355469,18.563476698396336,0.8809677460481069,7.920199089430594e-05,7.77643363401026e-05,7.920199089430594e-05,7.77643363401026e-05,-0.0003561688063200563,0.0002736665483098477,0.5785455703735352,0.0,19.444444444444443,50,44,4.282614707946777,RoadOption.STRAIGHT,40.18121337890625,-57.413387298583984,6.28277624563615,2.8,1.2,4.5,3.0,10.0,0.6,0.01,0.06,0.55,0.16,0.2,0.35,1.5,12,10.0,14.0,0.9,1.2,0.6,0.01,0.06,0.65,0.3,0.72,0.005,0.38,0.22,0.01,0.14,1.0,0.28
mpc,ground_truth,curvy,400.0,0.05,0.1,1.0,86.29919000715017,30.82676887512207,-57.40952682495117,18.563496095622977,0.880948348821466,3.4560006666419256e-05,-3.408846195274151e-05,3.4560006666419256e-05,3.408846195274151e-05,2.21274713112507e-05,0.000378296277631307,0.5785457491874695,0.0,19.444444444444443,51,45,4.354445457458496,RoadOption.STRAIGHT,41.18121337890625,-57.413795471191406,6.28277624563615,2.8,1.2,4.5,3.0,10.0,0.6,0.01,0.06,0.55,0.16,0.2,0.35,1.5,12,10.0,14.0,0.9,1.2,0.6,0.01,0.06,0.65,0.3,0.72,0.005,0.38,0.22,0.01,0.14,1.0,0.28
mpc,ground_truth,curvy,400.0,0.05,0.1,1.0,86.34919000789523,31.75494384765625,-57.40995788574219,18.563509338602607,0.8809351058418358,-1.3894333839071377e-05,-0.00011345056490963401,1.3894333839071377e-05,0.00011345056490963401,0.0003506476932670921,0.0003285202219558414,0.5785451531410217,0.0,19.444444444444443,52,46,4.426270484924316,RoadOption.STRAIGHT,42.18121337890625,-57.41420364379883,6.28277624563615,2.8,1.2,4.5,3.0,10.0,0.6,0.01,0.06,0.55,0.16,0.2,0.35,1.5,12,10.0,14.0,0.9,1.2,0.6,0.01,0.06,0.65,0.3,0.72,0.005,0.38,0.22,0.01,0.14,1.0,0.28
mpc,ground_truth,curvy,400.0,0.05,0.1,1.0,86.39919000864029,32.68311309814453,-57.41038131713867,18.563516532538806,0.880927911905637,-5.8536318066957846e-05,-0.00013102739559478493,5.8536318066957846e-05,0.00013102739559478493,0.00046339555410668254,0.00011274786083959043,0.5785481333732605,0.0,19.444444444444443,53,47,4.498101234436035,RoadOption.STRAIGHT,43.18121337890625,-57.41461181640625,6.28277624563615,2.8,1.2,4.5,3.0,10.0,0.6,0.01,0.06,0.55,0.16,0.2,0.35,1.5,12,10.0,14.0,0.9,1.2,0.6,0.01,0.06,0.65,0.3,0.72,0.005,0.38,0.22,0.01,0.14,1.0,0.28
mpc,ground_truth,curvy,400.0,0.05,0.1,1.0,86.44919000938535,33.61128616333008,-57.410770416259766,18.563521813365774,0.8809226310786684,-6.88444693307446e-05,-8.89494828806292e-05,6.88444693307446e-05,8.89494828806292e-05,0.00036276085302233696,-0.00010063470108434558,0.5785472393035889,0.0,19.444444444444443,54,48,4.569928169250488,RoadOption.STRAIGHT,44.18121337890625,-57.41501998901367,6.28277624563615,2.8,1.2,4.5,3.0,10.0,0.6,0.01,0.06,0.55,0.16,0.2,0.35,1.5,12,10.0,14.0,0.9,1.2,0.6,0.01,0.06,0.65,0.3,0.72,0.005,0.38,0.22,0.01,0.14,1.0,0.28
mpc,ground_truth,curvy,400.0,0.05,0.1,1.0,86.4991900101304,34.539459228515625,-57.4111328125,18.56352917496189,0.8809152694825535,-5.244974196927073e-05,-1.4913702104379922e-05,5.244974196927073e-05,1.4913702104379922e-05,0.0001254511735169217,-0.00023730967950541526,0.5785403251647949,0.0,19.444444444444443,55,49,4.641755104064941,RoadOption.STRAIGHT,45.18121337890625,-57.415428161621094,6.28277624563615,2.8,1.2,4.5,3.0,10.0,0.6,0.01,0.06,0.55,0.16,0.2,0.35,1.5,12,10.0,14.0,0.9,1.2,0.6,0.01,0.06,0.65,0.3,0.72,0.005,0.38,0.22,0.01,0.14,1.0,0.28
mpc,ground_truth,curvy,400.0,0.05,0.1,1.0,86.54919001087546,35.46763229370117,-57.41147232055664,18.56353294088442,0.8809115035600215,-1.3166832929002248e-05,5.379588652942857e-05,1.3166832929002248e-05,5.379588652942857e-05,-0.00013049172412138432,-0.000255942897638306,0.5785424113273621,0.0,19.444444444444443,56,50,4.7135820388793945,RoadOption.STRAIGHT,46.18121337890625,-57.41584014892578,6.28277624563615,2.8,1.2,4.5,3.0,10.0,0.6,0.01,0.06,0.55,0.16,0.2,0.35,1.5,12,10.0,14.0,0.9,1.2,0.6,0.01,0.06,0.65,0.3,0.72,0.005,0.38,0.22,0.01,0.14,1.0,0.28
mpc,ground_truth,curvy,400.0,0.05,0.1,1.0,86.59919001162052,36.39580535888672,-57.41181945800781,18.56353309094784,0.8809113534966038,1.8486682218334625e-05,8.948224513627423e-05,1.8486682218334625e-05,8.948224513627423e-05,-0.0002864869311451912,-0.00015599520702380687,0.5785466432571411,0.0,19.444444444444443,57,51,4.785408973693848,RoadOption.STRAIGHT,47.18121337890625,-57.4162483215332,6.28277624563615,2.8,1.2,4.5,3.0,10.0,0.6,0.01,0.06,0.55,0.16,0.2,0.35,1.5,12,10.0,14.0,0.9,1.2,0.6,0.01,0.06,0.65,0.3,0.72,0.005,0.38,0.22,0.01,0.14,1.0,0.28
mpc,ground_truth,curvy,400.0,0.05,0.1,1.0,86.64919001236558,37.323978424072266,-57.41217041015625,18.56353336301508,0.8809110814293639,4.632550041920591e-05,8.149272935664698e-05,4.632550041920591e-05,8.149272935664698e-05,-0.00030381017131730914,-1.732324017211795e-05,0.5785463452339172,0.0,19.444444444444443,58,52,4.857235908508301,RoadOption.STRAIGHT,48.18121337890625,-57.416656494140625,6.28277624563615,2.8,1.2,4.5,3.0,10.0,0.6,0.01,0.06,0.55,0.16,0.2,0.35,1.5,12,10.0,14.0,0.9,1.2,0.6,0.01,0.06,0.65,0.3,0.72,0.005,0.38,0.22,0.01,0.14,1.0,0.28
mpc,ground_truth,curvy,400.0,0.05,0.1,1.0,86.69919001311064,38.25215148925781,-57.41255187988281,18.56353364881935,0.8809107956250912,4.364674304835076e-05,3.9947416351715503e-05,4.364674304835076e-05,3.9947416351715503e-05,-0.00018370820907875896,0.00012010196223855019,0.5785461068153381,0.0,19.444444444444443,59,53,4.929062366485596,RoadOption.STRAIGHT,49.18121337890625,-57.41706466674805,6.28277624563615,2.8,1.2,4.5,3.0,10.0,0.6,0.01,0.06,0.55,0.16,0.2,0.35,1.5,12,10.0,14.0,0.9,1.2,0.6,0.01,0.06,0.65,0.3,0.72,0.005,0.38,0.22,0.01,0.14,1.0,0.28
mpc,ground_truth,curvy,400.0,0.05,0.1,1.0,86.7491900138557,39.18032455444336,-57.41294860839844,18.563533802609083,0.88091064183536,2.5709197891632396e-05,-1.2250508504507707e-05,2.5709197891632396e-05,1.2250508504507707e-05,-5.860736564500257e-06,0.0001778474725142587,0.5785462260246277,0.0,19.444444444444443,59,54,5.000889301300049,RoadOption.STRAIGHT,49.18121337890625,-57.41706466674805,6.28277624563615,2.8,1.2,4.5,3.0,10.0,0.6,0.01,0.06,0.55,0.16,0.2,0.35,1.5,12,10.0,14.0,0.9,1.2,0.6,0.01,0.06,0.65,0.3,0.72,0.005,0.38,0.22,0.01,0.14,1.0,0.28
mpc,ground_truth,curvy,400.0,0.05,0.1,1.0,86.79919001460075,40.10850143432617,-57.41334915161133,18.56353376745007,0.8809106769943718,4.847474991076083e-06,-5.1132692929556356e-05,4.847474991076083e-06,5.1132692929556356e-05,0.00014198568533174694,0.0001478464218962472,0.5785464644432068,0.0,19.444444444444443,60,54,4.0727128982543945,RoadOption.STRAIGHT,50.18121337890625,-57.41747283935547,6.28277624563615,2.8,1.2,4.5,3.0,10.0,0.6,0.01,0.06,0.55,0.16,0.2,0.35,1.5,12,10.0,14.0,0.9,1.2,0.6,0.01,0.06,0.65,0.3,0.72,0.005,0.38,0.22,0.01,0.14,1.0,0.28
mpc,ground_truth,curvy,400.0,0.05,0.1,1.0,86.84919001534581,41.03667449951172,-57.41374969482422,18.56353359846928,0.880910845975162,-1.6904767112108088e-05,-6.285060172572798e-05,1.6904767112108088e-05,6.285060172572798e-05,0.0001996732607949525,5.7687575463205576e-05,0.5785467028617859,0.0,19.444444444444443,61,55,4.1445393562316895,RoadOption.STRAIGHT,51.18121337890625,-57.41788101196289,6.28277624563615,2.8,1.2,4.5,3.0,10.0,0.6,0.01,0.06,0.55,0.16,0.2,0.35,1.5,12,10.0,14.0,0.9,1.2,0.6,0.01,0.06,0.65,0.3,0.72,0.005,0.38,0.22,0.01,0.14,1.0,0.28
mpc,ground_truth,curvy,400.0,0.05,0.1,1.0,86.89919001609087,41.964847564697266,-57.41413879394531,18.56353340793005,0.8809110365143944,-2.339822142942904e-05,-4.7404267403017286e-05,2.339822142942904e-05,4.7404267403017286e-05,0.0001867303071776405,-1.2942953617312014e-05,0.5785468220710754,0.0,19.444444444444443,62,56,4.216366767883301,RoadOption.STRAIGHT,52.18121337890625,-57.41828918457031,6.28277624563615,2.8,1.2,4.5,3.0,10.0,0.6,0.01,0.06,0.55,0.16,0.2,0.35,1.5,12,10.0,14.0,0.9,1.2,0.6,0.01,0.06,0.65,0.3,0.72,0.005,0.38,0.22,0.01,0.14,1.0,0.28
mpc,ground_truth,curvy,400.0,0.05,0.1,1.0,86.94919001683593,42.89302062988281,-57.414520263671875,18.563537061617453,0.8809073828269902,-2.607697880028419e-05,-1.4913702104379922e-05,2.607697880028419e-05,1.4913702104379922e-05,8.45399554236792e-05,-0.0001021903517539613,0.578540027141571,0.0,19.444444444444443,63,57,4.288193702697754,RoadOption.STRAIGHT,53.18121337890625,-57.418697357177734,6.28277624563615,2.8,1.2,4.5,3.0,10.0,0.6,0.01,0.06,0.55,0.16,0.2,0.35,1.5,12,10.0,14.0,0.9,1.2,0.6,0.01,0.06,0.65,0.3,0.72,0.005,0.38,0.22,0.01,0.14,1.0,0.28
mpc,ground_truth,curvy,400.0,0.05,0.1,1.0,86.99919001758099,43.82119369506836,-57.41488265991211,18.56353700919665,0.8809074352477921,-9.682251438810317e-06,1.9174792358356285e-05,9.682251438810317e-06,1.9174792358356285e-05,-3.8136960938572884e-05,-0.00012267691636225209,0.5785444974899292,0.0,19.444444444444443,64,58,4.360020637512207,RoadOption.STRAIGHT,54.18121337890625,-57.419105529785156,6.28277624563615,2.8,1.2,4.5,3.0,10.0,0.6,0.01,0.06,0.55,0.16,0.2,0.35,1.5,12,10.0,14.0,0.9,1.2,0.6,0.01,0.06,0.65,0.3,0.72,0.005,0.38,0.22,0.01,0.14,1.0,0.28
mpc,ground_truth,curvy,400.0,0.05,0.1,1.0,87.04919001832604,44.74937057495117,-57.41524887084961,18.563537064710495,0.880907379733948,2.899339422105223e-06,3.9414816642491246e-05,2.899339422105223e-06,3.9414816642491246e-05,-0.00011958188406424597,-8.144492312567309e-05,0.5785443782806396,0.0,19.444444444444443,65,59,4.4318437576293945,RoadOption.STRAIGHT,55.18121337890625,-57.41951370239258,6.28277624563615,2.8,1.2,4.5,3.0,10.0,0.6,0.01,0.06,0.55,0.16,0.2,0.35,1.5,12,10.0,14.0,0.9,1.2,0.6,0.01,0.06,0.65,0.3,0.72,0.005,0.38,0.22,0.01,0.14,1.0,0.28
mpc,ground_truth,curvy,400.0,0.05,0.1,1.0,87.0991900190711,45.67754364013672,-57.41561508178711,18.56353718248617,0.8809072619582743,1.547936983711351e-05,3.9414816642491246e-05,1.547936983711351e-05,3.9414816642491246e-05,-0.00013885105727240443,-1.9269173208158463e-05,0.5785441994667053,0.0,19.444444444444443,66,60,4.503670692443848,RoadOption.STRAIGHT,56.18121337890625,-57.419925689697266,6.28277624563615,2.8,1.2,4.5,3.0,10.0,0.6,0.01,0.06,0.55,0.16,0.2,0.35,1.5,12,10.0,14.0,0.9,1.2,0.6,0.01,0.06,0.65,0.3,0.72,0.005,0.38,0.22,0.01,0.14,1.0,0.28
mpc,ground_truth,curvy,400.0,0.05,0.1,1.0,87.14919001981616,46.605716705322266,-57.41599655151367,18.5635373089204,0.4309071355240448,1.2800612466258143e-05,2.4501114538111324e-05,1.2800612466258143e-05,2.4501114538111324e-05,-9.546173532726243e-05,4.3389321945142e-05,0.0,0.23145587742328644,18.994444444444444,67,61,4.575497627258301,RoadOption.STRAIGHT,57.18121337890625,-57.42033386230469,6.28277624563615,2.8,1.2,4.5,3.0,10.0,0.6,0.01,0.06,0.55,0.16,0.2,0.35,1.5,12,10.0,14.0,0.9,1.2,0.6,0.01,0.06,0.65,0.3,0.72,0.005,0.38,0.22,0.01,0.14,1.0,0.28
mpc,ground_truth,curvy,400.0,0.05,0.1,1.0,87.19919002056122,47.53322219848633,-57.4163818359375,18.52860810599056,0.01583633845388377,6.034080115089506e-06,1.5979291632106651e-06,6.034080115089506e-06,1.5979291632106651e-06,-1.93589658010751e-05,7.610276952618733e-05,0.0,0.4385831654071808,18.544444444444444,68,62,4.647992134094238,RoadOption.STRAIGHT,58.18121337890625,-57.42074203491211,6.28277624563615,2.8,1.2,4.5,3.0,10.0,0.6,0.01,0.06,0.55,0.16,0.2,0.35,1.5,12,10.0,14.0,0.9,1.2,0.6,0.01,0.06,0.65,0.3,0.72,0.005,0.38,0.22,0.01,0.14,1.0,0.28
mpc,ground_truth,curvy,400.0,0.05,0.1,1.0,87.24919002130628,48.45555877685547,-57.41676712036133,18.37655807267468,-0.2821136282302348,-2.846856441015037e-06,-1.757686319425744e-05,2.846856441015037e-06,1.757686319425744e-05,5.12831611558795e-05,7.06421269569546e-05,0.0,0.47694918513298035,18.094444444444445,69,63,4.725655555725098,RoadOption.STRAIGHT,59.18121337890625,-57.42115020751953,6.28277624563615,2.8,1.2,4.5,3.0,10.0,0.6,0.01,0.06,0.55,0.16,0.2,0.35,1.5,12,10.0,14.0,0.9,1.2,0.6,0.01,0.06,0.65,0.3,0.72,0.005,0.38,0.22,0.01,0.14,1.0,0.28
mpc,ground_truth,curvy,400.0,0.05,0.1,1.0,87.29919002205133,49.3671875,-57.417152404785156,18.129697485504778,-0.11340246993576386,-1.6107964660038495e-05,-2.5566346464778178e-05,1.6107964660038495e-05,2.5566346464778178e-05,9.370320913149044e-05,4.242004797561094e-05,0.18421414494514465,0.0,18.016295015569014,70,64,4.814026832580566,RoadOption.STRAIGHT,60.181209564208984,-57.42155838012695,6.28277624563615,2.8,1.2,4.5,3.0,10.0,0.6,0.01,0.06,0.55,0.16,0.2,0.35,1.5,12,10.0,14.0,0.9,1.2,0.6,0.01,0.06,0.65,0.3,0.72,0.005,0.38,0.22,0.01,0.14,1.0,0.28
mpc,ground_truth,curvy,400.0,0.05,0.1,1.0,87.34919002279639,50.26536560058594,-57.417518615722656,17.860898544286318,0.15249141027401336,-1.5797720417288878e-05,-2.130532122990303e-05,1.5797720417288878e-05,2.130532122990303e-05,7.594127237098292e-05,-1.7761936760507524e-05,0.46044600009918213,0.0,18.01338995456033,71,65,4.915848731994629,RoadOption.STRAIGHT,61.181209564208984,-57.421966552734375,6.28277624563615,2.8,1.2,4.5,3.0,10.0,0.6,0.01,0.06,0.55,0.16,0.2,0.35,1.5,12,10.0,14.0,0.9,1.2,0.6,0.01,0.06,0.65,0.3,0.72,0.005,0.38,0.22,0.01,0.14,1.0,0.28
mpc,ground_truth,curvy,400.0,0.05,0.1,1.0,87.39919002354145,51.15126037597656,-57.417884826660156,17.62893435739075,0.38668302047603476,-1.6697415050873424e-05,-8.522050469750297e-06,1.6697415050873424e-05,8.522050469750297e-06,5.8091631217394024e-05,-1.784964115358889e-05,0.5630397200584412,0.0,18.015617377866786,71,66,5.029953479766846,RoadOption.STRAIGHT,61.181209564208984,-57.421966552734375,6.28277624563615,2.8,1.2,4.5,3.0,10.0,0.6,0.01,0.06,0.55,0.16,0.2,0.35,1.5,12,10.0,14.0,0.9,1.2,0.6,0.01,0.06,0.65,0.3,0.72,0.005,0.38,0.22,0.01,0.14,1.0,0.28
mpc,ground_truth,curvy,400.0,0.05,0.1,1.0,87.44919002428651,52.02705001831055,-57.41823196411133,17.450152786885816,0.5654645909809695,-5.582984351376304e-06,6.391619125523107e-06,5.582984351376304e-06,6.391619125523107e-06,2.644088681336143e-06,-5.544754253605788e-05,0.6038166284561157,0.0,18.015617377866786,72,66,4.1541643142700195,RoadOption.STRAIGHT,62.181209564208984,-57.4223747253418,6.28277624563615,2.8,1.2,4.5,3.0,10.0,0.6,0.01,0.06,0.55,0.16,0.2,0.35,1.5,12,10.0,14.0,0.9,1.2,0.6,0.01,0.06,0.65,0.3,0.72,0.005,0.38,0.22,0.01,0.14,1.0,0.28
mpc,ground_truth,curvy,400.0,0.05,0.1,1.0,87.49919002503157,52.895774841308594,-57.4185791015625,17.33132496553761,0.6815282200382242,1.7525417703369729e-06,1.810956043168943e-05,1.7525417703369729e-06,1.810956043168943e-05,-5.4127038310980424e-05,-5.677112699231657e-05,0.5981932878494263,0.0,18.012853185575835,73,67,4.285439491271973,RoadOption.STRAIGHT,63.181209564208984,-57.42278289794922,6.28277624563615,2.8,1.2,4.5,3.0,10.0,0.6,0.01,0.06,0.55,0.16,0.2,0.35,1.5,12,10.0,14.0,0.9,1.2,0.6,0.01,0.06,0.65,0.3,0.72,0.005,0.38,0.22,0.01,0.14,1.0,0.28
mpc,ground_truth,curvy,400.0,0.05,0.1,1.0,87.54919002577662,53.76003646850586,-57.41891860961914,17.258862939297174,0.7574243455302181,1.4891740072970954e-05,2.0772689012460432e-05,1.4891740072970954e-05,2.0772689012460432e-05,-8.037954103201628e-05,-2.6252502721035853e-05,0.5955299735069275,0.0,18.016287284827392,74,68,4.421177864074707,RoadOption.STRAIGHT,64.18121337890625,-57.42319107055664,6.28277624563615,2.8,1.2,4.5,3.0,10.0,0.6,0.01,0.06,0.55,0.16,0.2,0.35,1.5,12,10.0,14.0,0.9,1.2,0.6,0.01,0.06,0.65,0.3,0.72,0.005,0.38,0.22,0.01,0.14,1.0,0.28
mpc,ground_truth,curvy,400.0,0.05,0.1,1.0,87.59919002652168,54.62168502807617,-57.41926956176758,17.217732951459748,0.7938961060512923,1.5517942089431904e-05,1.3848470177713068e-05,1.5517942089431904e-05,1.3848470177713068e-05,-6.364519504131749e-05,1.6734345990698785e-05,0.5701037645339966,0.0,18.01162905751104,75,69,4.5595293045043945,RoadOption.STRAIGHT,65.18121337890625,-57.42359924316406,6.28277624563615,2.8,1.2,4.5,3.0,10.0,0.6,0.01,0.06,0.55,0.16,0.2,0.35,1.5,12,10.0,14.0,0.9,1.2,0.6,0.01,0.06,0.65,0.3,0.72,0.005,0.38,0.22,0.01,0.14,1.0,0.28
mpc,ground_truth,curvy,400.0,0.05,0.1,1.0,87.64919002726674,55.48189163208008,-57.41963195800781,17.195350269122418,0.8180396854379133,4.111765159291831e-06,1.0652644366615505e-06,4.111765159291831e-06,1.0652644366615505e-06,-1.3811767530569341e-05,4.983342751074815e-05,0.569796085357666,0.0,18.01338995456033,76,70,4.699318885803223,RoadOption.STRAIGHT,66.06481170654297,-57.41557312011719,0.02175243346765821,2.8,1.2,4.5,3.0,10.0,0.6,0.01,0.06,0.55,0.16,0.2,0.35,1.5,12,10.0,14.0,0.9,1.2,0.6,0.01,0.06,0.65,0.3,0.72,0.005,0.38,0.22,0.01,0.14,1.0,0.28
mpc,ground_truth,curvy,400.0,0.05,0.1,1.0,87.6991900280118,56.34129333496094,-57.41999435424805,17.182870482869575,0.8287118389461909,-7.625226303281055e-06,-9.587379923736705e-06,7.625226303281055e-06,9.587379923736705e-06,3.370448393980041e-05,4.751625147036975e-05,0.5600336790084839,0.0,18.011582321815766,77,71,4.839917182922363,RoadOption.STRAIGHT,66.93106842041016,-57.3857307434082,0.047124901805061126,2.8,1.2,4.5,3.0,10.0,0.6,0.01,0.06,0.55,0.16,0.2,0.35,1.5,12,10.0,14.0,0.9,1.2,0.6,0.01,0.06,0.65,0.3,0.72,0.005,0.38,0.22,0.01,0.14,1.0,0.28
mpc,ground_truth,curvy,400.0,0.05,0.1,1.0,87.74919002875686,57.200252532958984,-57.42036056518555,17.176143215037737,0.8367099705380987,-2.3357926437613148e-05,-1.3315772941169257e-05,2.3357926437613148e-05,1.3315772941169257e-05,6.456115079345182e-05,3.0856666853651404e-05,0.561623752117157,0.0,18.012853185575835,78,72,4.980957984924316,RoadOption.STRAIGHT,67.7962875366211,-57.33391571044922,0.07249763645857306,2.8,1.2,4.5,3.0,10.0,0.6,0.01,0.06,0.55,0.16,0.2,0.35,1.5,12,10.0,14.0,0.9,1.2,0.6,0.01,0.06,0.65,0.3,0.72,0.005,0.38,0.22,0.01,0.14,1.0,0.28
mpc,ground_truth,curvy,400.0,0.05,0.1,1.0,87.79919002950191,58.0589599609375,-57.42070770263672,17.172381850389097,0.8409058739304456,-2.0120131269524104e-05,-9.054747706294108e-06,2.0120131269524104e-05,9.054747706294108e-06,5.2380179113242775e-05,-1.218097168020904e-05,0.5595785975456238,0.0,18.013287724319543,79,73,5.122250080108643,RoadOption.STRAIGHT,68.659912109375,-57.260169982910156,0.09787010479597598,2.8,1.2,4.5,3.0,10.0,0.6,0.01,0.06,0.55,0.16,0.2,0.35,1.5,12,10.0,14.0,0.9,1.2,0.6,0.01,0.06,0.65,0.3,0.72,0.005,0.38,0.22,0.01,0.14,1.0,0.28
mpc,ground_truth,curvy,400.0,0.05,0.1,1.0,87.84919003024697,58.91754150390625,-57.42105484008789,17.170611784113408,0.8410172733976324,-1.6935391262297775e-05,5.326322183307752e-07,1.6935391262297775e-05,5.326322183307752e-07,2.0082421542610973e-05,-3.22977575706318e-05,0.5547440648078918,0.0,18.01162905751104,80,74,5.263672828674316,RoadOption.STRAIGHT,69.52140045166016,-57.1645393371582,0.1232428394494879,2.8,1.2,4.5,3.0,10.0,0.6,0.01,0.06,0.55,0.16,0.2,0.35,1.5,12,10.0,14.0,0.9,1.2,0.6,0.01,0.06,0.65,0.3,0.72,0.005,0.38,0.22,0.01,0.14,1.0,0.28
mpc,ground_truth,curvy,400.0,0.05,0.1,1.0,87.89919003099203,59.776058197021484,-57.42139434814453,17.16946355031622,0.8439264042441117,-6.146224496661988e-06,9.587379924624884e-06,6.146224496661988e-06,9.587379924624884e-06,0.02606859803199768,0.02604851561045507,0.559846818447113,0.0,18.01338995456033,81,75,5.405156135559082,RoadOption.STRAIGHT,70.38017272949219,-57.047080993652344,0.14861557410299983,2.8,1.2,4.5,3.0,10.0,0.6,0.01,0.06,0.55,0.16,0.2,0.35,1.5,12,10.0,14.0,0.9,1.2,0.6,0.01,0.06,0.65,0.3,0.72,0.005,0.38,0.22,0.01,0.14,1.0,0.28
mpc,ground_truth,curvy,400.0,0.05,0.1,1.0,87.94919003173709,60.634456634521484,-57.419559478759766,17.16695653666804,0.844625785147727,0.11412870668102724,-0.020164754353624748,0.11412870668102724,0.020164754353624748,0.028696637600660324,0.0026280395686626434,0.5576147437095642,0.0,18.011582321815766,82,76,5.430356979370117,RoadOption.STRAIGHT,71.23568725585938,-56.907875061035156,0.17398830875651175,2.8,1.2,4.5,3.0,10.0,0.6,0.01,0.06,0.55,0.16,0.2,0.35,1.5,12,10.0,14.0,0.9,1.2,0.6,0.01,0.06,0.65,0.3,0.72,0.005,0.38,0.22,0.01,0.14,1.0,0.28
mpc,ground_truth,curvy,400.0,0.05,0.1,1.0,87.99919003248215,61.49274444580078,-57.41423797607422,17.16538517048641,0.8474680150894258,0.2277100530194025,-0.04112706979782299,0.2277100530194025,0.04112706979782299,-0.01646837405860424,-0.045165011659264565,0.561891496181488,0.0,18.012853185575835,83,77,5.438398838043213,RoadOption.STRAIGHT,72.08740234375,-56.74700927734375,0.19936104341002367,2.8,1.2,4.5,3.0,10.0,0.6,0.01,0.06,0.55,0.16,0.2,0.35,1.5,12,10.0,14.0,0.9,1.2,0.6,0.01,0.06,0.65,0.3,0.72,0.005,0.38,0.22,0.01,0.14,1.0,0.28
mpc,ground_truth,curvy,400.0,0.05,0.1,1.0,88.0491900332272,62.35098648071289,-57.40895462036133,17.164752624940153,0.8485350993793901,0.3195839360379302,-0.06404593037223316,0.3195839360379302,0.06404593037223316,-0.041358157992362976,-0.024889783933758736,0.5604015588760376,0.0,18.013287724319543,84,78,5.4458184242248535,RoadOption.STRAIGHT,72.93476104736328,-56.56459045410156,0.2247335117474266,2.8,1.2,4.5,3.0,10.0,0.6,0.01,0.06,0.55,0.16,0.2,0.35,1.5,12,10.0,14.0,0.9,1.2,0.6,0.01,0.06,0.65,0.3,0.72,0.005,0.38,0.22,0.01,0.14,1.0,0.28
mpc,ground_truth,curvy,400.0,0.05,0.1,1.0,88.09919003397226,63.20914077758789,-57.40702819824219,17.16218590564815,0.8494431518628893,0.3864608959835114,-0.09180577646512145,0.3864608959835114,0.09180577646512145,-0.026291444897651672,0.015066713094711304,0.5607555508613586,0.0,18.01162905751104,85,79,5.452749729156494,RoadOption.STRAIGHT,73.77721405029297,-56.36072540283203,0.25010624640093854,2.8,1.2,4.5,3.0,10.0,0.6,0.01,0.06,0.55,0.16,0.2,0.35,1.5,12,10.0,14.0,0.9,1.2,0.6,0.01,0.06,0.65,0.3,0.72,0.005,0.38,0.22,0.01,0.14,1.0,0.28
mpc,ground_truth,curvy,400.0,0.05,0.1,1.0,88.14919003471732,64.06727600097656,-57.40803909301758,17.163244594854884,0.8501453597054471,0.4288286092424711,-0.12226496453802493,0.4288286092424711,0.12226496453802493,0.024189375340938568,0.05048082023859024,0.5609298944473267,0.0,18.01338995456033,86,80,5.45955753326416,RoadOption.STRAIGHT,74.61422729492188,-56.135562896728516,0.27547898105445046,2.8,1.2,4.5,3.0,10.0,0.6,0.01,0.06,0.55,0.16,0.2,0.35,1.5,12,10.0,14.0,0.9,1.2,0.6,0.01,0.06,0.65,0.3,0.72,0.005,0.38,0.22,0.01,0.14,1.0,0.28
mpc,ground_truth,curvy,400.0,0.05,0.1,1.0,88.19919003546238,64.9254150390625,-57.40774154663086,17.1628732568379,0.8487090649778644,0.4509961157036367,-0.14983849754552692,0.4509961157036367,0.14983849754552692,0.08909960836172104,0.06491023302078247,0.5575019121170044,0.0,18.011582321815766,87,81,5.466668128967285,RoadOption.STRAIGHT,75.44525909423828,-55.88922882080078,0.3008514493918534,2.8,1.2,4.5,3.0,10.0,0.6,0.01,0.06,0.55,0.16,0.2,0.35,1.5,12,10.0,14.0,0.9,1.2,0.6,0.01,0.06,0.65,0.3,0.72,0.005,0.38,0.22,0.01,0.14,1.0,0.28
mpc,ground_truth,curvy,400.0,0.05,0.1,1.0,88.24919003620744,65.78314208984375,-57.40093231201172,17.14964751386061,0.861887315571817,0.4582867991055033,-0.16997966380804197,0.4582867991055033,0.16997966380804197,0.1478341668844223,0.05873455852270126,0.5829463005065918,0.0,18.011534829432428,88,82,5.474792957305908,RoadOption.STRAIGHT,76.269775390625,-55.62189865112305,0.3262241840453653,2.8,1.2,4.5,3.0,10.0,0.6,0.01,0.06,0.55,0.16,0.2,0.35,1.5,12,10.0,14.0,0.9,1.2,0.6,0.01,0.06,0.65,0.3,0.72,0.005,0.38,0.22,0.01,0.14,1.0,0.28
mpc,ground_truth,curvy,400.0,0.05,0.1,1.0,88.2991900369525,66.6393814086914,-57.38134002685547,17.119002182441744,0.8942855418777995,0.4571760303411193,-0.17963836105370978,0.4571760303411193,0.17963836105370978,0.18311606347560883,0.03528189659118652,0.6254491806030273,0.0,18.013287724319543,89,83,5.484825611114502,RoadOption.STRAIGHT,77.08724212646484,-55.33373260498047,0.3515966523827682,2.8,1.2,4.5,3.0,10.0,0.6,0.01,0.06,0.55,0.16,0.2,0.35,1.5,12,10.0,14.0,0.9,1.2,0.6,0.01,0.06,0.65,0.3,0.72,0.005,0.38,0.22,0.01,0.14,1.0,0.28
mpc,ground_truth,curvy,400.0,0.05,0.1,1.0,88.34919003769755,67.4931640625,-57.34360122680664,17.083294715475056,0.9283343420359849,0.45321989445574473,-0.178662431108088,0.45321989445574473,0.178662431108088,0.18754920363426208,0.004433140158653259,0.6478591561317444,0.0,18.01162905751104,90,84,5.49707555770874,RoadOption.STRAIGHT,77.89713287353516,-55.02491760253906,0.37696938703628013,2.8,1.2,4.5,3.0,10.0,0.6,0.01,0.06,0.55,0.16,0.2,0.35,1.5,12,10.0,14.0,0.9,1.2,0.6,0.01,0.06,0.65,0.3,0.72,0.005,0.38,0.22,0.01,0.14,1.0,0.28
mpc,ground_truth,curvy,400.0,0.05,0.1,1.0,88.39919003844261,68.34435272216797,-57.284305572509766,17.062136000348215,0.9532383329369125,0.44982665583116743,-0.1696528988837014,0.44982665583116743,0.1696528988837014,0.16467754542827606,-0.022871658205986023,0.6518278121948242,0.0,18.015374333285127,91,85,5.510806083679199,RoadOption.STRAIGHT,78.69892883300781,-54.69565963745117,0.40234185537368305,2.8,1.2,4.5,3.0,10.0,0.6,0.01,0.06,0.55,0.16,0.2,0.35,1.5,12,10.0,14.0,0.9,1.2,0.6,0.01,0.06,0.65,0.3,0.72,0.005,0.38,0.22,0.01,0.14,1.0,0.28
mpc,ground_truth,curvy,400.0,0.05,0.1,1.0,88.44919003918767,69.1933822631836,-57.20187759399414,17.06474102530533,0.9455123126911822,0.4484032904808315,-0.15664264955649987,0.4484032904808315,0.15664264955649987,0.12562820315361023,-0.03904934227466583,0.6080361604690552,0.0,18.010253337996513,92,86,5.524725437164307,RoadOption.STRAIGHT,79.49211120605469,-54.346160888671875,0.427714590027195,2.8,1.2,4.5,3.0,10.0,0.6,0.01,0.06,0.55,0.16,0.2,0.35,1.5,12,10.0,14.0,0.9,1.2,0.6,0.01,0.06,0.65,0.3,0.72,0.005,0.38,0.22,0.01,0.14,1.0,0.28
mpc,ground_truth,curvy,400.0,0.05,0.1,1.0,88.49919003993273,70.04077911376953,-57.09650421142578,17.08563159052714,0.9259032389052884,0.44847853718653496,-0.14405624231678438,0.44847853718653496,0.14405624231678438,0.08470822125673294,-0.04091998189687729,0.5820110440254211,0.0,18.011534829432428,93,87,5.537682056427002,RoadOption.STRAIGHT,80.27617645263672,-53.976654052734375,0.4530873246807069,2.8,1.2,4.5,3.0,10.0,0.6,0.01,0.06,0.55,0.16,0.2,0.35,1.5,12,10.0,14.0,0.9,1.2,0.6,0.01,0.06,0.65,0.3,0.72,0.005,0.38,0.22,0.01,0.14,1.0,0.28
mpc,ground_truth,curvy,400.0,0.05,0.1,1.0,88.54919004067779,70.88654327392578,-56.96954345703125,17.11112444716939,0.8993000539622251,0.4485882653526876,-0.13558530945573066,0.4485882653526876,0.13558530945573066,0.05575069040060043,-0.028957530856132507,0.5576562285423279,0.0,18.010424501131617,94,88,5.5493550300598145,RoadOption.STRAIGHT,81.05061340332031,-53.587379455566406,0.4784597930181098,2.8,1.2,4.5,3.0,10.0,0.6,0.01,0.06,0.55,0.16,0.2,0.35,1.5,12,10.0,14.0,0.9,1.2,0.6,0.01,0.06,0.65,0.3,0.72,0.005,0.38,0.22,0.01,0.14,1.0,0.28
mpc,ground_truth,curvy,400.0,0.05,0.1,1.0,88.59919004142284,71.73023223876953,-56.822513580322266,17.130793208244715,0.8825633111497488,0.4472359697112831,-0.1330413248244322,0.4472359697112831,0.1330413248244322,0.046689070761203766,-0.009061619639396667,0.5594539046287537,0.0,18.013356519394463,95,89,5.5600385665893555,RoadOption.STRAIGHT,81.81492614746094,-53.1785774230957,0.5038325276716218,2.8,1.2,4.5,3.0,10.0,0.6,0.01,0.06,0.55,0.16,0.2,0.35,1.5,12,10.0,14.0,0.9,1.2,0.6,0.01,0.06,0.65,0.3,0.72,0.005,0.38,0.22,0.01,0.14,1.0,0.28
mpc,ground_truth,curvy,400.0,0.05,0.1,1.0,88.6491900421679,72.57096862792969,-56.65620803833008,17.14019442253999,0.8735480943450469,0.4438356744286418,-0.13586291070985768,0.4438356744286418,0.13586291070985768,0.057246189564466476,0.01055711880326271,0.5633106231689453,0.0,18.01374251688504,96,90,5.570380210876465,RoadOption.STRAIGHT,82.56861877441406,-52.750518798828125,0.5292052623251337,2.8,1.2,4.5,3.0,10.0,0.6,0.01,0.06,0.55,0.16,0.2,0.35,1.5,12,10.0,14.0,0.9,1.2,0.6,0.01,0.06,0.65,0.3,0.72,0.005,0.38,0.22,0.01,0.14,1.0,0.28
mpc,ground_truth,curvy,400.0,0.05,0.1,1.0,88.69919004291296,73.4077377319336,-56.47050476074219,17.139357722101504,0.8708956158950087,0.43877671986246325,-0.141676308408635,0.43877671986246325,0.141676308408635,0.08016959577798843,0.022923406213521957,0.5693544149398804,0.0,18.010253337996513,97,91,5.580930233001709,RoadOption.STRAIGHT,83.31121826171875,-52.30347442626953,0.5545779969786456,2.8,1.2,4.5,3.0,10.0,0.6,0.01,0.06,0.55,0.16,0.2,0.35,1.5,12,10.0,14.0,0.9,1.2,0.6,0.01,0.06,0.65,0.3,0.72,0.005,0.38,0.22,0.01,0.14,1.0,0.28
mpc,ground_truth,curvy,400.0,0.05,0.1,1.0,88.74919004365802,74.23934936523438,-56.264652252197266,17.128511339659255,0.8830234897731728,0.43313928916967637,-0.147542586499807,0.43313928916967637,0.147542586499807,0.10496027767658234,0.024790681898593903,0.5943675637245178,0.0,18.011534829432428,98,92,5.5921478271484375,RoadOption.STRAIGHT,84.04222106933594,-51.83773422241211,0.5799507316321575,2.8,1.2,4.5,3.0,10.0,0.6,0.01,0.06,0.55,0.16,0.2,0.35,1.5,12,10.0,14.0,0.9,1.2,0.6,0.01,0.06,0.65,0.3,0.72,0.005,0.38,0.22,0.01,0.14,1.0,0.28
mpc,ground_truth,curvy,400.0,0.05,0.1,1.0,88.79919004440308,75.06464385986328,-56.03768539428711,17.11153790550163,0.8988865956299854,0.42824100733856096,-0.1511484067472333,0.42824100733856096,0.1511484067472333,0.12264274805784225,0.017682470381259918,0.6083676815032959,0.0,18.010424501131617,99,93,5.604277610778809,RoadOption.STRAIGHT,84.76118469238281,-51.353599548339844,0.6053231999695604,2.8,1.2,4.5,3.0,10.0,0.6,0.01,0.06,0.55,0.16,0.2,0.35,1.5,12,10.0,14.0,0.9,1.2,0.6,0.01,0.06,0.65,0.3,0.72,0.005,0.38,0.22,0.01,0.14,1.0,0.28
mpc,ground_truth,curvy,400.0,0.05,0.1,1.0,88.84919004514813,75.88269805908203,-55.788818359375,17.095336651989122,0.9180198674053415,0.42514412644688493,-0.1514381586738338,0.42514412644688493,0.1514381586738338,0.12821221351623535,0.005569465458393097,0.6237718462944031,0.0,18.013356519394463,100,94,5.617266654968262,RoadOption.STRAIGHT,85.4676284790039,-50.851383209228516,0.6306959346230724,2.8,1.2,4.5,3.0,10.0,0.6,0.01,0.06,0.55,0.16,0.2,0.35,1.5,12,10.0,14.0,0.9,1.2,0.6,0.01,0.06,0.65,0.3,0.72,0.005,0.38,0.22,0.01,0.14,1.0,0.28
mpc,ground_truth,curvy,400.0,0.05,0.1,1.0,88.89919004589319,76.69297790527344,-55.517581939697266,17.086275356305503,0.9274671605795355,0.424444874117607,-0.14867769233542605,0.424444874117607,0.14867769233542605,0.12131467461585999,-0.006897538900375366,0.6178170442581177,0.0,18.01374251688504,101,95,5.630745887756348,RoadOption.STRAIGHT,86.16111755371094,-50.33140182495117,0.6560684029604753,2.8,1.2,4.5,3.0,10.0,0.6,0.01,0.06,0.55,0.16,0.2,0.35,1.5,12,10.0,14.0,0.9,1.2,0.6,0.01,0.06,0.65,0.3,0.72,0.005,0.38,0.22,0.01,0.14,1.0,0.28
mpc,ground_truth,curvy,400.0,0.05,0.1,1.0,88.94919004663825,77.4953384399414,-55.22402572631836,17.087730523676818,0.9215345439032667,0.4260804097571613,-0.144145957556006,0.4260804097571613,0.144145957556006,0.10578642040491104,-0.015528254210948944,0.595801591873169,0.0,18.009265067580085,102,96,5.644148349761963,RoadOption.STRAIGHT,86.84117126464844,-49.79399490356445,0.6814411376139872,2.8,1.2,4.5,3.0,10.0,0.6,0.01,0.06,0.55,0.16,0.2,0.35,1.5,12,10.0,14.0,0.9,1.2,0.6,0.01,0.06,0.65,0.3,0.72,0.005,0.38,0.22,0.01,0.14,1.0,0.28
mpc,ground_truth,curvy,400.0,0.05,0.1,1.0,88.99919004738331,78.28982543945312,-54.90877151489258,17.096833937826,0.9147008916064294,0.42936580457342677,-0.1396101947454378,0.42936580457342677,0.1396101947454378,0.08787103742361069,-0.017915382981300354,0.5906201601028442,0.0,18.011534829432428,103,97,5.657027721405029,RoadOption.STRAIGHT,87.50738525390625,-49.2395133972168,0.7068138722674991,2.8,1.2,4.5,3.0,10.0,0.6,0.01,0.06,0.55,0.16,0.2,0.35,1.5,12,10.0,14.0,0.9,1.2,0.6,0.01,0.06,0.65,0.3,0.72,0.005,0.38,0.22,0.01,0.14,1.0,0.28
mpc,ground_truth,curvy,400.0,0.05,0.1,1.0,89.04919004812837,79.07644653320312,-54.572879791259766,17.109086384800072,0.9012593444920434,0.4332377046870999,-0.13669659664435008,0.4332377046870999,0.13669659664435008,0.07382272928953171,-0.01404830813407898,0.5746257305145264,0.0,18.010345729292116,104,98,5.669209957122803,RoadOption.STRAIGHT,88.15930938720703,-48.66830062866211,0.7321863406049021,2.8,1.2,4.5,3.0,10.0,0.6,0.01,0.06,0.55,0.16,0.2,0.35,1.5,12,10.0,14.0,0.9,1.2,0.6,0.01,0.06,0.65,0.3,0.72,0.005,0.38,0.22,0.01,0.14,1.0,0.28
mpc,ground_truth,curvy,400.0,0.05,0.1,1.0,89.09919004887342,79.85511779785156,-54.217464447021484,17.120483040606196,0.8940521652549513,0.43668052350542075,-0.13632764896483351,0.43668052350542075,0.13632764896483351,0.06811459362506866,-0.005708135664463043,0.5777826905250549,0.0,18.014535205861147,105,99,5.680776119232178,RoadOption.STRAIGHT,88.79653930664062,-48.08073806762695,0.757559075258414,2.8,1.2,4.5,3.0,10.0,0.6,0.01,0.06,0.55,0.16,0.2,0.35,1.5,12,10.0,14.0,0.9,1.2,0.6,0.01,0.06,0.65,0.3,0.72,0.005,0.38,0.22,0.01,0.14,1.0,0.28
mpc,ground_truth,curvy,400.0,0.05,0.1,1.0,89.14919004961848,80.62548828125,-53.84341049194336,17.127904273251886,0.8858382436331524,0.43903071044909625,-0.1384377047860168,0.43903071044909625,0.1384377047860168,0.07148895412683487,0.003374360501766205,0.5716462135314941,0.0,18.01374251688504,106,100,5.691972732543945,RoadOption.STRAIGHT,89.41865539550781,-47.477195739746094,0.782931543595817,2.8,1.2,4.5,3.0,10.0,0.6,0.01,0.06,0.55,0.16,0.2,0.35,1.5,12,10.0,14.0,0.9,1.2,0.6,0.01,0.06,0.65,0.3,0.72,0.005,0.38,0.22,0.01,0.14,1.0,0.28
mpc,ground_truth,curvy,400.0,0.05,0.1,1.0,89.19919005036354,81.38697814941406,-53.451171875,17.130258267407854,0.8790068001722311,0.44015925935665035,-0.14210168181374794,0.44015925935665035,0.14210168181374794,0.08156359940767288,0.010074645280838013,0.5692063570022583,0.0,18.009265067580085,106,101,5.7031025886535645,RoadOption.STRAIGHT,89.41865539550781,-47.477195739746094,0.782931543595817,2.8,1.2,4.5,3.0,10.0,0.6,0.01,0.06,0.55,0.16,0.2,0.35,1.5,12,10.0,14.0,0.9,1.2,0.6,0.01,0.06,0.65,0.3,0.72,0.005,0.38,0.22,0.01,0.14,1.0,0.28
mpc,ground_truth,curvy,400.0,0.05,0.1,1.0,89.2491900511086,82.13877868652344,-53.04085922241211,17.12620496225144,0.8830601053286458,0.3066866484545381,-0.12062195604171366,0.3066866484545381,0.12062195604171366,0.1463060826063156,0.06474248319864273,0.5847000479698181,0.0,18.009265067580085,107,101,4.849781036376953,RoadOption.STRAIGHT,90.02526092529297,-46.85806655883789,0.8083042782493288,2.8,1.2,4.5,3.0,10.0,0.6,0.01,0.06,0.55,0.16,0.2,0.35,1.5,12,10.0,14.0,0.9,1.2,0.6,0.01,0.06,0.65,0.3,0.72,0.005,0.38,0.22,0.01,0.14,1.0,0.28
mpc,ground_truth,curvy,400.0,0.05,0.1,1.0,89.29919005185366,82.87814331054688,-52.61062240600586,17.094584114058907,0.9180592954318421,0.30878460147033016,-0.12128348525648924,0.30878460147033016,0.12128348525648924,0.15295155346393585,0.006645470857620239,0.6428346037864685,0.0,18.01264340949075,108,102,4.861993789672852,RoadOption.STRAIGHT,90.61595916748047,-46.2237434387207,0.8336770129028408,2.8,1.2,4.5,3.0,10.0,0.6,0.01,0.06,0.55,0.16,0.2,0.35,1.5,12,10.0,14.0,0.9,1.2,0.6,0.01,0.06,0.65,0.3,0.72,0.005,0.38,0.22,0.01,0.14,1.0,0.28
mpc,ground_truth,curvy,400.0,0.05,0.1,1.0,89.34919005259871,83.60269165039062,-52.1588020324707,17.069201031152986,0.94114469813913,0.3158347729118245,-0.11677761642915696,0.3158347729118245,0.11677761642915696,0.13374663889408112,-0.019204914569854736,0.6423892974853516,0.0,18.010345729292116,109,103,4.8753342628479,RoadOption.STRAIGHT,91.19037628173828,-45.57463836669922,0.8590494812402437,2.8,1.2,4.5,3.0,10.0,0.6,0.01,0.06,0.55,0.16,0.2,0.35,1.5,12,10.0,14.0,0.9,1.2,0.6,0.01,0.06,0.65,0.3,0.72,0.005,0.38,0.22,0.01,0.14,1.0,0.28
mpc,ground_truth,curvy,400.0,0.05,0.1,1.0,89.39919005334377,84.31315612792969,-51.685935974121094,17.068880821420038,0.9470006431896465,0.3268833380808851,-0.10965605735817618,0.3268833380808851,0.10965605735817618,0.10030457377433777,-0.03344206511974335,0.6252275109291077,0.0,18.015881464609684,110,104,4.888662338256836,RoadOption.STRAIGHT,91.7481460571289,-44.911170959472656,0.8844222158937556,2.8,1.2,4.5,3.0,10.0,0.6,0.01,0.06,0.55,0.16,0.2,0.35,1.5,12,10.0,14.0,0.9,1.2,0.6,0.01,0.06,0.65,0.3,0.72,0.005,0.38,0.22,0.01,0.14,1.0,0.28
mpc,ground_truth,curvy,400.0,0.05,0.1,1.0,89.44919005408883,85.0109634399414,-51.193359375,17.089111807335417,0.9246307095496213,0.3398914418332417,-0.10338957273419247,0.3398914418332417,0.10338957273419247,0.06623576581478119,-0.03406880795955658,0.5779345035552979,0.0,18.01374251688504,111,105,4.900918483734131,RoadOption.STRAIGHT,92.28890228271484,-44.23377227783203,0.909794817389213,2.8,1.2,4.5,3.0,10.0,0.6,0.01,0.06,0.55,0.16,0.2,0.35,1.5,12,10.0,14.0,0.9,1.2,0.6,0.01,0.06,0.65,0.3,0.72,0.005,0.38,0.22,0.01,0.14,1.0,0.28
mpc,ground_truth,curvy,400.0,0.05,0.1,1.0,89.49919005483389,85.69754028320312,-50.68302536010742,17.116038688801567,0.8932263787785182,0.35227904464323023,-0.1009718219385638,0.35227904464323023,0.1009718219385638,0.04395848140120506,-0.022277284413576126,0.5482506155967712,0.0,18.009265067580085,112,106,4.911623477935791,RoadOption.STRAIGHT,92.81228637695312,-43.54286575317383,0.935167552042725,2.8,1.2,4.5,3.0,10.0,0.6,0.01,0.06,0.55,0.16,0.2,0.35,1.5,12,10.0,14.0,0.9,1.2,0.6,0.01,0.06,0.65,0.3,0.72,0.005,0.38,0.22,0.01,0.14,1.0,0.28
mpc,ground_truth,curvy,400.0,0.05,0.1,1.0,89.54919005557895,86.37361145019531,-50.156982421875,17.13582649186052,0.8768169176302294,0.36192384050272075,-0.10370628916682989,0.36192384050272075,0.10370628916682989,0.04061189293861389,-0.0033465884625911713,0.5563988089561462,0.0,18.01264340949075,113,107,4.921117305755615,RoadOption.STRAIGHT,93.3179931640625,-42.838905334472656,0.9605401535381823,2.8,1.2,4.5,3.0,10.0,0.6,0.01,0.06,0.55,0.16,0.2,0.35,1.5,12,10.0,14.0,0.9,1.2,0.6,0.01,0.06,0.65,0.3,0.72,0.005,0.38,0.22,0.01,0.14,1.0,0.28
mpc,ground_truth,curvy,400.0,0.05,0.1,1.0,89.599190056324,87.03900909423828,-49.6165771484375,17.14467115546055,0.8656745738315657,0.36788239345937734,-0.11071566257689147,0.36788239345937734,0.11071566257689147,0.05512944236397743,0.01451754942536354,0.5560339093208313,0.0,18.010345729292116,114,108,4.930100917816162,RoadOption.STRAIGHT,93.8056640625,-42.12234115600586,0.9859128881916943,2.8,1.2,4.5,3.0,10.0,0.6,0.01,0.06,0.55,0.16,0.2,0.35,1.5,12,10.0,14.0,0.9,1.2,0.6,0.01,0.06,0.65,0.3,0.72,0.005,0.38,0.22,0.01,0.14,1.0,0.28
mpc,ground_truth,curvy,400.0,0.05,0.1,1.0,89.64919005706906,87.69290924072266,-49.062191009521484,17.14318351029076,0.8678006369800286,0.37043799638802843,-0.11954084579719604,0.37043799638802843,0.11954084579719604,0.08000897616147995,0.024879533797502518,0.5732316374778748,0.0,18.01098414727079,115,109,4.939159870147705,RoadOption.STRAIGHT,94.2750015258789,-41.39363479614258,1.0112856228452063,2.8,1.2,4.5,3.0,10.0,0.6,0.01,0.06,0.55,0.16,0.2,0.35,1.5,12,10.0,14.0,0.9,1.2,0.6,0.01,0.06,0.65,0.3,0.72,0.005,0.38,0.22,0.01,0.14,1.0,0.28
mpc,ground_truth,curvy,400.0,0.05,0.1,1.0,89.69919005781412,88.33395385742188,-48.49363708496094,17.132251982212566,0.882586704403721,0.3707050742997611,-0.12738099230930766,0.3707050742997611,0.12738099230930766,0.10524112731218338,0.02523215115070343,0.5972952842712402,0.0,18.014838686616287,116,110,4.948815822601318,RoadOption.STRAIGHT,94.7257080078125,-40.65325927734375,1.036658091182609,2.8,1.2,4.5,3.0,10.0,0.6,0.01,0.06,0.55,0.16,0.2,0.35,1.5,12,10.0,14.0,0.9,1.2,0.6,0.01,0.06,0.65,0.3,0.72,0.005,0.38,0.22,0.01,0.14,1.0,0.28
mpc,ground_truth,curvy,400.0,0.05,0.1,1.0,89.74919005855918,88.960693359375,-47.910423278808594,17.116820791215233,0.8924442763648521,0.3700897485764725,-0.13218473570456535,0.3700897485764725,0.13218473570456535,0.12250033020973206,0.017259202897548676,0.5972956418991089,0.0,18.009265067580085,117,111,4.959308624267578,RoadOption.STRAIGHT,95.15748596191406,-39.90167999267578,1.062030825836121,2.8,1.2,4.5,3.0,10.0,0.6,0.01,0.06,0.55,0.16,0.2,0.35,1.5,12,10.0,14.0,0.9,1.2,0.6,0.01,0.06,0.65,0.3,0.72,0.005,0.38,0.22,0.01,0.14,1.0,0.28
mpc,ground_truth,curvy,400.0,0.05,0.1,1.0,89.79919005930424,89.57189178466797,-47.312049865722656,17.10185076858472,0.9079066947239589,0.36983805478352316,-0.13317982584587318,0.36983805478352316,0.13317982584587318,0.12728175520896912,0.0047814249992370605,0.6132988929748535,0.0,18.009757463308677,118,112,4.970604419708252,RoadOption.STRAIGHT,95.57005310058594,-39.13939666748047,1.0874032941735239,2.8,1.2,4.5,3.0,10.0,0.6,0.01,0.06,0.55,0.16,0.2,0.35,1.5,12,10.0,14.0,0.9,1.2,0.6,0.01,0.06,0.65,0.3,0.72,0.005,0.38,0.22,0.01,0.14,1.0,0.28
mpc,ground_truth,curvy,400.0,0.05,0.1,1.0,89.8491900600493,90.1667251586914,-46.69822692871094,17.09221014753444,0.9181355817576744,0.3707779945590026,-0.13088970704548686,0.3707779945590026,0.13088970704548686,0.12024085223674774,-0.0070409029722213745,0.6131560206413269,0.0,18.010345729292116,119,113,4.982454776763916,RoadOption.STRAIGHT,95.96314239501953,-38.36688995361328,1.1127760288270359,2.8,1.2,4.5,3.0,10.0,0.6,0.01,0.06,0.55,0.16,0.2,0.35,1.5,12,10.0,14.0,0.9,1.2,0.6,0.01,0.06,0.65,0.3,0.72,0.005,0.38,0.22,0.01,0.14,1.0,0.28
mpc,ground_truth,curvy,400.0,0.05,0.1,1.0,89.89919006079435,90.74494171142578,-46.06894302368164,17.09193311621536,0.9190510310554316,0.3730306286887233,-0.1267313807404098,0.3730306286887233,0.1267313807404098,0.10514930635690689,-0.01509154587984085,0.6025291681289673,0.0,18.01098414727079,120,114,4.99436616897583,RoadOption.STRAIGHT,96.33650970458984,-37.584659576416016,1.1381487634805478,2.8,1.2,4.5,3.0,10.0,0.6,0.01,0.06,0.55,0.16,0.2,0.35,1.5,12,10.0,14.0,0.9,1.2,0.6,0.01,0.06,0.65,0.3,0.72,0.005,0.38,0.22,0.01,0.14,1.0,0.28
mpc,ground_truth,curvy,400.0,0.05,0.1,1.0,89.94919006153941,91.3067398071289,-45.424560546875,17.099827934557318,0.9136786015588534,0.37614527133938847,-0.12250774040959911,0.37614527133938847,0.12250774040959911,0.08827457576990128,-0.016874730587005615,0.5917602181434631,0.0,18.01350653611617,121,115,5.005890846252441,RoadOption.STRAIGHT,96.68991088867188,-36.793209075927734,1.1635213649760052,2.8,1.2,4.5,3.0,10.0,0.6,0.01,0.06,0.55,0.16,0.2,0.35,1.5,12,10.0,14.0,0.9,1.2,0.6,0.01,0.06,0.65,0.3,0.72,0.005,0.38,0.22,0.01,0.14,1.0,0.28
mpc,ground_truth,curvy,400.0,0.05,0.1,1.0,89.99919006228447,91.85250091552734,-44.76580047607422,17.1117235024623,0.9017890080924289,0.37929871589969455,-0.11979737478919805,0.37929871589969455,0.11979737478919805,0.07569269835948944,-0.012581877410411835,0.5768058896064758,0.0,18.01351251055473,122,116,5.01680326461792,RoadOption.STRAIGHT,97.02312469482422,-35.9930419921875,1.1888940996295172,2.8,1.2,4.5,3.0,10.0,0.6,0.01,0.06,0.55,0.16,0.2,0.35,1.5,12,10.0,14.0,0.9,1.2,0.6,0.01,0.06,0.65,0.3,0.72,0.005,0.38,0.22,0.01,0.14,1.0,0.28
mpc,ground_truth,curvy,400.0,0.05,0.1,1.0,90.04919006302953,92.38247680664062,-44.09352111816406,17.122673676934195,0.8870837863744825,0.3817009216233651,-0.11943218882472095,0.3817009216233651,0.11943218882472095,0.07107699662446976,-0.004615701735019684,0.5646039843559265,0.0,18.009757463308677,123,117,5.02714729309082,RoadOption.STRAIGHT,97.33592987060547,-35.18468475341797,1.2142667011249746,2.8,1.2,4.5,3.0,10.0,0.6,0.01,0.06,0.55,0.16,0.2,0.35,1.5,12,10.0,14.0,0.9,1.2,0.6,0.01,0.06,0.65,0.3,0.72,0.005,0.38,0.22,0.01,0.14,1.0,0.28
mpc,ground_truth,curvy,400.0,0.05,0.1,1.0,90.09919006377459,92.8965835571289,-43.40855407714844,17.128333978115176,0.8842002506817828,0.38290630801315406,-0.1212905426333779,0.38290630801315406,0.1212905426333779,0.07493718713521957,0.003860190510749817,0.5770599246025085,0.0,18.01253422879696,124,118,5.037176609039307,RoadOption.STRAIGHT,97.62812805175781,-34.36865234375,1.239639302620432,2.8,1.2,4.5,3.0,10.0,0.6,0.01,0.06,0.55,0.16,0.2,0.35,1.5,12,10.0,14.0,0.9,1.2,0.6,0.01,0.06,0.65,0.3,0.72,0.005,0.38,0.22,0.01,0.14,1.0,0.28
mpc,ground_truth,curvy,400.0,0.05,0.1,1.0,90.14919006451964,93.39433288574219,-42.71152114868164,17.128131845938054,0.8828523013327363,0.38296134748998956,-0.12447335303115903,0.38296134748998956,0.12447335303115903,0.08456120640039444,0.009624019265174866,0.5780938267707825,0.0,18.01098414727079,125,119,5.047237396240234,RoadOption.STRAIGHT,97.89952087402344,-33.54546356201172,1.2650119041158894,2.8,1.2,4.5,3.0,10.0,0.6,0.01,0.06,0.55,0.16,0.2,0.35,1.5,12,10.0,14.0,0.9,1.2,0.6,0.01,0.06,0.65,0.3,0.72,0.005,0.38,0.22,0.01,0.14,1.0,0.28
mpc,ground_truth,curvy,400.0,0.05,0.1,1.0,90.1991900652647,93.87501525878906,-42.00282669067383,17.123611583516837,0.8898949525993345,0.3822586565781081,-0.1277537682828913,0.3822586565781081,0.1277537682828913,0.09581436961889267,0.01125316321849823,0.5923881530761719,0.0,18.01350653611617,126,120,5.057584285736084,RoadOption.STRAIGHT,98.14994812011719,-32.71565628051758,1.2903845056113468,2.8,1.2,4.5,3.0,10.0,0.6,0.01,0.06,0.55,0.16,0.2,0.35,1.5,12,10.0,14.0,0.9,1.2,0.6,0.01,0.06,0.65,0.3,0.72,0.005,0.38,0.22,0.01,0.14,1.0,0.28
mpc,ground_truth,curvy,400.0,0.05,0.1,1.0,90.24919006600976,94.33779907226562,-41.28269577026367,17.116567671355394,0.8972843191282678,0.3813930692899079,-0.13006912053460606,0.3813930692899079,0.13006912053460606,0.10453593730926514,0.008721567690372467,0.5972378253936768,0.0,18.013851990483662,127,121,5.068325519561768,RoadOption.STRAIGHT,98.3792495727539,-31.8797664642334,1.3157571071068044,2.8,1.2,4.5,3.0,10.0,0.6,0.01,0.06,0.55,0.16,0.2,0.35,1.5,12,10.0,14.0,0.9,1.2,0.6,0.01,0.06,0.65,0.3,0.72,0.005,0.38,0.22,0.01,0.14,1.0,0.28
mpc,ground_truth,curvy,400.0,0.05,0.1,1.0,90.29919006675482,94.78189849853516,-40.55132293701172,17.110072707315403,0.8996847559932739,0.38095340199880723,-0.1308566172689427,0.38095340199880723,0.1308566172689427,0.10814446210861206,0.003608524799346924,0.5926913619041443,0.0,18.009757463308677,128,122,5.079470634460449,RoadOption.STRAIGHT,98.5872573852539,-31.038328170776367,1.3411299749183707,2.8,1.2,4.5,3.0,10.0,0.6,0.01,0.06,0.55,0.16,0.2,0.35,1.5,12,10.0,14.0,0.9,1.2,0.6,0.01,0.06,0.65,0.3,0.72,0.005,0.38,0.22,0.01,0.14,1.0,0.28
mpc,ground_truth,curvy,400.0,0.05,0.1,1.0,90.34919006749988,95.20680236816406,-39.80892562866211,17.10536088183383,0.9104327079503491,0.3812625699871055,-0.13015360932018893,0.3812625699871055,0.13015360932018893,0.10614611208438873,-0.0019983500242233276,0.609157145023346,0.0,18.015793589784177,129,123,5.090853691101074,RoadOption.STRAIGHT,98.77385711669922,-30.19188117980957,1.366502576413828,2.8,1.2,4.5,3.0,10.0,0.6,0.01,0.06,0.55,0.16,0.2,0.35,1.5,12,10.0,14.0,0.9,1.2,0.6,0.01,0.06,0.65,0.3,0.72,0.005,0.38,0.22,0.01,0.14,1.0,0.28
mpc,ground_truth,curvy,400.0,0.05,0.1,1.0,90.39919006824493,95.6121826171875,-39.05582809448242,17.10463525589958,0.9063488913712092,0.3824364764568695,-0.12849312838052462,0.3824364764568695,0.12849312838052462,0.10000264644622803,-0.006143465638160706,0.5889087319374084,0.0,18.01098414727079,130,124,5.10231876373291,RoadOption.STRAIGHT,98.93892669677734,-29.340972900390625,1.3918751779092855,2.8,1.2,4.5,3.0,10.0,0.6,0.01,0.06,0.55,0.16,0.2,0.35,1.5,12,10.0,14.0,0.9,1.2,0.6,0.01,0.06,0.65,0.3,0.72,0.005,0.38,0.22,0.01,0.14,1.0,0.28
mpc,ground_truth,curvy,400.0,0.05,0.1,1.0,90.44919006898999,95.99805450439453,-38.29240417480469,17.10797262037314,0.9055339157430318,0.3842342585900711,-0.12665488143809744,0.3842342585900711,0.12665488143809744,0.0922393873333931,-0.00776325911283493,0.5923423767089844,0.0,18.01350653611617,131,125,5.113611698150635,RoadOption.STRAIGHT,99.08235168457031,-28.48615074157715,1.417247779404743,2.8,1.2,4.5,3.0,10.0,0.6,0.01,0.06,0.55,0.16,0.2,0.35,1.5,12,10.0,14.0,0.9,1.2,0.6,0.01,0.06,0.65,0.3,0.72,0.005,0.38,0.22,0.01,0.14,1.0,0.28
mpc,ground_truth,curvy,400.0,0.05,0.1,1.0,90.49919006973505,96.36454772949219,-37.51924133300781,17.112791725166165,0.9010602653174971,0.3862664874093622,-0.12538868149781912,0.3862664874093622,0.12538868149781912,0.08581557869911194,-0.0064238086342811584,0.5852677822113037,0.0,18.013851990483662,132,126,5.124654769897461,RoadOption.STRAIGHT,99.20404052734375,-27.627965927124023,1.4426203809002005,2.8,1.2,4.5,3.0,10.0,0.6,0.01,0.06,0.55,0.16,0.2,0.35,1.5,12,10.0,14.0,0.9,1.2,0.6,0.01,0.06,0.65,0.3,0.72,0.005,0.38,0.22,0.01,0.14,1.0,0.28
mpc,ground_truth,curvy,400.0,0.05,0.1,1.0,90.54919007048011,96.71178436279297,-36.7369384765625,17.118136983318276,0.8916204799904008,0.38814470821684255,-0.12515498911216483,0.38814470821684255,0.12515498911216483,0.08277977257966995,-0.003035806119441986,0.5736445188522339,0.0,18.009757463308677,133,127,5.135422229766846,RoadOption.STRAIGHT,99.30391693115234,-26.766969680786133,1.4679931155537123,2.8,1.2,4.5,3.0,10.0,0.6,0.01,0.06,0.55,0.16,0.2,0.35,1.5,12,10.0,14.0,0.9,1.2,0.6,0.01,0.06,0.65,0.3,0.72,0.005,0.38,0.22,0.01,0.14,1.0,0.28
mpc,ground_truth,curvy,400.0,0.05,0.1,1.0,90.59919007122517,97.0397720336914,-35.946163177490234,17.121149196378624,0.8961703000944041,0.389570468484544,-0.12599188748472212,0.389570468484544,0.12599188748472212,0.08350900560617447,0.0007292330265045166,0.593161940574646,0.0,18.01731949647303,134,128,5.146023750305176,RoadOption.STRAIGHT,99.38192749023438,-25.903717041015625,1.4933657170491699,2.8,1.2,4.5,3.0,10.0,0.6,0.01,0.06,0.55,0.16,0.2,0.35,1.5,12,10.0,14.0,0.9,1.2,0.6,0.01,0.06,0.65,0.3,0.72,0.005,0.38,0.22,0.01,0.14,1.0,0.28
mpc,ground_truth,curvy,400.0,0.05,0.1,1.0,90.64919007197022,97.34835815429688,-35.147544860839844,17.122165807233973,0.8893186050942639,0.39047153306078,-0.12756927779837612,0.39047153306078,0.12756927779837612,0.08735328167676926,0.0038442760705947876,0.575369119644165,0.0,18.011484412328237,135,129,5.156612873077393,RoadOption.STRAIGHT,99.43800354003906,-25.038761138916016,1.5187384517026816,2.8,1.2,4.5,3.0,10.0,0.6,0.01,0.06,0.55,0.16,0.2,0.35,1.5,12,10.0,14.0,0.9,1.2,0.6,0.01,0.06,0.65,0.3,0.72,0.005,0.38,0.22,0.01,0.14,1.0,0.28
mpc,ground_truth,curvy,400.0,0.05,0.1,1.0,90.69919007271528,97.63725280761719,-34.34158706665039,17.12138490176283,0.8921216343533409,0.390944769154408,-0.12935226414818413,0.390944769154408,0.12935226414818413,0.09254656732082367,0.005193285644054413,0.5886366367340088,0.0,18.01350653611617,136,130,5.167252540588379,RoadOption.STRAIGHT,99.47212219238281,-24.172664642333984,1.544111053198139,2.8,1.2,4.5,3.0,10.0,0.6,0.01,0.06,0.55,0.16,0.2,0.35,1.5,12,10.0,14.0,0.9,1.2,0.6,0.01,0.06,0.65,0.3,0.72,0.005,0.38,0.22,0.01,0.14,1.0,0.28
mpc,ground_truth,curvy,400.0,0.05,0.1,1.0,90.74919007346034,97.90599060058594,-33.528839111328125,17.118051043804396,0.895800946679266,0.3912622477292059,-0.13081327432220125,0.3912622477292059,0.13081327432220125,0.0970395877957344,0.004493020474910736,0.5918957591056824,0.0,18.013851990483662,137,131,5.17808198928833,RoadOption.STRAIGHT,99.48426055908203,-23.305978775024414,1.5694836546935966,2.8,1.2,4.5,3.0,10.0,0.6,0.01,0.06,0.55,0.16,0.2,0.35,1.5,12,10.0,14.0,0.9,1.2,0.6,0.01,0.06,0.65,0.3,0.72,0.005,0.38,0.22,0.01,0.14,1.0,0.28
mpc,ground_truth,curvy,400.0,0.05,0.1,1.0,90.7991900742054,98.1541748046875,-32.70975875854492,17.114765872438714,0.8998275585934472,0.3916718455873982,-0.13161515212642438,0.3916718455873982,0.13161515212642438,0.09944254904985428,0.002402961254119873,0.5947284698486328,0.0,18.01459343103216,138,132,5.189107894897461,RoadOption.STRAIGHT,99.47518920898438,-22.386852264404297,7.868063897186604,2.8,1.2,4.5,3.0,10.0,0.6,0.01,0.06,0.55,0.16,0.2,0.35,1.5,12,10.0,14.0,0.9,1.2,0.6,0.01,0.06,0.65,0.3,0.72,0.005,0.38,0.22,0.01,0.14,1.0,0.28
mpc,ground_truth,curvy,400.0,0.05,0.1,1.0,90.84919007495046,98.38146209716797,-31.884777069091797,17.11260690612988,0.9064686669179522,0.39238384873399135,-0.13169597906550834,0.39238384873399135,0.13169597906550834,0.09920649975538254,-0.00023604929447174072,0.6018505096435547,0.0,18.019075573047832,139,133,5.200276851654053,RoadOption.STRAIGHT,99.46231079101562,-21.372220993041992,7.865261186455404,2.8,1.2,4.5,3.0,10.0,0.6,0.01,0.06,0.55,0.16,0.2,0.35,1.5,12,10.0,14.0,0.9,1.2,0.6,0.01,0.06,0.65,0.3,0.72,0.005,0.38,0.22,0.01,0.14,1.0,0.28
mpc,ground_truth,curvy,400.0,0.05,0.1,1.0,90.89919007569551,98.58767700195312,-31.054311752319336,17.11295243035356,0.8985319819746778,0.3934554195361506,-0.13124643747350317,0.3934554195361506,0.13124643747350317,0.09691961109638214,-0.0022868886590003967,0.579595148563385,0.0,18.011484412328237,140,134,5.211474418640137,RoadOption.STRAIGHT,99.45227813720703,-20.357559204101562,7.862459008356423,2.8,1.2,4.5,3.0,10.0,0.6,0.01,0.06,0.55,0.16,0.2,0.35,1.5,12,10.0,14.0,0.9,1.2,0.6,0.01,0.06,0.65,0.3,0.72,0.005,0.38,0.22,0.01,0.14,1.0,0.28
mpc,ground_truth,curvy,400.0,0.05,0.1,1.0,90.94919007644057,98.77275085449219,-30.218795776367188,17.114347944871437,0.902659893016402,0.3948116498024408,-0.13060434933468468,0.3948116498024408,0.13060434933468468,0.09347867220640182,-0.003440938889980316,0.5965494513511658,0.0,18.01700783788784,141,135,5.222578048706055,RoadOption.STRAIGHT,99.44512176513672,-19.34287452697754,7.85965736288966,2.8,1.2,4.5,3.0,10.0,0.6,0.01,0.06,0.55,0.16,0.2,0.35,1.5,12,10.0,14.0,0.9,1.2,0.6,0.01,0.06,0.65,0.3,0.72,0.005,0.38,0.22,0.01,0.14,1.0,0.28
mpc,ground_truth,curvy,400.0,0.05,0.1,1.0,90.99919007718563,98.93670654296875,-29.378814697265625,17.115998576943795,0.9005152108994992,0.39631397424331827,-0.13012977402843262,0.39631397424331827,0.13012977402843262,0.0903172641992569,-0.003161408007144928,0.5877355337142944,0.0,18.016513787843294,141,136,5.233609676361084,RoadOption.STRAIGHT,99.44512176513672,-19.34287452697754,7.85965736288966,2.8,1.2,4.5,3.0,10.0,0.6,0.01,0.06,0.55,0.16,0.2,0.35,1.5,12,10.0,14.0,0.9,1.2,0.6,0.01,0.06,0.65,0.3,0.72,0.005,0.38,0.22,0.01,0.14,1.0,0.28
mpc,ground_truth,curvy,400.0,0.05,0.1,1.0,91.04919007793069,99.07962799072266,-28.53486442565918,17.118909196748543,0.8976045910947512,0.27596178203278765,-0.10470204509841086,0.27596178203278765,0.10470204509841086,0.12976928055286407,0.03945201635360718,0.585070013999939,0.0,18.016513787843294,142,136,4.379822254180908,RoadOption.STRAIGHT,99.44075775146484,-18.328170776367188,7.856854652158461,2.8,1.2,4.5,3.0,10.0,0.6,0.01,0.06,0.55,0.16,0.2,0.35,1.5,12,10.0,14.0,0.9,1.2,0.6,0.01,0.06,0.65,0.3,0.72,0.005,0.38,0.22,0.01,0.14,1.0,0.28
mpc,ground_truth,curvy,400.0,0.05,0.1,1.0,91.09919007867575,99.19908142089844,-27.687744140625,17.10223802668372,1.0892757611595734,0.2794270729883636,-0.102899085040427,0.2794270729883636,0.102899085040427,0.11882441490888596,-0.010944865643978119,0.9335708618164062,0.0,18.191513787843295,143,137,4.391036033630371,RoadOption.STRAIGHT,99.43927001953125,-17.313461303710938,7.854052474059479,2.8,1.2,4.5,3.0,10.0,0.6,0.01,0.06,0.55,0.16,0.2,0.35,1.5,12,10.0,14.0,0.9,1.2,0.6,0.01,0.06,0.65,0.3,0.72,0.005,0.38,0.22,0.01,0.14,1.0,0.28
mpc,ground_truth,curvy,400.0,0.05,0.1,1.0,91.1491900794208,99.29421997070312,-26.837968826293945,17.10445165792583,1.2620621299174672,0.24363101785423072,-0.0891262811469744,0.24363101785423072,0.0891262811469744,0.04974277317523956,-0.06908164173364639,1.0,0.0,18.366513787843296,144,138,4.454794406890869,RoadOption.STRAIGHT,99.44063568115234,-16.298751831054688,7.851250295960497,2.8,1.2,4.5,3.0,10.0,0.6,0.01,0.06,0.55,0.16,0.2,0.35,1.5,12,10.0,14.0,0.9,1.2,0.6,0.01,0.06,0.65,0.3,0.72,0.005,0.38,0.22,0.01,0.14,1.0,0.28
mpc,ground_truth,curvy,400.0,0.05,0.1,1.0,91.19919008016586,99.3699951171875,-25.983610153198242,17.192116733830044,1.3493970540132523,0.1443231044052442,-0.06048891047118765,0.1443231044052442,0.06048891047118765,0.03829006850719452,-0.011452704668045044,0.9644401669502258,0.0,18.541513787843297,145,139,4.612313270568848,RoadOption.STRAIGHT,99.44406127929688,-15.29485034942627,1.5673213010465068,2.8,1.2,4.5,3.0,10.0,0.6,0.01,0.06,0.55,0.16,0.2,0.35,1.5,12,10.0,14.0,0.9,1.2,0.6,0.01,0.06,0.65,0.3,0.72,0.005,0.38,0.22,0.01,0.14,1.0,0.28
mpc,ground_truth,curvy,400.0,0.05,0.1,1.0,91.24919008091092,99.42938232421875,-25.121673583984375,17.337924760130417,1.3785890277128807,0.06328168773440326,-0.03722073886911126,0.06328168773440326,0.03722073886911126,0.045752979815006256,0.007462911307811737,0.9121837615966797,0.0,18.716513787843297,146,140,4.764169692993164,RoadOption.STRAIGHT,99.4465103149414,-14.305353164672852,1.5693213350251562,2.8,1.2,4.5,3.0,10.0,0.6,0.01,0.06,0.55,0.16,0.2,0.35,1.5,12,10.0,14.0,0.9,1.2,0.6,0.01,0.06,0.65,0.3,0.72,0.005,0.38,0.22,0.01,0.14,1.0,0.28
mpc,ground_truth,curvy,400.0,0.05,0.1,1.0,91.29919008165598,99.47199249267578,-24.250526428222656,17.512082303351214,1.379431484492084,0.0009840575166340376,-0.017093632614728627,0.0009840575166340376,0.017093632614728627,0.046533841639757156,0.0007808618247509003,0.8786698579788208,0.0,18.891513787843298,147,141,4.907725811004639,RoadOption.STRAIGHT,99.44699096679688,-13.3158540725708,1.5713212358457511,2.8,1.2,4.5,3.0,10.0,0.6,0.01,0.06,0.55,0.16,0.2,0.35,1.5,12,10.0,14.0,0.9,1.2,0.6,0.01,0.06,0.65,0.3,0.72,0.005,0.38,0.22,0.01,0.14,1.0,0.28
mpc,ground_truth,curvy,400.0,0.05,0.1,1.0,91.34919008240104,99.49803161621094,-23.369550704956055,17.700815155553773,1.3656986322895257,-0.0427896720888329,0.001496030742351273,0.0427896720888329,0.001496030742351273,0.03293268755078316,-0.013601154088973999,0.852939784526825,0.0,19.0665137878433,147,142,5.04170560836792,RoadOption.STRAIGHT,99.44699096679688,-13.3158540725708,1.5713212358457511,2.8,1.2,4.5,3.0,10.0,0.6,0.01,0.06,0.55,0.16,0.2,0.35,1.5,12,10.0,14.0,0.9,1.2,0.6,0.01,0.06,0.65,0.3,0.72,0.005,0.38,0.22,0.01,0.14,1.0,0.28
mpc,ground_truth,curvy,400.0,0.05,0.1,1.0,91.3991900831461,99.50935363769531,-22.478534698486328,17.898463391877314,1.3430503959659852,-0.05667154851306393,0.015444336951641269,0.05667154851306393,0.015444336951641269,0.003624786389991641,-0.029307901160791516,0.8286523818969727,0.0,19.2415137878433,148,142,4.150930881500244,RoadOption.STRAIGHT,99.44548034667969,-12.326355934143066,1.5733214029824552,2.8,1.2,4.5,3.0,10.0,0.6,0.01,0.06,0.55,0.16,0.2,0.35,1.5,12,10.0,14.0,0.9,1.2,0.6,0.01,0.06,0.65,0.3,0.72,0.005,0.38,0.22,0.01,0.14,1.0,0.28
mpc,ground_truth,curvy,400.0,0.05,0.1,1.0,91.44919008389115,99.50956726074219,-21.57746696472168,18.099046575036464,1.3174672128068359,-0.06999517851135403,0.028362266135180114,0.06999517851135403,0.028362266135180114,-0.024699164554476738,-0.02832395094446838,0.809780478477478,0.0,19.4165137878433,149,143,4.264585494995117,RoadOption.STRAIGHT,99.44197845458984,-11.336862564086914,1.5753213038030502,2.8,1.2,4.5,3.0,10.0,0.6,0.01,0.06,0.55,0.16,0.2,0.35,1.5,12,10.0,14.0,0.9,1.2,0.6,0.01,0.06,0.65,0.3,0.72,0.005,0.38,0.22,0.01,0.14,1.0,0.28
mpc,ground_truth,curvy,400.0,0.05,0.1,1.0,91.49919008463621,99.50289154052734,-20.666629791259766,18.293045618699598,1.1513988257448453,-0.07418576343393227,0.03555240160423079,0.07418576343393227,0.03555240160423079,-0.04279766604304314,-0.0180985014885664,0.541557252407074,0.0,19.444444444444443,150,144,4.368321895599365,RoadOption.STRAIGHT,99.43651580810547,-10.347376823425293,1.5773213377816997,2.8,1.2,4.5,3.0,10.0,0.6,0.01,0.06,0.55,0.16,0.2,0.35,1.5,12,10.0,14.0,0.9,1.2,0.6,0.01,0.06,0.65,0.3,0.72,0.005,0.38,0.22,0.01,0.14,1.0,0.28
mpc,ground_truth,curvy,400.0,0.05,0.1,1.0,91.54919008538127,99.49302673339844,-19.746767044067383,18.46097425216658,0.9834701922778635,-0.06443565246032633,0.03461590100690426,0.06443565246032633,0.03461590100690426,-0.04305635765194893,-0.00025869160890579224,0.43856775760650635,0.0,19.444444444444443,151,145,4.452186107635498,RoadOption.STRAIGHT,99.42973327636719,-9.348533630371094,1.5776161497143715,2.8,1.2,4.5,3.0,10.0,0.6,0.01,0.06,0.55,0.16,0.2,0.35,1.5,12,10.0,14.0,0.9,1.2,0.6,0.01,0.06,0.65,0.3,0.72,0.005,0.38,0.22,0.01,0.14,1.0,0.28
mpc,ground_truth,curvy,400.0,0.05,0.1,1.0,91.59919008612633,99.48243713378906,-18.8204402923584,18.563670550330535,0.8807738941139078,-0.04258649370464003,0.026462233855463424,0.04258649370464003,0.026462233855463424,-0.03659765049815178,0.00645870715379715,0.4552287757396698,0.0,19.444444444444443,152,146,4.515230178833008,RoadOption.STRAIGHT,99.42291259765625,-8.348557472229004,1.5776161497143715,2.8,1.2,4.5,3.0,10.0,0.6,0.01,0.06,0.55,0.16,0.2,0.35,1.5,12,10.0,14.0,0.9,1.2,0.6,0.01,0.06,0.65,0.3,0.72,0.005,0.38,0.22,0.01,0.14,1.0,0.28
mpc,ground_truth,curvy,400.0,0.05,0.1,1.0,91.64919008687139,99.47284698486328,-17.890872955322266,18.606873799459635,0.8375706449848082,-0.023454545795251084,0.01611625249466897,0.023454545795251084,0.01611625249466897,-0.023413904011249542,0.013183746486902237,0.5006985068321228,0.0,19.444444444444443,153,147,4.575092315673828,RoadOption.STRAIGHT,99.41609191894531,-7.348580360412598,1.5776161497143715,2.8,1.2,4.5,3.0,10.0,0.6,0.01,0.06,0.55,0.16,0.2,0.35,1.5,12,10.0,14.0,0.9,1.2,0.6,0.01,0.06,0.65,0.3,0.72,0.005,0.38,0.22,0.01,0.14,1.0,0.28
mpc,ground_truth,curvy,400.0,0.05,0.1,1.0,91.69919008761644,99.46517181396484,-16.960283279418945,18.614944211589062,0.8295002328553807,-0.007990397348561967,0.0057813232523988844,0.007990397348561967,0.0057813232523988844,-0.0063631548546254635,0.01705074915662408,0.5380156636238098,0.0,19.444444444444443,154,148,4.633969306945801,RoadOption.STRAIGHT,99.40927124023438,-6.348603248596191,1.5776161497143715,2.8,1.2,4.5,3.0,10.0,0.6,0.01,0.06,0.55,0.16,0.2,0.35,1.5,12,10.0,14.0,0.9,1.2,0.6,0.01,0.06,0.65,0.3,0.72,0.005,0.38,0.22,0.01,0.14,1.0,0.28
mpc,ground_truth,curvy,400.0,0.05,0.1,1.0,91.7491900883615,99.45930480957031,-16.029788970947266,18.607526849222616,0.8369175952218271,0.003909134026250063,-0.0026499784426832207,0.003909134026250063,0.0026499784426832207,0.008719256147742271,0.015082411002367735,0.5610513687133789,0.0,19.444444444444443,155,149,4.692958831787109,RoadOption.STRAIGHT,99.40245056152344,-5.348626613616943,1.5776161497143715,2.8,1.2,4.5,3.0,10.0,0.6,0.01,0.06,0.55,0.16,0.2,0.35,1.5,12,10.0,14.0,0.9,1.2,0.6,0.01,0.06,0.65,0.3,0.72,0.005,0.38,0.22,0.01,0.14,1.0,0.28
mpc,ground_truth,curvy,400.0,0.05,0.1,1.0,91.79919008910656,99.45448303222656,-15.09981918334961,18.59563301638082,0.8488114280636232,0.013042676930950313,-0.008044078072584337,0.013042676930950313,0.008044078072584337,0.015557804144918919,0.006838547997176647,0.5735594630241394,0.0,19.444444444444443,156,150,4.752476692199707,RoadOption.STRAIGHT,99.3956298828125,-4.348650932312012,1.5776161497143715,2.8,1.2,4.5,3.0,10.0,0.6,0.01,0.06,0.55,0.16,0.2,0.35,1.5,12,10.0,14.0,0.9,1.2,0.6,0.01,0.06,0.65,0.3,0.72,0.005,0.38,0.22,0.01,0.14,1.0,0.28
mpc,ground_truth,curvy,400.0,0.05,0.1,1.0,91.84919008985162,99.45006561279297,-14.17042064666748,18.584641578546734,0.8598028658977093,0.012552297081218761,-0.008745155229547663,0.012552297081218761,0.008745155229547663,0.015413868241012096,-0.0001439359039068222,0.5790714621543884,0.0,19.444444444444443,157,151,4.821930408477783,RoadOption.STRAIGHT,99.38880920410156,-3.3486738204956055,1.5776161497143715,2.8,1.2,4.5,3.0,10.0,0.6,0.01,0.06,0.55,0.16,0.2,0.35,1.5,12,10.0,14.0,0.9,1.2,0.6,0.01,0.06,0.65,0.3,0.72,0.005,0.38,0.22,0.01,0.14,1.0,0.28
mpc,ground_truth,curvy,400.0,0.05,0.1,1.0,91.89919009059668,99.44566345214844,-13.241483688354492,18.57656396999807,0.8678804744463733,0.01061830626491236,-0.007095726408406833,0.01061830626491236,0.007095726408406833,0.01232309639453888,-0.003090771846473217,0.5804213881492615,0.0,19.444444444444443,158,152,4.892979621887207,RoadOption.STRAIGHT,99.38198852539062,-2.348696708679199,1.5776161497143715,2.8,1.2,4.5,3.0,10.0,0.6,0.01,0.06,0.55,0.16,0.2,0.35,1.5,12,10.0,14.0,0.9,1.2,0.6,0.01,0.06,0.65,0.3,0.72,0.005,0.38,0.22,0.01,0.14,1.0,0.28
mpc,ground_truth,curvy,400.0,0.05,0.1,1.0,91.94919009134173,99.44099426269531,-12.312857627868652,18.571335593924992,0.8731088505194506,0.008953464803002065,-0.0044823664307123146,0.008953464803002065,0.0044823664307123146,0.006013276521116495,-0.006309819873422384,0.5801393389701843,0.0,19.444444444444443,159,153,4.9643402099609375,RoadOption.STRAIGHT,99.37516784667969,-1.3487194776535034,1.5776161497143715,2.8,1.2,4.5,3.0,10.0,0.6,0.01,0.06,0.55,0.16,0.2,0.35,1.5,12,10.0,14.0,0.9,1.2,0.6,0.01,0.06,0.65,0.3,0.72,0.005,0.38,0.22,0.01,0.14,1.0,0.28
mpc,ground_truth,curvy,400.0,0.05,0.1,1.0,91.99919009208679,99.43600463867188,-11.384418487548828,18.568194923451383,0.8762495209930599,0.007610325212280472,-0.0019377160091416101,0.007610325212280472,0.0019377160091416101,-0.0007027810206636786,-0.006716057541780174,0.5795184969902039,0.0,19.444444444444443,159,154,5.035886764526367,RoadOption.STRAIGHT,99.37516784667969,-1.3487194776535034,1.5776161497143715,2.8,1.2,4.5,3.0,10.0,0.6,0.01,0.06,0.55,0.16,0.2,0.35,1.5,12,10.0,14.0,0.9,1.2,0.6,0.01,0.06,0.65,0.3,0.72,0.005,0.38,0.22,0.01,0.14,1.0,0.28
mpc,ground_truth,curvy,400.0,0.05,0.1,1.0,92.04919009283185,99.43087005615234,-10.456094741821289,18.566287385447602,0.878157058996841,0.0064138338454909315,-0.00023875239172532758,0.0064138338454909315,0.00023875239172532758,-0.005160868633538485,-0.004458087612874806,0.5791832804679871,0.0,19.444444444444443,160,154,4.107548713684082,RoadOption.STRAIGHT,99.36834716796875,-0.34874236583709717,1.5776161497143715,2.8,1.2,4.5,3.0,10.0,0.6,0.01,0.06,0.55,0.16,0.2,0.35,1.5,12,10.0,14.0,0.9,1.2,0.6,0.01,0.06,0.65,0.3,0.72,0.005,0.38,0.22,0.01,0.14,1.0,0.28
mpc,ground_truth,curvy,400.0,0.05,0.1,1.0,92.09919009357691,99.42582702636719,-9.527837753295898,18.56507934506643,0.8793650993780133,0.005125337755975623,0.00031784827610081834,0.005125337755975623,0.00031784827610081834,-0.006033774930983782,-0.0008729062974452972,0.5790687203407288,0.0,19.444444444444443,161,155,4.179276943206787,RoadOption.STRAIGHT,99.36153411865234,0.6512347459793091,1.5776161497143715,2.8,1.2,4.5,3.0,10.0,0.6,0.01,0.06,0.55,0.16,0.2,0.35,1.5,12,10.0,14.0,0.9,1.2,0.6,0.01,0.06,0.65,0.3,0.72,0.005,0.38,0.22,0.01,0.14,1.0,0.28
mpc,ground_truth,curvy,400.0,0.05,0.1,1.0,92.14919009432197,99.42098236083984,-8.59962272644043,18.56436693414736,0.8800775102970846,0.0036387616866896608,-6.0054282581489815e-05,0.0036387616866896608,6.0054282581489815e-05,-0.003693710081279278,0.002340064849704504,0.5789014101028442,0.0,19.444444444444443,162,156,4.251047611236572,RoadOption.STRAIGHT,99.3547134399414,1.6512118577957153,1.5776161497143715,2.8,1.2,4.5,3.0,10.0,0.6,0.01,0.06,0.55,0.16,0.2,0.35,1.5,12,10.0,14.0,0.9,1.2,0.6,0.01,0.06,0.65,0.3,0.72,0.005,0.38,0.22,0.01,0.14,1.0,0.28
mpc,ground_truth,curvy,400.0,0.05,0.1,1.0,92.19919009506702,99.41626739501953,-7.671431064605713,18.564011668084373,0.8804327763600703,0.00202265802635462,-0.0008395615336471707,0.00202265802635462,0.0008395615336471707,0.0002301284985151142,0.003923838579794392,0.578685998916626,0.0,19.444444444444443,163,157,4.322844982147217,RoadOption.STRAIGHT,99.34789276123047,2.651188850402832,1.5776161497143715,2.8,1.2,4.5,3.0,10.0,0.6,0.01,0.06,0.55,0.16,0.2,0.35,1.5,12,10.0,14.0,0.9,1.2,0.6,0.01,0.06,0.65,0.3,0.72,0.005,0.38,0.22,0.01,0.14,1.0,0.28
mpc,ground_truth,curvy,400.0,0.05,0.1,1.0,92.24919009581208,99.41143035888672,-6.743250370025635,18.56382368041526,0.8806207640291817,0.0005286966339411656,-0.0014395717272424058,0.0005286966339411656,0.0014395717272424058,0.0036824997514486313,0.003452371252933517,0.5785980224609375,0.0,19.444444444444443,164,158,4.394652366638184,RoadOption.STRAIGHT,99.34107208251953,3.6511659622192383,1.5776161497143715,2.8,1.2,4.5,3.0,10.0,0.6,0.01,0.06,0.55,0.16,0.2,0.35,1.5,12,10.0,14.0,0.9,1.2,0.6,0.01,0.06,0.65,0.3,0.72,0.005,0.38,0.22,0.01,0.14,1.0,0.28
mpc,ground_truth,curvy,400.0,0.05,0.1,1.0,92.29919009655714,99.40623474121094,-5.815080642700195,18.563674254758308,0.8807701896861353,-0.0006066159471475423,-0.0014896391557357447,0.0006066159471475423,0.0014896391557357447,0.005185625050216913,0.001503125298768282,0.578641414642334,0.0,19.444444444444443,165,159,4.466469764709473,RoadOption.STRAIGHT,99.3342514038086,4.651139259338379,1.5776161497143715,2.8,1.2,4.5,3.0,10.0,0.6,0.01,0.06,0.55,0.16,0.2,0.35,1.5,12,10.0,14.0,0.9,1.2,0.6,0.01,0.06,0.65,0.3,0.72,0.005,0.38,0.22,0.01,0.14,1.0,0.28
mpc,ground_truth,curvy,400.0,0.05,0.1,1.0,92.3491900973022,99.40050506591797,-4.8869194984436035,18.563562501129695,0.8808819433147477,-0.00120782560893044,-0.0009475527158500086,0.00120782560893044,0.0009475527158500086,0.004296172875910997,-0.0008894521743059158,0.5786632895469666,0.0,19.444444444444443,166,160,4.5382914543151855,RoadOption.STRAIGHT,99.32743072509766,5.651116371154785,1.5776161497143715,2.8,1.2,4.5,3.0,10.0,0.6,0.01,0.06,0.55,0.16,0.2,0.35,1.5,12,10.0,14.0,0.9,1.2,0.6,0.01,0.06,0.65,0.3,0.72,0.005,0.38,0.22,0.01,0.14,1.0,0.28
mpc,ground_truth,curvy,400.0,0.05,0.1,1.0,92.39919009804726,99.39424896240234,-3.9587647914886475,18.56352388636373,0.8809205580807138,-0.0012749461720665614,-6.351639199841941e-05,0.0012749461720665614,6.351639199841941e-05,0.0017697584116831422,-0.002526414464227855,0.57859867811203,0.0,19.444444444444443,167,161,4.610116004943848,RoadOption.STRAIGHT,99.32061004638672,6.651093482971191,1.5776161497143715,2.8,1.2,4.5,3.0,10.0,0.6,0.01,0.06,0.55,0.16,0.2,0.35,1.5,12,10.0,14.0,0.9,1.2,0.6,0.01,0.06,0.65,0.3,0.72,0.005,0.38,0.22,0.01,0.14,1.0,0.28
mpc,ground_truth,curvy,400.0,0.05,0.1,1.0,92.44919009879231,99.3875961303711,-3.0306124687194824,18.5635359561143,0.8809084883301423,-0.000952960402972082,0.0007821704121564466,0.000952960402972082,0.0007821704121564466,-0.0012164394138380885,-0.0029861978255212307,0.5785306096076965,0.0,19.444444444444443,168,162,4.681940078735352,RoadOption.STRAIGHT,99.31378936767578,7.651070594787598,1.5776161497143715,2.8,1.2,4.5,3.0,10.0,0.6,0.01,0.06,0.55,0.16,0.2,0.35,1.5,12,10.0,14.0,0.9,1.2,0.6,0.01,0.06,0.65,0.3,0.72,0.005,0.38,0.22,0.01,0.14,1.0,0.28
mpc,ground_truth,curvy,400.0,0.05,0.1,1.0,92.49919009953737,99.38082122802734,-2.1024603843688965,18.56354396490417,0.8809004795402728,-0.0005089063471308344,0.001257544666735555,0.0005089063471308344,0.001257544666735555,-0.0032733911648392677,-0.0020569517510011792,0.5785306692123413,0.0,19.444444444444443,169,163,4.753763675689697,RoadOption.STRAIGHT,99.30697631835938,8.651047706604004,1.5776161497143715,2.8,1.2,4.5,3.0,10.0,0.6,0.01,0.06,0.55,0.16,0.2,0.35,1.5,12,10.0,14.0,0.9,1.2,0.6,0.01,0.06,0.65,0.3,0.72,0.005,0.38,0.22,0.01,0.14,1.0,0.28
mpc,ground_truth,curvy,400.0,0.05,0.1,1.0,92.54919010028243,99.37413024902344,-1.174308180809021,18.563527071014704,0.8809173734297389,-0.0001487736795042771,0.0012221246242374306,0.0001487736795042771,0.0012221246242374306,-0.0036964898463338614,-0.0004230986814945936,0.5785707235336304,0.0,19.444444444444443,170,164,4.825587749481201,RoadOption.STRAIGHT,99.30015563964844,9.65102481842041,1.5776161497143715,2.8,1.2,4.5,3.0,10.0,0.6,0.01,0.06,0.55,0.16,0.2,0.35,1.5,12,10.0,14.0,0.9,1.2,0.6,0.01,0.06,0.65,0.3,0.72,0.005,0.38,0.22,0.01,0.14,1.0,0.28
mpc,ground_truth,curvy,400.0,0.05,0.1,1.0,92.59919010102749,99.3676528930664,-0.24615515768527985,18.56351491240327,0.8809295320411721,-2.290695564940992e-06,0.0007639277586894977,2.290695564940992e-06,0.0007639277586894977,-0.002553112804889679,0.0011433770414441824,0.5785723328590393,0.0,19.444444444444443,171,165,4.897408962249756,RoadOption.STRAIGHT,99.2933349609375,10.651001930236816,1.5776161497143715,2.8,1.2,4.5,3.0,10.0,0.6,0.01,0.06,0.55,0.16,0.2,0.35,1.5,12,10.0,14.0,0.9,1.2,0.6,0.01,0.06,0.65,0.3,0.72,0.005,0.38,0.22,0.01,0.14,1.0,0.28
mpc,ground_truth,curvy,400.0,0.05,0.1,1.0,92.64919010177255,99.36139678955078,0.6819995045661926,18.56352261249979,0.8809218319446543,-7.704017094401633e-05,0.00013062805146812906,7.704017094401633e-05,0.00013062805146812906,-0.0005546552711166441,0.001998457533773035,0.5785438418388367,0.0,19.444444444444443,172,166,4.96923303604126,RoadOption.STRAIGHT,99.28651428222656,11.650979042053223,1.5776161497143715,2.8,1.2,4.5,3.0,10.0,0.6,0.01,0.06,0.55,0.16,0.2,0.35,1.5,12,10.0,14.0,0.9,1.2,0.6,0.01,0.06,0.65,0.3,0.72,0.005,0.38,0.22,0.01,0.14,1.0,0.28
mpc,ground_truth,curvy,400.0,0.05,0.1,1.0,92.6991901025176,99.35526275634766,1.610155701637268,18.563537386387523,0.8809070580569198,-0.00027386758720668314,-0.0003952131057678443,0.00027386758720668314,0.0003952131057678443,0.001328327227383852,0.0018829824985004961,0.578526496887207,0.0,19.444444444444443,172,167,5.041057586669922,RoadOption.STRAIGHT,99.28651428222656,11.650979042053223,1.5776161497143715,2.8,1.2,4.5,3.0,10.0,0.6,0.01,0.06,0.55,0.16,0.2,0.35,1.5,12,10.0,14.0,0.9,1.2,0.6,0.01,0.06,0.65,0.3,0.72,0.005,0.38,0.22,0.01,0.14,1.0,0.28
mpc,ground_truth,curvy,400.0,0.05,0.1,1.0,92.74919010326266,99.3490982055664,2.5383121967315674,18.5635375421801,0.8809069022643428,-0.00043927403322847544,-0.0006217149564786695,0.00043927403322847544,0.0006217149564786695,0.0023116297088563442,0.0009833024814724922,0.5785439610481262,0.0,19.444444444444443,173,167,4.112880706787109,RoadOption.STRAIGHT,99.27969360351562,12.650954246520996,1.5776161497143715,2.8,1.2,4.5,3.0,10.0,0.6,0.01,0.06,0.55,0.16,0.2,0.35,1.5,12,10.0,14.0,0.9,1.2,0.6,0.01,0.06,0.65,0.3,0.72,0.005,0.38,0.22,0.01,0.14,1.0,0.28
mpc,ground_truth,curvy,400.0,0.05,0.1,1.0,92.79919010400772,99.34282684326172,3.4664671421051025,18.563530299421565,0.8809141450228779,-0.000498767005214059,-0.0005115932454042849,0.000498767005214059,0.0005115932454042849,0.0021246352698653936,-0.00018699443899095058,0.5785571932792664,0.0,19.444444444444443,174,168,4.184704780578613,RoadOption.STRAIGHT,99.27287292480469,13.650931358337402,1.5776161497143715,2.8,1.2,4.5,3.0,10.0,0.6,0.01,0.06,0.55,0.16,0.2,0.35,1.5,12,10.0,14.0,0.9,1.2,0.6,0.01,0.06,0.65,0.3,0.72,0.005,0.38,0.22,0.01,0.14,1.0,0.28
mpc,ground_truth,curvy,400.0,0.05,0.1,1.0,92.84919010475278,99.33639526367188,4.3946213722229,18.563530337889524,0.8809141065549184,-0.00039041232289060285,-0.00017643442221793038,0.00039041232289060285,0.00017643442221793038,0.001085684634745121,-0.0010389506351202726,0.5785484313964844,0.0,19.444444444444443,175,169,4.256528377532959,RoadOption.STRAIGHT,99.26605224609375,14.650908470153809,1.5776161497143715,2.8,1.2,4.5,3.0,10.0,0.6,0.01,0.06,0.55,0.16,0.2,0.35,1.5,12,10.0,14.0,0.9,1.2,0.6,0.01,0.06,0.65,0.3,0.72,0.005,0.38,0.22,0.01,0.14,1.0,0.28
mpc,ground_truth,curvy,400.0,0.05,0.1,1.0,92.89919010549784,99.32986450195312,5.322774410247803,18.563536461063908,0.8809079833805349,-0.0001904989054426036,0.0001986718173201396,0.0001904989054426036,0.0001986718173201396,-0.0002934521180577576,-0.0013791367528028786,0.5785374641418457,0.0,19.444444444444443,176,170,4.328352928161621,RoadOption.STRAIGHT,99.25923156738281,15.650885581970215,1.5776161497143715,2.8,1.2,4.5,3.0,10.0,0.6,0.01,0.06,0.55,0.16,0.2,0.35,1.5,12,10.0,14.0,0.9,1.2,0.6,0.01,0.06,0.65,0.3,0.72,0.005,0.38,0.22,0.01,0.14,1.0,0.28
mpc,ground_truth,curvy,400.0,0.05,0.1,1.0,92.9491901062429,99.32329559326172,6.250927448272705,18.563540560071534,0.8809038843729091,4.756059755753328e-05,0.0004430168473348317,4.756059755753328e-05,0.0004430168473348317,-0.0013444020878523588,-0.0010509499697946012,0.5785374045372009,0.0,19.444444444444443,177,171,4.400177001953125,RoadOption.STRAIGHT,99.25241088867188,16.650863647460938,1.5776161497143715,2.8,1.2,4.5,3.0,10.0,0.6,0.01,0.06,0.55,0.16,0.2,0.35,1.5,12,10.0,14.0,0.9,1.2,0.6,0.01,0.06,0.65,0.3,0.72,0.005,0.38,0.22,0.01,0.14,1.0,0.28
mpc,ground_truth,curvy,400.0,0.05,0.1,1.0,92.99919010698795,99.3167953491211,7.179081916809082,18.56353754469111,0.8809068997533345,0.00021694739080450887,0.0004651210843826803,0.00021694739080450887,0.0004651210843826803,-0.001662920112721622,-0.00031851802486926317,0.5785477757453918,0.0,19.444444444444443,178,172,4.4720001220703125,RoadOption.STRAIGHT,99.24559783935547,17.65083885192871,1.5776161497143715,2.8,1.2,4.5,3.0,10.0,0.6,0.01,0.06,0.55,0.16,0.2,0.35,1.5,12,10.0,14.0,0.9,1.2,0.6,0.01,0.06,0.65,0.3,0.72,0.005,0.38,0.22,0.01,0.14,1.0,0.28
mpc,ground_truth,curvy,400.0,0.05,0.1,1.0,93.04919010773301,99.31040954589844,8.107236862182617,18.563535175514073,0.8809092689303704,0.00027187966779623415,0.00028708876551064577,0.00027187966779623415,0.00028708876551064577,-0.001231888309121132,0.0004310318036004901,0.5785484313964844,0.0,19.444444444444443,179,173,4.543821811676025,RoadOption.STRAIGHT,99.23877716064453,18.650815963745117,1.5776161497143715,2.8,1.2,4.5,3.0,10.0,0.6,0.01,0.06,0.55,0.16,0.2,0.35,1.5,12,10.0,14.0,0.9,1.2,0.6,0.01,0.06,0.65,0.3,0.72,0.005,0.38,0.22,0.01,0.14,1.0,0.28
mpc,ground_truth,curvy,400.0,0.05,0.1,1.0,93.09919010847807,99.30413818359375,9.035391807556152,18.563536833671296,0.8809076107731464,0.00021238669581064712,1.1717908796171628e-05,0.00021238669581064712,1.1717908796171628e-05,-0.00034504453651607037,0.0008868437726050615,0.5785425901412964,0.0,19.444444444444443,180,174,4.615645885467529,RoadOption.STRAIGHT,99.2319564819336,19.650793075561523,1.5776161497143715,2.8,1.2,4.5,3.0,10.0,0.6,0.01,0.06,0.55,0.16,0.2,0.35,1.5,12,10.0,14.0,0.9,1.2,0.6,0.01,0.06,0.65,0.3,0.72,0.005,0.38,0.22,0.01,0.14,1.0,0.28
mpc,ground_truth,curvy,400.0,0.05,0.1,1.0,93.14919010922313,99.29795837402344,9.963546752929688,18.563539899943446,0.8809045445009964,6.13431184999444e-05,-0.0002306297504008903,6.13431184999444e-05,0.0002306297504008903,0.0005738043691962957,0.0009188489057123661,0.5785390734672546,0.0,19.444444444444443,181,175,4.68747091293335,RoadOption.STRAIGHT,99.22513580322266,20.65077018737793,1.5776161497143715,2.8,1.2,4.5,3.0,10.0,0.6,0.01,0.06,0.55,0.16,0.2,0.35,1.5,12,10.0,14.0,0.9,1.2,0.6,0.01,0.06,0.65,0.3,0.72,0.005,0.38,0.22,0.01,0.14,1.0,0.28
mpc,ground_truth,curvy,400.0,0.05,0.1,1.0,93.19919010996819,99.29176330566406,10.891702651977539,18.56354143780666,0.8809030066377836,-7.444852842944383e-05,-0.00034155040980277107,7.444852842944383e-05,0.00034155040980277107,0.0011043875711038709,0.0005305832019075751,0.5785399675369263,0.0,19.444444444444443,182,176,4.759294509887695,RoadOption.STRAIGHT,99.21831512451172,21.650747299194336,1.5776161497143715,2.8,1.2,4.5,3.0,10.0,0.6,0.01,0.06,0.55,0.16,0.2,0.35,1.5,12,10.0,14.0,0.9,1.2,0.6,0.01,0.06,0.65,0.3,0.72,0.005,0.38,0.22,0.01,0.14,1.0,0.28
mpc,ground_truth,curvy,400.0,0.05,0.1,1.0,93.24919011071324,99.28551483154297,11.81985855102539,18.56354031561598,0.8809041288284618,-0.00015682915174631412,-0.0002933471940722576,0.00015682915174631412,0.0002933471940722576,0.0010718782432377338,-3.250932786613703e-05,0.5785438418388367,0.0,19.444444444444443,183,177,4.831119060516357,RoadOption.STRAIGHT,99.21149444580078,22.65072250366211,1.5776161497143715,2.8,1.2,4.5,3.0,10.0,0.6,0.01,0.06,0.55,0.16,0.2,0.35,1.5,12,10.0,14.0,0.9,1.2,0.6,0.01,0.06,0.65,0.3,0.72,0.005,0.38,0.22,0.01,0.14,1.0,0.28
mpc,ground_truth,curvy,400.0,0.05,0.1,1.0,93.2991901114583,99.2791748046875,12.748013496398926,18.56353710689613,0.8809073375483116,-0.00014004296030671604,-0.00013116068368645983,0.00014004296030671604,0.00013116068368645983,0.0006274147308431566,-0.00044446351239457726,0.57854825258255,0.0,19.444444444444443,184,178,4.90294075012207,RoadOption.STRAIGHT,99.20467376708984,23.650699615478516,1.5776161497143715,2.8,1.2,4.5,3.0,10.0,0.6,0.01,0.06,0.55,0.16,0.2,0.35,1.5,12,10.0,14.0,0.9,1.2,0.6,0.01,0.06,0.65,0.3,0.72,0.005,0.38,0.22,0.01,0.14,1.0,0.28
mpc,ground_truth,curvy,400.0,0.05,0.1,1.0,93.34919011220336,99.27278137207031,13.676170349121094,18.563541354053353,0.8809030903910902,-7.748146620457225e-05,6.072007285373715e-05,7.748146620457225e-05,6.072007285373715e-05,-4.353785334387794e-05,-0.0006709525841870345,0.5785367488861084,0.0,19.444444444444443,185,179,4.974761962890625,RoadOption.STRAIGHT,99.1978530883789,24.650676727294922,1.5776161497143715,2.8,1.2,4.5,3.0,10.0,0.6,0.01,0.06,0.55,0.16,0.2,0.35,1.5,12,10.0,14.0,0.9,1.2,0.6,0.01,0.06,0.65,0.3,0.72,0.005,0.38,0.22,0.01,0.14,1.0,0.28
mpc,ground_truth,curvy,400.0,0.05,0.1,1.0,93.39919011294842,99.266357421875,14.604326248168945,18.563542121700582,0.8809023227438608,1.5603400178823557e-05,0.0001965412884477047,1.5603400178823557e-05,0.0001965412884477047,-0.000583040586207062,-0.0005395027328631841,0.5785404443740845,0.0,19.444444444444443,185,180,5.046584129333496,RoadOption.STRAIGHT,99.1978530883789,24.650676727294922,1.5776161497143715,2.8,1.2,4.5,3.0,10.0,0.6,0.01,0.06,0.55,0.16,0.2,0.35,1.5,12,10.0,14.0,0.9,1.2,0.6,0.01,0.06,0.65,0.3,0.72,0.005,0.38,0.22,0.01,0.14,1.0,0.28
mpc,ground_truth,curvy,400.0,0.05,0.1,1.0,93.44919011369348,99.25994873046875,15.53248119354248,18.563538987692834,0.8809054567516093,9.434247042993532e-05,0.00022796658931056868,9.434247042993532e-05,0.00022796658931056868,-0.0007968413410708308,-0.00021380075486376882,0.5785470604896545,0.0,19.444444444444443,186,180,4.118407726287842,RoadOption.STRAIGHT,99.1910400390625,25.650653839111328,1.5776161497143715,2.8,1.2,4.5,3.0,10.0,0.6,0.01,0.06,0.55,0.16,0.2,0.35,1.5,12,10.0,14.0,0.9,1.2,0.6,0.01,0.06,0.65,0.3,0.72,0.005,0.38,0.22,0.01,0.14,1.0,0.28
mpc,ground_truth,curvy,400.0,0.05,0.1,1.0,93.49919011443853,99.25360107421875,16.460636138916016,18.563537727967507,0.880906716476936,0.0001111416695486131,0.00015659387209687736,0.0001111416695486131,0.00015659387209687736,-0.0006277243373915553,0.0001691170036792755,0.5785455703735352,0.0,19.444444444444443,187,181,4.1902313232421875,RoadOption.STRAIGHT,99.18421936035156,26.6506290435791,1.5776161497143715,2.8,1.2,4.5,3.0,10.0,0.6,0.01,0.06,0.55,0.16,0.2,0.35,1.5,12,10.0,14.0,0.9,1.2,0.6,0.01,0.06,0.65,0.3,0.72,0.005,0.38,0.22,0.01,0.14,1.0,0.28
mpc,ground_truth,curvy,400.0,0.05,0.1,1.0,93.54919011518359,99.24728393554688,17.388792037963867,18.563540513448114,0.8809039309963289,9.74174963860458e-05,3.036003642709062e-05,9.74174963860458e-05,3.036003642709062e-05,-0.0002361638908041641,0.0003915604465873912,0.5785390138626099,0.0,19.444444444444443,188,182,4.262053966522217,RoadOption.STRAIGHT,99.17739868164062,27.650606155395508,1.5776161497143715,2.8,1.2,4.5,3.0,10.0,0.6,0.01,0.06,0.55,0.16,0.2,0.35,1.5,12,10.0,14.0,0.9,1.2,0.6,0.01,0.06,0.65,0.3,0.72,0.005,0.38,0.22,0.01,0.14,1.0,0.28
mpc,ground_truth,curvy,400.0,0.05,0.1,1.0,93.59919011592865,99.24101257324219,18.316946029663086,18.56354028225259,0.8809041621918539,3.791802056091545e-05,-8.948221262672362e-05,3.791802056091545e-05,8.948221262672362e-05,0.00019994567264802754,0.00043610956345219165,0.5785427689552307,0.0,19.444444444444443,189,183,4.3338775634765625,RoadOption.STRAIGHT,99.17057800292969,28.650583267211914,1.5776161497143715,2.8,1.2,4.5,3.0,10.0,0.6,0.01,0.06,0.55,0.16,0.2,0.35,1.5,12,10.0,14.0,0.9,1.2,0.6,0.01,0.06,0.65,0.3,0.72,0.005,0.38,0.22,0.01,0.14,1.0,0.28
mpc,ground_truth,curvy,400.0,0.05,0.1,1.0,93.64919011667371,99.2347412109375,19.245101928710938,18.5635427989149,0.8809016455295442,-2.15814552642149e-05,-0.00015446334322444244,2.15814552642149e-05,0.00015446334322444244,0.0004827576922252774,0.0002828120195772499,0.5785379409790039,0.0,19.444444444444443,190,184,4.40570068359375,RoadOption.STRAIGHT,99.16375732421875,29.65056037902832,1.5776161497143715,2.8,1.2,4.5,3.0,10.0,0.6,0.01,0.06,0.55,0.16,0.2,0.35,1.5,12,10.0,14.0,0.9,1.2,0.6,0.01,0.06,0.65,0.3,0.72,0.005,0.38,0.22,0.01,0.14,1.0,0.28
mpc,ground_truth,curvy,400.0,0.05,0.1,1.0,93.69919011741877,99.22845458984375,20.17325782775879,18.563543286531043,0.8809011579133994,-6.58224968684909e-05,-0.00014527543746378768,6.58224968684909e-05,0.00014527543746378768,0.0005038013332523406,2.104364102706313e-05,0.5785400867462158,0.0,19.444444444444443,191,185,4.4775238037109375,RoadOption.STRAIGHT,99.15693664550781,30.650537490844727,1.5776161497143715,2.8,1.2,4.5,3.0,10.0,0.6,0.01,0.06,0.55,0.16,0.2,0.35,1.5,12,10.0,14.0,0.9,1.2,0.6,0.01,0.06,0.65,0.3,0.72,0.005,0.38,0.22,0.01,0.14,1.0,0.28
mpc,ground_truth,curvy,400.0,0.05,0.1,1.0,93.74919011816382,99.22213745117188,21.10141372680664,18.56354316714131,0.8809012773031313,-7.191745292063623e-05,-7.816377799407803e-05,7.191745292063623e-05,7.816377799407803e-05,0.00035847764229401946,-0.0001453236909583211,0.5785409212112427,0.0,19.444444444444443,192,186,4.549346923828125,RoadOption.STRAIGHT,99.15011596679688,31.650514602661133,1.5776161497143715,2.8,1.2,4.5,3.0,10.0,0.6,0.01,0.06,0.55,0.16,0.2,0.35,1.5,12,10.0,14.0,0.9,1.2,0.6,0.01,0.06,0.65,0.3,0.72,0.005,0.38,0.22,0.01,0.14,1.0,0.28
mpc,ground_truth,curvy,400.0,0.05,0.1,1.0,93.79919011890888,99.21578216552734,22.02956199645996,18.56354249338731,0.8809019510571332,-4.745651749380603e-05,1.1584750741810979e-05,4.745651749380603e-05,1.1584750741810979e-05,4.439441181602888e-05,-0.0003140832304779906,0.5785419940948486,0.0,19.444444444444443,193,187,4.621175289154053,RoadOption.STRAIGHT,99.14329528808594,32.650489807128906,1.5776161497143715,2.8,1.2,4.5,3.0,10.0,0.6,0.01,0.06,0.55,0.16,0.2,0.35,1.5,12,10.0,14.0,0.9,1.2,0.6,0.01,0.06,0.65,0.3,0.72,0.005,0.38,0.22,0.01,0.14,1.0,0.28
mpc,ground_truth,curvy,400.0,0.05,0.1,1.0,93.84919011965394,99.20941162109375,22.957712173461914,18.56354212588308,0.8809023185613611,-7.737147846124948e-06,8.335694211947242e-05,7.737147846124948e-06,8.335694211947242e-05,-0.00022822098981123418,-0.00027261540162726305,0.5785418152809143,0.0,19.444444444444443,194,188,4.6930036544799805,RoadOption.STRAIGHT,99.136474609375,33.65046691894531,1.5776161497143715,2.8,1.2,4.5,3.0,10.0,0.6,0.01,0.06,0.55,0.16,0.2,0.35,1.5,12,10.0,14.0,0.9,1.2,0.6,0.01,0.06,0.65,0.3,0.72,0.005,0.38,0.22,0.01,0.14,1.0,0.28
mpc,ground_truth,curvy,400.0,0.05,0.1,1.0,93.899190120399,99.20303344726562,23.885860443115234,18.563539666554583,0.8809047778898602,3.962444659107167e-05,0.00010879013052988995,3.962444659107167e-05,0.00010879013052988995,-0.0003705322742462158,-0.00014231128443498164,0.5785458087921143,0.0,19.444444444444443,195,189,4.764833450317383,RoadOption.STRAIGHT,99.1296615600586,34.65044403076172,1.5776161497143715,2.8,1.2,4.5,3.0,10.0,0.6,0.01,0.06,0.55,0.16,0.2,0.35,1.5,12,10.0,14.0,0.9,1.2,0.6,0.01,0.06,0.65,0.3,0.72,0.005,0.38,0.22,0.01,0.14,1.0,0.28
mpc,ground_truth,curvy,400.0,0.05,0.1,1.0,93.94919012114406,99.1966781616211,24.81401252746582,18.56353932044806,0.8809051239963814,6.407237433882218e-05,8.455536461005053e-05,6.407237433882218e-05,8.455536461005053e-05,-0.00033678821637295187,3.3744057873263955e-05,0.578543484210968,0.0,19.444444444444443,196,190,4.836660385131836,RoadOption.STRAIGHT,99.12284088134766,35.650421142578125,1.5776161497143715,2.8,1.2,4.5,3.0,10.0,0.6,0.01,0.06,0.55,0.16,0.2,0.35,1.5,12,10.0,14.0,0.9,1.2,0.6,0.01,0.06,0.65,0.3,0.72,0.005,0.38,0.22,0.01,0.14,1.0,0.28
mpc,ground_truth,curvy,400.0,0.05,0.1,1.0,93.99919012188911,99.19036102294922,25.742172241210938,18.563540080520724,0.8809043639237188,5.0322185818067744e-05,2.676476895535629e-05,5.0322185818067744e-05,2.676476895535629e-05,-0.00015505666669923812,0.00018173154967371374,0.5785416960716248,0.0,19.444444444444443,197,191,4.9084792137146,RoadOption.STRAIGHT,99.11602020263672,36.650394439697266,1.5776161497143715,2.8,1.2,4.5,3.0,10.0,0.6,0.01,0.06,0.55,0.16,0.2,0.35,1.5,12,10.0,14.0,0.9,1.2,0.6,0.01,0.06,0.65,0.3,0.72,0.005,0.38,0.22,0.01,0.14,1.0,0.28
mpc,ground_truth,curvy,400.0,0.05,0.1,1.0,94.04919012263417,99.18404388427734,26.670333862304688,18.563538392561753,0.8809060518826897,3.655898961822668e-05,-3.382214584402021e-05,3.655898961822668e-05,3.382214584402021e-05,4.9138430767925456e-05,0.00020419509746716358,0.5785456299781799,0.0,19.444444444444443,198,192,4.980296611785889,RoadOption.STRAIGHT,99.10919952392578,37.65037155151367,1.5776161497143715,2.8,1.2,4.5,3.0,10.0,0.6,0.01,0.06,0.55,0.16,0.2,0.35,1.5,12,10.0,14.0,0.9,1.2,0.6,0.01,0.06,0.65,0.3,0.72,0.005,0.38,0.22,0.01,0.14,1.0,0.28
mpc,ground_truth,curvy,400.0,0.05,0.1,1.0,94.09919012337923,99.177734375,27.598495483398438,18.563539766049765,0.8809046783946783,1.5153568628870073e-05,-7.230482359554813e-05,1.5153568628870073e-05,7.230482359554813e-05,0.0001988935546251014,0.00014975512385717593,0.5785411596298218,0.0,19.444444444444443,198,193,5.052112102508545,RoadOption.STRAIGHT,99.10919952392578,37.65037155151367,1.5776161497143715,2.8,1.2,4.5,3.0,10.0,0.6,0.01,0.06,0.55,0.16,0.2,0.35,1.5,12,10.0,14.0,0.9,1.2,0.6,0.01,0.06,0.65,0.3,0.72,0.005,0.38,0.22,0.01,0.14,1.0,0.28
mpc,ground_truth,curvy,400.0,0.05,0.1,1.0,94.14919012412429,99.17143249511719,28.526655197143555,18.563539323198256,0.8809051212461867,-1.2948919863715186e-05,-7.696535550305583e-05,1.2948919863715186e-05,7.696535550305583e-05,0.0002521950227674097,5.3301468142308295e-05,0.5785436034202576,0.0,19.444444444444443,199,193,4.123930931091309,RoadOption.STRAIGHT,99.10237884521484,38.65034866333008,1.5776161497143715,2.8,1.2,4.5,3.0,10.0,0.6,0.01,0.06,0.55,0.16,0.2,0.35,1.5,12,10.0,14.0,0.9,1.2,0.6,0.01,0.06,0.65,0.3,0.72,0.005,0.38,0.22,0.01,0.14,1.0,0.28
mpc,ground_truth,curvy,400.0,0.05,0.1,1.0,94.19919012486935,99.16510772705078,29.454803466796875,18.563537502122696,0.8809069423217473,-1.8991845199503588e-05,-5.046690265686493e-05,1.8991845199503588e-05,5.046690265686493e-05,0.0001667226606514305,-8.54723621159792e-05,0.5785463452339172,0.0,19.444444444444443,200,194,4.195761680603027,RoadOption.STRAIGHT,99.0955581665039,39.650325775146484,1.5776161497143715,2.8,1.2,4.5,3.0,10.0,0.6,0.01,0.06,0.55,0.16,0.2,0.35,1.5,12,10.0,14.0,0.9,1.2,0.6,0.01,0.06,0.65,0.3,0.72,0.005,0.38,0.22,0.01,0.14,1.0,0.28
mpc,ground_truth,curvy,400.0,0.05,0.1,1.0,94.2491901256144,99.15877532958984,30.382953643798828,18.563539556161256,0.8809048882831867,-9.789343993524269e-06,-1.0519486306037606e-05,9.789343993524269e-06,1.0519486306037606e-05,7.525839464506134e-05,-9.146426600636914e-05,0.5785404443740845,0.0,19.444444444444443,201,195,4.267590045928955,RoadOption.STRAIGHT,99.08873748779297,40.65030288696289,1.5776161497143715,2.8,1.2,4.5,3.0,10.0,0.6,0.01,0.06,0.55,0.16,0.2,0.35,1.5,12,10.0,14.0,0.9,1.2,0.6,0.01,0.06,0.65,0.3,0.72,0.005,0.38,0.22,0.01,0.14,1.0,0.28
mpc,ground_truth,curvy,400.0,0.05,0.1,1.0,94.29919012635946,99.1524429321289,31.31110191345215,18.56354047088873,0.8809039735557143,-8.20305221888376e-06,2.5832662573499476e-05,8.20305221888376e-06,2.5832662573499476e-05,-5.950462582404725e-05,-0.0001347630204691086,0.5785412788391113,0.0,19.444444444444443,202,196,4.339420318603516,RoadOption.STRAIGHT,99.08191680908203,41.6502799987793,1.5776161497143715,2.8,1.2,4.5,3.0,10.0,0.6,0.01,0.06,0.55,0.16,0.2,0.35,1.5,12,10.0,14.0,0.9,1.2,0.6,0.01,0.06,0.65,0.3,0.72,0.005,0.38,0.22,0.01,0.14,1.0,0.28
mpc,ground_truth,curvy,400.0,0.05,0.1,1.0,94.34919012710452,99.14610290527344,32.239253997802734,18.563539219618583,0.8809052248258595,9.60425949825261e-07,4.5939528804161966e-05,9.60425949825261e-07,4.5939528804161966e-05,-0.0001386645744787529,-7.915994865470566e-05,0.5785446166992188,0.0,19.444444444444443,203,197,4.411243438720703,RoadOption.STRAIGHT,99.07510375976562,42.6502571105957,1.5776161497143715,2.8,1.2,4.5,3.0,10.0,0.6,0.01,0.06,0.55,0.16,0.2,0.35,1.5,12,10.0,14.0,0.9,1.2,0.6,0.01,0.06,0.65,0.3,0.72,0.005,0.38,0.22,0.01,0.14,1.0,0.28
mpc,ground_truth,curvy,400.0,0.05,0.1,1.0,94.39919012784958,99.13975524902344,33.16740036010742,18.56353698471983,0.8809074597246145,1.7818159624410218e-05,4.3542683823005746e-05,1.7818159624410218e-05,4.3542683823005746e-05,-0.00015467836055904627,-1.6013786080293357e-05,0.5785471796989441,0.0,19.444444444444443,204,198,4.4830756187438965,RoadOption.STRAIGHT,99.06828308105469,43.65023422241211,1.5776161497143715,2.8,1.2,4.5,3.0,10.0,0.6,0.01,0.06,0.55,0.16,0.2,0.35,1.5,12,10.0,14.0,0.9,1.2,0.6,0.01,0.06,0.65,0.3,0.72,0.005,0.38,0.22,0.01,0.14,1.0,0.28
mpc,ground_truth,curvy,400.0,0.05,0.1,1.0,94.44919012859464,99.13341522216797,34.095550537109375,18.56353468731728,0.8809097571271636,2.7020660830389537e-05,2.410160786503468e-05,2.7020660830389537e-05,2.410160786503468e-05,-0.00010866820230148733,4.601015825755894e-05,0.5785486102104187,0.0,19.444444444444443,205,199,4.554903984069824,RoadOption.STRAIGHT,99.06146240234375,44.65020751953125,1.5776161497143715,2.8,1.2,4.5,3.0,10.0,0.6,0.01,0.06,0.55,0.16,0.2,0.35,1.5,12,10.0,14.0,0.9,1.2,0.6,0.01,0.06,0.65,0.3,0.72,0.005,0.38,0.22,0.01,0.14,1.0,0.28
mpc,ground_truth,curvy,400.0,0.05,0.1,1.0,94.4991901293397,99.12710571289062,35.023704528808594,18.56353703447665,0.8809074099677936,5.680278236483427e-06,-3.0626352538476453e-06,5.680278236483427e-06,3.0626352538476453e-06,-6.904313067934709e-06,0.00010176388923355262,0.57854163646698,0.0,19.444444444444443,206,200,4.626729488372803,RoadOption.STRAIGHT,99.05464172363281,45.650184631347656,1.5776161497143715,2.8,1.2,4.5,3.0,10.0,0.6,0.01,0.06,0.55,0.16,0.2,0.35,1.5,12,10.0,14.0,0.9,1.2,0.6,0.01,0.06,0.65,0.3,0.72,0.005,0.38,0.22,0.01,0.14,1.0,0.28
mpc,ground_truth,curvy,400.0,0.05,0.1,1.0,94.54919013008475,99.12079620361328,35.95185470581055,18.56353734113636,0.8809071033080826,-1.5634088999252893e-05,-2.3702133701952732e-05,1.5634088999252893e-05,2.3702133701952732e-05,8.151949441526085e-05,8.842380748319556e-05,0.5785439014434814,0.0,19.444444444444443,207,201,4.6985578536987305,RoadOption.STRAIGHT,99.04782104492188,46.65016174316406,1.5776161497143715,2.8,1.2,4.5,3.0,10.0,0.6,0.01,0.06,0.55,0.16,0.2,0.35,1.5,12,10.0,14.0,0.9,1.2,0.6,0.01,0.06,0.65,0.3,0.72,0.005,0.38,0.22,0.01,0.14,1.0,0.28
mpc,ground_truth,curvy,400.0,0.05,0.1,1.0,94.59919013082981,99.114501953125,36.8800048828125,18.563538964570434,0.8809054798740092,-5.2206890455833155e-05,-3.022687837228588e-05,5.2206890455833155e-05,3.022687837228588e-05,0.00012186526146251708,4.034576704725623e-05,0.5785413384437561,0.0,19.444444444444443,208,202,4.770387172698975,RoadOption.STRAIGHT,99.04100036621094,47.65013885498047,1.5776161497143715,2.8,1.2,4.5,3.0,10.0,0.6,0.01,0.06,0.55,0.16,0.2,0.35,1.5,12,10.0,14.0,0.9,1.2,0.6,0.01,0.06,0.65,0.3,0.72,0.005,0.38,0.22,0.01,0.14,1.0,0.28
mpc,ground_truth,curvy,400.0,0.05,0.1,1.0,94.64919013157487,99.108154296875,37.80815887451172,18.56354102472566,0.8809034197187842,-2.7771970387176215e-05,-2.0106866229774312e-05,2.7771970387176215e-05,2.0106866229774312e-05,0.00011463934788480401,-7.225913577713072e-06,0.5785395503044128,0.0,19.444444444444443,209,203,4.8422112464904785,RoadOption.STRAIGHT,99.0341796875,48.650115966796875,1.5776161497143715,2.8,1.2,4.5,3.0,10.0,0.6,0.01,0.06,0.55,0.16,0.2,0.35,1.5,12,10.0,14.0,0.9,1.2,0.6,0.01,0.06,0.65,0.3,0.72,0.005,0.38,0.22,0.01,0.14,1.0,0.28
mpc,ground_truth,curvy,400.0,0.05,0.1,1.0,94.69919013231993,99.10181427001953,38.73630905151367,18.563542862334145,0.8809015821102975,-1.8569469181196896e-05,-6.657902726914244e-07,1.8569469181196896e-05,6.657902726914244e-07,2.9812623324687593e-05,-8.482672456011642e-05,0.578538715839386,0.0,19.444444444444443,210,204,4.914039611816406,RoadOption.STRAIGHT,99.0273666381836,49.65009307861328,1.5776161497143715,2.8,1.2,4.5,3.0,10.0,0.6,0.01,0.06,0.55,0.16,0.2,0.35,1.5,12,10.0,14.0,0.9,1.2,0.6,0.01,0.06,0.65,0.3,0.72,0.005,0.38,0.22,0.01,0.14,1.0,0.28
mpc,ground_truth,curvy,400.0,0.05,0.1,1.0,94.74919013306499,99.09547424316406,39.66446304321289,18.56354299109731,0.880901453347132,-9.418998691577973e-06,1.8508969576114254e-05,9.418998691577973e-06,1.8508969576114254e-05,-4.179251118330285e-05,-7.160513450799044e-05,0.5785407423973083,0.0,19.444444444444443,211,205,4.985860824584961,RoadOption.STRAIGHT,99.02054595947266,50.65007019042969,1.5776161497143715,2.8,1.2,4.5,3.0,10.0,0.6,0.01,0.06,0.55,0.16,0.2,0.35,1.5,12,10.0,14.0,0.9,1.2,0.6,0.01,0.06,0.65,0.3,0.72,0.005,0.38,0.22,0.01,0.14,1.0,0.28
mpc,ground_truth,curvy,400.0,0.05,0.1,1.0,94.79919013381004,99.08912658691406,40.592613220214844,18.563542058786002,0.880902385658441,7.412719624816377e-06,2.79631914459344e-05,7.412719624816377e-06,2.79631914459344e-05,-9.109962411457673e-05,-4.930711293127388e-05,0.5785425305366516,0.0,19.444444444444443,211,206,5.057689189910889,RoadOption.STRAIGHT,99.02054595947266,50.65007019042969,1.5776161497143715,2.8,1.2,4.5,3.0,10.0,0.6,0.01,0.06,0.55,0.16,0.2,0.35,1.5,12,10.0,14.0,0.9,1.2,0.6,0.01,0.06,0.65,0.3,0.72,0.005,0.38,0.22,0.01,0.14,1.0,0.28
mpc,ground_truth,curvy,400.0,0.05,0.1,1.0,94.8491901345551,99.08277893066406,41.52075958251953,18.563540442230384,0.8809040022140593,2.5176587548421392e-05,2.410160786503468e-05,2.5176587548421392e-05,2.410160786503468e-05,-0.00010081281652674079,-9.713192412164062e-06,0.5785443186759949,0.0,19.444444444444443,212,206,4.129521369934082,RoadOption.STRAIGHT,99.01372528076172,51.650047302246094,1.5776161497143715,2.8,1.2,4.5,3.0,10.0,0.6,0.01,0.06,0.55,0.16,0.2,0.35,1.5,12,10.0,14.0,0.9,1.2,0.6,0.01,0.06,0.65,0.3,0.72,0.005,0.38,0.22,0.01,0.14,1.0,0.28
mpc,ground_truth,curvy,400.0,0.05,0.1,1.0,94.89919013530016,99.07645416259766,42.448909759521484,18.56353876852496,0.8809056759194824,1.912065453354636e-05,9.720537978985533e-06,1.912065453354636e-05,9.720537978985533e-06,-5.498011887539178e-05,4.583269765134901e-05,0.5785453915596008,0.0,19.444444444444443,213,207,4.201350212097168,RoadOption.STRAIGHT,99.00690460205078,52.6500244140625,1.5776161497143715,2.8,1.2,4.5,3.0,10.0,0.6,0.01,0.06,0.55,0.16,0.2,0.35,1.5,12,10.0,14.0,0.9,1.2,0.6,0.01,0.06,0.65,0.3,0.72,0.005,0.38,0.22,0.01,0.14,1.0,0.28
mpc,ground_truth,curvy,400.0,0.05,0.1,1.0,94.94919013604522,99.07014465332031,43.37705993652344,18.56353803466458,0.8809064097798611,-2.1937127021830205e-06,-7.190534943468663e-06,2.1937127021830205e-06,7.190534943468663e-06,1.728164716041647e-05,7.226176603580825e-05,0.5785447359085083,0.0,19.444444444444443,214,208,4.273178577423096,RoadOption.STRAIGHT,99.00008392333984,53.64999771118164,-4.705568624832996,2.8,1.2,4.5,3.0,10.0,0.6,0.01,0.06,0.55,0.16,0.2,0.35,1.5,12,10.0,14.0,0.9,1.2,0.6,0.01,0.06,0.65,0.3,0.72,0.005,0.38,0.22,0.01,0.14,1.0,0.28
mpc,ground_truth,curvy,400.0,0.05,0.1,1.0,94.99919013679028,99.0638427734375,44.30521011352539,18.563538590884676,0.8809058535597671,-3.113729704833437e-05,-1.7976337358227568e-05,3.113729704833437e-05,1.7976337358227568e-05,6.142255006125197e-05,4.41409029008355e-05,0.5785428285598755,0.0,19.444444444444443,215,209,4.345007419586182,RoadOption.STRAIGHT,98.9932632446289,54.64997482299805,-4.705568624832996,2.8,1.2,4.5,3.0,10.0,0.6,0.01,0.06,0.55,0.16,0.2,0.35,1.5,12,10.0,14.0,0.9,1.2,0.6,0.01,0.06,0.65,0.3,0.72,0.005,0.38,0.22,0.01,0.14,1.0,0.28
mpc,ground_truth,curvy,400.0,0.05,0.1,1.0,95.04919013753533,99.0575180053711,45.23335647583008,18.563539705115385,0.8809047393290577,-2.9537997594603765e-05,-1.7976337358227568e-05,2.9537997594603765e-05,1.7976337358227568e-05,0.000104220409411937,4.279785935068503e-05,0.5785415172576904,0.0,19.444444444444443,216,210,4.416840076446533,RoadOption.STRAIGHT,98.98644256591797,55.64995193481445,-4.705568624832996,2.8,1.2,4.5,3.0,10.0,0.6,0.01,0.06,0.55,0.16,0.2,0.35,1.5,12,10.0,14.0,0.9,1.2,0.6,0.01,0.06,0.65,0.3,0.72,0.005,0.38,0.22,0.01,0.14,1.0,0.28
mpc,ground_truth,curvy,400.0,0.05,0.1,1.0,95.09919013828039,99.0511703491211,46.16150665283203,18.56354162420608,0.8809028202383615,-1.2706279278202476e-05,-8.388957433602684e-06,1.2706279278202476e-05,8.388957433602684e-06,4.570647070067935e-05,-5.851393871125765e-05,0.5785393714904785,0.0,19.444444444444443,217,211,4.488668441772461,RoadOption.STRAIGHT,98.97962188720703,56.64992904663086,-4.705568624832996,2.8,1.2,4.5,3.0,10.0,0.6,0.01,0.06,0.55,0.16,0.2,0.35,1.5,12,10.0,14.0,0.9,1.2,0.6,0.01,0.06,0.65,0.3,0.72,0.005,0.38,0.22,0.01,0.14,1.0,0.28
mpc,ground_truth,curvy,400.0,0.05,0.1,1.0,95.14919013902545,99.0448226928711,47.089656829833984,18.563542089646624,0.8809023547978185,4.125439038202283e-06,5.992112452446463e-06,4.125439038202283e-06,5.992112452446463e-06,-1.64820648933528e-05,-6.218853559403215e-05,0.5785408616065979,0.0,19.444444444444443,218,212,4.560496807098389,RoadOption.STRAIGHT,98.97280883789062,57.649906158447266,-4.705568624832996,2.8,1.2,4.5,3.0,10.0,0.6,0.01,0.06,0.55,0.16,0.2,0.35,1.5,12,10.0,14.0,0.9,1.2,0.6,0.01,0.06,0.65,0.3,0.72,0.005,0.38,0.22,0.01,0.14,1.0,0.28
mpc,ground_truth,curvy,400.0,0.05,0.1,1.0,95.19919013977051,99.03848266601562,48.01780700683594,18.563541492897578,0.8809029515468652,1.3327940244181602e-05,1.518001821354531e-05,1.3327940244181602e-05,1.518001821354531e-05,-5.723252616007812e-05,-4.0750461266725324e-05,0.5785424709320068,0.0,19.444444444444443,219,213,4.632325649261475,RoadOption.STRAIGHT,98.96598815917969,58.64988327026367,-4.705568624832996,2.8,1.2,4.5,3.0,10.0,0.6,0.01,0.06,0.55,0.16,0.2,0.35,1.5,12,10.0,14.0,0.9,1.2,0.6,0.01,0.06,0.65,0.3,0.72,0.005,0.38,0.22,0.01,0.14,1.0,0.28
mpc,ground_truth,curvy,400.0,0.05,0.1,1.0,95.24919014051557,99.03213500976562,48.94595718383789,18.563540375138462,0.8809040693059806,3.263922490234772e-05,1.4647385995658624e-05,3.263922490234772e-05,1.4647385995658624e-05,-7.707175973337144e-05,-1.9839233573293313e-05,0.5785437822341919,0.0,19.444444444444443,220,214,4.704150199890137,RoadOption.STRAIGHT,98.95916748046875,59.64986038208008,-4.705568624832996,2.8,1.2,4.5,3.0,10.0,0.6,0.01,0.06,0.55,0.16,0.2,0.35,1.5,12,10.0,14.0,0.9,1.2,0.6,0.01,0.06,0.65,0.3,0.72,0.005,0.38,0.22,0.01,0.14,1.0,0.28
mpc,ground_truth,curvy,400.0,0.05,0.1,1.0,95.29919014126062,99.02578735351562,49.87410354614258,18.56353901105148,0.8809054333929645,4.95352187769027e-05,6.391586616416589e-06,4.95352187769027e-05,6.391586616416589e-06,-7.050592103041708e-05,6.565838702954352e-06,0.5785449147224426,0.0,19.444444444444443,221,215,4.77598237991333,RoadOption.STRAIGHT,98.95234680175781,60.649837493896484,-4.705568624832996,2.8,1.2,4.5,3.0,10.0,0.6,0.01,0.06,0.55,0.16,0.2,0.35,1.5,12,10.0,14.0,0.9,1.2,0.6,0.01,0.06,0.65,0.3,0.72,0.005,0.38,0.22,0.01,0.14,1.0,0.28
mpc,ground_truth,curvy,400.0,0.05,0.1,1.0,95.34919014200568,99.01949310302734,50.80225372314453,18.563537770016048,0.8809066744283953,1.3000675682516005e-05,-8.122641325769564e-06,1.3000675682516005e-05,8.122641325769564e-06,4.7570306378474925e-06,7.526295166826458e-05,0.5785455107688904,0.0,19.444444444444443,222,216,4.847811222076416,RoadOption.STRAIGHT,98.94552612304688,61.64981460571289,-4.705568624832996,2.8,1.2,4.5,3.0,10.0,0.6,0.01,0.06,0.55,0.16,0.2,0.35,1.5,12,10.0,14.0,0.9,1.2,0.6,0.01,0.06,0.65,0.3,0.72,0.005,0.38,0.22,0.01,0.14,1.0,0.28
mpc,ground_truth,curvy,400.0,0.05,0.1,1.0,95.39919014275074,99.01319122314453,51.730403900146484,18.563538120634647,0.8809063238097963,-1.5904650329155723e-05,-1.904160179400094e-05,1.5904650329155723e-05,1.904160179400094e-05,4.953845200361684e-05,4.478142136576935e-05,0.5785433650016785,0.0,19.444444444444443,223,217,4.919640064239502,RoadOption.STRAIGHT,98.93870544433594,62.6497917175293,-4.705568624832996,2.8,1.2,4.5,3.0,10.0,0.6,0.01,0.06,0.55,0.16,0.2,0.35,1.5,12,10.0,14.0,0.9,1.2,0.6,0.01,0.06,0.65,0.3,0.72,0.005,0.38,0.22,0.01,0.14,1.0,0.28
mpc,ground_truth,curvy,400.0,0.05,0.1,1.0,95.4491901434958,99.00688171386719,52.65855407714844,18.563539080777964,0.8809053636664785,-2.9551542175418333e-05,-1.904160179400094e-05,2.9551542175418333e-05,1.904160179400094e-05,0.00010613579070195556,5.659733869833872e-05,0.5785420536994934,0.0,19.444444444444443,224,218,4.991468906402588,RoadOption.STRAIGHT,98.93189239501953,63.6497688293457,-4.705568624832996,2.8,1.2,4.5,3.0,10.0,0.6,0.01,0.06,0.55,0.16,0.2,0.35,1.5,12,10.0,14.0,0.9,1.2,0.6,0.01,0.06,0.65,0.3,0.72,0.005,0.38,0.22,0.01,0.14,1.0,0.28
mpc,ground_truth,curvy,400.0,0.05,0.1,1.0,95.49919014424086,99.00054168701172,53.58670425415039,18.563541144669944,0.8809032997744985,-2.03107827735291e-05,-1.1717908796171628e-05,2.03107827735291e-05,1.1717908796171628e-05,6.231023144209757e-05,-4.382555925985798e-05,0.5785394906997681,0.0,19.444444444444443,224,219,5.063297271728516,RoadOption.STRAIGHT,98.93189239501953,63.6497688293457,-4.705568624832996,2.8,1.2,4.5,3.0,10.0,0.6,0.01,0.06,0.55,0.16,0.2,0.35,1.5,12,10.0,14.0,0.9,1.2,0.6,0.01,0.06,0.65,0.3,0.72,0.005,0.38,0.22,0.01,0.14,1.0,0.28
mpc,ground_truth,curvy,400.0,0.05,0.1,1.0,95.54919014498591,98.99419403076172,54.51485061645508,18.563542032203983,0.8809024122404594,-3.0412870671535364e-06,3.1957933082082945e-06,3.0412870671535364e-06,3.1957933082082945e-06,-3.7226573113002814e-07,-6.26824971732276e-05,0.5785403847694397,0.0,19.444444444444443,225,219,4.135129451751709,RoadOption.STRAIGHT,98.9250717163086,64.64974212646484,-4.705568624832996,2.8,1.2,4.5,3.0,10.0,0.6,0.01,0.06,0.55,0.16,0.2,0.35,1.5,12,10.0,14.0,0.9,1.2,0.6,0.01,0.06,0.65,0.3,0.72,0.005,0.38,0.22,0.01,0.14,1.0,0.28
mpc,ground_truth,curvy,400.0,0.05,0.1,1.0,95.59919014573097,98.98786163330078,55.44300079345703,18.56354176846496,0.8809026759794811,-1.4297447479827419e-06,1.4647385995658624e-05,1.4297447479827419e-06,1.4647385995658624e-05,-4.0835726395016536e-05,-4.046346066388651e-05,0.5785419344902039,0.0,19.444444444444443,226,220,4.206957817077637,RoadOption.STRAIGHT,98.91825103759766,65.64971923828125,-4.705568624832996,2.8,1.2,4.5,3.0,10.0,0.6,0.01,0.06,0.55,0.16,0.2,0.35,1.5,12,10.0,14.0,0.9,1.2,0.6,0.01,0.06,0.65,0.3,0.72,0.005,0.38,0.22,0.01,0.14,1.0,0.28
mpc,ground_truth,curvy,400.0,0.05,0.1,1.0,95.64919014647603,98.98151397705078,56.371150970458984,18.563540996649547,0.8809034477948963,1.5440231736614518e-05,1.797633735733939e-05,1.5440231736614518e-05,1.797633735733939e-05,-6.954318814678118e-05,-2.870746175176464e-05,0.5785430073738098,0.0,19.444444444444443,227,221,4.2787861824035645,RoadOption.STRAIGHT,98.91143035888672,66.64969635009766,-4.705568624832996,2.8,1.2,4.5,3.0,10.0,0.6,0.01,0.06,0.55,0.16,0.2,0.35,1.5,12,10.0,14.0,0.9,1.2,0.6,0.01,0.06,0.65,0.3,0.72,0.005,0.38,0.22,0.01,0.14,1.0,0.28
mpc,ground_truth,curvy,400.0,0.05,0.1,1.0,95.69919014722109,98.97516632080078,57.29930114746094,18.563539798159958,0.8809046462844847,3.231020822120831e-05,1.2783173232833178e-05,3.231020822120831e-05,1.2783173232833178e-05,-7.261800055857748e-05,-3.0748124117963016e-06,0.5785441994667053,0.0,19.444444444444443,228,222,4.35061502456665,RoadOption.STRAIGHT,98.90460968017578,67.64967346191406,-4.705568624832996,2.8,1.2,4.5,3.0,10.0,0.6,0.01,0.06,0.55,0.16,0.2,0.35,1.5,12,10.0,14.0,0.9,1.2,0.6,0.01,0.06,0.65,0.3,0.72,0.005,0.38,0.22,0.01,0.14,1.0,0.28
mpc,ground_truth,curvy,400.0,0.05,0.1,1.0,95.74919014796615,98.96883392333984,58.22745132446289,18.563538572524227,0.8809058719202163,3.39217505403791e-05,1.0652644348851936e-06,3.39217505403791e-05,1.0652644348851936e-06,-6.066875721444376e-05,1.194924334413372e-05,0.5785449743270874,0.0,19.444444444444443,229,223,4.422443389892578,RoadOption.STRAIGHT,98.89778900146484,68.64965057373047,-4.705568624832996,2.8,1.2,4.5,3.0,10.0,0.6,0.01,0.06,0.55,0.16,0.2,0.35,1.5,12,10.0,14.0,0.9,1.2,0.6,0.01,0.06,0.65,0.3,0.72,0.005,0.38,0.22,0.01,0.14,1.0,0.28
mpc,ground_truth,curvy,400.0,0.05,0.1,1.0,95.7991901487112,98.96253967285156,59.15559768676758,18.563537459049336,0.8809069853951073,5.042441918665097e-06,-1.39815957229672e-05,5.042441918665097e-06,1.39815957229672e-05,4.9758415116230026e-05,0.00011042717233067378,0.5785455107688904,0.0,19.444444444444443,230,224,4.49427604675293,RoadOption.STRAIGHT,98.8909683227539,69.64962768554688,-4.705568624832996,2.8,1.2,4.5,3.0,10.0,0.6,0.01,0.06,0.55,0.16,0.2,0.35,1.5,12,10.0,14.0,0.9,1.2,0.6,0.01,0.06,0.65,0.3,0.72,0.005,0.38,0.22,0.01,0.14,1.0,0.28
mpc,ground_truth,curvy,400.0,0.05,0.1,1.0,95.84919014945626,98.95623016357422,60.08374786376953,18.563538740217748,0.880905704226695,-1.6259684400263263e-05,-2.157160482951781e-05,1.6259684400263263e-05,2.157160482951781e-05,8.148139022523537e-05,3.172297510900535e-05,0.5785418748855591,0.0,19.444444444444443,231,225,4.56610107421875,RoadOption.STRAIGHT,98.88414764404297,70.64960479736328,-4.705568624832996,2.8,1.2,4.5,3.0,10.0,0.6,0.01,0.06,0.55,0.16,0.2,0.35,1.5,12,10.0,14.0,0.9,1.2,0.6,0.01,0.06,0.65,0.3,0.72,0.005,0.38,0.22,0.01,0.14,1.0,0.28
mpc,ground_truth,curvy,400.0,0.05,0.1,1.0,95.89919015020132,98.94989776611328,61.011898040771484,18.56354022948563,0.8809042149588144,-1.4648142081089e-05,-1.7177389031175494e-05,1.4648142081089e-05,1.7177389031175494e-05,7.049350097076967e-05,-1.09878892544657e-05,0.5785407423973083,0.0,19.444444444444443,232,226,4.637929439544678,RoadOption.STRAIGHT,98.87732696533203,71.64958190917969,-4.705568624832996,2.8,1.2,4.5,3.0,10.0,0.6,0.01,0.06,0.55,0.16,0.2,0.35,1.5,12,10.0,14.0,0.9,1.2,0.6,0.01,0.06,0.65,0.3,0.72,0.005,0.38,0.22,0.01,0.14,1.0,0.28
mpc,ground_truth,curvy,400.0,0.05,0.1,1.0,95.94919015094638,98.94355010986328,61.94004821777344,18.56354131215171,0.8809031322927332,2.2218344035013216e-06,-5.858954398973992e-06,2.2218344035013216e-06,5.858954398973992e-06,2.170062725781463e-05,-4.879287371295504e-05,0.578540563583374,0.0,19.444444444444443,233,227,4.709758281707764,RoadOption.STRAIGHT,98.87051391601562,72.6495590209961,-4.705568624832996,2.8,1.2,4.5,3.0,10.0,0.6,0.01,0.06,0.55,0.16,0.2,0.35,1.5,12,10.0,14.0,0.9,1.2,0.6,0.01,0.06,0.65,0.3,0.72,0.005,0.38,0.22,0.01,0.14,1.0,0.28
mpc,ground_truth,curvy,400.0,0.05,0.1,1.0,95.99919015169144,98.93720245361328,62.86819839477539,18.563541416564465,0.8809030278799774,1.909181088809858e-05,6.391586616416589e-06,1.909181088809858e-05,6.391586616416589e-06,-3.345350705785677e-05,-5.51541343156714e-05,0.5785416960716248,0.0,19.444444444444443,234,228,4.781586647033691,RoadOption.STRAIGHT,98.86369323730469,73.6495361328125,-4.705568624832996,2.8,1.2,4.5,3.0,10.0,0.6,0.01,0.06,0.55,0.16,0.2,0.35,1.5,12,10.0,14.0,0.9,1.2,0.6,0.01,0.06,0.65,0.3,0.72,0.005,0.38,0.22,0.01,0.14,1.0,0.28
mpc,ground_truth,curvy,400.0,0.05,0.1,1.0,96.0491901524365,98.93087005615234,63.79634475708008,18.563540600425252,0.8809038440191905,2.0729370597237506e-05,1.1052118523480203e-05,2.0729370597237506e-05,1.1052118523480203e-05,-5.369362042983994e-05,-2.024011337198317e-05,0.5785433053970337,0.0,19.444444444444443,235,229,4.853418827056885,RoadOption.STRAIGHT,98.85687255859375,74.6495132446289,-4.705568624832996,2.8,1.2,4.5,3.0,10.0,0.6,0.01,0.06,0.55,0.16,0.2,0.35,1.5,12,10.0,14.0,0.9,1.2,0.6,0.01,0.06,0.65,0.3,0.72,0.005,0.38,0.22,0.01,0.14,1.0,0.28
mpc,ground_truth,curvy,400.0,0.05,0.1,1.0,96.09919015318155,98.92450714111328,64.72449493408203,18.56353965138575,0.8809047930586935,5.2857781247250823e-05,8.388957432714506e-06,5.2857781247250823e-05,8.388957432714506e-06,-7.69613470765762e-05,-2.3267726646736264e-05,0.578544020652771,0.0,19.444444444444443,236,230,4.925247669219971,RoadOption.STRAIGHT,98.85005187988281,75.64949035644531,-4.705568624832996,2.8,1.2,4.5,3.0,10.0,0.6,0.01,0.06,0.55,0.16,0.2,0.35,1.5,12,10.0,14.0,0.9,1.2,0.6,0.01,0.06,0.65,0.3,0.72,0.005,0.38,0.22,0.01,0.14,1.0,0.28
mpc,ground_truth,curvy,400.0,0.05,0.1,1.0,96.14919015392661,98.91819763183594,65.65264129638672,18.56353822445895,0.8809062199854942,3.1607689708251785e-05,-1.731054709352975e-06,3.1607689708251785e-05,1.731054709352975e-06,-3.100262620137073e-05,4.595872087520547e-05,0.5785454511642456,0.0,19.444444444444443,237,231,4.997079849243164,RoadOption.STRAIGHT,98.84323120117188,76.64946746826172,-4.705568624832996,2.8,1.2,4.5,3.0,10.0,0.6,0.01,0.06,0.55,0.16,0.2,0.35,1.5,12,10.0,14.0,0.9,1.2,0.6,0.01,0.06,0.65,0.3,0.72,0.005,0.38,0.22,0.01,0.14,1.0,0.28
mpc,ground_truth,curvy,400.0,0.05,0.1,1.0,96.19919015467167,98.91190338134766,66.58079528808594,18.563537854236582,0.8809065902078608,-4.952870776099572e-06,-1.3448963505524603e-05,4.952870776099572e-06,1.3448963505524603e-05,2.011716969718691e-05,5.111979589855764e-05,0.5785443782806396,0.0,19.444444444444443,237,232,5.068904876708984,RoadOption.STRAIGHT,98.84323120117188,76.64946746826172,-4.705568624832996,2.8,1.2,4.5,3.0,10.0,0.6,0.01,0.06,0.55,0.16,0.2,0.35,1.5,12,10.0,14.0,0.9,1.2,0.6,0.01,0.06,0.65,0.3,0.72,0.005,0.38,0.22,0.01,0.14,1.0,0.28
mpc,ground_truth,curvy,400.0,0.05,0.1,1.0,96.24919015541673,98.90559387207031,67.50894165039062,18.563538374844065,0.8809060696003783,-2.5829460483284966e-05,-2.0506340394632616e-05,2.5829460483284966e-05,2.0506340394632616e-05,6.418602424673736e-05,4.406885454955045e-05,0.5785430073738098,0.0,19.444444444444443,238,232,4.140737056732178,RoadOption.STRAIGHT,98.83641052246094,77.6494369506836,-4.705568624832996,2.8,1.2,4.5,3.0,10.0,0.6,0.01,0.06,0.55,0.16,0.2,0.35,1.5,12,10.0,14.0,0.9,1.2,0.6,0.01,0.06,0.65,0.3,0.72,0.005,0.38,0.22,0.01,0.14,1.0,0.28
mpc,ground_truth,curvy,400.0,0.05,0.1,1.0,96.29919015616179,98.89928436279297,68.43709564208984,18.563539615533912,0.8809048289105306,-3.950236971950183e-05,-1.8109495412588217e-05,3.950236971950183e-05,1.8109495412588217e-05,0.00011385030666133389,4.966428241459653e-05,0.5785413980484009,0.0,19.444444444444443,239,233,4.212562084197998,RoadOption.STRAIGHT,98.82958984375,78.6494140625,-4.705568624832996,2.8,1.2,4.5,3.0,10.0,0.6,0.01,0.06,0.55,0.16,0.2,0.35,1.5,12,10.0,14.0,0.9,1.2,0.6,0.01,0.06,0.65,0.3,0.72,0.005,0.38,0.22,0.01,0.14,1.0,0.28
mpc,ground_truth,curvy,400.0,0.05,0.1,1.0,96.34919015690684,98.89293670654297,69.36524200439453,18.56354188953053,0.8809025549139129,-2.2606375844943377e-05,-4.793689962312442e-06,2.2606375844943377e-05,4.793689962312442e-06,4.523415191215463e-05,-6.861615474917926e-05,0.5785387754440308,0.0,19.444444444444443,240,234,4.284394264221191,RoadOption.STRAIGHT,98.82276916503906,79.6493911743164,-4.705568624832996,2.8,1.2,4.5,3.0,10.0,0.6,0.01,0.06,0.55,0.16,0.2,0.35,1.5,12,10.0,14.0,0.9,1.2,0.6,0.01,0.06,0.65,0.3,0.72,0.005,0.38,0.22,0.01,0.14,1.0,0.28
mpc,ground_truth,curvy,400.0,0.05,0.1,1.0,96.3991901576519,98.8865966796875,70.29338836669922,18.563542462505062,0.8809019819393811,-1.3339599053096424e-05,1.1185276576952674e-05,1.3339599053096424e-05,1.1185276576952674e-05,-1.5713781976955943e-05,-6.094793388911057e-05,0.5785405039787292,0.0,19.444444444444443,241,235,4.356226921081543,RoadOption.STRAIGHT,98.81594848632812,80.64936828613281,-4.705568624832996,2.8,1.2,4.5,3.0,10.0,0.6,0.01,0.06,0.55,0.16,0.2,0.35,1.5,12,10.0,14.0,0.9,1.2,0.6,0.01,0.06,0.65,0.3,0.72,0.005,0.38,0.22,0.01,0.14,1.0,0.28
mpc,ground_truth,curvy,400.0,0.05,0.1,1.0,96.44919015839696,98.8802490234375,71.22154235839844,18.563542031898425,0.8809024125460176,3.5043600415361753e-06,2.143844677604534e-05,3.5043600415361753e-06,2.143844677604534e-05,-6.628938717767596e-05,-5.057560520072002e-05,0.5785419344902039,0.0,19.444444444444443,242,236,4.428051471710205,RoadOption.STRAIGHT,98.80912780761719,81.64934539794922,-4.705568624832996,2.8,1.2,4.5,3.0,10.0,0.6,0.01,0.06,0.55,0.16,0.2,0.35,1.5,12,10.0,14.0,0.9,1.2,0.6,0.01,0.06,0.65,0.3,0.72,0.005,0.38,0.22,0.01,0.14,1.0,0.28
mpc,ground_truth,curvy,400.0,0.05,0.1,1.0,96.49919015914202,98.8739013671875,72.14968872070312,18.563540820888978,0.880903623555465,2.0400353916091157e-05,2.143844677604534e-05,2.0400353916091157e-05,2.143844677604534e-05,-8.644002809887752e-05,-2.0150640921201557e-05,0.5785436034202576,0.0,19.444444444444443,243,237,4.499883651733398,RoadOption.STRAIGHT,98.80230712890625,82.64932250976562,-4.705568624832996,2.8,1.2,4.5,3.0,10.0,0.6,0.01,0.06,0.55,0.16,0.2,0.35,1.5,12,10.0,14.0,0.9,1.2,0.6,0.01,0.06,0.65,0.3,0.72,0.005,0.38,0.22,0.01,0.14,1.0,0.28
mpc,ground_truth,curvy,400.0,0.05,0.1,1.0,96.54919015988708,98.8675537109375,73.07784271240234,18.56353935405386,0.8809050903905842,3.7192278230797904e-05,1.15847507409228e-05,3.7192278230797904e-05,1.15847507409228e-05,-7.521938096033409e-05,1.1220647138543427e-05,0.5785447955131531,0.0,19.444444444444443,244,238,4.571700572967529,RoadOption.STRAIGHT,98.79549407958984,83.64929962158203,1.5776161497143715,2.8,1.2,4.5,3.0,10.0,0.6,0.01,0.06,0.55,0.16,0.2,0.35,1.5,12,10.0,14.0,0.9,1.2,0.6,0.01,0.06,0.65,0.3,0.72,0.005,0.38,0.22,0.01,0.14,1.0,0.28
mpc,ground_truth,curvy,400.0,0.05,0.1,1.0,96.59919016063213,98.86124420166016,74.00598907470703,18.563538091436286,0.8809063530081573,1.5942186691798865e-05,-3.5952674721784206e-06,1.5942186691798865e-05,3.5952674721784206e-06,-1.1361426004441455e-05,6.385795495589264e-05,0.578545331954956,0.0,19.444444444444443,245,239,4.643533229827881,RoadOption.STRAIGHT,98.7886734008789,84.64927673339844,1.5776161497143715,2.8,1.2,4.5,3.0,10.0,0.6,0.01,0.06,0.55,0.16,0.2,0.35,1.5,12,10.0,14.0,0.9,1.2,0.6,0.01,0.06,0.65,0.3,0.72,0.005,0.38,0.22,0.01,0.14,1.0,0.28
mpc,ground_truth,curvy,400.0,0.05,0.1,1.0,96.64919016137719,98.85494995117188,74.93413543701172,18.56353809052385,0.8809063539205937,-2.0566339012630108e-05,-1.7177389031175494e-05,2.0566339012630108e-05,1.7177389031175494e-05,6.678116915281862e-05,7.814259515726008e-05,0.5785438418388367,0.0,19.444444444444443,246,240,4.715365886688232,RoadOption.STRAIGHT,98.78185272216797,85.64925384521484,1.5776161497143715,2.8,1.2,4.5,3.0,10.0,0.6,0.01,0.06,0.55,0.16,0.2,0.35,1.5,12,10.0,14.0,0.9,1.2,0.6,0.01,0.06,0.65,0.3,0.72,0.005,0.38,0.22,0.01,0.14,1.0,0.28
mpc,ground_truth,curvy,400.0,0.05,0.1,1.0,96.69919016212225,98.84861755371094,75.86228942871094,18.563539514283466,0.8809049301609768,-1.8980814083420505e-05,-1.9707392066692364e-05,1.8980814083420505e-05,1.9707392066692364e-05,8.023491682251915e-05,1.3453747669700533e-05,0.5785412788391113,0.0,19.444444444444443,247,241,4.787190914154053,RoadOption.STRAIGHT,98.77503204345703,86.64923095703125,1.5776161497143715,2.8,1.2,4.5,3.0,10.0,0.6,0.01,0.06,0.55,0.16,0.2,0.35,1.5,12,10.0,14.0,0.9,1.2,0.6,0.01,0.06,0.65,0.3,0.72,0.005,0.38,0.22,0.01,0.14,1.0,0.28
mpc,ground_truth,curvy,400.0,0.05,0.1,1.0,96.74919016286731,98.84228515625,76.79043579101562,18.563540861977923,0.8809035824665195,-1.734325437428852e-05,-1.2250541015390581e-05,1.734325437428852e-05,1.2250541015390581e-05,5.864364356966689e-05,-2.159127325285226e-05,0.5785405039787292,0.0,19.444444444444443,248,242,4.859023094177246,RoadOption.STRAIGHT,98.7682113647461,87.64920806884766,1.5776161497143715,2.8,1.2,4.5,3.0,10.0,0.6,0.01,0.06,0.55,0.16,0.2,0.35,1.5,12,10.0,14.0,0.9,1.2,0.6,0.01,0.06,0.65,0.3,0.72,0.005,0.38,0.22,0.01,0.14,1.0,0.28
mpc,ground_truth,curvy,400.0,0.05,0.1,1.0,96.79919016361237,98.8359375,77.71858978271484,18.563541694652773,0.8809027497916695,-4.992952796559202e-07,2.663161087212984e-07,4.992952796559202e-07,2.663161087212984e-07,-1.457163398299599e-05,-7.321527755266288e-05,0.5785406231880188,0.0,19.444444444444443,249,243,4.930848121643066,RoadOption.STRAIGHT,98.76139068603516,88.64918518066406,1.5776161497143715,2.8,1.2,4.5,3.0,10.0,0.6,0.01,0.06,0.55,0.16,0.2,0.35,1.5,12,10.0,14.0,0.9,1.2,0.6,0.01,0.06,0.65,0.3,0.72,0.005,0.38,0.22,0.01,0.14,1.0,0.28
mpc,ground_truth,curvy,400.0,0.05,0.1,1.0,96.84919016435742,98.82958984375,78.64673614501953,18.563541038662443,0.880903405782,2.1361327307387046e-05,9.454221869820145e-06,2.1361327307387046e-05,9.454221869820145e-06,-2.7862841307069175e-05,-1.3291207324073184e-05,0.5785428285598755,0.0,19.444444444444443,249,244,5.002679824829102,RoadOption.STRAIGHT,98.76139068603516,88.64918518066406,1.5776161497143715,2.8,1.2,4.5,3.0,10.0,0.6,0.01,0.06,0.55,0.16,0.2,0.35,1.5,12,10.0,14.0,0.9,1.2,0.6,0.01,0.06,0.65,0.3,0.72,0.005,0.38,0.22,0.01,0.14,1.0,0.28
mpc,ground_truth,curvy,400.0,0.05,0.1,1.0,96.89919016510248,98.82324981689453,79.57488250732422,18.563540548368216,0.8809038960762265,3.149597812055968e-05,1.1717908796171628e-05,3.149597812055968e-05,1.1717908796171628e-05,-4.479362178244628e-05,-1.6930780475377105e-05,0.578542947769165,0.0,19.444444444444443,250,244,4.074512004852295,RoadOption.STRAIGHT,98.75457763671875,89.64916229248047,1.5776161497143715,2.8,1.2,4.5,3.0,10.0,0.6,0.01,0.06,0.55,0.16,0.2,0.35,1.5,12,10.0,14.0,0.9,1.2,0.6,0.01,0.06,0.65,0.3,0.72,0.005,0.38,0.22,0.01,0.14,1.0,0.28
mpc,ground_truth,curvy,400.0,0.05,0.1,1.0,96.94919016584754,98.81689453125,80.50303649902344,18.563539822336956,0.8809046221074865,5.593089818920968e-05,8.522115487963333e-06,5.593089818920968e-05,8.522115487963333e-06,-7.924585224827752e-05,-3.4452230465831235e-05,0.5785436630249023,0.0,19.444444444444443,251,245,4.146337032318115,RoadOption.STRAIGHT,98.74775695800781,90.64913940429688,1.5776161497143715,2.8,1.2,4.5,3.0,10.0,0.6,0.01,0.06,0.55,0.16,0.2,0.35,1.5,12,10.0,14.0,0.9,1.2,0.6,0.01,0.06,0.65,0.3,0.72,0.005,0.38,0.22,0.01,0.14,1.0,0.28
mpc,ground_truth,curvy,400.0,0.05,0.1,1.0,96.9991901665926,98.81058502197266,81.43118286132812,18.56353826917625,0.8809061752681941,3.46425463116605e-05,-1.8642127628254457e-06,3.46425463116605e-05,1.8642127628254457e-06,-3.3577023714315146e-05,4.566882853396237e-05,0.5785455703735352,0.0,19.444444444444443,252,246,4.218169212341309,RoadOption.STRAIGHT,98.74093627929688,91.64911651611328,1.5776161497143715,2.8,1.2,4.5,3.0,10.0,0.6,0.01,0.06,0.55,0.16,0.2,0.35,1.5,12,10.0,14.0,0.9,1.2,0.6,0.01,0.06,0.65,0.3,0.72,0.005,0.38,0.22,0.01,0.14,1.0,0.28
mpc,ground_truth,curvy,400.0,0.05,0.1,1.0,97.04919016733766,98.80428314208984,82.3593521118164,18.563537805284344,0.8809066391600986,5.568885174611626e-06,-1.3715279613801812e-05,5.568885174611626e-06,1.3715279613801812e-05,3.112065314780921e-05,6.469767686212435e-05,0.578544557094574,0.0,19.444444444444443,253,247,4.289978981018066,RoadOption.STRAIGHT,98.73179626464844,92.59030151367188,1.5888104810404107,2.8,1.2,4.5,3.0,10.0,0.6,0.01,0.06,0.55,0.16,0.2,0.35,1.5,12,10.0,14.0,0.9,1.2,0.6,0.01,0.06,0.65,0.3,0.72,0.005,0.38,0.22,0.01,0.14,1.0,0.28
mpc,ground_truth,curvy,400.0,0.05,0.1,1.0,97.09919016808271,98.7979736328125,83.28752899169922,18.563538575364465,0.880905869079978,-1.5927589568372202e-05,-2.0106866229774312e-05,1.5927589568372202e-05,2.0106866229774312e-05,7.515770994359627e-05,4.4037056795787066e-05,0.5785425901412964,0.0,19.444444444444443,254,248,4.361781120300293,RoadOption.STRAIGHT,98.7065658569336,93.48206329345703,1.6093549046376088,2.8,1.2,4.5,3.0,10.0,0.6,0.01,0.06,0.55,0.16,0.2,0.35,1.5,12,10.0,14.0,0.9,1.2,0.6,0.01,0.06,0.65,0.3,0.72,0.005,0.38,0.22,0.01,0.14,1.0,0.28
mpc,ground_truth,curvy,400.0,0.05,0.1,1.0,97.14919016882777,98.79165649414062,84.2156982421875,18.563540026141382,0.8809044183030608,-2.9742816484573664e-05,-1.5579492377071347e-05,2.9742816484573664e-05,1.5579492377071347e-05,5.891729597351514e-05,-1.6240413970081136e-05,0.5785409212112427,0.0,19.444444444444443,255,249,4.433590412139893,RoadOption.STRAIGHT,98.66302490234375,94.37312316894531,1.6298991950767525,2.8,1.2,4.5,3.0,10.0,0.6,0.01,0.06,0.55,0.16,0.2,0.35,1.5,12,10.0,14.0,0.9,1.2,0.6,0.01,0.06,0.65,0.3,0.72,0.005,0.38,0.22,0.01,0.14,1.0,0.28
mpc,ground_truth,curvy,400.0,0.05,0.1,1.0,97.19919016957283,98.78530883789062,85.14387512207031,18.563540918834427,0.880903525610016,-5.463988565001382e-06,-5.5926382893645155e-06,5.463988565001382e-06,5.5926382893645155e-06,4.6702029067091644e-05,-1.2215266906423494e-05,0.5785410404205322,0.0,19.444444444444443,256,250,4.505392551422119,RoadOption.STRAIGHT,98.6011734008789,95.26311492919922,1.6504434855158965,2.8,1.2,4.5,3.0,10.0,0.6,0.01,0.06,0.55,0.16,0.2,0.35,1.5,12,10.0,14.0,0.9,1.2,0.6,0.01,0.06,0.65,0.3,0.72,0.005,0.38,0.22,0.01,0.14,1.0,0.28
mpc,ground_truth,curvy,400.0,0.05,0.1,1.0,97.24919017031789,98.77896118164062,86.07205200195312,18.56354171022908,0.8809027342153612,1.118562224414546e-05,6.6579027251378875e-06,1.118562224414546e-05,6.6579027251378875e-06,-2.465949728502892e-05,-7.136152635212056e-05,0.5785406827926636,0.0,19.444444444444443,257,251,4.5771942138671875,RoadOption.STRAIGHT,98.52106475830078,96.1516342163086,1.6709877759550402,2.8,1.2,4.5,3.0,10.0,0.6,0.01,0.06,0.55,0.16,0.2,0.35,1.5,12,10.0,14.0,0.9,1.2,0.6,0.01,0.06,0.65,0.3,0.72,0.005,0.38,0.22,0.01,0.14,1.0,0.28
mpc,ground_truth,curvy,400.0,0.05,0.1,1.0,97.29919017106295,98.77262115478516,87.0002212524414,18.56354103174477,0.8809034126996735,2.025804665922032e-05,1.384843766860655e-05,2.025804665922032e-05,1.384843766860655e-05,0.00773347495123744,0.007758134448522469,0.5785428881645203,0.0,19.444444444444443,258,252,4.649003505706787,RoadOption.STRAIGHT,98.42272186279297,97.03832244873047,1.691532066394184,2.8,1.2,4.5,3.0,10.0,0.6,0.01,0.06,0.55,0.16,0.2,0.35,1.5,12,10.0,14.0,0.9,1.2,0.6,0.01,0.06,0.65,0.3,0.72,0.005,0.38,0.22,0.01,0.14,1.0,0.28
mpc,ground_truth,curvy,400.0,0.05,0.1,1.0,97.349190171808,98.76560974121094,87.92835998535156,18.563377981350843,0.8810664630935996,0.050168401433680856,-0.01056942057625232,0.050168401433680856,0.01056942057625232,0.038957320153713226,0.031223845202475786,0.5788355469703674,0.0,19.444444444444443,259,253,4.662064552307129,RoadOption.STRAIGHT,98.3061752319336,97.92279815673828,1.712076489991382,2.8,1.2,4.5,3.0,10.0,0.6,0.01,0.06,0.55,0.16,0.2,0.35,1.5,12,10.0,14.0,0.9,1.2,0.6,0.01,0.06,0.65,0.3,0.72,0.005,0.38,0.22,0.01,0.14,1.0,0.28
mpc,ground_truth,curvy,400.0,0.05,0.1,1.0,97.39919017255306,98.75504302978516,88.8563461303711,18.559797077426342,0.8846473670181005,0.12987574153421216,-0.027493676145651236,0.12987574153421216,0.027493676145651236,0.02602643147110939,-0.012930888682603836,0.5850855112075806,0.0,19.444444444444443,261,254,4.62597131729126,RoadOption.STRAIGHT,98.01871490478516,99.68364715576172,1.7531652040277241,2.8,1.2,4.5,3.0,10.0,0.6,0.01,0.06,0.55,0.16,0.2,0.35,1.5,12,10.0,14.0,0.9,1.2,0.6,0.01,0.06,0.65,0.3,0.72,0.005,0.38,0.22,0.01,0.14,1.0,0.28
mpc,ground_truth,curvy,400.0,0.05,0.1,1.0,97.44919017329812,98.74053192138672,89.78421783447266,18.55963235467112,0.8848120897733232,0.2970006273176078,-0.06279920271683181,0.2970006273176078,0.06279920271683181,-0.024411991238594055,-0.050438422709703445,0.5810849070549011,0.0,19.444444444444443,262,256,5.4806694984436035,RoadOption.STRAIGHT,97.84791564941406,100.55927276611328,1.7737094944668679,2.8,1.2,4.5,3.0,10.0,0.6,0.01,0.06,0.55,0.16,0.2,0.35,1.5,12,10.0,14.0,0.9,1.2,0.6,0.01,0.06,0.65,0.3,0.72,0.005,0.38,0.22,0.01,0.14,1.0,0.28
mpc,ground_truth,curvy,400.0,0.05,0.1,1.0,97.49919017404318,98.72635650634766,90.71207427978516,18.559188348453294,0.8852560959911493,0.3398238231687233,-0.0806401183334362,0.3398238231687233,0.0806401183334362,-0.016621962189674377,0.007790029048919678,0.5816864371299744,0.0,19.444444444444443,263,257,5.443432807922363,RoadOption.STRAIGHT,97.65917205810547,101.43120574951172,1.7942537849060116,2.8,1.2,4.5,3.0,10.0,0.6,0.01,0.06,0.55,0.16,0.2,0.35,1.5,12,10.0,14.0,0.9,1.2,0.6,0.01,0.06,0.65,0.3,0.72,0.005,0.38,0.22,0.01,0.14,1.0,0.28
mpc,ground_truth,curvy,400.0,0.05,0.1,1.0,97.54919017478824,98.71328735351562,91.63997650146484,18.560564023797014,0.8838804206474293,0.3617406899246854,-0.1019211722881499,0.3617406899246854,0.1019211722881499,0.025588998571038246,0.042210960760712624,0.5786774158477783,0.0,19.444444444444443,264,258,5.406160354614258,RoadOption.STRAIGHT,97.4525375366211,102.29907989501953,1.81479820850321,2.8,1.2,4.5,3.0,10.0,0.6,0.01,0.06,0.55,0.16,0.2,0.35,1.5,12,10.0,14.0,0.9,1.2,0.6,0.01,0.06,0.65,0.3,0.72,0.005,0.38,0.22,0.01,0.14,1.0,0.28
mpc,ground_truth,curvy,400.0,0.05,0.1,1.0,97.5991901755333,98.6974105834961,92.56784057617188,18.559678519111767,0.8847659253326761,0.36669769705341926,-0.12171098919047418,0.36669769705341926,0.12171098919047418,0.08202394098043442,0.05643494240939617,0.581922173500061,0.0,19.444444444444443,265,259,5.3692307472229,RoadOption.STRAIGHT,97.22813415527344,103.16251373291016,1.8353424989423537,2.8,1.2,4.5,3.0,10.0,0.6,0.01,0.06,0.55,0.16,0.2,0.35,1.5,12,10.0,14.0,0.9,1.2,0.6,0.01,0.06,0.65,0.3,0.72,0.005,0.38,0.22,0.01,0.14,1.0,0.28
mpc,ground_truth,curvy,400.0,0.05,0.1,1.0,97.64919017627835,98.67383575439453,93.49514770507812,18.547262400771608,0.897182043672835,0.3596915743590725,-0.13547553728454886,0.3596915743590725,0.13547553728454886,0.1333753913640976,0.05135145038366318,0.6032085418701172,0.0,19.444444444444443,266,260,5.333266258239746,RoadOption.STRAIGHT,96.98603057861328,104.02116394042969,1.855886922539552,2.8,1.2,4.5,3.0,10.0,0.6,0.01,0.06,0.55,0.16,0.2,0.35,1.5,12,10.0,14.0,0.9,1.2,0.6,0.01,0.06,0.65,0.3,0.72,0.005,0.38,0.22,0.01,0.14,1.0,0.28
mpc,ground_truth,curvy,400.0,0.05,0.1,1.0,97.69919017702341,98.63703155517578,94.4208984375,18.520378389155127,0.9240660552893161,0.34638738858796847,-0.1401545781617637,0.34638738858796847,0.1401545781617637,0.1636243462562561,0.03024895489215851,0.636700451374054,0.0,19.444444444444443,267,261,5.298947334289551,RoadOption.STRAIGHT,96.72634887695312,104.8746566772461,1.8764312129786958,2.8,1.2,4.5,3.0,10.0,0.6,0.01,0.06,0.55,0.16,0.2,0.35,1.5,12,10.0,14.0,0.9,1.2,0.6,0.01,0.06,0.65,0.3,0.72,0.005,0.38,0.22,0.01,0.14,1.0,0.28
mpc,ground_truth,curvy,400.0,0.05,0.1,1.0,97.74919017776847,98.58211517333984,95.34414672851562,18.488757825253984,0.9556866191904589,0.3318344407879835,-0.13534144712366336,0.3318344407879835,0.13534144712366336,0.16569659113883972,0.002072244882583618,0.6613566279411316,0.0,19.444444444444443,268,262,5.266554355621338,RoadOption.STRAIGHT,96.44918823242188,105.72264099121094,1.896975636575894,2.8,1.2,4.5,3.0,10.0,0.6,0.01,0.06,0.55,0.16,0.2,0.35,1.5,12,10.0,14.0,0.9,1.2,0.6,0.01,0.06,0.65,0.3,0.72,0.005,0.38,0.22,0.01,0.14,1.0,0.28
mpc,ground_truth,curvy,400.0,0.05,0.1,1.0,97.79919017851353,98.5059814453125,96.26470184326172,18.46977723619896,0.9746672082454815,0.3191546055817476,-0.12333711535207659,0.3191546055817476,0.12333711535207659,0.14281368255615234,-0.022882908582687378,0.6575770378112793,0.0,19.444444444444443,269,263,5.235442161560059,RoadOption.STRAIGHT,96.1546630859375,106.56475067138672,1.9175199270150378,2.8,1.2,4.5,3.0,10.0,0.6,0.01,0.06,0.55,0.16,0.2,0.35,1.5,12,10.0,14.0,0.9,1.2,0.6,0.01,0.06,0.65,0.3,0.72,0.005,0.38,0.22,0.01,0.14,1.0,0.28
mpc,ground_truth,curvy,400.0,0.05,0.1,1.0,97.84919017925858,98.4071273803711,97.18289184570312,18.471134993271104,0.9733094511733391,0.3096952053025438,-0.10784337676221334,0.3096952053025438,0.10784337676221334,0.10446259379386902,-0.038351088762283325,0.6323563456535339,0.0,19.444444444444443,270,264,5.20448112487793,RoadOption.STRAIGHT,95.8428955078125,107.40062713623047,1.9380642174541816,2.8,1.2,4.5,3.0,10.0,0.6,0.01,0.06,0.55,0.16,0.2,0.35,1.5,12,10.0,14.0,0.9,1.2,0.6,0.01,0.06,0.65,0.3,0.72,0.005,0.38,0.22,0.01,0.14,1.0,0.28
mpc,ground_truth,curvy,400.0,0.05,0.1,1.0,97.89919018000364,98.28569793701172,98.09912109375,18.489098604073515,0.9553458403709278,0.3031591559204614,-0.09307255325025299,0.3031591559204614,0.09307255325025299,0.06430070847272873,-0.04016188532114029,0.6016511917114258,0.0,19.444444444444443,271,265,5.1726579666137695,RoadOption.STRAIGHT,95.51402282714844,108.22992706298828,1.9586086410513799,2.8,1.2,4.5,3.0,10.0,0.6,0.01,0.06,0.55,0.16,0.2,0.35,1.5,12,10.0,14.0,0.9,1.2,0.6,0.01,0.06,0.65,0.3,0.72,0.005,0.38,0.22,0.01,0.14,1.0,0.28
mpc,ground_truth,curvy,400.0,0.05,0.1,1.0,97.9491901807487,98.14311981201172,99.01350402832031,18.51252119909521,0.9319232453492319,0.2979915758916276,-0.08264175020873932,0.2979915758916276,0.08264175020873932,0.03514086827635765,-0.02915984019637108,0.5810468196868896,0.0,19.444444444444443,272,266,5.1396026611328125,RoadOption.STRAIGHT,95.16819763183594,109.05228424072266,1.9791529314905236,2.8,1.2,4.5,3.0,10.0,0.6,0.01,0.06,0.55,0.16,0.2,0.35,1.5,12,10.0,14.0,0.9,1.2,0.6,0.01,0.06,0.65,0.3,0.72,0.005,0.38,0.22,0.01,0.14,1.0,0.28
mpc,ground_truth,curvy,400.0,0.05,0.1,1.0,97.99919018149376,97.98103332519531,99.92568969726562,18.531270552499755,0.9131738919446875,0.2926002370476741,-0.07844793728213695,0.2926002370476741,0.07844793728213695,0.025249850004911423,-0.009891018271446228,0.5754051208496094,0.0,19.444444444444443,273,267,5.105536937713623,RoadOption.STRAIGHT,94.80553436279297,109.86737823486328,1.999697355087722,2.8,1.2,4.5,3.0,10.0,0.6,0.01,0.06,0.55,0.16,0.2,0.35,1.5,12,10.0,14.0,0.9,1.2,0.6,0.01,0.06,0.65,0.3,0.72,0.005,0.38,0.22,0.01,0.14,1.0,0.28
mpc,ground_truth,curvy,400.0,0.05,0.1,1.0,98.04919018223882,97.8005142211914,100.83503723144531,18.540989914157773,0.9034545302866697,0.28604068970770213,-0.08006673975074197,0.28604068970770213,0.08006673975074197,0.03493398055434227,0.009684130549430847,0.5804094672203064,0.0,19.444444444444443,274,268,5.070971965789795,RoadOption.STRAIGHT,94.42620849609375,110.67485046386719,2.0202416455268657,2.8,1.2,4.5,3.0,10.0,0.6,0.01,0.06,0.55,0.16,0.2,0.35,1.5,12,10.0,14.0,0.9,1.2,0.6,0.01,0.06,0.65,0.3,0.72,0.005,0.38,0.22,0.01,0.14,1.0,0.28
mpc,ground_truth,curvy,400.0,0.05,0.1,1.0,98.09919018298388,97.60176849365234,101.74069213867188,18.541384684867964,0.9030597595764789,0.27831313152559556,-0.08515697270026479,0.27831313152559556,0.08515697270026479,0.05749010294675827,0.022556122392416,0.5913621187210083,0.0,19.444444444444443,275,269,5.036433219909668,RoadOption.STRAIGHT,94.03038024902344,111.47434997558594,2.040785935966009,2.8,1.2,4.5,3.0,10.0,0.6,0.01,0.06,0.55,0.16,0.2,0.35,1.5,12,10.0,14.0,0.9,1.2,0.6,0.01,0.06,0.65,0.3,0.72,0.005,0.38,0.22,0.01,0.14,1.0,0.28
mpc,ground_truth,curvy,400.0,0.05,0.1,1.0,98.14919018372893,97.38422393798828,102.64171600341797,18.53343235795186,0.9110120864925833,0.2702272329422475,-0.09065560140295137,0.2702272329422475,0.09065560140295137,0.08271300792694092,0.025222904980182648,0.6061500310897827,0.0,19.444444444444443,276,270,5.002292633056641,RoadOption.STRAIGHT,93.61820220947266,112.26555633544922,2.0613303595632075,2.8,1.2,4.5,3.0,10.0,0.6,0.01,0.06,0.55,0.16,0.2,0.35,1.5,12,10.0,14.0,0.9,1.2,0.6,0.01,0.06,0.65,0.3,0.72,0.005,0.38,0.22,0.01,0.14,1.0,0.28
mpc,ground_truth,curvy,400.0,0.05,0.1,1.0,98.19919018447399,97.14713287353516,103.53715515136719,18.519897449165143,0.4745469952793009,0.2628048772871525,-0.09401744280501312,0.2628048772871525,0.09401744280501312,0.10144390910863876,0.018730901181697845,0.0,0.18902991712093353,18.994444444444444,277,271,4.968818664550781,RoadOption.STRAIGHT,93.18987274169922,113.0481185913086,2.081874783160406,2.8,1.2,4.5,3.0,10.0,0.6,0.01,0.06,0.55,0.16,0.2,0.35,1.5,12,10.0,14.0,0.9,1.2,0.6,0.01,0.06,0.65,0.3,0.72,0.005,0.38,0.22,0.01,0.14,1.0,0.28
mpc,ground_truth,curvy,400.0,0.05,0.1,1.0,98.24919018521905,96.88993835449219,104.42562103271484,18.472782153351826,0.07166229109261835,0.25708535409727085,-0.09397283485675434,0.25708535409727085,0.09397283485675434,0.10814540833234787,0.0067014992237091064,0.0,0.39046427607536316,18.544444444444444,278,272,4.936639308929443,RoadOption.STRAIGHT,92.74554443359375,113.82172393798828,2.102418940441495,2.8,1.2,4.5,3.0,10.0,0.6,0.01,0.06,0.55,0.16,0.2,0.35,1.5,12,10.0,14.0,0.9,1.2,0.6,0.01,0.06,0.65,0.3,0.72,0.005,0.38,0.22,0.01,0.14,1.0,0.28
mpc,ground_truth,curvy,400.0,0.05,0.1,1.0,98.29919018596411,96.61370849609375,105.30257415771484,18.314672050238354,-0.22022760579390877,0.2539767400442703,-0.0907406893997793,0.2539767400442703,0.0907406893997793,0.10151831805706024,-0.006627090275287628,0.0,0.4325145483016968,18.094444444444445,279,273,4.909881114959717,RoadOption.STRAIGHT,92.2854232788086,114.58604431152344,2.1229633640386933,2.8,1.2,4.5,3.0,10.0,0.6,0.01,0.06,0.55,0.16,0.2,0.35,1.5,12,10.0,14.0,0.9,1.2,0.6,0.01,0.06,0.65,0.3,0.72,0.005,0.38,0.22,0.01,0.14,1.0,0.28
mpc,ground_truth,curvy,400.0,0.05,0.1,1.0,98.34919018670917,96.32084655761719,106.16252899169922,18.062626878678564,-0.4181824342341187,0.253972084055786,-0.08566763383928766,0.253972084055786,0.08566763383928766,0.08500124514102936,-0.016517072916030884,0.0,0.4387744665145874,17.644444444444446,280,274,4.893945693969727,RoadOption.STRAIGHT,91.80968475341797,115.34074401855469,2.1435076544778373,2.8,1.2,4.5,3.0,10.0,0.6,0.01,0.06,0.55,0.16,0.2,0.35,1.5,12,10.0,14.0,0.9,1.2,0.6,0.01,0.06,0.65,0.3,0.72,0.005,0.38,0.22,0.01,0.14,1.0,0.28
mpc,ground_truth,curvy,400.0,0.05,0.1,1.0,98.39919018745422,96.01380920410156,107.00235748291016,17.758229466356564,-0.5637850219121177,0.25689094711880855,-0.08065037150363263,0.25689094711880855,0.08065037150363263,0.06451236456632614,-0.020488880574703217,0.0,0.4635952115058899,17.194444444444446,281,275,4.892107009887695,RoadOption.STRAIGHT,91.31855773925781,116.08551025390625,2.164051944916981,2.8,1.2,4.5,3.0,10.0,0.6,0.01,0.06,0.55,0.16,0.2,0.35,1.5,12,10.0,14.0,0.9,1.2,0.6,0.01,0.06,0.65,0.3,0.72,0.005,0.38,0.22,0.01,0.14,1.0,0.28
mpc,ground_truth,curvy,400.0,0.05,0.1,1.0,98.44919018819928,95.69508361816406,107.82038116455078,17.419713832345153,-0.2521400018980522,0.2621302900937972,-0.077558308319996,0.2621302900937972,0.077558308319996,0.04650205001235008,-0.01801031455397606,0.27196285128593445,0.0,17.1675738304471,282,276,4.906426906585693,RoadOption.STRAIGHT,90.8122329711914,116.82003021240234,2.184596368514179,2.8,1.2,4.5,3.0,10.0,0.6,0.01,0.06,0.55,0.16,0.2,0.35,1.5,12,10.0,14.0,0.9,1.2,0.6,0.01,0.06,0.65,0.3,0.72,0.005,0.38,0.22,0.01,0.14,1.0,0.28
mpc,ground_truth,curvy,400.0,0.05,0.1,1.0,98.49919018894434,95.36680603027344,108.61629486083984,17.0926714843077,0.07093543870766084,0.2689261964045282,-0.0776536494870208,0.2689261964045282,0.0776536494870208,0.03643651306629181,-0.010065536946058273,0.47956010699272156,0.0,17.16360692301536,283,277,4.937621116638184,RoadOption.STRAIGHT,90.29092407226562,117.54399871826172,2.205140658953323,2.8,1.2,4.5,3.0,10.0,0.6,0.01,0.06,0.55,0.16,0.2,0.35,1.5,12,10.0,14.0,0.9,1.2,0.6,0.01,0.06,0.65,0.3,0.72,0.005,0.38,0.22,0.01,0.14,1.0,0.28
mpc,ground_truth,curvy,400.0,0.05,0.1,1.0,98.5491901896894,95.02920532226562,109.39273834228516,16.83293374480926,0.33293402875808553,0.2767146122269315,-0.0812254811410349,0.2767146122269315,0.0812254811410349,0.03656899556517601,0.00013248249888420105,0.5636335015296936,0.0,17.165867773567346,284,278,4.983073711395264,RoadOption.STRAIGHT,89.75485229492188,118.2571029663086,2.2256849493924666,2.8,1.2,4.5,3.0,10.0,0.6,0.01,0.06,0.55,0.16,0.2,0.35,1.5,12,10.0,14.0,0.9,1.2,0.6,0.01,0.06,0.65,0.3,0.72,0.005,0.38,0.22,0.01,0.14,1.0,0.28
mpc,ground_truth,curvy,400.0,0.05,0.1,1.0,98.59919019043446,94.68185424804688,110.15283203125,16.641218503655217,0.5296609217963564,0.285071167559221,-0.0874899018151738,0.285071167559221,0.0874899018151738,0.045664381235837936,0.009095385670661926,0.6036084294319153,0.0,17.170879425451574,285,279,5.0394697189331055,RoadOption.STRAIGHT,89.2042465209961,118.95904541015625,2.246229372989665,2.8,1.2,4.5,3.0,10.0,0.6,0.01,0.06,0.55,0.16,0.2,0.35,1.5,12,10.0,14.0,0.9,1.2,0.6,0.01,0.06,0.65,0.3,0.72,0.005,0.38,0.22,0.01,0.14,1.0,0.28
mpc,ground_truth,curvy,400.0,0.05,0.1,1.0,98.64919019117951,94.32377624511719,110.89942169189453,16.512366674482873,0.6573350485187497,0.29387922784613396,-0.0949142623020971,0.29387922784613396,0.0949142623020971,0.05898722633719444,0.013322845101356506,0.5976099967956543,0.0,17.169701723001623,286,280,5.1035284996032715,RoadOption.STRAIGHT,88.6477279663086,119.63875579833984,2.2693754386557616,2.8,1.2,4.5,3.0,10.0,0.6,0.01,0.06,0.55,0.16,0.2,0.35,1.5,12,10.0,14.0,0.9,1.2,0.6,0.01,0.06,0.65,0.3,0.72,0.005,0.38,0.22,0.01,0.14,1.0,0.28
mpc,ground_truth,curvy,400.0,0.05,0.1,1.0,98.69919019192457,93.95403289794922,111.634765625,16.430481739843902,0.7370920906031984,0.3031096710139751,-0.10188508645537908,0.3031096710139751,0.10188508645537908,0.07150356471538544,0.012516338378190994,0.5879637002944946,0.0,17.1675738304471,287,281,5.172510147094727,RoadOption.STRAIGHT,88.08870697021484,120.28605651855469,2.2969354275125555,2.8,1.2,4.5,3.0,10.0,0.6,0.01,0.06,0.55,0.16,0.2,0.35,1.5,12,10.0,14.0,0.9,1.2,0.6,0.01,0.06,0.65,0.3,0.72,0.005,0.38,0.22,0.01,0.14,1.0,0.28
mpc,ground_truth,curvy,400.0,0.05,0.1,1.0,98.74919019266963,93.57182312011719,112.36017608642578,16.37931649312768,0.7842904298876832,0.31290904688292986,-0.10729756189680195,0.31290904688292986,0.10729756189680195,0.07895451039075851,0.007450945675373077,0.5772122740745544,0.0,17.16360692301536,288,282,5.244582176208496,RoadOption.STRAIGHT,87.51204681396484,120.91769409179688,2.32449541636935,2.8,1.2,4.5,3.0,10.0,0.6,0.01,0.06,0.55,0.16,0.2,0.35,1.5,12,10.0,14.0,0.9,1.2,0.6,0.01,0.06,0.65,0.3,0.72,0.005,0.38,0.22,0.01,0.14,1.0,0.28
mpc,ground_truth,curvy,400.0,0.05,0.1,1.0,98.79919019341469,93.17672729492188,113.07645416259766,16.348098921865418,0.8177688517019277,0.32328780427881165,-0.11083423982442708,0.32328780427881165,0.11083423982442708,0.07989881932735443,0.0009443089365959167,0.5808354020118713,0.0,17.165867773567346,289,283,5.318535327911377,RoadOption.STRAIGHT,86.91819763183594,121.53321075439453,2.3520554052261438,2.8,1.2,4.5,3.0,10.0,0.6,0.01,0.06,0.55,0.16,0.2,0.35,1.5,12,10.0,14.0,0.9,1.2,0.6,0.01,0.06,0.65,0.3,0.72,0.005,0.38,0.22,0.01,0.14,1.0,0.28
mpc,ground_truth,curvy,400.0,0.05,0.1,1.0,98.84919019415975,92.76863861083984,113.7840805053711,16.331174882304754,0.8365609493677653,0.3341064155483702,-0.11290591283639984,0.3341064155483702,0.11290591283639984,0.07543236017227173,-0.004466459155082703,0.5744870901107788,0.0,17.16773583167252,290,284,5.393592834472656,RoadOption.STRAIGHT,86.3076171875,122.13212585449219,2.379615127766829,2.8,1.2,4.5,3.0,10.0,0.6,0.01,0.06,0.55,0.16,0.2,0.35,1.5,12,10.0,14.0,0.9,1.2,0.6,0.01,0.06,0.65,0.3,0.72,0.005,0.38,0.22,0.01,0.14,1.0,0.28
mpc,ground_truth,curvy,400.0,0.05,0.1,1.0,98.8991901949048,92.34769439697266,114.48357391357422,16.32501115554842,0.8373624533271027,0.34496221350541,-0.11435307457274879,0.34496221350541,0.11435307457274879,0.07010821253061295,-0.005324147641658783,0.5533792972564697,0.0,17.162373608875523,291,285,5.469105243682861,RoadOption.STRAIGHT,85.68077087402344,122.71399688720703,2.407175116623623,2.8,1.2,4.5,3.0,10.0,0.6,0.01,0.06,0.55,0.16,0.2,0.35,1.5,12,10.0,14.0,0.9,1.2,0.6,0.01,0.06,0.65,0.3,0.72,0.005,0.38,0.22,0.01,0.14,1.0,0.28
mpc,ground_truth,curvy,400.0,0.05,0.1,1.0,98.94919019564986,91.91421508789062,115.17518615722656,16.323400364987133,0.8441734654599671,0.3693221548354031,-0.11854315907382507,0.3693221548354031,0.11854315907382507,0.0752650648355484,0.005156852304935455,0.5646772980690002,0.0,17.1675738304471,292,286,5.531129837036133,RoadOption.STRAIGHT,85.03812408447266,123.27836608886719,2.4347351054804167,2.8,1.2,4.5,3.0,10.0,0.6,0.01,0.06,0.55,0.16,0.2,0.35,1.5,12,10.0,14.0,0.9,1.2,0.6,0.01,0.06,0.65,0.3,0.72,0.005,0.38,0.22,0.01,0.14,1.0,0.28
mpc,ground_truth,curvy,400.0,0.05,0.1,1.0,98.99919019639492,91.468017578125,115.85850524902344,16.32041156350854,0.8431953595068222,0.41298152832737767,-0.12708950932799823,0.41298152832737767,0.12708950932799823,0.06345286965370178,-0.011812195181846619,0.5547434687614441,0.0,17.16360692301536,293,287,5.569825172424316,RoadOption.STRAIGHT,84.38017272949219,123.82482147216797,2.4622950943372106,2.8,1.2,4.5,3.0,10.0,0.6,0.01,0.06,0.55,0.16,0.2,0.35,1.5,12,10.0,14.0,0.9,1.2,0.6,0.01,0.06,0.65,0.3,0.72,0.005,0.38,0.22,0.01,0.14,1.0,0.28
mpc,ground_truth,curvy,400.0,0.05,0.1,1.0,99.04919019713998,91.0096206665039,116.5337142944336,16.322017648875953,0.8393293550769769,0.4498362500337749,-0.1361995176268871,0.4498362500337749,0.1361995176268871,0.05296870321035385,-0.010484166443347931,0.548958420753479,0.0,17.16134700395293,294,288,5.6082353591918945,RoadOption.STRAIGHT,83.70740509033203,124.3529281616211,2.489855083194005,2.8,1.2,4.5,3.0,10.0,0.6,0.01,0.06,0.55,0.16,0.2,0.35,1.5,12,10.0,14.0,0.9,1.2,0.6,0.01,0.06,0.65,0.3,0.72,0.005,0.38,0.22,0.01,0.14,1.0,0.28
mpc,ground_truth,curvy,400.0,0.05,0.1,1.0,99.09919019788504,90.54006958007812,117.20135498046875,16.32455754461061,0.8431782870619102,0.4787513718839591,-0.14680355929731004,0.4787513718839591,0.14680355929731004,0.05488654226064682,0.0019178390502929688,0.5605257153511047,0.0,17.16773583167252,295,289,5.64649772644043,RoadOption.STRAIGHT,83.02034759521484,124.86229705810547,2.517415072050799,2.8,1.2,4.5,3.0,10.0,0.6,0.01,0.06,0.55,0.16,0.2,0.35,1.5,12,10.0,14.0,0.9,1.2,0.6,0.01,0.06,0.65,0.3,0.72,0.005,0.38,0.22,0.01,0.14,1.0,0.28
mpc,ground_truth,curvy,400.0,0.05,0.1,1.0,99.1491901986301,90.05961608886719,117.86126708984375,16.325445823991895,0.8369277848836276,0.4996422383285162,-0.15855302655257608,0.4996422383285162,0.15855302655257608,0.06934168189764023,0.014455139636993408,0.5446560978889465,0.0,17.162373608875523,296,290,5.684868812561035,RoadOption.STRAIGHT,82.31951141357422,125.3525390625,2.5449750609075927,2.8,1.2,4.5,3.0,10.0,0.6,0.01,0.06,0.55,0.16,0.2,0.35,1.5,12,10.0,14.0,0.9,1.2,0.6,0.01,0.06,0.65,0.3,0.72,0.005,0.38,0.22,0.01,0.14,1.0,0.28
mpc,ground_truth,curvy,400.0,0.05,0.1,1.0,99.19919019937515,89.56776428222656,118.51258850097656,16.321579292365666,0.84354669416593,0.5134865727175812,-0.1699333796807574,0.5134865727175812,0.1699333796807574,0.09104426205158234,0.021702580153942108,0.5640707015991211,0.0,17.165125986531596,297,291,5.723683834075928,RoadOption.STRAIGHT,81.60543060302734,125.82328033447266,2.572534783448278,2.8,1.2,4.5,3.0,10.0,0.6,0.01,0.06,0.55,0.16,0.2,0.35,1.5,12,10.0,14.0,0.9,1.2,0.6,0.01,0.06,0.65,0.3,0.72,0.005,0.38,0.22,0.01,0.14,1.0,0.28
mpc,ground_truth,curvy,400.0,0.05,0.1,1.0,99.24919020012021,89.06349182128906,119.15377807617188,16.311120215933787,0.8580922388917749,0.5220986956682396,-0.17916709181227963,0.5220986956682396,0.17916709181227963,0.11213786154985428,0.021093599498271942,0.5823100209236145,0.0,17.169212454825562,297,292,5.763316631317139,RoadOption.STRAIGHT,81.60543060302734,125.82328033447266,2.572534783448278,2.8,1.2,4.5,3.0,10.0,0.6,0.01,0.06,0.55,0.16,0.2,0.35,1.5,12,10.0,14.0,0.9,1.2,0.6,0.01,0.06,0.65,0.3,0.72,0.005,0.38,0.22,0.01,0.14,1.0,0.28
mpc,ground_truth,curvy,400.0,0.05,0.1,1.0,99.29919020086527,88.54563903808594,119.78321838378906,16.298225724579694,0.8709867302458676,0.3797863689310188,-0.15748123737187347,0.3797863689310188,0.15748123737187347,0.18925784528255463,0.07711998373270035,0.5880654454231262,0.0,17.169212454825562,298,292,4.951638221740723,RoadOption.STRAIGHT,80.87864685058594,126.27416229248047,2.600094772305072,2.8,1.2,4.5,3.0,10.0,0.6,0.01,0.06,0.55,0.16,0.2,0.35,1.5,12,10.0,14.0,0.9,1.2,0.6,0.01,0.06,0.65,0.3,0.72,0.005,0.38,0.22,0.01,0.14,1.0,0.28
mpc,ground_truth,curvy,400.0,0.05,0.1,1.0,99.34919020161033,88.01182556152344,120.39735412597656,16.258869207769877,0.902477796183053,0.3850445237399045,-0.15743516468501495,0.3850445237399045,0.15743516468501495,0.19258122146129608,0.003323376178741455,0.6292759776115417,0.0,17.16134700395293,299,293,4.993639945983887,RoadOption.STRAIGHT,80.13971710205078,126.70486450195312,2.6276547611618657,2.8,1.2,4.5,3.0,10.0,0.6,0.01,0.06,0.55,0.16,0.2,0.35,1.5,12,10.0,14.0,0.9,1.2,0.6,0.01,0.06,0.65,0.3,0.72,0.005,0.38,0.22,0.01,0.14,1.0,0.28
mpc,ground_truth,curvy,400.0,0.05,0.1,1.0,99.39919020235538,87.45985412597656,120.99253845214844,16.226819070734695,0.9409167609378244,0.39549584165336427,-0.15022385708529873,0.39549584165336427,0.15022385708529873,0.16117437183856964,-0.03140684962272644,0.6606768369674683,0.0,17.16773583167252,300,294,5.037171363830566,RoadOption.STRAIGHT,79.38920593261719,127.11502838134766,2.6552147500186596,2.8,1.2,4.5,3.0,10.0,0.6,0.01,0.06,0.55,0.16,0.2,0.35,1.5,12,10.0,14.0,0.9,1.2,0.6,0.01,0.06,0.65,0.3,0.72,0.005,0.38,0.22,0.01,0.14,1.0,0.28
mpc,ground_truth,curvy,400.0,0.05,0.1,1.0,99.44919020310044,86.88973236083984,121.56969451904297,16.229347149928813,0.9330264589467099,0.41037768761172,-0.13984791516224115,0.41037768761172,0.13984791516224115,0.112477146089077,-0.048697225749492645,0.6003475189208984,0.0,17.162373608875523,301,295,5.080686092376709,RoadOption.STRAIGHT,78.62767028808594,127.50433349609375,2.682774738875454,2.8,1.2,4.5,3.0,10.0,0.6,0.01,0.06,0.55,0.16,0.2,0.35,1.5,12,10.0,14.0,0.9,1.2,0.6,0.01,0.06,0.65,0.3,0.72,0.005,0.38,0.22,0.01,0.14,1.0,0.28
mpc,ground_truth,curvy,400.0,0.05,0.1,1.0,99.4991902038455,86.302490234375,122.13111114501953,16.2588502725791,0.9062757139524962,0.4270692161808771,-0.1312467037896119,0.4270692161808771,0.1312467037896119,0.06551878899335861,-0.046958357095718384,0.5616645216941833,0.0,17.165125986531596,302,296,5.12266731262207,RoadOption.STRAIGHT,77.85569763183594,127.8725357055664,2.710334727732248,2.8,1.2,4.5,3.0,10.0,0.6,0.01,0.06,0.55,0.16,0.2,0.35,1.5,12,10.0,14.0,0.9,1.2,0.6,0.01,0.06,0.65,0.3,0.72,0.005,0.38,0.22,0.01,0.14,1.0,0.28
mpc,ground_truth,curvy,400.0,0.05,0.1,1.0,99.54919020459056,85.70027160644531,122.67900085449219,16.292647326503754,0.8765651283218077,0.44231083436099894,-0.12842401935023728,0.44231083436099894,0.12842401935023728,0.03732841834425926,-0.02819037064909935,0.5402863621711731,0.0,17.169212454825562,303,297,5.1627726554870605,RoadOption.STRAIGHT,77.07386779785156,128.21932983398438,2.7378947165890417,2.8,1.2,4.5,3.0,10.0,0.6,0.01,0.06,0.55,0.16,0.2,0.35,1.5,12,10.0,14.0,0.9,1.2,0.6,0.01,0.06,0.65,0.3,0.72,0.005,0.38,0.22,0.01,0.14,1.0,0.28
mpc,ground_truth,curvy,400.0,0.05,0.1,1.0,99.59919020533562,85.08524322509766,123.21466827392578,16.317244772686383,0.8441022312665467,0.4536308988994806,-0.13276550455928415,0.4536308988994806,0.13276550455928415,0.03607768565416336,-0.0012507326900959015,0.5175058841705322,0.0,17.16134700395293,304,298,5.201534748077393,RoadOption.STRAIGHT,76.28278350830078,128.54441833496094,2.7654547054458356,2.8,1.2,4.5,3.0,10.0,0.6,0.01,0.06,0.55,0.16,0.2,0.35,1.5,12,10.0,14.0,0.9,1.2,0.6,0.01,0.06,0.65,0.3,0.72,0.005,0.38,0.22,0.01,0.14,1.0,0.28
mpc,ground_truth,curvy,400.0,0.05,0.1,1.0,99.64919020608068,84.45872497558594,123.73798370361328,16.326897583453626,0.8408382482188941,0.4603369188088311,-0.1425675352674296,0.4603369188088311,0.1425675352674296,0.05848141759634018,0.02240373194217682,0.5505861639976501,0.0,17.16773583167252,305,299,5.239867687225342,RoadOption.STRAIGHT,75.48303985595703,128.84759521484375,2.79301469430263,2.8,1.2,4.5,3.0,10.0,0.6,0.01,0.06,0.55,0.16,0.2,0.35,1.5,12,10.0,14.0,0.9,1.2,0.6,0.01,0.06,0.65,0.3,0.72,0.005,0.38,0.22,0.01,0.14,1.0,0.28
mpc,ground_truth,curvy,400.0,0.05,0.1,1.0,99.69919020682573,83.82109069824219,124.24757385253906,16.3221428556915,0.8402307531840236,0.4633385412555322,-0.154200755541114,0.4633385412555322,0.154200755541114,0.09237617254257202,0.03389475494623184,0.5534094572067261,0.0,17.162373608875523,306,300,5.278626918792725,RoadOption.STRAIGHT,74.67523956298828,129.12863159179688,2.820574683159424,2.8,1.2,4.5,3.0,10.0,0.6,0.01,0.06,0.55,0.16,0.2,0.35,1.5,12,10.0,14.0,0.9,1.2,0.6,0.01,0.06,0.65,0.3,0.72,0.005,0.38,0.22,0.01,0.14,1.0,0.28
mpc,ground_truth,curvy,400.0,0.05,0.1,1.0,99.74919020757079,83.17212677001953,124.74166107177734,16.306347784377827,0.8587782021537684,0.46425969550113777,-0.164044597878374,0.46425969550113777,0.164044597878374,0.12399355322122574,0.03161738067865372,0.587523877620697,0.0,17.165125986531596,307,301,5.318312168121338,RoadOption.STRAIGHT,73.8600082397461,129.3872833251953,2.8481346720162177,2.8,1.2,4.5,3.0,10.0,0.6,0.01,0.06,0.55,0.16,0.2,0.35,1.5,12,10.0,14.0,0.9,1.2,0.6,0.01,0.06,0.65,0.3,0.72,0.005,0.38,0.22,0.01,0.14,1.0,0.28
mpc,ground_truth,curvy,400.0,0.05,0.1,1.0,99.79919020831585,82.51148986816406,125.21819305419922,16.28387100348553,0.887470171696414,0.46512693692587526,-0.1696979562403942,0.46512693692587526,0.1696979562403942,0.14326797425746918,0.01927442103624344,0.6169124841690063,0.0,17.171341175181944,308,302,5.359285354614258,RoadOption.STRAIGHT,73.0379638671875,129.62338256835938,2.8756946608730116,2.8,1.2,4.5,3.0,10.0,0.6,0.01,0.06,0.55,0.16,0.2,0.35,1.5,12,10.0,14.0,0.9,1.2,0.6,0.01,0.06,0.65,0.3,0.72,0.005,0.38,0.22,0.01,0.14,1.0,0.28
mpc,ground_truth,curvy,400.0,0.05,0.1,1.0,99.84919020906091,81.83879852294922,125.6756820678711,16.265793359924412,0.8955536440285172,0.4674075874707426,-0.17057440255513923,0.4674075874707426,0.17057440255513923,0.14574140310287476,0.0024734288454055786,0.597032368183136,0.0,17.16134700395293,309,303,5.40136194229126,RoadOption.STRAIGHT,72.209716796875,129.8367462158203,2.903254383413697,2.8,1.2,4.5,3.0,10.0,0.6,0.01,0.06,0.55,0.16,0.2,0.35,1.5,12,10.0,14.0,0.9,1.2,0.6,0.01,0.06,0.65,0.3,0.72,0.005,0.38,0.22,0.01,0.14,1.0,0.28
mpc,ground_truth,curvy,400.0,0.05,0.1,1.0,99.89919020980597,81.15377044677734,126.11341857910156,16.25767060635372,0.9135843249020397,0.47178381072725895,-0.16766782854142637,0.47178381072725895,0.16766782854142637,0.1329755038022995,-0.012765899300575256,0.6197873950004578,0.0,17.17125493125576,310,304,5.443921089172363,RoadOption.STRAIGHT,71.37590789794922,130.02720642089844,2.9308143722704907,2.8,1.2,4.5,3.0,10.0,0.6,0.01,0.06,0.55,0.16,0.2,0.35,1.5,12,10.0,14.0,0.9,1.2,0.6,0.01,0.06,0.65,0.3,0.72,0.005,0.38,0.22,0.01,0.14,1.0,0.28
mpc,ground_truth,curvy,400.0,0.05,0.1,1.0,99.94919021055102,80.4565200805664,126.5313949584961,16.261952296371614,0.9009117892418601,0.47815249419989136,-0.16301235663985914,0.47815249419989136,0.16301235663985914,0.11161679774522781,-0.021358706057071686,0.5753400325775146,0.0,17.162864085613474,311,305,5.486373424530029,RoadOption.STRAIGHT,70.53717041015625,130.19459533691406,2.958374361127285,2.8,1.2,4.5,3.0,10.0,0.6,0.01,0.06,0.55,0.16,0.2,0.35,1.5,12,10.0,14.0,0.9,1.2,0.6,0.01,0.06,0.65,0.3,0.72,0.005,0.38,0.22,0.01,0.14,1.0,0.28
mpc,ground_truth,curvy,400.0,0.05,0.1,1.0,99.99919021129608,79.74746704101562,126.9303207397461,16.275972286577886,0.8891536999537095,0.48555591198596804,-0.15893692122371084,0.48555591198596804,0.15893692122371084,0.09017984569072723,-0.02143695205450058,0.5693824887275696,0.0,17.165125986531596,312,306,5.528115749359131,RoadOption.STRAIGHT,69.69412994384766,130.3388214111328,2.985934349984079,2.8,1.2,4.5,3.0,10.0,0.6,0.01,0.06,0.55,0.16,0.2,0.35,1.5,12,10.0,14.0,0.9,1.2,0.6,0.01,0.06,0.65,0.3,0.72,0.005,0.38,0.22,0.01,0.14,1.0,0.28
mpc,ground_truth,curvy,400.0,0.05,0.1,1.0,100.04919021204114,79.027587890625,127.31098175048828,16.290917446566773,0.8804237286151704,0.49274302372789136,-0.15727830449680935,0.49274302372789136,0.15727830449680935,0.07591317594051361,-0.014266669750213623,0.5677782893180847,0.0,17.171341175181944,313,307,5.569103240966797,RoadOption.STRAIGHT,68.84744262695312,130.4597625732422,3.013494338840873,2.8,1.2,4.5,3.0,10.0,0.6,0.01,0.06,0.55,0.16,0.2,0.35,1.5,12,10.0,14.0,0.9,1.2,0.6,0.01,0.06,0.65,0.3,0.72,0.005,0.38,0.22,0.01,0.14,1.0,0.28
mpc,ground_truth,curvy,400.0,0.05,0.1,1.0,100.0991902127862,78.2978515625,127.67400360107422,16.303762249207182,0.8615854947277803,0.4987005430896505,-0.15877313681667093,0.4987005430896505,0.15877313681667093,0.07306057214736938,-0.002852603793144226,0.5443454384803772,0.0,17.165347743934962,314,308,5.609500885009766,RoadOption.STRAIGHT,67.99774169921875,130.55731201171875,3.0410543276976667,2.8,1.2,4.5,3.0,10.0,0.6,0.01,0.06,0.55,0.16,0.2,0.35,1.5,12,10.0,14.0,0.9,1.2,0.6,0.01,0.06,0.65,0.3,0.72,0.005,0.38,0.22,0.01,0.14,1.0,0.28
mpc,ground_truth,curvy,400.0,0.05,0.1,1.0,100.14919021353126,77.55912780761719,128.01942443847656,16.310135239453913,0.8611196918018464,0.5030162506822662,-0.16289677544854975,0.5030162506822662,0.16289677544854975,0.08076439052820206,0.007703818380832672,0.5661128759384155,0.0,17.17125493125576,315,309,5.649677753448486,RoadOption.STRAIGHT,67.14567565917969,130.63143920898438,3.068614316554461,2.8,1.2,4.5,3.0,10.0,0.6,0.01,0.06,0.55,0.16,0.2,0.35,1.5,12,10.0,14.0,0.9,1.2,0.6,0.01,0.06,0.65,0.3,0.72,0.005,0.38,0.22,0.01,0.14,1.0,0.28
mpc,ground_truth,curvy,400.0,0.05,0.1,1.0,100.19919021427631,76.81214904785156,128.34671020507812,16.30891233897809,0.853951746635385,0.5059281915460145,-0.1682470660785187,0.5059281915460145,0.1682470660785187,0.09463437646627426,0.013869985938072205,0.5537695288658142,0.0,17.162864085613474,316,310,5.690060615539551,RoadOption.STRAIGHT,66.2918930053711,130.68203735351562,3.096174305411255,2.8,1.2,4.5,3.0,10.0,0.6,0.01,0.06,0.55,0.16,0.2,0.35,1.5,12,10.0,14.0,0.9,1.2,0.6,0.01,0.06,0.65,0.3,0.72,0.005,0.38,0.22,0.01,0.14,1.0,0.28
mpc,ground_truth,curvy,400.0,0.05,0.1,1.0,100.24919021502137,76.05741882324219,128.6549835205078,16.301558425968434,0.8697145104184116,0.5080811397232519,-0.17322025309813327,0.5080811397232519,0.17322025309813327,0.10856743901968002,0.013933062553405762,0.5907440185546875,0.0,17.171272936386845,317,311,5.730929374694824,RoadOption.STRAIGHT,65.4370346069336,130.70909118652344,3.123734294268049,2.8,1.2,4.5,3.0,10.0,0.6,0.01,0.06,0.55,0.16,0.2,0.35,1.5,12,10.0,14.0,0.9,1.2,0.6,0.01,0.06,0.65,0.3,0.72,0.005,0.38,0.22,0.01,0.14,1.0,0.28
mpc,ground_truth,curvy,400.0,0.05,0.1,1.0,100.29919021576643,75.29537200927734,128.94325256347656,16.291390900651752,0.8799502745301915,0.5103327533477806,-0.17664055088612196,0.5103327533477806,0.17664055088612196,0.11795379221439362,0.009386353194713593,0.5902530550956726,0.0,17.171341175181944,317,312,5.772480487823486,RoadOption.STRAIGHT,65.4370346069336,130.70909118652344,3.123734294268049,2.8,1.2,4.5,3.0,10.0,0.6,0.01,0.06,0.55,0.16,0.2,0.35,1.5,12,10.0,14.0,0.9,1.2,0.6,0.01,0.06,0.65,0.3,0.72,0.005,0.38,0.22,0.01,0.14,1.0,0.28
mpc,ground_truth,curvy,400.0,0.05,0.1,1.0,100.34919021651149,74.5262451171875,129.21078491210938,16.284161078182024,0.88718009699992,0.36527306357489153,-0.1504997605742311,0.36527306357489153,0.1504997605742311,0.18342137336730957,0.06546758115291595,0.5909838676452637,0.0,17.171341175181944,318,312,4.962036609649658,RoadOption.STRAIGHT,64.56018829345703,130.71270751953125,3.1471855581950687,2.8,1.2,4.5,3.0,10.0,0.6,0.01,0.06,0.55,0.16,0.2,0.35,1.5,12,10.0,14.0,0.9,1.2,0.6,0.01,0.06,0.65,0.3,0.72,0.005,0.38,0.22,0.01,0.14,1.0,0.28
mpc,ground_truth,curvy,400.0,0.05,0.1,1.0,100.39919021725655,73.75032043457031,129.45407104492188,16.2501390980723,0.9152086458626627,0.3711173579594469,-0.1475250096366123,0.3711173579594469,0.1475250096366123,0.176239013671875,-0.00718235969543457,0.6327594518661499,0.0,17.165347743934962,319,313,5.004960536956787,RoadOption.STRAIGHT,63.56019973754883,130.7071075439453,3.1471855581950687,2.8,1.2,4.5,3.0,10.0,0.6,0.01,0.06,0.55,0.16,0.2,0.35,1.5,12,10.0,14.0,0.9,1.2,0.6,0.01,0.06,0.65,0.3,0.72,0.005,0.38,0.22,0.01,0.14,1.0,0.28
mpc,ground_truth,curvy,400.0,0.05,0.1,1.0,100.4491902180016,72.96796417236328,129.67050170898438,16.22958401904722,0.9517191639636131,0.3834757058535771,-0.13948146419624585,0.3834757058535771,0.13948146419624585,0.13931089639663696,-0.03692811727523804,0.6648440957069397,0.0,17.181303183010833,320,314,5.048717498779297,RoadOption.STRAIGHT,62.56021499633789,130.70152282714844,3.1471855581950687,2.8,1.2,4.5,3.0,10.0,0.6,0.01,0.06,0.55,0.16,0.2,0.35,1.5,12,10.0,14.0,0.9,1.2,0.6,0.01,0.06,0.65,0.3,0.72,0.005,0.38,0.22,0.01,0.14,1.0,0.28
mpc,ground_truth,curvy,400.0,0.05,0.1,1.0,100.49919021874666,72.17900848388672,129.86187744140625,16.243327943229946,0.9196561842655342,0.4005151018568275,-0.1303002163381981,0.4005151018568275,0.1303002163381981,0.09164948761463165,-0.04766140878200531,0.563318133354187,0.0,17.16298412749548,321,315,5.091824054718018,RoadOption.STRAIGHT,61.56023025512695,130.6959228515625,3.1471855581950687,2.8,1.2,4.5,3.0,10.0,0.6,0.01,0.06,0.55,0.16,0.2,0.35,1.5,12,10.0,14.0,0.9,1.2,0.6,0.01,0.06,0.65,0.3,0.72,0.005,0.38,0.22,0.01,0.14,1.0,0.28
mpc,ground_truth,curvy,400.0,0.05,0.1,1.0,100.54919021949172,71.3835220336914,130.03131103515625,16.276744985551947,0.8945279508348989,0.41888138375168993,-0.12442927771511814,0.41888138375168993,0.12442927771511814,0.051204536110162735,-0.04044495150446892,0.5565629005432129,0.0,17.171272936386845,322,316,5.13304328918457,RoadOption.STRAIGHT,60.560245513916016,130.69033813476562,3.1471855581950687,2.8,1.2,4.5,3.0,10.0,0.6,0.01,0.06,0.55,0.16,0.2,0.35,1.5,12,10.0,14.0,0.9,1.2,0.6,0.01,0.06,0.65,0.3,0.72,0.005,0.38,0.22,0.01,0.14,1.0,0.28
mpc,ground_truth,curvy,400.0,0.05,0.1,1.0,100.59919022023678,70.58261108398438,130.18194580078125,16.306676378631327,0.9867560005056824,0.4351746597450944,-0.12495498571429975,0.4351746597450944,0.12495498571429975,0.0314047709107399,-0.019799765199422836,0.7527272701263428,0.0,17.29343237913701,322,317,5.172508239746094,RoadOption.STRAIGHT,60.560245513916016,130.69033813476562,3.1471855581950687,2.8,1.2,4.5,3.0,10.0,0.6,0.01,0.06,0.55,0.16,0.2,0.35,1.5,12,10.0,14.0,0.9,1.2,0.6,0.01,0.06,0.65,0.3,0.72,0.005,0.38,0.22,0.01,0.14,1.0,0.28
mpc,ground_truth,curvy,400.0,0.05,0.1,1.0,100.64919022098184,69.77726745605469,130.31581115722656,16.340174979848978,0.9532573992880309,0.31571200040643393,-0.10468540034159757,0.31571200040643393,0.10468540034159757,0.08614721149206161,0.054742440581321716,0.5817561149597168,0.0,17.29343237913701,323,317,4.358015060424805,RoadOption.STRAIGHT,59.56026077270508,130.6847381591797,3.1471855581950687,2.8,1.2,4.5,3.0,10.0,0.6,0.01,0.06,0.55,0.16,0.2,0.35,1.5,12,10.0,14.0,0.9,1.2,0.6,0.01,0.06,0.65,0.3,0.72,0.005,0.38,0.22,0.01,0.14,1.0,0.28
mpc,ground_truth,curvy,400.0,0.05,0.1,1.0,100.6991902217269,68.96733856201172,130.43052673339844,16.369136686131355,1.0992956930056543,0.30682501528340933,-0.10957123567745741,0.30682501528340933,0.10957123567745741,0.060599666088819504,-0.02554754540324211,0.8848233819007874,0.0,17.46843237913701,324,318,4.416175365447998,RoadOption.STRAIGHT,58.56027603149414,130.6791534423828,3.1471855581950687,2.8,1.2,4.5,3.0,10.0,0.6,0.01,0.06,0.55,0.16,0.2,0.35,1.5,12,10.0,14.0,0.9,1.2,0.6,0.01,0.06,0.65,0.3,0.72,0.005,0.38,0.22,0.01,0.14,1.0,0.28
mpc,ground_truth,curvy,400.0,0.05,0.1,1.0,100.74919022247195,68.15321350097656,130.52651977539062,16.414590834914613,1.2288415442223979,0.2062730980224852,-0.09115201463014211,0.2062730980224852,0.09115201463014211,0.07475884258747101,0.014159176498651505,0.9427599310874939,0.0,17.64343237913701,325,319,4.59656286239624,RoadOption.STRAIGHT,57.560298919677734,130.67355346679688,3.1471855581950687,2.8,1.2,4.5,3.0,10.0,0.6,0.01,0.06,0.55,0.16,0.2,0.35,1.5,12,10.0,14.0,0.9,1.2,0.6,0.01,0.06,0.65,0.3,0.72,0.005,0.38,0.22,0.01,0.14,1.0,0.28
mpc,ground_truth,curvy,400.0,0.05,0.1,1.0,100.79919022321701,67.3337173461914,130.6051025390625,16.50514495053682,1.3132874286001908,0.12311638413769077,-0.07274344622718765,0.12311638413769077,0.07274344622718765,0.1031346470117569,0.02837580442428589,0.9393075108528137,0.0,17.81843237913701,326,320,4.774476528167725,RoadOption.STRAIGHT,56.5603141784668,130.66796875,3.1471855581950687,2.8,1.2,4.5,3.0,10.0,0.6,0.01,0.06,0.55,0.16,0.2,0.35,1.5,12,10.0,14.0,0.9,1.2,0.6,0.01,0.06,0.65,0.3,0.72,0.005,0.38,0.22,0.01,0.14,1.0,0.28
mpc,ground_truth,curvy,400.0,0.05,0.1,1.0,100.84919022396207,66.50691223144531,130.6647491455078,16.633301836095463,1.3601305430415493,0.05883939466010155,-0.051958539183555086,0.05883939466010155,0.051958539183555086,0.10729804635047913,0.004163399338722229,0.9222900867462158,0.0,17.993432379137012,327,321,4.946780681610107,RoadOption.STRAIGHT,55.56032943725586,130.66236877441406,3.1471855581950687,2.8,1.2,4.5,3.0,10.0,0.6,0.01,0.06,0.55,0.16,0.2,0.35,1.5,12,10.0,14.0,0.9,1.2,0.6,0.01,0.06,0.65,0.3,0.72,0.005,0.38,0.22,0.01,0.14,1.0,0.28
mpc,ground_truth,curvy,400.0,0.05,0.1,1.0,100.89919022470713,65.67143249511719,130.70469665527344,16.794681518789947,1.3737508603470658,0.014227936235751379,-0.028317125554703892,0.014227936235751379,0.028317125554703892,0.08121763914823532,-0.026080407202243805,0.8905948996543884,0.0,18.168432379137013,327,322,5.111207485198975,RoadOption.STRAIGHT,55.56032943725586,130.66236877441406,3.1471855581950687,2.8,1.2,4.5,3.0,10.0,0.6,0.01,0.06,0.55,0.16,0.2,0.35,1.5,12,10.0,14.0,0.9,1.2,0.6,0.01,0.06,0.65,0.3,0.72,0.005,0.38,0.22,0.01,0.14,1.0,0.28
mpc,ground_truth,curvy,400.0,0.05,0.1,1.0,100.94919022545218,64.82618713378906,130.7265167236328,16.986158852644767,1.3572735264922464,-0.012319142880444754,-0.00429141778055353,0.012319142880444754,0.00429141778055353,0.033144816756248474,-0.04807282239198685,0.8445913195610046,0.0,18.343432379137013,328,322,4.266095161437988,RoadOption.STRAIGHT,54.56034469604492,130.6567840576172,3.1471855581950687,2.8,1.2,4.5,3.0,10.0,0.6,0.01,0.06,0.55,0.16,0.2,0.35,1.5,12,10.0,14.0,0.9,1.2,0.6,0.01,0.06,0.65,0.3,0.72,0.005,0.38,0.22,0.01,0.14,1.0,0.28
mpc,ground_truth,curvy,400.0,0.05,0.1,1.0,100.99919022619724,63.97053146362305,130.73406982421875,17.194008420762298,1.324423958374716,-0.02466479881716735,0.015732624139642937,0.02466479881716735,0.015732624139642937,-0.019086815416812897,-0.05223163217306137,0.8052349090576172,0.0,18.518432379137014,329,323,4.410546779632568,RoadOption.STRAIGHT,53.560359954833984,130.65118408203125,3.1471855581950687,2.8,1.2,4.5,3.0,10.0,0.6,0.01,0.06,0.55,0.16,0.2,0.35,1.5,12,10.0,14.0,0.9,1.2,0.6,0.01,0.06,0.65,0.3,0.72,0.005,0.38,0.22,0.01,0.14,1.0,0.28
mpc,ground_truth,curvy,400.0,0.05,0.1,1.0,101.0491902269423,63.104618072509766,130.73265075683594,17.396306282055903,1.2971260970811116,-0.028080538717309717,0.02756984255282724,0.028080538717309717,0.02756984255282724,-0.05589255690574646,-0.03680574148893356,0.7955182194709778,0.0,18.693432379137015,330,324,4.544657230377197,RoadOption.STRAIGHT,52.56037521362305,130.6455841064453,3.1471855581950687,2.8,1.2,4.5,3.0,10.0,0.6,0.01,0.06,0.55,0.16,0.2,0.35,1.5,12,10.0,14.0,0.9,1.2,0.6,0.01,0.06,0.65,0.3,0.72,0.005,0.38,0.22,0.01,0.14,1.0,0.28
mpc,ground_truth,curvy,400.0,0.05,0.1,1.0,101.09919022768736,62.22909927368164,130.72691345214844,17.584537659811,1.283894719326014,-0.02724713192070875,0.029729133564663,0.02724713192070875,0.029729133564663,-0.06683728843927383,-0.010944731533527374,0.8044591546058655,0.0,18.868432379137015,331,325,4.669105529785156,RoadOption.STRAIGHT,51.56039047241211,130.63999938964844,3.1471855581950687,2.8,1.2,4.5,3.0,10.0,0.6,0.01,0.06,0.55,0.16,0.2,0.35,1.5,12,10.0,14.0,0.9,1.2,0.6,0.01,0.06,0.65,0.3,0.72,0.005,0.38,0.22,0.01,0.14,1.0,0.28
mpc,ground_truth,curvy,400.0,0.05,0.1,1.0,101.14919022843242,61.3444938659668,130.72039794921875,17.764978784611408,1.2784535945256081,-0.025671058104210873,0.023647272583248835,0.025671058104210873,0.023647272583248835,-0.05162385106086731,0.015213437378406525,0.8105428218841553,0.0,19.043432379137016,332,326,4.7844672203063965,RoadOption.STRAIGHT,50.56040573120117,130.6343994140625,3.1471855581950687,2.8,1.2,4.5,3.0,10.0,0.6,0.01,0.06,0.55,0.16,0.2,0.35,1.5,12,10.0,14.0,0.9,1.2,0.6,0.01,0.06,0.65,0.3,0.72,0.005,0.38,0.22,0.01,0.14,1.0,0.28
mpc,ground_truth,curvy,400.0,0.05,0.1,1.0,101.19919022917747,60.45088577270508,130.71461486816406,17.944742522153888,1.273689856983129,-0.024893004156815942,0.013313408605414523,0.024893004156815942,0.013313408605414523,-0.020896561443805695,0.030727289617061615,0.808497428894043,0.0,19.218432379137017,333,327,4.890835762023926,RoadOption.STRAIGHT,49.560420989990234,130.62881469726562,3.1471855581950687,2.8,1.2,4.5,3.0,10.0,0.6,0.01,0.06,0.55,0.16,0.2,0.35,1.5,12,10.0,14.0,0.9,1.2,0.6,0.01,0.06,0.65,0.3,0.72,0.005,0.38,0.22,0.01,0.14,1.0,0.28
mpc,ground_truth,curvy,400.0,0.05,0.1,1.0,101.24919022992253,59.54833984375,130.7093048095703,18.122645834395268,1.2707865447417497,-0.024622694923557287,0.0034037861892297627,0.024622694923557287,0.0034037861892297627,0.010638146661221981,0.031534708105027676,0.8089879751205444,0.0,19.393432379137018,334,328,4.988271713256836,RoadOption.STRAIGHT,48.5604362487793,130.6232147216797,3.1471855581950687,2.8,1.2,4.5,3.0,10.0,0.6,0.01,0.06,0.55,0.16,0.2,0.35,1.5,12,10.0,14.0,0.9,1.2,0.6,0.01,0.06,0.65,0.3,0.72,0.005,0.38,0.22,0.01,0.14,1.0,0.28
mpc,ground_truth,curvy,400.0,0.05,0.1,1.0,101.29919023066759,58.63704299926758,130.7032928466797,18.295329617038504,1.1491148274059384,-0.023714693702386224,-0.002573412561343247,0.023714693702386224,0.002573412561343247,0.03003881126642227,0.01940066460520029,0.5934628248214722,0.0,19.444444444444443,334,329,5.076950550079346,RoadOption.STRAIGHT,48.5604362487793,130.6232147216797,3.1471855581950687,2.8,1.2,4.5,3.0,10.0,0.6,0.01,0.06,0.55,0.16,0.2,0.35,1.5,12,10.0,14.0,0.9,1.2,0.6,0.01,0.06,0.65,0.3,0.72,0.005,0.38,0.22,0.01,0.14,1.0,0.28
mpc,ground_truth,curvy,400.0,0.05,0.1,1.0,101.34919023141265,57.71755599975586,130.6954803466797,18.448366565789314,0.9960778786551288,-0.021044892155340028,-0.0034011230281407734,0.021044892155340028,0.0034011230281407734,0.03177255392074585,0.0017337426543235779,0.464002400636673,0.0,19.444444444444443,335,329,4.1574320793151855,RoadOption.STRAIGHT,47.56045150756836,130.6176300048828,3.1471855581950687,2.8,1.2,4.5,3.0,10.0,0.6,0.01,0.06,0.55,0.16,0.2,0.35,1.5,12,10.0,14.0,0.9,1.2,0.6,0.01,0.06,0.65,0.3,0.72,0.005,0.38,0.22,0.01,0.14,1.0,0.28
mpc,ground_truth,curvy,400.0,0.05,0.1,1.0,101.39919023215771,56.79195022583008,130.68556213378906,18.54866765219437,0.8957767922500715,-0.016310730089054357,-0.00016644756813022354,0.016310730089054357,0.00016644756813022354,0.018240656703710556,-0.013531897217035294,0.4671047627925873,0.0,19.444444444444443,336,330,4.231764316558838,RoadOption.STRAIGHT,46.56046676635742,130.61203002929688,3.1471855581950687,2.8,1.2,4.5,3.0,10.0,0.6,0.01,0.06,0.55,0.16,0.2,0.35,1.5,12,10.0,14.0,0.9,1.2,0.6,0.01,0.06,0.65,0.3,0.72,0.005,0.38,0.22,0.01,0.14,1.0,0.28
mpc,ground_truth,curvy,400.0,0.05,0.1,1.0,101.44919023290277,55.863059997558594,130.6741485595703,18.59519294969725,0.8492514947471932,-0.010084341076124981,0.004539358078039513,0.010084341076124981,0.004539358078039513,-0.002149369800463319,-0.020390026504173875,0.5037205219268799,0.0,19.444444444444443,337,331,4.302804946899414,RoadOption.STRAIGHT,45.560482025146484,130.6064453125,3.1471855581950687,2.8,1.2,4.5,3.0,10.0,0.6,0.01,0.06,0.55,0.16,0.2,0.35,1.5,12,10.0,14.0,0.9,1.2,0.6,0.01,0.06,0.65,0.3,0.72,0.005,0.38,0.22,0.01,0.14,1.0,0.28
mpc,ground_truth,curvy,400.0,0.05,0.1,1.0,101.49919023364782,54.932987213134766,130.66258239746094,18.606648522906905,0.8377959215375377,-0.0037272389987638745,0.007940481106180286,0.0037272389987638745,0.007940481106180286,-0.01970040611922741,-0.01755103631876409,0.5389308929443359,0.0,19.444444444444443,338,332,4.3726725578308105,RoadOption.STRAIGHT,44.56049728393555,130.60084533691406,3.1471855581950687,2.8,1.2,4.5,3.0,10.0,0.6,0.01,0.06,0.55,0.16,0.2,0.35,1.5,12,10.0,14.0,0.9,1.2,0.6,0.01,0.06,0.65,0.3,0.72,0.005,0.38,0.22,0.01,0.14,1.0,0.28
mpc,ground_truth,curvy,400.0,0.05,0.1,1.0,101.54919023439288,54.002899169921875,130.65231323242188,18.600827567865288,0.843616876579155,0.0013480595035479312,0.008337292108601346,0.0013480595035479312,0.008337292108601346,-0.027033606544137,-0.007333200424909592,0.5631552934646606,0.0,19.444444444444443,339,333,4.442541122436523,RoadOption.STRAIGHT,43.56051254272461,130.5952606201172,3.1471855581950687,2.8,1.2,4.5,3.0,10.0,0.6,0.01,0.06,0.55,0.16,0.2,0.35,1.5,12,10.0,14.0,0.9,1.2,0.6,0.01,0.06,0.65,0.3,0.72,0.005,0.38,0.22,0.01,0.14,1.0,0.28
mpc,ground_truth,curvy,400.0,0.05,0.1,1.0,101.59919023513794,53.073265075683594,130.644287109375,18.5900650957635,0.8543793486809435,0.004167631425073294,0.005644836246531781,0.004167631425073294,0.005644836246531781,-0.022635379806160927,0.004398226737976074,0.5755425691604614,0.0,19.444444444444443,340,334,4.51287841796875,RoadOption.STRAIGHT,42.56052780151367,130.58966064453125,3.1471855581950687,2.8,1.2,4.5,3.0,10.0,0.6,0.01,0.06,0.55,0.16,0.2,0.35,1.5,12,10.0,14.0,0.9,1.2,0.6,0.01,0.06,0.65,0.3,0.72,0.005,0.38,0.22,0.01,0.14,1.0,0.28
mpc,ground_truth,curvy,400.0,0.05,0.1,1.0,101.649190235883,52.144100189208984,130.638671875,18.580884773875187,0.8635596705692556,0.004594235152617924,0.0011393003143354008,0.004594235152617924,0.0011393003143354008,-0.00957257580012083,0.013062804006040096,0.5791521668434143,0.0,19.444444444444443,341,335,4.583697319030762,RoadOption.STRAIGHT,41.560543060302734,130.58407592773438,3.1471855581950687,2.8,1.2,4.5,3.0,10.0,0.6,0.01,0.06,0.55,0.16,0.2,0.35,1.5,12,10.0,14.0,0.9,1.2,0.6,0.01,0.06,0.65,0.3,0.72,0.005,0.38,0.22,0.01,0.14,1.0,0.28
mpc,ground_truth,curvy,400.0,0.05,0.1,1.0,101.69919023662806,51.21528625488281,130.63482666015625,18.574759507873473,0.8696849365709696,0.0032375513137037487,-0.003237604937210037,0.0032375513137037487,0.003237604937210037,0.005413990467786789,0.01498656626790762,0.5791612863540649,0.0,19.444444444444443,342,336,4.654875755310059,RoadOption.STRAIGHT,40.5605583190918,130.57847595214844,3.1471855581950687,2.8,1.2,4.5,3.0,10.0,0.6,0.01,0.06,0.55,0.16,0.2,0.35,1.5,12,10.0,14.0,0.9,1.2,0.6,0.01,0.06,0.65,0.3,0.72,0.005,0.38,0.22,0.01,0.14,1.0,0.28
mpc,ground_truth,curvy,400.0,0.05,0.1,1.0,101.74919023737311,50.28670883178711,130.63160705566406,18.57054253251395,0.873901911930492,0.0012718482361945699,-0.0058048922280460324,0.0012718482361945699,0.0058048922280460324,0.016099849715828896,0.010685859248042107,0.5794014930725098,0.0,19.444444444444443,343,337,4.726294040679932,RoadOption.STRAIGHT,39.560577392578125,130.57289123535156,3.1471855581950687,2.8,1.2,4.5,3.0,10.0,0.6,0.01,0.06,0.55,0.16,0.2,0.35,1.5,12,10.0,14.0,0.9,1.2,0.6,0.01,0.06,0.65,0.3,0.72,0.005,0.38,0.22,0.01,0.14,1.0,0.28
mpc,ground_truth,curvy,400.0,0.05,0.1,1.0,101.79919023811817,49.35829544067383,130.6279754638672,18.5673312820592,0.8771131623852426,-0.0002962151201758266,-0.005823001723458177,0.0002962151201758266,0.005823001723458177,0.018526004627346992,0.002426154911518097,0.5801213979721069,0.0,19.444444444444443,344,338,4.79787540435791,RoadOption.STRAIGHT,38.56059265136719,130.56729125976562,3.1471855581950687,2.8,1.2,4.5,3.0,10.0,0.6,0.01,0.06,0.55,0.16,0.2,0.35,1.5,12,10.0,14.0,0.9,1.2,0.6,0.01,0.06,0.65,0.3,0.72,0.005,0.38,0.22,0.01,0.14,1.0,0.28
mpc,ground_truth,curvy,400.0,0.05,0.1,1.0,101.84919023886323,48.430023193359375,130.62330627441406,18.565258267518104,0.8791861769263392,-0.0008106490984849668,-0.0036863475808885937,0.0008106490984849668,0.0036863475808885937,0.013167007826268673,-0.0053589968010783195,0.5799993276596069,0.0,19.444444444444443,345,339,4.86959171295166,RoadOption.STRAIGHT,37.56060791015625,130.5616912841797,3.1471855581950687,2.8,1.2,4.5,3.0,10.0,0.6,0.01,0.06,0.55,0.16,0.2,0.35,1.5,12,10.0,14.0,0.9,1.2,0.6,0.01,0.06,0.65,0.3,0.72,0.005,0.38,0.22,0.01,0.14,1.0,0.28
mpc,ground_truth,curvy,400.0,0.05,0.1,1.0,101.89919023960829,47.50181579589844,130.61756896972656,18.56439114133643,0.8800533031080136,-0.00027188040126635213,-0.0005928196586513224,0.00027188040126635213,0.0005928196586513224,0.003191061783581972,-0.0099759460426867,0.5790725350379944,0.0,19.444444444444443,346,340,4.941367149353027,RoadOption.STRAIGHT,36.56062316894531,130.5561065673828,3.1471855581950687,2.8,1.2,4.5,3.0,10.0,0.6,0.01,0.06,0.55,0.16,0.2,0.35,1.5,12,10.0,14.0,0.9,1.2,0.6,0.01,0.06,0.65,0.3,0.72,0.005,0.38,0.22,0.01,0.14,1.0,0.28
mpc,ground_truth,curvy,400.0,0.05,0.1,1.0,101.94919024035335,46.57363510131836,130.61122131347656,18.564144249721853,0.8803001947225901,0.0008926382086990661,0.0020466392977258607,0.0008926382086990661,0.0020466392977258607,-0.006334223784506321,-0.009525285568088293,0.5784763693809509,0.0,19.444444444444443,346,341,5.0131659507751465,RoadOption.STRAIGHT,36.56062316894531,130.5561065673828,3.1471855581950687,2.8,1.2,4.5,3.0,10.0,0.6,0.01,0.06,0.55,0.16,0.2,0.35,1.5,12,10.0,14.0,0.9,1.2,0.6,0.01,0.06,0.65,0.3,0.72,0.005,0.38,0.22,0.01,0.14,1.0,0.28
mpc,ground_truth,curvy,400.0,0.05,0.1,1.0,101.9991902410984,45.64546203613281,130.60496520996094,18.56386647400238,0.8805779704420615,0.0019574875303616027,0.0032368059888820966,0.0019574875303616027,0.0032368059888820966,-0.01164141483604908,-0.005307191051542759,0.5786800980567932,0.0,19.444444444444443,347,341,4.084972858428955,RoadOption.STRAIGHT,35.560638427734375,130.55050659179688,3.1471855581950687,2.8,1.2,4.5,3.0,10.0,0.6,0.01,0.06,0.55,0.16,0.2,0.35,1.5,12,10.0,14.0,0.9,1.2,0.6,0.01,0.06,0.65,0.3,0.72,0.005,0.38,0.22,0.01,0.14,1.0,0.28
mpc,ground_truth,curvy,400.0,0.05,0.1,1.0,102.04919024184346,44.71729278564453,130.5993194580078,18.563506387925315,0.8809380565191276,0.0024049182763796403,0.0027438548711078425,0.0024049182763796403,0.0027438548711078425,-0.011225039139389992,0.00041637569665908813,0.5789949297904968,0.0,19.444444444444443,348,342,4.156786918640137,RoadOption.STRAIGHT,34.56065368652344,130.544921875,3.1471855581950687,2.8,1.2,4.5,3.0,10.0,0.6,0.01,0.06,0.55,0.16,0.2,0.35,1.5,12,10.0,14.0,0.9,1.2,0.6,0.01,0.06,0.65,0.3,0.72,0.005,0.38,0.22,0.01,0.14,1.0,0.28
mpc,ground_truth,curvy,400.0,0.05,0.1,1.0,102.09919024258852,43.78915023803711,130.594482421875,18.56335313514897,0.8810913092954742,0.002059032411774211,0.0010639328554864491,0.002059032411774211,0.0010639328554864491,-0.00596601003780961,0.005259029101580381,0.5788387060165405,0.0,19.444444444444443,349,343,4.228628158569336,RoadOption.STRAIGHT,33.560672760009766,130.53932189941406,3.1471855581950687,2.8,1.2,4.5,3.0,10.0,0.6,0.01,0.06,0.55,0.16,0.2,0.35,1.5,12,10.0,14.0,0.9,1.2,0.6,0.01,0.06,0.65,0.3,0.72,0.005,0.38,0.22,0.01,0.14,1.0,0.28
mpc,ground_truth,curvy,400.0,0.05,0.1,1.0,102.14919024333358,42.860984802246094,130.5902862548828,18.563446854703393,0.8809975897410496,0.0010569222038528878,-0.000882038953034403,0.0010569222038528878,0.000882038953034403,0.0010009274119511247,0.006966937449760735,0.5784860849380493,0.0,19.444444444444443,350,344,4.300454139709473,RoadOption.STRAIGHT,32.56068801879883,130.5337371826172,3.1471855581950687,2.8,1.2,4.5,3.0,10.0,0.6,0.01,0.06,0.55,0.16,0.2,0.35,1.5,12,10.0,14.0,0.9,1.2,0.6,0.01,0.06,0.65,0.3,0.72,0.005,0.38,0.22,0.01,0.14,1.0,0.28
mpc,ground_truth,curvy,400.0,0.05,0.1,1.0,102.19919024407864,41.93281173706055,130.58624267578125,18.563533485849472,0.8809109585949706,-9.781617843400425e-05,-0.0022027005376052955,9.781617843400425e-05,0.0022027005376052955,0.006474928464740515,0.00547400105278939,0.5784426331520081,0.0,19.444444444444443,351,345,4.3722734451293945,RoadOption.STRAIGHT,31.56070327758789,130.52813720703125,3.1471855581950687,2.8,1.2,4.5,3.0,10.0,0.6,0.01,0.06,0.55,0.16,0.2,0.35,1.5,12,10.0,14.0,0.9,1.2,0.6,0.01,0.06,0.65,0.3,0.72,0.005,0.38,0.22,0.01,0.14,1.0,0.28
mpc,ground_truth,curvy,400.0,0.05,0.1,1.0,102.2491902448237,41.004642486572266,130.5819549560547,18.56347611886779,0.8809683255766529,-0.0009931378686034546,-0.0024226776436453434,0.0009931378686034546,0.0024226776436453434,0.008526871912181377,0.0020519434474408627,0.5786498188972473,0.0,19.444444444444443,352,346,4.444094657897949,RoadOption.STRAIGHT,30.560718536376953,130.52255249023438,3.1471855581950687,2.8,1.2,4.5,3.0,10.0,0.6,0.01,0.06,0.55,0.16,0.2,0.35,1.5,12,10.0,14.0,0.9,1.2,0.6,0.01,0.06,0.65,0.3,0.72,0.005,0.38,0.22,0.01,0.14,1.0,0.28
mpc,ground_truth,curvy,400.0,0.05,0.1,1.0,102.29919024556875,40.07648849487305,130.5770721435547,18.563386492317665,0.8810579521267776,-0.0013085493026397874,-0.0015944345446303743,0.0013085493026397874,0.0015944345446303743,0.006551231257617474,-0.001975640654563904,0.5787423253059387,0.0,19.444444444444443,353,347,4.515928745269775,RoadOption.STRAIGHT,29.560733795166016,130.51695251464844,3.1471855581950687,2.8,1.2,4.5,3.0,10.0,0.6,0.01,0.06,0.55,0.16,0.2,0.35,1.5,12,10.0,14.0,0.9,1.2,0.6,0.01,0.06,0.65,0.3,0.72,0.005,0.38,0.22,0.01,0.14,1.0,0.28
mpc,ground_truth,curvy,400.0,0.05,0.1,1.0,102.34919024631381,39.148338317871094,130.57162475585938,18.563406659724553,0.88103778471989,-0.0010441144859230297,-0.00021971078993132664,0.0010441144859230297,0.00021971078993132664,0.0022503058426082134,-0.00430092541500926,0.5785984992980957,0.0,19.444444444444443,354,348,4.587762832641602,RoadOption.STRAIGHT,28.560749053955078,130.51136779785156,3.1471855581950687,2.8,1.2,4.5,3.0,10.0,0.6,0.01,0.06,0.55,0.16,0.2,0.35,1.5,12,10.0,14.0,0.9,1.2,0.6,0.01,0.06,0.65,0.3,0.72,0.005,0.38,0.22,0.01,0.14,1.0,0.28
mpc,ground_truth,curvy,400.0,0.05,0.1,1.0,102.39919024705887,38.220184326171875,130.56578063964844,18.563490998933414,0.8809534455110288,-0.00039825857917909213,0.0010503507339265639,0.00039825857917909213,0.0010503507339265639,-0.0024800028186291456,-0.004730308661237359,0.5784708857536316,0.0,19.444444444444443,355,349,4.6595869064331055,RoadOption.STRAIGHT,27.56076431274414,130.50576782226562,3.1471855581950687,2.8,1.2,4.5,3.0,10.0,0.6,0.01,0.06,0.55,0.16,0.2,0.35,1.5,12,10.0,14.0,0.9,1.2,0.6,0.01,0.06,0.65,0.3,0.72,0.005,0.38,0.22,0.01,0.14,1.0,0.28
mpc,ground_truth,curvy,400.0,0.05,0.1,1.0,102.44919024780393,37.292030334472656,130.55990600585938,18.563517040819875,0.8809274036245682,0.00029339431392518683,0.0016951020338353828,0.00029339431392518683,0.0016951020338353828,-0.0053367107175290585,-0.002856707898899913,0.578525185585022,0.0,19.444444444444443,356,350,4.731415271759033,RoadOption.STRAIGHT,26.560779571533203,130.50018310546875,3.1471855581950687,2.8,1.2,4.5,3.0,10.0,0.6,0.01,0.06,0.55,0.16,0.2,0.35,1.5,12,10.0,14.0,0.9,1.2,0.6,0.01,0.06,0.65,0.3,0.72,0.005,0.38,0.22,0.01,0.14,1.0,0.28
mpc,ground_truth,curvy,400.0,0.05,0.1,1.0,102.49919024854898,36.363868713378906,130.55430603027344,18.563482436158917,0.8809620082855254,0.0006950920789629104,0.001541970271155435,0.0006950920789629104,0.001541970271155435,-0.005616821814328432,-0.0002801110967993736,0.5786187052726746,0.0,19.444444444444443,357,351,4.803236961364746,RoadOption.STRAIGHT,25.560794830322266,130.4945831298828,3.1471855581950687,2.8,1.2,4.5,3.0,10.0,0.6,0.01,0.06,0.55,0.16,0.2,0.35,1.5,12,10.0,14.0,0.9,1.2,0.6,0.01,0.06,0.65,0.3,0.72,0.005,0.38,0.22,0.01,0.14,1.0,0.28
mpc,ground_truth,curvy,400.0,0.05,0.1,1.0,102.54919024929404,35.435707092285156,130.54908752441406,18.56346136806813,0.8809830763763138,0.0007305846341313198,0.000772849348340543,0.0007305846341313198,0.000772849348340543,-0.0033862260170280933,0.0022305957973003387,0.578615128993988,0.0,19.444444444444443,358,352,4.87506103515625,RoadOption.STRAIGHT,24.56081199645996,130.48899841308594,3.1471855581950687,2.8,1.2,4.5,3.0,10.0,0.6,0.01,0.06,0.55,0.16,0.2,0.35,1.5,12,10.0,14.0,0.9,1.2,0.6,0.01,0.06,0.65,0.3,0.72,0.005,0.38,0.22,0.01,0.14,1.0,0.28
mpc,ground_truth,curvy,400.0,0.05,0.1,1.0,102.5991902500391,34.50754928588867,130.54421997070312,18.56349371781203,0.8809507266324133,0.0003998933145570871,-0.00019148128237667095,0.0003998933145570871,0.00019148128237667095,-0.00017993561050388962,0.0032062904065242037,0.5785316228866577,0.0,19.444444444444443,359,353,4.946890830993652,RoadOption.STRAIGHT,23.560827255249023,130.4833984375,3.1471855581950687,2.8,1.2,4.5,3.0,10.0,0.6,0.01,0.06,0.55,0.16,0.2,0.35,1.5,12,10.0,14.0,0.9,1.2,0.6,0.01,0.06,0.65,0.3,0.72,0.005,0.38,0.22,0.01,0.14,1.0,0.28
mpc,ground_truth,curvy,400.0,0.05,0.1,1.0,102.64919025078416,33.57938766479492,130.5394744873047,18.563526307492623,0.88091813695182,-3.762919302236975e-05,-0.00091799162774997,3.762919302236975e-05,0.00091799162774997,0.002694064751267433,0.002874000361771323,0.5785117745399475,0.0,19.444444444444443,359,354,5.0187177658081055,RoadOption.STRAIGHT,23.560827255249023,130.4833984375,3.1471855581950687,2.8,1.2,4.5,3.0,10.0,0.6,0.01,0.06,0.55,0.16,0.2,0.35,1.5,12,10.0,14.0,0.9,1.2,0.6,0.01,0.06,0.65,0.3,0.72,0.005,0.38,0.22,0.01,0.14,1.0,0.28
mpc,ground_truth,curvy,400.0,0.05,0.1,1.0,102.69919025152922,32.65122604370117,130.53468322753906,18.5635231593321,0.8809212851123434,-0.00043753670545706655,-0.0011369034693551328,0.00043753670545706655,0.0011369034693551328,0.003963393159210682,0.0012693284079432487,0.5785565376281738,0.0,19.444444444444443,360,354,4.090543746948242,RoadOption.STRAIGHT,22.560842514038086,130.47779846191406,3.1471855581950687,2.8,1.2,4.5,3.0,10.0,0.6,0.01,0.06,0.55,0.16,0.2,0.35,1.5,12,10.0,14.0,0.9,1.2,0.6,0.01,0.06,0.65,0.3,0.72,0.005,0.38,0.22,0.01,0.14,1.0,0.28
mpc,ground_truth,curvy,400.0,0.05,0.1,1.0,102.74919025227427,31.723066329956055,130.52964782714844,18.56350544545341,0.8809389989910343,-0.0006003946380712007,-0.0008319715245406201,0.0006003946380712007,0.0008319715245406201,0.003277722978964448,-0.0006856701802462339,0.5785846710205078,0.0,19.444444444444443,361,355,4.1623711585998535,RoadOption.STRAIGHT,21.56085777282715,130.4722137451172,3.1471855581950687,2.8,1.2,4.5,3.0,10.0,0.6,0.01,0.06,0.55,0.16,0.2,0.35,1.5,12,10.0,14.0,0.9,1.2,0.6,0.01,0.06,0.65,0.3,0.72,0.005,0.38,0.22,0.01,0.14,1.0,0.28
mpc,ground_truth,curvy,400.0,0.05,0.1,1.0,102.79919025301933,30.79490089416504,130.5243377685547,18.56350914918321,0.8809352952612315,-0.00047337211556213593,-0.00021997710604093612,0.00047337211556213593,0.00021997710604093612,0.0014178522396832705,-0.0018598707392811775,0.5785567164421082,0.0,19.444444444444443,362,356,4.234190940856934,RoadOption.STRAIGHT,20.56087303161621,130.46661376953125,3.1471855581950687,2.8,1.2,4.5,3.0,10.0,0.6,0.01,0.06,0.55,0.16,0.2,0.35,1.5,12,10.0,14.0,0.9,1.2,0.6,0.01,0.06,0.65,0.3,0.72,0.005,0.38,0.22,0.01,0.14,1.0,0.28
mpc,ground_truth,curvy,400.0,0.05,0.1,1.0,102.84919025376439,29.86673927307129,130.5188446044922,18.563528067283904,0.8809163771605384,-0.00017848420340296767,0.00039388152522246145,0.00017848420340296767,0.00039388152522246145,-0.000872743024956435,-0.0022905952646397054,0.5785271525382996,0.0,19.444444444444443,363,357,4.306013107299805,RoadOption.STRAIGHT,19.560890197753906,130.46102905273438,3.1471855581950687,2.8,1.2,4.5,3.0,10.0,0.6,0.01,0.06,0.55,0.16,0.2,0.35,1.5,12,10.0,14.0,0.9,1.2,0.6,0.01,0.06,0.65,0.3,0.72,0.005,0.38,0.22,0.01,0.14,1.0,0.28
mpc,ground_truth,curvy,400.0,0.05,0.1,1.0,102.89919025450945,28.93857765197754,130.51332092285156,18.56353741456589,0.8809070298785535,0.0001621686924265335,0.0007464840535487127,0.0001621686924265335,0.0007464840535487127,-0.0023361695930361748,-0.0014634265680797398,0.5785329937934875,0.0,19.444444444444443,364,358,4.377833843231201,RoadOption.STRAIGHT,18.560895919799805,130.45542907714844,3.1471855581950687,2.8,1.2,4.5,3.0,10.0,0.6,0.01,0.06,0.55,0.16,0.2,0.35,1.5,12,10.0,14.0,0.9,1.2,0.6,0.01,0.06,0.65,0.3,0.72,0.005,0.38,0.22,0.01,0.14,1.0,0.28
mpc,ground_truth,curvy,400.0,0.05,0.1,1.0,102.9491902552545,28.01041603088379,130.50790405273438,18.56352961389832,0.8809148305461214,0.00038076385252959824,0.0007275756098099606,0.00038076385252959824,0.0007275756098099606,-0.0026612745132297277,-0.00032510492019355297,0.5785582661628723,0.0,19.444444444444443,365,359,4.4496564865112305,RoadOption.STRAIGHT,17.56505584716797,130.44969177246094,3.14797438650995,2.8,1.2,4.5,3.0,10.0,0.6,0.01,0.06,0.55,0.16,0.2,0.35,1.5,12,10.0,14.0,0.9,1.2,0.6,0.01,0.06,0.65,0.3,0.72,0.005,0.38,0.22,0.01,0.14,1.0,0.28
mpc,ground_truth,curvy,400.0,0.05,0.1,1.0,102.99919025599957,27.08225440979004,130.502685546875,18.563522831261388,0.8809216131830553,0.00040099785728678686,0.00040293627292875556,0.00040099785728678686,0.00040293627292875556,-0.0018183004576712847,0.0008429740555584431,0.5785611271858215,0.0,19.444444444444443,366,360,4.521480560302734,RoadOption.STRAIGHT,16.57558250427246,130.4423828125,3.1499744204885998,2.8,1.2,4.5,3.0,10.0,0.6,0.01,0.06,0.55,0.16,0.2,0.35,1.5,12,10.0,14.0,0.9,1.2,0.6,0.01,0.06,0.65,0.3,0.72,0.005,0.38,0.22,0.01,0.14,1.0,0.28
mpc,ground_truth,curvy,400.0,0.05,0.1,1.0,103.04919025674462,26.15409278869629,130.4976348876953,18.563528456023427,0.880915988421016,0.00026864635793175454,-4.767058351262676e-05,0.00026864635793175454,4.767058351262676e-05,-0.00024227838730439544,0.0015760220703668892,0.5785428285598755,0.0,19.444444444444443,367,361,4.593306064605713,RoadOption.STRAIGHT,15.586126327514648,130.43312072753906,3.15197418815114,2.8,1.2,4.5,3.0,10.0,0.6,0.01,0.06,0.55,0.16,0.2,0.35,1.5,12,10.0,14.0,0.9,1.2,0.6,0.01,0.06,0.65,0.3,0.72,0.005,0.38,0.22,0.01,0.14,1.0,0.28
mpc,ground_truth,curvy,400.0,0.05,0.1,1.0,103.09919025748968,25.225934982299805,130.49267578125,18.563537582846603,0.8809068615978397,2.950634082485304e-05,-0.0004109257561992763,2.950634082485304e-05,0.0004109257561992763,0.0010906513780355453,0.0013329297653399408,0.5785331726074219,0.0,19.444444444444443,368,362,4.665134906768799,RoadOption.STRAIGHT,14.596691131591797,130.42184448242188,3.1539742221297895,2.8,1.2,4.5,3.0,10.0,0.6,0.01,0.06,0.55,0.16,0.2,0.35,1.5,12,10.0,14.0,0.9,1.2,0.6,0.01,0.06,0.65,0.3,0.72,0.005,0.38,0.22,0.01,0.14,1.0,0.28
mpc,ground_truth,curvy,400.0,0.05,0.1,1.0,103.14919025823474,24.297773361206055,130.48768615722656,18.563538438544413,0.8809060059000302,-0.00016389002773839825,-0.0005470132879024092,0.00016389002773839825,0.0005470132879024092,0.001865473692305386,0.0007748223142698407,0.5785425901412964,0.0,19.444444444444443,369,363,4.7369585037231445,RoadOption.STRAIGHT,13.607279777526855,130.40863037109375,3.155974256108439,2.8,1.2,4.5,3.0,10.0,0.6,0.01,0.06,0.55,0.16,0.2,0.35,1.5,12,10.0,14.0,0.9,1.2,0.6,0.01,0.06,0.65,0.3,0.72,0.005,0.38,0.22,0.01,0.14,1.0,0.28
mpc,ground_truth,curvy,400.0,0.05,0.1,1.0,103.1991902589798,23.369611740112305,130.4825897216797,18.56353464711241,0.8809097973320341,-0.00026567108845429455,-0.0004293015677205858,0.00026567108845429455,0.0004293015677205858,0.002077625133097172,0.00021215144079178572,0.578550398349762,0.0,19.444444444444443,370,364,4.808793067932129,RoadOption.STRAIGHT,12.617897033691406,130.39340209960938,3.1579742900870884,2.8,1.2,4.5,3.0,10.0,0.6,0.01,0.06,0.55,0.16,0.2,0.35,1.5,12,10.0,14.0,0.9,1.2,0.6,0.01,0.06,0.65,0.3,0.72,0.005,0.38,0.22,0.01,0.14,1.0,0.28
mpc,ground_truth,curvy,400.0,0.05,0.1,1.0,103.24919025972486,22.44144630432129,130.47732543945312,18.563533109923867,0.8809113345205759,0.003486505996116794,-0.0009036105578639209,0.003486505996116794,0.0009036105578639209,0.00394319836050272,0.001865573227405548,0.5785486698150635,0.0,19.444444444444443,371,365,4.876469135284424,RoadOption.STRAIGHT,11.628546714782715,130.37619018554688,3.1599743240657383,2.8,1.2,4.5,3.0,10.0,0.6,0.01,0.06,0.55,0.16,0.2,0.35,1.5,12,10.0,14.0,0.9,1.2,0.6,0.01,0.06,0.65,0.3,0.72,0.005,0.38,0.22,0.01,0.14,1.0,0.28
mpc,ground_truth,curvy,400.0,0.05,0.1,1.0,103.29919026046991,21.513286590576172,130.47166442871094,18.56350477416797,0.8809396702764722,0.012105612430193598,-0.002315352251715197,0.012105612430193598,0.002315352251715197,0.001351233571767807,-0.002591964788734913,0.5785977840423584,0.0,19.444444444444443,372,366,4.937791347503662,RoadOption.STRAIGHT,10.639232635498047,130.3570098876953,3.1619743580443878,2.8,1.2,4.5,3.0,10.0,0.6,0.01,0.06,0.55,0.16,0.2,0.35,1.5,12,10.0,14.0,0.9,1.2,0.6,0.01,0.06,0.65,0.3,0.72,0.005,0.38,0.22,0.01,0.14,1.0,0.28
mpc,ground_truth,curvy,400.0,0.05,0.1,1.0,103.34919026121497,20.58513069152832,130.4656982421875,18.563515578357528,0.880928866086915,0.019320645242687028,-0.003691141270850018,0.019320645242687028,0.003691141270850018,-0.0012856988469138741,-0.002636932418681681,0.5785443782806396,0.0,19.444444444444443,373,367,4.999110698699951,RoadOption.STRAIGHT,9.640340805053711,130.3365020751953,3.1621453329863707,2.8,1.2,4.5,3.0,10.0,0.6,0.01,0.06,0.55,0.16,0.2,0.35,1.5,12,10.0,14.0,0.9,1.2,0.6,0.01,0.06,0.65,0.3,0.72,0.005,0.38,0.22,0.01,0.14,1.0,0.28
mpc,ground_truth,curvy,400.0,0.05,0.1,1.0,103.39919026196003,19.6569766998291,130.45970153808594,18.563524468033552,0.8809199764108904,0.024798517860364057,-0.005369465389817307,0.024798517860364057,0.005369465389817307,-0.0018596173031255603,-0.0005739184562116861,0.5785413384437561,0.0,19.444444444444443,373,368,5.060427188873291,RoadOption.STRAIGHT,9.640340805053711,130.3365020751953,3.1621453329863707,2.8,1.2,4.5,3.0,10.0,0.6,0.01,0.06,0.55,0.16,0.2,0.35,1.5,12,10.0,14.0,0.9,1.2,0.6,0.01,0.06,0.65,0.3,0.72,0.005,0.38,0.22,0.01,0.14,1.0,0.28
mpc,ground_truth,curvy,400.0,0.05,0.1,1.0,103.44919026270509,18.72882080078125,130.45372009277344,18.56352811752913,0.8809163269153117,0.019287772436602103,-0.005385976988575791,0.019287772436602103,0.005385976988575791,0.0030971949454396963,0.004956812248565257,0.5785453915596008,0.0,19.444444444444443,374,368,4.132253170013428,RoadOption.STRAIGHT,8.640128135681152,130.31594848632812,3.162064639205341,2.8,1.2,4.5,3.0,10.0,0.6,0.01,0.06,0.55,0.16,0.2,0.35,1.5,12,10.0,14.0,0.9,1.2,0.6,0.01,0.06,0.65,0.3,0.72,0.005,0.38,0.22,0.01,0.14,1.0,0.28
mpc,ground_truth,curvy,400.0,0.05,0.1,1.0,103.49919026345015,17.80066680908203,130.4473876953125,18.563493688237486,0.880950756206957,0.02155223041723696,-0.0072331455206553485,0.02155223041723696,0.0072331455206553485,0.007051503751426935,0.003954308805987239,0.5786117911338806,0.0,19.444444444444443,375,369,4.193566799163818,RoadOption.STRAIGHT,7.629819393157959,130.29627990722656,3.1600646052266916,2.8,1.2,4.5,3.0,10.0,0.6,0.01,0.06,0.55,0.16,0.2,0.35,1.5,12,10.0,14.0,0.9,1.2,0.6,0.01,0.06,0.65,0.3,0.72,0.005,0.38,0.22,0.01,0.14,1.0,0.28
mpc,ground_truth,curvy,400.0,0.05,0.1,1.0,103.5491902641952,16.87252426147461,130.44021606445312,18.563377568185558,0.8810668762588847,0.022886955860704904,-0.008453672248238675,0.022886955860704904,0.008453672248238675,0.009659704752266407,0.002608201000839472,0.5787794589996338,0.0,19.444444444444443,376,370,4.254885196685791,RoadOption.STRAIGHT,6.619473934173584,130.2786407470703,3.158064571248042,2.8,1.2,4.5,3.0,10.0,0.6,0.01,0.06,0.55,0.16,0.2,0.35,1.5,12,10.0,14.0,0.9,1.2,0.6,0.01,0.06,0.65,0.3,0.72,0.005,0.38,0.22,0.01,0.14,1.0,0.28
mpc,ground_truth,curvy,400.0,0.05,0.1,1.0,103.59919026494026,15.944397926330566,130.43177795410156,18.563221361700794,0.8812230827436487,0.02374970965191564,-0.008930378083363166,0.02374970965191564,0.008930378083363166,0.010465527884662151,0.0008058231323957443,0.5789213180541992,0.0,19.444444444444443,377,371,4.31620979309082,RoadOption.STRAIGHT,5.609095096588135,130.26300048828125,3.1560645372693927,2.8,1.2,4.5,3.0,10.0,0.6,0.01,0.06,0.55,0.16,0.2,0.35,1.5,12,10.0,14.0,0.9,1.2,0.6,0.01,0.06,0.65,0.3,0.72,0.005,0.38,0.22,0.01,0.14,1.0,0.28
mpc,ground_truth,curvy,400.0,0.05,0.1,1.0,103.64919026568532,15.016294479370117,130.42185974121094,18.56311375791156,0.881330686532884,0.024369420143047174,-0.008794823183878364,0.024369420143047174,0.008794823183878364,0.007341063115745783,-0.0031244647689163685,0.5789275169372559,0.0,19.444444444444443,378,372,4.377542495727539,RoadOption.STRAIGHT,4.598687171936035,130.24937438964844,3.1540645032907433,2.8,1.2,4.5,3.0,10.0,0.6,0.01,0.06,0.55,0.16,0.2,0.35,1.5,12,10.0,14.0,0.9,1.2,0.6,0.01,0.06,0.65,0.3,0.72,0.005,0.38,0.22,0.01,0.14,1.0,0.28
mpc,ground_truth,curvy,400.0,0.05,0.1,1.0,103.69919026643038,14.088207244873047,130.41049194335938,18.56319018557148,0.8812542588729642,0.01743489563683087,-0.006680006962245244,0.01743489563683087,0.006680006962245244,0.00424903305247426,-0.0030920300632715225,0.5786608457565308,0.0,19.444444444444443,379,373,4.448482036590576,RoadOption.STRAIGHT,3.5882537364959717,130.23777770996094,3.152064469312094,2.8,1.2,4.5,3.0,10.0,0.6,0.01,0.06,0.55,0.16,0.2,0.35,1.5,12,10.0,14.0,0.9,1.2,0.6,0.01,0.06,0.65,0.3,0.72,0.005,0.38,0.22,0.01,0.14,1.0,0.28
mpc,ground_truth,curvy,400.0,0.05,0.1,1.0,103.74919026717544,13.160130500793457,130.39784240722656,18.563327584085982,0.8811168603584605,0.010650199506011981,-0.004603007628093181,0.010650199506011981,0.004603007628093181,0.0012302914401516318,-0.0030187416123226285,0.5785052180290222,0.0,19.444444444444443,380,374,4.520744800567627,RoadOption.STRAIGHT,2.577799081802368,130.22821044921875,3.150064701649553,2.8,1.2,4.5,3.0,10.0,0.6,0.01,0.06,0.55,0.16,0.2,0.35,1.5,12,10.0,14.0,0.9,1.2,0.6,0.01,0.06,0.65,0.3,0.72,0.005,0.38,0.22,0.01,0.14,1.0,0.28
mpc,ground_truth,curvy,400.0,0.05,0.1,1.0,103.7991902679205,12.232061386108398,130.38414001464844,18.563442357926107,0.8810020865183361,-0.0028375613007131373,-0.0011518171714595127,0.0028375613007131373,0.0011518171714595127,0.0007831819821149111,-0.00044710945803672075,0.5784634947776794,0.0,19.444444444444443,381,375,4.603080749511719,RoadOption.STRAIGHT,1.567327618598938,130.2206573486328,3.1480646676709036,2.8,1.2,4.5,3.0,10.0,0.6,0.01,0.06,0.55,0.16,0.2,0.35,1.5,12,10.0,14.0,0.9,1.2,0.6,0.01,0.06,0.65,0.3,0.72,0.005,0.38,0.22,0.01,0.14,1.0,0.28
mpc,ground_truth,curvy,400.0,0.05,0.1,1.0,103.84919026866555,11.30400276184082,130.36949157714844,18.563497668674653,0.8809467757697895,-0.013678821554926932,0.0018138790184529796,0.013678821554926932,0.0018138790184529796,0.0020645384211093187,0.0012813564389944077,0.5785017013549805,0.0,19.444444444444443,382,376,4.685410022735596,RoadOption.STRAIGHT,0.5656337141990662,130.2144775390625,3.14773816412126,2.8,1.2,4.5,3.0,10.0,0.6,0.01,0.06,0.55,0.16,0.2,0.35,1.5,12,10.0,14.0,0.9,1.2,0.6,0.01,0.06,0.65,0.3,0.72,0.005,0.38,0.22,0.01,0.14,1.0,0.28
mpc,ground_truth,curvy,400.0,0.05,0.1,1.0,103.89919026941061,10.375960350036621,130.35382080078125,18.563492646424432,0.8809517980200106,-0.021827690683359144,0.004575577068864689,0.021827690683359144,0.004575577068864689,0.001557268900796771,-0.0005072695203125477,0.5785771012306213,0.0,19.444444444444443,383,377,4.767730712890625,RoadOption.STRAIGHT,-0.4343474507331848,130.20834350585938,-3.1354468767422174,2.8,1.2,4.5,3.0,10.0,0.6,0.01,0.06,0.55,0.16,0.2,0.35,1.5,12,10.0,14.0,0.9,1.2,0.6,0.01,0.06,0.65,0.3,0.72,0.005,0.38,0.22,0.01,0.14,1.0,0.28
mpc,ground_truth,curvy,400.0,0.05,0.1,1.0,103.94919027015567,9.4479341506958,130.33721923828125,18.563493836239587,0.8809506082048557,-0.027360505114675956,0.007233678152873679,0.027360505114675956,0.007233678152873679,-0.00118374009616673,-0.002741008996963501,0.5785689353942871,0.0,19.444444444444443,384,378,4.850042819976807,RoadOption.STRAIGHT,-1.434328556060791,130.20217895507812,-3.1354468767422174,2.8,1.2,4.5,3.0,10.0,0.6,0.01,0.06,0.55,0.16,0.2,0.35,1.5,12,10.0,14.0,0.9,1.2,0.6,0.01,0.06,0.65,0.3,0.72,0.005,0.38,0.22,0.01,0.14,1.0,0.28
mpc,ground_truth,curvy,400.0,0.05,0.1,1.0,103.99919027090073,8.519916534423828,130.320068359375,18.56351656346431,0.8809278809801313,-0.030643617334756797,0.009592173614247024,0.030643617334756797,0.009592173614247024,-0.005269399378448725,-0.004085659282281995,0.5785294771194458,0.0,19.444444444444443,385,379,4.93234920501709,RoadOption.STRAIGHT,-2.434309959411621,130.196044921875,-3.1354468767422174,2.8,1.2,4.5,3.0,10.0,0.6,0.01,0.06,0.55,0.16,0.2,0.35,1.5,12,10.0,14.0,0.9,1.2,0.6,0.01,0.06,0.65,0.3,0.72,0.005,0.38,0.22,0.01,0.14,1.0,0.28
mpc,ground_truth,curvy,400.0,0.05,0.1,1.0,104.04919027164578,7.59190034866333,130.3029327392578,18.563490891399574,0.8809535530448684,-0.032240409693121516,0.011331217806069382,0.032240409693121516,0.011331217806069382,-0.00918641034513712,-0.0039170109666883945,0.5786029100418091,0.0,19.444444444444443,385,380,5.014657974243164,RoadOption.STRAIGHT,-2.434309959411621,130.196044921875,-3.1354468767422174,2.8,1.2,4.5,3.0,10.0,0.6,0.01,0.06,0.55,0.16,0.2,0.35,1.5,12,10.0,14.0,0.9,1.2,0.6,0.01,0.06,0.65,0.3,0.72,0.005,0.38,0.22,0.01,0.14,1.0,0.28
mpc,ground_truth,curvy,400.0,0.05,0.1,1.0,104.09919027239084,6.663877010345459,130.28640747070312,18.563360901517232,0.881083542927211,-0.023577898460501907,0.010223609108704679,0.023577898460501907,0.010223609108704679,-0.014190442860126495,-0.005004032514989376,0.5788061022758484,0.0,19.444444444444443,386,380,4.086492538452148,RoadOption.STRAIGHT,-3.434290885925293,130.18988037109375,-3.1354468767422174,2.8,1.2,4.5,3.0,10.0,0.6,0.01,0.06,0.55,0.16,0.2,0.35,1.5,12,10.0,14.0,0.9,1.2,0.6,0.01,0.06,0.65,0.3,0.72,0.005,0.38,0.22,0.01,0.14,1.0,0.28
mpc,ground_truth,curvy,400.0,0.05,0.1,1.0,104.1491902731359,5.735842704772949,130.27130126953125,18.563038488408687,0.8814059560357563,-0.023664360249170888,0.010062487862755987,0.023664360249170888,0.010062487862755987,-0.012369891628623009,0.0018205512315034866,0.5792304873466492,0.0,19.444444444444443,387,381,4.1688232421875,RoadOption.STRAIGHT,-4.434271812438965,130.18374633789062,-3.1354468767422174,2.8,1.2,4.5,3.0,10.0,0.6,0.01,0.06,0.55,0.16,0.2,0.35,1.5,12,10.0,14.0,0.9,1.2,0.6,0.01,0.06,0.65,0.3,0.72,0.005,0.38,0.22,0.01,0.14,1.0,0.28
mpc,ground_truth,curvy,400.0,0.05,0.1,1.0,104.19919027388096,4.807792663574219,130.2578887939453,18.562955855710303,0.8814885887341397,-0.01734036672298545,0.007534082723834601,0.01734036672298545,0.007534082723834601,-0.007321441080421209,0.005048450548201799,0.5789923071861267,0.0,19.444444444444443,388,382,4.242381572723389,RoadOption.STRAIGHT,-5.434253215789795,130.1776123046875,-3.1354468767422174,2.8,1.2,4.5,3.0,10.0,0.6,0.01,0.06,0.55,0.16,0.2,0.35,1.5,12,10.0,14.0,0.9,1.2,0.6,0.01,0.06,0.65,0.3,0.72,0.005,0.38,0.22,0.01,0.14,1.0,0.28
mpc,ground_truth,curvy,400.0,0.05,0.1,1.0,104.24919027462602,3.8797154426574707,130.2459716796875,18.563135077904874,0.8813093665395684,-0.011114362265569437,0.0047441551658673475,0.011114362265569437,0.0047441551658673475,-0.004250908270478249,0.0030705328099429607,0.578570544719696,0.0,19.444444444444443,389,383,4.31422758102417,RoadOption.STRAIGHT,-6.434234142303467,130.17144775390625,-3.1354468767422174,2.8,1.2,4.5,3.0,10.0,0.6,0.01,0.06,0.55,0.16,0.2,0.35,1.5,12,10.0,14.0,0.9,1.2,0.6,0.01,0.06,0.65,0.3,0.72,0.005,0.38,0.22,0.01,0.14,1.0,0.28
mpc,ground_truth,curvy,400.0,0.05,0.1,1.0,104.29919027537107,2.9516115188598633,130.23544311523438,18.563321632144277,0.8811228123001662,-0.006308692671764853,0.0024525050478541033,0.006308692671764853,0.0024525050478541033,-0.0018567562801763415,0.002394151990301907,0.5784498453140259,0.0,19.444444444444443,390,384,4.386066913604736,RoadOption.STRAIGHT,-7.434215068817139,130.16531372070312,-3.1354468767422174,2.8,1.2,4.5,3.0,10.0,0.6,0.01,0.06,0.55,0.16,0.2,0.35,1.5,12,10.0,14.0,0.9,1.2,0.6,0.01,0.06,0.65,0.3,0.72,0.005,0.38,0.22,0.01,0.14,1.0,0.28
mpc,ground_truth,curvy,400.0,0.05,0.1,1.0,104.34919027611613,2.023486375808716,130.2261962890625,18.56343766888186,0.8810067755625823,-0.002754348727901649,0.0007773767221941341,0.002754348727901649,0.0007773767221941341,0.00014701182954013348,0.002003768109716475,0.5784648060798645,0.0,19.444444444444443,391,385,4.4578986167907715,RoadOption.STRAIGHT,-8.434196472167969,130.15914916992188,-3.1354468767422174,2.8,1.2,4.5,3.0,10.0,0.6,0.01,0.06,0.55,0.16,0.2,0.35,1.5,12,10.0,14.0,0.9,1.2,0.6,0.01,0.06,0.65,0.3,0.72,0.005,0.38,0.22,0.01,0.14,1.0,0.28
mpc,ground_truth,curvy,400.0,0.05,0.1,1.0,104.39919027686119,1.0953477621078491,130.21800231933594,18.56350184601439,0.8809425984300532,-0.0002834440653138211,-0.0002735066439512046,0.0002834440653138211,0.0002735066439512046,0.0009757246589288116,0.0008287128293886781,0.5784885287284851,0.0,19.444444444444443,392,386,4.529726505279541,RoadOption.STRAIGHT,-9.43417739868164,130.15301513671875,-3.1354468767422174,2.8,1.2,4.5,3.0,10.0,0.6,0.01,0.06,0.55,0.16,0.2,0.35,1.5,12,10.0,14.0,0.9,1.2,0.6,0.01,0.06,0.65,0.3,0.72,0.005,0.38,0.22,0.01,0.14,1.0,0.28
mpc,ground_truth,curvy,400.0,0.05,0.1,1.0,104.44919027760625,0.16720038652420044,130.2106475830078,18.563530234178966,0.8809142102654768,0.0013787062015060622,-0.0008032093847676336,0.0013787062015060622,0.0008032093847676336,0.0011607528431341052,0.00018502818420529366,0.5785144567489624,0.0,19.444444444444443,393,387,4.601551532745361,RoadOption.STRAIGHT,-10.434158325195312,130.14688110351562,-3.1354468767422174,2.8,1.2,4.5,3.0,10.0,0.6,0.01,0.06,0.55,0.16,0.2,0.35,1.5,12,10.0,14.0,0.9,1.2,0.6,0.01,0.06,0.65,0.3,0.72,0.005,0.38,0.22,0.01,0.14,1.0,0.28
mpc,ground_truth,curvy,400.0,0.05,0.1,1.0,104.4991902783513,-0.7609525918960571,130.2039794921875,18.56354174809047,0.8809026963539743,0.002354192424919358,-0.0009773801200587684,0.002354192424919358,0.0009773801200587684,0.0008801951189525425,-0.00028055772418156266,0.5785278081893921,0.0,19.444444444444443,394,388,4.673375606536865,RoadOption.STRAIGHT,-11.434139251708984,130.14071655273438,-3.1354468767422174,2.8,1.2,4.5,3.0,10.0,0.6,0.01,0.06,0.55,0.16,0.2,0.35,1.5,12,10.0,14.0,0.9,1.2,0.6,0.01,0.06,0.65,0.3,0.72,0.005,0.38,0.22,0.01,0.14,1.0,0.28
mpc,ground_truth,curvy,400.0,0.05,0.1,1.0,104.54919027909636,-1.689109444618225,130.1977996826172,18.563549293824316,0.8808951506201268,0.0028108628768799236,-0.000956873779665468,0.0028108628768799236,0.000956873779665468,0.00022270996123552322,-0.0006574851577170193,0.5785280466079712,0.0,19.444444444444443,395,389,4.7451982498168945,RoadOption.STRAIGHT,-12.434121131896973,130.13458251953125,-3.1354468767422174,2.8,1.2,4.5,3.0,10.0,0.6,0.01,0.06,0.55,0.16,0.2,0.35,1.5,12,10.0,14.0,0.9,1.2,0.6,0.01,0.06,0.65,0.3,0.72,0.005,0.38,0.22,0.01,0.14,1.0,0.28
mpc,ground_truth,curvy,400.0,0.05,0.1,1.0,104.59919027984142,-2.617269277572632,130.1920166015625,18.563551468186212,0.8808929762582309,0.002901310991590217,-0.0008870989591054368,0.002901310991590217,0.0008870989591054368,3.642016235971823e-05,-0.000186289798875805,0.5785331726074219,0.0,19.444444444444443,396,390,4.817020416259766,RoadOption.STRAIGHT,-13.434102058410645,130.12844848632812,-3.1354468767422174,2.8,1.2,4.5,3.0,10.0,0.6,0.01,0.06,0.55,0.16,0.2,0.35,1.5,12,10.0,14.0,0.9,1.2,0.6,0.01,0.06,0.65,0.3,0.72,0.005,0.38,0.22,0.01,0.14,1.0,0.28
mpc,ground_truth,curvy,400.0,0.05,0.1,1.0,104.64919028058648,-3.5454304218292236,130.18650817871094,18.563549980209764,0.8808944642346788,0.0026865839599608775,-0.0008338357373038896,0.0026865839599608775,0.0008338357373038896,-0.00010104179818881676,-0.000137461960548535,0.5785384774208069,0.0,19.444444444444443,397,391,4.888843059539795,RoadOption.STRAIGHT,-14.434082984924316,130.12228393554688,-3.1354468767422174,2.8,1.2,4.5,3.0,10.0,0.6,0.01,0.06,0.55,0.16,0.2,0.35,1.5,12,10.0,14.0,0.9,1.2,0.6,0.01,0.06,0.65,0.3,0.72,0.005,0.38,0.22,0.01,0.14,1.0,0.28
mpc,ground_truth,curvy,400.0,0.05,0.1,1.0,104.69919028133154,-4.473593235015869,130.18121337890625,18.563550522435406,0.8808939220090366,0.0022887417302464644,-0.0008077367586207806,0.0022887417302464644,0.0008077367586207806,0.0002489066100679338,0.00034994840825675055,0.5785356760025024,0.0,19.444444444444443,398,392,4.960664749145508,RoadOption.STRAIGHT,-15.434063911437988,130.11614990234375,-3.1354468767422174,2.8,1.2,4.5,3.0,10.0,0.6,0.01,0.06,0.55,0.16,0.2,0.35,1.5,12,10.0,14.0,0.9,1.2,0.6,0.01,0.06,0.65,0.3,0.72,0.005,0.38,0.22,0.01,0.14,1.0,0.28
mpc,ground_truth,curvy,400.0,0.05,0.1,1.0,104.7491902820766,-5.4017558097839355,130.176025390625,18.563550486216712,0.8808939582277304,0.0017840914595125858,-0.0007771104060849687,0.0017840914595125858,0.0007771104060849687,0.0007295729592442513,0.00048066634917631745,0.5785363912582397,0.0,19.444444444444443,398,393,5.032487392425537,RoadOption.STRAIGHT,-15.434063911437988,130.11614990234375,-3.1354468767422174,2.8,1.2,4.5,3.0,10.0,0.6,0.01,0.06,0.55,0.16,0.2,0.35,1.5,12,10.0,14.0,0.9,1.2,0.6,0.01,0.06,0.65,0.3,0.72,0.005,0.38,0.22,0.01,0.14,1.0,0.28
mpc,ground_truth,curvy,400.0,0.05,0.1,1.0,104.79919028282166,-6.3299174308776855,130.1708221435547,18.563546251518307,0.8808981929261357,0.001283001972479287,-0.000690557670657288,0.001283001972479287,0.000690557670657288,0.000979189295321703,0.0002496163360774517,0.578544020652771,0.0,19.444444444444443,399,393,4.104311466217041,RoadOption.STRAIGHT,-16.434045791625977,130.1099853515625,-3.1354468767422174,2.8,1.2,4.5,3.0,10.0,0.6,0.01,0.06,0.55,0.16,0.2,0.35,1.5,12,10.0,14.0,0.9,1.2,0.6,0.01,0.06,0.65,0.3,0.72,0.005,0.38,0.22,0.01,0.14,1.0,0.28
mpc,ground_truth,curvy,400.0,0.05,0.1,1.0,104.84919028356671,-7.2580790519714355,130.16555786132812,18.563543121460025,0.8809013229844176,0.0008241330654684582,-0.0005294364247077077,0.0008241330654684582,0.0005294364247077077,0.0007942201336845756,-0.0001849691616371274,0.578544557094574,0.0,19.444444444444443,400,394,4.1761345863342285,RoadOption.STRAIGHT,-17.43402671813965,130.10385131835938,-3.1354468767422174,2.8,1.2,4.5,3.0,10.0,0.6,0.01,0.06,0.55,0.16,0.2,0.35,1.5,12,10.0,14.0,0.9,1.2,0.6,0.01,0.06,0.65,0.3,0.72,0.005,0.38,0.22,0.01,0.14,1.0,0.28
mpc,ground_truth,curvy,400.0,0.05,0.1,1.0,104.89919028431177,-8.186241149902344,130.16018676757812,18.563542303451296,0.8809021409931468,0.0005025935970451763,-0.0003294330268426293,0.0005025935970451763,0.0003294330268426293,0.0005711177946068347,-0.0002231023390777409,0.5785422921180725,0.0,19.444444444444443,401,395,4.247957706451416,RoadOption.STRAIGHT,-18.43400764465332,130.09771728515625,-3.1354468767422174,2.8,1.2,4.5,3.0,10.0,0.6,0.01,0.06,0.55,0.16,0.2,0.35,1.5,12,10.0,14.0,0.9,1.2,0.6,0.01,0.06,0.65,0.3,0.72,0.005,0.38,0.22,0.01,0.14,1.0,0.28
mpc,ground_truth,curvy,400.0,0.05,0.1,1.0,104.94919028505683,-9.114402770996094,130.1547088623047,18.56354044716784,0.8809039972766044,0.00028786070438320197,-0.00013289173839492463,0.00028786070438320197,0.00013289173839492463,0.00025799867580644786,-0.0003131191188003868,0.5785446166992188,0.0,19.444444444444443,402,396,4.319779396057129,RoadOption.STRAIGHT,-19.433988571166992,130.091552734375,-3.1354468767422174,2.8,1.2,4.5,3.0,10.0,0.6,0.01,0.06,0.55,0.16,0.2,0.35,1.5,12,10.0,14.0,0.9,1.2,0.6,0.01,0.06,0.65,0.3,0.72,0.005,0.38,0.22,0.01,0.14,1.0,0.28
mpc,ground_truth,curvy,400.0,0.05,0.1,1.0,104.99919028580189,-10.04256534576416,130.14913940429688,18.563542981220024,0.8809014632244185,0.00013415595427580113,2.8495823663821085e-05,0.00013415595427580113,2.8495823663821085e-05,-0.0002575000107754022,-0.00051549868658185,0.5785378217697144,0.0,19.444444444444443,403,397,4.391600131988525,RoadOption.STRAIGHT,-20.433969497680664,130.08541870117188,-3.1354468767422174,2.8,1.2,4.5,3.0,10.0,0.6,0.01,0.06,0.55,0.16,0.2,0.35,1.5,12,10.0,14.0,0.9,1.2,0.6,0.01,0.06,0.65,0.3,0.72,0.005,0.38,0.22,0.01,0.14,1.0,0.28
mpc,ground_truth,curvy,400.0,0.05,0.1,1.0,105.04919028654695,-10.97072696685791,130.14353942871094,18.56354279220235,0.43090165224209187,4.149106878825401e-05,0.00011265171411034558,4.149106878825401e-05,0.00011265171411034558,-0.00030629997490905225,-4.8799964133650064e-05,0.0,0.23145878314971924,18.994444444444444,404,398,4.46342134475708,RoadOption.STRAIGHT,-21.433950424194336,130.07928466796875,-3.1354468767422174,2.8,1.2,4.5,3.0,10.0,0.6,0.01,0.06,0.55,0.16,0.2,0.35,1.5,12,10.0,14.0,0.9,1.2,0.6,0.01,0.06,0.65,0.3,0.72,0.005,0.38,0.22,0.01,0.14,1.0,0.28
mpc,ground_truth,curvy,400.0,0.05,0.1,1.0,105.099190287292,-11.898215293884277,130.1378936767578,18.52861367660382,0.01583076784062598,-3.177156572744047e-05,0.00012650015177895213,3.177156572744047e-05,0.00012650015177895213,-0.00044472000445239246,-0.0001384200295433402,0.0,0.43858659267425537,18.544444444444444,405,399,4.535916805267334,RoadOption.STRAIGHT,-22.433931350708008,130.0731201171875,-3.1354468767422174,2.8,1.2,4.5,3.0,10.0,0.6,0.01,0.06,0.55,0.16,0.2,0.35,1.5,12,10.0,14.0,0.9,1.2,0.6,0.01,0.06,0.65,0.3,0.72,0.005,0.38,0.22,0.01,0.14,1.0,0.28
mpc,ground_truth,curvy,400.0,0.05,0.1,1.0,105.14919028803706,-12.820545196533203,130.1322784423828,18.376562027236098,-0.28211758279165267,-7.333773573697105e-05,8.788431597261948e-05,7.333773573697105e-05,8.788431597261948e-05,-0.00023044073896016926,0.0002142792654922232,0.0,0.47694963216781616,18.094444444444445,406,400,4.613569736480713,RoadOption.STRAIGHT,-23.43391227722168,130.06698608398438,-3.1354468767422174,2.8,1.2,4.5,3.0,10.0,0.6,0.01,0.06,0.55,0.16,0.2,0.35,1.5,12,10.0,14.0,0.9,1.2,0.6,0.01,0.06,0.65,0.3,0.72,0.005,0.38,0.22,0.01,0.14,1.0,0.28
mpc,ground_truth,curvy,400.0,0.05,0.1,1.0,105.19919028878212,-13.732155799865723,130.12672424316406,18.129697615589887,-0.4852531711454411,-0.00011005990248288272,2.8762139772986473e-05,0.00011005990248288272,2.8762139772986473e-05,7.409648969769478e-05,0.00030453722865786403,0.0,0.4852983057498932,17.644444444444446,407,401,4.70194149017334,RoadOption.STRAIGHT,-24.433895111083984,130.06082153320312,-3.1354468767422174,2.8,1.2,4.5,3.0,10.0,0.6,0.01,0.06,0.55,0.16,0.2,0.35,1.5,12,10.0,14.0,0.9,1.2,0.6,0.01,0.06,0.65,0.3,0.72,0.005,0.38,0.22,0.01,0.14,1.0,0.28
mpc,ground_truth,curvy,400.0,0.05,0.1,1.0,105.24919028952718,-14.62965202331543,130.1212615966797,17.82780898983069,-0.6333645453862431,-0.00018210679336120791,-9.853696033346182e-06,0.00018210679336120791,9.853696033346182e-06,0.00012503209291025996,5.0935603212565184e-05,0.0,0.5084527730941772,17.194444444444446,408,402,4.804429054260254,RoadOption.STRAIGHT,-25.433876037597656,130.0546875,-3.1354468767422174,2.8,1.2,4.5,3.0,10.0,0.6,0.01,0.06,0.55,0.16,0.2,0.35,1.5,12,10.0,14.0,0.9,1.2,0.6,0.01,0.06,0.65,0.3,0.72,0.005,0.38,0.22,0.01,0.14,1.0,0.28
mpc,ground_truth,curvy,400.0,0.05,0.1,1.0,105.29919029027224,-15.510900497436523,130.1158447265625,17.489281930834494,-0.7448374863900469,-0.00016955777208315856,-1.9707392066248275e-05,0.00016955777208315856,1.9707392066248275e-05,0.00022901037300471216,0.0001039782800944522,0.0,0.5317428112030029,16.744444444444447,409,403,4.923163414001465,RoadOption.STRAIGHT,-26.433856964111328,130.04855346679688,-3.1354468767422174,2.8,1.2,4.5,3.0,10.0,0.6,0.01,0.06,0.55,0.16,0.2,0.35,1.5,12,10.0,14.0,0.9,1.2,0.6,0.01,0.06,0.65,0.3,0.72,0.005,0.38,0.22,0.01,0.14,1.0,0.28
mpc,ground_truth,curvy,400.0,0.05,0.1,1.0,105.3491902910173,-16.374460220336914,130.11053466796875,17.126490063232026,-0.8320456187875784,-0.00015510782371358847,-3.7284255260949806e-06,0.00015510782371358847,3.7284255260949806e-06,0.00026142230490222573,3.241193189751357e-05,0.0,0.5553659200668335,16.294444444444448,409,404,5.059587001800537,RoadOption.STRAIGHT,-26.433856964111328,130.04855346679688,-3.1354468767422174,2.8,1.2,4.5,3.0,10.0,0.6,0.01,0.06,0.55,0.16,0.2,0.35,1.5,12,10.0,14.0,0.9,1.2,0.6,0.01,0.06,0.65,0.3,0.72,0.005,0.38,0.22,0.01,0.14,1.0,0.28
mpc,ground_truth,curvy,400.0,0.05,0.1,1.0,105.39919029176235,-17.219390869140625,130.1053009033203,16.74799283619496,-0.9035483917505118,-0.0001141645465067044,3.328951362613353e-05,0.0001141645465067044,3.328951362613353e-05,0.00011957872629864141,-0.00014184357860358432,0.0,0.5798729658126831,15.844444444444449,410,404,4.2146406173706055,RoadOption.STRAIGHT,-27.433837890625,130.04238891601562,-3.1354468767422174,2.8,1.2,4.5,3.0,10.0,0.6,0.01,0.06,0.55,0.16,0.2,0.35,1.5,12,10.0,14.0,0.9,1.2,0.6,0.01,0.06,0.65,0.3,0.72,0.005,0.38,0.22,0.01,0.14,1.0,0.28
mpc,ground_truth,curvy,400.0,0.05,0.1,1.0,105.44919029250741,-18.04509162902832,130.10018920898438,16.359610641518262,-0.9651661970738132,-9.592083792688e-05,7.430219441317831e-05,9.592083792688e-05,7.430219441317831e-05,-0.0001903280062833801,-0.0003099067325820215,0.0,0.6054642796516418,15.39444444444445,411,405,4.388923645019531,RoadOption.STRAIGHT,-28.433818817138672,130.0362548828125,-3.1354468767422174,2.8,1.2,4.5,3.0,10.0,0.6,0.01,0.06,0.55,0.16,0.2,0.35,1.5,12,10.0,14.0,0.9,1.2,0.6,0.01,0.06,0.65,0.3,0.72,0.005,0.38,0.22,0.01,0.14,1.0,0.28
mpc,ground_truth,curvy,400.0,0.05,0.1,1.0,105.49919029325247,-18.851194381713867,130.09518432617188,15.965299779448792,-1.0208553350043417,-3.35254131206969e-05,9.001484484461031e-05,3.35254131206969e-05,9.001484484461031e-05,-0.00017724097415339202,1.3087032129988074e-05,0.0,0.6322737336158752,14.94444444444445,412,406,4.582805156707764,RoadOption.STRAIGHT,-29.43410873413086,130.0301055908203,-3.1354468767422174,2.8,1.2,4.5,3.0,10.0,0.6,0.01,0.06,0.55,0.16,0.2,0.35,1.5,12,10.0,14.0,0.9,1.2,0.6,0.01,0.06,0.65,0.3,0.72,0.005,0.38,0.22,0.01,0.14,1.0,0.28
mpc,ground_truth,curvy,400.0,0.05,0.1,1.0,105.54919029399753,-19.637487411499023,130.09031677246094,15.567740463547315,-1.0732960191028642,-1.7216406158076375e-05,8.06937810295949e-05,1.7216406158076375e-05,8.06937810295949e-05,-0.00032158431713469326,-0.00014434334298130125,0.0,0.6603766679763794,14.49444444444445,413,407,4.796499252319336,RoadOption.STRAIGHT,-30.40340805053711,130.02146911621094,-3.117932597833311,2.8,1.2,4.5,3.0,10.0,0.6,0.01,0.06,0.55,0.16,0.2,0.35,1.5,12,10.0,14.0,0.9,1.2,0.6,0.01,0.06,0.65,0.3,0.72,0.005,0.38,0.22,0.01,0.14,1.0,0.28
mpc,ground_truth,curvy,400.0,0.05,0.1,1.0,105.59919029474258,-20.403860092163086,130.08560180664062,15.168729001137866,-1.1242845566934143,-5.618786931456399e-07,4.66053190764093e-05,5.618786931456399e-07,4.66053190764093e-05,-0.00017821633082348853,0.00014336798631120473,0.0,0.689789354801178,14.044444444444451,414,408,5.030111312866211,RoadOption.STRAIGHT,-31.311279296875,129.97637939453125,-3.0659847112941168,2.8,1.2,4.5,3.0,10.0,0.6,0.01,0.06,0.55,0.16,0.2,0.35,1.5,12,10.0,14.0,0.9,1.2,0.6,0.01,0.06,0.65,0.3,0.72,0.005,0.38,0.22,0.01,0.14,1.0,0.28
mpc,ground_truth,curvy,400.0,0.05,0.1,1.0,105.64919029548764,-21.150279998779297,130.08103942871094,14.769441241516999,-1.1749967970725468,-1.3867835344558155e-05,3.7284255260949806e-06,1.3867835344558155e-05,3.7284255260949806e-06,5.7674118579598144e-05,0.00023589044940308668,0.0,0.7204726338386536,13.594444444444452,414,409,5.283677101135254,RoadOption.STRAIGHT,-31.311279296875,129.97637939453125,-3.0659847112941168,2.8,1.2,4.5,3.0,10.0,0.6,0.01,0.06,0.55,0.16,0.2,0.35,1.5,12,10.0,14.0,0.9,1.2,0.6,0.01,0.06,0.65,0.3,0.72,0.005,0.38,0.22,0.01,0.14,1.0,0.28
mpc,ground_truth,curvy,400.0,0.05,0.1,1.0,105.6991902962327,-21.876752853393555,130.07656860351562,14.37062263898658,-1.2261781945421273,-7.839016949770516e-06,-2.1837920938683197e-05,7.839016949770516e-06,2.1837920938683197e-05,0.00015835116209927946,0.00010067704351968132,0.0,0.752357542514801,13.144444444444453,415,409,4.557190895080566,RoadOption.STRAIGHT,-32.215579986572266,129.8842010498047,-3.014037091071031,2.8,1.2,4.5,3.0,10.0,0.6,0.01,0.06,0.55,0.16,0.2,0.35,1.5,12,10.0,14.0,0.9,1.2,0.6,0.01,0.06,0.65,0.3,0.72,0.005,0.38,0.22,0.01,0.14,1.0,0.28
mpc,ground_truth,curvy,400.0,0.05,0.1,1.0,105.74919029697776,-22.583314895629883,130.0722198486328,13.97272968270644,-1.0797409249186352,-2.0324989878535427e-05,-2.1837920938683197e-05,2.0324989878535427e-05,2.1837920938683197e-05,3.22838022839278e-05,-0.00012606735981535167,0.0,0.42789268493652344,12.892988757787805,416,410,4.850615501403809,RoadOption.STRAIGHT,-33.11387634277344,129.7451934814453,-2.9620892045318366,2.8,1.2,4.5,3.0,10.0,0.6,0.01,0.06,0.55,0.16,0.2,0.35,1.5,12,10.0,14.0,0.9,1.2,0.6,0.01,0.06,0.65,0.3,0.72,0.005,0.38,0.22,0.01,0.14,1.0,0.28
