controller,error_provider,route_shape,route_min_length_m,route_length_tolerance,noise_lateral_std,noise_heading_std_deg,time,x,y,speed,speed_error,e_y,e_psi,abs_e_y,abs_e_psi,steer,steer_delta,throttle,brake,target_speed,route_index,closest_route_index,route_error,road_option,target_x,target_y,target_yaw,lqr_q_ey,lqr_q_ey_dot,lqr_q_epsi,lqr_q_epsi_dot,lqr_r,lqr_kp_long,lqr_ki_long,lqr_kd_long,lqr_max_steer,lqr_max_steer_rate,lqr_derivative_alpha,lqr_curvature_alpha,lqr_feedforward_gain,mpc_horizon,mpc_q_y,mpc_q_psi,mpc_r_steer,mpc_r_steer_rate,mpc_kp_long,mpc_ki_long,mpc_kd_long,mpc_max_steer,mpc_max_steer_rate,pid_lat_kp,pid_lat_ki,pid_lat_kd,pid_long_kp,pid_long_ki,pid_long_kd,pid_max_throttle,pid_max_brake
lqr,ground_truth,gentle_curve,1700.0,0.05,0.1,1.0,1950.4880020283163,-0.7641560435295105,24.61313247680664,0.4899999797344208,18.954444464710022,-0.06876591239575507,7.022006975887507e-09,0.06876591239575507,7.022006975887507e-09,0.031391169875860214,0.031391169875860214,1.0,0.0,19.444444444444443,10,0,0.5893257856369019,RoadOption.STRAIGHT,9.235611915588379,24.70968246459961,0.0027785214782865796,1.8,0.8,3.5,2.0,8.0,0.6,0.01,0.06,0.5,0.1,0.2,0.35,1.2,12,10.0,14.0,0.9,1.2,0.6,0.01,0.06,0.65,0.3,0.72,0.005,0.38,0.22,0.01,0.14,1.0,0.28
lqr,ground_truth,gentle_curve,1700.0,0.05,0.1,1.0,1950.5380020290613,-0.7641560435295105,24.61313247680664,0.9800000786781311,18.46444436576631,-0.06876644952300855,7.022006975887507e-09,0.06876644952300855,7.022006975887507e-09,0.031389083713293076,-2.086162567138672e-06,1.0,0.0,19.444444444444443,10,5,5.0302019119262695,RoadOption.STRAIGHT,9.235611915588379,24.70968246459961,0.0027785214782865796,1.8,0.8,3.5,2.0,8.0,0.6,0.01,0.06,0.5,0.1,0.2,0.35,1.2,12,10.0,14.0,0.9,1.2,0.6,0.01,0.06,0.65,0.3,0.72,0.005,0.38,0.22,0.01,0.14,1.0,0.28
lqr,ground_truth,gentle_curve,1700.0,0.05,0.1,1.0,1950.5880020298064,-0.7641560435295105,24.61313247680664,1.470000147819519,17.974444296624924,-0.06876644952300855,7.022006975887507e-09,0.06876644952300855,7.022006975887507e-09,0.0313875637948513,-1.519918441772461e-06,1.0,0.0,19.444444444444443,10,5,5.023685455322266,RoadOption.STRAIGHT,9.235611915588379,24.70968246459961,0.0027785214782865796,1.8,0.8,3.5,2.0,8.0,0.6,0.01,0.06,0.5,0.1,0.2,0.35,1.2,12,10.0,14.0,0.9,1.2,0.6,0.01,0.06,0.65,0.3,0.72,0.005,0.38,0.22,0.01,0.14,1.0,0.28
lqr,ground_truth,gentle_curve,1700.0,0.05,0.1,1.0,1950.6380020305514,-0.7641560435295105,24.61313247680664,1.9600002765655518,17.48444416787889,-0.06876644952300855,7.022006975887507e-09,0.06876644952300855,7.022006975887507e-09,0.03138657659292221,-9.872019290924072e-07,1.0,0.0,19.444444444444443,10,5,5.015984535217285,RoadOption.STRAIGHT,9.235611915588379,24.70968246459961,0.0027785214782865796,1.8,0.8,3.5,2.0,8.0,0.6,0.01,0.06,0.5,0.1,0.2,0.35,1.2,12,10.0,14.0,0.9,1.2,0.6,0.01,0.06,0.65,0.3,0.72,0.005,0.38,0.22,0.01,0.14,1.0,0.28
lqr,ground_truth,gentle_curve,1700.0,0.05,0.1,1.0,1950.6880020312965,-0.7641560435295105,24.61313247680664,2.450000286102295,16.994444158342148,-0.06876644952300855,7.022006975887507e-09,0.06876644952300855,7.022006975887507e-09,0.031385935842990875,-6.407499313354492e-07,1.0,0.0,19.444444444444443,10,5,5.008387565612793,RoadOption.STRAIGHT,9.235611915588379,24.70968246459961,0.0027785214782865796,1.8,0.8,3.5,2.0,8.0,0.6,0.01,0.06,0.5,0.1,0.2,0.35,1.2,12,10.0,14.0,0.9,1.2,0.6,0.01,0.06,0.65,0.3,0.72,0.005,0.38,0.22,0.01,0.14,1.0,0.28
lqr,ground_truth,gentle_curve,1700.0,0.05,0.1,1.0,1950.7380020320415,-0.7641560435295105,24.61313247680664,2.93999981880188,16.504444625642563,-0.06876644952300855,7.022006975887507e-09,0.06876644952300855,7.022006975887507e-09,0.03138551861047745,-4.172325134277344e-07,1.0,0.0,19.444444444444443,10,5,5.002552032470703,RoadOption.STRAIGHT,9.235611915588379,24.70968246459961,0.0027785214782865796,1.8,0.8,3.5,2.0,8.0,0.6,0.01,0.06,0.5,0.1,0.2,0.35,1.2,12,10.0,14.0,0.9,1.2,0.6,0.01,0.06,0.65,0.3,0.72,0.005,0.38,0.22,0.01,0.14,1.0,0.28
lqr,ground_truth,gentle_curve,1700.0,0.05,0.1,1.0,1950.7880020327866,-0.7641555666923523,24.61313247680664,2.0671522617493094,17.377292182695133,-0.06876645084790914,7.022006975887507e-09,0.06876645084790914,7.022006975887507e-09,0.03138527274131775,-2.4586915969848633e-07,1.0,0.0,19.444444444444443,10,5,5.000476837158203,RoadOption.STRAIGHT,9.235611915588379,24.70968246459961,0.0027785214782865796,1.8,0.8,3.5,2.0,8.0,0.6,0.01,0.06,0.5,0.1,0.2,0.35,1.2,12,10.0,14.0,0.9,1.2,0.6,0.01,0.06,0.65,0.3,0.72,0.005,0.38,0.22,0.01,0.14,1.0,0.28
lqr,ground_truth,gentle_curve,1700.0,0.05,0.1,1.0,1950.8380020335317,-0.764155387878418,24.61313247680664,0.7392761111280453,18.705168333316397,-0.06876645134474685,7.022006975887507e-09,0.06876645134474685,7.022006975887507e-09,0.03138509392738342,-1.7881393432617188e-07,1.0,0.0,19.444444444444443,10,5,5.000738143920898,RoadOption.STRAIGHT,9.235611915588379,24.70968246459961,0.0027785214782865796,1.8,0.8,3.5,2.0,8.0,0.6,0.01,0.06,0.5,0.1,0.2,0.35,1.2,12,10.0,14.0,0.9,1.2,0.6,0.01,0.06,0.65,0.3,0.72,0.005,0.38,0.22,0.01,0.14,1.0,0.28
lqr,ground_truth,gentle_curve,1700.0,0.05,0.1,1.0,1950.8880020342767,-0.764155387878418,24.61313247680664,0.1125802993775142,19.33186414506693,-0.06876645134474685,7.022006975887507e-09,0.06876645134474685,7.022006975887507e-09,0.03138497471809387,-1.1920928955078125e-07,1.0,0.0,19.444444444444443,10,5,5.000931739807129,RoadOption.STRAIGHT,9.235611915588379,24.70968246459961,0.0027785214782865796,1.8,0.8,3.5,2.0,8.0,0.6,0.01,0.06,0.5,0.1,0.2,0.35,1.2,12,10.0,14.0,0.9,1.2,0.6,0.01,0.06,0.65,0.3,0.72,0.005,0.38,0.22,0.01,0.14,1.0,0.28
lqr,ground_truth,gentle_curve,1700.0,0.05,0.1,1.0,1950.9380020350218,-0.7586195468902588,24.61320686340332,0.3638478238745213,19.08059662056992,-0.06870744646850072,6.739071922101658e-05,0.06870744646850072,6.739071922101658e-05,0.031229164451360703,-0.00015581026673316956,1.0,0.0,19.444444444444443,11,5,4.9953532218933105,RoadOption.STRAIGHT,10.235608100891113,24.712461471557617,0.0027785214782865796,1.8,0.8,3.5,2.0,8.0,0.6,0.01,0.06,0.5,0.1,0.2,0.35,1.2,12,10.0,14.0,0.9,1.2,0.6,0.01,0.06,0.65,0.3,0.72,0.005,0.38,0.22,0.01,0.14,1.0,0.28
lqr,ground_truth,gentle_curve,1700.0,0.05,0.1,1.0,1950.9880020357668,-0.7140530347824097,24.61409568786621,1.1983397443847654,18.24610470005968,-0.06794103587388164,0.0005463391752513758,0.06794103587388164,0.0005463391752513758,0.0302093718200922,-0.0010197926312685013,1.0,0.0,19.444444444444443,11,6,5.9505295753479,RoadOption.STRAIGHT,10.235608100891113,24.712461471557617,0.0027785214782865796,1.8,0.8,3.5,2.0,8.0,0.6,0.01,0.06,0.5,0.1,0.2,0.35,1.2,12,10.0,14.0,0.9,1.2,0.6,0.01,0.06,0.65,0.3,0.72,0.005,0.38,0.22,0.01,0.14,1.0,0.28
lqr,ground_truth,gentle_curve,1700.0,0.05,0.1,1.0,1951.038002036512,-0.6325070261955261,24.615699768066406,1.9198499829502094,17.52459446149423,-0.06656353891036854,0.0014504599989413336,0.06656353891036854,0.0014504599989413336,0.02642768807709217,-0.0037816837430000305,1.0,0.0,19.444444444444443,11,6,5.868875026702881,RoadOption.STRAIGHT,10.235608100891113,24.712461471557617,0.0027785214782865796,1.8,0.8,3.5,2.0,8.0,0.6,0.01,0.06,0.5,0.1,0.2,0.35,1.2,12,10.0,14.0,0.9,1.2,0.6,0.01,0.06,0.65,0.3,0.72,0.005,0.38,0.22,0.01,0.14,1.0,0.28
lqr,ground_truth,gentle_curve,1700.0,0.05,0.1,1.0,1951.088002037257,-0.5190291404724121,24.617834091186523,2.496997224580941,16.947447219863502,-0.06474452436602296,0.0026484645500364223,0.06474452436602296,0.0026484645500364223,0.02228960208594799,-0.00413808599114418,1.0,0.0,19.444444444444443,11,6,5.755312442779541,RoadOption.STRAIGHT,10.235608100891113,24.712461471557617,0.0027785214782865796,1.8,0.8,3.5,2.0,8.0,0.6,0.01,0.06,0.5,0.1,0.2,0.35,1.2,12,10.0,14.0,0.9,1.2,0.6,0.01,0.06,0.65,0.3,0.72,0.005,0.38,0.22,0.01,0.14,1.0,0.28
lqr,ground_truth,gentle_curve,1700.0,0.05,0.1,1.0,1951.138002038002,-0.37994059920310974,24.62032699584961,2.9704226503145486,16.474021794129893,-0.06263808932781215,0.0039056549955409636,0.06263808932781215,0.0039056549955409636,0.01909322664141655,-0.0031963754445314407,1.0,0.0,19.444444444444443,11,6,5.616161346435547,RoadOption.STRAIGHT,10.235608100891113,24.712461471557617,0.0027785214782865796,1.8,0.8,3.5,2.0,8.0,0.6,0.01,0.06,0.5,0.1,0.2,0.35,1.2,12,10.0,14.0,0.9,1.2,0.6,0.01,0.06,0.65,0.3,0.72,0.005,0.38,0.22,0.01,0.14,1.0,0.28
lqr,ground_truth,gentle_curve,1700.0,0.05,0.1,1.0,1951.188002038747,-0.2188350260257721,24.623132705688477,3.3893020445811666,16.055142399863275,-0.06028002503860691,0.005146392619084228,0.06028002503860691,0.005146392619084228,0.013583745807409286,-0.005509480834007263,1.0,0.0,19.444444444444443,11,6,5.4550089836120605,RoadOption.STRAIGHT,10.235608100891113,24.712461471557617,0.0027785214782865796,1.8,0.8,3.5,2.0,8.0,0.6,0.01,0.06,0.5,0.1,0.2,0.35,1.2,12,10.0,14.0,0.9,1.2,0.6,0.01,0.06,0.65,0.3,0.72,0.005,0.38,0.22,0.01,0.14,1.0,0.28
lqr,ground_truth,gentle_curve,1700.0,0.05,0.1,1.0,1951.2380020394921,-0.037785451859235764,24.62607192993164,3.7758122828001452,15.668632161644297,-0.057843861624291566,0.006211970184603732,0.057843861624291566,0.006211970184603732,0.010610468685626984,-0.002973277121782303,1.0,0.0,19.444444444444443,11,6,5.273923873901367,RoadOption.STRAIGHT,10.235608100891113,24.712461471557617,0.0027785214782865796,1.8,0.8,3.5,2.0,8.0,0.6,0.01,0.06,0.5,0.1,0.2,0.35,1.2,12,10.0,14.0,0.9,1.2,0.6,0.01,0.06,0.65,0.3,0.72,0.005,0.38,0.22,0.01,0.14,1.0,0.28
lqr,ground_truth,gentle_curve,1700.0,0.05,0.1,1.0,1951.2880020402372,0.16201068460941315,24.629135131835938,4.143493898042621,15.300950546401822,-0.05533580868638749,0.007109490842068578,0.05533580868638749,0.007109490842068578,0.006049233488738537,-0.004561235196888447,1.0,0.0,19.444444444444443,11,6,5.074097633361816,RoadOption.STRAIGHT,10.235608100891113,24.712461471557617,0.0027785214782865796,1.8,0.8,3.5,2.0,8.0,0.6,0.01,0.06,0.5,0.1,0.2,0.35,1.2,12,10.0,14.0,0.9,1.2,0.6,0.01,0.06,0.65,0.3,0.72,0.005,0.38,0.22,0.01,0.14,1.0,0.28
lqr,ground_truth,gentle_curve,1700.0,0.05,0.1,1.0,1951.3380020409822,0.37984779477119446,24.63222312927246,4.499918203608852,14.944526240835591,-0.05285308748036685,0.0077574753859877,0.05285308748036685,0.0077574753859877,0.004006571136415005,-0.002042662352323532,1.0,0.0,19.444444444444443,12,6,4.856235504150391,RoadOption.STRAIGHT,11.235604286193848,24.715240478515625,0.0027785214782865796,1.8,0.8,3.5,2.0,8.0,0.6,0.01,0.06,0.5,0.1,0.2,0.35,1.2,12,10.0,14.0,0.9,1.2,0.6,0.01,0.06,0.65,0.3,0.72,0.005,0.38,0.22,0.01,0.14,1.0,0.28
lqr,ground_truth,gentle_curve,1700.0,0.05,0.1,1.0,1951.3880020417273,0.6152967214584351,24.635358810424805,4.849434849379788,14.595009595064655,-0.05037210641693989,0.008206783951397512,0.05037210641693989,0.008206783951397512,0.0007064356468617916,-0.003300135489553213,1.0,0.0,19.444444444444443,12,7,5.620715141296387,RoadOption.STRAIGHT,11.235604286193848,24.715240478515625,0.0027785214782865796,1.8,0.8,3.5,2.0,8.0,0.6,0.01,0.06,0.5,0.1,0.2,0.35,1.2,12,10.0,14.0,0.9,1.2,0.6,0.01,0.06,0.65,0.3,0.72,0.005,0.38,0.22,0.01,0.14,1.0,0.28
lqr,ground_truth,gentle_curve,1700.0,0.05,0.1,1.0,1951.4380020424724,0.8680985569953918,24.63846778869629,5.1942208239973136,14.25022362044713,-0.04796555457238063,0.008415499839157015,0.04796555457238063,0.008415499839157015,-0.00027926245820708573,-0.0009856981050688773,1.0,0.0,19.444444444444443,12,7,5.367893695831299,RoadOption.STRAIGHT,11.235604286193848,24.715240478515625,0.0027785214782865796,1.8,0.8,3.5,2.0,8.0,0.6,0.01,0.06,0.5,0.1,0.2,0.35,1.2,12,10.0,14.0,0.9,1.2,0.6,0.01,0.06,0.65,0.3,0.72,0.005,0.38,0.22,0.01,0.14,1.0,0.28
lqr,ground_truth,gentle_curve,1700.0,0.05,0.1,1.0,1951.4880020432174,1.1377804279327393,24.641578674316406,5.507332292021876,13.937112152422568,-0.045603996867117275,0.00845197682371257,0.045603996867117275,0.00845197682371257,-0.0022761065047234297,-0.001996844046516344,1.0,0.0,19.444444444444443,12,7,5.098193645477295,RoadOption.STRAIGHT,11.235604286193848,24.715240478515625,0.0027785214782865796,1.8,0.8,3.5,2.0,8.0,0.6,0.01,0.06,0.5,0.1,0.2,0.35,1.2,12,10.0,14.0,0.9,1.2,0.6,0.01,0.06,0.65,0.3,0.72,0.005,0.38,0.22,0.01,0.14,1.0,0.28
lqr,ground_truth,gentle_curve,1700.0,0.05,0.1,1.0,1951.5380020439625,1.4157320261001587,24.644601821899414,5.619632247110929,13.824812197333515,-0.04335315444544982,0.008344161451753429,0.04335315444544982,0.008344161451753429,-0.0024776766076684,-0.00020157010294497013,1.0,0.0,19.444444444444443,13,7,4.820225715637207,RoadOption.STRAIGHT,12.235600471496582,24.718019485473633,0.0027785214782865796,1.8,0.8,3.5,2.0,8.0,0.6,0.01,0.06,0.5,0.1,0.2,0.35,1.2,12,10.0,14.0,0.9,1.2,0.6,0.01,0.06,0.65,0.3,0.72,0.005,0.38,0.22,0.01,0.14,1.0,0.28
lqr,ground_truth,gentle_curve,1700.0,0.05,0.1,1.0,1951.5880020447075,1.7006694078445435,24.647550582885742,5.76861783114024,13.675826613304203,-0.04119659738488679,0.008138633034924236,0.04119659738488679,0.008138633034924236,-0.002502609044313431,-2.4932436645030975e-05,1.0,0.0,19.444444444444443,13,8,5.5352396965026855,RoadOption.STRAIGHT,12.235600471496582,24.718019485473633,0.0027785214782865796,1.8,0.8,3.5,2.0,8.0,0.6,0.01,0.06,0.5,0.1,0.2,0.35,1.2,12,10.0,14.0,0.9,1.2,0.6,0.01,0.06,0.65,0.3,0.72,0.005,0.38,0.22,0.01,0.14,1.0,0.28
lqr,ground_truth,gentle_curve,1700.0,0.05,0.1,1.0,1951.6380020454526,1.9968572854995728,24.650497436523438,6.034703116269334,13.409741328175109,-0.03907271844307406,0.007884366689551392,0.03907271844307406,0.007884366689551392,-0.003336437977850437,-0.0008338289335370064,1.0,0.0,19.444444444444443,13,8,5.23903751373291,RoadOption.STRAIGHT,12.235600471496582,24.718019485473633,0.0027785214782865796,1.8,0.8,3.5,2.0,8.0,0.6,0.01,0.06,0.5,0.1,0.2,0.35,1.2,12,10.0,14.0,0.9,1.2,0.6,0.01,0.06,0.65,0.3,0.72,0.005,0.38,0.22,0.01,0.14,1.0,0.28
lqr,ground_truth,gentle_curve,1700.0,0.05,0.1,1.0,1951.6880020461977,2.3064982891082764,24.653427124023438,6.302429938107117,13.142014506337325,-0.03700338532400977,0.00756194110532693,0.03700338532400977,0.00756194110532693,-0.0031272945925593376,0.00020914338529109955,1.0,0.0,19.444444444444443,14,8,4.929382801055908,RoadOption.STRAIGHT,13.235596656799316,24.720796585083008,0.0027785214782865796,1.8,0.8,3.5,2.0,8.0,0.6,0.01,0.06,0.5,0.1,0.2,0.35,1.2,12,10.0,14.0,0.9,1.2,0.6,0.01,0.06,0.65,0.3,0.72,0.005,0.38,0.22,0.01,0.14,1.0,0.28
lqr,ground_truth,gentle_curve,1700.0,0.05,0.1,1.0,1951.7380020469427,2.6319355964660645,24.6563663482666,6.649016519611837,12.795427924832605,-0.03496889606309272,0.007203246596006796,0.03496889606309272,0.007203246596006796,-0.003752305870875716,-0.0006250112783163786,1.0,0.0,19.444444444444443,14,9,5.603908061981201,RoadOption.STRAIGHT,13.235596656799316,24.720796585083008,0.0027785214782865796,1.8,0.8,3.5,2.0,8.0,0.6,0.01,0.06,0.5,0.1,0.2,0.35,1.2,12,10.0,14.0,0.9,1.2,0.6,0.01,0.06,0.65,0.3,0.72,0.005,0.38,0.22,0.01,0.14,1.0,0.28
lqr,ground_truth,gentle_curve,1700.0,0.05,0.1,1.0,1951.7880020476878,2.9739840030670166,24.659284591674805,6.970847912469609,12.473596531974835,-0.033001051541059395,0.006806076691016294,0.033001051541059395,0.006806076691016294,-0.003406181000173092,0.0003461248707026243,1.0,0.0,19.444444444444443,14,9,5.261847496032715,RoadOption.STRAIGHT,13.235596656799316,24.720796585083008,0.0027785214782865796,1.8,0.8,3.5,2.0,8.0,0.6,0.01,0.06,0.5,0.1,0.2,0.35,1.2,12,10.0,14.0,0.9,1.2,0.6,0.01,0.06,0.65,0.3,0.72,0.005,0.38,0.22,0.01,0.14,1.0,0.28
lqr,ground_truth,gentle_curve,1700.0,0.05,0.1,1.0,1951.8380020484328,3.334074020385742,24.662233352661133,7.358302215361976,12.086142229082466,-0.031052818497083023,0.0062722522922937785,0.031052818497083023,0.0062722522922937785,-0.00300238816998899,0.00040379283018410206,1.0,0.0,19.444444444444443,15,9,4.901745319366455,RoadOption.STRAIGHT,14.23559284210205,24.723575592041016,0.0027785214782865796,1.8,0.8,3.5,2.0,8.0,0.6,0.01,0.06,0.5,0.1,0.2,0.35,1.2,12,10.0,14.0,0.9,1.2,0.6,0.01,0.06,0.65,0.3,0.72,0.005,0.38,0.22,0.01,0.14,1.0,0.28
lqr,ground_truth,gentle_curve,1700.0,0.05,0.1,1.0,1951.8880020491779,3.7125232219696045,24.665189743041992,7.710541654533338,11.733902789911106,-0.02914654899575087,0.0058207726264170034,0.02914654899575087,0.0058207726264170034,-0.0025866746436804533,0.00041571352630853653,1.0,0.0,19.444444444444443,15,10,5.52326774597168,RoadOption.STRAIGHT,14.23559284210205,24.723575592041016,0.0027785214782865796,1.8,0.8,3.5,2.0,8.0,0.6,0.01,0.06,0.5,0.1,0.2,0.35,1.2,12,10.0,14.0,0.9,1.2,0.6,0.01,0.06,0.65,0.3,0.72,0.005,0.38,0.22,0.01,0.14,1.0,0.28
lqr,ground_truth,gentle_curve,1700.0,0.05,0.1,1.0,1951.938002049923,4.110241413116455,24.66814422607422,8.115128890030826,11.329315554413617,-0.027297144482608806,0.0055115780634129585,0.027297144482608806,0.0055115780634129585,-0.003587960032746196,-0.0010012853890657425,1.0,0.0,19.444444444444443,15,10,5.1255388259887695,RoadOption.STRAIGHT,14.23559284210205,24.723575592041016,0.0027785214782865796,1.8,0.8,3.5,2.0,8.0,0.6,0.01,0.06,0.5,0.1,0.2,0.35,1.2,12,10.0,14.0,0.9,1.2,0.6,0.01,0.06,0.65,0.3,0.72,0.005,0.38,0.22,0.01,0.14,1.0,0.28
lqr,ground_truth,gentle_curve,1700.0,0.05,0.1,1.0,1951.988002050668,4.5267534255981445,24.67107582092285,8.474698341376051,10.969746103068392,-0.025522847033757973,0.005031826237791748,0.025522847033757973,0.005031826237791748,-0.0029458235949277878,0.000642136437818408,1.0,0.0,19.444444444444443,16,10,4.709016799926758,RoadOption.STRAIGHT,15.235589027404785,24.726354598999023,0.0027785214782865796,1.8,0.8,3.5,2.0,8.0,0.6,0.01,0.06,0.5,0.1,0.2,0.35,1.2,12,10.0,14.0,0.9,1.2,0.6,0.01,0.06,0.65,0.3,0.72,0.005,0.38,0.22,0.01,0.14,1.0,0.28
lqr,ground_truth,gentle_curve,1700.0,0.05,0.1,1.0,1952.038002051413,4.96266508102417,24.673961639404297,8.880244672670367,10.564199771774076,-0.02384871695745709,0.004514331385800041,0.02384871695745709,0.004514331385800041,-0.0026144073344767094,0.0003314162604510784,1.0,0.0,19.444444444444443,16,11,5.273083686828613,RoadOption.STRAIGHT,15.235589027404785,24.726354598999023,0.0027785214782865796,1.8,0.8,3.5,2.0,8.0,0.6,0.01,0.06,0.5,0.1,0.2,0.35,1.2,12,10.0,14.0,0.9,1.2,0.6,0.01,0.06,0.65,0.3,0.72,0.005,0.38,0.22,0.01,0.14,1.0,0.28
lqr,ground_truth,gentle_curve,1700.0,0.05,0.1,1.0,1952.0880020521581,5.4179863929748535,24.67680549621582,9.26181633515114,10.182628109293303,-0.022269989540423255,0.004054267706745662,0.022269989540423255,0.004054267706745662,-0.0019908735994249582,0.0006235337350517511,1.0,0.0,19.444444444444443,17,11,4.817753791809082,RoadOption.STRAIGHT,16.235586166381836,24.72913360595703,0.0027785214782865796,1.8,0.8,3.5,2.0,8.0,0.6,0.01,0.06,0.5,0.1,0.2,0.35,1.2,12,10.0,14.0,0.9,1.2,0.6,0.01,0.06,0.65,0.3,0.72,0.005,0.38,0.22,0.01,0.14,1.0,0.28
lqr,ground_truth,gentle_curve,1700.0,0.05,0.1,1.0,1952.1380020529032,5.893730163574219,24.679651260375977,9.677536336692647,9.766908107751796,-0.020746587875928577,0.0036418688895683005,0.020746587875928577,0.0036418688895683005,-0.001869427040219307,0.00012144655920565128,1.0,0.0,19.444444444444443,17,12,5.3419928550720215,RoadOption.STRAIGHT,16.235586166381836,24.72913360595703,0.0027785214782865796,1.8,0.8,3.5,2.0,8.0,0.6,0.01,0.06,0.5,0.1,0.2,0.35,1.2,12,10.0,14.0,0.9,1.2,0.6,0.01,0.06,0.65,0.3,0.72,0.005,0.38,0.22,0.01,0.14,1.0,0.28
lqr,ground_truth,gentle_curve,1700.0,0.05,0.1,1.0,1952.1880020536482,6.3890299797058105,24.682485580444336,10.057139176834218,9.387305267610225,-0.019288478154854863,0.0032707896408821213,0.019288478154854863,0.0032707896408821213,-0.0014746742090210319,0.0003947528311982751,1.0,0.0,19.444444444444443,18,12,4.84668493270874,RoadOption.STRAIGHT,17.23558235168457,24.731910705566406,0.0027785214782865796,1.8,0.8,3.5,2.0,8.0,0.6,0.01,0.06,0.5,0.1,0.2,0.35,1.2,12,10.0,14.0,0.9,1.2,0.6,0.01,0.06,0.65,0.3,0.72,0.005,0.38,0.22,0.01,0.14,1.0,0.28
lqr,ground_truth,gentle_curve,1700.0,0.05,0.1,1.0,1952.2380020543933,6.90300989151001,24.685304641723633,10.425525080522199,9.018919363922244,-0.017898019071029968,0.0029432645192892792,0.017898019071029968,0.0029432645192892792,-0.0014245538040995598,5.012040492147207e-05,1.0,0.0,19.444444444444443,18,13,5.332691192626953,RoadOption.STRAIGHT,17.23558235168457,24.731910705566406,0.0027785214782865796,1.8,0.8,3.5,2.0,8.0,0.6,0.01,0.06,0.5,0.1,0.2,0.35,1.2,12,10.0,14.0,0.9,1.2,0.6,0.01,0.06,0.65,0.3,0.72,0.005,0.38,0.22,0.01,0.14,1.0,0.28
lqr,ground_truth,gentle_curve,1700.0,0.05,0.1,1.0,1952.2880020551383,7.434909343719482,24.688100814819336,10.778965665781586,8.665478778662857,-0.01657974891945382,0.002645170968782029,0.01657974891945382,0.002645170968782029,-0.0011684607015922666,0.0002560931025072932,1.0,0.0,19.444444444444443,19,13,4.800784587860107,RoadOption.STRAIGHT,18.235578536987305,24.734689712524414,0.0027785214782865796,1.8,0.8,3.5,2.0,8.0,0.6,0.01,0.06,0.5,0.1,0.2,0.35,1.2,12,10.0,14.0,0.9,1.2,0.6,0.01,0.06,0.65,0.3,0.72,0.005,0.38,0.22,0.01,0.14,1.0,0.28
lqr,ground_truth,gentle_curve,1700.0,0.05,0.1,1.0,1952.3380020558834,7.984232425689697,24.69087028503418,11.124310785437194,8.320133659007249,-0.015335174998447042,0.0023762520359276174,0.015335174998447042,0.0023762520359276174,-0.0011077357921749353,6.072490941733122e-05,1.0,0.0,19.444444444444443,19,14,5.2514495849609375,RoadOption.STRAIGHT,18.235578536987305,24.734689712524414,0.0027785214782865796,1.8,0.8,3.5,2.0,8.0,0.6,0.01,0.06,0.5,0.1,0.2,0.35,1.2,12,10.0,14.0,0.9,1.2,0.6,0.01,0.06,0.65,0.3,0.72,0.005,0.38,0.22,0.01,0.14,1.0,0.28
lqr,ground_truth,gentle_curve,1700.0,0.05,0.1,1.0,1952.3880020566285,8.550617218017578,24.693605422973633,11.463202065161902,7.981242379282541,-0.014173757902435807,0.002129689092067455,0.014173757902435807,0.002129689092067455,-0.0009014547686092556,0.0002062810235656798,1.0,0.0,19.444444444444443,20,14,4.68505859375,RoadOption.STRAIGHT,19.23557472229004,24.737468719482422,0.0027785214782865796,1.8,0.8,3.5,2.0,8.0,0.6,0.01,0.06,0.5,0.1,0.2,0.35,1.2,12,10.0,14.0,0.9,1.2,0.6,0.01,0.06,0.65,0.3,0.72,0.005,0.38,0.22,0.01,0.14,1.0,0.28
lqr,ground_truth,gentle_curve,1700.0,0.05,0.1,1.0,1952.4380020573735,9.133808135986328,24.69631576538086,11.797658728686006,7.646785715758437,-0.013084321290741587,0.0019075486877895287,0.013084321290741587,0.0019075486877895287,-0.0008410856826230884,6.036908598616719e-05,1.0,0.0,19.444444444444443,20,15,5.101857662200928,RoadOption.STRAIGHT,19.23557472229004,24.737468719482422,0.0027785214782865796,1.8,0.8,3.5,2.0,8.0,0.6,0.01,0.06,0.5,0.1,0.2,0.35,1.2,12,10.0,14.0,0.9,1.2,0.6,0.01,0.06,0.65,0.3,0.72,0.005,0.38,0.22,0.01,0.14,1.0,0.28
lqr,ground_truth,gentle_curve,1700.0,0.05,0.1,1.0,1952.4880020581186,9.733620643615723,24.698999404907227,12.128824598847038,7.315619845597405,-0.012067281914455288,0.001705935950000459,0.012067281914455288,0.001705935950000459,-0.000687545514665544,0.00015354016795754433,1.0,0.0,19.444444444444443,21,15,4.502039432525635,RoadOption.STRAIGHT,20.235570907592773,24.74024772644043,0.0027785214782865796,1.8,0.8,3.5,2.0,8.0,0.6,0.01,0.06,0.5,0.1,0.2,0.35,1.2,12,10.0,14.0,0.9,1.2,0.6,0.01,0.06,0.65,0.3,0.72,0.005,0.38,0.22,0.01,0.14,1.0,0.28
lqr,ground_truth,gentle_curve,1700.0,0.05,0.1,1.0,1952.5380020588636,10.349916458129883,24.70166015625,12.457531306614385,6.986913137830058,-0.011119418723522413,0.0015252862431198722,0.011119418723522413,0.0015252862431198722,-0.0006352058844640851,5.233963020145893e-05,1.0,0.0,19.444444444444443,22,16,4.885735034942627,RoadOption.STRAIGHT,21.235567092895508,24.743024826049805,0.0027785214782865796,1.8,0.8,3.5,2.0,8.0,0.6,0.01,0.06,0.5,0.1,0.2,0.35,1.2,12,10.0,14.0,0.9,1.2,0.6,0.01,0.06,0.65,0.3,0.72,0.005,0.38,0.22,0.01,0.14,1.0,0.28
lqr,ground_truth,gentle_curve,1700.0,0.05,0.1,1.0,1952.5880020596087,10.982589721679688,24.70429801940918,12.78432659310008,6.6601178513443635,-0.010239946013385555,0.0013623860887856942,0.010239946013385555,0.0013623860887856942,-0.0005235493299551308,0.00011165655450895429,1.0,0.0,19.444444444444443,22,17,5.253055095672607,RoadOption.STRAIGHT,21.235567092895508,24.743024826049805,0.0027785214782865796,1.8,0.8,3.5,2.0,8.0,0.6,0.01,0.06,0.5,0.1,0.2,0.35,1.2,12,10.0,14.0,0.9,1.2,0.6,0.01,0.06,0.65,0.3,0.72,0.005,0.38,0.22,0.01,0.14,1.0,0.28
lqr,ground_truth,gentle_curve,1700.0,0.05,0.1,1.0,1952.6380020603538,11.63155746459961,24.706926345825195,13.109597883752821,6.334846560691622,-0.009414798235226734,0.0012167808770775501,0.009414798235226734,0.0012167808770775501,-0.00048724518273957074,3.630414721556008e-05,1.0,0.0,19.444444444444443,23,17,4.6040825843811035,RoadOption.STRAIGHT,22.235563278198242,24.745803833007812,0.0027785214782865796,1.8,0.8,3.5,2.0,8.0,0.6,0.01,0.06,0.5,0.1,0.2,0.35,1.2,12,10.0,14.0,0.9,1.2,0.6,0.01,0.06,0.65,0.3,0.72,0.005,0.38,0.22,0.01,0.14,1.0,0.28
lqr,ground_truth,gentle_curve,1700.0,0.05,0.1,1.0,1952.6880020610988,12.2967529296875,24.70953369140625,13.433601600554072,6.010842843890371,-0.008654301813169384,0.0010853273497009042,0.008654301813169384,0.0010853273497009042,-0.00039262635982595384,9.46188229136169e-05,1.0,0.0,19.444444444444443,24,18,4.938880443572998,RoadOption.STRAIGHT,23.235559463500977,24.74858283996582,0.0027785214782865796,1.8,0.8,3.5,2.0,8.0,0.6,0.01,0.06,0.5,0.1,0.2,0.35,1.2,12,10.0,14.0,0.9,1.2,0.6,0.01,0.06,0.65,0.3,0.72,0.005,0.38,0.22,0.01,0.14,1.0,0.28
lqr,ground_truth,gentle_curve,1700.0,0.05,0.1,1.0,1952.7380020618439,12.978114128112793,24.712133407592773,13.756522810226059,5.687921634218384,-0.007948258876959316,0.0009682985846972691,0.007948258876959316,0.0009682985846972691,-0.0003617778711486608,3.084848867729306e-05,1.0,0.0,19.444444444444443,24,19,5.257513046264648,RoadOption.STRAIGHT,23.235559463500977,24.74858283996582,0.0027785214782865796,1.8,0.8,3.5,2.0,8.0,0.6,0.01,0.06,0.5,0.1,0.2,0.35,1.2,12,10.0,14.0,0.9,1.2,0.6,0.01,0.06,0.65,0.3,0.72,0.005,0.38,0.22,0.01,0.14,1.0,0.28
lqr,ground_truth,gentle_curve,1700.0,0.05,0.1,1.0,1952.788002062589,13.675594329833984,24.7147216796875,14.07848172953789,5.365962714906553,-0.007297958000782603,0.0008636519583165025,0.007297958000782603,0.0008636519583165025,-0.00029784764046780765,6.393023068085313e-05,1.0,0.0,19.444444444444443,25,19,4.560028076171875,RoadOption.STRAIGHT,24.23555564880371,24.751361846923828,0.0027785214782865796,1.8,0.8,3.5,2.0,8.0,0.6,0.01,0.06,0.5,0.1,0.2,0.35,1.2,12,10.0,14.0,0.9,1.2,0.6,0.01,0.06,0.65,0.3,0.72,0.005,0.38,0.22,0.01,0.14,1.0,0.28
lqr,ground_truth,gentle_curve,1700.0,0.05,0.1,1.0,1952.838002063334,14.38914680480957,24.717304229736328,14.399571458664429,5.044872985780014,-0.006698525174226019,0.0007705913830498012,0.006698525174226019,0.0007705913830498012,-0.0002763875527307391,2.1460087737068534e-05,1.0,0.0,19.444444444444443,26,20,4.846469879150391,RoadOption.STRAIGHT,25.235551834106445,24.754138946533203,0.0027785214782865796,1.8,0.8,3.5,2.0,8.0,0.6,0.01,0.06,0.5,0.1,0.2,0.35,1.2,12,10.0,14.0,0.9,1.2,0.6,0.01,0.06,0.65,0.3,0.72,0.005,0.38,0.22,0.01,0.14,1.0,0.28
lqr,ground_truth,gentle_curve,1700.0,0.05,0.1,1.0,1952.888002064079,15.118728637695312,24.719884872436523,14.719851535662928,4.724592908781515,-0.006145537546869447,0.0006870458870444907,0.006145537546869447,0.0006870458870444907,-0.00023137315292842686,4.5014399802312255e-05,1.0,0.0,19.444444444444443,26,21,5.116882801055908,RoadOption.STRAIGHT,25.235551834106445,24.754138946533203,0.0027785214782865796,1.8,0.8,3.5,2.0,8.0,0.6,0.01,0.06,0.5,0.1,0.2,0.35,1.2,12,10.0,14.0,0.9,1.2,0.6,0.01,0.06,0.65,0.3,0.72,0.005,0.38,0.22,0.01,0.14,1.0,0.28
lqr,ground_truth,gentle_curve,1700.0,0.05,0.1,1.0,1952.938002064824,15.864303588867188,24.722469329833984,15.039361457280979,4.405082987163464,-0.00563268347563063,0.0006122014376632734,0.00563268347563063,0.0006122014376632734,-0.0002174938126699999,1.3879340258426964e-05,1.0,0.0,19.444444444444443,27,21,4.371304035186768,RoadOption.STRAIGHT,26.23554801940918,24.75691795349121,0.0027785214782865796,1.8,0.8,3.5,2.0,8.0,0.6,0.01,0.06,0.5,0.1,0.2,0.35,1.2,12,10.0,14.0,0.9,1.2,0.6,0.01,0.06,0.65,0.3,0.72,0.005,0.38,0.22,0.01,0.14,1.0,0.28
lqr,ground_truth,gentle_curve,1700.0,0.05,0.1,1.0,1952.9880020655692,16.625831604003906,24.72505760192871,15.358136123431038,4.086308321013405,-0.005158922181245033,0.0005443795152109132,0.005158922181245033,0.0005443795152109132,-0.00016757311823312193,4.9920694436877966e-05,1.0,0.0,19.444444444444443,28,22,4.609770774841309,RoadOption.STRAIGHT,27.235544204711914,24.75969696044922,-6.280406564898198,1.8,0.8,3.5,2.0,8.0,0.6,0.01,0.06,0.5,0.1,0.2,0.35,1.2,12,10.0,14.0,0.9,1.2,0.6,0.01,0.06,0.65,0.3,0.72,0.005,0.38,0.22,0.01,0.14,1.0,0.28
lqr,ground_truth,gentle_curve,1700.0,0.05,0.1,1.0,1953.0380020663142,17.403276443481445,24.727651596069336,15.676193183329055,3.768251261115388,-0.0047255713857115005,0.00048429168304187087,0.0047255713857115005,0.00048429168304187087,-0.0001541359961265698,1.3437122106552124e-05,1.0,0.0,19.444444444444443,29,23,4.8323211669921875,RoadOption.STRAIGHT,28.235538482666016,24.762474060058594,-6.280406564898198,1.8,0.8,3.5,2.0,8.0,0.6,0.01,0.06,0.5,0.1,0.2,0.35,1.2,12,10.0,14.0,0.9,1.2,0.6,0.01,0.06,0.65,0.3,0.72,0.005,0.38,0.22,0.01,0.14,1.0,0.28
lqr,ground_truth,gentle_curve,1700.0,0.05,0.1,1.0,1953.0880020670593,18.19660186767578,24.730255126953125,15.993546470699913,3.45089797374453,-0.004326808372775055,0.0004311597987745053,0.004326808372775055,0.0004311597987745053,-0.00012512256216723472,2.901343395933509e-05,1.0,0.0,19.444444444444443,29,24,5.0389909744262695,RoadOption.STRAIGHT,28.235538482666016,24.762474060058594,-6.280406564898198,1.8,0.8,3.5,2.0,8.0,0.6,0.01,0.06,0.5,0.1,0.2,0.35,1.2,12,10.0,14.0,0.9,1.2,0.6,0.01,0.06,0.65,0.3,0.72,0.005,0.38,0.22,0.01,0.14,1.0,0.28
lqr,ground_truth,gentle_curve,1700.0,0.05,0.1,1.0,1953.1380020678043,19.005779266357422,24.732868194580078,16.310212444248485,3.134232000195958,-0.003962064721573563,0.00038434850083257643,0.003962064721573563,0.00038434850083257643,-0.00012067574425600469,4.446817911230028e-06,1.0,0.0,19.444444444444443,30,24,4.229809761047363,RoadOption.STRAIGHT,29.23553466796875,24.7652530670166,-6.280406564898198,1.8,0.8,3.5,2.0,8.0,0.6,0.01,0.06,0.5,0.1,0.2,0.35,1.2,12,10.0,14.0,0.9,1.2,0.6,0.01,0.06,0.65,0.3,0.72,0.005,0.38,0.22,0.01,0.14,1.0,0.28
lqr,ground_truth,gentle_curve,1700.0,0.05,0.1,1.0,1953.1880020685494,19.830764770507812,24.735498428344727,16.62619464220054,2.8182498022439013,-0.0036245670298270007,0.0003423623618461491,0.0036245670298270007,0.0003423623618461491,-0.00010353518882766366,1.714055542834103e-05,1.0,0.0,19.444444444444443,31,25,4.404819965362549,RoadOption.STRAIGHT,30.235530853271484,24.76803207397461,-6.280406564898198,1.8,0.8,3.5,2.0,8.0,0.6,0.01,0.06,0.5,0.1,0.2,0.35,1.2,12,10.0,14.0,0.9,1.2,0.6,0.01,0.06,0.65,0.3,0.72,0.005,0.38,0.22,0.01,0.14,1.0,0.28
lqr,ground_truth,gentle_curve,1700.0,0.05,0.1,1.0,1953.2380020692945,20.67152976989746,24.738143920898438,16.941501833345857,2.502942611098586,-0.0033137468766732438,0.00030437876672451125,0.0033137468766732438,0.00030437876672451125,-9.095788118429482e-05,1.257730764336884e-05,1.0,0.0,19.444444444444443,32,26,4.564050197601318,RoadOption.STRAIGHT,31.23552703857422,24.770809173583984,-6.280406564898198,1.8,0.8,3.5,2.0,8.0,0.6,0.01,0.06,0.5,0.1,0.2,0.35,1.2,12,10.0,14.0,0.9,1.2,0.6,0.01,0.06,0.65,0.3,0.72,0.005,0.38,0.22,0.01,0.14,1.0,0.28
lqr,ground_truth,gentle_curve,1700.0,0.05,0.1,1.0,1953.2880020700395,21.528043746948242,24.74080467224121,17.256137767305287,2.188306677139156,-0.003033334151015669,0.0002701633885004995,0.003033334151015669,0.0002701633885004995,-6.813541403971612e-05,2.2822467144578695e-05,0.9854208827018738,0.0,19.444444444444443,33,27,4.707531929016113,RoadOption.STRAIGHT,32.23552322387695,24.773588180541992,-6.280406564898198,1.8,0.8,3.5,2.0,8.0,0.6,0.01,0.06,0.5,0.1,0.2,0.35,1.2,12,10.0,14.0,0.9,1.2,0.6,0.01,0.06,0.65,0.3,0.72,0.005,0.38,0.22,0.01,0.14,1.0,0.28
lqr,ground_truth,gentle_curve,1700.0,0.05,0.1,1.0,1953.3380020707846,22.40024185180664,24.74349021911621,17.56883034750384,1.8756140969406019,-0.0027706369631722745,0.0002400168730947172,0.0027706369631722745,0.0002400168730947172,-7.224089495139197e-05,-4.105480911675841e-06,0.8001373410224915,0.0,19.444444444444443,34,28,4.835329532623291,RoadOption.STRAIGHT,33.23551940917969,24.7763671875,-6.280406564898198,1.8,0.8,3.5,2.0,8.0,0.6,0.01,0.06,0.5,0.1,0.2,0.35,1.2,12,10.0,14.0,0.9,1.2,0.6,0.01,0.06,0.65,0.3,0.72,0.005,0.38,0.22,0.01,0.14,1.0,0.28
lqr,ground_truth,gentle_curve,1700.0,0.05,0.1,1.0,1953.3880020715296,23.287710189819336,24.746191024780273,17.864810604866186,1.579633839578257,-0.0025342504292573415,0.00021313611098960905,0.0025342504292573415,0.00021313611098960905,-4.804323543794453e-05,2.4197659513447434e-05,0.6426039934158325,0.0,19.444444444444443,35,29,4.947855472564697,RoadOption.STRAIGHT,34.23551940917969,24.779146194458008,-6.280406564898198,1.8,0.8,3.5,2.0,8.0,0.6,0.01,0.06,0.5,0.1,0.2,0.35,1.2,12,10.0,14.0,0.9,1.2,0.6,0.01,0.06,0.65,0.3,0.72,0.005,0.38,0.22,0.01,0.14,1.0,0.28
lqr,ground_truth,gentle_curve,1700.0,0.05,0.1,1.0,1953.4380020722747,24.188600540161133,24.748912811279297,18.112033370162315,1.3324110742821276,-0.002316081447791397,0.00018978299703320545,0.002316081447791397,0.00018978299703320545,-4.9013880925485864e-05,-9.706454875413328e-07,0.5527793169021606,0.0,19.444444444444443,35,30,5.046960830688477,RoadOption.STRAIGHT,34.23551940917969,24.779146194458008,-6.280406564898198,1.8,0.8,3.5,2.0,8.0,0.6,0.01,0.06,0.5,0.1,0.2,0.35,1.2,12,10.0,14.0,0.9,1.2,0.6,0.01,0.06,0.65,0.3,0.72,0.005,0.38,0.22,0.01,0.14,1.0,0.28
lqr,ground_truth,gentle_curve,1700.0,0.05,0.1,1.0,1953.4880020730197,25.099889755249023,24.75164222717285,18.29366593115937,1.150778513285072,-0.0021189107054966853,0.00016963321854035485,0.0021189107054966853,0.00016963321854035485,-4.145220009377226e-05,7.561680831713602e-06,0.5225080251693726,0.0,19.444444444444443,36,30,4.13566780090332,RoadOption.STRAIGHT,35.23551559448242,24.781923294067383,-6.280406564898198,1.8,0.8,3.5,2.0,8.0,0.6,0.01,0.06,0.5,0.1,0.2,0.35,1.2,12,10.0,14.0,0.9,1.2,0.6,0.01,0.06,0.65,0.3,0.72,0.005,0.38,0.22,0.01,0.14,1.0,0.28
lqr,ground_truth,gentle_curve,1700.0,0.05,0.1,1.0,1953.5380020737648,26.018327713012695,24.754369735717773,18.41321224688548,1.031232197558964,-0.0019437799161541383,0.00015209250567593813,0.0019437799161541383,0.00015209250567593813,-4.048091432196088e-05,9.71285771811381e-07,0.5252837538719177,0.0,19.444444444444443,37,31,4.217225551605225,RoadOption.STRAIGHT,36.235511779785156,24.78470230102539,-6.280406564898198,1.8,0.8,3.5,2.0,8.0,0.6,0.01,0.06,0.5,0.1,0.2,0.35,1.2,12,10.0,14.0,0.9,1.2,0.6,0.01,0.06,0.65,0.3,0.72,0.005,0.38,0.22,0.01,0.14,1.0,0.28
lqr,ground_truth,gentle_curve,1700.0,0.05,0.1,1.0,1953.5880020745099,26.941225051879883,24.757097244262695,18.4848553632521,0.9595890811923411,-0.0017791332404170548,0.00013662354488630513,0.0017791332404170548,0.00013662354488630513,-2.8832242605858482e-05,1.1648671716102399e-05,0.5397816896438599,0.0,19.444444444444443,38,32,4.2943243980407715,RoadOption.STRAIGHT,37.235504150390625,24.7874813079834,-6.280406564898198,1.8,0.8,3.5,2.0,8.0,0.6,0.01,0.06,0.5,0.1,0.2,0.35,1.2,12,10.0,14.0,0.9,1.2,0.6,0.01,0.06,0.65,0.3,0.72,0.005,0.38,0.22,0.01,0.14,1.0,0.28
lqr,ground_truth,gentle_curve,1700.0,0.05,0.1,1.0,1953.638002075255,27.86667823791504,24.759811401367188,18.52445889246019,0.9199855519842544,-0.0016368473262836167,0.00012342269228859948,0.0016368473262836167,0.00012342269228859948,-2.609629518701695e-05,2.7359474188415334e-06,0.5544670820236206,0.0,19.444444444444443,39,33,4.368866920471191,RoadOption.STRAIGHT,38.235504150390625,24.790260314941406,-6.280406564898198,1.8,0.8,3.5,2.0,8.0,0.6,0.01,0.06,0.5,0.1,0.2,0.35,1.2,12,10.0,14.0,0.9,1.2,0.6,0.01,0.06,0.65,0.3,0.72,0.005,0.38,0.22,0.01,0.14,1.0,0.28
lqr,ground_truth,gentle_curve,1700.0,0.05,0.1,1.0,1953.688002076,28.793500900268555,24.76251983642578,18.54488403274325,0.8995604117011915,-0.0015040888528094851,0.00011232532083127467,0.0015040888528094851,0.00011232532083127467,-2.749362465692684e-05,-1.3973294699098915e-06,0.5652260780334473,0.0,19.444444444444443,40,34,4.44204044342041,RoadOption.STRAIGHT,39.235496520996094,24.79303741455078,-6.280406564898198,1.8,0.8,3.5,2.0,8.0,0.6,0.01,0.06,0.5,0.1,0.2,0.35,1.2,12,10.0,14.0,0.9,1.2,0.6,0.01,0.06,0.65,0.3,0.72,0.005,0.38,0.22,0.01,0.14,1.0,0.28
lqr,ground_truth,gentle_curve,1700.0,0.05,0.1,1.0,1953.738002076745,29.72100830078125,24.765214920043945,18.554814944276917,0.8896295001675263,-0.0013865738765981624,0.00010249477141499597,0.0013865738765981624,0.00010249477141499597,-3.2143343560164794e-05,-4.649718903237954e-06,0.5718606114387512,0.0,19.444444444444443,41,35,4.514532566070557,RoadOption.STRAIGHT,40.235496520996094,24.79581642150879,-6.280406564898198,1.8,0.8,3.5,2.0,8.0,0.6,0.01,0.06,0.5,0.1,0.2,0.35,1.2,12,10.0,14.0,0.9,1.2,0.6,0.01,0.06,0.65,0.3,0.72,0.005,0.38,0.22,0.01,0.14,1.0,0.28
lqr,ground_truth,gentle_curve,1700.0,0.05,0.1,1.0,1953.78800207749,30.648847579956055,24.76789665222168,18.55942816116589,0.8850162832785529,-0.0012814357521323382,9.298541378655045e-05,0.0012814357521323382,9.298541378655045e-05,-1.806431100703776e-05,1.4079032553127035e-05,0.5754739046096802,0.0,19.444444444444443,42,36,4.5866899490356445,RoadOption.STRAIGHT,41.23548889160156,24.798595428466797,-6.280406564898198,1.8,0.8,3.5,2.0,8.0,0.6,0.01,0.06,0.5,0.1,0.2,0.35,1.2,12,10.0,14.0,0.9,1.2,0.6,0.01,0.06,0.65,0.3,0.72,0.005,0.38,0.22,0.01,0.14,1.0,0.28
lqr,ground_truth,gentle_curve,1700.0,0.05,0.1,1.0,1953.8380020782351,31.576845169067383,24.770572662353516,18.561508612340948,0.8829358321034952,-0.0011843668946910167,8.458527315724496e-05,0.0011843668946910167,8.458527315724496e-05,-1.4664278751297388e-05,3.4000322557403706e-06,0.5772649645805359,0.0,19.444444444444443,43,37,4.658688545227051,RoadOption.STRAIGHT,42.23548889160156,24.801374435424805,-6.280406564898198,1.8,0.8,3.5,2.0,8.0,0.6,0.01,0.06,0.5,0.1,0.2,0.35,1.2,12,10.0,14.0,0.9,1.2,0.6,0.01,0.06,0.65,0.3,0.72,0.005,0.38,0.22,0.01,0.14,1.0,0.28
lqr,ground_truth,gentle_curve,1700.0,0.05,0.1,1.0,1953.8880020789802,32.50491714477539,24.773237228393555,18.562450427692436,0.8819940167520066,-0.0010989593858266433,7.772321208676658e-05,0.0010989593858266433,7.772321208676658e-05,-1.4212147107173223e-05,4.521316441241652e-07,0.5780662298202515,0.0,19.444444444444443,44,38,4.730608940124512,RoadOption.STRAIGHT,43.23548126220703,24.80415153503418,-6.280406564898198,1.8,0.8,3.5,2.0,8.0,0.6,0.01,0.06,0.5,0.1,0.2,0.35,1.2,12,10.0,14.0,0.9,1.2,0.6,0.01,0.06,0.65,0.3,0.72,0.005,0.38,0.22,0.01,0.14,1.0,0.28
lqr,ground_truth,gentle_curve,1700.0,0.05,0.1,1.0,1953.9380020797253,33.43302917480469,24.775897979736328,18.562894456092415,0.8815499883520275,-0.0010174566598994891,7.194696132373224e-05,0.0010174566598994891,7.194696132373224e-05,-2.210173806815874e-05,-7.889590960985515e-06,0.5783971548080444,0.0,19.444444444444443,45,39,4.802496910095215,RoadOption.STRAIGHT,44.23548126220703,24.806930541992188,-6.280406564898198,1.8,0.8,3.5,2.0,8.0,0.6,0.01,0.06,0.5,0.1,0.2,0.35,1.2,12,10.0,14.0,0.9,1.2,0.6,0.01,0.06,0.65,0.3,0.72,0.005,0.38,0.22,0.01,0.14,1.0,0.28
lqr,ground_truth,gentle_curve,1700.0,0.05,0.1,1.0,1953.9880020804703,34.36116027832031,24.778549194335938,18.56312481314591,0.8813196312985312,-0.000943657499377356,6.619567769661217e-05,0.000943657499377356,6.619567769661217e-05,-1.2354855243756901e-05,9.746882824401837e-06,0.578515350818634,0.0,19.444444444444443,46,40,4.874358177185059,RoadOption.STRAIGHT,45.2354736328125,24.809709548950195,-6.280406564898198,1.8,0.8,3.5,2.0,8.0,0.6,0.01,0.06,0.5,0.1,0.2,0.35,1.2,12,10.0,14.0,0.9,1.2,0.6,0.01,0.06,0.65,0.3,0.72,0.005,0.38,0.22,0.01,0.14,1.0,0.28
lqr,ground_truth,gentle_curve,1700.0,0.05,0.1,1.0,1954.0380020812154,35.289306640625,24.781198501586914,18.56325994346332,0.8811845009811243,-0.0008736942214873245,6.0886260348169685e-05,0.0008736942214873245,6.0886260348169685e-05,-1.1544569133548066e-05,8.102861102088355e-07,0.5785485506057739,0.0,19.444444444444443,47,41,4.946211814880371,RoadOption.STRAIGHT,46.2354736328125,24.81248664855957,-6.280406564898198,1.8,0.8,3.5,2.0,8.0,0.6,0.01,0.06,0.5,0.1,0.2,0.35,1.2,12,10.0,14.0,0.9,1.2,0.6,0.01,0.06,0.65,0.3,0.72,0.005,0.38,0.22,0.01,0.14,1.0,0.28
lqr,ground_truth,gentle_curve,1700.0,0.05,0.1,1.0,1954.0880020819604,36.21746063232422,24.783838272094727,18.563345501168275,0.881098943276168,-0.000813310050130597,5.632793764931421e-05,0.000813310050130597,5.632793764931421e-05,-1.0774353540909942e-05,7.702155926381238e-07,0.5785567164421082,0.0,19.444444444444443,47,42,5.018050193786621,RoadOption.STRAIGHT,46.2354736328125,24.81248664855957,-6.280406564898198,1.8,0.8,3.5,2.0,8.0,0.6,0.01,0.06,0.5,0.1,0.2,0.35,1.2,12,10.0,14.0,0.9,1.2,0.6,0.01,0.06,0.65,0.3,0.72,0.005,0.38,0.22,0.01,0.14,1.0,0.28
lqr,ground_truth,gentle_curve,1700.0,0.05,0.1,1.0,1954.1380020827055,37.14561462402344,24.786474227905273,18.563406286772047,0.8810381576723962,-0.0007564618375503884,5.2304587839557826e-05,0.0007564618375503884,5.2304587839557826e-05,-1.0998712241416797e-05,-2.243587005068548e-07,0.5785499811172485,0.0,19.444444444444443,48,42,4.089892864227295,RoadOption.STRAIGHT,47.23546600341797,24.815265655517578,-6.280406564898198,1.8,0.8,3.5,2.0,8.0,0.6,0.01,0.06,0.5,0.1,0.2,0.35,1.2,12,10.0,14.0,0.9,1.2,0.6,0.01,0.06,0.65,0.3,0.72,0.005,0.38,0.22,0.01,0.14,1.0,0.28
lqr,ground_truth,gentle_curve,1700.0,0.05,0.1,1.0,1954.1880020834506,38.07378005981445,24.789106369018555,18.56344610547211,0.8809983389723328,-0.0007037176313170364,4.860815145590891e-05,0.0007037176313170364,4.860815145590891e-05,-1.6389027223340236e-05,-5.390314981923439e-06,0.5785512328147888,0.0,19.444444444444443,49,43,4.161727428436279,RoadOption.STRAIGHT,48.23546600341797,24.818044662475586,-6.280406564898198,1.8,0.8,3.5,2.0,8.0,0.6,0.01,0.06,0.5,0.1,0.2,0.35,1.2,12,10.0,14.0,0.9,1.2,0.6,0.01,0.06,0.65,0.3,0.72,0.005,0.38,0.22,0.01,0.14,1.0,0.28
lqr,ground_truth,gentle_curve,1700.0,0.05,0.1,1.0,1954.2380020841956,39.00194549560547,24.791730880737305,18.563474441602903,0.8809700028415399,-0.00065671664898489,4.466542468506418e-05,0.00065671664898489,4.466542468506418e-05,-4.691334652306978e-06,1.1697692571033258e-05,0.578548014163971,0.0,19.444444444444443,50,44,4.233554363250732,RoadOption.STRAIGHT,49.23545837402344,24.820823669433594,-6.280406564898198,1.8,0.8,3.5,2.0,8.0,0.6,0.01,0.06,0.5,0.1,0.2,0.35,1.2,12,10.0,14.0,0.9,1.2,0.6,0.01,0.06,0.65,0.3,0.72,0.005,0.38,0.22,0.01,0.14,1.0,0.28
lqr,ground_truth,gentle_curve,1700.0,0.05,0.1,1.0,1954.2880020849407,39.930118560791016,24.794357299804688,18.563495286440702,0.880949158003741,-0.0006097156666527454,4.1271454740865465e-05,0.0006097156666527454,4.1271454740865465e-05,-4.838585027755471e-06,-1.472503754484933e-07,0.5785444974899292,0.0,19.444444444444443,51,45,4.305381774902344,RoadOption.STRAIGHT,50.23545455932617,24.8236026763916,-6.280406564898198,1.8,0.8,3.5,2.0,8.0,0.6,0.01,0.06,0.5,0.1,0.2,0.35,1.2,12,10.0,14.0,0.9,1.2,0.6,0.01,0.06,0.65,0.3,0.72,0.005,0.38,0.22,0.01,0.14,1.0,0.28
lqr,ground_truth,gentle_curve,1700.0,0.05,0.1,1.0,1954.3380020856857,40.8582878112793,24.796981811523438,18.563510400435188,0.8809340440092548,-0.0005646326256366491,3.869853944138413e-05,0.0005646326256366491,3.869853944138413e-05,-1.3932918591308407e-05,-9.094333563552937e-06,0.5785422921180725,0.0,19.444444444444443,52,46,4.377204895019531,RoadOption.STRAIGHT,51.235450744628906,24.82638168334961,-6.280406564898198,1.8,0.8,3.5,2.0,8.0,0.6,0.01,0.06,0.5,0.1,0.2,0.35,1.2,12,10.0,14.0,0.9,1.2,0.6,0.01,0.06,0.65,0.3,0.72,0.005,0.38,0.22,0.01,0.14,1.0,0.28
lqr,ground_truth,gentle_curve,1700.0,0.05,0.1,1.0,1954.3880020864308,41.786460876464844,24.799596786499023,18.563519709080868,0.8809247353635747,-0.0005271683496500448,3.587673301197469e-05,0.0005271683496500448,3.587673301197469e-05,-4.475552032090491e-06,9.457366559217917e-06,0.5785436630249023,0.0,19.444444444444443,53,47,4.449031829833984,RoadOption.STRAIGHT,52.23544692993164,24.829160690307617,-6.280406564898198,1.8,0.8,3.5,2.0,8.0,0.6,0.01,0.06,0.5,0.1,0.2,0.35,1.2,12,10.0,14.0,0.9,1.2,0.6,0.01,0.06,0.65,0.3,0.72,0.005,0.38,0.22,0.01,0.14,1.0,0.28
lqr,ground_truth,gentle_curve,1700.0,0.05,0.1,1.0,1954.4380020871758,42.71463394165039,24.802209854125977,18.563527228406716,0.8809172160377265,-0.0004935399562955405,3.32593450043106e-05,0.0004935399562955405,3.32593450043106e-05,-3.557839590939693e-06,9.177124411507975e-07,0.5785412788391113,0.0,19.444444444444443,54,48,4.520851135253906,RoadOption.STRAIGHT,53.235443115234375,24.831939697265625,-6.280406564898198,1.8,0.8,3.5,2.0,8.0,0.6,0.01,0.06,0.5,0.1,0.2,0.35,1.2,12,10.0,14.0,0.9,1.2,0.6,0.01,0.06,0.65,0.3,0.72,0.005,0.38,0.22,0.01,0.14,1.0,0.28
lqr,ground_truth,gentle_curve,1700.0,0.05,0.1,1.0,1954.488002087921,43.64280700683594,24.804821014404297,18.56353284485414,0.8809115995903021,-0.00046179770411625826,3.1250270842164696e-05,0.00046179770411625826,3.1250270842164696e-05,-5.091356342745712e-06,-1.5335167518060189e-06,0.5785402059555054,0.0,19.444444444444443,55,49,4.592678546905518,RoadOption.STRAIGHT,54.23543930053711,24.834716796875,-6.280406564898198,1.8,0.8,3.5,2.0,8.0,0.6,0.01,0.06,0.5,0.1,0.2,0.35,1.2,12,10.0,14.0,0.9,1.2,0.6,0.01,0.06,0.65,0.3,0.72,0.005,0.38,0.22,0.01,0.14,1.0,0.28
lqr,ground_truth,gentle_curve,1700.0,0.05,0.1,1.0,1954.538002088666,44.570980072021484,24.807435989379883,18.563532727961228,0.8809117164832152,-0.0004262619694926466,3.1250270842164696e-05,0.0004262619694926466,3.1250270842164696e-05,-1.5339135643444024e-05,-1.0247779300698312e-05,0.5785471796989441,0.0,19.444444444444443,56,50,4.6644978523254395,RoadOption.STRAIGHT,55.235435485839844,24.837495803833008,-6.280406564898198,1.8,0.8,3.5,2.0,8.0,0.6,0.01,0.06,0.5,0.1,0.2,0.35,1.2,12,10.0,14.0,0.9,1.2,0.6,0.01,0.06,0.65,0.3,0.72,0.005,0.38,0.22,0.01,0.14,1.0,0.28
lqr,ground_truth,gentle_curve,1700.0,0.05,0.1,1.0,1954.588002089411,45.499149322509766,24.810043334960938,18.563532518125253,0.8809119263191896,-0.00039833439985158085,2.7058132793911227e-05,0.00039833439985158085,2.7058132793911227e-05,-4.046115918754367e-06,1.1293019724689657e-05,0.5785474181175232,0.0,19.444444444444443,57,51,4.736324787139893,RoadOption.STRAIGHT,56.23542785644531,24.840272903442383,-6.280406564898198,1.8,0.8,3.5,2.0,8.0,0.6,0.01,0.06,0.5,0.1,0.2,0.35,1.2,12,10.0,14.0,0.9,1.2,0.6,0.01,0.06,0.65,0.3,0.72,0.005,0.38,0.22,0.01,0.14,1.0,0.28
lqr,ground_truth,gentle_curve,1700.0,0.05,0.1,1.0,1954.638002090156,46.42732238769531,24.81264305114746,18.56353244177421,0.8809120026702324,-0.0003780467953338907,2.4626177779651925e-05,0.0003780467953338907,2.4626177779651925e-05,1.3540483223550837e-06,5.400164241109451e-06,0.5785472989082336,0.0,19.444444444444443,58,52,4.808148384094238,RoadOption.STRAIGHT,57.23542404174805,24.84305191040039,-6.280406564898198,1.8,0.8,3.5,2.0,8.0,0.6,0.01,0.06,0.5,0.1,0.2,0.35,1.2,12,10.0,14.0,0.9,1.2,0.6,0.01,0.06,0.65,0.3,0.72,0.005,0.38,0.22,0.01,0.14,1.0,0.28
lqr,ground_truth,gentle_curve,1700.0,0.05,0.1,1.0,1954.6880020909011,47.35549545288086,24.815242767333984,18.563532406977867,0.880912037466576,-0.00035775919081620054,2.4626177779651925e-05,0.00035775919081620054,2.4626177779651925e-05,-4.823806648346363e-06,-6.177854970701446e-06,0.5785472393035889,0.0,19.444444444444443,59,53,4.879971981048584,RoadOption.STRAIGHT,58.23542404174805,24.8458309173584,0.0027785214782865796,1.8,0.8,3.5,2.0,8.0,0.6,0.01,0.06,0.5,0.1,0.2,0.35,1.2,12,10.0,14.0,0.9,1.2,0.6,0.01,0.06,0.65,0.3,0.72,0.005,0.38,0.22,0.01,0.14,1.0,0.28
lqr,ground_truth,gentle_curve,1700.0,0.05,0.1,1.0,1954.7380020916462,48.28367233276367,24.817846298217773,18.563536117122545,0.8809083273218974,-0.0003336675038072348,2.193908985148596e-05,0.0003336675038072348,2.193908985148596e-05,-6.909347121109022e-06,-2.085540472762659e-06,0.578540563583374,0.0,19.444444444444443,60,54,4.951791286468506,RoadOption.STRAIGHT,59.23542022705078,24.848608016967773,0.0027785214782865796,1.8,0.8,3.5,2.0,8.0,0.6,0.01,0.06,0.5,0.1,0.2,0.35,1.2,12,10.0,14.0,0.9,1.2,0.6,0.01,0.06,0.65,0.3,0.72,0.005,0.38,0.22,0.01,0.14,1.0,0.28
lqr,ground_truth,gentle_curve,1700.0,0.05,0.1,1.0,1954.7880020923913,49.21184539794922,24.820446014404297,18.563537912917102,0.8809065315273408,-0.0003114725580204373,2.193908985148596e-05,0.0003114725580204373,2.193908985148596e-05,-4.977518983650953e-06,1.9318281374580692e-06,0.5785417556762695,0.0,19.444444444444443,60,55,5.023614406585693,RoadOption.STRAIGHT,59.23542022705078,24.848608016967773,0.0027785214782865796,1.8,0.8,3.5,2.0,8.0,0.6,0.01,0.06,0.5,0.1,0.2,0.35,1.2,12,10.0,14.0,0.9,1.2,0.6,0.01,0.06,0.65,0.3,0.72,0.005,0.38,0.22,0.01,0.14,1.0,0.28
lqr,ground_truth,gentle_curve,1700.0,0.05,0.1,1.0,1954.8380020931363,50.140018463134766,24.82304573059082,18.563537830814642,0.8809066136298007,-0.00029091682978798876,1.8923788125846386e-05,0.00029091682978798876,1.8923788125846386e-05,6.999520792305702e-06,1.1977039775956655e-05,0.5785440802574158,0.0,19.444444444444443,61,55,4.095438003540039,RoadOption.STRAIGHT,60.235416412353516,24.85138702392578,0.0027785214782865796,1.8,0.8,3.5,2.0,8.0,0.6,0.01,0.06,0.5,0.1,0.2,0.35,1.2,12,10.0,14.0,0.9,1.2,0.6,0.01,0.06,0.65,0.3,0.72,0.005,0.38,0.22,0.01,0.14,1.0,0.28
lqr,ground_truth,gentle_curve,1700.0,0.05,0.1,1.0,1954.8880020938814,51.06819152832031,24.825647354125977,18.563537868929366,0.8809065755150769,-0.0002687218840011895,1.8923788125846386e-05,0.0002687218840011895,1.8923788125846386e-05,-8.868703844200354e-06,-1.5868224636506056e-05,0.5785439014434814,0.0,19.444444444444443,62,56,4.167261600494385,RoadOption.STRAIGHT,61.23541259765625,24.85416603088379,0.0027785214782865796,1.8,0.8,3.5,2.0,8.0,0.6,0.01,0.06,0.5,0.1,0.2,0.35,1.2,12,10.0,14.0,0.9,1.2,0.6,0.01,0.06,0.65,0.3,0.72,0.005,0.38,0.22,0.01,0.14,1.0,0.28
lqr,ground_truth,gentle_curve,1700.0,0.05,0.1,1.0,1954.9380020946264,51.99636459350586,24.8282470703125,18.563537734920246,0.8809067095241971,-0.0002465375382613346,1.8923788125846386e-05,0.0002465375382613346,1.8923788125846386e-05,-8.730413355806377e-06,1.3829048839397728e-07,0.5785441994667053,0.0,19.444444444444443,63,57,4.239080905914307,RoadOption.STRAIGHT,62.235408782958984,24.856943130493164,0.0027785214782865796,1.8,0.8,3.5,2.0,8.0,0.6,0.01,0.06,0.5,0.1,0.2,0.35,1.2,12,10.0,14.0,0.9,1.2,0.6,0.01,0.06,0.65,0.3,0.72,0.005,0.38,0.22,0.01,0.14,1.0,0.28
lqr,ground_truth,gentle_curve,1700.0,0.05,0.1,1.0,1954.9880020953715,52.92454147338867,24.830846786499023,18.56353762833294,0.8809068161115015,-0.00022626053379058535,1.6105882810535377e-05,0.00022626053379058535,1.6105882810535377e-05,-2.93666585093888e-06,5.793747504867497e-06,0.5785441994667053,0.0,19.444444444444443,64,58,4.3109002113342285,RoadOption.STRAIGHT,63.23540496826172,24.859722137451172,0.0027785214782865796,1.8,0.8,3.5,2.0,8.0,0.6,0.01,0.06,0.5,0.1,0.2,0.35,1.2,12,10.0,14.0,0.9,1.2,0.6,0.01,0.06,0.65,0.3,0.72,0.005,0.38,0.22,0.01,0.14,1.0,0.28
lqr,ground_truth,gentle_curve,1700.0,0.05,0.1,1.0,1955.0380020961165,53.85271453857422,24.833438873291016,18.563537585201566,0.8809068592428773,-0.0002145594140238044,1.6326685913448102e-05,0.0002145594140238044,1.6326685913448102e-05,-1.2070891898474656e-05,-9.134226047535776e-06,0.5785441398620605,0.0,19.444444444444443,65,59,4.38272762298584,RoadOption.STRAIGHT,64.23539733886719,24.86250114440918,0.0027785214782865796,1.8,0.8,3.5,2.0,8.0,0.6,0.01,0.06,0.5,0.1,0.2,0.35,1.2,12,10.0,14.0,0.9,1.2,0.6,0.01,0.06,0.65,0.3,0.72,0.005,0.38,0.22,0.01,0.14,1.0,0.28
lqr,ground_truth,gentle_curve,1700.0,0.05,0.1,1.0,1955.0880020968616,54.780887603759766,24.836027145385742,18.563537441283795,0.8809070031606474,-0.0002038243746740158,1.2852353002745787e-05,0.0002038243746740158,1.2852353002745787e-05,8.039507520152256e-06,2.0110399418626912e-05,0.5785443782806396,0.0,19.444444444444443,66,60,4.454550743103027,RoadOption.STRAIGHT,65.23539733886719,24.865280151367188,0.0027785214782865796,1.8,0.8,3.5,2.0,8.0,0.6,0.01,0.06,0.5,0.1,0.2,0.35,1.2,12,10.0,14.0,0.9,1.2,0.6,0.01,0.06,0.65,0.3,0.72,0.005,0.38,0.22,0.01,0.14,1.0,0.28
lqr,ground_truth,gentle_curve,1700.0,0.05,0.1,1.0,1955.1380020976067,55.70906066894531,24.83861541748047,18.563537506436383,0.8809069380080601,-0.00019499667659450548,1.2852353002745787e-05,0.00019499667659450548,1.2852353002745787e-05,3.569024329408421e-06,-4.470483190743835e-06,0.5785440802574158,0.0,19.444444444444443,67,61,4.526374340057373,RoadOption.STRAIGHT,66.23538970947266,24.868057250976562,0.0027785214782865796,1.8,0.8,3.5,2.0,8.0,0.6,0.01,0.06,0.5,0.1,0.2,0.35,1.2,12,10.0,14.0,0.9,1.2,0.6,0.01,0.06,0.65,0.3,0.72,0.005,0.38,0.22,0.01,0.14,1.0,0.28
lqr,ground_truth,gentle_curve,1700.0,0.05,0.1,1.0,1955.1880020983517,56.63723373413086,24.841203689575195,18.563537498758823,0.88090694568562,-0.00018616897851499517,1.2852353002745787e-05,0.00018616897851499517,1.2852353002745787e-05,-7.109084435796831e-06,-1.0678108765205252e-05,0.5785441994667053,0.0,19.444444444444443,68,62,4.5981974601745605,RoadOption.STRAIGHT,67.23538970947266,24.87083625793457,0.0027785214782865796,1.8,0.8,3.5,2.0,8.0,0.6,0.01,0.06,0.5,0.1,0.2,0.35,1.2,12,10.0,14.0,0.9,1.2,0.6,0.01,0.06,0.65,0.3,0.72,0.005,0.38,0.22,0.01,0.14,1.0,0.28
lqr,ground_truth,gentle_curve,1700.0,0.05,0.1,1.0,1955.2380020990968,57.56541061401367,24.84379005432129,18.563537391513442,0.8809070529310006,-0.0001773518796401325,1.2852353002745787e-05,0.0001773518796401325,1.2852353002745787e-05,-2.3072889234754257e-06,4.801795512321405e-06,0.5785443782806396,0.0,19.444444444444443,69,63,4.670017242431641,RoadOption.STRAIGHT,68.23538208007812,24.873615264892578,0.0027785214782865796,1.8,0.8,3.5,2.0,8.0,0.6,0.01,0.06,0.5,0.1,0.2,0.35,1.2,12,10.0,14.0,0.9,1.2,0.6,0.01,0.06,0.65,0.3,0.72,0.005,0.38,0.22,0.01,0.14,1.0,0.28
lqr,ground_truth,gentle_curve,1700.0,0.05,0.1,1.0,1955.2880020998418,58.49358367919922,24.846378326416016,18.56353735560253,0.8809070888419122,-0.0001685241815606222,1.0711941306418282e-05,0.0001685241815606222,1.0711941306418282e-05,3.224896545361844e-06,5.53218546883727e-06,0.5785443186759949,0.0,19.444444444444443,70,64,4.741840362548828,RoadOption.STRAIGHT,69.23538208007812,24.876394271850586,0.0027785214782865796,1.8,0.8,3.5,2.0,8.0,0.6,0.01,0.06,0.5,0.1,0.2,0.35,1.2,12,10.0,14.0,0.9,1.2,0.6,0.01,0.06,0.65,0.3,0.72,0.005,0.38,0.22,0.01,0.14,1.0,0.28
lqr,ground_truth,gentle_curve,1700.0,0.05,0.1,1.0,1955.338002100587,59.421756744384766,24.848966598510742,18.56353737399864,0.8809070704458044,-0.00015970708268575953,1.0711941306418282e-05,0.00015970708268575953,1.0711941306418282e-05,-7.545676794507017e-07,-3.979464224812546e-06,0.5785441994667053,0.0,19.444444444444443,71,65,4.813660144805908,RoadOption.STRAIGHT,70.2353744506836,24.87917137145996,0.0027785214782865796,1.8,0.8,3.5,2.0,8.0,0.6,0.01,0.06,0.5,0.1,0.2,0.35,1.2,12,10.0,14.0,0.9,1.2,0.6,0.01,0.06,0.65,0.3,0.72,0.005,0.38,0.22,0.01,0.14,1.0,0.28
lqr,ground_truth,gentle_curve,1700.0,0.05,0.1,1.0,1955.388002101332,60.34992980957031,24.85155487060547,18.563537346155883,0.8809070982885601,-0.00015086878540159984,1.0711941306418282e-05,0.00015086878540159984,1.0711941306418282e-05,-9.675454748503398e-06,-8.920887069052696e-06,0.5785443186759949,0.0,19.444444444444443,72,66,4.885487079620361,RoadOption.STRAIGHT,71.2353744506836,24.88195037841797,0.0027785214782865796,1.8,0.8,3.5,2.0,8.0,0.6,0.01,0.06,0.5,0.1,0.2,0.35,1.2,12,10.0,14.0,0.9,1.2,0.6,0.01,0.06,0.65,0.3,0.72,0.005,0.38,0.22,0.01,0.14,1.0,0.28
lqr,ground_truth,gentle_curve,1700.0,0.05,0.1,1.0,1955.438002102077,61.27810287475586,24.854143142700195,18.563537236822185,0.8809072076222577,-0.00014014434525645887,1.0711941306418282e-05,0.00014014434525645887,1.0711941306418282e-05,-3.927402758563403e-06,5.748051989939995e-06,0.5785444378852844,0.0,19.444444444444443,73,67,4.957306861877441,RoadOption.STRAIGHT,72.23536682128906,24.884729385375977,0.0027785214782865796,1.8,0.8,3.5,2.0,8.0,0.6,0.01,0.06,0.5,0.1,0.2,0.35,1.2,12,10.0,14.0,0.9,1.2,0.6,0.01,0.06,0.65,0.3,0.72,0.005,0.38,0.22,0.01,0.14,1.0,0.28
lqr,ground_truth,gentle_curve,1700.0,0.05,0.1,1.0,1955.488002102822,62.20627975463867,24.856733322143555,18.56353719979737,0.8809072446470729,-0.00012940930590667026,8.270363541562631e-06,0.00012940930590667026,8.270363541562631e-06,3.4101171877409797e-06,7.337519946304383e-06,0.5785443782806396,0.0,19.444444444444443,73,68,5.029129981994629,RoadOption.STRAIGHT,72.23536682128906,24.884729385375977,0.0027785214782865796,1.8,0.8,3.5,2.0,8.0,0.6,0.01,0.06,0.5,0.1,0.2,0.35,1.2,12,10.0,14.0,0.9,1.2,0.6,0.01,0.06,0.65,0.3,0.72,0.005,0.38,0.22,0.01,0.14,1.0,0.28
lqr,ground_truth,gentle_curve,1700.0,0.05,0.1,1.0,1955.5380021035671,63.13445281982422,24.85932159423828,18.563537227019957,0.8809072174244861,-0.00012009268099988889,8.270363541562631e-06,0.00012009268099988889,8.270363541562631e-06,-1.8071258978125115e-07,-3.590829777522231e-06,0.5785443186759949,0.0,19.444444444444443,74,68,4.100953578948975,RoadOption.STRAIGHT,73.23536682128906,24.887508392333984,0.0027785214782865796,1.8,0.8,3.5,2.0,8.0,0.6,0.01,0.06,0.5,0.1,0.2,0.35,1.2,12,10.0,14.0,0.9,1.2,0.6,0.01,0.06,0.65,0.3,0.72,0.005,0.38,0.22,0.01,0.14,1.0,0.28
lqr,ground_truth,gentle_curve,1700.0,0.05,0.1,1.0,1955.5880021043122,64.0626220703125,24.861907958984375,18.563537204043417,0.8809072404010259,-0.00011317232419065688,8.270363541562631e-06,0.00011317232419065688,8.270363541562631e-06,-2.8841307084803702e-06,-2.703418118699119e-06,0.5785443782806396,0.0,19.444444444444443,75,69,4.17277717590332,RoadOption.STRAIGHT,74.23536682128906,24.89028549194336,0.0027785214782865796,1.8,0.8,3.5,2.0,8.0,0.6,0.01,0.06,0.5,0.1,0.2,0.35,1.2,12,10.0,14.0,0.9,1.2,0.6,0.01,0.06,0.65,0.3,0.72,0.005,0.38,0.22,0.01,0.14,1.0,0.28
lqr,ground_truth,gentle_curve,1700.0,0.05,0.1,1.0,1955.6380021050572,64.99079895019531,24.8644962310791,18.563537158391902,0.8809072860525404,-0.00010434462611114831,8.270363541562631e-06,0.00010434462611114831,8.270363541562631e-06,-1.085617986973375e-05,-7.97204916125338e-06,0.5785444378852844,0.0,19.444444444444443,76,70,4.244600296020508,RoadOption.STRAIGHT,75.23535919189453,24.893064498901367,0.0027785214782865796,1.8,0.8,3.5,2.0,8.0,0.6,0.01,0.06,0.5,0.1,0.2,0.35,1.2,12,10.0,14.0,0.9,1.2,0.6,0.01,0.06,0.65,0.3,0.72,0.005,0.38,0.22,0.01,0.14,1.0,0.28
lqr,ground_truth,gentle_curve,1700.0,0.05,0.1,1.0,1955.6880021058023,65.91897583007812,24.867084503173828,18.56353704073835,0.8809074037060931,-9.363078517065498e-05,5.8241044387230545e-06,9.363078517065498e-05,5.8241044387230545e-06,4.964428626408335e-06,1.5820608496142086e-05,0.578544557094574,0.0,19.444444444444443,77,71,4.316415786743164,RoadOption.STRAIGHT,76.2353515625,24.895843505859375,0.0027785214782865796,1.8,0.8,3.5,2.0,8.0,0.6,0.01,0.06,0.5,0.1,0.2,0.35,1.2,12,10.0,14.0,0.9,1.2,0.6,0.01,0.06,0.65,0.3,0.72,0.005,0.38,0.22,0.01,0.14,1.0,0.28
lqr,ground_truth,gentle_curve,1700.0,0.05,0.1,1.0,1955.7380021065474,66.8471450805664,24.869672775268555,18.563537092006104,0.8809073524383386,-8.478188868184938e-05,5.8241044387230545e-06,8.478188868184938e-05,5.8241044387230545e-06,1.4945940165489446e-06,-3.46983460985939e-06,0.5785443782806396,0.0,19.444444444444443,78,72,4.388247013092041,RoadOption.STRAIGHT,77.2353515625,24.898622512817383,0.0027785214782865796,1.8,0.8,3.5,2.0,8.0,0.6,0.01,0.06,0.5,0.1,0.2,0.35,1.2,12,10.0,14.0,0.9,1.2,0.6,0.01,0.06,0.65,0.3,0.72,0.005,0.38,0.22,0.01,0.14,1.0,0.28
lqr,ground_truth,gentle_curve,1700.0,0.05,0.1,1.0,1955.7880021072924,67.77532196044922,24.87226104736328,18.563537085118174,0.8809073593262688,-7.597538901163436e-05,5.8241044387230545e-06,7.597538901163436e-05,5.8241044387230545e-06,-2.358387519052485e-06,-3.85298153560143e-06,0.5785444378852844,0.0,19.444444444444443,79,73,4.4600629806518555,RoadOption.STRAIGHT,78.23534393310547,24.901399612426758,0.0027785214782865796,1.8,0.8,3.5,2.0,8.0,0.6,0.01,0.06,0.5,0.1,0.2,0.35,1.2,12,10.0,14.0,0.9,1.2,0.6,0.01,0.06,0.65,0.3,0.72,0.005,0.38,0.22,0.01,0.14,1.0,0.28
lqr,ground_truth,gentle_curve,1700.0,0.05,0.1,1.0,1955.8380021080375,68.7034912109375,24.874847412109375,18.563537042397588,0.880907402046855,-6.903383379310707e-05,5.8241044387230545e-06,6.903383379310707e-05,5.8241044387230545e-06,-1.0158781151403673e-05,-7.800393632351188e-06,0.5785444974899292,0.0,19.444444444444443,80,74,4.531893730163574,RoadOption.STRAIGHT,79.23534393310547,24.904178619384766,0.0027785214782865796,1.8,0.8,3.5,2.0,8.0,0.6,0.01,0.06,0.5,0.1,0.2,0.35,1.2,12,10.0,14.0,0.9,1.2,0.6,0.01,0.06,0.65,0.3,0.72,0.005,0.38,0.22,0.01,0.14,1.0,0.28
lqr,ground_truth,gentle_curve,1700.0,0.05,0.1,1.0,1955.8880021087825,69.63166809082031,24.87743377685547,18.563536931211356,0.8809075132330868,-6.0206135713595024e-05,3.6740699922432896e-06,6.0206135713595024e-05,3.6740699922432896e-06,4.9324394240102265e-06,1.50912205754139e-05,0.5785446166992188,0.0,19.444444444444443,81,75,4.60371732711792,RoadOption.STRAIGHT,80.23533630371094,24.906957626342773,0.0027785214782865796,1.8,0.8,3.5,2.0,8.0,0.6,0.01,0.06,0.5,0.1,0.2,0.35,1.2,12,10.0,14.0,0.9,1.2,0.6,0.01,0.06,0.65,0.3,0.72,0.005,0.38,0.22,0.01,0.14,1.0,0.28
lqr,ground_truth,gentle_curve,1700.0,0.05,0.1,1.0,1955.9380021095276,70.55984497070312,24.880022048950195,18.563536982792478,0.8809074616519652,-5.1399636043380006e-05,3.6740699922432896e-06,5.1399636043380006e-05,3.6740699922432896e-06,1.3042431419307832e-06,-3.6281962820794433e-06,0.5785444378852844,0.0,19.444444444444443,82,76,4.675532817840576,RoadOption.STRAIGHT,81.23533630371094,24.90973663330078,0.0027785214782865796,1.8,0.8,3.5,2.0,8.0,0.6,0.01,0.06,0.5,0.1,0.2,0.35,1.2,12,10.0,14.0,0.9,1.2,0.6,0.01,0.06,0.65,0.3,0.72,0.005,0.38,0.22,0.01,0.14,1.0,0.28
lqr,ground_truth,gentle_curve,1700.0,0.05,0.1,1.0,1955.9880021102726,71.4880142211914,24.88260841369629,18.5635369768634,0.8809074675810429,-4.4479279234148e-05,3.6740699922432896e-06,4.4479279234148e-05,3.6740699922432896e-06,-1.931446377057e-06,-3.2356895189877832e-06,0.5785444974899292,0.0,19.444444444444443,83,77,4.747356414794922,RoadOption.STRAIGHT,82.2353286743164,24.912513732910156,0.0027785214782865796,1.8,0.8,3.5,2.0,8.0,0.6,0.01,0.06,0.5,0.1,0.2,0.35,1.2,12,10.0,14.0,0.9,1.2,0.6,0.01,0.06,0.65,0.3,0.72,0.005,0.38,0.22,0.01,0.14,1.0,0.28
lqr,ground_truth,gentle_curve,1700.0,0.05,0.1,1.0,1956.0380021110177,72.41619110107422,24.885196685791016,18.563536941065955,0.8809075033784879,-3.565158115463769e-05,3.6740699922432896e-06,3.565158115463769e-05,3.6740699922432896e-06,-1.0422524610476103e-05,-8.491078233419103e-06,0.578544557094574,0.0,19.444444444444443,84,78,4.819179534912109,RoadOption.STRAIGHT,83.2353286743164,24.915294647216797,-6.280406564898198,1.8,0.8,3.5,2.0,8.0,0.6,0.01,0.06,0.5,0.1,0.2,0.35,1.2,12,10.0,14.0,0.9,1.2,0.6,0.01,0.06,0.65,0.3,0.72,0.005,0.38,0.22,0.01,0.14,1.0,0.28
lqr,ground_truth,gentle_curve,1700.0,0.05,0.1,1.0,1956.0880021117628,73.3443603515625,24.887773513793945,18.56353682912973,0.8809076153147117,-3.6360589426518916e-05,3.6740699922432896e-06,3.6360589426518916e-05,3.6740699922432896e-06,-4.0231157072412316e-07,1.002021303975198e-05,0.5785446763038635,0.0,19.444444444444443,85,79,4.891003131866455,RoadOption.STRAIGHT,84.23532104492188,24.918073654174805,-6.280406564898198,1.8,0.8,3.5,2.0,8.0,0.6,0.01,0.06,0.5,0.1,0.2,0.35,1.2,12,10.0,14.0,0.9,1.2,0.6,0.01,0.06,0.65,0.3,0.72,0.005,0.38,0.22,0.01,0.14,1.0,0.28
lqr,ground_truth,gentle_curve,1700.0,0.05,0.1,1.0,1956.1380021125078,74.27253723144531,24.890350341796875,18.563536829719936,0.8809076147245065,-3.897693896868018e-05,7.357502660454429e-07,3.897693896868018e-05,7.357502660454429e-07,1.2506688108260278e-05,1.29089996789844e-05,0.578544557094574,0.0,19.444444444444443,86,80,4.962826251983643,RoadOption.STRAIGHT,85.23532104492188,24.92085075378418,-6.280406564898198,1.8,0.8,3.5,2.0,8.0,0.6,0.01,0.06,0.5,0.1,0.2,0.35,1.2,12,10.0,14.0,0.9,1.2,0.6,0.01,0.06,0.65,0.3,0.72,0.005,0.38,0.22,0.01,0.14,1.0,0.28
lqr,ground_truth,gentle_curve,1700.0,0.05,0.1,1.0,1956.1880021132529,75.20071411132812,24.892929077148438,18.563536942817297,0.8809075016271457,-3.9707145649856695e-05,7.357502660454429e-07,3.9707145649856695e-05,7.357502660454429e-07,9.356111149827484e-06,-3.1505769584327936e-06,0.5785443782806396,0.0,19.444444444444443,86,81,5.034642219543457,RoadOption.STRAIGHT,85.23532104492188,24.92085075378418,-6.280406564898198,1.8,0.8,3.5,2.0,8.0,0.6,0.01,0.06,0.5,0.1,0.2,0.35,1.2,12,10.0,14.0,0.9,1.2,0.6,0.01,0.06,0.65,0.3,0.72,0.005,0.38,0.22,0.01,0.14,1.0,0.28
lqr,ground_truth,gentle_curve,1700.0,0.05,0.1,1.0,1956.238002113998,76.1288833618164,24.89551544189453,18.5635370041268,0.8809074403176425,-3.228726280870599e-05,2.5760361910265317e-06,3.228726280870599e-05,2.5760361910265317e-06,-4.482883468881482e-06,-1.3838994618708966e-05,0.5785443782806396,0.0,19.444444444444443,87,81,4.10646915435791,RoadOption.STRAIGHT,86.23531341552734,24.923629760742188,-6.280406564898198,1.8,0.8,3.5,2.0,8.0,0.6,0.01,0.06,0.5,0.1,0.2,0.35,1.2,12,10.0,14.0,0.9,1.2,0.6,0.01,0.06,0.65,0.3,0.72,0.005,0.38,0.22,0.01,0.14,1.0,0.28
lqr,ground_truth,gentle_curve,1700.0,0.05,0.1,1.0,1956.288002114743,77.05706024169922,24.898101806640625,18.563536938071156,0.880907506373287,-2.5366905999473985e-05,2.5760361910265317e-06,2.5366905999473985e-05,2.5760361910265317e-06,-1.3034336916462053e-05,-8.55145344758057e-06,0.578544557094574,0.0,19.444444444444443,88,82,4.178292751312256,RoadOption.STRAIGHT,87.23531341552734,24.926408767700195,-6.280406564898198,1.8,0.8,3.5,2.0,8.0,0.6,0.01,0.06,0.5,0.1,0.2,0.35,1.2,12,10.0,14.0,0.9,1.2,0.6,0.01,0.06,0.65,0.3,0.72,0.005,0.38,0.22,0.01,0.14,1.0,0.28
lqr,ground_truth,gentle_curve,1700.0,0.05,0.1,1.0,1956.338002115488,77.9852294921875,24.900678634643555,18.56353681756405,0.8809076268803935,-2.6075914271355208e-05,2.5760361910265317e-06,2.6075914271355208e-05,2.5760361910265317e-06,3.1464708172279643e-06,1.6180807733690017e-05,0.5785447359085083,0.0,19.444444444444443,89,83,4.250115871429443,RoadOption.STRAIGHT,88.23530578613281,24.92918586730957,-6.280406564898198,1.8,0.8,3.5,2.0,8.0,0.6,0.01,0.06,0.5,0.1,0.2,0.35,1.2,12,10.0,14.0,0.9,1.2,0.6,0.01,0.06,0.65,0.3,0.72,0.005,0.38,0.22,0.01,0.14,1.0,0.28
lqr,ground_truth,gentle_curve,1700.0,0.05,0.1,1.0,1956.388002116233,78.91340637207031,24.90325355529785,18.5635368751222,0.8809075693222432,-3.155264879869599e-05,2.355233089446074e-06,3.155264879869599e-05,2.355233089446074e-06,-7.880630619183648e-07,-3.934533879146329e-06,0.5785444974899292,0.0,19.444444444444443,90,84,4.321939468383789,RoadOption.STRAIGHT,89.23530578613281,24.931964874267578,-6.280406564898198,1.8,0.8,3.5,2.0,8.0,0.6,0.01,0.06,0.5,0.1,0.2,0.35,1.2,12,10.0,14.0,0.9,1.2,0.6,0.01,0.06,0.65,0.3,0.72,0.005,0.38,0.22,0.01,0.14,1.0,0.28
lqr,ground_truth,gentle_curve,1700.0,0.05,0.1,1.0,1956.4380021169782,79.84158325195312,24.90583038330078,18.563536866856733,0.8809075775877098,-3.4174339604184714e-05,2.355233089446074e-06,3.4174339604184714e-05,2.355233089446074e-06,-4.876007551501971e-06,-4.087944489583606e-06,0.578544557094574,0.0,19.444444444444443,91,85,4.3937554359436035,RoadOption.STRAIGHT,90.23529815673828,24.934743881225586,-6.280406564898198,1.8,0.8,3.5,2.0,8.0,0.6,0.01,0.06,0.5,0.1,0.2,0.35,1.2,12,10.0,14.0,0.9,1.2,0.6,0.01,0.06,0.65,0.3,0.72,0.005,0.38,0.22,0.01,0.14,1.0,0.28
lqr,ground_truth,gentle_curve,1700.0,0.05,0.1,1.0,1956.4880021177232,80.7697525024414,24.90840721130371,18.563536815110165,0.8809076293342777,-3.484628895280076e-05,2.355233089446074e-06,3.484628895280076e-05,2.355233089446074e-06,4.11972132496885e-06,8.995728876470821e-06,0.5785446166992188,0.0,19.444444444444443,92,86,4.465586185455322,RoadOption.STRAIGHT,91.25563049316406,24.936405181884766,-6.292026469366432,1.8,0.8,3.5,2.0,8.0,0.6,0.01,0.06,0.5,0.1,0.2,0.35,1.2,12,10.0,14.0,0.9,1.2,0.6,0.01,0.06,0.65,0.3,0.72,0.005,0.38,0.22,0.01,0.14,1.0,0.28
lqr,ground_truth,gentle_curve,1700.0,0.05,0.1,1.0,1956.5380021184683,81.69792175292969,24.91098403930664,18.563536856530774,0.8809075879136685,-3.7446779664407695e-05,2.355233089446074e-06,3.7446779664407695e-05,2.355233089446074e-06,4.125919076614082e-06,6.1977516452316195e-09,0.5785444974899292,0.0,19.444444444444443,93,87,4.537409782409668,RoadOption.STRAIGHT,92.36642456054688,24.89104461669922,-6.355973228196978,1.8,0.8,3.5,2.0,8.0,0.6,0.01,0.06,0.5,0.1,0.2,0.35,1.2,12,10.0,14.0,0.9,1.2,0.6,0.01,0.06,0.65,0.3,0.72,0.005,0.38,0.22,0.01,0.14,1.0,0.28
lqr,ground_truth,gentle_curve,1700.0,0.05,0.1,1.0,1956.5880021192133,82.6260986328125,24.913558959960938,18.563536884620767,0.880907559823676,-4.1954611645123735e-05,2.355233089446074e-06,4.1954611645123735e-05,2.355233089446074e-06,-1.5741903780508437e-06,-5.700109454664926e-06,0.5785444974899292,0.0,19.444444444444443,94,88,4.609233379364014,RoadOption.STRAIGHT,93.4720458984375,24.774789810180664,-6.419920519659743,1.8,0.8,3.5,2.0,8.0,0.6,0.01,0.06,0.5,0.1,0.2,0.35,1.2,12,10.0,14.0,0.9,1.2,0.6,0.01,0.06,0.65,0.3,0.72,0.005,0.38,0.22,0.01,0.14,1.0,0.28
lqr,ground_truth,gentle_curve,1700.0,0.05,0.1,1.0,1956.6380021199584,83.55427551269531,24.916133880615234,18.56353685582654,0.8809075886179016,-4.45763024506142e-05,2.355233089446074e-06,4.45763024506142e-05,2.355233089446074e-06,5.835740921611432e-06,7.409931299662276e-06,0.5785446166992188,0.0,19.444444444444443,95,89,4.68104887008667,RoadOption.STRAIGHT,94.56797790527344,24.58812141418457,-6.4838672784902895,1.8,0.8,3.5,2.0,8.0,0.6,0.01,0.06,0.5,0.1,0.2,0.35,1.2,12,10.0,14.0,0.9,1.2,0.6,0.01,0.06,0.65,0.3,0.72,0.005,0.38,0.22,0.01,0.14,1.0,0.28
lqr,ground_truth,gentle_curve,1700.0,0.05,0.1,1.0,1956.6880021207035,84.48245239257812,24.91870880126953,18.56353691248831,0.880907531956133,-4.90841344313285e-05,2.355233089446074e-06,4.90841344313285e-05,2.355233089446074e-06,5.065995992481476e-06,-7.697449291299563e-07,0.5785444378852844,0.0,19.444444444444443,95,90,4.752871990203857,RoadOption.STRAIGHT,94.56797790527344,24.58812141418457,-6.4838672784902895,1.8,0.8,3.5,2.0,8.0,0.6,0.01,0.06,0.5,0.1,0.2,0.35,1.2,12,10.0,14.0,0.9,1.2,0.6,0.01,0.06,0.65,0.3,0.72,0.005,0.38,0.22,0.01,0.14,1.0,0.28
lqr,ground_truth,gentle_curve,1700.0,0.05,0.1,1.0,1956.7380021214485,85.4106216430664,24.92129135131836,18.563536955688523,0.8809074887559198,-4.568387757391233e-05,2.355233089446074e-06,4.568387757391233e-05,2.355233089446074e-06,1.3612041129817953e-06,-3.7047918794996804e-06,0.5785444378852844,0.0,19.444444444444443,96,90,3.8246994018554688,RoadOption.STRAIGHT,95.64974975585938,24.33180046081543,-6.547814569953054,1.8,0.8,3.5,2.0,8.0,0.6,0.01,0.06,0.5,0.1,0.2,0.35,1.2,12,10.0,14.0,0.9,1.2,0.6,0.01,0.06,0.65,0.3,0.72,0.005,0.38,0.22,0.01,0.14,1.0,0.28
lqr,ground_truth,gentle_curve,1700.0,0.05,0.1,1.0,1956.7880021221936,86.33879852294922,24.923879623413086,18.563536966280722,0.8809074781637207,-3.686152076475338e-05,2.355233089446074e-06,3.686152076475338e-05,2.355233089446074e-06,-0.003324951743707061,-0.0033263129478200426,0.5785444974899292,0.0,19.444444444444443,97,91,3.896515369415283,RoadOption.STRAIGHT,96.71292114257812,24.00687599182129,-6.611761861415818,1.8,0.8,3.5,2.0,8.0,0.6,0.01,0.06,0.5,0.1,0.2,0.35,1.2,12,10.0,14.0,0.9,1.2,0.6,0.01,0.06,0.65,0.3,0.72,0.005,0.38,0.22,0.01,0.14,1.0,0.28
lqr,ground_truth,gentle_curve,1700.0,0.05,0.1,1.0,1956.8380021229386,87.2669677734375,24.92617416381836,18.563507845094065,0.8809365993503775,-0.04549457281098671,0.011360911271999896,0.04549457281098671,0.011360911271999896,-0.10332494974136353,-0.09999999799765646,0.5785968899726868,0.0,19.444444444444443,98,92,3.9886763095855713,RoadOption.STRAIGHT,97.75315856933594,23.614675521850586,-6.675708620246366,1.8,0.8,3.5,2.0,8.0,0.6,0.01,0.06,0.5,0.1,0.2,0.35,1.2,12,10.0,14.0,0.9,1.2,0.6,0.01,0.06,0.65,0.3,0.72,0.005,0.38,0.22,0.01,0.14,1.0,0.28
lqr,ground_truth,gentle_curve,1700.0,0.05,0.1,1.0,1956.8880021236837,88.19471740722656,24.922882080078125,18.54667311707484,0.897771327369604,-0.27162867295568005,0.07001557110284296,0.27162867295568005,0.07001557110284296,-0.20332495868206024,-0.10000000894069672,0.6088644862174988,0.0,19.444444444444443,99,93,4.1718292236328125,RoadOption.STRAIGHT,98.76620483398438,23.15679931640625,-6.739655379076912,1.8,0.8,3.5,2.0,8.0,0.6,0.01,0.06,0.5,0.1,0.2,0.35,1.2,12,10.0,14.0,0.9,1.2,0.6,0.01,0.06,0.65,0.3,0.72,0.005,0.38,0.22,0.01,0.14,1.0,0.28
lqr,ground_truth,gentle_curve,1700.0,0.05,0.1,1.0,1956.9380021244287,89.12022399902344,24.90392303466797,18.49180161746221,0.9526428269822311,-0.46526687263460764,0.11624751837536706,0.46526687263460764,0.11624751837536706,-0.30332493782043457,-0.09999997913837433,0.6874315142631531,0.0,19.444444444444443,100,94,4.353737831115723,RoadOption.STRAIGHT,99.7479248046875,22.635122299194336,-6.803602670539677,1.8,0.8,3.5,2.0,8.0,0.6,0.01,0.06,0.5,0.1,0.2,0.35,1.2,12,10.0,14.0,0.9,1.2,0.6,0.01,0.06,0.65,0.3,0.72,0.005,0.38,0.22,0.01,0.14,1.0,0.28
lqr,ground_truth,gentle_curve,1700.0,0.05,0.1,1.0,1956.9880021251738,90.040771484375,24.860761642456055,18.395690258533637,1.0487541859108056,-0.6352741683542318,0.14722645679484714,0.6352741683542318,0.14722645679484714,-0.4033249616622925,-0.10000002384185791,0.7945861220359802,0.0,19.444444444444443,101,95,4.535408973693848,RoadOption.STRAIGHT,100.69429779052734,22.051776885986328,-6.867549429370223,1.8,0.8,3.5,2.0,8.0,0.6,0.01,0.06,0.5,0.1,0.2,0.35,1.2,12,10.0,14.0,0.9,1.2,0.6,0.01,0.06,0.65,0.3,0.72,0.005,0.38,0.22,0.01,0.14,1.0,0.28
lqr,ground_truth,gentle_curve,1700.0,0.05,0.1,1.0,1957.0380021259189,90.95316314697266,24.785470962524414,18.262637164764335,1.1818072796801076,-0.7905210382981889,0.1627009748517807,0.7905210382981889,0.1627009748517807,-0.5,-0.09667503833770752,0.9187480807304382,0.0,19.444444444444443,101,96,4.718447208404541,RoadOption.STRAIGHT,100.69429779052734,22.051776885986328,-6.867549429370223,1.8,0.8,3.5,2.0,8.0,0.6,0.01,0.06,0.5,0.1,0.2,0.35,1.2,12,10.0,14.0,0.9,1.2,0.6,0.01,0.06,0.65,0.3,0.72,0.005,0.38,0.22,0.01,0.14,1.0,0.28
lqr,ground_truth,gentle_curve,1700.0,0.05,0.1,1.0,1957.088002126664,91.8538818359375,24.671154022216797,18.100487827703105,1.3439566167413375,-0.6652742695087834,0.1000281308062938,0.6652742695087834,0.1000281308062938,-0.5,0.0,1.0,0.0,19.444444444444443,102,96,3.811007499694824,RoadOption.STRAIGHT,101.6014633178711,21.409147262573242,-6.931496720832988,1.8,0.8,3.5,2.0,8.0,0.6,0.01,0.06,0.5,0.1,0.2,0.35,1.2,12,10.0,14.0,0.9,1.2,0.6,0.01,0.06,0.65,0.3,0.72,0.005,0.38,0.22,0.01,0.14,1.0,0.28
lqr,ground_truth,gentle_curve,1700.0,0.05,0.1,1.0,1957.138002127409,92.74048614501953,24.512582778930664,17.963299590697105,1.4811448537473382,-0.8032363142980086,0.08970931368861912,0.8032363142980086,0.08970931368861912,-0.4000000059604645,0.09999999403953552,1.0,0.0,19.444444444444443,103,97,4.004495620727539,RoadOption.STRAIGHT,102.46570587158203,20.709861755371094,-6.9954434796635345,1.8,0.8,3.5,2.0,8.0,0.6,0.01,0.06,0.5,0.1,0.2,0.35,1.2,12,10.0,14.0,0.9,1.2,0.6,0.01,0.06,0.65,0.3,0.72,0.005,0.38,0.22,0.01,0.14,1.0,0.28
lqr,ground_truth,gentle_curve,1700.0,0.05,0.1,1.0,1957.188002128154,93.6136474609375,24.30635643005371,17.920889570142425,1.5235548743020182,-0.944373734273888,0.07191217378243309,0.944373734273888,0.07191217378243309,-0.30000001192092896,0.09999999403953552,1.0,0.0,19.444444444444443,104,98,4.196900844573975,RoadOption.STRAIGHT,103.28349304199219,19.956775665283203,-7.059390771126299,1.8,0.8,3.5,2.0,8.0,0.6,0.01,0.06,0.5,0.1,0.2,0.35,1.2,12,10.0,14.0,0.9,1.2,0.6,0.01,0.06,0.65,0.3,0.72,0.005,0.38,0.22,0.01,0.14,1.0,0.28
lqr,ground_truth,gentle_curve,1700.0,0.05,0.1,1.0,1957.238002128899,94.47508239746094,24.050853729248047,17.965382633606318,1.4790618108381253,-1.0889352452451648,0.051785500291726905,1.0889352452451648,0.051785500291726905,-0.20000000298023224,0.10000000894069672,0.884045422077179,0.0,19.444444444444443,105,99,4.38327169418335,RoadOption.STRAIGHT,104.0514907836914,19.15296745300293,-7.123338062589064,1.8,0.8,3.5,2.0,8.0,0.6,0.01,0.06,0.5,0.1,0.2,0.35,1.2,12,10.0,14.0,0.9,1.2,0.6,0.01,0.06,0.65,0.3,0.72,0.005,0.38,0.22,0.01,0.14,1.0,0.28
lqr,ground_truth,gentle_curve,1700.0,0.05,0.1,1.0,1957.2880021296442,95.32573699951172,23.746339797973633,18.07324298583185,1.3712014586125925,-1.2347934627528558,0.034826923233779894,1.2347934627528558,0.034826923233779894,-0.10000000149011612,0.10000000149011612,0.7432884573936462,0.0,19.444444444444443,106,100,4.559665679931641,RoadOption.STRAIGHT,104.76455688476562,18.304391860961914,-0.9022056072308142,1.8,0.8,3.5,2.0,8.0,0.6,0.01,0.06,0.5,0.1,0.2,0.35,1.2,12,10.0,14.0,0.9,1.2,0.6,0.01,0.06,0.65,0.3,0.72,0.005,0.38,0.22,0.01,0.14,1.0,0.28
lqr,ground_truth,gentle_curve,1700.0,0.05,0.1,1.0,1957.3380021303892,96.16570281982422,23.395263671875,18.21131145612523,1.2331329883192126,-1.377733370914139,0.026770394883099513,1.377733370914139,0.026770394883099513,-2.7755575615628914e-17,0.10000000149011609,0.6241976022720337,0.0,19.444444444444443,107,101,4.723678112030029,RoadOption.STRAIGHT,105.41449737548828,17.44173812866211,-0.9480231632567554,1.8,0.8,3.5,2.0,8.0,0.6,0.01,0.06,0.5,0.1,0.2,0.35,1.2,12,10.0,14.0,0.9,1.2,0.6,0.01,0.06,0.65,0.3,0.72,0.005,0.38,0.22,0.01,0.14,1.0,0.28
lqr,ground_truth,gentle_curve,1700.0,0.05,0.1,1.0,1957.3880021311343,96.9947280883789,23.002702713012695,18.34924838787255,1.0951960565718935,-1.5115065951936157,0.033687989104095095,1.5115065951936157,0.033687989104095095,0.10000000149011612,0.10000000149011615,0.5415933132171631,0.0,19.444444444444443,107,102,4.874569892883301,RoadOption.STRAIGHT,105.41449737548828,17.44173812866211,-0.9480231632567554,1.8,0.8,3.5,2.0,8.0,0.6,0.01,0.06,0.5,0.1,0.2,0.35,1.2,12,10.0,14.0,0.9,1.2,0.6,0.01,0.06,0.65,0.3,0.72,0.005,0.38,0.22,0.01,0.14,1.0,0.28
lqr,ground_truth,gentle_curve,1700.0,0.05,0.1,1.0,1957.4380021318793,97.8122329711914,22.575265884399414,18.45524721966441,0.9891972247800318,-1.358575244933993,-0.0037046568133813906,1.358575244933993,0.0037046568133813906,0.12531882524490356,0.025318823754787445,0.516319751739502,0.0,19.444444444444443,108,102,3.964606285095215,RoadOption.STRAIGHT,106.02423095703125,16.550220489501953,-0.9938407192826967,1.8,0.8,3.5,2.0,8.0,0.6,0.01,0.06,0.5,0.1,0.2,0.35,1.2,12,10.0,14.0,0.9,1.2,0.6,0.01,0.06,0.65,0.3,0.72,0.005,0.38,0.22,0.01,0.14,1.0,0.28
lqr,ground_truth,gentle_curve,1700.0,0.05,0.1,1.0,1957.4880021326244,98.61842346191406,22.120635986328125,18.518697382517235,0.9257470619272077,-1.4465726458006023,0.04498338739350061,1.4465726458006023,0.04498338739350061,0.025318831205368042,-0.09999999403953552,0.529308021068573,0.0,19.444444444444443,109,103,4.097788333892822,RoadOption.STRAIGHT,106.5925064086914,15.6317138671875,-1.0396582753086379,1.8,0.8,3.5,2.0,8.0,0.6,0.01,0.06,0.5,0.1,0.2,0.35,1.2,12,10.0,14.0,0.9,1.2,0.6,0.01,0.06,0.65,0.3,0.72,0.005,0.38,0.22,0.01,0.14,1.0,0.28
lqr,ground_truth,gentle_curve,1700.0,0.05,0.1,1.0,1957.5380021333694,99.40901184082031,21.63774871826172,18.528410390589695,0.916034053854748,-1.5148677836608901,0.1048751505692671,1.5148677836608901,0.1048751505692671,-0.07468117028474808,-0.10000000149011612,0.5879648327827454,0.0,19.444444444444443,110,104,4.223420143127441,RoadOption.STRAIGHT,107.11811065673828,14.688141822814941,-1.0854758313345791,1.8,0.8,3.5,2.0,8.0,0.6,0.01,0.06,0.5,0.1,0.2,0.35,1.2,12,10.0,14.0,0.9,1.2,0.6,0.01,0.06,0.65,0.3,0.72,0.005,0.38,0.22,0.01,0.14,1.0,0.28
lqr,ground_truth,gentle_curve,1700.0,0.05,0.1,1.0,1957.5880021341145,100.1798324584961,21.125751495361328,18.492463507118334,0.951980937326109,-1.5668628542300185,0.16376523228002426,1.5668628542300185,0.16376523228002426,-0.1746811717748642,-0.10000000149011612,0.6643248200416565,0.0,19.444444444444443,111,105,4.3452982902526855,RoadOption.STRAIGHT,107.59994506835938,13.721487045288086,-1.1312933873605204,1.8,0.8,3.5,2.0,8.0,0.6,0.01,0.06,0.5,0.1,0.2,0.35,1.2,12,10.0,14.0,0.9,1.2,0.6,0.01,0.06,0.65,0.3,0.72,0.005,0.38,0.22,0.01,0.14,1.0,0.28
lqr,ground_truth,gentle_curve,1700.0,0.05,0.1,1.0,1957.6380021348596,100.92882537841797,20.586490631103516,18.430715103739725,1.0137293407047174,-1.5952541990547442,0.21306507116832618,1.5952541990547442,0.21306507116832618,-0.2746811807155609,-0.10000000894069672,0.7323356866836548,0.0,19.444444444444443,112,106,4.463274002075195,RoadOption.STRAIGHT,108.03699493408203,12.73377799987793,-1.1771109433864615,1.8,0.8,3.5,2.0,8.0,0.6,0.01,0.06,0.5,0.1,0.2,0.35,1.2,12,10.0,14.0,0.9,1.2,0.6,0.01,0.06,0.65,0.3,0.72,0.005,0.38,0.22,0.01,0.14,1.0,0.28
lqr,ground_truth,gentle_curve,1700.0,0.05,0.1,1.0,1957.6880021356046,101.65294647216797,20.02073860168457,18.339898507323827,1.1045459371206157,-1.5510674369271127,0.23403500132869182,1.5510674369271127,0.23403500132869182,-0.37468117475509644,-0.09999999403953552,0.8217074871063232,0.0,19.444444444444443,113,107,4.560757637023926,RoadOption.STRAIGHT,108.42835998535156,11.72708797454834,-1.2229286325704574,1.8,0.8,3.5,2.0,8.0,0.6,0.01,0.06,0.5,0.1,0.2,0.35,1.2,12,10.0,14.0,0.9,1.2,0.6,0.01,0.06,0.65,0.3,0.72,0.005,0.38,0.22,0.01,0.14,1.0,0.28
lqr,ground_truth,gentle_curve,1700.0,0.05,0.1,1.0,1957.7380021363497,102.34825897216797,19.42831039428711,18.22190935715555,1.2225350872888932,-1.51100625347829,0.24099577204885936,1.51100625347829,0.24099577204885936,-0.47468116879463196,-0.09999999403953552,0.925108015537262,0.0,19.444444444444443,114,108,4.668637275695801,RoadOption.STRAIGHT,108.773193359375,10.70352840423584,-1.268746055438344,1.8,0.8,3.5,2.0,8.0,0.6,0.01,0.06,0.5,0.1,0.2,0.35,1.2,12,10.0,14.0,0.9,1.2,0.6,0.01,0.06,0.65,0.3,0.72,0.005,0.38,0.22,0.01,0.14,1.0,0.28
lqr,ground_truth,gentle_curve,1700.0,0.05,0.1,1.0,1957.7880021370947,103.01016235351562,18.80849838256836,18.080320609497896,1.3641238349465468,-1.4797199795182023,0.23398526679533482,1.4797199795182023,0.23398526679533482,-0.5,-0.025318831205368042,1.0,0.0,19.444444444444443,115,109,4.788021564483643,RoadOption.STRAIGHT,109.07079315185547,9.665250778198242,-1.3145637446223397,1.8,0.8,3.5,2.0,8.0,0.6,0.01,0.06,0.5,0.1,0.2,0.35,1.2,12,10.0,14.0,0.9,1.2,0.6,0.01,0.06,0.65,0.3,0.72,0.005,0.38,0.22,0.01,0.14,1.0,0.28
lqr,ground_truth,gentle_curve,1700.0,0.05,0.1,1.0,1957.8380021378398,103.63446807861328,18.16031265258789,17.949721481933672,1.494722962510771,-1.4616311818469332,0.2145537782176805,1.4616311818469332,0.2145537782176805,-0.5,0.0,1.0,0.0,19.444444444444443,115,110,4.9185099601745605,RoadOption.STRAIGHT,109.07079315185547,9.665250778198242,-1.3145637446223397,1.8,0.8,3.5,2.0,8.0,0.6,0.01,0.06,0.5,0.1,0.2,0.35,1.2,12,10.0,14.0,0.9,1.2,0.6,0.01,0.06,0.65,0.3,0.72,0.005,0.38,0.22,0.01,0.14,1.0,0.28
lqr,ground_truth,gentle_curve,1700.0,0.05,0.1,1.0,1957.8880021385849,104.21670532226562,17.48143196105957,17.844757522004258,1.5996869224401848,-1.263319824096285,0.13805634011791756,1.263319824096285,0.13805634011791756,-0.4842955470085144,0.015704452991485596,1.0,0.0,19.444444444444443,116,110,4.02748441696167,RoadOption.STRAIGHT,109.32051849365234,8.614431381225586,-1.3603811674902264,1.8,0.8,3.5,2.0,8.0,0.6,0.01,0.06,0.5,0.1,0.2,0.35,1.2,12,10.0,14.0,0.9,1.2,0.6,0.01,0.06,0.65,0.3,0.72,0.005,0.38,0.22,0.01,0.14,1.0,0.28
lqr,ground_truth,gentle_curve,1700.0,0.05,0.1,1.0,1957.93800213933,104.75627899169922,16.77371597290039,17.75073085772968,1.6937135867147646,-1.2747213903028585,0.09982626319566634,1.2747213903028585,0.09982626319566634,-0.3842955529689789,0.09999999403953552,1.0,0.0,19.444444444444443,117,111,4.171635627746582,RoadOption.STRAIGHT,109.52186584472656,7.5532755851745605,-1.4061987235161677,1.8,0.8,3.5,2.0,8.0,0.6,0.01,0.06,0.5,0.1,0.2,0.35,1.2,12,10.0,14.0,0.9,1.2,0.6,0.01,0.06,0.65,0.3,0.72,0.005,0.38,0.22,0.01,0.14,1.0,0.28
lqr,ground_truth,gentle_curve,1700.0,0.05,0.1,1.0,1957.988002140075,105.24862670898438,16.03404426574707,17.73622017573193,1.708224268712513,-1.3090987447769145,0.05616060790953625,1.3090987447769145,0.05616060790953625,-0.28429555892944336,0.09999999403953552,1.0,0.0,19.444444444444443,118,112,4.320504188537598,RoadOption.STRAIGHT,109.67438507080078,6.484013557434082,-1.4520164127001636,1.8,0.8,3.5,2.0,8.0,0.6,0.01,0.06,0.5,0.1,0.2,0.35,1.2,12,10.0,14.0,0.9,1.2,0.6,0.01,0.06,0.65,0.3,0.72,0.005,0.38,0.22,0.01,0.14,1.0,0.28
lqr,ground_truth,gentle_curve,1700.0,0.05,0.1,1.0,1958.03800214082,105.69308471679688,15.262287139892578,17.795996309990933,1.6484481344535098,-1.3663088558278371,0.01223695889280485,1.3663088558278371,0.01223695889280485,-0.18429554998874664,0.10000000894069672,0.9674652814865112,0.0,19.444444444444443,119,113,4.469829082489014,RoadOption.STRAIGHT,109.77777862548828,5.408886909484863,-1.4978338355680503,1.8,0.8,3.5,2.0,8.0,0.6,0.01,0.06,0.5,0.1,0.2,0.35,1.2,12,10.0,14.0,0.9,1.2,0.6,0.01,0.06,0.65,0.3,0.72,0.005,0.38,0.22,0.01,0.14,1.0,0.28
lqr,ground_truth,gentle_curve,1700.0,0.05,0.1,1.0,1958.088002141565,106.09093475341797,14.459250450134277,17.910667884930923,1.5337765595135195,-1.4435832170789757,-0.026477413873676525,1.4435832170789757,0.026477413873676525,-0.08429554849863052,0.10000000149011612,0.8325884938240051,0.0,19.444444444444443,120,114,4.615189075469971,RoadOption.STRAIGHT,109.83181762695312,4.330153465270996,-1.543651524752046,1.8,0.8,3.5,2.0,8.0,0.6,0.01,0.06,0.5,0.1,0.2,0.35,1.2,12,10.0,14.0,0.9,1.2,0.6,0.01,0.06,0.65,0.3,0.72,0.005,0.38,0.22,0.01,0.14,1.0,0.28
lqr,ground_truth,gentle_curve,1700.0,0.05,0.1,1.0,1958.1380021423101,106.4442367553711,13.627156257629395,18.070258306251056,1.3741861381933873,-1.5367064892912028,-0.055508666074684854,1.5367064892912028,0.055508666074684854,0.015704451128840446,0.09999999962747097,0.6829972267150879,0.0,19.444444444444443,121,115,4.753472328186035,RoadOption.STRAIGHT,109.84375,3.2946765422821045,-7.84716127842279,1.8,0.8,3.5,2.0,8.0,0.6,0.01,0.06,0.5,0.1,0.2,0.35,1.2,12,10.0,14.0,0.9,1.2,0.6,0.01,0.06,0.65,0.3,0.72,0.005,0.38,0.22,0.01,0.14,1.0,0.28
lqr,ground_truth,gentle_curve,1700.0,0.05,0.1,1.0,1958.1880021430552,106.75588989257812,12.769963264465332,18.24492025357283,1.1995241908716139,-1.6401148951151838,-0.06925124308976649,1.6401148951151838,0.06925124308976649,0.11570444703102112,0.09999999590218067,0.5601186752319336,0.0,19.444444444444443,122,116,4.883213043212891,RoadOption.STRAIGHT,109.85057067871094,2.2946996688842773,-7.84716127842279,1.8,0.8,3.5,2.0,8.0,0.6,0.01,0.06,0.5,0.1,0.2,0.35,1.2,12,10.0,14.0,0.9,1.2,0.6,0.01,0.06,0.65,0.3,0.72,0.005,0.38,0.22,0.01,0.14,1.0,0.28
lqr,ground_truth,gentle_curve,1700.0,0.05,0.1,1.0,1958.2380021438003,107.03067779541016,11.892915725708008,18.393168336682166,1.051276107762277,-1.7464446624284193,-0.06315766419955615,1.7464446624284193,0.06315766419955615,0.21570445597171783,0.10000000894069672,0.502867579460144,0.0,19.444444444444443,122,117,5.003848075866699,RoadOption.STRAIGHT,109.85057067871094,2.2946996688842773,-7.84716127842279,1.8,0.8,3.5,2.0,8.0,0.6,0.01,0.06,0.5,0.1,0.2,0.35,1.2,12,10.0,14.0,0.9,1.2,0.6,0.01,0.06,0.65,0.3,0.72,0.005,0.38,0.22,0.01,0.14,1.0,0.28
lqr,ground_truth,gentle_curve,1700.0,0.05,0.1,1.0,1958.2880021445453,107.2770767211914,11.002686500549316,18.490688776730313,0.9537556677141303,-1.6492448268271687,-0.07718506629322164,1.6492448268271687,0.07718506629322164,0.31570446491241455,0.10000000894069672,0.5052287578582764,0.0,19.444444444444443,123,117,4.115521430969238,RoadOption.STRAIGHT,109.85739135742188,1.2947229146957397,-7.84716127842279,1.8,0.8,3.5,2.0,8.0,0.6,0.01,0.06,0.5,0.1,0.2,0.35,1.2,12,10.0,14.0,0.9,1.2,0.6,0.01,0.06,0.65,0.3,0.72,0.005,0.38,0.22,0.01,0.14,1.0,0.28
lqr,ground_truth,gentle_curve,1700.0,0.05,0.1,1.0,1958.3380021452904,107.50625610351562,10.10651969909668,18.518950119518443,0.9254943249259995,-1.7235823353438748,-0.016015185531300435,1.7235823353438748,0.016015185531300435,0.2539648711681366,-0.061739593744277954,0.5713829398155212,0.0,19.444444444444443,124,118,4.221769332885742,RoadOption.STRAIGHT,109.86421203613281,0.2949797213077545,-7.84716127842279,1.8,0.8,3.5,2.0,8.0,0.6,0.01,0.06,0.5,0.1,0.2,0.35,1.2,12,10.0,14.0,0.9,1.2,0.6,0.01,0.06,0.65,0.3,0.72,0.005,0.38,0.22,0.01,0.14,1.0,0.28
lqr,ground_truth,gentle_curve,1700.0,0.05,0.1,1.0,1958.3880021460354,107.72659301757812,9.207549095153809,18.552059665879117,0.8923847785653258,-1.7688142499211263,0.06784229771506034,1.7688142499211263,0.06784229771506034,0.15396486222743988,-0.10000000894069672,0.545699417591095,0.0,19.444444444444443,125,119,4.317081928253174,RoadOption.STRAIGHT,109.87102508544922,-0.7049970030784607,-7.84716127842279,1.8,0.8,3.5,2.0,8.0,0.6,0.01,0.06,0.5,0.1,0.2,0.35,1.2,12,10.0,14.0,0.9,1.2,0.6,0.01,0.06,0.65,0.3,0.72,0.005,0.38,0.22,0.01,0.14,1.0,0.28
lqr,ground_truth,gentle_curve,1700.0,0.05,0.1,1.0,1958.4380021467805,107.94294738769531,8.305084228515625,18.59994707536152,0.8444973690829229,-1.7802889256464425,0.1588337237314703,1.7802889256464425,0.1588337237314703,0.05396486818790436,-0.09999999403953552,0.49923354387283325,0.0,19.444444444444443,126,120,4.400898456573486,RoadOption.STRAIGHT,109.87784576416016,-1.704973816871643,-7.84716127842279,1.8,0.8,3.5,2.0,8.0,0.6,0.01,0.06,0.5,0.1,0.2,0.35,1.2,12,10.0,14.0,0.9,1.2,0.6,0.01,0.06,0.65,0.3,0.72,0.005,0.38,0.22,0.01,0.14,1.0,0.28
lqr,ground_truth,gentle_curve,1700.0,0.05,0.1,1.0,1958.4880021475255,108.15860748291016,7.399844169616699,18.62821907489761,0.8162253695468316,-1.6571048373962425,0.21773259387382637,1.6571048373962425,0.21773259387382637,-0.04603512957692146,-0.09999999776482582,0.5058088302612305,0.0,19.444444444444443,127,121,4.4375786781311035,RoadOption.STRAIGHT,109.8846664428711,-2.7049503326416016,-7.84716127842279,1.8,0.8,3.5,2.0,8.0,0.6,0.01,0.06,0.5,0.1,0.2,0.35,1.2,12,10.0,14.0,0.9,1.2,0.6,0.01,0.06,0.65,0.3,0.72,0.005,0.38,0.22,0.01,0.14,1.0,0.28
lqr,ground_truth,gentle_curve,1700.0,0.05,0.1,1.0,1958.5380021482706,108.37296295166016,6.493631839752197,18.618979414133594,0.8254650303108484,-1.4489353717452802,0.24144071968798464,1.4489353717452802,0.24144071968798464,-0.14603513479232788,-0.10000000521540642,0.5563666224479675,0.0,19.444444444444443,128,122,4.4513325691223145,RoadOption.STRAIGHT,109.89148712158203,-3.7049272060394287,-7.84716127842279,1.8,0.8,3.5,2.0,8.0,0.6,0.01,0.06,0.5,0.1,0.2,0.35,1.2,12,10.0,14.0,0.9,1.2,0.6,0.01,0.06,0.65,0.3,0.72,0.005,0.38,0.22,0.01,0.14,1.0,0.28
lqr,ground_truth,gentle_curve,1700.0,0.05,0.1,1.0,1958.5880021490157,108.5826416015625,5.58781099319458,18.57652338319098,0.8679210612534618,-1.2454399469444186,0.24681524508387298,1.2454399469444186,0.24681524508387298,-0.2460351288318634,-0.09999999403953552,0.621699869632721,0.0,19.444444444444443,129,123,4.478347301483154,RoadOption.STRAIGHT,109.89830780029297,-4.704904079437256,-1.5639765038754216,1.8,0.8,3.5,2.0,8.0,0.6,0.01,0.06,0.5,0.1,0.2,0.35,1.2,12,10.0,14.0,0.9,1.2,0.6,0.01,0.06,0.65,0.3,0.72,0.005,0.38,0.22,0.01,0.14,1.0,0.28
lqr,ground_truth,gentle_curve,1700.0,0.05,0.1,1.0,1958.6380021497607,108.78024291992188,4.682794094085693,18.499255326501043,0.9451891179434,-1.0540176825759084,0.23189621665724935,1.0540176825759084,0.23189621665724935,-0.3460351228713989,-0.09999999403953552,0.7098351120948792,0.0,19.444444444444443,130,124,4.519724369049072,RoadOption.STRAIGHT,109.9051284790039,-5.704881191253662,-1.5639765038754216,1.8,0.8,3.5,2.0,8.0,0.6,0.01,0.06,0.5,0.1,0.2,0.35,1.2,12,10.0,14.0,0.9,1.2,0.6,0.01,0.06,0.65,0.3,0.72,0.005,0.38,0.22,0.01,0.14,1.0,0.28
lqr,ground_truth,gentle_curve,1700.0,0.05,0.1,1.0,1958.6880021505058,108.95616912841797,3.778587818145752,18.388504354455748,1.0559400899886953,-0.8842552732748413,0.19710880807614473,0.8842552732748413,0.19710880807614473,-0.44603511691093445,-0.09999999403953552,0.8164651989936829,0.0,19.444444444444443,131,125,4.575969696044922,RoadOption.STRAIGHT,109.91194915771484,-6.70485782623291,-1.5639765038754216,1.8,0.8,3.5,2.0,8.0,0.6,0.01,0.06,0.5,0.1,0.2,0.35,1.2,12,10.0,14.0,0.9,1.2,0.6,0.01,0.06,0.65,0.3,0.72,0.005,0.38,0.22,0.01,0.14,1.0,0.28
lqr,ground_truth,gentle_curve,1700.0,0.05,0.1,1.0,1958.7380021512508,109.1004867553711,2.8755667209625244,18.245481481834418,1.1989629626100253,-0.7461002556769063,0.14444905857757107,0.7461002556769063,0.14444905857757107,-0.4898560047149658,-0.04382088780403137,0.9410052299499512,0.0,19.444444444444443,132,126,4.646035194396973,RoadOption.STRAIGHT,109.91876220703125,-7.704834461212158,-1.5639765038754216,1.8,0.8,3.5,2.0,8.0,0.6,0.01,0.06,0.5,0.1,0.2,0.35,1.2,12,10.0,14.0,0.9,1.2,0.6,0.01,0.06,0.65,0.3,0.72,0.005,0.38,0.22,0.01,0.14,1.0,0.28
lqr,ground_truth,gentle_curve,1700.0,0.05,0.1,1.0,1958.788002151996,109.20481872558594,1.9745327234268188,18.09742400827055,1.3470204361738922,-0.6479164142210334,0.07688452856420724,0.6479164142210334,0.07688452856420724,-0.3898560106754303,0.09999999403953552,1.0,0.0,19.444444444444443,133,127,4.728610515594482,RoadOption.STRAIGHT,109.92558288574219,-8.704811096191406,-1.5639765038754216,1.8,0.8,3.5,2.0,8.0,0.6,0.01,0.06,0.5,0.1,0.2,0.35,1.2,12,10.0,14.0,0.9,1.2,0.6,0.01,0.06,0.65,0.3,0.72,0.005,0.38,0.22,0.01,0.14,1.0,0.28
lqr,ground_truth,gentle_curve,1700.0,0.05,0.1,1.0,1958.838002152741,109.26483917236328,1.0734151601791382,18.052551860508057,1.3918925839363858,-0.5940436330858708,-0.00031891354053570353,0.5940436330858708,0.00031891354053570353,-0.2898559868335724,0.10000002384185791,0.9389821290969849,0.0,19.444444444444443,134,128,4.819257736206055,RoadOption.STRAIGHT,109.93241119384766,-9.70520305633545,-1.5639765038754216,1.8,0.8,3.5,2.0,8.0,0.6,0.01,0.06,0.5,0.1,0.2,0.35,1.2,12,10.0,14.0,0.9,1.2,0.6,0.01,0.06,0.65,0.3,0.72,0.005,0.38,0.22,0.01,0.14,1.0,0.28
lqr,ground_truth,gentle_curve,1700.0,0.05,0.1,1.0,1958.888002153486,109.27922821044922,0.16895873844623566,18.100498970830685,1.3439454736137577,-0.5858265695127035,-0.08059351301435935,0.5858265695127035,0.08059351301435935,-0.18985599279403687,0.09999999403953552,0.7988307476043701,0.0,19.444444444444443,135,129,4.913023471832275,RoadOption.STRAIGHT,109.9389419555664,-10.711223602294922,-1.5651271226243904,1.8,0.8,3.5,2.0,8.0,0.6,0.01,0.06,0.5,0.1,0.2,0.35,1.2,12,10.0,14.0,0.9,1.2,0.6,0.01,0.06,0.65,0.3,0.72,0.005,0.38,0.22,0.01,0.14,1.0,0.28
lqr,ground_truth,gentle_curve,1700.0,0.05,0.1,1.0,1958.938002154231,109.2484359741211,-0.740063488483429,18.20361053721062,1.2408339072338244,-0.6228183184668333,-0.15742863994034462,0.6228183184668333,0.15742863994034462,-0.08985599875450134,0.09999999403953552,0.6707664728164673,0.0,19.444444444444443,136,130,5.008059501647949,RoadOption.STRAIGHT,109.94365692138672,-11.721712112426758,-1.56712715660304,1.8,0.8,3.5,2.0,8.0,0.6,0.01,0.06,0.5,0.1,0.2,0.35,1.2,12,10.0,14.0,0.9,1.2,0.6,0.01,0.06,0.65,0.3,0.72,0.005,0.38,0.22,0.01,0.14,1.0,0.28
lqr,ground_truth,gentle_curve,1700.0,0.05,0.1,1.0,1958.9880021549761,109.17498779296875,-1.6528925895690918,18.323658643076847,1.120785801367596,-0.7024909855436476,-0.22450647726449713,0.7024909855436476,0.22450647726449713,0.010144000872969627,0.09999999962747097,0.578413724899292,0.0,19.444444444444443,136,131,5.105434894561768,RoadOption.STRAIGHT,109.94365692138672,-11.721712112426758,-1.56712715660304,1.8,0.8,3.5,2.0,8.0,0.6,0.01,0.06,0.5,0.1,0.2,0.35,1.2,12,10.0,14.0,0.9,1.2,0.6,0.01,0.06,0.65,0.3,0.72,0.005,0.38,0.22,0.01,0.14,1.0,0.28
lqr,ground_truth,gentle_curve,1700.0,0.05,0.1,1.0,1959.0380021557212,109.0641098022461,-2.567646026611328,18.432415311940105,1.0120291325043382,-0.8196048059067768,-0.27551360214862175,0.8196048059067768,0.27551360214862175,0.1101440042257309,0.10000000335276127,0.5267094969749451,0.0,19.444444444444443,137,131,4.2231926918029785,RoadOption.STRAIGHT,109.94634246826172,-12.732207298278809,-1.569127057423635,1.8,0.8,3.5,2.0,8.0,0.6,0.01,0.06,0.5,0.1,0.2,0.35,1.2,12,10.0,14.0,0.9,1.2,0.6,0.01,0.06,0.65,0.3,0.72,0.005,0.38,0.22,0.01,0.14,1.0,0.28
lqr,ground_truth,gentle_curve,1700.0,0.05,0.1,1.0,1959.0880021564662,108.92240905761719,-3.4818856716156006,18.5044640839921,0.939980360452342,-0.9675304396215318,-0.3060085276847371,0.9675304396215318,0.3060085276847371,0.21014399826526642,0.09999999403953552,0.5275297164916992,0.0,19.444444444444443,138,132,4.33889627456665,RoadOption.STRAIGHT,109.947021484375,-13.742707252502441,-1.5711270914022843,1.8,0.8,3.5,2.0,8.0,0.6,0.01,0.06,0.5,0.1,0.2,0.35,1.2,12,10.0,14.0,0.9,1.2,0.6,0.01,0.06,0.65,0.3,0.72,0.005,0.38,0.22,0.01,0.14,1.0,0.28
lqr,ground_truth,gentle_curve,1700.0,0.05,0.1,1.0,1959.1380021572113,108.76077270507812,-4.394078731536865,18.528873400792193,0.9155710436522497,-1.135384889623278,-0.3112526913452669,1.135384889623278,0.3112526913452669,0.31014400720596313,0.10000000894069672,0.5700514316558838,0.0,19.444444444444443,139,133,4.465332984924316,RoadOption.STRAIGHT,109.94566345214844,-14.753206253051758,-1.573127125380934,1.8,0.8,3.5,2.0,8.0,0.6,0.01,0.06,0.5,0.1,0.2,0.35,1.2,12,10.0,14.0,0.9,1.2,0.6,0.01,0.06,0.65,0.3,0.72,0.005,0.38,0.22,0.01,0.14,1.0,0.28
lqr,ground_truth,gentle_curve,1700.0,0.05,0.1,1.0,1959.1880021579564,108.59229278564453,-5.303654670715332,18.500234052171407,0.9442103922730354,-1.3100696960063944,-0.2894026530236573,1.3100696960063944,0.2894026530236573,0.41014400124549866,0.09999999403953552,0.6508934497833252,0.0,19.444444444444443,140,134,4.601037979125977,RoadOption.STRAIGHT,109.94248962402344,-15.759590148925781,-1.5743440568410456,1.8,0.8,3.5,2.0,8.0,0.6,0.01,0.06,0.5,0.1,0.2,0.35,1.2,12,10.0,14.0,0.9,1.2,0.6,0.01,0.06,0.65,0.3,0.72,0.005,0.38,0.22,0.01,0.14,1.0,0.28
lqr,ground_truth,gentle_curve,1700.0,0.05,0.1,1.0,1959.2380021587014,108.43258666992188,-6.211048603057861,18.41745865026544,1.0269857941790015,-1.4808188044604254,-0.24108225820525941,1.4808188044604254,0.24108225820525941,0.5,0.08985599875450134,0.7655219435691833,0.0,19.444444444444443,141,135,4.745596408843994,RoadOption.STRAIGHT,109.93968963623047,-16.74900245666504,4.710856597493458,1.8,0.8,3.5,2.0,8.0,0.6,0.01,0.06,0.5,0.1,0.2,0.35,1.2,12,10.0,14.0,0.9,1.2,0.6,0.01,0.06,0.65,0.3,0.72,0.005,0.38,0.22,0.01,0.14,1.0,0.28
lqr,ground_truth,gentle_curve,1700.0,0.05,0.1,1.0,1959.2880021594465,108.29833984375,-7.116648197174072,18.283424038457767,1.161020405986676,-1.628409277017146,-0.1715714900672647,1.628409277017146,0.1715714900672647,0.5,0.0,0.9074537754058838,0.0,19.444444444444443,142,136,4.890161991119385,RoadOption.STRAIGHT,109.93956756591797,-17.734289169311523,4.71365877559244,1.8,0.8,3.5,2.0,8.0,0.6,0.01,0.06,0.5,0.1,0.2,0.35,1.2,12,10.0,14.0,0.9,1.2,0.6,0.01,0.06,0.65,0.3,0.72,0.005,0.38,0.22,0.01,0.14,1.0,0.28
lqr,ground_truth,gentle_curve,1700.0,0.05,0.1,1.0,1959.3380021601915,108.20187377929688,-8.02064037322998,18.154051023822312,1.2903934206221308,-1.736601387812985,-0.08784836329789858,1.736601387812985,0.08784836329789858,0.5,0.0,0.9794836640357971,0.0,19.444444444444443,143,137,5.024145603179932,RoadOption.STRAIGHT,109.94218444824219,-18.719573974609375,4.716461486323639,1.8,0.8,3.5,2.0,8.0,0.6,0.01,0.06,0.5,0.1,0.2,0.35,1.2,12,10.0,14.0,0.9,1.2,0.6,0.01,0.06,0.65,0.3,0.72,0.005,0.38,0.22,0.01,0.14,1.0,0.28
lqr,ground_truth,gentle_curve,1700.0,0.05,0.1,1.0,1959.3880021609366,108.15119171142578,-8.923158645629883,18.04003491947482,1.4044095249696227,-1.7974238107863094,0.004996223363042951,1.7974238107863094,0.004996223363042951,0.4000000059604645,-0.09999999403953552,1.0,0.0,19.444444444444443,144,138,5.143253326416016,RoadOption.STRAIGHT,109.94760131835938,-19.704849243164062,4.719263131790402,1.8,0.8,3.5,2.0,8.0,0.6,0.01,0.06,0.5,0.1,0.2,0.35,1.2,12,10.0,14.0,0.9,1.2,0.6,0.01,0.06,0.65,0.3,0.72,0.005,0.38,0.22,0.01,0.14,1.0,0.28
lqr,ground_truth,gentle_curve,1700.0,0.05,0.1,1.0,1959.4380021616817,108.1510238647461,-9.824649810791016,18.000825526738062,1.443618917706381,-1.8061221745909017,0.10242211288919378,1.8061221745909017,0.10242211288919378,0.30000001192092896,-0.09999999403953552,0.9632226228713989,0.0,19.444444444444443,144,139,5.245131492614746,RoadOption.STRAIGHT,109.94760131835938,-19.704849243164062,4.719263131790402,1.8,0.8,3.5,2.0,8.0,0.6,0.01,0.06,0.5,0.1,0.2,0.35,1.2,12,10.0,14.0,0.9,1.2,0.6,0.01,0.06,0.65,0.3,0.72,0.005,0.38,0.22,0.01,0.14,1.0,0.28
lqr,ground_truth,gentle_curve,1700.0,0.05,0.1,1.0,1959.4880021624267,108.20338439941406,-10.725865364074707,18.02783292003095,1.4166115244134936,-1.7516612321149745,0.197539308066355,1.7516612321149745,0.197539308066355,0.20000000298023224,-0.10000000894069672,0.8675580620765686,0.0,19.444444444444443,145,139,4.3880534172058105,RoadOption.STRAIGHT,109.95574951171875,-20.69010353088379,4.7220658425216016,1.8,0.8,3.5,2.0,8.0,0.6,0.01,0.06,0.5,0.1,0.2,0.35,1.2,12,10.0,14.0,0.9,1.2,0.6,0.01,0.06,0.65,0.3,0.72,0.005,0.38,0.22,0.01,0.14,1.0,0.28
lqr,ground_truth,gentle_curve,1700.0,0.05,0.1,1.0,1959.5380021631718,108.30850982666016,-11.626238822937012,18.100411771507396,1.3440326729370469,-1.6486334983511726,0.2888630965868071,1.6486334983511726,0.2888630965868071,0.10000000149011612,-0.10000000149011612,0.7693249583244324,0.0,19.444444444444443,146,140,4.444602012634277,RoadOption.STRAIGHT,109.96665954589844,-21.675329208374023,4.724868020620583,1.8,0.8,3.5,2.0,8.0,0.6,0.01,0.06,0.5,0.1,0.2,0.35,1.2,12,10.0,14.0,0.9,1.2,0.6,0.01,0.06,0.65,0.3,0.72,0.005,0.38,0.22,0.01,0.14,1.0,0.28
lqr,ground_truth,gentle_curve,1700.0,0.05,0.1,1.0,1959.5880021639168,108.46463775634766,-12.524227142333984,18.198448709819345,1.2459957346250974,-1.4815241189039972,0.36713020523092776,1.4815241189039972,0.36713020523092776,2.7755575615628914e-17,-0.10000000149011609,0.6799530982971191,0.0,19.444444444444443,147,141,4.474874973297119,RoadOption.STRAIGHT,109.98039245605469,-22.67144012451172,-1.5575925072683383,1.8,0.8,3.5,2.0,8.0,0.6,0.01,0.06,0.5,0.1,0.2,0.35,1.2,12,10.0,14.0,0.9,1.2,0.6,0.01,0.06,0.65,0.3,0.72,0.005,0.38,0.22,0.01,0.14,1.0,0.28
lqr,ground_truth,gentle_curve,1700.0,0.05,0.1,1.0,1959.6380021646619,108.66770935058594,-13.418039321899414,18.306251815297927,1.1381926291465163,-1.266376438074025,0.42948479320377064,1.266376438074025,0.42948479320377064,-0.10000000149011612,-0.10000000149011615,0.6035518646240234,0.0,19.444444444444443,148,142,4.49973726272583,RoadOption.STRAIGHT,109.9809799194336,-23.804616928100586,-1.58296524192185,1.8,0.8,3.5,2.0,8.0,0.6,0.01,0.06,0.5,0.1,0.2,0.35,1.2,12,10.0,14.0,0.9,1.2,0.6,0.01,0.06,0.65,0.3,0.72,0.005,0.38,0.22,0.01,0.14,1.0,0.28
lqr,ground_truth,gentle_curve,1700.0,0.05,0.1,1.0,1959.688002165407,108.9124755859375,-14.30561351776123,18.399699368063505,1.0447450763809378,-1.0117244928133122,0.4723866538892656,1.0117244928133122,0.4723866538892656,-0.20000000298023224,-0.10000000149011612,0.5647099614143372,0.0,19.444444444444443,149,143,4.532477378845215,RoadOption.STRAIGHT,109.95281219482422,-24.937442779541016,-1.608337976575362,1.8,0.8,3.5,2.0,8.0,0.6,0.01,0.06,0.5,0.1,0.2,0.35,1.2,12,10.0,14.0,0.9,1.2,0.6,0.01,0.06,0.65,0.3,0.72,0.005,0.38,0.22,0.01,0.14,1.0,0.28
lqr,ground_truth,gentle_curve,1700.0,0.05,0.1,1.0,1959.738002166152,109.18952178955078,-15.186376571655273,18.4659967954169,0.9784476490275438,-0.727001197106311,0.4900685122097652,0.727001197106311,0.4900685122097652,-0.30000001192092896,-0.10000000894069672,0.5575116872787476,0.0,19.444444444444443,150,144,4.581624507904053,RoadOption.STRAIGHT,109.89592742919922,-26.069189071655273,-1.6337105780708194,1.8,0.8,3.5,2.0,8.0,0.6,0.01,0.06,0.5,0.1,0.2,0.35,1.2,12,10.0,14.0,0.9,1.2,0.6,0.01,0.06,0.65,0.3,0.72,0.005,0.38,0.22,0.01,0.14,1.0,0.28
lqr,ground_truth,gentle_curve,1700.0,0.05,0.1,1.0,1959.788002166897,109.48675537109375,-16.06093978881836,18.4860106534356,0.9584337910088436,-0.42417710188199786,0.4783926813586401,0.42417710188199786,0.4783926813586401,-0.4000000059604645,-0.09999999403953552,0.6010436415672302,0.0,19.444444444444443,150,145,4.65286111831665,RoadOption.STRAIGHT,109.89592742919922,-26.069189071655273,-1.6337105780708194,1.8,0.8,3.5,2.0,8.0,0.6,0.01,0.06,0.5,0.1,0.2,0.35,1.2,12,10.0,14.0,0.9,1.2,0.6,0.01,0.06,0.65,0.3,0.72,0.005,0.38,0.22,0.01,0.14,1.0,0.28
lqr,ground_truth,gentle_curve,1700.0,0.05,0.1,1.0,1959.8380021676421,109.78936004638672,-16.931631088256836,18.45065238352779,0.993792060916654,-0.13001202285250785,0.439612661671287,0.13001202285250785,0.439612661671287,-0.5,-0.09999999403953552,0.6887051463127136,0.0,19.444444444444443,151,145,3.7621541023254395,RoadOption.STRAIGHT,109.81033325195312,-27.199127197265625,-1.6590831795662768,1.8,0.8,3.5,2.0,8.0,0.6,0.01,0.06,0.5,0.1,0.2,0.35,1.2,12,10.0,14.0,0.9,1.2,0.6,0.01,0.06,0.65,0.3,0.72,0.005,0.38,0.22,0.01,0.14,1.0,0.28
lqr,ground_truth,gentle_curve,1700.0,0.05,0.1,1.0,1959.8880021683872,110.07948303222656,-17.80229377746582,18.35580740243128,1.0886370420131612,0.16114521220668215,0.3721091180468852,0.16114521220668215,0.3721091180468852,-0.5,0.0,0.8169962167739868,0.0,19.444444444444443,152,146,3.874678611755371,RoadOption.STRAIGHT,109.69610595703125,-28.3265323638916,-1.6844557810617344,1.8,0.8,3.5,2.0,8.0,0.6,0.01,0.06,0.5,0.1,0.2,0.35,1.2,12,10.0,14.0,0.9,1.2,0.6,0.01,0.06,0.65,0.3,0.72,0.005,0.38,0.22,0.01,0.14,1.0,0.28
lqr,ground_truth,gentle_curve,1700.0,0.05,0.1,1.0,1959.9380021691322,110.34037017822266,-18.6770076751709,18.252003047334945,1.1924413971094978,0.41268657589093155,0.2888552402615918,0.41268657589093155,0.2888552402615918,-0.5,0.0,0.8900300860404968,0.0,19.444444444444443,153,147,4.010620594024658,RoadOption.STRAIGHT,109.55331420898438,-29.45067596435547,-1.7098283825571918,1.8,0.8,3.5,2.0,8.0,0.6,0.01,0.06,0.5,0.1,0.2,0.35,1.2,12,10.0,14.0,0.9,1.2,0.6,0.01,0.06,0.65,0.3,0.72,0.005,0.38,0.22,0.01,0.14,1.0,0.28
lqr,ground_truth,gentle_curve,1700.0,0.05,0.1,1.0,1959.9880021698773,110.56096649169922,-19.558353424072266,18.1485245425341,1.2959199019103416,0.5282724849662743,0.22114716586547134,0.5282724849662743,0.22114716586547134,-0.5,0.0,0.9517261385917664,0.0,19.444444444444443,154,148,4.2856903076171875,RoadOption.STRAIGHT,109.3820571899414,-30.57083511352539,-1.7352011172107038,1.8,0.8,3.5,2.0,8.0,0.6,0.01,0.06,0.5,0.1,0.2,0.35,1.2,12,10.0,14.0,0.9,1.2,0.6,0.01,0.06,0.65,0.3,0.72,0.005,0.38,0.22,0.01,0.14,1.0,0.28
lqr,ground_truth,gentle_curve,1700.0,0.05,0.1,1.0,1960.0380021706223,110.73302459716797,-20.446107864379883,18.036420978996347,1.408023465448096,0.6110901418798784,0.1470222048228056,0.6110901418798784,0.1470222048228056,-0.5,0.0,1.0,0.0,19.444444444444443,154,149,4.55859899520874,RoadOption.STRAIGHT,109.3820571899414,-30.57083511352539,-1.7352011172107038,1.8,0.8,3.5,2.0,8.0,0.6,0.01,0.06,0.5,0.1,0.2,0.35,1.2,12,10.0,14.0,0.9,1.2,0.6,0.01,0.06,0.65,0.3,0.72,0.005,0.38,0.22,0.01,0.14,1.0,0.28
lqr,ground_truth,gentle_curve,1700.0,0.05,0.1,1.0,1960.0880021713674,110.85037994384766,-21.337936401367188,17.910634717692627,1.5338097267518158,0.7618356500695995,0.04349554587150095,0.7618356500695995,0.04349554587150095,-0.4000000059604645,0.09999999403953552,1.0,0.0,19.444444444444443,155,149,3.7097272872924805,RoadOption.STRAIGHT,109.18243408203125,-31.686288833618164,-1.7605737187061612,1.8,0.8,3.5,2.0,8.0,0.6,0.01,0.06,0.5,0.1,0.2,0.35,1.2,12,10.0,14.0,0.9,1.2,0.6,0.01,0.06,0.65,0.3,0.72,0.005,0.38,0.22,0.01,0.14,1.0,0.28
lqr,ground_truth,gentle_curve,1700.0,0.05,0.1,1.0,1960.1380021721125,110.90959930419922,-22.231952667236328,17.835173831431185,1.6092706130132584,0.7704087530609468,-0.03630780724743188,0.7704087530609468,0.03630780724743188,-0.30000001192092896,0.09999999403953552,1.0,0.0,19.444444444444443,156,150,3.9688684940338135,RoadOption.STRAIGHT,108.9545669555664,-32.79631805419922,-1.785946453359673,1.8,0.8,3.5,2.0,8.0,0.6,0.01,0.06,0.5,0.1,0.2,0.35,1.2,12,10.0,14.0,0.9,1.2,0.6,0.01,0.06,0.65,0.3,0.72,0.005,0.38,0.22,0.01,0.14,1.0,0.28
lqr,ground_truth,gentle_curve,1700.0,0.05,0.1,1.0,1960.1880021728575,110.9093246459961,-23.127004623413086,17.812237895153757,1.6322065492906859,0.7356630693662631,-0.1147956919459201,0.7356630693662631,0.1147956919459201,-0.20000000298023224,0.10000000894069672,1.0,0.0,19.444444444444443,157,151,4.217815399169922,RoadOption.STRAIGHT,108.6986083984375,-33.90020751953125,-1.8113190548551306,1.8,0.8,3.5,2.0,8.0,0.6,0.01,0.06,0.5,0.1,0.2,0.35,1.2,12,10.0,14.0,0.9,1.2,0.6,0.01,0.06,0.65,0.3,0.72,0.005,0.38,0.22,0.01,0.14,1.0,0.28
lqr,ground_truth,gentle_curve,1700.0,0.05,0.1,1.0,1960.2380021736026,110.84952545166016,-24.021453857421875,17.84014480163255,1.6042996428118919,0.6577172783192886,-0.18876126279734473,0.6577172783192886,0.18876126279734473,-0.10000000149011612,0.10000000149011612,0.9790915250778198,0.0,19.444444444444443,157,152,4.456913471221924,RoadOption.STRAIGHT,108.6986083984375,-33.90020751953125,-1.8113190548551306,1.8,0.8,3.5,2.0,8.0,0.6,0.01,0.06,0.5,0.1,0.2,0.35,1.2,12,10.0,14.0,0.9,1.2,0.6,0.01,0.06,0.65,0.3,0.72,0.005,0.38,0.22,0.01,0.14,1.0,0.28
lqr,ground_truth,gentle_curve,1700.0,0.05,0.1,1.0,1960.2880021743476,110.73162841796875,-24.913619995117188,17.917956945744333,1.52648749870011,0.641765878334378,-0.27988092002024256,0.641765878334378,0.27988092002024256,-2.7755575615628914e-17,0.10000000149011609,0.8725179433822632,0.0,19.444444444444443,158,152,3.5665502548217773,RoadOption.STRAIGHT,108.41473388671875,-34.997249603271484,-1.836691656350588,1.8,0.8,3.5,2.0,8.0,0.6,0.01,0.06,0.5,0.1,0.2,0.35,1.2,12,10.0,14.0,0.9,1.2,0.6,0.01,0.06,0.65,0.3,0.72,0.005,0.38,0.22,0.01,0.14,1.0,0.28
lqr,ground_truth,gentle_curve,1700.0,0.05,0.1,1.0,1960.3380021750927,110.55866241455078,-25.802021026611328,18.03814170726498,1.4063027371794625,0.48999990497613355,-0.33286371095904155,0.48999990497613355,0.33286371095904155,0.10000000149011612,0.10000000149011615,0.7495599389076233,0.0,19.444444444444443,159,153,3.78462815284729,RoadOption.STRAIGHT,108.10311889648438,-36.08674240112305,-1.8620643910041,1.8,0.8,3.5,2.0,8.0,0.6,0.01,0.06,0.5,0.1,0.2,0.35,1.2,12,10.0,14.0,0.9,1.2,0.6,0.01,0.06,0.65,0.3,0.72,0.005,0.38,0.22,0.01,0.14,1.0,0.28
lqr,ground_truth,gentle_curve,1700.0,0.05,0.1,1.0,1960.3880021758378,110.33440399169922,-26.68449592590332,18.17047615223001,1.273968292214434,0.3034469170761327,-0.36891132736797294,0.3034469170761327,0.36891132736797294,0.20000000298023224,0.10000000149011612,0.6555796265602112,0.0,19.444444444444443,160,154,4.001324653625488,RoadOption.STRAIGHT,107.76396942138672,-37.167972564697266,-1.8874369924995573,1.8,0.8,3.5,2.0,8.0,0.6,0.01,0.06,0.5,0.1,0.2,0.35,1.2,12,10.0,14.0,0.9,1.2,0.6,0.01,0.06,0.65,0.3,0.72,0.005,0.38,0.22,0.01,0.14,1.0,0.28
lqr,ground_truth,gentle_curve,1700.0,0.05,0.1,1.0,1960.4380021765828,110.06594848632812,-27.559825897216797,18.301024924444476,1.1434195199999664,0.08923485197267045,-0.3818962350529267,0.08923485197267045,0.3818962350529267,0.30000001192092896,0.10000000894069672,0.579393208026886,0.0,19.444444444444443,161,155,4.219987869262695,RoadOption.STRAIGHT,107.39749908447266,-38.24025344848633,-1.9128095939950147,1.8,0.8,3.5,2.0,8.0,0.6,0.01,0.06,0.5,0.1,0.2,0.35,1.2,12,10.0,14.0,0.9,1.2,0.6,0.01,0.06,0.65,0.3,0.72,0.005,0.38,0.22,0.01,0.14,1.0,0.28
lqr,ground_truth,gentle_curve,1700.0,0.05,0.1,1.0,1960.4880021773279,109.7630615234375,-28.427431106567383,18.398901919108205,1.0455425253362378,-0.14287736605009071,-0.3656702603213464,0.14287736605009071,0.3656702603213464,0.4000000059604645,0.09999999403953552,0.559873104095459,0.0,19.444444444444443,161,156,4.443066596984863,RoadOption.STRAIGHT,107.39749908447266,-38.24025344848633,-1.9128095939950147,1.8,0.8,3.5,2.0,8.0,0.6,0.01,0.06,0.5,0.1,0.2,0.35,1.2,12,10.0,14.0,0.9,1.2,0.6,0.01,0.06,0.65,0.3,0.72,0.005,0.38,0.22,0.01,0.14,1.0,0.28
lqr,ground_truth,gentle_curve,1700.0,0.05,0.1,1.0,1960.538002178073,109.43855285644531,-29.28817367553711,18.439042944395474,1.0054015000489684,-0.276140819462405,-0.34153150135892263,0.276140819462405,0.34153150135892263,0.5,0.09999999403953552,0.6050716638565063,0.0,19.444444444444443,162,156,3.541372776031494,RoadOption.STRAIGHT,107.0039291381836,-39.30289077758789,-1.938182195490472,1.8,0.8,3.5,2.0,8.0,0.6,0.01,0.06,0.5,0.1,0.2,0.35,1.2,12,10.0,14.0,0.9,1.2,0.6,0.01,0.06,0.65,0.3,0.72,0.005,0.38,0.22,0.01,0.14,1.0,0.28
lqr,ground_truth,gentle_curve,1700.0,0.05,0.1,1.0,1960.588002178818,109.10897064208984,-30.14535140991211,18.410518341952432,1.0339261024920106,-0.49589616164307876,-0.25921225995819164,0.49589616164307876,0.25921225995819164,0.5,0.0,0.7045851945877075,0.0,19.444444444444443,163,157,3.7772138118743896,RoadOption.STRAIGHT,106.58354187011719,-40.35519790649414,-1.963554930143984,1.8,0.8,3.5,2.0,8.0,0.6,0.01,0.06,0.5,0.1,0.2,0.35,1.2,12,10.0,14.0,0.9,1.2,0.6,0.01,0.06,0.65,0.3,0.72,0.005,0.38,0.22,0.01,0.14,1.0,0.28
lqr,ground_truth,gentle_curve,1700.0,0.05,0.1,1.0,1960.638002179563,108.79268646240234,-31.005138397216797,18.366163461794372,1.078280982650071,-0.6843495693952626,-0.1521029835504586,0.6843495693952626,0.1521029835504586,0.5,0.0,0.7501944303512573,0.0,19.444444444444443,164,158,4.009962558746338,RoadOption.STRAIGHT,106.1365737915039,-41.39650344848633,-1.9889275316394415,1.8,0.8,3.5,2.0,8.0,0.6,0.01,0.06,0.5,0.1,0.2,0.35,1.2,12,10.0,14.0,0.9,1.2,0.6,0.01,0.06,0.65,0.3,0.72,0.005,0.38,0.22,0.01,0.14,1.0,0.28
lqr,ground_truth,gentle_curve,1700.0,0.05,0.1,1.0,1960.688002180308,108.5060806274414,-31.873388290405273,18.30070049999407,1.1437439444503745,-0.8239475377644689,-0.031230890103358888,0.8239475377644689,0.031230890103358888,0.4000000059604645,-0.09999999403953552,0.8148019313812256,0.0,19.444444444444443,165,159,4.232580184936523,RoadOption.STRAIGHT,105.66334533691406,-42.4261360168457,-2.0143002662929534,1.8,0.8,3.5,2.0,8.0,0.6,0.01,0.06,0.5,0.1,0.2,0.35,1.2,12,10.0,14.0,0.9,1.2,0.6,0.01,0.06,0.65,0.3,0.72,0.005,0.38,0.22,0.01,0.14,1.0,0.28
lqr,ground_truth,gentle_curve,1700.0,0.05,0.1,1.0,1960.7380021810532,108.2590103149414,-32.75290298461914,18.272540289037064,1.171904155407379,-0.9043158489744907,0.09490693860909971,0.9043158489744907,0.09490693860909971,0.30000001192092896,-0.09999999403953552,0.7869347333908081,0.0,19.444444444444443,165,160,4.442736625671387,RoadOption.STRAIGHT,105.66334533691406,-42.4261360168457,-2.0143002662929534,1.8,0.8,3.5,2.0,8.0,0.6,0.01,0.06,0.5,0.1,0.2,0.35,1.2,12,10.0,14.0,0.9,1.2,0.6,0.01,0.06,0.65,0.3,0.72,0.005,0.38,0.22,0.01,0.14,1.0,0.28
lqr,ground_truth,gentle_curve,1700.0,0.05,0.1,1.0,1960.7880021817982,108.0557861328125,-33.64479064941406,18.276588584300068,1.1678558601443747,-0.8197246986395821,0.19396068535156097,0.8197246986395821,0.19396068535156097,0.20000000298023224,-0.10000000894069672,0.7458555698394775,0.0,19.444444444444443,166,160,3.5352470874786377,RoadOption.STRAIGHT,105.16414642333984,-43.44343185424805,-2.0396727346303565,1.8,0.8,3.5,2.0,8.0,0.6,0.01,0.06,0.5,0.1,0.2,0.35,1.2,12,10.0,14.0,0.9,1.2,0.6,0.01,0.06,0.65,0.3,0.72,0.005,0.38,0.22,0.01,0.14,1.0,0.28
lqr,ground_truth,gentle_curve,1700.0,0.05,0.1,1.0,1960.8380021825433,107.89846801757812,-34.548004150390625,18.300314277581954,1.1441301668624888,-0.7663694416474836,0.31140782047876403,0.7663694416474836,0.31140782047876403,0.10000000149011612,-0.10000000149011612,0.708007276058197,0.0,19.444444444444443,167,161,3.7260806560516357,RoadOption.STRAIGHT,104.63929748535156,-44.447731018066406,-2.0650454692838682,1.8,0.8,3.5,2.0,8.0,0.6,0.01,0.06,0.5,0.1,0.2,0.35,1.2,12,10.0,14.0,0.9,1.2,0.6,0.01,0.06,0.65,0.3,0.72,0.005,0.38,0.22,0.01,0.14,1.0,0.28
lqr,ground_truth,gentle_curve,1700.0,0.05,0.1,1.0,1960.8880021832883,107.78675842285156,-35.4603157043457,18.338435332770217,1.1060091116742257,-0.6495738126313064,0.417203226362707,0.6495738126313064,0.417203226362707,2.7755575615628914e-17,-0.10000000149011609,0.667860209941864,0.0,19.444444444444443,168,162,3.9215056896209717,RoadOption.STRAIGHT,104.08914184570312,-45.43839645385742,-2.09041820393738,1.8,0.8,3.5,2.0,8.0,0.6,0.01,0.06,0.5,0.1,0.2,0.35,1.2,12,10.0,14.0,0.9,1.2,0.6,0.01,0.06,0.65,0.3,0.72,0.005,0.38,0.22,0.01,0.14,1.0,0.28
lqr,ground_truth,gentle_curve,1700.0,0.05,0.1,1.0,1960.9380021840334,107.71770477294922,-36.37908935546875,18.387768973204828,1.0566754712396147,-0.4740054578957207,0.5064368329016102,0.4740054578957207,0.5064368329016102,-0.10000000149011612,-0.10000000149011615,0.6248049139976501,0.0,19.444444444444443,169,163,4.134702682495117,RoadOption.STRAIGHT,103.51403045654297,-46.41478729248047,-2.115790672274783,1.8,0.8,3.5,2.0,8.0,0.6,0.01,0.06,0.5,0.1,0.2,0.35,1.2,12,10.0,14.0,0.9,1.2,0.6,0.01,0.06,0.65,0.3,0.72,0.005,0.38,0.22,0.01,0.14,1.0,0.28
lqr,ground_truth,gentle_curve,1700.0,0.05,0.1,1.0,1960.9880021847785,107.68699645996094,-37.301517486572266,18.43320163069812,1.0112428137463212,-0.24593005997683282,0.5752615707428008,0.24593005997683282,0.5752615707428008,-0.20000000298023224,-0.10000000149011612,0.6022264957427979,0.0,19.444444444444443,169,164,4.378666877746582,RoadOption.STRAIGHT,103.51403045654297,-46.41478729248047,-2.115790672274783,1.8,0.8,3.5,2.0,8.0,0.6,0.01,0.06,0.5,0.1,0.2,0.35,1.2,12,10.0,14.0,0.9,1.2,0.6,0.01,0.06,0.65,0.3,0.72,0.005,0.38,0.22,0.01,0.14,1.0,0.28
lqr,ground_truth,gentle_curve,1700.0,0.05,0.1,1.0,1961.0380021855235,107.685791015625,-38.2251091003418,18.46384928335602,0.9805951610884236,0.12799582890841754,0.5930363068063165,0.12799582890841754,0.5930363068063165,-0.30000001192092896,-0.10000000894069672,0.6015799045562744,0.0,19.444444444444443,170,164,3.5295636653900146,RoadOption.STRAIGHT,102.9143295288086,-47.37626266479492,-2.1411634069282948,1.8,0.8,3.5,2.0,8.0,0.6,0.01,0.06,0.5,0.1,0.2,0.35,1.2,12,10.0,14.0,0.9,1.2,0.6,0.01,0.06,0.65,0.3,0.72,0.005,0.38,0.22,0.01,0.14,1.0,0.28
lqr,ground_truth,gentle_curve,1700.0,0.05,0.1,1.0,1961.0880021862686,107.70243072509766,-39.14771270751953,18.46192294935648,0.9825214950879619,0.43501679296754414,0.6070629099516545,0.43501679296754414,0.6070629099516545,-0.4000000059604645,-0.09999999403953552,0.64182448387146,0.0,19.444444444444443,171,165,3.8608200550079346,RoadOption.STRAIGHT,102.29043579101562,-48.32221984863281,-2.1665360084237526,1.8,0.8,3.5,2.0,8.0,0.6,0.01,0.06,0.5,0.1,0.2,0.35,1.2,12,10.0,14.0,0.9,1.2,0.6,0.01,0.06,0.65,0.3,0.72,0.005,0.38,0.22,0.01,0.14,1.0,0.28
lqr,ground_truth,gentle_curve,1700.0,0.05,0.1,1.0,1961.1380021870136,107.72208404541016,-40.067752838134766,18.415512476879833,1.0289319675646098,0.7564601093805101,0.5920484071999517,0.7564601093805101,0.5920484071999517,-0.5,-0.09999999403953552,0.7230517268180847,0.0,19.444444444444443,172,166,4.235357761383057,RoadOption.STRAIGHT,101.64273834228516,-49.252052307128906,-2.1919087430772644,1.8,0.8,3.5,2.0,8.0,0.6,0.01,0.06,0.5,0.1,0.2,0.35,1.2,12,10.0,14.0,0.9,1.2,0.6,0.01,0.06,0.65,0.3,0.72,0.005,0.38,0.22,0.01,0.14,1.0,0.28
lqr,ground_truth,gentle_curve,1700.0,0.05,0.1,1.0,1961.1880021877587,107.72682189941406,-40.98371124267578,18.31638533897075,1.1280591054736924,1.074795586152719,0.5523256284867113,1.074795586152719,0.5523256284867113,-0.5,0.0,0.8457880020141602,0.0,19.444444444444443,172,167,4.640285015106201,RoadOption.STRAIGHT,101.64273834228516,-49.252052307128906,-2.1919087430772644,1.8,0.8,3.5,2.0,8.0,0.6,0.01,0.06,0.5,0.1,0.2,0.35,1.2,12,10.0,14.0,0.9,1.2,0.6,0.01,0.06,0.65,0.3,0.72,0.005,0.38,0.22,0.01,0.14,1.0,0.28
lqr,ground_truth,gentle_curve,1700.0,0.05,0.1,1.0,1961.2380021885037,107.70046997070312,-41.89427947998047,18.212201876529857,1.2322425679145859,1.4835442914650951,0.470200797845556,1.4835442914650951,0.470200797845556,-0.5,0.0,0.9143657088279724,0.0,19.444444444444443,173,167,3.9863386154174805,RoadOption.STRAIGHT,100.9716567993164,-50.16514205932617,-2.217281477730776,1.8,0.8,3.5,2.0,8.0,0.6,0.01,0.06,0.5,0.1,0.2,0.35,1.2,12,10.0,14.0,0.9,1.2,0.6,0.01,0.06,0.65,0.3,0.72,0.005,0.38,0.22,0.01,0.14,1.0,0.28
lqr,ground_truth,gentle_curve,1700.0,0.05,0.1,1.0,1961.2880021892488,107.63260650634766,-42.79851150512695,18.1118181739963,1.3326262704481415,1.7649120818345088,0.4031467958131594,1.7649120818345088,0.4031467958131594,-0.5,0.0,0.9700362086296082,0.0,19.444444444444443,174,168,4.418725967407227,RoadOption.STRAIGHT,100.27763366699219,-51.06092071533203,-2.2426540792262335,1.8,0.8,3.5,2.0,8.0,0.6,0.01,0.06,0.5,0.1,0.2,0.35,1.2,12,10.0,14.0,0.9,1.2,0.6,0.01,0.06,0.65,0.3,0.72,0.005,0.38,0.22,0.01,0.14,1.0,0.28
lqr,ground_truth,gentle_curve,1700.0,0.05,0.1,1.0,1961.3380021899939,107.51595306396484,-43.69363784790039,18.005191421858914,1.439253022585529,2.0114850270549542,0.3297004082162456,2.0114850270549542,0.3297004082162456,-0.5,0.0,1.0,0.0,19.444444444444443,174,169,4.839426040649414,RoadOption.STRAIGHT,100.27763366699219,-51.06092071533203,-2.2426540792262335,1.8,0.8,3.5,2.0,8.0,0.6,0.01,0.06,0.5,0.1,0.2,0.35,1.2,12,10.0,14.0,0.9,1.2,0.6,0.01,0.06,0.65,0.3,0.72,0.005,0.38,0.22,0.01,0.14,1.0,0.28
lqr,ground_truth,gentle_curve,1700.0,0.05,0.1,1.0,1961.388002190739,107.34568786621094,-44.57555389404297,17.88519224095905,1.5592522034853928,2.3230830789315986,0.2267917357958944,2.3230830789315986,0.2267917357958944,-0.5,0.0,1.0,0.0,19.444444444444443,175,169,4.250221252441406,RoadOption.STRAIGHT,99.56110382080078,-51.93880081176758,-2.2680268138797457,1.8,0.8,3.5,2.0,8.0,0.6,0.01,0.06,0.5,0.1,0.2,0.35,1.2,12,10.0,14.0,0.9,1.2,0.6,0.01,0.06,0.65,0.3,0.72,0.005,0.38,0.22,0.01,0.14,1.0,0.28
lqr,ground_truth,gentle_curve,1700.0,0.05,0.1,1.0,1961.438002191484,107.1191177368164,-45.439212799072266,17.745059614050398,1.6993848303940453,2.493289382327089,0.1465606790058942,2.493289382327089,0.1465606790058942,-0.5,0.0,1.0,0.0,19.444444444444443,176,170,4.629515171051025,RoadOption.STRAIGHT,98.8225326538086,-52.7982177734375,-2.2933992822171487,1.8,0.8,3.5,2.0,8.0,0.6,0.01,0.06,0.5,0.1,0.2,0.35,1.2,12,10.0,14.0,0.9,1.2,0.6,0.01,0.06,0.65,0.3,0.72,0.005,0.38,0.22,0.01,0.14,1.0,0.28
lqr,ground_truth,gentle_curve,1700.0,0.05,0.1,1.0,1961.488002192229,106.83531951904297,-46.278934478759766,17.579265437519293,1.8651790069251497,2.615422635504073,0.06450202791782855,2.615422635504073,0.06450202791782855,-0.5,0.0,1.0,0.0,19.444444444444443,176,171,4.983069896697998,RoadOption.STRAIGHT,98.8225326538086,-52.7982177734375,-2.2933992822171487,1.8,0.8,3.5,2.0,8.0,0.6,0.01,0.06,0.5,0.1,0.2,0.35,1.2,12,10.0,14.0,0.9,1.2,0.6,0.01,0.06,0.65,0.3,0.72,0.005,0.38,0.22,0.01,0.14,1.0,0.28
lqr,ground_truth,gentle_curve,1700.0,0.05,0.1,1.0,1961.538002192974,106.49472045898438,-47.088626861572266,17.3842997803229,2.0601446641215446,2.7878328590882835,-0.04392697796809397,2.7878328590882835,0.04392697796809397,-0.5,0.0,1.0,0.0,19.444444444444443,177,171,4.38152551651001,RoadOption.STRAIGHT,98.06239318847656,-53.63862228393555,-2.3187720168706605,1.8,0.8,3.5,2.0,8.0,0.6,0.01,0.06,0.5,0.1,0.2,0.35,1.2,12,10.0,14.0,0.9,1.2,0.6,0.01,0.06,0.65,0.3,0.72,0.005,0.38,0.22,0.01,0.14,1.0,0.28
lqr,ground_truth,gentle_curve,1700.0,0.05,0.1,1.0,1961.5880021937191,106.09867858886719,-47.861995697021484,17.160577827982472,2.283866616461971,2.8147816338775886,-0.12727766165901233,2.8147816338775886,0.12727766165901233,-0.4000000059604645,0.09999999403953552,1.0,0.0,19.444444444444443,178,172,4.667726039886475,RoadOption.STRAIGHT,97.28118133544922,-54.45947265625,-2.3441444852080635,1.8,0.8,3.5,2.0,8.0,0.6,0.01,0.06,0.5,0.1,0.2,0.35,1.2,12,10.0,14.0,0.9,1.2,0.6,0.01,0.06,0.65,0.3,0.72,0.005,0.38,0.22,0.01,0.14,1.0,0.28
lqr,ground_truth,gentle_curve,1700.0,0.05,0.1,1.0,1961.6380021944642,105.6495361328125,-48.5949592590332,16.96489948878951,2.4795449556549336,2.788057550690165,-0.21122129816663726,2.788057550690165,0.21122129816663726,-0.30000001192092896,0.09999999403953552,1.0,0.0,19.444444444444443,178,173,4.934372901916504,RoadOption.STRAIGHT,97.28118133544922,-54.45947265625,-2.3441444852080635,1.8,0.8,3.5,2.0,8.0,0.6,0.01,0.06,0.5,0.1,0.2,0.35,1.2,12,10.0,14.0,0.9,1.2,0.6,0.01,0.06,0.65,0.3,0.72,0.005,0.38,0.22,0.01,0.14,1.0,0.28
lqr,ground_truth,gentle_curve,1700.0,0.05,0.1,1.0,1961.6880021952093,105.15312957763672,-49.28447723388672,16.68767735740992,2.756767087034522,2.8071778332611173,-0.32015976676909164,2.8071778332611173,0.32015976676909164,-0.20000000298023224,0.10000000894069672,1.0,0.0,19.444444444444443,179,173,4.273207187652588,RoadOption.STRAIGHT,96.4793930053711,-55.26023864746094,-2.3695172198615753,1.8,0.8,3.5,2.0,8.0,0.6,0.01,0.06,0.5,0.1,0.2,0.35,1.2,12,10.0,14.0,0.9,1.2,0.6,0.01,0.06,0.65,0.3,0.72,0.005,0.38,0.22,0.01,0.14,1.0,0.28
lqr,ground_truth,gentle_curve,1700.0,0.05,0.1,1.0,1961.7380021959543,104.6283950805664,-49.93718338012695,16.520975316142014,2.923469128302429,2.7057357130346817,-0.4069935988497244,2.7057357130346817,0.4069935988497244,-0.10000000149011612,0.10000000149011612,1.0,0.0,19.444444444444443,180,174,4.493663311004639,RoadOption.STRAIGHT,95.65754699707031,-56.040409088134766,-2.394889954515087,1.8,0.8,3.5,2.0,8.0,0.6,0.01,0.06,0.5,0.1,0.2,0.35,1.2,12,10.0,14.0,0.9,1.2,0.6,0.01,0.06,0.65,0.3,0.72,0.005,0.38,0.22,0.01,0.14,1.0,0.28
lqr,ground_truth,gentle_curve,1700.0,0.05,0.1,1.0,1961.7880021966994,104.05187225341797,-50.54625701904297,16.42774036370004,3.016704080744404,2.54858009614618,-0.49878290792872226,2.54858009614618,0.49878290792872226,-2.7755575615628914e-17,0.10000000149011609,1.0,0.0,19.444444444444443,180,175,4.701788425445557,RoadOption.STRAIGHT,95.65754699707031,-56.040409088134766,-2.394889954515087,1.8,0.8,3.5,2.0,8.0,0.6,0.01,0.06,0.5,0.1,0.2,0.35,1.2,12,10.0,14.0,0.9,1.2,0.6,0.01,0.06,0.65,0.3,0.72,0.005,0.38,0.22,0.01,0.14,1.0,0.28
lqr,ground_truth,gentle_curve,1700.0,0.05,0.1,1.0,1961.8380021974444,103.43368530273438,-51.10374069213867,16.326009873578634,3.1184345708658086,2.4326220835499806,-0.5975957717505866,2.4326220835499806,0.5975957717505866,0.10000000149011612,0.10000000149011615,1.0,0.0,19.444444444444443,181,175,3.9616100788116455,RoadOption.STRAIGHT,94.8161849975586,-56.79947280883789,-2.42026242285249,1.8,0.8,3.5,2.0,8.0,0.6,0.01,0.06,0.5,0.1,0.2,0.35,1.2,12,10.0,14.0,0.9,1.2,0.6,0.01,0.06,0.65,0.3,0.72,0.005,0.38,0.22,0.01,0.14,1.0,0.28
lqr,ground_truth,gentle_curve,1700.0,0.05,0.1,1.0,1961.8880021981895,102.77259826660156,-51.59883499145508,16.331867163998986,3.112577280445457,2.1696931819238605,-0.6477215234719487,2.1696931819238605,0.6477215234719487,0.20000000298023224,0.10000000149011612,1.0,0.0,19.444444444444443,182,176,4.128143310546875,RoadOption.STRAIGHT,93.95581817626953,-57.536949157714844,-2.4456351575060022,1.8,0.8,3.5,2.0,8.0,0.6,0.01,0.06,0.5,0.1,0.2,0.35,1.2,12,10.0,14.0,0.9,1.2,0.6,0.01,0.06,0.65,0.3,0.72,0.005,0.38,0.22,0.01,0.14,1.0,0.28
lqr,ground_truth,gentle_curve,1700.0,0.05,0.1,1.0,1961.9380021989346,102.0738296508789,-52.04062271118164,16.447756877826706,2.9966875666177373,1.853763247134631,-0.6789492177820002,1.853763247134631,0.6789492177820002,0.30000001192092896,0.10000000894069672,1.0,0.0,19.444444444444443,183,177,4.318012237548828,RoadOption.STRAIGHT,93.0770263671875,-58.25236129760742,-2.471007625843405,1.8,0.8,3.5,2.0,8.0,0.6,0.01,0.06,0.5,0.1,0.2,0.35,1.2,12,10.0,14.0,0.9,1.2,0.6,0.01,0.06,0.65,0.3,0.72,0.005,0.38,0.22,0.01,0.14,1.0,0.28
lqr,ground_truth,gentle_curve,1700.0,0.05,0.1,1.0,1961.9880021996796,101.34278106689453,-52.43750762939453,16.643849103072206,2.8005953413722366,1.4939694357733677,-0.6862641223481205,1.4939694357733677,0.6862641223481205,0.4000000059604645,0.09999999403953552,1.0,0.0,19.444444444444443,183,178,4.537062168121338,RoadOption.STRAIGHT,93.0770263671875,-58.25236129760742,-2.471007625843405,1.8,0.8,3.5,2.0,8.0,0.6,0.01,0.06,0.5,0.1,0.2,0.35,1.2,12,10.0,14.0,0.9,1.2,0.6,0.01,0.06,0.65,0.3,0.72,0.005,0.38,0.22,0.01,0.14,1.0,0.28
lqr,ground_truth,gentle_curve,1700.0,0.05,0.1,1.0,1962.0380022004247,100.5850830078125,-52.799339294433594,16.885574607819777,2.558869836624666,1.204531067235137,-0.6886263462350208,1.204531067235137,0.6886263462350208,0.5,0.09999999403953552,1.0,0.0,19.444444444444443,184,178,3.6975409984588623,RoadOption.STRAIGHT,92.18037414550781,-58.94524383544922,-2.496380360496917,1.8,0.8,3.5,2.0,8.0,0.6,0.01,0.06,0.5,0.1,0.2,0.35,1.2,12,10.0,14.0,0.9,1.2,0.6,0.01,0.06,0.65,0.3,0.72,0.005,0.38,0.22,0.01,0.14,1.0,0.28
lqr,ground_truth,gentle_curve,1700.0,0.05,0.1,1.0,1962.0880022011697,99.80660247802734,-53.13776779174805,17.137249239208664,2.3071952052357787,0.8004655456839131,-0.6296120280594102,0.8004655456839131,0.6296120280594102,0.5,0.0,1.0,0.0,19.444444444444443,185,179,3.9465434551239014,RoadOption.STRAIGHT,91.26642608642578,-59.61516571044922,-2.521753095150429,1.8,0.8,3.5,2.0,8.0,0.6,0.01,0.06,0.5,0.1,0.2,0.35,1.2,12,10.0,14.0,0.9,1.2,0.6,0.01,0.06,0.65,0.3,0.72,0.005,0.38,0.22,0.01,0.14,1.0,0.28
lqr,ground_truth,gentle_curve,1700.0,0.05,0.1,1.0,1962.1380022019148,99.01128387451172,-53.46686935424805,17.4292228632328,2.0152215812116445,0.38912907803728736,-0.536469833146652,0.38912907803728736,0.536469833146652,0.5,0.0,0.9087648391723633,0.0,19.444444444444443,186,180,4.227370262145996,RoadOption.STRAIGHT,90.33576965332031,-60.26167297363281,-2.547125563487832,1.8,0.8,3.5,2.0,8.0,0.6,0.01,0.06,0.5,0.1,0.2,0.35,1.2,12,10.0,14.0,0.9,1.2,0.6,0.01,0.06,0.65,0.3,0.72,0.005,0.38,0.22,0.01,0.14,1.0,0.28
lqr,ground_truth,gentle_curve,1700.0,0.05,0.1,1.0,1962.1880022026598,98.20333862304688,-53.805320739746094,17.722536415637766,1.721908028806677,-0.011569803596890527,-0.4195826276386381,0.011569803596890527,0.4195826276386381,0.5,0.0,0.7311686873435974,0.0,19.444444444444443,186,181,4.520813465118408,RoadOption.STRAIGHT,90.33576965332031,-60.26167297363281,-2.547125563487832,1.8,0.8,3.5,2.0,8.0,0.6,0.01,0.06,0.5,0.1,0.2,0.35,1.2,12,10.0,14.0,0.9,1.2,0.6,0.01,0.06,0.65,0.3,0.72,0.005,0.38,0.22,0.01,0.14,1.0,0.28
lqr,ground_truth,gentle_curve,1700.0,0.05,0.1,1.0,1962.238002203405,97.39299774169922,-54.172943115234375,17.930713406578004,1.5137310378664388,-0.2706481789487809,-0.31482159352208194,0.2706481789487809,0.31482159352208194,0.5,0.0,0.7084262371063232,0.0,19.444444444444443,187,181,3.6794867515563965,RoadOption.STRAIGHT,89.38902282714844,-60.884368896484375,-2.5724982981413436,1.8,0.8,3.5,2.0,8.0,0.6,0.01,0.06,0.5,0.1,0.2,0.35,1.2,12,10.0,14.0,0.9,1.2,0.6,0.01,0.06,0.65,0.3,0.72,0.005,0.38,0.22,0.01,0.14,1.0,0.28
lqr,ground_truth,gentle_curve,1700.0,0.05,0.1,1.0,1962.28800220415,96.5931396484375,-54.58169937133789,18.013106763255152,1.4313376811892908,-0.5771364335902345,-0.1779433692913881,0.5771364335902345,0.1779433692913881,0.5,0.0,0.8099305629730225,0.0,19.444444444444443,188,182,3.960930109024048,RoadOption.STRAIGHT,88.42677307128906,-61.482845306396484,-2.5978710327948558,1.8,0.8,3.5,2.0,8.0,0.6,0.01,0.06,0.5,0.1,0.2,0.35,1.2,12,10.0,14.0,0.9,1.2,0.6,0.01,0.06,0.65,0.3,0.72,0.005,0.38,0.22,0.01,0.14,1.0,0.28
lqr,ground_truth,gentle_curve,1700.0,0.05,0.1,1.0,1962.338002204895,95.81578826904297,-55.03677749633789,17.985142381625238,1.459302062819205,-0.8172872668654205,-0.03765123885932242,0.8172872668654205,0.03765123885932242,0.4000000059604645,-0.09999999403953552,0.9591384530067444,0.0,19.444444444444443,189,183,4.223836898803711,RoadOption.STRAIGHT,87.44966125488281,-62.05671691894531,-2.6232437674483675,1.8,0.8,3.5,2.0,8.0,0.6,0.01,0.06,0.5,0.1,0.2,0.35,1.2,12,10.0,14.0,0.9,1.2,0.6,0.01,0.06,0.65,0.3,0.72,0.005,0.38,0.22,0.01,0.14,1.0,0.28
lqr,ground_truth,gentle_curve,1700.0,0.05,0.1,1.0,1962.38800220564,95.06842803955078,-55.53974151611328,17.953202298519138,1.4912421459253054,-0.984118011701618,0.10303557204629366,0.984118011701618,0.10303557204629366,0.30000001192092896,-0.09999999403953552,0.983073353767395,0.0,19.444444444444443,189,184,4.465232849121094,RoadOption.STRAIGHT,87.44966125488281,-62.05671691894531,-2.6232437674483675,1.8,0.8,3.5,2.0,8.0,0.6,0.01,0.06,0.5,0.1,0.2,0.35,1.2,12,10.0,14.0,0.9,1.2,0.6,0.01,0.06,0.65,0.3,0.72,0.005,0.38,0.22,0.01,0.14,1.0,0.28
lqr,ground_truth,gentle_curve,1700.0,0.05,0.1,1.0,1962.4380022063851,94.35468292236328,-56.090702056884766,17.94605425847196,1.4983901859724824,-0.9731394235432371,0.21555492705046841,0.9731394235432371,0.21555492705046841,0.20000000298023224,-0.10000000894069672,0.9576117396354675,0.0,19.444444444444443,190,184,3.5883185863494873,RoadOption.STRAIGHT,86.45829010009766,-62.60560989379883,-2.6486165021018793,1.8,0.8,3.5,2.0,8.0,0.6,0.01,0.06,0.5,0.1,0.2,0.35,1.2,12,10.0,14.0,0.9,1.2,0.6,0.01,0.06,0.65,0.3,0.72,0.005,0.38,0.22,0.01,0.14,1.0,0.28
lqr,ground_truth,gentle_curve,1700.0,0.05,0.1,1.0,1962.4880022071302,93.67719268798828,-56.68850326538086,17.96805207990196,1.476392364542484,-0.9817949695861807,0.3477655619966349,0.9817949695861807,0.3477655619966349,0.10000000149011612,-0.10000000149011612,0.9094380140304565,0.0,19.444444444444443,191,185,3.7917213439941406,RoadOption.STRAIGHT,85.45333099365234,-63.12917709350586,-2.6739889704392823,1.8,0.8,3.5,2.0,8.0,0.6,0.01,0.06,0.5,0.1,0.2,0.35,1.2,12,10.0,14.0,0.9,1.2,0.6,0.01,0.06,0.65,0.3,0.72,0.005,0.38,0.22,0.01,0.14,1.0,0.28
lqr,ground_truth,gentle_curve,1700.0,0.05,0.1,1.0,1962.5380022078753,93.03770446777344,-57.33071517944336,18.019135836838384,1.425308607606059,-0.9148779700829621,0.4711193221055243,0.9148779700829621,0.4711193221055243,2.7755575615628914e-17,-0.10000000149011609,0.8438846468925476,0.0,19.444444444444443,192,186,3.9863474369049072,RoadOption.STRAIGHT,84.43539428710938,-63.62708282470703,-2.6993617050927945,1.8,0.8,3.5,2.0,8.0,0.6,0.01,0.06,0.5,0.1,0.2,0.35,1.2,12,10.0,14.0,0.9,1.2,0.6,0.01,0.06,0.65,0.3,0.72,0.005,0.38,0.22,0.01,0.14,1.0,0.28
lqr,ground_truth,gentle_curve,1700.0,0.05,0.1,1.0,1962.5880022086203,92.43663787841797,-58.01372528076172,18.098059124452913,1.3463853199915299,-0.7759332082640775,0.5816624784228059,0.7759332082640775,0.5816624784228059,-0.10000000149011612,-0.10000000149011615,0.7631232738494873,0.0,19.444444444444443,193,187,4.18671178817749,RoadOption.STRAIGHT,83.40515899658203,-64.0989990234375,-2.724734173430197,1.8,0.8,3.5,2.0,8.0,0.6,0.01,0.06,0.5,0.1,0.2,0.35,1.2,12,10.0,14.0,0.9,1.2,0.6,0.01,0.06,0.65,0.3,0.72,0.005,0.38,0.22,0.01,0.14,1.0,0.28
lqr,ground_truth,gentle_curve,1700.0,0.05,0.1,1.0,1962.6380022093654,91.87432098388672,-58.733192443847656,18.186219067444398,1.2582253770000449,-0.569622605589788,0.6757694034404453,0.569622605589788,0.6757694034404453,-0.20000000298023224,-0.10000000149011612,0.6991432905197144,0.0,19.444444444444443,193,188,4.409782409667969,RoadOption.STRAIGHT,83.40515899658203,-64.0989990234375,-2.724734173430197,1.8,0.8,3.5,2.0,8.0,0.6,0.01,0.06,0.5,0.1,0.2,0.35,1.2,12,10.0,14.0,0.9,1.2,0.6,0.01,0.06,0.65,0.3,0.72,0.005,0.38,0.22,0.01,0.14,1.0,0.28
lqr,ground_truth,gentle_curve,1700.0,0.05,0.1,1.0,1962.6880022101104,91.34818267822266,-59.483314514160156,18.282121741729643,1.1623227027147998,-0.1998603748247323,0.7223816467356663,0.1998603748247323,0.7223816467356663,-0.30000001192092896,-0.10000000894069672,0.6323103904724121,0.0,19.444444444444443,194,188,3.54016375541687,RoadOption.STRAIGHT,82.36328887939453,-64.54463195800781,-2.7501069080837093,1.8,0.8,3.5,2.0,8.0,0.6,0.01,0.06,0.5,0.1,0.2,0.35,1.2,12,10.0,14.0,0.9,1.2,0.6,0.01,0.06,0.65,0.3,0.72,0.005,0.38,0.22,0.01,0.14,1.0,0.28
lqr,ground_truth,gentle_curve,1700.0,0.05,0.1,1.0,1962.7380022108555,90.85358428955078,-60.25698471069336,18.36346028177318,1.080984162671264,0.12314556058457504,0.7659901106373868,0.12314556058457504,0.7659901106373868,-0.4000000059604645,-0.09999999403953552,0.6009842753410339,0.0,19.444444444444443,195,189,3.850419282913208,RoadOption.STRAIGHT,81.31044006347656,-64.96368408203125,-2.775479376421112,1.8,0.8,3.5,2.0,8.0,0.6,0.01,0.06,0.5,0.1,0.2,0.35,1.2,12,10.0,14.0,0.9,1.2,0.6,0.01,0.06,0.65,0.3,0.72,0.005,0.38,0.22,0.01,0.14,1.0,0.28
lqr,ground_truth,gentle_curve,1700.0,0.05,0.1,1.0,1962.7880022116005,90.38307189941406,-61.04580307006836,18.405090087040104,1.0393543574043385,0.48332405774043985,0.7760209068831703,0.48332405774043985,0.7760209068831703,-0.5,-0.09999999403953552,0.6236568689346313,0.0,19.444444444444443,196,190,4.223376750946045,RoadOption.STRAIGHT,80.24730682373047,-65.35589599609375,-2.800852111074624,1.8,0.8,3.5,2.0,8.0,0.6,0.01,0.06,0.5,0.1,0.2,0.35,1.2,12,10.0,14.0,0.9,1.2,0.6,0.01,0.06,0.65,0.3,0.72,0.005,0.38,0.22,0.01,0.14,1.0,0.28
lqr,ground_truth,gentle_curve,1700.0,0.05,0.1,1.0,1962.8380022123456,89.92507934570312,-61.840091705322266,18.39148861350201,1.0529558309424338,0.8649305501146036,0.7509812005239729,0.8649305501146036,0.7509812005239729,-0.5,0.0,0.6980952620506287,0.0,19.444444444444443,196,191,4.653845310211182,RoadOption.STRAIGHT,80.24730682373047,-65.35589599609375,-2.800852111074624,1.8,0.8,3.5,2.0,8.0,0.6,0.01,0.06,0.5,0.1,0.2,0.35,1.2,12,10.0,14.0,0.9,1.2,0.6,0.01,0.06,0.65,0.3,0.72,0.005,0.38,0.22,0.01,0.14,1.0,0.28
lqr,ground_truth,gentle_curve,1700.0,0.05,0.1,1.0,1962.8880022130907,89.46390533447266,-62.63071823120117,18.373433662990973,1.0710107814534702,1.3628106012474532,0.6720443068656969,1.3628106012474532,0.6720443068656969,-0.5,0.0,0.7142724394798279,0.0,19.444444444444443,197,191,4.041431903839111,RoadOption.STRAIGHT,79.174560546875,-65.72100830078125,-2.826224845728136,1.8,0.8,3.5,2.0,8.0,0.6,0.01,0.06,0.5,0.1,0.2,0.35,1.2,12,10.0,14.0,0.9,1.2,0.6,0.01,0.06,0.65,0.3,0.72,0.005,0.38,0.22,0.01,0.14,1.0,0.28
lqr,ground_truth,gentle_curve,1700.0,0.05,0.1,1.0,1962.9380022138357,88.98236083984375,-63.40868377685547,18.337846906137884,1.1065975383065592,1.7485166415753588,0.6020460470901638,1.7485166415753588,0.6020460470901638,-0.5,0.0,0.7566626071929932,0.0,19.444444444444443,197,192,4.55220890045166,RoadOption.STRAIGHT,79.174560546875,-65.72100830078125,-2.826224845728136,1.8,0.8,3.5,2.0,8.0,0.6,0.01,0.06,0.5,0.1,0.2,0.35,1.2,12,10.0,14.0,0.9,1.2,0.6,0.01,0.06,0.65,0.3,0.72,0.005,0.38,0.22,0.01,0.14,1.0,0.28
lqr,ground_truth,gentle_curve,1700.0,0.05,0.1,1.0,1962.9880022145808,88.46879577636719,-64.16389465332031,18.25691084002289,1.187533604421553,2.2112919091351437,0.4981631903430612,2.2112919091351437,0.4981631903430612,-0.5,0.0,0.8596434593200684,0.0,19.444444444444443,198,192,4.068967342376709,RoadOption.STRAIGHT,78.0928955078125,-66.05878448486328,-2.851597314065539,1.8,0.8,3.5,2.0,8.0,0.6,0.01,0.06,0.5,0.1,0.2,0.35,1.2,12,10.0,14.0,0.9,1.2,0.6,0.01,0.06,0.65,0.3,0.72,0.005,0.38,0.22,0.01,0.14,1.0,0.28
lqr,ground_truth,gentle_curve,1700.0,0.05,0.1,1.0,1963.0380022153258,87.91744995117188,-64.88690948486328,18.120933343567685,1.3235111008767575,2.547419377975942,0.414741799725201,2.547419377975942,0.414741799725201,-0.5,0.0,1.0,0.0,19.444444444444443,199,193,4.580564975738525,RoadOption.STRAIGHT,77.00301361083984,-66.36901092529297,-2.8769700487190506,1.8,0.8,3.5,2.0,8.0,0.6,0.01,0.06,0.5,0.1,0.2,0.35,1.2,12,10.0,14.0,0.9,1.2,0.6,0.01,0.06,0.65,0.3,0.72,0.005,0.38,0.22,0.01,0.14,1.0,0.28
lqr,ground_truth,gentle_curve,1700.0,0.05,0.1,1.0,1963.088002216071,87.3272705078125,-65.5706558227539,17.903930825708105,1.5405136187363375,2.8424657819817027,0.3293043961621511,2.8424657819817027,0.3293043961621511,-0.5,0.0,1.0,0.0,19.444444444444443,199,194,5.068910121917725,RoadOption.STRAIGHT,77.00301361083984,-66.36901092529297,-2.8769700487190506,1.8,0.8,3.5,2.0,8.0,0.6,0.01,0.06,0.5,0.1,0.2,0.35,1.2,12,10.0,14.0,0.9,1.2,0.6,0.01,0.06,0.65,0.3,0.72,0.005,0.38,0.22,0.01,0.14,1.0,0.28
lqr,ground_truth,gentle_curve,1700.0,0.05,0.1,1.0,1963.138002216816,86.7027587890625,-66.22289276123047,17.748665810632,1.6957786338124414,3.207066495803158,0.2209417029873717,3.207066495803158,0.2209417029873717,-0.5,0.0,1.0,0.0,19.444444444444443,200,194,4.652764320373535,RoadOption.STRAIGHT,75.90560913085938,-66.6514892578125,-2.9023425170564536,1.8,0.8,3.5,2.0,8.0,0.6,0.01,0.06,0.5,0.1,0.2,0.35,1.2,12,10.0,14.0,0.9,1.2,0.6,0.01,0.06,0.65,0.3,0.72,0.005,0.38,0.22,0.01,0.14,1.0,0.28
lqr,ground_truth,gentle_curve,1700.0,0.05,0.1,1.0,1963.188002217561,86.04634857177734,-66.82076263427734,17.632061199893613,1.8123832445508299,3.429405361252127,0.14662752434925563,3.429405361252127,0.14662752434925563,-0.5,0.0,1.0,0.0,19.444444444444443,200,195,5.087221145629883,RoadOption.STRAIGHT,75.90560913085938,-66.6514892578125,-2.9023425170564536,1.8,0.8,3.5,2.0,8.0,0.6,0.01,0.06,0.5,0.1,0.2,0.35,1.2,12,10.0,14.0,0.9,1.2,0.6,0.01,0.06,0.65,0.3,0.72,0.005,0.38,0.22,0.01,0.14,1.0,0.28
lqr,ground_truth,gentle_curve,1700.0,0.05,0.1,1.0,1963.238002218306,85.36248016357422,-67.37162780761719,17.31111630785563,2.133328136588812,3.698945009703754,0.033068204939404655,3.698945009703754,0.033068204939404655,-0.5,0.0,1.0,0.0,19.444444444444443,201,195,4.714041709899902,RoadOption.STRAIGHT,74.8013916015625,-66.90603637695312,-2.9277152517099654,1.8,0.8,3.5,2.0,8.0,0.6,0.01,0.06,0.5,0.1,0.2,0.35,1.2,12,10.0,14.0,0.9,1.2,0.6,0.01,0.06,0.65,0.3,0.72,0.005,0.38,0.22,0.01,0.14,1.0,0.28
lqr,ground_truth,gentle_curve,1700.0,0.05,0.1,1.0,1963.2880022190511,84.6573715209961,-67.88562774658203,17.038906913457822,2.4055375309866207,3.8580691451695683,-0.07432642917913057,3.8580691451695683,0.07432642917913057,-0.5,0.0,1.0,0.0,19.444444444444443,202,196,5.084727764129639,RoadOption.STRAIGHT,73.69107055664062,-67.13248443603516,-2.9530882526795867,1.8,0.8,3.5,2.0,8.0,0.6,0.01,0.06,0.5,0.1,0.2,0.35,1.2,12,10.0,14.0,0.9,1.2,0.6,0.01,0.06,0.65,0.3,0.72,0.005,0.38,0.22,0.01,0.14,1.0,0.28
lqr,ground_truth,gentle_curve,1700.0,0.05,0.1,1.0,1963.3380022197962,83.93016052246094,-68.34934997558594,16.70743719772685,2.7370072467175923,3.97374425667552,-0.18858829048454417,3.97374425667552,0.18858829048454417,-0.4516030550003052,0.048396944999694824,1.0,0.0,19.444444444444443,202,197,5.434205055236816,RoadOption.STRAIGHT,73.69107055664062,-67.13248443603516,-2.9530882526795867,1.8,0.8,3.5,2.0,8.0,0.6,0.01,0.06,0.5,0.1,0.2,0.35,1.2,12,10.0,14.0,0.9,1.2,0.6,0.01,0.06,0.65,0.3,0.72,0.005,0.38,0.22,0.01,0.14,1.0,0.28
lqr,ground_truth,gentle_curve,1700.0,0.05,0.1,1.0,1963.3880022205412,83.18455505371094,-68.75133514404297,16.312155844556084,3.1322885998883585,4.1246428803813595,-0.3299520769392572,4.1246428803813595,0.3299520769392572,-0.35160306096076965,0.09999999403953552,1.0,0.0,19.444444444444443,203,197,5.026897430419922,RoadOption.STRAIGHT,72.57536315917969,-67.33069610595703,-2.9784607210169893,1.8,0.8,3.5,2.0,8.0,0.6,0.01,0.06,0.5,0.1,0.2,0.35,1.2,12,10.0,14.0,0.9,1.2,0.6,0.01,0.06,0.65,0.3,0.72,0.005,0.38,0.22,0.01,0.14,1.0,0.28
lqr,ground_truth,gentle_curve,1700.0,0.05,0.1,1.0,1963.4380022212863,82.4759292602539,-69.01162719726562,10.851446503940293,8.59299794050415,4.082866059793488,-0.3816171357706857,4.082866059793488,0.3816171357706857,-0.4516030550003052,-0.09999999403953552,1.0,0.0,19.444444444444443,203,198,5.285630226135254,RoadOption.STRAIGHT,72.57536315917969,-67.33069610595703,-2.9784607210169893,1.8,0.8,3.5,2.0,8.0,0.6,0.01,0.06,0.5,0.1,0.2,0.35,1.2,12,10.0,14.0,0.9,1.2,0.6,0.01,0.06,0.65,0.3,0.72,0.005,0.38,0.22,0.01,0.14,1.0,0.28
lqr,ground_truth,gentle_curve,1700.0,0.05,0.1,1.0,1963.4880022220314,81.94242858886719,-68.94861602783203,10.861039793588521,8.583404650855922,3.869932587091792,-0.2454688839947834,3.869932587091792,0.2454688839947834,-0.5,-0.048396944999694824,1.0,0.0,19.444444444444443,204,198,4.814511775970459,RoadOption.STRAIGHT,71.45498657226562,-67.50053405761719,-3.0038334556705015,1.8,0.8,3.5,2.0,8.0,0.6,0.01,0.06,0.5,0.1,0.2,0.35,1.2,12,10.0,14.0,0.9,1.2,0.6,0.01,0.06,0.65,0.3,0.72,0.005,0.38,0.22,0.01,0.14,1.0,0.28
lqr,ground_truth,gentle_curve,1700.0,0.05,0.1,1.0,1963.5380022227764,81.39642333984375,-68.86969757080078,11.039685595374177,8.404758849070266,3.5627154047321867,-0.12747327084107907,3.5627154047321867,0.12747327084107907,-0.5,0.0,1.0,0.0,19.444444444444443,204,199,5.056166172027588,RoadOption.STRAIGHT,71.45498657226562,-67.50053405761719,-3.0038334556705015,1.8,0.8,3.5,2.0,8.0,0.6,0.01,0.06,0.5,0.1,0.2,0.35,1.2,12,10.0,14.0,0.9,1.2,0.6,0.01,0.06,0.65,0.3,0.72,0.005,0.38,0.22,0.01,0.14,1.0,0.28
lqr,ground_truth,gentle_curve,1700.0,0.05,0.1,1.0,1963.5880022235215,80.83876037597656,-68.7964859008789,11.249520526271224,8.194923918173219,3.3461981639985314,-0.07565374866642616,3.3461981639985314,0.07565374866642616,-0.5,0.0,1.0,0.0,19.444444444444443,205,199,4.540210723876953,RoadOption.STRAIGHT,70.33067321777344,-67.64189147949219,-3.029205924007904,1.8,0.8,3.5,2.0,8.0,0.6,0.01,0.06,0.5,0.1,0.2,0.35,1.2,12,10.0,14.0,0.9,1.2,0.6,0.01,0.06,0.65,0.3,0.72,0.005,0.38,0.22,0.01,0.14,1.0,0.28
lqr,ground_truth,gentle_curve,1700.0,0.05,0.1,1.0,1963.6380022242665,80.27468872070312,-68.73849487304688,11.37825364744379,8.066190797000653,3.062918326764054,-0.03928695240084901,3.062918326764054,0.03928695240084901,-0.5,0.0,1.0,0.0,19.444444444444443,205,200,4.842545032501221,RoadOption.STRAIGHT,70.33067321777344,-67.64189147949219,-3.029205924007904,1.8,0.8,3.5,2.0,8.0,0.6,0.01,0.06,0.5,0.1,0.2,0.35,1.2,12,10.0,14.0,0.9,1.2,0.6,0.01,0.06,0.65,0.3,0.72,0.005,0.38,0.22,0.01,0.14,1.0,0.28
lqr,ground_truth,gentle_curve,1700.0,0.05,0.1,1.0,1963.6880022250116,79.69583129882812,-68.68052673339844,11.752862065495252,7.691582378949191,2.869427086738047,-0.06213873876649201,2.869427086738047,0.06213873876649201,-0.5,0.0,1.0,0.0,19.444444444444443,206,200,4.299511432647705,RoadOption.STRAIGHT,69.20311737060547,-67.75468444824219,-3.0545786586614163,1.8,0.8,3.5,2.0,8.0,0.6,0.01,0.06,0.5,0.1,0.2,0.35,1.2,12,10.0,14.0,0.9,1.2,0.6,0.01,0.06,0.65,0.3,0.72,0.005,0.38,0.22,0.01,0.14,1.0,0.28
lqr,ground_truth,gentle_curve,1700.0,0.05,0.1,1.0,1963.7380022257566,79.09779357910156,-68.62646484375,12.217465278595721,7.2269791658487215,2.59314263868505,-0.08494684929025764,2.59314263868505,0.08494684929025764,-0.5,0.0,1.0,0.0,19.444444444444443,207,201,4.628171920776367,RoadOption.STRAIGHT,68.07307434082031,-67.83882904052734,-3.079951393314928,1.8,0.8,3.5,2.0,8.0,0.6,0.01,0.06,0.5,0.1,0.2,0.35,1.2,12,10.0,14.0,0.9,1.2,0.6,0.01,0.06,0.65,0.3,0.72,0.005,0.38,0.22,0.01,0.14,1.0,0.28
lqr,ground_truth,gentle_curve,1700.0,0.05,0.1,1.0,1963.7880022265017,78.4721908569336,-68.5772705078125,12.844685501200818,6.599758943243625,2.31512667606414,-0.1344952276872906,2.31512667606414,0.1344952276872906,-0.4000000059604645,0.09999999403953552,1.0,0.0,19.444444444444443,207,202,4.994684219360352,RoadOption.STRAIGHT,68.07307434082031,-67.83882904052734,-3.079951393314928,1.8,0.8,3.5,2.0,8.0,0.6,0.01,0.06,0.5,0.1,0.2,0.35,1.2,12,10.0,14.0,0.9,1.2,0.6,0.01,0.06,0.65,0.3,0.72,0.005,0.38,0.22,0.01,0.14,1.0,0.28
lqr,ground_truth,gentle_curve,1700.0,0.05,0.1,1.0,1963.8380022272468,77.81737518310547,-68.51066589355469,13.45355298496046,5.990891459483983,2.1269960140923168,-0.21888520999361205,2.1269960140923168,0.21888520999361205,-0.30000001192092896,0.09999999403953552,1.0,0.0,19.444444444444443,208,202,4.350391387939453,RoadOption.STRAIGHT,66.94125366210938,-67.894287109375,-3.105323861652331,1.8,0.8,3.5,2.0,8.0,0.6,0.01,0.06,0.5,0.1,0.2,0.35,1.2,12,10.0,14.0,0.9,1.2,0.6,0.01,0.06,0.65,0.3,0.72,0.005,0.38,0.22,0.01,0.14,1.0,0.28
lqr,ground_truth,gentle_curve,1700.0,0.05,0.1,1.0,1963.8880022279918,77.1353759765625,-68.41950225830078,14.007686391223606,5.436758053220837,1.814939298361772,-0.2749580667452314,1.814939298361772,0.2749580667452314,-0.20000000298023224,0.10000000894069672,1.0,0.0,19.444444444444443,208,203,4.688205718994141,RoadOption.STRAIGHT,66.94125366210938,-67.894287109375,-3.105323861652331,1.8,0.8,3.5,2.0,8.0,0.6,0.01,0.06,0.5,0.1,0.2,0.35,1.2,12,10.0,14.0,0.9,1.2,0.6,0.01,0.06,0.65,0.3,0.72,0.005,0.38,0.22,0.01,0.14,1.0,0.28
lqr,ground_truth,gentle_curve,1700.0,0.05,0.1,1.0,1963.9380022287369,76.42994689941406,-68.3016586303711,14.508284541155252,4.936159903289191,1.5840919475589001,-0.3465265262994759,1.5840919475589001,0.3465265262994759,-0.10000000149011612,0.10000000149011612,1.0,0.0,19.444444444444443,209,203,3.9749982357025146,RoadOption.STRAIGHT,65.80839538574219,-67.92100524902344,-3.130696596305843,1.8,0.8,3.5,2.0,8.0,0.6,0.01,0.06,0.5,0.1,0.2,0.35,1.2,12,10.0,14.0,0.9,1.2,0.6,0.01,0.06,0.65,0.3,0.72,0.005,0.38,0.22,0.01,0.14,1.0,0.28
lqr,ground_truth,gentle_curve,1700.0,0.05,0.1,1.0,1963.988002229482,75.70441436767578,-68.15821838378906,14.965143028569647,4.4793014158747955,1.2350015024300318,-0.37808312100415087,1.2350015024300318,0.37808312100415087,-2.7755575615628914e-17,0.10000000149011609,1.0,0.0,19.444444444444443,210,204,4.300023078918457,RoadOption.STRAIGHT,64.74905395507812,-67.92342376708984,3.141183858362466,1.8,0.8,3.5,2.0,8.0,0.6,0.01,0.06,0.5,0.1,0.2,0.35,1.2,12,10.0,14.0,0.9,1.2,0.6,0.01,0.06,0.65,0.3,0.72,0.005,0.38,0.22,0.01,0.14,1.0,0.28
lqr,ground_truth,gentle_curve,1700.0,0.05,0.1,1.0,1964.038002230227,74.9610366821289,-67.99346923828125,15.382695319327164,4.061749125117279,0.86865635160676,-0.3910708250082493,0.86865635160676,0.3910708250082493,0.10000000149011612,0.10000000149011615,1.0,0.0,19.444444444444443,210,205,4.643692493438721,RoadOption.STRAIGHT,64.74905395507812,-67.92342376708984,3.141183858362466,1.8,0.8,3.5,2.0,8.0,0.6,0.01,0.06,0.5,0.1,0.2,0.35,1.2,12,10.0,14.0,0.9,1.2,0.6,0.01,0.06,0.65,0.3,0.72,0.005,0.38,0.22,0.01,0.14,1.0,0.28
lqr,ground_truth,gentle_curve,1700.0,0.05,0.1,1.0,1964.088002230972,74.20113372802734,-67.81312561035156,15.761565650290477,3.6828787941539662,0.6042271285192948,-0.40919709833565676,0.6042271285192948,0.40919709833565676,0.20000000298023224,0.10000000149011612,1.0,0.0,19.444444444444443,211,205,3.8742473125457764,RoadOption.STRAIGHT,63.74905014038086,-67.92301940917969,3.141183858362466,1.8,0.8,3.5,2.0,8.0,0.6,0.01,0.06,0.5,0.1,0.2,0.35,1.2,12,10.0,14.0,0.9,1.2,0.6,0.01,0.06,0.65,0.3,0.72,0.005,0.38,0.22,0.01,0.14,1.0,0.28
lqr,ground_truth,gentle_curve,1700.0,0.05,0.1,1.0,1964.138002231717,73.42501068115234,-67.626953125,16.092896953201706,3.351547491242737,0.2396523264931354,-0.3797864788373655,0.2396523264931354,0.3797864788373655,0.30000001192092896,0.10000000894069672,1.0,0.0,19.444444444444443,212,206,4.223825454711914,RoadOption.STRAIGHT,62.74905014038086,-67.922607421875,3.141183858362466,1.8,0.8,3.5,2.0,8.0,0.6,0.01,0.06,0.5,0.1,0.2,0.35,1.2,12,10.0,14.0,0.9,1.2,0.6,0.01,0.06,0.65,0.3,0.72,0.005,0.38,0.22,0.01,0.14,1.0,0.28
lqr,ground_truth,gentle_curve,1700.0,0.05,0.1,1.0,1964.1880022324622,72.63273620605469,-67.44673156738281,16.3657040393835,3.0787404050609446,-0.11046744590291924,-0.3282098369541284,0.11046744590291924,0.3282098369541284,0.4000000059604645,0.09999999403953552,1.0,0.0,19.444444444444443,213,207,4.5764899253845215,RoadOption.STRAIGHT,61.74905014038086,-67.92219543457031,3.141183858362466,1.8,0.8,3.5,2.0,8.0,0.6,0.01,0.06,0.5,0.1,0.2,0.35,1.2,12,10.0,14.0,0.9,1.2,0.6,0.01,0.06,0.65,0.3,0.72,0.005,0.38,0.22,0.01,0.14,1.0,0.28
lqr,ground_truth,gentle_curve,1700.0,0.05,0.1,1.0,1964.2380022332072,71.82506561279297,-67.28536224365234,16.566034960205766,2.878409484238677,-0.43143328352759847,-0.2562232611087403,0.43143328352759847,0.2562232611087403,0.5,0.09999999403953552,1.0,0.0,19.444444444444443,213,208,4.921626567840576,RoadOption.STRAIGHT,61.74905014038086,-67.92219543457031,3.141183858362466,1.8,0.8,3.5,2.0,8.0,0.6,0.01,0.06,0.5,0.1,0.2,0.35,1.2,12,10.0,14.0,0.9,1.2,0.6,0.01,0.06,0.65,0.3,0.72,0.005,0.38,0.22,0.01,0.14,1.0,0.28
lqr,ground_truth,gentle_curve,1700.0,0.05,0.1,1.0,1964.2880022339523,71.00431823730469,-67.15520477294922,16.68320242495991,2.761242019484534,-0.5912661474683759,-0.19192523133041384,0.5912661474683759,0.19192523133041384,0.5,0.0,1.0,0.0,19.444444444444443,214,208,4.1297383308410645,RoadOption.STRAIGHT,60.74905014038086,-67.92179107666016,3.141183858362466,1.8,0.8,3.5,2.0,8.0,0.6,0.01,0.06,0.5,0.1,0.2,0.35,1.2,12,10.0,14.0,0.9,1.2,0.6,0.01,0.06,0.65,0.3,0.72,0.005,0.38,0.22,0.01,0.14,1.0,0.28
lqr,ground_truth,gentle_curve,1700.0,0.05,0.1,1.0,1964.3380022346973,70.17314910888672,-67.0655288696289,16.77332001506638,2.6711244293780645,-0.8078679315358124,-0.0883924471086015,0.8078679315358124,0.0883924471086015,0.42250722646713257,-0.07749277353286743,1.0,0.0,19.444444444444443,215,209,4.447799205780029,RoadOption.STRAIGHT,59.74905014038086,-67.92137908935547,3.141183858362466,1.8,0.8,3.5,2.0,8.0,0.6,0.01,0.06,0.5,0.1,0.2,0.35,1.2,12,10.0,14.0,0.9,1.2,0.6,0.01,0.06,0.65,0.3,0.72,0.005,0.38,0.22,0.01,0.14,1.0,0.28
lqr,ground_truth,gentle_curve,1700.0,0.05,0.1,1.0,1964.3880022354424,69.33199310302734,-67.02125549316406,16.90385222636597,2.540592218078473,-0.9040416821421492,0.009411344976230751,0.9040416821421492,0.009411344976230751,0.32250723242759705,-0.09999999403953552,1.0,0.0,19.444444444444443,216,210,4.67089319229126,RoadOption.STRAIGHT,58.74905014038086,-67.92097473144531,3.141183858362466,1.8,0.8,3.5,2.0,8.0,0.6,0.01,0.06,0.5,0.1,0.2,0.35,1.2,12,10.0,14.0,0.9,1.2,0.6,0.01,0.06,0.65,0.3,0.72,0.005,0.38,0.22,0.01,0.14,1.0,0.28
lqr,ground_truth,gentle_curve,1700.0,0.05,0.1,1.0,1964.4380022361875,68.48088073730469,-67.02474212646484,17.081156828066,2.363287616378443,-0.9002115573683658,0.09831298848525627,0.9002115573683658,0.09831298848525627,0.22250723838806152,-0.09999999403953552,1.0,0.0,19.444444444444443,217,211,4.816339492797852,RoadOption.STRAIGHT,57.74905014038086,-67.92056274414062,3.141183858362466,1.8,0.8,3.5,2.0,8.0,0.6,0.01,0.06,0.5,0.1,0.2,0.35,1.2,12,10.0,14.0,0.9,1.2,0.6,0.01,0.06,0.65,0.3,0.72,0.005,0.38,0.22,0.01,0.14,1.0,0.28
lqr,ground_truth,gentle_curve,1700.0,0.05,0.1,1.0,1964.4880022369325,67.62033081054688,-67.07620239257812,17.297971580081594,2.146472864362849,-0.8483963148074789,0.18364200139193976,0.8483963148074789,0.18364200139193976,0.1225072368979454,-0.10000000149011612,1.0,0.0,19.444444444444443,218,212,4.944267272949219,RoadOption.STRAIGHT,56.749053955078125,-67.92015838623047,3.141183858362466,1.8,0.8,3.5,2.0,8.0,0.6,0.01,0.06,0.5,0.1,0.2,0.35,1.2,12,10.0,14.0,0.9,1.2,0.6,0.01,0.06,0.65,0.3,0.72,0.005,0.38,0.22,0.01,0.14,1.0,0.28
lqr,ground_truth,gentle_curve,1700.0,0.05,0.1,1.0,1964.5380022376776,66.75129699707031,-67.17414093017578,17.5471376864274,1.8973067580170415,-0.750099336473488,0.2597580748236039,0.750099336473488,0.2597580748236039,0.022507237270474434,-0.09999999962747097,0.8893847465515137,0.0,19.444444444444443,218,213,5.057871341705322,RoadOption.STRAIGHT,56.749053955078125,-67.92015838623047,3.141183858362466,1.8,0.8,3.5,2.0,8.0,0.6,0.01,0.06,0.5,0.1,0.2,0.35,1.2,12,10.0,14.0,0.9,1.2,0.6,0.01,0.06,0.65,0.3,0.72,0.005,0.38,0.22,0.01,0.14,1.0,0.28
lqr,ground_truth,gentle_curve,1700.0,0.05,0.1,1.0,1964.5880022384226,65.87474822998047,-67.31484985351562,17.815880516836497,1.6285639276079458,-0.6090320959483013,0.32101317674040786,0.6090320959483013,0.32101317674040786,-0.07749276608228683,-0.10000000335276127,0.7046469449996948,0.0,19.444444444444443,219,213,4.170162677764893,RoadOption.STRAIGHT,55.749053955078125,-67.91974639892578,3.141183858362466,1.8,0.8,3.5,2.0,8.0,0.6,0.01,0.06,0.5,0.1,0.2,0.35,1.2,12,10.0,14.0,0.9,1.2,0.6,0.01,0.06,0.65,0.3,0.72,0.005,0.38,0.22,0.01,0.14,1.0,0.28
lqr,ground_truth,gentle_curve,1700.0,0.05,0.1,1.0,1964.6380022391677,64.99195098876953,-67.49199676513672,18.071493719277846,1.3729507251665964,-0.4315287531797496,0.36165461287167044,0.4315287531797496,0.36165461287167044,-0.17749276757240295,-0.10000000149011612,0.5670346021652222,0.0,19.444444444444443,220,214,4.264614105224609,RoadOption.STRAIGHT,54.749053955078125,-67.91934204101562,3.141183858362466,1.8,0.8,3.5,2.0,8.0,0.6,0.01,0.06,0.5,0.1,0.2,0.35,1.2,12,10.0,14.0,0.9,1.2,0.6,0.01,0.06,0.65,0.3,0.72,0.005,0.38,0.22,0.01,0.14,1.0,0.28
lqr,ground_truth,gentle_curve,1700.0,0.05,0.1,1.0,1964.6880022399127,64.10494232177734,-67.69764709472656,18.269004251640563,1.1754401928038796,-0.22551264381949598,0.37800668828086614,0.22551264381949598,0.37800668828086614,-0.2774927616119385,-0.09999999403953552,0.5182514786720276,0.0,19.444444444444443,221,215,4.361634254455566,RoadOption.STRAIGHT,53.749053955078125,-67.91893005371094,3.141183858362466,1.8,0.8,3.5,2.0,8.0,0.6,0.01,0.06,0.5,0.1,0.2,0.35,1.2,12,10.0,14.0,0.9,1.2,0.6,0.01,0.06,0.65,0.3,0.72,0.005,0.38,0.22,0.01,0.14,1.0,0.28
lqr,ground_truth,gentle_curve,1700.0,0.05,0.1,1.0,1964.7380022406578,63.215370178222656,-67.91918182373047,18.381093940331038,1.063350504113405,-0.0036187178293677347,0.366826738024713,0.0036187178293677347,0.366826738024713,-0.377492755651474,-0.09999999403953552,0.5535026788711548,0.0,19.444444444444443,222,216,4.466320514678955,RoadOption.STRAIGHT,52.749053955078125,-67.91851806640625,3.141183858362466,1.8,0.8,3.5,2.0,8.0,0.6,0.01,0.06,0.5,0.1,0.2,0.35,1.2,12,10.0,14.0,0.9,1.2,0.6,0.01,0.06,0.65,0.3,0.72,0.005,0.38,0.22,0.01,0.14,1.0,0.28
lqr,ground_truth,gentle_curve,1700.0,0.05,0.1,1.0,1964.7880022414029,62.32394027709961,-68.14105224609375,18.399827790594163,1.0446166538502801,0.21861929032838615,0.3283131676044233,0.21861929032838615,0.3283131676044233,-0.4774927496910095,-0.09999999403953552,0.6542893648147583,0.0,19.444444444444443,223,217,4.580200672149658,RoadOption.STRAIGHT,51.749053955078125,-67.9181137084961,3.141183858362466,1.8,0.8,3.5,2.0,8.0,0.6,0.01,0.06,0.5,0.1,0.2,0.35,1.2,12,10.0,14.0,0.9,1.2,0.6,0.01,0.06,0.65,0.3,0.72,0.005,0.38,0.22,0.01,0.14,1.0,0.28
lqr,ground_truth,gentle_curve,1700.0,0.05,0.1,1.0,1964.838002242148,61.430545806884766,-68.34551239013672,18.328943705614833,1.1155007388296099,0.42344019689255646,0.26655206508050533,0.42344019689255646,0.26655206508050533,-0.5,-0.02250725030899048,0.8043613433837891,0.0,19.444444444444443,224,218,4.700776100158691,RoadOption.STRAIGHT,50.749053955078125,-67.9177017211914,3.141183858362466,1.8,0.8,3.5,2.0,8.0,0.6,0.01,0.06,0.5,0.1,0.2,0.35,1.2,12,10.0,14.0,0.9,1.2,0.6,0.01,0.06,0.65,0.3,0.72,0.005,0.38,0.22,0.01,0.14,1.0,0.28
lqr,ground_truth,gentle_curve,1700.0,0.05,0.1,1.0,1964.888002242893,60.53518295288086,-68.5170669555664,18.217065770092344,1.2273786743520994,0.5953639600932692,0.1880007971480726,0.5953639600932692,0.1880007971480726,-0.5,0.0,0.9206807017326355,0.0,19.444444444444443,225,219,4.823258876800537,RoadOption.STRAIGHT,49.749053955078125,-67.91729736328125,3.141183858362466,1.8,0.8,3.5,2.0,8.0,0.6,0.01,0.06,0.5,0.1,0.2,0.35,1.2,12,10.0,14.0,0.9,1.2,0.6,0.01,0.06,0.65,0.3,0.72,0.005,0.38,0.22,0.01,0.14,1.0,0.28
lqr,ground_truth,gentle_curve,1700.0,0.05,0.1,1.0,1964.938002243638,59.63761520385742,-68.64599609375,18.10575551275874,1.3386889316857022,0.724655571566173,0.09876093218060689,0.724655571566173,0.09876093218060689,-0.5,0.0,0.9867856502532959,0.0,19.444444444444443,226,220,4.942272663116455,RoadOption.STRAIGHT,48.749053955078125,-67.91688537597656,3.141183858362466,1.8,0.8,3.5,2.0,8.0,0.6,0.01,0.06,0.5,0.1,0.2,0.35,1.2,12,10.0,14.0,0.9,1.2,0.6,0.01,0.06,0.65,0.3,0.72,0.005,0.38,0.22,0.01,0.14,1.0,0.28
lqr,ground_truth,gentle_curve,1700.0,0.05,0.1,1.0,1964.988002244383,58.73885726928711,-68.72520446777344,17.99474715940251,1.4496972850419318,0.8042345389694782,0.00269112428152507,0.8042345389694782,0.00269112428152507,-0.4000000059604645,0.09999999403953552,1.0,0.0,19.444444444444443,226,221,5.054524898529053,RoadOption.STRAIGHT,48.749053955078125,-67.91688537597656,3.141183858362466,1.8,0.8,3.5,2.0,8.0,0.6,0.01,0.06,0.5,0.1,0.2,0.35,1.2,12,10.0,14.0,0.9,1.2,0.6,0.01,0.06,0.65,0.3,0.72,0.005,0.38,0.22,0.01,0.14,1.0,0.28
lqr,ground_truth,gentle_curve,1700.0,0.05,0.1,1.0,1965.0380022451282,57.83951950073242,-68.75055694580078,17.947189273190872,1.4972551712535704,0.8299546598557515,-0.09663865910792335,0.8299546598557515,0.09663865910792335,-0.30000001192092896,0.09999999403953552,1.0,0.0,19.444444444444443,227,221,4.1741485595703125,RoadOption.STRAIGHT,47.749053955078125,-67.9164810180664,3.141183858362466,1.8,0.8,3.5,2.0,8.0,0.6,0.01,0.06,0.5,0.1,0.2,0.35,1.2,12,10.0,14.0,0.9,1.2,0.6,0.01,0.06,0.65,0.3,0.72,0.005,0.38,0.22,0.01,0.14,1.0,0.28
lqr,ground_truth,gentle_curve,1700.0,0.05,0.1,1.0,1965.0880022458732,56.93963623046875,-68.72035217285156,17.96114882073754,1.4832956237069013,0.8001209494604572,-0.1951561783648974,0.8001209494604572,0.1951561783648974,-0.20000000298023224,0.10000000894069672,0.9232259392738342,0.0,19.444444444444443,228,222,4.266605377197266,RoadOption.STRAIGHT,46.749053955078125,-67.91606903076172,3.141183858362466,1.8,0.8,3.5,2.0,8.0,0.6,0.01,0.06,0.5,0.1,0.2,0.35,1.2,12,10.0,14.0,0.9,1.2,0.6,0.01,0.06,0.65,0.3,0.72,0.005,0.38,0.22,0.01,0.14,1.0,0.28
lqr,ground_truth,gentle_curve,1700.0,0.05,0.1,1.0,1965.1380022466183,56.04011535644531,-68.63448333740234,18.024736118093983,1.4197083263504595,0.714615403676529,-0.28878546544103134,0.714615403676529,0.28878546544103134,-0.10000000149011612,0.10000000149011612,0.8255202174186707,0.0,19.444444444444443,229,223,4.350447654724121,RoadOption.STRAIGHT,45.749053955078125,-67.91566467285156,3.141183858362466,1.8,0.8,3.5,2.0,8.0,0.6,0.01,0.06,0.5,0.1,0.2,0.35,1.2,12,10.0,14.0,0.9,1.2,0.6,0.01,0.06,0.65,0.3,0.72,0.005,0.38,0.22,0.01,0.14,1.0,0.28
lqr,ground_truth,gentle_curve,1700.0,0.05,0.1,1.0,1965.1880022473633,55.142581939697266,-68.49454498291016,18.121490746084127,1.3229536983603154,0.575047160298374,-0.3731256466349686,0.575047160298374,0.3731256466349686,-2.7755575615628914e-17,0.10000000149011609,0.7276666760444641,0.0,19.444444444444443,230,224,4.431234359741211,RoadOption.STRAIGHT,44.749053955078125,-67.91525268554688,3.141183858362466,1.8,0.8,3.5,2.0,8.0,0.6,0.01,0.06,0.5,0.1,0.2,0.35,1.2,12,10.0,14.0,0.9,1.2,0.6,0.01,0.06,0.65,0.3,0.72,0.005,0.38,0.22,0.01,0.14,1.0,0.28
lqr,ground_truth,gentle_curve,1700.0,0.05,0.1,1.0,1965.2380022481084,54.248939514160156,-68.30422973632812,18.236302555007303,1.2081418894371403,0.38509280902721943,-0.4431135200822509,0.38509280902721943,0.4431135200822509,0.10000000149011612,0.10000000149011615,0.6371109485626221,0.0,19.444444444444443,231,225,4.516490936279297,RoadOption.STRAIGHT,43.749053955078125,-67.91484832763672,3.141183858362466,1.8,0.8,3.5,2.0,8.0,0.6,0.01,0.06,0.5,0.1,0.2,0.35,1.2,12,10.0,14.0,0.9,1.2,0.6,0.01,0.06,0.65,0.3,0.72,0.005,0.38,0.22,0.01,0.14,1.0,0.28
lqr,ground_truth,gentle_curve,1700.0,0.05,0.1,1.0,1965.2880022488534,53.36147689819336,-68.06830596923828,18.343142539256323,1.1013019051881194,0.1495350441764589,-0.4944153237409923,0.1495350441764589,0.4944153237409923,0.20000000298023224,0.10000000149011612,0.5825731754302979,0.0,19.444444444444443,232,226,4.614907741546631,RoadOption.STRAIGHT,42.749053955078125,-67.91443634033203,3.141183858362466,1.8,0.8,3.5,2.0,8.0,0.6,0.01,0.06,0.5,0.1,0.2,0.35,1.2,12,10.0,14.0,0.9,1.2,0.6,0.01,0.06,0.65,0.3,0.72,0.005,0.38,0.22,0.01,0.14,1.0,0.28
lqr,ground_truth,gentle_curve,1700.0,0.05,0.1,1.0,1965.3380022495985,52.48117446899414,-67.7954330444336,18.429905240500922,1.0145392039435208,-0.12298243174578276,-0.5210192377664478,0.12298243174578276,0.5210192377664478,0.30000001192092896,0.10000000894069672,0.5546082854270935,0.0,19.444444444444443,233,227,4.733668804168701,RoadOption.STRAIGHT,41.749053955078125,-67.91402435302734,3.141183858362466,1.8,0.8,3.5,2.0,8.0,0.6,0.01,0.06,0.5,0.1,0.2,0.35,1.2,12,10.0,14.0,0.9,1.2,0.6,0.01,0.06,0.65,0.3,0.72,0.005,0.38,0.22,0.01,0.14,1.0,0.28
lqr,ground_truth,gentle_curve,1700.0,0.05,0.1,1.0,1965.3880022503436,51.60788345336914,-67.4970474243164,18.47266995848933,0.9717744859551125,-0.42100783768719846,-0.517924644579776,0.42100783768719846,0.517924644579776,0.4000000059604645,0.09999999403953552,0.5817470550537109,0.0,19.444444444444443,234,228,4.876864433288574,RoadOption.STRAIGHT,40.749053955078125,-67.91361999511719,3.141183858362466,1.8,0.8,3.5,2.0,8.0,0.6,0.01,0.06,0.5,0.1,0.2,0.35,1.2,12,10.0,14.0,0.9,1.2,0.6,0.01,0.06,0.65,0.3,0.72,0.005,0.38,0.22,0.01,0.14,1.0,0.28
lqr,ground_truth,gentle_curve,1700.0,0.05,0.1,1.0,1965.4380022510886,50.739715576171875,-67.1874771118164,18.458503891109082,0.9859405533353609,-0.7302276587852435,-0.48337439049374176,0.7302276587852435,0.48337439049374176,0.5,0.09999999403953552,0.6585636138916016,0.0,19.444444444444443,234,229,5.043507099151611,RoadOption.STRAIGHT,40.749053955078125,-67.91361999511719,3.141183858362466,1.8,0.8,3.5,2.0,8.0,0.6,0.01,0.06,0.5,0.1,0.2,0.35,1.2,12,10.0,14.0,0.9,1.2,0.6,0.01,0.06,0.65,0.3,0.72,0.005,0.38,0.22,0.01,0.14,1.0,0.28
lqr,ground_truth,gentle_curve,1700.0,0.05,0.1,1.0,1965.4880022518337,49.87278366088867,-66.88445281982422,18.38244565827058,1.061998786173863,-1.0328975278381858,-0.42039995177718303,1.0328975278381858,0.42039995177718303,0.5,0.0,0.7784691452980042,0.0,19.444444444444443,235,229,4.250711441040039,RoadOption.STRAIGHT,39.749053955078125,-67.9132080078125,3.141183858362466,1.8,0.8,3.5,2.0,8.0,0.6,0.01,0.06,0.5,0.1,0.2,0.35,1.2,12,10.0,14.0,0.9,1.2,0.6,0.01,0.06,0.65,0.3,0.72,0.005,0.38,0.22,0.01,0.14,1.0,0.28
lqr,ground_truth,gentle_curve,1700.0,0.05,0.1,1.0,1965.5380022525787,49.00201416015625,-66.60591888427734,18.294978814678057,1.1494656297663859,-1.3110722816512566,-0.33756951660521173,1.3110722816512566,0.33756951660521173,0.5,0.0,0.8446395993232727,0.0,19.444444444444443,236,230,4.449946880340576,RoadOption.STRAIGHT,38.749053955078125,-67.91280364990234,3.141183858362466,1.8,0.8,3.5,2.0,8.0,0.6,0.01,0.06,0.5,0.1,0.2,0.35,1.2,12,10.0,14.0,0.9,1.2,0.6,0.01,0.06,0.65,0.3,0.72,0.005,0.38,0.22,0.01,0.14,1.0,0.28
lqr,ground_truth,gentle_curve,1700.0,0.05,0.1,1.0,1965.5880022533238,48.12390899658203,-66.36473846435547,18.200559703029885,1.2438847414145577,-1.5518981535704846,-0.2433937488733937,1.5518981535704846,0.2433937488733937,0.5,0.0,0.9096337556838989,0.0,19.444444444444443,237,231,4.641357898712158,RoadOption.STRAIGHT,37.749053955078125,-67.91239166259766,3.141183858362466,1.8,0.8,3.5,2.0,8.0,0.6,0.01,0.06,0.5,0.1,0.2,0.35,1.2,12,10.0,14.0,0.9,1.2,0.6,0.01,0.06,0.65,0.3,0.72,0.005,0.38,0.22,0.01,0.14,1.0,0.28
lqr,ground_truth,gentle_curve,1700.0,0.05,0.1,1.0,1965.6380022540689,47.23835372924805,-66.17035675048828,18.089179481358244,1.3552649630861993,-1.7459146483847048,-0.1425813837050982,1.7459146483847048,0.1425813837050982,0.5,0.0,0.9968152642250061,0.0,19.444444444444443,238,232,4.816184043884277,RoadOption.STRAIGHT,36.749053955078125,-67.9119873046875,3.141183858362466,1.8,0.8,3.5,2.0,8.0,0.6,0.01,0.06,0.5,0.1,0.2,0.35,1.2,12,10.0,14.0,0.9,1.2,0.6,0.01,0.06,0.65,0.3,0.72,0.005,0.38,0.22,0.01,0.14,1.0,0.28
lqr,ground_truth,gentle_curve,1700.0,0.05,0.1,1.0,1965.688002254814,46.347572326660156,-66.02967834472656,17.959312741596158,1.4851317028482853,-1.8862257031616414,-0.03775563477405308,1.8862257031616414,0.03775563477405308,0.5,0.0,1.0,0.0,19.444444444444443,239,233,4.969621181488037,RoadOption.STRAIGHT,35.749053955078125,-67.91157531738281,3.141183858362466,1.8,0.8,3.5,2.0,8.0,0.6,0.01,0.06,0.5,0.1,0.2,0.35,1.2,12,10.0,14.0,0.9,1.2,0.6,0.01,0.06,0.65,0.3,0.72,0.005,0.38,0.22,0.01,0.14,1.0,0.28
lqr,ground_truth,gentle_curve,1700.0,0.05,0.1,1.0,1965.738002255559,45.4552001953125,-65.94751739501953,17.810777561815552,1.6336668826288907,-1.968026285885007,0.06960091614089414,1.968026285885007,0.06960091614089414,0.4000000059604645,-0.09999999403953552,1.0,0.0,19.444444444444443,240,234,5.100330829620361,RoadOption.STRAIGHT,34.749053955078125,-67.91117095947266,3.141183858362466,1.8,0.8,3.5,2.0,8.0,0.6,0.01,0.06,0.5,0.1,0.2,0.35,1.2,12,10.0,14.0,0.9,1.2,0.6,0.01,0.06,0.65,0.3,0.72,0.005,0.38,0.22,0.01,0.14,1.0,0.28
lqr,ground_truth,gentle_curve,1700.0,0.05,0.1,1.0,1965.788002256304,44.564208984375,-65.9264907836914,17.70368209932368,1.740762345120764,-1.9886854704574175,0.17790235661060105,1.9886854704574175,0.17790235661060105,0.30000001192092896,-0.09999999403953552,1.0,0.0,19.444444444444443,240,235,5.208912372589111,RoadOption.STRAIGHT,34.749053955078125,-67.91117095947266,3.141183858362466,1.8,0.8,3.5,2.0,8.0,0.6,0.01,0.06,0.5,0.1,0.2,0.35,1.2,12,10.0,14.0,0.9,1.2,0.6,0.01,0.06,0.65,0.3,0.72,0.005,0.38,0.22,0.01,0.14,1.0,0.28
lqr,ground_truth,gentle_curve,1700.0,0.05,0.1,1.0,1965.838002257049,43.67656707763672,-65.96755981445312,17.644120836368323,1.8003236080761198,-1.9472535793623502,0.28497474823723756,1.9472535793623502,0.28497474823723756,0.20000000298023224,-0.10000000894069672,1.0,0.0,19.444444444444443,241,235,4.383025169372559,RoadOption.STRAIGHT,33.749053955078125,-67.91075897216797,3.141183858362466,1.8,0.8,3.5,2.0,8.0,0.6,0.01,0.06,0.5,0.1,0.2,0.35,1.2,12,10.0,14.0,0.9,1.2,0.6,0.01,0.06,0.65,0.3,0.72,0.005,0.38,0.22,0.01,0.14,1.0,0.28
lqr,ground_truth,gentle_curve,1700.0,0.05,0.1,1.0,1965.8880022577941,42.7944221496582,-66.07048034667969,17.63354282372493,1.8109016207195126,-1.8439768764487423,0.38823375949898775,1.8439768764487423,0.38823375949898775,0.10000000149011612,-0.10000000149011612,1.0,0.0,19.444444444444443,242,236,4.445127964019775,RoadOption.STRAIGHT,32.749053955078125,-67.91034698486328,3.141183858362466,1.8,0.8,3.5,2.0,8.0,0.6,0.01,0.06,0.5,0.1,0.2,0.35,1.2,12,10.0,14.0,0.9,1.2,0.6,0.01,0.06,0.65,0.3,0.72,0.005,0.38,0.22,0.01,0.14,1.0,0.28
lqr,ground_truth,gentle_curve,1700.0,0.05,0.1,1.0,1965.9380022585392,41.919761657714844,-66.2337875366211,17.67447398434868,1.769970460095763,-1.6803089510737559,0.4844630907473668,1.6803089510737559,0.4844630907473668,2.7755575615628914e-17,-0.10000000149011609,1.0,0.0,19.444444444444443,243,237,4.495832920074463,RoadOption.STRAIGHT,31.749052047729492,-67.90994262695312,3.141183858362466,1.8,0.8,3.5,2.0,8.0,0.6,0.01,0.06,0.5,0.1,0.2,0.35,1.2,12,10.0,14.0,0.9,1.2,0.6,0.01,0.06,0.65,0.3,0.72,0.005,0.38,0.22,0.01,0.14,1.0,0.28
lqr,ground_truth,gentle_curve,1700.0,0.05,0.1,1.0,1965.9880022592843,41.05401611328125,-66.45462036132812,17.769460590851597,1.6749838535928454,-1.4591266695215868,0.5695151349006817,1.4591266695215868,0.5695151349006817,-0.10000000149011612,-0.10000000149011615,0.9410063624382019,0.0,19.444444444444443,244,238,4.544955253601074,RoadOption.STRAIGHT,30.749052047729492,-67.90953063964844,3.141183858362466,1.8,0.8,3.5,2.0,8.0,0.6,0.01,0.06,0.5,0.1,0.2,0.35,1.2,12,10.0,14.0,0.9,1.2,0.6,0.01,0.06,0.65,0.3,0.72,0.005,0.38,0.22,0.01,0.14,1.0,0.28
lqr,ground_truth,gentle_curve,1700.0,0.05,0.1,1.0,1966.0380022600293,40.198760986328125,-66.72966766357422,17.900725368230813,1.5437190762136304,-1.183726573998927,0.6394747788404098,1.183726573998927,0.6394747788404098,-0.20000000298023224,-0.10000000149011612,0.8187137246131897,0.0,19.444444444444443,245,239,4.603998184204102,RoadOption.STRAIGHT,29.749052047729492,-67.90912628173828,3.141183858362466,1.8,0.8,3.5,2.0,8.0,0.6,0.01,0.06,0.5,0.1,0.2,0.35,1.2,12,10.0,14.0,0.9,1.2,0.6,0.01,0.06,0.65,0.3,0.72,0.005,0.38,0.22,0.01,0.14,1.0,0.28
lqr,ground_truth,gentle_curve,1700.0,0.05,0.1,1.0,1966.0880022607744,39.354251861572266,-67.05315399169922,18.06160676246346,1.382837681980984,-0.8598994789529518,0.6884255438888296,0.8598994789529518,0.6884255438888296,-0.30000001192092896,-0.10000000894069672,0.6866449117660522,0.0,19.444444444444443,246,240,4.684446811676025,RoadOption.STRAIGHT,28.749052047729492,-67.9087142944336,3.141183858362466,1.8,0.8,3.5,2.0,8.0,0.6,0.01,0.06,0.5,0.1,0.2,0.35,1.2,12,10.0,14.0,0.9,1.2,0.6,0.01,0.06,0.65,0.3,0.72,0.005,0.38,0.22,0.01,0.14,1.0,0.28
lqr,ground_truth,gentle_curve,1700.0,0.05,0.1,1.0,1966.1380022615194,38.52031707763672,-67.4171371459961,18.2181931754123,1.2262512690321437,-0.495572254464931,0.7097848947795917,0.495572254464931,0.7097848947795917,-0.4000000059604645,-0.09999999403953552,0.597847044467926,0.0,19.444444444444443,247,241,4.796729564666748,RoadOption.STRAIGHT,27.749052047729492,-67.90830993652344,3.141183858362466,1.8,0.8,3.5,2.0,8.0,0.6,0.01,0.06,0.5,0.1,0.2,0.35,1.2,12,10.0,14.0,0.9,1.2,0.6,0.01,0.06,0.65,0.3,0.72,0.005,0.38,0.22,0.01,0.14,1.0,0.28
lqr,ground_truth,gentle_curve,1700.0,0.05,0.1,1.0,1966.1880022622645,37.69582748413086,-67.81092071533203,18.33172633164807,1.1127181127963723,-0.1014484785765353,0.6977410150658176,0.1014484785765353,0.6977410150658176,-0.5,-0.09999999403953552,0.5813910961151123,0.0,19.444444444444443,248,242,4.947772979736328,RoadOption.STRAIGHT,26.749052047729492,-67.90789794921875,3.141183858362466,1.8,0.8,3.5,2.0,8.0,0.6,0.01,0.06,0.5,0.1,0.2,0.35,1.2,12,10.0,14.0,0.9,1.2,0.6,0.01,0.06,0.65,0.3,0.72,0.005,0.38,0.22,0.01,0.14,1.0,0.28
lqr,ground_truth,gentle_curve,1700.0,0.05,0.1,1.0,1966.2380022630095,36.877437591552734,-68.22016143798828,18.3749008420846,1.0695436023598432,0.3081223256384564,0.6499223597967907,0.3081223256384564,0.6499223597967907,-0.5,0.0,0.6399167776107788,0.0,19.444444444444443,248,243,5.137759685516357,RoadOption.STRAIGHT,26.749052047729492,-67.90789794921875,3.141183858362466,1.8,0.8,3.5,2.0,8.0,0.6,0.01,0.06,0.5,0.1,0.2,0.35,1.2,12,10.0,14.0,0.9,1.2,0.6,0.01,0.06,0.65,0.3,0.72,0.005,0.38,0.22,0.01,0.14,1.0,0.28
lqr,ground_truth,gentle_curve,1700.0,0.05,0.1,1.0,1966.2880022637546,36.05805969238281,-68.62857055664062,18.395377778331763,1.0490666661126795,0.7168663679306833,0.5721953402217377,0.7168663679306833,0.5721953402217377,-0.5,0.0,0.6548676490783691,0.0,19.444444444444443,249,243,4.368520736694336,RoadOption.STRAIGHT,25.749052047729492,-67.9074935913086,3.141183858362466,1.8,0.8,3.5,2.0,8.0,0.6,0.01,0.06,0.5,0.1,0.2,0.35,1.2,12,10.0,14.0,0.9,1.2,0.6,0.01,0.06,0.65,0.3,0.72,0.005,0.38,0.22,0.01,0.14,1.0,0.28
lqr,ground_truth,gentle_curve,1700.0,0.05,0.1,1.0,1966.3380022644997,35.22860336303711,-69.01847839355469,18.381936411716936,1.0625080327275072,1.1071164420988977,0.476849645823048,1.1071164420988977,0.476849645823048,-0.5,0.0,0.7036344408988953,0.0,19.444444444444443,250,244,4.614774703979492,RoadOption.STRAIGHT,24.749052047729492,-67.9070816040039,3.141183858362466,1.8,0.8,3.5,2.0,8.0,0.6,0.01,0.06,0.5,0.1,0.2,0.35,1.2,12,10.0,14.0,0.9,1.2,0.6,0.01,0.06,0.65,0.3,0.72,0.005,0.38,0.22,0.01,0.14,1.0,0.28
lqr,ground_truth,gentle_curve,1700.0,0.05,0.1,1.0,1966.3880022652447,34.384727478027344,-69.37361907958984,18.308947464082326,1.1354969803621167,1.4625976335447144,0.37253362592464434,1.4625976335447144,0.37253362592464434,-0.5,0.0,0.8188849091529846,0.0,19.444444444444443,251,245,4.861504554748535,RoadOption.STRAIGHT,23.749052047729492,-67.90667724609375,3.141183858362466,1.8,0.8,3.5,2.0,8.0,0.6,0.01,0.06,0.5,0.1,0.2,0.35,1.2,12,10.0,14.0,0.9,1.2,0.6,0.01,0.06,0.65,0.3,0.72,0.005,0.38,0.22,0.01,0.14,1.0,0.28
lqr,ground_truth,gentle_curve,1700.0,0.05,0.1,1.0,1966.4380022659898,33.52685546875,-69.68252563476562,18.179838980110237,1.2646054643342062,1.7718580489368667,0.2635781130912136,1.7718580489368667,0.2635781130912136,-0.5,0.0,0.9636934399604797,0.0,19.444444444444443,252,246,5.096451282501221,RoadOption.STRAIGHT,22.749052047729492,-67.90626525878906,3.141183858362466,1.8,0.8,3.5,2.0,8.0,0.6,0.01,0.06,0.5,0.1,0.2,0.35,1.2,12,10.0,14.0,0.9,1.2,0.6,0.01,0.06,0.65,0.3,0.72,0.005,0.38,0.22,0.01,0.14,1.0,0.28
lqr,ground_truth,gentle_curve,1700.0,0.05,0.1,1.0,1966.4880022667348,32.65768814086914,-69.93726348876953,18.012214459979834,1.432229984464609,2.0269467557616196,0.15217435626767273,2.0269467557616196,0.15217435626767273,-0.5,0.0,1.0,0.0,19.444444444444443,252,247,5.311437129974365,RoadOption.STRAIGHT,22.749052047729492,-67.90626525878906,3.141183858362466,1.8,0.8,3.5,2.0,8.0,0.6,0.01,0.06,0.5,0.1,0.2,0.35,1.2,12,10.0,14.0,0.9,1.2,0.6,0.01,0.06,0.65,0.3,0.72,0.005,0.38,0.22,0.01,0.14,1.0,0.28
lqr,ground_truth,gentle_curve,1700.0,0.05,0.1,1.0,1966.53800226748,31.780963897705078,-70.13253021240234,17.820866268009773,1.6235781764346697,2.2225718637548812,0.03942144203589848,2.2225718637548812,0.03942144203589848,-0.5,0.0,1.0,0.0,19.444444444444443,253,247,4.604722499847412,RoadOption.STRAIGHT,21.749052047729492,-67.90585327148438,3.141183858362466,1.8,0.8,3.5,2.0,8.0,0.6,0.01,0.06,0.5,0.1,0.2,0.35,1.2,12,10.0,14.0,0.9,1.2,0.6,0.01,0.06,0.65,0.3,0.72,0.005,0.38,0.22,0.01,0.14,1.0,0.28
lqr,ground_truth,gentle_curve,1700.0,0.05,0.1,1.0,1966.588002268225,30.90142822265625,-70.26493835449219,17.604924135026565,1.8395203094178783,2.3553427368116604,-0.07412296367184812,2.3553427368116604,0.07412296367184812,-0.4000000059604645,0.09999999403953552,1.0,0.0,19.444444444444443,254,248,4.774711608886719,RoadOption.STRAIGHT,20.749052047729492,-67.90544891357422,3.141183858362466,1.8,0.8,3.5,2.0,8.0,0.6,0.01,0.06,0.5,0.1,0.2,0.35,1.2,12,10.0,14.0,0.9,1.2,0.6,0.01,0.06,0.65,0.3,0.72,0.005,0.38,0.22,0.01,0.14,1.0,0.28
lqr,ground_truth,gentle_curve,1700.0,0.05,0.1,1.0,1966.63800226897,30.02306365966797,-70.3327407836914,17.420528678850406,2.0239157655940367,2.4234997942371574,-0.18786178013917043,2.4234997942371574,0.18786178013917043,-0.30000001192092896,0.09999999403953552,1.0,0.0,19.444444444444443,255,249,4.914163589477539,RoadOption.STRAIGHT,19.749052047729492,-67.90503692626953,3.141183858362466,1.8,0.8,3.5,2.0,8.0,0.6,0.01,0.06,0.5,0.1,0.2,0.35,1.2,12,10.0,14.0,0.9,1.2,0.6,0.01,0.06,0.65,0.3,0.72,0.005,0.38,0.22,0.01,0.14,1.0,0.28
lqr,ground_truth,gentle_curve,1700.0,0.05,0.1,1.0,1966.688002269715,29.14867401123047,-70.33528900146484,17.277321490940263,2.1671229535041796,2.426408650157146,-0.30076676086918885,2.426408650157146,0.30076676086918885,-0.20000000298023224,0.10000000894069672,1.0,0.0,19.444444444444443,256,250,5.025223255157471,RoadOption.STRAIGHT,18.749052047729492,-67.90463256835938,3.141183858362466,1.8,0.8,3.5,2.0,8.0,0.6,0.01,0.06,0.5,0.1,0.2,0.35,1.2,12,10.0,14.0,0.9,1.2,0.6,0.01,0.06,0.65,0.3,0.72,0.005,0.38,0.22,0.01,0.14,1.0,0.28
lqr,ground_truth,gentle_curve,1700.0,0.05,0.1,1.0,1966.7380022704601,28.281105041503906,-70.27287292480469,17.18035316559115,2.264091278853293,2.3643427994170265,-0.4112567871227233,2.3643427994170265,0.4112567871227233,-0.10000000149011612,0.10000000149011612,1.0,0.0,19.444444444444443,257,251,5.112571716308594,RoadOption.STRAIGHT,17.749052047729492,-67.90422058105469,3.141183858362466,1.8,0.8,3.5,2.0,8.0,0.6,0.01,0.06,0.5,0.1,0.2,0.35,1.2,12,10.0,14.0,0.9,1.2,0.6,0.01,0.06,0.65,0.3,0.72,0.005,0.38,0.22,0.01,0.14,1.0,0.28
lqr,ground_truth,gentle_curve,1700.0,0.05,0.1,1.0,1966.7880022712052,27.422964096069336,-70.14677429199219,17.13498384227888,2.3094606021655615,2.238598173108339,-0.5169882771405039,2.238598173108339,0.5169882771405039,-2.7755575615628914e-17,0.10000000149011609,1.0,0.0,19.444444444444443,258,252,5.183177947998047,RoadOption.STRAIGHT,16.749052047729492,-67.90381622314453,3.141183858362466,1.8,0.8,3.5,2.0,8.0,0.6,0.01,0.06,0.5,0.1,0.2,0.35,1.2,12,10.0,14.0,0.9,1.2,0.6,0.01,0.06,0.65,0.3,0.72,0.005,0.38,0.22,0.01,0.14,1.0,0.28
lqr,ground_truth,gentle_curve,1700.0,0.05,0.1,1.0,1966.8380022719502,26.576358795166016,-69.95939636230469,17.14620909612914,2.298235348315302,2.0515695393286553,-0.6145992563624154,2.0515695393286553,0.6145992563624154,0.10000000149011612,0.10000000149011615,1.0,0.0,19.444444444444443,258,253,5.245944499969482,RoadOption.STRAIGHT,16.749052047729492,-67.90381622314453,3.141183858362466,1.8,0.8,3.5,2.0,8.0,0.6,0.01,0.06,0.5,0.1,0.2,0.35,1.2,12,10.0,14.0,0.9,1.2,0.6,0.01,0.06,0.65,0.3,0.72,0.005,0.38,0.22,0.01,0.14,1.0,0.28
lqr,ground_truth,gentle_curve,1700.0,0.05,0.1,1.0,1966.8880022726953,25.74363136291504,-69.71358489990234,17.199206772887255,2.245237671557188,1.80609851245601,-0.7007746218635265,1.80609851245601,0.7007746218635265,0.20000000298023224,0.10000000149011612,1.0,0.0,19.444444444444443,259,253,4.384582042694092,RoadOption.STRAIGHT,15.749053001403809,-67.90340423583984,3.141183858362466,1.8,0.8,3.5,2.0,8.0,0.6,0.01,0.06,0.5,0.1,0.2,0.35,1.2,12,10.0,14.0,0.9,1.2,0.6,0.01,0.06,0.65,0.3,0.72,0.005,0.38,0.22,0.01,0.14,1.0,0.28
lqr,ground_truth,gentle_curve,1700.0,0.05,0.1,1.0,1966.9380022734404,24.925695419311523,-69.41393280029297,17.303156225651207,2.1412882187932354,1.5067763688457156,-0.7703955117125956,1.5067763688457156,0.7703955117125956,0.30000001192092896,0.10000000894069672,1.0,0.0,19.444444444444443,260,254,4.440706729888916,RoadOption.STRAIGHT,14.749053001403809,-67.90299987792969,3.141183858362466,1.8,0.8,3.5,2.0,8.0,0.6,0.01,0.06,0.5,0.1,0.2,0.35,1.2,12,10.0,14.0,0.9,1.2,0.6,0.01,0.06,0.65,0.3,0.72,0.005,0.38,0.22,0.01,0.14,1.0,0.28
lqr,ground_truth,gentle_curve,1700.0,0.05,0.1,1.0,1966.9880022741854,24.122663497924805,-69.0661849975586,17.44837780199648,1.996066642447964,1.1593600628300558,-0.8173864565148259,1.1593600628300558,0.8173864565148259,0.4000000059604645,0.09999999403953552,1.0,0.0,19.444444444444443,261,255,4.525123596191406,RoadOption.STRAIGHT,13.749053001403809,-67.902587890625,3.141183858362466,1.8,0.8,3.5,2.0,8.0,0.6,0.01,0.06,0.5,0.1,0.2,0.35,1.2,12,10.0,14.0,0.9,1.2,0.6,0.01,0.06,0.65,0.3,0.72,0.005,0.38,0.22,0.01,0.14,1.0,0.28
lqr,ground_truth,gentle_curve,1700.0,0.05,0.1,1.0,1967.0380022749305,23.333524703979492,-68.67732238769531,17.621779272647398,1.8226651717970448,0.7708156442829839,-0.834907393326457,0.7708156442829839,0.834907393326457,0.5,0.09999999403953552,0.9355173110961914,0.0,19.444444444444443,262,256,4.649133205413818,RoadOption.STRAIGHT,12.749053001403809,-67.90218353271484,3.141183858362466,1.8,0.8,3.5,2.0,8.0,0.6,0.01,0.06,0.5,0.1,0.2,0.35,1.2,12,10.0,14.0,0.9,1.2,0.6,0.01,0.06,0.65,0.3,0.72,0.005,0.38,0.22,0.01,0.14,1.0,0.28
lqr,ground_truth,gentle_curve,1700.0,0.05,0.1,1.0,1967.0880022756755,22.555490493774414,-68.2559585571289,17.803447246412837,1.6409971980316058,0.34977309764166975,-0.8164255879935252,0.34977309764166975,0.8164255879935252,0.5,0.0,0.8165967464447021,0.0,19.444444444444443,263,257,4.819291591644287,RoadOption.STRAIGHT,11.749053001403809,-67.90177154541016,3.141183858362466,1.8,0.8,3.5,2.0,8.0,0.6,0.01,0.06,0.5,0.1,0.2,0.35,1.2,12,10.0,14.0,0.9,1.2,0.6,0.01,0.06,0.65,0.3,0.72,0.005,0.38,0.22,0.01,0.14,1.0,0.28
lqr,ground_truth,gentle_curve,1700.0,0.05,0.1,1.0,1967.1380022764206,21.783111572265625,-67.81017303466797,18.014453769976733,1.4299906744677102,-0.09570108010243565,-0.7613306439941838,0.09570108010243565,0.7613306439941838,0.5,0.0,0.6547865867614746,0.0,19.444444444444443,263,258,5.03493070602417,RoadOption.STRAIGHT,11.749053001403809,-67.90177154541016,3.141183858362466,1.8,0.8,3.5,2.0,8.0,0.6,0.01,0.06,0.5,0.1,0.2,0.35,1.2,12,10.0,14.0,0.9,1.2,0.6,0.01,0.06,0.65,0.3,0.72,0.005,0.38,0.22,0.01,0.14,1.0,0.28
lqr,ground_truth,gentle_curve,1700.0,0.05,0.1,1.0,1967.1880022771657,21.006681442260742,-67.35096740722656,18.2268292221258,1.217615222318642,-0.5545892682514451,-0.6773265537298148,0.5545892682514451,0.6773265537298148,0.5,0.0,0.5257185697555542,0.0,19.444444444444443,264,258,4.293373107910156,RoadOption.STRAIGHT,10.749053001403809,-67.90135955810547,3.141183858362466,1.8,0.8,3.5,2.0,8.0,0.6,0.01,0.06,0.5,0.1,0.2,0.35,1.2,12,10.0,14.0,0.9,1.2,0.6,0.01,0.06,0.65,0.3,0.72,0.005,0.38,0.22,0.01,0.14,1.0,0.28
lqr,ground_truth,gentle_curve,1700.0,0.05,0.1,1.0,1967.2380022779107,20.214860916137695,-66.89881896972656,18.359596978879054,1.0848474655653888,-1.0064107830842406,-0.5755133726238673,1.0064107830842406,0.5755133726238673,0.5,0.0,0.5415871739387512,0.0,19.444444444444443,265,259,4.577404499053955,RoadOption.STRAIGHT,9.749053001403809,-67.90095520019531,3.141183858362466,1.8,0.8,3.5,2.0,8.0,0.6,0.01,0.06,0.5,0.1,0.2,0.35,1.2,12,10.0,14.0,0.9,1.2,0.6,0.01,0.06,0.65,0.3,0.72,0.005,0.38,0.22,0.01,0.14,1.0,0.28
lqr,ground_truth,gentle_curve,1700.0,0.05,0.1,1.0,1967.2880022786558,19.40241813659668,-66.47471618652344,18.36473567743264,1.0797087670118017,-1.4301858454687775,-0.46511176331852333,1.4301858454687775,0.46511176331852333,0.5,0.0,0.6916587948799133,0.0,19.444444444444443,266,260,4.86762809753418,RoadOption.STRAIGHT,8.749056816101074,-67.90054321289062,3.141183858362466,1.8,0.8,3.5,2.0,8.0,0.6,0.01,0.06,0.5,0.1,0.2,0.35,1.2,12,10.0,14.0,0.9,1.2,0.6,0.01,0.06,0.65,0.3,0.72,0.005,0.38,0.22,0.01,0.14,1.0,0.28
lqr,ground_truth,gentle_curve,1700.0,0.05,0.1,1.0,1967.3380022794008,18.570375442504883,-66.09351348876953,18.259680377313924,1.1847640671305193,-1.811045184243493,-0.3507929103657821,1.811045184243493,0.3507929103657821,0.5,0.0,0.8869248032569885,0.0,19.444444444444443,267,261,5.1495537757873535,RoadOption.STRAIGHT,7.749056816101074,-67.90013885498047,3.141183858362466,1.8,0.8,3.5,2.0,8.0,0.6,0.01,0.06,0.5,0.1,0.2,0.35,1.2,12,10.0,14.0,0.9,1.2,0.6,0.01,0.06,0.65,0.3,0.72,0.005,0.38,0.22,0.01,0.14,1.0,0.28
lqr,ground_truth,gentle_curve,1700.0,0.05,0.1,1.0,1967.3880022801459,17.722238540649414,-65.76499938964844,18.08300505899543,1.3614393854490139,-2.1392169789466404,-0.23475871535492088,2.1392169789466404,0.23475871535492088,0.5,0.0,1.0,0.0,19.444444444444443,267,262,5.412959575653076,RoadOption.STRAIGHT,7.749056816101074,-67.90013885498047,3.141183858362466,1.8,0.8,3.5,2.0,8.0,0.6,0.01,0.06,0.5,0.1,0.2,0.35,1.2,12,10.0,14.0,0.9,1.2,0.6,0.01,0.06,0.65,0.3,0.72,0.005,0.38,0.22,0.01,0.14,1.0,0.28
lqr,ground_truth,gentle_curve,1700.0,0.05,0.1,1.0,1967.438002280891,16.86221694946289,-65.49544525146484,17.86924132733956,1.5752031171048841,-2.408419521895078,-0.11800653211417389,2.408419521895078,0.11800653211417389,0.5,0.0,1.0,0.0,19.444444444444443,268,262,4.765554428100586,RoadOption.STRAIGHT,6.760335922241211,-67.90044403076172,3.1434091957693364,1.8,0.8,3.5,2.0,8.0,0.6,0.01,0.06,0.5,0.1,0.2,0.35,1.2,12,10.0,14.0,0.9,1.2,0.6,0.01,0.06,0.65,0.3,0.72,0.005,0.38,0.22,0.01,0.14,1.0,0.28
lqr,ground_truth,gentle_curve,1700.0,0.05,0.1,1.0,1967.488002281636,15.994977951049805,-65.28874206542969,17.63002106467356,1.8144233797708829,-2.6147649754508335,-0.0009361011231625582,2.6147649754508335,0.0009361011231625582,0.5,0.0,1.0,0.0,19.444444444444443,269,263,4.985559463500977,RoadOption.STRAIGHT,5.778065204620361,-67.90389251708984,3.1467847524510115,1.8,0.8,3.5,2.0,8.0,0.6,0.01,0.06,0.5,0.1,0.2,0.35,1.2,12,10.0,14.0,0.9,1.2,0.6,0.01,0.06,0.65,0.3,0.72,0.005,0.38,0.22,0.01,0.14,1.0,0.28
lqr,ground_truth,gentle_curve,1700.0,0.05,0.1,1.0,1967.538002282381,15.126073837280273,-65.14713287353516,17.362703929079956,2.081740515364487,-2.756015759613816,0.11630823428703074,2.756015759613816,0.11630823428703074,0.4000000059604645,-0.09999999403953552,1.0,0.0,19.444444444444443,270,264,5.1714677810668945,RoadOption.STRAIGHT,4.795811653137207,-67.9106674194336,3.1501605754487962,1.8,0.8,3.5,2.0,8.0,0.6,0.01,0.06,0.5,0.1,0.2,0.35,1.2,12,10.0,14.0,0.9,1.2,0.6,0.01,0.06,0.65,0.3,0.72,0.005,0.38,0.22,0.01,0.14,1.0,0.28
lqr,ground_truth,gentle_curve,1700.0,0.05,0.1,1.0,1967.5880022831261,14.260150909423828,-65.07164764404297,17.11913105101904,2.3253133934254038,-2.831151434987992,0.2336572319280643,2.831151434987992,0.2336572319280643,0.30000001192092896,-0.09999999403953552,1.0,0.0,19.444444444444443,271,265,5.324940204620361,RoadOption.STRAIGHT,3.8135852813720703,-67.92073822021484,3.1535361321304713,1.8,0.8,3.5,2.0,8.0,0.6,0.01,0.06,0.5,0.1,0.2,0.35,1.2,12,10.0,14.0,0.9,1.2,0.6,0.01,0.06,0.65,0.3,0.72,0.005,0.38,0.22,0.01,0.14,1.0,0.28
lqr,ground_truth,gentle_curve,1700.0,0.05,0.1,1.0,1967.6380022838712,13.400613784790039,-65.06275177001953,16.910336005899207,2.5341084385452355,-2.839692739989893,0.35072526607409493,2.839692739989893,0.35072526607409493,0.20000000298023224,-0.10000000894069672,1.0,0.0,19.444444444444443,271,266,5.448857307434082,RoadOption.STRAIGHT,3.8135852813720703,-67.92073822021484,3.1535361321304713,1.8,0.8,3.5,2.0,8.0,0.6,0.01,0.06,0.5,0.1,0.2,0.35,1.2,12,10.0,14.0,0.9,1.2,0.6,0.01,0.06,0.65,0.3,0.72,0.005,0.38,0.22,0.01,0.14,1.0,0.28
lqr,ground_truth,gentle_curve,1700.0,0.05,0.1,1.0,1967.6880022846162,12.55079460144043,-65.12018585205078,16.743430159364326,2.7010142850801167,-2.7819112607410807,0.46657250717643173,2.7819112607410807,0.46657250717643173,0.10000000149011612,-0.10000000149011612,1.0,0.0,19.444444444444443,272,266,4.709946632385254,RoadOption.STRAIGHT,2.831399917602539,-67.9341049194336,3.156911955128256,1.8,0.8,3.5,2.0,8.0,0.6,0.01,0.06,0.5,0.1,0.2,0.35,1.2,12,10.0,14.0,0.9,1.2,0.6,0.01,0.06,0.65,0.3,0.72,0.005,0.38,0.22,0.01,0.14,1.0,0.28
lqr,ground_truth,gentle_curve,1700.0,0.05,0.1,1.0,1967.7380022853613,11.713747024536133,-65.24284362792969,16.62626413054851,2.818180313895933,-2.65891575140568,0.579481748964195,2.65891575140568,0.579481748964195,2.7755575615628914e-17,-0.10000000149011609,1.0,0.0,19.444444444444443,273,267,4.772838592529297,RoadOption.STRAIGHT,1.8349359035491943,-67.9499740600586,-3.125623540745351,1.8,0.8,3.5,2.0,8.0,0.6,0.01,0.06,0.5,0.1,0.2,0.35,1.2,12,10.0,14.0,0.9,1.2,0.6,0.01,0.06,0.65,0.3,0.72,0.005,0.38,0.22,0.01,0.14,1.0,0.28
lqr,ground_truth,gentle_curve,1700.0,0.05,0.1,1.0,1967.7880022861063,10.892037391662598,-65.42863464355469,16.566123979755872,2.8783204646885707,-2.4642999030736132,0.6844936528554353,2.4642999030736132,0.6844936528554353,-0.10000000149011612,-0.10000000149011615,1.0,0.0,19.444444444444443,274,268,4.8146443367004395,RoadOption.STRAIGHT,0.8350633382797241,-67.9659423828125,-3.125623540745351,1.8,0.8,3.5,2.0,8.0,0.6,0.01,0.06,0.5,0.1,0.2,0.35,1.2,12,10.0,14.0,0.9,1.2,0.6,0.01,0.06,0.65,0.3,0.72,0.005,0.38,0.22,0.01,0.14,1.0,0.28
lqr,ground_truth,gentle_curve,1700.0,0.05,0.1,1.0,1967.8380022868514,10.08851432800293,-65.67494201660156,16.548182928380115,2.896261516064328,-2.2065402792231104,0.7798478693696147,2.2065402792231104,0.7798478693696147,-0.20000000298023224,-0.10000000149011612,1.0,0.0,19.444444444444443,275,269,4.8526482582092285,RoadOption.STRAIGHT,-0.16480925679206848,-67.9819107055664,-3.125623540745351,1.8,0.8,3.5,2.0,8.0,0.6,0.01,0.06,0.5,0.1,0.2,0.35,1.2,12,10.0,14.0,0.9,1.2,0.6,0.01,0.06,0.65,0.3,0.72,0.005,0.38,0.22,0.01,0.14,1.0,0.28
lqr,ground_truth,gentle_curve,1700.0,0.05,0.1,1.0,1967.8880022875965,9.30477237701416,-65.97769927978516,16.583511264614494,2.8609331798299493,-1.894265240691817,0.8622356871684147,1.894265240691817,0.8622356871684147,-0.30000001192092896,-0.10000000894069672,1.0,0.0,19.444444444444443,276,270,4.90582275390625,RoadOption.STRAIGHT,-1.1646816730499268,-67.99787902832031,-3.125623540745351,1.8,0.8,3.5,2.0,8.0,0.6,0.01,0.06,0.5,0.1,0.2,0.35,1.2,12,10.0,14.0,0.9,1.2,0.6,0.01,0.06,0.65,0.3,0.72,0.005,0.38,0.22,0.01,0.14,1.0,0.28
lqr,ground_truth,gentle_curve,1700.0,0.05,0.1,1.0,1967.9380022883415,8.54175090789795,-66.33185577392578,16.66396311735567,2.780481327088772,-1.532299721087454,0.9263359772358042,1.532299721087454,0.9263359772358042,-0.4000000059604645,-0.09999999403953552,1.0,0.0,19.444444444444443,277,271,4.987995624542236,RoadOption.STRAIGHT,-2.1725339889526367,-68.01336669921875,-3.1271420751989143,1.8,0.8,3.5,2.0,8.0,0.6,0.01,0.06,0.5,0.1,0.2,0.35,1.2,12,10.0,14.0,0.9,1.2,0.6,0.01,0.06,0.65,0.3,0.72,0.005,0.38,0.22,0.01,0.14,1.0,0.28
lqr,ground_truth,gentle_curve,1700.0,0.05,0.1,1.0,1967.9880022890866,7.799466609954834,-66.73128509521484,16.77987873724705,2.6645657071973936,-1.1265743525646628,0.9659760647971973,1.1265743525646628,0.9659760647971973,-0.5,-0.09999999403953552,1.0,0.0,19.444444444444443,277,272,5.111600875854492,RoadOption.STRAIGHT,-2.1725339889526367,-68.01336669921875,-3.1271420751989143,1.8,0.8,3.5,2.0,8.0,0.6,0.01,0.06,0.5,0.1,0.2,0.35,1.2,12,10.0,14.0,0.9,1.2,0.6,0.01,0.06,0.65,0.3,0.72,0.005,0.38,0.22,0.01,0.14,1.0,0.28
lqr,ground_truth,gentle_curve,1700.0,0.05,0.1,1.0,1968.0380022898316,7.076715469360352,-67.16893005371094,16.918335000495468,2.5261094439489753,-0.700052356141217,0.9776497651194509,0.700052356141217,0.9776497651194509,-0.5,0.0,1.0,0.0,19.444444444444443,278,272,4.313722133636475,RoadOption.STRAIGHT,-3.1829419136047363,-68.02696990966797,-3.1291418428614546,1.8,0.8,3.5,2.0,8.0,0.6,0.01,0.06,0.5,0.1,0.2,0.35,1.2,12,10.0,14.0,0.9,1.2,0.6,0.01,0.06,0.65,0.3,0.72,0.005,0.38,0.22,0.01,0.14,1.0,0.28
lqr,ground_truth,gentle_curve,1700.0,0.05,0.1,1.0,1968.0880022905767,6.371739387512207,-67.64089965820312,17.09617216934642,2.3482722750980223,-0.2365893461598239,0.9541990338246489,0.2365893461598239,0.9541990338246489,-0.5,0.0,1.0,0.0,19.444444444444443,279,273,4.547319412231445,RoadOption.STRAIGHT,-4.193375587463379,-68.03852844238281,-3.131141876840104,1.8,0.8,3.5,2.0,8.0,0.6,0.01,0.06,0.5,0.1,0.2,0.35,1.2,12,10.0,14.0,0.9,1.2,0.6,0.01,0.06,0.65,0.3,0.72,0.005,0.38,0.22,0.01,0.14,1.0,0.28
lqr,ground_truth,gentle_curve,1700.0,0.05,0.1,1.0,1968.1380022913218,5.679718017578125,-68.14542388916016,17.341473955153134,2.102970489291309,0.2568201709547245,0.8990018244394484,0.2568201709547245,0.8990018244394484,-0.5,0.0,1.0,0.0,19.444444444444443,280,274,4.847978115081787,RoadOption.STRAIGHT,-5.193508148193359,-68.04896545410156,-3.1311775631987113,1.8,0.8,3.5,2.0,8.0,0.6,0.01,0.06,0.5,0.1,0.2,0.35,1.2,12,10.0,14.0,0.9,1.2,0.6,0.01,0.06,0.65,0.3,0.72,0.005,0.38,0.22,0.01,0.14,1.0,0.28
lqr,ground_truth,gentle_curve,1700.0,0.05,0.1,1.0,1968.1880022920668,4.9882893562316895,-68.67347717285156,17.645636161116833,1.7988082833276096,0.7737652058692953,0.8158564704685758,0.7737652058692953,0.8158564704685758,-0.5,0.0,0.7642903327941895,0.0,19.444444444444443,280,275,5.199296951293945,RoadOption.STRAIGHT,-5.193508148193359,-68.04896545410156,-3.1311775631987113,1.8,0.8,3.5,2.0,8.0,0.6,0.01,0.06,0.5,0.1,0.2,0.35,1.2,12,10.0,14.0,0.9,1.2,0.6,0.01,0.06,0.65,0.3,0.72,0.005,0.38,0.22,0.01,0.14,1.0,0.28
lqr,ground_truth,gentle_curve,1700.0,0.05,0.1,1.0,1968.2380022928119,4.280561923980713,-69.20718383789062,17.93177404053524,1.5126704039092012,1.296102522516122,0.7137303679345441,1.296102522516122,0.7137303679345441,-0.5,0.0,0.6142367720603943,0.0,19.444444444444443,281,275,4.611140727996826,RoadOption.STRAIGHT,-6.194110870361328,-68.05938720703125,3.152007743980875,1.8,0.8,3.5,2.0,8.0,0.6,0.01,0.06,0.5,0.1,0.2,0.35,1.2,12,10.0,14.0,0.9,1.2,0.6,0.01,0.06,0.65,0.3,0.72,0.005,0.38,0.22,0.01,0.14,1.0,0.28
lqr,ground_truth,gentle_curve,1700.0,0.05,0.1,1.0,1968.288002293557,3.5452940464019775,-69.724853515625,18.09411012223275,1.350334322211694,1.8019652289283223,0.6018179473427985,1.8019652289283223,0.6018179473427985,-0.5,0.0,0.6653972864151001,0.0,19.444444444444443,282,276,5.016603946685791,RoadOption.STRAIGHT,-7.194057464599609,-68.0698013305664,3.152007743980875,1.8,0.8,3.5,2.0,8.0,0.6,0.01,0.06,0.5,0.1,0.2,0.35,1.2,12,10.0,14.0,0.9,1.2,0.6,0.01,0.06,0.65,0.3,0.72,0.005,0.38,0.22,0.01,0.14,1.0,0.28
lqr,ground_truth,gentle_curve,1700.0,0.05,0.1,1.0,1968.338002294302,2.7804360389709473,-70.208740234375,18.11531006590279,1.329134378541653,2.2667151117577173,0.48687458311443343,2.2667151117577173,0.48687458311443343,-0.5,0.0,0.8220406770706177,0.0,19.444444444444443,282,277,5.417709827423096,RoadOption.STRAIGHT,-7.194057464599609,-68.0698013305664,3.152007743980875,1.8,0.8,3.5,2.0,8.0,0.6,0.01,0.06,0.5,0.1,0.2,0.35,1.2,12,10.0,14.0,0.9,1.2,0.6,0.01,0.06,0.65,0.3,0.72,0.005,0.38,0.22,0.01,0.14,1.0,0.28
lqr,ground_truth,gentle_curve,1700.0,0.05,0.1,1.0,1968.388002295047,1.988560438156128,-70.64585876464844,18.01702375042498,1.4274206940194638,2.6923453412565834,0.36797935414449956,2.6923453412565834,0.36797935414449956,-0.5,0.0,1.0,0.0,19.444444444444443,283,277,4.923893451690674,RoadOption.STRAIGHT,-8.19400405883789,-68.08021545410156,3.152007743980875,1.8,0.8,3.5,2.0,8.0,0.6,0.01,0.06,0.5,0.1,0.2,0.35,1.2,12,10.0,14.0,0.9,1.2,0.6,0.01,0.06,0.65,0.3,0.72,0.005,0.38,0.22,0.01,0.14,1.0,0.28
lqr,ground_truth,gentle_curve,1700.0,0.05,0.1,1.0,1968.438002295792,1.172860860824585,-71.04613494873047,17.830066115427165,1.6143783290172777,3.0731628972399427,0.24906708094358931,3.0731628972399427,0.24906708094358931,-0.5,0.0,1.0,0.0,19.444444444444443,284,278,5.299870491027832,RoadOption.STRAIGHT,-9.193948745727539,-68.09063720703125,3.152007743980875,1.8,0.8,3.5,2.0,8.0,0.6,0.01,0.06,0.5,0.1,0.2,0.35,1.2,12,10.0,14.0,0.9,1.2,0.6,0.01,0.06,0.65,0.3,0.72,0.005,0.38,0.22,0.01,0.14,1.0,0.28
lqr,ground_truth,gentle_curve,1700.0,0.05,0.1,1.0,1968.4880022965372,0.33403608202934265,-71.3702621459961,17.767974560793363,1.6764698836510803,3.3788658687359048,0.13460042255034876,3.3788658687359048,0.13460042255034876,-0.5,0.0,1.0,0.0,19.444444444444443,284,279,5.621285438537598,RoadOption.STRAIGHT,-9.193948745727539,-68.09063720703125,3.152007743980875,1.8,0.8,3.5,2.0,8.0,0.6,0.01,0.06,0.5,0.1,0.2,0.35,1.2,12,10.0,14.0,0.9,1.2,0.6,0.01,0.06,0.65,0.3,0.72,0.005,0.38,0.22,0.01,0.14,1.0,0.28
lqr,ground_truth,gentle_curve,1700.0,0.05,0.1,1.0,1968.5380022972822,-0.5111913681030273,-71.64934539794922,17.56556536891078,1.8788790755336642,3.649100757676337,0.03136218394509971,3.649100757676337,0.03136218394509971,-0.5,0.0,1.0,0.0,19.444444444444443,285,279,5.157472133636475,RoadOption.STRAIGHT,-10.19389533996582,-68.1010513305664,3.152007743980875,1.8,0.8,3.5,2.0,8.0,0.6,0.01,0.06,0.5,0.1,0.2,0.35,1.2,12,10.0,14.0,0.9,1.2,0.6,0.01,0.06,0.65,0.3,0.72,0.005,0.38,0.22,0.01,0.14,1.0,0.28
lqr,ground_truth,gentle_curve,1700.0,0.05,0.1,1.0,1968.5880022980273,-1.364514708518982,-71.87108612060547,17.33590835405732,2.1085360903871226,3.8617919596192554,-0.08139126291889198,3.8617919596192554,0.08139126291889198,-0.5,0.0,1.0,0.0,19.444444444444443,286,280,5.4105939865112305,RoadOption.STRAIGHT,-11.193840026855469,-68.11146545410156,3.152007743980875,1.8,0.8,3.5,2.0,8.0,0.6,0.01,0.06,0.5,0.1,0.2,0.35,1.2,12,10.0,14.0,0.9,1.2,0.6,0.01,0.06,0.65,0.3,0.72,0.005,0.38,0.22,0.01,0.14,1.0,0.28
lqr,ground_truth,gentle_curve,1700.0,0.05,0.1,1.0,1968.6380022987723,-2.2208282947540283,-72.04228210449219,17.048833602650937,2.3956108417935056,4.024060227958948,-0.20292142347135034,4.024060227958948,0.20292142347135034,-0.4000000059604645,0.09999999403953552,1.0,0.0,19.444444444444443,287,281,5.626367092132568,RoadOption.STRAIGHT,-12.19378662109375,-68.12187957763672,3.152007743980875,1.8,0.8,3.5,2.0,8.0,0.6,0.01,0.06,0.5,0.1,0.2,0.35,1.2,12,10.0,14.0,0.9,1.2,0.6,0.01,0.06,0.65,0.3,0.72,0.005,0.38,0.22,0.01,0.14,1.0,0.28
lqr,ground_truth,gentle_curve,1700.0,0.05,0.1,1.0,1968.6880022995174,-3.074592113494873,-72.15315246582031,16.729731559976727,2.7147128844677155,4.126033496645928,-0.3283911982243626,4.126033496645928,0.3283911982243626,-0.30000001192092896,0.09999999403953552,1.0,0.0,19.444444444444443,288,282,5.80083703994751,RoadOption.STRAIGHT,-13.193732261657715,-68.13229370117188,3.152007743980875,1.8,0.8,3.5,2.0,8.0,0.6,0.01,0.06,0.5,0.1,0.2,0.35,1.2,12,10.0,14.0,0.9,1.2,0.6,0.01,0.06,0.65,0.3,0.72,0.005,0.38,0.22,0.01,0.14,1.0,0.28
lqr,ground_truth,gentle_curve,1700.0,0.05,0.1,1.0,1968.7380023002625,-3.9200117588043213,-72.19735717773438,16.39922122466345,3.0452232197809934,4.1614316353839556,-0.4551328987139964,4.1614316353839556,0.4551328987139964,-0.20000000298023224,0.10000000894069672,1.0,0.0,19.444444444444443,288,283,5.934982776641846,RoadOption.STRAIGHT,-13.193732261657715,-68.13229370117188,3.152007743980875,1.8,0.8,3.5,2.0,8.0,0.6,0.01,0.06,0.5,0.1,0.2,0.35,1.2,12,10.0,14.0,0.9,1.2,0.6,0.01,0.06,0.65,0.3,0.72,0.005,0.38,0.22,0.01,0.14,1.0,0.28
lqr,ground_truth,gentle_curve,1700.0,0.05,0.1,1.0,1968.7880023010075,-4.751667499542236,-72.18009948730469,16.20784660701896,3.2365978374254816,4.1355132678334865,-0.5728113293818731,4.1355132678334865,0.5728113293818731,-0.10000000149011612,0.10000000149011612,1.0,0.0,19.444444444444443,289,283,5.353916168212891,RoadOption.STRAIGHT,-14.19367790222168,-68.14270782470703,3.152007743980875,1.8,0.8,3.5,2.0,8.0,0.6,0.01,0.06,0.5,0.1,0.2,0.35,1.2,12,10.0,14.0,0.9,1.2,0.6,0.01,0.06,0.65,0.3,0.72,0.005,0.38,0.22,0.01,0.14,1.0,0.28
lqr,ground_truth,gentle_curve,1700.0,0.05,0.1,1.0,1968.8380023017526,-5.104646682739258,-71.98953247070312,8.609309330583649,10.835135113860794,3.941273481623845,-0.36274437838973084,3.941273481623845,0.36274437838973084,-0.20000000298023224,-0.10000000149011612,1.0,0.0,19.444444444444443,290,284,5.650641441345215,RoadOption.STRAIGHT,-15.193623542785645,-68.15312194824219,3.152007743980875,1.8,0.8,3.5,2.0,8.0,0.6,0.01,0.06,0.5,0.1,0.2,0.35,1.2,12,10.0,14.0,0.9,1.2,0.6,0.01,0.06,0.65,0.3,0.72,0.005,0.38,0.22,0.01,0.14,1.0,0.28
lqr,ground_truth,gentle_curve,1700.0,0.05,0.1,1.0,1968.8880023024976,-5.49100923538208,-71.76598358154297,9.015860798450673,10.42858364599377,3.713713576000166,-0.22067245740116448,3.713713576000166,0.22067245740116448,-0.30000001192092896,-0.10000000894069672,1.0,0.0,19.444444444444443,290,285,5.962754726409912,RoadOption.STRAIGHT,-15.193623542785645,-68.15312194824219,3.152007743980875,1.8,0.8,3.5,2.0,8.0,0.6,0.01,0.06,0.5,0.1,0.2,0.35,1.2,12,10.0,14.0,0.9,1.2,0.6,0.01,0.06,0.65,0.3,0.72,0.005,0.38,0.22,0.01,0.14,1.0,0.28
lqr,ground_truth,gentle_curve,1700.0,0.05,0.1,1.0,1968.9380023032427,-5.897497653961182,-71.52704620361328,9.3880480559158,10.056396388528643,3.4705556201295185,-0.1339785744358153,3.4705556201295185,0.1339785744358153,-0.4000000059604645,-0.09999999403953552,1.0,0.0,19.444444444444443,291,285,5.495574951171875,RoadOption.STRAIGHT,-16.19356918334961,-68.16353607177734,3.152007743980875,1.8,0.8,3.5,2.0,8.0,0.6,0.01,0.06,0.5,0.1,0.2,0.35,1.2,12,10.0,14.0,0.9,1.2,0.6,0.01,0.06,0.65,0.3,0.72,0.005,0.38,0.22,0.01,0.14,1.0,0.28
lqr,ground_truth,gentle_curve,1700.0,0.05,0.1,1.0,1968.9880023039877,-6.206418991088867,-71.29904174804688,4.423206638525959,15.021237805918485,3.2393469125672523,-0.0805491713822093,3.2393469125672523,0.0805491713822093,-0.5,-0.09999999403953552,1.0,0.0,19.444444444444443,291,286,5.919305801391602,RoadOption.STRAIGHT,-16.19356918334961,-68.16353607177734,3.152007743980875,1.8,0.8,3.5,2.0,8.0,0.6,0.01,0.06,0.5,0.1,0.2,0.35,1.2,12,10.0,14.0,0.9,1.2,0.6,0.01,0.06,0.65,0.3,0.72,0.005,0.38,0.22,0.01,0.14,1.0,0.28
lqr,ground_truth,gentle_curve,1700.0,0.05,0.1,1.0,1969.0380023047328,-6.101865768432617,-71.12797546386719,2.9274127593785133,16.51703168506593,3.0693788180129182,-0.010517089460831741,3.0693788180129182,0.010517089460831741,-0.5,0.0,1.0,0.0,19.444444444444443,291,286,5.918453216552734,RoadOption.STRAIGHT,-16.19356918334961,-68.16353607177734,3.152007743980875,1.8,0.8,3.5,2.0,8.0,0.6,0.01,0.06,0.5,0.1,0.2,0.35,1.2,12,10.0,14.0,0.9,1.2,0.6,0.01,0.06,0.65,0.3,0.72,0.005,0.38,0.22,0.01,0.14,1.0,0.28
lqr,ground_truth,gentle_curve,1700.0,0.05,0.1,1.0,1969.0880023054779,-6.064364433288574,-71.0328369140625,1.3160898169088642,18.12835462753558,2.974636000930293,0.01868686873686798,2.974636000930293,0.01868686873686798,-0.5,0.0,1.0,0.0,19.444444444444443,291,286,5.903048038482666,RoadOption.STRAIGHT,-16.19356918334961,-68.16353607177734,3.152007743980875,1.8,0.8,3.5,2.0,8.0,0.6,0.01,0.06,0.5,0.1,0.2,0.35,1.2,12,10.0,14.0,0.9,1.2,0.6,0.01,0.06,0.65,0.3,0.72,0.005,0.38,0.22,0.01,0.14,1.0,0.28
lqr,ground_truth,gentle_curve,1700.0,0.05,0.1,1.0,1969.138002306223,-6.0918498039245605,-70.99212646484375,1.2340470013045683,18.210397443139875,2.9336415022621263,0.019000589113279176,2.9336415022621263,0.019000589113279176,-0.5,0.0,1.0,0.0,19.444444444444443,291,286,5.859054088592529,RoadOption.STRAIGHT,-16.19356918334961,-68.16353607177734,3.152007743980875,1.8,0.8,3.5,2.0,8.0,0.6,0.01,0.06,0.5,0.1,0.2,0.35,1.2,12,10.0,14.0,0.9,1.2,0.6,0.01,0.06,0.65,0.3,0.72,0.005,0.38,0.22,0.01,0.14,1.0,0.28
lqr,ground_truth,gentle_curve,1700.0,0.05,0.1,1.0,1969.188002306968,-6.186185836791992,-70.9642333984375,2.4861813726463247,16.958263071798118,2.904767448133368,0.0006572681570311545,2.904767448133368,0.0006572681570311545,-0.5,0.0,1.0,0.0,19.444444444444443,291,286,5.7632365226745605,RoadOption.STRAIGHT,-16.19356918334961,-68.16353607177734,3.152007743980875,1.8,0.8,3.5,2.0,8.0,0.6,0.01,0.06,0.5,0.1,0.2,0.35,1.2,12,10.0,14.0,0.9,1.2,0.6,0.01,0.06,0.65,0.3,0.72,0.005,0.38,0.22,0.01,0.14,1.0,0.28
lqr,ground_truth,gentle_curve,1700.0,0.05,0.1,1.0,1969.238002307713,-6.200199604034424,-70.94842529296875,0.22250085053584148,19.221943593908602,2.888814248028089,-0.003652259118934964,2.888814248028089,0.003652259118934964,-0.5,0.0,1.0,0.0,19.444444444444443,291,286,5.743248462677002,RoadOption.STRAIGHT,-16.19356918334961,-68.16353607177734,3.152007743980875,1.8,0.8,3.5,2.0,8.0,0.6,0.01,0.06,0.5,0.1,0.2,0.35,1.2,12,10.0,14.0,0.9,1.2,0.6,0.01,0.06,0.65,0.3,0.72,0.005,0.38,0.22,0.01,0.14,1.0,0.28
lqr,ground_truth,gentle_curve,1700.0,0.05,0.1,1.0,1969.288002308458,-6.205259323120117,-70.94520568847656,0.0900650148401714,19.354379429604272,2.8855421216772674,-0.002754507515469129,2.8855421216772674,0.002754507515469129,-0.5,0.0,1.0,0.0,19.444444444444443,291,286,5.737270832061768,RoadOption.STRAIGHT,-16.19356918334961,-68.16353607177734,3.152007743980875,1.8,0.8,3.5,2.0,8.0,0.6,0.01,0.06,0.5,0.1,0.2,0.35,1.2,12,10.0,14.0,0.9,1.2,0.6,0.01,0.06,0.65,0.3,0.72,0.005,0.38,0.22,0.01,0.14,1.0,0.28
lqr,ground_truth,gentle_curve,1700.0,0.05,0.1,1.0,1969.3380023092031,-6.2061767578125,-70.94393920898438,0.048635601280172094,19.39580884316427,2.8842661558820732,-0.0021899173643724623,2.8842661558820732,0.0021899173643724623,-0.5,0.0,1.0,0.0,19.444444444444443,291,286,5.73585844039917,RoadOption.STRAIGHT,-16.19356918334961,-68.16353607177734,3.152007743980875,1.8,0.8,3.5,2.0,8.0,0.6,0.01,0.06,0.5,0.1,0.2,0.35,1.2,12,10.0,14.0,0.9,1.2,0.6,0.01,0.06,0.65,0.3,0.72,0.005,0.38,0.22,0.01,0.14,1.0,0.28
lqr,ground_truth,gentle_curve,1700.0,0.05,0.1,1.0,1969.3880023099482,-6.206495761871338,-70.94268035888672,0.020221913330996735,19.424222531113447,2.883004051664079,-0.0015427692194833753,2.883004051664079,0.0015427692194833753,-0.5,0.0,1.0,0.0,19.444444444444443,291,286,5.734963417053223,RoadOption.STRAIGHT,-16.19356918334961,-68.16353607177734,3.152007743980875,1.8,0.8,3.5,2.0,8.0,0.6,0.01,0.06,0.5,0.1,0.2,0.35,1.2,12,10.0,14.0,0.9,1.2,0.6,0.01,0.06,0.65,0.3,0.72,0.005,0.38,0.22,0.01,0.14,1.0,0.28
lqr,ground_truth,gentle_curve,1700.0,0.05,0.1,1.0,1969.4380023106933,-6.206441402435303,-70.94158172607422,0.03186698692660756,19.412577457517834,2.8819060445858518,-0.0010183928008462573,2.8819060445858518,0.0010183928008462573,-0.5,0.0,1.0,0.0,19.444444444444443,291,286,5.73446798324585,RoadOption.STRAIGHT,-16.19356918334961,-68.16353607177734,3.152007743980875,1.8,0.8,3.5,2.0,8.0,0.6,0.01,0.06,0.5,0.1,0.2,0.35,1.2,12,10.0,14.0,0.9,1.2,0.6,0.01,0.06,0.65,0.3,0.72,0.005,0.38,0.22,0.01,0.14,1.0,0.28
lqr,ground_truth,gentle_curve,1700.0,0.05,0.1,1.0,1969.4880023114383,-6.206208229064941,-70.94062805175781,0.028760407200962197,19.41568403724348,2.8809548504712876,-0.0005832322787266975,2.8809548504712876,0.0005832322787266975,-0.5,0.0,1.0,0.0,19.444444444444443,291,286,5.734196662902832,RoadOption.STRAIGHT,-16.19356918334961,-68.16353607177734,3.152007743980875,1.8,0.8,3.5,2.0,8.0,0.6,0.01,0.06,0.5,0.1,0.2,0.35,1.2,12,10.0,14.0,0.9,1.2,0.6,0.01,0.06,0.65,0.3,0.72,0.005,0.38,0.22,0.01,0.14,1.0,0.28
lqr,ground_truth,gentle_curve,1700.0,0.05,0.1,1.0,1969.5380023121834,-6.20581579208374,-70.9395523071289,0.032704025718966134,19.411740418725476,2.8798832513798116,-0.00012596751956017727,2.8798832513798116,0.00012596751956017727,-0.5,0.0,1.0,0.0,19.444444444444443,291,286,5.734002590179443,RoadOption.STRAIGHT,-16.19356918334961,-68.16353607177734,3.152007743980875,1.8,0.8,3.5,2.0,8.0,0.6,0.01,0.06,0.5,0.1,0.2,0.35,1.2,12,10.0,14.0,0.9,1.2,0.6,0.01,0.06,0.65,0.3,0.72,0.005,0.38,0.22,0.01,0.14,1.0,0.28
lqr,ground_truth,gentle_curve,1700.0,0.05,0.1,1.0,1969.5880023129284,-6.205401420593262,-70.93852996826172,0.03154657915212542,19.41289786529232,2.8788652835992767,0.0002993393065251482,2.8788652835992767,0.0002993393065251482,-0.5,0.0,1.0,0.0,19.444444444444443,291,286,5.733854293823242,RoadOption.STRAIGHT,-16.19356918334961,-68.16353607177734,3.152007743980875,1.8,0.8,3.5,2.0,8.0,0.6,0.01,0.06,0.5,0.1,0.2,0.35,1.2,12,10.0,14.0,0.9,1.2,0.6,0.01,0.06,0.65,0.3,0.72,0.005,0.38,0.22,0.01,0.14,1.0,0.28
lqr,ground_truth,gentle_curve,1700.0,0.05,0.1,1.0,1969.6380023136735,-6.205037593841553,-70.9375,0.028425481241843294,19.4160189632026,2.8778391604194966,0.0007257113970471352,2.8778391604194966,0.0007257113970471352,-0.5,0.0,1.0,0.0,19.444444444444443,291,286,5.733658790588379,RoadOption.STRAIGHT,-16.19356918334961,-68.16353607177734,3.152007743980875,1.8,0.8,3.5,2.0,8.0,0.6,0.01,0.06,0.5,0.1,0.2,0.35,1.2,12,10.0,14.0,0.9,1.2,0.6,0.01,0.06,0.65,0.3,0.72,0.005,0.38,0.22,0.01,0.14,1.0,0.28
lqr,ground_truth,gentle_curve,1700.0,0.05,0.1,1.0,1969.6880023144186,-6.204742908477783,-70.93648529052734,0.02512662530807731,19.419317819136367,2.8768275751004087,0.0011523498036769553,2.8768275751004087,0.0011523498036769553,-0.5,0.0,1.0,0.0,19.444444444444443,291,286,5.733412742614746,RoadOption.STRAIGHT,-16.19356918334961,-68.16353607177734,3.152007743980875,1.8,0.8,3.5,2.0,8.0,0.6,0.01,0.06,0.5,0.1,0.2,0.35,1.2,12,10.0,14.0,0.9,1.2,0.6,0.01,0.06,0.65,0.3,0.72,0.005,0.38,0.22,0.01,0.14,1.0,0.28
lqr,ground_truth,gentle_curve,1700.0,0.05,0.1,1.0,1969.7380023151636,-6.20451545715332,-70.93547058105469,0.02244599937141769,19.421998445073026,2.8758152895453835,0.0015789882103085517,2.8758152895453835,0.0015789882103085517,-0.5,0.0,1.0,0.0,19.444444444444443,291,286,5.733108997344971,RoadOption.STRAIGHT,-16.19356918334961,-68.16353607177734,3.152007743980875,1.8,0.8,3.5,2.0,8.0,0.6,0.01,0.06,0.5,0.1,0.2,0.35,1.2,12,10.0,14.0,0.9,1.2,0.6,0.01,0.06,0.65,0.3,0.72,0.005,0.38,0.22,0.01,0.14,1.0,0.28
lqr,ground_truth,gentle_curve,1700.0,0.05,0.1,1.0,1969.7880023159087,-6.204342365264893,-70.9344482421875,0.02049591577323147,19.42394852867121,2.874794808861415,0.0020045613525025985,2.874794808861415,0.0020045613525025985,-0.5,0.0,1.0,0.0,19.444444444444443,291,286,5.732754230499268,RoadOption.STRAIGHT,-16.19356918334961,-68.16353607177734,3.152007743980875,1.8,0.8,3.5,2.0,8.0,0.6,0.01,0.06,0.5,0.1,0.2,0.35,1.2,12,10.0,14.0,0.9,1.2,0.6,0.01,0.06,0.65,0.3,0.72,0.005,0.38,0.22,0.01,0.14,1.0,0.28
lqr,ground_truth,gentle_curve,1700.0,0.05,0.1,1.0,1969.8380023166537,-6.204213619232178,-70.93343353271484,0.019140445015734205,19.42530399942871,2.8737814953004395,0.0024272050174980464,2.8737814953004395,0.0024272050174980464,-0.5,0.0,1.0,0.0,19.444444444444443,291,286,5.732365608215332,RoadOption.STRAIGHT,-16.19356918334961,-68.16353607177734,3.152007743980875,1.8,0.8,3.5,2.0,8.0,0.6,0.01,0.06,0.5,0.1,0.2,0.35,1.2,12,10.0,14.0,0.9,1.2,0.6,0.01,0.06,0.65,0.3,0.72,0.005,0.38,0.22,0.01,0.14,1.0,0.28
lqr,ground_truth,gentle_curve,1700.0,0.05,0.1,1.0,1969.8880023173988,-6.204112529754639,-70.93244934082031,0.01820583831349168,19.42623860613095,2.8727984096221064,0.0028410602508959215,2.8727984096221064,0.0028410602508959215,-0.5,0.0,1.0,0.0,19.444444444444443,291,286,5.731968402862549,RoadOption.STRAIGHT,-16.19356918334961,-68.16353607177734,3.152007743980875,1.8,0.8,3.5,2.0,8.0,0.6,0.01,0.06,0.5,0.1,0.2,0.35,1.2,12,10.0,14.0,0.9,1.2,0.6,0.01,0.06,0.65,0.3,0.72,0.005,0.38,0.22,0.01,0.14,1.0,0.28
lqr,ground_truth,gentle_curve,1700.0,0.05,0.1,1.0,1969.9380023181438,-6.204028606414795,-70.93148040771484,0.01766725076496862,19.426777193679474,2.8718304031216078,0.003247458633242495,2.8718304031216078,0.003247458633242495,-0.5,0.0,1.0,0.0,19.444444444444443,291,286,5.731563568115234,RoadOption.STRAIGHT,-16.19356918334961,-68.16353607177734,3.152007743980875,1.8,0.8,3.5,2.0,8.0,0.6,0.01,0.06,0.5,0.1,0.2,0.35,1.2,12,10.0,14.0,0.9,1.2,0.6,0.01,0.06,0.65,0.3,0.72,0.005,0.38,0.22,0.01,0.14,1.0,0.28
lqr,ground_truth,gentle_curve,1700.0,0.05,0.1,1.0,1969.988002318889,-6.203967094421387,-70.93047332763672,0.01724731801154789,19.427197126432894,2.8708240183054348,0.0036751623043098647,2.8708240183054348,0.0036751623043098647,-0.5,0.0,1.0,0.0,19.444444444444443,291,286,5.73112154006958,RoadOption.STRAIGHT,-16.19356918334961,-68.16353607177734,3.152007743980875,1.8,0.8,3.5,2.0,8.0,0.6,0.01,0.06,0.5,0.1,0.2,0.35,1.2,12,10.0,14.0,0.9,1.2,0.6,0.01,0.06,0.65,0.3,0.72,0.005,0.38,0.22,0.01,0.14,1.0,0.28
lqr,ground_truth,gentle_curve,1700.0,0.05,0.1,1.0,1970.038002319634,-6.203940391540527,-70.92977142333984,0.01562502125888473,19.42881942318556,2.8701224301853268,0.003980094249123489,2.8701224301853268,0.003980094249123489,-0.5,0.0,1.0,0.0,19.444444444444443,291,286,5.730799198150635,RoadOption.STRAIGHT,-16.19356918334961,-68.16353607177734,3.152007743980875,1.8,0.8,3.5,2.0,8.0,0.6,0.01,0.06,0.5,0.1,0.2,0.35,1.2,12,10.0,14.0,0.9,1.2,0.6,0.01,0.06,0.65,0.3,0.72,0.005,0.38,0.22,0.01,0.14,1.0,0.28
lqr,ground_truth,gentle_curve,1700.0,0.05,0.1,1.0,1970.088002320379,-6.203894138336182,-70.92903900146484,0.012873762631687833,19.431570681812754,2.8693905297569673,0.00428422724561095,2.8693905297569673,0.00428422724561095,-0.5,0.0,1.0,0.0,19.444444444444443,291,286,5.730478763580322,RoadOption.STRAIGHT,-16.19356918334961,-68.16353607177734,3.152007743980875,1.8,0.8,3.5,2.0,8.0,0.6,0.01,0.06,0.5,0.1,0.2,0.35,1.2,12,10.0,14.0,0.9,1.2,0.6,0.01,0.06,0.65,0.3,0.72,0.005,0.38,0.22,0.01,0.14,1.0,0.28
lqr,ground_truth,gentle_curve,1700.0,0.05,0.1,1.0,1970.138002321124,-6.203824520111084,-70.9283447265625,0.013080456163828288,19.431363988280616,2.868697017576707,0.004578772862172897,2.868697017576707,0.004578772862172897,-0.5,0.0,1.0,0.0,19.444444444444443,291,286,5.730197906494141,RoadOption.STRAIGHT,-16.19356918334961,-68.16353607177734,3.152007743980875,1.8,0.8,3.5,2.0,8.0,0.6,0.01,0.06,0.5,0.1,0.2,0.35,1.2,12,10.0,14.0,0.9,1.2,0.6,0.01,0.06,0.65,0.3,0.72,0.005,0.38,0.22,0.01,0.14,1.0,0.28
lqr,ground_truth,gentle_curve,1700.0,0.05,0.1,1.0,1970.1880023218691,-6.203760623931885,-70.92764282226562,0.01295079478086688,19.431493649663576,2.8679958168211597,0.004872785846517402,2.8679958168211597,0.004872785846517402,-0.5,0.0,1.0,0.0,19.444444444444443,291,286,5.729907989501953,RoadOption.STRAIGHT,-16.19356918334961,-68.16353607177734,3.152007743980875,1.8,0.8,3.5,2.0,8.0,0.6,0.01,0.06,0.5,0.1,0.2,0.35,1.2,12,10.0,14.0,0.9,1.2,0.6,0.01,0.06,0.65,0.3,0.72,0.005,0.38,0.22,0.01,0.14,1.0,0.28
lqr,ground_truth,gentle_curve,1700.0,0.05,0.1,1.0,1970.2380023226142,-6.203713417053223,-70.92693328857422,0.01279271813714225,19.4316517263073,2.8672868132674427,0.0051705272563893345,2.8672868132674427,0.0051705272563893345,-0.5,0.0,1.0,0.0,19.444444444444443,291,286,5.729599952697754,RoadOption.STRAIGHT,-16.19356918334961,-68.16353607177734,3.152007743980875,1.8,0.8,3.5,2.0,8.0,0.6,0.01,0.06,0.5,0.1,0.2,0.35,1.2,12,10.0,14.0,0.9,1.2,0.6,0.01,0.06,0.65,0.3,0.72,0.005,0.38,0.22,0.01,0.14,1.0,0.28
lqr,ground_truth,gentle_curve,1700.0,0.05,0.1,1.0,1970.2880023233593,-6.203681468963623,-70.92620849609375,0.012685502144408611,19.431758942300036,2.8665623928334525,0.00547173077567642,2.8665623928334525,0.00547173077567642,-0.5,0.0,1.0,0.0,19.444444444444443,291,286,5.729270935058594,RoadOption.STRAIGHT,-16.19356918334961,-68.16353607177734,3.152007743980875,1.8,0.8,3.5,2.0,8.0,0.6,0.01,0.06,0.5,0.1,0.2,0.35,1.2,12,10.0,14.0,0.9,1.2,0.6,0.01,0.06,0.65,0.3,0.72,0.005,0.38,0.22,0.01,0.14,1.0,0.28
lqr,ground_truth,gentle_curve,1700.0,0.05,0.1,1.0,1970.3380023241043,-6.2036638259887695,-70.92547607421875,0.012695583816100194,19.431748860628343,2.865830194432354,0.00577613008827349,2.865830194432354,0.00577613008827349,-0.5,0.0,1.0,0.0,19.444444444444443,291,286,5.728926658630371,RoadOption.STRAIGHT,-16.19356918334961,-68.16353607177734,3.152007743980875,1.8,0.8,3.5,2.0,8.0,0.6,0.01,0.06,0.5,0.1,0.2,0.35,1.2,12,10.0,14.0,0.9,1.2,0.6,0.01,0.06,0.65,0.3,0.72,0.005,0.38,0.22,0.01,0.14,1.0,0.28
lqr,ground_truth,gentle_curve,1700.0,0.05,0.1,1.0,1970.3880023248494,-6.203657627105713,-70.92473602294922,0.012700044031391074,19.431744400413052,2.865090247861421,0.006084790458613654,2.865090247861421,0.006084790458613654,-0.5,0.0,1.0,0.0,19.444444444444443,291,286,5.7285685539245605,RoadOption.STRAIGHT,-16.19356918334961,-68.16353607177734,3.152007743980875,1.8,0.8,3.5,2.0,8.0,0.6,0.01,0.06,0.5,0.1,0.2,0.35,1.2,12,10.0,14.0,0.9,1.2,0.6,0.01,0.06,0.65,0.3,0.72,0.005,0.38,0.22,0.01,0.14,1.0,0.28
lqr,ground_truth,gentle_curve,1700.0,0.05,0.1,1.0,1970.4380023255944,-6.2036662101745605,-70.9239501953125,0.01479689025741612,19.429647554187028,2.864304373453471,0.0064115603243664054,2.864304373453471,0.0064115603243664054,-0.5,0.0,1.0,0.0,19.444444444444443,291,286,5.728175163269043,RoadOption.STRAIGHT,-16.19356918334961,-68.16353607177734,3.152007743980875,1.8,0.8,3.5,2.0,8.0,0.6,0.01,0.06,0.5,0.1,0.2,0.35,1.2,12,10.0,14.0,0.9,1.2,0.6,0.01,0.06,0.65,0.3,0.72,0.005,0.38,0.22,0.01,0.14,1.0,0.28
lqr,ground_truth,gentle_curve,1700.0,0.05,0.1,1.0,1970.4880023263395,-6.20366096496582,-70.92364501953125,0.0018991461012620554,19.44254529834318,2.863999268852242,0.006555637339339171,2.863999268852242,0.006555637339339171,-0.5,0.0,1.0,0.0,19.444444444444443,291,286,5.728029727935791,RoadOption.STRAIGHT,-16.19356918334961,-68.16353607177734,3.152007743980875,1.8,0.8,3.5,2.0,8.0,0.6,0.01,0.06,0.5,0.1,0.2,0.35,1.2,12,10.0,14.0,0.9,1.2,0.6,0.01,0.06,0.65,0.3,0.72,0.005,0.38,0.22,0.01,0.14,1.0,0.28
lqr,ground_truth,gentle_curve,1700.0,0.05,0.1,1.0,1970.5380023270845,-6.203666687011719,-70.92311096191406,0.007642162946222797,19.43680228149822,2.8634651806059566,0.00676522811712843,2.8634651806059566,0.00676522811712843,-0.5,0.0,1.0,0.0,19.444444444444443,291,286,5.727762699127197,RoadOption.STRAIGHT,-16.19356918334961,-68.16353607177734,3.152007743980875,1.8,0.8,3.5,2.0,8.0,0.6,0.01,0.06,0.5,0.1,0.2,0.35,1.2,12,10.0,14.0,0.9,1.2,0.6,0.01,0.06,0.65,0.3,0.72,0.005,0.38,0.22,0.01,0.14,1.0,0.28
lqr,ground_truth,gentle_curve,1700.0,0.05,0.1,1.0,1970.5880023278296,-6.203672409057617,-70.92267608642578,0.0071918909189951285,19.437252553525447,2.8630302691092795,0.006945790439035093,2.8630302691092795,0.006945790439035093,-0.5,0.0,1.0,0.0,19.444444444444443,291,286,5.72754430770874,RoadOption.STRAIGHT,-16.19356918334961,-68.16353607177734,3.152007743980875,1.8,0.8,3.5,2.0,8.0,0.6,0.01,0.06,0.5,0.1,0.2,0.35,1.2,12,10.0,14.0,0.9,1.2,0.6,0.01,0.06,0.65,0.3,0.72,0.005,0.38,0.22,0.01,0.14,1.0,0.28
lqr,ground_truth,gentle_curve,1700.0,0.05,0.1,1.0,1970.6380023285747,-6.203680992126465,-70.9222412109375,0.007608768889291957,19.43683567555515,2.862595327815329,0.0071298148703604625,2.862595327815329,0.0071298148703604625,-0.5,0.0,1.0,0.0,19.444444444444443,291,286,5.727323055267334,RoadOption.STRAIGHT,-16.19356918334961,-68.16353607177734,3.152007743980875,1.8,0.8,3.5,2.0,8.0,0.6,0.01,0.06,0.5,0.1,0.2,0.35,1.2,12,10.0,14.0,0.9,1.2,0.6,0.01,0.06,0.65,0.3,0.72,0.005,0.38,0.22,0.01,0.14,1.0,0.28
lqr,ground_truth,gentle_curve,1700.0,0.05,0.1,1.0,1970.6880023293197,-6.203690052032471,-70.92179870605469,0.00741720713176808,19.437027237312673,2.8621527525744264,0.007314371933903274,2.8621527525744264,0.007314371933903274,-0.5,0.0,1.0,0.0,19.444444444444443,291,286,5.727097988128662,RoadOption.STRAIGHT,-16.19356918334961,-68.16353607177734,3.152007743980875,1.8,0.8,3.5,2.0,8.0,0.6,0.01,0.06,0.5,0.1,0.2,0.35,1.2,12,10.0,14.0,0.9,1.2,0.6,0.01,0.06,0.65,0.3,0.72,0.005,0.38,0.22,0.01,0.14,1.0,0.28
lqr,ground_truth,gentle_curve,1700.0,0.05,0.1,1.0,1970.7380023300648,-6.203701019287109,-70.92134857177734,0.007575761288392996,19.43686868315605,2.861702528487936,0.007502391106862127,2.861702528487936,0.007502391106862127,-0.5,0.0,1.0,0.0,19.444444444444443,291,286,5.72686767578125,RoadOption.STRAIGHT,-16.19356918334961,-68.16353607177734,3.152007743980875,1.8,0.8,3.5,2.0,8.0,0.6,0.01,0.06,0.5,0.1,0.2,0.35,1.2,12,10.0,14.0,0.9,1.2,0.6,0.01,0.06,0.65,0.3,0.72,0.005,0.38,0.22,0.01,0.14,1.0,0.28
lqr,ground_truth,gentle_curve,1700.0,0.05,0.1,1.0,1970.7880023308098,-6.203713417053223,-70.92089080810547,0.007914027735878137,19.436530416708564,2.861244660522069,0.007692540808694304,2.861244660522069,0.007692540808694304,-0.5,0.0,1.0,0.0,19.444444444444443,291,286,5.726632595062256,RoadOption.STRAIGHT,-16.19356918334961,-68.16353607177734,3.152007743980875,1.8,0.8,3.5,2.0,8.0,0.6,0.01,0.06,0.5,0.1,0.2,0.35,1.2,12,10.0,14.0,0.9,1.2,0.6,0.01,0.06,0.65,0.3,0.72,0.005,0.38,0.22,0.01,0.14,1.0,0.28
lqr,ground_truth,gentle_curve,1700.0,0.05,0.1,1.0,1970.838002331555,-6.2037248611450195,-70.92044067382812,0.007992376509150495,19.436452067935292,2.860794431469366,0.007880293665544436,2.860794431469366,0.007880293665544436,-0.5,0.0,1.0,0.0,19.444444444444443,291,286,5.7264018058776855,RoadOption.STRAIGHT,-16.19356918334961,-68.16353607177734,3.152007743980875,1.8,0.8,3.5,2.0,8.0,0.6,0.01,0.06,0.5,0.1,0.2,0.35,1.2,12,10.0,14.0,0.9,1.2,0.6,0.01,0.06,0.65,0.3,0.72,0.005,0.38,0.22,0.01,0.14,1.0,0.28
lqr,ground_truth,gentle_curve,1700.0,0.05,0.1,1.0,1970.8880023323,-6.2037353515625,-70.91999816894531,0.007896086411722283,19.43654835803272,2.860351841329827,0.008067780206285846,2.860351841329827,0.008067780206285846,-0.5,0.0,1.0,0.0,19.444444444444443,291,286,5.726175308227539,RoadOption.STRAIGHT,-16.19356918334961,-68.16353607177734,3.152007743980875,1.8,0.8,3.5,2.0,8.0,0.6,0.01,0.06,0.5,0.1,0.2,0.35,1.2,12,10.0,14.0,0.9,1.2,0.6,0.01,0.06,0.65,0.3,0.72,0.005,0.38,0.22,0.01,0.14,1.0,0.28
lqr,ground_truth,gentle_curve,1700.0,0.05,0.1,1.0,1970.938002333045,-6.203746795654297,-70.91954803466797,0.0072560803801826985,19.43718836406426,2.8599016122771235,0.008254467798700205,2.8599016122771235,0.008254467798700205,-0.5,0.0,1.0,0.0,19.444444444444443,291,286,5.725944519042969,RoadOption.STRAIGHT,-16.19356918334961,-68.16353607177734,3.152007743980875,1.8,0.8,3.5,2.0,8.0,0.6,0.01,0.06,0.5,0.1,0.2,0.35,1.2,12,10.0,14.0,0.9,1.2,0.6,0.01,0.06,0.65,0.3,0.72,0.005,0.38,0.22,0.01,0.14,1.0,0.28
lqr,ground_truth,gentle_curve,1700.0,0.05,0.1,1.0,1970.98800233379,-6.2037577629089355,-70.91911315917969,0.007740441981415568,19.436704002463028,2.859466646152111,0.008435562752826087,2.859466646152111,0.008435562752826087,-0.5,0.0,1.0,0.0,19.444444444444443,291,286,5.725722312927246,RoadOption.STRAIGHT,-16.19356918334961,-68.16353607177734,3.152007743980875,1.8,0.8,3.5,2.0,8.0,0.6,0.01,0.06,0.5,0.1,0.2,0.35,1.2,12,10.0,14.0,0.9,1.2,0.6,0.01,0.06,0.65,0.3,0.72,0.005,0.38,0.22,0.01,0.14,1.0,0.28
lqr,ground_truth,gentle_curve,1700.0,0.05,0.1,1.0,1971.0380023345351,-6.203768730163574,-70.91867065429688,0.0077923774559188475,19.436652066988525,2.85902405104636,0.008621451396913393,2.85902405104636,0.008621451396913393,-0.5,0.0,1.0,0.0,19.444444444444443,291,286,5.725495338439941,RoadOption.STRAIGHT,-16.19356918334961,-68.16353607177734,3.152007743980875,1.8,0.8,3.5,2.0,8.0,0.6,0.01,0.06,0.5,0.1,0.2,0.35,1.2,12,10.0,14.0,0.9,1.2,0.6,0.01,0.06,0.65,0.3,0.72,0.005,0.38,0.22,0.01,0.14,1.0,0.28
lqr,ground_truth,gentle_curve,1700.0,0.05,0.1,1.0,1971.0880023352802,-6.203779220581055,-70.91822814941406,0.007435444147714491,19.43700900029673,2.8585814609068203,0.008806541092674536,2.8585814609068203,0.008806541092674536,-0.5,0.0,1.0,0.0,19.444444444444443,291,286,5.725269794464111,RoadOption.STRAIGHT,-16.19356918334961,-68.16353607177734,3.152007743980875,1.8,0.8,3.5,2.0,8.0,0.6,0.01,0.06,0.5,0.1,0.2,0.35,1.2,12,10.0,14.0,0.9,1.2,0.6,0.01,0.06,0.65,0.3,0.72,0.005,0.38,0.22,0.01,0.14,1.0,0.28
lqr,ground_truth,gentle_curve,1700.0,0.05,0.1,1.0,1971.1380023360252,-6.203787803649902,-70.91779327392578,0.0075329901560451966,19.4369114542884,2.8581465196128697,0.008985771834035816,2.8581465196128697,0.008985771834035816,-0.5,0.0,1.0,0.0,19.444444444444443,291,286,5.725049018859863,RoadOption.STRAIGHT,-16.19356918334961,-68.16353607177734,3.152007743980875,1.8,0.8,3.5,2.0,8.0,0.6,0.01,0.06,0.5,0.1,0.2,0.35,1.2,12,10.0,14.0,0.9,1.2,0.6,0.01,0.06,0.65,0.3,0.72,0.005,0.38,0.22,0.01,0.14,1.0,0.28
lqr,ground_truth,gentle_curve,1700.0,0.05,0.1,1.0,1971.1880023367703,-6.203798294067383,-70.9173583984375,0.007340116501563436,19.43710432794288,2.8577115584540693,0.009170062581469907,2.8577115584540693,0.009170062581469907,-0.5,0.0,1.0,0.0,19.444444444444443,291,286,5.724826812744141,RoadOption.STRAIGHT,-16.19356918334961,-68.16353607177734,3.152007743980875,1.8,0.8,3.5,2.0,8.0,0.6,0.01,0.06,0.5,0.1,0.2,0.35,1.2,12,10.0,14.0,0.9,1.2,0.6,0.01,0.06,0.65,0.3,0.72,0.005,0.38,0.22,0.01,0.14,1.0,0.28
lqr,ground_truth,gentle_curve,1700.0,0.05,0.1,1.0,1971.2380023375154,-6.203807353973389,-70.91691589355469,0.0072417187916917055,19.43720272565275,2.8572689832131672,0.009355152277230161,2.8572689832131672,0.009355152277230161,-0.5,0.0,1.0,0.0,19.444444444444443,291,286,5.724602222442627,RoadOption.STRAIGHT,-16.19356918334961,-68.16353607177734,3.152007743980875,1.8,0.8,3.5,2.0,8.0,0.6,0.01,0.06,0.5,0.1,0.2,0.35,1.2,12,10.0,14.0,0.9,1.2,0.6,0.01,0.06,0.65,0.3,0.72,0.005,0.38,0.22,0.01,0.14,1.0,0.28
lqr,ground_truth,gentle_curve,1700.0,0.05,0.1,1.0,1971.2880023382604,-6.203818321228027,-70.91647338867188,0.0078454103647145,19.436599034079727,2.8568263881074154,0.009539443024664251,2.8568263881074154,0.009539443024664251,-0.5,0.0,1.0,0.0,19.444444444444443,291,286,5.724375247955322,RoadOption.STRAIGHT,-16.19356918334961,-68.16353607177734,3.152007743980875,1.8,0.8,3.5,2.0,8.0,0.6,0.01,0.06,0.5,0.1,0.2,0.35,1.2,12,10.0,14.0,0.9,1.2,0.6,0.01,0.06,0.65,0.3,0.72,0.005,0.38,0.22,0.01,0.14,1.0,0.28
